2026.05.26,23:00:00,0.717051,0.717103,0.717051,0.717051,100.0000
2026.05.26,23:15:00,0.717103,0.717206,0.717051,0.717206,100.0000
2026.05.26,23:30:00,0.717257,0.717566,0.717257,0.717566,100.0000
2026.05.26,23:45:00,0.717618,0.717618,0.717360,0.717360,100.0000
2026.05.27,00:00:00,0.717360,0.717412,0.717206,0.717412,100.0000
2026.05.27,00:15:00,0.717412,0.717618,0.717309,0.717618,100.0000
2026.05.27,00:30:00,0.717772,0.718030,0.717772,0.718030,100.0000
2026.05.27,00:45:00,0.718133,0.718184,0.717721,0.717721,100.0000
2026.05.27,01:00:00,0.717875,0.718030,0.717772,0.717978,100.0000
2026.05.27,01:15:00,0.717978,0.718081,0.717824,0.717824,100.0000
2026.05.27,01:30:00,0.717103,0.717103,0.716127,0.716332,100.0000
2026.05.27,01:45:00,0.716076,0.716076,0.715768,0.715820,100.0000
2026.05.27,02:00:00,0.716076,0.716640,0.716076,0.716384,100.0000
2026.05.27,02:15:00,0.716435,0.716435,0.716025,0.716127,100.0000
2026.05.27,02:30:00,0.715973,0.716281,0.715973,0.716127,100.0000
2026.05.27,02:45:00,0.716230,0.716640,0.716230,0.716384,100.0000
2026.05.27,03:00:00,0.716435,0.716846,0.716435,0.716486,100.0000
2026.05.27,03:15:00,0.716435,0.716538,0.716281,0.716332,100.0000
2026.05.27,03:30:00,0.716486,0.716486,0.716076,0.716076,100.0000
2026.05.27,03:45:00,0.716178,0.716281,0.716025,0.716281,100.0000
2026.05.27,04:00:00,0.716281,0.716538,0.716127,0.716538,100.0000
2026.05.27,04:15:00,0.716435,0.716538,0.716332,0.716332,100.0000
2026.05.27,04:30:00,0.716281,0.716435,0.716230,0.716435,100.0000
2026.05.27,04:45:00,0.716538,0.716640,0.716281,0.716281,100.0000
2026.05.27,05:00:00,0.716281,0.716435,0.716178,0.716435,100.0000
2026.05.27,05:15:00,0.716281,0.716384,0.716230,0.716281,100.0000
2026.05.27,05:30:00,0.716435,0.716435,0.715973,0.716025,100.0000
2026.05.27,05:45:00,0.716076,0.716076,0.715871,0.716025,100.0000
2026.05.27,06:00:00,0.715768,0.715768,0.715410,0.715410,100.0000
2026.05.27,06:15:00,0.715410,0.715410,0.715001,0.715256,100.0000
2026.05.27,06:30:00,0.715256,0.715512,0.715205,0.715461,100.0000
2026.05.27,06:45:00,0.715410,0.715563,0.714950,0.714950,100.0000
2026.05.27,07:00:00,0.715001,0.715154,0.714847,0.714847,100.0000
2026.05.27,07:15:00,0.714847,0.715001,0.714643,0.714847,100.0000
2026.05.27,07:30:00,0.714541,0.714745,0.714286,0.714388,100.0000
2026.05.27,07:45:00,0.714490,0.714490,0.714082,0.714082,100.0000
2026.05.27,08:00:00,0.714031,0.714286,0.713980,0.713980,100.0000
2026.05.27,08:15:00,0.714031,0.714133,0.713827,0.713980,100.0000
2026.05.27,08:30:00,0.714082,0.714235,0.714082,0.714184,100.0000
2026.05.27,08:45:00,0.714133,0.714388,0.714133,0.714388,100.0000
2026.05.27,09:00:00,0.714235,0.714439,0.714235,0.714439,100.0000
2026.05.27,09:15:00,0.714592,0.714796,0.714592,0.714643,100.0000
2026.05.27,09:30:00,0.714694,0.714796,0.714541,0.714541,100.0000
2026.05.27,09:45:00,0.714592,0.714796,0.714439,0.714694,100.0000
2026.05.27,10:00:00,0.714490,0.714694,0.714490,0.714541,100.0000
2026.05.27,10:15:00,0.714490,0.714490,0.714133,0.714133,100.0000
2026.05.27,10:30:00,0.714184,0.714337,0.714082,0.714082,100.0000
2026.05.27,10:45:00,0.713929,0.713929,0.713521,0.713521,100.0000
2026.05.27,11:00:00,0.713725,0.713827,0.713470,0.713674,100.0000
2026.05.27,11:15:00,0.713623,0.713674,0.713369,0.713369,100.0000
2026.05.27,11:30:00,0.713267,0.713572,0.713216,0.713572,100.0000
2026.05.27,11:45:00,0.713521,0.713521,0.713318,0.713470,100.0000
2026.05.27,12:00:00,0.713470,0.713470,0.712911,0.712911,100.0000
2026.05.27,12:15:00,0.712758,0.714796,0.712758,0.714592,100.0000
2026.05.27,12:30:00,0.715103,0.715103,0.714235,0.714235,100.0000
2026.05.27,12:45:00,0.713929,0.714082,0.713878,0.713929,100.0000
2026.05.27,13:00:00,0.713827,0.714031,0.713776,0.713827,100.0000
2026.05.27,13:15:00,0.713623,0.713776,0.713521,0.713521,100.0000
2026.05.27,13:30:00,0.713470,0.713929,0.713369,0.713572,100.0000
2026.05.27,13:45:00,0.713674,0.713776,0.713623,0.713725,100.0000
2026.05.27,14:00:00,0.713980,0.713980,0.713623,0.713929,100.0000
2026.05.27,14:15:00,0.714133,0.714337,0.713674,0.713776,100.0000
2026.05.27,14:30:00,0.713980,0.714133,0.713216,0.713776,100.0000
2026.05.27,14:45:00,0.714082,0.714082,0.712962,0.712962,100.0000
2026.05.27,15:00:00,0.712911,0.713878,0.712911,0.713878,100.0000
2026.05.27,15:15:00,0.713827,0.713980,0.713725,0.713980,100.0000
2026.05.27,15:30:00,0.713878,0.714082,0.713674,0.713674,100.0000
2026.05.27,15:45:00,0.713674,0.713725,0.713419,0.713725,100.0000
2026.05.27,16:00:00,0.713827,0.713878,0.713623,0.713878,100.0000
2026.05.27,16:15:00,0.713980,0.714235,0.713980,0.714031,100.0000
2026.05.27,16:30:00,0.713980,0.714184,0.713980,0.714184,100.0000
2026.05.27,16:45:00,0.714235,0.714337,0.714184,0.714184,100.0000
2026.05.27,17:00:00,0.714133,0.714133,0.713470,0.713521,100.0000
2026.05.27,17:15:00,0.713725,0.713725,0.713521,0.713521,100.0000
2026.05.27,17:30:00,0.713572,0.713776,0.713572,0.713674,100.0000
2026.05.27,17:45:00,0.713725,0.713929,0.713725,0.713878,100.0000
2026.05.27,18:00:00,0.713725,0.713725,0.713623,0.713623,100.0000
2026.05.27,18:15:00,0.713674,0.713878,0.713674,0.713878,100.0000
2026.05.27,18:30:00,0.713929,0.714031,0.713776,0.714031,100.0000
2026.05.27,18:45:00,0.713980,0.714184,0.713980,0.714184,100.0000
2026.05.27,19:00:00,0.714133,0.714439,0.714133,0.714388,100.0000
2026.05.27,19:15:00,0.714388,0.714388,0.714286,0.714286,100.0000
2026.05.27,19:30:00,0.714286,0.714439,0.714235,0.714337,100.0000
2026.05.27,19:45:00,0.714337,0.714388,0.714286,0.714337,100.0000
2026.05.27,20:00:00,0.714439,0.714490,0.714439,0.714490,100.0000
2026.05.27,20:15:00,0.714490,0.714541,0.714439,0.714439,100.0000
2026.05.27,20:30:00,0.714490,0.714490,0.714337,0.714388,100.0000
2026.05.27,20:45:00,0.714337,0.714439,0.714337,0.714439,100.0000
2026.05.27,21:00:00,0.714439,0.714541,0.714286,0.714337,100.0000
2026.05.27,21:15:00,0.714286,0.714286,0.714133,0.714235,100.0000
2026.05.27,21:30:00,0.714235,0.714490,0.714235,0.714286,100.0000
2026.05.27,21:45:00,0.714286,0.714286,0.713827,0.714184,100.0000
2026.05.27,22:00:00,0.714388,0.714541,0.714337,0.714490,100.0000
2026.05.27,22:15:00,0.714490,0.714541,0.714439,0.714439,100.0000
2026.05.27,22:30:00,0.714337,0.714439,0.714337,0.714439,100.0000
2026.05.27,22:45:00,0.714439,0.714490,0.714388,0.714439,100.0000
2026.05.27,23:00:00,0.714388,0.714541,0.714388,0.714541,100.0000
2026.05.27,23:15:00,0.714592,0.714643,0.714133,0.714184,100.0000
2026.05.27,23:30:00,0.714133,0.714184,0.713878,0.713980,100.0000
2026.05.27,23:45:00,0.713878,0.713929,0.713521,0.713674,100.0000
2026.05.28,00:00:00,0.713369,0.713470,0.713267,0.713419,100.0000
2026.05.28,00:15:00,0.713369,0.713776,0.713369,0.713674,100.0000
2026.05.28,00:30:00,0.713267,0.713369,0.713216,0.713216,100.0000
2026.05.28,00:45:00,0.713216,0.713318,0.713114,0.713318,100.0000
2026.05.28,01:00:00,0.713318,0.713521,0.713318,0.713318,100.0000
2026.05.28,01:15:00,0.713318,0.713318,0.712809,0.712809,100.0000
2026.05.28,01:30:00,0.712809,0.712809,0.712301,0.712454,100.0000
2026.05.28,01:45:00,0.712301,0.712504,0.712149,0.712200,100.0000
2026.05.28,02:00:00,0.712251,0.712555,0.712200,0.712555,100.0000
2026.05.28,02:15:00,0.712555,0.712708,0.712504,0.712657,100.0000
2026.05.28,02:30:00,0.712809,0.712809,0.712454,0.712454,100.0000
2026.05.28,02:45:00,0.712352,0.712657,0.712352,0.712657,100.0000
2026.05.28,03:00:00,0.712758,0.712911,0.712048,0.712048,100.0000
2026.05.28,03:15:00,0.711794,0.711794,0.711440,0.711592,100.0000
2026.05.28,03:30:00,0.711339,0.711339,0.710631,0.710631,100.0000
2026.05.28,03:45:00,0.710732,0.710732,0.710278,0.710480,100.0000
2026.05.28,04:00:00,0.710631,0.710682,0.710177,0.710682,100.0000
2026.05.28,04:15:00,0.710631,0.710631,0.710227,0.710227,100.0000
2026.05.28,04:30:00,0.710328,0.710581,0.710328,0.710480,100.0000
2026.05.28,04:45:00,0.710379,0.710732,0.710379,0.710631,100.0000
2026.05.28,05:00:00,0.710530,0.710985,0.710480,0.710985,100.0000
2026.05.28,05:15:00,0.710884,0.711592,0.710884,0.711592,100.0000
2026.05.28,05:30:00,0.711693,0.712099,0.711693,0.711693,100.0000
2026.05.28,05:45:00,0.711845,0.712301,0.711845,0.711997,100.0000
2026.05.28,06:00:00,0.711845,0.712454,0.711845,0.712454,100.0000
2026.05.28,06:15:00,0.712403,0.712860,0.712403,0.712555,100.0000
2026.05.28,06:30:00,0.712454,0.712555,0.712352,0.712352,100.0000
2026.05.28,06:45:00,0.712352,0.712504,0.712301,0.712403,100.0000
2026.05.28,07:00:00,0.712555,0.712809,0.712504,0.712809,100.0000
2026.05.28,07:15:00,0.712606,0.712911,0.712555,0.712555,100.0000
2026.05.28,07:30:00,0.712555,0.712555,0.712099,0.712251,100.0000
2026.05.28,07:45:00,0.712301,0.712504,0.712251,0.712352,100.0000
2026.05.28,08:00:00,0.712555,0.712606,0.712149,0.712149,100.0000
2026.05.28,08:15:00,0.712099,0.712200,0.711693,0.711693,100.0000
2026.05.28,08:30:00,0.711896,0.711997,0.711794,0.711845,100.0000
2026.05.28,08:45:00,0.711896,0.712149,0.711896,0.711997,100.0000
2026.05.28,09:00:00,0.711997,0.712352,0.711946,0.712352,100.0000
2026.05.28,09:15:00,0.712403,0.712606,0.712352,0.712555,100.0000
2026.05.28,09:30:00,0.712555,0.712555,0.712200,0.712352,100.0000
2026.05.28,09:45:00,0.712301,0.712454,0.712200,0.712251,100.0000
2026.05.28,10:00:00,0.712251,0.712403,0.712099,0.712403,100.0000
2026.05.28,10:15:00,0.712555,0.712555,0.712149,0.712301,100.0000
2026.05.28,10:30:00,0.712251,0.712251,0.711491,0.711491,100.0000
2026.05.28,10:45:00,0.711744,0.711845,0.711389,0.711592,100.0000
2026.05.28,11:00:00,0.711592,0.711845,0.711592,0.711693,100.0000
2026.05.28,11:15:00,0.711845,0.711946,0.711794,0.711794,100.0000
2026.05.28,11:30:00,0.711997,0.712048,0.711896,0.712048,100.0000
2026.05.28,11:45:00,0.711997,0.712099,0.711845,0.712099,100.0000
2026.05.28,12:00:00,0.712099,0.712352,0.712099,0.712352,100.0000
2026.05.28,12:15:00,0.712251,0.712454,0.712200,0.712301,100.0000
2026.05.28,12:30:00,0.712657,0.713216,0.712504,0.713165,100.0000
2026.05.28,12:45:00,0.713216,0.713572,0.713165,0.713318,100.0000
2026.05.28,13:00:00,0.713623,0.713674,0.712962,0.712962,100.0000
2026.05.28,13:15:00,0.713012,0.713318,0.713012,0.713165,100.0000
2026.05.28,13:30:00,0.713114,0.713114,0.713012,0.713114,100.0000
2026.05.28,13:45:00,0.713267,0.713318,0.712809,0.713012,100.0000
2026.05.28,14:00:00,0.712962,0.715205,0.712860,0.715205,100.0000
2026.05.28,14:15:00,0.714643,0.715410,0.714643,0.715359,100.0000
2026.05.28,14:30:00,0.715820,0.715820,0.714847,0.715410,100.0000
2026.05.28,14:45:00,0.715666,0.715666,0.714643,0.715001,100.0000
2026.05.28,15:00:00,0.715410,0.716178,0.715410,0.716178,100.0000
2026.05.28,15:15:00,0.716076,0.716332,0.716076,0.716230,100.0000
2026.05.28,15:30:00,0.716178,0.716332,0.716076,0.716230,100.0000
2026.05.28,15:45:00,0.716230,0.716230,0.716076,0.716076,100.0000
2026.05.28,16:00:00,0.716076,0.716486,0.716025,0.716332,100.0000
2026.05.28,16:15:00,0.716486,0.717103,0.716486,0.716949,100.0000
2026.05.28,16:30:00,0.717051,0.717051,0.716794,0.716897,100.0000
2026.05.28,16:45:00,0.716846,0.717051,0.716743,0.717000,100.0000
2026.05.28,17:00:00,0.717051,0.717051,0.716846,0.716846,100.0000
2026.05.28,17:15:00,0.716794,0.716794,0.716692,0.716692,100.0000
2026.05.28,17:30:00,0.716743,0.716897,0.716743,0.716794,100.0000
2026.05.28,17:45:00,0.716897,0.716897,0.716794,0.716794,100.0000
2026.05.28,18:00:00,0.716743,0.716949,0.716692,0.716692,100.0000
2026.05.28,18:15:00,0.716846,0.716846,0.716486,0.716486,100.0000
2026.05.28,18:30:00,0.716435,0.716435,0.716384,0.716384,100.0000
2026.05.28,18:45:00,0.716384,0.716692,0.716384,0.716640,100.0000
2026.05.28,19:00:00,0.716486,0.716640,0.716435,0.716435,100.0000
2026.05.28,19:15:00,0.716538,0.716640,0.716538,0.716640,100.0000
2026.05.28,19:30:00,0.716794,0.716846,0.716743,0.716743,100.0000
2026.05.28,19:45:00,0.716692,0.716794,0.716538,0.716538,100.0000
2026.05.28,20:00:00,0.716384,0.716589,0.716384,0.716538,100.0000
2026.05.28,20:15:00,0.716538,0.716589,0.716384,0.716486,100.0000
2026.05.28,20:30:00,0.716486,0.716486,0.716486,0.716486,100.0000
2026.05.28,20:45:00,0.716486,0.716538,0.716486,0.716538,100.0000
2026.05.28,21:00:00,0.716743,0.716743,0.716281,0.716692,100.0000
2026.05.28,21:15:00,0.716538,0.716640,0.716384,0.716486,100.0000
2026.05.28,21:30:00,0.716486,0.716486,0.716332,0.716486,100.0000
2026.05.28,21:45:00,0.716486,0.716538,0.716230,0.716538,100.0000
2026.05.28,22:00:00,0.716692,0.716692,0.716640,0.716640,100.0000
2026.05.28,22:15:00,0.716589,0.716640,0.716589,0.716640,100.0000
2026.05.28,22:30:00,0.716589,0.716589,0.716538,0.716589,100.0000
2026.05.28,22:45:00,0.716589,0.716589,0.716486,0.716486,100.0000
2026.05.28,23:00:00,0.716589,0.716743,0.716589,0.716692,100.0000
2026.05.28,23:15:00,0.716589,0.716640,0.716538,0.716589,100.0000
2026.05.28,23:30:00,0.716486,0.716692,0.716486,0.716640,100.0000
2026.05.28,23:45:00,0.716538,0.716589,0.716435,0.716589,100.0000
2026.05.29,00:00:00,0.716589,0.716743,0.716589,0.716640,100.0000
2026.05.29,00:15:00,0.716640,0.716949,0.716640,0.716794,100.0000
2026.05.29,00:30:00,0.716692,0.716692,0.716127,0.716281,100.0000
2026.05.29,00:45:00,0.716281,0.716332,0.716178,0.716230,100.0000
2026.05.29,01:00:00,0.716384,0.716589,0.716076,0.716589,100.0000
2026.05.29,01:15:00,0.716794,0.716794,0.716640,0.716692,100.0000
2026.05.29,01:30:00,0.716538,0.716692,0.716538,0.716640,100.0000
2026.05.29,01:45:00,0.716589,0.716589,0.716281,0.716332,100.0000
2026.05.29,02:00:00,0.716332,0.716332,0.716127,0.716230,100.0000
2026.05.29,02:15:00,0.716230,0.716230,0.715922,0.715922,100.0000
2026.05.29,02:30:00,0.715973,0.716281,0.715973,0.716281,100.0000
2026.05.29,02:45:00,0.716538,0.716538,0.716025,0.716025,100.0000
2026.05.29,03:00:00,0.715973,0.715973,0.715717,0.715820,100.0000
2026.05.29,03:15:00,0.715820,0.715922,0.715768,0.715768,100.0000
2026.05.29,03:30:00,0.715820,0.715871,0.715717,0.715768,100.0000
2026.05.29,03:45:00,0.715768,0.715820,0.715615,0.715717,100.0000
2026.05.29,04:00:00,0.715871,0.715973,0.715871,0.715922,100.0000
2026.05.29,04:15:00,0.715922,0.716025,0.715871,0.715973,100.0000
2026.05.29,04:30:00,0.716076,0.716435,0.715973,0.716435,100.0000
2026.05.29,04:45:00,0.716435,0.716589,0.716384,0.716589,100.0000
2026.05.29,05:00:00,0.716589,0.716794,0.716589,0.716794,100.0000
2026.05.29,05:15:00,0.716743,0.716846,0.716743,0.716743,100.0000
2026.05.29,05:30:00,0.716743,0.716897,0.716640,0.716640,100.0000
2026.05.29,05:45:00,0.716589,0.716640,0.716538,0.716640,100.0000
2026.05.29,06:00:00,0.716692,0.716949,0.716692,0.716846,100.0000
2026.05.29,06:15:00,0.716692,0.716743,0.716230,0.716435,100.0000
2026.05.29,06:30:00,0.716332,0.716538,0.716076,0.716127,100.0000
2026.05.29,06:45:00,0.716127,0.716486,0.716076,0.716435,100.0000
2026.05.29,07:00:00,0.716178,0.716384,0.716178,0.716332,100.0000
2026.05.29,07:15:00,0.716332,0.716692,0.716076,0.716127,100.0000
2026.05.29,07:30:00,0.716076,0.716230,0.715666,0.716025,100.0000
2026.05.29,07:45:00,0.716076,0.716332,0.715973,0.716332,100.0000
2026.05.29,08:00:00,0.716178,0.716178,0.715666,0.715666,100.0000
2026.05.29,08:15:00,0.715717,0.715922,0.715717,0.715820,100.0000
2026.05.29,08:30:00,0.715717,0.715820,0.715512,0.715615,100.0000
2026.05.29,08:45:00,0.715410,0.715512,0.715256,0.715461,100.0000
2026.05.29,09:00:00,0.715563,0.715768,0.715410,0.715768,100.0000
2026.05.29,09:15:00,0.715717,0.715820,0.715666,0.715768,100.0000
2026.05.29,09:30:00,0.715768,0.715768,0.715461,0.715512,100.0000
2026.05.29,09:45:00,0.715717,0.715820,0.715615,0.715820,100.0000
2026.05.29,10:00:00,0.715768,0.715922,0.715563,0.715922,100.0000
2026.05.29,10:15:00,0.715871,0.715922,0.715717,0.715717,100.0000
2026.05.29,10:30:00,0.715820,0.715973,0.715820,0.715820,100.0000
2026.05.29,10:45:00,0.715768,0.716076,0.715768,0.716076,100.0000
2026.05.29,11:00:00,0.716025,0.716230,0.716025,0.716178,100.0000
2026.05.29,11:15:00,0.716230,0.716281,0.716178,0.716230,100.0000
2026.05.29,11:30:00,0.716230,0.716897,0.716230,0.716897,100.0000
2026.05.29,11:45:00,0.716846,0.717206,0.716794,0.717206,100.0000
2026.05.29,12:00:00,0.717309,0.717721,0.717103,0.717721,100.0000
2026.05.29,12:15:00,0.717721,0.717721,0.717412,0.717721,100.0000
2026.05.29,12:30:00,0.717669,0.717669,0.717463,0.717618,100.0000
2026.05.29,12:45:00,0.717618,0.717978,0.717618,0.717978,100.0000
2026.05.29,13:00:00,0.718133,0.718339,0.718133,0.718133,100.0000
2026.05.29,13:15:00,0.718236,0.718546,0.718236,0.718546,100.0000
2026.05.29,13:30:00,0.718597,0.719062,0.718546,0.719062,100.0000
2026.05.29,13:45:00,0.719062,0.719269,0.718701,0.719269,100.0000
2026.05.29,14:00:00,0.719062,0.719166,0.718752,0.718752,100.0000
2026.05.29,14:15:00,0.718649,0.718701,0.718494,0.718494,100.0000
2026.05.29,14:30:00,0.718391,0.718391,0.717927,0.718391,100.0000
2026.05.29,14:45:00,0.718494,0.719839,0.718288,0.719839,100.0000
2026.05.29,15:00:00,0.719632,0.720254,0.719580,0.720046,100.0000
2026.05.29,15:15:00,0.719735,0.719735,0.719373,0.719373,100.0000
2026.05.29,15:30:00,0.719373,0.719787,0.719217,0.719217,100.0000
2026.05.29,15:45:00,0.719476,0.719476,0.719269,0.719269,100.0000
2026.05.29,16:00:00,0.719217,0.719321,0.719062,0.719062,100.0000
2026.05.29,16:15:00,0.719217,0.719217,0.718959,0.718959,100.0000
2026.05.29,16:30:00,0.718959,0.719373,0.718959,0.719166,100.0000
2026.05.29,16:45:00,0.719114,0.719114,0.718959,0.719011,100.0000
2026.05.29,17:00:00,0.719217,0.719217,0.719011,0.719011,100.0000
2026.05.29,17:15:00,0.719062,0.719062,0.718804,0.718856,100.0000
2026.05.29,17:30:00,0.718856,0.718907,0.718649,0.718649,100.0000
2026.05.29,17:45:00,0.718752,0.718804,0.718494,0.718546,100.0000
2026.05.29,18:00:00,0.718494,0.718701,0.718494,0.718597,100.0000
2026.05.29,18:15:00,0.718701,0.718752,0.718649,0.718649,100.0000
2026.05.29,18:30:00,0.718804,0.718959,0.718752,0.718752,100.0000
2026.05.29,18:45:00,0.718494,0.718804,0.718494,0.718701,100.0000
2026.05.29,19:00:00,0.718494,0.718907,0.718494,0.718907,100.0000
2026.05.29,19:15:00,0.718907,0.718959,0.718856,0.718856,100.0000
2026.05.29,19:30:00,0.719011,0.719166,0.719011,0.719166,100.0000
2026.05.29,19:45:00,0.719062,0.719114,0.719011,0.719011,100.0000
2026.05.29,20:00:00,0.718959,0.718959,0.718752,0.718752,100.0000
2026.05.29,20:15:00,0.718701,0.718752,0.718597,0.718597,100.0000
2026.05.29,20:30:00,0.718597,0.718752,0.718597,0.718752,100.0000
2026.05.29,20:45:00,0.718804,0.718856,0.718649,0.718649,100.0000
2026.05.29,21:00:00,0.718597,0.718597,0.718597,0.718597,100.0000
2026.05.29,21:15:00,0.718597,0.718597,0.718597,0.718597,100.0000
2026.05.31,23:00:00,0.718133,0.718494,0.718081,0.718494,100.0000
2026.05.31,23:15:00,0.718494,0.718494,0.718442,0.718494,100.0000
2026.05.31,23:30:00,0.718546,0.718597,0.718494,0.718546,100.0000
2026.05.31,23:45:00,0.718494,0.718649,0.718288,0.718288,100.0000
2026.06.01,00:00:00,0.718236,0.718546,0.718236,0.718546,100.0000
2026.06.01,00:15:00,0.718442,0.718494,0.718133,0.718288,100.0000
2026.06.01,00:30:00,0.718339,0.718339,0.718184,0.718288,100.0000
2026.06.01,00:45:00,0.718391,0.718752,0.718288,0.718701,100.0000
2026.06.01,01:00:00,0.718597,0.718856,0.718597,0.718649,100.0000
2026.06.01,01:15:00,0.718546,0.718701,0.718546,0.718597,100.0000
2026.06.01,01:30:00,0.718597,0.718907,0.718597,0.718752,100.0000
2026.06.01,01:45:00,0.718649,0.718856,0.718597,0.718804,100.0000
2026.06.01,02:00:00,0.718856,0.718907,0.718752,0.718804,100.0000
2026.06.01,02:15:00,0.718804,0.718959,0.718804,0.718959,100.0000
2026.06.01,02:30:00,0.718856,0.718959,0.718546,0.718546,100.0000
2026.06.01,02:45:00,0.718597,0.718701,0.718597,0.718701,100.0000
2026.06.01,03:00:00,0.718752,0.718804,0.718442,0.718442,100.0000
2026.06.01,03:15:00,0.718442,0.718649,0.718184,0.718649,100.0000
2026.06.01,03:30:00,0.718701,0.718752,0.718133,0.718133,100.0000
2026.06.01,03:45:00,0.718288,0.718339,0.718288,0.718288,100.0000
2026.06.01,04:00:00,0.718288,0.718597,0.718288,0.718597,100.0000
2026.06.01,04:15:00,0.718649,0.718752,0.718649,0.718649,100.0000
2026.06.01,04:30:00,0.718752,0.718856,0.718701,0.718804,100.0000
2026.06.01,04:45:00,0.718752,0.718752,0.718649,0.718752,100.0000
2026.06.01,05:00:00,0.718752,0.719062,0.718752,0.718959,100.0000
2026.06.01,05:15:00,0.718959,0.719062,0.718959,0.718959,100.0000
2026.06.01,05:30:00,0.719011,0.719062,0.718907,0.719062,100.0000
2026.06.01,05:45:00,0.719011,0.719166,0.718959,0.718959,100.0000
2026.06.01,06:00:00,0.719062,0.719217,0.718907,0.718907,100.0000
2026.06.01,06:15:00,0.718804,0.718907,0.718391,0.718391,100.0000
2026.06.01,06:30:00,0.718288,0.718442,0.718081,0.718236,100.0000
2026.06.01,06:45:00,0.718236,0.718494,0.718236,0.718494,100.0000
2026.06.01,07:00:00,0.718339,0.718701,0.718288,0.718494,100.0000
2026.06.01,07:15:00,0.718442,0.718494,0.718391,0.718442,100.0000
2026.06.01,07:30:00,0.718701,0.718701,0.718030,0.718133,100.0000
2026.06.01,07:45:00,0.717927,0.718288,0.717927,0.718236,100.0000
2026.06.01,08:00:00,0.718236,0.718442,0.718184,0.718391,100.0000
2026.06.01,08:15:00,0.718236,0.718494,0.718236,0.718494,100.0000
2026.06.01,08:30:00,0.718442,0.718546,0.718339,0.718391,100.0000
2026.06.01,08:45:00,0.718339,0.718597,0.718339,0.718597,100.0000
2026.06.01,09:00:00,0.718701,0.718804,0.718339,0.718391,100.0000
2026.06.01,09:15:00,0.718391,0.718494,0.718030,0.718030,100.0000
2026.06.01,09:30:00,0.718081,0.718236,0.718081,0.718184,100.0000
2026.06.01,09:45:00,0.718030,0.718081,0.717978,0.718030,100.0000
2026.06.01,10:00:00,0.718133,0.718133,0.717978,0.717978,100.0000
2026.06.01,10:15:00,0.717978,0.717978,0.717772,0.717875,100.0000
2026.06.01,10:30:00,0.717875,0.717927,0.717772,0.717875,100.0000
2026.06.01,10:45:00,0.717824,0.717927,0.717824,0.717824,100.0000
2026.06.01,11:00:00,0.717824,0.717824,0.717618,0.717721,100.0000
2026.06.01,11:15:00,0.717772,0.717927,0.717772,0.717875,100.0000
2026.06.01,11:30:00,0.717875,0.717875,0.717566,0.717566,100.0000
2026.06.01,11:45:00,0.717566,0.717669,0.717515,0.717566,100.0000
2026.06.01,12:00:00,0.717618,0.717669,0.717360,0.717360,100.0000
2026.06.01,12:15:00,0.717412,0.717618,0.717360,0.717618,100.0000
2026.06.01,12:30:00,0.717566,0.717618,0.717206,0.717463,100.0000
2026.06.01,12:45:00,0.717257,0.717309,0.717206,0.717257,100.0000
2026.06.01,13:00:00,0.717206,0.717206,0.714847,0.715205,100.0000
2026.06.01,13:15:00,0.715461,0.715820,0.714745,0.714898,100.0000
2026.06.01,13:30:00,0.714643,0.715359,0.714643,0.714847,100.0000
2026.06.01,13:45:00,0.714847,0.714847,0.714082,0.714337,100.0000
2026.06.01,14:00:00,0.713980,0.714235,0.713776,0.714235,100.0000
2026.06.01,14:15:00,0.714643,0.714643,0.714031,0.714184,100.0000
2026.06.01,14:30:00,0.714490,0.714541,0.714235,0.714388,100.0000
2026.06.01,14:45:00,0.714337,0.714490,0.713878,0.714490,100.0000
2026.06.01,15:00:00,0.714439,0.715001,0.714439,0.715001,100.0000
2026.06.01,15:15:00,0.715001,0.715256,0.715001,0.715256,100.0000
2026.06.01,15:30:00,0.716076,0.716076,0.715768,0.715768,100.0000
2026.06.01,15:45:00,0.715717,0.715717,0.715308,0.715461,100.0000
2026.06.01,16:00:00,0.715717,0.715717,0.715154,0.715154,100.0000
2026.06.01,16:15:00,0.715154,0.715512,0.715052,0.715461,100.0000
2026.06.01,16:30:00,0.715615,0.715615,0.715461,0.715461,100.0000
2026.06.01,16:45:00,0.715563,0.716332,0.715563,0.716332,100.0000
2026.06.01,17:00:00,0.716332,0.716332,0.716076,0.716076,100.0000
2026.06.01,17:15:00,0.716076,0.716384,0.716076,0.716332,100.0000
2026.06.01,17:30:00,0.716794,0.717000,0.716640,0.717000,100.0000
2026.06.01,17:45:00,0.717103,0.717103,0.716949,0.716949,100.0000
2026.06.01,18:00:00,0.716897,0.716897,0.716743,0.716743,100.0000
2026.06.01,18:15:00,0.716692,0.716794,0.716692,0.716692,100.0000
2026.06.01,18:30:00,0.716640,0.716692,0.716589,0.716692,100.0000
2026.06.01,18:45:00,0.716692,0.716692,0.716538,0.716538,100.0000
2026.06.01,19:00:00,0.716384,0.716589,0.716384,0.716486,100.0000
2026.06.01,19:15:00,0.716538,0.716640,0.716538,0.716538,100.0000
2026.06.01,19:30:00,0.716538,0.716640,0.716486,0.716486,100.0000
2026.06.01,19:45:00,0.716538,0.716589,0.716281,0.716435,100.0000
2026.06.01,20:00:00,0.716435,0.716589,0.716384,0.716384,100.0000
2026.06.01,20:15:00,0.716281,0.716281,0.716230,0.716281,100.0000
2026.06.01,20:30:00,0.716230,0.716435,0.716230,0.716435,100.0000
2026.06.01,20:45:00,0.716332,0.716384,0.716281,0.716281,100.0000
2026.06.01,21:00:00,0.716743,0.716897,0.716538,0.716538,100.0000
2026.06.01,21:15:00,0.716794,0.716846,0.716743,0.716794,100.0000
2026.06.01,21:30:00,0.716692,0.716692,0.716589,0.716640,100.0000
2026.06.01,21:45:00,0.716692,0.716794,0.716640,0.716794,100.0000
2026.06.01,22:00:00,0.716589,0.716589,0.716281,0.716435,100.0000
2026.06.01,22:15:00,0.716435,0.716435,0.716281,0.716332,100.0000
2026.06.01,22:30:00,0.716332,0.716384,0.716281,0.716332,100.0000
2026.06.01,22:45:00,0.716332,0.716384,0.716332,0.716384,100.0000
2026.06.01,23:00:00,0.716435,0.716538,0.716435,0.716486,100.0000
2026.06.01,23:15:00,0.716538,0.716538,0.716435,0.716486,100.0000
2026.06.01,23:30:00,0.716538,0.716743,0.716435,0.716743,100.0000
2026.06.01,23:45:00,0.716692,0.716692,0.716486,0.716640,100.0000
2026.06.02,00:00:00,0.716538,0.716538,0.716230,0.716538,100.0000
2026.06.02,00:15:00,0.716538,0.716589,0.716435,0.716435,100.0000
2026.06.02,00:30:00,0.716589,0.716743,0.716332,0.716332,100.0000
2026.06.02,00:45:00,0.716332,0.716435,0.716076,0.716076,100.0000
2026.06.02,01:00:00,0.716281,0.716897,0.716230,0.716897,100.0000
2026.06.02,01:15:00,0.716794,0.716794,0.716692,0.716743,100.0000
2026.06.02,01:30:00,0.716794,0.717000,0.716384,0.716384,100.0000
2026.06.02,01:45:00,0.715922,0.715922,0.715563,0.715871,100.0000
2026.06.02,02:00:00,0.715871,0.715871,0.715666,0.715871,100.0000
2026.06.02,02:15:00,0.715973,0.716332,0.715973,0.716332,100.0000
2026.06.02,02:30:00,0.716281,0.716281,0.716076,0.716076,100.0000
2026.06.02,02:45:00,0.716178,0.716178,0.715973,0.716127,100.0000
2026.06.02,03:00:00,0.716178,0.716178,0.715922,0.716025,100.0000
2026.06.02,03:15:00,0.716025,0.716076,0.715768,0.715820,100.0000
2026.06.02,03:30:00,0.715820,0.716025,0.715820,0.715922,100.0000
2026.06.02,03:45:00,0.715871,0.716178,0.715871,0.716178,100.0000
2026.06.02,04:00:00,0.716178,0.716384,0.716076,0.716076,100.0000
2026.06.02,04:15:00,0.716281,0.716332,0.716230,0.716230,100.0000
2026.06.02,04:30:00,0.716178,0.716281,0.716127,0.716230,100.0000
2026.06.02,04:45:00,0.716281,0.716486,0.716281,0.716486,100.0000
2026.06.02,05:00:00,0.716538,0.716692,0.716435,0.716692,100.0000
2026.06.02,05:15:00,0.716589,0.716692,0.716589,0.716692,100.0000
2026.06.02,05:30:00,0.716794,0.716794,0.716589,0.716589,100.0000
2026.06.02,05:45:00,0.716589,0.716589,0.716435,0.716435,100.0000
2026.06.02,06:00:00,0.716589,0.717206,0.716589,0.717051,100.0000
2026.06.02,06:15:00,0.717103,0.717412,0.717103,0.717412,100.0000
2026.06.02,06:30:00,0.717566,0.718081,0.717566,0.717824,100.0000
2026.06.02,06:45:00,0.717875,0.718030,0.717824,0.717978,100.0000
2026.06.02,07:00:00,0.717978,0.718391,0.717978,0.718391,100.0000
2026.06.02,07:15:00,0.718391,0.718442,0.718184,0.718184,100.0000
2026.06.02,07:30:00,0.718236,0.718494,0.718236,0.718442,100.0000
2026.06.02,07:45:00,0.718391,0.718546,0.718391,0.718442,100.0000
2026.06.02,08:00:00,0.718494,0.718856,0.718442,0.718597,100.0000
2026.06.02,08:15:00,0.718546,0.718701,0.718494,0.718494,100.0000
2026.06.02,08:30:00,0.718494,0.718701,0.718442,0.718442,100.0000
2026.06.02,08:45:00,0.718339,0.718339,0.718133,0.718133,100.0000
2026.06.02,09:00:00,0.718133,0.718184,0.717927,0.718030,100.0000
2026.06.02,09:15:00,0.718030,0.718030,0.717875,0.718030,100.0000
2026.06.02,09:30:00,0.718030,0.718391,0.718030,0.718391,100.0000
2026.06.02,09:45:00,0.718339,0.718494,0.718288,0.718391,100.0000
2026.06.02,10:00:00,0.718442,0.718546,0.718442,0.718442,100.0000
2026.06.02,10:15:00,0.718339,0.718391,0.718236,0.718391,100.0000
2026.06.02,10:30:00,0.718442,0.718546,0.718442,0.718546,100.0000
2026.06.02,10:45:00,0.718597,0.718752,0.718494,0.718597,100.0000
2026.06.02,11:00:00,0.718597,0.718649,0.718391,0.718391,100.0000
2026.06.02,11:15:00,0.718339,0.718546,0.718339,0.718442,100.0000
2026.06.02,11:30:00,0.718442,0.718649,0.718442,0.718649,100.0000
2026.06.02,11:45:00,0.718546,0.718546,0.718391,0.718391,100.0000
2026.06.02,12:00:00,0.718391,0.718442,0.718236,0.718236,100.0000
2026.06.02,12:15:00,0.718184,0.718391,0.718184,0.718339,100.0000
2026.06.02,12:30:00,0.718236,0.718236,0.718081,0.718081,100.0000
2026.06.02,12:45:00,0.718133,0.718133,0.717875,0.717927,100.0000
2026.06.02,13:00:00,0.718081,0.718184,0.717875,0.717875,100.0000
2026.06.02,13:15:00,0.717927,0.717927,0.717618,0.717669,100.0000
2026.06.02,13:30:00,0.717618,0.718081,0.717618,0.717824,100.0000
2026.06.02,13:45:00,0.717824,0.717824,0.717618,0.717772,100.0000
2026.06.02,14:00:00,0.717360,0.717978,0.717360,0.717927,100.0000
2026.06.02,14:15:00,0.717978,0.717978,0.717463,0.717566,100.0000
2026.06.02,14:30:00,0.717721,0.718597,0.717721,0.718546,100.0000
2026.06.02,14:45:00,0.718442,0.718649,0.718339,0.718649,100.0000
2026.06.02,15:00:00,0.718701,0.718804,0.718494,0.718597,100.0000
2026.06.02,15:15:00,0.718597,0.719011,0.718597,0.718701,100.0000
2026.06.02,15:30:00,0.718649,0.718804,0.718649,0.718752,100.0000
2026.06.02,15:45:00,0.718856,0.718907,0.718752,0.718804,100.0000
2026.06.02,16:00:00,0.718649,0.718856,0.718649,0.718752,100.0000
2026.06.02,16:15:00,0.718752,0.718752,0.718391,0.718391,100.0000
2026.06.02,16:30:00,0.718288,0.718288,0.717927,0.718030,100.0000
2026.06.02,16:45:00,0.717978,0.718236,0.717978,0.718184,100.0000
2026.06.02,17:00:00,0.718288,0.718288,0.717927,0.717927,100.0000
2026.06.02,17:15:00,0.717772,0.717978,0.717772,0.717772,100.0000
2026.06.02,17:30:00,0.717875,0.717978,0.717669,0.717721,100.0000
2026.06.02,17:45:00,0.717618,0.717618,0.717515,0.717566,100.0000
2026.06.02,18:00:00,0.717618,0.717618,0.717515,0.717618,100.0000
2026.06.02,18:15:00,0.717618,0.717824,0.717412,0.717824,100.0000
2026.06.02,18:30:00,0.717875,0.717927,0.717875,0.717875,100.0000
2026.06.02,18:45:00,0.718030,0.718133,0.718030,0.718133,100.0000
2026.06.02,19:00:00,0.718236,0.718339,0.718236,0.718339,100.0000
2026.06.02,19:15:00,0.718339,0.718339,0.718288,0.718288,100.0000
2026.06.02,19:30:00,0.718288,0.718288,0.718184,0.718236,100.0000
2026.06.02,19:45:00,0.718288,0.718391,0.718288,0.718391,100.0000
2026.06.02,20:00:00,0.718391,0.718546,0.718391,0.718391,100.0000
2026.06.02,20:15:00,0.718391,0.718442,0.718391,0.718391,100.0000
2026.06.02,20:30:00,0.718391,0.718442,0.718288,0.718391,100.0000
2026.06.02,20:45:00,0.718339,0.718391,0.718236,0.718236,100.0000
2026.06.02,21:00:00,0.718133,0.718133,0.717978,0.718081,100.0000
2026.06.02,21:15:00,0.717978,0.718391,0.717978,0.718391,100.0000
2026.06.02,21:30:00,0.718288,0.718339,0.718288,0.718288,100.0000
2026.06.02,21:45:00,0.718236,0.718288,0.718236,0.718288,100.0000
2026.06.02,22:00:00,0.718288,0.718288,0.718081,0.718081,100.0000
2026.06.02,22:15:00,0.718081,0.718236,0.718081,0.718236,100.0000
2026.06.02,22:30:00,0.718184,0.718236,0.718184,0.718184,100.0000
2026.06.02,22:45:00,0.718133,0.718184,0.718081,0.718081,100.0000
2026.06.02,23:00:00,0.718081,0.718081,0.717875,0.717875,100.0000
2026.06.02,23:15:00,0.717875,0.717875,0.717566,0.717566,100.0000
2026.06.02,23:30:00,0.717669,0.717669,0.717463,0.717618,100.0000
2026.06.02,23:45:00,0.717515,0.717618,0.717412,0.717618,100.0000
2026.06.03,00:00:00,0.717618,0.717875,0.717618,0.717824,100.0000
2026.06.03,00:15:00,0.717772,0.718081,0.717772,0.718081,100.0000
2026.06.03,00:30:00,0.718133,0.718236,0.718133,0.718184,100.0000
2026.06.03,00:45:00,0.718133,0.718339,0.718133,0.718339,100.0000
2026.06.03,01:00:00,0.718184,0.718184,0.717927,0.718081,100.0000
2026.06.03,01:15:00,0.718184,0.718288,0.718030,0.718288,100.0000
2026.06.03,01:30:00,0.717927,0.718339,0.717772,0.718133,100.0000
2026.06.03,01:45:00,0.718081,0.718081,0.717927,0.717927,100.0000
2026.06.03,02:00:00,0.717978,0.718184,0.717978,0.718184,100.0000
2026.06.03,02:15:00,0.718184,0.718236,0.718081,0.718081,100.0000
2026.06.03,02:30:00,0.717978,0.718081,0.717772,0.717772,100.0000
2026.06.03,02:45:00,0.717360,0.717721,0.717360,0.717618,100.0000
2026.06.03,03:00:00,0.717566,0.717772,0.717566,0.717618,100.0000
2026.06.03,03:15:00,0.717669,0.717669,0.717412,0.717412,100.0000
2026.06.03,03:30:00,0.717412,0.717566,0.717257,0.717566,100.0000
2026.06.03,03:45:00,0.717515,0.717566,0.717412,0.717412,100.0000
2026.06.03,04:00:00,0.717566,0.717618,0.717412,0.717463,100.0000
2026.06.03,04:15:00,0.717515,0.717515,0.717412,0.717412,100.0000
2026.06.03,04:30:00,0.717360,0.717412,0.717206,0.717206,100.0000
2026.06.03,04:45:00,0.717103,0.717154,0.717051,0.717154,100.0000
2026.06.03,05:00:00,0.717154,0.717309,0.717051,0.717206,100.0000
2026.06.03,05:15:00,0.717360,0.717360,0.716794,0.716794,100.0000
2026.06.03,05:30:00,0.716692,0.716743,0.716589,0.716589,100.0000
2026.06.03,05:45:00,0.716692,0.716743,0.716486,0.716486,100.0000
2026.06.03,06:00:00,0.716743,0.716743,0.716178,0.716230,100.0000
2026.06.03,06:15:00,0.716230,0.716332,0.715666,0.715666,100.0000
2026.06.03,06:30:00,0.715973,0.715973,0.715717,0.715820,100.0000
2026.06.03,06:45:00,0.715820,0.716178,0.715768,0.716178,100.0000
2026.06.03,07:00:00,0.716127,0.716897,0.716127,0.716743,100.0000
2026.06.03,07:15:00,0.716846,0.716846,0.716435,0.716435,100.0000
2026.06.03,07:30:00,0.716332,0.716897,0.716332,0.716897,100.0000
2026.06.03,07:45:00,0.716897,0.717103,0.716846,0.716846,100.0000
2026.06.03,08:00:00,0.716640,0.716846,0.716640,0.716692,100.0000
2026.06.03,08:15:00,0.716435,0.716692,0.716281,0.716692,100.0000
2026.06.03,08:30:00,0.716692,0.716692,0.716127,0.716127,100.0000
2026.06.03,08:45:00,0.716384,0.716435,0.716230,0.716384,100.0000
2026.06.03,09:00:00,0.716435,0.716846,0.716435,0.716794,100.0000
2026.06.03,09:15:00,0.716794,0.717000,0.716743,0.716794,100.0000
2026.06.03,09:30:00,0.716589,0.716794,0.716589,0.716794,100.0000
2026.06.03,09:45:00,0.716743,0.716846,0.716538,0.716538,100.0000
2026.06.03,10:00:00,0.716640,0.717772,0.716640,0.717360,100.0000
2026.06.03,10:15:00,0.717206,0.717309,0.717103,0.717206,100.0000
2026.06.03,10:30:00,0.717360,0.717360,0.716949,0.716949,100.0000
2026.06.03,10:45:00,0.717000,0.717154,0.717000,0.717103,100.0000
2026.06.03,11:00:00,0.717051,0.717257,0.717051,0.717154,100.0000
2026.06.03,11:15:00,0.717206,0.717206,0.717103,0.717103,100.0000
2026.06.03,11:30:00,0.717206,0.717206,0.716846,0.716897,100.0000
2026.06.03,11:45:00,0.717051,0.717206,0.716846,0.716846,100.0000
2026.06.03,12:00:00,0.716692,0.716692,0.716435,0.716589,100.0000
2026.06.03,12:15:00,0.716486,0.716486,0.716281,0.716281,100.0000
2026.06.03,12:30:00,0.716076,0.716076,0.715256,0.715820,100.0000
2026.06.03,12:45:00,0.715717,0.715717,0.715461,0.715563,100.0000
2026.06.03,13:00:00,0.715461,0.715666,0.715461,0.715512,100.0000
2026.06.03,13:15:00,0.715410,0.715410,0.714847,0.715001,100.0000
2026.06.03,13:30:00,0.715103,0.715103,0.714643,0.714643,100.0000
2026.06.03,13:45:00,0.714490,0.714541,0.714133,0.714235,100.0000
2026.06.03,14:00:00,0.714541,0.715052,0.714541,0.715052,100.0000
2026.06.03,14:15:00,0.715052,0.715052,0.714592,0.714847,100.0000
2026.06.03,14:30:00,0.714694,0.714796,0.714592,0.714592,100.0000
2026.06.03,14:45:00,0.714592,0.715001,0.714439,0.715001,100.0000
2026.06.03,15:00:00,0.714796,0.714898,0.714133,0.714388,100.0000
2026.06.03,15:15:00,0.714694,0.714796,0.714286,0.714337,100.0000
2026.06.03,15:30:00,0.714490,0.714490,0.714184,0.714235,100.0000
2026.06.03,15:45:00,0.714133,0.714286,0.713980,0.714082,100.0000
2026.06.03,16:00:00,0.713980,0.713980,0.713572,0.713725,100.0000
2026.06.03,16:15:00,0.713674,0.713878,0.713623,0.713674,100.0000
2026.06.03,16:30:00,0.713725,0.713725,0.713369,0.713419,100.0000
2026.06.03,16:45:00,0.713419,0.713674,0.713419,0.713674,100.0000
2026.06.03,17:00:00,0.713674,0.713980,0.713623,0.713623,100.0000
2026.06.03,17:15:00,0.713572,0.713572,0.713369,0.713369,100.0000
2026.06.03,17:30:00,0.713318,0.713470,0.713318,0.713470,100.0000
2026.06.03,17:45:00,0.713419,0.713572,0.713419,0.713470,100.0000
2026.06.03,18:00:00,0.713470,0.713572,0.713267,0.713267,100.0000
2026.06.03,18:15:00,0.713318,0.713419,0.713318,0.713369,100.0000
2026.06.03,18:30:00,0.713369,0.713369,0.713267,0.713267,100.0000
2026.06.03,18:45:00,0.713369,0.713419,0.713318,0.713318,100.0000
2026.06.03,19:00:00,0.713267,0.713369,0.713216,0.713216,100.0000
2026.06.03,19:15:00,0.713318,0.713419,0.713216,0.713216,100.0000
2026.06.03,19:30:00,0.713267,0.713369,0.713216,0.713318,100.0000
2026.06.03,19:45:00,0.713267,0.713318,0.713216,0.713267,100.0000
2026.06.03,20:00:00,0.713267,0.713267,0.713165,0.713267,100.0000
2026.06.03,20:15:00,0.713165,0.713216,0.713012,0.713012,100.0000
2026.06.03,20:30:00,0.713063,0.713114,0.712962,0.713012,100.0000
2026.06.03,20:45:00,0.713063,0.713063,0.713012,0.713012,100.0000
2026.06.03,21:00:00,0.713419,0.713674,0.713267,0.713521,100.0000
2026.06.03,21:15:00,0.713623,0.713623,0.713063,0.713165,100.0000
2026.06.03,21:30:00,0.713165,0.713419,0.713063,0.713063,100.0000
2026.06.03,21:45:00,0.713114,0.713267,0.713012,0.713216,100.0000
2026.06.03,22:00:00,0.713114,0.713165,0.713063,0.713063,100.0000
2026.06.03,22:15:00,0.712962,0.713114,0.712962,0.713114,100.0000
2026.06.03,22:30:00,0.713165,0.713165,0.713063,0.713063,100.0000
2026.06.03,22:45:00,0.713114,0.713878,0.713063,0.713878,100.0000
2026.06.03,23:00:00,0.713776,0.713776,0.713165,0.713267,100.0000
2026.06.03,23:15:00,0.713318,0.713369,0.713165,0.713216,100.0000
2026.06.03,23:30:00,0.713216,0.713267,0.713063,0.713216,100.0000
2026.06.03,23:45:00,0.713369,0.713725,0.713267,0.713674,100.0000
2026.06.04,00:00:00,0.713674,0.713725,0.713419,0.713674,100.0000
2026.06.04,00:15:00,0.713572,0.713929,0.713572,0.713725,100.0000
2026.06.04,00:30:00,0.713572,0.713725,0.713470,0.713623,100.0000
2026.06.04,00:45:00,0.713521,0.713572,0.713267,0.713267,100.0000
2026.06.04,01:00:00,0.713063,0.713216,0.712860,0.713216,100.0000
2026.06.04,01:15:00,0.713114,0.713216,0.713063,0.713114,100.0000
2026.06.04,01:30:00,0.713318,0.713827,0.713318,0.713521,100.0000
2026.06.04,01:45:00,0.713419,0.713674,0.713318,0.713318,100.0000
2026.06.04,02:00:00,0.713267,0.713267,0.712809,0.712809,100.0000
2026.06.04,02:15:00,0.712657,0.712911,0.712657,0.712809,100.0000
2026.06.04,02:30:00,0.712860,0.712860,0.712657,0.712708,100.0000
2026.06.04,02:45:00,0.713012,0.713165,0.713012,0.713012,100.0000
2026.06.04,03:00:00,0.712911,0.712962,0.712657,0.712657,100.0000
2026.06.04,03:15:00,0.712758,0.712860,0.712555,0.712657,100.0000
2026.06.04,03:30:00,0.712708,0.712809,0.712708,0.712758,100.0000
2026.06.04,03:45:00,0.712758,0.713012,0.712606,0.713012,100.0000
2026.06.04,04:00:00,0.712962,0.713012,0.712962,0.712962,100.0000
2026.06.04,04:15:00,0.713063,0.713063,0.712911,0.713063,100.0000
2026.06.04,04:30:00,0.713216,0.713470,0.713165,0.713470,100.0000
2026.06.04,04:45:00,0.713369,0.713369,0.713114,0.713267,100.0000
2026.06.04,05:00:00,0.713267,0.713267,0.712911,0.713012,100.0000
2026.06.04,05:15:00,0.713012,0.713012,0.712708,0.712708,100.0000
2026.06.04,05:30:00,0.712758,0.713216,0.712606,0.713165,100.0000
2026.06.04,05:45:00,0.713012,0.713318,0.713012,0.713267,100.0000
2026.06.04,06:00:00,0.713318,0.713623,0.713318,0.713369,100.0000
2026.06.04,06:15:00,0.713369,0.713623,0.713267,0.713623,100.0000
2026.06.04,06:30:00,0.713623,0.714082,0.713623,0.713929,100.0000
2026.06.04,06:45:00,0.713827,0.713929,0.713725,0.713725,100.0000
2026.06.04,07:00:00,0.713878,0.713980,0.713725,0.713878,100.0000
2026.06.04,07:15:00,0.713878,0.713980,0.713521,0.713521,100.0000
2026.06.04,07:30:00,0.713572,0.713572,0.712911,0.713063,100.0000
2026.06.04,07:45:00,0.713114,0.713318,0.713114,0.713318,100.0000
2026.06.04,08:00:00,0.713369,0.713572,0.713318,0.713318,100.0000
2026.06.04,08:15:00,0.713419,0.713470,0.713216,0.713216,100.0000
2026.06.04,08:30:00,0.713521,0.713521,0.713012,0.713063,100.0000
2026.06.04,08:45:00,0.713063,0.713318,0.713063,0.713318,100.0000
2026.06.04,09:00:00,0.713369,0.713623,0.713267,0.713267,100.0000
2026.06.04,09:15:00,0.713318,0.713572,0.713318,0.713572,100.0000
2026.06.04,09:30:00,0.713521,0.713827,0.713521,0.713827,100.0000
2026.06.04,09:45:00,0.713827,0.713929,0.713674,0.713674,100.0000
2026.06.04,10:00:00,0.713521,0.713827,0.713521,0.713776,100.0000
2026.06.04,10:15:00,0.713725,0.713929,0.713725,0.713929,100.0000
2026.06.04,10:30:00,0.713929,0.713980,0.713929,0.713929,100.0000
2026.06.04,10:45:00,0.714031,0.714031,0.713674,0.713674,100.0000
2026.06.04,11:00:00,0.713878,0.714133,0.713878,0.714031,100.0000
2026.06.04,11:15:00,0.714235,0.714694,0.714235,0.714643,100.0000
2026.06.04,11:30:00,0.714643,0.714745,0.714337,0.714745,100.0000
2026.06.04,11:45:00,0.714847,0.715052,0.714847,0.714950,100.0000
2026.06.04,12:00:00,0.715103,0.715103,0.714337,0.714439,100.0000
2026.06.04,12:15:00,0.714337,0.714541,0.714286,0.714337,100.0000
2026.06.04,12:30:00,0.714541,0.714592,0.714388,0.714592,100.0000
2026.06.04,12:45:00,0.714490,0.714745,0.714439,0.714439,100.0000
2026.06.04,13:00:00,0.714337,0.714541,0.714337,0.714490,100.0000
2026.06.04,13:15:00,0.714490,0.714643,0.714286,0.714388,100.0000
2026.06.04,13:30:00,0.714388,0.714745,0.714388,0.714694,100.0000
2026.06.04,13:45:00,0.714694,0.714694,0.714541,0.714694,100.0000
2026.06.04,14:00:00,0.714694,0.714694,0.714235,0.714439,100.0000
2026.06.04,14:15:00,0.714490,0.714490,0.714388,0.714388,100.0000
2026.06.04,14:30:00,0.714082,0.714082,0.713878,0.713929,100.0000
2026.06.04,14:45:00,0.713929,0.714235,0.713827,0.714235,100.0000
2026.06.04,15:00:00,0.714337,0.714337,0.714082,0.714286,100.0000
2026.06.04,15:15:00,0.714388,0.714388,0.714184,0.714184,100.0000
2026.06.04,15:30:00,0.714133,0.714286,0.713980,0.713980,100.0000
2026.06.04,15:45:00,0.714082,0.714490,0.714082,0.714490,100.0000
2026.06.04,16:00:00,0.714388,0.714592,0.714337,0.714337,100.0000
2026.06.04,16:15:00,0.714337,0.714490,0.714337,0.714490,100.0000
2026.06.04,16:30:00,0.714388,0.714490,0.714337,0.714388,100.0000
2026.06.04,16:45:00,0.714286,0.714337,0.714235,0.714235,100.0000
2026.06.04,17:00:00,0.714235,0.714286,0.714082,0.714133,100.0000
2026.06.04,17:15:00,0.714184,0.714235,0.714082,0.714082,100.0000
2026.06.04,17:30:00,0.714235,0.714337,0.714235,0.714286,100.0000
2026.06.04,17:45:00,0.714235,0.714235,0.714133,0.714184,100.0000
2026.06.04,18:00:00,0.714133,0.714235,0.714082,0.714133,100.0000
2026.06.04,18:15:00,0.714082,0.714184,0.714031,0.714031,100.0000
2026.06.04,18:30:00,0.714031,0.714082,0.713929,0.713929,100.0000
2026.06.04,18:45:00,0.713980,0.714031,0.713878,0.713878,100.0000
2026.06.04,19:00:00,0.713929,0.713980,0.713674,0.713725,100.0000
2026.06.04,19:15:00,0.713674,0.713776,0.713674,0.713776,100.0000
2026.06.04,19:30:00,0.713776,0.713827,0.713776,0.713776,100.0000
2026.06.04,19:45:00,0.713776,0.713878,0.713725,0.713878,100.0000
2026.06.04,20:00:00,0.713776,0.713776,0.713674,0.713674,100.0000
2026.06.04,20:15:00,0.713623,0.713623,0.713572,0.713623,100.0000
2026.06.04,20:30:00,0.713572,0.713623,0.713521,0.713623,100.0000
2026.06.04,20:45:00,0.713623,0.713623,0.713572,0.713572,100.0000
2026.06.04,21:00:00,0.713980,0.714184,0.713929,0.714082,100.0000
2026.06.04,21:15:00,0.714031,0.714184,0.713623,0.713776,100.0000
2026.06.04,21:30:00,0.713725,0.713725,0.713572,0.713725,100.0000
2026.06.04,21:45:00,0.713725,0.713725,0.713623,0.713623,100.0000
2026.06.04,22:00:00,0.713572,0.713725,0.713572,0.713725,100.0000
2026.06.04,22:15:00,0.713674,0.713725,0.713674,0.713674,100.0000
2026.06.04,22:30:00,0.713674,0.713725,0.713623,0.713623,100.0000
2026.06.04,22:45:00,0.713521,0.713623,0.713521,0.713623,100.0000
2026.06.04,23:00:00,0.713674,0.713776,0.713674,0.713776,100.0000
2026.06.04,23:15:00,0.713827,0.713827,0.713725,0.713827,100.0000
2026.06.04,23:30:00,0.713674,0.713674,0.713572,0.713572,100.0000
2026.06.04,23:45:00,0.713470,0.713521,0.713267,0.713267,100.0000
2026.06.05,00:00:00,0.713165,0.713165,0.712606,0.712606,100.0000
2026.06.05,00:15:00,0.712809,0.712809,0.712606,0.712758,100.0000
2026.06.05,00:30:00,0.712809,0.713114,0.712809,0.712809,100.0000
2026.06.05,00:45:00,0.712911,0.712911,0.712606,0.712708,100.0000
2026.06.05,01:00:00,0.712454,0.712454,0.711541,0.711541,100.0000
2026.06.05,01:15:00,0.711541,0.711541,0.710884,0.711136,100.0000
2026.06.05,01:30:00,0.711136,0.711642,0.711136,0.711642,100.0000
2026.06.05,01:45:00,0.711744,0.712301,0.711693,0.712149,100.0000
2026.06.05,02:00:00,0.712200,0.712454,0.712149,0.712352,100.0000
2026.06.05,02:15:00,0.712454,0.712758,0.712352,0.712758,100.0000
2026.06.05,02:30:00,0.712606,0.712809,0.712454,0.712454,100.0000
2026.06.05,02:45:00,0.712504,0.713012,0.712504,0.712809,100.0000
2026.06.05,03:00:00,0.712809,0.713012,0.712809,0.712860,100.0000
2026.06.05,03:15:00,0.713063,0.713063,0.712911,0.712962,100.0000
2026.06.05,03:30:00,0.712860,0.712911,0.712606,0.712606,100.0000
2026.06.05,03:45:00,0.712708,0.712758,0.712454,0.712454,100.0000
2026.06.05,04:00:00,0.712504,0.712758,0.712504,0.712657,100.0000
2026.06.05,04:15:00,0.712758,0.712962,0.712758,0.712809,100.0000
2026.06.05,04:30:00,0.712809,0.713063,0.712809,0.713012,100.0000
2026.06.05,04:45:00,0.713012,0.713216,0.713012,0.713114,100.0000
2026.06.05,05:00:00,0.713012,0.713012,0.712860,0.712911,100.0000
2026.06.05,05:15:00,0.712809,0.712809,0.712758,0.712758,100.0000
2026.06.05,05:30:00,0.712860,0.713012,0.712708,0.712708,100.0000
2026.06.05,05:45:00,0.712504,0.712504,0.712149,0.712149,100.0000
2026.06.05,06:00:00,0.712301,0.712403,0.712200,0.712200,100.0000
2026.06.05,06:15:00,0.712099,0.712099,0.711845,0.712048,100.0000
2026.06.05,06:30:00,0.712403,0.712708,0.712251,0.712708,100.0000
2026.06.05,06:45:00,0.712657,0.712860,0.712657,0.712758,100.0000
2026.06.05,07:00:00,0.712708,0.713267,0.712708,0.713063,100.0000
2026.06.05,07:15:00,0.713216,0.713216,0.712962,0.713216,100.0000
2026.06.05,07:30:00,0.713318,0.713776,0.713318,0.713572,100.0000
2026.06.05,07:45:00,0.713572,0.713674,0.713470,0.713470,100.0000
2026.06.05,08:00:00,0.713419,0.713674,0.713419,0.713572,100.0000
2026.06.05,08:15:00,0.713674,0.713827,0.713674,0.713827,100.0000
2026.06.05,08:30:00,0.713878,0.713980,0.713878,0.713878,100.0000
2026.06.05,08:45:00,0.713827,0.713827,0.713419,0.713419,100.0000
2026.06.05,09:00:00,0.713318,0.714082,0.713318,0.714082,100.0000
2026.06.05,09:15:00,0.713980,0.714031,0.713878,0.713878,100.0000
2026.06.05,09:30:00,0.713878,0.714082,0.713878,0.713878,100.0000
2026.06.05,09:45:00,0.714133,0.714133,0.714031,0.714082,100.0000
2026.06.05,10:00:00,0.714184,0.714235,0.714133,0.714235,100.0000
2026.06.05,10:15:00,0.714133,0.714439,0.714133,0.714439,100.0000
2026.06.05,10:30:00,0.714541,0.714541,0.714286,0.714337,100.0000
2026.06.05,10:45:00,0.714337,0.714388,0.714235,0.714388,100.0000
2026.06.05,11:00:00,0.714388,0.714388,0.714082,0.714082,100.0000
2026.06.05,11:15:00,0.714082,0.714490,0.714082,0.714490,100.0000
2026.06.05,11:30:00,0.714541,0.714592,0.714337,0.714388,100.0000
2026.06.05,11:45:00,0.714388,0.714541,0.714388,0.714490,100.0000
2026.06.05,12:00:00,0.714541,0.714541,0.714184,0.714235,100.0000
2026.06.05,12:15:00,0.714082,0.714133,0.713929,0.713929,100.0000
2026.06.05,12:30:00,0.713063,0.713063,0.712454,0.712555,100.0000
2026.06.05,12:45:00,0.712657,0.712657,0.710833,0.710833,100.0000
2026.06.05,13:00:00,0.710581,0.711187,0.710581,0.711086,100.0000
2026.06.05,13:15:00,0.710732,0.710934,0.710278,0.710278,100.0000
2026.06.05,13:30:00,0.709874,0.710026,0.709119,0.709220,100.0000
2026.06.05,13:45:00,0.709320,0.709320,0.708617,0.708617,100.0000
2026.06.05,14:00:00,0.708316,0.708868,0.707664,0.707664,100.0000
2026.06.05,14:15:00,0.707664,0.707664,0.706964,0.706964,100.0000
2026.06.05,14:30:00,0.707464,0.707764,0.707414,0.707414,100.0000
2026.06.05,14:45:00,0.707764,0.708316,0.707764,0.708316,100.0000
2026.06.05,15:00:00,0.708366,0.708366,0.707414,0.707414,100.0000
2026.06.05,15:15:00,0.707264,0.707414,0.707164,0.707414,100.0000
2026.06.05,15:30:00,0.707364,0.707364,0.706514,0.706614,100.0000
2026.06.05,15:45:00,0.706564,0.706564,0.706165,0.706165,100.0000
2026.06.05,16:00:00,0.705866,0.705916,0.705418,0.705617,100.0000
2026.06.05,16:15:00,0.705268,0.705716,0.705268,0.705567,100.0000
2026.06.05,16:30:00,0.705467,0.705467,0.705268,0.705368,100.0000
2026.06.05,16:45:00,0.705418,0.706165,0.705418,0.706165,100.0000
2026.06.05,17:00:00,0.706215,0.706215,0.705816,0.705965,100.0000
2026.06.05,17:15:00,0.705766,0.706065,0.705766,0.705965,100.0000
2026.06.05,17:30:00,0.706015,0.706115,0.705567,0.705567,100.0000
2026.06.05,17:45:00,0.705567,0.705816,0.705467,0.705816,100.0000
2026.06.05,18:00:00,0.705667,0.705667,0.704871,0.704871,100.0000
2026.06.05,18:15:00,0.704970,0.705169,0.704871,0.704871,100.0000
2026.06.05,18:30:00,0.704920,0.705069,0.704722,0.704722,100.0000
2026.06.05,18:45:00,0.704573,0.704920,0.704573,0.704722,100.0000
2026.06.05,19:00:00,0.704473,0.704622,0.704325,0.704374,100.0000
2026.06.05,19:15:00,0.704275,0.704622,0.704275,0.704622,100.0000
2026.06.05,19:30:00,0.704473,0.704622,0.704374,0.704622,100.0000
2026.06.05,19:45:00,0.704672,0.704920,0.704672,0.704771,100.0000
2026.06.05,20:00:00,0.704771,0.704771,0.704077,0.704077,100.0000
2026.06.05,20:15:00,0.704077,0.704374,0.704077,0.704374,100.0000
2026.06.05,20:30:00,0.704275,0.704374,0.704126,0.704325,100.0000
2026.06.05,20:45:00,0.704325,0.704622,0.704325,0.704622,100.0000
2026.06.05,21:00:00,0.704970,0.704970,0.704970,0.704970,100.0000
2026.06.05,21:15:00,0.704970,0.704970,0.704970,0.704970,100.0000
2026.06.07,23:00:00,0.703631,0.704077,0.703631,0.704077,100.0000
2026.06.07,23:15:00,0.704027,0.704126,0.703878,0.704027,100.0000
2026.06.07,23:30:00,0.703977,0.704176,0.703977,0.704027,100.0000
2026.06.07,23:45:00,0.704077,0.704523,0.704077,0.704523,100.0000
2026.06.08,00:00:00,0.704424,0.704722,0.704424,0.704722,100.0000
2026.06.08,00:15:00,0.704672,0.705119,0.704672,0.705069,100.0000
2026.06.08,00:30:00,0.705119,0.705766,0.705119,0.705766,100.0000
2026.06.08,00:45:00,0.705667,0.706065,0.705667,0.706065,100.0000
2026.06.08,01:00:00,0.706015,0.706364,0.706015,0.706065,100.0000
2026.06.08,01:15:00,0.705965,0.705965,0.704424,0.704424,100.0000
2026.06.08,01:30:00,0.703878,0.704871,0.703878,0.704871,100.0000
2026.06.08,01:45:00,0.705069,0.705268,0.704970,0.705169,100.0000
2026.06.08,02:00:00,0.705219,0.705219,0.704523,0.704722,100.0000
2026.06.08,02:15:00,0.704821,0.705268,0.704672,0.705119,100.0000
2026.06.08,02:30:00,0.704970,0.705119,0.704970,0.705119,100.0000
2026.06.08,02:45:00,0.705219,0.705517,0.705219,0.705517,100.0000
2026.06.08,03:00:00,0.705467,0.705467,0.704970,0.704970,100.0000
2026.06.08,03:15:00,0.705020,0.705119,0.704771,0.704771,100.0000
2026.06.08,03:30:00,0.704970,0.705069,0.704871,0.704970,100.0000
2026.06.08,03:45:00,0.705020,0.705219,0.705020,0.705219,100.0000
2026.06.08,04:00:00,0.705368,0.705418,0.705069,0.705368,100.0000
2026.06.08,04:15:00,0.705418,0.705667,0.705318,0.705467,100.0000
2026.06.08,04:30:00,0.705467,0.705467,0.705020,0.705020,100.0000
2026.06.08,04:45:00,0.705020,0.705069,0.704672,0.704672,100.0000
2026.06.08,05:00:00,0.704871,0.705069,0.704821,0.704821,100.0000
2026.06.08,05:15:00,0.704722,0.705418,0.704722,0.705268,100.0000
2026.06.08,05:30:00,0.705119,0.705119,0.704275,0.704275,100.0000
2026.06.08,05:45:00,0.704225,0.704424,0.703829,0.703829,100.0000
2026.06.08,06:00:00,0.704374,0.704374,0.704126,0.704275,100.0000
2026.06.08,06:15:00,0.704176,0.704771,0.704176,0.704672,100.0000
2026.06.08,06:30:00,0.704573,0.704573,0.704077,0.704424,100.0000
2026.06.08,06:45:00,0.704473,0.704821,0.704473,0.704622,100.0000
2026.06.08,07:00:00,0.704622,0.705517,0.704622,0.705517,100.0000
2026.06.08,07:15:00,0.705368,0.706065,0.705368,0.705965,100.0000
2026.06.08,07:30:00,0.705816,0.705816,0.705368,0.705517,100.0000
2026.06.08,07:45:00,0.705617,0.705617,0.705119,0.705119,100.0000
2026.06.08,08:00:00,0.705020,0.705517,0.705020,0.705517,100.0000
2026.06.08,08:15:00,0.705368,0.705617,0.705219,0.705467,100.0000
2026.06.08,08:30:00,0.705567,0.705567,0.705119,0.705119,100.0000
2026.06.08,08:45:00,0.705119,0.705169,0.704771,0.705169,100.0000
2026.06.08,09:00:00,0.705119,0.705318,0.704871,0.704871,100.0000
2026.06.08,09:15:00,0.704871,0.705119,0.704672,0.704672,100.0000
2026.06.08,09:30:00,0.704473,0.704970,0.704225,0.704920,100.0000
2026.06.08,09:45:00,0.704970,0.705418,0.704970,0.705418,100.0000
2026.06.08,10:00:00,0.705368,0.705766,0.705368,0.705716,100.0000
2026.06.08,10:15:00,0.705716,0.705716,0.705268,0.705418,100.0000
2026.06.08,10:30:00,0.705467,0.706265,0.705467,0.706265,100.0000
2026.06.08,10:45:00,0.706364,0.706364,0.706015,0.706065,100.0000
2026.06.08,11:00:00,0.706015,0.706864,0.706015,0.706864,100.0000
2026.06.08,11:15:00,0.707414,0.707864,0.707164,0.707514,100.0000
2026.06.08,11:30:00,0.707664,0.707914,0.707364,0.707514,100.0000
2026.06.08,11:45:00,0.707414,0.707514,0.707214,0.707214,100.0000
2026.06.08,12:00:00,0.707564,0.707864,0.707564,0.707714,100.0000
2026.06.08,12:15:00,0.707364,0.707614,0.707264,0.707464,100.0000
2026.06.08,12:30:00,0.707564,0.707714,0.707264,0.707714,100.0000
2026.06.08,12:45:00,0.707464,0.707464,0.706914,0.707214,100.0000
2026.06.08,13:00:00,0.707364,0.707414,0.707214,0.707364,100.0000
2026.06.08,13:15:00,0.707214,0.707614,0.707164,0.707314,100.0000
2026.06.08,13:30:00,0.707364,0.707364,0.706764,0.706814,100.0000
2026.06.08,13:45:00,0.706664,0.706664,0.706015,0.706015,100.0000
2026.06.08,14:00:00,0.706065,0.706115,0.705467,0.705467,100.0000
2026.06.08,14:15:00,0.705517,0.705517,0.704920,0.705268,100.0000
2026.06.08,14:30:00,0.705418,0.705766,0.705418,0.705567,100.0000
2026.06.08,14:45:00,0.705816,0.706065,0.705716,0.706065,100.0000
2026.06.08,15:00:00,0.706065,0.706414,0.706065,0.706115,100.0000
2026.06.08,15:15:00,0.706115,0.706215,0.705716,0.705716,100.0000
2026.06.08,15:30:00,0.705467,0.705716,0.705368,0.705716,100.0000
2026.06.08,15:45:00,0.705716,0.705866,0.705617,0.705667,100.0000
2026.06.08,16:00:00,0.705517,0.705716,0.705467,0.705567,100.0000
2026.06.08,16:15:00,0.705667,0.705716,0.705418,0.705418,100.0000
2026.06.08,16:30:00,0.705467,0.705567,0.705418,0.705517,100.0000
2026.06.08,16:45:00,0.705617,0.705667,0.705368,0.705368,100.0000
2026.06.08,17:00:00,0.705268,0.705268,0.704871,0.704970,100.0000
2026.06.08,17:15:00,0.705069,0.705268,0.704970,0.705268,100.0000
2026.06.08,17:30:00,0.705119,0.705119,0.704920,0.704970,100.0000
2026.06.08,17:45:00,0.704970,0.705268,0.704970,0.705219,100.0000
2026.06.08,18:00:00,0.705268,0.705667,0.705268,0.705368,100.0000
2026.06.08,18:15:00,0.705318,0.705467,0.705268,0.705467,100.0000
2026.06.08,18:30:00,0.705567,0.705617,0.705219,0.705219,100.0000
2026.06.08,18:45:00,0.705169,0.705169,0.704722,0.704722,100.0000
2026.06.08,19:00:00,0.704771,0.704920,0.704622,0.704771,100.0000
2026.06.08,19:15:00,0.704622,0.704771,0.704573,0.704722,100.0000
2026.06.08,19:30:00,0.704821,0.704920,0.704771,0.704771,100.0000
2026.06.08,19:45:00,0.704722,0.704821,0.704622,0.704821,100.0000
2026.06.08,20:00:00,0.704771,0.704871,0.704771,0.704871,100.0000
2026.06.08,20:15:00,0.704821,0.704871,0.704672,0.704871,100.0000
2026.06.08,20:30:00,0.704821,0.704821,0.704771,0.704771,100.0000
2026.06.08,20:45:00,0.704722,0.704771,0.704672,0.704771,100.0000
2026.06.08,21:00:00,0.704722,0.704771,0.704622,0.704771,100.0000
2026.06.08,21:15:00,0.704771,0.704771,0.704722,0.704771,100.0000
2026.06.08,21:30:00,0.704722,0.704821,0.704722,0.704821,100.0000
2026.06.08,21:45:00,0.704722,0.704970,0.704722,0.704970,100.0000
2026.06.08,22:00:00,0.704771,0.704771,0.704523,0.704523,100.0000
2026.06.08,22:15:00,0.704523,0.704573,0.704424,0.704573,100.0000
2026.06.08,22:30:00,0.704622,0.704622,0.704523,0.704622,100.0000
2026.06.08,22:45:00,0.704573,0.704722,0.704573,0.704722,100.0000
2026.06.08,23:00:00,0.704771,0.704771,0.704722,0.704771,100.0000
2026.06.08,23:15:00,0.704722,0.704722,0.704573,0.704573,100.0000
2026.06.08,23:30:00,0.704473,0.704573,0.704424,0.704473,100.0000
2026.06.08,23:45:00,0.704424,0.704424,0.704077,0.704126,100.0000
2026.06.09,00:00:00,0.704027,0.704077,0.703878,0.704077,100.0000
2026.06.09,00:15:00,0.703730,0.704126,0.703730,0.704126,100.0000
2026.06.09,00:30:00,0.703977,0.704325,0.703977,0.704325,100.0000
2026.06.09,00:45:00,0.704275,0.704573,0.704225,0.704573,100.0000
2026.06.09,01:00:00,0.704771,0.704821,0.704622,0.704821,100.0000
2026.06.09,01:15:00,0.704821,0.705467,0.704821,0.705467,100.0000
2026.06.09,01:30:00,0.705318,0.705716,0.705318,0.705667,100.0000
2026.06.09,01:45:00,0.705866,0.705965,0.705816,0.705965,100.0000
2026.06.09,02:00:00,0.706065,0.706115,0.705916,0.705916,100.0000
2026.06.09,02:15:00,0.705916,0.705916,0.705119,0.705467,100.0000
2026.06.09,02:30:00,0.705467,0.705517,0.705169,0.705219,100.0000
2026.06.09,02:45:00,0.705418,0.705418,0.705069,0.705069,100.0000
2026.06.09,03:00:00,0.705020,0.705169,0.704970,0.705020,100.0000
2026.06.09,03:15:00,0.704920,0.705069,0.704523,0.704622,100.0000
2026.06.09,03:30:00,0.704771,0.704821,0.704424,0.704473,100.0000
2026.06.09,03:45:00,0.704722,0.704722,0.704424,0.704622,100.0000
2026.06.09,04:00:00,0.704622,0.705020,0.704622,0.705020,100.0000
2026.06.09,04:15:00,0.705069,0.705268,0.705069,0.705268,100.0000
2026.06.09,04:30:00,0.705368,0.705866,0.705368,0.705866,100.0000
2026.06.09,04:45:00,0.705766,0.705965,0.705766,0.705766,100.0000
2026.06.09,05:00:00,0.705866,0.705916,0.705567,0.705567,100.0000
2026.06.09,05:15:00,0.705567,0.705716,0.705418,0.705418,100.0000
2026.06.09,05:30:00,0.705517,0.706015,0.705517,0.705965,100.0000
2026.06.09,05:45:00,0.706065,0.706215,0.705965,0.705965,100.0000
2026.06.09,06:00:00,0.705916,0.706764,0.705916,0.706764,100.0000
2026.06.09,06:15:00,0.707014,0.707164,0.706414,0.706414,100.0000
2026.06.09,06:30:00,0.706464,0.706614,0.706314,0.706314,100.0000
2026.06.09,06:45:00,0.706215,0.706215,0.705965,0.706065,100.0000
2026.06.09,07:00:00,0.706215,0.706314,0.705916,0.705965,100.0000
2026.06.09,07:15:00,0.705716,0.705916,0.705567,0.705716,100.0000
2026.06.09,07:30:00,0.705716,0.705716,0.705368,0.705617,100.0000
2026.06.09,07:45:00,0.705617,0.705716,0.705418,0.705418,100.0000
2026.06.09,08:00:00,0.705268,0.705816,0.705020,0.705816,100.0000
2026.06.09,08:15:00,0.705517,0.705617,0.705418,0.705418,100.0000
2026.06.09,08:30:00,0.705418,0.705517,0.705318,0.705418,100.0000
2026.06.09,08:45:00,0.705418,0.705418,0.705069,0.705368,100.0000
2026.06.09,09:00:00,0.705517,0.705667,0.705517,0.705517,100.0000
2026.06.09,09:15:00,0.705617,0.705866,0.705467,0.705467,100.0000
2026.06.09,09:30:00,0.705418,0.705467,0.705268,0.705368,100.0000
2026.06.09,09:45:00,0.705467,0.705617,0.705318,0.705318,100.0000
2026.06.09,10:00:00,0.705268,0.705567,0.705069,0.705119,100.0000
2026.06.09,10:15:00,0.705418,0.706015,0.705418,0.706015,100.0000
2026.06.09,10:30:00,0.705965,0.705965,0.705816,0.705866,100.0000
2026.06.09,10:45:00,0.705916,0.705965,0.705866,0.705866,100.0000
2026.06.09,11:00:00,0.705916,0.706215,0.705916,0.705965,100.0000
2026.06.09,11:15:00,0.705866,0.706115,0.705866,0.706015,100.0000
2026.06.09,11:30:00,0.706015,0.706115,0.706015,0.706065,100.0000
2026.06.09,11:45:00,0.705965,0.706364,0.705916,0.706314,100.0000
2026.06.09,12:00:00,0.706314,0.706364,0.706265,0.706265,100.0000
2026.06.09,12:15:00,0.706215,0.706364,0.706215,0.706215,100.0000
2026.06.09,12:30:00,0.706265,0.706464,0.706165,0.706215,100.0000
2026.06.09,12:45:00,0.706215,0.706265,0.706165,0.706165,100.0000
2026.06.09,13:00:00,0.706265,0.706414,0.706265,0.706364,100.0000
2026.06.09,13:15:00,0.706314,0.706314,0.705667,0.705667,100.0000
2026.06.09,13:30:00,0.705716,0.705716,0.704970,0.705020,100.0000
2026.06.09,13:45:00,0.704920,0.706215,0.704920,0.705268,100.0000
2026.06.09,14:00:00,0.705467,0.705965,0.705318,0.705318,100.0000
2026.06.09,14:15:00,0.704970,0.705020,0.704374,0.704771,100.0000
2026.06.09,14:30:00,0.704473,0.704871,0.704275,0.704275,100.0000
2026.06.09,14:45:00,0.704027,0.704275,0.703680,0.704275,100.0000
2026.06.09,15:00:00,0.704325,0.704672,0.704225,0.704573,100.0000
2026.06.09,15:15:00,0.704722,0.704722,0.703383,0.703383,100.0000
2026.06.09,15:30:00,0.703334,0.703334,0.702593,0.703284,100.0000
2026.06.09,15:45:00,0.703235,0.703680,0.702839,0.703037,100.0000
2026.06.09,16:00:00,0.702988,0.703087,0.702543,0.702543,100.0000
2026.06.09,16:15:00,0.702445,0.702445,0.702198,0.702445,100.0000
2026.06.09,16:30:00,0.702149,0.702445,0.700918,0.700967,100.0000
2026.06.09,16:45:00,0.701361,0.701607,0.701361,0.701607,100.0000
2026.06.09,17:00:00,0.701951,0.702247,0.701951,0.702050,100.0000
2026.06.09,17:15:00,0.702149,0.703037,0.702149,0.702938,100.0000
2026.06.09,17:30:00,0.702790,0.703383,0.702790,0.703383,100.0000
2026.06.09,17:45:00,0.703185,0.703235,0.702889,0.703235,100.0000
2026.06.09,18:00:00,0.703235,0.703334,0.703136,0.703235,100.0000
2026.06.09,18:15:00,0.703334,0.703581,0.703185,0.703581,100.0000
2026.06.09,18:30:00,0.703730,0.703730,0.703383,0.703433,100.0000
2026.06.09,18:45:00,0.703334,0.703532,0.703185,0.703532,100.0000
2026.06.09,19:00:00,0.703433,0.703433,0.703087,0.703087,100.0000
2026.06.09,19:15:00,0.703037,0.703037,0.702593,0.702790,100.0000
2026.06.09,19:30:00,0.702889,0.702889,0.702691,0.702790,100.0000
2026.06.09,19:45:00,0.702790,0.703136,0.702642,0.703037,100.0000
2026.06.09,20:00:00,0.702889,0.703136,0.702889,0.702988,100.0000
2026.06.09,20:15:00,0.703037,0.703136,0.703037,0.703136,100.0000
2026.06.09,20:30:00,0.702988,0.703037,0.702938,0.703037,100.0000
2026.06.09,20:45:00,0.702988,0.702988,0.702938,0.702988,100.0000
2026.06.09,21:00:00,0.703136,0.703136,0.702988,0.702988,100.0000
2026.06.09,21:15:00,0.703185,0.703532,0.702395,0.702395,100.0000
2026.06.09,21:30:00,0.702050,0.702593,0.702050,0.702593,100.0000
2026.06.09,21:45:00,0.702593,0.702988,0.702543,0.702839,100.0000
2026.06.09,22:00:00,0.702790,0.702790,0.702494,0.702741,100.0000
2026.06.09,22:15:00,0.702691,0.702741,0.702593,0.702593,100.0000
2026.06.09,22:30:00,0.702543,0.702642,0.702445,0.702445,100.0000
2026.06.09,22:45:00,0.702346,0.702346,0.702050,0.702247,100.0000
2026.06.09,23:00:00,0.702198,0.702494,0.702198,0.702445,100.0000
2026.06.09,23:15:00,0.702296,0.702296,0.701902,0.701902,100.0000
2026.06.09,23:30:00,0.701853,0.702099,0.701853,0.702099,100.0000
2026.06.09,23:45:00,0.702149,0.702543,0.702149,0.702543,100.0000
2026.06.10,00:00:00,0.702494,0.702988,0.702494,0.702988,100.0000
2026.06.10,00:15:00,0.703334,0.703334,0.703087,0.703235,100.0000
2026.06.10,00:30:00,0.703087,0.703087,0.702346,0.702346,100.0000
2026.06.10,00:45:00,0.702149,0.703235,0.702149,0.703235,100.0000
2026.06.10,01:00:00,0.703087,0.703087,0.702790,0.702938,100.0000
2026.06.10,01:15:00,0.702889,0.703284,0.702889,0.703037,100.0000
2026.06.10,01:30:00,0.702889,0.703235,0.702889,0.702938,100.0000
2026.06.10,01:45:00,0.703037,0.703185,0.702790,0.702938,100.0000
2026.06.10,02:00:00,0.702889,0.702889,0.702593,0.702889,100.0000
2026.06.10,02:15:00,0.702839,0.702889,0.702543,0.702889,100.0000
2026.06.10,02:30:00,0.702988,0.702988,0.702691,0.702790,100.0000
2026.06.10,02:45:00,0.702741,0.702790,0.702346,0.702346,100.0000
2026.06.10,03:00:00,0.702445,0.702938,0.702445,0.702938,100.0000
2026.06.10,03:15:00,0.702839,0.703037,0.702691,0.702691,100.0000
2026.06.10,03:30:00,0.702593,0.702593,0.702445,0.702445,100.0000
2026.06.10,03:45:00,0.702543,0.702988,0.702543,0.702938,100.0000
2026.06.10,04:00:00,0.702938,0.702938,0.702593,0.702593,100.0000
2026.06.10,04:15:00,0.702543,0.702593,0.702445,0.702445,100.0000
2026.06.10,04:30:00,0.702395,0.702395,0.701902,0.701902,100.0000
2026.06.10,04:45:00,0.701853,0.702099,0.701853,0.702050,100.0000
2026.06.10,05:00:00,0.701951,0.702001,0.701557,0.701557,100.0000
2026.06.10,05:15:00,0.701459,0.701853,0.701164,0.701853,100.0000
2026.06.10,05:30:00,0.702001,0.702247,0.702001,0.702149,100.0000
2026.06.10,05:45:00,0.702050,0.702247,0.702001,0.702198,100.0000
2026.06.10,06:00:00,0.702296,0.702790,0.702296,0.702593,100.0000
2026.06.10,06:15:00,0.702395,0.702445,0.702099,0.702198,100.0000
2026.06.10,06:30:00,0.702198,0.702543,0.702198,0.702543,100.0000
2026.06.10,06:45:00,0.702494,0.702691,0.702050,0.702050,100.0000
2026.06.10,07:00:00,0.702001,0.702198,0.702001,0.702149,100.0000
2026.06.10,07:15:00,0.702296,0.702445,0.702001,0.702001,100.0000
2026.06.10,07:30:00,0.702149,0.702149,0.702050,0.702149,100.0000
2026.06.10,07:45:00,0.702149,0.702198,0.702001,0.702001,100.0000
2026.06.10,08:00:00,0.701804,0.701804,0.701311,0.701557,100.0000
2026.06.10,08:15:00,0.701607,0.701853,0.701607,0.701853,100.0000
2026.06.10,08:30:00,0.701705,0.701853,0.701607,0.701607,100.0000
2026.06.10,08:45:00,0.701361,0.701557,0.701213,0.701213,100.0000
2026.06.10,09:00:00,0.701164,0.701262,0.700967,0.700967,100.0000
2026.06.10,09:15:00,0.700722,0.701213,0.700722,0.701164,100.0000
2026.06.10,09:30:00,0.701164,0.701213,0.700967,0.700967,100.0000
2026.06.10,09:45:00,0.701164,0.701311,0.701164,0.701311,100.0000
2026.06.10,10:00:00,0.701213,0.701311,0.701016,0.701066,100.0000
2026.06.10,10:15:00,0.701066,0.701262,0.700967,0.701262,100.0000
2026.06.10,10:30:00,0.701213,0.701213,0.701066,0.701213,100.0000
2026.06.10,10:45:00,0.701164,0.701459,0.701164,0.701361,100.0000
2026.06.10,11:00:00,0.701361,0.701361,0.700182,0.701115,100.0000
2026.06.10,11:15:00,0.701262,0.701262,0.700574,0.700574,100.0000
2026.06.10,11:30:00,0.700624,0.700624,0.700133,0.700280,100.0000
2026.06.10,11:45:00,0.700133,0.700427,0.700133,0.700329,100.0000
2026.06.10,12:00:00,0.700280,0.700722,0.700280,0.700722,100.0000
2026.06.10,12:15:00,0.700869,0.701262,0.700624,0.701262,100.0000
2026.06.10,12:30:00,0.702001,0.702050,0.701804,0.701902,100.0000
2026.06.10,12:45:00,0.702247,0.702741,0.701508,0.701508,100.0000
2026.06.10,13:00:00,0.701557,0.701656,0.701508,0.701656,100.0000
2026.06.10,13:15:00,0.702099,0.702543,0.701902,0.702395,100.0000
2026.06.10,13:30:00,0.702494,0.703482,0.702445,0.703482,100.0000
2026.06.10,13:45:00,0.703829,0.703928,0.703136,0.703136,100.0000
2026.06.10,14:00:00,0.702988,0.703482,0.702938,0.703482,100.0000
2026.06.10,14:15:00,0.703284,0.703284,0.702543,0.702741,100.0000
2026.06.10,14:30:00,0.702593,0.703087,0.702593,0.702691,100.0000
2026.06.10,14:45:00,0.702691,0.702790,0.702247,0.702247,100.0000
2026.06.10,15:00:00,0.702494,0.702741,0.701902,0.702050,100.0000
2026.06.10,15:15:00,0.702099,0.702445,0.701804,0.702445,100.0000
2026.06.10,15:30:00,0.702494,0.702642,0.702247,0.702445,100.0000
2026.06.10,15:45:00,0.702691,0.702691,0.701705,0.702247,100.0000
2026.06.10,16:00:00,0.702346,0.702642,0.702247,0.702395,100.0000
2026.06.10,16:15:00,0.702543,0.702741,0.702395,0.702642,100.0000
2026.06.10,16:30:00,0.702494,0.702790,0.702445,0.702445,100.0000
2026.06.10,16:45:00,0.702395,0.702395,0.701951,0.701951,100.0000
2026.06.10,17:00:00,0.702050,0.702395,0.701705,0.701804,100.0000
2026.06.10,17:15:00,0.701754,0.701902,0.701754,0.701853,100.0000
2026.06.10,17:30:00,0.701705,0.701705,0.701262,0.701262,100.0000
2026.06.10,17:45:00,0.701213,0.702050,0.701213,0.702050,100.0000
2026.06.10,18:00:00,0.702099,0.702395,0.702099,0.702198,100.0000
2026.06.10,18:15:00,0.702099,0.702099,0.701705,0.701902,100.0000
2026.06.10,18:30:00,0.701754,0.701754,0.701459,0.701459,100.0000
2026.06.10,18:45:00,0.701459,0.701508,0.701213,0.701311,100.0000
2026.06.10,19:00:00,0.701115,0.701262,0.700771,0.700771,100.0000
2026.06.10,19:15:00,0.700722,0.700722,0.700378,0.700427,100.0000
2026.06.10,19:30:00,0.700525,0.700673,0.700427,0.700427,100.0000
2026.06.10,19:45:00,0.700525,0.700525,0.700280,0.700280,100.0000
2026.06.10,20:00:00,0.700182,0.700182,0.699986,0.699986,100.0000
2026.06.10,20:15:00,0.699986,0.700231,0.699937,0.700231,100.0000
2026.06.10,20:30:00,0.700133,0.700280,0.700084,0.700084,100.0000
2026.06.10,20:45:00,0.699986,0.699986,0.699741,0.699937,100.0000
2026.06.10,21:00:00,0.700231,0.700476,0.699986,0.700231,100.0000
2026.06.10,21:15:00,0.700231,0.700280,0.700084,0.700084,100.0000
2026.06.10,21:30:00,0.699937,0.700084,0.699888,0.700084,100.0000
2026.06.10,21:45:00,0.700084,0.700084,0.699839,0.699888,100.0000
2026.06.10,22:00:00,0.699741,0.699741,0.699447,0.699447,100.0000
2026.06.10,22:15:00,0.699545,0.699545,0.699301,0.699496,100.0000
2026.06.10,22:30:00,0.699545,0.699790,0.699545,0.699790,100.0000
2026.06.10,22:45:00,0.699692,0.699839,0.699545,0.699545,100.0000
2026.06.10,23:00:00,0.699301,0.699447,0.699105,0.699105,100.0000
2026.06.10,23:15:00,0.699154,0.699986,0.699056,0.699937,100.0000
2026.06.10,23:30:00,0.699790,0.700182,0.699643,0.700182,100.0000
2026.06.10,23:45:00,0.699888,0.699888,0.699594,0.699594,100.0000
2026.06.11,00:00:00,0.699888,0.699888,0.699399,0.699741,100.0000
2026.06.11,00:15:00,0.699790,0.700329,0.699790,0.700329,100.0000
2026.06.11,00:30:00,0.700133,0.700133,0.699839,0.700035,100.0000
2026.06.11,00:45:00,0.699839,0.700084,0.699839,0.700035,100.0000
2026.06.11,01:00:00,0.700182,0.701115,0.700084,0.701115,100.0000
2026.06.11,01:15:00,0.701016,0.701115,0.700869,0.701115,100.0000
2026.06.11,01:30:00,0.701016,0.701213,0.700869,0.701066,100.0000
2026.06.11,01:45:00,0.700967,0.701016,0.700624,0.700918,100.0000
2026.06.11,02:00:00,0.700918,0.700967,0.700624,0.700624,100.0000
2026.06.11,02:15:00,0.700574,0.700673,0.700329,0.700329,100.0000
2026.06.11,02:30:00,0.700378,0.700525,0.700329,0.700476,100.0000
2026.06.11,02:45:00,0.700476,0.700673,0.700476,0.700574,100.0000
2026.06.11,03:00:00,0.700673,0.700673,0.700084,0.700084,100.0000
2026.06.11,03:15:00,0.700231,0.700476,0.700231,0.700476,100.0000
2026.06.11,03:30:00,0.700525,0.700574,0.700378,0.700574,100.0000
2026.06.11,03:45:00,0.700525,0.700525,0.700378,0.700378,100.0000
2026.06.11,04:00:00,0.700427,0.700525,0.700280,0.700525,100.0000
2026.06.11,04:15:00,0.700525,0.700574,0.700427,0.700574,100.0000
2026.06.11,04:30:00,0.700673,0.700967,0.700624,0.700967,100.0000
2026.06.11,04:45:00,0.701066,0.701213,0.700918,0.701066,100.0000
2026.06.11,05:00:00,0.700918,0.701262,0.700918,0.701262,100.0000
2026.06.11,05:15:00,0.701311,0.701410,0.701164,0.701164,100.0000
2026.06.11,05:30:00,0.701164,0.701213,0.701115,0.701115,100.0000
2026.06.11,05:45:00,0.701164,0.701213,0.700869,0.700967,100.0000
2026.06.11,06:00:00,0.700722,0.700820,0.700427,0.700820,100.0000
2026.06.11,06:15:00,0.700820,0.700967,0.700771,0.700869,100.0000
2026.06.11,06:30:00,0.700624,0.701016,0.700624,0.701016,100.0000
2026.06.11,06:45:00,0.700918,0.700918,0.700525,0.700525,100.0000
2026.06.11,07:00:00,0.700427,0.700722,0.700378,0.700476,100.0000
2026.06.11,07:15:00,0.700378,0.700967,0.700378,0.700918,100.0000
2026.06.11,07:30:00,0.701016,0.701016,0.700574,0.700624,100.0000
2026.06.11,07:45:00,0.700574,0.700574,0.700182,0.700378,100.0000
2026.06.11,08:00:00,0.700378,0.700378,0.700035,0.700084,100.0000
2026.06.11,08:15:00,0.700084,0.700084,0.699888,0.699937,100.0000
2026.06.11,08:30:00,0.699839,0.700084,0.699790,0.699790,100.0000
2026.06.11,08:45:00,0.699790,0.699790,0.699350,0.699594,100.0000
2026.06.11,09:00:00,0.699545,0.699790,0.699496,0.699545,100.0000
2026.06.11,09:15:00,0.699692,0.699937,0.699594,0.699692,100.0000
2026.06.11,09:30:00,0.699692,0.700035,0.699692,0.699986,100.0000
2026.06.11,09:45:00,0.700084,0.700182,0.699937,0.699937,100.0000
2026.06.11,10:00:00,0.699986,0.699986,0.699692,0.699692,100.0000
2026.06.11,10:15:00,0.699692,0.699839,0.699545,0.699741,100.0000
2026.06.11,10:30:00,0.699692,0.699839,0.699692,0.699790,100.0000
2026.06.11,10:45:00,0.699839,0.699888,0.699741,0.699790,100.0000
2026.06.11,11:00:00,0.699839,0.699986,0.699741,0.699888,100.0000
2026.06.11,11:15:00,0.699839,0.699839,0.699643,0.699741,100.0000
2026.06.11,11:30:00,0.699986,0.700084,0.699888,0.699937,100.0000
2026.06.11,11:45:00,0.699986,0.699986,0.699790,0.699937,100.0000
2026.06.11,12:00:00,0.700035,0.700035,0.699790,0.699888,100.0000
2026.06.11,12:15:00,0.699790,0.699839,0.698568,0.699007,100.0000
2026.06.11,12:30:00,0.699154,0.699154,0.698324,0.698617,100.0000
2026.06.11,12:45:00,0.698568,0.699399,0.698568,0.699154,100.0000
2026.06.11,13:00:00,0.699056,0.699056,0.698617,0.698617,100.0000
2026.06.11,13:15:00,0.698422,0.698812,0.698275,0.698812,100.0000
2026.06.11,13:30:00,0.698910,0.699154,0.698910,0.698959,100.0000
2026.06.11,13:45:00,0.699056,0.699545,0.699056,0.699252,100.0000
2026.06.11,14:00:00,0.699301,0.699301,0.698422,0.698422,100.0000
2026.06.11,14:15:00,0.698519,0.698812,0.698275,0.698763,100.0000
2026.06.11,14:30:00,0.698714,0.699154,0.698714,0.699105,100.0000
2026.06.11,14:45:00,0.699007,0.699056,0.698665,0.698665,100.0000
2026.06.11,15:00:00,0.698812,0.699545,0.698812,0.699545,100.0000
2026.06.11,15:15:00,0.699447,0.699888,0.699447,0.699692,100.0000
2026.06.11,15:30:00,0.699594,0.699986,0.699594,0.699986,100.0000
2026.06.11,15:45:00,0.699937,0.699937,0.699545,0.699643,100.0000
2026.06.11,16:00:00,0.699790,0.699790,0.699545,0.699741,100.0000
2026.06.11,16:15:00,0.699741,0.699741,0.699496,0.699496,100.0000
2026.06.11,16:30:00,0.699399,0.699790,0.699399,0.699594,100.0000
2026.06.11,16:45:00,0.699594,0.699594,0.699105,0.699105,100.0000
2026.06.11,17:00:00,0.699154,0.699203,0.698910,0.699007,100.0000
2026.06.11,17:15:00,0.699007,0.699937,0.698763,0.699937,100.0000
2026.06.11,17:30:00,0.701361,0.703433,0.701361,0.703383,100.0000
2026.06.11,17:45:00,0.703433,0.703433,0.702642,0.702889,100.0000
2026.06.11,18:00:00,0.702889,0.702889,0.702001,0.702543,100.0000
2026.06.11,18:15:00,0.702543,0.703334,0.702543,0.703136,100.0000
2026.06.11,18:30:00,0.703136,0.703136,0.702741,0.703136,100.0000
2026.06.11,18:45:00,0.703383,0.703779,0.703383,0.703383,100.0000
2026.06.11,19:00:00,0.703631,0.704275,0.703631,0.704275,100.0000
2026.06.11,19:15:00,0.704622,0.704970,0.704473,0.704970,100.0000
2026.06.11,19:30:00,0.705517,0.705517,0.705268,0.705467,100.0000
2026.06.11,19:45:00,0.705268,0.705268,0.705069,0.705169,100.0000
2026.06.11,20:00:00,0.705119,0.705368,0.705119,0.705318,100.0000
2026.06.11,20:15:00,0.705368,0.705517,0.705219,0.705219,100.0000
2026.06.11,20:30:00,0.705318,0.705318,0.704771,0.704771,100.0000
2026.06.11,20:45:00,0.704821,0.705368,0.704771,0.705368,100.0000
2026.06.11,21:00:00,0.704523,0.704970,0.704523,0.704821,100.0000
2026.06.11,21:15:00,0.704821,0.705069,0.704722,0.704722,100.0000
2026.06.11,21:30:00,0.704821,0.704871,0.704722,0.704722,100.0000
2026.06.11,21:45:00,0.704771,0.705418,0.704771,0.705119,100.0000
2026.06.11,22:00:00,0.705418,0.705418,0.705069,0.705069,100.0000
2026.06.11,22:15:00,0.705069,0.705169,0.705020,0.705119,100.0000
2026.06.11,22:30:00,0.705069,0.705069,0.704821,0.705020,100.0000
2026.06.11,22:45:00,0.705069,0.705418,0.705069,0.705418,100.0000
2026.06.11,23:00:00,0.705418,0.705517,0.705268,0.705268,100.0000
2026.06.11,23:15:00,0.705318,0.705318,0.704871,0.704871,100.0000
2026.06.11,23:30:00,0.704821,0.705069,0.704722,0.705020,100.0000
2026.06.11,23:45:00,0.704970,0.705169,0.704920,0.704920,100.0000
2026.06.12,00:00:00,0.704672,0.704771,0.704523,0.704722,100.0000
2026.06.12,00:15:00,0.704473,0.704970,0.704473,0.704970,100.0000
2026.06.12,00:30:00,0.704970,0.704970,0.704573,0.704573,100.0000
2026.06.12,00:45:00,0.704424,0.704672,0.704424,0.704523,100.0000
2026.06.12,01:00:00,0.704672,0.704672,0.703928,0.703928,100.0000
2026.06.12,01:15:00,0.704027,0.704077,0.703284,0.703284,100.0000
2026.06.12,01:30:00,0.703482,0.703581,0.703235,0.703383,100.0000
2026.06.12,01:45:00,0.703284,0.703779,0.703284,0.703779,100.0000
2026.06.12,02:00:00,0.703730,0.704176,0.703730,0.704126,100.0000
2026.06.12,02:15:00,0.704176,0.704176,0.703532,0.703532,100.0000
2026.06.12,02:30:00,0.703433,0.703482,0.703185,0.703284,100.0000
2026.06.12,02:45:00,0.703383,0.703829,0.703383,0.703829,100.0000
2026.06.12,03:00:00,0.703878,0.703878,0.703631,0.703631,100.0000
2026.06.12,03:15:00,0.703730,0.703977,0.703730,0.703977,100.0000
2026.06.12,03:30:00,0.704027,0.704523,0.704027,0.704523,100.0000
2026.06.12,03:45:00,0.704473,0.704473,0.704126,0.704225,100.0000
2026.06.12,04:00:00,0.704027,0.704176,0.703977,0.704176,100.0000
2026.06.12,04:15:00,0.704374,0.704424,0.704176,0.704424,100.0000
2026.06.12,04:30:00,0.704473,0.704722,0.704473,0.704722,100.0000
2026.06.12,04:45:00,0.704722,0.704722,0.704325,0.704325,100.0000
2026.06.12,05:00:00,0.704325,0.704424,0.703928,0.703977,100.0000
2026.06.12,05:15:00,0.703878,0.703878,0.703581,0.703581,100.0000
2026.06.12,05:30:00,0.703433,0.703532,0.703383,0.703383,100.0000
2026.06.12,05:45:00,0.703433,0.703433,0.702839,0.703037,100.0000
2026.06.12,06:00:00,0.703334,0.704225,0.703334,0.704225,100.0000
2026.06.12,06:15:00,0.703977,0.703977,0.703532,0.703680,100.0000
2026.06.12,06:30:00,0.703680,0.703680,0.703383,0.703482,100.0000
2026.06.12,06:45:00,0.703334,0.703482,0.703185,0.703482,100.0000
2026.06.12,07:00:00,0.703482,0.703482,0.702790,0.702790,100.0000
2026.06.12,07:15:00,0.702741,0.702938,0.702691,0.702691,100.0000
2026.06.12,07:30:00,0.702691,0.702691,0.702395,0.702593,100.0000
2026.06.12,07:45:00,0.702889,0.703482,0.702691,0.703482,100.0000
2026.06.12,08:00:00,0.703334,0.703779,0.703334,0.703581,100.0000
2026.06.12,08:15:00,0.703680,0.705119,0.703680,0.704374,100.0000
2026.06.12,08:30:00,0.704374,0.704722,0.704275,0.704473,100.0000
2026.06.12,08:45:00,0.704473,0.704672,0.704424,0.704523,100.0000
2026.06.12,09:00:00,0.704275,0.704573,0.704225,0.704473,100.0000
2026.06.12,09:15:00,0.704573,0.705567,0.704573,0.705467,100.0000
2026.06.12,09:30:00,0.705418,0.705418,0.705119,0.705119,100.0000
2026.06.12,09:45:00,0.704970,0.704970,0.704722,0.704970,100.0000
2026.06.12,10:00:00,0.704821,0.705268,0.704821,0.705020,100.0000
2026.06.12,10:15:00,0.704920,0.704920,0.703977,0.704126,100.0000
2026.06.12,10:30:00,0.704275,0.704821,0.704275,0.704622,100.0000
2026.06.12,10:45:00,0.704622,0.704871,0.704424,0.704473,100.0000
2026.06.12,11:00:00,0.704473,0.704473,0.704027,0.704027,100.0000
2026.06.12,11:15:00,0.704176,0.704523,0.704176,0.704325,100.0000
2026.06.12,11:30:00,0.704424,0.704523,0.704275,0.704523,100.0000
2026.06.12,11:45:00,0.704672,0.704672,0.704225,0.704225,100.0000
2026.06.12,12:00:00,0.704176,0.704176,0.703878,0.703977,100.0000
2026.06.12,12:15:00,0.704027,0.704077,0.703631,0.703631,100.0000
2026.06.12,12:30:00,0.703680,0.703878,0.703631,0.703878,100.0000
2026.06.12,12:45:00,0.703680,0.703928,0.703680,0.703829,100.0000
2026.06.12,13:00:00,0.703730,0.704275,0.703730,0.704126,100.0000
2026.06.12,13:15:00,0.704225,0.704821,0.704225,0.704771,100.0000
2026.06.12,13:30:00,0.704821,0.704821,0.703532,0.703532,100.0000
2026.06.12,13:45:00,0.703680,0.703878,0.703631,0.703878,100.0000
2026.06.12,14:00:00,0.704473,0.704771,0.704473,0.704622,100.0000
2026.06.12,14:15:00,0.704573,0.704722,0.704176,0.704374,100.0000
2026.06.12,14:30:00,0.704473,0.704821,0.704424,0.704523,100.0000
2026.06.12,14:45:00,0.704275,0.705268,0.704126,0.705268,100.0000
2026.06.12,15:00:00,0.705467,0.705467,0.705169,0.705368,100.0000
2026.06.12,15:15:00,0.705567,0.706015,0.705368,0.706015,100.0000
2026.06.12,15:30:00,0.706015,0.706015,0.705169,0.705169,100.0000
2026.06.12,15:45:00,0.705119,0.705268,0.704970,0.704970,100.0000
2026.06.12,16:00:00,0.704970,0.705219,0.704622,0.705219,100.0000
2026.06.12,16:15:00,0.705119,0.705368,0.705069,0.705268,100.0000
2026.06.12,16:30:00,0.705219,0.705418,0.705119,0.705169,100.0000
2026.06.12,16:45:00,0.705069,0.705318,0.705069,0.705219,100.0000
2026.06.12,17:00:00,0.705219,0.705418,0.705169,0.705169,100.0000
2026.06.12,17:15:00,0.705119,0.705268,0.705119,0.705219,100.0000
2026.06.12,17:30:00,0.705169,0.705268,0.705069,0.705268,100.0000
2026.06.12,17:45:00,0.705169,0.705219,0.704970,0.705069,100.0000
2026.06.12,18:00:00,0.705119,0.705119,0.704871,0.705119,100.0000
2026.06.12,18:15:00,0.705020,0.705169,0.705020,0.705169,100.0000
2026.06.12,18:30:00,0.705268,0.705418,0.705268,0.705318,100.0000
2026.06.12,18:45:00,0.705318,0.705368,0.705169,0.705169,100.0000
2026.06.12,19:00:00,0.705119,0.705318,0.705119,0.705268,100.0000
2026.06.12,19:15:00,0.705169,0.705268,0.705119,0.705169,100.0000
2026.06.12,19:30:00,0.705169,0.705169,0.704920,0.705020,100.0000
2026.06.12,19:45:00,0.704871,0.705219,0.704821,0.705219,100.0000
2026.06.12,20:00:00,0.705368,0.705368,0.705119,0.705119,100.0000
2026.06.12,20:15:00,0.705119,0.705169,0.705069,0.705069,100.0000
2026.06.12,20:30:00,0.704920,0.704920,0.704871,0.704920,100.0000
2026.06.12,20:45:00,0.704871,0.704920,0.704722,0.704871,100.0000
2026.06.12,21:00:00,0.704871,0.704871,0.704871,0.704871,100.0000
2026.06.12,21:15:00,0.704871,0.704871,0.704871,0.704871,100.0000
2026.06.14,23:00:00,0.707914,0.707914,0.707514,0.707614,100.0000
2026.06.14,23:15:00,0.707514,0.707564,0.707414,0.707564,100.0000
2026.06.14,23:30:00,0.707514,0.707864,0.707464,0.707864,100.0000
2026.06.14,23:45:00,0.708015,0.708215,0.707764,0.707764,100.0000
2026.06.15,00:00:00,0.707864,0.708416,0.707864,0.708416,100.0000
2026.06.15,00:15:00,0.708265,0.708818,0.708265,0.708617,100.0000
2026.06.15,00:30:00,0.708366,0.708466,0.708065,0.708215,100.0000
2026.06.15,00:45:00,0.708015,0.708015,0.707114,0.707114,100.0000
2026.06.15,01:00:00,0.706914,0.707314,0.706814,0.707314,100.0000
2026.06.15,01:15:00,0.707214,0.707414,0.707214,0.707414,100.0000
2026.06.15,01:30:00,0.707414,0.707514,0.707364,0.707364,100.0000
2026.06.15,01:45:00,0.707364,0.707814,0.707364,0.707464,100.0000
2026.06.15,02:00:00,0.707614,0.707814,0.707464,0.707464,100.0000
2026.06.15,02:15:00,0.707514,0.707914,0.707414,0.707914,100.0000
2026.06.15,02:30:00,0.707914,0.708115,0.707814,0.707864,100.0000
2026.06.15,02:45:00,0.707914,0.708065,0.707864,0.708015,100.0000
2026.06.15,03:00:00,0.707914,0.708115,0.707864,0.708065,100.0000
2026.06.15,03:15:00,0.708065,0.708316,0.708065,0.708165,100.0000
2026.06.15,03:30:00,0.708265,0.708667,0.708265,0.708617,100.0000
2026.06.15,03:45:00,0.708567,0.708667,0.708466,0.708466,100.0000
2026.06.15,04:00:00,0.708466,0.708466,0.708165,0.708165,100.0000
2026.06.15,04:15:00,0.708215,0.708265,0.708065,0.708265,100.0000
2026.06.15,04:30:00,0.708265,0.708366,0.708215,0.708265,100.0000
2026.06.15,04:45:00,0.708366,0.708416,0.708316,0.708416,100.0000
2026.06.15,05:00:00,0.708516,0.708818,0.708466,0.708818,100.0000
2026.06.15,05:15:00,0.708918,0.708968,0.708818,0.708918,100.0000
2026.06.15,05:30:00,0.708918,0.708918,0.708466,0.708567,100.0000
2026.06.15,05:45:00,0.708617,0.708667,0.708316,0.708316,100.0000
2026.06.15,06:00:00,0.708466,0.708466,0.707814,0.707965,100.0000
2026.06.15,06:15:00,0.708015,0.708065,0.707764,0.707814,100.0000
2026.06.15,06:30:00,0.707514,0.707714,0.707264,0.707664,100.0000
2026.06.15,06:45:00,0.707764,0.707764,0.707564,0.707564,100.0000
2026.06.15,07:00:00,0.707664,0.707664,0.707514,0.707614,100.0000
2026.06.15,07:15:00,0.707564,0.707614,0.707464,0.707614,100.0000
2026.06.15,07:30:00,0.707464,0.707464,0.707014,0.707314,100.0000
2026.06.15,07:45:00,0.707214,0.707414,0.707164,0.707414,100.0000
2026.06.15,08:00:00,0.707314,0.707464,0.707164,0.707464,100.0000
2026.06.15,08:15:00,0.707514,0.707714,0.707514,0.707714,100.0000
2026.06.15,08:30:00,0.707614,0.707814,0.707514,0.707514,100.0000
2026.06.15,08:45:00,0.707314,0.707314,0.707014,0.707314,100.0000
2026.06.15,09:00:00,0.707464,0.707914,0.707464,0.707764,100.0000
2026.06.15,09:15:00,0.707564,0.707564,0.707264,0.707314,100.0000
2026.06.15,09:30:00,0.707314,0.707564,0.707314,0.707414,100.0000
2026.06.15,09:45:00,0.707514,0.707564,0.707314,0.707314,100.0000
2026.06.15,10:00:00,0.707314,0.707314,0.707164,0.707264,100.0000
2026.06.15,10:15:00,0.707214,0.707464,0.707214,0.707464,100.0000
2026.06.15,10:30:00,0.707414,0.707864,0.707414,0.707664,100.0000
2026.06.15,10:45:00,0.707614,0.707764,0.707614,0.707614,100.0000
2026.06.15,11:00:00,0.707564,0.707664,0.707514,0.707564,100.0000
2026.06.15,11:15:00,0.707414,0.707464,0.707264,0.707264,100.0000
2026.06.15,11:30:00,0.707364,0.707464,0.707264,0.707264,100.0000
2026.06.15,11:45:00,0.707214,0.707564,0.707214,0.707414,100.0000
2026.06.15,12:00:00,0.707364,0.707364,0.706914,0.706914,100.0000
2026.06.15,12:15:00,0.706814,0.707014,0.706714,0.706964,100.0000
2026.06.15,12:30:00,0.707114,0.707264,0.707114,0.707264,100.0000
2026.06.15,12:45:00,0.707314,0.707514,0.707264,0.707264,100.0000
2026.06.15,13:00:00,0.707314,0.707464,0.707264,0.707464,100.0000
2026.06.15,13:15:00,0.707564,0.707814,0.707514,0.707714,100.0000
2026.06.15,13:30:00,0.707814,0.707814,0.707614,0.707614,100.0000
2026.06.15,13:45:00,0.707664,0.707814,0.707564,0.707664,100.0000
2026.06.15,14:00:00,0.707564,0.707965,0.707564,0.707664,100.0000
2026.06.15,14:15:00,0.707664,0.707664,0.707464,0.707614,100.0000
2026.06.15,14:30:00,0.707614,0.707614,0.707314,0.707564,100.0000
2026.06.15,14:45:00,0.707614,0.708868,0.707614,0.708868,100.0000
2026.06.15,15:00:00,0.708818,0.708968,0.708767,0.708818,100.0000
2026.06.15,15:15:00,0.708717,0.708717,0.708516,0.708667,100.0000
2026.06.15,15:30:00,0.708516,0.708516,0.708215,0.708215,100.0000
2026.06.15,15:45:00,0.708215,0.708265,0.708215,0.708265,100.0000
2026.06.15,16:00:00,0.708265,0.708416,0.708265,0.708416,100.0000
2026.06.15,16:15:00,0.708516,0.708516,0.708316,0.708316,100.0000
2026.06.15,16:30:00,0.708416,0.708416,0.708115,0.708115,100.0000
2026.06.15,16:45:00,0.708215,0.708366,0.708115,0.708366,100.0000
2026.06.15,17:00:00,0.708316,0.708316,0.708165,0.708265,100.0000
2026.06.15,17:15:00,0.708316,0.708316,0.708015,0.708215,100.0000
2026.06.15,17:30:00,0.708115,0.708115,0.707864,0.707864,100.0000
2026.06.15,17:45:00,0.707965,0.708065,0.707914,0.707965,100.0000
2026.06.15,18:00:00,0.707965,0.707965,0.707914,0.707914,100.0000
2026.06.15,18:15:00,0.707914,0.707965,0.707814,0.707814,100.0000
2026.06.15,18:30:00,0.707614,0.707814,0.707614,0.707764,100.0000
2026.06.15,18:45:00,0.707714,0.707864,0.707714,0.707714,100.0000
2026.06.15,19:00:00,0.707764,0.707764,0.707364,0.707364,100.0000
2026.06.15,19:15:00,0.707464,0.707464,0.707364,0.707414,100.0000
2026.06.15,19:30:00,0.707564,0.707614,0.707514,0.707564,100.0000
2026.06.15,19:45:00,0.707614,0.707664,0.707264,0.707264,100.0000
2026.06.15,20:00:00,0.707164,0.707364,0.707164,0.707314,100.0000
2026.06.15,20:15:00,0.707364,0.707364,0.707264,0.707314,100.0000
2026.06.15,20:30:00,0.707414,0.707414,0.707264,0.707264,100.0000
2026.06.15,20:45:00,0.707264,0.707264,0.707214,0.707264,100.0000
2026.06.15,21:00:00,0.707914,0.707914,0.707464,0.707514,100.0000
2026.06.15,21:15:00,0.707514,0.707564,0.707514,0.707564,100.0000
2026.06.15,21:30:00,0.707564,0.707664,0.707514,0.707564,100.0000
2026.06.15,21:45:00,0.707564,0.707564,0.707364,0.707464,100.0000
2026.06.15,22:00:00,0.707364,0.707464,0.707314,0.707314,100.0000
2026.06.15,22:15:00,0.707314,0.707314,0.707064,0.707064,100.0000
2026.06.15,22:30:00,0.707064,0.707114,0.707014,0.707014,100.0000
2026.06.15,22:45:00,0.707014,0.707214,0.706964,0.707214,100.0000
2026.06.15,23:00:00,0.707214,0.707414,0.707214,0.707314,100.0000
2026.06.15,23:15:00,0.707264,0.707414,0.707264,0.707414,100.0000
2026.06.15,23:30:00,0.707364,0.707664,0.707364,0.707664,100.0000
2026.06.15,23:45:00,0.707564,0.707564,0.707314,0.707464,100.0000
2026.06.16,00:00:00,0.707364,0.707414,0.707214,0.707214,100.0000
2026.06.16,00:15:00,0.707214,0.707214,0.707014,0.707014,100.0000
2026.06.16,00:30:00,0.707064,0.707264,0.707014,0.707164,100.0000
2026.06.16,00:45:00,0.707164,0.707264,0.707014,0.707264,100.0000
2026.06.16,01:00:00,0.707364,0.707564,0.706914,0.706914,100.0000
2026.06.16,01:15:00,0.706764,0.707014,0.706764,0.707014,100.0000
2026.06.16,01:30:00,0.707214,0.707214,0.706514,0.706514,100.0000
2026.06.16,01:45:00,0.706664,0.706814,0.706414,0.706414,100.0000
2026.06.16,02:00:00,0.706414,0.706414,0.706115,0.706115,100.0000
2026.06.16,02:15:00,0.705965,0.706265,0.705866,0.706265,100.0000
2026.06.16,02:30:00,0.706314,0.706464,0.706314,0.706364,100.0000
2026.06.16,02:45:00,0.706265,0.706514,0.706265,0.706514,100.0000
2026.06.16,03:00:00,0.706464,0.706464,0.706314,0.706414,100.0000
2026.06.16,03:15:00,0.706364,0.706414,0.706215,0.706265,100.0000
2026.06.16,03:30:00,0.706514,0.706614,0.706464,0.706614,100.0000
2026.06.16,03:45:00,0.706614,0.706714,0.706414,0.706414,100.0000
2026.06.16,04:00:00,0.706464,0.706464,0.705766,0.705766,100.0000
2026.06.16,04:15:00,0.705866,0.705866,0.705318,0.705368,100.0000
2026.06.16,04:30:00,0.705517,0.705766,0.705268,0.705268,100.0000
2026.06.16,04:45:00,0.705169,0.705219,0.704871,0.705219,100.0000
2026.06.16,05:00:00,0.705368,0.705517,0.705318,0.705318,100.0000
2026.06.16,05:15:00,0.705368,0.705567,0.705318,0.705567,100.0000
2026.06.16,05:30:00,0.705667,0.705766,0.705318,0.705318,100.0000
2026.06.16,05:45:00,0.705119,0.705119,0.704722,0.704920,100.0000
2026.06.16,06:00:00,0.705069,0.705418,0.705069,0.705418,100.0000
2026.06.16,06:15:00,0.705268,0.705268,0.705069,0.705268,100.0000
2026.06.16,06:30:00,0.705268,0.705667,0.705268,0.705418,100.0000
2026.06.16,06:45:00,0.705517,0.705816,0.705517,0.705716,100.0000
2026.06.16,07:00:00,0.705617,0.706165,0.705617,0.705916,100.0000
2026.06.16,07:15:00,0.705866,0.706065,0.705766,0.706065,100.0000
2026.06.16,07:30:00,0.706115,0.706215,0.706015,0.706115,100.0000
2026.06.16,07:45:00,0.706065,0.706314,0.706065,0.706314,100.0000
2026.06.16,08:00:00,0.706364,0.706364,0.706115,0.706215,100.0000
2026.06.16,08:15:00,0.706215,0.706714,0.706215,0.706714,100.0000
2026.06.16,08:30:00,0.706714,0.706814,0.706464,0.706714,100.0000
2026.06.16,08:45:00,0.706764,0.707114,0.706764,0.707114,100.0000
2026.06.16,09:00:00,0.707064,0.707114,0.707014,0.707064,100.0000
2026.06.16,09:15:00,0.707014,0.707014,0.706864,0.706914,100.0000
2026.06.16,09:30:00,0.707064,0.707114,0.706864,0.706914,100.0000
2026.06.16,09:45:00,0.706914,0.707064,0.706914,0.707064,100.0000
2026.06.16,10:00:00,0.707014,0.707514,0.707014,0.707414,100.0000
2026.06.16,10:15:00,0.707614,0.707814,0.707614,0.707664,100.0000
2026.06.16,10:30:00,0.707564,0.708065,0.707564,0.708065,100.0000
2026.06.16,10:45:00,0.708065,0.708065,0.707914,0.708065,100.0000
2026.06.16,11:00:00,0.707914,0.707914,0.707564,0.707564,100.0000
2026.06.16,11:15:00,0.707514,0.707514,0.707264,0.707314,100.0000
2026.06.16,11:30:00,0.707414,0.707464,0.707114,0.707114,100.0000
2026.06.16,11:45:00,0.707164,0.707214,0.707114,0.707114,100.0000
2026.06.16,12:00:00,0.707164,0.707164,0.706814,0.706964,100.0000
2026.06.16,12:15:00,0.706864,0.706864,0.706664,0.706814,100.0000
2026.06.16,12:30:00,0.706864,0.707114,0.706814,0.707114,100.0000
2026.06.16,12:45:00,0.707114,0.707164,0.707014,0.707114,100.0000
2026.06.16,13:00:00,0.707164,0.707264,0.707114,0.707264,100.0000
2026.06.16,13:15:00,0.707164,0.707314,0.706914,0.707014,100.0000
2026.06.16,13:30:00,0.707214,0.707814,0.707214,0.707764,100.0000
2026.06.16,13:45:00,0.707814,0.707864,0.707514,0.707514,100.0000
2026.06.16,14:00:00,0.707864,0.708015,0.707614,0.707965,100.0000
2026.06.16,14:15:00,0.707714,0.707714,0.707564,0.707564,100.0000
2026.06.16,14:30:00,0.707014,0.707314,0.706914,0.707314,100.0000
2026.06.16,14:45:00,0.707464,0.708015,0.707464,0.708015,100.0000
2026.06.16,15:00:00,0.708115,0.708115,0.707564,0.707664,100.0000
2026.06.16,15:15:00,0.707764,0.707764,0.707614,0.707664,100.0000
2026.06.16,15:30:00,0.707564,0.707764,0.707514,0.707514,100.0000
2026.06.16,15:45:00,0.707214,0.708015,0.707114,0.707965,100.0000
2026.06.16,16:00:00,0.707914,0.708065,0.707814,0.708065,100.0000
2026.06.16,16:15:00,0.708115,0.708165,0.708015,0.708015,100.0000
2026.06.16,16:30:00,0.707864,0.707864,0.707714,0.707714,100.0000
2026.06.16,16:45:00,0.707764,0.707764,0.707614,0.707664,100.0000
2026.06.16,17:00:00,0.707514,0.707664,0.707464,0.707664,100.0000
2026.06.16,17:15:00,0.707564,0.707564,0.707314,0.707414,100.0000
2026.06.16,17:30:00,0.707364,0.707464,0.707214,0.707464,100.0000
2026.06.16,17:45:00,0.707314,0.707514,0.707314,0.707414,100.0000
2026.06.16,18:00:00,0.707514,0.707614,0.707514,0.707514,100.0000
2026.06.16,18:15:00,0.707514,0.707564,0.707464,0.707514,100.0000
2026.06.16,18:30:00,0.707514,0.707564,0.707364,0.707364,100.0000
2026.06.16,18:45:00,0.707364,0.707464,0.707314,0.707464,100.0000
2026.06.16,19:00:00,0.707514,0.707614,0.707464,0.707464,100.0000
2026.06.16,19:15:00,0.707414,0.707514,0.707414,0.707514,100.0000
2026.06.16,19:30:00,0.707514,0.707514,0.707164,0.707214,100.0000
2026.06.16,19:45:00,0.707214,0.707214,0.706914,0.706914,100.0000
2026.06.16,20:00:00,0.706864,0.706864,0.706764,0.706814,100.0000
2026.06.16,20:15:00,0.706814,0.706964,0.706814,0.706964,100.0000
2026.06.16,20:30:00,0.706914,0.706914,0.706814,0.706864,100.0000
2026.06.16,20:45:00,0.706864,0.706964,0.706864,0.706964,100.0000
2026.06.16,21:00:00,0.707314,0.707314,0.706864,0.707014,100.0000
2026.06.16,21:15:00,0.707014,0.707114,0.706964,0.707114,100.0000
2026.06.16,21:30:00,0.707264,0.707264,0.706714,0.706714,100.0000
2026.06.16,21:45:00,0.706864,0.707014,0.706764,0.707014,100.0000
2026.06.16,22:00:00,0.707014,0.707014,0.706914,0.706914,100.0000
2026.06.16,22:15:00,0.706964,0.707014,0.706914,0.706964,100.0000
2026.06.16,22:30:00,0.707014,0.707164,0.707014,0.707164,100.0000
2026.06.16,22:45:00,0.707214,0.707214,0.707214,0.707214,100.0000
2026.06.16,23:00:00,0.707064,0.707214,0.707064,0.707214,100.0000
2026.06.16,23:15:00,0.707214,0.707314,0.707214,0.707314,100.0000
2026.06.16,23:30:00,0.707264,0.707264,0.707114,0.707164,100.0000
2026.06.16,23:45:00,0.707114,0.707114,0.706814,0.706814,100.0000
2026.06.17,00:00:00,0.706714,0.707164,0.706714,0.707164,100.0000
2026.06.17,00:15:00,0.707164,0.707214,0.707114,0.707214,100.0000
2026.06.17,00:30:00,0.707114,0.707214,0.707114,0.707164,100.0000
2026.06.17,00:45:00,0.707064,0.707114,0.707014,0.707114,100.0000
2026.06.17,01:00:00,0.707064,0.707414,0.707064,0.707214,100.0000
2026.06.17,01:15:00,0.707114,0.707264,0.707114,0.707114,100.0000
2026.06.17,01:30:00,0.707014,0.707064,0.706864,0.707064,100.0000
2026.06.17,01:45:00,0.707064,0.707064,0.706914,0.707064,100.0000
2026.06.17,02:00:00,0.707014,0.707014,0.706864,0.707014,100.0000
2026.06.17,02:15:00,0.707014,0.707214,0.707014,0.707114,100.0000
2026.06.17,02:30:00,0.707014,0.707014,0.706764,0.706814,100.0000
2026.06.17,02:45:00,0.706714,0.706714,0.706514,0.706614,100.0000
2026.06.17,03:00:00,0.706514,0.706564,0.706364,0.706364,100.0000
2026.06.17,03:15:00,0.706314,0.706414,0.706314,0.706414,100.0000
2026.06.17,03:30:00,0.706464,0.706564,0.706464,0.706464,100.0000
2026.06.17,03:45:00,0.706464,0.706514,0.706414,0.706414,100.0000
2026.06.17,04:00:00,0.706414,0.706664,0.706414,0.706614,100.0000
2026.06.17,04:15:00,0.706664,0.706664,0.706464,0.706464,100.0000
2026.06.17,04:30:00,0.706464,0.706514,0.706364,0.706364,100.0000
2026.06.17,04:45:00,0.706414,0.706464,0.706314,0.706364,100.0000
2026.06.17,05:00:00,0.706464,0.706564,0.706314,0.706314,100.0000
2026.06.17,05:15:00,0.706414,0.706514,0.706314,0.706314,100.0000
2026.06.17,05:30:00,0.706364,0.706364,0.706265,0.706314,100.0000
2026.06.17,05:45:00,0.706314,0.706314,0.706115,0.706165,100.0000
2026.06.17,06:00:00,0.706015,0.706215,0.706015,0.706065,100.0000
2026.06.17,06:15:00,0.706015,0.706065,0.705716,0.705716,100.0000
2026.06.17,06:30:00,0.705716,0.706115,0.705716,0.706115,100.0000
2026.06.17,06:45:00,0.706165,0.706165,0.705866,0.705965,100.0000
2026.06.17,07:00:00,0.705965,0.706265,0.705965,0.706265,100.0000
2026.06.17,07:15:00,0.706414,0.706414,0.706215,0.706265,100.0000
2026.06.17,07:30:00,0.706364,0.706464,0.706215,0.706464,100.0000
2026.06.17,07:45:00,0.706564,0.706664,0.706564,0.706614,100.0000
2026.06.17,08:00:00,0.706614,0.706614,0.706115,0.706364,100.0000
2026.06.17,08:15:00,0.706165,0.706265,0.705916,0.706265,100.0000
2026.06.17,08:30:00,0.706314,0.706314,0.706115,0.706115,100.0000
2026.06.17,08:45:00,0.706165,0.706464,0.706165,0.706414,100.0000
2026.06.17,09:00:00,0.706314,0.706564,0.706314,0.706314,100.0000
2026.06.17,09:15:00,0.706364,0.706664,0.706314,0.706664,100.0000
2026.06.17,09:30:00,0.706664,0.706664,0.706364,0.706364,100.0000
2026.06.17,09:45:00,0.706364,0.706464,0.706364,0.706414,100.0000
2026.06.17,10:00:00,0.706364,0.706364,0.706215,0.706215,100.0000
2026.06.17,10:15:00,0.706165,0.706165,0.705965,0.706015,100.0000
2026.06.17,10:30:00,0.706065,0.706115,0.706015,0.706015,100.0000
2026.06.17,10:45:00,0.706065,0.706215,0.706065,0.706065,100.0000
2026.06.17,11:00:00,0.706165,0.706215,0.706065,0.706065,100.0000
2026.06.17,11:15:00,0.706165,0.706165,0.706065,0.706065,100.0000
2026.06.17,11:30:00,0.706065,0.706165,0.705965,0.706165,100.0000
2026.06.17,11:45:00,0.706215,0.706314,0.706115,0.706165,100.0000
2026.06.17,12:00:00,0.706265,0.706314,0.706165,0.706215,100.0000
2026.06.17,12:15:00,0.706165,0.706514,0.706165,0.706414,100.0000
2026.06.17,12:30:00,0.706414,0.706464,0.706364,0.706464,100.0000
2026.06.17,12:45:00,0.706564,0.706764,0.706564,0.706714,100.0000
2026.06.17,13:00:00,0.706764,0.706814,0.706764,0.706814,100.0000
2026.06.17,13:15:00,0.706764,0.707014,0.706764,0.706814,100.0000
2026.06.17,13:30:00,0.706814,0.707214,0.706814,0.707214,100.0000
2026.06.17,13:45:00,0.707314,0.707514,0.707214,0.707214,100.0000
2026.06.17,14:00:00,0.707164,0.707414,0.707164,0.707414,100.0000
2026.06.17,14:15:00,0.707364,0.707364,0.707264,0.707314,100.0000
2026.06.17,14:30:00,0.707464,0.707514,0.707364,0.707464,100.0000
2026.06.17,14:45:00,0.707464,0.707464,0.706864,0.706864,100.0000
2026.06.17,15:00:00,0.706914,0.707114,0.706714,0.707114,100.0000
2026.06.17,15:15:00,0.707214,0.707364,0.707114,0.707264,100.0000
2026.06.17,15:30:00,0.707264,0.707564,0.707264,0.707514,100.0000
2026.06.17,15:45:00,0.707464,0.707464,0.707264,0.707314,100.0000
2026.06.17,16:00:00,0.707314,0.707314,0.707014,0.707014,100.0000
2026.06.17,16:15:00,0.707064,0.707414,0.707064,0.707364,100.0000
2026.06.17,16:30:00,0.707364,0.707414,0.707264,0.707414,100.0000
2026.06.17,16:45:00,0.707364,0.707514,0.707364,0.707464,100.0000
2026.06.17,17:00:00,0.707364,0.707564,0.707364,0.707564,100.0000
2026.06.17,17:15:00,0.707514,0.707514,0.707414,0.707464,100.0000
2026.06.17,17:30:00,0.707464,0.707714,0.707464,0.707664,100.0000
2026.06.17,17:45:00,0.707664,0.707764,0.707614,0.707714,100.0000
2026.06.17,18:00:00,0.705318,0.705567,0.704374,0.704424,100.0000
2026.06.17,18:15:00,0.704920,0.704970,0.704424,0.704424,100.0000
2026.06.17,18:30:00,0.704325,0.705866,0.703532,0.705866,100.0000
2026.06.17,18:45:00,0.705866,0.706065,0.704225,0.704225,100.0000
2026.06.17,19:00:00,0.704622,0.704622,0.702741,0.703185,100.0000
2026.06.17,19:15:00,0.702790,0.702790,0.701164,0.701164,100.0000
2026.06.17,19:30:00,0.700574,0.700722,0.699986,0.700231,100.0000
2026.06.17,19:45:00,0.700574,0.701164,0.700476,0.700918,100.0000
2026.06.17,20:00:00,0.701361,0.701361,0.700869,0.701164,100.0000
2026.06.17,20:15:00,0.701115,0.701607,0.701115,0.701459,100.0000
2026.06.17,20:30:00,0.701557,0.701754,0.701557,0.701607,100.0000
2026.06.17,20:45:00,0.701705,0.701705,0.701557,0.701607,100.0000
2026.06.17,21:00:00,0.701705,0.701754,0.701459,0.701508,100.0000
2026.06.17,21:15:00,0.701508,0.701951,0.701508,0.701951,100.0000
2026.06.17,21:30:00,0.701902,0.701902,0.701607,0.701607,100.0000
2026.06.17,21:45:00,0.701607,0.701853,0.701607,0.701804,100.0000
2026.06.17,22:00:00,0.701656,0.701853,0.701557,0.701804,100.0000
2026.06.17,22:15:00,0.701804,0.701902,0.701804,0.701902,100.0000
2026.06.17,22:30:00,0.701853,0.701951,0.701804,0.701804,100.0000
2026.06.17,22:45:00,0.701853,0.701853,0.701705,0.701705,100.0000
2026.06.17,23:00:00,0.701804,0.702099,0.701804,0.702099,100.0000
2026.06.17,23:15:00,0.702099,0.702099,0.701951,0.701951,100.0000
2026.06.17,23:30:00,0.701902,0.702099,0.701902,0.702099,100.0000
2026.06.17,23:45:00,0.702149,0.702198,0.702001,0.702001,100.0000
2026.06.18,00:00:00,0.702395,0.703284,0.702395,0.702938,100.0000
2026.06.18,00:15:00,0.702988,0.702988,0.702642,0.702642,100.0000
2026.06.18,00:30:00,0.702741,0.702839,0.702741,0.702741,100.0000
2026.06.18,00:45:00,0.702691,0.702691,0.702494,0.702642,100.0000
2026.06.18,01:00:00,0.702691,0.703284,0.702691,0.703284,100.0000
2026.06.18,01:15:00,0.703185,0.703631,0.703087,0.703631,100.0000
2026.06.18,01:30:00,0.703482,0.703680,0.703482,0.703631,100.0000
2026.06.18,01:45:00,0.703532,0.703532,0.703136,0.703433,100.0000
2026.06.18,02:00:00,0.703482,0.703581,0.703482,0.703482,100.0000
2026.06.18,02:15:00,0.703383,0.703482,0.703334,0.703482,100.0000
2026.06.18,02:30:00,0.703482,0.703977,0.703482,0.703928,100.0000
2026.06.18,02:45:00,0.703928,0.704225,0.703829,0.703829,100.0000
2026.06.18,03:00:00,0.703878,0.704027,0.703829,0.703977,100.0000
2026.06.18,03:15:00,0.703977,0.704176,0.703977,0.704176,100.0000
2026.06.18,03:30:00,0.704176,0.704275,0.704027,0.704077,100.0000
2026.06.18,03:45:00,0.704126,0.704275,0.704126,0.704176,100.0000
2026.06.18,04:00:00,0.704325,0.704374,0.703928,0.703928,100.0000
2026.06.18,04:15:00,0.704077,0.704077,0.703829,0.703829,100.0000
2026.06.18,04:30:00,0.703878,0.703928,0.703631,0.703631,100.0000
2026.06.18,04:45:00,0.703680,0.703829,0.703631,0.703680,100.0000
2026.06.18,05:00:00,0.703581,0.703829,0.703532,0.703829,100.0000
2026.06.18,05:15:00,0.703829,0.703977,0.703631,0.703631,100.0000
2026.06.18,05:30:00,0.703631,0.703680,0.703482,0.703581,100.0000
2026.06.18,05:45:00,0.703532,0.703532,0.703235,0.703235,100.0000
2026.06.18,06:00:00,0.703284,0.703532,0.703136,0.703532,100.0000
2026.06.18,06:15:00,0.703433,0.703829,0.703383,0.703829,100.0000
2026.06.18,06:30:00,0.704027,0.704176,0.703730,0.704176,100.0000
2026.06.18,06:45:00,0.704275,0.704275,0.704027,0.704027,100.0000
2026.06.18,07:00:00,0.704027,0.704027,0.703383,0.703482,100.0000
2026.06.18,07:15:00,0.703532,0.703631,0.703235,0.703334,100.0000
2026.06.18,07:30:00,0.703383,0.703680,0.703087,0.703680,100.0000
2026.06.18,07:45:00,0.703829,0.703878,0.703581,0.703581,100.0000
2026.06.18,08:00:00,0.703383,0.703532,0.703136,0.703136,100.0000
2026.06.18,08:15:00,0.703136,0.703185,0.702889,0.702889,100.0000
2026.06.18,08:30:00,0.702938,0.702988,0.702247,0.702247,100.0000
2026.06.18,08:45:00,0.702001,0.702001,0.701311,0.701311,100.0000
2026.06.18,09:00:00,0.701262,0.701804,0.701213,0.701213,100.0000
2026.06.18,09:15:00,0.701459,0.701705,0.701459,0.701508,100.0000
2026.06.18,09:30:00,0.701508,0.702001,0.701508,0.702001,100.0000
2026.06.18,09:45:00,0.702001,0.702099,0.701902,0.701951,100.0000
2026.06.18,10:00:00,0.701754,0.701754,0.700869,0.701361,100.0000
2026.06.18,10:15:00,0.701607,0.701656,0.701361,0.701459,100.0000
2026.06.18,10:30:00,0.701459,0.701557,0.701066,0.701066,100.0000
2026.06.18,10:45:00,0.701016,0.701164,0.700771,0.700771,100.0000
2026.06.18,11:00:00,0.700869,0.700918,0.700673,0.700820,100.0000
2026.06.18,11:15:00,0.700820,0.700967,0.700378,0.700771,100.0000
2026.06.18,11:30:00,0.700771,0.701016,0.700624,0.700624,100.0000
2026.06.18,11:45:00,0.700673,0.700722,0.700476,0.700476,100.0000
2026.06.18,12:00:00,0.700525,0.701410,0.700427,0.701410,100.0000
2026.06.18,12:15:00,0.701213,0.702001,0.701213,0.701754,100.0000
2026.06.18,12:30:00,0.701754,0.701754,0.701361,0.701410,100.0000
2026.06.18,12:45:00,0.701804,0.702099,0.701804,0.702099,100.0000
2026.06.18,13:00:00,0.702001,0.702099,0.701607,0.702050,100.0000
2026.06.18,13:15:00,0.701754,0.702247,0.701754,0.702247,100.0000
2026.06.18,13:30:00,0.702494,0.703087,0.702494,0.702839,100.0000
2026.06.18,13:45:00,0.702790,0.702790,0.702543,0.702691,100.0000
2026.06.18,14:00:00,0.702790,0.702790,0.702099,0.702296,100.0000
2026.06.18,14:15:00,0.702247,0.702988,0.702247,0.702691,100.0000
2026.06.18,14:30:00,0.702445,0.702790,0.702445,0.702691,100.0000
2026.06.18,14:45:00,0.702839,0.703928,0.702839,0.703928,100.0000
2026.06.18,15:00:00,0.703829,0.703829,0.702988,0.702988,100.0000
2026.06.18,15:15:00,0.702988,0.702988,0.702790,0.702988,100.0000
2026.06.18,15:30:00,0.703037,0.703087,0.702445,0.702543,100.0000
2026.06.18,15:45:00,0.702494,0.702593,0.702296,0.702395,100.0000
2026.06.18,16:00:00,0.702247,0.702247,0.701951,0.702099,100.0000
2026.06.18,16:15:00,0.702050,0.702296,0.701902,0.702296,100.0000
2026.06.18,16:30:00,0.702346,0.702346,0.701902,0.702149,100.0000
2026.06.18,16:45:00,0.702149,0.702149,0.701902,0.702050,100.0000
2026.06.18,17:00:00,0.702050,0.702642,0.702050,0.702642,100.0000
2026.06.18,17:15:00,0.702691,0.702741,0.702593,0.702593,100.0000
2026.06.18,17:30:00,0.702543,0.702593,0.702247,0.702346,100.0000
2026.06.18,17:45:00,0.702198,0.702198,0.702149,0.702149,100.0000
2026.06.18,18:00:00,0.701902,0.702149,0.701853,0.702099,100.0000
2026.06.18,18:15:00,0.702050,0.702099,0.702001,0.702001,100.0000
2026.06.18,18:30:00,0.701951,0.702149,0.701902,0.702149,100.0000
2026.06.18,18:45:00,0.702050,0.702050,0.701754,0.701754,100.0000
2026.06.18,19:00:00,0.701607,0.701607,0.701066,0.701213,100.0000
2026.06.18,19:15:00,0.701115,0.701311,0.701066,0.701115,100.0000
2026.06.18,19:30:00,0.701262,0.701754,0.701262,0.701754,100.0000
2026.06.18,19:45:00,0.701853,0.702099,0.701705,0.701705,100.0000
2026.06.18,20:00:00,0.701508,0.702001,0.701508,0.702001,100.0000
2026.06.18,20:15:00,0.702050,0.702099,0.701951,0.702001,100.0000
2026.06.18,20:30:00,0.702099,0.702099,0.701705,0.701705,100.0000
2026.06.18,20:45:00,0.701705,0.701705,0.701607,0.701607,100.0000
2026.06.18,21:00:00,0.701311,0.702346,0.701311,0.702149,100.0000
2026.06.18,21:15:00,0.702149,0.702149,0.701557,0.701705,100.0000
2026.06.18,21:30:00,0.701853,0.701951,0.701607,0.701804,100.0000
2026.06.18,21:45:00,0.701754,0.701902,0.701754,0.701902,100.0000
2026.06.18,22:00:00,0.701656,0.701804,0.701656,0.701804,100.0000
2026.06.18,22:15:00,0.701804,0.701804,0.701754,0.701804,100.0000
2026.06.18,22:30:00,0.701754,0.701804,0.701754,0.701804,100.0000
2026.06.18,22:45:00,0.701804,0.701951,0.701804,0.701951,100.0000
2026.06.18,23:00:00,0.701951,0.702001,0.701902,0.701951,100.0000
2026.06.18,23:15:00,0.701902,0.702001,0.701853,0.701902,100.0000
2026.06.18,23:30:00,0.701951,0.701951,0.701656,0.701656,100.0000
2026.06.18,23:45:00,0.701607,0.701607,0.701508,0.701557,100.0000
2026.06.19,00:00:00,0.701656,0.701705,0.701361,0.701361,100.0000
2026.06.19,00:15:00,0.701508,0.701508,0.701361,0.701410,100.0000
2026.06.19,00:30:00,0.701410,0.701557,0.701410,0.701557,100.0000
2026.06.19,00:45:00,0.701607,0.701902,0.701459,0.701459,100.0000
2026.06.19,01:00:00,0.701459,0.701459,0.701164,0.701164,100.0000
2026.06.19,01:15:00,0.701213,0.701213,0.700967,0.701213,100.0000
2026.06.19,01:30:00,0.701213,0.701262,0.700918,0.700918,100.0000
2026.06.19,01:45:00,0.700820,0.700820,0.700673,0.700673,100.0000
2026.06.19,02:00:00,0.700771,0.700967,0.700673,0.700967,100.0000
2026.06.19,02:15:00,0.700869,0.701311,0.700869,0.701311,100.0000
2026.06.19,02:30:00,0.701410,0.701459,0.701213,0.701410,100.0000
2026.06.19,02:45:00,0.701311,0.701410,0.701164,0.701311,100.0000
2026.06.19,03:00:00,0.701459,0.701459,0.701016,0.701016,100.0000
2026.06.19,03:15:00,0.700624,0.700722,0.700378,0.700378,100.0000
2026.06.19,03:30:00,0.700378,0.700525,0.700329,0.700476,100.0000
2026.06.19,03:45:00,0.700378,0.700378,0.700035,0.700035,100.0000
2026.06.19,04:00:00,0.699937,0.699937,0.699643,0.699790,100.0000
2026.06.19,04:15:00,0.699790,0.699986,0.699741,0.699839,100.0000
2026.06.19,04:30:00,0.699986,0.700133,0.699692,0.699790,100.0000
2026.06.19,04:45:00,0.699692,0.699692,0.699399,0.699399,100.0000
2026.06.19,05:00:00,0.699447,0.699545,0.699301,0.699545,100.0000
2026.06.19,05:15:00,0.699447,0.699447,0.699203,0.699301,100.0000
2026.06.19,05:30:00,0.699692,0.699741,0.699496,0.699741,100.0000
2026.06.19,05:45:00,0.699839,0.700869,0.699839,0.700722,100.0000
2026.06.19,06:00:00,0.700771,0.701016,0.700722,0.701016,100.0000
2026.06.19,06:15:00,0.700918,0.701459,0.700918,0.701459,100.0000
2026.06.19,06:30:00,0.701459,0.701459,0.700869,0.700918,100.0000
2026.06.19,06:45:00,0.700918,0.701311,0.700918,0.701311,100.0000
2026.06.19,07:00:00,0.701508,0.701804,0.701459,0.701459,100.0000
2026.06.19,07:15:00,0.701311,0.701311,0.701016,0.701115,100.0000
2026.06.19,07:30:00,0.701115,0.701311,0.701016,0.701311,100.0000
2026.06.19,07:45:00,0.701164,0.701213,0.700918,0.701213,100.0000
2026.06.19,08:00:00,0.701262,0.701804,0.701262,0.701607,100.0000
2026.06.19,08:15:00,0.701754,0.702099,0.701754,0.701853,100.0000
2026.06.19,08:30:00,0.701804,0.701853,0.701656,0.701853,100.0000
2026.06.19,08:45:00,0.701902,0.702050,0.701804,0.702001,100.0000
2026.06.19,09:00:00,0.702198,0.702198,0.701902,0.702050,100.0000
2026.06.19,09:15:00,0.702247,0.702247,0.702001,0.702001,100.0000
2026.06.19,09:30:00,0.702001,0.702198,0.702001,0.702099,100.0000
2026.06.19,09:45:00,0.702050,0.702099,0.701853,0.701853,100.0000
2026.06.19,10:00:00,0.702001,0.702001,0.701804,0.701804,100.0000
2026.06.19,10:15:00,0.701804,0.701804,0.701508,0.701607,100.0000
2026.06.19,10:30:00,0.701508,0.701656,0.701361,0.701361,100.0000
2026.06.19,10:45:00,0.701557,0.701607,0.701410,0.701607,100.0000
2026.06.19,11:00:00,0.701557,0.701656,0.701410,0.701508,100.0000
2026.06.19,11:15:00,0.701656,0.701804,0.701557,0.701557,100.0000
2026.06.19,11:30:00,0.701508,0.701508,0.701311,0.701459,100.0000
2026.06.19,11:45:00,0.701508,0.701607,0.701311,0.701410,100.0000
2026.06.19,12:00:00,0.701459,0.701656,0.701459,0.701557,100.0000
2026.06.19,12:15:00,0.701557,0.701607,0.701508,0.701508,100.0000
2026.06.19,12:30:00,0.701361,0.701557,0.701361,0.701508,100.0000
2026.06.19,12:45:00,0.701459,0.702593,0.701410,0.702395,100.0000
2026.06.19,13:00:00,0.702346,0.702346,0.701754,0.701754,100.0000
2026.06.19,13:15:00,0.701853,0.701902,0.701557,0.701607,100.0000
2026.06.19,13:30:00,0.701705,0.701705,0.701213,0.701262,100.0000
2026.06.19,13:45:00,0.701361,0.701410,0.701262,0.701262,100.0000
2026.06.19,14:00:00,0.701164,0.701262,0.701164,0.701213,100.0000
2026.06.19,14:15:00,0.701213,0.701213,0.701115,0.701164,100.0000
2026.06.19,14:30:00,0.701164,0.701213,0.701016,0.701115,100.0000
2026.06.19,14:45:00,0.701164,0.701361,0.701066,0.701361,100.0000
2026.06.19,15:00:00,0.701607,0.701607,0.701410,0.701410,100.0000
2026.06.19,15:15:00,0.701410,0.701508,0.701311,0.701311,100.0000
2026.06.19,15:30:00,0.701213,0.701213,0.701066,0.701164,100.0000
2026.06.19,15:45:00,0.701262,0.701311,0.701164,0.701164,100.0000
2026.06.19,16:00:00,0.701115,0.701115,0.701016,0.701115,100.0000
2026.06.19,16:15:00,0.701115,0.701361,0.701115,0.701361,100.0000
2026.06.19,16:30:00,0.701311,0.701311,0.701115,0.701213,100.0000
2026.06.19,16:45:00,0.701213,0.701213,0.701115,0.701115,100.0000
2026.06.19,17:00:00,0.701115,0.701213,0.701115,0.701164,100.0000
2026.06.19,17:15:00,0.701213,0.701311,0.701213,0.701311,100.0000
2026.06.19,17:30:00,0.701262,0.701311,0.701262,0.701311,100.0000
2026.06.19,17:45:00,0.701410,0.701459,0.701311,0.701361,100.0000
2026.06.19,18:00:00,0.701410,0.701410,0.701361,0.701361,100.0000
2026.06.19,18:15:00,0.701410,0.701410,0.701361,0.701410,100.0000
2026.06.19,18:30:00,0.701410,0.701557,0.701410,0.701557,100.0000
2026.06.19,18:45:00,0.701607,0.701607,0.701508,0.701508,100.0000
2026.06.19,19:00:00,0.701607,0.701754,0.701508,0.701754,100.0000
2026.06.19,19:15:00,0.701804,0.701804,0.701557,0.701607,100.0000
2026.06.19,19:30:00,0.701656,0.701705,0.701508,0.701607,100.0000
2026.06.19,19:45:00,0.701557,0.701557,0.701361,0.701410,100.0000
2026.06.19,20:00:00,0.701361,0.701607,0.701262,0.701557,100.0000
2026.06.19,20:15:00,0.701311,0.701410,0.701262,0.701311,100.0000
2026.06.19,20:30:00,0.701213,0.701508,0.701213,0.701508,100.0000
2026.06.19,20:45:00,0.701410,0.701459,0.701016,0.701410,100.0000
2026.06.19,21:00:00,0.701557,0.701557,0.701557,0.701557,100.0000
2026.06.19,21:15:00,0.701557,0.701557,0.701557,0.701557,100.0000
2026.06.21,23:00:00,0.700771,0.700869,0.700673,0.700673,100.0000
2026.06.21,23:15:00,0.700624,0.700771,0.700624,0.700722,100.0000
2026.06.21,23:30:00,0.700673,0.700673,0.700280,0.700378,100.0000
2026.06.21,23:45:00,0.700378,0.700427,0.700182,0.700427,100.0000
2026.06.22,00:00:00,0.700525,0.700574,0.700476,0.700574,100.0000
2026.06.22,00:15:00,0.700722,0.700722,0.700624,0.700673,100.0000
2026.06.22,00:30:00,0.700820,0.700918,0.700722,0.700820,100.0000
2026.06.22,00:45:00,0.700771,0.701262,0.700722,0.701262,100.0000
2026.06.22,01:00:00,0.701656,0.702001,0.701557,0.702001,100.0000
2026.06.22,01:15:00,0.701804,0.701853,0.701607,0.701853,100.0000
2026.06.22,01:30:00,0.701508,0.701754,0.701508,0.701607,100.0000
2026.06.22,01:45:00,0.701656,0.701705,0.701361,0.701361,100.0000
2026.06.22,02:00:00,0.701115,0.701213,0.700967,0.700967,100.0000
2026.06.22,02:15:00,0.700820,0.700918,0.700673,0.700820,100.0000
2026.06.22,02:30:00,0.700869,0.701066,0.700820,0.701066,100.0000
2026.06.22,02:45:00,0.701066,0.701262,0.700967,0.701262,100.0000
2026.06.22,03:00:00,0.701164,0.701361,0.701164,0.701213,100.0000
2026.06.22,03:15:00,0.701262,0.701459,0.701115,0.701361,100.0000
2026.06.22,03:30:00,0.701361,0.701361,0.700967,0.701016,100.0000
2026.06.22,03:45:00,0.701066,0.701164,0.700624,0.700624,100.0000
2026.06.22,04:00:00,0.700722,0.700722,0.700329,0.700673,100.0000
2026.06.22,04:15:00,0.700624,0.700673,0.700624,0.700624,100.0000
2026.06.22,04:30:00,0.700624,0.700722,0.700476,0.700476,100.0000
2026.06.22,04:45:00,0.700673,0.700673,0.700574,0.700624,100.0000
2026.06.22,05:00:00,0.700722,0.700869,0.700722,0.700869,100.0000
2026.06.22,05:15:00,0.700869,0.701066,0.700869,0.701016,100.0000
2026.06.22,05:30:00,0.701066,0.701262,0.701016,0.701115,100.0000
2026.06.22,05:45:00,0.700967,0.700967,0.700574,0.700574,100.0000
2026.06.22,06:00:00,0.700525,0.700869,0.700525,0.700722,100.0000
2026.06.22,06:15:00,0.700673,0.700673,0.700427,0.700525,100.0000
2026.06.22,06:30:00,0.700329,0.700329,0.700084,0.700182,100.0000
2026.06.22,06:45:00,0.700133,0.700673,0.700133,0.700574,100.0000
2026.06.22,07:00:00,0.700624,0.700673,0.700574,0.700624,100.0000
2026.06.22,07:15:00,0.700624,0.700673,0.700378,0.700525,100.0000
2026.06.22,07:30:00,0.700133,0.700231,0.700084,0.700182,100.0000
2026.06.22,07:45:00,0.700133,0.700231,0.700084,0.700182,100.0000
2026.06.22,08:00:00,0.700231,0.700231,0.699790,0.699937,100.0000
2026.06.22,08:15:00,0.699888,0.700133,0.699741,0.699888,100.0000
2026.06.22,08:30:00,0.699839,0.699937,0.699741,0.699790,100.0000
2026.06.22,08:45:00,0.699790,0.700035,0.699741,0.699741,100.0000
2026.06.22,09:00:00,0.699790,0.700427,0.699790,0.700280,100.0000
2026.06.22,09:15:00,0.700329,0.700427,0.700133,0.700133,100.0000
2026.06.22,09:30:00,0.700182,0.700427,0.700182,0.700280,100.0000
2026.06.22,09:45:00,0.700280,0.700525,0.700231,0.700231,100.0000
2026.06.22,10:00:00,0.700133,0.700574,0.700133,0.700525,100.0000
2026.06.22,10:15:00,0.700525,0.700771,0.700525,0.700771,100.0000
2026.06.22,10:30:00,0.700624,0.700673,0.700525,0.700574,100.0000
2026.06.22,10:45:00,0.700673,0.700673,0.700378,0.700378,100.0000
2026.06.22,11:00:00,0.700280,0.700722,0.700280,0.700378,100.0000
2026.06.22,11:15:00,0.700378,0.700427,0.700231,0.700280,100.0000
2026.06.22,11:30:00,0.700378,0.700476,0.700329,0.700427,100.0000
2026.06.22,11:45:00,0.700378,0.700525,0.700378,0.700378,100.0000
2026.06.22,12:00:00,0.700476,0.701262,0.700427,0.701164,100.0000
2026.06.22,12:15:00,0.701066,0.701361,0.701066,0.701213,100.0000
2026.06.22,12:30:00,0.701410,0.701410,0.701164,0.701311,100.0000
2026.06.22,12:45:00,0.701213,0.701262,0.700918,0.700918,100.0000
2026.06.22,13:00:00,0.700967,0.701410,0.700967,0.701164,100.0000
2026.06.22,13:15:00,0.701164,0.701311,0.700820,0.700820,100.0000
2026.06.22,13:30:00,0.700771,0.701016,0.700574,0.700624,100.0000
2026.06.22,13:45:00,0.700673,0.700918,0.700525,0.700574,100.0000
2026.06.22,14:00:00,0.700525,0.701016,0.700525,0.700967,100.0000
2026.06.22,14:15:00,0.701066,0.701066,0.700673,0.700869,100.0000
2026.06.22,14:30:00,0.700771,0.700771,0.700378,0.700624,100.0000
2026.06.22,14:45:00,0.700771,0.701262,0.700771,0.701262,100.0000
2026.06.22,15:00:00,0.701311,0.701557,0.701311,0.701410,100.0000
2026.06.22,15:15:00,0.701459,0.701459,0.701016,0.701016,100.0000
2026.06.22,15:30:00,0.700967,0.700967,0.700673,0.700673,100.0000
2026.06.22,15:45:00,0.700673,0.700673,0.700182,0.700182,100.0000
2026.06.22,16:00:00,0.700231,0.700231,0.699937,0.700231,100.0000
2026.06.22,16:15:00,0.700182,0.700378,0.700182,0.700329,100.0000
2026.06.22,16:30:00,0.700231,0.700427,0.700231,0.700231,100.0000
2026.06.22,16:45:00,0.700182,0.700525,0.700182,0.700525,100.0000
2026.06.22,17:00:00,0.700476,0.700574,0.700476,0.700525,100.0000
2026.06.22,17:15:00,0.700476,0.700624,0.700476,0.700574,100.0000
2026.06.22,17:30:00,0.700476,0.700476,0.700280,0.700427,100.0000
2026.06.22,17:45:00,0.700476,0.700574,0.700476,0.700476,100.0000
2026.06.22,18:00:00,0.700427,0.700476,0.700329,0.700427,100.0000
2026.06.22,18:15:00,0.700476,0.700525,0.700378,0.700378,100.0000
2026.06.22,18:30:00,0.700427,0.700427,0.700329,0.700329,100.0000
2026.06.22,18:45:00,0.700427,0.700476,0.700329,0.700329,100.0000
2026.06.22,19:00:00,0.700378,0.700378,0.700231,0.700231,100.0000
2026.06.22,19:15:00,0.700231,0.700231,0.699937,0.699986,100.0000
2026.06.22,19:30:00,0.699888,0.699888,0.699839,0.699839,100.0000
2026.06.22,19:45:00,0.699741,0.700231,0.699741,0.700231,100.0000
2026.06.22,20:00:00,0.700231,0.700378,0.700231,0.700329,100.0000
2026.06.22,20:15:00,0.700329,0.700329,0.700231,0.700280,100.0000
2026.06.22,20:30:00,0.700231,0.700329,0.700231,0.700280,100.0000
2026.06.22,20:45:00,0.700231,0.700280,0.700182,0.700280,100.0000
2026.06.22,21:00:00,0.700673,0.700869,0.700574,0.700574,100.0000
2026.06.22,21:15:00,0.700574,0.700574,0.700427,0.700476,100.0000
2026.06.22,21:30:00,0.700525,0.700574,0.700525,0.700574,100.0000
2026.06.22,21:45:00,0.700574,0.700574,0.700427,0.700574,100.0000
2026.06.22,22:00:00,0.700329,0.700427,0.700329,0.700427,100.0000
2026.06.22,22:15:00,0.700378,0.700427,0.700329,0.700378,100.0000
2026.06.22,22:30:00,0.700378,0.700378,0.700035,0.700084,100.0000
2026.06.22,22:45:00,0.700084,0.700084,0.700035,0.700084,100.0000
2026.06.22,23:00:00,0.700182,0.700182,0.699937,0.699937,100.0000
2026.06.22,23:15:00,0.699937,0.700133,0.699937,0.700133,100.0000
2026.06.22,23:30:00,0.700084,0.700084,0.699888,0.699888,100.0000
2026.06.22,23:45:00,0.699839,0.699888,0.699643,0.699643,100.0000
2026.06.23,00:00:00,0.699496,0.699496,0.699007,0.699007,100.0000
2026.06.23,00:15:00,0.699007,0.699007,0.698568,0.698763,100.0000
2026.06.23,00:30:00,0.698910,0.699399,0.698910,0.699399,100.0000
2026.06.23,00:45:00,0.699447,0.699447,0.699056,0.699105,100.0000
2026.06.23,01:00:00,0.699203,0.699203,0.698861,0.698910,100.0000
2026.06.23,01:15:00,0.698763,0.698861,0.698665,0.698665,100.0000
2026.06.23,01:30:00,0.698617,0.698763,0.698568,0.698568,100.0000
2026.06.23,01:45:00,0.698470,0.698714,0.698227,0.698665,100.0000
2026.06.23,02:00:00,0.698568,0.698617,0.698422,0.698617,100.0000
2026.06.23,02:15:00,0.698763,0.698861,0.698665,0.698665,100.0000
2026.06.23,02:30:00,0.698763,0.698763,0.698519,0.698519,100.0000
2026.06.23,02:45:00,0.698519,0.698519,0.697739,0.697739,100.0000
2026.06.23,03:00:00,0.697788,0.697837,0.697204,0.697350,100.0000
2026.06.23,03:15:00,0.697204,0.697642,0.697058,0.697642,100.0000
2026.06.23,03:30:00,0.697496,0.697545,0.697399,0.697496,100.0000
2026.06.23,03:45:00,0.697496,0.697934,0.697447,0.697934,100.0000
2026.06.23,04:00:00,0.698032,0.698032,0.697642,0.697642,100.0000
2026.06.23,04:15:00,0.697691,0.697788,0.697545,0.697593,100.0000
2026.06.23,04:30:00,0.697496,0.697496,0.697350,0.697447,100.0000
2026.06.23,04:45:00,0.697301,0.697350,0.696816,0.696816,100.0000
2026.06.23,05:00:00,0.696718,0.697107,0.696718,0.696767,100.0000
2026.06.23,05:15:00,0.696767,0.696864,0.696573,0.696573,100.0000
2026.06.23,05:30:00,0.696621,0.696816,0.696524,0.696816,100.0000
2026.06.23,05:45:00,0.696670,0.696670,0.696476,0.696476,100.0000
2026.06.23,06:00:00,0.696379,0.696670,0.696136,0.696427,100.0000
2026.06.23,06:15:00,0.696476,0.696476,0.695894,0.696040,100.0000
2026.06.23,06:30:00,0.695894,0.695894,0.695265,0.695265,100.0000
2026.06.23,06:45:00,0.695362,0.695701,0.695265,0.695652,100.0000
2026.06.23,07:00:00,0.695507,0.696282,0.695507,0.696088,100.0000
2026.06.23,07:15:00,0.696040,0.696427,0.696040,0.696136,100.0000
2026.06.23,07:30:00,0.695943,0.695943,0.695217,0.695217,100.0000
2026.06.23,07:45:00,0.695217,0.695314,0.694782,0.694975,100.0000
2026.06.23,08:00:00,0.695024,0.695265,0.695024,0.695120,100.0000
2026.06.23,08:15:00,0.695024,0.695024,0.694637,0.694637,100.0000
2026.06.23,08:30:00,0.694734,0.694975,0.694686,0.694879,100.0000
2026.06.23,08:45:00,0.694637,0.694879,0.694541,0.694782,100.0000
2026.06.23,09:00:00,0.694879,0.695410,0.694879,0.695410,100.0000
2026.06.23,09:15:00,0.695314,0.695604,0.695265,0.695507,100.0000
2026.06.23,09:30:00,0.695507,0.695652,0.695459,0.695652,100.0000
2026.06.23,09:45:00,0.695604,0.695894,0.695604,0.695894,100.0000
2026.06.23,10:00:00,0.696088,0.696233,0.695797,0.695894,100.0000
2026.06.23,10:15:00,0.696088,0.696088,0.695555,0.695555,100.0000
2026.06.23,10:30:00,0.695459,0.695459,0.695265,0.695265,100.0000
2026.06.23,10:45:00,0.695120,0.695120,0.694686,0.694686,100.0000
2026.06.23,11:00:00,0.694686,0.694975,0.694686,0.694830,100.0000
2026.06.23,11:15:00,0.694927,0.694927,0.694686,0.694686,100.0000
2026.06.23,11:30:00,0.694589,0.694589,0.694396,0.694396,100.0000
2026.06.23,11:45:00,0.694396,0.694396,0.693529,0.693529,100.0000
2026.06.23,12:00:00,0.693433,0.694011,0.693433,0.693818,100.0000
2026.06.23,12:15:00,0.693818,0.693866,0.693626,0.693674,100.0000
2026.06.23,12:30:00,0.693674,0.693914,0.693626,0.693674,100.0000
2026.06.23,12:45:00,0.693529,0.693914,0.693529,0.693818,100.0000
2026.06.23,13:00:00,0.693818,0.694396,0.693674,0.693674,100.0000
2026.06.23,13:15:00,0.693385,0.693722,0.693337,0.693577,100.0000
2026.06.23,13:30:00,0.693674,0.694155,0.693626,0.694059,100.0000
2026.06.23,13:45:00,0.694107,0.694252,0.693866,0.694011,100.0000
2026.06.23,14:00:00,0.693914,0.693914,0.693722,0.693914,100.0000
2026.06.23,14:15:00,0.693770,0.693770,0.693289,0.693289,100.0000
2026.06.23,14:30:00,0.693337,0.693337,0.693049,0.693145,100.0000
2026.06.23,14:45:00,0.693481,0.693481,0.693193,0.693385,100.0000
2026.06.23,15:00:00,0.693289,0.693337,0.692761,0.693049,100.0000
2026.06.23,15:15:00,0.693097,0.693097,0.692857,0.692953,100.0000
2026.06.23,15:30:00,0.692809,0.693049,0.692521,0.692617,100.0000
2026.06.23,15:45:00,0.692473,0.692617,0.692377,0.692617,100.0000
2026.06.23,16:00:00,0.692713,0.692761,0.692521,0.692665,100.0000
2026.06.23,16:15:00,0.692665,0.692713,0.692425,0.692425,100.0000
2026.06.23,16:30:00,0.692281,0.692377,0.692233,0.692377,100.0000
2026.06.23,16:45:00,0.692329,0.692329,0.691946,0.691946,100.0000
2026.06.23,17:00:00,0.691946,0.692089,0.691850,0.692089,100.0000
2026.06.23,17:15:00,0.692042,0.692042,0.691850,0.691898,100.0000
2026.06.23,17:30:00,0.691802,0.691898,0.691754,0.691802,100.0000
2026.06.23,17:45:00,0.691802,0.691802,0.691563,0.691611,100.0000
2026.06.23,18:00:00,0.691611,0.691659,0.691563,0.691563,100.0000
2026.06.23,18:15:00,0.691467,0.691563,0.691467,0.691467,100.0000
2026.06.23,18:30:00,0.691372,0.691372,0.691037,0.691037,100.0000
2026.06.23,18:45:00,0.691037,0.691228,0.690990,0.691228,100.0000
2026.06.23,19:00:00,0.691276,0.691898,0.691276,0.691802,100.0000
2026.06.23,19:15:00,0.691802,0.691850,0.691611,0.691850,100.0000
2026.06.23,19:30:00,0.691898,0.691946,0.691754,0.691802,100.0000
2026.06.23,19:45:00,0.691802,0.691802,0.691659,0.691706,100.0000
2026.06.23,20:00:00,0.691467,0.691611,0.691419,0.691611,100.0000
2026.06.23,20:15:00,0.691611,0.691706,0.691563,0.691659,100.0000
2026.06.23,20:30:00,0.691659,0.691802,0.691659,0.691802,100.0000
2026.06.23,20:45:00,0.691802,0.691850,0.691754,0.691850,100.0000
2026.06.23,21:00:00,0.691898,0.691946,0.691850,0.691898,100.0000
2026.06.23,21:15:00,0.691898,0.691994,0.691898,0.691898,100.0000
2026.06.23,21:30:00,0.691898,0.691994,0.691754,0.691850,100.0000
2026.06.23,21:45:00,0.691994,0.692185,0.691994,0.692137,100.0000
2026.06.23,22:00:00,0.691946,0.691994,0.691850,0.691946,100.0000
2026.06.23,22:15:00,0.691850,0.691898,0.691850,0.691850,100.0000
2026.06.23,22:30:00,0.691850,0.691850,0.691754,0.691754,100.0000
2026.06.23,22:45:00,0.691754,0.691802,0.691706,0.691706,100.0000
2026.06.23,23:00:00,0.691659,0.691706,0.691563,0.691659,100.0000
2026.06.23,23:15:00,0.691659,0.691706,0.691611,0.691611,100.0000
2026.06.23,23:30:00,0.691563,0.691563,0.691324,0.691324,100.0000
2026.06.23,23:45:00,0.691754,0.691802,0.691706,0.691706,100.0000
2026.06.24,00:00:00,0.691850,0.692137,0.691850,0.691898,100.0000
2026.06.24,00:15:00,0.692042,0.692042,0.691706,0.691706,100.0000
2026.06.24,00:30:00,0.691994,0.692089,0.691898,0.691994,100.0000
2026.06.24,00:45:00,0.692089,0.692329,0.692042,0.692042,100.0000
2026.06.24,01:00:00,0.691946,0.691946,0.691563,0.691754,100.0000
2026.06.24,01:15:00,0.691563,0.691946,0.691419,0.691850,100.0000
2026.06.24,01:30:00,0.692425,0.692425,0.691994,0.692089,100.0000
2026.06.24,01:45:00,0.691515,0.692089,0.691467,0.692089,100.0000
2026.06.24,02:00:00,0.691946,0.692089,0.691850,0.692042,100.0000
2026.06.24,02:15:00,0.692089,0.692089,0.691802,0.691802,100.0000
2026.06.24,02:30:00,0.691850,0.691850,0.691324,0.691324,100.0000
2026.06.24,02:45:00,0.691228,0.691228,0.690703,0.690703,100.0000
2026.06.24,03:00:00,0.690703,0.690942,0.690465,0.690942,100.0000
2026.06.24,03:15:00,0.690655,0.690990,0.690655,0.690990,100.0000
2026.06.24,03:30:00,0.691037,0.691181,0.690942,0.691181,100.0000
2026.06.24,03:45:00,0.690990,0.691037,0.690942,0.690990,100.0000
2026.06.24,04:00:00,0.690894,0.690894,0.690560,0.690560,100.0000
2026.06.24,04:15:00,0.690751,0.691085,0.690655,0.691085,100.0000
2026.06.24,04:30:00,0.690990,0.691324,0.690990,0.691324,100.0000
2026.06.24,04:45:00,0.691228,0.691372,0.691085,0.691133,100.0000
2026.06.24,05:00:00,0.691228,0.691611,0.691228,0.691563,100.0000
2026.06.24,05:15:00,0.691611,0.691850,0.691467,0.691467,100.0000
2026.06.24,05:30:00,0.691563,0.691754,0.691467,0.691467,100.0000
2026.06.24,05:45:00,0.691706,0.691706,0.691372,0.691467,100.0000
2026.06.24,06:00:00,0.691372,0.691946,0.691372,0.691850,100.0000
2026.06.24,06:15:00,0.691467,0.691706,0.691324,0.691372,100.0000
2026.06.24,06:30:00,0.691372,0.691419,0.691133,0.691133,100.0000
2026.06.24,06:45:00,0.691085,0.691085,0.690751,0.690846,100.0000
2026.06.24,07:00:00,0.690799,0.690799,0.690560,0.690560,100.0000
2026.06.24,07:15:00,0.690560,0.690799,0.690560,0.690655,100.0000
2026.06.24,07:30:00,0.690703,0.690894,0.690560,0.690894,100.0000
2026.06.24,07:45:00,0.690990,0.690990,0.690369,0.690369,100.0000
2026.06.24,08:00:00,0.690226,0.690226,0.689513,0.689513,100.0000
2026.06.24,08:15:00,0.689750,0.689941,0.689750,0.689941,100.0000
2026.06.24,08:30:00,0.690036,0.690226,0.689750,0.690084,100.0000
2026.06.24,08:45:00,0.689988,0.690084,0.689846,0.689988,100.0000
2026.06.24,09:00:00,0.689988,0.689988,0.689513,0.689703,100.0000
2026.06.24,09:15:00,0.689608,0.689608,0.689322,0.689322,100.0000
2026.06.24,09:30:00,0.689370,0.689560,0.689180,0.689180,100.0000
2026.06.24,09:45:00,0.689275,0.689370,0.689132,0.689132,100.0000
2026.06.24,10:00:00,0.689132,0.689132,0.688800,0.688848,100.0000
2026.06.24,10:15:00,0.688942,0.688942,0.688800,0.688848,100.0000
2026.06.24,10:30:00,0.688942,0.689275,0.688942,0.689275,100.0000
2026.06.24,10:45:00,0.689227,0.689227,0.689085,0.689132,100.0000
2026.06.24,11:00:00,0.689417,0.689465,0.689227,0.689227,100.0000
2026.06.24,11:15:00,0.689037,0.689275,0.688990,0.689275,100.0000
2026.06.24,11:30:00,0.689465,0.689893,0.689465,0.689655,100.0000
2026.06.24,11:45:00,0.689703,0.690274,0.689655,0.689750,100.0000
2026.06.24,12:00:00,0.689846,0.690322,0.689846,0.690226,100.0000
2026.06.24,12:15:00,0.690084,0.690226,0.689750,0.689750,100.0000
2026.06.24,12:30:00,0.689608,0.689655,0.689132,0.689370,100.0000
2026.06.24,12:45:00,0.689227,0.689322,0.689037,0.689322,100.0000
2026.06.24,13:00:00,0.689370,0.689417,0.689132,0.689275,100.0000
2026.06.24,13:15:00,0.689227,0.689798,0.689227,0.689750,100.0000
2026.06.24,13:30:00,0.689846,0.690084,0.689655,0.689655,100.0000
2026.06.24,13:45:00,0.689465,0.690226,0.689465,0.690036,100.0000
2026.06.24,14:00:00,0.690131,0.690226,0.689893,0.689893,100.0000
2026.06.24,14:15:00,0.689846,0.689846,0.689465,0.689798,100.0000
2026.06.24,14:30:00,0.689655,0.689655,0.688895,0.689085,100.0000
2026.06.24,14:45:00,0.689180,0.689417,0.689180,0.689417,100.0000
2026.06.24,15:00:00,0.689465,0.689798,0.689417,0.689798,100.0000
2026.06.24,15:15:00,0.689703,0.690226,0.689703,0.689941,100.0000
2026.06.24,15:30:00,0.689988,0.689988,0.689560,0.689608,100.0000
2026.06.24,15:45:00,0.689703,0.689893,0.689513,0.689655,100.0000
2026.06.24,16:00:00,0.689655,0.689798,0.689608,0.689703,100.0000
2026.06.24,16:15:00,0.689846,0.690084,0.689846,0.690036,100.0000
2026.06.24,16:30:00,0.690179,0.690846,0.690179,0.690465,100.0000
2026.06.24,16:45:00,0.690512,0.690512,0.690369,0.690369,100.0000
2026.06.24,17:00:00,0.690465,0.690465,0.689893,0.689893,100.0000
2026.06.24,17:15:00,0.689798,0.689798,0.689370,0.689370,100.0000
2026.06.24,17:30:00,0.689275,0.689608,0.689037,0.689037,100.0000
2026.06.24,17:45:00,0.688848,0.688895,0.688753,0.688800,100.0000
2026.06.24,18:00:00,0.688705,0.688990,0.688658,0.688942,100.0000
2026.06.24,18:15:00,0.689037,0.689275,0.688990,0.689275,100.0000
2026.06.24,18:30:00,0.689370,0.689465,0.688990,0.688990,100.0000
2026.06.24,18:45:00,0.688848,0.688942,0.688800,0.688800,100.0000
2026.06.24,19:00:00,0.688800,0.689085,0.688610,0.688705,100.0000
2026.06.24,19:15:00,0.688705,0.689037,0.688705,0.689037,100.0000
2026.06.24,19:30:00,0.689227,0.689275,0.689037,0.689275,100.0000
2026.06.24,19:45:00,0.689370,0.689560,0.689322,0.689465,100.0000
2026.06.24,20:00:00,0.689370,0.690131,0.689370,0.689988,100.0000
2026.06.24,20:15:00,0.689893,0.690179,0.689893,0.690179,100.0000
2026.06.24,20:30:00,0.690179,0.690322,0.690179,0.690322,100.0000
2026.06.24,20:45:00,0.690322,0.690322,0.690179,0.690274,100.0000
2026.06.24,21:00:00,0.690274,0.690369,0.689655,0.690369,100.0000
2026.06.24,21:15:00,0.690369,0.690417,0.690322,0.690369,100.0000
2026.06.24,21:30:00,0.690274,0.690465,0.690274,0.690417,100.0000
2026.06.24,21:45:00,0.690369,0.690369,0.690274,0.690322,100.0000
2026.06.24,22:00:00,0.690274,0.690274,0.690036,0.690036,100.0000
2026.06.24,22:15:00,0.689941,0.690036,0.689941,0.689988,100.0000
2026.06.24,22:30:00,0.689988,0.690036,0.689941,0.689988,100.0000
2026.06.24,22:45:00,0.690036,0.690036,0.689846,0.689846,100.0000
2026.06.24,23:00:00,0.689846,0.689941,0.689798,0.689893,100.0000
2026.06.24,23:15:00,0.689941,0.690131,0.689941,0.690131,100.0000
2026.06.24,23:30:00,0.689988,0.690131,0.689988,0.690036,100.0000
2026.06.24,23:45:00,0.690274,0.690274,0.690036,0.690131,100.0000
2026.06.25,00:00:00,0.689846,0.689846,0.689465,0.689465,100.0000
2026.06.25,00:15:00,0.689608,0.689608,0.689465,0.689560,100.0000
2026.06.25,00:30:00,0.689560,0.689560,0.689227,0.689322,100.0000
2026.06.25,00:45:00,0.689322,0.689750,0.689322,0.689655,100.0000
2026.06.25,01:00:00,0.689703,0.689941,0.689703,0.689941,100.0000
2026.06.25,01:15:00,0.689988,0.690655,0.689988,0.690322,100.0000
2026.06.25,01:30:00,0.690894,0.690894,0.689465,0.689465,100.0000
2026.06.25,01:45:00,0.689465,0.689846,0.689322,0.689417,100.0000
2026.06.25,02:00:00,0.689417,0.689750,0.689322,0.689465,100.0000
2026.06.25,02:15:00,0.689370,0.689798,0.689370,0.689703,100.0000
2026.06.25,02:30:00,0.689465,0.689655,0.689085,0.689085,100.0000
2026.06.25,02:45:00,0.689132,0.689513,0.689132,0.689513,100.0000
2026.06.25,03:00:00,0.689560,0.689798,0.689560,0.689608,100.0000
2026.06.25,03:15:00,0.689655,0.689798,0.689655,0.689798,100.0000
2026.06.25,03:30:00,0.689703,0.689703,0.689465,0.689560,100.0000
2026.06.25,03:45:00,0.689608,0.690036,0.689560,0.689941,100.0000
2026.06.25,04:00:00,0.690036,0.690179,0.689941,0.690179,100.0000
2026.06.25,04:15:00,0.690179,0.690417,0.690131,0.690322,100.0000
2026.06.25,04:30:00,0.690226,0.690322,0.690131,0.690179,100.0000
2026.06.25,04:45:00,0.690179,0.690465,0.690179,0.690465,100.0000
2026.06.25,05:00:00,0.690465,0.690560,0.690226,0.690226,100.0000
2026.06.25,05:15:00,0.690179,0.690179,0.690036,0.690179,100.0000
2026.06.25,05:30:00,0.690084,0.690322,0.689846,0.689893,100.0000
2026.06.25,05:45:00,0.689798,0.689798,0.689465,0.689465,100.0000
2026.06.25,06:00:00,0.689513,0.689798,0.689417,0.689798,100.0000
2026.06.25,06:15:00,0.689655,0.689703,0.689608,0.689655,100.0000
2026.06.25,06:30:00,0.689655,0.689655,0.689037,0.689227,100.0000
2026.06.25,06:45:00,0.689275,0.689417,0.689180,0.689180,100.0000
2026.06.25,07:00:00,0.689085,0.689513,0.689085,0.689322,100.0000
2026.06.25,07:15:00,0.689180,0.689655,0.689180,0.689608,100.0000
2026.06.25,07:30:00,0.689608,0.689893,0.689513,0.689513,100.0000
2026.06.25,07:45:00,0.689655,0.690036,0.689655,0.690036,100.0000
2026.06.25,08:00:00,0.690322,0.690560,0.690179,0.690179,100.0000
2026.06.25,08:15:00,0.690274,0.690703,0.690226,0.690703,100.0000
2026.06.25,08:30:00,0.690703,0.690846,0.690703,0.690846,100.0000
2026.06.25,08:45:00,0.690751,0.690751,0.690322,0.690369,100.0000
2026.06.25,09:00:00,0.690465,0.690655,0.690417,0.690465,100.0000
2026.06.25,09:15:00,0.690465,0.690608,0.690322,0.690608,100.0000
2026.06.25,09:30:00,0.690703,0.690703,0.690179,0.690179,100.0000
2026.06.25,09:45:00,0.690036,0.690465,0.690036,0.690369,100.0000
2026.06.25,10:00:00,0.690274,0.690274,0.689893,0.689893,100.0000
2026.06.25,10:15:00,0.689798,0.689893,0.689750,0.689750,100.0000
2026.06.25,10:30:00,0.689703,0.689846,0.689560,0.689560,100.0000
2026.06.25,10:45:00,0.689417,0.689513,0.689370,0.689370,100.0000
2026.06.25,11:00:00,0.689513,0.689560,0.689417,0.689560,100.0000
2026.06.25,11:15:00,0.689560,0.689560,0.689370,0.689370,100.0000
2026.06.25,11:30:00,0.689417,0.689513,0.689227,0.689513,100.0000
2026.06.25,11:45:00,0.689370,0.689513,0.689085,0.689132,100.0000
2026.06.25,12:00:00,0.689275,0.689465,0.689275,0.689322,100.0000
2026.06.25,12:15:00,0.689322,0.689322,0.689085,0.689085,100.0000
2026.06.25,12:30:00,0.690179,0.691037,0.689750,0.691037,100.0000
2026.06.25,12:45:00,0.691085,0.691611,0.690751,0.690751,100.0000
2026.06.25,13:00:00,0.690799,0.690990,0.690369,0.690608,100.0000
2026.06.25,13:15:00,0.690846,0.691181,0.690751,0.691181,100.0000
2026.06.25,13:30:00,0.691228,0.691228,0.690560,0.690560,100.0000
2026.06.25,13:45:00,0.690131,0.690179,0.689608,0.689608,100.0000
2026.06.25,14:00:00,0.689560,0.691133,0.689560,0.690655,100.0000
2026.06.25,14:15:00,0.690560,0.690560,0.689750,0.690179,100.0000
2026.06.25,14:30:00,0.690417,0.690655,0.690226,0.690226,100.0000
2026.06.25,14:45:00,0.690417,0.691085,0.690417,0.691085,100.0000
2026.06.25,15:00:00,0.690990,0.691659,0.690990,0.691037,100.0000
2026.06.25,15:15:00,0.691228,0.692089,0.691228,0.692042,100.0000
2026.06.25,15:30:00,0.692089,0.692137,0.691802,0.691850,100.0000
2026.06.25,15:45:00,0.691994,0.692281,0.691802,0.692185,100.0000
2026.06.25,16:00:00,0.692185,0.692569,0.692185,0.692521,100.0000
2026.06.25,16:15:00,0.692665,0.692905,0.692665,0.692761,100.0000
2026.06.25,16:30:00,0.692569,0.692569,0.691946,0.691946,100.0000
2026.06.25,16:45:00,0.691850,0.691994,0.691802,0.691850,100.0000
2026.06.25,17:00:00,0.691946,0.692089,0.691850,0.692042,100.0000
2026.06.25,17:15:00,0.692137,0.692137,0.691898,0.691994,100.0000
2026.06.25,17:30:00,0.691994,0.691994,0.691850,0.691994,100.0000
2026.06.25,17:45:00,0.691898,0.692137,0.691802,0.692137,100.0000
2026.06.25,18:00:00,0.692042,0.692042,0.691515,0.691898,100.0000
2026.06.25,18:15:00,0.692042,0.692233,0.692042,0.692233,100.0000
2026.06.25,18:30:00,0.692042,0.692042,0.691611,0.691706,100.0000
2026.06.25,18:45:00,0.691611,0.691946,0.691563,0.691802,100.0000
2026.06.25,19:00:00,0.691802,0.691802,0.691515,0.691515,100.0000
2026.06.25,19:15:00,0.691754,0.691754,0.691563,0.691659,100.0000
2026.06.25,19:30:00,0.691754,0.691802,0.691324,0.691324,100.0000
2026.06.25,19:45:00,0.691228,0.691324,0.691037,0.691324,100.0000
2026.06.25,20:00:00,0.691467,0.691515,0.691228,0.691228,100.0000
2026.06.25,20:15:00,0.691324,0.691372,0.691276,0.691372,100.0000
2026.06.25,20:30:00,0.691324,0.691324,0.691228,0.691276,100.0000
2026.06.25,20:45:00,0.691228,0.691324,0.691228,0.691276,100.0000
2026.06.25,21:00:00,0.691228,0.691467,0.691228,0.691419,100.0000
2026.06.25,21:15:00,0.691898,0.691898,0.691181,0.691181,100.0000
2026.06.25,21:30:00,0.691085,0.691324,0.690990,0.691276,100.0000
2026.06.25,21:45:00,0.691372,0.691372,0.691037,0.691037,100.0000
2026.06.25,22:00:00,0.691228,0.691228,0.691037,0.691085,100.0000
2026.06.25,22:15:00,0.691085,0.691133,0.691037,0.691037,100.0000
2026.06.25,22:30:00,0.691037,0.691085,0.690942,0.690990,100.0000
2026.06.25,22:45:00,0.690942,0.691085,0.690894,0.691085,100.0000
2026.06.25,23:00:00,0.691037,0.691037,0.690942,0.691037,100.0000
2026.06.25,23:15:00,0.690990,0.691085,0.690894,0.690990,100.0000
2026.06.25,23:30:00,0.690894,0.690894,0.690608,0.690655,100.0000
2026.06.25,23:45:00,0.690512,0.690512,0.690274,0.690274,100.0000
2026.06.26,00:00:00,0.690274,0.690322,0.690084,0.690226,100.0000
2026.06.26,00:15:00,0.690226,0.690226,0.689941,0.689941,100.0000
2026.06.26,00:30:00,0.690084,0.690179,0.690036,0.690131,100.0000
2026.06.26,00:45:00,0.690179,0.690322,0.690084,0.690084,100.0000
2026.06.26,01:00:00,0.690226,0.690417,0.689893,0.690179,100.0000
2026.06.26,01:15:00,0.690322,0.690369,0.690131,0.690179,100.0000
2026.06.26,01:30:00,0.690131,0.690131,0.689275,0.689465,100.0000
2026.06.26,01:45:00,0.689180,0.689275,0.689085,0.689085,100.0000
2026.06.26,02:00:00,0.689227,0.689275,0.688800,0.688800,100.0000
2026.06.26,02:15:00,0.688800,0.688800,0.687853,0.687947,100.0000
2026.06.26,02:30:00,0.688089,0.688610,0.687994,0.688610,100.0000
2026.06.26,02:45:00,0.688610,0.688610,0.687947,0.688184,100.0000
2026.06.26,03:00:00,0.688184,0.688468,0.688089,0.688468,100.0000
2026.06.26,03:15:00,0.688373,0.688516,0.688279,0.688326,100.0000
2026.06.26,03:30:00,0.688231,0.688563,0.688231,0.688563,100.0000
2026.06.26,03:45:00,0.688516,0.689227,0.688516,0.689227,100.0000
2026.06.26,04:00:00,0.689465,0.689608,0.689322,0.689370,100.0000
2026.06.26,04:15:00,0.689417,0.689608,0.689322,0.689417,100.0000
2026.06.26,04:30:00,0.689465,0.689465,0.688848,0.689037,100.0000
2026.06.26,04:45:00,0.688990,0.689132,0.688848,0.688848,100.0000
2026.06.26,05:00:00,0.688848,0.689227,0.688800,0.689227,100.0000
2026.06.26,05:15:00,0.689465,0.689655,0.689275,0.689655,100.0000
2026.06.26,05:30:00,0.689703,0.689750,0.689513,0.689560,100.0000
2026.06.26,05:45:00,0.689417,0.689798,0.689417,0.689750,100.0000
2026.06.26,06:00:00,0.689560,0.689560,0.689132,0.689132,100.0000
2026.06.26,06:15:00,0.689275,0.689608,0.689275,0.689513,100.0000
2026.06.26,06:30:00,0.689703,0.689988,0.689703,0.689893,100.0000
2026.06.26,06:45:00,0.689988,0.690131,0.689798,0.690084,100.0000
2026.06.26,07:00:00,0.689846,0.689941,0.689750,0.689750,100.0000
2026.06.26,07:15:00,0.689703,0.689703,0.689465,0.689560,100.0000
2026.06.26,07:30:00,0.689465,0.689798,0.689465,0.689655,100.0000
2026.06.26,07:45:00,0.689513,0.689513,0.689227,0.689370,100.0000
2026.06.26,08:00:00,0.689465,0.689798,0.688942,0.689750,100.0000
2026.06.26,08:15:00,0.689846,0.689846,0.689655,0.689846,100.0000
2026.06.26,08:30:00,0.689798,0.689893,0.689750,0.689893,100.0000
2026.06.26,08:45:00,0.690036,0.690084,0.689798,0.689893,100.0000
2026.06.26,09:00:00,0.689703,0.689846,0.689608,0.689846,100.0000
2026.06.26,09:15:00,0.689893,0.690179,0.689893,0.690131,100.0000
2026.06.26,09:30:00,0.690369,0.690560,0.690226,0.690465,100.0000
2026.06.26,09:45:00,0.690465,0.690799,0.690465,0.690465,100.0000
2026.06.26,10:00:00,0.690417,0.690465,0.690179,0.690369,100.0000
2026.06.26,10:15:00,0.690512,0.690512,0.690179,0.690226,100.0000
2026.06.26,10:30:00,0.690322,0.690560,0.690322,0.690322,100.0000
2026.06.26,10:45:00,0.690417,0.690608,0.690369,0.690560,100.0000
2026.06.26,11:00:00,0.690608,0.690608,0.690369,0.690369,100.0000
2026.06.26,11:15:00,0.690417,0.690608,0.690369,0.690560,100.0000
2026.06.26,11:30:00,0.690655,0.690655,0.690465,0.690465,100.0000
2026.06.26,11:45:00,0.690512,0.690512,0.690084,0.690179,100.0000
2026.06.26,12:00:00,0.690179,0.690465,0.690179,0.690465,100.0000
2026.06.26,12:15:00,0.690655,0.690655,0.690226,0.690322,100.0000
2026.06.26,12:30:00,0.690274,0.690417,0.689941,0.689988,100.0000
2026.06.26,12:45:00,0.689988,0.690655,0.689988,0.690655,100.0000
2026.06.26,13:00:00,0.690655,0.690846,0.690560,0.690846,100.0000
2026.06.26,13:15:00,0.690751,0.690846,0.690369,0.690751,100.0000
2026.06.26,13:30:00,0.690751,0.691085,0.690655,0.691085,100.0000
2026.06.26,13:45:00,0.690799,0.691228,0.690799,0.691228,100.0000
2026.06.26,14:00:00,0.691419,0.691467,0.691228,0.691467,100.0000
2026.06.26,14:15:00,0.691706,0.691850,0.691467,0.691706,100.0000
2026.06.26,14:30:00,0.691515,0.691563,0.691181,0.691181,100.0000
2026.06.26,14:45:00,0.691372,0.691372,0.690274,0.690274,100.0000
2026.06.26,15:00:00,0.690226,0.690465,0.690179,0.690465,100.0000
2026.06.26,15:15:00,0.690560,0.690703,0.690560,0.690703,100.0000
2026.06.26,15:30:00,0.690942,0.691133,0.690703,0.691133,100.0000
2026.06.26,15:45:00,0.691037,0.691133,0.690417,0.690751,100.0000
2026.06.26,16:00:00,0.690799,0.690846,0.690608,0.690751,100.0000
2026.06.26,16:15:00,0.690751,0.690751,0.690322,0.690322,100.0000
2026.06.26,16:30:00,0.690417,0.690417,0.689941,0.690417,100.0000
2026.06.26,16:45:00,0.690369,0.690369,0.690179,0.690274,100.0000
2026.06.26,17:00:00,0.690274,0.690465,0.690274,0.690417,100.0000
2026.06.26,17:15:00,0.690322,0.690322,0.690226,0.690322,100.0000
2026.06.26,17:30:00,0.690369,0.690369,0.689988,0.690226,100.0000
2026.06.26,17:45:00,0.690179,0.690322,0.690036,0.690036,100.0000
2026.06.26,18:00:00,0.689988,0.690322,0.689988,0.690226,100.0000
2026.06.26,18:15:00,0.690226,0.690226,0.689988,0.690036,100.0000
2026.06.26,18:30:00,0.689988,0.690131,0.689988,0.690036,100.0000
2026.06.26,18:45:00,0.689798,0.689798,0.689703,0.689703,100.0000
2026.06.26,19:00:00,0.689655,0.689846,0.689608,0.689846,100.0000
2026.06.26,19:15:00,0.689750,0.689846,0.689655,0.689703,100.0000
2026.06.26,19:30:00,0.689655,0.689798,0.689655,0.689750,100.0000
2026.06.26,19:45:00,0.689846,0.690226,0.689846,0.690226,100.0000
2026.06.26,20:00:00,0.690084,0.690084,0.689893,0.690036,100.0000
2026.06.26,20:15:00,0.690036,0.690131,0.690036,0.690084,100.0000
2026.06.26,20:30:00,0.690036,0.690036,0.689417,0.689750,100.0000
2026.06.26,20:45:00,0.689750,0.689750,0.689465,0.689608,100.0000
2026.06.26,21:00:00,0.690131,0.690131,0.690131,0.690131,100.0000
2026.06.26,21:15:00,0.690131,0.690131,0.690131,0.690131,100.0000
2026.06.28,23:00:00,0.689750,0.689988,0.689750,0.689988,100.0000
2026.06.28,23:15:00,0.689893,0.689893,0.689798,0.689846,100.0000
2026.06.28,23:30:00,0.689655,0.689798,0.689608,0.689798,100.0000
2026.06.28,23:45:00,0.689798,0.689893,0.689750,0.689846,100.0000
2026.06.29,00:00:00,0.689560,0.689560,0.689322,0.689322,100.0000
2026.06.29,00:15:00,0.688990,0.688990,0.688753,0.688753,100.0000
2026.06.29,00:30:00,0.688753,0.688990,0.688753,0.688990,100.0000
2026.06.29,00:45:00,0.688990,0.688990,0.688610,0.688848,100.0000
2026.06.29,01:00:00,0.688705,0.688848,0.688421,0.688753,100.0000
2026.06.29,01:15:00,0.688610,0.688848,0.688610,0.688705,100.0000
2026.06.29,01:30:00,0.688516,0.689322,0.688516,0.689322,100.0000
2026.06.29,01:45:00,0.689180,0.689180,0.688800,0.688800,100.0000
2026.06.29,02:00:00,0.688753,0.688942,0.688753,0.688848,100.0000
2026.06.29,02:15:00,0.688753,0.689750,0.688753,0.689750,100.0000
2026.06.29,02:30:00,0.689560,0.689560,0.689275,0.689322,100.0000
2026.06.29,02:45:00,0.689370,0.689417,0.689322,0.689322,100.0000
2026.06.29,03:00:00,0.689465,0.689513,0.689322,0.689513,100.0000
2026.06.29,03:15:00,0.689560,0.689703,0.689513,0.689703,100.0000
2026.06.29,03:30:00,0.689750,0.689750,0.689465,0.689560,100.0000
2026.06.29,03:45:00,0.689322,0.689370,0.689132,0.689132,100.0000
2026.06.29,04:00:00,0.689180,0.689180,0.689085,0.689180,100.0000
2026.06.29,04:15:00,0.689132,0.689180,0.689037,0.689180,100.0000
2026.06.29,04:30:00,0.689275,0.689275,0.689132,0.689132,100.0000
2026.06.29,04:45:00,0.689180,0.689322,0.689085,0.689132,100.0000
2026.06.29,05:00:00,0.688990,0.689322,0.688990,0.689322,100.0000
2026.06.29,05:15:00,0.689417,0.689417,0.689275,0.689275,100.0000
2026.06.29,05:30:00,0.689322,0.689560,0.689322,0.689560,100.0000
2026.06.29,05:45:00,0.689655,0.689846,0.689608,0.689798,100.0000
2026.06.29,06:00:00,0.689750,0.689846,0.689655,0.689798,100.0000
2026.06.29,06:15:00,0.689846,0.690274,0.689798,0.690274,100.0000
2026.06.29,06:30:00,0.690274,0.690512,0.690274,0.690465,100.0000
2026.06.29,06:45:00,0.690465,0.690608,0.690417,0.690560,100.0000
2026.06.29,07:00:00,0.690417,0.690512,0.690369,0.690369,100.0000
2026.06.29,07:15:00,0.690512,0.690560,0.690322,0.690465,100.0000
2026.06.29,07:30:00,0.690417,0.690465,0.690179,0.690274,100.0000
2026.06.29,07:45:00,0.690131,0.690179,0.689750,0.689750,100.0000
2026.06.29,08:00:00,0.689798,0.689893,0.689655,0.689750,100.0000
2026.06.29,08:15:00,0.689703,0.689703,0.689370,0.689370,100.0000
2026.06.29,08:30:00,0.689750,0.689750,0.689417,0.689655,100.0000
2026.06.29,08:45:00,0.689560,0.689560,0.689322,0.689370,100.0000
2026.06.29,09:00:00,0.689560,0.689750,0.689560,0.689703,100.0000
2026.06.29,09:15:00,0.689655,0.689846,0.689655,0.689846,100.0000
2026.06.29,09:30:00,0.689941,0.689941,0.689750,0.689750,100.0000
2026.06.29,09:45:00,0.689750,0.690131,0.689750,0.690131,100.0000
2026.06.29,10:00:00,0.690084,0.690226,0.690036,0.690226,100.0000
2026.06.29,10:15:00,0.690036,0.690131,0.689988,0.690084,100.0000
2026.06.29,10:30:00,0.690084,0.690179,0.690036,0.690179,100.0000
2026.06.29,10:45:00,0.690036,0.690322,0.690036,0.690274,100.0000
2026.06.29,11:00:00,0.690369,0.690465,0.689988,0.689988,100.0000
2026.06.29,11:15:00,0.690036,0.690131,0.690036,0.690131,100.0000
2026.06.29,11:30:00,0.690036,0.690274,0.690036,0.690084,100.0000
2026.06.29,11:45:00,0.690036,0.690417,0.690036,0.690369,100.0000
2026.06.29,12:00:00,0.690274,0.690274,0.690179,0.690274,100.0000
2026.06.29,12:15:00,0.690322,0.690322,0.689988,0.690084,100.0000
2026.06.29,12:30:00,0.690084,0.690226,0.689750,0.689750,100.0000
2026.06.29,12:45:00,0.689798,0.689893,0.689703,0.689893,100.0000
2026.06.29,13:00:00,0.689941,0.689941,0.689798,0.689798,100.0000
2026.06.29,13:15:00,0.689798,0.689798,0.689655,0.689798,100.0000
2026.06.29,13:30:00,0.689703,0.689750,0.689417,0.689513,100.0000
2026.06.29,13:45:00,0.689465,0.689513,0.689085,0.689085,100.0000
2026.06.29,14:00:00,0.689227,0.689227,0.688373,0.688373,100.0000
2026.06.29,14:15:00,0.688231,0.688705,0.688231,0.688705,100.0000
2026.06.29,14:30:00,0.688848,0.688848,0.688516,0.688658,100.0000
2026.06.29,14:45:00,0.688326,0.688468,0.688042,0.688373,100.0000
2026.06.29,15:00:00,0.688231,0.688326,0.688184,0.688231,100.0000
2026.06.29,15:15:00,0.688373,0.688516,0.688326,0.688468,100.0000
2026.06.29,15:30:00,0.688421,0.688421,0.688137,0.688373,100.0000
2026.06.29,15:45:00,0.688468,0.688658,0.688468,0.688610,100.0000
2026.06.29,16:00:00,0.688705,0.688942,0.688705,0.688848,100.0000
2026.06.29,16:15:00,0.688942,0.688942,0.688848,0.688848,100.0000
2026.06.29,16:30:00,0.688800,0.689085,0.688800,0.689085,100.0000
2026.06.29,16:45:00,0.689180,0.689275,0.688895,0.688895,100.0000
2026.06.29,17:00:00,0.688990,0.689037,0.688942,0.689037,100.0000
2026.06.29,17:15:00,0.689132,0.689132,0.688848,0.688895,100.0000
2026.06.29,17:30:00,0.688895,0.688990,0.688848,0.688942,100.0000
2026.06.29,17:45:00,0.688942,0.689132,0.688895,0.688990,100.0000
2026.06.29,18:00:00,0.689180,0.689275,0.689180,0.689275,100.0000
2026.06.29,18:15:00,0.689322,0.689322,0.689227,0.689227,100.0000
2026.06.29,18:30:00,0.689227,0.689370,0.689227,0.689370,100.0000
2026.06.29,18:45:00,0.689417,0.689465,0.689275,0.689275,100.0000
2026.06.29,19:00:00,0.689322,0.689322,0.689037,0.689037,100.0000
2026.06.29,19:15:00,0.689085,0.689275,0.689085,0.689275,100.0000
2026.06.29,19:30:00,0.689275,0.689322,0.689275,0.689275,100.0000
2026.06.29,19:45:00,0.689370,0.689370,0.689180,0.689275,100.0000
2026.06.29,20:00:00,0.689180,0.689322,0.689180,0.689275,100.0000
2026.06.29,20:15:00,0.689275,0.689322,0.689180,0.689227,100.0000
2026.06.29,20:30:00,0.689132,0.689132,0.688990,0.688990,100.0000
2026.06.29,20:45:00,0.688990,0.688990,0.688895,0.688895,100.0000
2026.06.29,21:00:00,0.689370,0.689417,0.689085,0.689417,100.0000
2026.06.29,21:15:00,0.688990,0.688990,0.688753,0.688800,100.0000
2026.06.29,21:30:00,0.688800,0.689227,0.688753,0.689180,100.0000
2026.06.29,21:45:00,0.689227,0.689275,0.689037,0.689180,100.0000
2026.06.29,22:00:00,0.689085,0.689180,0.689037,0.689085,100.0000
2026.06.29,22:15:00,0.689132,0.689180,0.689085,0.689085,100.0000
2026.06.29,22:30:00,0.689132,0.689132,0.688990,0.688990,100.0000
2026.06.29,22:45:00,0.688990,0.689037,0.688990,0.689037,100.0000
2026.06.29,23:00:00,0.689037,0.689085,0.688990,0.688990,100.0000
2026.06.29,23:15:00,0.689037,0.689132,0.688990,0.688990,100.0000
2026.06.29,23:30:00,0.688990,0.688990,0.688895,0.688942,100.0000
2026.06.29,23:45:00,0.688895,0.688895,0.688421,0.688421,100.0000
2026.06.30,00:00:00,0.688184,0.688184,0.687805,0.687900,100.0000
2026.06.30,00:15:00,0.687805,0.687947,0.687663,0.687663,100.0000
2026.06.30,00:30:00,0.687663,0.687805,0.687474,0.687474,100.0000
2026.06.30,00:45:00,0.687522,0.687522,0.686955,0.687474,100.0000
2026.06.30,01:00:00,0.687474,0.687474,0.686908,0.686908,100.0000
2026.06.30,01:15:00,0.687002,0.688326,0.687002,0.688326,100.0000
2026.06.30,01:30:00,0.688373,0.688563,0.687853,0.687900,100.0000
2026.06.30,01:45:00,0.687758,0.687758,0.687191,0.687191,100.0000
2026.06.30,02:00:00,0.687427,0.687522,0.687191,0.687191,100.0000
2026.06.30,02:15:00,0.687144,0.687144,0.686908,0.686955,100.0000
2026.06.30,02:30:00,0.686908,0.687049,0.686860,0.686860,100.0000
2026.06.30,02:45:00,0.686908,0.687096,0.686860,0.687002,100.0000
2026.06.30,03:00:00,0.687191,0.687427,0.687144,0.687144,100.0000
2026.06.30,03:15:00,0.687144,0.687238,0.687049,0.687096,100.0000
2026.06.30,03:30:00,0.687096,0.687144,0.687002,0.687049,100.0000
2026.06.30,03:45:00,0.687002,0.687238,0.687002,0.687144,100.0000
2026.06.30,04:00:00,0.687191,0.687285,0.687191,0.687285,100.0000
2026.06.30,04:15:00,0.687332,0.687380,0.687285,0.687380,100.0000
2026.06.30,04:30:00,0.687380,0.687569,0.687380,0.687474,100.0000
2026.06.30,04:45:00,0.687474,0.687569,0.687191,0.687191,100.0000
2026.06.30,05:00:00,0.687238,0.687474,0.687191,0.687380,100.0000
2026.06.30,05:15:00,0.687522,0.687616,0.687427,0.687474,100.0000
2026.06.30,05:30:00,0.687474,0.687569,0.687380,0.687569,100.0000
2026.06.30,05:45:00,0.687522,0.687758,0.687049,0.687144,100.0000
2026.06.30,06:00:00,0.687096,0.687380,0.687096,0.687285,100.0000
2026.06.30,06:15:00,0.687238,0.688042,0.687238,0.688042,100.0000
2026.06.30,06:30:00,0.687853,0.687994,0.687853,0.687994,100.0000
2026.06.30,06:45:00,0.687711,0.688042,0.687711,0.688042,100.0000
2026.06.30,07:00:00,0.687853,0.688089,0.687853,0.687947,100.0000
2026.06.30,07:15:00,0.688089,0.688231,0.687853,0.688231,100.0000
2026.06.30,07:30:00,0.688137,0.688421,0.688137,0.688373,100.0000
2026.06.30,07:45:00,0.688326,0.688326,0.687900,0.688042,100.0000
2026.06.30,08:00:00,0.687994,0.688279,0.687994,0.688184,100.0000
2026.06.30,08:15:00,0.687994,0.688373,0.687994,0.688279,100.0000
2026.06.30,08:30:00,0.688184,0.688326,0.687900,0.688042,100.0000
2026.06.30,08:45:00,0.688042,0.688326,0.687994,0.688326,100.0000
2026.06.30,09:00:00,0.688326,0.688800,0.688326,0.688800,100.0000
2026.06.30,09:15:00,0.688705,0.688705,0.688468,0.688468,100.0000
2026.06.30,09:30:00,0.688421,0.688610,0.688373,0.688610,100.0000
2026.06.30,09:45:00,0.688658,0.688705,0.688610,0.688705,100.0000
2026.06.30,10:00:00,0.688705,0.688705,0.688563,0.688610,100.0000
2026.06.30,10:15:00,0.688658,0.688800,0.688658,0.688753,100.0000
2026.06.30,10:30:00,0.688610,0.688753,0.688563,0.688705,100.0000
2026.06.30,10:45:00,0.688705,0.689275,0.688658,0.689275,100.0000
2026.06.30,11:00:00,0.689085,0.689180,0.689085,0.689132,100.0000
2026.06.30,11:15:00,0.689227,0.689227,0.688895,0.689085,100.0000
2026.06.30,11:30:00,0.689037,0.689037,0.688753,0.688990,100.0000
2026.06.30,11:45:00,0.689085,0.689132,0.688990,0.689037,100.0000
2026.06.30,12:00:00,0.689085,0.689085,0.688895,0.688895,100.0000
2026.06.30,12:15:00,0.688990,0.688990,0.688516,0.688516,100.0000
2026.06.30,12:30:00,0.688563,0.688942,0.688563,0.688942,100.0000
2026.06.30,12:45:00,0.688990,0.689085,0.688753,0.688753,100.0000
2026.06.30,13:00:00,0.688942,0.689275,0.688895,0.689275,100.0000
2026.06.30,13:15:00,0.689227,0.689560,0.689227,0.689275,100.0000
2026.06.30,13:30:00,0.689370,0.689417,0.689132,0.689417,100.0000
2026.06.30,13:45:00,0.689465,0.689655,0.689465,0.689560,100.0000
2026.06.30,14:00:00,0.689322,0.690369,0.689322,0.690369,100.0000
2026.06.30,14:15:00,0.690560,0.691133,0.690560,0.691133,100.0000
2026.06.30,14:30:00,0.691181,0.691324,0.691085,0.691181,100.0000
2026.06.30,14:45:00,0.691659,0.693097,0.691467,0.693097,100.0000
2026.06.30,15:00:00,0.692905,0.692905,0.692377,0.692425,100.0000
2026.06.30,15:15:00,0.692329,0.692329,0.691898,0.691898,100.0000
2026.06.30,15:30:00,0.691802,0.691946,0.691706,0.691754,100.0000
2026.06.30,15:45:00,0.691706,0.691802,0.691659,0.691659,100.0000
2026.06.30,16:00:00,0.691659,0.691659,0.691372,0.691372,100.0000
2026.06.30,16:15:00,0.691515,0.691515,0.691228,0.691276,100.0000
2026.06.30,16:30:00,0.691324,0.691419,0.691181,0.691419,100.0000
2026.06.30,16:45:00,0.691372,0.691563,0.691372,0.691419,100.0000
2026.06.30,17:00:00,0.691467,0.691706,0.691467,0.691563,100.0000
2026.06.30,17:15:00,0.691515,0.691754,0.691515,0.691706,100.0000
2026.06.30,17:30:00,0.691706,0.691898,0.691706,0.691898,100.0000
2026.06.30,17:45:00,0.691994,0.692137,0.691994,0.692089,100.0000
2026.06.30,18:00:00,0.692089,0.692329,0.692089,0.692281,100.0000
2026.06.30,18:15:00,0.692281,0.692329,0.692137,0.692281,100.0000
2026.06.30,18:30:00,0.692185,0.692281,0.692089,0.692089,100.0000
2026.06.30,18:45:00,0.692185,0.692521,0.692185,0.692377,100.0000
2026.06.30,19:00:00,0.692329,0.692377,0.692233,0.692281,100.0000
2026.06.30,19:15:00,0.692281,0.692377,0.692137,0.692137,100.0000
2026.06.30,19:30:00,0.692281,0.692377,0.692137,0.692233,100.0000
2026.06.30,19:45:00,0.692233,0.692617,0.692137,0.692617,100.0000
2026.06.30,20:00:00,0.692569,0.692569,0.692425,0.692425,100.0000
2026.06.30,20:15:00,0.692425,0.692521,0.692377,0.692377,100.0000
2026.06.30,20:30:00,0.692377,0.692377,0.692233,0.692281,100.0000
2026.06.30,20:45:00,0.692329,0.692329,0.692185,0.692233,100.0000
2026.06.30,21:00:00,0.691706,0.691946,0.691706,0.691802,100.0000
2026.06.30,21:15:00,0.691898,0.692042,0.691898,0.691994,100.0000
2026.06.30,21:30:00,0.691850,0.692137,0.691850,0.691994,100.0000
2026.06.30,21:45:00,0.691946,0.692089,0.691946,0.692089,100.0000
2026.06.30,22:00:00,0.692137,0.692185,0.692042,0.692042,100.0000
2026.06.30,22:15:00,0.692042,0.692137,0.691994,0.692089,100.0000
2026.06.30,22:30:00,0.691994,0.692042,0.691994,0.692042,100.0000
2026.06.30,22:45:00,0.692042,0.692042,0.691898,0.691946,100.0000
2026.06.30,23:00:00,0.691946,0.692042,0.691946,0.691994,100.0000
2026.06.30,23:15:00,0.691946,0.691994,0.691850,0.691850,100.0000
2026.06.30,23:30:00,0.691850,0.691946,0.691754,0.691754,100.0000
2026.06.30,23:45:00,0.691706,0.691754,0.691419,0.691419,100.0000
2026.07.01,00:00:00,0.691419,0.691611,0.691419,0.691515,100.0000
2026.07.01,00:15:00,0.691467,0.691467,0.690894,0.690942,100.0000
2026.07.01,00:30:00,0.690894,0.691085,0.690703,0.690703,100.0000
2026.07.01,00:45:00,0.690655,0.690655,0.690417,0.690417,100.0000
2026.07.01,01:00:00,0.690417,0.690417,0.689846,0.689846,100.0000
2026.07.01,01:15:00,0.689941,0.689941,0.689846,0.689846,100.0000
2026.07.01,01:30:00,0.689893,0.689893,0.689560,0.689560,100.0000
2026.07.01,01:45:00,0.689608,0.689608,0.689180,0.689417,100.0000
2026.07.01,02:00:00,0.689275,0.689322,0.688610,0.688610,100.0000
2026.07.01,02:15:00,0.688942,0.689037,0.688800,0.688990,100.0000
2026.07.01,02:30:00,0.689227,0.689370,0.688990,0.689370,100.0000
2026.07.01,02:45:00,0.689417,0.689465,0.689180,0.689180,100.0000
2026.07.01,03:00:00,0.689085,0.689370,0.689085,0.689370,100.0000
2026.07.01,03:15:00,0.689370,0.689370,0.689085,0.689085,100.0000
2026.07.01,03:30:00,0.689322,0.689322,0.689037,0.689085,100.0000
2026.07.01,03:45:00,0.688990,0.689370,0.688990,0.689370,100.0000
2026.07.01,04:00:00,0.689275,0.689275,0.688990,0.688990,100.0000
2026.07.01,04:15:00,0.688942,0.688942,0.688848,0.688942,100.0000
2026.07.01,04:30:00,0.689275,0.689370,0.689180,0.689370,100.0000
2026.07.01,04:45:00,0.689322,0.689608,0.689322,0.689513,100.0000
2026.07.01,05:00:00,0.689608,0.689608,0.689370,0.689417,100.0000
2026.07.01,05:15:00,0.689417,0.689703,0.689417,0.689703,100.0000
2026.07.01,05:30:00,0.689703,0.689798,0.689655,0.689798,100.0000
2026.07.01,05:45:00,0.689798,0.689846,0.689608,0.689655,100.0000
2026.07.01,06:00:00,0.689655,0.689655,0.689227,0.689227,100.0000
2026.07.01,06:15:00,0.689227,0.689275,0.689180,0.689180,100.0000
2026.07.01,06:30:00,0.689322,0.689322,0.688990,0.688990,100.0000
2026.07.01,06:45:00,0.689180,0.689322,0.689180,0.689322,100.0000
2026.07.01,07:00:00,0.689275,0.689513,0.689227,0.689227,100.0000
2026.07.01,07:15:00,0.689037,0.689180,0.688942,0.688990,100.0000
2026.07.01,07:30:00,0.688942,0.689417,0.688942,0.689180,100.0000
2026.07.01,07:45:00,0.688990,0.689560,0.688990,0.689560,100.0000
2026.07.01,08:00:00,0.689608,0.689608,0.689180,0.689370,100.0000
2026.07.01,08:15:00,0.689370,0.689560,0.689370,0.689465,100.0000
2026.07.01,08:30:00,0.689322,0.689703,0.689322,0.689703,100.0000
2026.07.01,08:45:00,0.689655,0.689655,0.689417,0.689417,100.0000
2026.07.01,09:00:00,0.689370,0.689513,0.689370,0.689513,100.0000
2026.07.01,09:15:00,0.689560,0.689560,0.689417,0.689417,100.0000
2026.07.01,09:30:00,0.689465,0.689513,0.689275,0.689275,100.0000
2026.07.01,09:45:00,0.689370,0.689417,0.689275,0.689275,100.0000
2026.07.01,10:00:00,0.689085,0.689275,0.689085,0.689227,100.0000
2026.07.01,10:15:00,0.689180,0.689560,0.689180,0.689560,100.0000
2026.07.01,10:30:00,0.689655,0.689893,0.689655,0.689846,100.0000
2026.07.01,10:45:00,0.689798,0.690179,0.689798,0.690131,100.0000
2026.07.01,11:00:00,0.690131,0.690131,0.689846,0.689893,100.0000
2026.07.01,11:15:00,0.689893,0.690036,0.689893,0.690036,100.0000
2026.07.01,11:30:00,0.689893,0.689893,0.689750,0.689798,100.0000
2026.07.01,11:45:00,0.689941,0.689941,0.689560,0.689560,100.0000
2026.07.01,12:00:00,0.689655,0.689655,0.689227,0.689370,100.0000
2026.07.01,12:15:00,0.689750,0.689941,0.689750,0.689750,100.0000
2026.07.01,12:30:00,0.689798,0.689941,0.689417,0.689417,100.0000
2026.07.01,12:45:00,0.689608,0.689608,0.689417,0.689465,100.0000
2026.07.01,13:00:00,0.689608,0.689608,0.688848,0.688848,100.0000
2026.07.01,13:15:00,0.688895,0.690131,0.688895,0.690131,100.0000
2026.07.01,13:30:00,0.690084,0.691037,0.690084,0.691037,100.0000
2026.07.01,13:45:00,0.691467,0.691706,0.690465,0.690465,100.0000
2026.07.01,14:00:00,0.690846,0.691181,0.690369,0.691181,100.0000
2026.07.01,14:15:00,0.691037,0.691085,0.690799,0.690799,100.0000
2026.07.01,14:30:00,0.690751,0.691181,0.690751,0.690894,100.0000
2026.07.01,14:45:00,0.690608,0.690608,0.689988,0.690512,100.0000
2026.07.01,15:00:00,0.690512,0.690512,0.690036,0.690131,100.0000
2026.07.01,15:15:00,0.690179,0.690465,0.690179,0.690465,100.0000
2026.07.01,15:30:00,0.690417,0.690608,0.690226,0.690369,100.0000
2026.07.01,15:45:00,0.690226,0.690512,0.690226,0.690417,100.0000
2026.07.01,16:00:00,0.690751,0.691037,0.690703,0.690799,100.0000
2026.07.01,16:15:00,0.690655,0.690894,0.690465,0.690894,100.0000
2026.07.01,16:30:00,0.690655,0.690655,0.690417,0.690465,100.0000
2026.07.01,16:45:00,0.690369,0.690465,0.690226,0.690322,100.0000
2026.07.01,17:00:00,0.690465,0.690465,0.690226,0.690226,100.0000
2026.07.01,17:15:00,0.690179,0.690369,0.690131,0.690369,100.0000
2026.07.01,17:30:00,0.690465,0.690465,0.690226,0.690226,100.0000
2026.07.01,17:45:00,0.690131,0.690322,0.690131,0.690131,100.0000
2026.07.01,18:00:00,0.690131,0.690179,0.689846,0.689846,100.0000
2026.07.01,18:15:00,0.689893,0.689893,0.689513,0.689750,100.0000
2026.07.01,18:30:00,0.689798,0.689846,0.689798,0.689798,100.0000
2026.07.01,18:45:00,0.689846,0.689846,0.689655,0.689798,100.0000
2026.07.01,19:00:00,0.689846,0.690036,0.689846,0.689941,100.0000
2026.07.01,19:15:00,0.689941,0.689941,0.689750,0.689846,100.0000
2026.07.01,19:30:00,0.689893,0.689893,0.689798,0.689798,100.0000
2026.07.01,19:45:00,0.689798,0.689846,0.689608,0.689608,100.0000
2026.07.01,20:00:00,0.689560,0.689560,0.689465,0.689465,100.0000
2026.07.01,20:15:00,0.689417,0.689417,0.689322,0.689322,100.0000
2026.07.01,20:30:00,0.689322,0.689370,0.689275,0.689275,100.0000
2026.07.01,20:45:00,0.689275,0.689608,0.689275,0.689608,100.0000
2026.07.01,21:00:00,0.689465,0.689846,0.689465,0.689846,100.0000
2026.07.01,21:15:00,0.689893,0.689893,0.689703,0.689846,100.0000
2026.07.01,21:30:00,0.689655,0.689798,0.689370,0.689798,100.0000
2026.07.01,21:45:00,0.689655,0.689988,0.689655,0.689893,100.0000
2026.07.01,22:00:00,0.689465,0.689655,0.689465,0.689608,100.0000
2026.07.01,22:15:00,0.689608,0.689655,0.689560,0.689560,100.0000
2026.07.01,22:30:00,0.689560,0.689560,0.689513,0.689560,100.0000
2026.07.01,22:45:00,0.689560,0.689608,0.689513,0.689513,100.0000
2026.07.01,23:00:00,0.689465,0.689513,0.689465,0.689513,100.0000
2026.07.01,23:15:00,0.689465,0.689465,0.689417,0.689417,100.0000
2026.07.01,23:30:00,0.689417,0.689417,0.689370,0.689370,100.0000
2026.07.01,23:45:00,0.689465,0.689465,0.689227,0.689227,100.0000
2026.07.02,00:00:00,0.689037,0.689037,0.688705,0.688848,100.0000
2026.07.02,00:15:00,0.688848,0.688990,0.688800,0.688848,100.0000
2026.07.02,00:30:00,0.688848,0.688990,0.688753,0.688753,100.0000
2026.07.02,00:45:00,0.688800,0.689085,0.688800,0.689085,100.0000
2026.07.02,01:00:00,0.689417,0.689846,0.689417,0.689750,100.0000
2026.07.02,01:15:00,0.689846,0.689846,0.689513,0.689513,100.0000
2026.07.02,01:30:00,0.689465,0.689750,0.689417,0.689703,100.0000
2026.07.02,01:45:00,0.689608,0.689941,0.689608,0.689655,100.0000
2026.07.02,02:00:00,0.689798,0.690036,0.689798,0.690036,100.0000
2026.07.02,02:15:00,0.690226,0.690322,0.689988,0.690036,100.0000
2026.07.02,02:30:00,0.690036,0.690084,0.689988,0.690036,100.0000
2026.07.02,02:45:00,0.690036,0.690036,0.689608,0.689655,100.0000
2026.07.02,03:00:00,0.689798,0.689798,0.689132,0.689132,100.0000
2026.07.02,03:15:00,0.689132,0.689132,0.688753,0.689085,100.0000
2026.07.02,03:30:00,0.689132,0.689370,0.689132,0.689275,100.0000
2026.07.02,03:45:00,0.689275,0.689513,0.689132,0.689513,100.0000
2026.07.02,04:00:00,0.689608,0.689798,0.689560,0.689560,100.0000
2026.07.02,04:15:00,0.689560,0.689560,0.689370,0.689417,100.0000
2026.07.02,04:30:00,0.689417,0.689417,0.689322,0.689370,100.0000
2026.07.02,04:45:00,0.689417,0.689703,0.689417,0.689703,100.0000
2026.07.02,05:00:00,0.689655,0.689703,0.689560,0.689703,100.0000
2026.07.02,05:15:00,0.689655,0.689893,0.689608,0.689608,100.0000
2026.07.02,05:30:00,0.689513,0.689513,0.689370,0.689513,100.0000
2026.07.02,05:45:00,0.689513,0.689655,0.689465,0.689560,100.0000
2026.07.02,06:00:00,0.689846,0.689941,0.689750,0.689750,100.0000
2026.07.02,06:15:00,0.689703,0.689703,0.689560,0.689703,100.0000
2026.07.02,06:30:00,0.689798,0.689798,0.689608,0.689608,100.0000
2026.07.02,06:45:00,0.689608,0.690179,0.689608,0.689941,100.0000
2026.07.02,07:00:00,0.689608,0.689750,0.689370,0.689750,100.0000
2026.07.02,07:15:00,0.689655,0.689655,0.689417,0.689560,100.0000
2026.07.02,07:30:00,0.689655,0.689941,0.689465,0.689941,100.0000
2026.07.02,07:45:00,0.689798,0.689798,0.689370,0.689513,100.0000
2026.07.02,08:00:00,0.689417,0.690131,0.689417,0.689988,100.0000
2026.07.02,08:15:00,0.690369,0.690990,0.690369,0.690703,100.0000
2026.07.02,08:30:00,0.690608,0.691181,0.690608,0.691181,100.0000
2026.07.02,08:45:00,0.691037,0.691228,0.690942,0.691133,100.0000
2026.07.02,09:00:00,0.691085,0.691085,0.690512,0.690512,100.0000
2026.07.02,09:15:00,0.690560,0.690703,0.690226,0.690226,100.0000
2026.07.02,09:30:00,0.690274,0.690751,0.690274,0.690751,100.0000
2026.07.02,09:45:00,0.690655,0.690894,0.690608,0.690799,100.0000
2026.07.02,10:00:00,0.690465,0.690560,0.690465,0.690512,100.0000
2026.07.02,10:15:00,0.690465,0.690465,0.690226,0.690274,100.0000
2026.07.02,10:30:00,0.690274,0.690274,0.690084,0.690179,100.0000
2026.07.02,10:45:00,0.690036,0.690084,0.689893,0.690084,100.0000
2026.07.02,11:00:00,0.689988,0.689988,0.689703,0.689893,100.0000
2026.07.02,11:15:00,0.689846,0.689941,0.689798,0.689846,100.0000
2026.07.02,11:30:00,0.689941,0.689941,0.689560,0.689560,100.0000
2026.07.02,11:45:00,0.689513,0.689513,0.689037,0.689037,100.0000
2026.07.02,12:00:00,0.688990,0.689370,0.688990,0.689370,100.0000
2026.07.02,12:15:00,0.689227,0.689370,0.689085,0.689370,100.0000
2026.07.02,12:30:00,0.692617,0.694348,0.692233,0.694011,100.0000
2026.07.02,12:45:00,0.694203,0.694203,0.692665,0.692665,100.0000
2026.07.02,13:00:00,0.692425,0.693193,0.692425,0.693193,100.0000
2026.07.02,13:15:00,0.692905,0.693049,0.692569,0.692809,100.0000
2026.07.02,13:30:00,0.692905,0.693866,0.692905,0.693770,100.0000
2026.07.02,13:45:00,0.694059,0.694493,0.693963,0.694011,100.0000
2026.07.02,14:00:00,0.693914,0.694155,0.693626,0.694155,100.0000
2026.07.02,14:15:00,0.694348,0.694444,0.693337,0.693337,100.0000
2026.07.02,14:30:00,0.693193,0.693289,0.692713,0.692713,100.0000
2026.07.02,14:45:00,0.692761,0.693626,0.692761,0.693626,100.0000
2026.07.02,15:00:00,0.693577,0.693818,0.693241,0.693674,100.0000
2026.07.02,15:15:00,0.693626,0.693626,0.693289,0.693577,100.0000
2026.07.02,15:30:00,0.693626,0.694155,0.693626,0.693866,100.0000
2026.07.02,15:45:00,0.693626,0.693626,0.693241,0.693289,100.0000
2026.07.02,16:00:00,0.693145,0.693289,0.692905,0.693145,100.0000
2026.07.02,16:15:00,0.693241,0.693241,0.692713,0.692761,100.0000
2026.07.02,16:30:00,0.692425,0.692617,0.692329,0.692617,100.0000
2026.07.02,16:45:00,0.692713,0.692905,0.692665,0.692665,100.0000
2026.07.02,17:00:00,0.692425,0.692569,0.692281,0.692473,100.0000
2026.07.02,17:15:00,0.692425,0.692473,0.692185,0.692185,100.0000
2026.07.02,17:30:00,0.692281,0.692329,0.691850,0.691898,100.0000
2026.07.02,17:45:00,0.691802,0.692042,0.691754,0.691802,100.0000
2026.07.02,18:00:00,0.691850,0.692377,0.691850,0.692281,100.0000
2026.07.02,18:15:00,0.692137,0.692329,0.691994,0.692329,100.0000
2026.07.02,18:30:00,0.692329,0.692425,0.692329,0.692425,100.0000
2026.07.02,18:45:00,0.692329,0.692377,0.692137,0.692185,100.0000
2026.07.02,19:00:00,0.692089,0.692089,0.691946,0.691994,100.0000
2026.07.02,19:15:00,0.691994,0.691994,0.691659,0.691802,100.0000
2026.07.02,19:30:00,0.691802,0.691946,0.691754,0.691946,100.0000
2026.07.02,19:45:00,0.691994,0.692377,0.691946,0.692377,100.0000
2026.07.02,20:00:00,0.692233,0.692329,0.692233,0.692329,100.0000
2026.07.02,20:15:00,0.692329,0.692521,0.692329,0.692521,100.0000
2026.07.02,20:30:00,0.692521,0.692569,0.692377,0.692377,100.0000
2026.07.02,20:45:00,0.692377,0.692473,0.692377,0.692425,100.0000
2026.07.02,21:00:00,0.691611,0.692185,0.691611,0.691994,100.0000
2026.07.02,21:15:00,0.691850,0.692857,0.691850,0.692857,100.0000
2026.07.02,21:30:00,0.692329,0.692329,0.691898,0.691898,100.0000
2026.07.02,21:45:00,0.691850,0.692233,0.691659,0.692233,100.0000
2026.07.02,22:00:00,0.692377,0.692377,0.692233,0.692329,100.0000
2026.07.02,22:15:00,0.692329,0.692329,0.692233,0.692233,100.0000
2026.07.02,22:30:00,0.692233,0.692281,0.692137,0.692137,100.0000
2026.07.02,22:45:00,0.692233,0.692233,0.692137,0.692137,100.0000
2026.07.02,23:00:00,0.692185,0.692233,0.692089,0.692185,100.0000
2026.07.02,23:15:00,0.692137,0.692281,0.692137,0.692281,100.0000
2026.07.02,23:30:00,0.692281,0.692281,0.691946,0.691946,100.0000
2026.07.02,23:45:00,0.692185,0.692185,0.691706,0.691754,100.0000
2026.07.03,00:00:00,0.691898,0.691898,0.691563,0.691659,100.0000
2026.07.03,00:15:00,0.691754,0.691850,0.691659,0.691659,100.0000
2026.07.03,00:30:00,0.691515,0.691611,0.691372,0.691467,100.0000
2026.07.03,00:45:00,0.691515,0.692137,0.691515,0.692137,100.0000
2026.07.03,01:00:00,0.692137,0.692905,0.692137,0.692905,100.0000
2026.07.03,01:15:00,0.693049,0.693722,0.693049,0.693481,100.0000
2026.07.03,01:30:00,0.693337,0.693722,0.693337,0.693481,100.0000
2026.07.03,01:45:00,0.693529,0.693529,0.693193,0.693289,100.0000
2026.07.03,02:00:00,0.693193,0.693577,0.693097,0.693481,100.0000
2026.07.03,02:15:00,0.693481,0.693866,0.693481,0.693866,100.0000
2026.07.03,02:30:00,0.693818,0.693914,0.693674,0.693914,100.0000
2026.07.03,02:45:00,0.694059,0.694107,0.693914,0.693914,100.0000
2026.07.03,03:00:00,0.693818,0.693963,0.693770,0.693770,100.0000
2026.07.03,03:15:00,0.694011,0.694011,0.693674,0.693674,100.0000
2026.07.03,03:30:00,0.693818,0.693818,0.693722,0.693770,100.0000
2026.07.03,03:45:00,0.693626,0.693722,0.693626,0.693722,100.0000
2026.07.03,04:00:00,0.693770,0.693770,0.693674,0.693770,100.0000
2026.07.03,04:15:00,0.693866,0.694155,0.693866,0.694059,100.0000
2026.07.03,04:30:00,0.694059,0.694300,0.694011,0.694300,100.0000
2026.07.03,04:45:00,0.694300,0.694300,0.694107,0.694155,100.0000
2026.07.03,05:00:00,0.694059,0.694493,0.694011,0.694444,100.0000
2026.07.03,05:15:00,0.694493,0.694541,0.694203,0.694493,100.0000
2026.07.03,05:30:00,0.694493,0.694589,0.694252,0.694348,100.0000
2026.07.03,05:45:00,0.694300,0.694348,0.694107,0.694107,100.0000
2026.07.03,06:00:00,0.694396,0.694589,0.694348,0.694589,100.0000
2026.07.03,06:15:00,0.694782,0.694927,0.694589,0.694830,100.0000
2026.07.03,06:30:00,0.694879,0.695169,0.694734,0.695024,100.0000
2026.07.03,06:45:00,0.695072,0.695120,0.694589,0.694637,100.0000
2026.07.03,07:00:00,0.694444,0.694734,0.694444,0.694637,100.0000
2026.07.03,07:15:00,0.694637,0.695024,0.694589,0.695024,100.0000
2026.07.03,07:30:00,0.694830,0.694830,0.694493,0.694589,100.0000
2026.07.03,07:45:00,0.694589,0.694975,0.694589,0.694734,100.0000
2026.07.03,08:00:00,0.694637,0.694734,0.694637,0.694686,100.0000
2026.07.03,08:15:00,0.694782,0.694830,0.694637,0.694782,100.0000
2026.07.03,08:30:00,0.694589,0.694782,0.694589,0.694637,100.0000
2026.07.03,08:45:00,0.694589,0.694589,0.694348,0.694348,100.0000
2026.07.03,09:00:00,0.694252,0.694396,0.694252,0.694396,100.0000
2026.07.03,09:15:00,0.694541,0.694541,0.694252,0.694252,100.0000
2026.07.03,09:30:00,0.694300,0.694348,0.694252,0.694252,100.0000
2026.07.03,09:45:00,0.694203,0.694203,0.693963,0.693963,100.0000
2026.07.03,10:00:00,0.694059,0.694300,0.694011,0.694252,100.0000
2026.07.03,10:15:00,0.694155,0.694155,0.694011,0.694011,100.0000
2026.07.03,10:30:00,0.694011,0.694059,0.694011,0.694011,100.0000
2026.07.03,10:45:00,0.694107,0.694252,0.694059,0.694107,100.0000
2026.07.03,11:00:00,0.694059,0.694396,0.694059,0.694396,100.0000
2026.07.03,11:15:00,0.694444,0.694493,0.694396,0.694396,100.0000
2026.07.03,11:30:00,0.694396,0.694396,0.694107,0.694107,100.0000
2026.07.03,11:45:00,0.694203,0.694203,0.694059,0.694107,100.0000
2026.07.03,12:00:00,0.694155,0.694252,0.694107,0.694155,100.0000
2026.07.03,12:15:00,0.694155,0.694155,0.694011,0.694011,100.0000
2026.07.03,12:30:00,0.694107,0.694155,0.693963,0.693963,100.0000
2026.07.03,12:45:00,0.693963,0.694059,0.693963,0.693963,100.0000
2026.07.03,13:00:00,0.694011,0.694011,0.693866,0.693866,100.0000
2026.07.03,13:15:00,0.693963,0.693963,0.693818,0.693963,100.0000
2026.07.03,13:30:00,0.693914,0.693914,0.693770,0.693866,100.0000
2026.07.03,13:45:00,0.693866,0.693866,0.693722,0.693770,100.0000
2026.07.03,14:00:00,0.693914,0.693963,0.693818,0.693963,100.0000
2026.07.03,14:15:00,0.693914,0.694059,0.693722,0.694059,100.0000
2026.07.03,14:30:00,0.694155,0.694155,0.693963,0.693963,100.0000
2026.07.03,14:45:00,0.693914,0.694107,0.693722,0.693818,100.0000
2026.07.03,15:00:00,0.693770,0.693963,0.693770,0.693866,100.0000
2026.07.03,15:15:00,0.693770,0.693914,0.693722,0.693770,100.0000
2026.07.03,15:30:00,0.693818,0.693914,0.693818,0.693914,100.0000
2026.07.03,15:45:00,0.693866,0.693914,0.693770,0.693866,100.0000
2026.07.03,16:00:00,0.693914,0.693914,0.693866,0.693866,100.0000
2026.07.03,16:15:00,0.693818,0.693963,0.693818,0.693818,100.0000
2026.07.03,16:30:00,0.693866,0.693866,0.693770,0.693818,100.0000
2026.07.03,16:45:00,0.693818,0.694011,0.693818,0.694011,100.0000
2026.07.03,17:00:00,0.694011,0.694107,0.694011,0.694059,100.0000
2026.07.03,17:15:00,0.694107,0.694107,0.694059,0.694059,100.0000
2026.07.03,17:30:00,0.693963,0.694107,0.693963,0.694059,100.0000
2026.07.03,17:45:00,0.694011,0.694059,0.694011,0.694059,100.0000
2026.07.03,18:00:00,0.694059,0.694059,0.694059,0.694059,100.0000
2026.07.03,18:15:00,0.694059,0.694059,0.694059,0.694059,100.0000
2026.07.03,18:30:00,0.694059,0.694059,0.694059,0.694059,100.0000
2026.07.03,18:45:00,0.694059,0.694059,0.694011,0.694011,100.0000
2026.07.03,19:00:00,0.694155,0.694155,0.694059,0.694059,100.0000
2026.07.03,19:15:00,0.694059,0.694107,0.694059,0.694059,100.0000
2026.07.03,19:30:00,0.694011,0.694011,0.693963,0.693963,100.0000
2026.07.03,19:45:00,0.693963,0.693963,0.693866,0.693866,100.0000
2026.07.03,20:00:00,0.693866,0.693914,0.693770,0.693770,100.0000
2026.07.03,20:15:00,0.693770,0.693770,0.693722,0.693722,100.0000
2026.07.03,20:30:00,0.693722,0.693818,0.693722,0.693818,100.0000
2026.07.03,20:45:00,0.693818,0.694348,0.693818,0.694348,100.0000
2026.07.03,21:00:00,0.694300,0.694300,0.694300,0.694300,100.0000
2026.07.03,21:15:00,0.694300,0.694300,0.694300,0.694300,100.0000
2026.07.05,23:00:00,0.693866,0.694011,0.693770,0.693770,100.0000
2026.07.05,23:15:00,0.693818,0.694059,0.693818,0.694059,100.0000
2026.07.05,23:30:00,0.694011,0.694059,0.693914,0.693963,100.0000
2026.07.05,23:45:00,0.694059,0.694059,0.693866,0.694011,100.0000
2026.07.06,00:00:00,0.693770,0.693770,0.693385,0.693626,100.0000
2026.07.06,00:15:00,0.693914,0.693914,0.693626,0.693626,100.0000
2026.07.06,00:30:00,0.693770,0.694059,0.693626,0.694059,100.0000
2026.07.06,00:45:00,0.694155,0.694155,0.693722,0.693722,100.0000
2026.07.06,01:00:00,0.693529,0.693914,0.693529,0.693866,100.0000
2026.07.06,01:15:00,0.693818,0.693818,0.693385,0.693433,100.0000
2026.07.06,01:30:00,0.693481,0.693818,0.693481,0.693818,100.0000
2026.07.06,01:45:00,0.693722,0.693722,0.693241,0.693241,100.0000
2026.07.06,02:00:00,0.693289,0.693481,0.693289,0.693289,100.0000
2026.07.06,02:15:00,0.693241,0.693433,0.693241,0.693337,100.0000
2026.07.06,02:30:00,0.693193,0.693193,0.693049,0.693097,100.0000
2026.07.06,02:45:00,0.693193,0.693193,0.693097,0.693193,100.0000
2026.07.06,03:00:00,0.693193,0.693193,0.692857,0.692857,100.0000
2026.07.06,03:15:00,0.692857,0.692857,0.692473,0.692617,100.0000
2026.07.06,03:30:00,0.692617,0.692713,0.692473,0.692713,100.0000
2026.07.06,03:45:00,0.692761,0.692809,0.692569,0.692809,100.0000
2026.07.06,04:00:00,0.692857,0.693145,0.692857,0.693145,100.0000
2026.07.06,04:15:00,0.693193,0.693337,0.693145,0.693337,100.0000
2026.07.06,04:30:00,0.693337,0.693529,0.693337,0.693529,100.0000
2026.07.06,04:45:00,0.693529,0.693577,0.693481,0.693529,100.0000
2026.07.06,05:00:00,0.693481,0.693481,0.693385,0.693481,100.0000
2026.07.06,05:15:00,0.693529,0.693529,0.693385,0.693529,100.0000
2026.07.06,05:30:00,0.693433,0.693674,0.693433,0.693626,100.0000
2026.07.06,05:45:00,0.693626,0.693626,0.693241,0.693241,100.0000
2026.07.06,06:00:00,0.693289,0.693433,0.693289,0.693337,100.0000
2026.07.06,06:15:00,0.693049,0.693289,0.693049,0.693097,100.0000
2026.07.06,06:30:00,0.693241,0.693481,0.693241,0.693289,100.0000
2026.07.06,06:45:00,0.693433,0.693433,0.692953,0.692953,100.0000
2026.07.06,07:00:00,0.692905,0.693193,0.692905,0.693097,100.0000
2026.07.06,07:15:00,0.693337,0.693529,0.693241,0.693289,100.0000
2026.07.06,07:30:00,0.693145,0.693818,0.693145,0.693818,100.0000
2026.07.06,07:45:00,0.693963,0.693963,0.693770,0.693914,100.0000
2026.07.06,08:00:00,0.694059,0.694059,0.693337,0.693433,100.0000
2026.07.06,08:15:00,0.693481,0.693529,0.693289,0.693289,100.0000
2026.07.06,08:30:00,0.693433,0.693481,0.693289,0.693385,100.0000
2026.07.06,08:45:00,0.693241,0.693481,0.693241,0.693481,100.0000
2026.07.06,09:00:00,0.693385,0.693529,0.693289,0.693385,100.0000
2026.07.06,09:15:00,0.693433,0.693481,0.693385,0.693385,100.0000
2026.07.06,09:30:00,0.693385,0.693481,0.693337,0.693433,100.0000
2026.07.06,09:45:00,0.693385,0.693385,0.693241,0.693289,100.0000
2026.07.06,10:00:00,0.693289,0.693481,0.693097,0.693481,100.0000
2026.07.06,10:15:00,0.693626,0.693818,0.693626,0.693722,100.0000
2026.07.06,10:30:00,0.693674,0.693914,0.693626,0.693626,100.0000
2026.07.06,10:45:00,0.693577,0.693770,0.693529,0.693674,100.0000
2026.07.06,11:00:00,0.693626,0.693722,0.693433,0.693722,100.0000
2026.07.06,11:15:00,0.693577,0.693722,0.693577,0.693722,100.0000
2026.07.06,11:30:00,0.693722,0.693818,0.693722,0.693722,100.0000
2026.07.06,11:45:00,0.693674,0.693674,0.693529,0.693577,100.0000
2026.07.06,12:00:00,0.693674,0.693722,0.693626,0.693674,100.0000
2026.07.06,12:15:00,0.693722,0.693770,0.693433,0.693481,100.0000
2026.07.06,12:30:00,0.693481,0.693529,0.692761,0.692761,100.0000
2026.07.06,12:45:00,0.692761,0.692809,0.692665,0.692761,100.0000
2026.07.06,13:00:00,0.692761,0.693145,0.692761,0.693001,100.0000
2026.07.06,13:15:00,0.693049,0.693385,0.693049,0.693289,100.0000
2026.07.06,13:30:00,0.693385,0.693626,0.693289,0.693626,100.0000
2026.07.06,13:45:00,0.693481,0.693770,0.693385,0.693385,100.0000
2026.07.06,14:00:00,0.693289,0.693866,0.693289,0.693866,100.0000
2026.07.06,14:15:00,0.693818,0.693866,0.693674,0.693866,100.0000
2026.07.06,14:30:00,0.693722,0.693818,0.693577,0.693577,100.0000
2026.07.06,14:45:00,0.693722,0.693914,0.693674,0.693914,100.0000
2026.07.06,15:00:00,0.694107,0.694252,0.693963,0.693963,100.0000
2026.07.06,15:15:00,0.694011,0.694155,0.694011,0.694155,100.0000
2026.07.06,15:30:00,0.694348,0.694589,0.694252,0.694589,100.0000
2026.07.06,15:45:00,0.694637,0.694686,0.694589,0.694589,100.0000
2026.07.06,16:00:00,0.694541,0.694734,0.694541,0.694637,100.0000
2026.07.06,16:15:00,0.694637,0.694782,0.694637,0.694686,100.0000
2026.07.06,16:30:00,0.694734,0.694734,0.694589,0.694686,100.0000
2026.07.06,16:45:00,0.694686,0.694879,0.694686,0.694830,100.0000
2026.07.06,17:00:00,0.694927,0.695265,0.694927,0.695265,100.0000
2026.07.06,17:15:00,0.695314,0.695459,0.695120,0.695362,100.0000
2026.07.06,17:30:00,0.695410,0.695604,0.695410,0.695604,100.0000
2026.07.06,17:45:00,0.695604,0.695604,0.695362,0.695362,100.0000
2026.07.06,18:00:00,0.695410,0.695555,0.695410,0.695507,100.0000
2026.07.06,18:15:00,0.695604,0.695604,0.695555,0.695604,100.0000
2026.07.06,18:30:00,0.695604,0.696040,0.695604,0.695991,100.0000
2026.07.06,18:45:00,0.696040,0.696136,0.696040,0.696136,100.0000
2026.07.06,19:00:00,0.695943,0.695943,0.695846,0.695894,100.0000
2026.07.06,19:15:00,0.695894,0.695894,0.695797,0.695797,100.0000
2026.07.06,19:30:00,0.695846,0.695943,0.695846,0.695943,100.0000
2026.07.06,19:45:00,0.695991,0.695991,0.695894,0.695894,100.0000
2026.07.06,20:00:00,0.695894,0.695894,0.695749,0.695749,100.0000
2026.07.06,20:15:00,0.695701,0.695846,0.695701,0.695846,100.0000
2026.07.06,20:30:00,0.695846,0.695846,0.695701,0.695749,100.0000
2026.07.06,20:45:00,0.695701,0.695894,0.695701,0.695894,100.0000
2026.07.06,21:00:00,0.695265,0.696040,0.695217,0.696040,100.0000
2026.07.06,21:15:00,0.695894,0.695894,0.695749,0.695846,100.0000
2026.07.06,21:30:00,0.695943,0.695943,0.695749,0.695749,100.0000
2026.07.06,21:45:00,0.695797,0.695846,0.695701,0.695797,100.0000
2026.07.06,22:00:00,0.695991,0.695991,0.695894,0.695894,100.0000
2026.07.06,22:15:00,0.695894,0.695943,0.695894,0.695894,100.0000
2026.07.06,22:30:00,0.695894,0.696040,0.695894,0.695943,100.0000
2026.07.06,22:45:00,0.695943,0.695991,0.695943,0.695991,100.0000
2026.07.06,23:00:00,0.696040,0.696233,0.696040,0.696136,100.0000
2026.07.06,23:15:00,0.696136,0.696233,0.696136,0.696185,100.0000
2026.07.06,23:30:00,0.696088,0.696233,0.696088,0.696233,100.0000
2026.07.06,23:45:00,0.696136,0.696136,0.695749,0.695749,100.0000
2026.07.07,00:00:00,0.695652,0.695797,0.695652,0.695701,100.0000
2026.07.07,00:15:00,0.695652,0.695749,0.695507,0.695507,100.0000
2026.07.07,00:30:00,0.695604,0.695652,0.695410,0.695555,100.0000
2026.07.07,00:45:00,0.695459,0.695701,0.695265,0.695265,100.0000
2026.07.07,01:00:00,0.695120,0.695120,0.694975,0.695072,100.0000
2026.07.07,01:15:00,0.695120,0.695265,0.694927,0.695265,100.0000
2026.07.07,01:30:00,0.695459,0.695797,0.695459,0.695507,100.0000
2026.07.07,01:45:00,0.695701,0.696136,0.695701,0.695991,100.0000
2026.07.07,02:00:00,0.695943,0.696040,0.695846,0.695846,100.0000
2026.07.07,02:15:00,0.695846,0.695846,0.695555,0.695555,100.0000
2026.07.07,02:30:00,0.695314,0.695701,0.695314,0.695410,100.0000
2026.07.07,02:45:00,0.695459,0.695459,0.695314,0.695314,100.0000
2026.07.07,03:00:00,0.695265,0.695555,0.695265,0.695459,100.0000
2026.07.07,03:15:00,0.695362,0.695507,0.695169,0.695169,100.0000
2026.07.07,03:30:00,0.694830,0.695024,0.694830,0.694879,100.0000
2026.07.07,03:45:00,0.694637,0.694830,0.694637,0.694830,100.0000
2026.07.07,04:00:00,0.694927,0.695120,0.694879,0.695072,100.0000
2026.07.07,04:15:00,0.695072,0.695072,0.694782,0.694782,100.0000
2026.07.07,04:30:00,0.694734,0.694830,0.694734,0.694734,100.0000
2026.07.07,04:45:00,0.694782,0.694830,0.694637,0.694637,100.0000
2026.07.07,05:00:00,0.694493,0.694493,0.693963,0.693963,100.0000
2026.07.07,05:15:00,0.694059,0.694059,0.693770,0.693818,100.0000
2026.07.07,05:30:00,0.694011,0.694107,0.693963,0.694011,100.0000
2026.07.07,05:45:00,0.694011,0.694444,0.694011,0.694396,100.0000
2026.07.07,06:00:00,0.694396,0.694396,0.693963,0.693963,100.0000
2026.07.07,06:15:00,0.693963,0.694252,0.693963,0.694252,100.0000
2026.07.07,06:30:00,0.694107,0.694541,0.694107,0.694396,100.0000
2026.07.07,06:45:00,0.694444,0.694637,0.694444,0.694589,100.0000
2026.07.07,07:00:00,0.694637,0.694734,0.694637,0.694686,100.0000
2026.07.07,07:15:00,0.694637,0.694734,0.694541,0.694589,100.0000
2026.07.07,07:30:00,0.694541,0.694782,0.694541,0.694589,100.0000
2026.07.07,07:45:00,0.694589,0.694589,0.694107,0.694107,100.0000
2026.07.07,08:00:00,0.694155,0.694637,0.694155,0.694589,100.0000
2026.07.07,08:15:00,0.694589,0.694830,0.694589,0.694589,100.0000
2026.07.07,08:30:00,0.694637,0.694782,0.694541,0.694541,100.0000
2026.07.07,08:45:00,0.694541,0.694589,0.694396,0.694541,100.0000
2026.07.07,09:00:00,0.694396,0.694734,0.694396,0.694541,100.0000
2026.07.07,09:15:00,0.694686,0.694734,0.694541,0.694541,100.0000
2026.07.07,09:30:00,0.694589,0.694830,0.694589,0.694734,100.0000
2026.07.07,09:45:00,0.694782,0.694782,0.694541,0.694541,100.0000
2026.07.07,10:00:00,0.694541,0.694686,0.694493,0.694686,100.0000
2026.07.07,10:15:00,0.694686,0.694782,0.694686,0.694782,100.0000
2026.07.07,10:30:00,0.694686,0.694879,0.694686,0.694879,100.0000
2026.07.07,10:45:00,0.694830,0.694830,0.694734,0.694782,100.0000
2026.07.07,11:00:00,0.694782,0.695024,0.694734,0.695024,100.0000
2026.07.07,11:15:00,0.695169,0.695459,0.695169,0.695265,100.0000
2026.07.07,11:30:00,0.695217,0.695217,0.695024,0.695024,100.0000
2026.07.07,11:45:00,0.694927,0.695072,0.694782,0.695072,100.0000
2026.07.07,12:00:00,0.695024,0.695072,0.694975,0.695072,100.0000
2026.07.07,12:15:00,0.695072,0.695362,0.695024,0.695362,100.0000
2026.07.07,12:30:00,0.695604,0.695604,0.695217,0.695217,100.0000
2026.07.07,12:45:00,0.695265,0.695314,0.695169,0.695169,100.0000
2026.07.07,13:00:00,0.695217,0.695217,0.694830,0.695024,100.0000
2026.07.07,13:15:00,0.694975,0.695120,0.694927,0.694975,100.0000
2026.07.07,13:30:00,0.695024,0.695314,0.694879,0.695265,100.0000
2026.07.07,13:45:00,0.695120,0.695120,0.694589,0.694589,100.0000
2026.07.07,14:00:00,0.694444,0.694444,0.693866,0.693914,100.0000
2026.07.07,14:15:00,0.694059,0.694300,0.694059,0.694155,100.0000
2026.07.07,14:30:00,0.694252,0.694300,0.694059,0.694300,100.0000
2026.07.07,14:45:00,0.694541,0.694589,0.694348,0.694396,100.0000
2026.07.07,15:00:00,0.694252,0.694300,0.694059,0.694059,100.0000
2026.07.07,15:15:00,0.693914,0.693914,0.693674,0.693770,100.0000
2026.07.07,15:30:00,0.693866,0.693866,0.693722,0.693818,100.0000
2026.07.07,15:45:00,0.693866,0.693866,0.693722,0.693770,100.0000
2026.07.07,16:00:00,0.693770,0.693963,0.693770,0.693914,100.0000
2026.07.07,16:15:00,0.693770,0.693818,0.693770,0.693818,100.0000
2026.07.07,16:30:00,0.693770,0.693818,0.693674,0.693818,100.0000
2026.07.07,16:45:00,0.693770,0.693963,0.693770,0.693914,100.0000
2026.07.07,17:00:00,0.693963,0.694252,0.693963,0.694011,100.0000
2026.07.07,17:15:00,0.693963,0.694155,0.693963,0.694011,100.0000
2026.07.07,17:30:00,0.694107,0.694348,0.694107,0.694348,100.0000
2026.07.07,17:45:00,0.694300,0.694444,0.694300,0.694444,100.0000
2026.07.07,18:00:00,0.694444,0.694444,0.694348,0.694348,100.0000
2026.07.07,18:15:00,0.694348,0.694493,0.694300,0.694444,100.0000
2026.07.07,18:30:00,0.694348,0.694396,0.694203,0.694300,100.0000
2026.07.07,18:45:00,0.694348,0.694396,0.693577,0.693770,100.0000
2026.07.07,19:00:00,0.693481,0.693481,0.692761,0.692809,100.0000
2026.07.07,19:15:00,0.692473,0.692857,0.692377,0.692857,100.0000
2026.07.07,19:30:00,0.692953,0.693241,0.692953,0.693241,100.0000
2026.07.07,19:45:00,0.693337,0.693481,0.693289,0.693433,100.0000
2026.07.07,20:00:00,0.693433,0.693529,0.693337,0.693337,100.0000
2026.07.07,20:15:00,0.693337,0.693337,0.693193,0.693337,100.0000
2026.07.07,20:30:00,0.693289,0.693289,0.693145,0.693193,100.0000
2026.07.07,20:45:00,0.693097,0.693193,0.693097,0.693145,100.0000
2026.07.07,21:00:00,0.693049,0.693385,0.692857,0.693289,100.0000
2026.07.07,21:15:00,0.693049,0.693097,0.692713,0.693001,100.0000
2026.07.07,21:30:00,0.692569,0.692953,0.692569,0.692809,100.0000
2026.07.07,21:45:00,0.692761,0.692761,0.692425,0.692617,100.0000
2026.07.07,22:00:00,0.692761,0.692761,0.692665,0.692713,100.0000
2026.07.07,22:15:00,0.692713,0.692809,0.692713,0.692713,100.0000
2026.07.07,22:30:00,0.692761,0.692809,0.692761,0.692761,100.0000
2026.07.07,22:45:00,0.692761,0.692953,0.692761,0.692905,100.0000
2026.07.07,23:00:00,0.692953,0.692953,0.692857,0.692857,100.0000
2026.07.07,23:15:00,0.692905,0.693049,0.692905,0.692953,100.0000
2026.07.07,23:30:00,0.692953,0.693049,0.692905,0.693001,100.0000
2026.07.07,23:45:00,0.692905,0.692905,0.692473,0.692473,100.0000
2026.07.08,00:00:00,0.692521,0.692905,0.692329,0.692905,100.0000
2026.07.08,00:15:00,0.693001,0.693241,0.692857,0.693241,100.0000
2026.07.08,00:30:00,0.693193,0.693626,0.693193,0.693577,100.0000
2026.07.08,00:45:00,0.693626,0.693770,0.693577,0.693722,100.0000
2026.07.08,01:00:00,0.693674,0.693866,0.693626,0.693866,100.0000
2026.07.08,01:15:00,0.693722,0.693722,0.693433,0.693433,100.0000
2026.07.08,01:30:00,0.693433,0.693529,0.693193,0.693193,100.0000
2026.07.08,01:45:00,0.693818,0.694155,0.693818,0.694059,100.0000
2026.07.08,02:00:00,0.693914,0.694203,0.693818,0.694059,100.0000
2026.07.08,02:15:00,0.694300,0.694541,0.694300,0.694493,100.0000
2026.07.08,02:30:00,0.694396,0.694396,0.694059,0.694203,100.0000
2026.07.08,02:45:00,0.694203,0.694300,0.694155,0.694155,100.0000
2026.07.08,03:00:00,0.694252,0.694734,0.694252,0.694734,100.0000
2026.07.08,03:15:00,0.694734,0.694879,0.694686,0.694686,100.0000
2026.07.08,03:30:00,0.694686,0.694686,0.694493,0.694493,100.0000
2026.07.08,03:45:00,0.694589,0.694637,0.694252,0.694252,100.0000
2026.07.08,04:00:00,0.694203,0.694203,0.694011,0.694059,100.0000
2026.07.08,04:15:00,0.694107,0.694300,0.694107,0.694252,100.0000
2026.07.08,04:30:00,0.694300,0.694444,0.694300,0.694300,100.0000
2026.07.08,04:45:00,0.694444,0.694444,0.694252,0.694300,100.0000
2026.07.08,05:00:00,0.694348,0.694734,0.694348,0.694493,100.0000
2026.07.08,05:15:00,0.694493,0.694541,0.694300,0.694396,100.0000
2026.07.08,05:30:00,0.694444,0.694637,0.694396,0.694589,100.0000
2026.07.08,05:45:00,0.694686,0.694686,0.694300,0.694444,100.0000
2026.07.08,06:00:00,0.694493,0.694493,0.694203,0.694203,100.0000
2026.07.08,06:15:00,0.694300,0.694541,0.694300,0.694300,100.0000
2026.07.08,06:30:00,0.694252,0.694300,0.694059,0.694107,100.0000
2026.07.08,06:45:00,0.694011,0.694011,0.693818,0.693914,100.0000
2026.07.08,07:00:00,0.693914,0.693914,0.693289,0.693577,100.0000
2026.07.08,07:15:00,0.693481,0.694059,0.693481,0.694059,100.0000
2026.07.08,07:30:00,0.694155,0.694396,0.694155,0.694396,100.0000
2026.07.08,07:45:00,0.694493,0.694493,0.694203,0.694203,100.0000
2026.07.08,08:00:00,0.694059,0.694107,0.693866,0.693914,100.0000
2026.07.08,08:15:00,0.693818,0.693818,0.691850,0.692617,100.0000
2026.07.08,08:30:00,0.692713,0.692713,0.691515,0.691802,100.0000
2026.07.08,08:45:00,0.692233,0.692617,0.691850,0.691850,100.0000
2026.07.08,09:00:00,0.691515,0.691611,0.690942,0.691037,100.0000
2026.07.08,09:15:00,0.691228,0.691706,0.691228,0.691611,100.0000
2026.07.08,09:30:00,0.691706,0.692329,0.691706,0.692329,100.0000
2026.07.08,09:45:00,0.692473,0.692521,0.691994,0.691994,100.0000
2026.07.08,10:00:00,0.692042,0.692233,0.691898,0.692089,100.0000
2026.07.08,10:15:00,0.692089,0.692617,0.692089,0.692521,100.0000
2026.07.08,10:30:00,0.692521,0.692953,0.692521,0.692953,100.0000
2026.07.08,10:45:00,0.693001,0.693001,0.692617,0.692617,100.0000
2026.07.08,11:00:00,0.692425,0.692425,0.692137,0.692137,100.0000
2026.07.08,11:15:00,0.692281,0.692281,0.691994,0.691994,100.0000
2026.07.08,11:30:00,0.691802,0.692185,0.691037,0.692185,100.0000
2026.07.08,11:45:00,0.692329,0.692329,0.691754,0.691898,100.0000
2026.07.08,12:00:00,0.691850,0.692617,0.691850,0.692521,100.0000
2026.07.08,12:15:00,0.692857,0.693001,0.692809,0.692953,100.0000
2026.07.08,12:30:00,0.693145,0.693145,0.692905,0.693097,100.0000
2026.07.08,12:45:00,0.693049,0.693385,0.692617,0.692617,100.0000
2026.07.08,13:00:00,0.692521,0.692857,0.692521,0.692809,100.0000
2026.07.08,13:15:00,0.692761,0.692761,0.692569,0.692665,100.0000
2026.07.08,13:30:00,0.692617,0.693001,0.692617,0.692809,100.0000
2026.07.08,13:45:00,0.693001,0.693001,0.692281,0.692425,100.0000
2026.07.08,14:00:00,0.692473,0.692617,0.692185,0.692377,100.0000
2026.07.08,14:15:00,0.692185,0.692761,0.692185,0.692713,100.0000
2026.07.08,14:30:00,0.692569,0.692761,0.692473,0.692569,100.0000
2026.07.08,14:45:00,0.692425,0.692425,0.691994,0.691994,100.0000
2026.07.08,15:00:00,0.691994,0.692521,0.691850,0.691850,100.0000
2026.07.08,15:15:00,0.691563,0.691850,0.691419,0.691419,100.0000
2026.07.08,15:30:00,0.691228,0.691419,0.690990,0.690990,100.0000
2026.07.08,15:45:00,0.691037,0.691324,0.691037,0.691228,100.0000
2026.07.08,16:00:00,0.691372,0.691706,0.691228,0.691706,100.0000
2026.07.08,16:15:00,0.691611,0.691994,0.691611,0.691994,100.0000
2026.07.08,16:30:00,0.691946,0.692617,0.691946,0.692617,100.0000
2026.07.08,16:45:00,0.692857,0.693001,0.692761,0.692953,100.0000
2026.07.08,17:00:00,0.692953,0.693626,0.692953,0.693626,100.0000
2026.07.08,17:15:00,0.693577,0.693866,0.693577,0.693866,100.0000
2026.07.08,17:30:00,0.693866,0.693914,0.693481,0.693481,100.0000
2026.07.08,17:45:00,0.693433,0.693433,0.693193,0.693193,100.0000
2026.07.08,18:00:00,0.693097,0.693914,0.693097,0.693914,100.0000
2026.07.08,18:15:00,0.693770,0.693963,0.693722,0.693963,100.0000
2026.07.08,18:30:00,0.693866,0.694011,0.693722,0.694011,100.0000
2026.07.08,18:45:00,0.694059,0.694059,0.693866,0.693914,100.0000
2026.07.08,19:00:00,0.694059,0.694107,0.693963,0.694011,100.0000
2026.07.08,19:15:00,0.694011,0.694059,0.694011,0.694059,100.0000
2026.07.08,19:30:00,0.694107,0.694203,0.694059,0.694107,100.0000
2026.07.08,19:45:00,0.694011,0.694059,0.693722,0.694011,100.0000
2026.07.08,20:00:00,0.693963,0.694011,0.693770,0.693770,100.0000
2026.07.08,20:15:00,0.693674,0.693722,0.693529,0.693529,100.0000
2026.07.08,20:30:00,0.693529,0.693529,0.693097,0.693337,100.0000
2026.07.08,20:45:00,0.693337,0.693337,0.693289,0.693289,100.0000
2026.07.08,21:00:00,0.693241,0.693577,0.693145,0.693145,100.0000
2026.07.08,21:15:00,0.693289,0.693914,0.692905,0.692905,100.0000
2026.07.08,21:30:00,0.693049,0.693145,0.692713,0.692953,100.0000
2026.07.08,21:45:00,0.692953,0.693577,0.692953,0.693097,100.0000
2026.07.08,22:00:00,0.693337,0.693433,0.693241,0.693337,100.0000
2026.07.08,22:15:00,0.693337,0.693385,0.693289,0.693289,100.0000
2026.07.08,22:30:00,0.693289,0.693337,0.693289,0.693337,100.0000
2026.07.08,22:45:00,0.693385,0.693385,0.693241,0.693241,100.0000
2026.07.08,23:00:00,0.693241,0.693385,0.693241,0.693385,100.0000
2026.07.08,23:15:00,0.693385,0.693385,0.693337,0.693385,100.0000
2026.07.08,23:30:00,0.693385,0.693770,0.693385,0.693770,100.0000
2026.07.08,23:45:00,0.693866,0.693866,0.693674,0.693818,100.0000
2026.07.09,00:00:00,0.693866,0.694203,0.693866,0.694203,100.0000
2026.07.09,00:15:00,0.694107,0.694107,0.693914,0.693963,100.0000
2026.07.09,00:30:00,0.694107,0.694107,0.693626,0.693626,100.0000
2026.07.09,00:45:00,0.693577,0.693626,0.693433,0.693577,100.0000
2026.07.09,01:00:00,0.693529,0.693529,0.693193,0.693193,100.0000
2026.07.09,01:15:00,0.693337,0.693433,0.693049,0.693049,100.0000
2026.07.09,01:30:00,0.692953,0.693337,0.692905,0.693145,100.0000
2026.07.09,01:45:00,0.693049,0.693289,0.693049,0.693193,100.0000
2026.07.09,02:00:00,0.693385,0.693770,0.693289,0.693770,100.0000
2026.07.09,02:15:00,0.693914,0.693963,0.693722,0.693818,100.0000
2026.07.09,02:30:00,0.693914,0.693914,0.693481,0.693529,100.0000
2026.07.09,02:45:00,0.693529,0.693577,0.693337,0.693337,100.0000
2026.07.09,03:00:00,0.693289,0.693433,0.693289,0.693337,100.0000
2026.07.09,03:15:00,0.693241,0.693481,0.693001,0.693433,100.0000
2026.07.09,03:30:00,0.693577,0.693914,0.693577,0.693770,100.0000
2026.07.09,03:45:00,0.693818,0.693914,0.693577,0.693577,100.0000
2026.07.09,04:00:00,0.693674,0.693866,0.693674,0.693770,100.0000
2026.07.09,04:15:00,0.693722,0.693722,0.693433,0.693433,100.0000
2026.07.09,04:30:00,0.693481,0.693626,0.693481,0.693626,100.0000
2026.07.09,04:45:00,0.693722,0.693914,0.693674,0.693914,100.0000
2026.07.09,05:00:00,0.693963,0.694011,0.693722,0.694011,100.0000
2026.07.09,05:15:00,0.693963,0.693963,0.693770,0.693963,100.0000
2026.07.09,05:30:00,0.693770,0.693963,0.693674,0.693818,100.0000
2026.07.09,05:45:00,0.693818,0.694107,0.693818,0.694059,100.0000
2026.07.09,06:00:00,0.694252,0.694300,0.694011,0.694011,100.0000
2026.07.09,06:15:00,0.694155,0.694782,0.694059,0.694686,100.0000
2026.07.09,06:30:00,0.694493,0.694782,0.694155,0.694203,100.0000
2026.07.09,06:45:00,0.694300,0.694348,0.694155,0.694155,100.0000
2026.07.09,07:00:00,0.694300,0.694300,0.693818,0.693866,100.0000
2026.07.09,07:15:00,0.693818,0.693914,0.693818,0.693866,100.0000
2026.07.09,07:30:00,0.693866,0.693866,0.693722,0.693722,100.0000
2026.07.09,07:45:00,0.693674,0.693914,0.693674,0.693818,100.0000
2026.07.09,08:00:00,0.694059,0.694059,0.693818,0.693818,100.0000
2026.07.09,08:15:00,0.693963,0.694107,0.693963,0.694107,100.0000
2026.07.09,08:30:00,0.694059,0.694203,0.694011,0.694011,100.0000
2026.07.09,08:45:00,0.693866,0.693914,0.693722,0.693722,100.0000
2026.07.09,09:00:00,0.693770,0.693818,0.693577,0.693674,100.0000
2026.07.09,09:15:00,0.693674,0.693914,0.693674,0.693914,100.0000
2026.07.09,09:30:00,0.693866,0.693866,0.693626,0.693626,100.0000
2026.07.09,09:45:00,0.693674,0.694011,0.693674,0.694011,100.0000
2026.07.09,10:00:00,0.693963,0.694011,0.693914,0.693914,100.0000
2026.07.09,10:15:00,0.693963,0.694011,0.693866,0.693866,100.0000
2026.07.09,10:30:00,0.693818,0.693963,0.693818,0.693818,100.0000
2026.07.09,10:45:00,0.693674,0.693674,0.693241,0.693385,100.0000
2026.07.09,11:00:00,0.693433,0.693481,0.693289,0.693433,100.0000
2026.07.09,11:15:00,0.693385,0.693385,0.693289,0.693385,100.0000
2026.07.09,11:30:00,0.693337,0.693481,0.693337,0.693481,100.0000
2026.07.09,11:45:00,0.693577,0.693722,0.693529,0.693626,100.0000
2026.07.09,12:00:00,0.693770,0.694155,0.693770,0.693914,100.0000
2026.07.09,12:15:00,0.694059,0.694107,0.694011,0.694059,100.0000
2026.07.09,12:30:00,0.694059,0.694155,0.693529,0.693529,100.0000
2026.07.09,12:45:00,0.693529,0.693577,0.693385,0.693385,100.0000
2026.07.09,13:00:00,0.693529,0.693914,0.693529,0.693866,100.0000
2026.07.09,13:15:00,0.693866,0.694059,0.693866,0.693963,100.0000
2026.07.09,13:30:00,0.694011,0.694155,0.693914,0.694155,100.0000
2026.07.09,13:45:00,0.694155,0.694252,0.694155,0.694252,100.0000
2026.07.09,14:00:00,0.694252,0.694686,0.694252,0.694348,100.0000
2026.07.09,14:15:00,0.694155,0.694348,0.694011,0.694348,100.0000
2026.07.09,14:30:00,0.694348,0.694444,0.694155,0.694348,100.0000
2026.07.09,14:45:00,0.694348,0.694396,0.694107,0.694107,100.0000
2026.07.09,15:00:00,0.694059,0.694637,0.694059,0.694493,100.0000
2026.07.09,15:15:00,0.694493,0.694589,0.694300,0.694589,100.0000
2026.07.09,15:30:00,0.694589,0.694589,0.694444,0.694493,100.0000
2026.07.09,15:45:00,0.694589,0.694782,0.694541,0.694637,100.0000
2026.07.09,16:00:00,0.694637,0.694830,0.694637,0.694830,100.0000
2026.07.09,16:15:00,0.694879,0.694879,0.694541,0.694589,100.0000
2026.07.09,16:30:00,0.694493,0.694541,0.694348,0.694493,100.0000
2026.07.09,16:45:00,0.694541,0.694541,0.694348,0.694348,100.0000
2026.07.09,17:00:00,0.694396,0.694493,0.694348,0.694493,100.0000
2026.07.09,17:15:00,0.694444,0.694686,0.694444,0.694637,100.0000
2026.07.09,17:30:00,0.694686,0.694686,0.694589,0.694637,100.0000
2026.07.09,17:45:00,0.694686,0.694782,0.694686,0.694782,100.0000
2026.07.09,18:00:00,0.694734,0.694734,0.694637,0.694637,100.0000
2026.07.09,18:15:00,0.694637,0.694637,0.694396,0.694396,100.0000
2026.07.09,18:30:00,0.694396,0.694541,0.694348,0.694493,100.0000
2026.07.09,18:45:00,0.694444,0.694541,0.694444,0.694541,100.0000
2026.07.09,19:00:00,0.694589,0.694589,0.694300,0.694348,100.0000
2026.07.09,19:15:00,0.694444,0.694444,0.694348,0.694348,100.0000
2026.07.09,19:30:00,0.694252,0.694300,0.694155,0.694155,100.0000
2026.07.09,19:45:00,0.694107,0.694203,0.694011,0.694203,100.0000
2026.07.09,20:00:00,0.694252,0.694348,0.694203,0.694348,100.0000
2026.07.09,20:15:00,0.694348,0.694396,0.694300,0.694300,100.0000
2026.07.09,20:30:00,0.694300,0.694396,0.694300,0.694396,100.0000
2026.07.09,20:45:00,0.694348,0.694396,0.694252,0.694396,100.0000
2026.07.09,21:00:00,0.694300,0.694637,0.694300,0.694493,100.0000
2026.07.09,21:15:00,0.694155,0.694348,0.694011,0.694203,100.0000
2026.07.09,21:30:00,0.694203,0.694252,0.694155,0.694203,100.0000
2026.07.09,21:45:00,0.694203,0.694300,0.694155,0.694203,100.0000
2026.07.09,22:00:00,0.694203,0.694493,0.694203,0.694348,100.0000
2026.07.09,22:15:00,0.694348,0.694444,0.694348,0.694396,100.0000
2026.07.09,22:30:00,0.694348,0.694396,0.694348,0.694396,100.0000
2026.07.09,22:45:00,0.694348,0.694396,0.694348,0.694348,100.0000
2026.07.09,23:00:00,0.694396,0.694444,0.694396,0.694396,100.0000
2026.07.09,23:15:00,0.694396,0.694444,0.694396,0.694444,100.0000
2026.07.09,23:30:00,0.694444,0.694493,0.694444,0.694493,100.0000
2026.07.09,23:45:00,0.694444,0.694493,0.694444,0.694493,100.0000
2026.07.10,00:00:00,0.694589,0.694589,0.694107,0.694107,100.0000
2026.07.10,00:15:00,0.694107,0.694155,0.693963,0.693963,100.0000
2026.07.10,00:30:00,0.694011,0.694203,0.693674,0.694203,100.0000
2026.07.10,00:45:00,0.694300,0.694830,0.694300,0.694830,100.0000
2026.07.10,01:00:00,0.694879,0.694975,0.694686,0.694975,100.0000
2026.07.10,01:15:00,0.695217,0.695314,0.694879,0.694879,100.0000
2026.07.10,01:30:00,0.694975,0.694975,0.694637,0.694734,100.0000
2026.07.10,01:45:00,0.694734,0.695507,0.694734,0.695507,100.0000
2026.07.10,02:00:00,0.695169,0.695846,0.695169,0.695846,100.0000
2026.07.10,02:15:00,0.695991,0.696379,0.695991,0.696330,100.0000
2026.07.10,02:30:00,0.696233,0.696427,0.696040,0.696427,100.0000
2026.07.10,02:45:00,0.696621,0.697156,0.696621,0.697010,100.0000
2026.07.10,03:00:00,0.696961,0.697107,0.696718,0.696718,100.0000
2026.07.10,03:15:00,0.696718,0.696718,0.696476,0.696573,100.0000
2026.07.10,03:30:00,0.696621,0.696621,0.696427,0.696524,100.0000
2026.07.10,03:45:00,0.696379,0.696427,0.696233,0.696233,100.0000
2026.07.10,04:00:00,0.696233,0.696233,0.696040,0.696088,100.0000
2026.07.10,04:15:00,0.695943,0.695991,0.695846,0.695991,100.0000
2026.07.10,04:30:00,0.695943,0.695943,0.695701,0.695701,100.0000
2026.07.10,04:45:00,0.695652,0.695652,0.695555,0.695555,100.0000
2026.07.10,05:00:00,0.695652,0.695797,0.695604,0.695604,100.0000
2026.07.10,05:15:00,0.695555,0.695555,0.695120,0.695314,100.0000
2026.07.10,05:30:00,0.695024,0.695072,0.694879,0.695024,100.0000
2026.07.10,05:45:00,0.695024,0.695362,0.695024,0.695120,100.0000
2026.07.10,06:00:00,0.695120,0.695507,0.695120,0.695507,100.0000
2026.07.10,06:15:00,0.695362,0.695604,0.695362,0.695362,100.0000
2026.07.10,06:30:00,0.695362,0.695604,0.695265,0.695265,100.0000
2026.07.10,06:45:00,0.695217,0.695362,0.695169,0.695362,100.0000
2026.07.10,07:00:00,0.695169,0.695169,0.695024,0.695169,100.0000
2026.07.10,07:15:00,0.695024,0.695314,0.695024,0.695024,100.0000
2026.07.10,07:30:00,0.695120,0.695169,0.695024,0.695024,100.0000
2026.07.10,07:45:00,0.694879,0.694879,0.694637,0.694782,100.0000
2026.07.10,08:00:00,0.694782,0.694975,0.694734,0.694927,100.0000
2026.07.10,08:15:00,0.694927,0.694975,0.694637,0.694637,100.0000
2026.07.10,08:30:00,0.694686,0.694686,0.694396,0.694637,100.0000
2026.07.10,08:45:00,0.694541,0.694637,0.694541,0.694637,100.0000
2026.07.10,09:00:00,0.694589,0.694686,0.694541,0.694686,100.0000
2026.07.10,09:15:00,0.694637,0.694686,0.694541,0.694589,100.0000
2026.07.10,09:30:00,0.694493,0.694782,0.694493,0.694734,100.0000
2026.07.10,09:45:00,0.694734,0.694975,0.694734,0.694879,100.0000
2026.07.10,10:00:00,0.694879,0.695169,0.694879,0.695169,100.0000
2026.07.10,10:15:00,0.695120,0.695410,0.695120,0.695362,100.0000
2026.07.10,10:30:00,0.695459,0.695459,0.695217,0.695217,100.0000
2026.07.10,10:45:00,0.695120,0.695217,0.695072,0.695217,100.0000
2026.07.10,11:00:00,0.695169,0.695169,0.694975,0.695072,100.0000
2026.07.10,11:15:00,0.695024,0.695024,0.694637,0.694782,100.0000
2026.07.10,11:30:00,0.694589,0.694830,0.694493,0.694830,100.0000
2026.07.10,11:45:00,0.694879,0.695217,0.694879,0.695120,100.0000
2026.07.10,12:00:00,0.695217,0.695604,0.694975,0.695604,100.0000
2026.07.10,12:15:00,0.695410,0.695507,0.695217,0.695217,100.0000
2026.07.10,12:30:00,0.695314,0.695314,0.694975,0.694975,100.0000
2026.07.10,12:45:00,0.694879,0.695120,0.694879,0.695120,100.0000
2026.07.10,13:00:00,0.695217,0.695265,0.694975,0.695265,100.0000
2026.07.10,13:15:00,0.695362,0.695362,0.695217,0.695217,100.0000
2026.07.10,13:30:00,0.695217,0.695555,0.695217,0.695555,100.0000
2026.07.10,13:45:00,0.695459,0.695459,0.695024,0.695024,100.0000
2026.07.10,14:00:00,0.694975,0.695072,0.694879,0.695024,100.0000
2026.07.10,14:15:00,0.695120,0.695362,0.695120,0.695362,100.0000
2026.07.10,14:30:00,0.695265,0.695362,0.694686,0.694927,100.0000
2026.07.10,14:45:00,0.694830,0.695024,0.694734,0.694830,100.0000
2026.07.10,15:00:00,0.694782,0.695217,0.694782,0.695217,100.0000
2026.07.10,15:15:00,0.695604,0.695991,0.695604,0.695894,100.0000
2026.07.10,15:30:00,0.695943,0.695943,0.695701,0.695797,100.0000
2026.07.10,15:45:00,0.695749,0.696088,0.695749,0.696088,100.0000
2026.07.10,16:00:00,0.696136,0.696476,0.696136,0.696476,100.0000
2026.07.10,16:15:00,0.696670,0.696670,0.696379,0.696670,100.0000
2026.07.10,16:30:00,0.696670,0.696718,0.696476,0.696476,100.0000
2026.07.10,16:45:00,0.696476,0.696476,0.696282,0.696282,100.0000
2026.07.10,17:00:00,0.696136,0.696136,0.695991,0.695991,100.0000
2026.07.10,17:15:00,0.696040,0.696040,0.695894,0.695943,100.0000
2026.07.10,17:30:00,0.695894,0.695943,0.695749,0.695846,100.0000
2026.07.10,17:45:00,0.695894,0.695894,0.695555,0.695555,100.0000
2026.07.10,18:00:00,0.695555,0.695604,0.695410,0.695555,100.0000
2026.07.10,18:15:00,0.695507,0.695507,0.695410,0.695459,100.0000
2026.07.10,18:30:00,0.695507,0.695652,0.695410,0.695410,100.0000
2026.07.10,18:45:00,0.695507,0.695555,0.695459,0.695507,100.0000
2026.07.10,19:00:00,0.695459,0.695459,0.695362,0.695410,100.0000
2026.07.10,19:15:00,0.695459,0.695459,0.695410,0.695410,100.0000
2026.07.10,19:30:00,0.695459,0.695459,0.695362,0.695362,100.0000
2026.07.10,19:45:00,0.695362,0.695555,0.695362,0.695555,100.0000
2026.07.10,20:00:00,0.695507,0.695652,0.695459,0.695459,100.0000
2026.07.10,20:15:00,0.695507,0.695555,0.695459,0.695459,100.0000
2026.07.10,20:30:00,0.695410,0.695507,0.695265,0.695507,100.0000
2026.07.10,20:45:00,0.695507,0.695555,0.695507,0.695555,100.0000
2026.07.10,21:00:00,0.695507,0.695507,0.695507,0.695507,100.0000
2026.07.10,21:15:00,0.695507,0.695507,0.695507,0.695507,100.0000
2026.07.12,23:00:00,0.693963,0.694107,0.693963,0.694059,100.0000
2026.07.12,23:15:00,0.694252,0.694252,0.694107,0.694203,100.0000
2026.07.12,23:30:00,0.694252,0.694252,0.694059,0.694203,100.0000
2026.07.12,23:45:00,0.694155,0.694396,0.694155,0.694396,100.0000
2026.07.13,00:00:00,0.694396,0.694589,0.694396,0.694493,100.0000
2026.07.13,00:15:00,0.694541,0.694541,0.694203,0.694348,100.0000
2026.07.13,00:30:00,0.694300,0.694300,0.693866,0.693963,100.0000
2026.07.13,00:45:00,0.693914,0.694059,0.693577,0.693626,100.0000
2026.07.13,01:00:00,0.693433,0.693433,0.693241,0.693337,100.0000
2026.07.13,01:15:00,0.693385,0.693674,0.693337,0.693433,100.0000
2026.07.13,01:30:00,0.693674,0.693866,0.693529,0.693770,100.0000
2026.07.13,01:45:00,0.693722,0.693914,0.693626,0.693674,100.0000
2026.07.13,02:00:00,0.693674,0.693722,0.693529,0.693722,100.0000
2026.07.13,02:15:00,0.693674,0.694011,0.693674,0.693866,100.0000
2026.07.13,02:30:00,0.693818,0.694059,0.693818,0.693914,100.0000
2026.07.13,02:45:00,0.693963,0.693963,0.693481,0.693481,100.0000
2026.07.13,03:00:00,0.693385,0.693385,0.692761,0.692761,100.0000
2026.07.13,03:15:00,0.692905,0.693001,0.692905,0.693001,100.0000
2026.07.13,03:30:00,0.693145,0.693145,0.693001,0.693145,100.0000
2026.07.13,03:45:00,0.693097,0.693241,0.693097,0.693193,100.0000
2026.07.13,04:00:00,0.693097,0.693097,0.692809,0.692905,100.0000
2026.07.13,04:15:00,0.692953,0.693097,0.692953,0.693001,100.0000
2026.07.13,04:30:00,0.693289,0.693337,0.693241,0.693289,100.0000
2026.07.13,04:45:00,0.693193,0.693577,0.693193,0.693529,100.0000
2026.07.13,05:00:00,0.693481,0.693963,0.693481,0.693963,100.0000
2026.07.13,05:15:00,0.693914,0.693914,0.693049,0.693049,100.0000
2026.07.13,05:30:00,0.692953,0.693433,0.692953,0.693385,100.0000
2026.07.13,05:45:00,0.693337,0.693529,0.693049,0.693049,100.0000
2026.07.13,06:00:00,0.693289,0.693289,0.692761,0.692761,100.0000
2026.07.13,06:15:00,0.692713,0.693145,0.692713,0.693097,100.0000
2026.07.13,06:30:00,0.693145,0.693481,0.693145,0.693337,100.0000
2026.07.13,06:45:00,0.693193,0.693289,0.693049,0.693049,100.0000
2026.07.13,07:00:00,0.693145,0.693626,0.693145,0.693529,100.0000
2026.07.13,07:15:00,0.693577,0.693577,0.693337,0.693433,100.0000
2026.07.13,07:30:00,0.693241,0.693577,0.693193,0.693385,100.0000
2026.07.13,07:45:00,0.693385,0.693914,0.693385,0.693866,100.0000
2026.07.13,08:00:00,0.694107,0.694734,0.694107,0.694734,100.0000
2026.07.13,08:15:00,0.694686,0.694927,0.694396,0.694396,100.0000
2026.07.13,08:30:00,0.694252,0.694493,0.694252,0.694493,100.0000
2026.07.13,08:45:00,0.694493,0.694637,0.694493,0.694493,100.0000
2026.07.13,09:00:00,0.694348,0.694493,0.694203,0.694203,100.0000
2026.07.13,09:15:00,0.694300,0.694444,0.694203,0.694252,100.0000
2026.07.13,09:30:00,0.694348,0.694348,0.694155,0.694252,100.0000
2026.07.13,09:45:00,0.694300,0.694348,0.694203,0.694348,100.0000
2026.07.13,10:00:00,0.694396,0.694541,0.694300,0.694300,100.0000
2026.07.13,10:15:00,0.694252,0.694300,0.694107,0.694155,100.0000
2026.07.13,10:30:00,0.694203,0.694493,0.694155,0.694348,100.0000
2026.07.13,10:45:00,0.694396,0.694782,0.694396,0.694782,100.0000
2026.07.13,11:00:00,0.694782,0.694975,0.694637,0.694734,100.0000
2026.07.13,11:15:00,0.694782,0.694975,0.694541,0.694975,100.0000
2026.07.13,11:30:00,0.695024,0.695217,0.694975,0.695024,100.0000
2026.07.13,11:45:00,0.695072,0.695072,0.694782,0.694782,100.0000
2026.07.13,12:00:00,0.694782,0.694782,0.694203,0.694203,100.0000
2026.07.13,12:15:00,0.694203,0.694444,0.694203,0.694348,100.0000
2026.07.13,12:30:00,0.694348,0.694493,0.694348,0.694396,100.0000
2026.07.13,12:45:00,0.694444,0.694830,0.694444,0.694830,100.0000
2026.07.13,13:00:00,0.694879,0.694879,0.694541,0.694541,100.0000
2026.07.13,13:15:00,0.694493,0.694541,0.694348,0.694541,100.0000
2026.07.13,13:30:00,0.694541,0.694541,0.693866,0.693866,100.0000
2026.07.13,13:45:00,0.693866,0.694059,0.693818,0.694011,100.0000
2026.07.13,14:00:00,0.694011,0.694011,0.693866,0.694011,100.0000
2026.07.13,14:15:00,0.693963,0.693963,0.693337,0.693914,100.0000
2026.07.13,14:30:00,0.693963,0.693963,0.693577,0.693577,100.0000
2026.07.13,14:45:00,0.693674,0.693770,0.693385,0.693626,100.0000
2026.07.13,15:00:00,0.693818,0.694011,0.693818,0.693914,100.0000
2026.07.13,15:15:00,0.693770,0.694059,0.693674,0.693914,100.0000
2026.07.13,15:30:00,0.693818,0.693914,0.693674,0.693770,100.0000
2026.07.13,15:45:00,0.693674,0.693770,0.693529,0.693722,100.0000
2026.07.13,16:00:00,0.693577,0.693914,0.693577,0.693818,100.0000
2026.07.13,16:15:00,0.693818,0.693818,0.693193,0.693193,100.0000
2026.07.13,16:30:00,0.692713,0.692761,0.692233,0.692473,100.0000
2026.07.13,16:45:00,0.692713,0.692713,0.692185,0.692377,100.0000
2026.07.13,17:00:00,0.692329,0.692617,0.692329,0.692569,100.0000
2026.07.13,17:15:00,0.692617,0.692761,0.692617,0.692665,100.0000
2026.07.13,17:30:00,0.692665,0.692665,0.692569,0.692617,100.0000
2026.07.13,17:45:00,0.692761,0.692809,0.692377,0.692425,100.0000
2026.07.13,18:00:00,0.692377,0.692425,0.692185,0.692233,100.0000
2026.07.13,18:15:00,0.692281,0.692281,0.692089,0.692233,100.0000
2026.07.13,18:30:00,0.692185,0.692425,0.692185,0.692377,100.0000
2026.07.13,18:45:00,0.692425,0.692425,0.692377,0.692377,100.0000
2026.07.13,19:00:00,0.692377,0.692425,0.692042,0.692042,100.0000
2026.07.13,19:15:00,0.691946,0.692042,0.691946,0.691946,100.0000
2026.07.13,19:30:00,0.691946,0.691946,0.691754,0.691898,100.0000
2026.07.13,19:45:00,0.691946,0.692042,0.691898,0.691994,100.0000
2026.07.13,20:00:00,0.691994,0.692042,0.691754,0.691754,100.0000
2026.07.13,20:15:00,0.691754,0.691802,0.691659,0.691802,100.0000
2026.07.13,20:30:00,0.691802,0.691946,0.691802,0.691946,100.0000
2026.07.13,20:45:00,0.691994,0.691994,0.691898,0.691946,100.0000
2026.07.13,21:00:00,0.692377,0.692377,0.692042,0.692042,100.0000
2026.07.13,21:15:00,0.692042,0.692042,0.691898,0.691946,100.0000
2026.07.13,21:30:00,0.691946,0.692042,0.691946,0.691994,100.0000
2026.07.13,21:45:00,0.692089,0.692185,0.692042,0.692042,100.0000
2026.07.13,22:00:00,0.692233,0.692233,0.692185,0.692185,100.0000
2026.07.13,22:15:00,0.692185,0.692281,0.692185,0.692185,100.0000
2026.07.13,22:30:00,0.692137,0.692137,0.691994,0.692042,100.0000
2026.07.13,22:45:00,0.692137,0.692137,0.691946,0.691946,100.0000
2026.07.13,23:00:00,0.691946,0.691946,0.691898,0.691898,100.0000
2026.07.13,23:15:00,0.691946,0.691946,0.691802,0.691898,100.0000
2026.07.13,23:30:00,0.691802,0.692042,0.691802,0.692042,100.0000
2026.07.13,23:45:00,0.692042,0.692137,0.691802,0.692137,100.0000
2026.07.14,00:00:00,0.692137,0.692137,0.691706,0.691946,100.0000
2026.07.14,00:15:00,0.692042,0.692042,0.691706,0.691754,100.0000
2026.07.14,00:30:00,0.691946,0.692185,0.691898,0.692042,100.0000
2026.07.14,00:45:00,0.692185,0.692377,0.692185,0.692185,100.0000
2026.07.14,01:00:00,0.692089,0.692185,0.692089,0.692137,100.0000
2026.07.14,01:15:00,0.692137,0.692569,0.692137,0.692281,100.0000
2026.07.14,01:30:00,0.692233,0.692233,0.691898,0.692089,100.0000
2026.07.14,01:45:00,0.692329,0.692377,0.692185,0.692281,100.0000
2026.07.14,02:00:00,0.692377,0.692569,0.692377,0.692473,100.0000
2026.07.14,02:15:00,0.692521,0.692713,0.692521,0.692713,100.0000
2026.07.14,02:30:00,0.692809,0.693001,0.692665,0.692953,100.0000
2026.07.14,02:45:00,0.692905,0.692953,0.692617,0.692665,100.0000
2026.07.14,03:00:00,0.692713,0.692713,0.692473,0.692617,100.0000
2026.07.14,03:15:00,0.692521,0.692857,0.692473,0.692857,100.0000
2026.07.14,03:30:00,0.693097,0.693241,0.692953,0.693097,100.0000
2026.07.14,03:45:00,0.693097,0.693433,0.693097,0.693337,100.0000
2026.07.14,04:00:00,0.693385,0.693481,0.693241,0.693289,100.0000
2026.07.14,04:15:00,0.693337,0.693433,0.693193,0.693193,100.0000
2026.07.14,04:30:00,0.693193,0.693433,0.693193,0.693433,100.0000
2026.07.14,04:45:00,0.693433,0.693529,0.693289,0.693529,100.0000
2026.07.14,05:00:00,0.693529,0.693722,0.693529,0.693674,100.0000
2026.07.14,05:15:00,0.693674,0.693818,0.693626,0.693818,100.0000
2026.07.14,05:30:00,0.693963,0.694107,0.693770,0.693818,100.0000
2026.07.14,05:45:00,0.693866,0.693866,0.693626,0.693626,100.0000
2026.07.14,06:00:00,0.693722,0.693722,0.693577,0.693626,100.0000
2026.07.14,06:15:00,0.693529,0.693529,0.693337,0.693337,100.0000
2026.07.14,06:30:00,0.693577,0.693722,0.693433,0.693433,100.0000
2026.07.14,06:45:00,0.693433,0.693433,0.693193,0.693193,100.0000
2026.07.14,07:00:00,0.693049,0.693577,0.693049,0.693577,100.0000
2026.07.14,07:15:00,0.693626,0.694155,0.693626,0.694155,100.0000
2026.07.14,07:30:00,0.694059,0.694300,0.694011,0.694107,100.0000
2026.07.14,07:45:00,0.694252,0.694493,0.694252,0.694348,100.0000
2026.07.14,08:00:00,0.694444,0.694444,0.694059,0.694059,100.0000
2026.07.14,08:15:00,0.694011,0.694252,0.693963,0.694203,100.0000
2026.07.14,08:30:00,0.694300,0.694637,0.694155,0.694637,100.0000
2026.07.14,08:45:00,0.694637,0.694686,0.694493,0.694637,100.0000
2026.07.14,09:00:00,0.694686,0.695265,0.694686,0.695265,100.0000
2026.07.14,09:15:00,0.695459,0.695459,0.695120,0.695120,100.0000
2026.07.14,09:30:00,0.695120,0.695169,0.695120,0.695169,100.0000
2026.07.14,09:45:00,0.695072,0.695604,0.695072,0.695459,100.0000
2026.07.14,10:00:00,0.695410,0.695507,0.695169,0.695169,100.0000
2026.07.14,10:15:00,0.695120,0.695120,0.694879,0.694879,100.0000
2026.07.14,10:30:00,0.694782,0.694782,0.694396,0.694396,100.0000
2026.07.14,10:45:00,0.694493,0.694541,0.694300,0.694300,100.0000
2026.07.14,11:00:00,0.694252,0.694252,0.694107,0.694252,100.0000
2026.07.14,11:15:00,0.694252,0.694396,0.694107,0.694396,100.0000
2026.07.14,11:30:00,0.694444,0.694637,0.694444,0.694444,100.0000
2026.07.14,11:45:00,0.694444,0.694782,0.694444,0.694686,100.0000
2026.07.14,12:00:00,0.694637,0.694637,0.694444,0.694589,100.0000
2026.07.14,12:15:00,0.694348,0.694879,0.694348,0.694830,100.0000
2026.07.14,12:30:00,0.698422,0.698519,0.697350,0.698519,100.0000
2026.07.14,12:45:00,0.698324,0.698373,0.697010,0.697107,100.0000
2026.07.14,13:00:00,0.697496,0.697691,0.697350,0.697350,100.0000
2026.07.14,13:15:00,0.697350,0.697885,0.697301,0.697837,100.0000
2026.07.14,13:30:00,0.698032,0.698227,0.697691,0.698129,100.0000
2026.07.14,13:45:00,0.698227,0.698519,0.698032,0.698422,100.0000
2026.07.14,14:00:00,0.698470,0.698812,0.698470,0.698763,100.0000
2026.07.14,14:15:00,0.698665,0.699154,0.698324,0.698373,100.0000
2026.07.14,14:30:00,0.698227,0.699056,0.698227,0.698861,100.0000
2026.07.14,14:45:00,0.698861,0.699007,0.698714,0.698959,100.0000
2026.07.14,15:00:00,0.698812,0.699447,0.698812,0.699447,100.0000
2026.07.14,15:15:00,0.699399,0.699399,0.699007,0.699007,100.0000
2026.07.14,15:30:00,0.698910,0.698910,0.697885,0.697885,100.0000
2026.07.14,15:45:00,0.697983,0.697983,0.697496,0.697496,100.0000
2026.07.14,16:00:00,0.697350,0.697496,0.697253,0.697496,100.0000
2026.07.14,16:15:00,0.697593,0.697691,0.697447,0.697691,100.0000
2026.07.14,16:30:00,0.697837,0.697983,0.697788,0.697983,100.0000
2026.07.14,16:45:00,0.697983,0.698080,0.697739,0.698080,100.0000
2026.07.14,17:00:00,0.698080,0.698129,0.697691,0.697691,100.0000
2026.07.14,17:15:00,0.697545,0.697837,0.697399,0.697739,100.0000
2026.07.14,17:30:00,0.697739,0.697739,0.697739,0.697739,100.0000
2026.07.14,17:45:00,0.697837,0.697885,0.697739,0.697739,100.0000
2026.07.14,18:00:00,0.697788,0.697837,0.697788,0.697788,100.0000
2026.07.14,18:15:00,0.697837,0.697934,0.697642,0.697642,100.0000
2026.07.14,18:30:00,0.697691,0.697739,0.697350,0.697350,100.0000
2026.07.14,18:45:00,0.697399,0.697691,0.697399,0.697691,100.0000
2026.07.14,19:00:00,0.697691,0.697691,0.697593,0.697691,100.0000
2026.07.14,19:15:00,0.697739,0.697739,0.697642,0.697642,100.0000
2026.07.14,19:30:00,0.697545,0.697593,0.697447,0.697496,100.0000
2026.07.14,19:45:00,0.697545,0.697691,0.697545,0.697545,100.0000
2026.07.14,20:00:00,0.697447,0.697496,0.697399,0.697447,100.0000
2026.07.14,20:15:00,0.697447,0.697447,0.697350,0.697447,100.0000
2026.07.14,20:30:00,0.697399,0.697545,0.697399,0.697545,100.0000
2026.07.14,20:45:00,0.697496,0.697691,0.697496,0.697691,100.0000
2026.07.14,21:00:00,0.698032,0.698032,0.697739,0.697739,100.0000
2026.07.14,21:15:00,0.697593,0.697739,0.697253,0.697301,100.0000
2026.07.14,21:30:00,0.697301,0.697496,0.697204,0.697350,100.0000
2026.07.14,21:45:00,0.697788,0.697788,0.697447,0.697642,100.0000
2026.07.14,22:00:00,0.697642,0.697642,0.697496,0.697496,100.0000
2026.07.14,22:15:00,0.697545,0.697691,0.697545,0.697691,100.0000
2026.07.14,22:30:00,0.697642,0.697691,0.697593,0.697593,100.0000
2026.07.14,22:45:00,0.697593,0.697593,0.697545,0.697545,100.0000
2026.07.14,23:00:00,0.697496,0.697642,0.697496,0.697642,100.0000
2026.07.14,23:15:00,0.697642,0.697739,0.697593,0.697739,100.0000
2026.07.14,23:30:00,0.697837,0.697934,0.697788,0.697934,100.0000
2026.07.14,23:45:00,0.697885,0.697885,0.697739,0.697788,100.0000
2026.07.15,00:00:00,0.697983,0.698129,0.697983,0.698080,100.0000
2026.07.15,00:15:00,0.698032,0.698519,0.698032,0.698519,100.0000
2026.07.15,00:30:00,0.698470,0.698470,0.698080,0.698080,100.0000
2026.07.15,00:45:00,0.698080,0.698763,0.698080,0.698763,100.0000
2026.07.15,01:00:00,0.698665,0.698665,0.698470,0.698568,100.0000
2026.07.15,01:15:00,0.698665,0.698910,0.698665,0.698665,100.0000
2026.07.15,01:30:00,0.698519,0.698568,0.698275,0.698275,100.0000
2026.07.15,01:45:00,0.698275,0.698812,0.698275,0.698812,100.0000
2026.07.15,02:00:00,0.698812,0.699105,0.698812,0.698861,100.0000
2026.07.15,02:15:00,0.698812,0.698812,0.698519,0.698763,100.0000
2026.07.15,02:30:00,0.698861,0.699350,0.698861,0.699350,100.0000
2026.07.15,02:45:00,0.699301,0.699399,0.699154,0.699399,100.0000
2026.07.15,03:00:00,0.699447,0.699496,0.699154,0.699154,100.0000
2026.07.15,03:15:00,0.699105,0.699105,0.698763,0.698812,100.0000
2026.07.15,03:30:00,0.698714,0.698812,0.698714,0.698714,100.0000
2026.07.15,03:45:00,0.698665,0.699056,0.698665,0.698959,100.0000
2026.07.15,04:00:00,0.699105,0.699105,0.698812,0.698812,100.0000
2026.07.15,04:15:00,0.698763,0.698861,0.698714,0.698763,100.0000
2026.07.15,04:30:00,0.698665,0.698763,0.698617,0.698617,100.0000
2026.07.15,04:45:00,0.698617,0.698714,0.698568,0.698568,100.0000
2026.07.15,05:00:00,0.698665,0.698665,0.698568,0.698568,100.0000
2026.07.15,05:15:00,0.698568,0.698812,0.698470,0.698519,100.0000
2026.07.15,05:30:00,0.698568,0.698910,0.698568,0.698910,100.0000
2026.07.15,05:45:00,0.698959,0.699154,0.698959,0.698959,100.0000
2026.07.15,06:00:00,0.698959,0.699056,0.698910,0.698959,100.0000
2026.07.15,06:15:00,0.698910,0.699301,0.698910,0.699301,100.0000
2026.07.15,06:30:00,0.699007,0.699154,0.698861,0.698861,100.0000
2026.07.15,06:45:00,0.698959,0.698959,0.698812,0.698812,100.0000
2026.07.15,07:00:00,0.698861,0.699203,0.698861,0.699203,100.0000
2026.07.15,07:15:00,0.699203,0.699203,0.698080,0.698178,100.0000
2026.07.15,07:30:00,0.698422,0.698665,0.698422,0.698665,100.0000
2026.07.15,07:45:00,0.698714,0.699056,0.698714,0.698861,100.0000
2026.07.15,08:00:00,0.698861,0.699105,0.698861,0.698910,100.0000
2026.07.15,08:15:00,0.698861,0.699056,0.698812,0.699056,100.0000
2026.07.15,08:30:00,0.699154,0.699154,0.698959,0.698959,100.0000
2026.07.15,08:45:00,0.698959,0.699007,0.698714,0.699007,100.0000
2026.07.15,09:00:00,0.699105,0.699203,0.699007,0.699154,100.0000
2026.07.15,09:15:00,0.699203,0.699301,0.699007,0.699007,100.0000
2026.07.15,09:30:00,0.698959,0.698959,0.698763,0.698910,100.0000
2026.07.15,09:45:00,0.699007,0.699007,0.698763,0.698861,100.0000
2026.07.15,10:00:00,0.698714,0.698763,0.698617,0.698763,100.0000
2026.07.15,10:15:00,0.698812,0.698861,0.698275,0.698373,100.0000
2026.07.15,10:30:00,0.698519,0.698568,0.698422,0.698422,100.0000
2026.07.15,10:45:00,0.698470,0.698568,0.698470,0.698470,100.0000
2026.07.15,11:00:00,0.698714,0.698812,0.698665,0.698763,100.0000
2026.07.15,11:15:00,0.698714,0.698714,0.698568,0.698568,100.0000
2026.07.15,11:30:00,0.698568,0.698812,0.698568,0.698665,100.0000
2026.07.15,11:45:00,0.698617,0.698910,0.698617,0.698910,100.0000
2026.07.15,12:00:00,0.698861,0.698861,0.698568,0.698568,100.0000
2026.07.15,12:15:00,0.698665,0.698714,0.698568,0.698617,100.0000
2026.07.15,12:30:00,0.699105,0.699545,0.699105,0.699545,100.0000
2026.07.15,12:45:00,0.699545,0.699986,0.699496,0.699986,100.0000
2026.07.15,13:00:00,0.699839,0.700035,0.699692,0.699741,100.0000
2026.07.15,13:15:00,0.699594,0.699888,0.699496,0.699545,100.0000
2026.07.15,13:30:00,0.699594,0.699741,0.699496,0.699594,100.0000
2026.07.15,13:45:00,0.699545,0.699790,0.699301,0.699790,100.0000
2026.07.15,14:00:00,0.699741,0.699986,0.699643,0.699643,100.0000
2026.07.15,14:15:00,0.699643,0.699790,0.699594,0.699643,100.0000
2026.07.15,14:30:00,0.699692,0.699986,0.699692,0.699888,100.0000
2026.07.15,14:45:00,0.699986,0.700182,0.699741,0.700133,100.0000
2026.07.15,15:00:00,0.700133,0.700231,0.700133,0.700182,100.0000
2026.07.15,15:15:00,0.699888,0.700378,0.699790,0.700378,100.0000
2026.07.15,15:30:00,0.700280,0.700427,0.700182,0.700231,100.0000
2026.07.15,15:45:00,0.700280,0.700427,0.700133,0.700133,100.0000
2026.07.15,16:00:00,0.700035,0.700035,0.699790,0.699937,100.0000
2026.07.15,16:15:00,0.699790,0.699888,0.699643,0.699790,100.0000
2026.07.15,16:30:00,0.699692,0.699692,0.699301,0.699301,100.0000
2026.07.15,16:45:00,0.699252,0.699545,0.699252,0.699545,100.0000
2026.07.15,17:00:00,0.699839,0.700133,0.699839,0.700133,100.0000
2026.07.15,17:15:00,0.700084,0.700427,0.700084,0.700378,100.0000
2026.07.15,17:30:00,0.700722,0.701607,0.700722,0.701607,100.0000
2026.07.15,17:45:00,0.701557,0.701754,0.701557,0.701754,100.0000
2026.07.15,18:00:00,0.701853,0.701951,0.701853,0.701951,100.0000
2026.07.15,18:15:00,0.701853,0.702149,0.701853,0.702149,100.0000
2026.07.15,18:30:00,0.702247,0.702296,0.701853,0.701853,100.0000
2026.07.15,18:45:00,0.701705,0.701705,0.701164,0.701164,100.0000
2026.07.15,19:00:00,0.701115,0.701508,0.701115,0.701459,100.0000
2026.07.15,19:15:00,0.701459,0.701459,0.701115,0.701213,100.0000
2026.07.15,19:30:00,0.701164,0.701164,0.700771,0.700918,100.0000
2026.07.15,19:45:00,0.700869,0.700967,0.700820,0.700967,100.0000
2026.07.15,20:00:00,0.700967,0.701016,0.700820,0.700820,100.0000
2026.07.15,20:15:00,0.700820,0.700967,0.700820,0.700967,100.0000
2026.07.15,20:30:00,0.700967,0.700967,0.700918,0.700967,100.0000
2026.07.15,20:45:00,0.700918,0.701016,0.700869,0.700869,100.0000
2026.07.15,21:00:00,0.700525,0.700771,0.700525,0.700722,100.0000
2026.07.15,21:15:00,0.700722,0.700967,0.700673,0.700771,100.0000
2026.07.15,21:30:00,0.700771,0.700771,0.700722,0.700771,100.0000
2026.07.15,21:45:00,0.700771,0.700820,0.700673,0.700673,100.0000
2026.07.15,22:00:00,0.700918,0.700967,0.700869,0.700869,100.0000
2026.07.15,22:15:00,0.700869,0.700869,0.700869,0.700869,100.0000
2026.07.15,22:30:00,0.700918,0.700918,0.700820,0.700820,100.0000
2026.07.15,22:45:00,0.700820,0.700869,0.700771,0.700820,100.0000
2026.07.15,23:00:00,0.700869,0.700918,0.700820,0.700918,100.0000
2026.07.15,23:15:00,0.700967,0.701164,0.700918,0.701164,100.0000
2026.07.15,23:30:00,0.701164,0.701262,0.701115,0.701164,100.0000
2026.07.15,23:45:00,0.701213,0.701213,0.701066,0.701066,100.0000
2026.07.16,00:00:00,0.701213,0.701311,0.701115,0.701311,100.0000
2026.07.16,00:15:00,0.701262,0.701262,0.700820,0.700820,100.0000
2026.07.16,00:30:00,0.700771,0.700771,0.700231,0.700280,100.0000
2026.07.16,00:45:00,0.700280,0.700280,0.699888,0.700035,100.0000
2026.07.16,01:00:00,0.700035,0.700035,0.699643,0.699643,100.0000
2026.07.16,01:15:00,0.699839,0.699839,0.699447,0.699447,100.0000
2026.07.16,01:30:00,0.699496,0.699496,0.699350,0.699496,100.0000
2026.07.16,01:45:00,0.699496,0.699692,0.699447,0.699447,100.0000
2026.07.16,02:00:00,0.699399,0.699399,0.698959,0.698959,100.0000
2026.07.16,02:15:00,0.699056,0.699496,0.698959,0.699496,100.0000
2026.07.16,02:30:00,0.699545,0.699545,0.699350,0.699350,100.0000
2026.07.16,02:45:00,0.699447,0.699790,0.699447,0.699790,100.0000
2026.07.16,03:00:00,0.699741,0.699986,0.699741,0.699937,100.0000
2026.07.16,03:15:00,0.699937,0.700182,0.699937,0.700182,100.0000
2026.07.16,03:30:00,0.700280,0.700329,0.700133,0.700133,100.0000
2026.07.16,03:45:00,0.700084,0.700231,0.700035,0.700231,100.0000
2026.07.16,04:00:00,0.700280,0.700427,0.700231,0.700427,100.0000
2026.07.16,04:15:00,0.700525,0.700525,0.700378,0.700378,100.0000
2026.07.16,04:30:00,0.700476,0.700476,0.700378,0.700476,100.0000
2026.07.16,04:45:00,0.700378,0.700378,0.700133,0.700231,100.0000
2026.07.16,05:00:00,0.700133,0.700133,0.699937,0.700035,100.0000
2026.07.16,05:15:00,0.700182,0.700329,0.700182,0.700182,100.0000
2026.07.16,05:30:00,0.700231,0.700280,0.699839,0.699839,100.0000
2026.07.16,05:45:00,0.699888,0.699888,0.699692,0.699692,100.0000
2026.07.16,06:00:00,0.699790,0.699937,0.699741,0.699888,100.0000
2026.07.16,06:15:00,0.699937,0.700084,0.699839,0.700084,100.0000
2026.07.16,06:30:00,0.699937,0.699937,0.699741,0.699888,100.0000
2026.07.16,06:45:00,0.699839,0.700182,0.699741,0.700182,100.0000
2026.07.16,07:00:00,0.700133,0.700182,0.700084,0.700084,100.0000
2026.07.16,07:15:00,0.699986,0.700378,0.699986,0.699986,100.0000
2026.07.16,07:30:00,0.700035,0.700084,0.699937,0.700084,100.0000
2026.07.16,07:45:00,0.699986,0.700133,0.699986,0.700084,100.0000
2026.07.16,08:00:00,0.700084,0.700182,0.699839,0.699839,100.0000
2026.07.16,08:15:00,0.699692,0.699937,0.699692,0.699839,100.0000
2026.07.16,08:30:00,0.699839,0.699986,0.699839,0.699986,100.0000
2026.07.16,08:45:00,0.699888,0.700133,0.699888,0.700133,100.0000
2026.07.16,09:00:00,0.700133,0.700329,0.700084,0.700329,100.0000
2026.07.16,09:15:00,0.700427,0.700525,0.700231,0.700231,100.0000
2026.07.16,09:30:00,0.700182,0.700182,0.700035,0.700084,100.0000
2026.07.16,09:45:00,0.700035,0.700231,0.700035,0.700182,100.0000
2026.07.16,10:00:00,0.700182,0.700378,0.700182,0.700378,100.0000
2026.07.16,10:15:00,0.700378,0.700624,0.700378,0.700476,100.0000
2026.07.16,10:30:00,0.700476,0.700673,0.700476,0.700673,100.0000
2026.07.16,10:45:00,0.700673,0.700771,0.700624,0.700624,100.0000
2026.07.16,11:00:00,0.700525,0.700771,0.700525,0.700771,100.0000
2026.07.16,11:15:00,0.700722,0.700820,0.700525,0.700525,100.0000
2026.07.16,11:30:00,0.700525,0.700673,0.700525,0.700673,100.0000
2026.07.16,11:45:00,0.700722,0.700918,0.700378,0.700820,100.0000
2026.07.16,12:00:00,0.701164,0.701262,0.700869,0.700869,100.0000
2026.07.16,12:15:00,0.700869,0.701016,0.700771,0.700771,100.0000
2026.07.16,12:30:00,0.700869,0.700869,0.700476,0.700476,100.0000
2026.07.16,12:45:00,0.700231,0.700378,0.699888,0.700035,100.0000
2026.07.16,13:00:00,0.700035,0.700771,0.700035,0.700771,100.0000
2026.07.16,13:15:00,0.700722,0.701115,0.700722,0.701115,100.0000
2026.07.16,13:30:00,0.701164,0.701164,0.700624,0.700624,100.0000
2026.07.16,13:45:00,0.700574,0.700722,0.700476,0.700624,100.0000
2026.07.16,14:00:00,0.700673,0.701016,0.700673,0.700722,100.0000
2026.07.16,14:15:00,0.700820,0.701361,0.700820,0.701361,100.0000
2026.07.16,14:30:00,0.701311,0.701459,0.701213,0.701213,100.0000
2026.07.16,14:45:00,0.701311,0.701311,0.700574,0.700722,100.0000
2026.07.16,15:00:00,0.700673,0.700673,0.700378,0.700624,100.0000
2026.07.16,15:15:00,0.700525,0.700624,0.700427,0.700624,100.0000
2026.07.16,15:30:00,0.700574,0.700771,0.700574,0.700722,100.0000
2026.07.16,15:45:00,0.700525,0.700624,0.700329,0.700378,100.0000
2026.07.16,16:00:00,0.700378,0.700378,0.699937,0.699937,100.0000
2026.07.16,16:15:00,0.699888,0.699986,0.699545,0.699545,100.0000
2026.07.16,16:30:00,0.699594,0.699741,0.699496,0.699496,100.0000
2026.07.16,16:45:00,0.699643,0.699643,0.699545,0.699643,100.0000
2026.07.16,17:00:00,0.699545,0.699545,0.699350,0.699350,100.0000
2026.07.16,17:15:00,0.699301,0.699447,0.699301,0.699447,100.0000
2026.07.16,17:30:00,0.699496,0.699496,0.699350,0.699350,100.0000
2026.07.16,17:45:00,0.699399,0.699692,0.699399,0.699545,100.0000
2026.07.16,18:00:00,0.699545,0.699790,0.699399,0.699790,100.0000
2026.07.16,18:15:00,0.699692,0.699741,0.699692,0.699692,100.0000
2026.07.16,18:30:00,0.699594,0.699594,0.699496,0.699594,100.0000
2026.07.16,18:45:00,0.699643,0.699790,0.699643,0.699790,100.0000
2026.07.16,19:00:00,0.699888,0.699888,0.699594,0.699594,100.0000
2026.07.16,19:15:00,0.699594,0.699643,0.699496,0.699545,100.0000
2026.07.16,19:30:00,0.699545,0.699594,0.699447,0.699594,100.0000
2026.07.16,19:45:00,0.699496,0.699839,0.699496,0.699741,100.0000
2026.07.16,20:00:00,0.699741,0.699839,0.699741,0.699790,100.0000
2026.07.16,20:15:00,0.699741,0.699790,0.699692,0.699692,100.0000
2026.07.16,20:30:00,0.699790,0.699937,0.699790,0.699937,100.0000
2026.07.16,20:45:00,0.699888,0.699986,0.699888,0.699986,100.0000
2026.07.16,21:00:00,0.699692,0.699790,0.699643,0.699790,100.0000
2026.07.16,21:15:00,0.699741,0.700035,0.699643,0.700035,100.0000
2026.07.16,21:30:00,0.700133,0.700280,0.700035,0.700084,100.0000
2026.07.16,21:45:00,0.700084,0.700084,0.699692,0.699839,100.0000
2026.07.16,22:00:00,0.700035,0.700084,0.699986,0.700035,100.0000
2026.07.16,22:15:00,0.699986,0.699986,0.699937,0.699937,100.0000
2026.07.16,22:30:00,0.699937,0.699937,0.699839,0.699888,100.0000
2026.07.16,22:45:00,0.699888,0.699888,0.699790,0.699839,100.0000
2026.07.16,23:00:00,0.699888,0.699937,0.699888,0.699937,100.0000
2026.07.16,23:15:00,0.699986,0.699986,0.699888,0.699986,100.0000
2026.07.16,23:30:00,0.700084,0.700133,0.700035,0.700133,100.0000
2026.07.16,23:45:00,0.700084,0.700182,0.699986,0.700182,100.0000
2026.07.17,00:00:00,0.700231,0.700280,0.699937,0.699937,100.0000
2026.07.17,00:15:00,0.699937,0.700035,0.699692,0.699692,100.0000
2026.07.17,00:30:00,0.699594,0.699790,0.699545,0.699545,100.0000
2026.07.17,00:45:00,0.699496,0.700084,0.699496,0.700084,100.0000
2026.07.17,01:00:00,0.700133,0.700231,0.700035,0.700035,100.0000
2026.07.17,01:15:00,0.700133,0.700280,0.700035,0.700084,100.0000
2026.07.17,01:30:00,0.699986,0.699986,0.699545,0.699594,100.0000
2026.07.17,01:45:00,0.699496,0.699496,0.698373,0.698422,100.0000
2026.07.17,02:00:00,0.698470,0.698714,0.698422,0.698714,100.0000
2026.07.17,02:15:00,0.698714,0.698763,0.698568,0.698568,100.0000
2026.07.17,02:30:00,0.698617,0.698617,0.698227,0.698227,100.0000
2026.07.17,02:45:00,0.698422,0.698422,0.698080,0.698178,100.0000
2026.07.17,03:00:00,0.698275,0.698617,0.698227,0.698568,100.0000
2026.07.17,03:15:00,0.698665,0.698959,0.698665,0.698861,100.0000
2026.07.17,03:30:00,0.698861,0.698861,0.698422,0.698422,100.0000
2026.07.17,03:45:00,0.698422,0.698519,0.698324,0.698519,100.0000
2026.07.17,04:00:00,0.698373,0.698373,0.698227,0.698324,100.0000
2026.07.17,04:15:00,0.698275,0.698373,0.697983,0.697983,100.0000
2026.07.17,04:30:00,0.697934,0.698178,0.697934,0.698032,100.0000
2026.07.17,04:45:00,0.698178,0.698227,0.698080,0.698178,100.0000
2026.07.17,05:00:00,0.698129,0.698178,0.698032,0.698178,100.0000
2026.07.17,05:15:00,0.698227,0.698227,0.698032,0.698129,100.0000
2026.07.17,05:30:00,0.698227,0.698275,0.698178,0.698178,100.0000
2026.07.17,05:45:00,0.697983,0.698227,0.697983,0.697983,100.0000
2026.07.17,06:00:00,0.698227,0.698519,0.698129,0.698470,100.0000
2026.07.17,06:15:00,0.698665,0.699252,0.698665,0.699105,100.0000
2026.07.17,06:30:00,0.699203,0.699203,0.699007,0.699056,100.0000
2026.07.17,06:45:00,0.698959,0.698959,0.698714,0.698861,100.0000
2026.07.17,07:00:00,0.699007,0.699203,0.698910,0.698959,100.0000
2026.07.17,07:15:00,0.699105,0.699105,0.698812,0.699007,100.0000
2026.07.17,07:30:00,0.699154,0.699154,0.698714,0.698714,100.0000
2026.07.17,07:45:00,0.698910,0.699007,0.698617,0.698617,100.0000
2026.07.17,08:00:00,0.698763,0.698959,0.698519,0.698519,100.0000
2026.07.17,08:15:00,0.698275,0.698275,0.697837,0.697983,100.0000
2026.07.17,08:30:00,0.697934,0.697983,0.697545,0.697545,100.0000
2026.07.17,08:45:00,0.697691,0.697691,0.697496,0.697642,100.0000
2026.07.17,09:00:00,0.697447,0.697447,0.697107,0.697107,100.0000
2026.07.17,09:15:00,0.697204,0.697739,0.697204,0.697739,100.0000
2026.07.17,09:30:00,0.697642,0.697642,0.697253,0.697301,100.0000
2026.07.17,09:45:00,0.697301,0.697399,0.697253,0.697399,100.0000
2026.07.17,10:00:00,0.697350,0.697399,0.697253,0.697399,100.0000
2026.07.17,10:15:00,0.697496,0.697496,0.697204,0.697301,100.0000
2026.07.17,10:30:00,0.697399,0.697447,0.697350,0.697447,100.0000
2026.07.17,10:45:00,0.697447,0.697447,0.697204,0.697253,100.0000
2026.07.17,11:00:00,0.697204,0.697204,0.696961,0.697156,100.0000
2026.07.17,11:15:00,0.697156,0.697204,0.697010,0.697204,100.0000
2026.07.17,11:30:00,0.697301,0.697739,0.697301,0.697691,100.0000
2026.07.17,11:45:00,0.697691,0.697934,0.697691,0.697739,100.0000
2026.07.17,12:00:00,0.697837,0.697837,0.697642,0.697642,100.0000
2026.07.17,12:15:00,0.697691,0.697739,0.697447,0.697739,100.0000
2026.07.17,12:30:00,0.697691,0.697691,0.697399,0.697399,100.0000
2026.07.17,12:45:00,0.697350,0.697399,0.697156,0.697156,100.0000
2026.07.17,13:00:00,0.697204,0.697301,0.697010,0.697301,100.0000
2026.07.17,13:15:00,0.697301,0.697399,0.697156,0.697350,100.0000
2026.07.17,13:30:00,0.697301,0.697496,0.697301,0.697496,100.0000
2026.07.17,13:45:00,0.697253,0.698032,0.697253,0.698032,100.0000
2026.07.17,14:00:00,0.698178,0.698324,0.698080,0.698080,100.0000
2026.07.17,14:15:00,0.697983,0.698275,0.697983,0.698080,100.0000
2026.07.17,14:30:00,0.698227,0.698373,0.698032,0.698373,100.0000
2026.07.17,14:45:00,0.698470,0.698470,0.698324,0.698324,100.0000
2026.07.17,15:00:00,0.698227,0.698665,0.698227,0.698422,100.0000
2026.07.17,15:15:00,0.698324,0.698568,0.698275,0.698568,100.0000
2026.07.17,15:30:00,0.698763,0.698763,0.698373,0.698373,100.0000
2026.07.17,15:45:00,0.698373,0.698665,0.698373,0.698665,100.0000
2026.07.17,16:00:00,0.698519,0.698665,0.698178,0.698665,100.0000
2026.07.17,16:15:00,0.698812,0.698910,0.698714,0.698910,100.0000
2026.07.17,16:30:00,0.698763,0.698812,0.698617,0.698665,100.0000
2026.07.17,16:45:00,0.698714,0.698714,0.698568,0.698617,100.0000
2026.07.17,17:00:00,0.698665,0.698763,0.698519,0.698519,100.0000
2026.07.17,17:15:00,0.698519,0.698763,0.698519,0.698763,100.0000
2026.07.17,17:30:00,0.698665,0.698763,0.698519,0.698519,100.0000
2026.07.17,17:45:00,0.698470,0.698568,0.698422,0.698470,100.0000
2026.07.17,18:00:00,0.698373,0.698568,0.698373,0.698470,100.0000
2026.07.17,18:15:00,0.698519,0.698568,0.698470,0.698519,100.0000
2026.07.17,18:30:00,0.698617,0.698617,0.698324,0.698324,100.0000
2026.07.17,18:45:00,0.698373,0.698568,0.698373,0.698519,100.0000
2026.07.17,19:00:00,0.698422,0.698470,0.698373,0.698373,100.0000
2026.07.17,19:15:00,0.698324,0.698422,0.698227,0.698422,100.0000
2026.07.17,19:30:00,0.698422,0.698665,0.698373,0.698665,100.0000
2026.07.17,19:45:00,0.698665,0.698763,0.698568,0.698763,100.0000
2026.07.17,20:00:00,0.698617,0.698665,0.698568,0.698568,100.0000
2026.07.17,20:15:00,0.698519,0.698568,0.698275,0.698373,100.0000
2026.07.17,20:30:00,0.698422,0.698422,0.698227,0.698227,100.0000
2026.07.17,20:45:00,0.698227,0.698422,0.698227,0.698422,100.0000
2026.07.17,21:00:00,0.698470,0.698470,0.698470,0.698470,100.0000
2026.07.17,21:15:00,0.698470,0.698470,0.698470,0.698470,100.0000
2026.07.19,23:00:00,0.697788,0.697983,0.697739,0.697934,100.0000
2026.07.19,23:15:00,0.697934,0.697934,0.697788,0.697885,100.0000
2026.07.19,23:30:00,0.697934,0.698080,0.697691,0.698080,100.0000
2026.07.19,23:45:00,0.697934,0.697983,0.697837,0.697983,100.0000
2026.07.20,00:00:00,0.698080,0.698470,0.697788,0.698470,100.0000
2026.07.20,00:15:00,0.698665,0.698763,0.698665,0.698714,100.0000
2026.07.20,00:30:00,0.698665,0.698763,0.698519,0.698763,100.0000
2026.07.20,00:45:00,0.698568,0.698714,0.698568,0.698617,100.0000
2026.07.20,01:00:00,0.698812,0.699105,0.698812,0.698812,100.0000
2026.07.20,01:15:00,0.698861,0.699007,0.698763,0.698959,100.0000
2026.07.20,01:30:00,0.699007,0.699056,0.698763,0.698763,100.0000
2026.07.20,01:45:00,0.698959,0.699007,0.698910,0.699007,100.0000
2026.07.20,02:00:00,0.699056,0.699399,0.699056,0.699301,100.0000
2026.07.20,02:15:00,0.699301,0.699301,0.699056,0.699203,100.0000
2026.07.20,02:30:00,0.699105,0.699692,0.699105,0.699692,100.0000
2026.07.20,02:45:00,0.699643,0.699643,0.699545,0.699545,100.0000
2026.07.20,03:00:00,0.699496,0.699496,0.699252,0.699301,100.0000
2026.07.20,03:15:00,0.699350,0.699496,0.699350,0.699399,100.0000
2026.07.20,03:30:00,0.699496,0.699643,0.699399,0.699643,100.0000
2026.07.20,03:45:00,0.699594,0.699741,0.699594,0.699594,100.0000
2026.07.20,04:00:00,0.699643,0.699741,0.699594,0.699741,100.0000
2026.07.20,04:15:00,0.699741,0.700035,0.699741,0.700035,100.0000
2026.07.20,04:30:00,0.699986,0.700133,0.699986,0.700133,100.0000
2026.07.20,04:45:00,0.700084,0.700084,0.699937,0.699937,100.0000
2026.07.20,05:00:00,0.699937,0.699937,0.699447,0.699545,100.0000
2026.07.20,05:15:00,0.699594,0.699594,0.699496,0.699545,100.0000
2026.07.20,05:30:00,0.699447,0.699545,0.699399,0.699447,100.0000
2026.07.20,05:45:00,0.699350,0.699496,0.699350,0.699350,100.0000
2026.07.20,06:00:00,0.699301,0.699399,0.699007,0.699007,100.0000
2026.07.20,06:15:00,0.699154,0.699154,0.698861,0.698959,100.0000
2026.07.20,06:30:00,0.698910,0.699301,0.698861,0.699252,100.0000
2026.07.20,06:45:00,0.699399,0.699496,0.699301,0.699301,100.0000
2026.07.20,07:00:00,0.699203,0.699496,0.699203,0.699252,100.0000
2026.07.20,07:15:00,0.699203,0.699839,0.699203,0.699839,100.0000
2026.07.20,07:30:00,0.700133,0.700624,0.700133,0.700624,100.0000
2026.07.20,07:45:00,0.700722,0.700722,0.700231,0.700378,100.0000
2026.07.20,08:00:00,0.700329,0.700476,0.700329,0.700427,100.0000
2026.07.20,08:15:00,0.700427,0.700427,0.700182,0.700182,100.0000
2026.07.20,08:30:00,0.700084,0.700280,0.700035,0.700182,100.0000
2026.07.20,08:45:00,0.700133,0.700231,0.700133,0.700231,100.0000
2026.07.20,09:00:00,0.700231,0.700231,0.699937,0.700035,100.0000
2026.07.20,09:15:00,0.700084,0.700182,0.700035,0.700035,100.0000
2026.07.20,09:30:00,0.699986,0.700182,0.699986,0.700182,100.0000
2026.07.20,09:45:00,0.700084,0.700133,0.699937,0.700084,100.0000
2026.07.20,10:00:00,0.700084,0.700476,0.700084,0.700476,100.0000
2026.07.20,10:15:00,0.700525,0.700918,0.700525,0.700918,100.0000
2026.07.20,10:30:00,0.700820,0.701016,0.700820,0.700967,100.0000
2026.07.20,10:45:00,0.700967,0.701016,0.700918,0.700967,100.0000
2026.07.20,11:00:00,0.700967,0.701016,0.700771,0.700820,100.0000
2026.07.20,11:15:00,0.700869,0.701066,0.700869,0.701016,100.0000
2026.07.20,11:30:00,0.701410,0.701607,0.701361,0.701361,100.0000
2026.07.20,11:45:00,0.701410,0.701410,0.701164,0.701164,100.0000
2026.07.20,12:00:00,0.701115,0.701164,0.700673,0.700673,100.0000
2026.07.20,12:15:00,0.700624,0.700624,0.700427,0.700624,100.0000
2026.07.20,12:30:00,0.700525,0.700722,0.700476,0.700476,100.0000
2026.07.20,12:45:00,0.700427,0.700771,0.700427,0.700771,100.0000
2026.07.20,13:00:00,0.700722,0.700771,0.700624,0.700673,100.0000
2026.07.20,13:15:00,0.700673,0.700918,0.700673,0.700869,100.0000
2026.07.20,13:30:00,0.700869,0.701311,0.700869,0.701115,100.0000
2026.07.20,13:45:00,0.700918,0.701311,0.700918,0.701311,100.0000
2026.07.20,14:00:00,0.701311,0.701459,0.701066,0.701262,100.0000
2026.07.20,14:15:00,0.701557,0.701607,0.701311,0.701607,100.0000
2026.07.20,14:30:00,0.701557,0.701557,0.701016,0.701016,100.0000
2026.07.20,14:45:00,0.701016,0.701115,0.700280,0.700280,100.0000
2026.07.20,15:00:00,0.700133,0.700427,0.700133,0.700182,100.0000
2026.07.20,15:15:00,0.700133,0.700476,0.700133,0.700476,100.0000
2026.07.20,15:30:00,0.700525,0.700525,0.700231,0.700231,100.0000
2026.07.20,15:45:00,0.700231,0.700574,0.700231,0.700574,100.0000
2026.07.20,16:00:00,0.700574,0.700918,0.700574,0.700918,100.0000
2026.07.20,16:15:00,0.700918,0.700967,0.700673,0.700673,100.0000
2026.07.20,16:30:00,0.700771,0.700771,0.700525,0.700525,100.0000
2026.07.20,16:45:00,0.700427,0.700624,0.700427,0.700624,100.0000
2026.07.20,17:00:00,0.700624,0.700673,0.700427,0.700427,100.0000
2026.07.20,17:15:00,0.700427,0.700722,0.700427,0.700673,100.0000
2026.07.20,17:30:00,0.700673,0.700722,0.700476,0.700476,100.0000
2026.07.20,17:45:00,0.700574,0.700673,0.700574,0.700624,100.0000
2026.07.20,18:00:00,0.700624,0.700820,0.700624,0.700820,100.0000
2026.07.20,18:15:00,0.700967,0.700967,0.700624,0.700673,100.0000
2026.07.20,18:30:00,0.700624,0.700624,0.700378,0.700378,100.0000
2026.07.20,18:45:00,0.700329,0.700476,0.700329,0.700378,100.0000
2026.07.20,19:00:00,0.700525,0.700525,0.700182,0.700182,100.0000
2026.07.20,19:15:00,0.700182,0.700231,0.700133,0.700182,100.0000
2026.07.20,19:30:00,0.700427,0.700476,0.700329,0.700329,100.0000
2026.07.20,19:45:00,0.700280,0.700378,0.700182,0.700280,100.0000
2026.07.20,20:00:00,0.700329,0.700329,0.699986,0.700035,100.0000
2026.07.20,20:15:00,0.699986,0.700035,0.699888,0.700035,100.0000
2026.07.20,20:30:00,0.700035,0.700035,0.700035,0.700035,100.0000
2026.07.20,20:45:00,0.700035,0.700133,0.699986,0.700133,100.0000
2026.07.20,21:00:00,0.700035,0.700084,0.699790,0.700035,100.0000
2026.07.20,21:15:00,0.700084,0.700133,0.699741,0.699888,100.0000
2026.07.20,21:30:00,0.700035,0.700525,0.699839,0.699839,100.0000
2026.07.20,21:45:00,0.699790,0.699839,0.699692,0.699692,100.0000
2026.07.20,22:00:00,0.699937,0.699937,0.699692,0.699692,100.0000
2026.07.20,22:15:00,0.699643,0.699692,0.699643,0.699643,100.0000
2026.07.20,22:30:00,0.699692,0.699692,0.699594,0.699643,100.0000
2026.07.20,22:45:00,0.699643,0.699741,0.699643,0.699692,100.0000
2026.07.20,23:00:00,0.699741,0.700084,0.699741,0.700035,100.0000
2026.07.20,23:15:00,0.700084,0.700182,0.700084,0.700084,100.0000
2026.07.20,23:30:00,0.700084,0.700231,0.700084,0.700231,100.0000
2026.07.20,23:45:00,0.700231,0.700280,0.700084,0.700280,100.0000
2026.07.21,00:00:00,0.700280,0.700280,0.699986,0.700182,100.0000
2026.07.21,00:15:00,0.700133,0.700280,0.700084,0.700231,100.0000
2026.07.21,00:30:00,0.700231,0.700525,0.700231,0.700525,100.0000
2026.07.21,00:45:00,0.700574,0.700820,0.700574,0.700624,100.0000
2026.07.21,01:00:00,0.700427,0.700771,0.700378,0.700722,100.0000
2026.07.21,01:15:00,0.700722,0.700771,0.700624,0.700673,100.0000
2026.07.21,01:30:00,0.700918,0.700918,0.700722,0.700918,100.0000
2026.07.21,01:45:00,0.700820,0.700918,0.700771,0.700771,100.0000
2026.07.21,02:00:00,0.700820,0.701164,0.700820,0.701115,100.0000
2026.07.21,02:15:00,0.701016,0.701164,0.700869,0.700869,100.0000
2026.07.21,02:30:00,0.700722,0.701164,0.700722,0.700967,100.0000
2026.07.21,02:45:00,0.701016,0.701066,0.700869,0.700967,100.0000
2026.07.21,03:00:00,0.701016,0.701016,0.700722,0.700771,100.0000
2026.07.21,03:15:00,0.700820,0.700869,0.700722,0.700771,100.0000
2026.07.21,03:30:00,0.700771,0.700918,0.700722,0.700722,100.0000
2026.07.21,03:45:00,0.700771,0.700967,0.700722,0.700722,100.0000
2026.07.21,04:00:00,0.700722,0.700918,0.700722,0.700918,100.0000
2026.07.21,04:15:00,0.700869,0.700869,0.700673,0.700673,100.0000
2026.07.21,04:30:00,0.700624,0.700967,0.700624,0.700918,100.0000
2026.07.21,04:45:00,0.700918,0.700967,0.700869,0.700967,100.0000
2026.07.21,05:00:00,0.701016,0.701164,0.700967,0.700967,100.0000
2026.07.21,05:15:00,0.700918,0.701115,0.700869,0.701115,100.0000
2026.07.21,05:30:00,0.701164,0.701311,0.701115,0.701311,100.0000
2026.07.21,05:45:00,0.701164,0.701262,0.701066,0.701066,100.0000
2026.07.21,06:00:00,0.701164,0.701410,0.701164,0.701262,100.0000
2026.07.21,06:15:00,0.701164,0.701459,0.701164,0.701410,100.0000
2026.07.21,06:30:00,0.701459,0.701656,0.701410,0.701656,100.0000
2026.07.21,06:45:00,0.701607,0.702050,0.701607,0.702050,100.0000
2026.07.21,07:00:00,0.702099,0.702494,0.702099,0.702198,100.0000
2026.07.21,07:15:00,0.702149,0.702247,0.702050,0.702050,100.0000
2026.07.21,07:30:00,0.701951,0.702198,0.701951,0.702001,100.0000
2026.07.21,07:45:00,0.702001,0.702247,0.702001,0.702247,100.0000
2026.07.21,08:00:00,0.702149,0.702395,0.702149,0.702395,100.0000
2026.07.21,08:15:00,0.702296,0.702494,0.702296,0.702445,100.0000
2026.07.21,08:30:00,0.702247,0.702395,0.702149,0.702395,100.0000
2026.07.21,08:45:00,0.702346,0.702494,0.702296,0.702494,100.0000
2026.07.21,09:00:00,0.702445,0.702543,0.702445,0.702494,100.0000
2026.07.21,09:15:00,0.702593,0.702839,0.702543,0.702543,100.0000
2026.07.21,09:30:00,0.702543,0.702790,0.702543,0.702691,100.0000
2026.07.21,09:45:00,0.702642,0.702741,0.702593,0.702593,100.0000
2026.07.21,10:00:00,0.702642,0.702790,0.702593,0.702691,100.0000
2026.07.21,10:15:00,0.702790,0.702889,0.702790,0.702889,100.0000
2026.07.21,10:30:00,0.702790,0.702790,0.702445,0.702494,100.0000
2026.07.21,10:45:00,0.702247,0.702296,0.702099,0.702198,100.0000
2026.07.21,11:00:00,0.702198,0.702198,0.701853,0.701902,100.0000
2026.07.21,11:15:00,0.702001,0.702050,0.701804,0.701902,100.0000
2026.07.21,11:30:00,0.701951,0.702099,0.701951,0.702099,100.0000
2026.07.21,11:45:00,0.702050,0.702099,0.701853,0.701951,100.0000
2026.07.21,12:00:00,0.702099,0.702099,0.701705,0.701705,100.0000
2026.07.21,12:15:00,0.701607,0.701705,0.701410,0.701410,100.0000
2026.07.21,12:30:00,0.701508,0.701705,0.701508,0.701508,100.0000
2026.07.21,12:45:00,0.701607,0.701853,0.701607,0.701853,100.0000
2026.07.21,13:00:00,0.701853,0.701902,0.701705,0.701902,100.0000
2026.07.21,13:15:00,0.701754,0.701754,0.701213,0.701213,100.0000
2026.07.21,13:30:00,0.701164,0.701262,0.700574,0.700574,100.0000
2026.07.21,13:45:00,0.700624,0.700967,0.700624,0.700771,100.0000
2026.07.21,14:00:00,0.700869,0.701410,0.700869,0.701410,100.0000
2026.07.21,14:15:00,0.701213,0.701311,0.701164,0.701262,100.0000
2026.07.21,14:30:00,0.701213,0.701213,0.700869,0.701016,100.0000
2026.07.21,14:45:00,0.700918,0.700918,0.700574,0.700673,100.0000
2026.07.21,15:00:00,0.700673,0.700869,0.700673,0.700820,100.0000
2026.07.21,15:15:00,0.700967,0.701311,0.700967,0.701311,100.0000
2026.07.21,15:30:00,0.701213,0.701459,0.701164,0.701164,100.0000
2026.07.21,15:45:00,0.701066,0.701066,0.700918,0.700967,100.0000
2026.07.21,16:00:00,0.700967,0.701016,0.700918,0.700918,100.0000
2026.07.21,16:15:00,0.700918,0.700918,0.700722,0.700722,100.0000
2026.07.21,16:30:00,0.700574,0.700820,0.700574,0.700820,100.0000
2026.07.21,16:45:00,0.700820,0.700967,0.700820,0.700967,100.0000
2026.07.21,17:00:00,0.700967,0.701016,0.700820,0.700967,100.0000
2026.07.21,17:15:00,0.700918,0.700967,0.700869,0.700967,100.0000
2026.07.21,17:30:00,0.701016,0.701016,0.700771,0.700869,100.0000
2026.07.21,17:45:00,0.700771,0.700869,0.700771,0.700820,100.0000
2026.07.21,18:00:00,0.700820,0.700820,0.700525,0.700673,100.0000
2026.07.21,18:15:00,0.700624,0.700673,0.700525,0.700673,100.0000
2026.07.21,18:30:00,0.700771,0.700771,0.700574,0.700722,100.0000
2026.07.21,18:45:00,0.700722,0.700771,0.700722,0.700722,100.0000
2026.07.21,19:00:00,0.700820,0.700820,0.700722,0.700722,100.0000
2026.07.21,19:15:00,0.700820,0.700820,0.700771,0.700771,100.0000
2026.07.21,19:30:00,0.700673,0.700673,0.700378,0.700378,100.0000
2026.07.21,19:45:00,0.700329,0.700476,0.700329,0.700476,100.0000
2026.07.21,20:00:00,0.700574,0.700574,0.700280,0.700280,100.0000
2026.07.21,20:15:00,0.700084,0.700182,0.700035,0.700182,100.0000
2026.07.21,20:30:00,0.700231,0.700231,0.700084,0.700084,100.0000
2026.07.21,20:45:00,0.700133,0.700182,0.700035,0.700035,100.0000
2026.07.21,21:00:00,0.700084,0.700378,0.700084,0.700280,100.0000
2026.07.21,21:15:00,0.700280,0.700427,0.700280,0.700427,100.0000
2026.07.21,21:30:00,0.700378,0.700427,0.700231,0.700231,100.0000
2026.07.21,21:45:00,0.700329,0.700329,0.700280,0.700329,100.0000
2026.07.21,22:00:00,0.700133,0.700182,0.700133,0.700133,100.0000
2026.07.21,22:15:00,0.700133,0.700231,0.700133,0.700231,100.0000
2026.07.21,22:30:00,0.700182,0.700182,0.700133,0.700133,100.0000
2026.07.21,22:45:00,0.700035,0.700084,0.699986,0.700035,100.0000
2026.07.21,23:00:00,0.699986,0.700084,0.699986,0.700035,100.0000
2026.07.21,23:15:00,0.700133,0.700133,0.699986,0.699986,100.0000
2026.07.21,23:30:00,0.699986,0.700084,0.699986,0.700084,100.0000
2026.07.21,23:45:00,0.700084,0.700182,0.700035,0.700182,100.0000
2026.07.22,00:00:00,0.700133,0.700427,0.700133,0.700427,100.0000
2026.07.22,00:15:00,0.700427,0.700673,0.700427,0.700673,100.0000
2026.07.22,00:30:00,0.700673,0.700673,0.700378,0.700427,100.0000
2026.07.22,00:45:00,0.700427,0.700967,0.700427,0.700967,100.0000
2026.07.22,01:00:00,0.701361,0.701459,0.701311,0.701311,100.0000
2026.07.22,01:15:00,0.701115,0.701115,0.700820,0.700820,100.0000
2026.07.22,01:30:00,0.700722,0.700722,0.700574,0.700673,100.0000
2026.07.22,01:45:00,0.700918,0.700967,0.700869,0.700869,100.0000
2026.07.22,02:00:00,0.700722,0.700722,0.700378,0.700525,100.0000
2026.07.22,02:15:00,0.700525,0.700967,0.700525,0.700967,100.0000
2026.07.22,02:30:00,0.700869,0.701016,0.700574,0.700673,100.0000
2026.07.22,02:45:00,0.700722,0.700820,0.700624,0.700624,100.0000
2026.07.22,03:00:00,0.700673,0.700673,0.700280,0.700280,100.0000
2026.07.22,03:15:00,0.700427,0.700722,0.700427,0.700722,100.0000
2026.07.22,03:30:00,0.700820,0.700820,0.700329,0.700329,100.0000
2026.07.22,03:45:00,0.700378,0.700378,0.700084,0.700133,100.0000
2026.07.22,04:00:00,0.700133,0.700133,0.699937,0.699986,100.0000
2026.07.22,04:15:00,0.700133,0.700133,0.700035,0.700133,100.0000
2026.07.22,04:30:00,0.700133,0.700280,0.700133,0.700280,100.0000
2026.07.22,04:45:00,0.700231,0.700231,0.700035,0.700084,100.0000
2026.07.22,05:00:00,0.700182,0.700182,0.700084,0.700133,100.0000
2026.07.22,05:15:00,0.700084,0.700182,0.700084,0.700084,100.0000
2026.07.22,05:30:00,0.699986,0.699986,0.699741,0.699741,100.0000
2026.07.22,05:45:00,0.699643,0.699937,0.699643,0.699790,100.0000
2026.07.22,06:00:00,0.700035,0.700182,0.700035,0.700084,100.0000
2026.07.22,06:15:00,0.699986,0.699986,0.699447,0.699447,100.0000
2026.07.22,06:30:00,0.699252,0.699741,0.699252,0.699692,100.0000
2026.07.22,06:45:00,0.699741,0.699790,0.699594,0.699790,100.0000
2026.07.22,07:00:00,0.699790,0.699986,0.699741,0.699986,100.0000
2026.07.22,07:15:00,0.700182,0.700476,0.700182,0.700378,100.0000
2026.07.22,07:30:00,0.700624,0.700673,0.699839,0.699888,100.0000
2026.07.22,07:45:00,0.699741,0.700035,0.699741,0.699986,100.0000
2026.07.22,08:00:00,0.699741,0.699741,0.699496,0.699545,100.0000
2026.07.22,08:15:00,0.699545,0.699741,0.699545,0.699692,100.0000
2026.07.22,08:30:00,0.699937,0.700084,0.699937,0.700084,100.0000
2026.07.22,08:45:00,0.700133,0.700133,0.699888,0.700035,100.0000
2026.07.22,09:00:00,0.699937,0.700084,0.699937,0.700035,100.0000
2026.07.22,09:15:00,0.699986,0.700084,0.699937,0.699986,100.0000
2026.07.22,09:30:00,0.700035,0.700084,0.699643,0.699692,100.0000
2026.07.22,09:45:00,0.699643,0.699692,0.699496,0.699594,100.0000
2026.07.22,10:00:00,0.699643,0.699741,0.699399,0.699545,100.0000
2026.07.22,10:15:00,0.699496,0.699741,0.699496,0.699692,100.0000
2026.07.22,10:30:00,0.699643,0.699643,0.699545,0.699643,100.0000
2026.07.22,10:45:00,0.699643,0.699741,0.699594,0.699594,100.0000
2026.07.22,11:00:00,0.699496,0.699643,0.699496,0.699545,100.0000
2026.07.22,11:15:00,0.699594,0.699594,0.699399,0.699399,100.0000
2026.07.22,11:30:00,0.699399,0.699594,0.699350,0.699350,100.0000
2026.07.22,11:45:00,0.699252,0.699643,0.699252,0.699643,100.0000
2026.07.22,12:00:00,0.699692,0.699741,0.699594,0.699692,100.0000
2026.07.22,12:15:00,0.699692,0.699692,0.699545,0.699545,100.0000
2026.07.22,12:30:00,0.699692,0.699741,0.699399,0.699399,100.0000
2026.07.22,12:45:00,0.699301,0.699301,0.698763,0.698812,100.0000
2026.07.22,13:00:00,0.698812,0.699252,0.698812,0.699203,100.0000
2026.07.22,13:15:00,0.699154,0.699790,0.699154,0.699692,100.0000
2026.07.22,13:30:00,0.699741,0.700133,0.699741,0.700133,100.0000
2026.07.22,13:45:00,0.700035,0.700035,0.699643,0.699692,100.0000
2026.07.22,14:00:00,0.699790,0.699888,0.699594,0.699888,100.0000
2026.07.22,14:15:00,0.699839,0.699888,0.699594,0.699643,100.0000
2026.07.22,14:30:00,0.699545,0.699937,0.699545,0.699937,100.0000
2026.07.22,14:45:00,0.699937,0.700133,0.699790,0.699888,100.0000
2026.07.22,15:00:00,0.699839,0.700084,0.699839,0.699986,100.0000
2026.07.22,15:15:00,0.699888,0.700084,0.699790,0.699986,100.0000
2026.07.22,15:30:00,0.700035,0.700084,0.699986,0.700035,100.0000
2026.07.22,15:45:00,0.700035,0.700182,0.700035,0.700182,100.0000
2026.07.22,16:00:00,0.700280,0.700280,0.699937,0.699986,100.0000
2026.07.22,16:15:00,0.699937,0.699937,0.699692,0.699741,100.0000
2026.07.22,16:30:00,0.699790,0.699839,0.699643,0.699643,100.0000
2026.07.22,16:45:00,0.699643,0.699839,0.699643,0.699839,100.0000
2026.07.22,17:00:00,0.699839,0.699839,0.699741,0.699741,100.0000
2026.07.22,17:15:00,0.699790,0.699839,0.699741,0.699790,100.0000
2026.07.22,17:30:00,0.699741,0.699790,0.699496,0.699545,100.0000
2026.07.22,17:45:00,0.699643,0.699643,0.699496,0.699545,100.0000
2026.07.22,18:00:00,0.699496,0.699496,0.699350,0.699350,100.0000
2026.07.22,18:15:00,0.699350,0.699643,0.699350,0.699643,100.0000
2026.07.22,18:30:00,0.699545,0.699692,0.699545,0.699643,100.0000
2026.07.22,18:45:00,0.699643,0.699741,0.699643,0.699741,100.0000
2026.07.22,19:00:00,0.699741,0.699741,0.699594,0.699594,100.0000
2026.07.22,19:15:00,0.699594,0.699741,0.699594,0.699741,100.0000
2026.07.22,19:30:00,0.699692,0.699692,0.699643,0.699692,100.0000
2026.07.22,19:45:00,0.699741,0.699790,0.699545,0.699790,100.0000
2026.07.22,20:00:00,0.699839,0.700035,0.699839,0.700035,100.0000
2026.07.22,20:15:00,0.700035,0.700035,0.699986,0.699986,100.0000
2026.07.22,20:30:00,0.700035,0.700035,0.699888,0.699888,100.0000
2026.07.22,20:45:00,0.699888,0.699986,0.699839,0.699986,100.0000
2026.07.22,21:00:00,0.699741,0.699986,0.699741,0.699937,100.0000
2026.07.22,21:15:00,0.699643,0.699643,0.699545,0.699545,100.0000
2026.07.22,21:30:00,0.699545,0.699692,0.699447,0.699496,100.0000
2026.07.22,21:45:00,0.699447,0.699545,0.699154,0.699447,100.0000
2026.07.22,22:00:00,0.699496,0.699496,0.699154,0.699154,100.0000
2026.07.22,22:15:00,0.699154,0.699154,0.699105,0.699105,100.0000
2026.07.22,22:30:00,0.699056,0.699154,0.698959,0.698959,100.0000
2026.07.22,22:45:00,0.698959,0.699105,0.698959,0.699056,100.0000
2026.07.22,23:00:00,0.699154,0.699203,0.699105,0.699203,100.0000
2026.07.22,23:15:00,0.699203,0.699301,0.699203,0.699203,100.0000
2026.07.22,23:30:00,0.699252,0.699301,0.699154,0.699203,100.0000
2026.07.22,23:45:00,0.699154,0.699203,0.699105,0.699203,100.0000
2026.07.23,00:00:00,0.699154,0.699399,0.699154,0.699154,100.0000
2026.07.23,00:15:00,0.699105,0.699496,0.699105,0.699496,100.0000
2026.07.23,00:30:00,0.699350,0.699399,0.699350,0.699399,100.0000
2026.07.23,00:45:00,0.699447,0.699594,0.699301,0.699594,100.0000
2026.07.23,01:00:00,0.699692,0.699986,0.699692,0.699986,100.0000
2026.07.23,01:15:00,0.699986,0.700035,0.699888,0.699986,100.0000
2026.07.23,01:30:00,0.700918,0.702198,0.700525,0.701902,100.0000
2026.07.23,01:45:00,0.702001,0.702001,0.701361,0.701361,100.0000
2026.07.23,02:00:00,0.701361,0.701804,0.701361,0.701607,100.0000
2026.07.23,02:15:00,0.701557,0.701557,0.701262,0.701262,100.0000
2026.07.23,02:30:00,0.701410,0.701804,0.701410,0.701804,100.0000
2026.07.23,02:45:00,0.701951,0.701951,0.701754,0.701853,100.0000
2026.07.23,03:00:00,0.701853,0.701853,0.701459,0.701459,100.0000
2026.07.23,03:15:00,0.701508,0.701853,0.701508,0.701754,100.0000
2026.07.23,03:30:00,0.701804,0.702001,0.701754,0.702001,100.0000
2026.07.23,03:45:00,0.702050,0.702099,0.701902,0.702050,100.0000
2026.07.23,04:00:00,0.702001,0.702296,0.702001,0.702296,100.0000
2026.07.23,04:15:00,0.702346,0.702346,0.702050,0.702149,100.0000
2026.07.23,04:30:00,0.702198,0.702198,0.701902,0.701902,100.0000
2026.07.23,04:45:00,0.701902,0.701902,0.701607,0.701705,100.0000
2026.07.23,05:00:00,0.701754,0.701902,0.701705,0.701804,100.0000
2026.07.23,05:15:00,0.701607,0.701656,0.701508,0.701656,100.0000
2026.07.23,05:30:00,0.701705,0.701705,0.701508,0.701508,100.0000
2026.07.23,05:45:00,0.701557,0.701557,0.701459,0.701508,100.0000
2026.07.23,06:00:00,0.701557,0.701705,0.701508,0.701508,100.0000
2026.07.23,06:15:00,0.701508,0.701607,0.701508,0.701508,100.0000
2026.07.23,06:30:00,0.701557,0.701557,0.701361,0.701459,100.0000
2026.07.23,06:45:00,0.701410,0.701508,0.700967,0.700967,100.0000
2026.07.23,07:00:00,0.700722,0.700771,0.700476,0.700771,100.0000
2026.07.23,07:15:00,0.701016,0.701115,0.700918,0.700918,100.0000
2026.07.23,07:30:00,0.700918,0.700918,0.700182,0.700182,100.0000
2026.07.23,07:45:00,0.700084,0.700525,0.700084,0.700525,100.0000
2026.07.23,08:00:00,0.700624,0.700673,0.700280,0.700280,100.0000
2026.07.23,08:15:00,0.700084,0.700280,0.700084,0.700133,100.0000
2026.07.23,08:30:00,0.700182,0.700231,0.700035,0.700231,100.0000
2026.07.23,08:45:00,0.700280,0.700427,0.700231,0.700427,100.0000
2026.07.23,09:00:00,0.700280,0.700820,0.700280,0.700427,100.0000
2026.07.23,09:15:00,0.700329,0.700427,0.700182,0.700182,100.0000
2026.07.23,09:30:00,0.700133,0.700427,0.700084,0.700427,100.0000
2026.07.23,09:45:00,0.700329,0.700329,0.700182,0.700182,100.0000
2026.07.23,10:00:00,0.700084,0.700133,0.699839,0.699986,100.0000
2026.07.23,10:15:00,0.699937,0.699986,0.699888,0.699986,100.0000
2026.07.23,10:30:00,0.700133,0.700133,0.699986,0.700084,100.0000
2026.07.23,10:45:00,0.699888,0.700182,0.699888,0.700084,100.0000
2026.07.23,11:00:00,0.699986,0.700084,0.699888,0.700035,100.0000
2026.07.23,11:15:00,0.699937,0.699937,0.699741,0.699741,100.0000
2026.07.23,11:30:00,0.699839,0.699839,0.698861,0.698910,100.0000
2026.07.23,11:45:00,0.699105,0.699594,0.699105,0.699545,100.0000
2026.07.23,12:00:00,0.699496,0.699643,0.699399,0.699399,100.0000
2026.07.23,12:15:00,0.699252,0.699252,0.698519,0.698568,100.0000
2026.07.23,12:30:00,0.698470,0.698519,0.697885,0.697934,100.0000
2026.07.23,12:45:00,0.697837,0.698178,0.697837,0.698178,100.0000
2026.07.23,13:00:00,0.698129,0.698129,0.697107,0.697107,100.0000
2026.07.23,13:15:00,0.697204,0.697545,0.697204,0.697447,100.0000
2026.07.23,13:30:00,0.697642,0.698470,0.697642,0.698227,100.0000
2026.07.23,13:45:00,0.697983,0.697983,0.697691,0.697691,100.0000
2026.07.23,14:00:00,0.697642,0.697788,0.697399,0.697788,100.0000
2026.07.23,14:15:00,0.697739,0.697885,0.697447,0.697885,100.0000
2026.07.23,14:30:00,0.697934,0.698080,0.697593,0.697593,100.0000
2026.07.23,14:45:00,0.697642,0.697642,0.697204,0.697496,100.0000
2026.07.23,15:00:00,0.697496,0.697691,0.697447,0.697496,100.0000
2026.07.23,15:15:00,0.697739,0.697739,0.697253,0.697350,100.0000
2026.07.23,15:30:00,0.697010,0.697691,0.696816,0.697545,100.0000
2026.07.23,15:45:00,0.697496,0.697788,0.697447,0.697593,100.0000
2026.07.23,16:00:00,0.697642,0.698032,0.697642,0.698032,100.0000
2026.07.23,16:15:00,0.697983,0.697983,0.697837,0.697837,100.0000
2026.07.23,16:30:00,0.697934,0.697934,0.697837,0.697934,100.0000
2026.07.23,16:45:00,0.697885,0.698032,0.697885,0.698032,100.0000
2026.07.23,17:00:00,0.697983,0.697983,0.697739,0.697739,100.0000
2026.07.23,17:15:00,0.697739,0.697885,0.697691,0.697691,100.0000
2026.07.23,17:30:00,0.697642,0.697642,0.697350,0.697350,100.0000
2026.07.23,17:45:00,0.697350,0.697447,0.697204,0.697204,100.0000
2026.07.23,18:00:00,0.697204,0.697204,0.697156,0.697204,100.0000
2026.07.23,18:15:00,0.697156,0.697156,0.696913,0.697010,100.0000
2026.07.23,18:30:00,0.697010,0.697058,0.696864,0.696864,100.0000
2026.07.23,18:45:00,0.696913,0.696961,0.696718,0.696718,100.0000
2026.07.23,19:00:00,0.696961,0.696961,0.696621,0.696621,100.0000
2026.07.23,19:15:00,0.696670,0.696670,0.696476,0.696670,100.0000
2026.07.23,19:30:00,0.696816,0.696816,0.696621,0.696621,100.0000
2026.07.23,19:45:00,0.696524,0.696864,0.696524,0.696864,100.0000
2026.07.23,20:00:00,0.696961,0.697058,0.696961,0.696961,100.0000
2026.07.23,20:15:00,0.696961,0.697010,0.696913,0.697010,100.0000
2026.07.23,20:30:00,0.697058,0.697156,0.696913,0.696961,100.0000
2026.07.23,20:45:00,0.697058,0.697058,0.696961,0.697010,100.0000
2026.07.23,21:00:00,0.696961,0.697204,0.696864,0.697204,100.0000
2026.07.23,21:15:00,0.697156,0.697350,0.697156,0.697350,100.0000
2026.07.23,21:30:00,0.697350,0.697350,0.696913,0.696913,100.0000
2026.07.23,21:45:00,0.696816,0.697350,0.696767,0.697301,100.0000
2026.07.23,22:00:00,0.697010,0.697010,0.696961,0.696961,100.0000
2026.07.23,22:15:00,0.696961,0.697058,0.696961,0.697010,100.0000
2026.07.23,22:30:00,0.697010,0.697010,0.697010,0.697010,100.0000
2026.07.23,22:45:00,0.697010,0.697107,0.697010,0.697107,100.0000
2026.07.23,23:00:00,0.697107,0.697107,0.697010,0.697010,100.0000
2026.07.23,23:15:00,0.697010,0.697107,0.697010,0.697107,100.0000
2026.07.23,23:30:00,0.697156,0.697204,0.697010,0.697058,100.0000
2026.07.23,23:45:00,0.697156,0.697156,0.696864,0.696913,100.0000
2026.07.24,00:00:00,0.696961,0.697253,0.696961,0.697204,100.0000
2026.07.24,00:15:00,0.697058,0.697253,0.697010,0.697156,100.0000
2026.07.24,00:30:00,0.697058,0.697350,0.697058,0.697350,100.0000
2026.07.24,00:45:00,0.697399,0.697837,0.697399,0.697837,100.0000
2026.07.24,01:00:00,0.697885,0.697885,0.697593,0.697739,100.0000
2026.07.24,01:15:00,0.697593,0.697691,0.697545,0.697593,100.0000
2026.07.24,01:30:00,0.697496,0.698227,0.697496,0.698227,100.0000
2026.07.24,01:45:00,0.698178,0.698178,0.697739,0.697739,100.0000
2026.07.24,02:00:00,0.697788,0.697983,0.697691,0.697983,100.0000
2026.07.24,02:15:00,0.697983,0.698178,0.697983,0.698178,100.0000
2026.07.24,02:30:00,0.698129,0.698227,0.697983,0.697983,100.0000
2026.07.24,02:45:00,0.697934,0.697934,0.697691,0.697788,100.0000
2026.07.24,03:00:00,0.697593,0.697885,0.697593,0.697885,100.0000
2026.07.24,03:15:00,0.697885,0.697885,0.697593,0.697739,100.0000
2026.07.24,03:30:00,0.697739,0.697788,0.697642,0.697642,100.0000
2026.07.24,03:45:00,0.697593,0.697691,0.697593,0.697642,100.0000
2026.07.24,04:00:00,0.697691,0.697885,0.697691,0.697837,100.0000
2026.07.24,04:15:00,0.697885,0.697934,0.697788,0.697837,100.0000
2026.07.24,04:30:00,0.697788,0.697788,0.697447,0.697447,100.0000
2026.07.24,04:45:00,0.697496,0.697545,0.697399,0.697496,100.0000
2026.07.24,05:00:00,0.697593,0.697934,0.697545,0.697934,100.0000
2026.07.24,05:15:00,0.697934,0.698032,0.697934,0.698032,100.0000
2026.07.24,05:30:00,0.698080,0.698227,0.697885,0.697885,100.0000
2026.07.24,05:45:00,0.697934,0.697934,0.697691,0.697691,100.0000
2026.07.24,06:00:00,0.697691,0.697885,0.697691,0.697885,100.0000
2026.07.24,06:15:00,0.697788,0.698227,0.697788,0.698178,100.0000
2026.07.24,06:30:00,0.698275,0.698373,0.698178,0.698227,100.0000
2026.07.24,06:45:00,0.698275,0.698422,0.698178,0.698422,100.0000
2026.07.24,07:00:00,0.698617,0.699056,0.698617,0.698959,100.0000
2026.07.24,07:15:00,0.698910,0.699056,0.698714,0.699056,100.0000
2026.07.24,07:30:00,0.699105,0.699105,0.698519,0.698617,100.0000
2026.07.24,07:45:00,0.698568,0.698714,0.698519,0.698714,100.0000
2026.07.24,08:00:00,0.698617,0.698861,0.698568,0.698861,100.0000
2026.07.24,08:15:00,0.698910,0.699007,0.698763,0.699007,100.0000
2026.07.24,08:30:00,0.699007,0.699056,0.698959,0.698959,100.0000
2026.07.24,08:45:00,0.699007,0.699056,0.698861,0.699056,100.0000
2026.07.24,09:00:00,0.699007,0.699203,0.698910,0.698910,100.0000
2026.07.24,09:15:00,0.698959,0.699154,0.698959,0.699154,100.0000
2026.07.24,09:30:00,0.699105,0.699203,0.698959,0.699105,100.0000
2026.07.24,09:45:00,0.699056,0.699301,0.699056,0.699301,100.0000
2026.07.24,10:00:00,0.699496,0.699496,0.699350,0.699447,100.0000
2026.07.24,10:15:00,0.699447,0.699741,0.699447,0.699741,100.0000
2026.07.24,10:30:00,0.699692,0.699741,0.699594,0.699594,100.0000
2026.07.24,10:45:00,0.699496,0.699545,0.699350,0.699399,100.0000
2026.07.24,11:00:00,0.699447,0.699545,0.699447,0.699545,100.0000
2026.07.24,11:15:00,0.699545,0.699594,0.699252,0.699301,100.0000
2026.07.24,11:30:00,0.699252,0.699252,0.699056,0.699154,100.0000
2026.07.24,11:45:00,0.699154,0.699154,0.698861,0.698861,100.0000
2026.07.24,12:00:00,0.699105,0.699105,0.698861,0.698959,100.0000
2026.07.24,12:15:00,0.699007,0.699007,0.698568,0.698568,100.0000
2026.07.24,12:30:00,0.698519,0.698519,0.697788,0.697788,100.0000
2026.07.24,12:45:00,0.697983,0.697983,0.697837,0.697837,100.0000
2026.07.24,13:00:00,0.697983,0.697983,0.697691,0.697885,100.0000
2026.07.24,13:15:00,0.697837,0.697983,0.697837,0.697934,100.0000
2026.07.24,13:30:00,0.697885,0.697934,0.697545,0.697885,100.0000
2026.07.24,13:45:00,0.697837,0.697934,0.697691,0.697934,100.0000
2026.07.24,14:00:00,0.698080,0.698373,0.698032,0.698373,100.0000
2026.07.24,14:15:00,0.698227,0.698568,0.698227,0.698470,100.0000
2026.07.24,14:30:00,0.698373,0.698617,0.698373,0.698617,100.0000
2026.07.24,14:45:00,0.698568,0.699007,0.698568,0.699007,100.0000
2026.07.24,15:00:00,0.698959,0.699692,0.698959,0.699692,100.0000
2026.07.24,15:15:00,0.700182,0.700182,0.699594,0.699643,100.0000
2026.07.24,15:30:00,0.699447,0.699692,0.699350,0.699350,100.0000
2026.07.24,15:45:00,0.699350,0.699692,0.699350,0.699692,100.0000
2026.07.24,16:00:00,0.699741,0.699790,0.699643,0.699790,100.0000
2026.07.24,16:15:00,0.699741,0.699741,0.699643,0.699643,100.0000
2026.07.24,16:30:00,0.699643,0.699741,0.699301,0.699301,100.0000
2026.07.24,16:45:00,0.699301,0.699350,0.699154,0.699350,100.0000
2026.07.24,17:00:00,0.699301,0.699301,0.698812,0.698959,100.0000
2026.07.24,17:15:00,0.698861,0.698959,0.698861,0.698910,100.0000
2026.07.24,17:30:00,0.699007,0.699056,0.698763,0.698763,100.0000
2026.07.24,17:45:00,0.698763,0.698861,0.698665,0.698861,100.0000
2026.07.24,18:00:00,0.698812,0.698861,0.698763,0.698763,100.0000
2026.07.24,18:15:00,0.698861,0.698861,0.698617,0.698617,100.0000
2026.07.24,18:30:00,0.698617,0.698617,0.698422,0.698422,100.0000
2026.07.24,18:45:00,0.698519,0.698568,0.698470,0.698470,100.0000
2026.07.24,19:00:00,0.698568,0.698568,0.698324,0.698324,100.0000
2026.07.24,19:15:00,0.698227,0.698373,0.698178,0.698178,100.0000
2026.07.24,19:30:00,0.698227,0.698422,0.698227,0.698422,100.0000
2026.07.24,19:45:00,0.698373,0.698373,0.698178,0.698275,100.0000
2026.07.24,20:00:00,0.698227,0.698227,0.698129,0.698178,100.0000
2026.07.24,20:15:00,0.698178,0.698324,0.698178,0.698324,100.0000
2026.07.24,20:30:00,0.698275,0.698275,0.698227,0.698275,100.0000
2026.07.24,20:45:00,0.698373,0.698568,0.698373,0.698568,100.0000
2026.07.24,21:00:00,0.698324,0.698324,0.698324,0.698324,100.0000
2026.07.24,21:15:00,0.698324,0.698324,0.698324,0.698324,100.0000
2026.07.24,21:30:00,0.698324,0.698324,0.698324,0.698324,100.0000
2026.07.26,23:00:00,0.699399,0.699594,0.699399,0.699496,100.0000
2026.07.26,23:15:00,0.699545,0.699545,0.699350,0.699350,100.0000
2026.07.26,23:30:00,0.699399,0.699790,0.699399,0.699790,100.0000
2026.07.26,23:45:00,0.699594,0.699741,0.699594,0.699741,100.0000
2026.07.27,00:00:00,0.699937,0.700084,0.699790,0.700084,100.0000
2026.07.27,00:15:00,0.700084,0.700280,0.699937,0.700182,100.0000
2026.07.27,00:30:00,0.700231,0.700427,0.699888,0.699888,100.0000
2026.07.27,00:45:00,0.699937,0.700084,0.699594,0.699594,100.0000
2026.07.27,01:00:00,0.699545,0.699986,0.699545,0.699986,100.0000
2026.07.27,01:15:00,0.700084,0.700182,0.699888,0.699888,100.0000
2026.07.27,01:30:00,0.700084,0.700133,0.699692,0.699986,100.0000
2026.07.27,01:45:00,0.699937,0.700673,0.699937,0.700673,100.0000
2026.07.27,02:00:00,0.700673,0.700673,0.700378,0.700378,100.0000
2026.07.27,02:15:00,0.700427,0.700427,0.700133,0.700378,100.0000
2026.07.27,02:30:00,0.700231,0.700427,0.700231,0.700329,100.0000
2026.07.27,02:45:00,0.700378,0.700378,0.700084,0.700182,100.0000
2026.07.27,03:00:00,0.700133,0.700133,0.699986,0.699986,100.0000
2026.07.27,03:15:00,0.700035,0.700133,0.699986,0.699986,100.0000
2026.07.27,03:30:00,0.699741,0.699888,0.699692,0.699888,100.0000
2026.07.27,03:45:00,0.699888,0.700084,0.699888,0.700035,100.0000
2026.07.27,04:00:00,0.700035,0.700182,0.699937,0.699986,100.0000
2026.07.27,04:15:00,0.700084,0.700084,0.699741,0.699741,100.0000
2026.07.27,04:30:00,0.699839,0.699986,0.699839,0.699986,100.0000
2026.07.27,04:45:00,0.699888,0.699937,0.699839,0.699937,100.0000
2026.07.27,05:00:00,0.699937,0.700231,0.699937,0.700231,100.0000
2026.07.27,05:15:00,0.700280,0.700378,0.700231,0.700280,100.0000
2026.07.27,05:30:00,0.700427,0.700427,0.700378,0.700378,100.0000
2026.07.27,05:45:00,0.700378,0.700574,0.700378,0.700476,100.0000
2026.07.27,06:00:00,0.700574,0.700771,0.700476,0.700673,100.0000
2026.07.27,06:15:00,0.700574,0.700820,0.700476,0.700820,100.0000
2026.07.27,06:30:00,0.700918,0.701361,0.700918,0.701262,100.0000
2026.07.27,06:45:00,0.701164,0.701164,0.700869,0.700967,100.0000
2026.07.27,07:00:00,0.700918,0.700918,0.700722,0.700869,100.0000
2026.07.27,07:15:00,0.701016,0.701115,0.700869,0.700918,100.0000
2026.07.27,07:30:00,0.700673,0.700722,0.700378,0.700378,100.0000
2026.07.27,07:45:00,0.700427,0.700574,0.700378,0.700427,100.0000
2026.07.27,08:00:00,0.700525,0.700525,0.700329,0.700329,100.0000
2026.07.27,08:15:00,0.700280,0.700427,0.700231,0.700378,100.0000
2026.07.27,08:30:00,0.700329,0.700476,0.700329,0.700476,100.0000
2026.07.27,08:45:00,0.700378,0.700624,0.700280,0.700624,100.0000
2026.07.27,09:00:00,0.700427,0.700624,0.700329,0.700329,100.0000
2026.07.27,09:15:00,0.700329,0.700476,0.700280,0.700378,100.0000
2026.07.27,09:30:00,0.700329,0.700476,0.700329,0.700476,100.0000
2026.07.27,09:45:00,0.700476,0.700525,0.700476,0.700476,100.0000
2026.07.27,10:00:00,0.700525,0.700574,0.700280,0.700329,100.0000
2026.07.27,10:15:00,0.700476,0.700574,0.700476,0.700476,100.0000
2026.07.27,10:30:00,0.700525,0.700771,0.700476,0.700771,100.0000
2026.07.27,10:45:00,0.700722,0.700722,0.700427,0.700427,100.0000
2026.07.27,11:00:00,0.700476,0.700476,0.700280,0.700378,100.0000
2026.07.27,11:15:00,0.700329,0.700574,0.700329,0.700574,100.0000
2026.07.27,11:30:00,0.700624,0.700624,0.700329,0.700329,100.0000
2026.07.27,11:45:00,0.700231,0.700231,0.699986,0.700035,100.0000
2026.07.27,12:00:00,0.700231,0.700231,0.699839,0.699839,100.0000
2026.07.27,12:15:00,0.699839,0.699839,0.699790,0.699839,100.0000
2026.07.27,12:30:00,0.699790,0.699790,0.699545,0.699643,100.0000
2026.07.27,12:45:00,0.699839,0.699986,0.699741,0.699986,100.0000
2026.07.27,13:00:00,0.699790,0.699986,0.699741,0.699986,100.0000
2026.07.27,13:15:00,0.699937,0.699937,0.699692,0.699692,100.0000
2026.07.27,13:30:00,0.700084,0.700231,0.699937,0.700133,100.0000
2026.07.27,13:45:00,0.700133,0.700329,0.699839,0.699839,100.0000
2026.07.27,14:00:00,0.699643,0.699937,0.699643,0.699790,100.0000
2026.07.27,14:15:00,0.699937,0.699937,0.699203,0.699203,100.0000
2026.07.27,14:30:00,0.699056,0.699154,0.698861,0.698861,100.0000
2026.07.27,14:45:00,0.699007,0.699447,0.699007,0.699447,100.0000
2026.07.27,15:00:00,0.699496,0.699594,0.699399,0.699399,100.0000
2026.07.27,15:15:00,0.699545,0.699741,0.699545,0.699594,100.0000
2026.07.27,15:30:00,0.699594,0.699594,0.699301,0.699350,100.0000
2026.07.27,15:45:00,0.699350,0.699594,0.699301,0.699545,100.0000
2026.07.27,16:00:00,0.699447,0.699545,0.699350,0.699545,100.0000
2026.07.27,16:15:00,0.699447,0.699937,0.699447,0.699888,100.0000
2026.07.27,16:30:00,0.700084,0.700084,0.699986,0.699986,100.0000
2026.07.27,16:45:00,0.699937,0.699937,0.699643,0.699741,100.0000
2026.07.27,17:00:00,0.699643,0.699643,0.699154,0.699301,100.0000
2026.07.27,17:15:00,0.699301,0.699301,0.699007,0.699056,100.0000
2026.07.27,17:30:00,0.699007,0.699154,0.699007,0.699007,100.0000
2026.07.27,17:45:00,0.699007,0.699203,0.699007,0.699203,100.0000
2026.07.27,18:00:00,0.699154,0.699203,0.699105,0.699154,100.0000
2026.07.27,18:15:00,0.699105,0.699105,0.699007,0.699007,100.0000
2026.07.27,18:30:00,0.699056,0.699056,0.698910,0.699056,100.0000
2026.07.27,18:45:00,0.699007,0.699105,0.698910,0.699056,100.0000
2026.07.27,19:00:00,0.699105,0.699252,0.699056,0.699154,100.0000
2026.07.27,19:15:00,0.699154,0.699350,0.699154,0.699350,100.0000
2026.07.27,19:30:00,0.699447,0.699594,0.699447,0.699496,100.0000
2026.07.27,19:45:00,0.699545,0.699545,0.699399,0.699496,100.0000
2026.07.27,20:00:00,0.699447,0.699447,0.699350,0.699350,100.0000
2026.07.27,20:15:00,0.699399,0.699399,0.699252,0.699252,100.0000
2026.07.27,20:30:00,0.699252,0.699252,0.699203,0.699203,100.0000
2026.07.27,20:45:00,0.699154,0.699203,0.699154,0.699203,100.0000
2026.07.27,21:00:00,0.699203,0.699301,0.699203,0.699301,100.0000
2026.07.27,21:15:00,0.699252,0.699301,0.699252,0.699301,100.0000
2026.07.27,21:30:00,0.699301,0.699301,0.699105,0.699105,100.0000
2026.07.27,21:45:00,0.699105,0.699447,0.699105,0.699447,100.0000
2026.07.27,22:00:00,0.699105,0.699203,0.699056,0.699056,100.0000
2026.07.27,22:15:00,0.699056,0.699105,0.699056,0.699105,100.0000
2026.07.27,22:30:00,0.699056,0.699105,0.699056,0.699056,100.0000
2026.07.27,22:45:00,0.699056,0.699056,0.699007,0.699007,100.0000
2026.07.27,23:00:00,0.698959,0.698959,0.698812,0.698861,100.0000
2026.07.27,23:15:00,0.698910,0.699007,0.698910,0.699007,100.0000
2026.07.27,23:30:00,0.698910,0.698910,0.698812,0.698861,100.0000
2026.07.27,23:45:00,0.698861,0.698910,0.698763,0.698910,100.0000
2026.07.28,00:00:00,0.698812,0.698812,0.698422,0.698470,100.0000
2026.07.28,00:15:00,0.698470,0.698665,0.698470,0.698665,100.0000
2026.07.28,00:30:00,0.698763,0.699154,0.698763,0.699154,100.0000
2026.07.28,00:45:00,0.699056,0.699154,0.698861,0.699154,100.0000
2026.07.28,01:00:00,0.699252,0.699350,0.699203,0.699203,100.0000
2026.07.28,01:15:00,0.698910,0.699399,0.698910,0.699399,100.0000
2026.07.28,01:30:00,0.699399,0.699692,0.699350,0.699350,100.0000
2026.07.28,01:45:00,0.699399,0.699399,0.699007,0.699203,100.0000
2026.07.28,02:00:00,0.699203,0.699594,0.699203,0.699594,100.0000
2026.07.28,02:15:00,0.699594,0.699839,0.699496,0.699496,100.0000
2026.07.28,02:30:00,0.699643,0.699643,0.699447,0.699447,100.0000
2026.07.28,02:45:00,0.699350,0.699741,0.699350,0.699643,100.0000
2026.07.28,03:00:00,0.699594,0.699643,0.698861,0.699105,100.0000
2026.07.28,03:15:00,0.698959,0.699350,0.698959,0.699252,100.0000
2026.07.28,03:30:00,0.699350,0.699350,0.698519,0.698568,100.0000
2026.07.28,03:45:00,0.698470,0.698665,0.698373,0.698373,100.0000
2026.07.28,04:00:00,0.697983,0.697983,0.697593,0.697642,100.0000
2026.07.28,04:15:00,0.697496,0.697691,0.697253,0.697447,100.0000
2026.07.28,04:30:00,0.697399,0.697593,0.697399,0.697496,100.0000
2026.07.28,04:45:00,0.697593,0.697593,0.697350,0.697399,100.0000
2026.07.28,05:00:00,0.697399,0.697447,0.696913,0.696961,100.0000
2026.07.28,05:15:00,0.696718,0.696816,0.696573,0.696767,100.0000
2026.07.28,05:30:00,0.697010,0.697156,0.696767,0.697156,100.0000
2026.07.28,05:45:00,0.697107,0.697107,0.696864,0.696961,100.0000
2026.07.28,06:00:00,0.696913,0.697010,0.696670,0.697010,100.0000
2026.07.28,06:15:00,0.697107,0.697447,0.697010,0.697447,100.0000
2026.07.28,06:30:00,0.697447,0.697545,0.697350,0.697545,100.0000
2026.07.28,06:45:00,0.697496,0.697739,0.697399,0.697447,100.0000
2026.07.28,07:00:00,0.697301,0.697593,0.697301,0.697447,100.0000
2026.07.28,07:15:00,0.697642,0.697837,0.697545,0.697545,100.0000
2026.07.28,07:30:00,0.697545,0.697545,0.697350,0.697350,100.0000
2026.07.28,07:45:00,0.697253,0.697253,0.697010,0.697204,100.0000
2026.07.28,08:00:00,0.697204,0.697447,0.696961,0.696961,100.0000
2026.07.28,08:15:00,0.697107,0.697301,0.697107,0.697301,100.0000
2026.07.28,08:30:00,0.697301,0.697301,0.697204,0.697253,100.0000
2026.07.28,08:45:00,0.697301,0.697545,0.697301,0.697496,100.0000
2026.07.28,09:00:00,0.697642,0.697691,0.697399,0.697496,100.0000
2026.07.28,09:15:00,0.697496,0.697593,0.697496,0.697593,100.0000
2026.07.28,09:30:00,0.697447,0.697496,0.697399,0.697447,100.0000
2026.07.28,09:45:00,0.697253,0.697253,0.696718,0.696718,100.0000
2026.07.28,10:00:00,0.696767,0.696816,0.696670,0.696670,100.0000
2026.07.28,10:15:00,0.696718,0.696767,0.696621,0.696767,100.0000
2026.07.28,10:30:00,0.696913,0.696913,0.696621,0.696621,100.0000
2026.07.28,10:45:00,0.696573,0.696864,0.696573,0.696767,100.0000
2026.07.28,11:00:00,0.696816,0.696816,0.696621,0.696670,100.0000
2026.07.28,11:15:00,0.696767,0.696913,0.696670,0.696670,100.0000
2026.07.28,11:30:00,0.696573,0.696816,0.696573,0.696718,100.0000
2026.07.28,11:45:00,0.696718,0.696913,0.696621,0.696864,100.0000
2026.07.28,12:00:00,0.696864,0.697058,0.696718,0.697010,100.0000
2026.07.28,12:15:00,0.697058,0.697107,0.696913,0.697107,100.0000
2026.07.28,12:30:00,0.697010,0.697156,0.696913,0.697156,100.0000
2026.07.28,12:45:00,0.697253,0.697350,0.697204,0.697204,100.0000
2026.07.28,13:00:00,0.697156,0.697496,0.697156,0.697399,100.0000
2026.07.28,13:15:00,0.697350,0.697593,0.697350,0.697399,100.0000
2026.07.28,13:30:00,0.697301,0.697399,0.696913,0.697058,100.0000
2026.07.28,13:45:00,0.697010,0.697301,0.696913,0.697301,100.0000
2026.07.28,14:00:00,0.697496,0.697642,0.697301,0.697301,100.0000
2026.07.28,14:15:00,0.697204,0.697253,0.696621,0.697253,100.0000
2026.07.28,14:30:00,0.697301,0.697301,0.697107,0.697301,100.0000
2026.07.28,14:45:00,0.697204,0.697204,0.696961,0.696961,100.0000
2026.07.28,15:00:00,0.697107,0.697593,0.696816,0.697593,100.0000
2026.07.28,15:15:00,0.697788,0.698227,0.697593,0.698129,100.0000
2026.07.28,15:30:00,0.698227,0.698324,0.698032,0.698227,100.0000
2026.07.28,15:45:00,0.698373,0.698519,0.698275,0.698519,100.0000
2026.07.28,16:00:00,0.698617,0.698665,0.698519,0.698665,100.0000
2026.07.28,16:15:00,0.698763,0.698861,0.698714,0.698861,100.0000
2026.07.28,16:30:00,0.698617,0.698812,0.698519,0.698568,100.0000
2026.07.28,16:45:00,0.698519,0.698568,0.698422,0.698470,100.0000
2026.07.28,17:00:00,0.698568,0.698568,0.698178,0.698178,100.0000
2026.07.28,17:15:00,0.698178,0.698422,0.698080,0.698080,100.0000
2026.07.28,17:30:00,0.698080,0.698178,0.697837,0.697837,100.0000
2026.07.28,17:45:00,0.697837,0.697885,0.697788,0.697788,100.0000
2026.07.28,18:00:00,0.697837,0.697837,0.697691,0.697739,100.0000
2026.07.28,18:15:00,0.697837,0.697934,0.697642,0.697691,100.0000
2026.07.28,18:30:00,0.697739,0.697837,0.697691,0.697739,100.0000
2026.07.28,18:45:00,0.697739,0.697788,0.697642,0.697739,100.0000
2026.07.28,19:00:00,0.697788,0.697934,0.697788,0.697885,100.0000
2026.07.28,19:15:00,0.697837,0.698032,0.697837,0.697934,100.0000
2026.07.28,19:30:00,0.697983,0.697983,0.697885,0.697885,100.0000
2026.07.28,19:45:00,0.697885,0.697934,0.697691,0.697691,100.0000
2026.07.28,20:00:00,0.697739,0.697788,0.697691,0.697788,100.0000
2026.07.28,20:15:00,0.697788,0.697788,0.697593,0.697739,100.0000
2026.07.28,20:30:00,0.697642,0.697739,0.697642,0.697739,100.0000
2026.07.28,20:45:00,0.697739,0.697739,0.697642,0.697691,100.0000
2026.07.28,21:00:00,0.698275,0.698324,0.697837,0.698227,100.0000
2026.07.28,21:15:00,0.697885,0.698032,0.697642,0.697642,100.0000
2026.07.28,21:30:00,0.697788,0.697885,0.697691,0.697837,100.0000
2026.07.28,21:45:00,0.697691,0.698080,0.697593,0.697837,100.0000
2026.07.28,22:00:00,0.697788,0.697837,0.697788,0.697837,100.0000
2026.07.28,22:15:00,0.697739,0.697739,0.697350,0.697447,100.0000
2026.07.28,22:30:00,0.697593,0.697593,0.697301,0.697399,100.0000
2026.07.28,22:45:00,0.697350,0.697545,0.697350,0.697545,100.0000
2026.07.28,23:00:00,0.697496,0.697593,0.697496,0.697593,100.0000
2026.07.28,23:15:00,0.697691,0.697837,0.697642,0.697837,100.0000
2026.07.28,23:30:00,0.697788,0.697837,0.697739,0.697739,100.0000
2026.07.28,23:45:00,0.697885,0.697885,0.697642,0.697691,100.0000
2026.07.29,00:00:00,0.697496,0.697739,0.697447,0.697496,100.0000
2026.07.29,00:15:00,0.697204,0.697691,0.697204,0.697691,100.0000
2026.07.29,00:30:00,0.697691,0.697739,0.697593,0.697593,100.0000
2026.07.29,00:45:00,0.697642,0.697691,0.697204,0.697204,100.0000
2026.07.29,01:00:00,0.697301,0.697447,0.697058,0.697058,100.0000
2026.07.29,01:15:00,0.697010,0.697399,0.697010,0.697350,100.0000
2026.07.29,01:30:00,0.695217,0.695701,0.694927,0.694927,100.0000
2026.07.29,01:45:00,0.695024,0.695120,0.694830,0.694927,100.0000
2026.07.29,02:00:00,0.694782,0.695265,0.694782,0.695265,100.0000
2026.07.29,02:15:00,0.695362,0.695797,0.695314,0.695652,100.0000
2026.07.29,02:30:00,0.695555,0.695555,0.695169,0.695169,100.0000
2026.07.29,02:45:00,0.695072,0.695120,0.694830,0.695120,100.0000
2026.07.29,03:00:00,0.695120,0.695314,0.694927,0.695217,100.0000
2026.07.29,03:15:00,0.695072,0.695120,0.694782,0.694782,100.0000
2026.07.29,03:30:00,0.694782,0.695072,0.694734,0.695072,100.0000
2026.07.29,03:45:00,0.695072,0.695265,0.694879,0.694879,100.0000
2026.07.29,04:00:00,0.694686,0.694830,0.694686,0.694830,100.0000
2026.07.29,04:15:00,0.694830,0.694830,0.694589,0.694637,100.0000
2026.07.29,04:30:00,0.694637,0.695024,0.694637,0.694927,100.0000
2026.07.29,04:45:00,0.694975,0.695507,0.694975,0.695507,100.0000
2026.07.29,05:00:00,0.695555,0.695749,0.695555,0.695701,100.0000
2026.07.29,05:15:00,0.695797,0.695797,0.695555,0.695555,100.0000
2026.07.29,05:30:00,0.695507,0.695943,0.695507,0.695943,100.0000
2026.07.29,05:45:00,0.695797,0.695943,0.695797,0.695846,100.0000
2026.07.29,06:00:00,0.696040,0.696040,0.695797,0.695943,100.0000
2026.07.29,06:15:00,0.696040,0.696040,0.695555,0.695701,100.0000
2026.07.29,06:30:00,0.695701,0.695797,0.695604,0.695749,100.0000
2026.07.29,06:45:00,0.695652,0.695652,0.695410,0.695459,100.0000
2026.07.29,07:00:00,0.695652,0.695894,0.695604,0.695604,100.0000
2026.07.29,07:15:00,0.695555,0.695652,0.695507,0.695652,100.0000
2026.07.29,07:30:00,0.695652,0.695652,0.695410,0.695410,100.0000
2026.07.29,07:45:00,0.695410,0.695410,0.694975,0.694975,100.0000
2026.07.29,08:00:00,0.694927,0.694927,0.694686,0.694686,100.0000
2026.07.29,08:15:00,0.694686,0.694830,0.694493,0.694589,100.0000
2026.07.29,08:30:00,0.694493,0.694637,0.694396,0.694637,100.0000
2026.07.29,08:45:00,0.694686,0.694782,0.694541,0.694541,100.0000
2026.07.29,09:00:00,0.694493,0.694637,0.694493,0.694589,100.0000
2026.07.29,09:15:00,0.694589,0.694686,0.694396,0.694686,100.0000
2026.07.29,09:30:00,0.694589,0.694589,0.694348,0.694493,100.0000
2026.07.29,09:45:00,0.694637,0.694734,0.694444,0.694444,100.0000
2026.07.29,10:00:00,0.694396,0.694493,0.694252,0.694493,100.0000
2026.07.29,10:15:00,0.694493,0.694589,0.694348,0.694493,100.0000
2026.07.29,10:30:00,0.694541,0.694541,0.694300,0.694348,100.0000
2026.07.29,10:45:00,0.694348,0.694348,0.694203,0.694300,100.0000
2026.07.29,11:00:00,0.694396,0.694493,0.694396,0.694493,100.0000
2026.07.29,11:15:00,0.694541,0.694782,0.694541,0.694782,100.0000
2026.07.29,11:30:00,0.694686,0.694686,0.694252,0.694252,100.0000
2026.07.29,11:45:00,0.694300,0.694493,0.694252,0.694493,100.0000
2026.07.29,12:00:00,0.694637,0.694637,0.694300,0.694300,100.0000
2026.07.29,12:15:00,0.694155,0.694203,0.693818,0.694155,100.0000
2026.07.29,12:30:00,0.694059,0.694348,0.694059,0.694252,100.0000
2026.07.29,12:45:00,0.694203,0.694300,0.694203,0.694300,100.0000
2026.07.29,13:00:00,0.694541,0.694541,0.694300,0.694396,100.0000
2026.07.29,13:15:00,0.694396,0.694879,0.694396,0.694782,100.0000
2026.07.29,13:30:00,0.694734,0.694782,0.694589,0.694589,100.0000
2026.07.29,13:45:00,0.694734,0.695024,0.694686,0.695024,100.0000
2026.07.29,14:00:00,0.695169,0.695362,0.694830,0.694830,100.0000
2026.07.29,14:15:00,0.694734,0.694975,0.694734,0.694927,100.0000
2026.07.29,14:30:00,0.694879,0.694879,0.694348,0.694348,100.0000
2026.07.29,14:45:00,0.694107,0.694107,0.692665,0.692665,100.0000
2026.07.29,15:00:00,0.692761,0.693145,0.692761,0.693145,100.0000
2026.07.29,15:15:00,0.693097,0.693193,0.692809,0.693001,100.0000
2026.07.29,15:30:00,0.692857,0.693193,0.692857,0.693049,100.0000
2026.07.29,15:45:00,0.693145,0.693289,0.693049,0.693145,100.0000
2026.07.29,16:00:00,0.693049,0.693049,0.692617,0.692617,100.0000
2026.07.29,16:15:00,0.692521,0.693001,0.692521,0.693001,100.0000
2026.07.29,16:30:00,0.692857,0.692857,0.692617,0.692713,100.0000
2026.07.29,16:45:00,0.692713,0.693145,0.692713,0.693049,100.0000
2026.07.29,17:00:00,0.693193,0.693385,0.693001,0.693385,100.0000
2026.07.29,17:15:00,0.693385,0.693674,0.693385,0.693385,100.0000
2026.07.29,17:30:00,0.693385,0.693626,0.693385,0.693626,100.0000
2026.07.29,17:45:00,0.693674,0.693818,0.693626,0.693722,100.0000
2026.07.29,18:00:00,0.695652,0.695846,0.695410,0.695846,100.0000
2026.07.29,18:15:00,0.696282,0.696282,0.695217,0.695459,100.0000
2026.07.29,18:30:00,0.695749,0.696718,0.694782,0.696718,100.0000
2026.07.29,18:45:00,0.697447,0.698470,0.697447,0.698470,100.0000
2026.07.29,19:00:00,0.698470,0.698959,0.697788,0.698324,100.0000
2026.07.29,19:15:00,0.698519,0.698959,0.697058,0.697204,100.0000
2026.07.29,19:30:00,0.697058,0.697058,0.695991,0.696040,100.0000
2026.07.29,19:45:00,0.695894,0.695894,0.695024,0.695024,100.0000
2026.07.29,20:00:00,0.695410,0.695410,0.694830,0.695362,100.0000
2026.07.29,20:15:00,0.694975,0.695072,0.694879,0.695024,100.0000
2026.07.29,20:30:00,0.694830,0.695410,0.694830,0.695265,100.0000
2026.07.29,20:45:00,0.695314,0.695749,0.695314,0.695749,100.0000
2026.07.29,21:00:00,0.695894,0.695894,0.695701,0.695701,100.0000
2026.07.29,21:15:00,0.695362,0.695652,0.695314,0.695410,100.0000
2026.07.29,21:30:00,0.695120,0.695749,0.695120,0.695701,100.0000
2026.07.29,21:45:00,0.695701,0.695701,0.695024,0.695024,100.0000
2026.07.29,22:00:00,0.695652,0.696088,0.695652,0.695894,100.0000
2026.07.29,22:15:00,0.695894,0.696040,0.695894,0.695894,100.0000
2026.07.29,22:30:00,0.695991,0.696040,0.695991,0.695991,100.0000
2026.07.29,22:45:00,0.696040,0.696088,0.696040,0.696040,100.0000
2026.07.29,23:00:00,0.696282,0.696621,0.696282,0.696330,100.0000
2026.07.29,23:15:00,0.696233,0.696233,0.696040,0.696040,100.0000
2026.07.29,23:30:00,0.696088,0.696136,0.696040,0.696088,100.0000
2026.07.29,23:45:00,0.696088,0.696330,0.696088,0.696185,100.0000
2026.07.30,00:00:00,0.696233,0.696816,0.695991,0.696816,100.0000
2026.07.30,00:15:00,0.696524,0.696524,0.695991,0.695991,100.0000
2026.07.30,00:30:00,0.695943,0.695943,0.695410,0.695410,100.0000
2026.07.30,00:45:00,0.695410,0.695894,0.695410,0.695894,100.0000
2026.07.30,01:00:00,0.695894,0.696379,0.695894,0.696040,100.0000
2026.07.30,01:15:00,0.696040,0.696136,0.695943,0.696136,100.0000
2026.07.30,01:30:00,0.696185,0.696573,0.696185,0.696573,100.0000
2026.07.30,01:45:00,0.696476,0.696524,0.696088,0.696088,100.0000
2026.07.30,02:00:00,0.696330,0.696379,0.696282,0.696330,100.0000
2026.07.30,02:15:00,0.696136,0.696476,0.696136,0.696379,100.0000
2026.07.30,02:30:00,0.696330,0.696330,0.696040,0.696040,100.0000
2026.07.30,02:45:00,0.696040,0.696088,0.695749,0.695749,100.0000
2026.07.30,03:00:00,0.695846,0.695943,0.695459,0.695459,100.0000
2026.07.30,03:15:00,0.695555,0.695555,0.695265,0.695555,100.0000
2026.07.30,03:30:00,0.695507,0.695749,0.695507,0.695652,100.0000
2026.07.30,03:45:00,0.695604,0.695652,0.695314,0.695314,100.0000
2026.07.30,04:00:00,0.695410,0.695555,0.695410,0.695507,100.0000
2026.07.30,04:15:00,0.695459,0.695555,0.695459,0.695555,100.0000
2026.07.30,04:30:00,0.695604,0.695604,0.695362,0.695362,100.0000
2026.07.30,04:45:00,0.695459,0.695555,0.695265,0.695265,100.0000
2026.07.30,05:00:00,0.695265,0.695459,0.695120,0.695459,100.0000
2026.07.30,05:15:00,0.695604,0.695701,0.695604,0.695652,100.0000
2026.07.30,05:30:00,0.695749,0.695749,0.695507,0.695555,100.0000
2026.07.30,05:45:00,0.695555,0.695701,0.695169,0.695217,100.0000
2026.07.30,06:00:00,0.695265,0.695314,0.694927,0.694927,100.0000
2026.07.30,06:15:00,0.694975,0.695314,0.694927,0.695217,100.0000
2026.07.30,06:30:00,0.695217,0.695410,0.695217,0.695265,100.0000
2026.07.30,06:45:00,0.695314,0.695797,0.695314,0.695555,100.0000
2026.07.30,07:00:00,0.695797,0.696379,0.695797,0.696233,100.0000
2026.07.30,07:15:00,0.696233,0.696233,0.695652,0.695652,100.0000
2026.07.30,07:30:00,0.695555,0.695652,0.695314,0.695652,100.0000
2026.07.30,07:45:00,0.695749,0.695749,0.695362,0.695362,100.0000
2026.07.30,08:00:00,0.695362,0.695846,0.695362,0.695846,100.0000
2026.07.30,08:15:00,0.695894,0.696379,0.695894,0.696379,100.0000
2026.07.30,08:30:00,0.696524,0.696524,0.696185,0.696379,100.0000
2026.07.30,08:45:00,0.696330,0.696427,0.696233,0.696233,100.0000
2026.07.30,09:00:00,0.696282,0.696961,0.696282,0.696961,100.0000
2026.07.30,09:15:00,0.697010,0.697350,0.697010,0.697204,100.0000
2026.07.30,09:30:00,0.697107,0.697399,0.697010,0.697204,100.0000
2026.07.30,09:45:00,0.697301,0.697788,0.697301,0.697496,100.0000
2026.07.30,10:00:00,0.697593,0.697983,0.697447,0.697983,100.0000
2026.07.30,10:15:00,0.698178,0.698275,0.697788,0.697788,100.0000
2026.07.30,10:30:00,0.697885,0.698178,0.697837,0.698178,100.0000
2026.07.30,10:45:00,0.698129,0.698324,0.697934,0.697934,100.0000
2026.07.30,11:00:00,0.698032,0.698080,0.697788,0.697788,100.0000
2026.07.30,11:15:00,0.697885,0.697934,0.697837,0.697885,100.0000
2026.07.30,11:30:00,0.697934,0.698032,0.697837,0.697837,100.0000
2026.07.30,11:45:00,0.697837,0.698470,0.697837,0.698470,100.0000
2026.07.30,12:00:00,0.698373,0.698665,0.698373,0.698665,100.0000
2026.07.30,12:15:00,0.698519,0.698519,0.698227,0.698324,100.0000
2026.07.30,12:30:00,0.698275,0.698422,0.698178,0.698178,100.0000
2026.07.30,12:45:00,0.698422,0.698422,0.697837,0.697837,100.0000
2026.07.30,13:00:00,0.697739,0.698227,0.697691,0.698227,100.0000
2026.07.30,13:15:00,0.697983,0.698422,0.697983,0.698422,100.0000
2026.07.30,13:30:00,0.698519,0.700378,0.698519,0.700378,100.0000
2026.07.30,13:45:00,0.700771,0.702001,0.700771,0.702001,100.0000
2026.07.30,14:00:00,0.702395,0.702395,0.701656,0.701804,100.0000
2026.07.30,14:15:00,0.702247,0.702642,0.701656,0.701656,100.0000
2026.07.30,14:30:00,0.701804,0.702050,0.701607,0.701607,100.0000
2026.07.30,14:45:00,0.701754,0.701754,0.700722,0.700722,100.0000
2026.07.30,15:00:00,0.700771,0.701164,0.700771,0.700820,100.0000
2026.07.30,15:15:00,0.700967,0.701410,0.700967,0.701410,100.0000
2026.07.30,15:30:00,0.701459,0.702247,0.701459,0.702247,100.0000
2026.07.30,15:45:00,0.702346,0.702642,0.702346,0.702445,100.0000
2026.07.30,16:00:00,0.702593,0.702839,0.702593,0.702839,100.0000
2026.07.30,16:15:00,0.702889,0.702988,0.702839,0.702988,100.0000
2026.07.30,16:30:00,0.702938,0.703037,0.702741,0.702741,100.0000
2026.07.30,16:45:00,0.702691,0.702839,0.702691,0.702839,100.0000
2026.07.30,17:00:00,0.702988,0.702988,0.702741,0.702790,100.0000
2026.07.30,17:15:00,0.702691,0.702790,0.702543,0.702543,100.0000
2026.07.30,17:30:00,0.702593,0.703037,0.702543,0.702839,100.0000
2026.07.30,17:45:00,0.703087,0.703185,0.702988,0.703185,100.0000
2026.07.30,18:00:00,0.703284,0.703433,0.703235,0.703433,100.0000
2026.07.30,18:15:00,0.703433,0.703433,0.702988,0.703136,100.0000
2026.07.30,18:30:00,0.703185,0.703235,0.702988,0.703037,100.0000
2026.07.30,18:45:00,0.703087,0.703136,0.703037,0.703136,100.0000
2026.07.30,19:00:00,0.703235,0.703433,0.703185,0.703185,100.0000
2026.07.30,19:15:00,0.703037,0.703482,0.703037,0.703334,100.0000
2026.07.30,19:30:00,0.703334,0.703383,0.703235,0.703383,100.0000
2026.07.30,19:45:00,0.703433,0.703482,0.703235,0.703482,100.0000
2026.07.30,20:00:00,0.703482,0.703532,0.703383,0.703532,100.0000
2026.07.30,20:15:00,0.703433,0.703433,0.703284,0.703284,100.0000
2026.07.30,20:30:00,0.703284,0.703284,0.703185,0.703185,100.0000
2026.07.30,20:45:00,0.703185,0.703235,0.703087,0.703235,100.0000
2026.07.30,21:00:00,0.702691,0.702790,0.702198,0.702445,100.0000
2026.07.30,21:15:00,0.702445,0.702642,0.702445,0.702642,100.0000
2026.07.30,21:30:00,0.702691,0.702691,0.702543,0.702691,100.0000
2026.07.30,21:45:00,0.702642,0.702839,0.702642,0.702642,100.0000
2026.07.30,22:00:00,0.703087,0.703235,0.703037,0.703037,100.0000
2026.07.30,22:15:00,0.703037,0.703037,0.702988,0.702988,100.0000
2026.07.30,22:30:00,0.703136,0.703284,0.703087,0.703185,100.0000
2026.07.30,22:45:00,0.703235,0.703235,0.703136,0.703136,100.0000
2026.07.30,23:00:00,0.703235,0.703235,0.702839,0.702889,100.0000
2026.07.30,23:15:00,0.702938,0.702938,0.702839,0.702889,100.0000
2026.07.30,23:30:00,0.702790,0.702839,0.702741,0.702741,100.0000
2026.07.30,23:45:00,0.702839,0.702839,0.702642,0.702790,100.0000
2026.07.31,00:00:00,0.702741,0.702988,0.702642,0.702938,100.0000
2026.07.31,00:15:00,0.702988,0.703235,0.702988,0.703185,100.0000
2026.07.31,00:30:00,0.703235,0.703334,0.703087,0.703185,100.0000
2026.07.31,00:45:00,0.703284,0.703284,0.702988,0.703235,100.0000
2026.07.31,01:00:00,0.703433,0.703482,0.703185,0.703235,100.0000
2026.07.31,01:15:00,0.703087,0.703087,0.702839,0.702839,100.0000
2026.07.31,01:30:00,0.702790,0.702889,0.702691,0.702691,100.0000
2026.07.31,01:45:00,0.702741,0.702741,0.702543,0.702642,100.0000
2026.07.31,02:00:00,0.702593,0.702593,0.702494,0.702593,100.0000
2026.07.31,02:15:00,0.702395,0.702543,0.702296,0.702543,100.0000
2026.07.31,02:30:00,0.702642,0.702790,0.702642,0.702741,100.0000
2026.07.31,02:45:00,0.702790,0.702790,0.702494,0.702691,100.0000
2026.07.31,03:00:00,0.702642,0.702642,0.702445,0.702445,100.0000
2026.07.31,03:15:00,0.702346,0.702593,0.702346,0.702593,100.0000
2026.07.31,03:30:00,0.702593,0.702790,0.702593,0.702691,100.0000
2026.07.31,03:45:00,0.702790,0.702839,0.702642,0.702790,100.0000
2026.07.31,04:00:00,0.702839,0.703037,0.702839,0.702938,100.0000
2026.07.31,04:15:00,0.702889,0.703284,0.702889,0.703136,100.0000
2026.07.31,04:30:00,0.702889,0.703136,0.702889,0.702988,100.0000
2026.07.31,04:45:00,0.703087,0.703087,0.702889,0.702988,100.0000
2026.07.31,05:00:00,0.702988,0.703136,0.702938,0.703087,100.0000
2026.07.31,05:15:00,0.703087,0.703235,0.703087,0.703185,100.0000
2026.07.31,05:30:00,0.703037,0.703383,0.703037,0.703334,100.0000
2026.07.31,05:45:00,0.703185,0.703235,0.702938,0.703235,100.0000
2026.07.31,06:00:00,0.703235,0.703631,0.703235,0.703532,100.0000
2026.07.31,06:15:00,0.703532,0.703977,0.703532,0.703977,100.0000
2026.07.31,06:30:00,0.703878,0.703878,0.703433,0.703433,100.0000
2026.07.31,06:45:00,0.703581,0.703829,0.703581,0.703581,100.0000
2026.07.31,07:00:00,0.703433,0.703433,0.703235,0.703433,100.0000
2026.07.31,07:15:00,0.703433,0.703680,0.703284,0.703680,100.0000
2026.07.31,07:30:00,0.703334,0.703581,0.703185,0.703581,100.0000
2026.07.31,07:45:00,0.703631,0.703977,0.703235,0.703235,100.0000
2026.07.31,08:00:00,0.703284,0.703433,0.702839,0.702839,100.0000
2026.07.31,08:15:00,0.703037,0.703433,0.703037,0.703383,100.0000
2026.07.31,08:30:00,0.703185,0.703482,0.703185,0.703482,100.0000
2026.07.31,08:45:00,0.703532,0.704573,0.703532,0.704573,100.0000
2026.07.31,09:00:00,0.704573,0.704672,0.703977,0.704176,100.0000
2026.07.31,09:15:00,0.704077,0.704176,0.703680,0.703680,100.0000
2026.07.31,09:30:00,0.703581,0.703631,0.703185,0.703235,100.0000
2026.07.31,09:45:00,0.703235,0.703730,0.703235,0.703581,100.0000
2026.07.31,10:00:00,0.703680,0.703779,0.703631,0.703680,100.0000
2026.07.31,10:15:00,0.703631,0.703631,0.703334,0.703433,100.0000
2026.07.31,10:30:00,0.703433,0.703581,0.703433,0.703433,100.0000
2026.07.31,10:45:00,0.703532,0.703532,0.703235,0.703284,100.0000
2026.07.31,11:00:00,0.703235,0.703433,0.703235,0.703284,100.0000
2026.07.31,11:15:00,0.703185,0.703185,0.702889,0.702938,100.0000
2026.07.31,11:30:00,0.702691,0.702691,0.702395,0.702395,100.0000
2026.07.31,11:45:00,0.702445,0.702445,0.702149,0.702149,100.0000
2026.07.31,12:00:00,0.702050,0.702198,0.701951,0.701951,100.0000
2026.07.31,12:15:00,0.702050,0.702050,0.701754,0.701754,100.0000
2026.07.31,12:30:00,0.701656,0.701656,0.701262,0.701311,100.0000
2026.07.31,12:45:00,0.701361,0.701607,0.701361,0.701508,100.0000
2026.07.31,13:00:00,0.701410,0.701754,0.701410,0.701607,100.0000
2026.07.31,13:15:00,0.701656,0.702691,0.701607,0.702593,100.0000
2026.07.31,13:30:00,0.702247,0.702247,0.701066,0.701066,100.0000
2026.07.31,13:45:00,0.701311,0.701311,0.700624,0.700624,100.0000
2026.07.31,14:00:00,0.700280,0.700427,0.699447,0.699692,100.0000
2026.07.31,14:15:00,0.699888,0.700476,0.699888,0.700476,100.0000
2026.07.31,14:30:00,0.700771,0.701656,0.700771,0.701557,100.0000
2026.07.31,14:45:00,0.701853,0.702543,0.701853,0.702543,100.0000
2026.07.31,15:00:00,0.702494,0.702593,0.702198,0.702395,100.0000
2026.07.31,15:15:00,0.702642,0.702642,0.702001,0.702099,100.0000
2026.07.31,15:30:00,0.702198,0.702741,0.702149,0.702543,100.0000
2026.07.31,15:45:00,0.702494,0.702642,0.702494,0.702642,100.0000
2026.07.31,16:00:00,0.702593,0.702790,0.702494,0.702790,100.0000
2026.07.31,16:15:00,0.702790,0.702839,0.702691,0.702790,100.0000
2026.07.31,16:30:00,0.702839,0.703087,0.702839,0.702938,100.0000
2026.07.31,16:45:00,0.702839,0.702839,0.702790,0.702839,100.0000
2026.07.31,17:00:00,0.702839,0.703235,0.702839,0.703235,100.0000
2026.07.31,17:15:00,0.703235,0.703680,0.703136,0.703680,100.0000
2026.07.31,17:30:00,0.703878,0.704027,0.703829,0.703878,100.0000
2026.07.31,17:45:00,0.703878,0.704077,0.703730,0.703779,100.0000
2026.07.31,18:00:00,0.703829,0.703928,0.703680,0.703680,100.0000
2026.07.31,18:15:00,0.703631,0.703829,0.703631,0.703730,100.0000
2026.07.31,18:30:00,0.703730,0.703829,0.703631,0.703779,100.0000
2026.07.31,18:45:00,0.703680,0.703928,0.703631,0.703928,100.0000
2026.07.31,19:00:00,0.704027,0.704126,0.703928,0.704126,100.0000
2026.07.31,19:15:00,0.704077,0.704225,0.704027,0.704225,100.0000
2026.07.31,19:30:00,0.704027,0.704225,0.703977,0.704225,100.0000
2026.07.31,19:45:00,0.704374,0.704374,0.703878,0.703878,100.0000
2026.07.31,20:00:00,0.703779,0.703779,0.703631,0.703631,100.0000
2026.07.31,20:15:00,0.703878,0.704176,0.703878,0.704027,100.0000
2026.07.31,20:30:00,0.704225,0.704325,0.704126,0.704225,100.0000
2026.07.31,20:45:00,0.704176,0.704424,0.702395,0.702395,100.0000
2026.07.31,21:00:00,0.702543,0.702543,0.702543,0.702543,100.0000
2026.07.31,21:15:00,0.702543,0.702543,0.702543,0.702543,100.0000
2026.08.02,23:00:00,0.704871,0.704871,0.704523,0.704622,100.0000
2026.08.02,23:15:00,0.704622,0.704722,0.704473,0.704722,100.0000
2026.08.02,23:30:00,0.704672,0.704672,0.704573,0.704573,100.0000
2026.08.02,23:45:00,0.704672,0.704920,0.704573,0.704771,100.0000
2026.08.03,00:00:00,0.704473,0.704622,0.704374,0.704374,100.0000
2026.08.03,00:15:00,0.704573,0.704722,0.704275,0.704722,100.0000
2026.08.03,00:30:00,0.704871,0.705069,0.704821,0.705069,100.0000
2026.08.03,00:45:00,0.704871,0.704871,0.704325,0.704473,100.0000
2026.08.03,01:00:00,0.704424,0.704424,0.703878,0.703878,100.0000
2026.08.03,01:15:00,0.703829,0.703829,0.703631,0.703680,100.0000
2026.08.03,01:30:00,0.703581,0.703779,0.703532,0.703680,100.0000
2026.08.03,01:45:00,0.703680,0.703680,0.703482,0.703631,100.0000
2026.08.03,02:00:00,0.703433,0.703631,0.703334,0.703334,100.0000
2026.08.03,02:15:00,0.703136,0.703383,0.703087,0.703087,100.0000
2026.08.03,02:30:00,0.703284,0.703581,0.703284,0.703433,100.0000
2026.08.03,02:45:00,0.703284,0.703433,0.703284,0.703334,100.0000
2026.08.03,03:00:00,0.703284,0.703334,0.703136,0.703136,100.0000
2026.08.03,03:15:00,0.703087,0.703235,0.703087,0.703235,100.0000
2026.08.03,03:30:00,0.703185,0.703185,0.703087,0.703185,100.0000
2026.08.03,03:45:00,0.703284,0.703334,0.703087,0.703185,100.0000
2026.08.03,04:00:00,0.703185,0.703334,0.703185,0.703334,100.0000
2026.08.03,04:15:00,0.703383,0.703383,0.703284,0.703284,100.0000
2026.08.03,04:30:00,0.703284,0.703383,0.703284,0.703383,100.0000
2026.08.03,04:45:00,0.703383,0.703532,0.703284,0.703334,100.0000
2026.08.03,05:00:00,0.703433,0.703433,0.703284,0.703433,100.0000
2026.08.03,05:15:00,0.703334,0.703433,0.703334,0.703433,100.0000
2026.08.03,05:30:00,0.703433,0.703581,0.703433,0.703581,100.0000
2026.08.03,05:45:00,0.703680,0.703878,0.703532,0.703878,100.0000
2026.08.03,06:00:00,0.703878,0.703977,0.703779,0.703779,100.0000
2026.08.03,06:15:00,0.703779,0.703829,0.703532,0.703631,100.0000
2026.08.03,06:30:00,0.703581,0.703631,0.703185,0.703185,100.0000
2026.08.03,06:45:00,0.703037,0.703087,0.702938,0.702938,100.0000
2026.08.03,07:00:00,0.703037,0.703037,0.702938,0.702938,100.0000
2026.08.03,07:15:00,0.702889,0.702889,0.702198,0.702642,100.0000
2026.08.03,07:30:00,0.702642,0.702691,0.702099,0.702099,100.0000
2026.08.03,07:45:00,0.702099,0.702099,0.701853,0.702001,100.0000
2026.08.03,08:00:00,0.701853,0.701902,0.701754,0.701902,100.0000
2026.08.03,08:15:00,0.701804,0.701804,0.701508,0.701508,100.0000
2026.08.03,08:30:00,0.701410,0.701607,0.701410,0.701508,100.0000
2026.08.03,08:45:00,0.701311,0.701410,0.701115,0.701164,100.0000
2026.08.03,09:00:00,0.701164,0.701164,0.701016,0.701164,100.0000
2026.08.03,09:15:00,0.701066,0.701066,0.700869,0.700967,100.0000
2026.08.03,09:30:00,0.700918,0.700967,0.700820,0.700967,100.0000
2026.08.03,09:45:00,0.701016,0.701066,0.700624,0.700624,100.0000
2026.08.03,10:00:00,0.700574,0.700624,0.700525,0.700624,100.0000
2026.08.03,10:15:00,0.700574,0.700574,0.700133,0.700329,100.0000
2026.08.03,10:30:00,0.700329,0.700427,0.700182,0.700182,100.0000
2026.08.03,10:45:00,0.700133,0.700329,0.700084,0.700280,100.0000
2026.08.03,11:00:00,0.700427,0.700427,0.700280,0.700329,100.0000
2026.08.03,11:15:00,0.700329,0.700378,0.700182,0.700231,100.0000
2026.08.03,11:30:00,0.700231,0.700771,0.700231,0.700771,100.0000
2026.08.03,11:45:00,0.700771,0.701066,0.700771,0.701066,100.0000
2026.08.03,12:00:00,0.700967,0.701115,0.700673,0.700673,100.0000
2026.08.03,12:15:00,0.700771,0.700771,0.700476,0.700525,100.0000
2026.08.03,12:30:00,0.700476,0.700525,0.700035,0.700035,100.0000
2026.08.03,12:45:00,0.700084,0.700133,0.699888,0.700084,100.0000
2026.08.03,13:00:00,0.700182,0.700231,0.699839,0.699839,100.0000
2026.08.03,13:15:00,0.699790,0.699790,0.699447,0.699741,100.0000
2026.08.03,13:30:00,0.699692,0.699692,0.699203,0.699301,100.0000
2026.08.03,13:45:00,0.699399,0.699399,0.698714,0.699350,100.0000
2026.08.03,14:00:00,0.699447,0.699643,0.699447,0.699496,100.0000
2026.08.03,14:15:00,0.699447,0.699594,0.699399,0.699447,100.0000
2026.08.03,14:30:00,0.699643,0.699741,0.699496,0.699496,100.0000
2026.08.03,14:45:00,0.699643,0.700133,0.699643,0.700133,100.0000
2026.08.03,15:00:00,0.700084,0.700133,0.699839,0.699839,100.0000
2026.08.03,15:15:00,0.699937,0.700035,0.699839,0.699839,100.0000
2026.08.03,15:30:00,0.699839,0.700084,0.699839,0.700084,100.0000
2026.08.03,15:45:00,0.700084,0.700280,0.700035,0.700182,100.0000
2026.08.03,16:00:00,0.700133,0.700231,0.700133,0.700182,100.0000
2026.08.03,16:15:00,0.700133,0.700280,0.700084,0.700084,100.0000
2026.08.03,16:30:00,0.700133,0.700133,0.700035,0.700133,100.0000
2026.08.03,16:45:00,0.700084,0.700084,0.699937,0.699937,100.0000
2026.08.03,17:00:00,0.699790,0.699790,0.699643,0.699692,100.0000
2026.08.03,17:15:00,0.699643,0.699643,0.699594,0.699594,100.0000
2026.08.03,17:30:00,0.699594,0.699643,0.699545,0.699594,100.0000
2026.08.03,17:45:00,0.699643,0.699692,0.699447,0.699447,100.0000
2026.08.03,18:00:00,0.699447,0.699692,0.699447,0.699594,100.0000
2026.08.03,18:15:00,0.699692,0.699839,0.699692,0.699839,100.0000
2026.08.03,18:30:00,0.699888,0.699937,0.699790,0.699937,100.0000
2026.08.03,18:45:00,0.699986,0.700182,0.699986,0.700182,100.0000
2026.08.03,19:00:00,0.700280,0.700329,0.700182,0.700182,100.0000
2026.08.03,19:15:00,0.700182,0.700231,0.700133,0.700133,100.0000
2026.08.03,19:30:00,0.700133,0.700231,0.700133,0.700231,100.0000
2026.08.03,19:45:00,0.700231,0.700280,0.700182,0.700182,100.0000
2026.08.03,20:00:00,0.700182,0.700231,0.700182,0.700182,100.0000
2026.08.03,20:15:00,0.700035,0.700133,0.700035,0.700035,100.0000
2026.08.03,20:30:00,0.700182,0.700280,0.700182,0.700231,100.0000
2026.08.03,20:45:00,0.700280,0.700280,0.700280,0.700280,100.0000
2026.08.03,21:00:00,0.700231,0.700427,0.700231,0.700427,100.0000
2026.08.03,21:15:00,0.700427,0.700427,0.700133,0.700133,100.0000
2026.08.03,21:30:00,0.700084,0.700231,0.700035,0.700231,100.0000
2026.08.03,21:45:00,0.700231,0.700329,0.700182,0.700182,100.0000
2026.08.03,22:00:00,0.700231,0.700231,0.699986,0.699986,100.0000
2026.08.03,22:15:00,0.699986,0.700084,0.699986,0.700035,100.0000
2026.08.03,22:30:00,0.700182,0.700182,0.700035,0.700182,100.0000
2026.08.03,22:45:00,0.700182,0.700231,0.700133,0.700182,100.0000
2026.08.03,23:00:00,0.700133,0.700133,0.700084,0.700133,100.0000
2026.08.03,23:15:00,0.700182,0.700182,0.700035,0.700035,100.0000
2026.08.03,23:30:00,0.700084,0.700084,0.699937,0.699937,100.0000
2026.08.03,23:45:00,0.699937,0.700035,0.699937,0.699937,100.0000
2026.08.04,00:00:00,0.700084,0.700673,0.700084,0.700329,100.0000
2026.08.04,00:15:00,0.700329,0.700574,0.700329,0.700574,100.0000
2026.08.04,00:30:00,0.700574,0.700820,0.700574,0.700771,100.0000
2026.08.04,00:45:00,0.700771,0.700771,0.700231,0.700231,100.0000
2026.08.04,01:00:00,0.700035,0.700280,0.699986,0.700280,100.0000
2026.08.04,01:15:00,0.700231,0.700476,0.700182,0.700182,100.0000
2026.08.04,01:30:00,0.700673,0.701115,0.700673,0.701066,100.0000
2026.08.04,01:45:00,0.701164,0.701656,0.701164,0.701557,100.0000
2026.08.04,02:00:00,0.701656,0.701951,0.701213,0.701951,100.0000
2026.08.04,02:15:00,0.701853,0.701853,0.701656,0.701656,100.0000
2026.08.04,02:30:00,0.701853,0.701951,0.701853,0.701951,100.0000
2026.08.04,02:45:00,0.701902,0.702001,0.701754,0.701754,100.0000
2026.08.04,03:00:00,0.702001,0.702050,0.701853,0.701853,100.0000
2026.08.04,03:15:00,0.701902,0.702445,0.701902,0.702445,100.0000
2026.08.04,03:30:00,0.702494,0.702494,0.702050,0.702050,100.0000
2026.08.04,03:45:00,0.702050,0.702198,0.702050,0.702149,100.0000
2026.08.04,04:00:00,0.702099,0.702099,0.701951,0.701951,100.0000
2026.08.04,04:15:00,0.702050,0.702247,0.702050,0.702198,100.0000
2026.08.04,04:30:00,0.702247,0.702247,0.702099,0.702099,100.0000
2026.08.04,04:45:00,0.702001,0.702198,0.702001,0.702149,100.0000
2026.08.04,05:00:00,0.702099,0.702198,0.702001,0.702001,100.0000
2026.08.04,05:15:00,0.702099,0.702198,0.702001,0.702198,100.0000
2026.08.04,05:30:00,0.702296,0.702296,0.701853,0.701853,100.0000
2026.08.04,05:45:00,0.701804,0.702149,0.701754,0.702099,100.0000
2026.08.04,06:00:00,0.702001,0.702198,0.701705,0.701705,100.0000
2026.08.04,06:15:00,0.701902,0.702296,0.701804,0.702099,100.0000
2026.08.04,06:30:00,0.702149,0.702149,0.701607,0.701607,100.0000
2026.08.04,06:45:00,0.701607,0.701705,0.701459,0.701705,100.0000
2026.08.04,07:00:00,0.701902,0.702247,0.701902,0.702198,100.0000
2026.08.04,07:15:00,0.702296,0.702445,0.702198,0.702198,100.0000
2026.08.04,07:30:00,0.702099,0.702247,0.702001,0.702001,100.0000
2026.08.04,07:45:00,0.702050,0.702247,0.702001,0.702001,100.0000
2026.08.04,08:00:00,0.702149,0.702445,0.702149,0.702247,100.0000
2026.08.04,08:15:00,0.702247,0.702543,0.702247,0.702543,100.0000
2026.08.04,08:30:00,0.702543,0.702642,0.702395,0.702642,100.0000
2026.08.04,08:45:00,0.702543,0.702543,0.702445,0.702494,100.0000
2026.08.04,09:00:00,0.702395,0.702445,0.702346,0.702445,100.0000
2026.08.04,09:15:00,0.702494,0.702889,0.702395,0.702889,100.0000
2026.08.04,09:30:00,0.702839,0.702889,0.702790,0.702839,100.0000
2026.08.04,09:45:00,0.702790,0.702938,0.702691,0.702938,100.0000
2026.08.04,10:00:00,0.702988,0.703136,0.702988,0.703087,100.0000
2026.08.04,10:15:00,0.703037,0.703185,0.702938,0.703037,100.0000
2026.08.04,10:30:00,0.703037,0.703087,0.702988,0.703037,100.0000
2026.08.04,10:45:00,0.703532,0.703730,0.703383,0.703383,100.0000
2026.08.04,11:00:00,0.703235,0.703532,0.703235,0.703532,100.0000
2026.08.04,11:15:00,0.703482,0.703779,0.703433,0.703779,100.0000
2026.08.04,11:30:00,0.703878,0.703977,0.703730,0.703829,100.0000
2026.08.04,11:45:00,0.703779,0.703779,0.703433,0.703532,100.0000
2026.08.04,12:00:00,0.703433,0.703482,0.703235,0.703235,100.0000
2026.08.04,12:15:00,0.703185,0.703284,0.703185,0.703185,100.0000
2026.08.04,12:30:00,0.703334,0.703878,0.703334,0.703779,100.0000
2026.08.04,12:45:00,0.703730,0.703878,0.703532,0.703581,100.0000
2026.08.04,13:00:00,0.703433,0.703532,0.703334,0.703532,100.0000
2026.08.04,13:15:00,0.703581,0.704027,0.703334,0.703581,100.0000
2026.08.04,13:30:00,0.703383,0.703928,0.703383,0.703730,100.0000
2026.08.04,13:45:00,0.703680,0.703878,0.703680,0.703829,100.0000
2026.08.04,14:00:00,0.703779,0.704275,0.703779,0.704275,100.0000
2026.08.04,14:15:00,0.704374,0.704374,0.704126,0.704275,100.0000
2026.08.04,14:30:00,0.704325,0.704374,0.703928,0.704027,100.0000
2026.08.04,14:45:00,0.703878,0.704126,0.703829,0.704126,100.0000
2026.08.04,15:00:00,0.704077,0.704077,0.703680,0.703680,100.0000
2026.08.04,15:15:00,0.703581,0.703631,0.703383,0.703631,100.0000
2026.08.04,15:30:00,0.703532,0.703730,0.703433,0.703680,100.0000
2026.08.04,15:45:00,0.703730,0.703928,0.703631,0.703928,100.0000
2026.08.04,16:00:00,0.703977,0.704027,0.703779,0.704027,100.0000
2026.08.04,16:15:00,0.703878,0.704126,0.703878,0.704027,100.0000
2026.08.04,16:30:00,0.704027,0.704027,0.703878,0.703977,100.0000
2026.08.04,16:45:00,0.704027,0.704126,0.704027,0.704077,100.0000
2026.08.04,17:00:00,0.704176,0.704275,0.704126,0.704225,100.0000
2026.08.04,17:15:00,0.704225,0.704275,0.704176,0.704176,100.0000
2026.08.04,17:30:00,0.704176,0.704424,0.704126,0.704424,100.0000
2026.08.04,17:45:00,0.704424,0.704424,0.704225,0.704225,100.0000
2026.08.04,18:00:00,0.704176,0.704325,0.704126,0.704225,100.0000
2026.08.04,18:15:00,0.704225,0.704225,0.704176,0.704225,100.0000
2026.08.04,18:30:00,0.704225,0.704275,0.704176,0.704275,100.0000
2026.08.04,18:45:00,0.704374,0.704871,0.704325,0.704821,100.0000
2026.08.04,19:00:00,0.704821,0.704920,0.704771,0.704871,100.0000
2026.08.04,19:15:00,0.704871,0.705020,0.704871,0.705020,100.0000
2026.08.04,19:30:00,0.705069,0.705119,0.705020,0.705069,100.0000
2026.08.04,19:45:00,0.705069,0.705069,0.704871,0.704871,100.0000
2026.08.04,20:00:00,0.704871,0.705020,0.704871,0.705020,100.0000
2026.08.04,20:15:00,0.704970,0.705020,0.704920,0.704920,100.0000
2026.08.04,20:30:00,0.704920,0.704920,0.704821,0.704821,100.0000
2026.08.04,20:45:00,0.704871,0.704920,0.704871,0.704920,100.0000
2026.08.04,21:00:00,0.704821,0.704821,0.704473,0.704473,100.0000
2026.08.04,21:15:00,0.704573,0.704622,0.704424,0.704473,100.0000
2026.08.04,21:30:00,0.704523,0.704722,0.704523,0.704573,100.0000
2026.08.04,21:45:00,0.704573,0.704821,0.704424,0.704821,100.0000
2026.08.04,22:00:00,0.704821,0.704920,0.704771,0.704920,100.0000
2026.08.04,22:15:00,0.704970,0.704970,0.704920,0.704920,100.0000
2026.08.04,22:30:00,0.704970,0.705119,0.704970,0.705069,100.0000
2026.08.04,22:45:00,0.704970,0.705069,0.704920,0.705069,100.0000
2026.08.04,23:00:00,0.705119,0.705119,0.704970,0.705069,100.0000
2026.08.04,23:15:00,0.705069,0.705119,0.705069,0.705069,100.0000
2026.08.04,23:30:00,0.705020,0.705069,0.704920,0.704970,100.0000
2026.08.04,23:45:00,0.704970,0.705020,0.704871,0.704920,100.0000
2026.08.05,00:00:00,0.705020,0.705020,0.704821,0.704871,100.0000
2026.08.05,00:15:00,0.704920,0.705567,0.704920,0.705517,100.0000
2026.08.05,00:30:00,0.705418,0.705418,0.705020,0.705020,100.0000
2026.08.05,00:45:00,0.704821,0.704821,0.704573,0.704573,100.0000
2026.08.05,01:00:00,0.704374,0.704821,0.704325,0.704622,100.0000
2026.08.05,01:15:00,0.704672,0.704722,0.704275,0.704424,100.0000
2026.08.05,01:30:00,0.704374,0.704523,0.704374,0.704523,100.0000
2026.08.05,01:45:00,0.704573,0.704573,0.704473,0.704573,100.0000
2026.08.05,02:00:00,0.704821,0.704821,0.704374,0.704374,100.0000
2026.08.05,02:15:00,0.704374,0.704622,0.704374,0.704573,100.0000
2026.08.05,02:30:00,0.704672,0.705219,0.704672,0.705169,100.0000
2026.08.05,02:45:00,0.705268,0.705268,0.704970,0.704970,100.0000
2026.08.05,03:00:00,0.705020,0.705467,0.705020,0.705467,100.0000
2026.08.05,03:15:00,0.705467,0.705467,0.705169,0.705169,100.0000
2026.08.05,03:30:00,0.705119,0.705219,0.705119,0.705219,100.0000
2026.08.05,03:45:00,0.705219,0.705219,0.705119,0.705119,100.0000
2026.08.05,04:00:00,0.705268,0.705467,0.705268,0.705467,100.0000
2026.08.05,04:15:00,0.705567,0.705766,0.705567,0.705667,100.0000
2026.08.05,04:30:00,0.705667,0.705716,0.705219,0.705219,100.0000
2026.08.05,04:45:00,0.705318,0.705368,0.705069,0.705119,100.0000
2026.08.05,05:00:00,0.705020,0.705020,0.704771,0.704871,100.0000
2026.08.05,05:15:00,0.704920,0.704920,0.704821,0.704821,100.0000
2026.08.05,05:30:00,0.704920,0.705020,0.704821,0.705020,100.0000
2026.08.05,05:45:00,0.705069,0.705069,0.704920,0.705020,100.0000
2026.08.05,06:00:00,0.705069,0.705268,0.705069,0.705219,100.0000
2026.08.05,06:15:00,0.704970,0.704970,0.704622,0.704622,100.0000
2026.08.05,06:30:00,0.704622,0.705020,0.704622,0.704871,100.0000
2026.08.05,06:45:00,0.704970,0.705169,0.704970,0.705169,100.0000
2026.08.05,07:00:00,0.705219,0.705219,0.704722,0.704771,100.0000
2026.08.05,07:15:00,0.704722,0.704722,0.704374,0.704374,100.0000
2026.08.05,07:30:00,0.704473,0.704622,0.704374,0.704622,100.0000
2026.08.05,07:45:00,0.704573,0.704970,0.704573,0.704970,100.0000
2026.08.05,08:00:00,0.705069,0.705069,0.704821,0.704871,100.0000
2026.08.05,08:15:00,0.704722,0.705020,0.704722,0.704920,100.0000
2026.08.05,08:30:00,0.704970,0.704970,0.704573,0.704672,100.0000
2026.08.05,08:45:00,0.704473,0.704622,0.704473,0.704573,100.0000
2026.08.05,09:00:00,0.704622,0.704771,0.704573,0.704722,100.0000
2026.08.05,09:15:00,0.704622,0.704722,0.704622,0.704622,100.0000
2026.08.05,09:30:00,0.704622,0.704871,0.704622,0.704871,100.0000
2026.08.05,09:45:00,0.704920,0.704970,0.704871,0.704871,100.0000
2026.08.05,10:00:00,0.704821,0.704821,0.704573,0.704573,100.0000
2026.08.05,10:15:00,0.704622,0.704722,0.704424,0.704473,100.0000
2026.08.05,10:30:00,0.704424,0.704473,0.704374,0.704374,100.0000
2026.08.05,10:45:00,0.704374,0.704523,0.704325,0.704473,100.0000
2026.08.05,11:00:00,0.704622,0.704821,0.704622,0.704821,100.0000
2026.08.05,11:15:00,0.704722,0.705020,0.704722,0.704871,100.0000
2026.08.05,11:30:00,0.705069,0.705268,0.705020,0.705169,100.0000
2026.08.05,11:45:00,0.705169,0.705268,0.705169,0.705169,100.0000
2026.08.05,12:00:00,0.705268,0.705517,0.705268,0.705268,100.0000
2026.08.05,12:15:00,0.705368,0.705567,0.705368,0.705368,100.0000
2026.08.05,12:30:00,0.705268,0.705617,0.705219,0.705219,100.0000
2026.08.05,12:45:00,0.705219,0.705318,0.704920,0.705020,100.0000
2026.08.05,13:00:00,0.705020,0.705169,0.705020,0.705069,100.0000
2026.08.05,13:15:00,0.705169,0.705268,0.704970,0.705268,100.0000
2026.08.05,13:30:00,0.705268,0.705368,0.704771,0.705268,100.0000
2026.08.05,13:45:00,0.705169,0.705667,0.705169,0.705567,100.0000
2026.08.05,14:00:00,0.705716,0.706664,0.705716,0.706165,100.0000
2026.08.05,14:15:00,0.706414,0.706414,0.706165,0.706165,100.0000
2026.08.05,14:30:00,0.706165,0.706314,0.706115,0.706314,100.0000
2026.08.05,14:45:00,0.706265,0.706364,0.705617,0.706015,100.0000
2026.08.05,15:00:00,0.706065,0.706165,0.706015,0.706015,100.0000
2026.08.05,15:15:00,0.705716,0.705866,0.705617,0.705617,100.0000
2026.08.05,15:30:00,0.705617,0.705816,0.705567,0.705766,100.0000
2026.08.05,15:45:00,0.705567,0.705567,0.705268,0.705268,100.0000
2026.08.05,16:00:00,0.705318,0.705418,0.705219,0.705368,100.0000
2026.08.05,16:15:00,0.705418,0.705617,0.705418,0.705517,100.0000
2026.08.05,16:30:00,0.705517,0.705517,0.705467,0.705467,100.0000
2026.08.05,16:45:00,0.705467,0.705467,0.705368,0.705418,100.0000
2026.08.05,17:00:00,0.705567,0.705567,0.705318,0.705418,100.0000
2026.08.05,17:15:00,0.705418,0.705567,0.705318,0.705567,100.0000
2026.08.05,17:30:00,0.705467,0.705816,0.705467,0.705816,100.0000
2026.08.05,17:45:00,0.706065,0.706364,0.706065,0.706314,100.0000
2026.08.05,18:00:00,0.706414,0.706514,0.706414,0.706414,100.0000
2026.08.05,18:15:00,0.706314,0.706514,0.706314,0.706514,100.0000
2026.08.05,18:30:00,0.706364,0.706364,0.706215,0.706215,100.0000
2026.08.05,18:45:00,0.706265,0.706414,0.706265,0.706314,100.0000
2026.08.05,19:00:00,0.706364,0.706364,0.706215,0.706215,100.0000
2026.08.05,19:15:00,0.706165,0.706165,0.706065,0.706065,100.0000
2026.08.05,19:30:00,0.706015,0.706115,0.706015,0.706065,100.0000
2026.08.05,19:45:00,0.706115,0.706115,0.705766,0.705766,100.0000
2026.08.05,20:00:00,0.705866,0.705965,0.705816,0.705816,100.0000
2026.08.05,20:15:00,0.705816,0.705916,0.705766,0.705916,100.0000
2026.08.05,20:30:00,0.705916,0.706015,0.705916,0.705965,100.0000
2026.08.05,20:45:00,0.705965,0.706015,0.705965,0.705965,100.0000
2026.08.05,21:00:00,0.706015,0.706065,0.705667,0.706065,100.0000
2026.08.05,21:15:00,0.706115,0.706115,0.705916,0.705916,100.0000
2026.08.05,21:30:00,0.705866,0.705916,0.705716,0.705716,100.0000
2026.08.05,21:45:00,0.705716,0.705716,0.705617,0.705716,100.0000
2026.08.05,22:00:00,0.705916,0.705916,0.705766,0.705916,100.0000
2026.08.05,22:15:00,0.705916,0.705965,0.705866,0.705916,100.0000
2026.08.05,22:30:00,0.705965,0.706065,0.705965,0.706065,100.0000
2026.08.05,22:45:00,0.706115,0.706115,0.705965,0.705965,100.0000
2026.08.05,23:00:00,0.706015,0.706015,0.705916,0.706015,100.0000
2026.08.05,23:15:00,0.705965,0.706015,0.705916,0.705965,100.0000
2026.08.05,23:30:00,0.705965,0.706015,0.705916,0.706015,100.0000
2026.08.05,23:45:00,0.706015,0.706165,0.705866,0.705965,100.0000
2026.08.06,00:00:00,0.705766,0.706115,0.705766,0.705816,100.0000
2026.08.06,00:15:00,0.705965,0.706015,0.705766,0.705766,100.0000
2026.08.06,00:30:00,0.705766,0.706115,0.705766,0.706065,100.0000
2026.08.06,00:45:00,0.706165,0.706165,0.705965,0.705965,100.0000
2026.08.06,01:00:00,0.706065,0.706065,0.705766,0.705816,100.0000
2026.08.06,01:15:00,0.705866,0.705965,0.705716,0.705716,100.0000
2026.08.06,01:30:00,0.705866,0.706065,0.705816,0.706015,100.0000
2026.08.06,01:45:00,0.705916,0.706015,0.705916,0.705916,100.0000
2026.08.06,02:00:00,0.706065,0.706215,0.705965,0.705965,100.0000
2026.08.06,02:15:00,0.705866,0.706015,0.705766,0.705866,100.0000
2026.08.06,02:30:00,0.705916,0.706115,0.705916,0.706115,100.0000
2026.08.06,02:45:00,0.706165,0.706165,0.705866,0.705866,100.0000
2026.08.06,03:00:00,0.705816,0.705816,0.705567,0.705567,100.0000
2026.08.06,03:15:00,0.705467,0.705467,0.705119,0.705119,100.0000
2026.08.06,03:30:00,0.705219,0.705219,0.705069,0.705069,100.0000
2026.08.06,03:45:00,0.704920,0.704970,0.704871,0.704970,100.0000
2026.08.06,04:00:00,0.704920,0.705020,0.704920,0.705020,100.0000
2026.08.06,04:15:00,0.704920,0.704920,0.704821,0.704821,100.0000
2026.08.06,04:30:00,0.704871,0.704871,0.704672,0.704722,100.0000
2026.08.06,04:45:00,0.704771,0.705020,0.704771,0.705020,100.0000
2026.08.06,05:00:00,0.704970,0.704970,0.704622,0.704622,100.0000
2026.08.06,05:15:00,0.704622,0.704672,0.704573,0.704622,100.0000
2026.08.06,05:30:00,0.704573,0.704920,0.704523,0.704871,100.0000
2026.08.06,05:45:00,0.704970,0.705069,0.704821,0.704970,100.0000
2026.08.06,06:00:00,0.705020,0.705020,0.704573,0.704573,100.0000
2026.08.06,06:15:00,0.704523,0.704573,0.704473,0.704473,100.0000
2026.08.06,06:30:00,0.704424,0.704424,0.704176,0.704325,100.0000
2026.08.06,06:45:00,0.704473,0.704473,0.704225,0.704424,100.0000
2026.08.06,07:00:00,0.704473,0.704622,0.704424,0.704573,100.0000
2026.08.06,07:15:00,0.704573,0.704622,0.704523,0.704523,100.0000
2026.08.06,07:30:00,0.704424,0.704424,0.704027,0.704077,100.0000
2026.08.06,07:45:00,0.703928,0.704077,0.703928,0.704027,100.0000
2026.08.06,08:00:00,0.703928,0.704225,0.703928,0.704126,100.0000
2026.08.06,08:15:00,0.704176,0.704275,0.704126,0.704126,100.0000
2026.08.06,08:30:00,0.704275,0.704473,0.704225,0.704424,100.0000
2026.08.06,08:45:00,0.704473,0.704672,0.704374,0.704672,100.0000
2026.08.06,09:00:00,0.704622,0.704622,0.704374,0.704573,100.0000
2026.08.06,09:15:00,0.704573,0.704622,0.704424,0.704523,100.0000
2026.08.06,09:30:00,0.704573,0.704573,0.704225,0.704225,100.0000
2026.08.06,09:45:00,0.704225,0.704473,0.704225,0.704424,100.0000
2026.08.06,10:00:00,0.704424,0.704424,0.704225,0.704225,100.0000
2026.08.06,10:15:00,0.704126,0.704424,0.704126,0.704424,100.0000
2026.08.06,10:30:00,0.704424,0.704424,0.704374,0.704374,100.0000
2026.08.06,10:45:00,0.704374,0.704573,0.704374,0.704473,100.0000
2026.08.06,11:00:00,0.704473,0.704523,0.704275,0.704424,100.0000
2026.08.06,11:15:00,0.704424,0.704424,0.704275,0.704275,100.0000
2026.08.06,11:30:00,0.704275,0.704275,0.703977,0.704027,100.0000
2026.08.06,11:45:00,0.704027,0.704573,0.703977,0.704573,100.0000
2026.08.06,12:00:00,0.704622,0.704672,0.704374,0.704374,100.0000
2026.08.06,12:15:00,0.704374,0.704523,0.704374,0.704473,100.0000
2026.08.06,12:30:00,0.704473,0.704473,0.704275,0.704374,100.0000
2026.08.06,12:45:00,0.704374,0.704374,0.703928,0.704077,100.0000
2026.08.06,13:00:00,0.704126,0.704126,0.703581,0.703631,100.0000
2026.08.06,13:15:00,0.703730,0.703878,0.703680,0.703878,100.0000
2026.08.06,13:30:00,0.703779,0.704126,0.703779,0.704077,100.0000
2026.08.06,13:45:00,0.704126,0.704374,0.704126,0.704325,100.0000
2026.08.06,14:00:00,0.704325,0.704325,0.703977,0.704077,100.0000
2026.08.06,14:15:00,0.704077,0.704325,0.704077,0.704176,100.0000
2026.08.06,14:30:00,0.704126,0.704424,0.704126,0.704424,100.0000
2026.08.06,14:45:00,0.704225,0.704424,0.704027,0.704424,100.0000
2026.08.06,15:00:00,0.704275,0.704374,0.704077,0.704077,100.0000
2026.08.06,15:15:00,0.704027,0.704027,0.703482,0.703730,100.0000
2026.08.06,15:30:00,0.703631,0.703631,0.703334,0.703383,100.0000
2026.08.06,15:45:00,0.703433,0.703581,0.702988,0.702988,100.0000
2026.08.06,16:00:00,0.702889,0.703136,0.702889,0.702889,100.0000
2026.08.06,16:15:00,0.702790,0.703037,0.702691,0.703037,100.0000
2026.08.06,16:30:00,0.703037,0.703185,0.702938,0.702938,100.0000
2026.08.06,16:45:00,0.702988,0.703383,0.702988,0.703383,100.0000
2026.08.06,17:00:00,0.703482,0.703482,0.703334,0.703383,100.0000
2026.08.06,17:15:00,0.703284,0.703383,0.703284,0.703334,100.0000
2026.08.06,17:30:00,0.703383,0.703383,0.703284,0.703334,100.0000
2026.08.06,17:45:00,0.703383,0.703631,0.703383,0.703532,100.0000
2026.08.06,18:00:00,0.703581,0.703680,0.703581,0.703680,100.0000
2026.08.06,18:15:00,0.703680,0.703730,0.703631,0.703631,100.0000
2026.08.06,18:30:00,0.703631,0.703631,0.703532,0.703532,100.0000
2026.08.06,18:45:00,0.703581,0.703581,0.703433,0.703581,100.0000
2026.08.06,19:00:00,0.703680,0.703779,0.703680,0.703680,100.0000
2026.08.06,19:15:00,0.703680,0.703730,0.703433,0.703433,100.0000
2026.08.06,19:30:00,0.703433,0.703482,0.703235,0.703235,100.0000
2026.08.06,19:45:00,0.703284,0.703680,0.703235,0.703581,100.0000
2026.08.06,20:00:00,0.703532,0.703631,0.703482,0.703482,100.0000
2026.08.06,20:15:00,0.703433,0.703433,0.703284,0.703334,100.0000
2026.08.06,20:30:00,0.703284,0.703383,0.703235,0.703284,100.0000
2026.08.06,20:45:00,0.703334,0.703433,0.703334,0.703433,100.0000
2026.08.06,21:00:00,0.703383,0.703482,0.703284,0.703482,100.0000
2026.08.06,21:15:00,0.703532,0.703631,0.703284,0.703284,100.0000
2026.08.06,21:30:00,0.703383,0.703383,0.703087,0.703087,100.0000
2026.08.06,21:45:00,0.703037,0.703185,0.703037,0.703185,100.0000
2026.08.06,22:00:00,0.703235,0.703334,0.703235,0.703334,100.0000
2026.08.06,22:15:00,0.703383,0.703383,0.703284,0.703334,100.0000
2026.08.06,22:30:00,0.703334,0.703334,0.703284,0.703334,100.0000
2026.08.06,22:45:00,0.703334,0.703334,0.703235,0.703235,100.0000
2026.08.06,23:00:00,0.703284,0.703334,0.703284,0.703284,100.0000
2026.08.06,23:15:00,0.703334,0.703334,0.703334,0.703334,100.0000
2026.08.06,23:30:00,0.703334,0.703482,0.703334,0.703482,100.0000
2026.08.06,23:45:00,0.703482,0.703631,0.703482,0.703581,100.0000
2026.08.07,00:00:00,0.703482,0.703581,0.703185,0.703185,100.0000
2026.08.07,00:15:00,0.703087,0.703235,0.702988,0.703136,100.0000
2026.08.07,00:30:00,0.703185,0.703235,0.703037,0.703037,100.0000
2026.08.07,00:45:00,0.703087,0.703087,0.702938,0.703087,100.0000
2026.08.07,01:00:00,0.703185,0.703334,0.703136,0.703284,100.0000
2026.08.07,01:15:00,0.703185,0.703185,0.703037,0.703087,100.0000
2026.08.07,01:30:00,0.702889,0.703185,0.702889,0.703185,100.0000
2026.08.07,01:45:00,0.703235,0.703235,0.703087,0.703136,100.0000
2026.08.07,02:00:00,0.703185,0.703235,0.702938,0.702988,100.0000
2026.08.07,02:15:00,0.702889,0.702889,0.702790,0.702839,100.0000
2026.08.07,02:30:00,0.702691,0.702691,0.702593,0.702642,100.0000
2026.08.07,02:45:00,0.702543,0.702938,0.702543,0.702593,100.0000
2026.08.07,03:00:00,0.702691,0.702790,0.702642,0.702691,100.0000
2026.08.07,03:15:00,0.702642,0.702642,0.702593,0.702593,100.0000
2026.08.07,03:30:00,0.702593,0.702741,0.702593,0.702593,100.0000
2026.08.07,03:45:00,0.702642,0.702790,0.702642,0.702790,100.0000
2026.08.07,04:00:00,0.702741,0.702839,0.702691,0.702790,100.0000
2026.08.07,04:15:00,0.702839,0.703037,0.702790,0.703037,100.0000
2026.08.07,04:30:00,0.703136,0.703136,0.702839,0.702839,100.0000
2026.08.07,04:45:00,0.702938,0.702938,0.702839,0.702889,100.0000
2026.08.07,05:00:00,0.702889,0.703087,0.702889,0.703087,100.0000
2026.08.07,05:15:00,0.702988,0.702988,0.702839,0.702839,100.0000
2026.08.07,05:30:00,0.702889,0.703087,0.702889,0.702988,100.0000
2026.08.07,05:45:00,0.703037,0.703284,0.703037,0.703087,100.0000
2026.08.07,06:00:00,0.703136,0.703185,0.702988,0.703136,100.0000
2026.08.07,06:15:00,0.703185,0.703433,0.703136,0.703433,100.0000
2026.08.07,06:30:00,0.703383,0.703581,0.703383,0.703433,100.0000
2026.08.07,06:45:00,0.703482,0.703631,0.703383,0.703532,100.0000
2026.08.07,07:00:00,0.703532,0.703878,0.703532,0.703878,100.0000
2026.08.07,07:15:00,0.703829,0.703829,0.703532,0.703631,100.0000
2026.08.07,07:30:00,0.703680,0.703730,0.703631,0.703680,100.0000
2026.08.07,07:45:00,0.703730,0.703829,0.703730,0.703779,100.0000
2026.08.07,08:00:00,0.703730,0.703928,0.703730,0.703829,100.0000
2026.08.07,08:15:00,0.703928,0.703928,0.703680,0.703680,100.0000
2026.08.07,08:30:00,0.703631,0.703928,0.703631,0.703928,100.0000
2026.08.07,08:45:00,0.703977,0.704126,0.703928,0.703928,100.0000
2026.08.07,09:00:00,0.704027,0.704176,0.703977,0.704176,100.0000
2026.08.07,09:15:00,0.704126,0.704374,0.704126,0.704225,100.0000
2026.08.07,09:30:00,0.704176,0.704325,0.704176,0.704325,100.0000
2026.08.07,09:45:00,0.704374,0.704374,0.704325,0.704325,100.0000
2026.08.07,10:00:00,0.704275,0.704374,0.704176,0.704176,100.0000
2026.08.07,10:15:00,0.704225,0.704225,0.704027,0.704077,100.0000
2026.08.07,10:30:00,0.703977,0.704027,0.703928,0.703928,100.0000
2026.08.07,10:45:00,0.703928,0.703977,0.703878,0.703878,100.0000
2026.08.07,11:00:00,0.704077,0.704126,0.703977,0.703977,100.0000
2026.08.07,11:15:00,0.703977,0.703977,0.703829,0.703829,100.0000
2026.08.07,11:30:00,0.703928,0.704325,0.703928,0.704325,100.0000
2026.08.07,11:45:00,0.704325,0.704325,0.704225,0.704275,100.0000
2026.08.07,12:00:00,0.704374,0.704473,0.704225,0.704424,100.0000
2026.08.07,12:15:00,0.704325,0.704325,0.704077,0.704077,100.0000
2026.08.07,12:30:00,0.706614,0.707664,0.706614,0.707664,100.0000
2026.08.07,12:45:00,0.707864,0.707914,0.707064,0.707064,100.0000
2026.08.07,13:00:00,0.707014,0.707064,0.706814,0.707064,100.0000
2026.08.07,13:15:00,0.706914,0.706964,0.706714,0.706864,100.0000
2026.08.07,13:30:00,0.706714,0.707164,0.706464,0.707164,100.0000
2026.08.07,13:45:00,0.707114,0.707114,0.706165,0.706165,100.0000
2026.08.07,14:00:00,0.706314,0.706314,0.706215,0.706215,100.0000
2026.08.07,14:15:00,0.706215,0.707064,0.706215,0.706964,100.0000
2026.08.07,14:30:00,0.706764,0.706864,0.706464,0.706464,100.0000
2026.08.07,14:45:00,0.706414,0.706464,0.706115,0.706215,100.0000
2026.08.07,15:00:00,0.706215,0.706364,0.705916,0.706265,100.0000
2026.08.07,15:15:00,0.706514,0.706714,0.706514,0.706514,100.0000
2026.08.07,15:30:00,0.706414,0.706664,0.706414,0.706514,100.0000
2026.08.07,15:45:00,0.706564,0.706564,0.706314,0.706564,100.0000
2026.08.07,16:00:00,0.706514,0.706964,0.706514,0.706964,100.0000
2026.08.07,16:15:00,0.707064,0.707114,0.706714,0.706714,100.0000
2026.08.07,16:30:00,0.706664,0.706914,0.706664,0.706914,100.0000
2026.08.07,16:45:00,0.707014,0.707114,0.706764,0.706764,100.0000
2026.08.07,17:00:00,0.706814,0.706964,0.706814,0.706914,100.0000
2026.08.07,17:15:00,0.706914,0.707014,0.706814,0.706964,100.0000
2026.08.07,17:30:00,0.706964,0.707114,0.706864,0.707114,100.0000
2026.08.07,17:45:00,0.707114,0.707114,0.706964,0.706964,100.0000
2026.08.07,18:00:00,0.706864,0.707014,0.706864,0.706914,100.0000
2026.08.07,18:15:00,0.706914,0.706914,0.706864,0.706864,100.0000
2026.08.07,18:30:00,0.706914,0.707014,0.706914,0.707014,100.0000
2026.08.07,18:45:00,0.707014,0.707164,0.707014,0.707064,100.0000
2026.08.07,19:00:00,0.707314,0.707414,0.707214,0.707314,100.0000
2026.08.07,19:15:00,0.707314,0.707714,0.707314,0.707714,100.0000
2026.08.07,19:30:00,0.707664,0.707664,0.707514,0.707514,100.0000
2026.08.07,19:45:00,0.707514,0.707514,0.707214,0.707214,100.0000
2026.08.07,20:00:00,0.707214,0.707214,0.706964,0.706964,100.0000
2026.08.07,20:15:00,0.706864,0.706914,0.706814,0.706814,100.0000
2026.08.07,20:30:00,0.706664,0.706864,0.706664,0.706764,100.0000
2026.08.07,20:45:00,0.706714,0.706964,0.706714,0.706964,100.0000
2026.08.07,21:00:00,0.707064,0.707064,0.707064,0.707064,100.0000
2026.08.07,21:15:00,0.707064,0.707064,0.707064,0.707064,100.0000
2026.08.09,23:00:00,0.706764,0.706914,0.706764,0.706864,100.0000
2026.08.09,23:15:00,0.706864,0.706964,0.706864,0.706914,100.0000
2026.08.09,23:30:00,0.706864,0.706864,0.706714,0.706764,100.0000
2026.08.09,23:45:00,0.706864,0.706864,0.706514,0.706514,100.0000
2026.08.10,00:00:00,0.706614,0.707064,0.706614,0.707064,100.0000
2026.08.10,00:15:00,0.707214,0.707214,0.706764,0.706814,100.0000
2026.08.10,00:30:00,0.706864,0.706864,0.706464,0.706464,100.0000
2026.08.10,00:45:00,0.706464,0.706664,0.706414,0.706414,100.0000
2026.08.10,01:00:00,0.706314,0.706364,0.706065,0.706314,100.0000
2026.08.10,01:15:00,0.706314,0.706664,0.706314,0.706614,100.0000
2026.08.10,01:30:00,0.706414,0.706414,0.706314,0.706414,100.0000
2026.08.10,01:45:00,0.706464,0.706664,0.706464,0.706664,100.0000
2026.08.10,02:00:00,0.706664,0.706714,0.706664,0.706664,100.0000
2026.08.10,02:15:00,0.706664,0.706664,0.706514,0.706614,100.0000
2026.08.10,02:30:00,0.706614,0.706614,0.706414,0.706414,100.0000
2026.08.10,02:45:00,0.706364,0.706464,0.706314,0.706364,100.0000
2026.08.10,03:00:00,0.706314,0.706314,0.706015,0.706015,100.0000
2026.08.10,03:15:00,0.706065,0.706314,0.706065,0.706165,100.0000
2026.08.10,03:30:00,0.706115,0.706265,0.706065,0.706165,100.0000
2026.08.10,03:45:00,0.706265,0.706314,0.706165,0.706165,100.0000
2026.08.10,04:00:00,0.706165,0.706165,0.705965,0.706015,100.0000
2026.08.10,04:15:00,0.706065,0.706065,0.705965,0.706065,100.0000
2026.08.10,04:30:00,0.706115,0.706115,0.706015,0.706065,100.0000
2026.08.10,04:45:00,0.706215,0.706364,0.706215,0.706314,100.0000
2026.08.10,05:00:00,0.706364,0.706564,0.706364,0.706514,100.0000
2026.08.10,05:15:00,0.706464,0.706514,0.706414,0.706414,100.0000
2026.08.10,05:30:00,0.706414,0.706864,0.706414,0.706764,100.0000
2026.08.10,05:45:00,0.706764,0.707064,0.706764,0.707064,100.0000
2026.08.10,06:00:00,0.707064,0.707114,0.707014,0.707014,100.0000
2026.08.10,06:15:00,0.706964,0.707164,0.706964,0.707114,100.0000
2026.08.10,06:30:00,0.706964,0.707064,0.706914,0.706914,100.0000
2026.08.10,06:45:00,0.706964,0.706964,0.706814,0.706864,100.0000
2026.08.10,07:00:00,0.706814,0.706914,0.706814,0.706814,100.0000
2026.08.10,07:15:00,0.706714,0.707064,0.706714,0.706864,100.0000
2026.08.10,07:30:00,0.706914,0.707314,0.706914,0.707064,100.0000
2026.08.10,07:45:00,0.707364,0.707364,0.707164,0.707314,100.0000
2026.08.10,08:00:00,0.707314,0.707514,0.707314,0.707514,100.0000
2026.08.10,08:15:00,0.707664,0.707664,0.707564,0.707564,100.0000
2026.08.10,08:30:00,0.707614,0.707614,0.707364,0.707364,100.0000
2026.08.10,08:45:00,0.707264,0.707314,0.707264,0.707264,100.0000
2026.08.10,09:00:00,0.707114,0.707164,0.707014,0.707164,100.0000
2026.08.10,09:15:00,0.707214,0.707314,0.707114,0.707314,100.0000
2026.08.10,09:30:00,0.707114,0.707114,0.706864,0.706914,100.0000
2026.08.10,09:45:00,0.706964,0.706964,0.706764,0.706764,100.0000
2026.08.10,10:00:00,0.706664,0.706764,0.706614,0.706714,100.0000
2026.08.10,10:15:00,0.706614,0.706714,0.706564,0.706664,100.0000
2026.08.10,10:30:00,0.706614,0.706764,0.706564,0.706764,100.0000
2026.08.10,10:45:00,0.706914,0.707014,0.706914,0.706964,100.0000
2026.08.10,11:00:00,0.706964,0.707014,0.706614,0.706614,100.0000
2026.08.10,11:15:00,0.706614,0.706664,0.706564,0.706614,100.0000
2026.08.10,11:30:00,0.706614,0.706764,0.706614,0.706714,100.0000
2026.08.10,11:45:00,0.706614,0.706614,0.706414,0.706614,100.0000
2026.08.10,12:00:00,0.706514,0.706564,0.706364,0.706364,100.0000
2026.08.10,12:15:00,0.706364,0.706364,0.706065,0.706165,100.0000
2026.08.10,12:30:00,0.706215,0.706215,0.705965,0.706065,100.0000
2026.08.10,12:45:00,0.705965,0.706015,0.705866,0.705965,100.0000
2026.08.10,13:00:00,0.705965,0.706115,0.705866,0.706115,100.0000
2026.08.10,13:15:00,0.706065,0.706065,0.705816,0.705965,100.0000
2026.08.10,13:30:00,0.705965,0.706065,0.705766,0.705816,100.0000
2026.08.10,13:45:00,0.705816,0.705916,0.705716,0.705916,100.0000
2026.08.10,14:00:00,0.705965,0.706414,0.705916,0.706414,100.0000
2026.08.10,14:15:00,0.706514,0.706764,0.706364,0.706764,100.0000
2026.08.10,14:30:00,0.706714,0.706764,0.706564,0.706764,100.0000
2026.08.10,14:45:00,0.706764,0.706764,0.706564,0.706564,100.0000
2026.08.10,15:00:00,0.706464,0.706614,0.706414,0.706614,100.0000
2026.08.10,15:15:00,0.706664,0.706864,0.706614,0.706664,100.0000
2026.08.10,15:30:00,0.706664,0.706664,0.706464,0.706614,100.0000
2026.08.10,15:45:00,0.706564,0.706764,0.706564,0.706764,100.0000
2026.08.10,16:00:00,0.706814,0.706814,0.706664,0.706764,100.0000
2026.08.10,16:15:00,0.706714,0.706764,0.706614,0.706714,100.0000
2026.08.10,16:30:00,0.706814,0.706814,0.706414,0.706414,100.0000
2026.08.10,16:45:00,0.706314,0.706364,0.706265,0.706314,100.0000
2026.08.10,17:00:00,0.706364,0.706364,0.706065,0.706115,100.0000
2026.08.10,17:15:00,0.706215,0.706215,0.705965,0.705965,100.0000
2026.08.10,17:30:00,0.706015,0.706065,0.705916,0.705916,100.0000
2026.08.10,17:45:00,0.705866,0.705866,0.705716,0.705716,100.0000
2026.08.10,18:00:00,0.705816,0.705866,0.705766,0.705866,100.0000
2026.08.10,18:15:00,0.705816,0.705816,0.705766,0.705816,100.0000
2026.08.10,18:30:00,0.705816,0.706065,0.705816,0.706065,100.0000
2026.08.10,18:45:00,0.706065,0.706065,0.705816,0.705916,100.0000
2026.08.10,19:00:00,0.705816,0.705866,0.705816,0.705866,100.0000
2026.08.10,19:15:00,0.705866,0.705965,0.705866,0.705866,100.0000
2026.08.10,19:30:00,0.705866,0.705965,0.705766,0.705965,100.0000
2026.08.10,19:45:00,0.705916,0.705965,0.705667,0.705667,100.0000
2026.08.10,20:00:00,0.705716,0.705766,0.705716,0.705716,100.0000
2026.08.10,20:15:00,0.705716,0.705716,0.705617,0.705617,100.0000
2026.08.10,20:30:00,0.705617,0.705667,0.705567,0.705667,100.0000
2026.08.10,20:45:00,0.705617,0.705667,0.705617,0.705667,100.0000
2026.08.10,21:00:00,0.706015,0.706065,0.705816,0.705916,100.0000
2026.08.10,21:15:00,0.705916,0.705916,0.705667,0.705766,100.0000
2026.08.10,21:30:00,0.705667,0.705716,0.705567,0.705716,100.0000
2026.08.10,21:45:00,0.705716,0.705866,0.705667,0.705866,100.0000
2026.08.10,22:00:00,0.705716,0.705716,0.705667,0.705716,100.0000
2026.08.10,22:15:00,0.705766,0.705766,0.705716,0.705766,100.0000
2026.08.10,22:30:00,0.705766,0.705816,0.705766,0.705816,100.0000
2026.08.10,22:45:00,0.705816,0.705866,0.705816,0.705866,100.0000
2026.08.10,23:00:00,0.705965,0.705965,0.705816,0.705816,100.0000
2026.08.10,23:15:00,0.705866,0.705916,0.705816,0.705866,100.0000
2026.08.10,23:30:00,0.705816,0.705816,0.705716,0.705766,100.0000
2026.08.10,23:45:00,0.705766,0.705965,0.705667,0.705766,100.0000
2026.08.11,00:00:00,0.705816,0.705866,0.705766,0.705866,100.0000
2026.08.11,00:15:00,0.705866,0.706065,0.705866,0.706065,100.0000
2026.08.11,00:30:00,0.706065,0.706065,0.705866,0.706015,100.0000
2026.08.11,00:45:00,0.706015,0.706015,0.705816,0.705866,100.0000
2026.08.11,01:00:00,0.705617,0.705916,0.705368,0.705916,100.0000
2026.08.11,01:15:00,0.706065,0.706265,0.706065,0.706265,100.0000
2026.08.11,01:30:00,0.706364,0.706464,0.706165,0.706215,100.0000
2026.08.11,01:45:00,0.706115,0.706314,0.706115,0.706115,100.0000
2026.08.11,02:00:00,0.706015,0.706115,0.706015,0.706015,100.0000
2026.08.11,02:15:00,0.706215,0.706215,0.705766,0.705816,100.0000
2026.08.11,02:30:00,0.705866,0.705965,0.705816,0.705916,100.0000
2026.08.11,02:45:00,0.705916,0.705916,0.705567,0.705617,100.0000
2026.08.11,03:00:00,0.705667,0.705866,0.705667,0.705866,100.0000
2026.08.11,03:15:00,0.705766,0.706165,0.705766,0.706165,100.0000
2026.08.11,03:30:00,0.706165,0.706165,0.706065,0.706065,100.0000
2026.08.11,03:45:00,0.706015,0.706065,0.705965,0.705965,100.0000
2026.08.11,04:00:00,0.706015,0.706065,0.706015,0.706065,100.0000
2026.08.11,04:15:00,0.706115,0.706314,0.706115,0.706314,100.0000
2026.08.11,04:30:00,0.704920,0.705667,0.704821,0.704821,100.0000
2026.08.11,04:45:00,0.704821,0.705169,0.704523,0.705169,100.0000
2026.08.11,05:00:00,0.705119,0.705169,0.704821,0.704821,100.0000
2026.08.11,05:15:00,0.704672,0.704771,0.704473,0.704573,100.0000
2026.08.11,05:30:00,0.704424,0.705268,0.704424,0.705268,100.0000
2026.08.11,05:45:00,0.705368,0.705965,0.705169,0.705766,100.0000
2026.08.11,06:00:00,0.705866,0.706065,0.705866,0.705916,100.0000
2026.08.11,06:15:00,0.705866,0.705866,0.705467,0.705567,100.0000
2026.08.11,06:30:00,0.705467,0.705667,0.705318,0.705517,100.0000
2026.08.11,06:45:00,0.705467,0.705567,0.705368,0.705418,100.0000
2026.08.11,07:00:00,0.705467,0.705667,0.705467,0.705667,100.0000
2026.08.11,07:15:00,0.705716,0.705716,0.705467,0.705617,100.0000
2026.08.11,07:30:00,0.705667,0.705716,0.705318,0.705318,100.0000
2026.08.11,07:45:00,0.705219,0.705219,0.704970,0.704970,100.0000
2026.08.11,08:00:00,0.705069,0.705268,0.705069,0.705119,100.0000
2026.08.11,08:15:00,0.705268,0.705467,0.705268,0.705418,100.0000
2026.08.11,08:30:00,0.705318,0.705617,0.705318,0.705617,100.0000
2026.08.11,08:45:00,0.705467,0.705667,0.705467,0.705467,100.0000
2026.08.11,09:00:00,0.705418,0.705517,0.705368,0.705368,100.0000
2026.08.11,09:15:00,0.705418,0.705567,0.705368,0.705368,100.0000
2026.08.11,09:30:00,0.705467,0.705617,0.705467,0.705617,100.0000
2026.08.11,09:45:00,0.705517,0.705916,0.705517,0.705916,100.0000
2026.08.11,10:00:00,0.705916,0.706115,0.705866,0.706065,100.0000
2026.08.11,10:15:00,0.706065,0.706165,0.705916,0.706165,100.0000
2026.08.11,10:30:00,0.706265,0.706265,0.706115,0.706265,100.0000
2026.08.11,10:45:00,0.706314,0.706364,0.706265,0.706364,100.0000
2026.08.11,11:00:00,0.706614,0.706864,0.706614,0.706814,100.0000
2026.08.11,11:15:00,0.706764,0.706764,0.706564,0.706664,100.0000
2026.08.11,11:30:00,0.706564,0.706614,0.706464,0.706464,100.0000
2026.08.11,11:45:00,0.706364,0.706414,0.706265,0.706414,100.0000
2026.08.11,12:00:00,0.706314,0.706714,0.706314,0.706514,100.0000
2026.08.11,12:15:00,0.706514,0.706564,0.706215,0.706514,100.0000
2026.08.11,12:30:00,0.706614,0.706864,0.706614,0.706664,100.0000
2026.08.11,12:45:00,0.706864,0.706864,0.706664,0.706714,100.0000
2026.08.11,13:00:00,0.706864,0.706914,0.706814,0.706814,100.0000
2026.08.11,13:15:00,0.706764,0.706914,0.706714,0.706914,100.0000
2026.08.11,13:30:00,0.706764,0.707014,0.706714,0.706964,100.0000
2026.08.11,13:45:00,0.707164,0.707164,0.706864,0.707064,100.0000
2026.08.11,14:00:00,0.707064,0.707064,0.706764,0.706814,100.0000
2026.08.11,14:15:00,0.706914,0.707114,0.706914,0.706914,100.0000
2026.08.11,14:30:00,0.706914,0.707164,0.706914,0.707114,100.0000
2026.08.11,14:45:00,0.707064,0.707064,0.706664,0.706664,100.0000
2026.08.11,15:00:00,0.706664,0.706664,0.706115,0.706115,100.0000
2026.08.11,15:15:00,0.706015,0.706314,0.706015,0.706215,100.0000
2026.08.11,15:30:00,0.706215,0.706265,0.705916,0.705916,100.0000
2026.08.11,15:45:00,0.705965,0.706265,0.705965,0.706265,100.0000
2026.08.11,16:00:00,0.706364,0.706414,0.706265,0.706314,100.0000
2026.08.11,16:15:00,0.706314,0.706464,0.706314,0.706414,100.0000
2026.08.11,16:30:00,0.706414,0.706464,0.706364,0.706464,100.0000
2026.08.11,16:45:00,0.706414,0.706414,0.706364,0.706414,100.0000
2026.08.11,17:00:00,0.706464,0.706464,0.706165,0.706165,100.0000
2026.08.11,17:15:00,0.706065,0.706165,0.706065,0.706115,100.0000
2026.08.11,17:30:00,0.706065,0.706215,0.706015,0.706215,100.0000
2026.08.11,17:45:00,0.706165,0.706314,0.706165,0.706165,100.0000
2026.08.11,18:00:00,0.706165,0.706165,0.705965,0.706015,100.0000
2026.08.11,18:15:00,0.706015,0.706015,0.705716,0.705716,100.0000
2026.08.11,18:30:00,0.705766,0.705965,0.705766,0.705866,100.0000
2026.08.11,18:45:00,0.705916,0.706115,0.705916,0.706115,100.0000
2026.08.11,19:00:00,0.706165,0.706265,0.706065,0.706265,100.0000
2026.08.11,19:15:00,0.706265,0.706314,0.706165,0.706314,100.0000
2026.08.11,19:30:00,0.706364,0.706414,0.706364,0.706364,100.0000
2026.08.11,19:45:00,0.706364,0.706364,0.706314,0.706314,100.0000
2026.08.11,20:00:00,0.706314,0.706464,0.706314,0.706414,100.0000
2026.08.11,20:15:00,0.706414,0.706414,0.706364,0.706364,100.0000
2026.08.11,20:30:00,0.706364,0.706414,0.706314,0.706314,100.0000
2026.08.11,20:45:00,0.706314,0.706464,0.706314,0.706464,100.0000
2026.08.11,21:00:00,0.706314,0.706614,0.706065,0.706065,100.0000
2026.08.11,21:15:00,0.706215,0.706364,0.706065,0.706364,100.0000
2026.08.11,21:30:00,0.706364,0.706364,0.706265,0.706364,100.0000
2026.08.11,21:45:00,0.706065,0.706215,0.706065,0.706165,100.0000
2026.08.11,22:00:00,0.706414,0.706464,0.706314,0.706464,100.0000
2026.08.11,22:15:00,0.706414,0.706564,0.706414,0.706514,100.0000
2026.08.11,22:30:00,0.706564,0.706614,0.706514,0.706564,100.0000
2026.08.11,22:45:00,0.706564,0.706664,0.706564,0.706614,100.0000
2026.08.11,23:00:00,0.706614,0.706714,0.706564,0.706714,100.0000
2026.08.11,23:15:00,0.706714,0.706714,0.706664,0.706664,100.0000
2026.08.11,23:30:00,0.706664,0.706664,0.706614,0.706664,100.0000
2026.08.11,23:45:00,0.706614,0.706714,0.706564,0.706564,100.0000
2026.08.12,00:00:00,0.706664,0.706814,0.706664,0.706714,100.0000
2026.08.12,00:15:00,0.706764,0.706964,0.706764,0.706964,100.0000
2026.08.12,00:30:00,0.706914,0.707064,0.706914,0.706964,100.0000
2026.08.12,00:45:00,0.706914,0.706914,0.706614,0.706664,100.0000
2026.08.12,01:00:00,0.706614,0.706614,0.706464,0.706514,100.0000
2026.08.12,01:15:00,0.706514,0.706614,0.706414,0.706414,100.0000
2026.08.12,01:30:00,0.706464,0.706464,0.706414,0.706414,100.0000
2026.08.12,01:45:00,0.706464,0.706464,0.706065,0.706115,100.0000
2026.08.12,02:00:00,0.706015,0.706015,0.705816,0.705866,100.0000
2026.08.12,02:15:00,0.705866,0.705965,0.705716,0.705965,100.0000
2026.08.12,02:30:00,0.706015,0.706165,0.705916,0.706165,100.0000
2026.08.12,02:45:00,0.706165,0.706165,0.706015,0.706015,100.0000
2026.08.12,03:00:00,0.706065,0.706115,0.705965,0.706115,100.0000
2026.08.12,03:15:00,0.706115,0.706115,0.706015,0.706065,100.0000
2026.08.12,03:30:00,0.706115,0.706115,0.705916,0.705916,100.0000
2026.08.12,03:45:00,0.705916,0.705965,0.705816,0.705916,100.0000
2026.08.12,04:00:00,0.705866,0.705965,0.705866,0.705916,100.0000
2026.08.12,04:15:00,0.705916,0.705916,0.705816,0.705866,100.0000
2026.08.12,04:30:00,0.705916,0.705916,0.705816,0.705816,100.0000
2026.08.12,04:45:00,0.705866,0.705916,0.705816,0.705866,100.0000
2026.08.12,05:00:00,0.705816,0.705816,0.705766,0.705766,100.0000
2026.08.12,05:15:00,0.705716,0.705766,0.705667,0.705716,100.0000
2026.08.12,05:30:00,0.705866,0.705965,0.705816,0.705965,100.0000
2026.08.12,05:45:00,0.705916,0.706215,0.705916,0.706215,100.0000
2026.08.12,06:00:00,0.706265,0.706265,0.706115,0.706165,100.0000
2026.08.12,06:15:00,0.706065,0.706115,0.705965,0.705965,100.0000
2026.08.12,06:30:00,0.705866,0.706165,0.705866,0.706165,100.0000
2026.08.12,06:45:00,0.706015,0.706165,0.705965,0.706165,100.0000
2026.08.12,07:00:00,0.706314,0.706414,0.706265,0.706414,100.0000
2026.08.12,07:15:00,0.706464,0.706464,0.706215,0.706314,100.0000
2026.08.12,07:30:00,0.706215,0.706215,0.705916,0.706065,100.0000
2026.08.12,07:45:00,0.706065,0.706115,0.706015,0.706015,100.0000
2026.08.12,08:00:00,0.705965,0.706065,0.705916,0.706065,100.0000
2026.08.12,08:15:00,0.705965,0.706165,0.705965,0.706065,100.0000
2026.08.12,08:30:00,0.706065,0.706115,0.706015,0.706065,100.0000
2026.08.12,08:45:00,0.706065,0.706265,0.706065,0.706215,100.0000
2026.08.12,09:00:00,0.706314,0.706514,0.706265,0.706514,100.0000
2026.08.12,09:15:00,0.706614,0.707064,0.706614,0.706764,100.0000
2026.08.12,09:30:00,0.706814,0.706914,0.706714,0.706814,100.0000
2026.08.12,09:45:00,0.706764,0.706864,0.706664,0.706664,100.0000
2026.08.12,10:00:00,0.706714,0.707064,0.706714,0.707064,100.0000
2026.08.12,10:15:00,0.707014,0.707114,0.707014,0.707014,100.0000
2026.08.12,10:30:00,0.706864,0.707064,0.706864,0.706914,100.0000
2026.08.12,10:45:00,0.706914,0.706964,0.706514,0.706814,100.0000
2026.08.12,11:00:00,0.706814,0.706914,0.706764,0.706764,100.0000
2026.08.12,11:15:00,0.706664,0.707064,0.706664,0.707064,100.0000
2026.08.12,11:30:00,0.707114,0.707214,0.707014,0.707214,100.0000
2026.08.12,11:45:00,0.707264,0.707364,0.707264,0.707314,100.0000
2026.08.12,12:00:00,0.707214,0.707364,0.707214,0.707314,100.0000
2026.08.12,12:15:00,0.707364,0.707714,0.707264,0.707714,100.0000
2026.08.12,12:30:00,0.706714,0.709170,0.706714,0.709170,100.0000
2026.08.12,12:45:00,0.708818,0.708818,0.708466,0.708818,100.0000
2026.08.12,13:00:00,0.708968,0.709270,0.708667,0.708667,100.0000
2026.08.12,13:15:00,0.708416,0.708667,0.708366,0.708516,100.0000
2026.08.12,13:30:00,0.708617,0.708868,0.708316,0.708416,100.0000
2026.08.12,13:45:00,0.708366,0.708767,0.708366,0.708717,100.0000
2026.08.12,14:00:00,0.708667,0.708818,0.708667,0.708717,100.0000
2026.08.12,14:15:00,0.708617,0.708918,0.708617,0.708617,100.0000
2026.08.12,14:30:00,0.708265,0.708516,0.707864,0.707864,100.0000
2026.08.12,14:45:00,0.707914,0.707914,0.707264,0.707414,100.0000
2026.08.12,15:00:00,0.707314,0.707664,0.707164,0.707664,100.0000
2026.08.12,15:15:00,0.707764,0.707864,0.707514,0.707514,100.0000
2026.08.12,15:30:00,0.707514,0.707514,0.707114,0.707114,100.0000
2026.08.12,15:45:00,0.707064,0.707214,0.706914,0.707214,100.0000
2026.08.12,16:00:00,0.707364,0.707364,0.706964,0.707014,100.0000
2026.08.12,16:15:00,0.706964,0.706964,0.706864,0.706864,100.0000
2026.08.12,16:30:00,0.706814,0.706814,0.706614,0.706764,100.0000
2026.08.12,16:45:00,0.706814,0.706814,0.706464,0.706564,100.0000
2026.08.12,17:00:00,0.706764,0.706764,0.706664,0.706764,100.0000
2026.08.12,17:15:00,0.706664,0.706664,0.706564,0.706614,100.0000
2026.08.12,17:30:00,0.706614,0.706664,0.706464,0.706514,100.0000
2026.08.12,17:45:00,0.706464,0.706514,0.706364,0.706464,100.0000
2026.08.12,18:00:00,0.706364,0.706614,0.706364,0.706614,100.0000
2026.08.12,18:15:00,0.706614,0.706714,0.706564,0.706614,100.0000
2026.08.12,18:30:00,0.706564,0.706664,0.706564,0.706564,100.0000
2026.08.12,18:45:00,0.706564,0.706614,0.706414,0.706414,100.0000
2026.08.12,19:00:00,0.706514,0.706514,0.706364,0.706514,100.0000
2026.08.12,19:15:00,0.706514,0.706564,0.706464,0.706464,100.0000
2026.08.12,19:30:00,0.706514,0.706514,0.706364,0.706364,100.0000
2026.08.12,19:45:00,0.706414,0.706564,0.706314,0.706564,100.0000
2026.08.12,20:00:00,0.706614,0.706614,0.706464,0.706464,100.0000
2026.08.12,20:15:00,0.706364,0.706414,0.706314,0.706414,100.0000
2026.08.12,20:30:00,0.706414,0.706464,0.706414,0.706414,100.0000
2026.08.12,20:45:00,0.706464,0.706614,0.706464,0.706564,100.0000
2026.08.12,21:00:00,0.706265,0.706464,0.706265,0.706414,100.0000
2026.08.12,21:15:00,0.706414,0.706464,0.706215,0.706314,100.0000
2026.08.12,21:30:00,0.706215,0.706314,0.706215,0.706265,100.0000
2026.08.12,21:45:00,0.706265,0.706364,0.706265,0.706364,100.0000
2026.08.12,22:00:00,0.706314,0.706364,0.706265,0.706364,100.0000
2026.08.12,22:15:00,0.706364,0.706414,0.706314,0.706414,100.0000
2026.08.12,22:30:00,0.706364,0.706464,0.706364,0.706464,100.0000
2026.08.12,22:45:00,0.706414,0.706514,0.706414,0.706514,100.0000
2026.08.12,23:00:00,0.706514,0.706564,0.706514,0.706564,100.0000
2026.08.12,23:15:00,0.706564,0.706564,0.706564,0.706564,100.0000
2026.08.12,23:30:00,0.706564,0.706614,0.706564,0.706614,100.0000
2026.08.12,23:45:00,0.706614,0.706614,0.706564,0.706614,100.0000
2026.08.13,00:00:00,0.706664,0.706864,0.706664,0.706814,100.0000
2026.08.13,00:15:00,0.706764,0.706864,0.706564,0.706564,100.0000
2026.08.13,00:30:00,0.706564,0.706714,0.706514,0.706614,100.0000
2026.08.13,00:45:00,0.706514,0.706514,0.706265,0.706414,100.0000
2026.08.13,01:00:00,0.706314,0.706414,0.706215,0.706314,100.0000
2026.08.13,01:15:00,0.706265,0.706265,0.706065,0.706115,100.0000
2026.08.13,01:30:00,0.706265,0.706414,0.706115,0.706115,100.0000
2026.08.13,01:45:00,0.706115,0.706115,0.705866,0.705866,100.0000
2026.08.13,02:00:00,0.705866,0.705866,0.705667,0.705667,100.0000
2026.08.13,02:15:00,0.705667,0.705716,0.705617,0.705617,100.0000
2026.08.13,02:30:00,0.705567,0.705617,0.705368,0.705418,100.0000
2026.08.13,02:45:00,0.705467,0.705567,0.705467,0.705517,100.0000
2026.08.13,03:00:00,0.705467,0.705517,0.705069,0.705069,100.0000
2026.08.13,03:15:00,0.705119,0.705169,0.704970,0.705169,100.0000
2026.08.13,03:30:00,0.705219,0.705268,0.705169,0.705169,100.0000
2026.08.13,03:45:00,0.705169,0.705268,0.705069,0.705069,100.0000
2026.08.13,04:00:00,0.705020,0.705119,0.704920,0.704920,100.0000
2026.08.13,04:15:00,0.704970,0.705020,0.704821,0.705020,100.0000
2026.08.13,04:30:00,0.704970,0.704970,0.704920,0.704920,100.0000
2026.08.13,04:45:00,0.705020,0.705268,0.705020,0.705268,100.0000
2026.08.13,05:00:00,0.705119,0.705368,0.705119,0.705368,100.0000
2026.08.13,05:15:00,0.705418,0.705467,0.705318,0.705318,100.0000
2026.08.13,05:30:00,0.705169,0.705169,0.704920,0.704920,100.0000
2026.08.13,05:45:00,0.704920,0.705219,0.704920,0.705219,100.0000
2026.08.13,06:00:00,0.705318,0.705318,0.705169,0.705169,100.0000
2026.08.13,06:15:00,0.705219,0.705268,0.705069,0.705069,100.0000
2026.08.13,06:30:00,0.704871,0.704920,0.704722,0.704920,100.0000
2026.08.13,06:45:00,0.704970,0.705169,0.704871,0.705119,100.0000
2026.08.13,07:00:00,0.705119,0.705318,0.704871,0.704871,100.0000
2026.08.13,07:15:00,0.705020,0.705268,0.704920,0.705219,100.0000
2026.08.13,07:30:00,0.705169,0.705169,0.705020,0.705169,100.0000
2026.08.13,07:45:00,0.705169,0.705219,0.705069,0.705119,100.0000
2026.08.13,08:00:00,0.705119,0.705119,0.704920,0.704970,100.0000
2026.08.13,08:15:00,0.704970,0.705020,0.704920,0.705020,100.0000
2026.08.13,08:30:00,0.705069,0.705119,0.705069,0.705119,100.0000
2026.08.13,08:45:00,0.705119,0.705169,0.705069,0.705069,100.0000
2026.08.13,09:00:00,0.705119,0.705219,0.704920,0.705219,100.0000
2026.08.13,09:15:00,0.705219,0.705467,0.705219,0.705467,100.0000
2026.08.13,09:30:00,0.705467,0.705617,0.705467,0.705617,100.0000
2026.08.13,09:45:00,0.705617,0.706015,0.705617,0.705965,100.0000
2026.08.13,10:00:00,0.705916,0.705965,0.705866,0.705866,100.0000
2026.08.13,10:15:00,0.705916,0.705965,0.705766,0.705766,100.0000
2026.08.13,10:30:00,0.705866,0.705866,0.705766,0.705816,100.0000
2026.08.13,10:45:00,0.705716,0.705716,0.705667,0.705716,100.0000
2026.08.13,11:00:00,0.705667,0.705766,0.705517,0.705766,100.0000
2026.08.13,11:15:00,0.705766,0.705766,0.705667,0.705667,100.0000
2026.08.13,11:30:00,0.705667,0.705667,0.705517,0.705667,100.0000
2026.08.13,11:45:00,0.705667,0.705667,0.705467,0.705517,100.0000
2026.08.13,12:00:00,0.705517,0.705517,0.705318,0.705318,100.0000
2026.08.13,12:15:00,0.705268,0.705268,0.705119,0.705268,100.0000
2026.08.13,12:30:00,0.705219,0.705916,0.705119,0.705866,100.0000
2026.08.13,12:45:00,0.705916,0.706664,0.705916,0.706664,100.0000
2026.08.13,13:00:00,0.706514,0.706664,0.706514,0.706664,100.0000
2026.08.13,13:15:00,0.706714,0.706714,0.706215,0.706215,100.0000
2026.08.13,13:30:00,0.706165,0.706265,0.705916,0.706265,100.0000
2026.08.13,13:45:00,0.706265,0.706265,0.706015,0.706065,100.0000
2026.08.13,14:00:00,0.706165,0.706514,0.706115,0.706514,100.0000
2026.08.13,14:15:00,0.706664,0.706814,0.706464,0.706664,100.0000
2026.08.13,14:30:00,0.706464,0.706764,0.706464,0.706764,100.0000
2026.08.13,14:45:00,0.706714,0.706914,0.706564,0.706764,100.0000
2026.08.13,15:00:00,0.706814,0.706814,0.706364,0.706364,100.0000
2026.08.13,15:15:00,0.706215,0.706414,0.705965,0.705965,100.0000
2026.08.13,15:30:00,0.705965,0.706165,0.705965,0.706115,100.0000
2026.08.13,15:45:00,0.706165,0.706165,0.705916,0.705916,100.0000
2026.08.13,16:00:00,0.706015,0.706065,0.705766,0.705766,100.0000
2026.08.13,16:15:00,0.705766,0.705816,0.705667,0.705766,100.0000
2026.08.13,16:30:00,0.705866,0.706065,0.705866,0.706065,100.0000
2026.08.13,16:45:00,0.706065,0.706215,0.706065,0.706165,100.0000
2026.08.13,17:00:00,0.706314,0.706314,0.706115,0.706215,100.0000
2026.08.13,17:15:00,0.706215,0.706215,0.705965,0.705965,100.0000
2026.08.13,17:30:00,0.705965,0.706065,0.705916,0.706065,100.0000
2026.08.13,17:45:00,0.706115,0.706115,0.705916,0.705916,100.0000
2026.08.13,18:00:00,0.705916,0.706065,0.705816,0.706065,100.0000
2026.08.13,18:15:00,0.706065,0.706065,0.705965,0.705965,100.0000
2026.08.13,18:30:00,0.705965,0.706115,0.705916,0.706065,100.0000
2026.08.13,18:45:00,0.706065,0.706065,0.705965,0.705965,100.0000
2026.08.13,19:00:00,0.706015,0.706165,0.705965,0.706165,100.0000
2026.08.13,19:15:00,0.706115,0.706265,0.706115,0.706265,100.0000
2026.08.13,19:30:00,0.706215,0.706265,0.706215,0.706215,100.0000
2026.08.13,19:45:00,0.706115,0.706215,0.706115,0.706215,100.0000
2026.08.13,20:00:00,0.706314,0.706314,0.706115,0.706115,100.0000
2026.08.13,20:15:00,0.706115,0.706215,0.706065,0.706215,100.0000
2026.08.13,20:30:00,0.706165,0.706215,0.706115,0.706215,100.0000
2026.08.13,20:45:00,0.706165,0.706265,0.706165,0.706215,100.0000
2026.08.13,21:00:00,0.706165,0.706165,0.705916,0.705916,100.0000
2026.08.13,21:15:00,0.705866,0.706065,0.705766,0.706065,100.0000
2026.08.13,21:30:00,0.706065,0.706165,0.706015,0.706015,100.0000
2026.08.13,21:45:00,0.706115,0.706165,0.705916,0.706165,100.0000
2026.08.13,22:00:00,0.706215,0.706314,0.706215,0.706215,100.0000
2026.08.13,22:15:00,0.706165,0.706364,0.706165,0.706314,100.0000
2026.08.13,22:30:00,0.706314,0.706414,0.706314,0.706364,100.0000
2026.08.13,22:45:00,0.706414,0.706464,0.706414,0.706464,100.0000
2026.08.13,23:00:00,0.706564,0.706564,0.706514,0.706564,100.0000
2026.08.13,23:15:00,0.706564,0.706564,0.706464,0.706464,100.0000
2026.08.13,23:30:00,0.706464,0.706514,0.706464,0.706464,100.0000
2026.08.13,23:45:00,0.706514,0.706664,0.706514,0.706614,100.0000
2026.08.14,00:00:00,0.706714,0.706864,0.706614,0.706614,100.0000
2026.08.14,00:15:00,0.706614,0.706764,0.706614,0.706764,100.0000
2026.08.14,00:30:00,0.706614,0.706664,0.706414,0.706464,100.0000
2026.08.14,00:45:00,0.706464,0.706464,0.706314,0.706414,100.0000
2026.08.14,01:00:00,0.706314,0.706314,0.705965,0.705965,100.0000
2026.08.14,01:15:00,0.705965,0.706265,0.705965,0.706265,100.0000
2026.08.14,01:30:00,0.706065,0.706165,0.706065,0.706065,100.0000
2026.08.14,01:45:00,0.706165,0.706215,0.705965,0.705965,100.0000
2026.08.14,02:00:00,0.706115,0.706115,0.705965,0.706115,100.0000
2026.08.14,02:15:00,0.706065,0.706115,0.705965,0.705965,100.0000
2026.08.14,02:30:00,0.705965,0.706215,0.705965,0.706165,100.0000
2026.08.14,02:45:00,0.706165,0.706165,0.705866,0.705866,100.0000
2026.08.14,03:00:00,0.705816,0.706065,0.705816,0.706065,100.0000
2026.08.14,03:15:00,0.706065,0.706364,0.706015,0.706364,100.0000
2026.08.14,03:30:00,0.706364,0.706414,0.706265,0.706314,100.0000
2026.08.14,03:45:00,0.706364,0.706414,0.706215,0.706414,100.0000
2026.08.14,04:00:00,0.706314,0.706514,0.706314,0.706464,100.0000
2026.08.14,04:15:00,0.706464,0.706514,0.706464,0.706464,100.0000
2026.08.14,04:30:00,0.706464,0.706564,0.706414,0.706414,100.0000
2026.08.14,04:45:00,0.706464,0.706514,0.706464,0.706464,100.0000
2026.08.14,05:00:00,0.706514,0.706564,0.706464,0.706514,100.0000
2026.08.14,05:15:00,0.706514,0.706664,0.706464,0.706664,100.0000
2026.08.14,05:30:00,0.706664,0.706764,0.706664,0.706714,100.0000
2026.08.14,05:45:00,0.706714,0.706964,0.706714,0.706964,100.0000
2026.08.14,06:00:00,0.706964,0.707014,0.706814,0.706814,100.0000
2026.08.14,06:15:00,0.706914,0.706914,0.706614,0.706714,100.0000
2026.08.14,06:30:00,0.706764,0.706914,0.706764,0.706864,100.0000
2026.08.14,06:45:00,0.706964,0.707064,0.706964,0.707064,100.0000
2026.08.14,07:00:00,0.707114,0.707164,0.707064,0.707114,100.0000
2026.08.14,07:15:00,0.707164,0.707164,0.706964,0.707014,100.0000
2026.08.14,07:30:00,0.707014,0.707364,0.707014,0.707314,100.0000
2026.08.14,07:45:00,0.707414,0.707514,0.707414,0.707514,100.0000
2026.08.14,08:00:00,0.707564,0.707614,0.707464,0.707514,100.0000
2026.08.14,08:15:00,0.707514,0.707514,0.707164,0.707364,100.0000
2026.08.14,08:30:00,0.707364,0.707714,0.707364,0.707564,100.0000
2026.08.14,08:45:00,0.707464,0.707614,0.707364,0.707614,100.0000
2026.08.14,09:00:00,0.707614,0.707664,0.707514,0.707664,100.0000
2026.08.14,09:15:00,0.707664,0.707764,0.707614,0.707714,100.0000
2026.08.14,09:30:00,0.707664,0.707664,0.707464,0.707564,100.0000
2026.08.14,09:45:00,0.707664,0.707714,0.707614,0.707714,100.0000
2026.08.14,10:00:00,0.707764,0.707965,0.707764,0.707965,100.0000
2026.08.14,10:15:00,0.707864,0.707864,0.707664,0.707814,100.0000
2026.08.14,10:30:00,0.707814,0.707814,0.707714,0.707714,100.0000
2026.08.14,10:45:00,0.707714,0.707814,0.707714,0.707814,100.0000
2026.08.14,11:00:00,0.707864,0.707914,0.707814,0.707914,100.0000
2026.08.14,11:15:00,0.707965,0.708316,0.707965,0.708316,100.0000
2026.08.14,11:30:00,0.708265,0.708617,0.708265,0.708617,100.0000
2026.08.14,11:45:00,0.708466,0.708466,0.708316,0.708366,100.0000
2026.08.14,12:00:00,0.708366,0.708516,0.708215,0.708215,100.0000
2026.08.14,12:15:00,0.708215,0.708717,0.708215,0.708717,100.0000
2026.08.14,12:30:00,0.709019,0.709019,0.708265,0.708316,100.0000
2026.08.14,12:45:00,0.708215,0.708466,0.708215,0.708366,100.0000
2026.08.14,13:00:00,0.708366,0.708366,0.708215,0.708215,100.0000
2026.08.14,13:15:00,0.708215,0.708667,0.708215,0.708667,100.0000
2026.08.14,13:30:00,0.708567,0.709320,0.708567,0.709270,100.0000
2026.08.14,13:45:00,0.709421,0.709421,0.709119,0.709270,100.0000
2026.08.14,14:00:00,0.709220,0.709522,0.709220,0.709320,100.0000
2026.08.14,14:15:00,0.709220,0.709471,0.709170,0.709471,100.0000
2026.08.14,14:30:00,0.709371,0.709421,0.708968,0.708968,100.0000
2026.08.14,14:45:00,0.709019,0.709371,0.708868,0.709371,100.0000
2026.08.14,15:00:00,0.709471,0.709723,0.709471,0.709522,100.0000
2026.08.14,15:15:00,0.709471,0.709572,0.709170,0.709320,100.0000
2026.08.14,15:30:00,0.709522,0.709522,0.709170,0.709220,100.0000
2026.08.14,15:45:00,0.709270,0.709522,0.709270,0.709270,100.0000
2026.08.14,16:00:00,0.709371,0.709421,0.709170,0.709170,100.0000
2026.08.14,16:15:00,0.709069,0.709220,0.708968,0.708968,100.0000
2026.08.14,16:30:00,0.708918,0.709170,0.708868,0.708918,100.0000
2026.08.14,16:45:00,0.708818,0.708818,0.708617,0.708617,100.0000
2026.08.14,17:00:00,0.708567,0.708567,0.708366,0.708366,100.0000
2026.08.14,17:15:00,0.708466,0.708466,0.708316,0.708416,100.0000
2026.08.14,17:30:00,0.708416,0.708416,0.708316,0.708316,100.0000
2026.08.14,17:45:00,0.708215,0.708316,0.708215,0.708316,100.0000
2026.08.14,18:00:00,0.708316,0.708316,0.708165,0.708165,100.0000
2026.08.14,18:15:00,0.708215,0.708366,0.708215,0.708366,100.0000
2026.08.14,18:30:00,0.708316,0.708416,0.708265,0.708416,100.0000
2026.08.14,18:45:00,0.708366,0.708516,0.708366,0.708416,100.0000
2026.08.14,19:00:00,0.708567,0.708617,0.708366,0.708567,100.0000
2026.08.14,19:15:00,0.708516,0.708617,0.708416,0.708617,100.0000
2026.08.14,19:30:00,0.708617,0.708617,0.708516,0.708567,100.0000
2026.08.14,19:45:00,0.708567,0.708667,0.708567,0.708567,100.0000
2026.08.14,20:00:00,0.708667,0.708667,0.708567,0.708617,100.0000
2026.08.14,20:15:00,0.708617,0.708617,0.708617,0.708617,100.0000
2026.08.14,20:30:00,0.708617,0.708617,0.708466,0.708466,100.0000
2026.08.14,20:45:00,0.708516,0.708717,0.708516,0.708717,100.0000
2026.08.14,21:00:00,0.708667,0.708667,0.708667,0.708667,100.0000
2026.08.14,21:15:00,0.708667,0.708667,0.708667,0.708667,100.0000
2026.08.16,23:00:00,0.709119,0.709170,0.709069,0.709119,100.0000
2026.08.16,23:15:00,0.709069,0.709069,0.709019,0.709019,100.0000
2026.08.16,23:30:00,0.709019,0.709069,0.708918,0.709069,100.0000
2026.08.16,23:45:00,0.709069,0.709069,0.708767,0.708767,100.0000
2026.08.17,00:00:00,0.709170,0.709421,0.709170,0.709421,100.0000
2026.08.17,00:15:00,0.709371,0.709623,0.709371,0.709623,100.0000
2026.08.17,00:30:00,0.709673,0.709774,0.709623,0.709673,100.0000
2026.08.17,00:45:00,0.709471,0.709471,0.709320,0.709471,100.0000
2026.08.17,01:00:00,0.709522,0.709522,0.709220,0.709270,100.0000
2026.08.17,01:15:00,0.709270,0.709673,0.709270,0.709623,100.0000
2026.08.17,01:30:00,0.709471,0.709774,0.709421,0.709774,100.0000
2026.08.17,01:45:00,0.709824,0.710076,0.709824,0.709925,100.0000
2026.08.17,02:00:00,0.709874,0.709874,0.709723,0.709774,100.0000
2026.08.17,02:15:00,0.709623,0.709824,0.709623,0.709824,100.0000
2026.08.17,02:30:00,0.709874,0.709874,0.709572,0.709572,100.0000
2026.08.17,02:45:00,0.709522,0.709572,0.709421,0.709471,100.0000
2026.08.17,03:00:00,0.709471,0.709522,0.709471,0.709522,100.0000
2026.08.17,03:15:00,0.709572,0.709774,0.709572,0.709774,100.0000
2026.08.17,03:30:00,0.709874,0.709925,0.709673,0.709925,100.0000
2026.08.17,03:45:00,0.709925,0.710278,0.709925,0.710278,100.0000
2026.08.17,04:00:00,0.710227,0.710631,0.710227,0.710631,100.0000
2026.08.17,04:15:00,0.710581,0.710783,0.710581,0.710631,100.0000
2026.08.17,04:30:00,0.710581,0.710631,0.710480,0.710581,100.0000
2026.08.17,04:45:00,0.710631,0.710631,0.710429,0.710429,100.0000
2026.08.17,05:00:00,0.710379,0.710530,0.710328,0.710328,100.0000
2026.08.17,05:15:00,0.710429,0.710833,0.710429,0.710833,100.0000
2026.08.17,05:30:00,0.710884,0.711440,0.710783,0.711440,100.0000
2026.08.17,05:45:00,0.711491,0.711744,0.711389,0.711541,100.0000
2026.08.17,06:00:00,0.711642,0.711744,0.711339,0.711339,100.0000
2026.08.17,06:15:00,0.711288,0.711896,0.711238,0.711896,100.0000
2026.08.17,06:30:00,0.711845,0.711896,0.711794,0.711896,100.0000
2026.08.17,06:45:00,0.712048,0.712454,0.712048,0.712454,100.0000
2026.08.17,07:00:00,0.712454,0.712555,0.712251,0.712251,100.0000
2026.08.17,07:15:00,0.712352,0.712555,0.712352,0.712555,100.0000
2026.08.17,07:30:00,0.712555,0.712555,0.712352,0.712555,100.0000
2026.08.17,07:45:00,0.712454,0.712454,0.712301,0.712301,100.0000
2026.08.17,08:00:00,0.712099,0.712099,0.711896,0.712099,100.0000
2026.08.17,08:15:00,0.712200,0.712454,0.712099,0.712454,100.0000
2026.08.17,08:30:00,0.712555,0.712657,0.712454,0.712504,100.0000
2026.08.17,08:45:00,0.712504,0.712504,0.712099,0.712251,100.0000
2026.08.17,09:00:00,0.712301,0.712504,0.712251,0.712504,100.0000
2026.08.17,09:15:00,0.712555,0.712606,0.712403,0.712454,100.0000
2026.08.17,09:30:00,0.712454,0.712911,0.712454,0.712911,100.0000
2026.08.17,09:45:00,0.713012,0.713012,0.712809,0.712860,100.0000
2026.08.17,10:00:00,0.712758,0.712809,0.712657,0.712809,100.0000
2026.08.17,10:15:00,0.712809,0.713114,0.712758,0.713114,100.0000
2026.08.17,10:30:00,0.712962,0.712962,0.712758,0.712758,100.0000
2026.08.17,10:45:00,0.712809,0.712809,0.712606,0.712708,100.0000
2026.08.17,11:00:00,0.712809,0.713114,0.712809,0.712860,100.0000
2026.08.17,11:15:00,0.712860,0.712911,0.712758,0.712860,100.0000
2026.08.17,11:30:00,0.712758,0.712860,0.712606,0.712606,100.0000
2026.08.17,11:45:00,0.712555,0.712758,0.712555,0.712758,100.0000
2026.08.17,12:00:00,0.712708,0.712911,0.712708,0.712708,100.0000
2026.08.17,12:15:00,0.712657,0.712708,0.712301,0.712301,100.0000
2026.08.17,12:30:00,0.712352,0.712352,0.711997,0.712251,100.0000
2026.08.17,12:45:00,0.712149,0.712454,0.711946,0.712454,100.0000
2026.08.17,13:00:00,0.712403,0.712403,0.712048,0.712099,100.0000
2026.08.17,13:15:00,0.711997,0.712149,0.711794,0.711845,100.0000
2026.08.17,13:30:00,0.711946,0.711946,0.711491,0.711491,100.0000
2026.08.17,13:45:00,0.711187,0.711845,0.711136,0.711845,100.0000
2026.08.17,14:00:00,0.711896,0.712251,0.711794,0.712251,100.0000
2026.08.17,14:15:00,0.712251,0.712708,0.712251,0.712251,100.0000
2026.08.17,14:30:00,0.712301,0.712403,0.712048,0.712200,100.0000
2026.08.17,14:45:00,0.712099,0.712099,0.711389,0.711389,100.0000
2026.08.17,15:00:00,0.711440,0.711491,0.711339,0.711491,100.0000
2026.08.17,15:15:00,0.711491,0.711491,0.711288,0.711440,100.0000
2026.08.17,15:30:00,0.711389,0.711440,0.711086,0.711136,100.0000
2026.08.17,15:45:00,0.711035,0.711440,0.711035,0.711440,100.0000
2026.08.17,16:00:00,0.711389,0.711491,0.711339,0.711491,100.0000
2026.08.17,16:15:00,0.711491,0.711642,0.711491,0.711592,100.0000
2026.08.17,16:30:00,0.711592,0.711744,0.711592,0.711642,100.0000
2026.08.17,16:45:00,0.711592,0.711642,0.711440,0.711440,100.0000
2026.08.17,17:00:00,0.711491,0.711491,0.711389,0.711389,100.0000
2026.08.17,17:15:00,0.711389,0.711389,0.711035,0.711136,100.0000
2026.08.17,17:30:00,0.711086,0.711086,0.710631,0.710732,100.0000
2026.08.17,17:45:00,0.710833,0.710884,0.710732,0.710732,100.0000
2026.08.17,18:00:00,0.710631,0.710732,0.710631,0.710732,100.0000
2026.08.17,18:15:00,0.710732,0.710783,0.710480,0.710581,100.0000
2026.08.17,18:30:00,0.710379,0.710429,0.710379,0.710429,100.0000
2026.08.17,18:45:00,0.710379,0.710581,0.710379,0.710429,100.0000
2026.08.17,19:00:00,0.710379,0.710530,0.710379,0.710530,100.0000
2026.08.17,19:15:00,0.710581,0.710833,0.710581,0.710833,100.0000
2026.08.17,19:30:00,0.710783,0.710783,0.710682,0.710783,100.0000
2026.08.17,19:45:00,0.710833,0.710833,0.710682,0.710682,100.0000
2026.08.17,20:00:00,0.710783,0.710783,0.710631,0.710631,100.0000
2026.08.17,20:15:00,0.710631,0.710732,0.710631,0.710682,100.0000
2026.08.17,20:30:00,0.710682,0.710682,0.710631,0.710631,100.0000
2026.08.17,20:45:00,0.710631,0.710732,0.710581,0.710732,100.0000
2026.08.17,21:00:00,0.710783,0.711035,0.710783,0.710934,100.0000
2026.08.17,21:15:00,0.711086,0.711086,0.710682,0.710783,100.0000
2026.08.17,21:30:00,0.710783,0.710783,0.710732,0.710732,100.0000
2026.08.17,21:45:00,0.710682,0.710682,0.710581,0.710581,100.0000
2026.08.17,22:00:00,0.710732,0.710732,0.710631,0.710682,100.0000
2026.08.17,22:15:00,0.710682,0.710783,0.710631,0.710783,100.0000
2026.08.17,22:30:00,0.710783,0.710833,0.710783,0.710783,100.0000
2026.08.17,22:45:00,0.710833,0.710833,0.710783,0.710833,100.0000
2026.08.17,23:00:00,0.710783,0.710934,0.710783,0.710934,100.0000
2026.08.17,23:15:00,0.710884,0.710985,0.710884,0.710985,100.0000
2026.08.17,23:30:00,0.711035,0.711035,0.710934,0.711035,100.0000
2026.08.17,23:45:00,0.710985,0.711086,0.710985,0.711086,100.0000
2026.08.18,00:00:00,0.711086,0.711238,0.711035,0.711035,100.0000
2026.08.18,00:15:00,0.711136,0.711238,0.711035,0.711035,100.0000
2026.08.18,00:30:00,0.711035,0.711288,0.710985,0.711288,100.0000
2026.08.18,00:45:00,0.711187,0.711238,0.711086,0.711187,100.0000
2026.08.18,01:00:00,0.711288,0.711491,0.711288,0.711491,100.0000
2026.08.18,01:15:00,0.711541,0.711541,0.711136,0.711238,100.0000
2026.08.18,01:30:00,0.711339,0.711440,0.711187,0.711187,100.0000
2026.08.18,01:45:00,0.711035,0.711136,0.710934,0.710934,100.0000
2026.08.18,02:00:00,0.710934,0.710985,0.710783,0.710833,100.0000
2026.08.18,02:15:00,0.710833,0.710985,0.710833,0.710985,100.0000
2026.08.18,02:30:00,0.710985,0.711086,0.710985,0.711086,100.0000
2026.08.18,02:45:00,0.711086,0.711339,0.711086,0.711339,100.0000
2026.08.18,03:00:00,0.711288,0.711288,0.711238,0.711238,100.0000
2026.08.18,03:15:00,0.711187,0.711187,0.710884,0.710884,100.0000
2026.08.18,03:30:00,0.710884,0.710884,0.710581,0.710581,100.0000
2026.08.18,03:45:00,0.710530,0.710530,0.710429,0.710530,100.0000
2026.08.18,04:00:00,0.710530,0.710581,0.710429,0.710429,100.0000
2026.08.18,04:15:00,0.710328,0.710429,0.710278,0.710429,100.0000
2026.08.18,04:30:00,0.710429,0.710429,0.710328,0.710429,100.0000
2026.08.18,04:45:00,0.710379,0.710429,0.710227,0.710278,100.0000
2026.08.18,05:00:00,0.710126,0.710126,0.709874,0.709874,100.0000
2026.08.18,05:15:00,0.709874,0.710126,0.709874,0.709975,100.0000
2026.08.18,05:30:00,0.710026,0.710126,0.710026,0.710126,100.0000
2026.08.18,05:45:00,0.710126,0.710328,0.710126,0.710328,100.0000
2026.08.18,06:00:00,0.710177,0.710278,0.709824,0.710278,100.0000
2026.08.18,06:15:00,0.710177,0.710177,0.709925,0.710126,100.0000
2026.08.18,06:30:00,0.710177,0.710328,0.710026,0.710076,100.0000
2026.08.18,06:45:00,0.710126,0.710227,0.709824,0.710227,100.0000
2026.08.18,07:00:00,0.710429,0.710530,0.710227,0.710227,100.0000
2026.08.18,07:15:00,0.710429,0.710480,0.710227,0.710429,100.0000
2026.08.18,07:30:00,0.710429,0.710581,0.710278,0.710530,100.0000
2026.08.18,07:45:00,0.710631,0.710631,0.710480,0.710480,100.0000
2026.08.18,08:00:00,0.710480,0.710480,0.710278,0.710480,100.0000
2026.08.18,08:15:00,0.710530,0.710530,0.710278,0.710429,100.0000
2026.08.18,08:30:00,0.710429,0.710631,0.710429,0.710631,100.0000
2026.08.18,08:45:00,0.710631,0.710682,0.710480,0.710631,100.0000
2026.08.18,09:00:00,0.710581,0.710581,0.710480,0.710530,100.0000
2026.08.18,09:15:00,0.710429,0.710884,0.710429,0.710884,100.0000
2026.08.18,09:30:00,0.710833,0.711086,0.710631,0.710631,100.0000
2026.08.18,09:45:00,0.710783,0.711187,0.710783,0.711187,100.0000
2026.08.18,10:00:00,0.711187,0.711187,0.710934,0.710985,100.0000
2026.08.18,10:15:00,0.710884,0.710985,0.710833,0.710985,100.0000
2026.08.18,10:30:00,0.710934,0.710985,0.710934,0.710934,100.0000
2026.08.18,10:45:00,0.710934,0.710934,0.710833,0.710934,100.0000
2026.08.18,11:00:00,0.710934,0.710934,0.710783,0.710833,100.0000
2026.08.18,11:15:00,0.710884,0.710934,0.710783,0.710783,100.0000
2026.08.18,11:30:00,0.710833,0.710985,0.710833,0.710985,100.0000
2026.08.18,11:45:00,0.711035,0.711288,0.710934,0.711288,100.0000
2026.08.18,12:00:00,0.711288,0.711491,0.711288,0.711389,100.0000
2026.08.18,12:15:00,0.711389,0.711592,0.711339,0.711389,100.0000
2026.08.18,12:30:00,0.711339,0.711339,0.711187,0.711288,100.0000
2026.08.18,12:45:00,0.711288,0.711491,0.711288,0.711389,100.0000
2026.08.18,13:00:00,0.711339,0.711642,0.711339,0.711592,100.0000
2026.08.18,13:15:00,0.711592,0.711592,0.711389,0.711389,100.0000
2026.08.18,13:30:00,0.711642,0.712200,0.711642,0.711845,100.0000
2026.08.18,13:45:00,0.711693,0.711693,0.711389,0.711693,100.0000
2026.08.18,14:00:00,0.711642,0.711693,0.711389,0.711440,100.0000
2026.08.18,14:15:00,0.711440,0.711440,0.711187,0.711187,100.0000
2026.08.18,14:30:00,0.710985,0.711086,0.710783,0.710783,100.0000
2026.08.18,14:45:00,0.710682,0.710833,0.710126,0.710126,100.0000
2026.08.18,15:00:00,0.710126,0.710530,0.709925,0.709925,100.0000
2026.08.18,15:15:00,0.709874,0.709925,0.709774,0.709824,100.0000
2026.08.18,15:30:00,0.709774,0.709925,0.709774,0.709925,100.0000
2026.08.18,15:45:00,0.709975,0.710076,0.709824,0.709824,100.0000
2026.08.18,16:00:00,0.709874,0.710026,0.709824,0.709824,100.0000
2026.08.18,16:15:00,0.709774,0.709824,0.709471,0.709471,100.0000
2026.08.18,16:30:00,0.709270,0.709421,0.709270,0.709371,100.0000
2026.08.18,16:45:00,0.709371,0.709572,0.709371,0.709471,100.0000
2026.08.18,17:00:00,0.709320,0.709320,0.709119,0.709170,100.0000
2026.08.18,17:15:00,0.709320,0.709320,0.709170,0.709170,100.0000
2026.08.18,17:30:00,0.709069,0.709119,0.708918,0.709019,100.0000
2026.08.18,17:45:00,0.709069,0.709069,0.708918,0.708918,100.0000
2026.08.18,18:00:00,0.708818,0.708818,0.708667,0.708818,100.0000
2026.08.18,18:15:00,0.708868,0.708918,0.708567,0.708717,100.0000
2026.08.18,18:30:00,0.708767,0.708767,0.708567,0.708567,100.0000
2026.08.18,18:45:00,0.708617,0.708717,0.708567,0.708717,100.0000
2026.08.18,19:00:00,0.708667,0.708968,0.708617,0.708918,100.0000
2026.08.18,19:15:00,0.708868,0.708868,0.708767,0.708818,100.0000
2026.08.18,19:30:00,0.708868,0.709119,0.708868,0.709119,100.0000
2026.08.18,19:45:00,0.709019,0.709019,0.708667,0.708667,100.0000
2026.08.18,20:00:00,0.708717,0.708717,0.708567,0.708617,100.0000
2026.08.18,20:15:00,0.708667,0.708667,0.708516,0.708617,100.0000
2026.08.18,20:30:00,0.708617,0.708717,0.708617,0.708667,100.0000
2026.08.18,20:45:00,0.708667,0.708918,0.708617,0.708918,100.0000
2026.08.18,21:00:00,0.708868,0.708868,0.708516,0.708516,100.0000
2026.08.18,21:15:00,0.708516,0.708717,0.708516,0.708717,100.0000
2026.08.18,21:30:00,0.708968,0.709069,0.708617,0.708617,100.0000
2026.08.18,21:45:00,0.708617,0.708767,0.708617,0.708617,100.0000
2026.08.18,22:00:00,0.708767,0.708818,0.708717,0.708717,100.0000
2026.08.18,22:15:00,0.708717,0.708818,0.708717,0.708767,100.0000
