<TICKER>,<DTYYYYMMDD>,<TIME>,<OPEN>,<HIGH>,<LOW>,<CLOSE>,<VOL>
BTCUSDT,2021.11.03,00:00:00,63266.690000,63613.000000,62800.000000,63270.500000,22638.6520
BTCUSDT,2021.11.03,04:00:00,63270.500000,63576.180000,62777.970000,63437.100000,19047.8050
BTCUSDT,2021.11.03,08:00:00,63437.100000,63475.810000,62930.000000,63175.600000,21927.3140
BTCUSDT,2021.11.03,12:00:00,63175.590000,63201.970000,61623.560000,62210.590000,60556.8810
BTCUSDT,2021.11.03,16:00:00,62210.590000,63431.070000,60300.000000,62859.510000,68494.4140
BTCUSDT,2021.11.03,20:00:00,62859.600000,63277.120000,62760.340000,62946.450000,18525.1170
BTCUSDT,2021.11.04,00:00:00,62946.450000,63149.000000,62237.000000,62475.040000,19317.5870
BTCUSDT,2021.11.04,04:00:00,62475.000000,62880.000000,61850.100000,61899.680000,23752.3800
BTCUSDT,2021.11.04,08:00:00,61899.680000,62376.510000,61300.000000,61508.560000,38273.7040
BTCUSDT,2021.11.04,12:00:00,61511.340000,62414.620000,60833.200000,61098.910000,49708.0660
BTCUSDT,2021.11.04,16:00:00,61099.970000,61443.190000,60703.000000,61286.000000,37596.8280
BTCUSDT,2021.11.04,20:00:00,61286.080000,61583.770000,61035.150000,61431.860000,16028.5140
BTCUSDT,2021.11.05,00:00:00,61433.900000,62389.310000,60863.620000,62243.110000,28653.0520
BTCUSDT,2021.11.05,04:00:00,62243.100000,62671.480000,61914.910000,62183.900000,20780.2440
BTCUSDT,2021.11.05,08:00:00,62183.910000,62309.340000,61235.000000,61311.010000,30237.9730
BTCUSDT,2021.11.05,12:00:00,61311.030000,62000.000000,60762.000000,60832.800000,39379.7470
BTCUSDT,2021.11.05,16:00:00,60832.800000,61500.000000,60777.000000,61152.780000,23840.1780
BTCUSDT,2021.11.05,20:00:00,61152.780000,61389.420000,60781.390000,61006.000000,14678.4430
BTCUSDT,2021.11.06,00:00:00,61006.000000,61349.990000,60863.690000,61169.160000,15231.6340
BTCUSDT,2021.11.06,04:00:00,61169.150000,61645.750000,60517.380000,60823.630000,27772.6650
BTCUSDT,2021.11.06,08:00:00,60825.870000,61436.680000,60155.000000,60391.290000,44458.2050
BTCUSDT,2021.11.06,12:00:00,60391.280000,60800.000000,60100.000000,60690.750000,29557.6030
BTCUSDT,2021.11.06,16:00:00,60690.760000,61245.000000,60450.000000,61220.000000,21295.5960
BTCUSDT,2021.11.06,20:00:00,61220.000000,61534.830000,61137.910000,61511.300000,16603.4150
BTCUSDT,2021.11.07,00:00:00,61511.300000,62424.170000,61368.260000,62185.280000,30046.1150
BTCUSDT,2021.11.07,04:00:00,62185.290000,62359.990000,61729.310000,61814.290000,16256.4670
BTCUSDT,2021.11.07,08:00:00,61814.290000,62400.000000,61528.000000,61957.180000,27930.5500
BTCUSDT,2021.11.07,12:00:00,61957.180000,62230.910000,61750.000000,61979.700000,20909.9920
BTCUSDT,2021.11.07,16:00:00,61979.690000,62560.900000,61977.530000,62304.660000,22086.4170
BTCUSDT,2021.11.07,20:00:00,62304.660000,63377.580000,62194.000000,63316.400000,25648.6670
BTCUSDT,2021.11.08,00:00:00,63316.400000,65770.100000,63308.700000,65274.990000,70925.9750
BTCUSDT,2021.11.08,04:00:00,65274.990000,66485.050000,65110.000000,65996.720000,48003.3860
BTCUSDT,2021.11.08,08:00:00,65996.720000,66499.000000,65666.610000,66095.200000,33008.3170
BTCUSDT,2021.11.08,12:00:00,66098.000000,66610.240000,65235.510000,66443.670000,46969.9330
BTCUSDT,2021.11.08,16:00:00,66443.680000,66644.130000,65807.000000,65887.940000,27662.5180
BTCUSDT,2021.11.08,20:00:00,65887.940000,67932.890000,65614.690000,67606.960000,48362.0170
BTCUSDT,2021.11.09,00:00:00,67606.960000,68675.160000,67174.100000,68563.980000,42655.2770
BTCUSDT,2021.11.09,04:00:00,68563.990000,68587.000000,67654.420000,67895.480000,33480.4140
BTCUSDT,2021.11.09,08:00:00,67898.700000,68300.000000,67401.830000,67679.340000,29176.8520
BTCUSDT,2021.11.09,12:00:00,67679.340000,68182.990000,66700.000000,66875.000000,61448.7960
BTCUSDT,2021.11.09,16:00:00,66874.990000,67329.200000,66300.000000,66862.560000,38622.2890
BTCUSDT,2021.11.09,20:00:00,66862.550000,67846.220000,66701.750000,67009.980000,26460.2060
BTCUSDT,2021.11.10,00:00:00,67010.650000,67453.980000,66426.090000,66577.760000,24127.9940
BTCUSDT,2021.11.10,04:00:00,66577.760000,66840.580000,66300.000000,66504.390000,21940.3370
BTCUSDT,2021.11.10,08:00:00,66504.400000,67186.000000,66443.820000,66609.290000,22141.7340
BTCUSDT,2021.11.10,12:00:00,66609.280000,69198.700000,65850.000000,68398.960000,86732.0220
BTCUSDT,2021.11.10,16:00:00,68398.960000,68841.600000,66625.000000,66740.070000,51984.2770
BTCUSDT,2021.11.10,20:00:00,66740.070000,67088.880000,62400.510000,64920.130000,140909.2090
BTCUSDT,2021.11.11,00:00:00,64920.130000,65138.870000,64147.120000,64782.640000,39500.1050
BTCUSDT,2021.11.11,04:00:00,64782.640000,65411.000000,64430.750000,65258.430000,25059.2630
BTCUSDT,2021.11.11,08:00:00,65259.140000,65646.980000,64615.000000,65306.020000,32596.2140
BTCUSDT,2021.11.11,12:00:00,65304.450000,65553.670000,64450.000000,64848.180000,45213.2370
BTCUSDT,2021.11.11,16:00:00,64848.190000,65300.000000,64625.000000,65162.830000,19811.2350
BTCUSDT,2021.11.11,20:00:00,65162.830000,65364.410000,64788.000000,64831.300000,16099.2210
BTCUSDT,2021.11.12,00:00:00,64831.200000,65500.000000,64105.000000,64890.440000,32665.6740
BTCUSDT,2021.11.12,04:00:00,64890.440000,65129.940000,64250.480000,64534.110000,23397.8920
BTCUSDT,2021.11.12,08:00:00,64534.580000,65000.000000,63558.610000,63810.230000,60971.7110
BTCUSDT,2021.11.12,12:00:00,63810.230000,64258.840000,62900.000000,63214.890000,59969.8430
BTCUSDT,2021.11.12,16:00:00,63214.900000,64137.580000,62313.000000,63892.780000,64246.0230
BTCUSDT,2021.11.12,20:00:00,63892.780000,64577.630000,63739.170000,64156.080000,23325.1820
BTCUSDT,2021.11.13,00:00:00,64156.080000,64490.000000,63610.750000,63827.760000,17361.8680
BTCUSDT,2021.11.13,04:00:00,63827.760000,64178.600000,63555.360000,64079.990000,15003.1530
BTCUSDT,2021.11.13,08:00:00,64079.990000,64135.990000,63430.010000,63605.510000,16628.1590
BTCUSDT,2021.11.13,12:00:00,63605.520000,64850.000000,63462.630000,64744.230000,34616.5900
BTCUSDT,2021.11.13,16:00:00,64744.220000,65073.240000,63842.370000,63974.110000,28126.7020
BTCUSDT,2021.11.13,20:00:00,63974.110000,64615.970000,63960.320000,64427.000000,12730.0210
BTCUSDT,2021.11.14,00:00:00,64426.990000,65400.000000,64426.990000,64688.440000,25824.1720
BTCUSDT,2021.11.14,04:00:00,64688.450000,65190.000000,64506.000000,64677.590000,19684.6720
BTCUSDT,2021.11.14,08:00:00,64677.600000,64850.000000,64103.000000,64479.060000,20833.9380
BTCUSDT,2021.11.14,12:00:00,64479.070000,64832.740000,64024.600000,64117.840000,24863.3920
BTCUSDT,2021.11.14,16:00:00,64117.840000,64464.000000,63640.000000,64211.720000,29576.4630
BTCUSDT,2021.11.14,20:00:00,64211.730000,65569.990000,64087.600000,65568.390000,25642.0640
BTCUSDT,2021.11.15,00:00:00,65568.380000,66255.530000,65562.960000,65760.200000,37903.2120
BTCUSDT,2021.11.15,04:00:00,65760.190000,65949.990000,65550.000000,65626.030000,14774.0730
BTCUSDT,2021.11.15,08:00:00,65626.040000,66395.050000,65326.390000,65800.970000,32258.8290
BTCUSDT,2021.11.15,12:00:00,65800.970000,65999.260000,64308.000000,64348.950000,49533.7020
BTCUSDT,2021.11.15,16:00:00,64348.950000,64500.000000,63666.000000,64308.890000,44930.2340
BTCUSDT,2021.11.15,20:00:00,64308.900000,64308.900000,63351.580000,63654.490000,30626.5520
BTCUSDT,2021.11.16,00:00:00,63654.490000,63655.770000,60385.000000,60943.690000,120191.4170
BTCUSDT,2021.11.16,04:00:00,60943.680000,61563.110000,60283.720000,60840.590000,74316.8280
BTCUSDT,2021.11.16,08:00:00,60840.600000,61320.580000,58397.140000,60593.990000,126415.9020
BTCUSDT,2021.11.16,12:00:00,60593.870000,61423.700000,60031.990000,60700.010000,64367.2750
BTCUSDT,2021.11.16,16:00:00,60700.010000,60954.670000,59800.000000,60243.540000,41310.9950
BTCUSDT,2021.11.16,20:00:00,60243.540000,61171.760000,59143.030000,60106.030000,48423.2890
BTCUSDT,2021.11.17,00:00:00,60106.030000,60470.100000,58571.420000,59079.000000,62067.6630
BTCUSDT,2021.11.17,04:00:00,59079.010000,60174.000000,58600.360000,59724.980000,46003.4700
BTCUSDT,2021.11.17,08:00:00,59724.970000,60848.850000,58336.680000,60769.010000,77233.2210
BTCUSDT,2021.11.17,12:00:00,60769.010000,60824.290000,59355.000000,59670.000000,40557.8420
BTCUSDT,2021.11.17,16:00:00,59670.000000,60680.000000,59426.480000,60221.520000,36955.7750
BTCUSDT,2021.11.17,20:00:00,60225.250000,60622.990000,59661.210000,60366.960000,24570.9020
BTCUSDT,2021.11.18,00:00:00,60366.970000,60999.000000,59865.610000,59880.450000,36756.7010
BTCUSDT,2021.11.18,04:00:00,59880.450000,60122.570000,59533.540000,59782.690000,29428.0280
BTCUSDT,2021.11.18,08:00:00,59782.700000,59998.170000,59002.270000,59255.000000,43849.7840
BTCUSDT,2021.11.18,12:00:00,59255.000000,59995.000000,57534.990000,58142.130000,124595.3190
BTCUSDT,2021.11.18,16:00:00,58134.860000,58500.000000,56600.000000,57952.300000,121385.9370
BTCUSDT,2021.11.18,20:00:00,57952.310000,58486.210000,56505.480000,56921.050000,56005.9030
BTCUSDT,2021.11.19,00:00:00,56921.040000,57560.000000,55604.000000,55940.000000,64900.2190
BTCUSDT,2021.11.19,04:00:00,55940.000000,56514.750000,55852.860000,56026.370000,30915.4850
BTCUSDT,2021.11.19,08:00:00,56025.800000,57500.000000,56016.500000,57018.830000,51371.6730
BTCUSDT,2021.11.19,12:00:00,57018.910000,58177.620000,56730.970000,57896.320000,49922.0260
BTCUSDT,2021.11.19,16:00:00,57889.370000,58333.000000,57694.280000,58049.620000,28740.9750
BTCUSDT,2021.11.19,20:00:00,58048.020000,58157.050000,57555.000000,58069.510000,19505.7430
BTCUSDT,2021.11.20,00:00:00,58069.520000,58980.000000,57960.000000,58532.750000,31151.9340
BTCUSDT,2021.11.20,04:00:00,58532.750000,58838.110000,58264.240000,58405.340000,20725.8340
BTCUSDT,2021.11.20,08:00:00,58400.340000,58780.000000,58350.020000,58655.290000,17163.1630
BTCUSDT,2021.11.20,12:00:00,58655.280000,58851.910000,57532.000000,57633.690000,35108.6080
BTCUSDT,2021.11.20,16:00:00,57633.690000,59664.970000,57372.000000,59460.970000,49012.5910
BTCUSDT,2021.11.20,20:00:00,59460.970000,59873.840000,59331.860000,59716.290000,20535.2120
BTCUSDT,2021.11.21,00:00:00,59716.280000,59782.440000,58564.560000,58713.530000,25100.3780
BTCUSDT,2021.11.21,04:00:00,58713.530000,59255.000000,58585.280000,59005.100000,17302.6320
BTCUSDT,2021.11.21,08:00:00,59005.100000,59394.420000,58518.880000,58723.650000,26861.5970
BTCUSDT,2021.11.21,12:00:00,58722.020000,59300.000000,58681.000000,59214.540000,24602.3740
BTCUSDT,2021.11.21,16:00:00,59214.540000,60052.820000,59141.080000,59330.790000,30890.0180
BTCUSDT,2021.11.21,20:00:00,59330.790000,59700.000000,58550.000000,58661.390000,19130.2720
BTCUSDT,2021.11.22,00:00:00,58648.870000,58777.420000,57100.000000,57433.770000,53164.0000
BTCUSDT,2021.11.22,04:00:00,57433.760000,57795.110000,56800.000000,57280.000000,36003.3960
BTCUSDT,2021.11.22,08:00:00,57280.000000,57847.990000,57000.000000,57211.860000,26793.5530
BTCUSDT,2021.11.22,12:00:00,57212.200000,59624.560000,56577.000000,58206.700000,93340.7370
BTCUSDT,2021.11.22,16:00:00,58206.710000,58262.890000,55791.130000,56007.950000,69926.4890
BTCUSDT,2021.11.22,20:00:00,56008.250000,56720.000000,55600.000000,56268.310000,46956.7060
BTCUSDT,2021.11.23,00:00:00,56268.310000,57280.000000,56002.270000,56973.830000,36061.7700
BTCUSDT,2021.11.23,04:00:00,56973.830000,57071.530000,55849.030000,56058.240000,29658.7950
BTCUSDT,2021.11.23,08:00:00,56055.210000,57743.870000,55250.000000,56177.840000,100005.2520
BTCUSDT,2021.11.23,12:00:00,56176.010000,57776.000000,56120.350000,56921.980000,50882.0490
BTCUSDT,2021.11.23,16:00:00,56921.970000,57888.000000,56916.930000,57815.120000,32770.9720
BTCUSDT,2021.11.23,20:00:00,57815.120000,57888.000000,57422.640000,57574.230000,18411.4870
BTCUSDT,2021.11.24,00:00:00,57574.240000,57775.270000,56166.040000,56432.310000,33135.5600
BTCUSDT,2021.11.24,04:00:00,56432.310000,56819.300000,56260.980000,56544.370000,24124.7960
BTCUSDT,2021.11.24,08:00:00,56544.380000,57499.020000,56333.820000,56657.050000,33944.8350
BTCUSDT,2021.11.24,12:00:00,56657.040000,57200.000000,55900.000000,56750.700000,52939.7710
BTCUSDT,2021.11.24,16:00:00,56750.700000,57143.080000,56516.330000,56870.190000,25100.6420
BTCUSDT,2021.11.24,20:00:00,56870.190000,57505.930000,56767.600000,57165.080000,25438.1530
BTCUSDT,2021.11.25,00:00:00,57165.090000,58369.340000,57146.460000,57779.290000,34242.8140
BTCUSDT,2021.11.25,04:00:00,57779.290000,57867.690000,57029.000000,57676.050000,24437.1280
BTCUSDT,2021.11.25,08:00:00,57676.040000,58558.600000,57375.380000,58064.500000,38043.5600
BTCUSDT,2021.11.25,12:00:00,58064.510000,59200.000000,57960.000000,59087.590000,43975.2020
BTCUSDT,2021.11.25,16:00:00,59087.680000,59449.620000,58710.000000,58908.100000,32545.5590
BTCUSDT,2021.11.25,20:00:00,58908.090000,59377.470000,58555.000000,58988.210000,18668.3900
BTCUSDT,2021.11.26,00:00:00,58988.360000,59186.410000,57914.380000,57963.990000,28865.9860
BTCUSDT,2021.11.26,04:00:00,57963.990000,58068.000000,56680.180000,57014.610000,45280.6840
BTCUSDT,2021.11.26,08:00:00,57014.610000,57014.610000,53708.210000,53766.350000,175798.6760
BTCUSDT,2021.11.26,12:00:00,53766.350000,54882.470000,53500.000000,54363.100000,69121.6390
BTCUSDT,2021.11.26,16:00:00,54363.100000,54673.740000,53935.370000,54355.800000,32885.9470
BTCUSDT,2021.11.26,20:00:00,54355.800000,54606.080000,53530.000000,53755.650000,26697.9870
BTCUSDT,2021.11.27,00:00:00,53755.660000,54657.000000,53640.690000,54368.670000,26946.3550
BTCUSDT,2021.11.27,04:00:00,54368.660000,54629.000000,54224.950000,54413.020000,16225.0130
BTCUSDT,2021.11.27,08:00:00,54413.010000,55300.000000,54301.920000,54633.010000,37275.6850
BTCUSDT,2021.11.27,12:00:00,54633.010000,55238.000000,54504.230000,54917.690000,23858.3970
BTCUSDT,2021.11.27,16:00:00,54917.680000,55253.280000,54656.590000,54952.880000,18633.8940
BTCUSDT,2021.11.27,20:00:00,54952.880000,55088.000000,54024.690000,54738.770000,32179.7730
BTCUSDT,2021.11.28,00:00:00,54738.770000,54860.700000,53700.000000,54176.780000,32593.9010
BTCUSDT,2021.11.28,04:00:00,54176.780000,54666.000000,53958.930000,54533.560000,16992.6830
BTCUSDT,2021.11.28,08:00:00,54533.550000,54973.320000,54166.300000,54540.070000,23038.1820
BTCUSDT,2021.11.28,12:00:00,54540.070000,54678.990000,54061.000000,54334.000000,19361.5040
BTCUSDT,2021.11.28,16:00:00,54332.260000,54935.260000,53245.000000,54644.880000,49287.9720
BTCUSDT,2021.11.28,20:00:00,54642.300000,57474.760000,54642.300000,57315.730000,72326.3730
BTCUSDT,2021.11.29,00:00:00,57315.720000,58338.000000,57174.000000,57407.250000,53579.9060
BTCUSDT,2021.11.29,04:00:00,57407.240000,57712.500000,57215.930000,57536.530000,20529.8540
BTCUSDT,2021.11.29,08:00:00,57536.520000,57655.200000,56715.000000,56929.740000,33015.4820
BTCUSDT,2021.11.29,12:00:00,56929.750000,57569.380000,56866.610000,57143.020000,31379.5410
BTCUSDT,2021.11.29,16:00:00,57143.020000,58924.210000,57031.000000,57929.530000,54319.1280
BTCUSDT,2021.11.29,20:00:00,57929.530000,58457.100000,57700.060000,57827.980000,22287.5550
BTCUSDT,2021.11.30,00:00:00,57827.970000,58023.060000,56800.160000,57120.000000,31773.2910
BTCUSDT,2021.11.30,04:00:00,57120.010000,57313.770000,55900.000000,56527.820000,48485.3000
BTCUSDT,2021.11.30,08:00:00,56532.130000,57750.000000,56270.000000,57606.800000,49903.9360
BTCUSDT,2021.11.30,12:00:00,57609.290000,59224.990000,57260.000000,57260.010000,90310.8010
BTCUSDT,2021.11.30,16:00:00,57260.010000,58416.300000,56520.000000,57672.080000,87393.2780
BTCUSDT,2021.11.30,20:00:00,57672.080000,57812.990000,56768.690000,56975.000000,29757.5420
BTCUSDT,2021.12.01,00:00:00,56978.060000,57715.000000,56669.490000,57425.830000,32025.5240
BTCUSDT,2021.12.01,04:00:00,57425.820000,57488.020000,56710.000000,57205.420000,23787.1050
BTCUSDT,2021.12.01,08:00:00,57205.420000,57865.000000,56750.000000,57187.600000,42655.7780
BTCUSDT,2021.12.01,12:00:00,57187.610000,58876.620000,57033.290000,58650.250000,66391.1150
BTCUSDT,2021.12.01,16:00:00,58650.140000,59100.000000,57055.550000,57476.300000,62226.2220
BTCUSDT,2021.12.01,20:00:00,57476.300000,57506.660000,56500.000000,57209.290000,46873.3600
BTCUSDT,2021.12.02,00:00:00,57209.280000,57428.490000,55800.000000,56328.390000,51697.7360
BTCUSDT,2021.12.02,04:00:00,56328.400000,56986.620000,56238.900000,56833.480000,36358.4750
BTCUSDT,2021.12.02,08:00:00,56833.470000,57213.120000,56070.240000,56350.010000,36291.7350
BTCUSDT,2021.12.02,12:00:00,56350.010000,57394.990000,56046.200000,56536.600000,58676.3760
BTCUSDT,2021.12.02,16:00:00,56536.610000,56973.770000,56039.960000,56650.000000,40717.0240
BTCUSDT,2021.12.02,20:00:00,56650.000000,57244.000000,56391.000000,56513.570000,26243.9090
BTCUSDT,2021.12.03,00:00:00,56513.560000,56798.920000,56101.810000,56361.800000,24630.3930
BTCUSDT,2021.12.03,04:00:00,56361.790000,57080.000000,56283.460000,56777.140000,26680.9860
BTCUSDT,2021.12.03,08:00:00,56777.130000,57382.980000,56472.450000,57011.360000,34275.0260
BTCUSDT,2021.12.03,12:00:00,57010.130000,57670.000000,55800.000000,56030.730000,66946.2490
BTCUSDT,2021.12.03,16:00:00,56026.670000,56026.670000,53768.570000,53884.350000,104156.7500
BTCUSDT,2021.12.03,20:00:00,53884.350000,54100.000000,50604.000000,53612.000000,117442.6120
BTCUSDT,2021.12.04,00:00:00,53611.860000,53889.690000,52002.790000,52003.890000,46209.0140
BTCUSDT,2021.12.04,04:00:00,52014.660000,52618.390000,40888.890000,47241.930000,296139.3040
BTCUSDT,2021.12.04,08:00:00,47241.920000,47872.800000,46102.360000,46483.340000,78691.2660
BTCUSDT,2021.12.04,12:00:00,46483.340000,48500.000000,46479.670000,48162.000000,74594.8080
BTCUSDT,2021.12.04,16:00:00,48162.000000,49433.110000,47744.000000,49246.770000,59206.9970
BTCUSDT,2021.12.04,20:00:00,49244.030000,49467.640000,48499.130000,49135.660000,43933.6000
BTCUSDT,2021.12.05,00:00:00,49135.660000,49699.490000,48317.310000,49160.000000,48747.9880
BTCUSDT,2021.12.05,04:00:00,49160.000000,49642.840000,48805.000000,49267.190000,28816.7050
BTCUSDT,2021.12.05,08:00:00,49267.190000,49542.120000,48711.400000,49211.110000,36831.7710
BTCUSDT,2021.12.05,12:00:00,49211.040000,49666.000000,47755.000000,47954.990000,69612.0770
BTCUSDT,2021.12.05,16:00:00,47954.990000,49350.000000,47900.000000,48892.400000,63957.7430
BTCUSDT,2021.12.05,20:00:00,48892.400000,49517.000000,48480.000000,49376.600000,38468.0980
BTCUSDT,2021.12.06,00:00:00,49373.830000,49436.450000,48274.020000,49001.780000,44375.5710
BTCUSDT,2021.12.06,04:00:00,49001.530000,49253.310000,47695.180000,48393.900000,39729.9820
BTCUSDT,2021.12.06,08:00:00,48398.070000,49499.990000,47000.000000,48572.090000,117027.7780
BTCUSDT,2021.12.06,12:00:00,48571.170000,48950.000000,47816.980000,48922.120000,63688.7600
BTCUSDT,2021.12.06,16:00:00,48923.270000,49389.080000,48647.620000,49095.330000,33750.2850
BTCUSDT,2021.12.06,20:00:00,49095.330000,50888.000000,48751.000000,50424.720000,59138.6530
BTCUSDT,2021.12.07,00:00:00,50424.720000,51499.990000,50322.300000,50922.040000,36758.6140
BTCUSDT,2021.12.07,04:00:00,50922.050000,51324.530000,50756.550000,50890.150000,25703.9990
BTCUSDT,2021.12.07,08:00:00,50892.430000,51533.100000,50811.000000,51433.340000,32265.3170
BTCUSDT,2021.12.07,12:00:00,51433.340000,51929.000000,50639.000000,51721.540000,56930.4140
BTCUSDT,2021.12.07,16:00:00,51717.310000,51857.680000,50652.190000,50880.700000,34078.6770
BTCUSDT,2021.12.07,20:00:00,50880.690000,50999.850000,50012.000000,50577.200000,38933.5970
BTCUSDT,2021.12.08,00:00:00,50577.200000,50789.380000,50105.000000,50121.080000,22479.7300
BTCUSDT,2021.12.08,04:00:00,50121.090000,50695.400000,50079.040000,50489.990000,20829.6680
BTCUSDT,2021.12.08,08:00:00,50489.990000,50628.000000,48820.000000,49180.570000,54568.6330
BTCUSDT,2021.12.08,12:00:00,49180.570000,51210.600000,48533.330000,50626.170000,86105.7950
BTCUSDT,2021.12.08,16:00:00,50625.940000,50847.530000,50044.000000,50416.920000,33060.2680
BTCUSDT,2021.12.08,20:00:00,50416.930000,50840.000000,50066.000000,50455.610000,21185.7900
BTCUSDT,2021.12.09,00:00:00,50459.610000,50773.030000,49401.740000,49507.240000,29192.3260
BTCUSDT,2021.12.09,04:00:00,49506.760000,50333.000000,49142.000000,49987.900000,32799.8790
BTCUSDT,2021.12.09,08:00:00,49987.910000,49992.560000,48861.010000,49150.010000,45683.3880
BTCUSDT,2021.12.09,12:00:00,49150.000000,49646.120000,48062.500000,48454.960000,65882.8990
BTCUSDT,2021.12.09,16:00:00,48452.020000,48853.370000,47501.000000,47619.500000,55660.6840
BTCUSDT,2021.12.09,20:00:00,47619.490000,48467.580000,47312.890000,47539.760000,43866.9100
BTCUSDT,2021.12.10,00:00:00,47539.340000,48785.880000,47438.000000,48348.780000,43997.4410
BTCUSDT,2021.12.10,04:00:00,48348.770000,48567.610000,47540.000000,47685.300000,29560.7840
BTCUSDT,2021.12.10,08:00:00,47685.300000,48727.780000,47624.470000,48697.410000,33302.9760
BTCUSDT,2021.12.10,12:00:00,48697.400000,50188.420000,47743.000000,47973.400000,95523.5940
BTCUSDT,2021.12.10,16:00:00,47973.400000,48327.580000,47221.320000,48101.350000,62325.0590
BTCUSDT,2021.12.10,20:00:00,48101.350000,48525.550000,46828.230000,47136.350000,38264.5750
BTCUSDT,2021.12.11,00:00:00,47132.310000,48684.000000,46724.350000,48296.600000,51226.6670
BTCUSDT,2021.12.11,04:00:00,48296.600000,48893.080000,47758.890000,48018.810000,31341.9750
BTCUSDT,2021.12.11,08:00:00,48018.540000,48915.270000,47835.900000,48222.240000,36619.7560
BTCUSDT,2021.12.11,12:00:00,48222.230000,48934.060000,48150.000000,48730.510000,32932.6930
BTCUSDT,2021.12.11,16:00:00,48730.510000,49285.510000,48370.000000,48400.000000,33165.8480
BTCUSDT,2021.12.11,20:00:00,48400.000000,49499.050000,48379.950000,49381.150000,25673.0530
BTCUSDT,2021.12.12,00:00:00,49379.510000,49684.550000,49010.010000,49279.080000,21990.5530
BTCUSDT,2021.12.12,04:00:00,49279.090000,49341.920000,48800.140000,49276.180000,18507.9050
BTCUSDT,2021.12.12,08:00:00,49276.190000,49360.000000,48616.160000,49103.880000,28512.5450
BTCUSDT,2021.12.12,12:00:00,49103.900000,49927.230000,49088.290000,49609.380000,41937.8630
BTCUSDT,2021.12.12,16:00:00,49609.390000,50768.000000,49500.000000,50214.670000,50560.2230
BTCUSDT,2021.12.12,20:00:00,50214.670000,50538.860000,49863.560000,50057.010000,21925.1960
BTCUSDT,2021.12.13,00:00:00,50057.020000,50180.000000,48411.470000,48852.970000,48460.3760
BTCUSDT,2021.12.13,04:00:00,48852.960000,49329.450000,48555.720000,48731.030000,31194.7860
BTCUSDT,2021.12.13,08:00:00,48731.020000,49160.000000,48078.200000,48825.170000,35244.3360
BTCUSDT,2021.12.13,12:00:00,48824.530000,48990.570000,47000.000000,47239.070000,73371.3950
BTCUSDT,2021.12.13,16:00:00,47239.070000,47900.000000,45600.000000,46699.360000,112620.6630
BTCUSDT,2021.12.13,20:00:00,46699.360000,47315.130000,46208.550000,46679.930000,47659.7660
BTCUSDT,2021.12.14,00:00:00,46679.930000,47200.000000,46255.600000,46937.260000,35804.0890
BTCUSDT,2021.12.14,04:00:00,46937.260000,47150.000000,46309.440000,46981.790000,32736.9360
BTCUSDT,2021.12.14,08:00:00,46981.780000,47762.900000,46768.010000,47599.900000,45927.8700
BTCUSDT,2021.12.14,12:00:00,47599.900000,47958.620000,46590.000000,46833.090000,56207.2310
BTCUSDT,2021.12.14,16:00:00,46833.080000,47134.880000,46435.250000,46844.020000,41922.3550
BTCUSDT,2021.12.14,20:00:00,46844.150000,48657.920000,46825.330000,48324.040000,53615.1460
BTCUSDT,2021.12.15,00:00:00,48324.000000,48784.230000,47830.000000,48250.160000,29305.9540
BTCUSDT,2021.12.15,04:00:00,48250.170000,48431.210000,47913.770000,48200.000000,23871.1510
BTCUSDT,2021.12.15,08:00:00,48199.990000,48763.230000,48069.850000,48135.180000,32277.1390
BTCUSDT,2021.12.15,12:00:00,48135.190000,48300.000000,46545.210000,46622.380000,70193.7970
BTCUSDT,2021.12.15,16:00:00,46621.850000,49256.030000,46518.730000,48659.070000,132449.7560
BTCUSDT,2021.12.15,20:00:00,48656.020000,49479.750000,48520.000000,48870.480000,57142.0940
BTCUSDT,2021.12.16,00:00:00,48870.480000,49270.000000,48710.000000,48821.440000,24583.2730
BTCUSDT,2021.12.16,04:00:00,48822.430000,49028.380000,48503.130000,48718.170000,21891.1470
BTCUSDT,2021.12.16,08:00:00,48718.160000,49439.790000,48610.000000,49198.040000,28955.1620
BTCUSDT,2021.12.16,12:00:00,49198.050000,49282.580000,48244.050000,48584.850000,59807.8050
BTCUSDT,2021.12.16,16:00:00,48584.840000,48700.000000,47667.520000,47874.000000,42714.1470
BTCUSDT,2021.12.16,20:00:00,47874.000000,48400.750000,47500.000000,47624.500000,37922.6530
BTCUSDT,2021.12.17,00:00:00,47629.100000,47988.270000,47358.660000,47762.210000,24954.8480
BTCUSDT,2021.12.17,04:00:00,47762.200000,47948.380000,46700.000000,46990.010000,40882.0630
BTCUSDT,2021.12.17,08:00:00,46990.000000,47285.170000,46748.790000,47100.000000,36356.2340
BTCUSDT,2021.12.17,12:00:00,47100.010000,47362.520000,45373.110000,46487.190000,99017.7710
BTCUSDT,2021.12.17,16:00:00,46490.500000,47430.000000,46351.410000,46742.660000,62015.6420
BTCUSDT,2021.12.17,20:00:00,46742.660000,47090.380000,45500.000000,46125.330000,63231.5770
BTCUSDT,2021.12.18,00:00:00,46125.330000,46535.580000,45438.430000,46267.440000,48155.5700
BTCUSDT,2021.12.18,04:00:00,46267.450000,46847.600000,46046.010000,46324.600000,31335.2570
BTCUSDT,2021.12.18,08:00:00,46327.750000,47336.990000,46169.170000,47059.590000,38943.3950
BTCUSDT,2021.12.18,12:00:00,47055.710000,47220.970000,46550.000000,46846.390000,29805.1530
BTCUSDT,2021.12.18,16:00:00,46845.240000,46977.650000,46310.000000,46623.990000,24012.1940
BTCUSDT,2021.12.18,20:00:00,46623.990000,47098.600000,46506.520000,46815.990000,18754.8460
BTCUSDT,2021.12.19,00:00:00,46815.990000,47950.000000,46399.370000,47685.960000,39911.6900
BTCUSDT,2021.12.19,04:00:00,47685.960000,48055.000000,47422.240000,47507.850000,32383.6520
BTCUSDT,2021.12.19,08:00:00,47507.850000,47628.500000,46800.000000,47141.220000,36281.6810
BTCUSDT,2021.12.19,12:00:00,47141.220000,48461.170000,46844.130000,47228.690000,68570.3030
BTCUSDT,2021.12.19,16:00:00,47230.340000,47473.330000,46447.050000,46656.130000,31033.6350
BTCUSDT,2021.12.19,20:00:00,46658.720000,47549.790000,46450.000000,46668.630000,33517.5800
BTCUSDT,2021.12.20,00:00:00,46668.650000,47203.220000,46200.000000,46676.540000,42052.6810
BTCUSDT,2021.12.20,04:00:00,46676.540000,47027.600000,46069.650000,46421.660000,37480.6230
BTCUSDT,2021.12.20,08:00:00,46421.660000,46548.040000,45736.000000,46074.130000,43299.5350
BTCUSDT,2021.12.20,12:00:00,46074.130000,46300.000000,45530.670000,45969.000000,64165.1800
BTCUSDT,2021.12.20,16:00:00,45969.130000,46684.850000,45850.330000,46559.710000,41520.3600
BTCUSDT,2021.12.20,20:00:00,46559.710000,47533.420000,46559.710000,46898.140000,45285.8800
BTCUSDT,2021.12.21,00:00:00,46896.820000,48103.100000,46650.000000,47927.510000,44660.7550
BTCUSDT,2021.12.21,04:00:00,47927.520000,48800.000000,47925.000000,48574.380000,57862.2190
BTCUSDT,2021.12.21,08:00:00,48574.390000,49089.470000,48425.770000,48844.630000,39374.3860
BTCUSDT,2021.12.21,12:00:00,48842.650000,49298.780000,48295.670000,48408.640000,61266.7790
BTCUSDT,2021.12.21,16:00:00,48408.640000,48880.000000,48327.000000,48606.890000,25865.2880
BTCUSDT,2021.12.21,20:00:00,48606.890000,49280.000000,48453.550000,48875.150000,30978.9310
BTCUSDT,2021.12.22,00:00:00,48875.880000,49599.000000,48571.370000,49236.800000,38612.4060
BTCUSDT,2021.12.22,04:00:00,49237.130000,49324.440000,48908.000000,49175.750000,27330.1250
BTCUSDT,2021.12.22,08:00:00,49175.750000,49522.280000,48830.000000,48979.400000,34543.2900
BTCUSDT,2021.12.22,12:00:00,48979.410000,49120.000000,48420.020000,48858.420000,48215.4480
BTCUSDT,2021.12.22,16:00:00,48858.420000,49250.000000,48500.150000,48911.210000,34270.9690
BTCUSDT,2021.12.22,20:00:00,48911.210000,49125.190000,48514.220000,48569.690000,25491.4510
BTCUSDT,2021.12.23,00:00:00,48569.690000,48721.810000,48020.000000,48509.300000,40285.5920
BTCUSDT,2021.12.23,04:00:00,48509.290000,48567.790000,48034.030000,48118.000000,23330.3480
BTCUSDT,2021.12.23,08:00:00,48118.010000,48537.760000,48067.570000,48344.910000,25355.5630
BTCUSDT,2021.12.23,12:00:00,48341.460000,48850.000000,48310.040000,48788.000000,33714.0000
BTCUSDT,2021.12.23,16:00:00,48788.000000,51377.740000,48656.980000,51082.350000,99972.6700
BTCUSDT,2021.12.23,20:00:00,51082.350000,51139.910000,50533.870000,50817.920000,33227.3070
BTCUSDT,2021.12.24,00:00:00,50817.940000,51498.870000,50633.190000,51029.980000,40600.2770
BTCUSDT,2021.12.24,04:00:00,51029.990000,51089.890000,50730.790000,50990.000000,18735.0700
BTCUSDT,2021.12.24,08:00:00,50989.990000,51453.070000,50837.030000,50976.000000,29344.8500
BTCUSDT,2021.12.24,12:00:00,50976.000000,51222.620000,50379.250000,50923.470000,44030.0160
BTCUSDT,2021.12.24,16:00:00,50923.470000,51805.000000,50720.000000,51127.360000,53166.5120
BTCUSDT,2021.12.24,20:00:00,51127.360000,51222.730000,50470.000000,50808.550000,34332.0000
BTCUSDT,2021.12.25,00:00:00,50809.370000,51122.950000,50600.000000,50833.290000,17276.1900
BTCUSDT,2021.12.25,04:00:00,50833.290000,51077.000000,50650.000000,50916.290000,16306.8400
BTCUSDT,2021.12.25,08:00:00,50916.300000,51009.500000,50550.000000,50685.220000,18819.7540
BTCUSDT,2021.12.25,12:00:00,50686.710000,50929.310000,50634.000000,50669.010000,19525.9730
BTCUSDT,2021.12.25,16:00:00,50669.010000,51190.000000,50105.000000,50901.010000,42827.7810
BTCUSDT,2021.12.25,20:00:00,50901.010000,51080.000000,50341.410000,50403.640000,32905.9000
BTCUSDT,2021.12.26,00:00:00,50403.640000,50677.200000,49611.450000,49672.670000,50236.5230
BTCUSDT,2021.12.26,04:00:00,49672.680000,49969.000000,49616.000000,49915.860000,18703.5550
BTCUSDT,2021.12.26,08:00:00,49915.870000,50158.960000,49350.000000,49729.350000,29899.1180
BTCUSDT,2021.12.26,12:00:00,49729.350000,50278.670000,49624.110000,50039.100000,25389.5850
BTCUSDT,2021.12.26,16:00:00,50039.100000,50450.000000,50004.150000,50330.010000,21876.8530
BTCUSDT,2021.12.26,20:00:00,50330.000000,51300.000000,49899.420000,50765.730000,38694.9820
BTCUSDT,2021.12.27,00:00:00,50765.730000,51133.000000,50450.000000,51007.020000,26801.5380
BTCUSDT,2021.12.27,04:00:00,51007.020000,51102.250000,50630.760000,50693.010000,22776.0560
BTCUSDT,2021.12.27,08:00:00,50693.010000,50917.680000,50501.710000,50765.060000,24228.7790
BTCUSDT,2021.12.27,12:00:00,50765.070000,51686.280000,50582.000000,51449.290000,53958.4290
BTCUSDT,2021.12.27,16:00:00,51449.290000,52134.000000,51200.000000,51207.920000,51489.5130
BTCUSDT,2021.12.27,20:00:00,51207.930000,51365.000000,50620.020000,50707.720000,36970.9480
BTCUSDT,2021.12.28,00:00:00,50707.720000,50713.560000,49500.000000,49826.480000,63833.4960
BTCUSDT,2021.12.28,04:00:00,49826.470000,49826.480000,48555.000000,49197.910000,54337.1410
BTCUSDT,2021.12.28,08:00:00,49197.910000,49429.400000,48745.180000,49182.140000,40077.6470
BTCUSDT,2021.12.28,12:00:00,49182.130000,49360.990000,48113.260000,48921.840000,54869.1470
BTCUSDT,2021.12.28,16:00:00,48921.830000,48961.770000,47290.000000,47676.660000,88235.0930
BTCUSDT,2021.12.28,20:00:00,47676.660000,48021.010000,47294.520000,47522.030000,34730.8160
BTCUSDT,2021.12.29,00:00:00,47522.020000,48125.970000,47420.000000,47979.430000,27210.0900
BTCUSDT,2021.12.29,04:00:00,47979.440000,48041.000000,47512.590000,47558.500000,20596.0790
BTCUSDT,2021.12.29,08:00:00,47561.680000,48084.800000,47381.000000,47734.910000,35436.1380
BTCUSDT,2021.12.29,12:00:00,47734.910000,48040.000000,46559.460000,47941.370000,98456.8360
BTCUSDT,2021.12.29,16:00:00,47941.370000,48033.000000,47000.000000,47123.010000,37327.0940
BTCUSDT,2021.12.29,20:00:00,47123.000000,47706.520000,46000.000000,46436.540000,55769.1410
BTCUSDT,2021.12.30,00:00:00,46436.530000,46840.080000,45880.000000,46495.880000,50296.8580
BTCUSDT,2021.12.30,04:00:00,46495.870000,47088.820000,46471.220000,46953.320000,27564.3570
BTCUSDT,2021.12.30,08:00:00,46953.310000,47550.000000,46650.000000,47492.990000,38603.6550
BTCUSDT,2021.12.30,12:00:00,47493.000000,47694.100000,47101.090000,47144.270000,36403.5030
BTCUSDT,2021.12.30,16:00:00,47144.800000,47911.680000,47058.190000,47540.180000,37670.1540
BTCUSDT,2021.12.30,20:00:00,47540.180000,47650.000000,46700.000000,47095.020000,39392.7610
BTCUSDT,2021.12.31,00:00:00,47095.020000,47369.950000,46803.810000,47185.180000,32634.1430
BTCUSDT,2021.12.31,04:00:00,47185.180000,47545.000000,46828.700000,47168.940000,30888.3720
BTCUSDT,2021.12.31,08:00:00,47168.940000,48575.000000,47051.420000,47977.580000,73628.8220
BTCUSDT,2021.12.31,12:00:00,47977.580000,48140.180000,47810.000000,48004.730000,30532.9460
BTCUSDT,2021.12.31,16:00:00,48004.760000,48110.350000,45656.000000,45707.620000,76988.3810
BTCUSDT,2021.12.31,20:00:00,45707.620000,46558.390000,45650.000000,46210.560000,42513.3390
BTCUSDT,2022.01.01,00:00:00,46210.570000,46944.560000,46210.550000,46789.560000,24921.4190
BTCUSDT,2022.01.01,04:00:00,46789.550000,47566.660000,46605.000000,47186.830000,34840.0190
BTCUSDT,2022.01.01,08:00:00,47186.830000,47338.000000,46700.090000,46755.010000,29421.2870
BTCUSDT,2022.01.01,12:00:00,46755.010000,47488.640000,46755.010000,47194.780000,28293.7300
BTCUSDT,2022.01.01,16:00:00,47194.770000,47943.770000,47157.590000,47326.980000,38466.4960
BTCUSDT,2022.01.01,20:00:00,47326.990000,47813.430000,47202.470000,47704.350000,23490.6330
BTCUSDT,2022.01.02,00:00:00,47704.350000,47745.610000,47263.280000,47330.750000,20840.1810
BTCUSDT,2022.01.02,04:00:00,47330.760000,47418.650000,46749.990000,47171.040000,31316.5600
BTCUSDT,2022.01.02,08:00:00,47171.390000,47500.000000,46963.660000,47231.300000,22208.4070
BTCUSDT,2022.01.02,12:00:00,47231.290000,47453.050000,47002.470000,47329.680000,26792.1400
BTCUSDT,2022.01.02,16:00:00,47329.680000,48000.000000,46605.680000,46908.290000,63863.4500
BTCUSDT,2022.01.02,20:00:00,46908.660000,47469.460000,46815.750000,47280.000000,19774.3550
BTCUSDT,2022.01.03,00:00:00,47280.010000,47288.280000,46717.260000,46802.860000,26291.8810
BTCUSDT,2022.01.03,04:00:00,46802.860000,47217.370000,46750.000000,47041.110000,21333.2440
BTCUSDT,2022.01.03,08:00:00,47042.770000,47436.260000,46777.000000,47364.110000,33235.5800
BTCUSDT,2022.01.03,12:00:00,47364.110000,47575.220000,46560.000000,46689.990000,57712.0630
BTCUSDT,2022.01.03,16:00:00,46689.990000,46800.000000,46260.400000,46364.550000,49363.7890
BTCUSDT,2022.01.03,20:00:00,46364.560000,46579.280000,45665.400000,46445.810000,56845.2360
BTCUSDT,2022.01.04,00:00:00,46445.800000,46550.000000,45931.610000,46313.950000,30816.3890
BTCUSDT,2022.01.04,04:00:00,46313.950000,46550.890000,46020.500000,46521.680000,28851.5570
BTCUSDT,2022.01.04,08:00:00,46521.690000,46750.000000,46270.540000,46709.980000,37737.6800
BTCUSDT,2022.01.04,12:00:00,46709.970000,47524.360000,46390.840000,46925.280000,68631.8280
BTCUSDT,2022.01.04,16:00:00,46925.280000,46986.540000,45445.570000,46058.090000,92895.6540
BTCUSDT,2022.01.04,20:00:00,46058.090000,46430.380000,45750.000000,45833.420000,33216.6420
BTCUSDT,2022.01.05,00:00:00,45833.410000,46580.000000,45710.230000,46409.760000,28814.1270
BTCUSDT,2022.01.05,04:00:00,46412.870000,46537.000000,46243.100000,46399.330000,18289.7920
BTCUSDT,2022.01.05,08:00:00,46399.340000,47075.290000,46095.400000,46271.930000,54891.5780
BTCUSDT,2022.01.05,12:00:00,46271.930000,46820.830000,45900.000000,46611.460000,81299.2700
BTCUSDT,2022.01.05,16:00:00,46611.470000,46670.000000,44128.220000,44673.220000,128210.8480
BTCUSDT,2022.01.05,20:00:00,44671.930000,44835.000000,42270.000000,43421.690000,173971.9540
BTCUSDT,2022.01.06,00:00:00,43421.700000,43766.000000,42801.000000,42817.380000,56177.0640
BTCUSDT,2022.01.06,04:00:00,42821.050000,43258.820000,42566.730000,43222.220000,53675.8870
BTCUSDT,2022.01.06,08:00:00,43222.220000,43253.230000,42385.830000,42865.150000,59278.1610
BTCUSDT,2022.01.06,12:00:00,42865.140000,43228.730000,42629.750000,42947.790000,61959.7660
BTCUSDT,2022.01.06,16:00:00,42947.780000,43488.480000,42742.000000,43409.030000,42221.2220
BTCUSDT,2022.01.06,20:00:00,43409.030000,43564.780000,43000.000000,43080.010000,26197.7510
BTCUSDT,2022.01.07,00:00:00,43080.010000,43135.000000,41500.000000,41789.970000,72499.7750
BTCUSDT,2022.01.07,04:00:00,41789.970000,41931.000000,40900.000000,41691.610000,96980.0390
BTCUSDT,2022.01.07,08:00:00,41699.410000,42960.000000,41601.960000,42249.990000,61787.6930
BTCUSDT,2022.01.07,12:00:00,42250.000000,42791.450000,40456.560000,41297.410000,131096.7970
BTCUSDT,2022.01.07,16:00:00,41297.140000,42345.810000,40900.000000,41764.320000,79067.2230
BTCUSDT,2022.01.07,20:00:00,41763.670000,42056.360000,41300.000000,41553.860000,31783.3220
BTCUSDT,2022.01.08,00:00:00,41553.870000,42247.360000,41553.860000,41796.030000,33066.3230
BTCUSDT,2022.01.08,04:00:00,41796.030000,41988.670000,41711.350000,41902.210000,16857.0040
BTCUSDT,2022.01.08,08:00:00,41902.210000,42191.840000,41747.640000,41918.020000,32638.2820
BTCUSDT,2022.01.08,12:00:00,41918.020000,42040.230000,41300.000000,41600.720000,39542.9440
BTCUSDT,2022.01.08,16:00:00,41600.720000,41729.600000,40500.000000,40837.510000,100299.8120
BTCUSDT,2022.01.08,20:00:00,40837.500000,42335.000000,40722.220000,41688.050000,61332.8590
BTCUSDT,2022.01.09,00:00:00,41688.050000,42168.000000,41380.000000,41835.600000,36586.3520
BTCUSDT,2022.01.09,04:00:00,41835.600000,42092.950000,41666.000000,41784.630000,22050.9770
BTCUSDT,2022.01.09,08:00:00,41784.620000,42000.000000,41400.000000,41854.250000,34959.7540
BTCUSDT,2022.01.09,12:00:00,41854.260000,41918.000000,41170.000000,41611.090000,40736.5740
BTCUSDT,2022.01.09,16:00:00,41611.090000,42735.000000,41550.000000,42678.950000,54244.7950
BTCUSDT,2022.01.09,20:00:00,42678.960000,42773.850000,41755.000000,41851.220000,34556.5000
BTCUSDT,2022.01.10,00:00:00,41851.220000,42025.000000,41572.000000,41946.050000,29063.8540
BTCUSDT,2022.01.10,04:00:00,41946.050000,42219.840000,41801.630000,42034.990000,27296.1530
BTCUSDT,2022.01.10,08:00:00,42035.000000,42098.520000,41422.000000,41564.260000,38659.9850
BTCUSDT,2022.01.10,12:00:00,41564.260000,41612.000000,39610.000000,40973.560000,191731.9060
BTCUSDT,2022.01.10,16:00:00,40973.560000,42140.280000,40502.100000,41280.450000,129699.6350
BTCUSDT,2022.01.10,20:00:00,41280.450000,41990.000000,41144.140000,41801.550000,37192.5830
BTCUSDT,2022.01.11,00:00:00,41801.550000,42369.990000,41537.000000,42251.590000,38923.4810
BTCUSDT,2022.01.11,04:00:00,42251.600000,42350.000000,41950.000000,42191.790000,28211.1010
BTCUSDT,2022.01.11,08:00:00,42191.810000,42698.340000,41561.250000,41800.950000,54600.4840
BTCUSDT,2022.01.11,12:00:00,41800.070000,42200.000000,41255.000000,41716.420000,70410.7190
BTCUSDT,2022.01.11,16:00:00,41716.410000,43118.000000,41662.160000,42938.550000,105655.9630
BTCUSDT,2022.01.11,20:00:00,42938.550000,43080.520000,42586.580000,42700.680000,25958.9430
BTCUSDT,2022.01.12,00:00:00,42700.690000,42949.970000,42415.000000,42592.920000,25398.3010
BTCUSDT,2022.01.12,04:00:00,42592.910000,42864.000000,42450.000000,42550.090000,24257.7070
BTCUSDT,2022.01.12,08:00:00,42550.100000,43444.000000,42487.740000,42906.980000,55508.8660
BTCUSDT,2022.01.12,12:00:00,42906.980000,44091.930000,42848.380000,43549.990000,103073.7260
BTCUSDT,2022.01.12,16:00:00,43550.000000,43870.000000,43300.000000,43707.200000,38298.9220
BTCUSDT,2022.01.12,20:00:00,43708.980000,44300.000000,43604.000000,43880.720000,34801.7720
BTCUSDT,2022.01.13,00:00:00,43880.720000,44034.980000,43419.110000,43501.190000,25184.5370
BTCUSDT,2022.01.13,04:00:00,43501.180000,43777.000000,43480.370000,43682.700000,18454.8770
BTCUSDT,2022.01.13,08:00:00,43682.700000,43998.000000,43466.760000,43592.100000,35161.9820
BTCUSDT,2022.01.13,12:00:00,43592.100000,44396.680000,42847.860000,43170.000000,101156.4620
BTCUSDT,2022.01.13,16:00:00,43170.000000,43500.000000,42511.490000,42690.020000,72060.1450
BTCUSDT,2022.01.13,20:00:00,42690.010000,42862.050000,42301.160000,42534.320000,37271.1770
BTCUSDT,2022.01.14,00:00:00,42538.720000,42764.510000,42350.000000,42611.770000,26118.0780
BTCUSDT,2022.01.14,04:00:00,42611.040000,42950.700000,42557.830000,42635.620000,25171.3620
BTCUSDT,2022.01.14,08:00:00,42635.640000,42687.350000,41807.220000,41983.120000,61165.7840
BTCUSDT,2022.01.14,12:00:00,41983.120000,43350.000000,41666.000000,43082.570000,94050.7540
BTCUSDT,2022.01.14,16:00:00,43082.580000,43388.000000,42758.460000,43055.090000,41991.2680
BTCUSDT,2022.01.14,20:00:00,43055.100000,43450.000000,42976.940000,43042.400000,24019.8310
BTCUSDT,2022.01.15,00:00:00,43042.400000,43161.540000,42846.580000,42918.270000,18172.7600
BTCUSDT,2022.01.15,04:00:00,42918.270000,43091.240000,42676.190000,43073.990000,21502.3800
BTCUSDT,2022.01.15,08:00:00,43073.990000,43279.930000,42856.310000,42995.230000,24779.1900
BTCUSDT,2022.01.15,12:00:00,42998.200000,43389.660000,42530.640000,43370.010000,53299.8090
BTCUSDT,2022.01.15,16:00:00,43370.000000,43570.000000,43200.340000,43496.850000,30500.8630
BTCUSDT,2022.01.15,20:00:00,43496.850000,43800.000000,43058.570000,43070.510000,36394.1550
BTCUSDT,2022.01.16,00:00:00,43070.510000,43136.680000,42816.000000,42966.510000,21680.6610
BTCUSDT,2022.01.16,04:00:00,42966.510000,43229.830000,42835.000000,43173.020000,19685.6390
BTCUSDT,2022.01.16,08:00:00,43173.020000,43274.820000,42750.000000,42960.000000,26377.9810
BTCUSDT,2022.01.16,12:00:00,42960.000000,43409.420000,42531.690000,43207.810000,57634.1890
BTCUSDT,2022.01.16,16:00:00,43208.010000,43464.710000,42768.870000,42817.010000,29378.3790
BTCUSDT,2022.01.16,20:00:00,42817.010000,43250.000000,42731.070000,43060.660000,22693.6260
BTCUSDT,2022.01.17,00:00:00,43060.660000,43159.320000,42606.000000,42635.910000,27198.4850
BTCUSDT,2022.01.17,04:00:00,42636.300000,42951.920000,42222.000000,42639.510000,38889.0070
BTCUSDT,2022.01.17,08:00:00,42638.100000,42887.630000,42555.010000,42656.610000,26231.9010
BTCUSDT,2022.01.17,12:00:00,42656.610000,42768.950000,42345.780000,42467.490000,37730.8840
BTCUSDT,2022.01.17,16:00:00,42467.490000,42527.000000,41826.000000,42221.150000,57281.5340
BTCUSDT,2022.01.17,20:00:00,42221.140000,42368.000000,41523.680000,42176.340000,45416.5340
BTCUSDT,2022.01.18,00:00:00,42176.340000,42413.000000,41953.900000,42027.180000,26401.3520
BTCUSDT,2022.01.18,04:00:00,42027.180000,42321.400000,41855.000000,42040.000000,28273.7910
BTCUSDT,2022.01.18,08:00:00,42040.000000,42040.000000,41379.390000,41842.400000,53114.3850
BTCUSDT,2022.01.18,12:00:00,41842.400000,41937.490000,41260.000000,41574.090000,74084.7570
BTCUSDT,2022.01.18,16:00:00,41574.090000,41777.990000,41370.640000,41680.930000,39393.2360
BTCUSDT,2022.01.18,20:00:00,41680.940000,42680.000000,41486.000000,42337.580000,46204.9440
BTCUSDT,2022.01.19,00:00:00,42337.580000,42498.870000,41550.000000,41690.590000,45861.1010
BTCUSDT,2022.01.19,04:00:00,41690.610000,41835.970000,41133.730000,41271.210000,44726.0270
BTCUSDT,2022.01.19,08:00:00,41271.210000,42154.990000,41115.640000,42023.150000,70232.9040
BTCUSDT,2022.01.19,12:00:00,42023.970000,42545.000000,41828.000000,41971.310000,81370.9970
BTCUSDT,2022.01.19,16:00:00,41971.310000,42366.950000,41683.330000,41864.470000,61136.2530
BTCUSDT,2022.01.19,20:00:00,41864.460000,41986.760000,41557.000000,41657.890000,30624.8130
BTCUSDT,2022.01.20,00:00:00,41656.900000,42068.120000,41631.300000,41915.360000,24616.1550
BTCUSDT,2022.01.20,04:00:00,41915.350000,42145.710000,41756.640000,42039.990000,21627.8800
BTCUSDT,2022.01.20,08:00:00,42040.000000,42217.910000,41803.000000,42117.310000,32685.0760
BTCUSDT,2022.01.20,12:00:00,42117.320000,43440.000000,41923.000000,43275.740000,112378.6690
BTCUSDT,2022.01.20,16:00:00,43275.750000,43495.000000,42810.000000,42909.990000,62557.7230
BTCUSDT,2022.01.20,20:00:00,42909.990000,42975.300000,40550.000000,40661.690000,145952.5490
BTCUSDT,2022.01.21,00:00:00,40662.060000,41095.760000,38200.000000,38447.910000,190332.3670
BTCUSDT,2022.01.21,04:00:00,38447.920000,39157.250000,38419.120000,39106.420000,68697.0070
BTCUSDT,2022.01.21,08:00:00,39106.430000,39272.130000,38645.160000,38878.710000,51331.4540
BTCUSDT,2022.01.21,12:00:00,38878.720000,39029.550000,37648.160000,38831.880000,164801.8840
BTCUSDT,2022.01.21,16:00:00,38831.880000,39045.000000,37805.000000,37967.040000,88881.0250
BTCUSDT,2022.01.21,20:00:00,37967.040000,38471.920000,35380.920000,36425.980000,226277.1720
BTCUSDT,2022.01.22,00:00:00,36426.460000,36817.740000,35947.200000,36319.990000,81267.5160
BTCUSDT,2022.01.22,04:00:00,36319.990000,36411.750000,35101.000000,35374.140000,100575.8750
BTCUSDT,2022.01.22,08:00:00,35377.170000,35930.160000,33950.000000,35385.590000,188021.3040
BTCUSDT,2022.01.22,12:00:00,35383.040000,36181.080000,34800.000000,34829.930000,106490.7770
BTCUSDT,2022.01.22,16:00:00,34829.930000,35488.000000,34211.500000,34506.470000,118674.7650
BTCUSDT,2022.01.22,20:00:00,34506.480000,35756.000000,34404.630000,35043.730000,81242.6670
BTCUSDT,2022.01.23,00:00:00,35043.730000,35502.000000,34800.000000,35032.090000,43478.6670
BTCUSDT,2022.01.23,04:00:00,35032.080000,35742.000000,34920.640000,35553.200000,52786.9900
BTCUSDT,2022.01.23,08:00:00,35552.000000,36118.050000,35315.840000,35671.570000,73916.8560
BTCUSDT,2022.01.23,12:00:00,35671.560000,36055.000000,35021.120000,35265.330000,65186.1260
BTCUSDT,2022.01.23,16:00:00,35265.320000,35443.830000,34588.800000,34763.650000,57028.6970
BTCUSDT,2022.01.23,20:00:00,34763.650000,36496.920000,34687.130000,36230.010000,76975.5670
BTCUSDT,2022.01.24,00:00:00,36230.000000,36249.530000,35144.670000,35315.020000,54944.3900
BTCUSDT,2022.01.24,04:00:00,35315.030000,35448.000000,34798.200000,34875.530000,53335.3840
BTCUSDT,2022.01.24,08:00:00,34875.540000,35580.000000,33005.330000,33690.010000,213651.2110
BTCUSDT,2022.01.24,12:00:00,33690.000000,34345.000000,32853.830000,34217.720000,218066.5390
BTCUSDT,2022.01.24,16:00:00,34218.810000,36424.000000,33758.490000,36050.480000,189038.4510
BTCUSDT,2022.01.24,20:00:00,36050.460000,37528.000000,35936.650000,36648.310000,93964.7270
BTCUSDT,2022.01.25,00:00:00,36648.300000,36667.620000,35942.590000,36405.010000,42911.7540
BTCUSDT,2022.01.25,04:00:00,36402.550000,36480.000000,35693.000000,36035.000000,46686.8520
BTCUSDT,2022.01.25,08:00:00,36033.410000,36793.850000,35993.840000,36385.000000,64687.3490
BTCUSDT,2022.01.25,12:00:00,36384.990000,37161.330000,35950.410000,36522.010000,113892.4140
BTCUSDT,2022.01.25,16:00:00,36526.330000,37561.030000,36480.520000,37039.990000,86729.4670
BTCUSDT,2022.01.25,20:00:00,37039.990000,37081.530000,36404.170000,36934.260000,54627.6810
BTCUSDT,2022.01.26,00:00:00,36934.260000,37480.000000,36536.000000,37363.810000,44102.3240
BTCUSDT,2022.01.26,04:00:00,37363.810000,37973.780000,37125.000000,37321.950000,59484.7630
BTCUSDT,2022.01.26,08:00:00,37321.960000,38239.990000,37311.810000,38045.910000,70811.3500
BTCUSDT,2022.01.26,12:00:00,38045.920000,38485.390000,37566.000000,37962.110000,90755.8240
BTCUSDT,2022.01.26,16:00:00,37962.110000,38886.580000,37363.220000,37548.790000,174483.1350
BTCUSDT,2022.01.26,20:00:00,37548.790000,37548.790000,36232.420000,36787.430000,114819.9880
BTCUSDT,2022.01.27,00:00:00,36787.420000,37067.620000,35471.530000,35730.420000,80090.8860
BTCUSDT,2022.01.27,04:00:00,35730.420000,36277.130000,35673.670000,36150.760000,45168.0230
BTCUSDT,2022.01.27,08:00:00,36151.810000,36776.990000,35788.020000,36670.150000,57824.3520
BTCUSDT,2022.01.27,12:00:00,36670.140000,37200.000000,36451.610000,36625.300000,77370.1590
BTCUSDT,2022.01.27,16:00:00,36625.290000,36774.400000,35850.000000,36194.340000,73057.7790
BTCUSDT,2022.01.27,20:00:00,36194.330000,37200.000000,35513.130000,37131.000000,88495.7230
BTCUSDT,2022.01.28,00:00:00,37131.000000,37451.000000,36601.160000,37341.840000,55618.4830
BTCUSDT,2022.01.28,04:00:00,37342.540000,37488.990000,36766.000000,36788.860000,49705.5750
BTCUSDT,2022.01.28,08:00:00,36788.860000,36884.880000,36309.000000,36433.290000,56963.3160
BTCUSDT,2022.01.28,12:00:00,36433.290000,37293.220000,36149.020000,37169.990000,100314.7420
BTCUSDT,2022.01.28,16:00:00,37169.990000,37359.000000,36750.000000,37205.880000,54635.7660
BTCUSDT,2022.01.28,20:00:00,37205.880000,38000.000000,37118.980000,37696.210000,50271.2610
BTCUSDT,2022.01.29,00:00:00,37696.220000,37979.000000,37431.100000,37715.000000,30569.4540
BTCUSDT,2022.01.29,04:00:00,37715.000000,37939.000000,37575.060000,37822.150000,26772.4930
BTCUSDT,2022.01.29,08:00:00,37822.150000,37925.000000,37550.000000,37723.570000,23928.8580
BTCUSDT,2022.01.29,12:00:00,37723.570000,38211.050000,37252.000000,37543.790000,64654.3440
BTCUSDT,2022.01.29,16:00:00,37543.790000,37938.880000,37297.340000,37831.000000,36527.6000
BTCUSDT,2022.01.29,20:00:00,37832.370000,38750.940000,37807.900000,38150.010000,56205.0150
BTCUSDT,2022.01.30,00:00:00,38150.000000,38280.730000,37716.380000,37899.990000,26640.0560
BTCUSDT,2022.01.30,04:00:00,37900.000000,38283.550000,37880.060000,38228.000000,22596.8560
BTCUSDT,2022.01.30,08:00:00,38228.000000,38420.300000,37800.000000,38095.460000,34747.0030
BTCUSDT,2022.01.30,12:00:00,38095.460000,38146.530000,37706.100000,37962.130000,35624.4100
BTCUSDT,2022.01.30,16:00:00,37962.610000,38082.150000,37419.900000,37505.730000,34844.0980
BTCUSDT,2022.01.30,20:00:00,37505.730000,38240.000000,37334.830000,37870.010000,40576.7020
BTCUSDT,2022.01.31,00:00:00,37870.000000,37938.000000,36620.000000,36998.670000,59198.6300
BTCUSDT,2022.01.31,04:00:00,36998.670000,37174.610000,36794.810000,37098.680000,25195.9490
BTCUSDT,2022.01.31,08:00:00,37098.680000,37338.330000,36880.000000,37245.000000,33956.8380
BTCUSDT,2022.01.31,12:00:00,37245.000000,37880.000000,36800.000000,37694.460000,78767.9520
BTCUSDT,2022.01.31,16:00:00,37694.460000,38741.730000,37650.170000,38400.000000,90238.4990
BTCUSDT,2022.01.31,20:00:00,38400.010000,38725.600000,38220.000000,38439.040000,31082.5240
BTCUSDT,2022.02.01,00:00:00,38439.040000,38630.000000,38145.000000,38570.110000,30282.3190
BTCUSDT,2022.02.01,04:00:00,38570.100000,38625.000000,38220.080000,38420.650000,27168.8810
BTCUSDT,2022.02.01,08:00:00,38420.650000,39100.000000,37969.000000,38402.860000,83908.2110
BTCUSDT,2022.02.01,12:00:00,38402.860000,39049.430000,38170.890000,38604.970000,101041.9180
BTCUSDT,2022.02.01,16:00:00,38605.260000,39260.260000,38322.000000,38356.040000,79037.4640
BTCUSDT,2022.02.01,20:00:00,38356.040000,38884.600000,38345.000000,38680.510000,31915.3280
BTCUSDT,2022.02.02,00:00:00,38680.510000,38834.180000,38350.000000,38540.290000,25995.7840
BTCUSDT,2022.02.02,04:00:00,38540.280000,38540.290000,38173.300000,38268.320000,32967.6680
BTCUSDT,2022.02.02,08:00:00,38269.000000,38580.000000,38205.380000,38473.750000,26550.3530
BTCUSDT,2022.02.02,12:00:00,38473.740000,38725.500000,37338.140000,37419.510000,111614.8390
BTCUSDT,2022.02.02,16:00:00,37419.530000,37646.090000,37052.000000,37538.910000,70061.1540
BTCUSDT,2022.02.02,20:00:00,37538.900000,37630.000000,36529.810000,36892.030000,70381.1360
BTCUSDT,2022.02.03,00:00:00,36892.050000,37040.000000,36700.000000,36801.120000,31557.4040
BTCUSDT,2022.02.03,04:00:00,36801.120000,37074.000000,36764.000000,36995.500000,26381.1270
BTCUSDT,2022.02.03,08:00:00,36995.500000,37084.630000,36250.000000,36754.990000,73514.4760
BTCUSDT,2022.02.03,12:00:00,36754.990000,36963.000000,36204.300000,36876.560000,86926.3390
BTCUSDT,2022.02.03,16:00:00,36876.560000,37100.000000,36431.790000,36538.760000,46202.1790
BTCUSDT,2022.02.03,20:00:00,36538.760000,37395.000000,36256.000000,37289.860000,54074.7030
BTCUSDT,2022.02.04,00:00:00,37287.330000,37435.540000,37011.000000,37282.810000,29031.8650
BTCUSDT,2022.02.04,04:00:00,37282.800000,38198.000000,37226.410000,37858.990000,62919.9640
BTCUSDT,2022.02.04,08:00:00,37859.000000,38239.000000,37778.880000,37800.020000,50036.9200
BTCUSDT,2022.02.04,12:00:00,37800.020000,39863.270000,37278.930000,39481.720000,192162.0670
BTCUSDT,2022.02.04,16:00:00,39481.720000,40875.000000,39426.910000,40701.710000,123507.6770
BTCUSDT,2022.02.04,20:00:00,40703.330000,41741.760000,40357.040000,41550.000000,62447.2770
BTCUSDT,2022.02.05,00:00:00,41550.000000,41922.000000,41155.450000,41428.660000,50762.5670
BTCUSDT,2022.02.05,04:00:00,41428.670000,41752.460000,41352.850000,41368.140000,30117.9160
BTCUSDT,2022.02.05,08:00:00,41367.740000,41666.000000,41194.620000,41427.850000,33173.4400
BTCUSDT,2022.02.05,12:00:00,41427.850000,41875.430000,41300.000000,41731.740000,47248.0570
BTCUSDT,2022.02.05,16:00:00,41731.740000,41837.980000,40920.000000,41532.760000,56042.4600
BTCUSDT,2022.02.05,20:00:00,41532.760000,41765.000000,41316.720000,41374.690000,24839.6300
BTCUSDT,2022.02.06,00:00:00,41374.680000,41633.080000,41313.010000,41429.060000,15577.3280
BTCUSDT,2022.02.06,04:00:00,41429.060000,41700.000000,41300.000000,41588.000000,20909.2450
BTCUSDT,2022.02.06,08:00:00,41586.940000,41685.000000,41438.810000,41510.720000,19093.2250
BTCUSDT,2022.02.06,12:00:00,41510.710000,42400.000000,41100.000000,41494.990000,82359.2640
BTCUSDT,2022.02.06,16:00:00,41494.990000,41734.110000,41385.560000,41692.800000,25959.4950
BTCUSDT,2022.02.06,20:00:00,41692.800000,42656.800000,41458.150000,42361.350000,51425.3930
BTCUSDT,2022.02.07,00:00:00,42361.340000,42933.820000,41609.760000,42784.680000,75383.8100
BTCUSDT,2022.02.07,04:00:00,42784.680000,43092.000000,42540.650000,42712.800000,36380.3250
BTCUSDT,2022.02.07,08:00:00,42712.790000,42757.120000,42201.680000,42692.250000,42599.8290
BTCUSDT,2022.02.07,12:00:00,42692.250000,43887.810000,42450.640000,43805.260000,104841.0850
BTCUSDT,2022.02.07,16:00:00,43805.260000,44541.160000,43470.090000,44243.000000,114083.1850
BTCUSDT,2022.02.07,20:00:00,44243.000000,44438.390000,43725.000000,43829.990000,44765.5400
BTCUSDT,2022.02.08,00:00:00,43829.990000,44171.300000,43550.000000,44162.220000,32645.4370
BTCUSDT,2022.02.08,04:00:00,44162.220000,45600.000000,44063.380000,44842.260000,85672.7280
BTCUSDT,2022.02.08,08:00:00,44842.270000,44910.000000,43520.000000,43978.640000,97055.6730
BTCUSDT,2022.02.08,12:00:00,43978.640000,43978.640000,42822.000000,43406.530000,101164.2320
BTCUSDT,2022.02.08,16:00:00,43406.530000,43690.000000,42641.000000,42985.410000,85265.7260
BTCUSDT,2022.02.08,20:00:00,42985.410000,44395.000000,42929.350000,44021.570000,66211.6250
BTCUSDT,2022.02.09,00:00:00,44021.580000,44325.520000,43089.080000,43321.580000,46646.6880
BTCUSDT,2022.02.09,04:00:00,43321.570000,43910.000000,43111.000000,43798.900000,38291.0940
BTCUSDT,2022.02.09,08:00:00,43798.900000,43934.000000,43164.790000,43686.650000,51492.6800
BTCUSDT,2022.02.09,12:00:00,43685.620000,44436.440000,43600.000000,43855.170000,72521.2380
BTCUSDT,2022.02.09,16:00:00,43855.180000,44704.000000,43600.000000,44455.070000,56171.9680
BTCUSDT,2022.02.09,20:00:00,44455.130000,44826.000000,44200.000000,44358.080000,35146.3940
BTCUSDT,2022.02.10,00:00:00,44358.090000,44386.480000,43550.000000,43748.780000,38691.3730
BTCUSDT,2022.02.10,04:00:00,43748.770000,44106.450000,43531.100000,44066.190000,32297.5600
BTCUSDT,2022.02.10,08:00:00,44066.190000,45172.650000,44030.000000,44815.740000,70518.5520
BTCUSDT,2022.02.10,12:00:00,44815.730000,45700.000000,43136.960000,44936.020000,228288.5040
BTCUSDT,2022.02.10,16:00:00,44936.810000,45847.500000,44311.390000,44355.730000,118729.2330
BTCUSDT,2022.02.10,20:00:00,44355.720000,44579.910000,43288.360000,43471.290000,75396.8530
BTCUSDT,2022.02.11,00:00:00,43471.300000,43739.890000,42555.000000,43310.870000,76810.9460
BTCUSDT,2022.02.11,04:00:00,43310.870000,43399.000000,42777.000000,43330.460000,34134.6040
BTCUSDT,2022.02.11,08:00:00,43329.870000,43607.100000,42811.420000,43332.950000,53524.5270
BTCUSDT,2022.02.11,12:00:00,43332.940000,43900.000000,43226.210000,43648.870000,75153.4880
BTCUSDT,2022.02.11,16:00:00,43648.860000,43746.520000,42046.110000,42725.350000,109487.5720
BTCUSDT,2022.02.11,20:00:00,42727.970000,42859.360000,41914.230000,42366.000000,65535.0560
BTCUSDT,2022.02.12,00:00:00,42365.990000,42491.190000,42150.000000,42279.980000,22443.7910
BTCUSDT,2022.02.12,04:00:00,42279.990000,42418.000000,41711.000000,42090.760000,36733.6070
BTCUSDT,2022.02.12,08:00:00,42090.750000,42440.730000,41838.680000,42385.660000,44270.1710
BTCUSDT,2022.02.12,12:00:00,42386.010000,42424.790000,41756.570000,42115.600000,48108.4570
BTCUSDT,2022.02.12,16:00:00,42115.610000,42980.000000,41981.720000,42644.670000,58651.0740
BTCUSDT,2022.02.12,20:00:00,42644.660000,42739.180000,41540.000000,42199.870000,46062.2250
BTCUSDT,2022.02.13,00:00:00,42199.880000,42491.850000,42035.600000,42214.650000,23847.5460
BTCUSDT,2022.02.13,04:00:00,42214.650000,42438.000000,42101.830000,42385.690000,17997.9130
BTCUSDT,2022.02.13,08:00:00,42385.690000,42647.250000,42222.000000,42462.000000,26909.0720
BTCUSDT,2022.02.13,12:00:00,42462.000000,42755.970000,42158.010000,42548.470000,42536.4420
BTCUSDT,2022.02.13,16:00:00,42549.590000,42570.000000,41850.000000,42015.270000,50126.4750
BTCUSDT,2022.02.13,20:00:00,42015.260000,42477.000000,41922.530000,42041.130000,30650.5640
BTCUSDT,2022.02.14,00:00:00,42041.120000,42169.020000,41526.000000,41892.950000,43798.7330
BTCUSDT,2022.02.14,04:00:00,41892.940000,42357.910000,41720.230000,42290.410000,31531.6440
BTCUSDT,2022.02.14,08:00:00,42290.410000,42400.000000,41906.440000,42107.810000,39708.8670
BTCUSDT,2022.02.14,12:00:00,42107.810000,42846.840000,41950.000000,42565.000000,82094.7640
BTCUSDT,2022.02.14,16:00:00,42565.000000,42888.000000,41783.110000,42102.290000,71326.1450
BTCUSDT,2022.02.14,20:00:00,42102.280000,42784.100000,41971.570000,42525.140000,35530.7800
BTCUSDT,2022.02.15,00:00:00,42525.140000,43679.710000,42406.230000,43535.100000,53247.7910
BTCUSDT,2022.02.15,04:00:00,43535.100000,43777.000000,43368.100000,43665.700000,27010.6860
BTCUSDT,2022.02.15,08:00:00,43665.800000,44442.300000,43579.400000,44214.400000,66566.2430
BTCUSDT,2022.02.15,12:00:00,44214.300000,44489.000000,44000.100000,44190.300000,56126.2700
BTCUSDT,2022.02.15,16:00:00,44190.300000,44249.000000,43850.000000,43989.600000,38558.1840
BTCUSDT,2022.02.15,20:00:00,43989.700000,44777.000000,43939.200000,44529.600000,35226.2470
BTCUSDT,2022.02.16,00:00:00,44529.700000,44536.800000,43885.000000,43970.900000,31320.9140
BTCUSDT,2022.02.16,04:00:00,43970.900000,44183.600000,43650.400000,44165.500000,33867.6670
BTCUSDT,2022.02.16,08:00:00,44165.600000,44313.100000,43860.000000,44160.600000,32542.7130
BTCUSDT,2022.02.16,12:00:00,44160.700000,44205.000000,43277.800000,43588.500000,71318.9080
BTCUSDT,2022.02.16,16:00:00,43591.600000,44330.000000,43336.500000,44202.200000,58647.2760
BTCUSDT,2022.02.16,20:00:00,44202.100000,44377.000000,43820.000000,43860.700000,28092.8090
BTCUSDT,2022.02.17,00:00:00,43860.800000,44150.000000,43555.700000,43574.300000,31513.3200
BTCUSDT,2022.02.17,04:00:00,43574.300000,43941.000000,43320.100000,43902.400000,36810.4790
BTCUSDT,2022.02.17,08:00:00,43902.300000,44020.000000,42890.000000,43158.200000,66102.1460
BTCUSDT,2022.02.17,12:00:00,43158.300000,43347.800000,41664.000000,41907.700000,116895.3440
BTCUSDT,2022.02.17,16:00:00,41907.800000,42089.800000,40711.000000,41177.100000,106116.6460
BTCUSDT,2022.02.17,20:00:00,41177.100000,41177.100000,40020.100000,40491.700000,76521.0490
BTCUSDT,2022.02.18,00:00:00,40491.800000,40944.100000,40273.000000,40677.000000,39384.7650
BTCUSDT,2022.02.18,04:00:00,40677.000000,40759.000000,40467.000000,40637.000000,22165.4910
BTCUSDT,2022.02.18,08:00:00,40637.100000,40938.000000,40073.100000,40167.200000,48186.8070
BTCUSDT,2022.02.18,12:00:00,40167.200000,40782.900000,39605.800000,39805.100000,135316.3860
BTCUSDT,2022.02.18,16:00:00,39805.200000,40429.700000,39422.000000,40196.200000,100326.4220
BTCUSDT,2022.02.18,20:00:00,40196.200000,40269.200000,39712.700000,39966.800000,32299.9110
BTCUSDT,2022.02.19,00:00:00,39966.800000,40295.200000,39896.800000,40107.600000,20450.2950
BTCUSDT,2022.02.19,04:00:00,40107.700000,40438.700000,40053.000000,40245.800000,20114.6360
BTCUSDT,2022.02.19,08:00:00,40246.100000,40278.800000,39620.300000,39822.800000,44978.1300
BTCUSDT,2022.02.19,12:00:00,39822.800000,40050.000000,39610.300000,39950.100000,41785.8600
BTCUSDT,2022.02.19,16:00:00,39950.100000,40341.500000,39811.200000,39959.000000,39707.4200
BTCUSDT,2022.02.19,20:00:00,39957.900000,40119.000000,39777.000000,40052.600000,18588.3340
BTCUSDT,2022.02.20,00:00:00,40052.600000,40100.100000,39660.300000,39778.100000,23054.4230
BTCUSDT,2022.02.20,04:00:00,39778.100000,39828.500000,38553.500000,38770.400000,87319.4960
BTCUSDT,2022.02.20,08:00:00,38770.300000,38830.000000,37905.000000,38316.000000,80018.5350
BTCUSDT,2022.02.20,12:00:00,38316.000000,38594.000000,38000.000000,38308.900000,56242.3560
BTCUSDT,2022.02.20,16:00:00,38309.000000,38479.900000,38162.000000,38379.100000,29253.3520
BTCUSDT,2022.02.20,20:00:00,38379.200000,38958.200000,38026.200000,38368.100000,53852.2820
BTCUSDT,2022.02.21,00:00:00,38367.900000,39385.000000,38177.000000,38900.100000,68441.7880
BTCUSDT,2022.02.21,04:00:00,38900.000000,39510.000000,38883.600000,39266.200000,39550.1030
BTCUSDT,2022.02.21,08:00:00,39266.000000,39335.000000,37314.500000,37549.900000,101600.8000
BTCUSDT,2022.02.21,12:00:00,37550.000000,39300.000000,37171.200000,38804.500000,181683.2740
BTCUSDT,2022.02.21,16:00:00,38804.500000,39138.000000,37530.000000,38114.500000,138733.6050
BTCUSDT,2022.02.21,20:00:00,38114.500000,38450.000000,36762.000000,36986.400000,116382.2450
BTCUSDT,2022.02.22,00:00:00,36986.400000,37449.400000,36310.100000,36580.000000,85764.9860
BTCUSDT,2022.02.22,04:00:00,36580.100000,37250.000000,36500.000000,36748.600000,66126.3440
BTCUSDT,2022.02.22,08:00:00,36748.700000,37868.000000,36727.100000,37504.700000,75416.5970
BTCUSDT,2022.02.22,12:00:00,37504.700000,38318.000000,37260.000000,37744.700000,107726.3020
BTCUSDT,2022.02.22,16:00:00,37744.600000,38142.300000,37350.000000,38039.600000,81747.9930
BTCUSDT,2022.02.22,20:00:00,38039.700000,38450.000000,37736.000000,38212.000000,48531.2750
BTCUSDT,2022.02.23,00:00:00,38212.100000,38335.200000,37500.400000,37730.400000,47089.3490
BTCUSDT,2022.02.23,04:00:00,37730.400000,38190.000000,37687.700000,38121.600000,38072.8030
BTCUSDT,2022.02.23,08:00:00,38121.500000,39148.000000,38052.800000,38757.200000,80640.9540
BTCUSDT,2022.02.23,12:00:00,38757.300000,39250.000000,38433.000000,38504.900000,77306.2120
BTCUSDT,2022.02.23,16:00:00,38505.000000,38770.000000,37522.000000,37602.800000,94397.8280
BTCUSDT,2022.02.23,20:00:00,37600.900000,37775.000000,36963.200000,37227.800000,70549.1090
BTCUSDT,2022.02.24,00:00:00,37227.900000,37400.000000,34673.100000,34907.800000,162571.1130
BTCUSDT,2022.02.24,04:00:00,34907.800000,35569.900000,34303.700000,35282.300000,173189.3780
BTCUSDT,2022.02.24,08:00:00,35282.300000,35870.000000,34763.200000,35425.400000,132369.4890
BTCUSDT,2022.02.24,12:00:00,35425.400000,36126.100000,35036.700000,35892.200000,144996.9370
BTCUSDT,2022.02.24,16:00:00,35892.200000,37365.100000,35700.100000,37272.300000,149591.8510
BTCUSDT,2022.02.24,20:00:00,37272.300000,40376.100000,37252.800000,38315.100000,157102.1390
BTCUSDT,2022.02.25,00:00:00,38316.200000,39000.000000,38116.300000,38899.400000,61487.7410
BTCUSDT,2022.02.25,04:00:00,38899.000000,38912.700000,38260.000000,38462.500000,43619.0740
BTCUSDT,2022.02.25,08:00:00,38462.500000,38878.500000,37999.200000,38730.000000,67379.2950
BTCUSDT,2022.02.25,12:00:00,38730.000000,39750.000000,38669.600000,39388.500000,127808.4210
BTCUSDT,2022.02.25,16:00:00,39388.500000,39584.200000,38519.200000,38667.300000,69050.4230
BTCUSDT,2022.02.25,20:00:00,38667.300000,39594.600000,38585.000000,39205.400000,46971.4120
BTCUSDT,2022.02.26,00:00:00,39205.400000,40441.100000,39053.400000,39380.000000,55893.6310
BTCUSDT,2022.02.26,04:00:00,39380.000000,39467.500000,38935.600000,39199.800000,30895.3990
BTCUSDT,2022.02.26,08:00:00,39199.800000,39577.000000,38561.700000,38921.000000,57873.2260
BTCUSDT,2022.02.26,12:00:00,38921.000000,39409.700000,38757.200000,39192.000000,37963.7740
BTCUSDT,2022.02.26,16:00:00,39192.000000,39447.400000,38800.000000,39238.400000,34047.1930
BTCUSDT,2022.02.26,20:00:00,39238.400000,39700.000000,38888.000000,39099.300000,35218.9780
BTCUSDT,2022.02.27,00:00:00,39099.300000,39244.000000,38162.000000,38584.100000,47846.4790
BTCUSDT,2022.02.27,04:00:00,38584.200000,38864.500000,38434.600000,38770.300000,25455.6410
BTCUSDT,2022.02.27,08:00:00,38769.800000,39549.900000,38605.000000,39463.400000,55589.6910
BTCUSDT,2022.02.27,12:00:00,39463.400000,39868.600000,38500.000000,39329.100000,115539.7580
BTCUSDT,2022.02.27,16:00:00,39330.100000,39447.700000,37460.300000,37574.700000,71921.0820
BTCUSDT,2022.02.27,20:00:00,37574.700000,38300.000000,36934.600000,37672.000000,106844.5960
BTCUSDT,2022.02.28,00:00:00,37672.100000,38400.000000,37414.400000,37771.700000,61394.9240
BTCUSDT,2022.02.28,04:00:00,37773.500000,38460.000000,37418.200000,38317.100000,62198.2770
BTCUSDT,2022.02.28,08:00:00,38317.400000,38666.600000,38052.700000,38310.400000,54388.3050
BTCUSDT,2022.02.28,12:00:00,38310.400000,40900.000000,37891.000000,40792.800000,178721.5250
BTCUSDT,2022.02.28,16:00:00,40792.800000,41489.000000,40674.600000,41306.400000,118561.5240
BTCUSDT,2022.02.28,20:00:00,41306.500000,44341.000000,41220.700000,43155.000000,140126.6060
BTCUSDT,2022.03.01,00:00:00,43155.000000,43790.000000,42850.000000,43140.800000,60518.9150
BTCUSDT,2022.03.01,04:00:00,43140.900000,43555.000000,43023.200000,43471.700000,37006.8470
BTCUSDT,2022.03.01,08:00:00,43471.700000,44000.000000,42765.400000,43599.900000,74110.7170
BTCUSDT,2022.03.01,12:00:00,43600.000000,44935.000000,43324.800000,43625.900000,163585.9430
BTCUSDT,2022.03.01,16:00:00,43626.000000,44120.500000,43202.100000,43693.700000,70038.1410
BTCUSDT,2022.03.01,20:00:00,43693.800000,44500.000000,43666.000000,44394.100000,43223.0830
BTCUSDT,2022.03.02,00:00:00,44393.600000,44744.000000,43817.000000,44319.000000,53499.1810
BTCUSDT,2022.03.02,04:00:00,44320.300000,44525.000000,43646.000000,43963.000000,41657.8570
BTCUSDT,2022.03.02,08:00:00,43962.800000,44344.500000,43728.800000,44099.800000,53375.7490
BTCUSDT,2022.03.02,12:00:00,44099.900000,45350.000000,43321.000000,44116.100000,167740.8420
BTCUSDT,2022.03.02,16:00:00,44116.100000,44487.700000,43412.000000,43690.300000,59121.3460
BTCUSDT,2022.03.02,20:00:00,43690.400000,44345.000000,43661.800000,43885.700000,32208.7460
BTCUSDT,2022.03.03,00:00:00,43885.800000,44048.700000,43165.100000,43312.700000,36168.6870
BTCUSDT,2022.03.03,04:00:00,43312.800000,43700.000000,42858.000000,43468.000000,44952.2370
BTCUSDT,2022.03.03,08:00:00,43468.000000,43616.000000,43056.200000,43377.200000,40145.8300
BTCUSDT,2022.03.03,12:00:00,43377.300000,44080.000000,42333.000000,42549.500000,102603.8210
BTCUSDT,2022.03.03,16:00:00,42549.500000,42761.400000,42051.000000,42220.600000,84431.5700
BTCUSDT,2022.03.03,20:00:00,42220.600000,42700.000000,41831.000000,42449.500000,57263.6870
BTCUSDT,2022.03.04,00:00:00,42449.600000,42525.300000,41050.000000,41441.100000,74477.1610
BTCUSDT,2022.03.04,04:00:00,41441.100000,41489.800000,41069.700000,41427.600000,32946.0020
BTCUSDT,2022.03.04,08:00:00,41427.700000,41887.500000,40800.000000,41639.600000,74542.7460
BTCUSDT,2022.03.04,12:00:00,41643.400000,41825.800000,40540.000000,40694.600000,112845.9380
BTCUSDT,2022.03.04,16:00:00,40694.600000,40954.600000,39650.000000,39785.400000,80557.2850
BTCUSDT,2022.03.04,20:00:00,39785.300000,39888.700000,38521.000000,39127.700000,93769.2420
BTCUSDT,2022.03.05,00:00:00,39127.700000,39176.300000,38547.600000,39029.100000,38296.9580
BTCUSDT,2022.03.05,04:00:00,39029.100000,39124.700000,38702.200000,39003.900000,27670.3410
BTCUSDT,2022.03.05,08:00:00,39004.000000,39282.000000,38754.500000,39106.100000,38882.5010
BTCUSDT,2022.03.05,12:00:00,39106.500000,39350.000000,38866.100000,39133.800000,32945.0960
BTCUSDT,2022.03.05,16:00:00,39133.800000,39580.000000,39104.100000,39416.600000,37526.0470
BTCUSDT,2022.03.05,20:00:00,39416.700000,39578.900000,39267.000000,39375.100000,23426.9500
BTCUSDT,2022.03.06,00:00:00,39375.000000,39690.000000,39250.200000,39281.900000,23293.0510
BTCUSDT,2022.03.06,04:00:00,39282.000000,39645.900000,38766.000000,39369.600000,45556.0740
BTCUSDT,2022.03.06,08:00:00,39369.700000,39369.700000,38056.000000,38330.900000,80127.9460
BTCUSDT,2022.03.06,12:00:00,38329.100000,39038.000000,38266.000000,38845.000000,66448.9300
BTCUSDT,2022.03.06,16:00:00,38845.000000,39340.000000,38474.600000,38649.400000,48289.5870
BTCUSDT,2022.03.06,20:00:00,38649.400000,39250.000000,38111.000000,38401.100000,47989.6720
BTCUSDT,2022.03.07,00:00:00,38401.100000,38547.600000,37529.900000,37848.800000,74983.6780
BTCUSDT,2022.03.07,04:00:00,37848.900000,38222.200000,37738.100000,37878.200000,37339.6420
BTCUSDT,2022.03.07,08:00:00,37878.200000,38392.000000,37630.600000,38314.100000,56249.7610
BTCUSDT,2022.03.07,12:00:00,38314.300000,39267.000000,38314.300000,39062.300000,104505.1920
BTCUSDT,2022.03.07,16:00:00,39062.300000,39550.000000,37150.800000,37288.700000,128966.3280
BTCUSDT,2022.03.07,20:00:00,37290.000000,38529.100000,37134.000000,37963.800000,88209.9150
BTCUSDT,2022.03.08,00:00:00,37963.700000,38931.100000,37853.000000,38678.500000,52210.8990
BTCUSDT,2022.03.08,04:00:00,38678.600000,38805.100000,38000.000000,38530.400000,54181.5910
BTCUSDT,2022.03.08,08:00:00,38530.400000,39185.500000,38450.000000,38967.800000,65088.9150
BTCUSDT,2022.03.08,12:00:00,38967.800000,39200.000000,38259.000000,38648.900000,102811.6270
BTCUSDT,2022.03.08,16:00:00,38649.800000,39340.500000,38117.900000,38741.500000,115241.4890
BTCUSDT,2022.03.08,20:00:00,38741.400000,38888.000000,38358.700000,38709.900000,31927.8460
BTCUSDT,2022.03.09,00:00:00,38709.900000,41440.600000,38638.700000,41198.500000,108319.6520
BTCUSDT,2022.03.09,04:00:00,41198.400000,41893.500000,41194.900000,41773.800000,82800.2080
BTCUSDT,2022.03.09,08:00:00,41770.600000,42450.000000,41605.000000,42150.100000,83163.0600
BTCUSDT,2022.03.09,12:00:00,42150.000000,42647.500000,41642.900000,42509.000000,96730.4570
BTCUSDT,2022.03.09,16:00:00,42508.900000,42552.000000,41760.000000,42200.200000,56088.3160
BTCUSDT,2022.03.09,20:00:00,42200.200000,42326.000000,41671.100000,41937.500000,34958.1180
BTCUSDT,2022.03.10,00:00:00,41939.500000,42034.300000,40500.000000,40765.400000,72554.2400
BTCUSDT,2022.03.10,04:00:00,40765.400000,40839.300000,38652.900000,39219.900000,119058.2490
BTCUSDT,2022.03.10,08:00:00,39220.000000,39300.000000,38740.100000,39055.400000,63543.3000
BTCUSDT,2022.03.10,12:00:00,39055.300000,40288.700000,38512.000000,39155.700000,168079.6020
BTCUSDT,2022.03.10,16:00:00,39154.300000,39580.000000,38869.200000,39405.500000,62782.3820
BTCUSDT,2022.03.10,20:00:00,39405.600000,39662.500000,39000.000000,39407.200000,34627.4130
BTCUSDT,2022.03.11,00:00:00,39407.100000,39426.200000,38200.100000,38703.100000,69355.9610
BTCUSDT,2022.03.11,04:00:00,38703.100000,39344.300000,38310.800000,39111.800000,61525.3390
BTCUSDT,2022.03.11,08:00:00,39111.600000,40200.000000,38780.000000,39878.400000,103949.3360
BTCUSDT,2022.03.11,12:00:00,39878.300000,40242.000000,38888.000000,39070.000000,129527.8600
BTCUSDT,2022.03.11,16:00:00,39070.000000,39085.900000,38500.100000,38776.100000,56629.1290
BTCUSDT,2022.03.11,20:00:00,38776.000000,39167.100000,38287.000000,38713.000000,46091.2670
BTCUSDT,2022.03.12,00:00:00,38713.100000,39289.600000,38630.000000,39073.500000,28631.9930
BTCUSDT,2022.03.12,04:00:00,39073.600000,39245.700000,38909.500000,39092.800000,21680.1470
BTCUSDT,2022.03.12,08:00:00,39092.700000,39274.400000,38929.900000,39054.100000,27209.8380
BTCUSDT,2022.03.12,12:00:00,39054.100000,39248.300000,38637.900000,39018.300000,44094.4890
BTCUSDT,2022.03.12,16:00:00,39019.600000,39578.400000,38900.000000,39006.700000,33925.4010
BTCUSDT,2022.03.12,20:00:00,39006.800000,39195.400000,38700.000000,38792.600000,16952.9570
BTCUSDT,2022.03.13,00:00:00,38792.700000,39300.000000,38667.500000,39170.900000,29586.8640
BTCUSDT,2022.03.13,04:00:00,39170.500000,39300.000000,39051.600000,39075.400000,14572.8800
BTCUSDT,2022.03.13,08:00:00,39075.400000,39120.000000,38511.800000,38727.400000,37774.3630
BTCUSDT,2022.03.13,12:00:00,38727.300000,39053.300000,38333.000000,38913.700000,66028.2790
BTCUSDT,2022.03.13,16:00:00,38913.300000,39050.000000,38828.700000,38843.400000,23770.6820
BTCUSDT,2022.03.13,20:00:00,38843.400000,38843.400000,37500.000000,37743.700000,64890.6260
BTCUSDT,2022.03.14,00:00:00,37743.000000,38338.000000,37522.100000,38121.800000,43254.0490
BTCUSDT,2022.03.14,04:00:00,38121.700000,39176.800000,38100.900000,39062.200000,70825.9570
BTCUSDT,2022.03.14,08:00:00,39062.200000,39287.400000,38816.200000,38885.100000,48663.7990
BTCUSDT,2022.03.14,12:00:00,38885.000000,39160.500000,38602.900000,38940.900000,72733.7190
BTCUSDT,2022.03.14,16:00:00,38939.300000,39035.000000,38400.000000,38795.000000,57145.7110
BTCUSDT,2022.03.14,20:00:00,38795.000000,39989.000000,38579.900000,39653.800000,67435.1230
BTCUSDT,2022.03.15,00:00:00,39651.600000,39800.000000,38597.900000,38746.500000,60136.8650
BTCUSDT,2022.03.15,04:00:00,38746.400000,39000.000000,38073.800000,38428.000000,43326.9820
BTCUSDT,2022.03.15,08:00:00,38428.100000,38788.000000,38236.600000,38630.500000,42225.6690
BTCUSDT,2022.03.15,12:00:00,38630.500000,39250.000000,38437.000000,39000.800000,79937.1930
BTCUSDT,2022.03.15,16:00:00,39000.800000,39799.900000,38910.000000,39730.700000,65332.6050
BTCUSDT,2022.03.15,20:00:00,39730.700000,39901.800000,39209.800000,39271.000000,54059.9290
BTCUSDT,2022.03.16,00:00:00,39270.900000,41804.000000,38700.000000,39137.900000,163761.8760
BTCUSDT,2022.03.16,04:00:00,39137.900000,39659.900000,38900.200000,39561.000000,57419.1280
BTCUSDT,2022.03.16,08:00:00,39560.900000,40760.000000,39538.000000,40492.800000,93404.9370
BTCUSDT,2022.03.16,12:00:00,40492.900000,41188.000000,40232.300000,40609.000000,88466.4780
BTCUSDT,2022.03.16,16:00:00,40609.000000,40951.400000,39270.000000,40868.300000,187248.9710
BTCUSDT,2022.03.16,20:00:00,40868.400000,41473.600000,40750.000000,41105.800000,60288.2710
BTCUSDT,2022.03.17,00:00:00,41105.900000,41389.000000,40807.300000,40999.000000,33109.1840
BTCUSDT,2022.03.17,04:00:00,40999.000000,41498.400000,40540.100000,40720.600000,54705.0570
BTCUSDT,2022.03.17,08:00:00,40720.600000,40900.000000,40442.800000,40743.400000,36224.6860
BTCUSDT,2022.03.17,12:00:00,40743.400000,41250.000000,40700.000000,40788.000000,67124.2940
BTCUSDT,2022.03.17,16:00:00,40788.300000,40887.600000,40530.000000,40859.200000,32809.0910
BTCUSDT,2022.03.17,20:00:00,40859.300000,41071.500000,40618.600000,40898.100000,20016.4820
BTCUSDT,2022.03.18,00:00:00,40898.000000,40914.000000,40170.100000,40500.600000,37338.3430
BTCUSDT,2022.03.18,04:00:00,40500.500000,40900.000000,40411.000000,40560.700000,27054.1740
BTCUSDT,2022.03.18,08:00:00,40562.100000,40750.000000,40084.200000,40380.700000,44095.0820
BTCUSDT,2022.03.18,12:00:00,40380.700000,41086.000000,40265.300000,40902.200000,69200.8490
BTCUSDT,2022.03.18,16:00:00,40902.200000,42091.800000,40874.200000,42020.300000,80635.5290
BTCUSDT,2022.03.18,20:00:00,42020.300000,42322.800000,41622.000000,41751.500000,40810.4660
BTCUSDT,2022.03.19,00:00:00,41751.600000,41988.000000,41500.000000,41785.000000,27757.3070
BTCUSDT,2022.03.19,04:00:00,41785.100000,41938.500000,41519.300000,41605.100000,22803.9480
BTCUSDT,2022.03.19,08:00:00,41605.000000,41791.800000,41563.500000,41718.600000,19320.9050
BTCUSDT,2022.03.19,12:00:00,41718.600000,42086.700000,41627.900000,41909.000000,38527.7540
BTCUSDT,2022.03.19,16:00:00,41909.000000,42150.000000,41780.000000,42008.400000,30786.2800
BTCUSDT,2022.03.19,20:00:00,42008.500000,42446.600000,41702.800000,42188.200000,47263.7600
BTCUSDT,2022.03.20,00:00:00,42188.200000,42269.300000,41755.500000,41922.200000,32053.5560
BTCUSDT,2022.03.20,04:00:00,41922.200000,41998.000000,41728.800000,41848.700000,20874.5410
BTCUSDT,2022.03.20,08:00:00,41848.700000,41928.000000,41555.000000,41587.900000,34169.6030
BTCUSDT,2022.03.20,12:00:00,41587.900000,41688.000000,41200.000000,41334.200000,57048.5660
BTCUSDT,2022.03.20,16:00:00,41334.200000,41490.900000,40900.000000,41364.500000,52616.6380
BTCUSDT,2022.03.20,20:00:00,41364.500000,41666.000000,41065.000000,41261.000000,39011.2250
BTCUSDT,2022.03.21,00:00:00,41261.000000,41443.800000,40430.000000,40811.300000,54067.5290
BTCUSDT,2022.03.21,04:00:00,40811.700000,41129.900000,40676.940000,41076.400000,37195.0350
BTCUSDT,2022.03.21,08:00:00,41076.500000,41481.100000,41055.800000,41218.700000,38733.0200
BTCUSDT,2022.03.21,12:00:00,41218.800000,41544.400000,40727.700000,41198.300000,90353.6770
BTCUSDT,2022.03.21,16:00:00,41198.300000,41213.900000,40730.100000,41168.000000,58618.9630
BTCUSDT,2022.03.21,20:00:00,41168.100000,41350.000000,40933.000000,40982.000000,29428.2360
BTCUSDT,2022.03.22,00:00:00,40982.000000,42500.000000,40852.000000,42230.000000,81952.5610
BTCUSDT,2022.03.22,04:00:00,42230.000000,43517.700000,41995.300000,42197.900000,102801.7680
BTCUSDT,2022.03.22,08:00:00,42198.000000,43027.900000,42063.300000,42977.000000,57475.7190
BTCUSDT,2022.03.22,12:00:00,42976.900000,43188.000000,42552.000000,42567.200000,63496.6910
BTCUSDT,2022.03.22,16:00:00,42567.100000,42710.000000,42200.000000,42268.200000,33967.1140
BTCUSDT,2022.03.22,20:00:00,42268.300000,42870.000000,42224.300000,42349.800000,34603.8210
BTCUSDT,2022.03.23,00:00:00,42349.900000,42518.000000,41842.400000,42058.700000,42605.8610
BTCUSDT,2022.03.23,04:00:00,42058.700000,42240.000000,41731.300000,42094.100000,42770.2310
BTCUSDT,2022.03.23,08:00:00,42094.200000,42341.200000,41852.000000,42028.800000,37988.7610
BTCUSDT,2022.03.23,12:00:00,42028.700000,42724.000000,41860.900000,42588.700000,74521.4750
BTCUSDT,2022.03.23,16:00:00,42588.700000,42754.800000,42025.000000,42192.800000,52088.8770
BTCUSDT,2022.03.23,20:00:00,42192.900000,43051.000000,42160.500000,42867.900000,32656.5350
BTCUSDT,2022.03.24,00:00:00,42867.800000,43296.000000,42622.200000,42696.400000,50478.9320
BTCUSDT,2022.03.24,04:00:00,42696.300000,43500.000000,42696.300000,43061.000000,50125.6510
BTCUSDT,2022.03.24,08:00:00,43060.900000,43206.700000,42800.000000,42949.500000,39573.1690
BTCUSDT,2022.03.24,12:00:00,42949.500000,44020.000000,42525.000000,43967.000000,113201.4930
BTCUSDT,2022.03.24,16:00:00,43970.700000,44200.000000,43741.800000,43891.100000,55798.9680
BTCUSDT,2022.03.24,20:00:00,43891.000000,44087.500000,43782.300000,43973.400000,22261.8440
BTCUSDT,2022.03.25,00:00:00,43973.200000,44444.000000,43831.400000,43961.800000,39722.8170
BTCUSDT,2022.03.25,04:00:00,43961.800000,44195.000000,43880.000000,43902.400000,29589.8810
BTCUSDT,2022.03.25,08:00:00,43902.400000,44644.000000,43575.100000,44554.500000,71018.4360
BTCUSDT,2022.03.25,12:00:00,44554.500000,45142.000000,44188.000000,44320.200000,118133.2220
BTCUSDT,2022.03.25,16:00:00,44320.200000,44580.000000,44000.000000,44428.800000,68740.1770
BTCUSDT,2022.03.25,20:00:00,44428.700000,44600.000000,44210.700000,44290.600000,21415.5890
BTCUSDT,2022.03.26,00:00:00,44290.600000,44438.000000,44041.000000,44374.000000,23277.0210
BTCUSDT,2022.03.26,04:00:00,44374.000000,44529.700000,44322.200000,44482.800000,17136.7540
BTCUSDT,2022.03.26,08:00:00,44482.800000,44569.700000,44300.100000,44323.600000,15494.7290
BTCUSDT,2022.03.26,12:00:00,44323.600000,44393.900000,44118.300000,44193.600000,27731.1770
BTCUSDT,2022.03.26,16:00:00,44193.600000,44443.800000,44128.000000,44340.900000,20238.3570
BTCUSDT,2022.03.26,20:00:00,44340.900000,44785.000000,44210.100000,44489.200000,36834.5490
BTCUSDT,2022.03.27,00:00:00,44489.300000,44987.400000,44456.500000,44691.000000,29609.9100
BTCUSDT,2022.03.27,04:00:00,44691.000000,44746.100000,44509.900000,44719.900000,13597.8960
BTCUSDT,2022.03.27,08:00:00,44719.900000,44729.900000,44470.000000,44556.500000,15735.6770
BTCUSDT,2022.03.27,12:00:00,44556.400000,44922.000000,44416.000000,44836.100000,41931.3470
BTCUSDT,2022.03.27,16:00:00,44836.100000,45100.000000,44653.100000,44813.600000,37088.1160
BTCUSDT,2022.03.27,20:00:00,44813.500000,47047.000000,44700.000000,46820.800000,131317.2820
BTCUSDT,2022.03.28,00:00:00,46820.900000,47731.200000,46651.200000,47042.800000,60037.9760
BTCUSDT,2022.03.28,04:00:00,47042.900000,47400.000000,46755.200000,46984.500000,36122.1770
BTCUSDT,2022.03.28,08:00:00,46984.500000,47417.000000,46834.800000,47250.000000,33601.0660
BTCUSDT,2022.03.28,12:00:00,47249.900000,47948.000000,47100.100000,47410.900000,73893.9330
BTCUSDT,2022.03.28,16:00:00,47410.900000,48200.000000,47292.500000,47923.000000,60928.7680
BTCUSDT,2022.03.28,20:00:00,47922.500000,48085.200000,46855.000000,47121.900000,52981.8620
BTCUSDT,2022.03.29,00:00:00,47121.800000,47605.000000,47042.500000,47328.000000,31100.5950
BTCUSDT,2022.03.29,04:00:00,47328.000000,47752.200000,47309.800000,47330.100000,25680.2500
BTCUSDT,2022.03.29,08:00:00,47330.000000,47972.200000,47320.000000,47873.300000,37411.7480
BTCUSDT,2022.03.29,12:00:00,47873.400000,48100.000000,47312.000000,47424.000000,69202.8000
BTCUSDT,2022.03.29,16:00:00,47424.000000,47880.000000,47112.000000,47704.000000,59925.5390
BTCUSDT,2022.03.29,20:00:00,47704.700000,47721.100000,46911.000000,47418.500000,35719.9030
BTCUSDT,2022.03.30,00:00:00,47418.500000,47444.000000,46535.000000,47408.100000,48241.0890
BTCUSDT,2022.03.30,04:00:00,47408.100000,47585.400000,47125.400000,47371.600000,25926.8610
BTCUSDT,2022.03.30,08:00:00,47371.500000,47506.400000,47048.000000,47318.100000,34206.8700
BTCUSDT,2022.03.30,12:00:00,47318.000000,47345.500000,46850.000000,47153.700000,44306.7980
BTCUSDT,2022.03.30,16:00:00,47151.000000,47688.600000,46819.900000,47061.200000,56866.4620
BTCUSDT,2022.03.30,20:00:00,47061.100000,47283.600000,46826.400000,47053.200000,25461.8120
BTCUSDT,2022.03.31,00:00:00,47053.100000,47408.700000,46950.000000,47088.400000,19812.8730
BTCUSDT,2022.03.31,04:00:00,47088.300000,47160.000000,46890.000000,47140.000000,20626.0020
BTCUSDT,2022.03.31,08:00:00,47140.000000,47385.500000,47066.500000,47146.500000,25693.0150
BTCUSDT,2022.03.31,12:00:00,47146.500000,47619.400000,46200.000000,46450.000000,110215.7740
BTCUSDT,2022.03.31,16:00:00,46450.100000,46495.600000,45469.300000,45578.100000,89155.6810
BTCUSDT,2022.03.31,20:00:00,45578.100000,45852.200000,45185.000000,45506.000000,34334.2650
BTCUSDT,2022.04.01,00:00:00,45505.900000,45638.900000,44206.200000,44585.000000,89363.3900
BTCUSDT,2022.04.01,04:00:00,44584.900000,45084.200000,44530.800000,44993.800000,38742.9210
BTCUSDT,2022.04.01,08:00:00,44993.700000,45307.900000,44965.000000,45045.200000,40632.6300
BTCUSDT,2022.04.01,12:00:00,45045.100000,46700.000000,44680.900000,46523.500000,118137.0260
BTCUSDT,2022.04.01,16:00:00,46523.600000,46585.300000,45883.900000,46349.400000,53206.8910
BTCUSDT,2022.04.01,20:00:00,46349.500000,46427.400000,46056.600000,46266.200000,20651.6950
BTCUSDT,2022.04.02,00:00:00,46266.200000,47236.800000,46056.800000,46587.500000,52165.3850
BTCUSDT,2022.04.02,04:00:00,46587.400000,46655.900000,46395.700000,46578.000000,15133.6210
BTCUSDT,2022.04.02,08:00:00,46577.900000,46745.100000,46469.100000,46534.500000,17724.7640
BTCUSDT,2022.04.02,12:00:00,46534.400000,46947.800000,46112.500000,46284.100000,59272.3680
BTCUSDT,2022.04.02,16:00:00,46284.000000,46499.000000,45600.000000,46099.000000,51207.0880
BTCUSDT,2022.04.02,20:00:00,46099.100000,46400.000000,45720.000000,45794.600000,30910.1310
BTCUSDT,2022.04.03,00:00:00,45792.300000,46058.000000,45501.000000,45930.200000,30873.6930
BTCUSDT,2022.04.03,04:00:00,45930.200000,46586.100000,45911.100000,46363.700000,26302.1410
BTCUSDT,2022.04.03,08:00:00,46363.700000,46448.300000,46068.500000,46237.100000,23653.5060
BTCUSDT,2022.04.03,12:00:00,46237.100000,46715.000000,46169.600000,46397.900000,35409.5660
BTCUSDT,2022.04.03,16:00:00,46398.000000,46771.000000,46192.200000,46388.000000,28698.1810
BTCUSDT,2022.04.03,20:00:00,46388.000000,47448.000000,46222.000000,46392.400000,67651.9260
BTCUSDT,2022.04.04,00:00:00,46392.300000,46445.600000,45735.000000,45990.200000,42374.0230
BTCUSDT,2022.04.04,04:00:00,45990.300000,46288.000000,45800.000000,46158.300000,23490.6190
BTCUSDT,2022.04.04,08:00:00,46158.300000,46280.000000,45780.000000,46149.900000,36542.8740
BTCUSDT,2022.04.04,12:00:00,46149.900000,46350.000000,45532.000000,45627.000000,55233.4730
BTCUSDT,2022.04.04,16:00:00,45627.000000,45936.000000,45094.000000,45905.600000,51616.2960
BTCUSDT,2022.04.04,20:00:00,45905.700000,46895.500000,45700.000000,46580.900000,63539.2560
BTCUSDT,2022.04.05,00:00:00,46580.900000,46771.900000,46404.800000,46630.000000,21984.0620
BTCUSDT,2022.04.05,04:00:00,46630.100000,46878.000000,46533.900000,46705.400000,19602.0920
BTCUSDT,2022.04.05,08:00:00,46705.400000,46736.700000,46501.000000,46673.400000,18116.5020
BTCUSDT,2022.04.05,12:00:00,46673.300000,47188.000000,45622.000000,45740.500000,110629.4370
BTCUSDT,2022.04.05,16:00:00,45740.500000,46180.000000,45422.000000,46019.500000,52387.9470
BTCUSDT,2022.04.05,20:00:00,46019.500000,46099.900000,45300.000000,45477.400000,34804.5990
BTCUSDT,2022.04.06,00:00:00,45477.500000,45494.200000,44349.700000,45200.000000,64058.7440
BTCUSDT,2022.04.06,04:00:00,45199.900000,45485.800000,45100.300000,45255.000000,23516.9740
BTCUSDT,2022.04.06,08:00:00,45254.900000,45449.300000,44630.000000,44802.500000,50709.7410
BTCUSDT,2022.04.06,12:00:00,44802.500000,44977.000000,43666.000000,44159.400000,100038.9250
BTCUSDT,2022.04.06,16:00:00,44159.400000,44297.600000,43100.000000,43751.200000,113075.0440
BTCUSDT,2022.04.06,20:00:00,43751.200000,44040.700000,43110.000000,43159.700000,32959.9470
BTCUSDT,2022.04.07,00:00:00,43159.800000,43550.500000,42685.000000,43292.000000,52924.0390
BTCUSDT,2022.04.07,04:00:00,43292.500000,43523.000000,43200.000000,43416.600000,22854.3260
BTCUSDT,2022.04.07,08:00:00,43416.600000,43824.400000,43250.000000,43739.900000,34927.5520
BTCUSDT,2022.04.07,12:00:00,43739.900000,43888.000000,42996.000000,43305.000000,58847.5500
BTCUSDT,2022.04.07,16:00:00,43305.000000,43816.300000,43251.200000,43367.500000,37113.8790
BTCUSDT,2022.04.07,20:00:00,43370.900000,43724.900000,43173.000000,43417.100000,22900.6340
BTCUSDT,2022.04.08,00:00:00,43417.100000,43677.800000,43279.500000,43582.200000,19156.8900
BTCUSDT,2022.04.08,04:00:00,43582.200000,43765.100000,43392.000000,43742.500000,22954.2790
BTCUSDT,2022.04.08,08:00:00,43742.400000,43968.100000,43238.300000,43289.800000,43587.4310
BTCUSDT,2022.04.08,12:00:00,43289.900000,43956.000000,42728.000000,43636.300000,95764.6210
BTCUSDT,2022.04.08,16:00:00,43636.300000,43707.200000,42298.200000,42722.100000,86392.1670
BTCUSDT,2022.04.08,20:00:00,42722.000000,42860.900000,42074.000000,42229.200000,42240.4410
BTCUSDT,2022.04.09,00:00:00,42229.100000,42449.100000,42100.300000,42357.900000,27424.7410
BTCUSDT,2022.04.09,04:00:00,42357.900000,42630.000000,42319.100000,42466.500000,17040.3580
BTCUSDT,2022.04.09,08:00:00,42466.400000,42534.800000,42300.000000,42435.500000,12745.4980
BTCUSDT,2022.04.09,12:00:00,42435.500000,42509.100000,42150.000000,42243.900000,21128.2200
BTCUSDT,2022.04.09,16:00:00,42243.900000,42629.000000,42164.000000,42490.400000,21970.2260
BTCUSDT,2022.04.09,20:00:00,42490.300000,42796.700000,42365.000000,42727.700000,19413.6110
BTCUSDT,2022.04.10,00:00:00,42727.800000,42888.200000,42562.200000,42761.200000,15094.6140
BTCUSDT,2022.04.10,04:00:00,42761.200000,42778.700000,42555.000000,42610.100000,12944.4290
BTCUSDT,2022.04.10,08:00:00,42610.100000,42710.000000,42419.900000,42666.100000,18217.8500
BTCUSDT,2022.04.10,12:00:00,42666.100000,42850.000000,42500.100000,42722.600000,25651.3290
BTCUSDT,2022.04.10,16:00:00,42722.500000,43338.000000,42650.000000,43217.200000,36181.1190
BTCUSDT,2022.04.10,20:00:00,43217.200000,43399.400000,41838.000000,42140.400000,73815.1290
BTCUSDT,2022.04.11,00:00:00,42140.300000,42399.900000,41650.000000,42105.100000,53350.5210
BTCUSDT,2022.04.11,04:00:00,42105.100000,42337.300000,42072.700000,42282.600000,19804.0840
BTCUSDT,2022.04.11,08:00:00,42282.500000,42338.500000,40933.600000,41055.100000,94103.3420
BTCUSDT,2022.04.11,12:00:00,41055.100000,41245.900000,40536.000000,40575.700000,74701.8440
BTCUSDT,2022.04.11,16:00:00,40575.600000,40892.070000,39730.200000,39961.700000,95324.5700
BTCUSDT,2022.04.11,20:00:00,39961.000000,40251.500000,39136.700000,39505.600000,102245.6590
BTCUSDT,2022.04.12,00:00:00,39505.600000,39826.500000,39250.000000,39719.800000,47188.9030
BTCUSDT,2022.04.12,04:00:00,39719.700000,40174.400000,39600.000000,40154.900000,43312.3720
BTCUSDT,2022.04.12,08:00:00,40154.900000,40447.900000,40017.600000,40354.500000,40962.8270
BTCUSDT,2022.04.12,12:00:00,40356.000000,40700.000000,39761.300000,40163.900000,107357.1850
BTCUSDT,2022.04.12,16:00:00,40163.900000,40366.500000,39231.100000,39281.100000,59002.2920
BTCUSDT,2022.04.12,20:00:00,39286.100000,40410.000000,39224.000000,40060.700000,52060.0520
BTCUSDT,2022.04.13,00:00:00,40060.700000,40272.000000,39569.800000,40059.300000,37966.0280
BTCUSDT,2022.04.13,04:00:00,40059.200000,40211.000000,39831.100000,40112.000000,26879.0190
BTCUSDT,2022.04.13,08:00:00,40112.000000,40200.000000,39657.000000,39697.700000,40381.9750
BTCUSDT,2022.04.13,12:00:00,39697.600000,41400.000000,39600.600000,41134.500000,128150.7180
BTCUSDT,2022.04.13,16:00:00,41134.400000,41580.000000,40800.000000,41041.500000,61932.0820
BTCUSDT,2022.04.13,20:00:00,41041.400000,41388.000000,40960.500000,41129.800000,29601.1090
BTCUSDT,2022.04.14,00:00:00,41129.800000,41474.800000,41041.900000,41303.900000,25206.6380
BTCUSDT,2022.04.14,04:00:00,41303.900000,41393.600000,41130.000000,41245.000000,20750.6310
BTCUSDT,2022.04.14,08:00:00,41244.900000,41310.000000,40822.700000,40913.500000,36339.1610
BTCUSDT,2022.04.14,12:00:00,40913.500000,41288.000000,39908.000000,39943.200000,99058.0560
BTCUSDT,2022.04.14,16:00:00,39943.200000,40054.500000,39522.000000,39752.600000,57564.3780
BTCUSDT,2022.04.14,20:00:00,39752.700000,39994.400000,39633.900000,39915.900000,23047.5270
BTCUSDT,2022.04.15,00:00:00,39915.900000,40250.000000,39734.200000,40180.000000,27216.9850
BTCUSDT,2022.04.15,04:00:00,40180.000000,40465.900000,39930.900000,40225.600000,32665.5770
BTCUSDT,2022.04.15,08:00:00,40225.600000,40400.000000,40005.600000,40207.600000,32665.6760
BTCUSDT,2022.04.15,12:00:00,40207.600000,40888.000000,39849.200000,40397.900000,59353.4560
BTCUSDT,2022.04.15,16:00:00,40397.900000,40631.000000,40188.000000,40296.600000,29936.5930
BTCUSDT,2022.04.15,20:00:00,40296.500000,40586.800000,40260.900000,40529.500000,12842.3840
BTCUSDT,2022.04.16,00:00:00,40529.600000,40700.000000,40384.200000,40417.200000,17329.8610
BTCUSDT,2022.04.16,04:00:00,40417.100000,40544.100000,40350.000000,40376.000000,13496.4450
BTCUSDT,2022.04.16,08:00:00,40376.000000,40496.500000,40263.000000,40403.300000,17934.8800
BTCUSDT,2022.04.16,12:00:00,40403.200000,40569.000000,39944.900000,40039.800000,37601.9450
BTCUSDT,2022.04.16,16:00:00,40039.700000,40250.000000,39981.900000,40189.500000,18062.6460
BTCUSDT,2022.04.16,20:00:00,40189.400000,40697.300000,40162.700000,40361.000000,23279.2800
BTCUSDT,2022.04.17,00:00:00,40360.900000,40409.700000,40094.300000,40215.800000,17963.2130
BTCUSDT,2022.04.17,04:00:00,40215.700000,40428.500000,40207.400000,40271.900000,11893.9970
BTCUSDT,2022.04.17,08:00:00,40271.900000,40520.000000,40262.100000,40454.600000,16004.7430
BTCUSDT,2022.04.17,12:00:00,40454.600000,40574.100000,40164.000000,40430.700000,31384.8730
BTCUSDT,2022.04.17,16:00:00,40430.600000,40461.800000,39768.000000,40357.800000,44606.0410
BTCUSDT,2022.04.17,20:00:00,40357.900000,40437.300000,39510.000000,39649.100000,48478.9570
BTCUSDT,2022.04.18,00:00:00,39649.100000,39870.000000,39550.000000,39788.400000,24145.3880
BTCUSDT,2022.04.18,04:00:00,39788.300000,39826.700000,38465.700000,38902.100000,78716.6620
BTCUSDT,2022.04.18,08:00:00,38902.200000,39099.000000,38780.000000,38975.300000,31897.0290
BTCUSDT,2022.04.18,12:00:00,38975.400000,39600.000000,38975.300000,39239.200000,67980.8120
BTCUSDT,2022.04.18,16:00:00,39239.200000,41310.000000,39022.100000,40670.400000,120338.2350
BTCUSDT,2022.04.18,20:00:00,40670.400000,41094.000000,40607.100000,40785.600000,39357.1930
BTCUSDT,2022.04.19,00:00:00,40785.700000,41306.000000,40575.000000,40683.200000,37223.7330
BTCUSDT,2022.04.19,04:00:00,40683.200000,40873.700000,40543.700000,40671.600000,19436.1050
BTCUSDT,2022.04.19,08:00:00,40671.600000,41044.000000,40550.000000,40661.500000,28292.5430
BTCUSDT,2022.04.19,12:00:00,40661.500000,41788.000000,40629.600000,41433.300000,81780.7230
BTCUSDT,2022.04.19,16:00:00,41432.100000,41530.600000,41143.700000,41400.100000,28934.1360
BTCUSDT,2022.04.19,20:00:00,41400.000000,41524.500000,41187.300000,41472.900000,18737.0310
BTCUSDT,2022.04.20,00:00:00,41472.900000,41528.700000,41211.600000,41372.600000,15643.5030
BTCUSDT,2022.04.20,04:00:00,41372.500000,41639.900000,41250.000000,41325.600000,22115.1770
BTCUSDT,2022.04.20,08:00:00,41325.600000,42166.800000,41281.700000,42070.800000,56941.9340
BTCUSDT,2022.04.20,12:00:00,42070.700000,42160.000000,41037.300000,41247.100000,84586.8980
BTCUSDT,2022.04.20,16:00:00,41247.000000,41444.000000,40800.000000,41177.600000,51498.5540
BTCUSDT,2022.04.20,20:00:00,41177.500000,41660.000000,41118.200000,41327.700000,26596.3610
BTCUSDT,2022.04.21,00:00:00,41326.000000,41768.000000,41292.000000,41673.900000,22093.8920
BTCUSDT,2022.04.21,04:00:00,41673.900000,41940.000000,41398.000000,41833.700000,26747.9210
BTCUSDT,2022.04.21,08:00:00,41833.700000,42700.000000,41716.400000,42418.000000,80675.9750
BTCUSDT,2022.04.21,12:00:00,42418.000000,42966.000000,42100.000000,42129.200000,88503.3230
BTCUSDT,2022.04.21,16:00:00,42129.200000,42171.900000,41204.000000,41209.900000,83638.7920
BTCUSDT,2022.04.21,20:00:00,41208.600000,41306.800000,39630.000000,40449.800000,91490.0530
BTCUSDT,2022.04.22,00:00:00,40449.700000,40647.200000,40200.700000,40470.400000,37718.2370
BTCUSDT,2022.04.22,04:00:00,40470.500000,40786.100000,40264.600000,40687.100000,38209.3300
BTCUSDT,2022.04.22,08:00:00,40687.100000,40760.000000,40111.000000,40558.000000,42201.2500
BTCUSDT,2022.04.22,12:00:00,40558.100000,40631.400000,39300.100000,39414.600000,105294.4810
BTCUSDT,2022.04.22,16:00:00,39414.500000,39760.800000,39133.000000,39482.600000,64193.0640
BTCUSDT,2022.04.22,20:00:00,39482.600000,39799.000000,39377.800000,39674.200000,27319.3910
BTCUSDT,2022.04.23,00:00:00,39674.300000,39845.000000,39371.300000,39438.700000,20340.0940
BTCUSDT,2022.04.23,04:00:00,39439.800000,39656.700000,39259.000000,39578.200000,19881.6180
BTCUSDT,2022.04.23,08:00:00,39578.200000,39667.600000,39469.600000,39583.200000,15741.4600
BTCUSDT,2022.04.23,12:00:00,39583.300000,39797.900000,39506.200000,39759.900000,23388.8620
BTCUSDT,2022.04.23,16:00:00,39759.900000,40000.000000,39630.000000,39734.900000,22873.0320
BTCUSDT,2022.04.23,20:00:00,39734.800000,39937.300000,39275.500000,39415.100000,22821.7510
BTCUSDT,2022.04.24,00:00:00,39413.800000,39800.000000,39384.400000,39750.100000,21686.0050
BTCUSDT,2022.04.24,04:00:00,39750.100000,39789.800000,39602.800000,39725.700000,12268.8670
BTCUSDT,2022.04.24,08:00:00,39725.700000,39777.000000,39524.100000,39591.200000,15957.4470
BTCUSDT,2022.04.24,12:00:00,39591.300000,39930.600000,39320.000000,39640.000000,46663.5800
BTCUSDT,2022.04.24,16:00:00,39639.900000,39786.000000,38884.100000,39675.900000,60310.8720
BTCUSDT,2022.04.24,20:00:00,39675.900000,39750.000000,39401.700000,39433.400000,23484.9910
BTCUSDT,2022.04.25,00:00:00,39433.400000,39488.800000,38620.000000,39226.200000,62235.3350
BTCUSDT,2022.04.25,04:00:00,39226.100000,39231.000000,38111.000000,38437.200000,70508.1720
BTCUSDT,2022.04.25,08:00:00,38437.200000,38940.000000,38170.000000,38810.600000,63612.8900
BTCUSDT,2022.04.25,12:00:00,38810.600000,39429.700000,38604.100000,38967.400000,110655.7600
BTCUSDT,2022.04.25,16:00:00,38967.400000,40390.000000,38900.000000,40204.000000,105046.1400
BTCUSDT,2022.04.25,20:00:00,40204.000000,40650.000000,40026.800000,40411.000000,36819.5960
BTCUSDT,2022.04.26,00:00:00,40411.000000,40800.000000,40366.100000,40520.000000,31726.3440
BTCUSDT,2022.04.26,04:00:00,40520.000000,40687.900000,40354.200000,40573.200000,26866.4420
BTCUSDT,2022.04.26,08:00:00,40573.100000,40799.000000,40200.000000,40452.200000,36332.1520
BTCUSDT,2022.04.26,12:00:00,40452.300000,40628.600000,38530.200000,38546.900000,144252.4230
BTCUSDT,2022.04.26,16:00:00,38547.000000,38855.000000,37782.200000,38250.800000,144520.9410
BTCUSDT,2022.04.26,20:00:00,38250.600000,38439.000000,37671.800000,38093.700000,69433.8960
BTCUSDT,2022.04.27,00:00:00,38093.700000,38460.800000,37844.500000,38324.900000,32985.3710
BTCUSDT,2022.04.27,04:00:00,38324.800000,39070.000000,38282.200000,39064.800000,39998.1480
BTCUSDT,2022.04.27,08:00:00,39070.000000,39215.700000,38614.300000,38998.500000,81545.9430
BTCUSDT,2022.04.27,12:00:00,38998.500000,39470.000000,38402.000000,38990.300000,135632.9960
BTCUSDT,2022.04.27,16:00:00,38990.300000,39296.000000,38650.000000,38836.800000,62748.9030
BTCUSDT,2022.04.27,20:00:00,38837.800000,39393.900000,38810.100000,39209.000000,32734.0040
BTCUSDT,2022.04.28,00:00:00,39209.000000,39690.000000,39127.000000,39332.900000,43229.6720
BTCUSDT,2022.04.28,04:00:00,39333.000000,39646.000000,39200.500000,39365.000000,28178.2680
BTCUSDT,2022.04.28,08:00:00,39365.000000,39878.000000,39340.000000,39666.700000,46692.6230
BTCUSDT,2022.04.28,12:00:00,39666.600000,40334.000000,38861.800000,39428.200000,170791.9470
BTCUSDT,2022.04.28,16:00:00,39428.100000,40376.600000,39301.100000,39973.200000,83320.4840
BTCUSDT,2022.04.28,20:00:00,39974.700000,40215.600000,39597.400000,39732.500000,41330.4140
BTCUSDT,2022.04.29,00:00:00,39732.500000,39924.800000,39249.600000,39528.200000,33566.8220
BTCUSDT,2022.04.29,04:00:00,39528.200000,39646.600000,39360.000000,39583.900000,25990.1750
BTCUSDT,2022.04.29,08:00:00,39584.000000,39619.500000,38586.700000,38737.700000,63221.9240
BTCUSDT,2022.04.29,12:00:00,38737.800000,39388.000000,38612.000000,38988.100000,84207.7120
BTCUSDT,2022.04.29,16:00:00,38988.000000,39073.500000,38160.000000,38314.200000,77897.9280
BTCUSDT,2022.04.29,20:00:00,38315.200000,38645.500000,38284.000000,38572.200000,23231.8140
BTCUSDT,2022.04.30,00:00:00,38572.200000,38782.600000,38530.000000,38641.500000,21437.7640
BTCUSDT,2022.04.30,04:00:00,38641.400000,38765.000000,38471.600000,38634.900000,15931.2550
BTCUSDT,2022.04.30,08:00:00,38634.900000,38678.800000,38514.000000,38564.900000,17060.9190
BTCUSDT,2022.04.30,12:00:00,38564.900000,38625.000000,38135.000000,38439.900000,45274.6790
BTCUSDT,2022.04.30,16:00:00,38439.800000,38587.400000,38180.000000,38447.700000,29622.9940
BTCUSDT,2022.04.30,20:00:00,38447.800000,38447.800000,37550.000000,37614.500000,52482.7710
BTCUSDT,2022.05.01,00:00:00,37614.400000,38057.100000,37350.000000,38021.200000,53051.7640
BTCUSDT,2022.05.01,04:00:00,38021.300000,38159.000000,37868.800000,37944.100000,21135.2850
BTCUSDT,2022.05.01,08:00:00,37944.000000,38084.900000,37834.200000,37922.100000,18692.9530
BTCUSDT,2022.05.01,12:00:00,37922.000000,38680.600000,37812.000000,38470.200000,43973.3910
BTCUSDT,2022.05.01,16:00:00,38470.400000,38666.000000,37713.800000,37790.000000,54591.5690
BTCUSDT,2022.05.01,20:00:00,37789.900000,38600.000000,37625.000000,38440.500000,45104.5000
BTCUSDT,2022.05.02,00:00:00,38440.200000,38809.000000,38340.000000,38653.700000,35971.2970
BTCUSDT,2022.05.02,04:00:00,38653.600000,39155.000000,38572.800000,38869.600000,43496.7160
BTCUSDT,2022.05.02,08:00:00,38869.600000,39073.000000,38460.000000,38516.000000,45329.4580
BTCUSDT,2022.05.02,12:00:00,38515.900000,39222.000000,38218.000000,38692.100000,105912.3410
BTCUSDT,2022.05.02,16:00:00,38692.200000,38877.000000,38032.200000,38551.900000,72610.9280
BTCUSDT,2022.05.02,20:00:00,38552.000000,38911.600000,38267.300000,38525.600000,33524.6250
BTCUSDT,2022.05.03,00:00:00,38525.500000,38674.700000,38315.100000,38522.700000,27785.9740
BTCUSDT,2022.05.03,04:00:00,38522.600000,38577.000000,38386.600000,38553.100000,19824.9950
BTCUSDT,2022.05.03,08:00:00,38553.000000,38659.700000,38250.000000,38561.900000,31656.9700
BTCUSDT,2022.05.03,12:00:00,38561.900000,38612.900000,38126.000000,38327.300000,55595.2450
BTCUSDT,2022.05.03,16:00:00,38327.200000,38397.000000,37500.100000,37707.300000,77026.7290
BTCUSDT,2022.05.03,20:00:00,37707.300000,38040.000000,37515.100000,37712.900000,37096.3090
BTCUSDT,2022.05.04,00:00:00,37713.000000,38100.000000,37655.200000,37996.200000,25725.3670
BTCUSDT,2022.05.04,04:00:00,37996.300000,38770.000000,37923.700000,38673.100000,49227.7720
BTCUSDT,2022.05.04,08:00:00,38673.100000,39091.100000,38643.800000,38987.500000,70896.6670
BTCUSDT,2022.05.04,12:00:00,38987.500000,39200.000000,38650.000000,38969.000000,73704.5450
BTCUSDT,2022.05.04,16:00:00,38969.100000,40071.700000,38600.000000,39855.200000,175250.1530
BTCUSDT,2022.05.04,20:00:00,39855.200000,39937.900000,39608.100000,39684.000000,29694.3140
BTCUSDT,2022.05.05,00:00:00,39684.100000,39794.000000,39550.300000,39731.400000,22124.8480
BTCUSDT,2022.05.05,04:00:00,39731.300000,39845.000000,39515.800000,39585.400000,22147.5300
BTCUSDT,2022.05.05,08:00:00,39585.400000,39636.000000,39410.000000,39499.000000,25671.6990
BTCUSDT,2022.05.05,12:00:00,39499.000000,39550.000000,35535.100000,36886.400000,242107.2230
BTCUSDT,2022.05.05,16:00:00,36886.500000,37332.300000,35388.000000,36284.000000,186123.8350
BTCUSDT,2022.05.05,20:00:00,36281.300000,36589.500000,36107.100000,36534.700000,49033.8650
BTCUSDT,2022.05.06,00:00:00,36533.700000,36679.300000,36128.800000,36441.400000,33726.3080
BTCUSDT,2022.05.06,04:00:00,36442.500000,36535.900000,35800.000000,36359.300000,48495.8810
BTCUSDT,2022.05.06,08:00:00,36359.300000,36510.800000,35550.000000,35766.000000,78237.2500
BTCUSDT,2022.05.06,12:00:00,35765.900000,36426.400000,35200.000000,35989.100000,187779.7320
BTCUSDT,2022.05.06,16:00:00,35989.100000,36234.600000,35800.000000,35980.300000,61135.7590
BTCUSDT,2022.05.06,20:00:00,35981.500000,36099.000000,35843.800000,35995.300000,22604.3100
BTCUSDT,2022.05.07,00:00:00,35995.200000,36044.700000,35730.000000,35796.100000,19443.0360
BTCUSDT,2022.05.07,04:00:00,35796.100000,35937.000000,35702.900000,35900.000000,21211.6000
BTCUSDT,2022.05.07,08:00:00,35900.000000,36138.000000,35860.600000,36042.300000,21843.9620
BTCUSDT,2022.05.07,12:00:00,36042.300000,36079.200000,35840.200000,35947.100000,21134.1470
BTCUSDT,2022.05.07,16:00:00,35947.100000,35986.900000,35831.600000,35858.400000,13519.4640
BTCUSDT,2022.05.07,20:00:00,35858.300000,35858.300000,34700.000000,35466.700000,103112.6240
BTCUSDT,2022.05.08,00:00:00,35466.700000,35504.000000,34150.000000,34475.700000,117058.2760
BTCUSDT,2022.05.08,04:00:00,34475.700000,34957.600000,34316.900000,34593.000000,49870.2220
BTCUSDT,2022.05.08,08:00:00,34592.900000,34872.800000,34500.000000,34781.200000,33011.3820
BTCUSDT,2022.05.08,12:00:00,34780.500000,34842.700000,34256.500000,34360.600000,56965.2430
BTCUSDT,2022.05.08,16:00:00,34360.600000,34765.000000,33665.000000,34585.500000,122422.8820
BTCUSDT,2022.05.08,20:00:00,34585.500000,34636.500000,33870.000000,34032.000000,47544.5790
BTCUSDT,2022.05.09,00:00:00,34032.100000,34243.300000,33255.000000,33567.000000,82584.6360
BTCUSDT,2022.05.09,04:00:00,33567.000000,33842.900000,33327.700000,33509.700000,51110.9770
BTCUSDT,2022.05.09,08:00:00,33509.700000,33789.200000,32620.000000,33107.900000,157966.3130
BTCUSDT,2022.05.09,12:00:00,33108.000000,33435.300000,32044.000000,32339.900000,205646.2540
BTCUSDT,2022.05.09,16:00:00,32340.000000,32599.300000,30300.000000,30923.800000,370990.7620
BTCUSDT,2022.05.09,20:00:00,30930.200000,31888.500000,30003.600000,30056.600000,210480.7700
BTCUSDT,2022.05.10,00:00:00,30056.000000,31488.000000,29701.400000,30640.900000,193239.6480
BTCUSDT,2022.05.10,04:00:00,30640.800000,32650.000000,30591.800000,31603.100000,160984.6320
BTCUSDT,2022.05.10,08:00:00,31602.800000,32035.100000,31231.000000,31623.100000,111076.9780
BTCUSDT,2022.05.10,12:00:00,31623.100000,32387.400000,30828.100000,31314.300000,188046.3090
BTCUSDT,2022.05.10,16:00:00,31314.300000,31788.000000,30949.800000,31318.000000,89761.7710
BTCUSDT,2022.05.10,20:00:00,31318.000000,31346.400000,30129.600000,31002.100000,120069.6230
BTCUSDT,2022.05.11,00:00:00,31002.100000,31682.000000,30612.200000,31190.000000,74659.3670
BTCUSDT,2022.05.11,04:00:00,31190.000000,31908.800000,30188.000000,30598.900000,120154.6040
BTCUSDT,2022.05.11,08:00:00,30598.900000,32197.600000,30366.500000,31517.100000,143866.7220
BTCUSDT,2022.05.11,12:00:00,31517.100000,32067.900000,29000.000000,30971.300000,384537.7290
BTCUSDT,2022.05.11,16:00:00,30971.400000,31129.900000,29156.500000,29360.500000,178618.8100
BTCUSDT,2022.05.11,20:00:00,29360.500000,29655.000000,27651.000000,29074.700000,200038.7400
BTCUSDT,2022.05.12,00:00:00,29077.900000,30257.000000,28333.000000,28380.900000,129993.7710
BTCUSDT,2022.05.12,04:00:00,28380.800000,28600.000000,26631.000000,28151.900000,277899.1310
BTCUSDT,2022.05.12,08:00:00,28151.400000,29269.000000,27450.000000,28460.500000,156759.3800
BTCUSDT,2022.05.12,12:00:00,28460.500000,29799.000000,27888.800000,29015.100000,190330.7870
BTCUSDT,2022.05.12,16:00:00,29015.000000,29959.800000,28161.300000,28622.700000,140723.7410
BTCUSDT,2022.05.12,20:00:00,28622.200000,29299.800000,27968.600000,29020.700000,68768.7790
BTCUSDT,2022.05.13,00:00:00,29020.800000,30796.000000,28730.400000,30564.300000,110267.0160
BTCUSDT,2022.05.13,04:00:00,30564.400000,31072.600000,30153.000000,30172.300000,76486.0770
BTCUSDT,2022.05.13,08:00:00,30172.400000,30755.100000,30160.600000,30650.500000,67835.3810
BTCUSDT,2022.05.13,12:00:00,30652.100000,31020.000000,30200.000000,30327.400000,95355.4760
BTCUSDT,2022.05.13,16:00:00,30327.500000,30516.300000,29369.700000,30076.000000,108752.9980
BTCUSDT,2022.05.13,20:00:00,30076.000000,30132.700000,29180.100000,29274.300000,48923.1570
BTCUSDT,2022.05.14,00:00:00,29274.200000,29799.900000,29209.800000,29563.400000,40050.6600
BTCUSDT,2022.05.14,04:00:00,29563.400000,29600.000000,29203.300000,29414.100000,31048.8550
BTCUSDT,2022.05.14,08:00:00,29414.000000,29589.000000,28812.400000,29065.000000,52594.9260
BTCUSDT,2022.05.14,12:00:00,29065.300000,29249.900000,28644.000000,28812.600000,57131.9690
BTCUSDT,2022.05.14,16:00:00,28812.500000,29934.700000,28602.300000,29325.800000,84282.6130
BTCUSDT,2022.05.14,20:00:00,29325.800000,30352.200000,29271.200000,30079.800000,50647.8720
BTCUSDT,2022.05.15,00:00:00,30079.500000,30262.700000,29533.100000,29715.900000,38849.8050
BTCUSDT,2022.05.15,04:00:00,29716.000000,30050.000000,29448.000000,29811.600000,37827.0520
BTCUSDT,2022.05.15,08:00:00,29811.500000,30321.900000,29525.100000,30224.800000,51358.0980
BTCUSDT,2022.05.15,12:00:00,30225.900000,30555.000000,29747.600000,30003.500000,76900.4400
BTCUSDT,2022.05.15,16:00:00,30003.400000,30500.000000,29919.500000,30452.200000,48951.7800
BTCUSDT,2022.05.15,20:00:00,30452.100000,31462.000000,30346.400000,31324.400000,82885.9640
BTCUSDT,2022.05.16,00:00:00,31324.300000,31327.400000,30201.000000,30315.000000,55931.6970
BTCUSDT,2022.05.16,04:00:00,30314.900000,30461.300000,29280.000000,29572.800000,90895.4150
BTCUSDT,2022.05.16,08:00:00,29572.700000,30196.100000,29417.300000,29937.500000,81539.0210
BTCUSDT,2022.05.16,12:00:00,29939.600000,30288.000000,29309.500000,29663.100000,133342.3850
BTCUSDT,2022.05.16,16:00:00,29663.100000,29980.300000,29052.300000,29564.300000,93245.1480
BTCUSDT,2022.05.16,20:00:00,29564.300000,30257.000000,29530.000000,29866.700000,52289.5000
BTCUSDT,2022.05.17,00:00:00,29866.400000,30500.000000,29750.100000,30341.600000,53785.8370
BTCUSDT,2022.05.17,04:00:00,30341.600000,30576.400000,30223.000000,30394.300000,41165.6890
BTCUSDT,2022.05.17,08:00:00,30394.200000,30794.000000,30258.300000,30302.000000,57387.0360
BTCUSDT,2022.05.17,12:00:00,30302.000000,30739.300000,29928.000000,30130.700000,97153.1440
BTCUSDT,2022.05.17,16:00:00,30130.700000,30300.000000,29420.000000,30081.200000,107114.5740
BTCUSDT,2022.05.17,20:00:00,30081.200000,30684.800000,30027.000000,30437.000000,42018.2390
BTCUSDT,2022.05.18,00:00:00,30437.000000,30700.000000,29700.000000,29815.200000,55307.3230
BTCUSDT,2022.05.18,04:00:00,29815.300000,30080.700000,29633.400000,29893.700000,49436.0630
BTCUSDT,2022.05.18,08:00:00,29893.700000,30038.200000,29724.000000,29818.100000,43024.3150
BTCUSDT,2022.05.18,12:00:00,29818.100000,29890.000000,28850.000000,28971.900000,121263.9560
BTCUSDT,2022.05.18,16:00:00,28971.900000,29534.400000,28726.700000,29257.600000,97700.5010
BTCUSDT,2022.05.18,20:00:00,29257.500000,29395.200000,28629.600000,28700.600000,59968.2990
BTCUSDT,2022.05.19,00:00:00,28700.600000,29339.500000,28670.500000,29179.600000,61412.7930
BTCUSDT,2022.05.19,04:00:00,29179.500000,29438.000000,29014.200000,29181.900000,40690.2920
BTCUSDT,2022.05.19,08:00:00,29182.000000,29525.100000,28838.800000,29482.200000,67650.2770
BTCUSDT,2022.05.19,12:00:00,29482.200000,30550.000000,29345.000000,30386.400000,154452.0640
BTCUSDT,2022.05.19,16:00:00,30386.400000,30446.500000,29953.200000,29959.200000,83371.9630
BTCUSDT,2022.05.19,20:00:00,29959.300000,30492.000000,29932.000000,30319.900000,41279.3350
BTCUSDT,2022.05.20,00:00:00,30319.900000,30784.400000,30121.400000,30172.600000,58522.1990
BTCUSDT,2022.05.20,04:00:00,30172.500000,30360.000000,29839.300000,30251.500000,53881.5960
BTCUSDT,2022.05.20,08:00:00,30251.600000,30540.000000,30105.800000,30412.500000,56094.4540
BTCUSDT,2022.05.20,12:00:00,30412.400000,30448.900000,29058.500000,29142.000000,153032.4530
BTCUSDT,2022.05.20,16:00:00,29141.400000,29338.000000,28702.000000,29271.700000,125748.8660
BTCUSDT,2022.05.20,20:00:00,29269.500000,29380.000000,29110.000000,29188.900000,38159.6030
BTCUSDT,2022.05.21,00:00:00,29188.900000,29331.700000,28927.000000,29246.800000,31974.3040
BTCUSDT,2022.05.21,04:00:00,29246.700000,29555.000000,29187.400000,29411.100000,30205.3790
BTCUSDT,2022.05.21,08:00:00,29411.100000,29466.400000,29131.800000,29272.000000,35202.2300
BTCUSDT,2022.05.21,12:00:00,29271.900000,29650.000000,29167.100000,29531.500000,50185.9670
BTCUSDT,2022.05.21,16:00:00,29531.400000,29646.000000,29375.900000,29452.200000,34685.9620
BTCUSDT,2022.05.21,20:00:00,29452.200000,29515.000000,29295.500000,29427.400000,20550.2470
BTCUSDT,2022.05.22,00:00:00,29427.400000,29537.500000,29308.300000,29343.900000,19324.9220
BTCUSDT,2022.05.22,04:00:00,29343.800000,29446.600000,29223.600000,29430.100000,18871.1050
BTCUSDT,2022.05.22,08:00:00,29430.100000,30330.000000,29400.000000,29891.100000,106993.6510
BTCUSDT,2022.05.22,12:00:00,29891.100000,30236.000000,29664.600000,29834.800000,65218.6480
BTCUSDT,2022.05.22,16:00:00,29834.800000,30181.600000,29730.600000,29932.700000,41970.6250
BTCUSDT,2022.05.22,20:00:00,29932.700000,30500.000000,29900.000000,30284.000000,44737.4890
BTCUSDT,2022.05.23,00:00:00,30284.000000,30450.000000,30040.100000,30165.300000,33480.2280
BTCUSDT,2022.05.23,04:00:00,30165.200000,30658.000000,30100.000000,30446.700000,53478.2680
BTCUSDT,2022.05.23,08:00:00,30446.800000,30620.000000,30271.200000,30393.800000,55361.2120
BTCUSDT,2022.05.23,12:00:00,30393.800000,30624.900000,29907.200000,30358.800000,119952.2620
BTCUSDT,2022.05.23,16:00:00,30358.800000,30531.800000,29050.000000,29062.800000,127047.2230
BTCUSDT,2022.05.23,20:00:00,29062.600000,29470.000000,28840.700000,29097.700000,86401.5570
BTCUSDT,2022.05.24,00:00:00,29097.800000,29318.500000,29040.000000,29288.200000,32491.1360
BTCUSDT,2022.05.24,04:00:00,29288.100000,29431.600000,29229.400000,29387.300000,32242.4680
BTCUSDT,2022.05.24,08:00:00,29387.300000,29420.000000,29100.800000,29280.400000,44269.4410
BTCUSDT,2022.05.24,12:00:00,29280.300000,29672.000000,28637.600000,29373.900000,148995.3700
BTCUSDT,2022.05.24,16:00:00,29374.000000,29581.900000,29080.000000,29378.800000,78913.3320
BTCUSDT,2022.05.24,20:00:00,29378.800000,29887.300000,29250.000000,29643.100000,45212.7020
BTCUSDT,2022.05.25,00:00:00,29643.000000,30246.700000,29539.300000,30188.900000,63679.2700
BTCUSDT,2022.05.25,04:00:00,30189.000000,30209.300000,29658.400000,29695.600000,58500.1660
BTCUSDT,2022.05.25,08:00:00,29695.700000,29949.200000,29338.300000,29403.500000,71565.8460
BTCUSDT,2022.05.25,12:00:00,29403.500000,29900.000000,29330.000000,29616.100000,92207.8690
BTCUSDT,2022.05.25,16:00:00,29616.000000,30046.000000,29415.700000,29584.000000,94318.1700
BTCUSDT,2022.05.25,20:00:00,29584.000000,29867.200000,29525.500000,29536.700000,33188.1630
BTCUSDT,2022.05.26,00:00:00,29536.700000,29877.000000,29480.100000,29826.300000,40614.3830
BTCUSDT,2022.05.26,04:00:00,29826.400000,29872.500000,29505.100000,29714.900000,48790.4390
BTCUSDT,2022.05.26,08:00:00,29715.000000,29729.800000,28840.000000,28992.800000,119624.3820
BTCUSDT,2022.05.26,12:00:00,28992.900000,29519.000000,27952.100000,29374.400000,254144.4260
BTCUSDT,2022.05.26,16:00:00,29374.500000,29788.000000,29351.500000,29374.800000,89840.9990
BTCUSDT,2022.05.26,20:00:00,29374.800000,29680.700000,29164.100000,29194.000000,49122.4570
BTCUSDT,2022.05.27,00:00:00,29194.000000,29387.000000,28825.600000,29004.700000,73459.2570
BTCUSDT,2022.05.27,04:00:00,29004.800000,29236.500000,28617.800000,28977.000000,93288.8440
BTCUSDT,2022.05.27,08:00:00,28977.900000,29137.600000,28750.500000,28902.100000,59463.6050
BTCUSDT,2022.05.27,12:00:00,28902.000000,29369.800000,28621.900000,28835.500000,126052.4690
BTCUSDT,2022.05.27,16:00:00,28835.600000,29043.500000,28259.600000,28870.000000,110110.5650
BTCUSDT,2022.05.27,20:00:00,28869.900000,29009.000000,28512.400000,28623.200000,44264.1440
BTCUSDT,2022.05.28,00:00:00,28623.300000,28830.000000,28520.000000,28805.200000,40358.1530
BTCUSDT,2022.05.28,04:00:00,28805.300000,28937.500000,28735.500000,28870.900000,29003.6770
BTCUSDT,2022.05.28,08:00:00,28871.000000,28919.900000,28755.000000,28817.800000,26175.2840
BTCUSDT,2022.05.28,12:00:00,28817.800000,29265.700000,28782.800000,28974.700000,53265.8410
BTCUSDT,2022.05.28,16:00:00,28974.700000,29060.800000,28800.000000,29013.500000,26281.8610
BTCUSDT,2022.05.28,20:00:00,29013.400000,29150.000000,28942.000000,29018.800000,18559.4670
BTCUSDT,2022.05.29,00:00:00,29018.800000,29034.900000,28825.000000,28969.900000,24536.3610
BTCUSDT,2022.05.29,04:00:00,28969.900000,29058.600000,28905.200000,29000.400000,17880.0900
BTCUSDT,2022.05.29,08:00:00,29000.400000,29228.900000,28941.000000,29204.000000,50680.2880
BTCUSDT,2022.05.29,12:00:00,29204.000000,29500.000000,29150.000000,29210.500000,56149.7230
BTCUSDT,2022.05.29,16:00:00,29210.600000,29351.700000,29067.900000,29119.400000,28222.6790
BTCUSDT,2022.05.29,20:00:00,29119.400000,29595.200000,29073.400000,29452.800000,37670.7930
BTCUSDT,2022.05.30,00:00:00,29452.600000,30448.000000,29301.100000,30345.600000,87554.6860
BTCUSDT,2022.05.30,04:00:00,30345.600000,30983.000000,30225.400000,30625.300000,83838.2230
BTCUSDT,2022.05.30,08:00:00,30625.300000,30761.500000,30557.500000,30659.100000,51045.5180
BTCUSDT,2022.05.30,12:00:00,30659.000000,30964.600000,30255.000000,30617.900000,92312.0940
BTCUSDT,2022.05.30,16:00:00,30618.000000,30892.100000,30555.600000,30629.400000,39023.8890
BTCUSDT,2022.05.30,20:00:00,30629.500000,32307.600000,30533.000000,31726.500000,148937.7660
BTCUSDT,2022.05.31,00:00:00,31726.500000,31848.700000,31425.100000,31763.300000,49490.2580
BTCUSDT,2022.05.31,04:00:00,31763.300000,31799.000000,31431.600000,31570.400000,33402.4200
BTCUSDT,2022.05.31,08:00:00,31570.500000,31832.500000,31494.900000,31756.000000,43761.9270
BTCUSDT,2022.05.31,12:00:00,31755.500000,32189.900000,31222.000000,32045.900000,124764.2810
BTCUSDT,2022.05.31,16:00:00,32045.900000,32427.500000,31562.000000,31618.900000,103291.9370
BTCUSDT,2022.05.31,20:00:00,31618.500000,31932.300000,31586.200000,31797.800000,28977.4420
BTCUSDT,2022.06.01,00:00:00,31797.900000,31986.100000,31610.100000,31624.000000,37326.6520
BTCUSDT,2022.06.01,04:00:00,31624.000000,31666.000000,31358.000000,31479.600000,43663.5050
BTCUSDT,2022.06.01,08:00:00,31479.600000,31700.000000,31427.500000,31596.000000,44477.2130
BTCUSDT,2022.06.01,12:00:00,31596.000000,31888.000000,30710.100000,30733.700000,146447.0730
BTCUSDT,2022.06.01,16:00:00,30733.600000,30745.000000,29874.400000,30116.500000,181741.8730
BTCUSDT,2022.06.01,20:00:00,30116.500000,30151.200000,29300.000000,29796.900000,103336.4400
BTCUSDT,2022.06.02,00:00:00,29796.900000,29899.900000,29566.100000,29718.400000,41282.8670
BTCUSDT,2022.06.02,04:00:00,29718.500000,30113.500000,29633.200000,29952.800000,37033.7070
BTCUSDT,2022.06.02,08:00:00,29952.800000,30197.000000,29845.200000,30157.800000,45168.2270
BTCUSDT,2022.06.02,12:00:00,30157.800000,30380.000000,29579.900000,30194.400000,145003.0950
BTCUSDT,2022.06.02,16:00:00,30194.400000,30399.800000,29948.600000,30272.200000,56471.2750
BTCUSDT,2022.06.02,20:00:00,30272.200000,30750.000000,30215.000000,30437.100000,45965.5160
BTCUSDT,2022.06.03,00:00:00,30437.100000,30693.200000,30330.400000,30510.500000,37266.9050
BTCUSDT,2022.06.03,04:00:00,30510.400000,30545.100000,30256.900000,30424.300000,31337.6810
BTCUSDT,2022.06.03,08:00:00,30424.200000,30520.000000,29653.400000,29744.000000,89532.0650
BTCUSDT,2022.06.03,12:00:00,29744.000000,29880.000000,29220.000000,29486.700000,123783.4170
BTCUSDT,2022.06.03,16:00:00,29486.800000,29677.000000,29381.600000,29560.500000,41404.9480
BTCUSDT,2022.06.03,20:00:00,29560.400000,29878.100000,29545.400000,29682.800000,33785.3610
BTCUSDT,2022.06.04,00:00:00,29682.800000,29750.900000,29465.000000,29543.200000,28745.5550
BTCUSDT,2022.06.04,04:00:00,29543.300000,29732.100000,29529.700000,29690.500000,21037.7060
BTCUSDT,2022.06.04,08:00:00,29690.400000,29794.100000,29575.000000,29669.700000,24996.7160
BTCUSDT,2022.06.04,12:00:00,29669.800000,29988.000000,29456.000000,29839.900000,59768.9260
BTCUSDT,2022.06.04,16:00:00,29839.900000,29844.900000,29592.400000,29642.600000,28069.1190
BTCUSDT,2022.06.04,20:00:00,29642.600000,29968.700000,29615.400000,29848.400000,24902.5120
BTCUSDT,2022.06.05,00:00:00,29848.500000,29884.900000,29663.000000,29756.200000,20643.0900
BTCUSDT,2022.06.05,04:00:00,29755.800000,29809.700000,29630.300000,29630.600000,20043.2550
BTCUSDT,2022.06.05,08:00:00,29630.600000,29733.100000,29524.000000,29700.700000,30390.8420
BTCUSDT,2022.06.05,12:00:00,29700.700000,29975.000000,29611.300000,29958.300000,39272.6290
BTCUSDT,2022.06.05,16:00:00,29958.400000,30250.000000,29746.400000,30036.300000,59603.3400
BTCUSDT,2022.06.05,20:00:00,30036.300000,30123.800000,29794.600000,29909.900000,35432.6750
BTCUSDT,2022.06.06,00:00:00,29910.000000,31292.000000,29876.200000,31235.000000,107749.2840
BTCUSDT,2022.06.06,04:00:00,31235.000000,31473.900000,31130.700000,31277.900000,54711.4690
BTCUSDT,2022.06.06,08:00:00,31277.800000,31594.600000,31261.200000,31392.000000,55046.4010
BTCUSDT,2022.06.06,12:00:00,31392.100000,31780.000000,31138.400000,31529.800000,111901.7840
BTCUSDT,2022.06.06,16:00:00,31529.700000,31548.700000,31053.000000,31466.900000,70328.1520
BTCUSDT,2022.06.06,20:00:00,31466.900000,31596.000000,31269.800000,31361.200000,36785.7840
BTCUSDT,2022.06.07,00:00:00,31361.200000,31373.900000,29190.000000,29547.500000,207983.9910
BTCUSDT,2022.06.07,04:00:00,29547.500000,29615.800000,29370.600000,29569.000000,44895.5380
BTCUSDT,2022.06.07,08:00:00,29569.100000,29720.000000,29320.000000,29504.500000,53380.3040
BTCUSDT,2022.06.07,12:00:00,29504.600000,30050.000000,29384.500000,29876.000000,96227.3150
BTCUSDT,2022.06.07,16:00:00,29876.000000,31428.800000,29730.000000,31050.500000,110428.8000
BTCUSDT,2022.06.07,20:00:00,31050.400000,31599.000000,30303.300000,31118.100000,178799.0370
BTCUSDT,2022.06.08,00:00:00,31118.000000,31325.000000,29825.000000,30006.000000,134352.1780
BTCUSDT,2022.06.08,04:00:00,30006.000000,30689.500000,29856.100000,30547.900000,81896.5420
BTCUSDT,2022.06.08,08:00:00,30547.900000,30604.300000,30321.000000,30399.200000,40885.2190
BTCUSDT,2022.06.08,12:00:00,30399.200000,30888.000000,30031.600000,30458.000000,107853.7550
BTCUSDT,2022.06.08,16:00:00,30461.000000,30536.600000,29900.000000,30127.600000,62697.6680
BTCUSDT,2022.06.08,20:00:00,30126.200000,30515.800000,30090.000000,30192.500000,28001.2750
BTCUSDT,2022.06.09,00:00:00,30192.600000,30312.600000,30055.300000,30283.000000,30853.2270
BTCUSDT,2022.06.09,04:00:00,30283.000000,30479.700000,30217.200000,30477.300000,28021.8000
BTCUSDT,2022.06.09,08:00:00,30477.400000,30691.900000,30256.700000,30286.700000,56673.4290
BTCUSDT,2022.06.09,12:00:00,30286.700000,30386.200000,29914.500000,30285.800000,106526.4590
BTCUSDT,2022.06.09,16:00:00,30285.900000,30456.200000,29956.000000,30003.800000,47315.0570
BTCUSDT,2022.06.09,20:00:00,30003.800000,30244.200000,29952.600000,30093.300000,37922.2030
BTCUSDT,2022.06.10,00:00:00,30093.400000,30374.100000,29470.500000,30102.000000,75329.6170
BTCUSDT,2022.06.10,04:00:00,30102.000000,30240.000000,30025.300000,30041.600000,27697.3960
BTCUSDT,2022.06.10,08:00:00,30041.600000,30105.700000,29853.200000,30005.500000,43915.4630
BTCUSDT,2022.06.10,12:00:00,30005.400000,30177.400000,29200.000000,29438.200000,167438.9930
BTCUSDT,2022.06.10,16:00:00,29438.200000,29470.200000,28805.000000,28970.500000,95878.0440
BTCUSDT,2022.06.10,20:00:00,28970.600000,29398.800000,28953.100000,29077.700000,35669.1460
BTCUSDT,2022.06.11,00:00:00,29077.700000,29300.000000,29033.700000,29258.400000,22825.7460
BTCUSDT,2022.06.11,04:00:00,29258.500000,29427.900000,29234.100000,29309.000000,22706.2130
BTCUSDT,2022.06.11,08:00:00,29309.000000,29329.800000,28550.000000,28723.900000,103243.7370
BTCUSDT,2022.06.11,12:00:00,28723.900000,28865.400000,28227.700000,28392.300000,129264.5540
BTCUSDT,2022.06.11,16:00:00,28392.600000,28786.900000,28080.000000,28581.000000,76696.4950
BTCUSDT,2022.06.11,20:00:00,28581.100000,28684.600000,28238.000000,28416.700000,36631.0690
BTCUSDT,2022.06.12,00:00:00,28416.600000,28530.300000,27244.900000,27538.200000,112863.9260
BTCUSDT,2022.06.12,04:00:00,27538.200000,27673.400000,27162.700000,27629.400000,69180.5690
BTCUSDT,2022.06.12,08:00:00,27629.500000,27698.000000,27324.500000,27443.800000,50142.2760
BTCUSDT,2022.06.12,12:00:00,27443.900000,28337.700000,26850.000000,28077.800000,152771.1670
BTCUSDT,2022.06.12,16:00:00,28077.800000,28234.400000,27404.000000,27410.000000,75610.2800
BTCUSDT,2022.06.12,20:00:00,27410.000000,27545.400000,26538.700000,26564.700000,100265.9130
BTCUSDT,2022.06.13,00:00:00,26564.700000,26877.000000,24864.200000,25500.000000,287621.5070
BTCUSDT,2022.06.13,04:00:00,25499.900000,26241.500000,24552.000000,24801.200000,223032.8130
BTCUSDT,2022.06.13,08:00:00,24801.100000,24934.300000,23464.300000,23718.300000,345225.9930
BTCUSDT,2022.06.13,12:00:00,23718.200000,24357.600000,22559.700000,23253.100000,375411.5070
BTCUSDT,2022.06.13,16:00:00,23255.300000,24193.700000,23094.000000,23200.100000,213129.6150
BTCUSDT,2022.06.13,20:00:00,23200.100000,23780.000000,21900.000000,22471.500000,178100.1250
BTCUSDT,2022.06.14,00:00:00,22471.400000,22785.500000,20823.000000,22106.500000,339820.3280
BTCUSDT,2022.06.14,04:00:00,22106.500000,23424.200000,21755.400000,22863.200000,278050.5610
BTCUSDT,2022.06.14,08:00:00,22863.300000,22980.000000,21712.000000,21980.000000,150177.7800
BTCUSDT,2022.06.14,12:00:00,21980.000000,22793.000000,21797.700000,22672.600000,231421.0030
BTCUSDT,2022.06.14,16:00:00,22672.600000,22770.000000,22111.000000,22182.000000,113788.6470
BTCUSDT,2022.06.14,20:00:00,22182.000000,22350.000000,21350.000000,22122.700000,134351.4770
BTCUSDT,2022.06.15,00:00:00,22122.700000,22290.000000,21400.000000,21442.300000,107872.7350
BTCUSDT,2022.06.15,04:00:00,21442.300000,21481.700000,20617.200000,20707.500000,247622.0160
BTCUSDT,2022.06.15,08:00:00,20707.500000,21275.900000,20100.200000,21163.800000,305479.5090
BTCUSDT,2022.06.15,12:00:00,21163.800000,21794.700000,21030.400000,21408.800000,230516.1340
BTCUSDT,2022.06.15,16:00:00,21408.800000,22440.000000,20179.900000,21617.300000,467297.8920
BTCUSDT,2022.06.15,20:00:00,21616.800000,22800.000000,21428.800000,22567.500000,150512.8830
BTCUSDT,2022.06.16,00:00:00,22567.500000,23000.000000,22152.500000,22197.500000,104620.3310
BTCUSDT,2022.06.16,04:00:00,22197.500000,22353.500000,21635.300000,21748.900000,93075.5210
BTCUSDT,2022.06.16,08:00:00,21748.900000,21883.700000,20852.000000,21028.100000,195883.2110
BTCUSDT,2022.06.16,12:00:00,21028.200000,21490.000000,20739.000000,21067.000000,213956.4920
BTCUSDT,2022.06.16,16:00:00,21067.700000,21483.000000,20800.000000,20862.200000,144247.8270
BTCUSDT,2022.06.16,20:00:00,20862.200000,21040.000000,20222.000000,20387.400000,130850.8380
BTCUSDT,2022.06.17,00:00:00,20387.400000,21052.500000,20228.000000,20369.000000,161879.5950
BTCUSDT,2022.06.17,04:00:00,20369.100000,21288.000000,20305.600000,21087.500000,147586.0250
BTCUSDT,2022.06.17,08:00:00,21087.900000,21388.000000,20833.000000,20963.900000,136853.2780
BTCUSDT,2022.06.17,12:00:00,20963.900000,21036.600000,20375.500000,20656.000000,186987.4440
BTCUSDT,2022.06.17,16:00:00,20656.000000,20785.500000,20430.300000,20506.600000,83908.2020
BTCUSDT,2022.06.17,20:00:00,20506.600000,20721.700000,20350.000000,20457.300000,58938.7130
BTCUSDT,2022.06.18,00:00:00,20457.300000,20768.400000,20300.800000,20450.000000,81381.3370
BTCUSDT,2022.06.18,04:00:00,20449.900000,20532.500000,19000.000000,19244.900000,213559.9410
BTCUSDT,2022.06.18,08:00:00,19245.000000,19529.500000,18690.000000,19237.000000,242483.1350
BTCUSDT,2022.06.18,12:00:00,19237.000000,19278.300000,18904.000000,18946.600000,101852.5680
BTCUSDT,2022.06.18,16:00:00,18946.700000,19090.000000,18020.900000,18059.400000,251644.6470
BTCUSDT,2022.06.18,20:00:00,18059.500000,19500.000000,17593.200000,18959.700000,377669.7600
BTCUSDT,2022.06.19,00:00:00,18959.700000,19189.900000,18215.800000,18299.800000,164915.8660
BTCUSDT,2022.06.19,04:00:00,18299.800000,18615.400000,17935.900000,18297.200000,148750.9880
BTCUSDT,2022.06.19,08:00:00,18297.100000,20100.000000,18255.500000,19685.400000,268577.7810
BTCUSDT,2022.06.19,12:00:00,19685.400000,19937.700000,19111.000000,19816.300000,188811.1370
BTCUSDT,2022.06.19,16:00:00,19816.300000,20348.400000,19363.800000,20111.200000,159055.0260
BTCUSDT,2022.06.19,20:00:00,20111.100000,20821.000000,20036.800000,20564.200000,159164.8760
BTCUSDT,2022.06.20,00:00:00,20564.300000,20653.700000,19630.000000,19966.700000,153679.4300
BTCUSDT,2022.06.20,04:00:00,19966.700000,20276.000000,19763.000000,20076.700000,102586.4750
BTCUSDT,2022.06.20,08:00:00,20076.700000,21050.000000,20010.000000,20791.000000,220888.3100
BTCUSDT,2022.06.20,12:00:00,20790.900000,21099.900000,20352.000000,20815.400000,180288.2430
BTCUSDT,2022.06.20,16:00:00,20815.400000,20817.700000,19814.800000,20064.300000,165811.2250
BTCUSDT,2022.06.20,20:00:00,20064.400000,20780.000000,19996.500000,20570.100000,112562.4470
BTCUSDT,2022.06.21,00:00:00,20570.000000,20780.000000,20337.800000,20604.400000,100187.9170
BTCUSDT,2022.06.21,04:00:00,20604.400000,21354.000000,20466.100000,21107.700000,156957.3230
BTCUSDT,2022.06.21,08:00:00,21107.800000,21466.800000,20905.000000,20953.200000,139170.7580
BTCUSDT,2022.06.21,12:00:00,20953.300000,21740.000000,20841.300000,21382.800000,194948.4240
BTCUSDT,2022.06.21,16:00:00,21382.900000,21540.000000,20863.600000,20879.500000,99932.5400
BTCUSDT,2022.06.21,20:00:00,20879.600000,21056.700000,20535.200000,20713.100000,95976.9740
BTCUSDT,2022.06.22,00:00:00,20713.100000,20729.700000,20246.500000,20309.000000,92584.0650
BTCUSDT,2022.06.22,04:00:00,20309.000000,20592.500000,19920.000000,20091.600000,125554.1550
BTCUSDT,2022.06.22,08:00:00,20091.600000,20680.000000,20032.700000,20497.500000,107119.5300
BTCUSDT,2022.06.22,12:00:00,20497.600000,20888.000000,20023.100000,20075.400000,216205.1370
BTCUSDT,2022.06.22,16:00:00,20075.400000,20373.800000,19830.000000,20103.000000,168382.1610
BTCUSDT,2022.06.22,20:00:00,20103.000000,20234.900000,19745.700000,19977.400000,102339.1450
BTCUSDT,2022.06.23,00:00:00,19977.500000,20600.000000,19874.000000,20202.900000,108125.9380
BTCUSDT,2022.06.23,04:00:00,20202.900000,20666.000000,20152.000000,20446.200000,86741.8620
BTCUSDT,2022.06.23,08:00:00,20446.200000,20806.900000,20433.800000,20629.500000,112454.9880
BTCUSDT,2022.06.23,12:00:00,20629.500000,20855.000000,20264.700000,20339.900000,140045.4420
BTCUSDT,2022.06.23,16:00:00,20339.900000,20950.000000,20158.100000,20900.500000,117339.1240
BTCUSDT,2022.06.23,20:00:00,20900.400000,21250.000000,20655.000000,21096.600000,134045.6860
BTCUSDT,2022.06.24,00:00:00,21096.600000,21379.200000,20963.000000,21066.300000,83233.6080
BTCUSDT,2022.06.24,04:00:00,21066.400000,21168.900000,20732.500000,20903.900000,86212.6670
BTCUSDT,2022.06.24,08:00:00,20903.800000,21325.000000,20736.000000,21165.000000,110412.2750
BTCUSDT,2022.06.24,12:00:00,21165.000000,21491.400000,20807.000000,20875.400000,164350.5160
BTCUSDT,2022.06.24,16:00:00,20875.500000,21259.700000,20771.500000,21241.900000,111113.7270
BTCUSDT,2022.06.24,20:00:00,21241.800000,21563.500000,21130.200000,21231.200000,90127.9850
BTCUSDT,2022.06.25,00:00:00,21231.200000,21369.300000,21110.000000,21295.000000,71447.0420
BTCUSDT,2022.06.25,04:00:00,21295.000000,21627.600000,21170.000000,21495.500000,74474.7400
BTCUSDT,2022.06.25,08:00:00,21495.500000,21549.800000,21308.000000,21329.100000,52891.9180
BTCUSDT,2022.06.25,12:00:00,21329.200000,21366.900000,20894.000000,20958.900000,108646.8550
BTCUSDT,2022.06.25,16:00:00,20959.000000,21280.000000,20907.500000,21195.500000,60691.4930
BTCUSDT,2022.06.25,20:00:00,21195.400000,21600.000000,21130.000000,21481.900000,65965.3990
BTCUSDT,2022.06.26,00:00:00,21481.900000,21539.700000,21263.700000,21415.100000,49149.2970
BTCUSDT,2022.06.26,04:00:00,21415.100000,21520.000000,21324.500000,21390.100000,45236.4580
BTCUSDT,2022.06.26,08:00:00,21390.100000,21816.000000,21355.000000,21699.500000,66665.0570
BTCUSDT,2022.06.26,12:00:00,21699.400000,21888.000000,21180.000000,21314.200000,139640.0530
BTCUSDT,2022.06.26,16:00:00,21314.200000,21431.200000,21116.500000,21273.600000,62348.2340
BTCUSDT,2022.06.26,20:00:00,21273.600000,21420.100000,20952.000000,21029.100000,79748.6370
BTCUSDT,2022.06.27,00:00:00,21029.100000,21180.000000,20908.800000,21160.900000,59311.2020
BTCUSDT,2022.06.27,04:00:00,21160.900000,21387.000000,21127.200000,21354.900000,58748.2540
BTCUSDT,2022.06.27,08:00:00,21354.900000,21560.000000,21277.000000,21298.200000,75321.5740
BTCUSDT,2022.06.27,12:00:00,21298.100000,21338.000000,20575.000000,20744.000000,188997.8440
BTCUSDT,2022.06.27,16:00:00,20744.000000,20950.000000,20500.000000,20845.800000,96729.3920
BTCUSDT,2022.06.27,20:00:00,20845.800000,20966.000000,20666.000000,20730.000000,60226.7430
BTCUSDT,2022.06.28,00:00:00,20730.000000,20868.200000,20510.000000,20722.600000,74327.8420
BTCUSDT,2022.06.28,04:00:00,20722.600000,20920.000000,20691.900000,20868.200000,60006.8080
BTCUSDT,2022.06.28,08:00:00,20868.300000,21198.000000,20855.800000,20987.900000,112085.8760
BTCUSDT,2022.06.28,12:00:00,20987.800000,21138.700000,20575.200000,20595.400000,134940.3770
BTCUSDT,2022.06.28,16:00:00,20595.700000,20757.900000,20209.100000,20246.600000,129503.7790
BTCUSDT,2022.06.28,20:00:00,20246.700000,20450.000000,20188.000000,20268.600000,72051.4260
BTCUSDT,2022.06.29,00:00:00,20268.700000,20385.100000,20140.500000,20275.900000,62400.4740
BTCUSDT,2022.06.29,04:00:00,20275.900000,20366.000000,19887.100000,20080.600000,128029.9770
BTCUSDT,2022.06.29,08:00:00,20080.500000,20235.600000,19817.200000,20096.900000,116544.7810
BTCUSDT,2022.06.29,12:00:00,20096.900000,20180.000000,19882.600000,20076.300000,141521.8650
BTCUSDT,2022.06.29,16:00:00,20076.300000,20270.100000,19920.000000,20214.100000,74336.7350
BTCUSDT,2022.06.29,20:00:00,20212.800000,20430.000000,20037.700000,20109.900000,86072.1580
BTCUSDT,2022.06.30,00:00:00,20109.900000,20165.000000,19932.400000,20062.600000,58234.4110
BTCUSDT,2022.06.30,04:00:00,20062.500000,20077.000000,19300.000000,19423.500000,135409.2110
BTCUSDT,2022.06.30,08:00:00,19423.100000,19429.900000,18902.000000,19088.700000,180156.6830
BTCUSDT,2022.06.30,12:00:00,19088.700000,19338.000000,18702.000000,19133.500000,193562.8190
BTCUSDT,2022.06.30,16:00:00,19133.400000,19300.000000,18843.000000,18921.300000,102335.8380
BTCUSDT,2022.06.30,20:00:00,18921.300000,19965.600000,18563.000000,19923.500000,190282.4530
BTCUSDT,2022.07.01,00:00:00,19923.300000,20926.400000,19649.500000,19720.100000,256703.7030
BTCUSDT,2022.07.01,04:00:00,19720.600000,19748.500000,19303.000000,19566.100000,165563.9960
BTCUSDT,2022.07.01,08:00:00,19566.100000,19794.800000,18948.800000,19180.000000,157457.5630
BTCUSDT,2022.07.01,12:00:00,19179.900000,19666.000000,19115.100000,19279.500000,169455.6290
BTCUSDT,2022.07.01,16:00:00,19279.400000,19535.000000,19237.600000,19380.100000,86300.9740
BTCUSDT,2022.07.01,20:00:00,19379.300000,19686.800000,19207.600000,19272.000000,79917.4980
BTCUSDT,2022.07.02,00:00:00,19272.000000,19383.200000,19043.600000,19121.700000,71071.8440
BTCUSDT,2022.07.02,04:00:00,19121.800000,19296.200000,19096.700000,19119.900000,51960.6770
BTCUSDT,2022.07.02,08:00:00,19120.000000,19280.300000,18959.000000,19188.600000,75303.7730
BTCUSDT,2022.07.02,12:00:00,19188.700000,19456.000000,19136.200000,19219.900000,88740.0180
BTCUSDT,2022.07.02,16:00:00,19219.900000,19400.000000,19181.600000,19263.600000,55461.9230
BTCUSDT,2022.07.02,20:00:00,19263.600000,19375.300000,19183.400000,19240.900000,40313.2900
BTCUSDT,2022.07.03,00:00:00,19241.000000,19300.000000,19150.100000,19254.600000,36842.2090
BTCUSDT,2022.07.03,04:00:00,19254.600000,19392.600000,18780.100000,19127.800000,129678.9760
BTCUSDT,2022.07.03,08:00:00,19127.700000,19147.000000,18921.900000,19080.000000,64058.2290
BTCUSDT,2022.07.03,12:00:00,19080.100000,19114.000000,18955.000000,19035.300000,57015.0230
BTCUSDT,2022.07.03,16:00:00,19035.300000,19562.200000,19008.700000,19483.300000,76212.8400
BTCUSDT,2022.07.03,20:00:00,19483.500000,19645.400000,19200.000000,19305.900000,85701.0540
BTCUSDT,2022.07.04,00:00:00,19306.000000,19333.100000,19046.300000,19094.000000,59479.0860
BTCUSDT,2022.07.04,04:00:00,19094.000000,19179.400000,19071.600000,19115.200000,38446.3710
BTCUSDT,2022.07.04,08:00:00,19115.100000,19838.000000,19102.300000,19794.200000,149700.7730
BTCUSDT,2022.07.04,12:00:00,19794.200000,20123.000000,19494.400000,19792.400000,181557.4090
BTCUSDT,2022.07.04,16:00:00,19792.400000,20061.900000,19666.300000,19823.900000,101114.0270
BTCUSDT,2022.07.04,20:00:00,19824.000000,20350.000000,19719.500000,20226.600000,103012.5210
BTCUSDT,2022.07.05,00:00:00,20226.300000,20474.000000,20150.000000,20302.800000,86131.7870
BTCUSDT,2022.07.05,04:00:00,20302.800000,20448.600000,20159.000000,20207.700000,77724.7310
BTCUSDT,2022.07.05,08:00:00,20207.800000,20209.200000,19461.900000,19514.300000,166940.0420
BTCUSDT,2022.07.05,12:00:00,19514.300000,19585.700000,19291.600000,19507.000000,173192.6490
BTCUSDT,2022.07.05,16:00:00,19507.000000,20525.400000,19478.000000,20392.800000,192925.4140
BTCUSDT,2022.07.05,20:00:00,20392.900000,20749.200000,20102.000000,20170.000000,157324.2440
BTCUSDT,2022.07.06,00:00:00,20170.100000,20396.700000,19753.000000,19940.400000,115695.6340
BTCUSDT,2022.07.06,04:00:00,19940.400000,20316.300000,19850.000000,20150.900000,132223.4510
BTCUSDT,2022.07.06,08:00:00,20151.000000,20295.000000,20033.800000,20098.700000,92750.2070
BTCUSDT,2022.07.06,12:00:00,20098.700000,20372.100000,19950.000000,20140.100000,135567.5960
BTCUSDT,2022.07.06,16:00:00,20140.100000,20477.000000,20125.300000,20319.800000,125018.5590
BTCUSDT,2022.07.06,20:00:00,20319.800000,20667.600000,20259.200000,20554.100000,80821.0110
BTCUSDT,2022.07.07,00:00:00,20554.200000,20588.000000,20373.600000,20474.000000,52230.8020
BTCUSDT,2022.07.07,04:00:00,20474.000000,20487.500000,20244.900000,20432.800000,59811.0200
BTCUSDT,2022.07.07,08:00:00,20432.800000,20619.100000,20384.500000,20504.300000,74776.4580
BTCUSDT,2022.07.07,12:00:00,20504.300000,21050.000000,20367.900000,20881.900000,171393.6240
BTCUSDT,2022.07.07,16:00:00,20882.000000,21830.000000,20816.200000,21797.800000,230249.6910
BTCUSDT,2022.07.07,20:00:00,21797.900000,21821.100000,21515.000000,21613.400000,111380.0210
BTCUSDT,2022.07.08,00:00:00,21614.500000,22579.900000,21570.400000,22119.700000,148760.8040
BTCUSDT,2022.07.08,04:00:00,22119.700000,22243.700000,21707.000000,21791.300000,95950.1810
BTCUSDT,2022.07.08,08:00:00,21791.300000,21814.100000,21309.000000,21577.700000,152079.9580
BTCUSDT,2022.07.08,12:00:00,21577.800000,22127.700000,21175.200000,21947.300000,254130.8500
BTCUSDT,2022.07.08,16:00:00,21947.400000,21961.600000,21515.000000,21805.600000,122365.5760
BTCUSDT,2022.07.08,20:00:00,21805.500000,22048.000000,21568.000000,21587.900000,74857.1260
BTCUSDT,2022.07.09,00:00:00,21587.800000,21687.300000,21400.000000,21605.900000,73341.0060
BTCUSDT,2022.07.09,04:00:00,21606.000000,21740.400000,21477.400000,21644.700000,54604.2420
BTCUSDT,2022.07.09,08:00:00,21644.700000,21785.000000,21309.600000,21437.400000,66473.7960
BTCUSDT,2022.07.09,12:00:00,21437.400000,21721.700000,21373.200000,21538.700000,71625.6820
BTCUSDT,2022.07.09,16:00:00,21538.600000,22000.000000,21503.100000,21613.300000,86821.4690
BTCUSDT,2022.07.09,20:00:00,21613.200000,21746.400000,21530.000000,21580.000000,40506.1710
BTCUSDT,2022.07.10,00:00:00,21580.000000,21594.200000,21095.400000,21288.600000,82344.6710
BTCUSDT,2022.07.10,04:00:00,21288.600000,21365.600000,21152.800000,21329.900000,51200.9370
BTCUSDT,2022.07.10,08:00:00,21329.900000,21433.300000,21161.600000,21296.100000,52095.2510
BTCUSDT,2022.07.10,12:00:00,21294.600000,21339.800000,20808.200000,20892.500000,113767.5680
BTCUSDT,2022.07.10,16:00:00,20892.500000,21046.600000,20600.000000,20913.100000,90635.9210
BTCUSDT,2022.07.10,20:00:00,20913.000000,21170.000000,20670.700000,20853.800000,78132.1910
BTCUSDT,2022.07.11,00:00:00,20853.800000,20853.900000,20449.300000,20540.000000,93710.5410
BTCUSDT,2022.07.11,04:00:00,20540.000000,20597.900000,20345.800000,20429.300000,70535.8040
BTCUSDT,2022.07.11,08:00:00,20429.300000,20625.000000,20405.800000,20465.000000,69976.6120
BTCUSDT,2022.07.11,12:00:00,20465.100000,20778.100000,20260.000000,20430.100000,132353.6030
BTCUSDT,2022.07.11,16:00:00,20430.200000,20733.800000,20384.000000,20499.800000,81859.3390
BTCUSDT,2022.07.11,20:00:00,20499.900000,20550.000000,19870.000000,19954.300000,112810.0880
BTCUSDT,2022.07.12,00:00:00,19954.300000,19994.800000,19780.000000,19934.300000,75346.9400
BTCUSDT,2022.07.12,04:00:00,19934.200000,20048.900000,19618.200000,19722.900000,105992.0700
BTCUSDT,2022.07.12,08:00:00,19722.900000,19843.000000,19552.400000,19765.100000,106267.9510
BTCUSDT,2022.07.12,12:00:00,19765.000000,19999.500000,19680.800000,19876.900000,132675.2410
BTCUSDT,2022.07.12,16:00:00,19876.900000,19993.000000,19252.500000,19383.600000,132420.3410
BTCUSDT,2022.07.12,20:00:00,19383.700000,19544.300000,19228.300000,19322.900000,87858.1800
BTCUSDT,2022.07.13,00:00:00,19322.900000,19578.100000,19260.000000,19462.700000,61122.0800
BTCUSDT,2022.07.13,04:00:00,19462.700000,19890.000000,19410.300000,19699.500000,77968.1770
BTCUSDT,2022.07.13,08:00:00,19699.800000,19928.000000,19660.000000,19833.000000,98019.4600
BTCUSDT,2022.07.13,12:00:00,19833.000000,20150.000000,18901.000000,19445.100000,425365.2580
BTCUSDT,2022.07.13,16:00:00,19445.100000,20106.600000,19228.100000,19644.700000,190623.8220
BTCUSDT,2022.07.13,20:00:00,19644.700000,20401.600000,19575.500000,20220.100000,122839.3680
BTCUSDT,2022.07.14,00:00:00,20220.100000,20436.600000,20153.300000,20215.300000,94239.3480
BTCUSDT,2022.07.14,04:00:00,20215.300000,20270.400000,19894.000000,19981.300000,88149.6190
BTCUSDT,2022.07.14,08:00:00,19981.300000,20047.000000,19617.400000,19728.000000,109721.6770
BTCUSDT,2022.07.14,12:00:00,19728.100000,20463.300000,19600.000000,20379.300000,212665.8160
BTCUSDT,2022.07.14,16:00:00,20379.400000,20900.000000,20130.000000,20602.900000,195480.4970
BTCUSDT,2022.07.14,20:00:00,20603.000000,20713.200000,20425.600000,20578.600000,65732.5730
BTCUSDT,2022.07.15,00:00:00,20578.600000,20825.000000,20364.300000,20601.400000,99723.2860
BTCUSDT,2022.07.15,04:00:00,20601.400000,20940.000000,20481.200000,20823.400000,95645.3040
BTCUSDT,2022.07.15,08:00:00,20823.300000,21054.000000,20711.300000,20764.200000,113397.6710
BTCUSDT,2022.07.15,12:00:00,20764.300000,21090.000000,20754.100000,20785.100000,131185.2420
BTCUSDT,2022.07.15,16:00:00,20785.100000,21197.000000,20622.000000,21156.700000,116440.0970
BTCUSDT,2022.07.15,20:00:00,21156.700000,21200.000000,20755.000000,20823.100000,70372.0920
BTCUSDT,2022.07.16,00:00:00,20823.100000,20854.200000,20600.000000,20727.300000,52241.8510
BTCUSDT,2022.07.16,04:00:00,20727.400000,20750.800000,20471.000000,20541.000000,62235.6700
BTCUSDT,2022.07.16,08:00:00,20541.000000,20680.000000,20534.300000,20604.600000,40441.4100
BTCUSDT,2022.07.16,12:00:00,20604.700000,20950.000000,20583.600000,20935.000000,90829.2600
BTCUSDT,2022.07.16,16:00:00,20934.900000,21580.000000,20919.100000,21184.300000,207108.2210
BTCUSDT,2022.07.16,20:00:00,21184.300000,21343.400000,20900.000000,21183.500000,86350.4580
BTCUSDT,2022.07.17,00:00:00,21183.600000,21449.100000,21071.700000,21314.100000,64744.7010
BTCUSDT,2022.07.17,04:00:00,21314.100000,21674.100000,21222.000000,21460.000000,82656.0160
BTCUSDT,2022.07.17,08:00:00,21460.000000,21545.700000,21210.100000,21450.700000,92398.5450
BTCUSDT,2022.07.17,12:00:00,21450.700000,21495.000000,21070.000000,21158.000000,95511.2820
BTCUSDT,2022.07.17,16:00:00,21158.000000,21349.200000,20810.400000,21020.900000,98795.3040
BTCUSDT,2022.07.17,20:00:00,21020.900000,21070.000000,20742.000000,20794.400000,51431.8800
BTCUSDT,2022.07.18,00:00:00,20794.400000,21371.900000,20764.400000,21274.000000,87705.9450
BTCUSDT,2022.07.18,04:00:00,21274.100000,22401.400000,21158.700000,22243.400000,212697.0060
BTCUSDT,2022.07.18,08:00:00,22243.300000,22524.300000,21972.000000,22130.000000,157527.5280
BTCUSDT,2022.07.18,12:00:00,22129.900000,22800.000000,21900.700000,22674.200000,187389.4000
BTCUSDT,2022.07.18,16:00:00,22673.600000,22706.700000,21385.700000,21614.800000,197850.7040
BTCUSDT,2022.07.18,20:00:00,21614.900000,22650.000000,21420.000000,22423.900000,139697.1510
BTCUSDT,2022.07.19,00:00:00,22423.500000,22950.000000,21800.000000,21897.900000,192530.5410
BTCUSDT,2022.07.19,04:00:00,21898.000000,22124.600000,21575.000000,21761.000000,120021.3770
BTCUSDT,2022.07.19,08:00:00,21760.900000,22237.600000,21686.300000,21967.600000,106687.8340
BTCUSDT,2022.07.19,12:00:00,21967.600000,23200.000000,21967.500000,23116.200000,320286.0540
BTCUSDT,2022.07.19,16:00:00,23117.100000,23739.000000,22942.400000,23391.500000,252335.5120
BTCUSDT,2022.07.19,20:00:00,23390.600000,23817.900000,23146.500000,23385.900000,132167.7640
BTCUSDT,2022.07.20,00:00:00,23385.900000,23517.000000,22922.000000,23433.800000,115584.3040
BTCUSDT,2022.07.20,04:00:00,23433.900000,23861.000000,23300.000000,23376.700000,111668.4840
BTCUSDT,2022.07.20,08:00:00,23377.000000,23888.000000,23298.500000,23720.000000,143898.2210
BTCUSDT,2022.07.20,12:00:00,23720.100000,24277.000000,23556.900000,24153.400000,216817.4470
BTCUSDT,2022.07.20,16:00:00,24153.500000,24182.900000,23420.000000,23650.600000,169500.0290
BTCUSDT,2022.07.20,20:00:00,23650.600000,23799.000000,22912.400000,23221.500000,189179.3300
BTCUSDT,2022.07.21,00:00:00,23221.500000,23441.100000,22662.800000,22774.400000,117420.4200
BTCUSDT,2022.07.21,04:00:00,22774.400000,23088.000000,22636.000000,22926.700000,99143.8660
BTCUSDT,2022.07.21,08:00:00,22926.600000,23069.000000,22444.000000,22605.400000,115941.5770
BTCUSDT,2022.07.21,12:00:00,22605.500000,22842.700000,22340.200000,22633.700000,157575.7700
BTCUSDT,2022.07.21,16:00:00,22633.700000,23196.000000,22625.300000,23193.000000,154628.5520
BTCUSDT,2022.07.21,20:00:00,23193.000000,23295.500000,22930.300000,23144.500000,78833.2810
BTCUSDT,2022.07.22,00:00:00,23144.500000,23342.200000,22850.000000,22903.500000,61593.9660
BTCUSDT,2022.07.22,04:00:00,22903.500000,23318.400000,22803.000000,23109.200000,79589.2880
BTCUSDT,2022.07.22,08:00:00,23109.300000,23623.600000,23060.000000,23600.800000,112893.6930
BTCUSDT,2022.07.22,12:00:00,23600.700000,23750.000000,23217.000000,23286.700000,169406.6210
BTCUSDT,2022.07.22,16:00:00,23286.700000,23335.000000,22531.900000,22578.900000,147305.3140
BTCUSDT,2022.07.22,20:00:00,22579.000000,22775.000000,22500.000000,22675.100000,63119.0520
BTCUSDT,2022.07.23,00:00:00,22675.000000,22890.000000,22540.100000,22796.400000,47116.6000
BTCUSDT,2022.07.23,04:00:00,22796.400000,22990.000000,22654.700000,22764.200000,69690.1100
BTCUSDT,2022.07.23,08:00:00,22764.200000,22871.000000,22204.200000,22226.300000,131399.9860
BTCUSDT,2022.07.23,12:00:00,22226.800000,22381.000000,22032.000000,22209.900000,96487.3980
BTCUSDT,2022.07.23,16:00:00,22209.900000,22325.000000,21933.500000,22268.800000,101377.4640
BTCUSDT,2022.07.23,20:00:00,22266.500000,22548.000000,22210.000000,22440.200000,59816.1150
BTCUSDT,2022.07.24,00:00:00,22440.100000,22663.100000,22286.000000,22326.500000,60618.9830
BTCUSDT,2022.07.24,04:00:00,22326.400000,22828.800000,22256.400000,22692.400000,88436.0620
BTCUSDT,2022.07.24,08:00:00,22692.400000,22812.000000,22470.000000,22648.200000,79453.3070
BTCUSDT,2022.07.24,12:00:00,22648.100000,22935.000000,22428.100000,22837.000000,96659.4450
BTCUSDT,2022.07.24,16:00:00,22837.000000,22868.900000,22626.000000,22695.100000,59302.4030
BTCUSDT,2022.07.24,20:00:00,22695.100000,22999.000000,22503.000000,22570.600000,78488.7530
BTCUSDT,2022.07.25,00:00:00,22570.600000,22656.800000,21763.300000,21858.000000,132346.3000
BTCUSDT,2022.07.25,04:00:00,21858.100000,21988.400000,21734.100000,21951.300000,75898.1420
BTCUSDT,2022.07.25,08:00:00,21951.200000,22095.000000,21860.200000,21931.500000,69946.3780
BTCUSDT,2022.07.25,12:00:00,21931.600000,21996.100000,21650.000000,21884.300000,140631.3970
BTCUSDT,2022.07.25,16:00:00,21884.400000,22000.000000,21544.500000,21879.500000,105432.3320
BTCUSDT,2022.07.25,20:00:00,21879.600000,22252.600000,21232.000000,21300.000000,171516.1060
BTCUSDT,2022.07.26,00:00:00,21300.000000,21334.400000,20820.800000,21130.200000,130755.6120
BTCUSDT,2022.07.26,04:00:00,21130.200000,21250.000000,21000.000000,21053.700000,52267.7480
BTCUSDT,2022.07.26,08:00:00,21053.700000,21147.700000,20922.500000,21078.900000,51550.7940
BTCUSDT,2022.07.26,12:00:00,21078.900000,21181.600000,20689.600000,20737.600000,135871.6820
BTCUSDT,2022.07.26,16:00:00,20737.600000,21073.000000,20730.300000,20907.900000,87956.2320
BTCUSDT,2022.07.26,20:00:00,20907.800000,21294.000000,20803.600000,21241.000000,94096.8350
BTCUSDT,2022.07.27,00:00:00,21241.000000,21268.100000,21031.000000,21065.100000,55115.8660
BTCUSDT,2022.07.27,04:00:00,21065.200000,21442.000000,21054.400000,21335.000000,73775.9170
BTCUSDT,2022.07.27,08:00:00,21335.000000,21431.600000,21102.500000,21193.200000,64188.6330
BTCUSDT,2022.07.27,12:00:00,21193.200000,21531.800000,21151.900000,21516.400000,86649.9050
BTCUSDT,2022.07.27,16:00:00,21516.500000,23100.000000,21431.000000,22763.800000,371373.7510
BTCUSDT,2022.07.27,20:00:00,22763.800000,22996.200000,22570.700000,22941.100000,102266.2310
BTCUSDT,2022.07.28,00:00:00,22941.100000,23480.000000,22691.000000,23126.700000,101139.6320
BTCUSDT,2022.07.28,04:00:00,23126.800000,23260.000000,22880.000000,22916.900000,70065.1090
BTCUSDT,2022.07.28,08:00:00,22916.400000,23150.900000,22809.800000,23106.000000,69181.0010
BTCUSDT,2022.07.28,12:00:00,23106.000000,23999.600000,22583.100000,23739.400000,285080.0940
BTCUSDT,2022.07.28,16:00:00,23739.400000,24094.500000,23661.700000,23790.400000,132080.8040
BTCUSDT,2022.07.28,20:00:00,23790.400000,24194.600000,23720.000000,23836.200000,99195.1960
BTCUSDT,2022.07.29,00:00:00,23836.200000,23947.800000,23700.000000,23905.800000,58752.1930
BTCUSDT,2022.07.29,04:00:00,23905.600000,24500.000000,23818.200000,23938.000000,105626.4910
BTCUSDT,2022.07.29,08:00:00,23938.000000,24135.000000,23548.000000,23717.200000,101928.6800
BTCUSDT,2022.07.29,12:00:00,23717.200000,24220.000000,23426.300000,24003.000000,184078.3630
BTCUSDT,2022.07.29,16:00:00,24003.000000,24038.000000,23600.000000,23889.900000,114250.4420
BTCUSDT,2022.07.29,20:00:00,23891.200000,24129.900000,23691.100000,23771.100000,77700.8820
BTCUSDT,2022.07.30,00:00:00,23771.000000,23965.000000,23667.800000,23800.700000,59039.6070
BTCUSDT,2022.07.30,04:00:00,23800.700000,23900.000000,23621.800000,23869.800000,39139.1290
BTCUSDT,2022.07.30,08:00:00,23869.800000,24073.000000,23726.000000,23956.300000,58671.9750
BTCUSDT,2022.07.30,12:00:00,23956.400000,24700.000000,23911.000000,24522.800000,156601.7670
BTCUSDT,2022.07.30,16:00:00,24522.800000,24585.000000,23841.600000,23915.000000,79980.5780
BTCUSDT,2022.07.30,20:00:00,23914.900000,24065.900000,23505.000000,23629.900000,100391.7600
BTCUSDT,2022.07.31,00:00:00,23630.000000,23890.000000,23511.300000,23732.500000,48508.9090
BTCUSDT,2022.07.31,04:00:00,23732.500000,23838.400000,23656.200000,23704.900000,30995.4650
BTCUSDT,2022.07.31,08:00:00,23704.900000,23850.000000,23555.000000,23788.400000,49464.8090
BTCUSDT,2022.07.31,12:00:00,23788.400000,23856.400000,23598.400000,23764.200000,48333.7930
BTCUSDT,2022.07.31,16:00:00,23764.200000,24187.300000,23340.000000,23832.800000,126974.9990
BTCUSDT,2022.07.31,20:00:00,23832.800000,23887.000000,23222.000000,23290.100000,81691.8750
BTCUSDT,2022.08.01,00:00:00,23290.100000,23458.300000,23251.000000,23366.300000,39170.9810
BTCUSDT,2022.08.01,04:00:00,23366.200000,23408.700000,23100.000000,23313.400000,57129.9440
BTCUSDT,2022.08.01,08:00:00,23313.300000,23376.000000,22933.500000,23216.200000,92024.3900
BTCUSDT,2022.08.01,12:00:00,23216.200000,23497.000000,22955.000000,23315.100000,137584.9230
BTCUSDT,2022.08.01,16:00:00,23315.100000,23339.000000,22836.200000,22944.900000,102738.5430
BTCUSDT,2022.08.01,20:00:00,22945.000000,23407.000000,22900.000000,23257.600000,69729.5110
BTCUSDT,2022.08.02,00:00:00,23257.600000,23436.300000,22777.000000,22845.300000,90849.3680
BTCUSDT,2022.08.02,04:00:00,22845.300000,22923.000000,22700.000000,22875.500000,60603.9860
BTCUSDT,2022.08.02,08:00:00,22875.500000,22965.600000,22603.000000,22872.000000,79906.6740
BTCUSDT,2022.08.02,12:00:00,22872.000000,23140.000000,22657.000000,22962.900000,174906.0630
BTCUSDT,2022.08.02,16:00:00,22962.800000,23448.700000,22846.300000,22935.600000,161782.7250
BTCUSDT,2022.08.02,20:00:00,22935.700000,23141.100000,22897.300000,22975.100000,57179.0960
BTCUSDT,2022.08.03,00:00:00,22975.100000,23057.000000,22665.300000,22852.900000,73558.5180
BTCUSDT,2022.08.03,04:00:00,22852.900000,23065.300000,22793.000000,22979.500000,51680.6980
BTCUSDT,2022.08.03,08:00:00,22979.600000,23471.800000,22979.200000,23390.900000,120689.2580
BTCUSDT,2022.08.03,12:00:00,23391.000000,23650.000000,23200.000000,23346.000000,139399.8720
BTCUSDT,2022.08.03,16:00:00,23345.900000,23566.700000,23246.000000,23449.100000,81547.6700
BTCUSDT,2022.08.03,20:00:00,23450.200000,23475.900000,22707.000000,22801.500000,102385.7520
BTCUSDT,2022.08.04,00:00:00,22801.500000,23211.300000,22780.800000,23083.700000,82489.4270
BTCUSDT,2022.08.04,04:00:00,23083.700000,23175.600000,22810.000000,22935.000000,74751.6390
BTCUSDT,2022.08.04,08:00:00,22934.900000,22946.700000,22750.000000,22872.300000,72066.7330
BTCUSDT,2022.08.04,12:00:00,22872.300000,23133.000000,22728.500000,22914.300000,140599.1830
BTCUSDT,2022.08.04,16:00:00,22914.200000,22966.000000,22370.000000,22439.100000,133919.1960
BTCUSDT,2022.08.04,20:00:00,22439.100000,22658.000000,22435.000000,22608.900000,44442.6380
BTCUSDT,2022.08.05,00:00:00,22608.900000,23188.600000,22580.600000,23158.500000,86942.1090
BTCUSDT,2022.08.05,04:00:00,23158.500000,23430.300000,23055.000000,23176.900000,88102.3350
BTCUSDT,2022.08.05,08:00:00,23176.900000,23436.500000,23087.000000,23393.000000,75731.7570
BTCUSDT,2022.08.05,12:00:00,23393.100000,23450.000000,22867.800000,22979.100000,191943.6130
BTCUSDT,2022.08.05,16:00:00,22979.100000,23098.600000,22746.900000,22922.700000,83267.4630
BTCUSDT,2022.08.05,20:00:00,22922.600000,23318.800000,22831.600000,23298.100000,68004.8530
BTCUSDT,2022.08.06,00:00:00,23298.000000,23341.800000,23140.800000,23161.800000,46526.8150
BTCUSDT,2022.08.06,04:00:00,23161.800000,23230.000000,23130.800000,23196.500000,27369.1130
BTCUSDT,2022.08.06,08:00:00,23196.400000,23249.600000,23083.200000,23148.100000,33006.3190
BTCUSDT,2022.08.06,12:00:00,23148.200000,23227.400000,23146.100000,23191.200000,25400.5970
BTCUSDT,2022.08.06,16:00:00,23191.200000,23250.000000,22975.000000,23175.100000,54899.8050
BTCUSDT,2022.08.06,20:00:00,23175.100000,23215.800000,22883.600000,22943.300000,40456.7450
BTCUSDT,2022.08.07,00:00:00,22943.200000,23034.600000,22830.900000,22979.700000,48262.0220
BTCUSDT,2022.08.07,04:00:00,22979.800000,23015.700000,22930.000000,23000.000000,22310.9950
BTCUSDT,2022.08.07,08:00:00,23000.000000,23043.800000,22878.100000,23026.100000,33873.8760
BTCUSDT,2022.08.07,12:00:00,23026.200000,23180.000000,23000.000000,23012.100000,55373.0370
BTCUSDT,2022.08.07,16:00:00,23012.200000,23328.000000,22984.000000,23154.900000,57978.2630
BTCUSDT,2022.08.07,20:00:00,23155.000000,23400.000000,23042.200000,23167.800000,53713.8690
BTCUSDT,2022.08.08,00:00:00,23167.900000,23341.000000,23153.100000,23294.500000,43076.0560
BTCUSDT,2022.08.08,04:00:00,23294.500000,23848.000000,23267.700000,23796.800000,112409.0140
BTCUSDT,2022.08.08,08:00:00,23796.800000,24180.000000,23757.400000,24160.000000,131696.1200
BTCUSDT,2022.08.08,12:00:00,24159.900000,24243.000000,23880.000000,23986.900000,131317.2030
BTCUSDT,2022.08.08,16:00:00,23986.800000,24003.500000,23775.200000,23918.700000,72218.5140
BTCUSDT,2022.08.08,20:00:00,23918.900000,24097.500000,23666.000000,23804.400000,74367.3120
BTCUSDT,2022.08.09,00:00:00,23804.300000,23859.900000,23617.600000,23819.000000,45588.2400
BTCUSDT,2022.08.09,04:00:00,23819.000000,23913.400000,23744.500000,23866.200000,45536.3960
BTCUSDT,2022.08.09,08:00:00,23866.200000,23878.100000,23165.000000,23257.800000,158171.3090
BTCUSDT,2022.08.09,12:00:00,23257.700000,23323.100000,22850.000000,23061.700000,145926.8460
BTCUSDT,2022.08.09,16:00:00,23061.600000,23121.100000,22963.000000,23048.300000,57483.0950
BTCUSDT,2022.08.09,20:00:00,23048.300000,23248.000000,23042.100000,23140.200000,45581.0570
BTCUSDT,2022.08.10,00:00:00,23140.100000,23140.200000,22608.000000,22850.200000,102497.5510
BTCUSDT,2022.08.10,04:00:00,22850.200000,22997.000000,22819.900000,22951.200000,48937.3920
BTCUSDT,2022.08.10,08:00:00,22951.200000,23190.000000,22951.200000,23108.300000,69457.0880
BTCUSDT,2022.08.10,12:00:00,23108.300000,24179.000000,22993.700000,23983.600000,319236.0990
BTCUSDT,2022.08.10,16:00:00,23983.600000,24079.000000,23454.000000,23626.300000,116105.4540
BTCUSDT,2022.08.10,20:00:00,23626.300000,24235.200000,23612.000000,23940.900000,104504.6200
BTCUSDT,2022.08.11,00:00:00,23941.000000,24480.700000,23907.600000,24313.700000,135180.8050
BTCUSDT,2022.08.11,04:00:00,24313.600000,24760.000000,24277.100000,24429.500000,131739.6220
BTCUSDT,2022.08.11,08:00:00,24429.400000,24668.000000,24344.600000,24547.300000,75880.8270
BTCUSDT,2022.08.11,12:00:00,24547.200000,24972.000000,24261.800000,24336.600000,228432.7120
BTCUSDT,2022.08.11,16:00:00,24336.400000,24413.700000,24069.700000,24213.700000,103530.2950
BTCUSDT,2022.08.11,20:00:00,24214.200000,24325.000000,23840.600000,23917.200000,85690.9840
BTCUSDT,2022.08.12,00:00:00,23917.300000,24088.000000,23750.000000,23997.700000,77511.6810
BTCUSDT,2022.08.12,04:00:00,23997.700000,24053.000000,23864.800000,23949.200000,40532.4790
BTCUSDT,2022.08.12,08:00:00,23949.200000,24149.500000,23560.000000,23663.200000,103313.0150
BTCUSDT,2022.08.12,12:00:00,23663.200000,23995.000000,23642.400000,23966.700000,104057.7330
BTCUSDT,2022.08.12,16:00:00,23966.700000,24260.000000,23938.500000,24162.000000,77550.5790
BTCUSDT,2022.08.12,20:00:00,24162.000000,24438.800000,24031.000000,24387.500000,74768.5580
BTCUSDT,2022.08.13,00:00:00,24387.500000,24800.000000,24319.300000,24786.400000,97910.9100
BTCUSDT,2022.08.13,04:00:00,24786.500000,24879.000000,24540.800000,24566.100000,85905.9540
BTCUSDT,2022.08.13,08:00:00,24566.100000,24647.700000,24267.500000,24426.000000,105318.0700
BTCUSDT,2022.08.13,12:00:00,24425.900000,24592.800000,24282.000000,24501.800000,61755.1720
BTCUSDT,2022.08.13,16:00:00,24501.800000,24584.500000,24321.600000,24389.200000,46937.1260
BTCUSDT,2022.08.13,20:00:00,24389.200000,24536.400000,24309.700000,24429.000000,33266.4270
BTCUSDT,2022.08.14,00:00:00,24429.000000,24632.600000,24332.100000,24554.300000,51331.5770
BTCUSDT,2022.08.14,04:00:00,24554.300000,25065.000000,24484.400000,24867.100000,94220.3090
BTCUSDT,2022.08.14,08:00:00,24867.200000,24872.600000,24511.000000,24554.200000,94591.2050
BTCUSDT,2022.08.14,12:00:00,24554.300000,24579.500000,24379.300000,24512.100000,61061.0290
BTCUSDT,2022.08.14,16:00:00,24512.000000,24548.800000,24138.000000,24273.800000,87399.4100
BTCUSDT,2022.08.14,20:00:00,24273.900000,24420.000000,24162.000000,24294.100000,48710.7900
BTCUSDT,2022.08.15,00:00:00,24294.100000,25200.000000,24150.000000,24856.100000,176947.9000
BTCUSDT,2022.08.15,04:00:00,24856.200000,24975.700000,23916.700000,24010.800000,197596.8550
BTCUSDT,2022.08.15,08:00:00,24010.700000,24296.800000,23860.200000,24037.100000,114243.7580
BTCUSDT,2022.08.15,12:00:00,24037.200000,24246.300000,23890.100000,24211.800000,102011.5440
BTCUSDT,2022.08.15,16:00:00,24211.800000,24272.200000,23951.000000,23972.200000,69416.4970
BTCUSDT,2022.08.15,20:00:00,23972.200000,24178.700000,23762.000000,24085.200000,79174.1670
BTCUSDT,2022.08.16,00:00:00,24085.200000,24234.000000,23843.800000,24072.700000,81978.0740
BTCUSDT,2022.08.16,04:00:00,24072.600000,24134.000000,23788.000000,24054.100000,66146.7490
BTCUSDT,2022.08.16,08:00:00,24054.400000,24138.000000,23954.600000,24027.100000,50490.7460
BTCUSDT,2022.08.16,12:00:00,24026.400000,24079.000000,23650.000000,23886.300000,127827.3320
BTCUSDT,2022.08.16,16:00:00,23886.200000,24050.000000,23676.500000,23919.600000,98598.3820
BTCUSDT,2022.08.16,20:00:00,23919.700000,23978.000000,23795.500000,23843.000000,35878.7110
BTCUSDT,2022.08.17,00:00:00,23843.000000,24071.400000,23815.800000,23996.900000,65927.4490
BTCUSDT,2022.08.17,04:00:00,23997.000000,24437.000000,23754.000000,23774.200000,153483.0680
BTCUSDT,2022.08.17,08:00:00,23774.200000,23908.200000,23672.000000,23737.200000,90827.8390
BTCUSDT,2022.08.17,12:00:00,23737.100000,23748.700000,23312.900000,23385.700000,161103.3100
BTCUSDT,2022.08.17,16:00:00,23385.700000,23619.700000,23231.900000,23268.500000,112692.3290
BTCUSDT,2022.08.17,20:00:00,23268.500000,23399.000000,23170.000000,23333.100000,56566.9080
BTCUSDT,2022.08.18,00:00:00,23333.100000,23505.200000,23280.000000,23423.800000,45094.7270
BTCUSDT,2022.08.18,04:00:00,23423.800000,23458.600000,23318.900000,23402.500000,39849.4610
BTCUSDT,2022.08.18,08:00:00,23402.500000,23567.800000,23336.100000,23521.300000,53349.1770
BTCUSDT,2022.08.18,12:00:00,23521.200000,23595.000000,23340.900000,23439.400000,82442.8190
BTCUSDT,2022.08.18,16:00:00,23439.500000,23458.600000,23220.700000,23340.000000,74187.9670
BTCUSDT,2022.08.18,20:00:00,23339.900000,23441.400000,23101.000000,23185.100000,52774.8550
BTCUSDT,2022.08.19,00:00:00,23185.000000,23200.000000,22702.000000,22759.000000,123098.8890
BTCUSDT,2022.08.19,04:00:00,22759.000000,22826.800000,21220.000000,21892.800000,186167.0690
BTCUSDT,2022.08.19,08:00:00,21892.900000,21906.000000,21235.800000,21453.700000,182850.9170
BTCUSDT,2022.08.19,12:00:00,21453.700000,21581.200000,21250.000000,21431.100000,141320.3650
BTCUSDT,2022.08.19,16:00:00,21431.000000,21646.100000,21133.000000,21319.400000,117009.4210
BTCUSDT,2022.08.19,20:00:00,21319.400000,21370.900000,20760.000000,20824.900000,156163.1640
BTCUSDT,2022.08.20,00:00:00,20825.000000,21180.000000,20783.800000,21128.500000,86261.9610
BTCUSDT,2022.08.20,04:00:00,21128.600000,21368.900000,21069.500000,21295.100000,77169.3410
BTCUSDT,2022.08.20,08:00:00,21295.200000,21301.100000,21107.200000,21220.100000,56741.4180
BTCUSDT,2022.08.20,12:00:00,21220.100000,21328.800000,21191.500000,21291.700000,57119.7210
BTCUSDT,2022.08.20,16:00:00,21291.800000,21350.000000,20933.200000,20981.700000,98537.7110
BTCUSDT,2022.08.20,20:00:00,20981.700000,21249.000000,20742.900000,21127.800000,114676.8900
BTCUSDT,2022.08.21,00:00:00,21127.700000,21320.400000,21111.100000,21198.300000,47577.8800
BTCUSDT,2022.08.21,04:00:00,21198.200000,21271.200000,21055.000000,21241.700000,48520.5430
BTCUSDT,2022.08.21,08:00:00,21241.700000,21580.100000,21217.000000,21514.300000,98932.9480
BTCUSDT,2022.08.21,12:00:00,21514.400000,21573.000000,21300.000000,21407.700000,63268.9340
BTCUSDT,2022.08.21,16:00:00,21407.700000,21545.700000,21318.500000,21498.800000,49791.7530
BTCUSDT,2022.08.21,20:00:00,21498.900000,21804.600000,21259.700000,21505.600000,116190.3660
BTCUSDT,2022.08.22,00:00:00,21505.600000,21520.500000,21355.000000,21406.500000,46954.7260
BTCUSDT,2022.08.22,04:00:00,21406.500000,21477.900000,21038.600000,21089.100000,83216.9170
BTCUSDT,2022.08.22,08:00:00,21089.200000,21331.500000,20858.600000,21238.600000,147398.7930
BTCUSDT,2022.08.22,12:00:00,21238.600000,21439.200000,21071.500000,21388.000000,138339.6800
BTCUSDT,2022.08.22,16:00:00,21388.000000,21550.000000,20950.000000,21047.100000,103772.0690
BTCUSDT,2022.08.22,20:00:00,21047.100000,21417.000000,21030.000000,21387.000000,69082.4120
BTCUSDT,2022.08.23,00:00:00,21387.000000,21460.000000,21213.100000,21228.500000,64213.8570
BTCUSDT,2022.08.23,04:00:00,21228.500000,21304.700000,20874.800000,21297.300000,125701.4990
BTCUSDT,2022.08.23,08:00:00,21297.200000,21546.500000,21279.000000,21444.400000,148075.5300
BTCUSDT,2022.08.23,12:00:00,21444.400000,21667.200000,21319.600000,21460.600000,144902.6510
BTCUSDT,2022.08.23,16:00:00,21460.700000,21590.700000,21350.000000,21512.500000,73618.1160
BTCUSDT,2022.08.23,20:00:00,21512.600000,21662.000000,21418.900000,21518.200000,53233.6170
BTCUSDT,2022.08.24,00:00:00,21518.200000,21541.200000,21132.300000,21253.200000,89527.7880
BTCUSDT,2022.08.24,04:00:00,21253.100000,21495.600000,21224.100000,21305.600000,74717.8610
BTCUSDT,2022.08.24,08:00:00,21305.600000,21465.700000,21254.200000,21426.100000,61558.3920
BTCUSDT,2022.08.24,12:00:00,21426.100000,21635.000000,21364.600000,21605.600000,100064.7370
BTCUSDT,2022.08.24,16:00:00,21605.600000,21925.600000,21596.100000,21695.800000,107029.1480
BTCUSDT,2022.08.24,20:00:00,21695.900000,21750.000000,21350.000000,21354.900000,69830.2720
BTCUSDT,2022.08.25,00:00:00,21355.000000,21622.900000,21295.300000,21460.800000,72236.7630
BTCUSDT,2022.08.25,04:00:00,21460.800000,21750.000000,21455.400000,21732.200000,65842.2520
BTCUSDT,2022.08.25,08:00:00,21732.200000,21810.900000,21601.000000,21713.100000,61377.2300
BTCUSDT,2022.08.25,12:00:00,21713.200000,21771.200000,21475.000000,21557.000000,102528.8660
BTCUSDT,2022.08.25,16:00:00,21557.000000,21636.200000,21385.500000,21594.300000,75917.0030
BTCUSDT,2022.08.25,20:00:00,21594.400000,21677.000000,21504.000000,21548.300000,37855.8780
BTCUSDT,2022.08.26,00:00:00,21548.300000,21603.700000,21421.000000,21542.000000,44411.7790
BTCUSDT,2022.08.26,04:00:00,21541.900000,21554.300000,21311.000000,21438.400000,69239.7870
BTCUSDT,2022.08.26,08:00:00,21438.300000,21459.100000,21000.000000,21179.700000,86131.2810
BTCUSDT,2022.08.26,12:00:00,21179.600000,21867.600000,20560.000000,20770.100000,448846.7740
BTCUSDT,2022.08.26,16:00:00,20769.600000,20822.000000,20518.000000,20635.500000,135342.4490
BTCUSDT,2022.08.26,20:00:00,20635.500000,20740.600000,20100.000000,20228.700000,112502.2860
BTCUSDT,2022.08.27,00:00:00,20228.700000,20367.700000,20125.000000,20189.900000,75409.4910
BTCUSDT,2022.08.27,04:00:00,20189.900000,20263.000000,19901.000000,20255.000000,104997.5040
BTCUSDT,2022.08.27,08:00:00,20255.000000,20263.700000,20126.200000,20198.600000,47373.9080
BTCUSDT,2022.08.27,12:00:00,20198.500000,20230.000000,19744.000000,19966.100000,112671.7300
BTCUSDT,2022.08.27,16:00:00,19966.000000,20088.100000,19825.700000,20007.100000,75584.4850
BTCUSDT,2022.08.27,20:00:00,20007.000000,20088.900000,19845.000000,20023.900000,53560.9060
BTCUSDT,2022.08.28,00:00:00,20024.000000,20155.000000,19918.000000,19978.700000,52157.1380
BTCUSDT,2022.08.28,04:00:00,19978.800000,20075.400000,19923.000000,20045.000000,34450.3190
BTCUSDT,2022.08.28,08:00:00,20045.000000,20098.000000,19926.000000,20021.900000,42814.6410
BTCUSDT,2022.08.28,12:00:00,20021.900000,20048.400000,19793.800000,20007.500000,87656.3150
BTCUSDT,2022.08.28,16:00:00,20007.600000,20140.000000,19942.000000,19962.500000,66919.2130
BTCUSDT,2022.08.28,20:00:00,19962.600000,20035.000000,19508.000000,19547.500000,102407.5690
BTCUSDT,2022.08.29,00:00:00,19547.500000,19945.000000,19539.400000,19854.600000,104276.4390
BTCUSDT,2022.08.29,04:00:00,19854.100000,19928.000000,19732.000000,19885.300000,64282.3100
BTCUSDT,2022.08.29,08:00:00,19885.300000,19914.600000,19754.100000,19812.000000,55771.5400
BTCUSDT,2022.08.29,12:00:00,19812.000000,20365.600000,19795.100000,20249.100000,214173.5140
BTCUSDT,2022.08.29,16:00:00,20249.100000,20440.000000,20070.400000,20090.500000,102318.6520
BTCUSDT,2022.08.29,20:00:00,20090.500000,20335.000000,20069.300000,20275.500000,57254.2140
BTCUSDT,2022.08.30,00:00:00,20275.500000,20282.400000,20100.000000,20261.300000,53863.6350
BTCUSDT,2022.08.30,04:00:00,20261.400000,20574.000000,20246.200000,20423.300000,108222.1560
BTCUSDT,2022.08.30,08:00:00,20423.300000,20496.600000,20321.200000,20395.800000,66014.7450
BTCUSDT,2022.08.30,12:00:00,20395.900000,20440.000000,19634.400000,19743.800000,252515.4180
BTCUSDT,2022.08.30,16:00:00,19743.700000,20085.000000,19524.400000,19937.100000,201304.4000
BTCUSDT,2022.08.30,20:00:00,19937.200000,20046.800000,19739.000000,19803.100000,85794.6390
BTCUSDT,2022.08.31,00:00:00,19803.200000,20449.000000,19787.900000,20392.600000,131758.8730
BTCUSDT,2022.08.31,04:00:00,20392.700000,20496.000000,20178.900000,20247.500000,85524.6680
BTCUSDT,2022.08.31,08:00:00,20247.500000,20397.100000,20121.000000,20308.000000,95848.8940
BTCUSDT,2022.08.31,12:00:00,20307.900000,20419.000000,19850.000000,20130.500000,199733.7680
BTCUSDT,2022.08.31,16:00:00,20130.600000,20329.000000,19870.200000,20217.700000,130762.0140
BTCUSDT,2022.08.31,20:00:00,20217.700000,20288.700000,19959.800000,20041.500000,68011.1220
BTCUSDT,2022.09.01,00:00:00,20041.400000,20198.300000,19910.000000,20016.900000,87773.1330
BTCUSDT,2022.09.01,04:00:00,20017.000000,20127.900000,19790.400000,19885.700000,84579.4160
BTCUSDT,2022.09.01,08:00:00,19885.600000,20115.100000,19810.100000,20060.900000,90974.0720
BTCUSDT,2022.09.01,12:00:00,20061.000000,20084.100000,19644.700000,19775.800000,179308.7540
BTCUSDT,2022.09.01,16:00:00,19775.700000,19930.000000,19555.000000,19857.400000,156176.1050
BTCUSDT,2022.09.01,20:00:00,19857.500000,20171.000000,19830.400000,20122.500000,92783.2410
BTCUSDT,2022.09.02,00:00:00,20122.600000,20264.800000,19947.900000,20145.100000,72954.7700
BTCUSDT,2022.09.02,04:00:00,20145.100000,20290.000000,20023.200000,20100.500000,59237.0220
BTCUSDT,2022.09.02,08:00:00,20100.400000,20168.800000,19978.000000,20082.400000,58803.4020
BTCUSDT,2022.09.02,12:00:00,20082.400000,20434.300000,20013.000000,20344.800000,205092.1450
BTCUSDT,2022.09.02,16:00:00,20344.800000,20368.000000,19736.000000,19899.300000,222614.1350
BTCUSDT,2022.09.02,20:00:00,19899.300000,20018.700000,19850.900000,19941.000000,50346.3420
BTCUSDT,2022.09.03,00:00:00,19941.000000,20050.000000,19854.300000,19890.300000,43419.7400
BTCUSDT,2022.09.03,04:00:00,19890.300000,19957.500000,19740.100000,19808.200000,46872.7890
BTCUSDT,2022.09.03,08:00:00,19808.100000,19862.100000,19700.600000,19790.000000,59778.9670
BTCUSDT,2022.09.03,12:00:00,19789.900000,19894.000000,19740.100000,19764.300000,45476.9080
BTCUSDT,2022.09.03,16:00:00,19764.300000,19826.400000,19628.700000,19702.900000,59876.3230
BTCUSDT,2022.09.03,20:00:00,19702.900000,19840.000000,19666.600000,19820.700000,29816.2620
BTCUSDT,2022.09.04,00:00:00,19820.700000,19847.900000,19728.100000,19766.000000,27815.4220
BTCUSDT,2022.09.04,04:00:00,19766.000000,19801.700000,19600.000000,19618.500000,41328.5810
BTCUSDT,2022.09.04,08:00:00,19618.400000,19850.400000,19570.000000,19843.000000,83434.7240
BTCUSDT,2022.09.04,12:00:00,19843.000000,19930.000000,19631.200000,19781.600000,103116.6850
BTCUSDT,2022.09.04,16:00:00,19781.600000,19947.600000,19713.000000,19872.700000,84354.9910
BTCUSDT,2022.09.04,20:00:00,19872.800000,20022.400000,19809.000000,19992.700000,56747.7810
BTCUSDT,2022.09.05,00:00:00,19992.700000,20046.700000,19801.000000,19871.900000,63827.8390
BTCUSDT,2022.09.05,04:00:00,19871.900000,19900.000000,19668.000000,19740.000000,75269.7070
BTCUSDT,2022.09.05,08:00:00,19739.900000,19794.700000,19620.200000,19692.900000,68683.6950
BTCUSDT,2022.09.05,12:00:00,19692.900000,19944.000000,19659.500000,19848.100000,105263.9160
BTCUSDT,2022.09.05,16:00:00,19848.100000,19904.500000,19660.000000,19700.900000,80856.2240
BTCUSDT,2022.09.05,20:00:00,19700.900000,19850.000000,19686.900000,19784.900000,52805.0290
BTCUSDT,2022.09.06,00:00:00,19784.900000,20174.700000,19665.000000,19780.200000,186484.4650
BTCUSDT,2022.09.06,04:00:00,19780.300000,19940.000000,19724.000000,19900.700000,79991.3340
BTCUSDT,2022.09.06,08:00:00,19900.700000,20023.200000,19850.000000,19909.200000,90226.7470
BTCUSDT,2022.09.06,12:00:00,19909.200000,19987.500000,19650.400000,19810.100000,160616.0090
BTCUSDT,2022.09.06,16:00:00,19810.200000,19847.100000,18700.000000,18813.000000,317000.7570
BTCUSDT,2022.09.06,20:00:00,18813.100000,19066.600000,18600.000000,18781.500000,111169.8300
BTCUSDT,2022.09.07,00:00:00,18781.400000,18861.900000,18500.000000,18736.300000,110548.9400
BTCUSDT,2022.09.07,04:00:00,18736.200000,18833.000000,18664.200000,18791.500000,58734.2170
BTCUSDT,2022.09.07,08:00:00,18791.400000,18848.000000,18679.900000,18729.500000,48997.7640
BTCUSDT,2022.09.07,12:00:00,18729.400000,18960.000000,18663.600000,18863.300000,117302.1120
BTCUSDT,2022.09.07,16:00:00,18863.300000,19188.000000,18844.800000,18982.100000,118730.5600
BTCUSDT,2022.09.07,20:00:00,18982.100000,19455.000000,18980.000000,19287.000000,141323.1000
BTCUSDT,2022.09.08,00:00:00,19287.000000,19373.800000,19139.400000,19209.100000,57668.3020
BTCUSDT,2022.09.08,04:00:00,19209.100000,19370.000000,19047.900000,19164.000000,81988.4620
BTCUSDT,2022.09.08,08:00:00,19164.000000,19400.000000,19133.600000,19303.100000,72229.6910
BTCUSDT,2022.09.08,12:00:00,19303.100000,19370.600000,19003.800000,19240.400000,192764.5620
BTCUSDT,2022.09.08,16:00:00,19240.500000,19342.400000,19080.000000,19341.700000,84694.5050
BTCUSDT,2022.09.08,20:00:00,19341.700000,19450.000000,19245.500000,19309.300000,47923.1220
BTCUSDT,2022.09.09,00:00:00,19309.300000,19965.800000,19283.000000,19936.000000,113228.8190
BTCUSDT,2022.09.09,04:00:00,19936.000000,20804.900000,19916.500000,20623.600000,272891.0740
BTCUSDT,2022.09.09,08:00:00,20623.600000,21188.000000,20618.500000,20931.700000,199066.7410
BTCUSDT,2022.09.09,12:00:00,20931.700000,21345.000000,20912.200000,21258.500000,177041.8400
BTCUSDT,2022.09.09,16:00:00,21258.500000,21438.000000,21117.000000,21280.000000,135340.1940
BTCUSDT,2022.09.09,20:00:00,21280.100000,21666.000000,21178.000000,21352.000000,94928.4320
BTCUSDT,2022.09.10,00:00:00,21352.000000,21382.300000,21153.600000,21294.500000,56809.3840
BTCUSDT,2022.09.10,04:00:00,21294.400000,21670.000000,21240.000000,21274.900000,101079.4620
BTCUSDT,2022.09.10,08:00:00,21275.000000,21384.000000,21246.000000,21279.000000,44186.6160
BTCUSDT,2022.09.10,12:00:00,21278.900000,21355.600000,21112.200000,21213.300000,74767.4610
BTCUSDT,2022.09.10,16:00:00,21213.300000,21637.700000,21166.500000,21569.400000,96842.0590
BTCUSDT,2022.09.10,20:00:00,21569.400000,21825.000000,21349.900000,21639.500000,117858.2240
BTCUSDT,2022.09.11,00:00:00,21639.500000,21673.000000,21436.800000,21537.400000,55267.2760
BTCUSDT,2022.09.11,04:00:00,21537.400000,21632.000000,21336.000000,21599.900000,62358.6880
BTCUSDT,2022.09.11,08:00:00,21600.000000,21726.000000,21550.000000,21601.900000,58186.8560
BTCUSDT,2022.09.11,12:00:00,21601.900000,21761.500000,21450.100000,21633.900000,72608.4100
BTCUSDT,2022.09.11,16:00:00,21634.000000,21883.400000,21518.200000,21610.500000,77800.3440
BTCUSDT,2022.09.11,20:00:00,21610.500000,21848.800000,21438.500000,21820.300000,94757.7520
BTCUSDT,2022.09.12,00:00:00,21820.300000,22388.000000,21540.000000,21649.200000,231080.9040
BTCUSDT,2022.09.12,04:00:00,21649.200000,22222.000000,21617.100000,22180.900000,101572.1970
BTCUSDT,2022.09.12,08:00:00,22180.800000,22450.000000,21961.100000,22301.000000,166535.2670
BTCUSDT,2022.09.12,12:00:00,22301.000000,22471.000000,22003.900000,22106.000000,154970.8200
BTCUSDT,2022.09.12,16:00:00,22105.900000,22446.000000,22010.000000,22415.000000,99333.2730
BTCUSDT,2022.09.12,20:00:00,22414.900000,22474.000000,22244.000000,22386.000000,65109.4710
BTCUSDT,2022.09.13,00:00:00,22386.000000,22440.000000,22048.400000,22225.700000,84001.6610
BTCUSDT,2022.09.13,04:00:00,22225.700000,22659.900000,22172.800000,22267.800000,113936.3130
BTCUSDT,2022.09.13,08:00:00,22267.900000,22706.000000,22181.500000,22516.300000,128969.5220
BTCUSDT,2022.09.13,12:00:00,22516.200000,22850.000000,20729.000000,20823.900000,492978.9340
BTCUSDT,2022.09.13,16:00:00,20823.900000,20920.600000,20030.500000,20272.000000,269096.8900
BTCUSDT,2022.09.13,20:00:00,20272.000000,20408.400000,19840.000000,20162.500000,129786.6070
BTCUSDT,2022.09.14,00:00:00,20162.600000,20528.500000,20031.100000,20313.200000,108109.3500
BTCUSDT,2022.09.14,04:00:00,20313.200000,20395.200000,20124.600000,20235.300000,57924.9680
BTCUSDT,2022.09.14,08:00:00,20235.400000,20413.100000,20050.000000,20219.800000,79529.9200
BTCUSDT,2022.09.14,12:00:00,20219.900000,20380.300000,20061.800000,20165.600000,142764.2840
BTCUSDT,2022.09.14,16:00:00,20165.600000,20228.900000,19600.000000,19935.100000,187325.6320
BTCUSDT,2022.09.14,20:00:00,19935.100000,20384.400000,19843.900000,20217.000000,86148.4430
BTCUSDT,2022.09.15,00:00:00,20217.000000,20258.700000,19903.500000,20015.900000,81335.8750
BTCUSDT,2022.09.15,04:00:00,20015.900000,20315.000000,19947.400000,20195.200000,117038.7250
BTCUSDT,2022.09.15,08:00:00,20195.100000,20213.300000,20010.200000,20140.900000,72756.5970
BTCUSDT,2022.09.15,12:00:00,20140.900000,20188.700000,19453.000000,19728.800000,233718.4550
BTCUSDT,2022.09.15,16:00:00,19728.800000,19936.300000,19640.000000,19774.900000,99238.0160
BTCUSDT,2022.09.15,20:00:00,19774.900000,19880.800000,19561.500000,19690.800000,61774.3990
BTCUSDT,2022.09.16,00:00:00,19690.800000,19810.000000,19573.100000,19738.400000,56205.3190
BTCUSDT,2022.09.16,04:00:00,19738.300000,19849.600000,19715.100000,19730.500000,40737.3570
BTCUSDT,2022.09.16,08:00:00,19730.400000,19878.000000,19603.000000,19856.000000,72924.9080
BTCUSDT,2022.09.16,12:00:00,19856.100000,19863.100000,19385.200000,19653.300000,178152.1240
BTCUSDT,2022.09.16,16:00:00,19653.300000,19653.300000,19300.000000,19605.900000,139063.1280
BTCUSDT,2022.09.16,20:00:00,19605.900000,19819.500000,19602.800000,19792.500000,57525.9680
BTCUSDT,2022.09.17,00:00:00,19792.400000,20068.800000,19757.600000,19875.000000,77056.7640
BTCUSDT,2022.09.17,04:00:00,19875.100000,19985.000000,19775.000000,19834.000000,46289.9500
BTCUSDT,2022.09.17,08:00:00,19834.100000,19907.500000,19800.000000,19800.800000,30845.1500
BTCUSDT,2022.09.17,12:00:00,19800.800000,20019.000000,19739.400000,19951.600000,59023.9080
BTCUSDT,2022.09.17,16:00:00,19951.700000,20182.600000,19926.000000,20001.200000,79403.5170
BTCUSDT,2022.09.17,20:00:00,20001.100000,20137.000000,19930.000000,20102.000000,42059.2690
BTCUSDT,2022.09.18,00:00:00,20102.000000,20105.300000,19938.400000,19990.900000,42846.4410
BTCUSDT,2022.09.18,04:00:00,19991.000000,20087.600000,19941.600000,20041.200000,26556.6070
BTCUSDT,2022.09.18,08:00:00,20041.300000,20093.900000,19750.100000,19915.200000,98907.5680
BTCUSDT,2022.09.18,12:00:00,19915.200000,20019.000000,19707.000000,19804.500000,91600.8160
BTCUSDT,2022.09.18,16:00:00,19804.400000,19869.900000,19556.700000,19715.600000,125781.7400
BTCUSDT,2022.09.18,20:00:00,19715.500000,19742.500000,19325.800000,19404.500000,114223.3020
BTCUSDT,2022.09.19,00:00:00,19404.500000,19507.000000,18655.000000,18766.200000,163689.7890
BTCUSDT,2022.09.19,04:00:00,18766.200000,18863.900000,18215.000000,18459.600000,175552.2800
BTCUSDT,2022.09.19,08:00:00,18459.700000,18788.000000,18360.000000,18672.600000,120769.6190
BTCUSDT,2022.09.19,12:00:00,18672.600000,19424.400000,18665.000000,19071.100000,257844.3680
BTCUSDT,2022.09.19,16:00:00,19071.100000,19572.100000,18868.200000,19504.700000,169575.8810
BTCUSDT,2022.09.19,20:00:00,19504.700000,19686.300000,19408.000000,19528.600000,106344.4150
BTCUSDT,2022.09.20,00:00:00,19528.600000,19625.000000,19148.400000,19353.700000,92307.7330
BTCUSDT,2022.09.20,04:00:00,19353.800000,19581.500000,19223.000000,19349.900000,93723.2730
BTCUSDT,2022.09.20,08:00:00,19349.900000,19417.600000,19148.200000,19209.600000,95198.4890
BTCUSDT,2022.09.20,12:00:00,19209.600000,19256.900000,18759.700000,19225.600000,250377.9060
BTCUSDT,2022.09.20,16:00:00,19225.700000,19316.700000,18690.100000,18985.200000,195711.7800
BTCUSDT,2022.09.20,20:00:00,18985.300000,19087.500000,18777.600000,18866.800000,67304.7510
BTCUSDT,2022.09.21,00:00:00,18866.700000,19050.000000,18824.900000,19011.800000,51612.6430
BTCUSDT,2022.09.21,04:00:00,19011.700000,19123.000000,18784.200000,18938.800000,89008.6700
BTCUSDT,2022.09.21,08:00:00,18938.700000,19198.000000,18811.400000,19155.600000,92042.0060
BTCUSDT,2022.09.21,12:00:00,19155.500000,19476.200000,19077.000000,19182.500000,191477.7970
BTCUSDT,2022.09.21,16:00:00,19182.600000,20154.100000,18343.000000,18990.300000,519529.5900
BTCUSDT,2022.09.21,20:00:00,18990.300000,19063.900000,18084.300000,18447.500000,224398.2730
BTCUSDT,2022.09.22,00:00:00,18447.500000,18777.600000,18345.200000,18677.600000,111993.3380
BTCUSDT,2022.09.22,04:00:00,18677.700000,18962.100000,18610.100000,18923.800000,107802.2020
BTCUSDT,2022.09.22,08:00:00,18923.800000,19279.200000,18897.300000,19220.100000,173819.7850
BTCUSDT,2022.09.22,12:00:00,19220.000000,19310.000000,18782.700000,18975.500000,212238.7030
BTCUSDT,2022.09.22,16:00:00,18975.500000,19483.100000,18767.600000,19304.200000,161690.3710
BTCUSDT,2022.09.22,20:00:00,19304.200000,19504.800000,19150.000000,19392.500000,85353.9920
BTCUSDT,2022.09.23,00:00:00,19392.500000,19459.600000,19218.000000,19384.000000,65865.2550
BTCUSDT,2022.09.23,04:00:00,19384.000000,19492.000000,19191.100000,19216.400000,67577.6980
BTCUSDT,2022.09.23,08:00:00,19216.500000,19265.400000,18828.000000,18854.500000,141674.9760
BTCUSDT,2022.09.23,12:00:00,18854.400000,19063.200000,18518.500000,18704.400000,250866.2810
BTCUSDT,2022.09.23,16:00:00,18704.400000,18840.700000,18561.100000,18798.700000,172798.3040
BTCUSDT,2022.09.23,20:00:00,18798.300000,19398.000000,18791.200000,19280.700000,139711.2320
BTCUSDT,2022.09.24,00:00:00,19280.700000,19304.500000,19020.000000,19113.300000,76246.0330
BTCUSDT,2022.09.24,04:00:00,19113.400000,19177.000000,18914.400000,18985.600000,56593.8050
BTCUSDT,2022.09.24,08:00:00,18985.600000,19113.000000,18931.800000,19044.700000,56140.7500
BTCUSDT,2022.09.24,12:00:00,19044.800000,19217.000000,19000.900000,19115.200000,71862.1200
BTCUSDT,2022.09.24,16:00:00,19115.200000,19187.800000,19042.500000,19093.000000,40480.8950
BTCUSDT,2022.09.24,20:00:00,19093.000000,19140.800000,18798.000000,18911.000000,75834.6120
BTCUSDT,2022.09.25,00:00:00,18910.900000,19052.000000,18902.100000,19044.500000,38381.5210
BTCUSDT,2022.09.25,04:00:00,19044.400000,19121.900000,18929.200000,19089.200000,41130.6120
BTCUSDT,2022.09.25,08:00:00,19089.100000,19196.000000,18973.500000,19108.000000,47830.0360
BTCUSDT,2022.09.25,12:00:00,19108.100000,19135.000000,18834.000000,18978.300000,93704.4790
BTCUSDT,2022.09.25,16:00:00,18978.400000,19115.900000,18856.000000,18906.500000,93131.3520
BTCUSDT,2022.09.25,20:00:00,18906.600000,18943.000000,18621.000000,18799.700000,96283.6030
BTCUSDT,2022.09.26,00:00:00,18799.700000,18939.700000,18711.900000,18862.700000,82968.7140
BTCUSDT,2022.09.26,04:00:00,18862.700000,18924.100000,18671.000000,18902.300000,96944.9080
BTCUSDT,2022.09.26,08:00:00,18902.300000,19311.500000,18795.700000,18864.700000,220632.7710
BTCUSDT,2022.09.26,12:00:00,18864.700000,19273.100000,18808.000000,19103.900000,206037.0340
BTCUSDT,2022.09.26,16:00:00,19103.800000,19255.000000,18958.600000,19191.000000,113652.8010
BTCUSDT,2022.09.26,20:00:00,19190.900000,19245.500000,19061.800000,19216.300000,57571.2900
BTCUSDT,2022.09.27,00:00:00,19216.300000,20296.100000,19182.000000,20091.900000,270740.8550
BTCUSDT,2022.09.27,04:00:00,20092.000000,20368.000000,19951.100000,20174.200000,145136.3810
BTCUSDT,2022.09.27,08:00:00,20174.200000,20332.000000,20084.000000,20221.100000,105721.8590
BTCUSDT,2022.09.27,12:00:00,20221.000000,20375.000000,19860.400000,19885.300000,224079.2530
BTCUSDT,2022.09.27,16:00:00,19885.300000,19948.100000,18801.500000,19068.700000,467957.3210
BTCUSDT,2022.09.27,20:00:00,19068.700000,19159.200000,18911.700000,19070.100000,86930.4890
BTCUSDT,2022.09.28,00:00:00,19070.100000,19228.300000,18460.000000,18736.000000,201932.4280
BTCUSDT,2022.09.28,04:00:00,18736.000000,18870.800000,18610.300000,18770.600000,104608.5630
BTCUSDT,2022.09.28,08:00:00,18770.500000,19140.000000,18558.600000,18947.600000,232626.6100
BTCUSDT,2022.09.28,12:00:00,18947.600000,19496.600000,18929.600000,19477.900000,273882.6980
BTCUSDT,2022.09.28,16:00:00,19477.900000,19667.000000,19250.000000,19534.700000,221849.6480
BTCUSDT,2022.09.28,20:00:00,19534.700000,19787.600000,19380.500000,19407.300000,106322.8250
BTCUSDT,2022.09.29,00:00:00,19407.400000,19596.000000,19271.000000,19497.300000,97147.9350
BTCUSDT,2022.09.29,04:00:00,19497.400000,19620.000000,19259.400000,19353.100000,111116.9260
BTCUSDT,2022.09.29,08:00:00,19353.200000,19537.000000,19294.000000,19454.300000,104599.3280
BTCUSDT,2022.09.29,12:00:00,19454.200000,19467.100000,18827.200000,19280.700000,365642.8630
BTCUSDT,2022.09.29,16:00:00,19280.700000,19648.800000,19114.200000,19399.300000,245462.9040
BTCUSDT,2022.09.29,20:00:00,19399.300000,19620.000000,19373.500000,19582.500000,67708.2680
BTCUSDT,2022.09.30,00:00:00,19582.500000,19698.600000,19305.000000,19394.000000,104286.7820
BTCUSDT,2022.09.30,04:00:00,19394.000000,19633.600000,19381.800000,19560.800000,78385.9460
BTCUSDT,2022.09.30,08:00:00,19560.800000,19625.000000,19383.900000,19430.300000,83071.6870
BTCUSDT,2022.09.30,12:00:00,19430.300000,20172.700000,19066.000000,19749.400000,448282.0470
BTCUSDT,2022.09.30,16:00:00,19749.500000,19865.200000,19457.000000,19467.000000,229282.8370
BTCUSDT,2022.09.30,20:00:00,19466.800000,19531.400000,19222.900000,19411.700000,128153.6350
BTCUSDT,2022.10.01,00:00:00,19411.600000,19474.000000,19338.000000,19408.000000,41953.6730
BTCUSDT,2022.10.01,04:00:00,19408.000000,19412.600000,19254.900000,19305.500000,53323.6260
BTCUSDT,2022.10.01,08:00:00,19305.500000,19358.600000,19140.000000,19304.200000,61805.7660
BTCUSDT,2022.10.01,12:00:00,19304.300000,19396.500000,19230.300000,19322.800000,54809.5290
BTCUSDT,2022.10.01,16:00:00,19322.900000,19345.000000,19200.000000,19257.000000,52287.7610
BTCUSDT,2022.10.01,20:00:00,19257.000000,19332.000000,19190.400000,19304.000000,30276.6540
BTCUSDT,2022.10.02,00:00:00,19304.000000,19338.800000,19225.800000,19301.200000,29989.2420
BTCUSDT,2022.10.02,04:00:00,19301.200000,19389.000000,19213.600000,19276.500000,53818.3200
BTCUSDT,2022.10.02,08:00:00,19276.500000,19292.900000,19025.000000,19180.900000,97677.5120
BTCUSDT,2022.10.02,12:00:00,19181.000000,19239.600000,19060.000000,19137.500000,60035.5090
BTCUSDT,2022.10.02,16:00:00,19137.100000,19339.200000,19121.900000,19253.600000,60304.9730
BTCUSDT,2022.10.02,20:00:00,19253.600000,19292.700000,18896.000000,19049.400000,113144.8950
BTCUSDT,2022.10.03,00:00:00,19049.300000,19250.000000,18950.800000,19159.400000,75723.0760
BTCUSDT,2022.10.03,04:00:00,19159.400000,19309.900000,19054.100000,19190.000000,77211.6920
BTCUSDT,2022.10.03,08:00:00,19190.000000,19250.000000,19116.300000,19240.500000,52350.2400
BTCUSDT,2022.10.03,12:00:00,19240.500000,19489.900000,19126.800000,19329.900000,199685.9640
BTCUSDT,2022.10.03,16:00:00,19330.000000,19646.800000,19300.100000,19537.700000,154201.7000
BTCUSDT,2022.10.03,20:00:00,19537.800000,19723.700000,19503.700000,19622.000000,62643.6570
BTCUSDT,2022.10.04,00:00:00,19621.900000,19719.700000,19480.100000,19588.100000,58416.0080
BTCUSDT,2022.10.04,04:00:00,19588.000000,19969.500000,19546.400000,19957.000000,134730.2790
BTCUSDT,2022.10.04,08:00:00,19957.000000,20159.300000,19805.400000,19930.000000,172341.0100
BTCUSDT,2022.10.04,12:00:00,19930.000000,20300.000000,19899.100000,20092.200000,180082.9970
BTCUSDT,2022.10.04,16:00:00,20092.200000,20272.000000,19871.000000,20213.500000,128713.9390
BTCUSDT,2022.10.04,20:00:00,20213.600000,20500.000000,20142.300000,20333.000000,122394.5290
BTCUSDT,2022.10.05,00:00:00,20332.900000,20356.100000,20136.600000,20184.900000,58837.8350
BTCUSDT,2022.10.05,04:00:00,20185.000000,20290.000000,20071.100000,20218.900000,70202.8500
BTCUSDT,2022.10.05,08:00:00,20218.800000,20236.900000,19953.000000,20026.100000,108903.5010
BTCUSDT,2022.10.05,12:00:00,20026.100000,20066.000000,19707.000000,19994.600000,218781.2930
BTCUSDT,2022.10.05,16:00:00,19994.600000,20350.000000,19946.000000,20112.500000,184262.3880
BTCUSDT,2022.10.05,20:00:00,20112.500000,20205.800000,19964.300000,20150.000000,78589.2820
BTCUSDT,2022.10.06,00:00:00,20149.900000,20436.000000,20134.600000,20346.600000,121380.7420
BTCUSDT,2022.10.06,04:00:00,20346.600000,20443.900000,20154.000000,20214.700000,103246.7620
BTCUSDT,2022.10.06,08:00:00,20214.700000,20252.400000,20077.100000,20238.000000,91881.9240
BTCUSDT,2022.10.06,12:00:00,20238.000000,20322.000000,19867.500000,20004.400000,278377.5100
BTCUSDT,2022.10.06,16:00:00,20004.300000,20264.100000,19934.000000,20005.900000,117930.6340
BTCUSDT,2022.10.06,20:00:00,20005.900000,20069.000000,19843.300000,19954.000000,69217.0970
BTCUSDT,2022.10.07,00:00:00,19954.000000,20046.000000,19936.900000,19976.000000,41357.9380
BTCUSDT,2022.10.07,04:00:00,19976.100000,20004.300000,19800.000000,19916.800000,70255.0470
BTCUSDT,2022.10.07,08:00:00,19916.700000,20017.700000,19905.600000,19990.300000,56677.5530
BTCUSDT,2022.10.07,12:00:00,19990.300000,20067.000000,19454.200000,19574.100000,322420.7320
BTCUSDT,2022.10.07,16:00:00,19574.100000,19599.700000,19304.400000,19453.000000,127856.8450
BTCUSDT,2022.10.07,20:00:00,19453.100000,19635.700000,19433.700000,19520.900000,54838.9870
BTCUSDT,2022.10.08,00:00:00,19520.900000,19619.600000,19478.000000,19494.500000,35208.7810
BTCUSDT,2022.10.08,04:00:00,19494.500000,19537.200000,19416.300000,19489.800000,37563.6530
BTCUSDT,2022.10.08,08:00:00,19489.800000,19539.300000,19441.100000,19526.300000,32793.2060
BTCUSDT,2022.10.08,12:00:00,19526.400000,19532.600000,19411.000000,19480.000000,38154.4280
BTCUSDT,2022.10.08,16:00:00,19479.900000,19522.800000,19430.000000,19460.100000,31323.0420
BTCUSDT,2022.10.08,20:00:00,19460.000000,19473.900000,19200.000000,19406.200000,78214.0910
BTCUSDT,2022.10.09,00:00:00,19406.300000,19444.200000,19320.400000,19357.900000,33291.7780
BTCUSDT,2022.10.09,04:00:00,19358.000000,19429.000000,19310.000000,19398.200000,33760.7680
BTCUSDT,2022.10.09,08:00:00,19398.300000,19550.000000,19365.000000,19461.000000,60965.6870
BTCUSDT,2022.10.09,12:00:00,19460.900000,19538.300000,19452.700000,19524.500000,43892.2010
BTCUSDT,2022.10.09,16:00:00,19524.500000,19543.000000,19333.000000,19459.800000,52917.4950
BTCUSDT,2022.10.09,20:00:00,19459.900000,19493.900000,19359.300000,19430.000000,42350.8660
BTCUSDT,2022.10.10,00:00:00,19430.000000,19513.000000,19390.000000,19441.200000,44385.3140
BTCUSDT,2022.10.10,04:00:00,19441.100000,19467.300000,19361.000000,19401.300000,41189.0610
BTCUSDT,2022.10.10,08:00:00,19401.300000,19409.000000,19113.700000,19323.200000,148874.5150
BTCUSDT,2022.10.10,12:00:00,19323.300000,19430.000000,19214.000000,19261.700000,125651.7430
BTCUSDT,2022.10.10,16:00:00,19261.700000,19355.500000,19100.000000,19204.900000,133824.4220
BTCUSDT,2022.10.10,20:00:00,19205.000000,19279.900000,19000.000000,19124.000000,66995.8490
BTCUSDT,2022.10.11,00:00:00,19124.100000,19125.700000,18935.700000,19039.700000,107038.2400
BTCUSDT,2022.10.11,04:00:00,19039.600000,19114.600000,19005.000000,19075.100000,62329.4420
BTCUSDT,2022.10.11,08:00:00,19075.100000,19157.300000,19025.000000,19149.900000,63209.0530
BTCUSDT,2022.10.11,12:00:00,19149.900000,19260.000000,18850.000000,19137.600000,229953.5400
BTCUSDT,2022.10.11,16:00:00,19137.600000,19175.700000,18910.300000,18991.300000,106552.1160
BTCUSDT,2022.10.11,20:00:00,18991.300000,19059.500000,18982.300000,19055.000000,34275.9330
BTCUSDT,2022.10.12,00:00:00,19055.000000,19122.400000,19019.800000,19041.500000,46045.4110
BTCUSDT,2022.10.12,04:00:00,19041.500000,19193.900000,19037.600000,19103.400000,63730.8270
BTCUSDT,2022.10.12,08:00:00,19103.400000,19190.000000,19081.300000,19107.200000,52907.9260
BTCUSDT,2022.10.12,12:00:00,19107.200000,19179.900000,18924.300000,19130.500000,141098.2600
BTCUSDT,2022.10.12,16:00:00,19130.600000,19170.000000,19030.600000,19132.300000,64084.0280
BTCUSDT,2022.10.12,20:00:00,19132.300000,19240.000000,19122.400000,19148.000000,38903.8360
BTCUSDT,2022.10.13,00:00:00,19148.100000,19166.700000,19010.000000,19080.700000,47757.5770
BTCUSDT,2022.10.13,04:00:00,19080.700000,19105.000000,18945.000000,19000.100000,66592.9640
BTCUSDT,2022.10.13,08:00:00,19000.000000,19034.800000,18550.000000,18744.900000,189234.9620
BTCUSDT,2022.10.13,12:00:00,18745.000000,19043.700000,17917.800000,18947.700000,478454.7500
BTCUSDT,2022.10.13,16:00:00,18947.700000,19498.600000,18892.800000,19360.900000,250946.9630
BTCUSDT,2022.10.13,20:00:00,19360.900000,19488.000000,19320.000000,19365.500000,71627.7850
BTCUSDT,2022.10.14,00:00:00,19365.400000,19947.900000,19330.100000,19806.300000,174440.6220
BTCUSDT,2022.10.14,04:00:00,19806.200000,19843.300000,19560.500000,19633.200000,102892.0900
BTCUSDT,2022.10.14,08:00:00,19633.200000,19738.800000,19520.000000,19588.300000,109831.5820
BTCUSDT,2022.10.14,12:00:00,19588.400000,19843.500000,19300.000000,19352.900000,270952.0580
BTCUSDT,2022.10.14,16:00:00,19352.900000,19395.000000,19096.500000,19160.000000,152580.4850
BTCUSDT,2022.10.14,20:00:00,19160.100000,19209.700000,19059.600000,19164.600000,50756.3730
BTCUSDT,2022.10.15,00:00:00,19164.600000,19218.800000,19125.900000,19190.700000,30928.6030
BTCUSDT,2022.10.15,04:00:00,19190.700000,19199.600000,19120.200000,19159.000000,22708.9390
BTCUSDT,2022.10.15,08:00:00,19159.100000,19176.900000,19027.300000,19160.800000,61591.6470
BTCUSDT,2022.10.15,12:00:00,19160.800000,19188.000000,19080.700000,19119.500000,45159.7340
BTCUSDT,2022.10.15,16:00:00,19119.500000,19154.900000,19045.000000,19091.900000,30572.8580
BTCUSDT,2022.10.15,20:00:00,19091.900000,19122.300000,18966.000000,19060.400000,50558.4040
BTCUSDT,2022.10.16,00:00:00,19060.400000,19159.700000,19058.000000,19111.400000,27654.6740
BTCUSDT,2022.10.16,04:00:00,19111.400000,19150.000000,19101.000000,19124.200000,19381.0390
BTCUSDT,2022.10.16,08:00:00,19124.100000,19188.000000,19080.000000,19136.700000,38237.8680
BTCUSDT,2022.10.16,12:00:00,19136.700000,19168.600000,19095.500000,19148.600000,28377.8130
BTCUSDT,2022.10.16,16:00:00,19148.700000,19376.800000,19108.400000,19369.900000,55795.8020
BTCUSDT,2022.10.16,20:00:00,19369.800000,19415.900000,19092.000000,19251.900000,98473.9960
BTCUSDT,2022.10.17,00:00:00,19251.800000,19296.600000,19148.000000,19178.400000,38443.7680
BTCUSDT,2022.10.17,04:00:00,19178.300000,19311.600000,19156.000000,19285.000000,47855.0090
BTCUSDT,2022.10.17,08:00:00,19285.000000,19541.100000,19237.000000,19452.800000,112876.4100
BTCUSDT,2022.10.17,12:00:00,19452.800000,19666.000000,19414.500000,19524.500000,181721.2740
BTCUSDT,2022.10.17,16:00:00,19524.400000,19580.000000,19430.400000,19519.300000,69640.2720
BTCUSDT,2022.10.17,20:00:00,19519.300000,19618.900000,19463.000000,19540.600000,51783.0260
BTCUSDT,2022.10.18,00:00:00,19540.700000,19613.000000,19475.900000,19539.900000,51391.6370
BTCUSDT,2022.10.18,04:00:00,19539.900000,19706.400000,19524.500000,19655.800000,81734.3500
BTCUSDT,2022.10.18,08:00:00,19655.800000,19663.000000,19457.500000,19555.800000,88688.1220
BTCUSDT,2022.10.18,12:00:00,19555.700000,19674.000000,19275.000000,19364.100000,187486.6650
BTCUSDT,2022.10.18,16:00:00,19364.100000,19434.400000,19081.000000,19209.600000,137666.9520
BTCUSDT,2022.10.18,20:00:00,19209.600000,19425.900000,19190.000000,19320.900000,87375.4280
BTCUSDT,2022.10.19,00:00:00,19320.900000,19349.800000,19210.000000,19276.000000,41315.2460
BTCUSDT,2022.10.19,04:00:00,19276.000000,19300.000000,19136.000000,19210.000000,58989.9580
BTCUSDT,2022.10.19,08:00:00,19210.000000,19274.800000,19133.400000,19193.200000,65403.3050
BTCUSDT,2022.10.19,12:00:00,19193.200000,19300.000000,19050.000000,19259.800000,124872.4910
BTCUSDT,2022.10.19,16:00:00,19259.800000,19271.300000,19082.000000,19223.600000,67703.2510
BTCUSDT,2022.10.19,20:00:00,19223.700000,19239.400000,19070.800000,19116.700000,46086.2070
BTCUSDT,2022.10.20,00:00:00,19116.600000,19158.800000,18882.400000,19033.200000,85056.9040
BTCUSDT,2022.10.20,04:00:00,19033.200000,19199.600000,19031.700000,19138.000000,68876.0250
BTCUSDT,2022.10.20,08:00:00,19138.000000,19249.200000,19098.000000,19199.000000,59101.2420
BTCUSDT,2022.10.20,12:00:00,19198.900000,19350.000000,19120.000000,19244.300000,126988.3520
BTCUSDT,2022.10.20,16:00:00,19244.200000,19244.300000,18954.700000,19055.800000,138535.6950
BTCUSDT,2022.10.20,20:00:00,19055.800000,19092.000000,18912.400000,19034.700000,59068.8300
BTCUSDT,2022.10.21,00:00:00,19034.800000,19126.800000,18991.700000,19044.000000,42920.9680
BTCUSDT,2022.10.21,04:00:00,19044.000000,19075.100000,18982.200000,19019.400000,38347.6480
BTCUSDT,2022.10.21,08:00:00,19019.400000,19033.000000,18885.300000,18934.300000,76281.0110
BTCUSDT,2022.10.21,12:00:00,18934.200000,19170.000000,18600.000000,19158.700000,275533.9240
BTCUSDT,2022.10.21,16:00:00,19158.600000,19238.700000,19080.000000,19178.800000,115282.4790
BTCUSDT,2022.10.21,20:00:00,19178.800000,19240.000000,19128.000000,19150.900000,33512.8750
BTCUSDT,2022.10.22,00:00:00,19151.000000,19175.600000,19103.500000,19142.000000,25684.7720
BTCUSDT,2022.10.22,04:00:00,19142.000000,19167.900000,19124.700000,19155.300000,17041.6550
BTCUSDT,2022.10.22,08:00:00,19155.200000,19178.600000,19128.400000,19168.900000,20976.9020
BTCUSDT,2022.10.22,12:00:00,19168.900000,19250.000000,19143.300000,19223.700000,52378.0990
BTCUSDT,2022.10.22,16:00:00,19223.800000,19236.800000,19122.000000,19175.100000,38570.3930
BTCUSDT,2022.10.22,20:00:00,19175.000000,19217.100000,19164.100000,19195.100000,19403.2210
BTCUSDT,2022.10.23,00:00:00,19195.100000,19211.100000,19155.000000,19188.900000,18722.7420
BTCUSDT,2022.10.23,04:00:00,19188.800000,19214.000000,19136.000000,19151.600000,29127.4740
BTCUSDT,2022.10.23,08:00:00,19151.600000,19177.100000,19118.000000,19142.000000,27340.0080
BTCUSDT,2022.10.23,12:00:00,19142.100000,19204.900000,19050.000000,19180.600000,48995.3420
BTCUSDT,2022.10.23,16:00:00,19180.600000,19527.000000,19160.300000,19492.200000,125087.4050
BTCUSDT,2022.10.23,20:00:00,19492.300000,19690.000000,19436.100000,19560.700000,109338.5710
BTCUSDT,2022.10.24,00:00:00,19560.600000,19593.300000,19333.000000,19384.000000,86135.5960
BTCUSDT,2022.10.24,04:00:00,19384.000000,19384.000000,19235.400000,19318.400000,80527.0690
BTCUSDT,2022.10.24,08:00:00,19318.400000,19435.800000,19287.400000,19412.600000,65383.1150
BTCUSDT,2022.10.24,12:00:00,19412.500000,19439.800000,19146.000000,19291.700000,148518.7650
BTCUSDT,2022.10.24,16:00:00,19291.800000,19415.200000,19215.400000,19335.900000,60405.4610
BTCUSDT,2022.10.24,20:00:00,19335.900000,19406.900000,19289.400000,19318.100000,35706.5300
BTCUSDT,2022.10.25,00:00:00,19318.100000,19356.000000,19242.200000,19332.700000,39756.9350
BTCUSDT,2022.10.25,04:00:00,19332.700000,19369.000000,19264.000000,19296.900000,33635.5210
BTCUSDT,2022.10.25,08:00:00,19296.900000,19315.000000,19228.000000,19291.000000,45608.0970
BTCUSDT,2022.10.25,12:00:00,19291.000000,19799.900000,19250.000000,19740.300000,219375.7220
BTCUSDT,2022.10.25,16:00:00,19740.300000,20415.000000,19711.900000,20266.800000,317676.3640
BTCUSDT,2022.10.25,20:00:00,20266.700000,20289.600000,19970.600000,20068.300000,121253.8950
BTCUSDT,2022.10.26,00:00:00,20068.300000,20297.700000,20041.100000,20238.600000,73247.2370
BTCUSDT,2022.10.26,04:00:00,20238.600000,20368.300000,20126.000000,20333.700000,77757.0550
BTCUSDT,2022.10.26,08:00:00,20333.600000,20800.000000,20270.000000,20595.900000,184513.1660
BTCUSDT,2022.10.26,12:00:00,20596.000000,21030.000000,20329.100000,20835.700000,302453.8350
BTCUSDT,2022.10.26,16:00:00,20835.600000,20985.400000,20631.700000,20754.400000,130454.1150
BTCUSDT,2022.10.26,20:00:00,20754.500000,20897.400000,20688.600000,20758.300000,73439.5740
BTCUSDT,2022.10.27,00:00:00,20758.400000,20837.800000,20561.500000,20744.300000,59498.2060
BTCUSDT,2022.10.27,04:00:00,20744.300000,20863.700000,20670.000000,20703.600000,54132.4290
BTCUSDT,2022.10.27,08:00:00,20703.600000,20742.900000,20450.000000,20613.100000,100770.9560
BTCUSDT,2022.10.27,12:00:00,20613.100000,20773.100000,20420.000000,20554.000000,186001.9060
BTCUSDT,2022.10.27,16:00:00,20554.100000,20670.000000,20488.300000,20620.000000,53178.7720
BTCUSDT,2022.10.27,20:00:00,20620.000000,20625.600000,20170.000000,20285.500000,161327.7760
BTCUSDT,2022.10.28,00:00:00,20285.600000,20326.900000,20150.000000,20284.300000,70996.8980
BTCUSDT,2022.10.28,04:00:00,20284.300000,20299.800000,20050.100000,20069.900000,73550.1070
BTCUSDT,2022.10.28,08:00:00,20069.900000,20238.000000,20010.100000,20163.400000,83028.8490
BTCUSDT,2022.10.28,12:00:00,20163.400000,20585.000000,19951.000000,20473.200000,214309.0590
BTCUSDT,2022.10.28,16:00:00,20473.200000,20740.000000,20438.800000,20597.300000,114299.0510
BTCUSDT,2022.10.28,20:00:00,20597.300000,20725.000000,20557.000000,20582.800000,39354.9180
BTCUSDT,2022.10.29,00:00:00,20582.700000,20822.600000,20547.800000,20745.200000,56988.5760
BTCUSDT,2022.10.29,04:00:00,20745.200000,20768.300000,20608.900000,20765.700000,50548.1650
BTCUSDT,2022.10.29,08:00:00,20765.800000,21088.000000,20637.000000,20688.700000,158669.6050
BTCUSDT,2022.10.29,12:00:00,20688.600000,20939.000000,20669.300000,20913.200000,103487.0310
BTCUSDT,2022.10.29,16:00:00,20913.200000,20974.900000,20743.200000,20827.100000,75043.0260
BTCUSDT,2022.10.29,20:00:00,20827.100000,20890.900000,20696.000000,20796.700000,37480.7670
BTCUSDT,2022.10.30,00:00:00,20796.700000,20828.000000,20694.600000,20767.700000,27297.6370
BTCUSDT,2022.10.30,04:00:00,20767.700000,20925.200000,20731.500000,20842.500000,43880.5410
BTCUSDT,2022.10.30,08:00:00,20841.800000,20876.000000,20622.100000,20760.200000,72025.4850
BTCUSDT,2022.10.30,12:00:00,20760.200000,20771.000000,20607.100000,20667.600000,58713.5840
BTCUSDT,2022.10.30,16:00:00,20667.700000,20693.400000,20520.400000,20637.300000,51795.4810
BTCUSDT,2022.10.30,20:00:00,20637.200000,20739.400000,20503.000000,20615.600000,41676.9620
BTCUSDT,2022.10.31,00:00:00,20615.500000,20664.300000,20416.000000,20507.900000,55164.5210
BTCUSDT,2022.10.31,04:00:00,20507.800000,20582.800000,20445.200000,20537.200000,40321.3120
BTCUSDT,2022.10.31,08:00:00,20537.200000,20838.700000,20441.400000,20722.100000,100156.6250
BTCUSDT,2022.10.31,12:00:00,20722.100000,20746.300000,20225.400000,20390.400000,178190.0730
BTCUSDT,2022.10.31,16:00:00,20390.500000,20523.500000,20318.500000,20358.800000,71420.3680
BTCUSDT,2022.10.31,20:00:00,20358.800000,20514.100000,20343.600000,20482.000000,33544.3670
BTCUSDT,2022.11.01,00:00:00,20482.100000,20578.000000,20429.600000,20471.300000,41397.4550
BTCUSDT,2022.11.01,04:00:00,20471.300000,20649.000000,20455.800000,20590.200000,48087.0000
BTCUSDT,2022.11.01,08:00:00,20590.200000,20687.000000,20477.500000,20511.700000,63102.7650
BTCUSDT,2022.11.01,12:00:00,20511.800000,20558.400000,20320.000000,20435.600000,99511.2460
BTCUSDT,2022.11.01,16:00:00,20435.600000,20511.000000,20366.800000,20438.600000,42827.1850
BTCUSDT,2022.11.01,20:00:00,20438.600000,20494.400000,20419.400000,20472.100000,19750.5360
BTCUSDT,2022.11.02,00:00:00,20472.100000,20549.900000,20400.000000,20511.000000,35407.1290
BTCUSDT,2022.11.02,04:00:00,20511.000000,20550.000000,20343.400000,20414.200000,49841.4280
BTCUSDT,2022.11.02,08:00:00,20414.200000,20529.900000,20323.000000,20423.000000,60009.6190
BTCUSDT,2022.11.02,12:00:00,20423.000000,20450.000000,20352.300000,20400.200000,45694.9250
BTCUSDT,2022.11.02,16:00:00,20400.200000,20796.000000,20100.000000,20241.100000,376975.5780
BTCUSDT,2022.11.02,20:00:00,20241.200000,20273.600000,20050.000000,20140.100000,83607.0820
BTCUSDT,2022.11.03,00:00:00,20140.200000,20334.000000,20111.000000,20299.400000,55383.4280
BTCUSDT,2022.11.03,04:00:00,20299.300000,20400.000000,20270.800000,20293.800000,51958.9540
BTCUSDT,2022.11.03,08:00:00,20293.700000,20329.900000,20038.600000,20124.300000,71215.5330
BTCUSDT,2022.11.03,12:00:00,20124.300000,20327.600000,20026.000000,20241.000000,128488.7830
BTCUSDT,2022.11.03,16:00:00,20241.100000,20304.800000,20169.200000,20253.700000,34370.1490
BTCUSDT,2022.11.03,20:00:00,20253.600000,20260.700000,20149.200000,20199.700000,30704.2140
BTCUSDT,2022.11.04,00:00:00,20199.800000,20316.000000,20171.600000,20309.200000,35410.8100
BTCUSDT,2022.11.04,04:00:00,20309.300000,20677.000000,20296.000000,20603.300000,106949.3070
BTCUSDT,2022.11.04,08:00:00,20603.300000,20665.000000,20533.200000,20547.000000,60734.0010
BTCUSDT,2022.11.04,12:00:00,20547.100000,21297.000000,20350.000000,20829.300000,386297.6870
BTCUSDT,2022.11.04,16:00:00,20829.200000,21100.000000,20660.000000,21097.300000,177529.7450
BTCUSDT,2022.11.04,20:00:00,21097.200000,21200.000000,21040.600000,21137.600000,57593.6650
BTCUSDT,2022.11.05,00:00:00,21137.600000,21473.700000,21071.100000,21436.500000,93221.3180
BTCUSDT,2022.11.05,04:00:00,21436.400000,21455.700000,21352.600000,21374.400000,35559.7010
BTCUSDT,2022.11.05,08:00:00,21374.400000,21426.000000,21226.800000,21395.500000,64262.1190
BTCUSDT,2022.11.05,12:00:00,21395.500000,21412.000000,21202.800000,21289.700000,57249.3570
BTCUSDT,2022.11.05,16:00:00,21289.700000,21339.000000,21250.100000,21321.500000,29400.7990
BTCUSDT,2022.11.05,20:00:00,21321.600000,21373.100000,21227.000000,21289.900000,24290.0780
BTCUSDT,2022.11.06,00:00:00,21289.800000,21355.800000,21162.200000,21226.900000,40699.1650
BTCUSDT,2022.11.06,04:00:00,21226.900000,21243.200000,21133.800000,21185.300000,29802.2210
BTCUSDT,2022.11.06,08:00:00,21185.200000,21301.000000,21166.100000,21247.100000,42651.1740
BTCUSDT,2022.11.06,12:00:00,21247.100000,21278.900000,21180.000000,21233.700000,35361.4610
BTCUSDT,2022.11.06,16:00:00,21233.800000,21272.300000,21144.800000,21186.700000,44654.2640
BTCUSDT,2022.11.06,20:00:00,21186.600000,21202.000000,20863.300000,20900.000000,83980.3610
BTCUSDT,2022.11.07,00:00:00,20900.000000,21062.600000,20811.000000,20907.600000,99825.8600
BTCUSDT,2022.11.07,04:00:00,20907.600000,20913.800000,20606.000000,20628.100000,109342.6280
BTCUSDT,2022.11.07,08:00:00,20628.100000,20808.400000,20563.200000,20724.400000,94293.7480
BTCUSDT,2022.11.07,12:00:00,20724.400000,20793.200000,20620.000000,20756.200000,85160.5210
BTCUSDT,2022.11.07,16:00:00,20756.300000,20885.600000,20641.600000,20836.400000,68633.7770
BTCUSDT,2022.11.07,20:00:00,20836.400000,20878.400000,20374.000000,20578.600000,97151.7820
BTCUSDT,2022.11.08,00:00:00,20578.500000,20664.400000,20111.100000,20140.600000,134243.8710
BTCUSDT,2022.11.08,04:00:00,20140.600000,20235.000000,19335.000000,19785.600000,294507.5970
BTCUSDT,2022.11.08,08:00:00,19785.600000,19787.700000,19560.000000,19689.000000,85159.3750
BTCUSDT,2022.11.08,12:00:00,19688.900000,19737.500000,19200.000000,19513.800000,208044.9580
BTCUSDT,2022.11.08,16:00:00,19513.800000,20685.000000,16830.000000,18238.000000,996111.8540
BTCUSDT,2022.11.08,20:00:00,18238.000000,18722.000000,17798.800000,18534.000000,328408.6580
BTCUSDT,2022.11.09,00:00:00,18533.900000,18574.900000,17976.400000,18303.300000,157362.1620
BTCUSDT,2022.11.09,04:00:00,18303.300000,18498.500000,18163.000000,18224.900000,112780.5270
BTCUSDT,2022.11.09,08:00:00,18225.000000,18245.200000,17229.300000,17800.400000,385550.4280
BTCUSDT,2022.11.09,12:00:00,17800.300000,18008.000000,16884.000000,17098.400000,471835.5200
BTCUSDT,2022.11.09,16:00:00,17096.800000,17308.000000,16403.000000,16764.500000,435847.0280
BTCUSDT,2022.11.09,20:00:00,16764.500000,16885.100000,15462.600000,15905.000000,502230.7470
BTCUSDT,2022.11.10,00:00:00,15905.000000,16556.700000,15730.000000,16351.700000,227863.4070
BTCUSDT,2022.11.10,04:00:00,16351.700000,16891.000000,16184.700000,16739.500000,195621.8030
BTCUSDT,2022.11.10,08:00:00,16739.500000,16940.000000,16250.200000,16388.100000,202280.2400
BTCUSDT,2022.11.10,12:00:00,16388.100000,17947.500000,16375.500000,17541.600000,444259.4720
BTCUSDT,2022.11.10,16:00:00,17541.600000,17987.000000,17101.000000,17438.600000,247600.1920
BTCUSDT,2022.11.10,20:00:00,17438.600000,18230.000000,17360.100000,17588.000000,179468.4880
BTCUSDT,2022.11.11,00:00:00,17588.000000,17678.000000,16880.000000,17052.300000,153660.8740
BTCUSDT,2022.11.11,04:00:00,17052.400000,17479.200000,16994.900000,17397.300000,125301.5660
BTCUSDT,2022.11.11,08:00:00,17397.300000,17524.900000,17208.700000,17339.900000,93569.5490
BTCUSDT,2022.11.11,12:00:00,17340.000000,17550.000000,16343.000000,16864.800000,339327.7130
BTCUSDT,2022.11.11,16:00:00,16864.700000,17037.800000,16528.100000,16842.600000,143530.8610
BTCUSDT,2022.11.11,20:00:00,16842.600000,17145.000000,16538.000000,17058.300000,99954.0390
BTCUSDT,2022.11.12,00:00:00,17058.400000,17110.800000,16765.000000,16899.000000,54367.4600
BTCUSDT,2022.11.12,04:00:00,16899.100000,16930.000000,16623.800000,16811.300000,72323.7200
BTCUSDT,2022.11.12,08:00:00,16811.400000,16975.000000,16716.600000,16859.600000,60387.1860
BTCUSDT,2022.11.12,12:00:00,16859.600000,16996.000000,16746.700000,16925.400000,58486.1750
BTCUSDT,2022.11.12,16:00:00,16925.500000,16957.900000,16820.000000,16885.400000,31243.0270
BTCUSDT,2022.11.12,20:00:00,16885.300000,16889.300000,16752.300000,16806.900000,27648.1490
BTCUSDT,2022.11.13,00:00:00,16806.900000,16950.000000,16771.000000,16906.100000,28927.0340
BTCUSDT,2022.11.13,04:00:00,16905.800000,16914.100000,16550.000000,16765.500000,60272.2200
BTCUSDT,2022.11.13,08:00:00,16765.400000,16786.200000,16413.800000,16651.800000,83564.9010
BTCUSDT,2022.11.13,12:00:00,16651.800000,16710.200000,16512.600000,16568.400000,52082.6940
BTCUSDT,2022.11.13,16:00:00,16568.400000,16616.100000,16455.200000,16547.600000,46374.6940
BTCUSDT,2022.11.13,20:00:00,16547.600000,16578.800000,16210.300000,16321.200000,78521.2930
BTCUSDT,2022.11.14,00:00:00,16321.300000,16399.500000,15900.000000,16130.000000,122618.5640
BTCUSDT,2022.11.14,04:00:00,16130.000000,16894.500000,15805.500000,16813.000000,234671.5730
BTCUSDT,2022.11.14,08:00:00,16813.100000,16921.600000,16635.000000,16740.800000,108402.9370
BTCUSDT,2022.11.14,12:00:00,16740.900000,17188.000000,16405.200000,16582.700000,246261.1550
BTCUSDT,2022.11.14,16:00:00,16582.600000,16666.000000,16165.600000,16245.000000,124077.1260
BTCUSDT,2022.11.14,20:00:00,16245.100000,16760.100000,16182.300000,16605.200000,98361.1290
BTCUSDT,2022.11.15,00:00:00,16605.300000,16882.100000,16516.700000,16808.800000,73860.4680
BTCUSDT,2022.11.15,04:00:00,16809.000000,16931.800000,16628.000000,16834.900000,77504.2000
BTCUSDT,2022.11.15,08:00:00,16834.900000,16992.000000,16695.000000,16774.500000,112941.8060
BTCUSDT,2022.11.15,12:00:00,16774.600000,17127.200000,16720.000000,16978.000000,173648.8110
BTCUSDT,2022.11.15,16:00:00,16977.700000,17060.800000,16606.000000,16847.400000,144387.3890
BTCUSDT,2022.11.15,20:00:00,16847.400000,16931.100000,16728.200000,16888.300000,67006.7840
BTCUSDT,2022.11.16,00:00:00,16888.300000,17007.400000,16756.700000,16959.800000,55775.3500
BTCUSDT,2022.11.16,04:00:00,16959.700000,16969.000000,16786.800000,16814.000000,53884.3060
BTCUSDT,2022.11.16,08:00:00,16814.100000,16840.600000,16634.700000,16695.200000,95645.1490
BTCUSDT,2022.11.16,12:00:00,16695.200000,16709.200000,16358.000000,16424.100000,194031.4710
BTCUSDT,2022.11.16,16:00:00,16424.400000,16636.800000,16391.700000,16548.000000,77760.1020
BTCUSDT,2022.11.16,20:00:00,16548.000000,16770.600000,16486.200000,16650.600000,60145.2670
BTCUSDT,2022.11.17,00:00:00,16650.700000,16741.700000,16499.000000,16517.400000,49584.8230
BTCUSDT,2022.11.17,04:00:00,16517.300000,16613.500000,16403.300000,16602.000000,60401.8240
BTCUSDT,2022.11.17,08:00:00,16602.000000,16624.700000,16456.000000,16587.800000,54522.1590
BTCUSDT,2022.11.17,12:00:00,16587.800000,16710.000000,16420.200000,16526.800000,121811.0530
BTCUSDT,2022.11.17,16:00:00,16526.700000,16740.000000,16508.800000,16614.700000,80453.4630
BTCUSDT,2022.11.17,20:00:00,16614.700000,16738.000000,16603.300000,16682.100000,42215.9630
BTCUSDT,2022.11.18,00:00:00,16682.100000,16984.400000,16672.000000,16845.600000,97882.7890
BTCUSDT,2022.11.18,04:00:00,16845.700000,16856.300000,16716.600000,16739.800000,49781.4900
BTCUSDT,2022.11.18,08:00:00,16739.700000,16844.900000,16666.700000,16744.000000,66225.1040
BTCUSDT,2022.11.18,12:00:00,16744.000000,16813.700000,16600.000000,16686.800000,74694.9880
BTCUSDT,2022.11.18,16:00:00,16686.700000,16725.900000,16541.100000,16648.000000,66313.3040
BTCUSDT,2022.11.18,20:00:00,16648.000000,16719.700000,16611.100000,16689.700000,33715.1670
BTCUSDT,2022.11.19,00:00:00,16689.700000,16696.800000,16566.800000,16622.200000,26049.8320
BTCUSDT,2022.11.19,04:00:00,16622.300000,16641.700000,16543.800000,16592.200000,27752.9940
BTCUSDT,2022.11.19,08:00:00,16592.200000,16675.200000,16574.100000,16669.300000,24934.6790
BTCUSDT,2022.11.19,12:00:00,16669.300000,16677.700000,16624.100000,16648.500000,23585.9620
BTCUSDT,2022.11.19,16:00:00,16648.500000,16655.000000,16600.100000,16619.700000,19717.2210
BTCUSDT,2022.11.19,20:00:00,16619.600000,16814.500000,16619.000000,16692.900000,49782.2270
BTCUSDT,2022.11.20,00:00:00,16693.000000,16743.900000,16658.800000,16672.800000,26084.9560
BTCUSDT,2022.11.20,04:00:00,16672.900000,16733.300000,16660.800000,16710.200000,19753.5330
BTCUSDT,2022.11.20,08:00:00,16710.100000,16725.900000,16458.100000,16517.500000,87151.4230
BTCUSDT,2022.11.20,12:00:00,16517.600000,16624.900000,16454.200000,16570.300000,55584.1940
BTCUSDT,2022.11.20,16:00:00,16570.400000,16604.000000,16520.800000,16582.000000,23789.3030
BTCUSDT,2022.11.20,20:00:00,16581.900000,16587.700000,16167.100000,16272.600000,115235.8050
BTCUSDT,2022.11.21,00:00:00,16272.700000,16284.300000,15888.000000,16067.200000,135182.5280
BTCUSDT,2022.11.21,04:00:00,16067.300000,16304.300000,15947.700000,16032.200000,105132.2690
BTCUSDT,2022.11.21,08:00:00,16032.100000,16150.000000,15955.200000,16077.600000,80262.7180
BTCUSDT,2022.11.21,12:00:00,16077.600000,16273.000000,16020.900000,16122.700000,94795.6440
BTCUSDT,2022.11.21,16:00:00,16122.600000,16131.700000,15555.000000,15712.800000,200749.2250
BTCUSDT,2022.11.21,20:00:00,15712.800000,15884.100000,15443.200000,15773.000000,174096.9810
BTCUSDT,2022.11.22,00:00:00,15772.900000,15960.000000,15740.000000,15841.000000,80874.6780
BTCUSDT,2022.11.22,04:00:00,15841.100000,15874.400000,15610.300000,15754.900000,80806.4810
BTCUSDT,2022.11.22,08:00:00,15754.900000,15818.600000,15653.800000,15742.300000,73356.3710
BTCUSDT,2022.11.22,12:00:00,15742.300000,16309.000000,15680.000000,16232.800000,212388.6760
BTCUSDT,2022.11.22,16:00:00,16232.800000,16282.400000,16040.000000,16160.500000,85462.5250
BTCUSDT,2022.11.22,20:00:00,16160.600000,16250.000000,16080.000000,16220.600000,46444.9130
BTCUSDT,2022.11.23,00:00:00,16220.500000,16583.400000,16155.500000,16577.900000,123123.2000
BTCUSDT,2022.11.23,04:00:00,16577.900000,16659.100000,16439.200000,16572.900000,65044.7270
BTCUSDT,2022.11.23,08:00:00,16572.900000,16694.000000,16489.500000,16577.000000,75552.9080
BTCUSDT,2022.11.23,12:00:00,16577.000000,16593.500000,16338.000000,16415.900000,104850.3670
BTCUSDT,2022.11.23,16:00:00,16415.900000,16703.400000,16313.100000,16466.900000,117943.5400
BTCUSDT,2022.11.23,20:00:00,16466.800000,16670.000000,16415.600000,16595.800000,60200.1680
BTCUSDT,2022.11.24,00:00:00,16595.800000,16800.000000,16528.000000,16703.200000,82625.7070
BTCUSDT,2022.11.24,04:00:00,16702.800000,16728.600000,16605.000000,16613.800000,49644.6440
BTCUSDT,2022.11.24,08:00:00,16613.800000,16631.100000,16481.600000,16567.100000,65330.7690
BTCUSDT,2022.11.24,12:00:00,16567.100000,16598.000000,16450.000000,16549.000000,57970.0980
BTCUSDT,2022.11.24,16:00:00,16548.900000,16669.600000,16506.700000,16569.000000,67214.9770
BTCUSDT,2022.11.24,20:00:00,16568.900000,16628.000000,16527.200000,16592.400000,28238.2230
BTCUSDT,2022.11.25,00:00:00,16592.500000,16610.000000,16460.100000,16480.300000,42900.7090
BTCUSDT,2022.11.25,04:00:00,16480.200000,16493.400000,16331.700000,16453.800000,67404.0340
BTCUSDT,2022.11.25,08:00:00,16453.700000,16583.900000,16400.000000,16523.500000,58204.1240
BTCUSDT,2022.11.25,12:00:00,16523.500000,16577.900000,16432.000000,16505.400000,63964.8050
BTCUSDT,2022.11.25,16:00:00,16505.300000,16545.600000,16451.000000,16516.000000,34984.5830
BTCUSDT,2022.11.25,20:00:00,16515.900000,16639.900000,16471.600000,16516.100000,39101.8610
BTCUSDT,2022.11.26,00:00:00,16516.200000,16699.100000,16505.200000,16615.000000,51126.1850
BTCUSDT,2022.11.26,04:00:00,16614.900000,16644.300000,16522.600000,16576.900000,37107.2040
BTCUSDT,2022.11.26,08:00:00,16576.900000,16631.500000,16549.700000,16572.800000,32673.1800
BTCUSDT,2022.11.26,12:00:00,16572.700000,16680.000000,16471.500000,16506.400000,60167.6270
BTCUSDT,2022.11.26,16:00:00,16506.400000,16526.000000,16413.700000,16480.700000,34854.1900
BTCUSDT,2022.11.26,20:00:00,16480.600000,16539.900000,16369.100000,16449.200000,37473.2730
BTCUSDT,2022.11.27,00:00:00,16449.200000,16576.100000,16441.000000,16520.000000,29565.5520
BTCUSDT,2022.11.27,04:00:00,16520.100000,16594.200000,16519.400000,16553.900000,27615.7090
BTCUSDT,2022.11.27,08:00:00,16553.900000,16589.000000,16505.500000,16544.400000,31288.2730
BTCUSDT,2022.11.27,12:00:00,16544.300000,16578.400000,16510.200000,16566.200000,27072.4930
BTCUSDT,2022.11.27,16:00:00,16566.300000,16573.500000,16513.000000,16546.900000,21824.6180
BTCUSDT,2022.11.27,20:00:00,16546.900000,16588.000000,16396.000000,16422.600000,52003.7000
BTCUSDT,2022.11.28,00:00:00,16422.500000,16475.000000,16040.000000,16168.900000,147621.7120
BTCUSDT,2022.11.28,04:00:00,16169.000000,16239.100000,16131.500000,16215.100000,41682.9530
BTCUSDT,2022.11.28,08:00:00,16215.100000,16262.700000,16170.000000,16205.000000,41043.2450
BTCUSDT,2022.11.28,12:00:00,16205.000000,16300.000000,16101.600000,16136.700000,87235.4070
BTCUSDT,2022.11.28,16:00:00,16136.700000,16390.400000,15984.100000,16215.100000,154227.4970
BTCUSDT,2022.11.28,20:00:00,16215.200000,16266.900000,16181.100000,16204.500000,25327.0550
BTCUSDT,2022.11.29,00:00:00,16204.600000,16299.900000,16088.000000,16279.100000,52867.2660
BTCUSDT,2022.11.29,04:00:00,16279.100000,16535.000000,16272.100000,16455.900000,94383.9080
BTCUSDT,2022.11.29,08:00:00,16456.000000,16543.000000,16422.400000,16488.000000,58215.1990
BTCUSDT,2022.11.29,12:00:00,16488.000000,16502.800000,16312.600000,16384.800000,95079.7540
BTCUSDT,2022.11.29,16:00:00,16384.900000,16471.500000,16335.100000,16418.200000,53114.8580
BTCUSDT,2022.11.29,20:00:00,16418.100000,16521.900000,16415.800000,16433.200000,37749.8690
BTCUSDT,2022.11.30,00:00:00,16433.300000,17082.200000,16421.500000,16836.700000,191179.2020
BTCUSDT,2022.11.30,04:00:00,16836.800000,16916.300000,16811.900000,16874.100000,51969.6140
BTCUSDT,2022.11.30,08:00:00,16874.100000,16926.200000,16830.000000,16871.400000,37015.7500
BTCUSDT,2022.11.30,12:00:00,16871.300000,16888.500000,16750.800000,16856.800000,83414.9410
BTCUSDT,2022.11.30,16:00:00,16856.800000,17138.700000,16700.000000,17051.500000,169808.8290
BTCUSDT,2022.11.30,20:00:00,17051.500000,17248.300000,17018.000000,17153.300000,86936.6140
BTCUSDT,2022.12.01,00:00:00,17153.400000,17222.100000,17080.000000,17143.800000,57460.8690
BTCUSDT,2022.12.01,04:00:00,17143.800000,17161.100000,17054.000000,17062.600000,38761.8090
BTCUSDT,2022.12.01,08:00:00,17062.500000,17132.900000,17030.000000,17096.900000,42965.2720
BTCUSDT,2022.12.01,12:00:00,17096.900000,17348.500000,16887.100000,16970.500000,186470.4920
BTCUSDT,2022.12.01,16:00:00,16970.500000,16991.700000,16893.100000,16945.400000,49083.5910
BTCUSDT,2022.12.01,20:00:00,16945.500000,16982.400000,16851.200000,16970.500000,36309.2760
BTCUSDT,2022.12.02,00:00:00,16970.500000,17038.000000,16852.400000,16893.900000,50361.0760
BTCUSDT,2022.12.02,04:00:00,16893.900000,16967.200000,16874.000000,16947.100000,26262.3650
BTCUSDT,2022.12.02,08:00:00,16947.000000,17042.200000,16925.300000,16987.100000,41920.5010
BTCUSDT,2022.12.02,12:00:00,16987.000000,17096.300000,16760.000000,16928.900000,142491.4820
BTCUSDT,2022.12.02,16:00:00,16928.900000,16989.200000,16894.000000,16979.300000,34314.6670
BTCUSDT,2022.12.02,20:00:00,16979.200000,17088.400000,16971.800000,17083.000000,39689.1240
BTCUSDT,2022.12.03,00:00:00,17083.000000,17160.000000,17002.500000,17012.300000,35341.1210
BTCUSDT,2022.12.03,04:00:00,17012.300000,17024.700000,16915.700000,16954.700000,33256.1320
BTCUSDT,2022.12.03,08:00:00,16954.700000,16978.000000,16881.400000,16938.500000,35412.5130
BTCUSDT,2022.12.03,12:00:00,16938.600000,16972.800000,16912.000000,16953.800000,25135.4710
BTCUSDT,2022.12.03,16:00:00,16953.900000,16975.000000,16930.100000,16945.300000,18122.1430
BTCUSDT,2022.12.03,20:00:00,16945.400000,16949.000000,16850.100000,16879.500000,37989.8620
BTCUSDT,2022.12.04,00:00:00,16879.500000,17046.000000,16874.100000,16951.800000,38304.9930
BTCUSDT,2022.12.04,04:00:00,16951.900000,17075.900000,16951.800000,16987.900000,37125.2110
BTCUSDT,2022.12.04,08:00:00,16987.900000,17044.900000,16892.000000,16938.400000,41377.1360
BTCUSDT,2022.12.04,12:00:00,16938.400000,17061.600000,16908.000000,17022.200000,52514.7950
BTCUSDT,2022.12.04,16:00:00,17022.200000,17150.000000,16965.100000,17077.600000,84837.9540
BTCUSDT,2022.12.04,20:00:00,17077.600000,17206.200000,17061.600000,17099.500000,37930.7790
BTCUSDT,2022.12.05,00:00:00,17099.500000,17340.000000,17068.000000,17190.100000,86288.4590
BTCUSDT,2022.12.05,04:00:00,17190.100000,17430.000000,17185.200000,17303.700000,113444.6760
BTCUSDT,2022.12.05,08:00:00,17303.700000,17378.300000,17270.100000,17302.200000,54258.2290
BTCUSDT,2022.12.05,12:00:00,17302.200000,17302.200000,17010.000000,17073.800000,117815.9610
BTCUSDT,2022.12.05,16:00:00,17073.800000,17124.600000,16860.600000,16919.500000,107798.8770
BTCUSDT,2022.12.05,20:00:00,16919.500000,16981.100000,16892.200000,16958.300000,40355.1880
BTCUSDT,2022.12.06,00:00:00,16958.200000,17094.600000,16957.800000,16995.400000,53853.2080
BTCUSDT,2022.12.06,04:00:00,16995.400000,17013.600000,16949.100000,16993.600000,33273.4030
BTCUSDT,2022.12.06,08:00:00,16993.700000,17034.700000,16899.900000,16974.600000,57639.5350
BTCUSDT,2022.12.06,12:00:00,16974.600000,17023.300000,16920.000000,16974.900000,69024.4220
BTCUSDT,2022.12.06,16:00:00,16974.900000,17010.000000,16901.600000,16964.100000,56413.9530
BTCUSDT,2022.12.06,20:00:00,16964.100000,17100.000000,16946.300000,17078.600000,51126.0920
BTCUSDT,2022.12.07,00:00:00,17078.700000,17130.000000,17011.000000,17017.400000,42347.6920
BTCUSDT,2022.12.07,04:00:00,17017.400000,17036.600000,16719.100000,16755.400000,97331.1090
BTCUSDT,2022.12.07,08:00:00,16755.400000,16826.000000,16655.000000,16787.100000,68360.9330
BTCUSDT,2022.12.07,12:00:00,16787.200000,16886.500000,16754.600000,16829.100000,70617.0180
BTCUSDT,2022.12.07,16:00:00,16829.100000,16839.700000,16768.500000,16807.500000,34665.5200
BTCUSDT,2022.12.07,20:00:00,16807.400000,16856.800000,16783.800000,16828.000000,24456.6530
BTCUSDT,2022.12.08,00:00:00,16828.000000,16880.000000,16772.500000,16825.600000,38479.4120
BTCUSDT,2022.12.08,04:00:00,16825.600000,16837.700000,16776.900000,16816.700000,28765.7660
BTCUSDT,2022.12.08,08:00:00,16816.800000,16855.100000,16710.400000,16842.000000,44048.4220
BTCUSDT,2022.12.08,12:00:00,16842.000000,16948.700000,16792.800000,16907.700000,88430.3000
BTCUSDT,2022.12.08,16:00:00,16907.700000,17294.900000,16901.000000,17241.900000,143901.4150
BTCUSDT,2022.12.08,20:00:00,17241.900000,17289.000000,17144.600000,17216.000000,58532.0200
BTCUSDT,2022.12.09,00:00:00,17216.000000,17288.700000,17179.100000,17194.000000,42568.6950
BTCUSDT,2022.12.09,04:00:00,17194.000000,17227.100000,17180.500000,17203.700000,23222.1150
BTCUSDT,2022.12.09,08:00:00,17203.700000,17260.600000,17190.500000,17231.900000,34072.5880
BTCUSDT,2022.12.09,12:00:00,17231.800000,17365.400000,17060.000000,17170.400000,130055.3940
BTCUSDT,2022.12.09,16:00:00,17170.300000,17178.500000,17112.000000,17134.900000,28838.3840
BTCUSDT,2022.12.09,20:00:00,17135.000000,17149.000000,17052.000000,17122.000000,31474.0070
BTCUSDT,2022.12.10,00:00:00,17122.000000,17159.900000,17106.500000,17140.000000,19761.7170
BTCUSDT,2022.12.10,04:00:00,17140.000000,17170.200000,17122.000000,17144.600000,17751.4160
BTCUSDT,2022.12.10,08:00:00,17144.500000,17165.000000,17105.000000,17159.900000,20902.2270
BTCUSDT,2022.12.10,12:00:00,17159.900000,17228.600000,17132.000000,17200.300000,36351.6120
BTCUSDT,2022.12.10,16:00:00,17200.300000,17220.000000,17151.000000,17166.300000,20946.8080
BTCUSDT,2022.12.10,20:00:00,17166.300000,17175.600000,17081.000000,17120.000000,26181.4270
BTCUSDT,2022.12.11,00:00:00,17120.100000,17163.400000,17114.000000,17147.700000,16510.0610
BTCUSDT,2022.12.11,04:00:00,17147.600000,17189.000000,17144.700000,17173.400000,18948.4710
BTCUSDT,2022.12.11,08:00:00,17173.400000,17175.600000,17132.400000,17160.800000,16708.7910
BTCUSDT,2022.12.11,12:00:00,17160.800000,17161.100000,17121.000000,17145.500000,19880.8910
BTCUSDT,2022.12.11,16:00:00,17145.500000,17265.000000,17124.900000,17169.500000,46356.0600
BTCUSDT,2022.12.11,20:00:00,17169.600000,17169.700000,17060.000000,17077.300000,52599.8370
BTCUSDT,2022.12.12,00:00:00,17077.300000,17078.600000,16865.000000,16909.000000,93215.4640
BTCUSDT,2022.12.12,04:00:00,16909.000000,16939.000000,16894.300000,16916.200000,27433.0550
BTCUSDT,2022.12.12,08:00:00,16916.200000,16998.900000,16895.500000,16977.800000,36001.6380
BTCUSDT,2022.12.12,12:00:00,16977.800000,17050.000000,16912.800000,16999.900000,71821.1470
BTCUSDT,2022.12.12,16:00:00,17000.000000,17038.400000,16973.900000,17035.700000,25169.9410
BTCUSDT,2022.12.12,20:00:00,17035.600000,17237.900000,17035.600000,17200.000000,82215.0130
BTCUSDT,2022.12.13,00:00:00,17200.000000,17229.000000,17114.600000,17143.200000,36929.2870
BTCUSDT,2022.12.13,04:00:00,17143.100000,17197.900000,17076.000000,17157.000000,55625.3430
BTCUSDT,2022.12.13,08:00:00,17156.900000,17512.900000,17146.700000,17436.800000,122406.1200
BTCUSDT,2022.12.13,12:00:00,17436.900000,18100.000000,17390.300000,17749.600000,263224.2520
BTCUSDT,2022.12.13,16:00:00,17749.500000,17836.800000,17617.900000,17740.600000,85131.1420
BTCUSDT,2022.12.13,20:00:00,17740.500000,17818.000000,17704.500000,17777.100000,33535.1470
BTCUSDT,2022.12.14,00:00:00,17777.100000,17844.900000,17749.500000,17782.400000,30721.6090
BTCUSDT,2022.12.14,04:00:00,17782.400000,17816.700000,17734.800000,17807.100000,22263.9830
BTCUSDT,2022.12.14,08:00:00,17807.100000,17880.000000,17784.000000,17823.800000,37760.7190
BTCUSDT,2022.12.14,12:00:00,17823.900000,18111.500000,17814.000000,18054.800000,137064.6300
BTCUSDT,2022.12.14,16:00:00,18054.800000,18400.000000,17704.300000,17789.500000,301024.9450
BTCUSDT,2022.12.14,20:00:00,17789.500000,17944.400000,17659.400000,17803.900000,98675.8130
BTCUSDT,2022.12.15,00:00:00,17804.000000,17849.500000,17560.000000,17724.900000,74507.6790
BTCUSDT,2022.12.15,04:00:00,17724.900000,17744.300000,17675.900000,17686.000000,27803.7650
BTCUSDT,2022.12.15,08:00:00,17685.900000,17716.600000,17608.000000,17712.100000,52699.5280
BTCUSDT,2022.12.15,12:00:00,17712.100000,17714.600000,17355.000000,17424.000000,146628.8810
BTCUSDT,2022.12.15,16:00:00,17424.000000,17467.700000,17310.000000,17435.100000,78980.3980
BTCUSDT,2022.12.15,20:00:00,17435.000000,17449.700000,17258.000000,17351.800000,56663.7860
BTCUSDT,2022.12.16,00:00:00,17351.900000,17419.900000,17338.300000,17418.900000,35550.5590
BTCUSDT,2022.12.16,04:00:00,17418.800000,17528.000000,17365.400000,17496.600000,41640.9700
BTCUSDT,2022.12.16,08:00:00,17496.600000,17510.500000,16910.000000,17018.600000,188849.2870
BTCUSDT,2022.12.16,12:00:00,17018.700000,17076.900000,16870.600000,16961.800000,107277.5040
BTCUSDT,2022.12.16,16:00:00,16961.800000,16969.500000,16700.000000,16856.500000,114774.6200
BTCUSDT,2022.12.16,20:00:00,16856.600000,16945.600000,16521.100000,16624.100000,134057.3050
BTCUSDT,2022.12.17,00:00:00,16624.100000,16720.200000,16571.800000,16667.500000,66363.9980
BTCUSDT,2022.12.17,04:00:00,16667.500000,16764.000000,16647.700000,16738.000000,45722.6700
BTCUSDT,2022.12.17,08:00:00,16737.900000,16750.000000,16652.300000,16700.600000,37850.0730
BTCUSDT,2022.12.17,12:00:00,16700.600000,16719.400000,16633.100000,16692.400000,40974.8040
BTCUSDT,2022.12.17,16:00:00,16692.300000,16713.400000,16639.000000,16684.200000,23775.3540
BTCUSDT,2022.12.17,20:00:00,16684.100000,16790.000000,16677.400000,16768.000000,33778.3740
BTCUSDT,2022.12.18,00:00:00,16768.100000,16775.000000,16695.700000,16736.500000,19014.0250
BTCUSDT,2022.12.18,04:00:00,16736.500000,16795.000000,16709.500000,16739.900000,26928.6030
BTCUSDT,2022.12.18,08:00:00,16739.900000,16758.700000,16656.000000,16702.200000,35341.4550
BTCUSDT,2022.12.18,12:00:00,16702.200000,16727.900000,16663.300000,16676.400000,25280.3860
BTCUSDT,2022.12.18,16:00:00,16676.400000,16790.000000,16670.000000,16745.600000,41996.1890
BTCUSDT,2022.12.18,20:00:00,16745.700000,16872.000000,16715.100000,16730.300000,37337.5550
BTCUSDT,2022.12.19,00:00:00,16730.400000,16809.600000,16620.400000,16673.600000,49601.7280
BTCUSDT,2022.12.19,04:00:00,16673.500000,16744.000000,16664.000000,16714.400000,28214.6030
BTCUSDT,2022.12.19,08:00:00,16714.500000,16776.600000,16702.700000,16725.300000,27329.8230
BTCUSDT,2022.12.19,12:00:00,16725.200000,16757.700000,16656.400000,16660.200000,54277.7840
BTCUSDT,2022.12.19,16:00:00,16660.300000,16694.900000,16511.900000,16549.300000,97414.2210
BTCUSDT,2022.12.19,20:00:00,16549.300000,16642.100000,16210.000000,16429.200000,87890.3930
BTCUSDT,2022.12.20,00:00:00,16429.200000,16880.200000,16390.300000,16718.000000,109994.5560
BTCUSDT,2022.12.20,04:00:00,16717.900000,16870.000000,16682.300000,16796.100000,69915.3370
BTCUSDT,2022.12.20,08:00:00,16796.200000,16853.000000,16755.200000,16805.100000,47552.5170
BTCUSDT,2022.12.20,12:00:00,16805.200000,17049.600000,16684.000000,16910.900000,131483.1960
BTCUSDT,2022.12.20,16:00:00,16910.800000,16927.500000,16763.600000,16894.700000,81655.6570
BTCUSDT,2022.12.20,20:00:00,16894.600000,16918.700000,16825.200000,16887.200000,35569.8350
BTCUSDT,2022.12.21,00:00:00,16887.300000,16918.200000,16776.000000,16829.800000,33529.5750
BTCUSDT,2022.12.21,04:00:00,16829.900000,16848.200000,16761.200000,16809.200000,27534.0620
BTCUSDT,2022.12.21,08:00:00,16809.100000,16889.200000,16788.000000,16872.400000,31352.9950
BTCUSDT,2022.12.21,12:00:00,16872.400000,16924.200000,16694.200000,16854.600000,72649.8740
BTCUSDT,2022.12.21,16:00:00,16854.600000,16858.600000,16717.000000,16746.800000,36319.2300
BTCUSDT,2022.12.21,20:00:00,16746.900000,16830.700000,16721.000000,16819.600000,26366.5990
BTCUSDT,2022.12.22,00:00:00,16819.700000,16852.800000,16802.300000,16844.500000,19470.6690
BTCUSDT,2022.12.22,04:00:00,16844.500000,16850.000000,16778.000000,16820.000000,20542.3650
BTCUSDT,2022.12.22,08:00:00,16820.000000,16861.900000,16794.200000,16827.600000,27422.8320
BTCUSDT,2022.12.22,12:00:00,16827.600000,16837.600000,16600.000000,16631.500000,98813.9750
BTCUSDT,2022.12.22,16:00:00,16631.500000,16662.800000,16556.100000,16658.300000,63297.2160
BTCUSDT,2022.12.22,20:00:00,16658.300000,16849.400000,16643.600000,16815.500000,77063.9040
BTCUSDT,2022.12.23,00:00:00,16815.500000,16895.000000,16764.000000,16823.500000,40208.2200
BTCUSDT,2022.12.23,04:00:00,16823.500000,16849.000000,16801.000000,16842.000000,24893.7070
BTCUSDT,2022.12.23,08:00:00,16842.000000,16887.800000,16805.200000,16837.400000,30513.3350
BTCUSDT,2022.12.23,12:00:00,16837.300000,16960.000000,16690.000000,16825.900000,123959.2890
BTCUSDT,2022.12.23,16:00:00,16826.000000,16852.500000,16806.600000,16838.500000,18874.2040
BTCUSDT,2022.12.23,20:00:00,16838.500000,16843.000000,16762.500000,16776.400000,26104.6650
BTCUSDT,2022.12.24,00:00:00,16776.300000,16834.700000,16774.400000,16833.300000,15312.8930
BTCUSDT,2022.12.24,04:00:00,16833.300000,16850.000000,16797.000000,16840.300000,15980.8660
BTCUSDT,2022.12.24,08:00:00,16840.200000,16841.000000,16814.000000,16819.200000,12975.4120
BTCUSDT,2022.12.24,12:00:00,16819.300000,16832.100000,16807.700000,16830.200000,12508.3650
BTCUSDT,2022.12.24,16:00:00,16830.300000,16859.900000,16815.200000,16834.600000,12443.8440
BTCUSDT,2022.12.24,20:00:00,16834.600000,16847.100000,16803.600000,16828.900000,13189.4100
BTCUSDT,2022.12.25,00:00:00,16829.000000,16844.000000,16815.300000,16824.000000,8339.9660
BTCUSDT,2022.12.25,04:00:00,16824.100000,16826.200000,16788.000000,16816.800000,13041.8580
BTCUSDT,2022.12.25,08:00:00,16816.700000,16828.100000,16808.000000,16814.900000,10124.3060
BTCUSDT,2022.12.25,12:00:00,16815.000000,16850.000000,16700.000000,16784.100000,58570.2790
BTCUSDT,2022.12.25,16:00:00,16784.200000,16811.300000,16723.600000,16786.700000,29179.3550
BTCUSDT,2022.12.25,20:00:00,16786.600000,16840.200000,16746.000000,16824.400000,24820.0790
BTCUSDT,2022.12.26,00:00:00,16824.500000,16892.000000,16813.200000,16887.100000,28620.9050
BTCUSDT,2022.12.26,04:00:00,16887.200000,16919.800000,16830.000000,16836.600000,24738.9870
BTCUSDT,2022.12.26,08:00:00,16836.700000,16863.000000,16811.000000,16854.000000,20279.2320
BTCUSDT,2022.12.26,12:00:00,16854.100000,16858.900000,16781.100000,16801.200000,26504.1630
BTCUSDT,2022.12.26,16:00:00,16801.100000,16856.500000,16792.000000,16834.900000,21061.2660
BTCUSDT,2022.12.26,20:00:00,16834.900000,16936.800000,16810.200000,16912.900000,26924.1460
BTCUSDT,2022.12.27,00:00:00,16912.800000,16968.000000,16830.000000,16868.100000,42682.9070
BTCUSDT,2022.12.27,04:00:00,16868.100000,16888.000000,16843.000000,16859.600000,15232.9000
BTCUSDT,2022.12.27,08:00:00,16859.600000,16874.800000,16800.600000,16823.700000,30792.7260
BTCUSDT,2022.12.27,12:00:00,16823.600000,16833.400000,16723.200000,16790.700000,66673.0690
BTCUSDT,2022.12.27,16:00:00,16790.700000,16795.400000,16580.000000,16681.300000,78151.4430
BTCUSDT,2022.12.27,20:00:00,16681.300000,16714.100000,16646.300000,16698.200000,29295.5190
BTCUSDT,2022.12.28,00:00:00,16698.200000,16745.000000,16541.000000,16643.300000,58603.6910
BTCUSDT,2022.12.28,04:00:00,16643.200000,16672.300000,16580.600000,16639.000000,40102.0690
BTCUSDT,2022.12.28,08:00:00,16639.100000,16683.900000,16623.300000,16672.000000,27228.6350
BTCUSDT,2022.12.28,12:00:00,16672.000000,16778.300000,16560.700000,16571.300000,96232.2200
BTCUSDT,2022.12.28,16:00:00,16571.300000,16660.000000,16555.800000,16589.600000,48646.3970
BTCUSDT,2022.12.28,20:00:00,16589.700000,16607.300000,16455.600000,16539.000000,73836.8460
BTCUSDT,2022.12.29,00:00:00,16538.900000,16588.600000,16485.100000,16553.200000,34024.8790
BTCUSDT,2022.12.29,04:00:00,16553.100000,16575.300000,16529.500000,16553.000000,22366.3980
BTCUSDT,2022.12.29,08:00:00,16553.000000,16628.600000,16514.600000,16593.800000,40553.1310
BTCUSDT,2022.12.29,12:00:00,16593.800000,16659.000000,16584.000000,16610.100000,52351.6250
BTCUSDT,2022.12.29,16:00:00,16610.100000,16647.800000,16589.000000,16608.100000,26803.5820
BTCUSDT,2022.12.29,20:00:00,16608.000000,16649.000000,16551.000000,16630.300000,32491.9160
BTCUSDT,2022.12.30,00:00:00,16630.300000,16641.100000,16576.300000,16593.900000,19882.2130
BTCUSDT,2022.12.30,04:00:00,16593.900000,16608.500000,16410.000000,16467.500000,62732.7100
BTCUSDT,2022.12.30,08:00:00,16467.600000,16524.900000,16453.000000,16489.500000,38916.0570
BTCUSDT,2022.12.30,12:00:00,16489.600000,16568.500000,16320.000000,16547.700000,104487.1490
BTCUSDT,2022.12.30,16:00:00,16547.700000,16569.800000,16510.000000,16520.800000,34830.4740
BTCUSDT,2022.12.30,20:00:00,16520.800000,16666.600000,16520.500000,16601.200000,34781.8870
BTCUSDT,2022.12.31,00:00:00,16601.200000,16611.500000,16546.500000,16549.100000,15952.3620
BTCUSDT,2022.12.31,04:00:00,16549.000000,16565.600000,16530.000000,16564.400000,15304.1440
BTCUSDT,2022.12.31,08:00:00,16564.400000,16581.800000,16538.000000,16565.600000,18890.3160
BTCUSDT,2022.12.31,12:00:00,16565.500000,16640.000000,16546.200000,16586.000000,37418.9280
BTCUSDT,2022.12.31,16:00:00,16586.100000,16609.300000,16562.000000,16564.300000,15398.5200
BTCUSDT,2022.12.31,20:00:00,16564.300000,16569.700000,16461.800000,16537.600000,31497.8860
BTCUSDT,2023.01.01,00:00:00,16537.500000,16557.100000,16504.000000,16529.300000,14206.3730
BTCUSDT,2023.01.01,04:00:00,16529.200000,16545.700000,16488.000000,16519.600000,17998.5010
BTCUSDT,2023.01.01,08:00:00,16519.500000,16549.800000,16496.800000,16549.800000,15117.2760
BTCUSDT,2023.01.01,12:00:00,16549.800000,16565.900000,16524.600000,16553.100000,15542.8840
BTCUSDT,2023.01.01,16:00:00,16553.000000,16615.800000,16552.600000,16596.100000,25971.4160
BTCUSDT,2023.01.01,20:00:00,16596.100000,16618.800000,16579.100000,16610.300000,16666.5150
BTCUSDT,2023.01.02,00:00:00,16610.400000,16700.700000,16541.200000,16654.600000,36641.7460
BTCUSDT,2023.01.02,04:00:00,16654.700000,16767.800000,16612.800000,16712.500000,53335.4720
BTCUSDT,2023.01.02,08:00:00,16712.600000,16764.000000,16696.000000,16728.500000,37550.6310
BTCUSDT,2023.01.02,12:00:00,16728.400000,16744.800000,16665.000000,16729.200000,35861.2360
BTCUSDT,2023.01.02,16:00:00,16729.200000,16732.900000,16702.600000,16730.500000,16549.9970
BTCUSDT,2023.01.02,20:00:00,16730.500000,16799.000000,16650.000000,16666.000000,35222.0940
BTCUSDT,2023.01.03,00:00:00,16665.900000,16699.700000,16639.500000,16684.500000,22052.4630
BTCUSDT,2023.01.03,04:00:00,16684.400000,16774.000000,16675.200000,16723.100000,29397.3550
BTCUSDT,2023.01.03,08:00:00,16723.100000,16750.500000,16691.700000,16714.200000,22008.4020
BTCUSDT,2023.01.03,12:00:00,16714.200000,16764.900000,16610.000000,16670.800000,73811.2700
BTCUSDT,2023.01.03,16:00:00,16670.900000,16680.100000,16600.300000,16637.700000,35119.4760
BTCUSDT,2023.01.03,20:00:00,16637.600000,16688.200000,16636.000000,16667.200000,20681.2390
BTCUSDT,2023.01.04,00:00:00,16667.300000,16870.000000,16645.700000,16855.900000,70080.0940
BTCUSDT,2023.01.04,04:00:00,16855.900000,16904.400000,16832.300000,16862.500000,44883.7140
BTCUSDT,2023.01.04,08:00:00,16862.500000,16913.600000,16824.500000,16826.800000,34682.1950
BTCUSDT,2023.01.04,12:00:00,16826.700000,16852.100000,16759.300000,16846.500000,60474.1440
BTCUSDT,2023.01.04,16:00:00,16846.500000,16984.600000,16777.700000,16835.900000,109451.8370
BTCUSDT,2023.01.04,20:00:00,16835.900000,16860.900000,16766.000000,16842.100000,30175.8540
BTCUSDT,2023.01.05,00:00:00,16842.200000,16869.000000,16800.000000,16819.000000,19519.0030
BTCUSDT,2023.01.05,04:00:00,16819.000000,16840.700000,16782.400000,16816.100000,16536.8120
BTCUSDT,2023.01.05,08:00:00,16816.100000,16830.000000,16775.100000,16827.000000,23157.9870
BTCUSDT,2023.01.05,12:00:00,16827.000000,16872.800000,16740.400000,16836.600000,68886.5460
BTCUSDT,2023.01.05,16:00:00,16836.700000,16867.800000,16794.000000,16856.400000,29189.4770
BTCUSDT,2023.01.05,20:00:00,16856.300000,16863.400000,16810.000000,16823.800000,19079.5220
BTCUSDT,2023.01.06,00:00:00,16823.800000,16865.000000,16795.600000,16825.100000,21068.0910
BTCUSDT,2023.01.06,04:00:00,16825.000000,16828.000000,16773.000000,16785.600000,23858.1470
BTCUSDT,2023.01.06,08:00:00,16785.600000,16805.300000,16685.200000,16731.400000,43531.8090
BTCUSDT,2023.01.06,12:00:00,16731.500000,16843.000000,16664.800000,16834.200000,102292.9220
BTCUSDT,2023.01.06,16:00:00,16834.100000,16960.000000,16801.600000,16932.600000,57987.0860
BTCUSDT,2023.01.06,20:00:00,16932.700000,17030.000000,16881.000000,16943.800000,68235.5740
BTCUSDT,2023.01.07,00:00:00,16943.900000,16973.600000,16924.800000,16944.400000,18044.0480
BTCUSDT,2023.01.07,04:00:00,16944.300000,16945.000000,16915.800000,16939.800000,10556.1310
BTCUSDT,2023.01.07,08:00:00,16939.800000,16946.400000,16903.000000,16912.300000,13458.2570
BTCUSDT,2023.01.07,12:00:00,16912.300000,16944.000000,16900.100000,16934.500000,16729.5510
BTCUSDT,2023.01.07,16:00:00,16934.500000,16939.600000,16910.400000,16937.300000,9360.2240
BTCUSDT,2023.01.07,20:00:00,16937.300000,16945.800000,16922.900000,16936.500000,9824.8940
BTCUSDT,2023.01.08,00:00:00,16936.500000,16949.300000,16905.000000,16939.000000,15067.4810
BTCUSDT,2023.01.08,04:00:00,16938.900000,16947.500000,16927.500000,16945.500000,7997.8950
BTCUSDT,2023.01.08,08:00:00,16945.500000,16960.000000,16917.800000,16918.600000,15529.9510
BTCUSDT,2023.01.08,12:00:00,16918.500000,17015.600000,16912.700000,16991.000000,27054.7540
BTCUSDT,2023.01.08,16:00:00,16990.900000,17015.100000,16910.200000,16920.300000,31184.0440
BTCUSDT,2023.01.08,20:00:00,16920.300000,17181.100000,16916.500000,17124.700000,60883.1930
BTCUSDT,2023.01.09,00:00:00,17124.600000,17245.100000,17098.200000,17188.100000,85195.7660
BTCUSDT,2023.01.09,04:00:00,17188.100000,17248.000000,17171.700000,17189.700000,35863.2120
BTCUSDT,2023.01.09,08:00:00,17189.800000,17277.700000,17180.000000,17232.200000,50754.1120
BTCUSDT,2023.01.09,12:00:00,17232.200000,17325.000000,17181.900000,17260.400000,80374.6480
BTCUSDT,2023.01.09,16:00:00,17260.400000,17387.800000,17259.600000,17285.700000,77463.2390
BTCUSDT,2023.01.09,20:00:00,17285.600000,17302.300000,17118.300000,17169.700000,70626.8320
BTCUSDT,2023.01.10,00:00:00,17169.600000,17227.700000,17140.400000,17199.900000,27484.9530
BTCUSDT,2023.01.10,04:00:00,17199.900000,17228.000000,17181.800000,17194.700000,18254.5060
BTCUSDT,2023.01.10,08:00:00,17194.600000,17278.000000,17181.200000,17244.400000,37043.9740
BTCUSDT,2023.01.10,12:00:00,17244.300000,17368.700000,17204.400000,17317.500000,92804.0060
BTCUSDT,2023.01.10,16:00:00,17317.600000,17448.000000,17273.300000,17424.100000,73564.9430
BTCUSDT,2023.01.10,20:00:00,17424.100000,17485.400000,17393.300000,17428.800000,48167.9890
BTCUSDT,2023.01.11,00:00:00,17428.800000,17500.000000,17360.000000,17407.700000,42391.3180
BTCUSDT,2023.01.11,04:00:00,17407.700000,17456.000000,17380.000000,17437.100000,25910.7340
BTCUSDT,2023.01.11,08:00:00,17437.100000,17464.000000,17399.500000,17428.700000,24797.8680
BTCUSDT,2023.01.11,12:00:00,17428.600000,17429.700000,17306.400000,17325.300000,62512.0960
BTCUSDT,2023.01.11,16:00:00,17325.200000,17550.900000,17320.300000,17540.600000,86222.6120
BTCUSDT,2023.01.11,20:00:00,17540.700000,18013.200000,17501.400000,17935.700000,144442.4780
BTCUSDT,2023.01.12,00:00:00,17935.600000,18400.000000,17902.400000,18217.200000,167796.4740
BTCUSDT,2023.01.12,04:00:00,18217.100000,18233.000000,18070.000000,18129.300000,51547.1240
BTCUSDT,2023.01.12,08:00:00,18129.200000,18220.000000,18062.000000,18194.500000,45869.5210
BTCUSDT,2023.01.12,12:00:00,18194.400000,18377.400000,17907.300000,18077.700000,322077.4790
BTCUSDT,2023.01.12,16:00:00,18077.600000,19062.500000,18045.700000,18877.200000,328471.5990
BTCUSDT,2023.01.12,20:00:00,18877.300000,19120.000000,18758.500000,18838.000000,124572.5630
BTCUSDT,2023.01.13,00:00:00,18838.100000,18881.700000,18711.000000,18871.600000,48452.1320
BTCUSDT,2023.01.13,04:00:00,18871.500000,18875.400000,18770.500000,18817.700000,30968.5600
BTCUSDT,2023.01.13,08:00:00,18817.700000,19050.000000,18803.900000,18911.700000,102429.2520
BTCUSDT,2023.01.13,12:00:00,18911.700000,19299.200000,18801.400000,19252.500000,200754.3860
BTCUSDT,2023.01.13,16:00:00,19252.600000,19398.000000,19053.000000,19354.200000,170550.1500
BTCUSDT,2023.01.13,20:00:00,19354.100000,19997.800000,19307.400000,19924.200000,253653.3520
BTCUSDT,2023.01.14,00:00:00,19924.300000,21544.000000,19882.600000,20996.300000,400698.9700
BTCUSDT,2023.01.14,04:00:00,20996.200000,21060.000000,20801.300000,20913.100000,75865.2790
BTCUSDT,2023.01.14,08:00:00,20913.000000,21045.000000,20257.300000,20733.400000,208916.9520
BTCUSDT,2023.01.14,12:00:00,20733.300000,21240.000000,20544.000000,20796.900000,186889.0500
BTCUSDT,2023.01.14,16:00:00,20796.900000,20930.500000,20670.700000,20796.800000,78649.0630
BTCUSDT,2023.01.14,20:00:00,20796.800000,21092.000000,20773.900000,20962.800000,59647.3690
BTCUSDT,2023.01.15,00:00:00,20962.800000,21012.000000,20556.000000,20736.500000,96644.1080
BTCUSDT,2023.01.15,04:00:00,20736.500000,20798.000000,20673.900000,20750.000000,34775.5930
BTCUSDT,2023.01.15,08:00:00,20750.100000,20780.000000,20581.400000,20737.400000,63521.5570
BTCUSDT,2023.01.15,12:00:00,20737.400000,21028.000000,20661.100000,20925.000000,82803.4190
BTCUSDT,2023.01.15,16:00:00,20925.000000,21073.800000,20670.000000,20877.200000,106046.8340
BTCUSDT,2023.01.15,20:00:00,20877.300000,20970.000000,20750.000000,20882.700000,44695.0480
BTCUSDT,2023.01.16,00:00:00,20882.700000,21449.300000,20780.200000,21084.300000,175273.7210
BTCUSDT,2023.01.16,04:00:00,21084.300000,21276.000000,21048.000000,21116.000000,55958.6070
BTCUSDT,2023.01.16,08:00:00,21116.000000,21121.700000,20619.000000,20821.700000,101732.6410
BTCUSDT,2023.01.16,12:00:00,20821.800000,21079.900000,20606.600000,21000.600000,114395.1110
BTCUSDT,2023.01.16,16:00:00,21000.600000,21431.000000,20921.000000,21314.400000,133530.7990
BTCUSDT,2023.01.16,20:00:00,21314.500000,21498.000000,21056.000000,21188.300000,85257.3220
BTCUSDT,2023.01.17,00:00:00,21188.200000,21308.900000,20827.800000,21129.600000,81669.2040
BTCUSDT,2023.01.17,04:00:00,21129.600000,21237.000000,21062.100000,21134.700000,40393.6270
BTCUSDT,2023.01.17,08:00:00,21134.800000,21252.000000,21077.700000,21218.600000,49711.0910
BTCUSDT,2023.01.17,12:00:00,21218.600000,21640.000000,21024.300000,21175.600000,233119.4340
BTCUSDT,2023.01.17,16:00:00,21175.700000,21426.000000,21080.300000,21337.200000,86362.4430
BTCUSDT,2023.01.17,20:00:00,21337.300000,21410.800000,21123.100000,21130.900000,56134.7940
BTCUSDT,2023.01.18,00:00:00,21130.800000,21376.300000,21103.600000,21254.100000,58477.6320
BTCUSDT,2023.01.18,04:00:00,21254.100000,21317.900000,21226.600000,21307.700000,26297.7240
BTCUSDT,2023.01.18,08:00:00,21307.800000,21318.100000,21132.100000,21201.600000,45098.7260
BTCUSDT,2023.01.18,12:00:00,21201.700000,21672.000000,20810.000000,21035.500000,269472.0120
BTCUSDT,2023.01.18,16:00:00,21035.500000,21138.000000,20386.000000,20905.100000,320910.7190
BTCUSDT,2023.01.18,20:00:00,20905.000000,20937.800000,20621.100000,20680.000000,93528.7040
BTCUSDT,2023.01.19,00:00:00,20680.100000,20822.000000,20659.900000,20748.900000,43011.0550
BTCUSDT,2023.01.19,04:00:00,20748.900000,20882.000000,20745.100000,20818.200000,31250.6940
BTCUSDT,2023.01.19,08:00:00,20818.200000,20848.000000,20707.400000,20741.300000,39443.5190
BTCUSDT,2023.01.19,12:00:00,20741.300000,20962.700000,20661.000000,20870.700000,108038.9630
BTCUSDT,2023.01.19,16:00:00,20870.800000,21140.000000,20786.800000,21090.000000,86336.6850
BTCUSDT,2023.01.19,20:00:00,21090.100000,21183.900000,20913.400000,21068.300000,66652.7010
BTCUSDT,2023.01.20,00:00:00,21068.300000,21223.200000,21011.400000,21086.200000,49417.6580
BTCUSDT,2023.01.20,04:00:00,21086.200000,21125.000000,20856.400000,20954.200000,54029.1690
BTCUSDT,2023.01.20,08:00:00,20954.100000,20991.900000,20895.400000,20957.600000,33135.2710
BTCUSDT,2023.01.20,12:00:00,20957.500000,21250.000000,20952.200000,21139.700000,103649.4240
BTCUSDT,2023.01.20,16:00:00,21139.700000,21535.000000,21136.100000,21494.200000,157224.3050
BTCUSDT,2023.01.20,20:00:00,21494.100000,22750.000000,21493.800000,22661.100000,326189.3730
BTCUSDT,2023.01.21,00:00:00,22661.000000,22812.400000,22422.000000,22541.700000,91102.5310
BTCUSDT,2023.01.21,04:00:00,22541.800000,22678.600000,22511.200000,22631.500000,32823.9770
BTCUSDT,2023.01.21,08:00:00,22631.600000,23330.000000,22555.000000,22903.500000,266330.1820
BTCUSDT,2023.01.21,12:00:00,22903.500000,23288.000000,22847.800000,22996.200000,145710.1620
BTCUSDT,2023.01.21,16:00:00,22996.200000,23390.000000,22980.000000,23271.900000,130707.1290
BTCUSDT,2023.01.21,20:00:00,23271.900000,23298.200000,22670.000000,22781.900000,98007.1190
BTCUSDT,2023.01.22,00:00:00,22781.800000,22974.300000,22600.200000,22766.100000,77074.2230
BTCUSDT,2023.01.22,04:00:00,22766.000000,22967.000000,22720.000000,22893.200000,41651.7210
BTCUSDT,2023.01.22,08:00:00,22893.200000,22934.100000,22733.000000,22785.500000,45038.9440
BTCUSDT,2023.01.22,12:00:00,22785.600000,23080.200000,22631.100000,22792.900000,106358.4080
BTCUSDT,2023.01.22,16:00:00,22793.000000,22962.800000,22681.000000,22720.000000,72710.6660
BTCUSDT,2023.01.22,20:00:00,22720.000000,22770.000000,22287.000000,22704.600000,139695.8490
BTCUSDT,2023.01.23,00:00:00,22704.700000,22825.900000,22645.600000,22657.600000,47573.1020
BTCUSDT,2023.01.23,04:00:00,22657.600000,22793.300000,22596.800000,22692.400000,36713.3290
BTCUSDT,2023.01.23,08:00:00,22692.400000,22960.000000,22661.900000,22906.500000,68826.1070
BTCUSDT,2023.01.23,12:00:00,22906.400000,23160.000000,22500.000000,22852.000000,183939.2680
BTCUSDT,2023.01.23,16:00:00,22852.100000,23193.100000,22653.000000,22789.600000,135640.7650
BTCUSDT,2023.01.23,20:00:00,22789.600000,23043.900000,22756.100000,22913.100000,53110.2690
BTCUSDT,2023.01.24,00:00:00,22913.300000,23142.000000,22863.300000,23078.200000,51857.9710
BTCUSDT,2023.01.24,04:00:00,23078.200000,23158.700000,23000.000000,23052.300000,37575.8000
BTCUSDT,2023.01.24,08:00:00,23052.300000,23086.400000,22760.000000,22912.000000,80599.1040
BTCUSDT,2023.01.24,12:00:00,22912.100000,23036.000000,22677.900000,22924.000000,126440.5950
BTCUSDT,2023.01.24,16:00:00,22924.000000,23085.100000,22782.000000,23015.000000,67270.8430
BTCUSDT,2023.01.24,20:00:00,23015.100000,23073.600000,22450.000000,22627.400000,141871.5030
BTCUSDT,2023.01.25,00:00:00,22627.500000,22699.000000,22310.500000,22641.000000,97898.9660
BTCUSDT,2023.01.25,04:00:00,22641.100000,22766.700000,22600.000000,22703.900000,34838.1210
BTCUSDT,2023.01.25,08:00:00,22703.900000,22730.000000,22460.800000,22595.900000,57559.6210
BTCUSDT,2023.01.25,12:00:00,22595.800000,22747.100000,22327.200000,22573.300000,127913.9840
BTCUSDT,2023.01.25,16:00:00,22573.400000,22757.000000,22508.100000,22743.400000,64912.4380
BTCUSDT,2023.01.25,20:00:00,22743.400000,23837.400000,22743.400000,23060.600000,309663.4770
BTCUSDT,2023.01.26,00:00:00,23060.600000,23278.700000,23040.100000,23129.400000,61160.8950
BTCUSDT,2023.01.26,04:00:00,23129.500000,23189.300000,22885.700000,22961.300000,50565.7930
BTCUSDT,2023.01.26,08:00:00,22961.300000,23041.100000,22843.800000,22985.400000,54116.5240
BTCUSDT,2023.01.26,12:00:00,22985.400000,23241.900000,22856.000000,22947.300000,155481.0490
BTCUSDT,2023.01.26,16:00:00,22947.200000,23099.100000,22850.000000,23063.400000,64169.4640
BTCUSDT,2023.01.26,20:00:00,23063.400000,23161.000000,22955.000000,23001.900000,42267.0610
BTCUSDT,2023.01.27,00:00:00,23001.900000,23068.700000,22516.600000,22762.200000,86055.8970
BTCUSDT,2023.01.27,04:00:00,22762.200000,23098.000000,22750.000000,23068.100000,58836.6740
BTCUSDT,2023.01.27,08:00:00,23068.100000,23080.000000,22900.100000,22964.500000,38844.8960
BTCUSDT,2023.01.27,12:00:00,22964.400000,23145.300000,22830.000000,22928.800000,121070.9610
BTCUSDT,2023.01.27,16:00:00,22928.800000,23280.200000,22919.000000,23246.700000,84096.9170
BTCUSDT,2023.01.27,20:00:00,23246.800000,23500.000000,22940.000000,23068.000000,121014.9620
BTCUSDT,2023.01.28,00:00:00,23068.100000,23185.000000,23033.900000,23109.000000,30607.0760
BTCUSDT,2023.01.28,04:00:00,23108.900000,23124.300000,22942.900000,22984.300000,29492.3970
BTCUSDT,2023.01.28,08:00:00,22984.300000,23011.400000,22880.000000,22973.400000,36651.1760
BTCUSDT,2023.01.28,12:00:00,22973.400000,23038.000000,22870.800000,23004.700000,49477.2280
BTCUSDT,2023.01.28,16:00:00,23004.600000,23050.600000,22968.100000,23033.100000,19771.5480
BTCUSDT,2023.01.28,20:00:00,23033.200000,23036.200000,22935.100000,23015.900000,20401.5180
BTCUSDT,2023.01.29,00:00:00,23016.000000,23520.000000,22961.500000,23190.000000,125541.1850
BTCUSDT,2023.01.29,04:00:00,23190.000000,23266.000000,23143.100000,23200.400000,26823.6480
BTCUSDT,2023.01.29,08:00:00,23200.400000,23680.000000,23151.000000,23430.000000,114678.6290
BTCUSDT,2023.01.29,12:00:00,23430.000000,23675.800000,23351.600000,23522.700000,88615.3320
BTCUSDT,2023.01.29,16:00:00,23522.700000,23962.700000,23473.700000,23896.600000,134522.9600
BTCUSDT,2023.01.29,20:00:00,23896.500000,23910.100000,23600.000000,23740.300000,71846.4770
BTCUSDT,2023.01.30,00:00:00,23740.200000,23804.600000,23568.000000,23700.800000,50623.8450
BTCUSDT,2023.01.30,04:00:00,23700.800000,23767.000000,23600.000000,23648.100000,35817.6960
BTCUSDT,2023.01.30,08:00:00,23648.000000,23678.600000,23001.000000,23075.200000,178463.4640
BTCUSDT,2023.01.30,12:00:00,23075.200000,23295.800000,22930.000000,23178.600000,114367.7270
BTCUSDT,2023.01.30,16:00:00,23178.600000,23247.000000,22600.000000,22783.700000,110669.2650
BTCUSDT,2023.01.30,20:00:00,22783.600000,22837.000000,22484.200000,22819.900000,82595.4100
BTCUSDT,2023.01.31,00:00:00,22819.900000,22913.600000,22715.300000,22826.700000,45917.8860
BTCUSDT,2023.01.31,04:00:00,22826.600000,22980.000000,22735.500000,22967.700000,43431.9890
BTCUSDT,2023.01.31,08:00:00,22967.700000,22986.800000,22803.000000,22856.900000,46060.1000
BTCUSDT,2023.01.31,12:00:00,22857.000000,23200.000000,22843.400000,23113.900000,113354.5850
BTCUSDT,2023.01.31,16:00:00,23114.000000,23221.600000,23072.800000,23154.600000,49408.8610
BTCUSDT,2023.01.31,20:00:00,23154.600000,23330.000000,22804.000000,23119.400000,105553.5450
BTCUSDT,2023.02.01,00:00:00,23119.500000,23177.700000,22988.000000,23127.300000,41016.9750
BTCUSDT,2023.02.01,04:00:00,23127.400000,23160.400000,23011.500000,23071.000000,33068.5090
BTCUSDT,2023.02.01,08:00:00,23070.900000,23100.000000,22911.300000,23076.100000,50557.3700
BTCUSDT,2023.02.01,12:00:00,23076.100000,23143.600000,22935.300000,22975.700000,71259.3360
BTCUSDT,2023.02.01,16:00:00,22975.600000,23495.000000,22747.000000,23379.900000,215468.3680
BTCUSDT,2023.02.01,20:00:00,23379.800000,23852.400000,23320.000000,23730.000000,160059.1530
BTCUSDT,2023.02.02,00:00:00,23730.100000,24281.400000,23694.500000,23852.200000,136849.0950
BTCUSDT,2023.02.02,04:00:00,23852.100000,23927.500000,23660.000000,23787.000000,48942.4950
BTCUSDT,2023.02.02,08:00:00,23787.000000,23860.000000,23750.400000,23827.000000,34286.8860
BTCUSDT,2023.02.02,12:00:00,23827.000000,23950.000000,23520.000000,23843.300000,152792.6440
BTCUSDT,2023.02.02,16:00:00,23843.400000,24149.000000,23723.500000,23804.900000,131579.7320
BTCUSDT,2023.02.02,20:00:00,23804.800000,23933.500000,23365.000000,23493.100000,111289.4860
BTCUSDT,2023.02.03,00:00:00,23493.000000,23592.000000,23412.000000,23534.900000,53873.2470
BTCUSDT,2023.02.03,04:00:00,23535.000000,23568.500000,23450.000000,23457.100000,25571.0800
BTCUSDT,2023.02.03,08:00:00,23457.100000,23540.000000,23328.800000,23532.900000,57784.8960
BTCUSDT,2023.02.03,12:00:00,23532.900000,23712.700000,23222.000000,23601.100000,189870.0220
BTCUSDT,2023.02.03,16:00:00,23601.100000,23719.900000,23296.400000,23308.200000,91933.8010
BTCUSDT,2023.02.03,20:00:00,23308.200000,23465.400000,23201.000000,23424.700000,51798.3920
BTCUSDT,2023.02.04,00:00:00,23424.700000,23464.000000,23330.100000,23340.800000,26184.7170
BTCUSDT,2023.02.04,04:00:00,23340.800000,23358.200000,23250.000000,23322.400000,28301.1880
BTCUSDT,2023.02.04,08:00:00,23322.400000,23376.800000,23288.300000,23359.200000,19759.7580
BTCUSDT,2023.02.04,12:00:00,23359.200000,23591.400000,23335.400000,23420.100000,70032.8640
BTCUSDT,2023.02.04,16:00:00,23420.100000,23474.400000,23355.000000,23427.300000,25724.0480
BTCUSDT,2023.02.04,20:00:00,23427.400000,23450.000000,23258.000000,23322.600000,27115.8180
BTCUSDT,2023.02.05,00:00:00,23322.600000,23367.500000,23211.000000,23343.400000,34347.8770
BTCUSDT,2023.02.05,04:00:00,23343.300000,23436.000000,23327.500000,23377.000000,20096.3610
BTCUSDT,2023.02.05,08:00:00,23377.000000,23418.700000,23344.600000,23354.100000,20554.3040
BTCUSDT,2023.02.05,12:00:00,23354.200000,23373.600000,23000.000000,23094.200000,103064.4910
BTCUSDT,2023.02.05,16:00:00,23094.200000,23155.500000,22741.000000,22889.500000,131414.7420
BTCUSDT,2023.02.05,20:00:00,22889.600000,23025.000000,22787.800000,22929.200000,47187.2590
BTCUSDT,2023.02.06,00:00:00,22929.300000,23094.000000,22817.100000,22891.900000,41294.3530
BTCUSDT,2023.02.06,04:00:00,22892.000000,22924.000000,22600.000000,22873.000000,59449.4170
BTCUSDT,2023.02.06,08:00:00,22873.100000,22935.000000,22733.900000,22876.100000,48625.3120
BTCUSDT,2023.02.06,12:00:00,22876.100000,23054.900000,22735.000000,23040.500000,94677.2800
BTCUSDT,2023.02.06,16:00:00,23040.500000,23159.400000,22922.200000,23026.200000,105678.6260
BTCUSDT,2023.02.06,20:00:00,23026.300000,23026.300000,22622.100000,22757.700000,67435.1550
BTCUSDT,2023.02.07,00:00:00,22757.800000,22897.200000,22742.400000,22870.900000,36711.8890
BTCUSDT,2023.02.07,04:00:00,22870.900000,22977.800000,22854.800000,22905.600000,30656.9260
BTCUSDT,2023.02.07,08:00:00,22905.500000,23061.000000,22854.800000,22970.400000,48655.0290
BTCUSDT,2023.02.07,12:00:00,22970.400000,23032.100000,22869.000000,22898.800000,52655.2750
BTCUSDT,2023.02.07,16:00:00,22898.900000,23368.600000,22762.000000,23086.100000,209739.1450
BTCUSDT,2023.02.07,20:00:00,23086.100000,23300.000000,23024.300000,23234.100000,68855.2300
BTCUSDT,2023.02.08,00:00:00,23234.100000,23450.000000,23220.300000,23250.600000,49143.6450
BTCUSDT,2023.02.08,04:00:00,23250.500000,23283.500000,23173.700000,23226.900000,24682.4840
BTCUSDT,2023.02.08,08:00:00,23227.000000,23232.200000,23123.100000,23152.800000,32606.0390
BTCUSDT,2023.02.08,12:00:00,23152.800000,23194.300000,22849.900000,22862.400000,103077.5680
BTCUSDT,2023.02.08,16:00:00,22862.400000,23029.900000,22662.900000,22867.300000,131915.7370
BTCUSDT,2023.02.08,20:00:00,22867.400000,22977.000000,22766.400000,22955.900000,42040.0080
BTCUSDT,2023.02.09,00:00:00,22955.900000,23007.800000,22407.500000,22511.600000,114802.1910
BTCUSDT,2023.02.09,04:00:00,22511.600000,22731.800000,22341.100000,22668.700000,83990.7130
BTCUSDT,2023.02.09,08:00:00,22668.800000,22766.000000,22648.100000,22677.400000,42168.6270
BTCUSDT,2023.02.09,12:00:00,22677.500000,22840.000000,22550.000000,22603.800000,112744.0240
BTCUSDT,2023.02.09,16:00:00,22603.800000,22614.700000,21862.100000,22027.300000,212791.8920
BTCUSDT,2023.02.09,20:00:00,22027.300000,22074.500000,21684.700000,21793.400000,165797.9030
BTCUSDT,2023.02.10,00:00:00,21793.300000,21933.800000,21751.100000,21817.500000,45873.6260
BTCUSDT,2023.02.10,04:00:00,21817.500000,21914.000000,21595.800000,21901.900000,68530.2660
BTCUSDT,2023.02.10,08:00:00,21902.000000,21917.800000,21707.200000,21726.600000,48382.8940
BTCUSDT,2023.02.10,12:00:00,21726.700000,21897.000000,21484.000000,21649.000000,120581.0270
BTCUSDT,2023.02.10,16:00:00,21648.900000,21794.400000,21550.100000,21764.000000,86735.6800
BTCUSDT,2023.02.10,20:00:00,21764.000000,21785.400000,21405.000000,21618.600000,69883.0040
BTCUSDT,2023.02.11,00:00:00,21618.600000,21718.800000,21594.400000,21668.800000,34549.1150
BTCUSDT,2023.02.11,04:00:00,21668.800000,21704.900000,21630.600000,21681.900000,17658.5030
BTCUSDT,2023.02.11,08:00:00,21681.900000,21696.200000,21646.600000,21689.200000,16676.3680
BTCUSDT,2023.02.11,12:00:00,21689.200000,21770.000000,21651.100000,21727.000000,37452.0330
BTCUSDT,2023.02.11,16:00:00,21726.900000,21728.700000,21600.000000,21652.600000,34876.8010
BTCUSDT,2023.02.11,20:00:00,21652.600000,21891.900000,21635.500000,21851.300000,48036.8470
BTCUSDT,2023.02.12,00:00:00,21851.200000,21874.700000,21752.900000,21772.100000,23886.5210
BTCUSDT,2023.02.12,04:00:00,21772.100000,21806.900000,21754.000000,21788.200000,13809.7190
BTCUSDT,2023.02.12,08:00:00,21788.200000,21959.000000,21788.100000,21877.600000,38816.7680
BTCUSDT,2023.02.12,12:00:00,21877.600000,22000.500000,21750.000000,21931.400000,66423.4720
BTCUSDT,2023.02.12,16:00:00,21931.400000,22080.900000,21901.000000,21983.100000,57543.9290
BTCUSDT,2023.02.12,20:00:00,21983.100000,22018.500000,21618.000000,21771.100000,76306.6840
BTCUSDT,2023.02.13,00:00:00,21771.000000,21865.400000,21606.000000,21800.900000,67134.1070
BTCUSDT,2023.02.13,04:00:00,21800.900000,21888.000000,21781.500000,21857.200000,37460.8680
BTCUSDT,2023.02.13,08:00:00,21857.100000,21865.100000,21410.000000,21595.900000,140932.1550
BTCUSDT,2023.02.13,12:00:00,21595.900000,21688.000000,21544.800000,21553.300000,76257.7970
BTCUSDT,2023.02.13,16:00:00,21553.300000,21668.000000,21338.000000,21597.800000,134846.6710
BTCUSDT,2023.02.13,20:00:00,21597.900000,21840.000000,21552.500000,21766.200000,54964.0950
BTCUSDT,2023.02.14,00:00:00,21766.100000,21806.500000,21670.800000,21691.800000,31405.1930
BTCUSDT,2023.02.14,04:00:00,21691.800000,21780.000000,21676.500000,21759.900000,24174.2920
BTCUSDT,2023.02.14,08:00:00,21760.000000,21880.000000,21659.100000,21798.900000,47434.5810
BTCUSDT,2023.02.14,12:00:00,21798.900000,22320.000000,21485.200000,22033.300000,325421.3250
BTCUSDT,2023.02.14,16:00:00,22033.400000,22230.800000,21910.200000,22196.700000,121281.4910
BTCUSDT,2023.02.14,20:00:00,22196.800000,22275.000000,22110.400000,22187.400000,49074.6270
BTCUSDT,2023.02.15,00:00:00,22187.400000,22190.800000,22038.500000,22088.900000,35580.1600
BTCUSDT,2023.02.15,04:00:00,22088.900000,22164.400000,22061.200000,22097.500000,23896.1730
BTCUSDT,2023.02.15,08:00:00,22097.400000,22500.000000,22075.900000,22433.000000,86066.3270
BTCUSDT,2023.02.15,12:00:00,22433.000000,22924.900000,22432.900000,22798.100000,207159.1070
BTCUSDT,2023.02.15,16:00:00,22798.000000,23345.700000,22730.100000,23310.600000,165039.2160
BTCUSDT,2023.02.15,20:00:00,23310.600000,24420.000000,23285.900000,24332.600000,306935.4880
BTCUSDT,2023.02.16,00:00:00,24332.700000,24934.100000,24287.000000,24741.000000,149506.5260
BTCUSDT,2023.02.16,04:00:00,24741.000000,24764.600000,24427.000000,24630.800000,85116.4570
BTCUSDT,2023.02.16,08:00:00,24630.800000,24678.000000,24520.900000,24580.000000,48543.1480
BTCUSDT,2023.02.16,12:00:00,24580.000000,25104.800000,24312.000000,25090.200000,214278.3190
BTCUSDT,2023.02.16,16:00:00,25090.200000,25290.000000,24620.000000,24879.000000,224316.0130
BTCUSDT,2023.02.16,20:00:00,24879.100000,24884.100000,23518.000000,23526.600000,237702.6960
BTCUSDT,2023.02.17,00:00:00,23526.600000,23924.700000,23350.000000,23839.100000,125666.6300
BTCUSDT,2023.02.17,04:00:00,23839.000000,23885.700000,23612.000000,23636.000000,59676.0350
BTCUSDT,2023.02.17,08:00:00,23635.900000,23870.000000,23520.000000,23792.600000,80667.3320
BTCUSDT,2023.02.17,12:00:00,23792.600000,24293.600000,23701.100000,24131.400000,225818.4660
BTCUSDT,2023.02.17,16:00:00,24131.300000,24562.900000,23916.000000,24526.700000,205070.1860
BTCUSDT,2023.02.17,20:00:00,24526.800000,25043.200000,24031.100000,24581.500000,225818.4990
BTCUSDT,2023.02.18,00:00:00,24581.300000,24799.200000,24502.600000,24619.900000,50759.1070
BTCUSDT,2023.02.18,04:00:00,24619.900000,24684.800000,24430.600000,24522.800000,34345.9250
BTCUSDT,2023.02.18,08:00:00,24522.700000,24614.000000,24436.400000,24525.600000,36886.1290
BTCUSDT,2023.02.18,12:00:00,24525.700000,24750.000000,24494.400000,24670.000000,55534.1350
BTCUSDT,2023.02.18,16:00:00,24670.000000,24887.500000,24564.000000,24610.100000,61293.5420
BTCUSDT,2023.02.18,20:00:00,24610.000000,24673.400000,24516.700000,24636.900000,22736.7180
BTCUSDT,2023.02.19,00:00:00,24636.800000,24777.000000,24626.500000,24687.000000,29006.0510
BTCUSDT,2023.02.19,04:00:00,24687.000000,24867.600000,24553.600000,24576.700000,59061.9670
BTCUSDT,2023.02.19,08:00:00,24576.600000,24710.400000,24556.900000,24665.400000,34964.3410
BTCUSDT,2023.02.19,12:00:00,24665.300000,25073.500000,24655.700000,24929.700000,103284.2660
BTCUSDT,2023.02.19,16:00:00,24929.700000,25200.000000,24259.200000,24512.500000,235530.4750
BTCUSDT,2023.02.19,20:00:00,24512.500000,24578.400000,24179.400000,24265.900000,81659.5280
BTCUSDT,2023.02.20,00:00:00,24265.900000,24471.100000,23827.000000,24414.900000,127984.8160
BTCUSDT,2023.02.20,04:00:00,24414.900000,24555.500000,24398.700000,24500.100000,50498.5640
BTCUSDT,2023.02.20,08:00:00,24500.100000,24990.000000,24361.200000,24895.900000,159438.8850
BTCUSDT,2023.02.20,12:00:00,24896.000000,25140.000000,24720.200000,24944.600000,167345.3520
BTCUSDT,2023.02.20,16:00:00,24944.700000,24955.100000,24585.100000,24878.500000,102254.2740
BTCUSDT,2023.02.20,20:00:00,24878.400000,24891.500000,24651.200000,24849.900000,38879.1810
BTCUSDT,2023.02.21,00:00:00,24849.900000,25120.000000,24787.200000,24926.200000,76679.8670
BTCUSDT,2023.02.21,04:00:00,24926.200000,25053.900000,24855.200000,25004.600000,46758.1310
BTCUSDT,2023.02.21,08:00:00,25004.600000,25347.600000,24525.000000,24572.600000,217844.4640
BTCUSDT,2023.02.21,12:00:00,24572.600000,24786.600000,24388.000000,24554.000000,141571.5370
BTCUSDT,2023.02.21,16:00:00,24554.000000,24745.000000,24267.200000,24607.700000,140748.8860
BTCUSDT,2023.02.21,20:00:00,24607.700000,24640.200000,24150.000000,24443.400000,105687.6900
BTCUSDT,2023.02.22,00:00:00,24443.300000,24468.500000,23851.500000,24198.800000,128324.8560
BTCUSDT,2023.02.22,04:00:00,24198.700000,24220.200000,23925.500000,24059.600000,84541.6480
BTCUSDT,2023.02.22,08:00:00,24059.500000,24215.900000,23855.300000,24156.400000,93248.8280
BTCUSDT,2023.02.22,12:00:00,24156.400000,24231.700000,23621.000000,23707.800000,185032.0150
BTCUSDT,2023.02.22,16:00:00,23707.500000,23970.000000,23572.000000,23781.700000,157258.7980
BTCUSDT,2023.02.22,20:00:00,23781.700000,24209.600000,23730.000000,24171.300000,82007.9560
BTCUSDT,2023.02.23,00:00:00,24171.300000,24588.000000,24115.000000,24444.300000,105146.8440
BTCUSDT,2023.02.23,04:00:00,24444.300000,24516.000000,24301.100000,24365.300000,53133.3700
BTCUSDT,2023.02.23,08:00:00,24365.200000,24483.000000,23630.000000,23767.600000,159754.6290
BTCUSDT,2023.02.23,12:00:00,23767.600000,24215.000000,23590.000000,23940.000000,246653.6680
BTCUSDT,2023.02.23,16:00:00,23940.000000,24047.400000,23711.500000,23962.200000,126451.8800
BTCUSDT,2023.02.23,20:00:00,23962.300000,24061.600000,23750.000000,23928.800000,60199.0230
BTCUSDT,2023.02.24,00:00:00,23928.700000,24138.600000,23879.000000,23945.100000,59502.4150
BTCUSDT,2023.02.24,04:00:00,23945.100000,23974.600000,23754.000000,23821.500000,55400.7460
BTCUSDT,2023.02.24,08:00:00,23821.600000,23970.000000,23741.500000,23876.400000,60283.2490
BTCUSDT,2023.02.24,12:00:00,23876.300000,24029.300000,23310.500000,23337.200000,231721.2670
BTCUSDT,2023.02.24,16:00:00,23337.100000,23339.300000,22800.000000,23172.300000,235087.9720
BTCUSDT,2023.02.24,20:00:00,23172.300000,23333.000000,22966.000000,23175.600000,89582.2930
BTCUSDT,2023.02.25,00:00:00,23175.500000,23210.500000,23032.000000,23064.900000,32612.8500
BTCUSDT,2023.02.25,04:00:00,23064.900000,23119.100000,23010.100000,23108.700000,26914.1750
BTCUSDT,2023.02.25,08:00:00,23108.700000,23147.600000,22897.400000,22974.000000,59947.2500
BTCUSDT,2023.02.25,12:00:00,22973.900000,23075.000000,22845.600000,22996.400000,61274.9860
BTCUSDT,2023.02.25,16:00:00,22996.400000,23078.700000,22905.000000,22975.700000,46659.5410
BTCUSDT,2023.02.25,20:00:00,22975.700000,23176.100000,22700.000000,23146.200000,83386.8460
BTCUSDT,2023.02.26,00:00:00,23146.200000,23243.200000,23050.000000,23201.800000,38352.3220
BTCUSDT,2023.02.26,04:00:00,23201.800000,23217.800000,23077.200000,23142.700000,31491.1790
BTCUSDT,2023.02.26,08:00:00,23142.800000,23286.500000,23102.800000,23244.200000,42192.2010
BTCUSDT,2023.02.26,12:00:00,23244.200000,23332.400000,23115.400000,23239.700000,63502.8420
BTCUSDT,2023.02.26,16:00:00,23239.800000,23533.000000,23130.000000,23491.000000,93742.2820
BTCUSDT,2023.02.26,20:00:00,23491.000000,23675.000000,23310.000000,23545.300000,102114.2300
BTCUSDT,2023.02.27,00:00:00,23545.200000,23634.900000,23424.400000,23541.000000,47678.2910
BTCUSDT,2023.02.27,04:00:00,23541.000000,23547.000000,23331.000000,23411.100000,53778.4980
BTCUSDT,2023.02.27,08:00:00,23411.100000,23445.900000,23320.000000,23420.000000,46822.5030
BTCUSDT,2023.02.27,12:00:00,23419.900000,23888.000000,23369.100000,23546.500000,184987.7480
BTCUSDT,2023.02.27,16:00:00,23546.500000,23603.900000,23140.000000,23262.500000,166667.7630
BTCUSDT,2023.02.27,20:00:00,23262.500000,23580.000000,23088.000000,23480.000000,76820.1630
BTCUSDT,2023.02.28,00:00:00,23480.000000,23539.000000,23336.000000,23454.300000,44084.2320
BTCUSDT,2023.02.28,04:00:00,23454.300000,23456.200000,23210.000000,23223.300000,44074.3670
BTCUSDT,2023.02.28,08:00:00,23223.400000,23420.000000,23190.200000,23381.600000,51908.3700
BTCUSDT,2023.02.28,12:00:00,23381.500000,23571.100000,23300.500000,23511.200000,126298.9110
BTCUSDT,2023.02.28,16:00:00,23511.100000,23592.800000,23195.100000,23251.000000,90462.6560
BTCUSDT,2023.02.28,20:00:00,23251.100000,23333.400000,23010.000000,23129.600000,100091.3020
BTCUSDT,2023.03.01,00:00:00,23129.700000,23488.200000,23008.400000,23431.600000,94869.4320
BTCUSDT,2023.03.01,04:00:00,23431.600000,23852.600000,23414.800000,23709.600000,119744.8370
BTCUSDT,2023.03.01,08:00:00,23709.600000,24022.700000,23670.300000,23736.800000,87997.3180
BTCUSDT,2023.03.01,12:00:00,23736.900000,23880.000000,23558.000000,23702.800000,137452.5150
BTCUSDT,2023.03.01,16:00:00,23702.900000,23739.000000,23316.300000,23342.900000,97637.3590
BTCUSDT,2023.03.01,20:00:00,23342.800000,23667.500000,23281.600000,23619.800000,79548.8500
BTCUSDT,2023.03.02,00:00:00,23619.800000,23790.500000,23414.100000,23487.100000,66503.5370
BTCUSDT,2023.03.02,04:00:00,23487.100000,23535.900000,23325.000000,23381.900000,49671.4960
BTCUSDT,2023.03.02,08:00:00,23381.800000,23460.000000,23326.300000,23405.600000,48950.7580
BTCUSDT,2023.03.02,12:00:00,23405.700000,23422.800000,23183.000000,23350.300000,124403.2130
BTCUSDT,2023.03.02,16:00:00,23350.300000,23497.000000,23222.100000,23456.600000,77176.8960
BTCUSDT,2023.03.02,20:00:00,23456.700000,23560.000000,23372.200000,23457.100000,52550.7010
BTCUSDT,2023.03.03,00:00:00,23457.100000,23468.500000,21883.200000,22306.300000,265796.8150
BTCUSDT,2023.03.03,04:00:00,22306.400000,22399.000000,22234.000000,22347.800000,58370.4690
BTCUSDT,2023.03.03,08:00:00,22347.800000,22474.000000,22300.000000,22333.900000,48913.5660
BTCUSDT,2023.03.03,12:00:00,22333.900000,22495.200000,22120.100000,22323.900000,111464.4290
BTCUSDT,2023.03.03,16:00:00,22324.000000,22437.900000,22217.200000,22348.300000,64926.0460
BTCUSDT,2023.03.03,20:00:00,22348.300000,22366.000000,22126.000000,22342.800000,59046.8120
BTCUSDT,2023.03.04,00:00:00,22342.800000,22379.200000,22312.100000,22339.400000,24078.2150
BTCUSDT,2023.03.04,04:00:00,22339.400000,22400.000000,22262.200000,22346.600000,29930.1340
BTCUSDT,2023.03.04,08:00:00,22346.600000,22367.400000,22311.000000,22338.100000,17632.2870
BTCUSDT,2023.03.04,12:00:00,22338.000000,22390.000000,22292.900000,22306.300000,22528.7580
BTCUSDT,2023.03.04,16:00:00,22306.200000,22335.500000,22204.000000,22238.700000,29511.6080
BTCUSDT,2023.03.04,20:00:00,22238.700000,22358.500000,22147.500000,22335.700000,51628.2090
BTCUSDT,2023.03.05,00:00:00,22335.800000,22650.000000,22174.900000,22374.200000,113479.7170
BTCUSDT,2023.03.05,04:00:00,22374.200000,22461.800000,22354.200000,22365.200000,30140.5140
BTCUSDT,2023.03.05,08:00:00,22365.200000,22439.600000,22302.000000,22380.100000,31592.0000
BTCUSDT,2023.03.05,12:00:00,22380.100000,22480.000000,22380.100000,22424.400000,32097.4910
BTCUSDT,2023.03.05,16:00:00,22424.500000,22450.600000,22357.000000,22394.000000,21185.3830
BTCUSDT,2023.03.05,20:00:00,22394.000000,22555.000000,22310.000000,22419.400000,53766.6400
BTCUSDT,2023.03.06,00:00:00,22419.300000,22499.400000,22240.100000,22378.000000,65552.8470
BTCUSDT,2023.03.06,04:00:00,22378.000000,22429.600000,22306.000000,22380.900000,27604.2310
BTCUSDT,2023.03.06,08:00:00,22380.900000,22443.900000,22345.300000,22370.000000,29029.7060
BTCUSDT,2023.03.06,12:00:00,22369.900000,22594.500000,22348.000000,22543.600000,69925.5960
BTCUSDT,2023.03.06,16:00:00,22543.600000,22576.100000,22350.000000,22382.800000,72720.9270
BTCUSDT,2023.03.06,20:00:00,22382.900000,22437.500000,22307.900000,22397.100000,34143.0900
BTCUSDT,2023.03.07,00:00:00,22397.100000,22550.000000,22364.200000,22449.100000,38691.8720
BTCUSDT,2023.03.07,04:00:00,22449.100000,22467.800000,22402.500000,22408.400000,18027.8540
BTCUSDT,2023.03.07,08:00:00,22408.500000,22419.700000,22303.300000,22339.800000,42943.9050
BTCUSDT,2023.03.07,12:00:00,22339.800000,22482.600000,21908.000000,22307.500000,241400.3760
BTCUSDT,2023.03.07,16:00:00,22307.600000,22387.600000,22039.000000,22118.600000,111947.4590
BTCUSDT,2023.03.07,20:00:00,22118.500000,22223.400000,21929.000000,22187.100000,95482.6330
BTCUSDT,2023.03.08,00:00:00,22187.100000,22276.400000,22073.300000,22141.800000,51149.4710
BTCUSDT,2023.03.08,04:00:00,22141.800000,22155.500000,21800.000000,21962.200000,89535.7110
BTCUSDT,2023.03.08,08:00:00,21962.200000,22135.000000,21932.800000,22061.200000,56848.3170
BTCUSDT,2023.03.08,12:00:00,22061.100000,22222.000000,21880.000000,22129.500000,148584.4590
BTCUSDT,2023.03.08,16:00:00,22129.600000,22209.200000,21936.000000,21993.700000,77456.2770
BTCUSDT,2023.03.08,20:00:00,21993.800000,22127.400000,21540.500000,21695.400000,124293.7320
BTCUSDT,2023.03.09,00:00:00,21695.300000,21798.000000,21616.500000,21762.600000,53609.8850
BTCUSDT,2023.03.09,04:00:00,21762.600000,21766.000000,21660.000000,21680.900000,30228.7460
BTCUSDT,2023.03.09,08:00:00,21680.900000,21694.500000,21511.100000,21664.400000,84936.5900
BTCUSDT,2023.03.09,12:00:00,21664.400000,21823.000000,21550.000000,21637.400000,128925.2740
BTCUSDT,2023.03.09,16:00:00,21637.400000,21666.400000,20750.000000,20845.600000,317672.0410
BTCUSDT,2023.03.09,20:00:00,20845.600000,20858.400000,20003.500000,20348.300000,336530.8240
BTCUSDT,2023.03.10,00:00:00,20348.400000,20351.800000,19752.000000,20042.100000,228402.2640
BTCUSDT,2023.03.10,04:00:00,20042.100000,20052.000000,19757.000000,19942.900000,144189.8720
BTCUSDT,2023.03.10,08:00:00,19943.000000,19967.600000,19521.600000,19750.000000,189712.3400
BTCUSDT,2023.03.10,12:00:00,19749.900000,20293.000000,19650.000000,19995.000000,377610.3700
BTCUSDT,2023.03.10,16:00:00,19995.000000,20298.000000,19815.600000,20015.300000,193622.3400
BTCUSDT,2023.03.10,20:00:00,20014.500000,20232.500000,19835.000000,20140.300000,104598.0790
BTCUSDT,2023.03.11,00:00:00,20140.300000,20674.500000,20124.800000,20381.200000,207973.4910
BTCUSDT,2023.03.11,04:00:00,20381.300000,20424.700000,19812.200000,19844.300000,139732.2170
BTCUSDT,2023.03.11,08:00:00,19844.400000,20200.000000,19752.500000,20077.600000,150200.0280
BTCUSDT,2023.03.11,12:00:00,20077.500000,20195.000000,20017.300000,20052.300000,70208.5500
BTCUSDT,2023.03.11,16:00:00,20052.300000,20348.300000,19968.300000,20210.000000,96711.7370
BTCUSDT,2023.03.11,20:00:00,20209.900000,20531.000000,20206.700000,20447.300000,88653.5350
BTCUSDT,2023.03.12,00:00:00,20447.300000,20490.000000,20298.300000,20367.400000,69581.2720
BTCUSDT,2023.03.12,04:00:00,20367.700000,20429.700000,20262.200000,20335.600000,39349.3680
BTCUSDT,2023.03.12,08:00:00,20335.600000,20488.500000,20326.800000,20435.000000,51563.0890
BTCUSDT,2023.03.12,12:00:00,20434.900000,20452.300000,20270.000000,20347.900000,73260.4690
BTCUSDT,2023.03.12,16:00:00,20347.800000,21350.000000,20332.500000,20770.500000,320423.3970
BTCUSDT,2023.03.12,20:00:00,20770.600000,22184.000000,20750.800000,21986.200000,327344.8070
BTCUSDT,2023.03.13,00:00:00,21986.200000,22598.000000,21856.000000,22221.700000,220127.8000
BTCUSDT,2023.03.13,04:00:00,22221.800000,22500.000000,22213.800000,22451.600000,107550.8910
BTCUSDT,2023.03.13,08:00:00,22451.500000,22542.000000,21804.000000,22092.600000,212765.4330
BTCUSDT,2023.03.13,12:00:00,22092.600000,24517.200000,21945.000000,24009.000000,677353.1410
BTCUSDT,2023.03.13,16:00:00,24009.000000,24437.900000,23777.000000,24314.600000,228551.4660
BTCUSDT,2023.03.13,20:00:00,24314.600000,24350.000000,23935.700000,24119.500000,88633.4450
BTCUSDT,2023.03.14,00:00:00,24119.500000,24507.000000,23990.000000,24379.900000,103809.1900
BTCUSDT,2023.03.14,04:00:00,24379.900000,24850.000000,24148.000000,24251.900000,154883.6250
BTCUSDT,2023.03.14,08:00:00,24252.300000,24844.400000,24121.700000,24747.300000,156510.3760
BTCUSDT,2023.03.14,12:00:00,24747.400000,26489.900000,24405.000000,25911.300000,572682.2370
BTCUSDT,2023.03.14,16:00:00,25911.300000,26025.700000,24222.000000,25065.500000,344601.1970
BTCUSDT,2023.03.14,20:00:00,25066.400000,25184.000000,23951.000000,24682.500000,240076.0100
BTCUSDT,2023.03.15,00:00:00,24682.500000,25088.000000,24318.000000,24741.600000,126773.0080
BTCUSDT,2023.03.15,04:00:00,24741.600000,24940.000000,24609.400000,24892.000000,66779.1790
BTCUSDT,2023.03.15,08:00:00,24892.000000,24937.700000,24266.000000,24782.600000,173691.8090
BTCUSDT,2023.03.15,12:00:00,24782.600000,25200.000000,24364.700000,24480.100000,376951.6570
BTCUSDT,2023.03.15,16:00:00,24480.000000,24534.400000,23888.000000,24379.800000,279276.7420
BTCUSDT,2023.03.15,20:00:00,24379.800000,24645.400000,24222.600000,24288.000000,78584.0340
BTCUSDT,2023.03.16,00:00:00,24287.900000,24440.000000,24120.500000,24271.900000,68553.1690
BTCUSDT,2023.03.16,04:00:00,24271.900000,24694.900000,24178.000000,24614.500000,88010.4630
BTCUSDT,2023.03.16,08:00:00,24614.500000,25060.000000,24370.000000,24821.400000,175784.6300
BTCUSDT,2023.03.16,12:00:00,24821.400000,25030.000000,24516.000000,24880.600000,182794.4920
BTCUSDT,2023.03.16,16:00:00,24880.700000,25167.900000,24590.900000,24945.900000,128630.7210
BTCUSDT,2023.03.16,20:00:00,24945.900000,25097.800000,24602.500000,24990.400000,91673.4710
BTCUSDT,2023.03.17,00:00:00,24990.500000,25896.500000,24875.300000,25769.900000,202957.8310
BTCUSDT,2023.03.17,04:00:00,25769.900000,26200.000000,25638.800000,26046.900000,159158.3850
BTCUSDT,2023.03.17,08:00:00,26046.900000,26980.000000,25912.500000,26914.100000,276537.2490
BTCUSDT,2023.03.17,12:00:00,26914.100000,26930.000000,26120.000000,26412.600000,264742.7610
BTCUSDT,2023.03.17,16:00:00,26412.700000,26850.000000,26250.000000,26830.000000,166531.9460
BTCUSDT,2023.03.17,20:00:00,26830.000000,27763.400000,26571.200000,27384.000000,271230.8920
BTCUSDT,2023.03.18,00:00:00,27383.900000,27726.400000,27050.000000,27293.300000,145608.5540
BTCUSDT,2023.03.18,04:00:00,27293.400000,27600.000000,27205.000000,27351.900000,67348.4210
BTCUSDT,2023.03.18,08:00:00,27351.900000,27500.000000,27050.000000,27440.000000,87883.2270
BTCUSDT,2023.03.18,12:00:00,27439.900000,27658.400000,27037.000000,27218.900000,147089.4060
BTCUSDT,2023.03.18,16:00:00,27218.900000,27490.000000,26555.500000,27322.900000,196552.1420
BTCUSDT,2023.03.18,20:00:00,27322.800000,27453.300000,26790.000000,26907.000000,95750.5660
BTCUSDT,2023.03.19,00:00:00,26907.000000,27269.100000,26901.600000,27194.700000,54712.4690
BTCUSDT,2023.03.19,04:00:00,27194.800000,27282.700000,26815.900000,26963.400000,62219.7780
BTCUSDT,2023.03.19,08:00:00,26963.400000,27192.000000,26868.700000,27152.200000,69530.3970
BTCUSDT,2023.03.19,12:00:00,27152.200000,27799.900000,27090.000000,27534.300000,164948.1330
BTCUSDT,2023.03.19,16:00:00,27533.700000,28383.600000,27456.000000,28245.300000,261335.8650
BTCUSDT,2023.03.19,20:00:00,28245.400000,28397.000000,27722.400000,27955.700000,146620.4360
BTCUSDT,2023.03.20,00:00:00,27955.800000,28048.000000,27120.600000,27264.300000,154695.6120
BTCUSDT,2023.03.20,04:00:00,27264.300000,28261.900000,27140.000000,28168.500000,139390.5420
BTCUSDT,2023.03.20,08:00:00,28168.500000,28483.200000,27881.200000,28176.800000,202307.2080
BTCUSDT,2023.03.20,12:00:00,28176.800000,28254.300000,27570.000000,27679.700000,185779.9650
BTCUSDT,2023.03.20,16:00:00,27679.700000,28031.000000,27445.000000,27769.500000,159678.7840
BTCUSDT,2023.03.20,20:00:00,27769.600000,28180.800000,27566.800000,27704.100000,95371.3370
BTCUSDT,2023.03.21,00:00:00,27704.100000,27940.000000,27653.700000,27773.000000,53957.0500
BTCUSDT,2023.03.21,04:00:00,27773.100000,27960.700000,27288.000000,27490.900000,105693.2260
BTCUSDT,2023.03.21,08:00:00,27490.900000,28172.500000,27382.500000,28026.100000,143510.0080
BTCUSDT,2023.03.21,12:00:00,28026.100000,28252.500000,27706.000000,28028.700000,166353.6680
BTCUSDT,2023.03.21,16:00:00,28028.700000,28460.000000,27921.500000,28111.300000,165393.8340
BTCUSDT,2023.03.21,20:00:00,28111.200000,28200.000000,27902.000000,28091.100000,50579.9280
BTCUSDT,2023.03.22,00:00:00,28091.100000,28286.300000,27930.000000,28137.700000,62536.5520
BTCUSDT,2023.03.22,04:00:00,28137.600000,28280.000000,28002.600000,28088.200000,54361.4660
BTCUSDT,2023.03.22,08:00:00,28088.200000,28213.700000,27962.100000,28113.500000,61658.4490
BTCUSDT,2023.03.22,12:00:00,28113.500000,28758.100000,28090.400000,28586.200000,220961.5860
BTCUSDT,2023.03.22,16:00:00,28586.100000,28881.000000,26620.000000,26654.100000,512273.4400
BTCUSDT,2023.03.22,20:00:00,26653.300000,27425.300000,26590.000000,27233.800000,168601.7770
BTCUSDT,2023.03.23,00:00:00,27233.800000,27421.800000,27101.000000,27343.700000,63845.6940
BTCUSDT,2023.03.23,04:00:00,27343.700000,27680.000000,27231.300000,27616.400000,84538.1370
BTCUSDT,2023.03.23,08:00:00,27616.300000,27735.000000,27420.000000,27573.400000,67047.2400
BTCUSDT,2023.03.23,12:00:00,27573.500000,28777.000000,27267.000000,28574.500000,280955.4010
BTCUSDT,2023.03.23,16:00:00,28574.600000,28645.200000,27757.100000,28362.500000,222300.5610
BTCUSDT,2023.03.23,20:00:00,28362.500000,28439.000000,27945.800000,28284.100000,89487.0140
BTCUSDT,2023.03.24,00:00:00,28284.000000,28369.100000,28120.000000,28211.300000,44984.8920
BTCUSDT,2023.03.24,04:00:00,28211.300000,28334.000000,28078.400000,28269.900000,45073.2810
BTCUSDT,2023.03.24,08:00:00,28270.000000,28289.100000,27312.500000,27558.400000,144031.6110
BTCUSDT,2023.03.24,12:00:00,27558.400000,28260.000000,27523.000000,27997.200000,208669.3200
BTCUSDT,2023.03.24,16:00:00,27997.200000,28040.000000,27501.000000,27811.300000,128438.5800
BTCUSDT,2023.03.24,20:00:00,27811.400000,27854.400000,26960.000000,27438.900000,124877.6860
BTCUSDT,2023.03.25,00:00:00,27439.000000,27648.400000,27400.000000,27568.600000,42513.5580
BTCUSDT,2023.03.25,04:00:00,27568.600000,27598.000000,27360.000000,27473.500000,39018.0210
BTCUSDT,2023.03.25,08:00:00,27473.500000,27524.700000,27302.000000,27445.600000,49158.2750
BTCUSDT,2023.03.25,12:00:00,27445.700000,27788.000000,27340.000000,27631.400000,74902.1600
BTCUSDT,2023.03.25,16:00:00,27631.400000,27721.000000,27131.800000,27179.500000,83903.1790
BTCUSDT,2023.03.25,20:00:00,27179.400000,27522.000000,27139.700000,27447.300000,46178.8620
BTCUSDT,2023.03.26,00:00:00,27447.200000,27640.000000,27400.000000,27517.300000,38527.4100
BTCUSDT,2023.03.26,04:00:00,27517.200000,27560.000000,27444.700000,27492.400000,25075.9490
BTCUSDT,2023.03.26,08:00:00,27492.400000,27991.500000,27460.900000,27852.100000,73218.7130
BTCUSDT,2023.03.26,12:00:00,27852.000000,28186.900000,27677.300000,27790.100000,146722.2810
BTCUSDT,2023.03.26,16:00:00,27790.100000,27934.700000,27590.600000,27814.100000,49048.1150
BTCUSDT,2023.03.26,20:00:00,27814.000000,28138.300000,27655.700000,27954.300000,67164.5170
BTCUSDT,2023.03.27,00:00:00,27954.300000,28019.400000,27757.400000,27878.400000,44345.1300
BTCUSDT,2023.03.27,04:00:00,27878.400000,27929.200000,27650.000000,27794.500000,50007.6140
BTCUSDT,2023.03.27,08:00:00,27794.500000,27986.800000,27760.100000,27879.900000,51239.0370
BTCUSDT,2023.03.27,12:00:00,27879.900000,27917.400000,26480.000000,26887.300000,308699.0950
BTCUSDT,2023.03.27,16:00:00,26887.300000,27300.000000,26838.800000,26956.800000,134145.3740
BTCUSDT,2023.03.27,20:00:00,26956.900000,27246.900000,26860.000000,27112.000000,53998.5720
BTCUSDT,2023.03.28,00:00:00,27112.000000,27162.500000,26800.000000,26955.500000,65014.8490
BTCUSDT,2023.03.28,04:00:00,26955.600000,27132.000000,26864.000000,26947.200000,58412.2380
BTCUSDT,2023.03.28,08:00:00,26947.300000,27150.000000,26610.000000,27046.700000,128644.6910
BTCUSDT,2023.03.28,12:00:00,27046.800000,27200.000000,26820.100000,26984.900000,123639.0890
BTCUSDT,2023.03.28,16:00:00,26984.800000,27500.000000,26720.300000,27412.100000,151133.8210
BTCUSDT,2023.03.28,20:00:00,27412.100000,27482.500000,27080.000000,27249.700000,58236.0840
BTCUSDT,2023.03.29,00:00:00,27249.700000,27465.700000,27223.600000,27354.100000,46690.5550
BTCUSDT,2023.03.29,04:00:00,27354.100000,28210.700000,27333.700000,28077.700000,154440.6390
BTCUSDT,2023.03.29,08:00:00,28077.800000,28649.900000,28025.500000,28347.500000,170742.7660
BTCUSDT,2023.03.29,12:00:00,28347.500000,28589.500000,28211.500000,28426.300000,132706.0770
BTCUSDT,2023.03.29,16:00:00,28426.400000,28444.000000,28119.500000,28406.100000,91922.4580
BTCUSDT,2023.03.29,20:00:00,28406.200000,28500.000000,28200.000000,28338.500000,59350.4760
BTCUSDT,2023.03.30,00:00:00,28338.600000,29184.800000,28066.000000,28470.500000,244943.1460
BTCUSDT,2023.03.30,04:00:00,28470.400000,28760.000000,28425.000000,28706.600000,79859.6670
BTCUSDT,2023.03.30,08:00:00,28706.500000,28734.200000,28469.000000,28630.100000,63603.0140
BTCUSDT,2023.03.30,12:00:00,28630.000000,28683.500000,28146.400000,28282.800000,132433.7930
BTCUSDT,2023.03.30,16:00:00,28282.800000,28285.100000,27654.100000,27971.300000,176918.7720
BTCUSDT,2023.03.30,20:00:00,27971.400000,28187.700000,27762.300000,28015.000000,73207.7080
BTCUSDT,2023.03.31,00:00:00,28015.000000,28367.900000,27900.000000,28152.300000,82802.2460
BTCUSDT,2023.03.31,04:00:00,28152.200000,28214.800000,27500.000000,27733.300000,101966.8350
BTCUSDT,2023.03.31,08:00:00,27733.300000,27978.300000,27670.000000,27916.000000,76287.6690
BTCUSDT,2023.03.31,12:00:00,27916.000000,28675.300000,27860.200000,28488.500000,217230.7390
BTCUSDT,2023.03.31,16:00:00,28488.600000,28533.900000,28250.100000,28459.000000,81771.5130
BTCUSDT,2023.03.31,20:00:00,28458.900000,28632.500000,28322.000000,28454.900000,51498.2880
BTCUSDT,2023.04.01,00:00:00,28454.800000,28845.300000,28400.000000,28532.000000,65781.3380
BTCUSDT,2023.04.01,04:00:00,28532.100000,28617.800000,28328.000000,28416.100000,46755.7450
BTCUSDT,2023.04.01,08:00:00,28416.100000,28476.900000,28350.000000,28365.500000,28874.6620
BTCUSDT,2023.04.01,12:00:00,28365.400000,28430.000000,28180.000000,28387.200000,49661.9740
BTCUSDT,2023.04.01,16:00:00,28387.200000,28430.000000,28259.200000,28368.300000,28679.3200
BTCUSDT,2023.04.01,20:00:00,28368.400000,28575.000000,28365.000000,28443.800000,36734.1830
BTCUSDT,2023.04.02,00:00:00,28443.700000,28516.500000,28340.000000,28463.000000,28921.9260
BTCUSDT,2023.04.02,04:00:00,28463.000000,28483.700000,28366.000000,28401.300000,21969.8460
BTCUSDT,2023.04.02,08:00:00,28401.300000,28432.900000,28287.000000,28344.900000,30770.0770
BTCUSDT,2023.04.02,12:00:00,28344.900000,28352.500000,28022.000000,28110.200000,92591.7240
BTCUSDT,2023.04.02,16:00:00,28110.100000,28218.200000,27820.000000,27933.700000,83183.9190
BTCUSDT,2023.04.02,20:00:00,27933.700000,28197.600000,27825.200000,28161.200000,59221.1780
BTCUSDT,2023.04.03,00:00:00,28161.300000,28171.300000,27552.400000,27738.100000,92246.7580
BTCUSDT,2023.04.03,04:00:00,27738.100000,27951.900000,27559.200000,27946.500000,59558.1740
BTCUSDT,2023.04.03,08:00:00,27946.500000,28540.000000,27944.000000,28243.400000,169915.8480
BTCUSDT,2023.04.03,12:00:00,28243.300000,28370.000000,27933.000000,28032.500000,141711.3420
BTCUSDT,2023.04.03,16:00:00,28034.100000,28230.000000,27863.000000,28071.800000,99518.6320
BTCUSDT,2023.04.03,20:00:00,28071.800000,28084.000000,27166.000000,27786.100000,178714.8090
BTCUSDT,2023.04.04,00:00:00,27786.100000,27950.000000,27650.200000,27843.700000,57048.5550
BTCUSDT,2023.04.04,04:00:00,27843.600000,28141.600000,27753.200000,28013.200000,58199.4020
BTCUSDT,2023.04.04,08:00:00,28013.200000,28450.000000,27909.300000,28274.600000,106225.3170
BTCUSDT,2023.04.04,12:00:00,28274.700000,28392.500000,27935.200000,28011.700000,113740.2580
BTCUSDT,2023.04.04,16:00:00,28011.700000,28250.000000,27952.800000,28171.100000,56580.8480
BTCUSDT,2023.04.04,20:00:00,28171.000000,28300.000000,28061.500000,28155.200000,40576.2320
BTCUSDT,2023.04.05,00:00:00,28155.100000,28800.000000,28085.800000,28536.100000,125905.0520
BTCUSDT,2023.04.05,04:00:00,28536.100000,28615.000000,28433.400000,28515.700000,38202.0060
BTCUSDT,2023.04.05,08:00:00,28515.700000,28593.000000,28432.400000,28544.000000,37263.2940
BTCUSDT,2023.04.05,12:00:00,28543.900000,28741.000000,27830.100000,28014.900000,208759.5200
BTCUSDT,2023.04.05,16:00:00,28015.000000,28300.000000,27775.000000,28229.100000,99424.7480
BTCUSDT,2023.04.05,20:00:00,28229.200000,28290.000000,28110.000000,28154.000000,34158.2180
BTCUSDT,2023.04.06,00:00:00,28154.000000,28166.700000,27855.000000,28117.400000,57949.7650
BTCUSDT,2023.04.06,04:00:00,28117.400000,28117.500000,27889.000000,27896.800000,36721.7310
BTCUSDT,2023.04.06,08:00:00,27896.700000,28024.600000,27684.200000,27934.900000,78981.4750
BTCUSDT,2023.04.06,12:00:00,27935.000000,28175.000000,27724.000000,28079.300000,102413.3060
BTCUSDT,2023.04.06,16:00:00,28079.300000,28156.200000,27931.300000,28005.000000,45472.3860
BTCUSDT,2023.04.06,20:00:00,28005.000000,28112.000000,27873.500000,28022.800000,34378.1190
BTCUSDT,2023.04.07,00:00:00,28022.900000,28096.000000,27911.000000,28022.200000,27954.2460
BTCUSDT,2023.04.07,04:00:00,28022.200000,28052.200000,27755.000000,27822.000000,43965.6990
BTCUSDT,2023.04.07,08:00:00,27822.100000,27954.000000,27772.600000,27830.000000,47983.6340
BTCUSDT,2023.04.07,12:00:00,27829.900000,27981.100000,27776.500000,27930.200000,58901.7650
BTCUSDT,2023.04.07,16:00:00,27930.200000,27940.600000,27842.200000,27886.400000,18629.2370
BTCUSDT,2023.04.07,20:00:00,27886.300000,27975.000000,27822.900000,27890.700000,21815.5970
BTCUSDT,2023.04.08,00:00:00,27890.700000,28069.900000,27850.100000,28005.900000,26709.1140
BTCUSDT,2023.04.08,04:00:00,28005.900000,28153.600000,27954.000000,28073.800000,38189.9460
BTCUSDT,2023.04.08,08:00:00,28073.800000,28107.700000,27975.500000,27997.700000,22421.5070
BTCUSDT,2023.04.08,12:00:00,27997.700000,28047.900000,27925.100000,28004.300000,23432.4430
BTCUSDT,2023.04.08,16:00:00,28004.300000,28010.500000,27855.000000,27909.100000,29141.0620
BTCUSDT,2023.04.08,20:00:00,27909.200000,27977.100000,27866.400000,27924.900000,19235.4880
BTCUSDT,2023.04.09,00:00:00,27924.900000,28078.100000,27907.700000,28012.000000,30081.5710
BTCUSDT,2023.04.09,04:00:00,28011.900000,28055.000000,27820.000000,27888.200000,47649.4190
BTCUSDT,2023.04.09,08:00:00,27888.200000,27927.000000,27762.800000,27919.300000,31551.5720
BTCUSDT,2023.04.09,12:00:00,27919.300000,27960.000000,27777.000000,27873.600000,35449.2630
BTCUSDT,2023.04.09,16:00:00,27873.600000,28290.600000,27860.300000,28132.400000,69130.2630
BTCUSDT,2023.04.09,20:00:00,28132.400000,28539.100000,28077.100000,28309.400000,91999.7920
BTCUSDT,2023.04.10,00:00:00,28309.400000,28420.000000,28230.000000,28269.800000,39158.1560
BTCUSDT,2023.04.10,04:00:00,28269.800000,28308.000000,28180.000000,28278.200000,32457.9100
BTCUSDT,2023.04.10,08:00:00,28278.300000,28383.000000,28258.700000,28294.300000,33714.0230
BTCUSDT,2023.04.10,12:00:00,28294.300000,28590.000000,28153.600000,28427.700000,91957.0510
BTCUSDT,2023.04.10,16:00:00,28427.700000,29300.000000,28368.900000,29164.900000,244253.7520
BTCUSDT,2023.04.10,20:00:00,29164.900000,29840.000000,29058.000000,29623.100000,138521.0330
BTCUSDT,2023.04.11,00:00:00,29623.100000,30491.000000,29573.900000,30105.800000,202989.7150
BTCUSDT,2023.04.11,04:00:00,30105.700000,30160.000000,29752.100000,30095.300000,75212.7680
BTCUSDT,2023.04.11,08:00:00,30095.300000,30140.000000,29966.000000,30045.000000,53203.5010
BTCUSDT,2023.04.11,12:00:00,30045.100000,30280.000000,29938.900000,30179.400000,117522.2620
BTCUSDT,2023.04.11,16:00:00,30179.500000,30564.000000,30017.800000,30121.900000,112939.4720
BTCUSDT,2023.04.11,20:00:00,30122.000000,30269.900000,29896.000000,30185.100000,67110.7730
BTCUSDT,2023.04.12,00:00:00,30185.100000,30350.000000,29811.000000,29914.800000,93503.5800
BTCUSDT,2023.04.12,04:00:00,29914.800000,30063.000000,29829.500000,29979.400000,47788.5780
BTCUSDT,2023.04.12,08:00:00,29979.500000,30041.200000,29881.400000,30003.700000,37903.6780
BTCUSDT,2023.04.12,12:00:00,30003.700000,30480.000000,29620.000000,29948.000000,266359.4000
BTCUSDT,2023.04.12,16:00:00,29948.000000,30087.700000,29736.000000,29789.500000,77609.1560
BTCUSDT,2023.04.12,20:00:00,29789.500000,29970.000000,29761.900000,29875.000000,40504.0380
BTCUSDT,2023.04.13,00:00:00,29874.900000,30270.000000,29836.700000,30057.300000,52435.9530
BTCUSDT,2023.04.13,04:00:00,30057.200000,30120.000000,29980.100000,30054.100000,28862.3150
BTCUSDT,2023.04.13,08:00:00,30054.000000,30369.000000,30025.700000,30149.200000,92038.9370
BTCUSDT,2023.04.13,12:00:00,30149.100000,30648.900000,30116.500000,30422.500000,147335.3440
BTCUSDT,2023.04.13,16:00:00,30422.600000,30539.700000,30242.100000,30323.100000,76467.5630
BTCUSDT,2023.04.13,20:00:00,30323.000000,30385.200000,30185.000000,30362.700000,39042.3820
BTCUSDT,2023.04.14,00:00:00,30362.700000,30950.000000,30293.000000,30684.600000,143783.6260
BTCUSDT,2023.04.14,04:00:00,30684.500000,31059.000000,30665.900000,30739.900000,95052.4820
BTCUSDT,2023.04.14,08:00:00,30739.900000,30819.300000,30647.000000,30790.000000,51819.1430
BTCUSDT,2023.04.14,12:00:00,30789.900000,30840.000000,30080.100000,30226.700000,173876.1770
BTCUSDT,2023.04.14,16:00:00,30226.700000,30340.800000,29925.000000,30311.200000,102233.9680
BTCUSDT,2023.04.14,20:00:00,30311.100000,30500.000000,30260.000000,30453.100000,48626.2190
BTCUSDT,2023.04.15,00:00:00,30453.000000,30599.900000,30270.000000,30367.100000,41220.2160
BTCUSDT,2023.04.15,04:00:00,30367.000000,30464.000000,30327.400000,30416.600000,20229.7320
BTCUSDT,2023.04.15,08:00:00,30416.600000,30460.000000,30340.600000,30371.000000,24960.6120
BTCUSDT,2023.04.15,12:00:00,30370.900000,30432.100000,30270.700000,30319.900000,32820.0690
BTCUSDT,2023.04.15,16:00:00,30319.900000,30333.000000,30186.000000,30318.800000,38861.6550
BTCUSDT,2023.04.15,20:00:00,30318.900000,30350.000000,30220.400000,30280.400000,22141.7980
BTCUSDT,2023.04.16,00:00:00,30280.400000,30311.000000,30102.000000,30249.000000,26508.9450
BTCUSDT,2023.04.16,04:00:00,30249.000000,30397.400000,30240.500000,30330.800000,21303.2150
BTCUSDT,2023.04.16,08:00:00,30330.800000,30345.100000,30210.000000,30220.100000,23037.5830
BTCUSDT,2023.04.16,12:00:00,30220.100000,30363.200000,30142.500000,30324.700000,40131.0780
BTCUSDT,2023.04.16,16:00:00,30324.700000,30560.000000,30252.300000,30306.000000,57612.6500
BTCUSDT,2023.04.16,20:00:00,30306.000000,30399.900000,30170.900000,30286.600000,41632.5480
BTCUSDT,2023.04.17,00:00:00,30286.600000,30307.400000,29714.100000,29966.500000,111581.6570
BTCUSDT,2023.04.17,04:00:00,29966.500000,29994.600000,29822.000000,29831.100000,33276.8310
BTCUSDT,2023.04.17,08:00:00,29831.200000,29913.600000,29283.800000,29558.100000,93915.9740
BTCUSDT,2023.04.17,12:00:00,29558.100000,29589.400000,29219.900000,29346.500000,131855.3840
BTCUSDT,2023.04.17,16:00:00,29346.500000,29565.000000,29316.300000,29459.600000,55047.7820
BTCUSDT,2023.04.17,20:00:00,29459.600000,29524.000000,29370.000000,29420.000000,29840.9200
BTCUSDT,2023.04.18,00:00:00,29420.100000,29485.000000,29078.100000,29431.700000,65673.9690
BTCUSDT,2023.04.18,04:00:00,29431.600000,29790.000000,29426.600000,29756.800000,59863.9300
BTCUSDT,2023.04.18,08:00:00,29756.800000,30378.000000,29678.200000,30369.700000,120369.8920
BTCUSDT,2023.04.18,12:00:00,30369.700000,30480.000000,30082.800000,30170.200000,143790.8760
BTCUSDT,2023.04.18,16:00:00,30170.100000,30269.700000,29927.600000,30205.800000,89098.2700
BTCUSDT,2023.04.18,20:00:00,30205.800000,30450.000000,30132.900000,30365.800000,54392.3330
BTCUSDT,2023.04.19,00:00:00,30365.800000,30410.000000,30107.200000,30199.900000,42292.8440
BTCUSDT,2023.04.19,04:00:00,30199.900000,30326.900000,29960.000000,30064.800000,57670.9110
BTCUSDT,2023.04.19,08:00:00,30064.700000,30067.100000,28800.000000,29299.900000,224711.5310
BTCUSDT,2023.04.19,12:00:00,29300.000000,29490.000000,29015.000000,29247.900000,98329.9300
BTCUSDT,2023.04.19,16:00:00,29248.000000,29357.200000,29033.000000,29210.600000,61620.3150
BTCUSDT,2023.04.19,20:00:00,29210.500000,29309.700000,28557.300000,28795.100000,159240.5790
BTCUSDT,2023.04.20,00:00:00,28795.000000,28994.400000,28520.200000,28850.100000,91900.1290
BTCUSDT,2023.04.20,04:00:00,28850.000000,29078.000000,28803.500000,28857.700000,58960.5840
BTCUSDT,2023.04.20,08:00:00,28857.700000,28938.000000,28575.600000,28601.600000,68189.9110
BTCUSDT,2023.04.20,12:00:00,28601.500000,28940.000000,28300.000000,28492.300000,164293.1110
BTCUSDT,2023.04.20,16:00:00,28492.400000,28650.000000,27983.000000,28091.200000,186202.8720
BTCUSDT,2023.04.20,20:00:00,28091.200000,28358.400000,27995.100000,28229.900000,69632.6790
BTCUSDT,2023.04.21,00:00:00,28229.900000,28368.900000,28076.100000,28309.100000,58395.5420
BTCUSDT,2023.04.21,04:00:00,28309.200000,28332.300000,27800.000000,28142.300000,119795.7090
BTCUSDT,2023.04.21,08:00:00,28142.400000,28225.800000,27904.400000,28054.500000,80831.3600
BTCUSDT,2023.04.21,12:00:00,28054.500000,28300.000000,27954.400000,28032.800000,126677.7630
BTCUSDT,2023.04.21,16:00:00,28032.800000,28086.400000,27188.000000,27273.600000,211114.7330
BTCUSDT,2023.04.21,20:00:00,27273.600000,27400.000000,27100.000000,27252.500000,91017.7260
BTCUSDT,2023.04.22,00:00:00,27252.600000,27360.000000,27126.000000,27309.900000,45729.4710
BTCUSDT,2023.04.22,04:00:00,27309.900000,27387.800000,27204.500000,27268.400000,36075.0680
BTCUSDT,2023.04.22,08:00:00,27268.400000,27310.000000,27166.000000,27276.100000,42889.6520
BTCUSDT,2023.04.22,12:00:00,27276.100000,27556.100000,27219.500000,27477.100000,82203.7550
BTCUSDT,2023.04.22,16:00:00,27477.100000,27780.000000,27470.500000,27604.700000,86509.8050
BTCUSDT,2023.04.22,20:00:00,27604.600000,27888.000000,27554.600000,27807.200000,52141.2700
BTCUSDT,2023.04.23,00:00:00,27807.200000,27807.300000,27390.300000,27545.200000,66658.7570
BTCUSDT,2023.04.23,04:00:00,27545.200000,27738.500000,27519.200000,27704.600000,32611.8610
BTCUSDT,2023.04.23,08:00:00,27704.700000,27760.000000,27463.400000,27632.800000,49943.6570
BTCUSDT,2023.04.23,12:00:00,27632.800000,27729.000000,27279.700000,27460.200000,70478.5220
BTCUSDT,2023.04.23,16:00:00,27460.200000,27679.600000,27307.000000,27453.300000,74820.1670
BTCUSDT,2023.04.23,20:00:00,27453.300000,27642.600000,27388.300000,27576.000000,37569.3910
BTCUSDT,2023.04.24,00:00:00,27575.900000,28000.000000,27410.000000,27780.000000,99571.4460
BTCUSDT,2023.04.24,04:00:00,27780.100000,27782.300000,27331.000000,27440.800000,65884.3910
BTCUSDT,2023.04.24,08:00:00,27440.900000,27544.000000,27140.000000,27540.000000,101737.7720
BTCUSDT,2023.04.24,12:00:00,27539.900000,27700.000000,27208.000000,27256.000000,135196.3780
BTCUSDT,2023.04.24,16:00:00,27255.900000,27577.000000,26919.300000,27373.800000,141565.2150
BTCUSDT,2023.04.24,20:00:00,27373.800000,27547.100000,27305.200000,27497.500000,37313.0660
BTCUSDT,2023.04.25,00:00:00,27497.400000,27583.600000,27305.300000,27337.600000,43907.3610
BTCUSDT,2023.04.25,04:00:00,27337.600000,27452.800000,27222.700000,27252.300000,45282.5670
BTCUSDT,2023.04.25,08:00:00,27252.400000,27430.000000,27176.600000,27382.100000,66538.6370
BTCUSDT,2023.04.25,12:00:00,27382.200000,27466.000000,27200.000000,27329.500000,74964.7820
BTCUSDT,2023.04.25,16:00:00,27329.500000,27787.500000,27302.400000,27596.100000,115386.1670
BTCUSDT,2023.04.25,20:00:00,27596.200000,28379.900000,27596.200000,28286.700000,162175.0010
BTCUSDT,2023.04.26,00:00:00,28286.700000,28473.000000,28232.800000,28296.200000,71407.1850
BTCUSDT,2023.04.26,04:00:00,28296.100000,28588.000000,28285.900000,28365.000000,62803.7220
BTCUSDT,2023.04.26,08:00:00,28364.900000,29146.400000,28357.100000,28940.700000,213528.4250
BTCUSDT,2023.04.26,12:00:00,28940.700000,30048.200000,28940.600000,29803.000000,306318.8120
BTCUSDT,2023.04.26,16:00:00,29803.100000,29899.000000,27644.200000,27871.900000,297334.6300
BTCUSDT,2023.04.26,20:00:00,27871.900000,28729.100000,27200.000000,28395.900000,333531.8940
BTCUSDT,2023.04.27,00:00:00,28396.000000,29480.000000,28365.300000,28876.600000,231823.0140
BTCUSDT,2023.04.27,04:00:00,28876.600000,29272.600000,28612.700000,28880.000000,112459.2120
BTCUSDT,2023.04.27,08:00:00,28880.100000,29139.200000,28768.000000,28921.200000,98201.4120
BTCUSDT,2023.04.27,12:00:00,28921.200000,29600.000000,28650.000000,29136.700000,206699.4810
BTCUSDT,2023.04.27,16:00:00,29136.600000,29898.000000,29001.000000,29659.900000,204824.1290
BTCUSDT,2023.04.27,20:00:00,29659.900000,29781.700000,29239.200000,29459.000000,98577.4910
BTCUSDT,2023.04.28,00:00:00,29459.000000,29591.100000,29314.900000,29412.800000,78696.3540
BTCUSDT,2023.04.28,04:00:00,29412.800000,29560.900000,29382.900000,29473.900000,49552.7370
BTCUSDT,2023.04.28,08:00:00,29473.800000,29493.700000,29110.400000,29226.000000,86710.5530
BTCUSDT,2023.04.28,12:00:00,29225.900000,29463.300000,28870.000000,29133.900000,170065.2950
BTCUSDT,2023.04.28,16:00:00,29134.000000,29433.400000,29080.300000,29317.600000,89994.0090
BTCUSDT,2023.04.28,20:00:00,29317.600000,29417.900000,29250.000000,29300.000000,33331.2070
BTCUSDT,2023.04.29,00:00:00,29300.000000,29387.700000,29180.000000,29328.800000,39776.6220
BTCUSDT,2023.04.29,04:00:00,29328.800000,29443.900000,29275.000000,29333.900000,36929.5330
BTCUSDT,2023.04.29,08:00:00,29333.800000,29349.900000,29225.000000,29323.400000,35064.7910
BTCUSDT,2023.04.29,12:00:00,29323.400000,29385.000000,29200.200000,29258.100000,38754.3530
BTCUSDT,2023.04.29,16:00:00,29258.000000,29300.000000,29000.400000,29222.000000,47665.3220
BTCUSDT,2023.04.29,20:00:00,29222.100000,29258.600000,29115.600000,29212.700000,19822.6230
BTCUSDT,2023.04.30,00:00:00,29212.700000,29217.700000,29067.400000,29168.000000,25444.5740
BTCUSDT,2023.04.30,04:00:00,29168.000000,29287.500000,29158.600000,29252.000000,24448.0440
BTCUSDT,2023.04.30,08:00:00,29251.900000,29349.900000,29150.000000,29184.600000,33318.9710
BTCUSDT,2023.04.30,12:00:00,29184.600000,29950.000000,29169.900000,29644.200000,142401.4790
BTCUSDT,2023.04.30,16:00:00,29644.400000,29860.000000,29200.000000,29346.000000,117019.2490
BTCUSDT,2023.04.30,20:00:00,29346.000000,29471.000000,29145.300000,29223.000000,75166.5290
BTCUSDT,2023.05.01,00:00:00,29223.000000,29325.500000,28333.000000,28545.600000,143426.6300
BTCUSDT,2023.05.01,04:00:00,28545.600000,28700.000000,28200.000000,28610.000000,77991.2380
BTCUSDT,2023.05.01,08:00:00,28609.900000,28659.200000,28464.600000,28510.600000,39461.9840
BTCUSDT,2023.05.01,12:00:00,28510.600000,28618.000000,28052.100000,28158.300000,130179.6260
BTCUSDT,2023.05.01,16:00:00,28158.500000,28402.300000,27780.000000,27833.900000,148882.2000
BTCUSDT,2023.05.01,20:00:00,27833.900000,28143.000000,27650.000000,28054.400000,85032.8100
BTCUSDT,2023.05.02,00:00:00,28054.500000,28131.900000,27899.700000,28031.900000,44341.0900
BTCUSDT,2023.05.02,04:00:00,28031.900000,28158.000000,27854.000000,28045.000000,39868.2570
BTCUSDT,2023.05.02,08:00:00,28045.100000,28121.800000,27921.600000,28076.100000,39176.7340
BTCUSDT,2023.05.02,12:00:00,28076.200000,28778.000000,27900.000000,28521.100000,231570.6620
BTCUSDT,2023.05.02,16:00:00,28521.000000,28888.000000,28412.000000,28676.400000,110133.8210
BTCUSDT,2023.05.02,20:00:00,28676.500000,28820.000000,28600.600000,28656.500000,48455.7050
BTCUSDT,2023.05.03,00:00:00,28656.400000,28682.100000,28324.400000,28505.400000,58108.6230
BTCUSDT,2023.05.03,04:00:00,28505.500000,28674.000000,28407.300000,28638.300000,44177.4320
BTCUSDT,2023.05.03,08:00:00,28638.400000,28758.900000,28515.000000,28535.100000,52281.2050
BTCUSDT,2023.05.03,12:00:00,28535.000000,28567.000000,28080.000000,28292.700000,135071.9370
BTCUSDT,2023.05.03,16:00:00,28292.600000,28800.000000,28200.000000,28308.800000,229709.1930
BTCUSDT,2023.05.03,20:00:00,28308.800000,29258.400000,28267.300000,29018.400000,157117.8400
BTCUSDT,2023.05.04,00:00:00,29018.400000,29176.600000,28938.500000,29084.700000,48827.6820
BTCUSDT,2023.05.04,04:00:00,29084.700000,29228.100000,29022.400000,29048.600000,50341.4710
BTCUSDT,2023.05.04,08:00:00,29048.700000,29380.000000,28967.400000,29145.000000,78089.7230
BTCUSDT,2023.05.04,12:00:00,29145.000000,29221.500000,28660.000000,28850.000000,145934.7500
BTCUSDT,2023.05.04,16:00:00,28850.000000,28966.000000,28660.000000,28883.200000,73790.9690
BTCUSDT,2023.05.04,20:00:00,28883.200000,28913.300000,28731.200000,28826.000000,29440.9890
BTCUSDT,2023.05.05,00:00:00,28826.000000,29551.000000,28802.800000,29187.000000,115027.0390
BTCUSDT,2023.05.05,04:00:00,29187.000000,29264.300000,29025.000000,29059.000000,52721.9490
BTCUSDT,2023.05.05,08:00:00,29058.900000,29185.600000,29010.000000,29137.500000,44105.5570
BTCUSDT,2023.05.05,12:00:00,29137.600000,29437.500000,28618.300000,29347.400000,192645.9190
BTCUSDT,2023.05.05,16:00:00,29347.500000,29693.000000,29304.000000,29548.700000,133203.2750
BTCUSDT,2023.05.05,20:00:00,29548.700000,29650.000000,29440.000000,29491.500000,40781.4380
BTCUSDT,2023.05.06,00:00:00,29491.500000,29840.000000,29335.000000,29360.100000,76988.6320
BTCUSDT,2023.05.06,04:00:00,29360.000000,29430.000000,29225.300000,29350.200000,42728.1140
BTCUSDT,2023.05.06,08:00:00,29350.200000,29359.200000,29108.000000,29264.500000,58055.4620
BTCUSDT,2023.05.06,12:00:00,29264.500000,29266.700000,28333.000000,28557.900000,181672.3640
BTCUSDT,2023.05.06,16:00:00,28557.900000,28963.900000,28519.400000,28831.900000,77210.5310
BTCUSDT,2023.05.06,20:00:00,28831.900000,28869.900000,28620.200000,28837.800000,38973.7980
BTCUSDT,2023.05.07,00:00:00,28837.900000,29137.000000,28730.200000,28790.800000,63343.5610
BTCUSDT,2023.05.07,04:00:00,28790.800000,28943.000000,28771.900000,28891.900000,27761.6900
BTCUSDT,2023.05.07,08:00:00,28891.800000,28950.000000,28691.200000,28826.500000,44539.5480
BTCUSDT,2023.05.07,12:00:00,28826.500000,29088.300000,28825.000000,28933.100000,58996.1900
BTCUSDT,2023.05.07,16:00:00,28933.100000,29019.900000,28753.600000,28894.000000,46812.9750
BTCUSDT,2023.05.07,20:00:00,28894.000000,28947.700000,28370.000000,28419.400000,66956.6790
BTCUSDT,2023.05.08,00:00:00,28419.500000,28624.600000,28000.000000,28188.000000,142837.3520
BTCUSDT,2023.05.08,04:00:00,28188.100000,28249.000000,27800.000000,27957.800000,82354.1510
BTCUSDT,2023.05.08,08:00:00,27957.700000,27977.600000,27550.000000,27922.200000,108980.2770
BTCUSDT,2023.05.08,12:00:00,27922.200000,28074.900000,27651.500000,27874.100000,110121.5120
BTCUSDT,2023.05.08,16:00:00,27874.200000,27918.000000,27260.900000,27329.100000,148637.5200
BTCUSDT,2023.05.08,20:00:00,27329.000000,27686.500000,27250.000000,27659.800000,65257.9650
BTCUSDT,2023.05.09,00:00:00,27659.800000,27747.900000,27528.200000,27612.500000,46056.0790
BTCUSDT,2023.05.09,04:00:00,27612.400000,27661.700000,27423.900000,27649.300000,47560.1020
BTCUSDT,2023.05.09,08:00:00,27649.300000,27719.000000,27502.300000,27663.900000,42312.1570
BTCUSDT,2023.05.09,12:00:00,27663.900000,27815.600000,27316.800000,27385.800000,119288.9260
BTCUSDT,2023.05.09,16:00:00,27385.800000,27739.600000,27334.600000,27704.700000,78744.1190
BTCUSDT,2023.05.09,20:00:00,27704.700000,27769.400000,27501.300000,27610.200000,33703.3030
BTCUSDT,2023.05.10,00:00:00,27610.200000,27848.700000,27605.000000,27668.800000,47318.1560
BTCUSDT,2023.05.10,04:00:00,27668.900000,27712.000000,27507.000000,27532.400000,32310.4140
BTCUSDT,2023.05.10,08:00:00,27532.300000,27669.800000,27457.800000,27660.700000,39879.6620
BTCUSDT,2023.05.10,12:00:00,27660.600000,28297.000000,27623.400000,28141.200000,213950.0800
BTCUSDT,2023.05.10,16:00:00,28141.200000,28290.000000,26666.600000,27683.600000,289613.9200
BTCUSDT,2023.05.10,20:00:00,27683.600000,27979.800000,27177.000000,27582.900000,99430.4440
BTCUSDT,2023.05.11,00:00:00,27583.000000,27611.500000,27352.300000,27435.100000,56879.4570
BTCUSDT,2023.05.11,04:00:00,27435.100000,27544.100000,27382.400000,27437.500000,39192.2740
BTCUSDT,2023.05.11,08:00:00,27437.500000,27478.600000,27220.000000,27393.200000,55275.0140
BTCUSDT,2023.05.11,12:00:00,27393.200000,27630.000000,26924.000000,27166.300000,187266.5550
BTCUSDT,2023.05.11,16:00:00,27166.300000,27214.400000,26688.800000,26831.400000,146708.7430
BTCUSDT,2023.05.11,20:00:00,26831.500000,27050.800000,26787.300000,26956.400000,53500.3200
BTCUSDT,2023.05.12,00:00:00,26956.400000,27090.000000,26515.000000,26574.800000,90812.3150
BTCUSDT,2023.05.12,04:00:00,26574.700000,26699.200000,26100.100000,26294.100000,131694.6850
BTCUSDT,2023.05.12,08:00:00,26294.000000,26425.800000,26220.000000,26333.000000,54978.6910
BTCUSDT,2023.05.12,12:00:00,26332.900000,26599.400000,26254.200000,26307.700000,98862.7630
BTCUSDT,2023.05.12,16:00:00,26307.600000,26480.000000,25751.000000,26445.200000,132224.1570
BTCUSDT,2023.05.12,20:00:00,26445.100000,26882.800000,26347.500000,26785.100000,107072.8970
BTCUSDT,2023.05.13,00:00:00,26785.200000,26974.100000,26678.500000,26794.600000,56653.0670
BTCUSDT,2023.05.13,04:00:00,26794.600000,26862.900000,26674.900000,26759.300000,32070.2960
BTCUSDT,2023.05.13,08:00:00,26759.200000,26864.800000,26727.300000,26814.300000,27857.0480
BTCUSDT,2023.05.13,12:00:00,26814.400000,26897.000000,26722.800000,26802.000000,40717.3010
BTCUSDT,2023.05.13,16:00:00,26802.000000,27051.500000,26755.000000,26822.600000,54284.5170
BTCUSDT,2023.05.13,20:00:00,26822.600000,26928.600000,26730.000000,26762.700000,31112.7000
BTCUSDT,2023.05.14,00:00:00,26762.800000,26865.400000,26557.000000,26853.600000,47551.6970
BTCUSDT,2023.05.14,04:00:00,26853.600000,26888.700000,26778.200000,26839.900000,20315.5730
BTCUSDT,2023.05.14,08:00:00,26839.900000,26879.200000,26780.000000,26794.800000,18182.9780
BTCUSDT,2023.05.14,12:00:00,26794.800000,27200.000000,26730.000000,27071.400000,86298.9350
BTCUSDT,2023.05.14,16:00:00,27071.400000,27115.100000,26809.000000,26865.000000,53779.1170
BTCUSDT,2023.05.14,20:00:00,26865.000000,26947.200000,26826.600000,26901.900000,21451.1270
BTCUSDT,2023.05.15,00:00:00,26901.900000,27279.000000,26694.400000,27216.300000,100134.6100
BTCUSDT,2023.05.15,04:00:00,27216.400000,27550.000000,27165.100000,27398.600000,93928.6900
BTCUSDT,2023.05.15,08:00:00,27398.600000,27472.500000,27288.000000,27323.200000,39961.7110
BTCUSDT,2023.05.15,12:00:00,27323.200000,27525.000000,27200.000000,27383.000000,79836.8230
BTCUSDT,2023.05.15,16:00:00,27383.000000,27650.000000,27300.600000,27410.100000,97469.1700
BTCUSDT,2023.05.15,20:00:00,27410.100000,27410.100000,27100.000000,27152.500000,38932.0720
BTCUSDT,2023.05.16,00:00:00,27152.500000,27284.700000,26832.000000,27118.700000,90185.0980
BTCUSDT,2023.05.16,04:00:00,27118.700000,27243.600000,26971.000000,27240.600000,49329.2820
BTCUSDT,2023.05.16,08:00:00,27240.600000,27274.200000,26978.600000,27049.300000,62608.6970
BTCUSDT,2023.05.16,12:00:00,27049.300000,27127.400000,26880.100000,27027.900000,89162.3170
BTCUSDT,2023.05.16,16:00:00,27027.900000,27144.000000,26862.000000,26917.900000,53087.5580
BTCUSDT,2023.05.16,20:00:00,26917.900000,27046.200000,26881.200000,27024.800000,28799.9990
BTCUSDT,2023.05.17,00:00:00,27024.700000,27238.500000,26969.700000,27052.100000,48161.9700
BTCUSDT,2023.05.17,04:00:00,27052.100000,27092.400000,26700.000000,26831.900000,53789.8610
BTCUSDT,2023.05.17,08:00:00,26831.800000,26907.500000,26558.000000,26626.500000,84616.0090
BTCUSDT,2023.05.17,12:00:00,26626.400000,26830.000000,26527.500000,26788.000000,106131.0080
BTCUSDT,2023.05.17,16:00:00,26788.100000,27441.700000,26730.000000,27377.100000,129947.0550
BTCUSDT,2023.05.17,20:00:00,27377.000000,27500.000000,27259.500000,27395.800000,67419.3150
BTCUSDT,2023.05.18,00:00:00,27395.700000,27482.700000,27280.000000,27357.300000,35846.2710
BTCUSDT,2023.05.18,04:00:00,27357.200000,27445.900000,27139.000000,27375.100000,61937.2600
BTCUSDT,2023.05.18,08:00:00,27375.100000,27429.200000,27320.300000,27391.900000,42133.5470
BTCUSDT,2023.05.18,12:00:00,27391.800000,27471.500000,27007.100000,27075.200000,145244.4560
BTCUSDT,2023.05.18,16:00:00,27075.200000,27100.000000,26335.300000,26719.300000,200861.2760
BTCUSDT,2023.05.18,20:00:00,26719.300000,27060.000000,26671.100000,26809.300000,58949.1690
BTCUSDT,2023.05.19,00:00:00,26809.400000,26922.500000,26733.400000,26825.000000,37542.6040
BTCUSDT,2023.05.19,04:00:00,26825.000000,26950.000000,26801.500000,26841.900000,28781.8230
BTCUSDT,2023.05.19,08:00:00,26842.000000,26918.600000,26773.000000,26843.800000,32361.5240
BTCUSDT,2023.05.19,12:00:00,26843.800000,27180.000000,26611.200000,26869.900000,157634.1570
BTCUSDT,2023.05.19,16:00:00,26870.000000,26966.800000,26763.200000,26826.400000,50110.9540
BTCUSDT,2023.05.19,20:00:00,26826.500000,26913.700000,26791.000000,26870.100000,17666.8940
BTCUSDT,2023.05.20,00:00:00,26870.100000,26902.000000,26813.500000,26849.200000,13932.8790
BTCUSDT,2023.05.20,04:00:00,26849.200000,26862.100000,26824.800000,26841.800000,9537.6970
BTCUSDT,2023.05.20,08:00:00,26841.900000,26911.000000,26841.800000,26868.600000,15215.4810
BTCUSDT,2023.05.20,12:00:00,26868.500000,26969.800000,26857.100000,26936.000000,25544.4380
BTCUSDT,2023.05.20,16:00:00,26936.000000,27144.400000,26900.100000,27054.300000,52033.7000
BTCUSDT,2023.05.20,20:00:00,27054.300000,27129.900000,26952.800000,27089.500000,21251.1590
BTCUSDT,2023.05.21,00:00:00,27089.600000,27288.000000,27050.000000,27166.500000,38117.6360
BTCUSDT,2023.05.21,04:00:00,27166.400000,27166.500000,27031.000000,27044.500000,23955.7400
BTCUSDT,2023.05.21,08:00:00,27044.600000,27077.700000,26750.000000,26818.100000,59909.5360
BTCUSDT,2023.05.21,12:00:00,26818.000000,26969.600000,26788.000000,26885.000000,50401.6930
BTCUSDT,2023.05.21,16:00:00,26885.100000,26928.000000,26817.000000,26889.200000,24421.5450
BTCUSDT,2023.05.21,20:00:00,26889.100000,26915.000000,26642.000000,26732.800000,41970.2750
BTCUSDT,2023.05.22,00:00:00,26732.800000,26772.400000,26500.000000,26637.700000,60333.9930
BTCUSDT,2023.05.22,04:00:00,26637.700000,26898.900000,26630.400000,26830.700000,46118.4670
BTCUSDT,2023.05.22,08:00:00,26830.800000,26892.400000,26750.000000,26819.900000,31113.3010
BTCUSDT,2023.05.22,12:00:00,26819.900000,27097.800000,26690.000000,26863.200000,129893.0830
BTCUSDT,2023.05.22,16:00:00,26863.300000,26927.600000,26765.000000,26857.000000,41038.2570
BTCUSDT,2023.05.22,20:00:00,26857.000000,26955.900000,26818.000000,26840.200000,19533.4190
BTCUSDT,2023.05.23,00:00:00,26840.200000,27430.000000,26782.600000,27354.600000,112108.9950
BTCUSDT,2023.05.23,04:00:00,27354.700000,27527.500000,27202.200000,27295.800000,83809.3280
BTCUSDT,2023.05.23,08:00:00,27295.800000,27344.000000,27243.200000,27326.900000,32695.3770
BTCUSDT,2023.05.23,12:00:00,27327.000000,27383.000000,27159.300000,27310.700000,63502.5050
BTCUSDT,2023.05.23,16:00:00,27310.800000,27319.400000,27080.000000,27171.600000,55692.9940
BTCUSDT,2023.05.23,20:00:00,27171.700000,27244.000000,27139.000000,27209.900000,21367.4190
BTCUSDT,2023.05.24,00:00:00,27209.900000,27212.900000,26644.200000,26770.000000,105289.5120
BTCUSDT,2023.05.24,04:00:00,26770.000000,26810.000000,26566.500000,26664.200000,72171.2520
BTCUSDT,2023.05.24,08:00:00,26664.200000,26834.000000,26650.000000,26731.700000,47356.3120
BTCUSDT,2023.05.24,12:00:00,26731.700000,26731.700000,26060.000000,26306.900000,189840.7620
BTCUSDT,2023.05.24,16:00:00,26306.900000,26387.300000,26145.400000,26241.600000,69968.4980
BTCUSDT,2023.05.24,20:00:00,26241.600000,26476.000000,26228.200000,26313.800000,50565.3410
BTCUSDT,2023.05.25,00:00:00,26313.900000,26384.500000,25850.000000,26171.000000,94944.1530
BTCUSDT,2023.05.25,04:00:00,26171.100000,26289.000000,26111.000000,26118.900000,40575.0440
BTCUSDT,2023.05.25,08:00:00,26118.900000,26345.300000,26107.800000,26282.500000,40284.0530
BTCUSDT,2023.05.25,12:00:00,26282.500000,26489.500000,26151.400000,26216.900000,110196.1060
BTCUSDT,2023.05.25,16:00:00,26216.900000,26644.000000,26193.500000,26457.900000,80074.6100
BTCUSDT,2023.05.25,20:00:00,26458.000000,26545.800000,26420.600000,26461.800000,28461.2590
BTCUSDT,2023.05.26,00:00:00,26461.700000,26532.000000,26324.200000,26425.700000,38579.9690
BTCUSDT,2023.05.26,04:00:00,26425.700000,26527.800000,26313.900000,26491.300000,34980.9180
BTCUSDT,2023.05.26,08:00:00,26491.200000,26547.300000,26411.000000,26451.900000,32939.6190
BTCUSDT,2023.05.26,12:00:00,26451.800000,26925.000000,26342.900000,26737.500000,137774.5690
BTCUSDT,2023.05.26,16:00:00,26737.500000,26829.000000,26601.000000,26755.200000,61511.0830
BTCUSDT,2023.05.26,20:00:00,26755.300000,26796.600000,26670.000000,26689.900000,18689.3880
BTCUSDT,2023.05.27,00:00:00,26689.800000,26775.800000,26621.000000,26739.500000,21434.0560
BTCUSDT,2023.05.27,04:00:00,26739.600000,26776.400000,26695.200000,26715.300000,15097.7080
BTCUSDT,2023.05.27,08:00:00,26715.200000,26726.200000,26655.100000,26687.700000,19863.1790
BTCUSDT,2023.05.27,12:00:00,26687.600000,26774.900000,26528.600000,26682.100000,47080.9580
BTCUSDT,2023.05.27,16:00:00,26682.200000,26845.800000,26605.000000,26721.600000,38259.0820
BTCUSDT,2023.05.27,20:00:00,26721.700000,26890.000000,26714.500000,26841.600000,21946.9520
BTCUSDT,2023.05.28,00:00:00,26841.600000,27240.500000,26746.000000,27174.400000,89784.5200
BTCUSDT,2023.05.28,04:00:00,27174.500000,27279.000000,27113.400000,27218.900000,40838.8730
BTCUSDT,2023.05.28,08:00:00,27219.000000,27387.000000,27127.800000,27146.000000,42170.2520
BTCUSDT,2023.05.28,12:00:00,27145.900000,27266.000000,27081.700000,27264.100000,37547.8940
BTCUSDT,2023.05.28,16:00:00,27264.100000,27780.000000,27200.100000,27518.400000,113292.8940
BTCUSDT,2023.05.28,20:00:00,27518.500000,28252.800000,27515.100000,28055.700000,116480.9610
BTCUSDT,2023.05.29,00:00:00,28055.800000,28442.000000,27904.000000,27947.900000,103587.6370
BTCUSDT,2023.05.29,04:00:00,27948.000000,28040.000000,27822.700000,27895.000000,60707.2790
BTCUSDT,2023.05.29,08:00:00,27895.000000,27966.700000,27730.000000,27908.100000,48976.3020
BTCUSDT,2023.05.29,12:00:00,27908.100000,27945.400000,27570.600000,27622.100000,81226.5710
BTCUSDT,2023.05.29,16:00:00,27622.000000,27734.400000,27513.500000,27624.000000,75215.6440
BTCUSDT,2023.05.29,20:00:00,27624.100000,27803.500000,27533.800000,27722.000000,41577.1160
BTCUSDT,2023.05.30,00:00:00,27722.100000,27933.000000,27569.300000,27815.000000,45946.3110
BTCUSDT,2023.05.30,04:00:00,27815.000000,27839.300000,27659.300000,27721.000000,36391.1360
BTCUSDT,2023.05.30,08:00:00,27721.100000,28038.600000,27697.100000,28005.900000,63354.9860
BTCUSDT,2023.05.30,12:00:00,28005.800000,28014.900000,27602.000000,27665.000000,102527.3660
BTCUSDT,2023.05.30,16:00:00,27665.000000,27849.800000,27530.000000,27836.400000,56925.6010
BTCUSDT,2023.05.30,20:00:00,27836.400000,27846.000000,27636.000000,27680.100000,29233.9130
BTCUSDT,2023.05.31,00:00:00,27680.000000,27825.000000,27550.000000,27646.500000,39039.7370
BTCUSDT,2023.05.31,04:00:00,27646.500000,27668.700000,26942.000000,27150.400000,156776.3030
BTCUSDT,2023.05.31,08:00:00,27150.400000,27198.000000,26980.000000,27087.900000,56728.6620
BTCUSDT,2023.05.31,12:00:00,27087.900000,27219.600000,26835.500000,26900.100000,119487.2740
BTCUSDT,2023.05.31,16:00:00,26900.000000,27121.100000,26826.000000,26999.500000,58703.9530
BTCUSDT,2023.05.31,20:00:00,26999.500000,27290.000000,26992.000000,27201.100000,40645.9610
BTCUSDT,2023.06.01,00:00:00,27201.100000,27347.900000,26600.000000,26768.600000,121061.5890
BTCUSDT,2023.06.01,04:00:00,26768.600000,26876.600000,26742.000000,26790.200000,39307.6860
BTCUSDT,2023.06.01,08:00:00,26790.100000,26945.400000,26776.700000,26881.700000,36263.4220
BTCUSDT,2023.06.01,12:00:00,26881.600000,26974.000000,26773.200000,26884.200000,59027.6210
BTCUSDT,2023.06.01,16:00:00,26884.200000,27180.000000,26635.000000,26851.600000,111799.7420
BTCUSDT,2023.06.01,20:00:00,26851.600000,26934.000000,26697.100000,26805.300000,37327.5120
BTCUSDT,2023.06.02,00:00:00,26805.300000,27015.500000,26477.600000,26985.100000,85456.9750
BTCUSDT,2023.06.02,04:00:00,26985.200000,27200.000000,26937.300000,27038.300000,61632.6130
BTCUSDT,2023.06.02,08:00:00,27038.300000,27181.100000,27038.300000,27118.500000,36192.9000
BTCUSDT,2023.06.02,12:00:00,27118.500000,27249.300000,26840.500000,27081.300000,120542.0390
BTCUSDT,2023.06.02,16:00:00,27081.300000,27279.000000,26985.100000,27231.600000,57272.5340
BTCUSDT,2023.06.02,20:00:00,27231.500000,27290.000000,27132.000000,27227.800000,30013.0320
BTCUSDT,2023.06.03,00:00:00,27227.800000,27230.400000,27077.000000,27130.900000,25058.6230
BTCUSDT,2023.06.03,04:00:00,27130.900000,27209.200000,27098.000000,27161.300000,17689.6920
BTCUSDT,2023.06.03,08:00:00,27161.400000,27173.800000,27100.000000,27121.000000,16660.5400
BTCUSDT,2023.06.03,12:00:00,27121.000000,27340.200000,27110.000000,27292.700000,35777.1210
BTCUSDT,2023.06.03,16:00:00,27292.800000,27312.000000,27000.000000,27084.900000,50814.5840
BTCUSDT,2023.06.03,20:00:00,27084.900000,27119.500000,26900.000000,27054.900000,36463.5400
BTCUSDT,2023.06.04,00:00:00,27054.900000,27098.700000,26935.300000,27048.400000,25275.0900
BTCUSDT,2023.06.04,04:00:00,27048.300000,27154.000000,27015.000000,27141.000000,23617.7190
BTCUSDT,2023.06.04,08:00:00,27141.000000,27245.000000,27110.000000,27190.900000,29667.4650
BTCUSDT,2023.06.04,12:00:00,27190.800000,27290.000000,27150.000000,27166.900000,38245.6490
BTCUSDT,2023.06.04,16:00:00,27167.000000,27218.000000,27150.000000,27205.000000,17756.4740
BTCUSDT,2023.06.04,20:00:00,27205.000000,27460.000000,27026.000000,27102.400000,83709.1470
BTCUSDT,2023.06.05,00:00:00,27102.400000,27125.000000,26755.000000,26835.900000,80451.1390
BTCUSDT,2023.06.05,04:00:00,26835.800000,26861.400000,26719.900000,26819.200000,52410.3860
BTCUSDT,2023.06.05,08:00:00,26819.200000,26831.200000,26647.000000,26760.100000,48150.3740
BTCUSDT,2023.06.05,12:00:00,26760.200000,26809.900000,25971.000000,25991.900000,190153.2290
BTCUSDT,2023.06.05,16:00:00,25991.900000,26072.200000,25360.100000,25618.500000,269202.7480
BTCUSDT,2023.06.05,20:00:00,25618.400000,25850.000000,25496.200000,25714.700000,60134.6720
BTCUSDT,2023.06.06,00:00:00,25714.600000,25783.200000,25585.400000,25719.800000,45585.0850
BTCUSDT,2023.06.06,04:00:00,25719.800000,25809.900000,25685.300000,25706.400000,32812.8590
BTCUSDT,2023.06.06,08:00:00,25706.300000,25786.300000,25624.100000,25676.000000,37440.8760
BTCUSDT,2023.06.06,12:00:00,25676.000000,26139.000000,25321.600000,26051.200000,252404.5770
BTCUSDT,2023.06.06,16:00:00,26051.200000,27238.900000,26051.200000,27073.200000,249451.2900
BTCUSDT,2023.06.06,20:00:00,27073.300000,27358.100000,26884.000000,27221.500000,113750.9620
BTCUSDT,2023.06.07,00:00:00,27221.500000,27394.400000,26714.300000,26897.000000,114373.1030
BTCUSDT,2023.06.07,04:00:00,26896.900000,26973.900000,26741.000000,26786.700000,47010.0170
BTCUSDT,2023.06.07,08:00:00,26786.800000,26968.000000,26330.800000,26888.300000,151149.9290
BTCUSDT,2023.06.07,12:00:00,26888.400000,26900.000000,26230.000000,26333.900000,202615.3160
BTCUSDT,2023.06.07,16:00:00,26333.900000,26548.000000,26220.000000,26469.200000,80719.7050
BTCUSDT,2023.06.07,20:00:00,26469.200000,26483.500000,26111.000000,26325.900000,64176.4670
BTCUSDT,2023.06.08,00:00:00,26325.900000,26459.500000,26195.400000,26332.000000,45884.9020
BTCUSDT,2023.06.08,04:00:00,26332.000000,26516.300000,26270.600000,26431.500000,44715.2130
BTCUSDT,2023.06.08,08:00:00,26431.600000,26494.100000,26352.300000,26421.400000,31664.9670
BTCUSDT,2023.06.08,12:00:00,26421.500000,26800.000000,26283.400000,26705.900000,127003.3440
BTCUSDT,2023.06.08,16:00:00,26705.800000,26720.700000,26387.900000,26526.300000,56835.3770
BTCUSDT,2023.06.08,20:00:00,26526.300000,26645.700000,26472.100000,26485.900000,27001.0360
BTCUSDT,2023.06.09,00:00:00,26486.000000,26589.900000,26236.000000,26469.500000,59149.5130
BTCUSDT,2023.06.09,04:00:00,26469.600000,26575.500000,26411.400000,26482.700000,33723.8280
BTCUSDT,2023.06.09,08:00:00,26482.700000,26679.500000,26476.800000,26599.800000,49448.5320
BTCUSDT,2023.06.09,12:00:00,26599.900000,26775.000000,26436.800000,26465.100000,78006.1160
BTCUSDT,2023.06.09,16:00:00,26465.200000,26521.100000,26371.000000,26400.000000,45711.8150
BTCUSDT,2023.06.09,20:00:00,26399.900000,26490.000000,26385.000000,26468.100000,17679.3940
BTCUSDT,2023.06.10,00:00:00,26468.200000,26525.000000,26250.000000,26312.600000,53812.5150
BTCUSDT,2023.06.10,04:00:00,26312.600000,26340.100000,25445.000000,25637.200000,239103.4110
BTCUSDT,2023.06.10,08:00:00,25637.300000,25743.900000,25556.400000,25718.700000,45062.3650
BTCUSDT,2023.06.10,12:00:00,25718.700000,25718.700000,25559.500000,25620.000000,36077.0850
BTCUSDT,2023.06.10,16:00:00,25619.900000,26144.000000,25300.000000,25738.200000,188175.6760
BTCUSDT,2023.06.10,20:00:00,25738.200000,25919.500000,25666.700000,25826.600000,46686.5170
BTCUSDT,2023.06.11,00:00:00,25826.600000,25850.000000,25674.300000,25714.700000,33043.1040
BTCUSDT,2023.06.11,04:00:00,25714.700000,25820.100000,25621.300000,25728.000000,31162.7730
BTCUSDT,2023.06.11,08:00:00,25728.000000,25839.000000,25682.700000,25784.900000,25758.6980
BTCUSDT,2023.06.11,12:00:00,25784.900000,25795.400000,25661.000000,25741.200000,28819.2120
BTCUSDT,2023.06.11,16:00:00,25741.100000,26100.000000,25726.700000,26021.000000,85800.0360
BTCUSDT,2023.06.11,20:00:00,26021.100000,26199.000000,25726.200000,25909.900000,74781.7400
BTCUSDT,2023.06.12,00:00:00,25910.000000,26025.100000,25600.000000,25779.600000,67095.7780
BTCUSDT,2023.06.12,04:00:00,25779.600000,25896.000000,25729.900000,25793.300000,30361.0020
BTCUSDT,2023.06.12,08:00:00,25793.200000,26097.700000,25768.800000,25975.700000,60565.6700
BTCUSDT,2023.06.12,12:00:00,25975.700000,25983.200000,25722.000000,25809.300000,55282.7390
BTCUSDT,2023.06.12,16:00:00,25809.300000,25962.500000,25640.000000,25816.800000,60408.8500
BTCUSDT,2023.06.12,20:00:00,25816.700000,25961.000000,25795.100000,25894.800000,25186.4290
BTCUSDT,2023.06.13,00:00:00,25894.800000,26155.500000,25806.000000,26054.600000,70391.0320
BTCUSDT,2023.06.13,04:00:00,26054.700000,26125.000000,25963.700000,26060.200000,34095.2000
BTCUSDT,2023.06.13,08:00:00,26060.300000,26284.700000,26044.900000,26178.100000,67198.5970
BTCUSDT,2023.06.13,12:00:00,26178.100000,26430.500000,25708.000000,25750.900000,185012.5960
BTCUSDT,2023.06.13,16:00:00,25750.900000,25973.000000,25727.000000,25891.200000,49220.4610
BTCUSDT,2023.06.13,20:00:00,25891.200000,25949.700000,25790.600000,25918.000000,28618.8680
BTCUSDT,2023.06.14,00:00:00,25918.000000,26045.800000,25897.600000,25970.700000,33269.0280
BTCUSDT,2023.06.14,04:00:00,25970.700000,25996.400000,25820.000000,25884.100000,30116.3760
BTCUSDT,2023.06.14,08:00:00,25884.100000,26022.000000,25872.500000,25967.200000,28960.7130
BTCUSDT,2023.06.14,12:00:00,25967.300000,26077.000000,25915.600000,25976.400000,41580.7830
BTCUSDT,2023.06.14,16:00:00,25976.400000,26099.300000,25750.000000,25860.500000,105003.6970
BTCUSDT,2023.06.14,20:00:00,25860.500000,25872.900000,24796.800000,25115.900000,225751.0050
BTCUSDT,2023.06.15,00:00:00,25115.900000,25198.800000,25015.200000,25054.800000,41759.3880
BTCUSDT,2023.06.15,04:00:00,25054.800000,25063.400000,24856.000000,24974.600000,67274.4560
BTCUSDT,2023.06.15,08:00:00,24974.600000,25042.500000,24777.000000,25007.000000,68636.7880
BTCUSDT,2023.06.15,12:00:00,25007.000000,25100.000000,24910.900000,24948.400000,70290.7230
BTCUSDT,2023.06.15,16:00:00,24948.400000,25516.400000,24918.200000,25443.000000,112855.9540
BTCUSDT,2023.06.15,20:00:00,25443.100000,25750.000000,25205.000000,25586.100000,113154.0660
BTCUSDT,2023.06.16,00:00:00,25586.000000,25596.000000,25420.100000,25545.700000,43049.9050
BTCUSDT,2023.06.16,04:00:00,25545.700000,25620.000000,25461.000000,25526.100000,40458.4940
BTCUSDT,2023.06.16,08:00:00,25526.100000,25610.000000,25453.000000,25462.800000,43200.1420
BTCUSDT,2023.06.16,12:00:00,25462.900000,25896.000000,25142.100000,25832.400000,151837.9170
BTCUSDT,2023.06.16,16:00:00,25832.400000,26526.900000,25756.000000,26371.200000,216937.5770
BTCUSDT,2023.06.16,20:00:00,26371.100000,26450.000000,26273.700000,26336.000000,37660.9210
BTCUSDT,2023.06.17,00:00:00,26335.900000,26362.200000,26170.800000,26253.400000,36661.0550
BTCUSDT,2023.06.17,04:00:00,26253.400000,26900.000000,26230.000000,26587.600000,107938.2640
BTCUSDT,2023.06.17,08:00:00,26587.700000,26649.000000,26455.000000,26497.500000,43152.9940
BTCUSDT,2023.06.17,12:00:00,26497.500000,26579.100000,26288.500000,26399.900000,64566.8450
BTCUSDT,2023.06.17,16:00:00,26399.900000,26528.400000,26364.300000,26466.200000,31768.7420
BTCUSDT,2023.06.17,20:00:00,26466.100000,26590.000000,26452.200000,26508.900000,21650.4960
BTCUSDT,2023.06.18,00:00:00,26508.800000,26540.800000,26367.800000,26538.400000,27032.8250
BTCUSDT,2023.06.18,04:00:00,26538.400000,26675.100000,26457.200000,26572.000000,40704.7170
BTCUSDT,2023.06.18,08:00:00,26572.000000,26587.900000,26443.500000,26488.500000,27593.4560
BTCUSDT,2023.06.18,12:00:00,26488.500000,26566.000000,26425.800000,26547.500000,33224.6500
BTCUSDT,2023.06.18,16:00:00,26547.500000,26649.600000,26511.200000,26641.600000,32518.4140
BTCUSDT,2023.06.18,20:00:00,26641.600000,26709.400000,26230.900000,26329.700000,80903.4220
BTCUSDT,2023.06.19,00:00:00,26329.600000,26459.000000,26241.200000,26393.500000,32200.7840
BTCUSDT,2023.06.19,04:00:00,26393.400000,26468.500000,26354.800000,26415.300000,19572.1000
BTCUSDT,2023.06.19,08:00:00,26415.200000,26448.700000,26350.200000,26438.600000,24996.5020
BTCUSDT,2023.06.19,12:00:00,26438.500000,26569.700000,26328.000000,26431.100000,65548.1610
BTCUSDT,2023.06.19,16:00:00,26431.100000,27077.000000,26290.300000,26672.800000,200219.9170
BTCUSDT,2023.06.19,20:00:00,26672.800000,26852.800000,26638.900000,26828.500000,57996.2940
BTCUSDT,2023.06.20,00:00:00,26828.600000,27177.300000,26782.600000,26880.700000,79486.1670
BTCUSDT,2023.06.20,04:00:00,26880.700000,27024.200000,26733.600000,26820.400000,58297.5680
BTCUSDT,2023.06.20,08:00:00,26820.500000,26898.600000,26688.200000,26895.200000,41628.6520
BTCUSDT,2023.06.20,12:00:00,26895.200000,27125.500000,26633.900000,27054.200000,114387.9100
BTCUSDT,2023.06.20,16:00:00,27054.300000,28145.000000,26983.300000,27973.800000,340072.6000
BTCUSDT,2023.06.20,20:00:00,27973.700000,28397.800000,27855.600000,28290.600000,124303.4000
BTCUSDT,2023.06.21,00:00:00,28290.700000,29086.600000,28236.400000,28704.600000,169807.1660
BTCUSDT,2023.06.21,04:00:00,28704.600000,29000.000000,28668.500000,28860.400000,75606.3580
BTCUSDT,2023.06.21,08:00:00,28860.400000,29223.600000,28783.000000,28913.500000,108461.1310
BTCUSDT,2023.06.21,12:00:00,28913.500000,30018.300000,28858.200000,29837.000000,322373.0180
BTCUSDT,2023.06.21,16:00:00,29836.900000,30822.000000,29745.500000,30105.500000,365241.9280
BTCUSDT,2023.06.21,20:00:00,30105.600000,30195.800000,29766.000000,29988.500000,81984.8260
BTCUSDT,2023.06.22,00:00:00,29988.500000,30488.000000,29880.000000,30283.700000,84397.7570
BTCUSDT,2023.06.22,04:00:00,30283.700000,30341.500000,30000.000000,30094.500000,59869.9930
BTCUSDT,2023.06.22,08:00:00,30094.500000,30244.500000,29800.000000,29919.300000,92709.4380
BTCUSDT,2023.06.22,12:00:00,29919.400000,30353.900000,29500.100000,29837.300000,177543.3540
BTCUSDT,2023.06.22,16:00:00,29837.300000,30236.000000,29811.900000,30208.800000,101073.4090
BTCUSDT,2023.06.22,20:00:00,30208.700000,30260.000000,29858.400000,29875.000000,45457.7910
BTCUSDT,2023.06.23,00:00:00,29875.000000,30049.000000,29792.000000,30002.400000,46051.1800
BTCUSDT,2023.06.23,04:00:00,30002.400000,30079.900000,29910.000000,29927.000000,29527.6820
BTCUSDT,2023.06.23,08:00:00,29926.900000,30195.700000,29899.900000,30125.300000,57808.1020
BTCUSDT,2023.06.23,12:00:00,30125.200000,31500.000000,29901.100000,31232.900000,269771.2370
BTCUSDT,2023.06.23,16:00:00,31232.900000,31440.500000,30601.000000,30873.700000,228949.7810
BTCUSDT,2023.06.23,20:00:00,30873.700000,30943.400000,30441.100000,30673.400000,66965.0890
BTCUSDT,2023.06.24,00:00:00,30673.500000,30790.000000,30388.600000,30719.500000,57323.0900
BTCUSDT,2023.06.24,04:00:00,30719.500000,30750.000000,30550.000000,30563.400000,29137.5800
BTCUSDT,2023.06.24,08:00:00,30563.300000,30739.600000,30542.400000,30674.900000,30744.1640
BTCUSDT,2023.06.24,12:00:00,30674.800000,30796.500000,30262.000000,30390.900000,72309.0980
BTCUSDT,2023.06.24,16:00:00,30390.800000,30688.900000,30222.000000,30622.200000,58691.3680
BTCUSDT,2023.06.24,20:00:00,30622.200000,30622.300000,30395.000000,30524.200000,31333.9880
BTCUSDT,2023.06.25,00:00:00,30524.200000,30780.000000,30456.900000,30742.000000,36315.8380
BTCUSDT,2023.06.25,04:00:00,30742.000000,31053.200000,30652.800000,30714.000000,79266.7730
BTCUSDT,2023.06.25,08:00:00,30714.000000,30754.200000,30565.200000,30710.000000,36842.2970
BTCUSDT,2023.06.25,12:00:00,30710.000000,30732.900000,30425.000000,30574.100000,60922.3340
BTCUSDT,2023.06.25,16:00:00,30574.100000,30649.600000,30311.000000,30420.000000,49478.2710
BTCUSDT,2023.06.25,20:00:00,30420.000000,30564.000000,30252.600000,30458.000000,38707.6410
BTCUSDT,2023.06.26,00:00:00,30458.000000,30542.400000,29920.000000,30285.000000,87301.1660
BTCUSDT,2023.06.26,04:00:00,30284.900000,30580.000000,30153.600000,30395.600000,60412.3300
BTCUSDT,2023.06.26,08:00:00,30395.500000,30420.600000,30115.100000,30315.100000,45961.5310
BTCUSDT,2023.06.26,12:00:00,30315.100000,30667.300000,30241.300000,30400.500000,86040.6770
BTCUSDT,2023.06.26,16:00:00,30400.700000,30425.700000,29890.100000,30233.900000,106775.6190
BTCUSDT,2023.06.26,20:00:00,30233.900000,30283.800000,30086.100000,30260.100000,28608.0330
BTCUSDT,2023.06.27,00:00:00,30260.100000,30488.000000,30213.000000,30360.000000,41157.0890
BTCUSDT,2023.06.27,04:00:00,30360.000000,30470.000000,30222.500000,30404.500000,36501.0420
BTCUSDT,2023.06.27,08:00:00,30404.500000,30800.000000,30322.200000,30720.100000,81853.3830
BTCUSDT,2023.06.27,12:00:00,30720.100000,30998.500000,30351.000000,30487.400000,147090.8620
BTCUSDT,2023.06.27,16:00:00,30487.400000,30762.400000,30435.900000,30638.400000,57462.8070
BTCUSDT,2023.06.27,20:00:00,30638.400000,30738.800000,30533.100000,30683.200000,42008.1650
BTCUSDT,2023.06.28,00:00:00,30683.200000,30701.800000,30306.400000,30441.800000,52611.5270
BTCUSDT,2023.06.28,04:00:00,30441.800000,30479.500000,30127.000000,30176.000000,53845.2700
BTCUSDT,2023.06.28,08:00:00,30176.000000,30377.000000,30126.600000,30294.300000,42990.3310
BTCUSDT,2023.06.28,12:00:00,30294.400000,30485.000000,29992.500000,30399.800000,125197.9300
BTCUSDT,2023.06.28,16:00:00,30399.800000,30457.000000,29804.600000,30080.400000,101722.6910
BTCUSDT,2023.06.28,20:00:00,30080.500000,30209.600000,29929.200000,30066.300000,40288.6850
BTCUSDT,2023.06.29,00:00:00,30066.300000,30234.800000,30036.100000,30162.300000,34206.2240
BTCUSDT,2023.06.29,04:00:00,30162.300000,30420.000000,30125.400000,30333.900000,37925.7110
BTCUSDT,2023.06.29,08:00:00,30333.900000,30744.400000,30320.300000,30660.600000,98223.3570
BTCUSDT,2023.06.29,12:00:00,30660.700000,30837.000000,30380.000000,30468.300000,113767.9560
BTCUSDT,2023.06.29,16:00:00,30468.200000,30661.900000,30405.600000,30571.500000,54373.1490
BTCUSDT,2023.06.29,20:00:00,30571.500000,30630.000000,30222.000000,30439.900000,43576.4490
BTCUSDT,2023.06.30,00:00:00,30439.900000,30876.400000,30337.400000,30734.300000,74469.7240
BTCUSDT,2023.06.30,04:00:00,30734.400000,31300.000000,30604.000000,30759.100000,144771.2360
BTCUSDT,2023.06.30,08:00:00,30759.200000,30940.000000,30709.900000,30897.700000,52591.1020
BTCUSDT,2023.06.30,12:00:00,30897.700000,31127.300000,29500.000000,30052.000000,346709.1840
BTCUSDT,2023.06.30,16:00:00,30052.000000,30729.500000,29908.300000,30360.300000,155211.2390
BTCUSDT,2023.06.30,20:00:00,30360.200000,30537.300000,30324.400000,30460.200000,35578.8200
BTCUSDT,2023.07.01,00:00:00,30460.200000,30527.200000,30362.000000,30391.200000,29778.2670
BTCUSDT,2023.07.01,04:00:00,30391.200000,30462.800000,30311.300000,30448.100000,23531.5090
BTCUSDT,2023.07.01,08:00:00,30448.100000,30589.800000,30405.000000,30508.500000,23695.1140
BTCUSDT,2023.07.01,12:00:00,30508.500000,30668.200000,30490.800000,30561.500000,32888.9670
BTCUSDT,2023.07.01,16:00:00,30561.500000,30626.000000,30533.800000,30600.500000,16091.9150
BTCUSDT,2023.07.01,20:00:00,30600.500000,30605.100000,30534.300000,30573.600000,9534.4740
BTCUSDT,2023.07.02,00:00:00,30573.600000,30650.000000,30458.000000,30505.200000,27111.6550
BTCUSDT,2023.07.02,04:00:00,30505.300000,30553.200000,30462.100000,30504.700000,16551.1480
BTCUSDT,2023.07.02,08:00:00,30504.700000,30553.900000,30477.000000,30537.200000,13555.8130
BTCUSDT,2023.07.02,12:00:00,30537.200000,30626.200000,30149.900000,30491.400000,61816.4050
BTCUSDT,2023.07.02,16:00:00,30491.400000,30709.200000,30358.300000,30552.800000,47231.0980
BTCUSDT,2023.07.02,20:00:00,30552.700000,30800.000000,30425.000000,30612.700000,65600.0690
BTCUSDT,2023.07.03,00:00:00,30612.700000,30798.300000,30575.300000,30747.900000,35710.6200
BTCUSDT,2023.07.03,04:00:00,30748.000000,30785.300000,30601.700000,30662.800000,33689.4410
BTCUSDT,2023.07.03,08:00:00,30662.900000,30693.700000,30577.500000,30619.600000,24118.2020
BTCUSDT,2023.07.03,12:00:00,30619.700000,31179.000000,30559.400000,31068.000000,104391.1500
BTCUSDT,2023.07.03,16:00:00,31068.000000,31395.200000,30810.200000,31254.100000,115662.5730
BTCUSDT,2023.07.03,20:00:00,31254.000000,31300.500000,30875.200000,31149.000000,56721.2500
BTCUSDT,2023.07.04,00:00:00,31149.000000,31319.400000,31083.600000,31189.800000,43191.5970
BTCUSDT,2023.07.04,04:00:00,31189.800000,31210.700000,30860.000000,30902.300000,53472.7790
BTCUSDT,2023.07.04,08:00:00,30902.200000,31078.500000,30856.000000,31056.500000,45148.6300
BTCUSDT,2023.07.04,12:00:00,31056.400000,31080.000000,30869.100000,30959.300000,38716.4250
BTCUSDT,2023.07.04,16:00:00,30959.300000,31145.000000,30600.000000,30685.300000,94152.1330
BTCUSDT,2023.07.04,20:00:00,30685.200000,30840.000000,30655.700000,30756.100000,26150.6960
BTCUSDT,2023.07.05,00:00:00,30756.100000,30875.200000,30737.800000,30857.300000,18763.3500
BTCUSDT,2023.07.05,04:00:00,30857.300000,30862.600000,30742.900000,30765.900000,19242.0080
BTCUSDT,2023.07.05,08:00:00,30765.900000,30797.400000,30326.000000,30395.000000,90362.9830
BTCUSDT,2023.07.05,12:00:00,30395.000000,30438.100000,30175.800000,30345.000000,93102.5650
BTCUSDT,2023.07.05,16:00:00,30345.100000,30579.600000,30321.200000,30420.000000,47167.1110
BTCUSDT,2023.07.05,20:00:00,30420.000000,30525.100000,30369.600000,30488.400000,26258.5610
BTCUSDT,2023.07.06,00:00:00,30488.400000,30555.600000,30305.000000,30477.700000,27525.4360
BTCUSDT,2023.07.06,04:00:00,30477.600000,30846.800000,30420.600000,30792.300000,59327.6610
BTCUSDT,2023.07.06,08:00:00,30792.200000,31568.000000,30686.000000,30833.000000,227988.5660
BTCUSDT,2023.07.06,12:00:00,30833.000000,30866.400000,29865.000000,30390.300000,270998.5390
BTCUSDT,2023.07.06,16:00:00,30390.300000,30450.700000,30140.000000,30294.600000,65824.6980
BTCUSDT,2023.07.06,20:00:00,30294.600000,30336.300000,29818.000000,29874.400000,69602.3190
BTCUSDT,2023.07.07,00:00:00,29874.300000,30154.900000,29680.000000,30122.100000,73967.6260
BTCUSDT,2023.07.07,04:00:00,30122.100000,30297.300000,29904.400000,29992.900000,54680.0440
BTCUSDT,2023.07.07,08:00:00,29992.900000,30188.800000,29957.600000,30104.000000,37803.3610
BTCUSDT,2023.07.07,12:00:00,30103.900000,30430.000000,30012.100000,30375.400000,105396.2460
BTCUSDT,2023.07.07,16:00:00,30375.500000,30443.600000,30100.000000,30227.900000,46214.5040
BTCUSDT,2023.07.07,20:00:00,30227.800000,30337.000000,30197.100000,30327.900000,19739.8730
BTCUSDT,2023.07.08,00:00:00,30328.000000,30380.000000,30240.000000,30260.000000,20274.3440
BTCUSDT,2023.07.08,04:00:00,30260.000000,30269.200000,30122.000000,30174.800000,26594.5830
BTCUSDT,2023.07.08,08:00:00,30174.800000,30315.000000,30135.300000,30185.300000,25385.7410
BTCUSDT,2023.07.08,12:00:00,30185.300000,30224.500000,30132.500000,30196.700000,15361.8030
BTCUSDT,2023.07.08,16:00:00,30196.800000,30313.000000,30026.800000,30100.000000,31842.6360
BTCUSDT,2023.07.08,20:00:00,30100.000000,30280.000000,30037.500000,30269.300000,19275.3860
BTCUSDT,2023.07.09,00:00:00,30269.200000,30397.000000,30232.100000,30277.600000,29538.5330
BTCUSDT,2023.07.09,04:00:00,30277.600000,30289.100000,30218.200000,30250.000000,12970.7180
BTCUSDT,2023.07.09,08:00:00,30250.000000,30300.000000,30219.100000,30257.300000,13831.5000
BTCUSDT,2023.07.09,12:00:00,30257.200000,30443.400000,30163.600000,30336.800000,52366.1300
BTCUSDT,2023.07.09,16:00:00,30336.900000,30336.900000,30180.000000,30227.700000,20913.9470
BTCUSDT,2023.07.09,20:00:00,30227.700000,30238.300000,30042.000000,30147.800000,32675.4350
BTCUSDT,2023.07.10,00:00:00,30147.800000,30235.000000,29928.800000,30144.900000,57315.9670
BTCUSDT,2023.07.10,04:00:00,30145.000000,30151.000000,30034.200000,30100.000000,22884.9990
BTCUSDT,2023.07.10,08:00:00,30100.000000,30233.100000,29966.600000,30221.500000,37764.7130
BTCUSDT,2023.07.10,12:00:00,30221.600000,30359.700000,30131.000000,30297.600000,62189.0140
BTCUSDT,2023.07.10,16:00:00,30297.500000,30830.000000,30223.500000,30824.500000,91867.8950
BTCUSDT,2023.07.10,20:00:00,30824.500000,31040.000000,30100.000000,30396.900000,157092.9490
BTCUSDT,2023.07.11,00:00:00,30396.900000,30599.000000,30348.700000,30461.000000,45182.0600
BTCUSDT,2023.07.11,04:00:00,30460.900000,30660.000000,30416.400000,30528.500000,37039.0620
BTCUSDT,2023.07.11,08:00:00,30528.600000,30557.800000,30325.000000,30391.300000,38953.6020
BTCUSDT,2023.07.11,12:00:00,30391.400000,30804.900000,30261.400000,30585.500000,98194.8320
BTCUSDT,2023.07.11,16:00:00,30585.500000,30684.600000,30383.900000,30565.500000,52691.7260
BTCUSDT,2023.07.11,20:00:00,30565.500000,30640.000000,30492.800000,30608.400000,26843.4650
BTCUSDT,2023.07.12,00:00:00,30608.300000,30672.000000,30485.000000,30581.300000,28484.3930
BTCUSDT,2023.07.12,04:00:00,30581.300000,30849.200000,30555.000000,30730.800000,50264.0910
BTCUSDT,2023.07.12,08:00:00,30730.700000,30807.500000,30639.100000,30765.300000,33657.8500
BTCUSDT,2023.07.12,12:00:00,30765.400000,30980.500000,30447.000000,30510.200000,198943.4960
BTCUSDT,2023.07.12,16:00:00,30510.100000,30529.000000,30186.000000,30268.100000,84461.4640
BTCUSDT,2023.07.12,20:00:00,30268.100000,30408.800000,30220.500000,30368.900000,29246.9630
BTCUSDT,2023.07.13,00:00:00,30368.900000,30423.000000,30257.100000,30283.700000,25819.2440
BTCUSDT,2023.07.13,04:00:00,30283.600000,30414.000000,30233.000000,30355.100000,29140.8130
BTCUSDT,2023.07.13,08:00:00,30355.100000,30624.000000,30328.200000,30530.600000,59604.5310
BTCUSDT,2023.07.13,12:00:00,30530.600000,31205.300000,30446.400000,30915.400000,176453.5360
BTCUSDT,2023.07.13,16:00:00,30915.500000,31850.000000,30700.000000,31600.600000,291866.5460
BTCUSDT,2023.07.13,20:00:00,31600.500000,31693.700000,30993.800000,31441.700000,113138.8400
BTCUSDT,2023.07.14,00:00:00,31441.600000,31640.000000,31321.400000,31445.400000,60468.9430
BTCUSDT,2023.07.14,04:00:00,31445.400000,31457.700000,31068.500000,31096.000000,47214.5110
BTCUSDT,2023.07.14,08:00:00,31095.900000,31284.900000,31076.500000,31206.400000,43894.1910
BTCUSDT,2023.07.14,12:00:00,31206.400000,31364.900000,31037.400000,31236.500000,60181.7650
BTCUSDT,2023.07.14,16:00:00,31236.600000,31272.700000,29876.600000,30099.900000,267411.0250
BTCUSDT,2023.07.14,20:00:00,30099.900000,30299.900000,29965.000000,30293.300000,59521.8110
BTCUSDT,2023.07.15,00:00:00,30293.300000,30380.000000,30220.200000,30276.000000,29471.3780
BTCUSDT,2023.07.15,04:00:00,30276.000000,30349.700000,30241.000000,30317.600000,18539.3290
BTCUSDT,2023.07.15,08:00:00,30317.700000,30360.000000,30258.900000,30298.500000,17263.0000
BTCUSDT,2023.07.15,12:00:00,30298.500000,30348.400000,30237.000000,30290.500000,19740.3220
BTCUSDT,2023.07.15,16:00:00,30290.400000,30341.500000,30238.100000,30309.700000,16143.8550
BTCUSDT,2023.07.15,20:00:00,30309.700000,30309.800000,30251.000000,30276.400000,10464.5900
BTCUSDT,2023.07.16,00:00:00,30276.500000,30325.000000,30050.000000,30174.100000,43029.5840
BTCUSDT,2023.07.16,04:00:00,30174.100000,30300.900000,30120.000000,30253.000000,20092.4650
BTCUSDT,2023.07.16,08:00:00,30253.000000,30338.500000,30250.000000,30293.600000,19595.4250
BTCUSDT,2023.07.16,12:00:00,30293.600000,30441.600000,30254.100000,30366.000000,36284.9110
BTCUSDT,2023.07.16,16:00:00,30365.900000,30391.800000,30179.000000,30239.500000,29423.8970
BTCUSDT,2023.07.16,20:00:00,30239.600000,30349.600000,30110.600000,30216.800000,25379.6580
BTCUSDT,2023.07.17,00:00:00,30216.900000,30329.700000,30161.000000,30295.900000,22700.1980
BTCUSDT,2023.07.17,04:00:00,30295.900000,30313.900000,30220.200000,30265.300000,13248.6500
BTCUSDT,2023.07.17,08:00:00,30265.200000,30309.400000,29910.000000,30145.000000,67733.8320
BTCUSDT,2023.07.17,12:00:00,30145.000000,30300.000000,30015.900000,30163.400000,66486.8080
BTCUSDT,2023.07.17,16:00:00,30163.400000,30224.400000,29630.000000,29870.000000,122153.8820
BTCUSDT,2023.07.17,20:00:00,29869.900000,30282.900000,29864.600000,30126.100000,51790.0570
BTCUSDT,2023.07.18,00:00:00,30126.000000,30227.500000,30061.300000,30063.800000,23756.5850
BTCUSDT,2023.07.18,04:00:00,30063.800000,30110.900000,29908.100000,29951.900000,38504.7130
BTCUSDT,2023.07.18,08:00:00,29952.000000,30098.500000,29784.000000,29871.900000,60543.6370
BTCUSDT,2023.07.18,12:00:00,29872.000000,30028.600000,29657.100000,29895.100000,98912.9840
BTCUSDT,2023.07.18,16:00:00,29895.100000,29954.300000,29400.000000,29708.100000,88550.2430
BTCUSDT,2023.07.18,20:00:00,29708.200000,29859.000000,29678.000000,29845.600000,27128.2550
BTCUSDT,2023.07.19,00:00:00,29845.700000,30067.700000,29826.700000,30048.000000,46282.2640
BTCUSDT,2023.07.19,04:00:00,30048.000000,30178.500000,29950.100000,29984.000000,41398.7500
BTCUSDT,2023.07.19,08:00:00,29984.100000,30038.400000,29852.200000,30004.700000,36932.3970
BTCUSDT,2023.07.19,12:00:00,30004.700000,30130.000000,29745.000000,29939.800000,89658.2350
BTCUSDT,2023.07.19,16:00:00,29939.700000,30088.100000,29855.500000,30032.400000,50777.1860
BTCUSDT,2023.07.19,20:00:00,30032.400000,30042.000000,29811.000000,29895.500000,33370.0220
BTCUSDT,2023.07.20,00:00:00,29895.500000,30037.900000,29866.000000,29937.000000,23383.1350
BTCUSDT,2023.07.20,04:00:00,29937.000000,30240.200000,29912.100000,30195.500000,54428.4090
BTCUSDT,2023.07.20,08:00:00,30195.600000,30420.000000,30151.600000,30274.000000,79217.9620
BTCUSDT,2023.07.20,12:00:00,30274.000000,30302.900000,29600.000000,29792.800000,146334.2810
BTCUSDT,2023.07.20,16:00:00,29792.900000,29863.000000,29468.800000,29744.400000,78409.8830
BTCUSDT,2023.07.20,20:00:00,29744.500000,29880.200000,29652.700000,29791.000000,28490.0940
BTCUSDT,2023.07.21,00:00:00,29791.000000,29949.500000,29705.900000,29884.300000,38621.2190
BTCUSDT,2023.07.21,04:00:00,29884.300000,29893.300000,29729.600000,29757.800000,26891.1760
BTCUSDT,2023.07.21,08:00:00,29757.800000,29838.800000,29710.300000,29764.800000,28024.4280
BTCUSDT,2023.07.21,12:00:00,29764.800000,29904.700000,29764.700000,29852.000000,46739.6420
BTCUSDT,2023.07.21,16:00:00,29852.000000,30056.200000,29762.000000,29865.100000,63156.1010
BTCUSDT,2023.07.21,20:00:00,29865.100000,29942.700000,29819.400000,29891.400000,17712.5080
BTCUSDT,2023.07.22,00:00:00,29891.500000,29985.300000,29873.600000,29886.600000,18181.0620
BTCUSDT,2023.07.22,04:00:00,29886.700000,29986.000000,29822.000000,29933.000000,26673.5400
BTCUSDT,2023.07.22,08:00:00,29932.900000,29969.600000,29847.900000,29874.100000,22981.2200
BTCUSDT,2023.07.22,12:00:00,29874.100000,29895.000000,29806.600000,29883.900000,24285.7780
BTCUSDT,2023.07.22,16:00:00,29883.900000,29892.500000,29783.600000,29820.600000,17262.5240
BTCUSDT,2023.07.22,20:00:00,29820.500000,29831.300000,29602.200000,29783.500000,33991.8320
BTCUSDT,2023.07.23,00:00:00,29783.500000,29884.000000,29718.900000,29832.500000,29826.5200
BTCUSDT,2023.07.23,04:00:00,29832.500000,29974.600000,29832.500000,29900.900000,34347.5040
BTCUSDT,2023.07.23,08:00:00,29900.900000,29950.000000,29870.900000,29881.500000,15675.6570
BTCUSDT,2023.07.23,12:00:00,29881.500000,29922.700000,29836.200000,29886.000000,14726.5080
BTCUSDT,2023.07.23,16:00:00,29885.900000,30368.200000,29885.900000,30083.100000,92494.1750
BTCUSDT,2023.07.23,20:00:00,30083.100000,30135.000000,29909.000000,30070.800000,37643.4820
BTCUSDT,2023.07.24,00:00:00,30070.900000,30091.700000,29650.200000,29705.600000,70284.0570
BTCUSDT,2023.07.24,04:00:00,29705.700000,29862.900000,29639.700000,29816.400000,41874.0760
BTCUSDT,2023.07.24,08:00:00,29816.400000,29820.900000,28904.400000,29259.600000,137130.3880
BTCUSDT,2023.07.24,12:00:00,29259.700000,29262.600000,28830.000000,29085.800000,124595.2590
BTCUSDT,2023.07.24,16:00:00,29085.900000,29147.000000,28982.500000,29106.900000,41486.8080
BTCUSDT,2023.07.24,20:00:00,29106.800000,29200.000000,29075.500000,29163.800000,18811.8290
BTCUSDT,2023.07.25,00:00:00,29163.800000,29174.500000,29033.000000,29099.600000,27479.7790
BTCUSDT,2023.07.25,04:00:00,29099.600000,29155.400000,29060.000000,29132.300000,17709.9510
BTCUSDT,2023.07.25,08:00:00,29132.300000,29277.600000,29106.300000,29117.600000,35393.2840
BTCUSDT,2023.07.25,12:00:00,29117.600000,29333.000000,29058.000000,29167.000000,65595.4640
BTCUSDT,2023.07.25,16:00:00,29167.000000,29379.500000,29165.500000,29189.000000,36685.8980
BTCUSDT,2023.07.25,20:00:00,29189.000000,29247.900000,29171.300000,29216.300000,13574.2420
BTCUSDT,2023.07.26,00:00:00,29216.200000,29414.600000,29083.000000,29228.000000,47519.0460
BTCUSDT,2023.07.26,04:00:00,29228.100000,29315.000000,29100.000000,29205.300000,27037.8590
BTCUSDT,2023.07.26,08:00:00,29205.400000,29229.300000,29145.200000,29163.900000,16394.1340
BTCUSDT,2023.07.26,12:00:00,29163.900000,29349.300000,29152.400000,29307.200000,42475.7960
BTCUSDT,2023.07.26,16:00:00,29307.300000,29500.000000,29172.000000,29390.300000,94415.2300
BTCUSDT,2023.07.26,20:00:00,29390.300000,29670.500000,29260.000000,29336.000000,90685.5170
BTCUSDT,2023.07.27,00:00:00,29336.000000,29436.700000,29286.200000,29388.100000,22249.7630
BTCUSDT,2023.07.27,04:00:00,29388.100000,29485.900000,29366.000000,29396.900000,27656.6930
BTCUSDT,2023.07.27,08:00:00,29396.900000,29558.400000,29380.000000,29493.900000,34054.5310
BTCUSDT,2023.07.27,12:00:00,29494.000000,29495.100000,29218.100000,29278.000000,55284.0490
BTCUSDT,2023.07.27,16:00:00,29278.000000,29324.500000,29065.500000,29152.600000,63642.4220
BTCUSDT,2023.07.27,20:00:00,29152.600000,29225.000000,29117.700000,29209.700000,20489.0760
BTCUSDT,2023.07.28,00:00:00,29209.800000,29299.900000,29171.300000,29239.800000,23272.4060
BTCUSDT,2023.07.28,04:00:00,29239.800000,29255.500000,29125.500000,29126.900000,19221.0010
BTCUSDT,2023.07.28,08:00:00,29126.900000,29239.400000,29112.800000,29195.300000,25255.9020
BTCUSDT,2023.07.28,12:00:00,29195.400000,29535.700000,29192.500000,29379.000000,93071.2630
BTCUSDT,2023.07.28,16:00:00,29379.000000,29391.600000,29180.600000,29303.400000,48155.7110
BTCUSDT,2023.07.28,20:00:00,29303.500000,29358.000000,29267.300000,29299.900000,12323.5840
BTCUSDT,2023.07.29,00:00:00,29300.000000,29381.400000,29280.600000,29355.700000,12079.2150
BTCUSDT,2023.07.29,04:00:00,29355.600000,29397.900000,29271.700000,29283.000000,16468.9270
BTCUSDT,2023.07.29,08:00:00,29283.000000,29321.100000,29237.500000,29253.200000,17802.9400
BTCUSDT,2023.07.29,12:00:00,29253.200000,29334.400000,29246.200000,29284.800000,18876.1770
BTCUSDT,2023.07.29,16:00:00,29284.800000,29340.000000,29276.000000,29328.000000,12008.2010
BTCUSDT,2023.07.29,20:00:00,29328.000000,29368.800000,29328.000000,29339.100000,9865.2590
BTCUSDT,2023.07.30,00:00:00,29339.100000,29345.900000,29292.000000,29300.200000,9189.0520
BTCUSDT,2023.07.30,04:00:00,29300.100000,29317.500000,29251.900000,29280.000000,11221.7740
BTCUSDT,2023.07.30,08:00:00,29280.100000,29318.100000,29211.200000,29301.300000,20506.0020
BTCUSDT,2023.07.30,12:00:00,29301.300000,29442.500000,29260.000000,29337.100000,40656.6430
BTCUSDT,2023.07.30,16:00:00,29337.200000,29399.500000,29100.000000,29187.200000,37631.1690
BTCUSDT,2023.07.30,20:00:00,29187.200000,29274.000000,29006.000000,29271.100000,50696.6130
BTCUSDT,2023.07.31,00:00:00,29271.200000,29525.800000,29250.000000,29411.800000,49619.6360
BTCUSDT,2023.07.31,04:00:00,29411.800000,29434.500000,29343.000000,29363.700000,19913.7820
BTCUSDT,2023.07.31,08:00:00,29363.800000,29411.500000,29317.400000,29395.900000,19231.2340
BTCUSDT,2023.07.31,12:00:00,29395.800000,29461.400000,29208.900000,29231.300000,58218.1870
BTCUSDT,2023.07.31,16:00:00,29231.300000,29263.000000,29100.000000,29146.500000,50449.5390
BTCUSDT,2023.07.31,20:00:00,29146.400000,29285.300000,29102.300000,29220.800000,32949.3440
BTCUSDT,2023.08.01,00:00:00,29220.800000,29337.300000,28684.700000,28820.100000,88466.9480
BTCUSDT,2023.08.01,04:00:00,28820.100000,28959.000000,28785.300000,28921.200000,38804.5990
BTCUSDT,2023.08.01,08:00:00,28921.200000,28986.500000,28850.100000,28853.000000,26312.2920
BTCUSDT,2023.08.01,12:00:00,28852.900000,28973.600000,28550.000000,28942.900000,92928.7060
BTCUSDT,2023.08.01,16:00:00,28943.000000,29330.000000,28850.200000,29263.600000,98361.1210
BTCUSDT,2023.08.01,20:00:00,29263.500000,29735.000000,29170.000000,29701.200000,97454.9770
BTCUSDT,2023.08.02,00:00:00,29701.200000,30059.900000,29607.600000,29622.500000,133633.0980
BTCUSDT,2023.08.02,04:00:00,29622.500000,29719.500000,29550.000000,29570.100000,45298.4700
BTCUSDT,2023.08.02,08:00:00,29570.200000,29571.000000,29360.000000,29552.900000,75164.9640
BTCUSDT,2023.08.02,12:00:00,29552.800000,29599.000000,29156.000000,29312.600000,97917.6260
BTCUSDT,2023.08.02,16:00:00,29312.500000,29357.000000,28906.300000,29141.800000,115887.8450
BTCUSDT,2023.08.02,20:00:00,29141.800000,29229.100000,29050.300000,29170.100000,23823.4890
BTCUSDT,2023.08.03,00:00:00,29170.200000,29273.100000,29110.000000,29170.100000,24131.1030
BTCUSDT,2023.08.03,04:00:00,29170.100000,29185.200000,29005.000000,29034.000000,28883.9170
BTCUSDT,2023.08.03,08:00:00,29034.000000,29193.500000,28955.400000,29134.200000,39270.9530
BTCUSDT,2023.08.03,12:00:00,29134.100000,29440.000000,29068.000000,29244.400000,78353.2910
BTCUSDT,2023.08.03,16:00:00,29244.400000,29359.900000,29119.300000,29265.700000,49258.6720
BTCUSDT,2023.08.03,20:00:00,29265.600000,29352.400000,29150.000000,29180.200000,32070.0060
BTCUSDT,2023.08.04,00:00:00,29180.100000,29244.400000,29079.600000,29152.600000,24448.7610
BTCUSDT,2023.08.04,04:00:00,29152.600000,29243.900000,29120.300000,29201.600000,18873.4410
BTCUSDT,2023.08.04,08:00:00,29201.600000,29250.000000,29121.300000,29157.200000,22514.2380
BTCUSDT,2023.08.04,12:00:00,29157.200000,29323.800000,29116.000000,29258.800000,53716.3960
BTCUSDT,2023.08.04,16:00:00,29258.800000,29273.600000,28919.900000,29021.000000,61493.3350
BTCUSDT,2023.08.04,20:00:00,29021.000000,29115.000000,28780.000000,29101.100000,48349.5020
BTCUSDT,2023.08.05,00:00:00,29101.100000,29145.000000,29051.100000,29082.600000,15877.3820
BTCUSDT,2023.08.05,04:00:00,29082.600000,29089.200000,29020.500000,29037.900000,11796.2750
BTCUSDT,2023.08.05,08:00:00,29037.900000,29083.000000,29030.100000,29040.600000,10686.4150
BTCUSDT,2023.08.05,12:00:00,29040.600000,29072.900000,28960.000000,29032.400000,25947.7550
BTCUSDT,2023.08.05,16:00:00,29032.500000,29092.100000,28997.400000,29056.900000,11614.7470
BTCUSDT,2023.08.05,20:00:00,29056.900000,29084.300000,29041.500000,29057.700000,6586.0500
BTCUSDT,2023.08.06,00:00:00,29057.700000,29070.300000,29023.400000,29053.500000,8174.3510
BTCUSDT,2023.08.06,04:00:00,29053.500000,29100.000000,29028.000000,29081.400000,11457.4370
BTCUSDT,2023.08.06,08:00:00,29081.300000,29132.000000,29036.000000,29067.000000,15861.6010
BTCUSDT,2023.08.06,12:00:00,29067.000000,29067.700000,28978.500000,29001.000000,18943.1510
BTCUSDT,2023.08.06,16:00:00,29001.100000,29095.000000,28983.700000,29076.900000,18067.0070
BTCUSDT,2023.08.06,20:00:00,29077.000000,29199.000000,29025.000000,29075.900000,30590.8930
BTCUSDT,2023.08.07,00:00:00,29075.900000,29220.700000,29005.500000,29148.900000,29961.0460
BTCUSDT,2023.08.07,04:00:00,29148.800000,29186.600000,29036.500000,29084.700000,22738.5200
BTCUSDT,2023.08.07,08:00:00,29084.700000,29146.200000,29031.000000,29085.800000,23220.4420
BTCUSDT,2023.08.07,12:00:00,29085.900000,29148.800000,28771.000000,28853.200000,85465.1040
BTCUSDT,2023.08.07,16:00:00,28853.200000,29177.000000,28682.300000,29144.900000,101877.1640
BTCUSDT,2023.08.07,20:00:00,29144.900000,29274.500000,29107.700000,29202.700000,34490.1630
BTCUSDT,2023.08.08,00:00:00,29202.700000,29255.000000,29132.400000,29182.800000,21205.2900
BTCUSDT,2023.08.08,04:00:00,29182.800000,29330.000000,29170.200000,29177.000000,30113.0850
BTCUSDT,2023.08.08,08:00:00,29177.000000,29439.000000,29160.000000,29428.000000,46193.5210
BTCUSDT,2023.08.08,12:00:00,29428.100000,29666.000000,29336.600000,29517.500000,130658.5270
BTCUSDT,2023.08.08,16:00:00,29517.500000,29944.800000,29516.100000,29866.400000,136368.6990
BTCUSDT,2023.08.08,20:00:00,29866.400000,30250.000000,29674.100000,29759.000000,94730.6790
BTCUSDT,2023.08.09,00:00:00,29758.900000,29874.500000,29628.000000,29710.000000,44098.3780
BTCUSDT,2023.08.09,04:00:00,29710.000000,29809.800000,29650.000000,29807.900000,33679.6630
BTCUSDT,2023.08.09,08:00:00,29807.800000,29905.800000,29715.600000,29877.100000,39109.9480
BTCUSDT,2023.08.09,12:00:00,29877.100000,30149.700000,29663.000000,29749.400000,112574.0750
BTCUSDT,2023.08.09,16:00:00,29749.300000,29764.900000,29366.000000,29404.200000,94943.4690
BTCUSDT,2023.08.09,20:00:00,29404.300000,29619.700000,29362.000000,29572.800000,37604.1680
BTCUSDT,2023.08.10,00:00:00,29572.900000,29650.000000,29550.400000,29568.900000,26398.7350
BTCUSDT,2023.08.10,04:00:00,29568.900000,29613.200000,29477.200000,29504.000000,26126.0320
BTCUSDT,2023.08.10,08:00:00,29504.000000,29553.000000,29461.400000,29490.000000,21083.3270
BTCUSDT,2023.08.10,12:00:00,29490.000000,29729.800000,29380.000000,29452.800000,101443.0070
BTCUSDT,2023.08.10,16:00:00,29452.900000,29472.600000,29303.700000,29435.500000,46278.8860
BTCUSDT,2023.08.10,20:00:00,29435.400000,29480.000000,29413.700000,29443.700000,13216.0510
BTCUSDT,2023.08.11,00:00:00,29443.700000,29489.500000,29336.000000,29400.700000,19307.0710
BTCUSDT,2023.08.11,04:00:00,29400.700000,29481.900000,29367.300000,29406.700000,18382.8210
BTCUSDT,2023.08.11,08:00:00,29406.800000,29441.600000,29333.900000,29435.000000,21937.0720
BTCUSDT,2023.08.11,12:00:00,29435.000000,29565.100000,29339.900000,29383.000000,67829.5100
BTCUSDT,2023.08.11,16:00:00,29382.900000,29420.000000,29220.000000,29387.800000,41293.1640
BTCUSDT,2023.08.11,20:00:00,29387.800000,29437.200000,29382.900000,29415.500000,10294.3700
BTCUSDT,2023.08.12,00:00:00,29415.500000,29450.000000,29360.000000,29388.000000,11511.4550
BTCUSDT,2023.08.12,04:00:00,29388.000000,29417.200000,29375.700000,29410.200000,7457.7810
BTCUSDT,2023.08.12,08:00:00,29410.200000,29424.900000,29378.600000,29416.700000,9821.4750
BTCUSDT,2023.08.12,12:00:00,29416.700000,29445.300000,29395.700000,29426.000000,10838.1630
BTCUSDT,2023.08.12,16:00:00,29426.000000,29470.000000,29401.200000,29407.500000,10798.7890
BTCUSDT,2023.08.12,20:00:00,29407.600000,29422.700000,29385.100000,29420.700000,5810.3720
BTCUSDT,2023.08.13,00:00:00,29420.800000,29447.400000,29380.100000,29401.800000,9679.0960
BTCUSDT,2023.08.13,04:00:00,29401.800000,29401.900000,29343.800000,29385.500000,11731.6610
BTCUSDT,2023.08.13,08:00:00,29385.600000,29400.700000,29362.000000,29374.000000,7336.3980
BTCUSDT,2023.08.13,12:00:00,29374.000000,29382.600000,29349.000000,29362.800000,9904.9600
BTCUSDT,2023.08.13,16:00:00,29362.800000,29463.000000,29316.200000,29426.100000,20860.5950
BTCUSDT,2023.08.13,20:00:00,29426.000000,29434.900000,29256.600000,29293.300000,24677.7950
BTCUSDT,2023.08.14,00:00:00,29293.300000,29415.000000,29070.000000,29390.000000,68307.5460
BTCUSDT,2023.08.14,04:00:00,29390.000000,29466.300000,29379.400000,29410.500000,22179.1940
BTCUSDT,2023.08.14,08:00:00,29410.400000,29486.000000,29371.400000,29399.800000,24534.4430
BTCUSDT,2023.08.14,12:00:00,29399.800000,29665.000000,29319.900000,29592.900000,80846.7790
BTCUSDT,2023.08.14,16:00:00,29592.800000,29686.700000,29233.000000,29353.800000,81315.6700
BTCUSDT,2023.08.14,20:00:00,29353.700000,29465.800000,29323.200000,29419.500000,17851.7510
BTCUSDT,2023.08.15,00:00:00,29419.500000,29446.500000,29355.900000,29386.900000,14493.2600
BTCUSDT,2023.08.15,04:00:00,29386.900000,29422.900000,29338.900000,29396.900000,14399.4080
BTCUSDT,2023.08.15,08:00:00,29396.900000,29446.500000,29340.200000,29357.100000,22179.3540
BTCUSDT,2023.08.15,12:00:00,29357.100000,29492.100000,29294.900000,29315.200000,46749.7480
BTCUSDT,2023.08.15,16:00:00,29315.100000,29358.900000,29050.000000,29172.400000,71365.3840
BTCUSDT,2023.08.15,20:00:00,29172.400000,29234.600000,29125.800000,29188.800000,22102.8050
BTCUSDT,2023.08.16,00:00:00,29188.900000,29257.400000,29174.600000,29216.700000,18146.8200
BTCUSDT,2023.08.16,04:00:00,29216.700000,29223.500000,29100.000000,29187.000000,25778.0070
BTCUSDT,2023.08.16,08:00:00,29187.000000,29209.000000,29086.000000,29154.900000,25949.9390
BTCUSDT,2023.08.16,12:00:00,29154.900000,29206.600000,29030.000000,29098.000000,54132.7270
BTCUSDT,2023.08.16,16:00:00,29097.900000,29229.600000,28940.000000,29105.500000,75411.9610
BTCUSDT,2023.08.16,20:00:00,29105.400000,29132.400000,28705.100000,28714.400000,81123.4980
BTCUSDT,2023.08.17,00:00:00,28714.400000,28775.900000,28288.600000,28643.500000,100604.3120
BTCUSDT,2023.08.17,04:00:00,28643.500000,28694.900000,28590.200000,28613.000000,27425.1950
BTCUSDT,2023.08.17,08:00:00,28613.100000,28627.800000,28469.200000,28540.000000,39605.7560
BTCUSDT,2023.08.17,12:00:00,28540.000000,28569.300000,27855.000000,27920.900000,182544.6770
BTCUSDT,2023.08.17,16:00:00,27920.900000,28078.000000,27700.000000,27889.400000,133611.9790
BTCUSDT,2023.08.17,20:00:00,27889.400000,27915.800000,24581.000000,26609.700000,384716.3010
BTCUSDT,2023.08.18,00:00:00,26609.700000,26818.000000,26307.100000,26385.900000,78941.1500
BTCUSDT,2023.08.18,04:00:00,26386.000000,26597.700000,26150.000000,26413.800000,75871.9930
BTCUSDT,2023.08.18,08:00:00,26413.800000,26595.200000,26365.000000,26479.500000,49121.5250
BTCUSDT,2023.08.18,12:00:00,26479.500000,26489.600000,25918.200000,25993.100000,130570.3200
BTCUSDT,2023.08.18,16:00:00,25993.100000,26300.000000,25600.000000,26053.400000,151020.8500
BTCUSDT,2023.08.18,20:00:00,26053.400000,26235.000000,25989.500000,26042.100000,36849.4780
BTCUSDT,2023.08.19,00:00:00,26042.000000,26147.600000,25910.000000,25958.700000,28906.5280
BTCUSDT,2023.08.19,04:00:00,25958.600000,25998.000000,25783.400000,25906.800000,38367.5520
BTCUSDT,2023.08.19,08:00:00,25906.700000,25992.800000,25871.000000,25885.200000,26956.8680
BTCUSDT,2023.08.19,12:00:00,25885.300000,26216.400000,25858.000000,26201.000000,50264.7140
BTCUSDT,2023.08.19,16:00:00,26201.000000,26269.400000,26012.300000,26112.600000,42478.8850
BTCUSDT,2023.08.19,20:00:00,26112.600000,26143.700000,26016.600000,26088.300000,15244.6060
BTCUSDT,2023.08.20,00:00:00,26088.400000,26197.000000,26027.900000,26090.900000,17904.1050
BTCUSDT,2023.08.20,04:00:00,26090.900000,26153.400000,26029.200000,26073.600000,13250.6080
BTCUSDT,2023.08.20,08:00:00,26073.600000,26187.800000,26041.400000,26163.900000,19743.7090
BTCUSDT,2023.08.20,12:00:00,26163.800000,26209.600000,25948.500000,26095.000000,40356.2240
BTCUSDT,2023.08.20,16:00:00,26095.000000,26149.000000,25982.300000,26122.100000,21311.9610
BTCUSDT,2023.08.20,20:00:00,26122.100000,26285.000000,26122.000000,26175.900000,28523.2430
BTCUSDT,2023.08.21,00:00:00,26175.900000,26183.200000,26052.500000,26076.700000,19223.0350
BTCUSDT,2023.08.21,04:00:00,26076.800000,26174.400000,25985.000000,26012.000000,32357.5650
BTCUSDT,2023.08.21,08:00:00,26011.900000,26079.800000,25861.000000,26020.700000,43891.8050
BTCUSDT,2023.08.21,12:00:00,26020.800000,26193.600000,25800.000000,25925.100000,78006.6650
BTCUSDT,2023.08.21,16:00:00,25925.100000,26159.900000,25921.100000,26086.200000,34324.2960
BTCUSDT,2023.08.21,20:00:00,26086.200000,26280.000000,26067.500000,26115.400000,24701.8990
BTCUSDT,2023.08.22,00:00:00,26115.400000,26128.200000,26010.300000,26042.200000,15716.0850
BTCUSDT,2023.08.22,04:00:00,26042.200000,26108.700000,25981.600000,26091.600000,18541.3800
BTCUSDT,2023.08.22,08:00:00,26091.700000,26100.000000,26014.600000,26039.000000,15537.9310
BTCUSDT,2023.08.22,12:00:00,26039.000000,26087.200000,25900.000000,25923.000000,44564.0370
BTCUSDT,2023.08.22,16:00:00,25923.000000,26048.000000,25693.600000,25767.200000,116546.0680
BTCUSDT,2023.08.22,20:00:00,25767.100000,26060.000000,25280.000000,26044.400000,102208.0750
BTCUSDT,2023.08.23,00:00:00,26044.500000,26177.000000,25974.100000,25992.100000,35799.3690
BTCUSDT,2023.08.23,04:00:00,25992.000000,26170.000000,25967.100000,26045.300000,36125.4460
BTCUSDT,2023.08.23,08:00:00,26045.300000,26085.600000,25887.400000,25928.100000,31581.2750
BTCUSDT,2023.08.23,12:00:00,25928.100000,26187.000000,25800.000000,26134.300000,89252.3640
BTCUSDT,2023.08.23,16:00:00,26134.300000,26806.000000,26113.700000,26615.200000,149537.6650
BTCUSDT,2023.08.23,20:00:00,26615.200000,26714.800000,26201.000000,26419.200000,70672.9090
BTCUSDT,2023.08.24,00:00:00,26419.200000,26535.900000,26334.000000,26430.000000,29657.8570
BTCUSDT,2023.08.24,04:00:00,26430.000000,26509.600000,26370.100000,26460.700000,23503.4500
BTCUSDT,2023.08.24,08:00:00,26460.800000,26568.300000,26395.000000,26433.800000,33863.8570
BTCUSDT,2023.08.24,12:00:00,26433.800000,26433.900000,25972.500000,25987.300000,100356.8060
BTCUSDT,2023.08.24,16:00:00,25987.300000,26148.000000,25835.000000,26025.900000,68869.9890
BTCUSDT,2023.08.24,20:00:00,26026.000000,26200.000000,25918.500000,26164.600000,30501.3780
BTCUSDT,2023.08.25,00:00:00,26164.600000,26177.000000,26000.000000,26095.200000,21737.9260
BTCUSDT,2023.08.25,04:00:00,26095.200000,26102.900000,25960.000000,25969.300000,28255.7210
BTCUSDT,2023.08.25,08:00:00,25969.400000,26118.700000,25968.900000,26087.700000,23053.7190
BTCUSDT,2023.08.25,12:00:00,26087.700000,26300.000000,25754.400000,25917.400000,138297.9120
BTCUSDT,2023.08.25,16:00:00,25917.300000,26059.800000,25820.000000,25961.900000,45731.0220
BTCUSDT,2023.08.25,20:00:00,25961.800000,26078.000000,25944.400000,26051.700000,17754.1940
BTCUSDT,2023.08.26,00:00:00,26051.700000,26129.400000,26018.100000,26076.400000,13952.9320
BTCUSDT,2023.08.26,04:00:00,26076.400000,26079.200000,26033.700000,26039.700000,8045.8710
BTCUSDT,2023.08.26,08:00:00,26039.800000,26048.700000,25985.000000,26035.900000,12714.0980
BTCUSDT,2023.08.26,12:00:00,26036.000000,26070.000000,25969.000000,26040.200000,12983.3170
BTCUSDT,2023.08.26,16:00:00,26040.200000,26048.500000,25990.200000,26023.000000,8875.0660
BTCUSDT,2023.08.26,20:00:00,26023.100000,26038.700000,25975.500000,26004.300000,7354.5780
BTCUSDT,2023.08.27,00:00:00,26004.300000,26021.600000,25955.600000,26009.600000,9486.1160
BTCUSDT,2023.08.27,04:00:00,26009.700000,26041.900000,26009.600000,26028.500000,7936.9580
BTCUSDT,2023.08.27,08:00:00,26028.500000,26087.700000,26018.900000,26049.000000,13550.2470
BTCUSDT,2023.08.27,12:00:00,26049.000000,26173.600000,26040.200000,26110.800000,21791.0100
BTCUSDT,2023.08.27,16:00:00,26110.900000,26169.800000,26020.000000,26112.100000,22000.8520
BTCUSDT,2023.08.27,20:00:00,26112.200000,26123.800000,26025.200000,26087.700000,11740.2150
BTCUSDT,2023.08.28,00:00:00,26087.600000,26092.100000,25970.300000,26002.000000,26342.0160
BTCUSDT,2023.08.28,04:00:00,26002.000000,26024.700000,25850.400000,25923.000000,30904.8810
BTCUSDT,2023.08.28,08:00:00,25923.100000,25994.800000,25853.500000,25992.800000,27052.3560
BTCUSDT,2023.08.28,12:00:00,25992.800000,26244.600000,25980.000000,26093.300000,68569.7580
BTCUSDT,2023.08.28,16:00:00,26093.400000,26182.800000,25902.200000,25981.600000,41869.5820
BTCUSDT,2023.08.28,20:00:00,25981.700000,26170.000000,25931.800000,26106.500000,25253.4580
BTCUSDT,2023.08.29,00:00:00,26106.500000,26200.000000,26050.100000,26068.300000,22733.6170
BTCUSDT,2023.08.29,04:00:00,26068.400000,26080.400000,25974.100000,25992.000000,20248.2790
BTCUSDT,2023.08.29,08:00:00,25992.100000,26038.300000,25905.200000,25962.200000,33062.3190
BTCUSDT,2023.08.29,12:00:00,25962.200000,27690.000000,25951.700000,27411.400000,362949.3330
BTCUSDT,2023.08.29,16:00:00,27411.400000,28168.000000,27337.600000,27820.000000,200945.5290
BTCUSDT,2023.08.29,20:00:00,27820.000000,27875.000000,27517.500000,27700.100000,60294.8690
BTCUSDT,2023.08.30,00:00:00,27700.100000,27758.200000,27265.000000,27379.300000,66092.6140
BTCUSDT,2023.08.30,04:00:00,27379.200000,27464.000000,27360.000000,27427.200000,23307.8280
BTCUSDT,2023.08.30,08:00:00,27427.100000,27493.600000,27290.700000,27323.500000,35589.8340
BTCUSDT,2023.08.30,12:00:00,27323.400000,27450.000000,26950.000000,27192.000000,125823.0080
BTCUSDT,2023.08.30,16:00:00,27191.900000,27277.700000,27053.000000,27167.300000,42830.0200
BTCUSDT,2023.08.30,20:00:00,27167.400000,27335.600000,27165.500000,27290.400000,21670.6120
BTCUSDT,2023.08.31,00:00:00,27290.400000,27290.500000,27166.000000,27207.800000,16078.2980
BTCUSDT,2023.08.31,04:00:00,27207.800000,27285.000000,27200.800000,27249.100000,16560.4750
BTCUSDT,2023.08.31,08:00:00,27249.200000,27674.300000,27175.800000,27291.800000,53026.5010
BTCUSDT,2023.08.31,12:00:00,27291.800000,27305.100000,26733.800000,26909.500000,102909.9650
BTCUSDT,2023.08.31,16:00:00,26909.400000,26913.900000,25876.600000,26148.700000,224162.4590
BTCUSDT,2023.08.31,20:00:00,26148.700000,26180.000000,25617.800000,25928.000000,90168.5790
BTCUSDT,2023.09.01,00:00:00,25928.000000,26094.100000,25918.900000,26071.500000,27071.6310
BTCUSDT,2023.09.01,04:00:00,26071.400000,26086.200000,25962.100000,25975.200000,18796.6540
BTCUSDT,2023.09.01,08:00:00,25975.300000,26068.300000,25941.700000,26033.700000,23768.8580
BTCUSDT,2023.09.01,12:00:00,26033.600000,26151.600000,25555.000000,25798.000000,118639.4960
BTCUSDT,2023.09.01,16:00:00,25798.000000,25958.100000,25312.000000,25637.100000,134918.1480
BTCUSDT,2023.09.01,20:00:00,25637.200000,25928.500000,25557.300000,25795.600000,37990.1370
BTCUSDT,2023.09.02,00:00:00,25795.600000,25829.900000,25740.600000,25786.100000,12087.0230
BTCUSDT,2023.09.02,04:00:00,25786.100000,25841.400000,25754.700000,25783.900000,13773.9440
BTCUSDT,2023.09.02,08:00:00,25783.900000,25848.000000,25760.400000,25800.100000,18478.6250
BTCUSDT,2023.09.02,12:00:00,25800.100000,25975.000000,25771.100000,25880.000000,31798.1930
BTCUSDT,2023.09.02,16:00:00,25880.100000,25926.500000,25750.900000,25821.600000,22126.2550
BTCUSDT,2023.09.02,20:00:00,25821.600000,25899.300000,25805.400000,25855.800000,9378.8240
BTCUSDT,2023.09.03,00:00:00,25855.800000,25899.900000,25810.800000,25850.000000,10366.4080
BTCUSDT,2023.09.03,04:00:00,25850.000000,25943.600000,25849.900000,25941.400000,11059.3320
BTCUSDT,2023.09.03,08:00:00,25941.500000,25943.700000,25862.500000,25930.400000,11620.0830
BTCUSDT,2023.09.03,12:00:00,25930.500000,26115.000000,25802.800000,25858.200000,42781.0090
BTCUSDT,2023.09.03,16:00:00,25858.200000,26033.300000,25777.000000,25997.600000,31902.9070
BTCUSDT,2023.09.03,20:00:00,25997.500000,26135.200000,25915.000000,25962.100000,25287.0930
BTCUSDT,2023.09.04,00:00:00,25962.100000,26099.300000,25864.000000,25974.100000,22003.6370
BTCUSDT,2023.09.04,04:00:00,25974.100000,26005.700000,25896.000000,25953.800000,14593.3850
BTCUSDT,2023.09.04,08:00:00,25953.800000,26000.000000,25845.200000,25878.000000,20972.2850
BTCUSDT,2023.09.04,12:00:00,25877.900000,25961.500000,25707.500000,25803.900000,53696.8360
BTCUSDT,2023.09.04,16:00:00,25803.900000,25936.900000,25794.900000,25881.000000,22170.0000
BTCUSDT,2023.09.04,20:00:00,25881.100000,25911.200000,25610.000000,25814.000000,39711.7300
BTCUSDT,2023.09.05,00:00:00,25814.000000,25833.100000,25531.200000,25681.800000,30824.2700
BTCUSDT,2023.09.05,04:00:00,25681.700000,25747.800000,25660.800000,25724.700000,20015.6900
BTCUSDT,2023.09.05,08:00:00,25724.700000,25800.000000,25639.000000,25771.200000,29224.3100
BTCUSDT,2023.09.05,12:00:00,25771.300000,25900.000000,25610.000000,25747.900000,67199.2760
BTCUSDT,2023.09.05,16:00:00,25747.900000,25837.700000,25668.000000,25670.400000,25402.7220
BTCUSDT,2023.09.05,20:00:00,25670.400000,25792.400000,25660.000000,25779.700000,13973.6770
BTCUSDT,2023.09.06,00:00:00,25779.700000,25858.500000,25758.100000,25770.100000,16399.5820
BTCUSDT,2023.09.06,04:00:00,25770.100000,25780.900000,25711.000000,25715.000000,14492.8620
BTCUSDT,2023.09.06,08:00:00,25715.100000,25766.600000,25701.000000,25722.100000,13681.0830
BTCUSDT,2023.09.06,12:00:00,25722.000000,25769.300000,25530.000000,25576.300000,58993.3120
BTCUSDT,2023.09.06,16:00:00,25576.300000,26052.000000,25326.000000,25679.400000,127581.6030
BTCUSDT,2023.09.06,20:00:00,25679.500000,25776.000000,25641.600000,25747.400000,19974.2180
BTCUSDT,2023.09.07,00:00:00,25747.400000,25830.600000,25710.300000,25824.700000,14048.9950
BTCUSDT,2023.09.07,04:00:00,25824.600000,25838.000000,25735.200000,25750.900000,15151.9270
BTCUSDT,2023.09.07,08:00:00,25751.000000,25751.000000,25680.000000,25695.500000,14981.4110
BTCUSDT,2023.09.07,12:00:00,25695.500000,25824.700000,25602.300000,25766.700000,49351.9120
BTCUSDT,2023.09.07,16:00:00,25766.700000,25971.700000,25760.000000,25867.100000,48160.7960
BTCUSDT,2023.09.07,20:00:00,25867.100000,26451.000000,25843.300000,26240.700000,115654.8610
BTCUSDT,2023.09.08,00:00:00,26240.700000,26437.500000,26181.600000,26235.600000,36619.1540
BTCUSDT,2023.09.08,04:00:00,26235.600000,26378.400000,26171.000000,26244.100000,33675.2320
BTCUSDT,2023.09.08,08:00:00,26244.000000,26257.900000,25630.000000,25828.900000,92561.9210
BTCUSDT,2023.09.08,12:00:00,25828.900000,25945.700000,25777.400000,25829.800000,36852.2380
BTCUSDT,2023.09.08,16:00:00,25829.900000,25885.000000,25707.000000,25883.700000,35345.7580
BTCUSDT,2023.09.08,20:00:00,25883.600000,25923.100000,25834.500000,25899.800000,14215.4580
BTCUSDT,2023.09.09,00:00:00,25899.900000,25900.100000,25835.000000,25866.200000,10539.3960
BTCUSDT,2023.09.09,04:00:00,25866.200000,25886.600000,25820.000000,25871.000000,10439.2680
BTCUSDT,2023.09.09,08:00:00,25871.000000,25896.100000,25834.300000,25850.800000,10348.6750
BTCUSDT,2023.09.09,12:00:00,25850.700000,25921.500000,25781.500000,25881.900000,19660.8040
BTCUSDT,2023.09.09,16:00:00,25881.900000,25940.600000,25834.300000,25858.000000,10147.8310
BTCUSDT,2023.09.09,20:00:00,25858.000000,25908.500000,25843.700000,25892.600000,6773.8360
BTCUSDT,2023.09.10,00:00:00,25892.600000,25893.900000,25816.600000,25851.100000,10214.8680
BTCUSDT,2023.09.10,04:00:00,25851.100000,25864.200000,25727.800000,25843.000000,21004.5810
BTCUSDT,2023.09.10,08:00:00,25843.100000,25856.100000,25780.000000,25782.900000,13734.7980
BTCUSDT,2023.09.10,12:00:00,25783.000000,25827.000000,25702.000000,25764.100000,23275.0850
BTCUSDT,2023.09.10,16:00:00,25764.100000,25854.500000,25508.700000,25786.700000,45647.6980
BTCUSDT,2023.09.10,20:00:00,25786.700000,26037.300000,25758.000000,25828.400000,49095.3830
BTCUSDT,2023.09.11,00:00:00,25828.400000,25864.900000,25639.800000,25727.400000,32476.9540
BTCUSDT,2023.09.11,04:00:00,25727.400000,25895.000000,25707.900000,25801.300000,25284.4350
BTCUSDT,2023.09.11,08:00:00,25801.400000,25817.900000,25555.000000,25591.900000,60165.0890
BTCUSDT,2023.09.11,12:00:00,25591.800000,25749.700000,24915.000000,25102.500000,202778.6500
BTCUSDT,2023.09.11,16:00:00,25102.400000,25240.600000,24975.000000,25008.300000,65270.0710
BTCUSDT,2023.09.11,20:00:00,25008.200000,25210.000000,24888.000000,25150.400000,41241.1750
BTCUSDT,2023.09.12,00:00:00,25150.400000,25949.000000,25116.400000,25788.200000,109017.3370
BTCUSDT,2023.09.12,04:00:00,25788.200000,25989.600000,25600.800000,25810.200000,95929.5890
BTCUSDT,2023.09.12,08:00:00,25810.200000,26330.900000,25720.000000,26087.200000,107776.0890
BTCUSDT,2023.09.12,12:00:00,26087.200000,26397.000000,26021.000000,26192.400000,104597.3630
BTCUSDT,2023.09.12,16:00:00,26192.300000,26580.000000,25868.000000,26052.000000,134082.4290
BTCUSDT,2023.09.12,20:00:00,26052.100000,26150.000000,25762.000000,25825.800000,40646.8710
BTCUSDT,2023.09.13,00:00:00,25825.800000,25974.000000,25750.000000,25868.400000,33520.9400
BTCUSDT,2023.09.13,04:00:00,25868.300000,26099.500000,25835.000000,25865.700000,46661.9750
BTCUSDT,2023.09.13,08:00:00,25865.700000,26246.200000,25850.800000,26184.700000,64369.4730
BTCUSDT,2023.09.13,12:00:00,26184.800000,26382.000000,26007.900000,26229.100000,100568.9740
BTCUSDT,2023.09.13,16:00:00,26229.200000,26400.000000,26038.000000,26129.500000,70495.5210
BTCUSDT,2023.09.13,20:00:00,26129.400000,26294.000000,26129.400000,26209.900000,19635.8350
BTCUSDT,2023.09.14,00:00:00,26209.900000,26536.700000,26106.600000,26253.800000,76521.1390
BTCUSDT,2023.09.14,04:00:00,26253.800000,26380.000000,26150.000000,26332.300000,31773.1580
BTCUSDT,2023.09.14,08:00:00,26332.200000,26483.500000,26253.000000,26431.500000,35924.1430
BTCUSDT,2023.09.14,12:00:00,26431.600000,26790.000000,26326.000000,26679.900000,143119.6120
BTCUSDT,2023.09.14,16:00:00,26680.000000,26880.000000,26530.200000,26662.000000,62676.1220
BTCUSDT,2023.09.14,20:00:00,26662.000000,26713.200000,26461.000000,26510.300000,30652.2970
BTCUSDT,2023.09.15,00:00:00,26510.300000,26617.800000,26428.600000,26602.600000,27710.0770
BTCUSDT,2023.09.15,04:00:00,26602.700000,26647.000000,26535.000000,26554.400000,20708.9840
BTCUSDT,2023.09.15,08:00:00,26554.400000,26691.500000,26353.700000,26415.300000,43587.6140
BTCUSDT,2023.09.15,12:00:00,26415.300000,26520.000000,26206.600000,26311.100000,69223.3580
BTCUSDT,2023.09.15,16:00:00,26311.100000,26435.600000,26301.900000,26386.900000,24017.6230
BTCUSDT,2023.09.15,20:00:00,26386.900000,26890.000000,26357.300000,26591.100000,66409.1140
BTCUSDT,2023.09.16,00:00:00,26591.100000,26763.500000,26558.300000,26602.400000,32987.3270
BTCUSDT,2023.09.16,04:00:00,26602.400000,26608.800000,26453.300000,26486.000000,32167.8090
BTCUSDT,2023.09.16,08:00:00,26486.000000,26574.300000,26430.000000,26510.700000,31565.8070
BTCUSDT,2023.09.16,12:00:00,26510.600000,26566.400000,26470.300000,26493.600000,15417.4120
BTCUSDT,2023.09.16,16:00:00,26493.600000,26610.000000,26483.500000,26524.200000,19314.1110
BTCUSDT,2023.09.16,20:00:00,26524.100000,26570.000000,26492.000000,26546.900000,9029.9990
BTCUSDT,2023.09.17,00:00:00,26547.000000,26548.300000,26400.000000,26511.100000,24901.5820
BTCUSDT,2023.09.17,04:00:00,26511.100000,26560.700000,26476.000000,26482.600000,12207.0390
BTCUSDT,2023.09.17,08:00:00,26482.600000,26614.300000,26480.300000,26553.900000,18581.0110
BTCUSDT,2023.09.17,12:00:00,26553.900000,26598.700000,26507.900000,26537.000000,15183.4220
BTCUSDT,2023.09.17,16:00:00,26536.900000,26539.000000,26454.400000,26491.300000,18907.8590
BTCUSDT,2023.09.17,20:00:00,26491.200000,26526.000000,26377.400000,26514.200000,24458.4810
BTCUSDT,2023.09.18,00:00:00,26514.200000,26740.700000,26358.600000,26646.200000,59011.2310
BTCUSDT,2023.09.18,04:00:00,26646.200000,26796.000000,26550.100000,26701.700000,34889.7740
BTCUSDT,2023.09.18,08:00:00,26701.800000,27235.000000,26666.400000,27184.700000,117551.3700
BTCUSDT,2023.09.18,12:00:00,27184.600000,27397.000000,27115.000000,27258.800000,99944.8710
BTCUSDT,2023.09.18,16:00:00,27258.800000,27296.800000,26611.200000,26803.200000,131940.9360
BTCUSDT,2023.09.18,20:00:00,26803.200000,26869.200000,26713.300000,26749.900000,29200.8500
BTCUSDT,2023.09.19,00:00:00,26749.900000,26828.500000,26653.200000,26805.100000,28690.3860
BTCUSDT,2023.09.19,04:00:00,26805.100000,26860.000000,26740.000000,26836.100000,18919.4480
BTCUSDT,2023.09.19,08:00:00,26836.000000,27470.000000,26834.300000,27224.300000,126172.9260
BTCUSDT,2023.09.19,12:00:00,27224.400000,27480.000000,26868.000000,27413.400000,148480.2160
BTCUSDT,2023.09.19,16:00:00,27413.300000,27472.500000,27051.500000,27172.100000,78562.3440
BTCUSDT,2023.09.19,20:00:00,27172.100000,27213.000000,26970.000000,27196.000000,32686.4270
BTCUSDT,2023.09.20,00:00:00,27195.900000,27381.000000,27070.200000,27106.400000,46102.8610
BTCUSDT,2023.09.20,04:00:00,27106.400000,27149.800000,26923.300000,27089.500000,42439.4590
BTCUSDT,2023.09.20,08:00:00,27089.500000,27182.000000,26930.300000,27085.400000,49758.6770
BTCUSDT,2023.09.20,12:00:00,27085.500000,27228.800000,26980.200000,27168.700000,57533.0260
BTCUSDT,2023.09.20,16:00:00,27168.700000,27297.900000,26740.000000,26916.600000,107628.8880
BTCUSDT,2023.09.20,20:00:00,26916.500000,27235.000000,26901.500000,27107.700000,45458.5360
BTCUSDT,2023.09.21,00:00:00,27107.700000,27149.000000,26917.400000,27027.000000,30052.6130
BTCUSDT,2023.09.21,04:00:00,27026.900000,27092.400000,26966.100000,26978.400000,23776.7740
BTCUSDT,2023.09.21,08:00:00,26978.400000,27008.000000,26612.500000,26722.700000,93622.7420
BTCUSDT,2023.09.21,12:00:00,26722.800000,26769.800000,26360.100000,26567.700000,114858.4090
BTCUSDT,2023.09.21,16:00:00,26567.600000,26685.700000,26530.800000,26589.100000,36731.8870
BTCUSDT,2023.09.21,20:00:00,26589.100000,26611.200000,26484.000000,26552.600000,18950.4440
BTCUSDT,2023.09.22,00:00:00,26552.600000,26655.900000,26452.900000,26616.800000,37106.9380
BTCUSDT,2023.09.22,04:00:00,26616.900000,26697.500000,26559.400000,26660.900000,22750.5650
BTCUSDT,2023.09.22,08:00:00,26660.900000,26737.700000,26573.000000,26630.000000,29533.6110
BTCUSDT,2023.09.22,12:00:00,26630.100000,26688.200000,26540.600000,26619.900000,37446.7370
BTCUSDT,2023.09.22,16:00:00,26619.900000,26632.500000,26514.000000,26525.100000,26689.5490
BTCUSDT,2023.09.22,20:00:00,26525.000000,26588.000000,26468.500000,26566.700000,20007.2480
BTCUSDT,2023.09.23,00:00:00,26566.700000,26606.200000,26510.300000,26519.100000,12073.3690
BTCUSDT,2023.09.23,04:00:00,26519.000000,26575.000000,26492.200000,26572.000000,10417.8510
BTCUSDT,2023.09.23,08:00:00,26571.900000,26583.700000,26540.900000,26562.500000,6701.2530
BTCUSDT,2023.09.23,12:00:00,26562.500000,26580.000000,26530.100000,26567.500000,9319.4120
BTCUSDT,2023.09.23,16:00:00,26567.400000,26620.600000,26545.400000,26594.400000,11673.7190
BTCUSDT,2023.09.23,20:00:00,26594.400000,26600.000000,26542.000000,26563.100000,7650.8800
BTCUSDT,2023.09.24,00:00:00,26563.000000,26581.000000,26545.000000,26559.900000,5356.6210
BTCUSDT,2023.09.24,04:00:00,26559.900000,26563.700000,26529.600000,26552.400000,7566.9170
BTCUSDT,2023.09.24,08:00:00,26552.400000,26604.100000,26552.400000,26587.600000,9640.9330
BTCUSDT,2023.09.24,12:00:00,26587.500000,26618.700000,26547.400000,26566.000000,9585.6460
BTCUSDT,2023.09.24,16:00:00,26566.000000,26739.900000,26300.000000,26432.500000,70195.0770
BTCUSDT,2023.09.24,20:00:00,26432.500000,26512.000000,26081.000000,26232.400000,44287.5790
BTCUSDT,2023.09.25,00:00:00,26232.400000,26327.200000,25965.000000,26148.600000,70354.1520
BTCUSDT,2023.09.25,04:00:00,26148.500000,26186.000000,26025.000000,26176.800000,29109.8640
BTCUSDT,2023.09.25,08:00:00,26176.700000,26223.000000,26010.000000,26064.600000,33861.7730
BTCUSDT,2023.09.25,12:00:00,26064.500000,26289.900000,25977.000000,26230.900000,58173.7010
BTCUSDT,2023.09.25,16:00:00,26231.000000,26419.400000,26205.200000,26318.600000,53507.0970
BTCUSDT,2023.09.25,20:00:00,26318.600000,26440.000000,26247.600000,26290.500000,23379.2490
BTCUSDT,2023.09.26,00:00:00,26290.500000,26388.000000,26221.000000,26338.800000,20252.7410
BTCUSDT,2023.09.26,04:00:00,26338.800000,26353.300000,26241.400000,26256.300000,15914.0170
BTCUSDT,2023.09.26,08:00:00,26256.300000,26322.400000,26170.100000,26262.400000,29884.3970
BTCUSDT,2023.09.26,12:00:00,26262.400000,26296.600000,26073.800000,26114.800000,54594.0340
BTCUSDT,2023.09.26,16:00:00,26114.800000,26289.900000,26100.800000,26235.800000,36140.1370
BTCUSDT,2023.09.26,20:00:00,26235.800000,26280.900000,26080.000000,26208.800000,23705.8430
BTCUSDT,2023.09.27,00:00:00,26208.700000,26281.500000,26189.100000,26266.900000,18602.7430
BTCUSDT,2023.09.27,04:00:00,26266.900000,26280.100000,26220.900000,26233.400000,10642.4210
BTCUSDT,2023.09.27,08:00:00,26233.400000,26840.000000,26209.000000,26755.800000,110026.5690
BTCUSDT,2023.09.27,12:00:00,26755.700000,26849.900000,26050.000000,26293.400000,148747.1460
BTCUSDT,2023.09.27,16:00:00,26293.400000,26303.700000,26100.000000,26258.600000,42912.8490
BTCUSDT,2023.09.27,20:00:00,26258.600000,26374.900000,26211.600000,26359.600000,22071.1120
BTCUSDT,2023.09.28,00:00:00,26359.600000,26549.900000,26325.200000,26363.800000,49942.8920
BTCUSDT,2023.09.28,04:00:00,26363.900000,26496.700000,26331.300000,26445.700000,28674.3000
BTCUSDT,2023.09.28,08:00:00,26445.700000,26620.000000,26373.800000,26464.400000,45294.6420
BTCUSDT,2023.09.28,12:00:00,26464.300000,27075.000000,26450.000000,27012.300000,132544.7470
BTCUSDT,2023.09.28,16:00:00,27012.300000,27308.700000,26837.300000,27088.500000,134967.9540
BTCUSDT,2023.09.28,20:00:00,27088.500000,27157.200000,26880.000000,27011.800000,38163.3230
BTCUSDT,2023.09.29,00:00:00,27011.700000,27130.200000,26850.000000,26944.600000,42839.7180
BTCUSDT,2023.09.29,04:00:00,26944.600000,27231.500000,26878.600000,27168.000000,39122.6800
BTCUSDT,2023.09.29,08:00:00,27167.900000,27168.000000,26943.000000,26958.300000,35285.3470
BTCUSDT,2023.09.29,12:00:00,26958.300000,27098.000000,26625.000000,26874.800000,112690.5620
BTCUSDT,2023.09.29,16:00:00,26874.900000,26944.600000,26731.000000,26912.700000,33353.8210
BTCUSDT,2023.09.29,20:00:00,26912.600000,26979.000000,26850.100000,26890.900000,14105.5150
BTCUSDT,2023.09.30,00:00:00,26890.900000,26934.900000,26870.400000,26904.100000,10407.0310
BTCUSDT,2023.09.30,04:00:00,26904.100000,26949.500000,26895.800000,26915.900000,9597.3710
BTCUSDT,2023.09.30,08:00:00,26915.900000,26987.600000,26906.000000,26924.300000,13578.4520
BTCUSDT,2023.09.30,12:00:00,26924.300000,27085.000000,26890.400000,26986.200000,28820.4620
BTCUSDT,2023.09.30,16:00:00,26986.200000,27032.700000,26958.000000,27011.200000,14178.5570
BTCUSDT,2023.09.30,20:00:00,27011.200000,27070.400000,26929.800000,26950.900000,15735.2810
BTCUSDT,2023.10.01,00:00:00,26951.000000,27039.700000,26939.000000,27033.000000,10992.6930
BTCUSDT,2023.10.01,04:00:00,27032.900000,27148.000000,27004.200000,27092.100000,19731.2870
BTCUSDT,2023.10.01,08:00:00,27092.100000,27279.500000,27070.500000,27174.200000,39467.0350
BTCUSDT,2023.10.01,12:00:00,27174.200000,27219.700000,27067.400000,27135.800000,29636.2820
BTCUSDT,2023.10.01,16:00:00,27135.800000,27142.500000,27021.400000,27091.100000,18484.6650
BTCUSDT,2023.10.01,20:00:00,27091.000000,28365.200000,27015.000000,27981.400000,122070.9840
BTCUSDT,2023.10.02,00:00:00,27981.400000,28231.000000,27811.600000,28114.800000,63793.4000
BTCUSDT,2023.10.02,04:00:00,28114.900000,28428.200000,27880.000000,28299.100000,82541.4740
BTCUSDT,2023.10.02,08:00:00,28299.200000,28477.000000,28177.000000,28183.200000,85556.3050
BTCUSDT,2023.10.02,12:00:00,28183.100000,28613.000000,27971.000000,28015.000000,142209.3690
BTCUSDT,2023.10.02,16:00:00,28015.000000,28115.000000,27614.600000,27955.300000,130189.7060
BTCUSDT,2023.10.02,20:00:00,27955.300000,27955.400000,27255.000000,27477.600000,88987.4660
BTCUSDT,2023.10.03,00:00:00,27477.700000,27627.900000,27366.100000,27585.800000,39247.3850
BTCUSDT,2023.10.03,04:00:00,27585.800000,27665.000000,27510.100000,27528.100000,24066.0570
BTCUSDT,2023.10.03,08:00:00,27528.000000,27630.000000,27458.300000,27549.100000,33099.2030
BTCUSDT,2023.10.03,12:00:00,27549.100000,27569.200000,27212.300000,27332.000000,90415.7920
BTCUSDT,2023.10.03,16:00:00,27332.100000,27479.500000,27230.000000,27263.800000,47928.2630
BTCUSDT,2023.10.03,20:00:00,27263.800000,27459.700000,27123.000000,27412.000000,48321.1990
BTCUSDT,2023.10.04,00:00:00,27412.000000,27500.000000,27163.900000,27416.300000,57221.7820
BTCUSDT,2023.10.04,04:00:00,27416.300000,27442.000000,27335.800000,27442.000000,18072.1980
BTCUSDT,2023.10.04,08:00:00,27442.000000,27627.600000,27420.500000,27559.900000,43059.2870
BTCUSDT,2023.10.04,12:00:00,27560.000000,27619.400000,27317.100000,27388.300000,55560.8060
BTCUSDT,2023.10.04,16:00:00,27388.300000,27830.000000,27385.800000,27606.000000,72614.2860
BTCUSDT,2023.10.04,20:00:00,27606.300000,27824.000000,27550.000000,27759.800000,34255.9630
BTCUSDT,2023.10.05,00:00:00,27759.700000,27890.000000,27631.000000,27638.100000,34804.8930
BTCUSDT,2023.10.05,04:00:00,27638.000000,27688.400000,27533.100000,27595.300000,23303.2470
BTCUSDT,2023.10.05,08:00:00,27595.400000,27764.900000,27578.100000,27710.700000,26856.3810
BTCUSDT,2023.10.05,12:00:00,27710.600000,28110.000000,27380.000000,27540.000000,182212.5970
BTCUSDT,2023.10.05,16:00:00,27540.000000,27609.900000,27333.500000,27457.100000,80769.8350
BTCUSDT,2023.10.05,20:00:00,27457.100000,27497.200000,27368.500000,27398.400000,22243.1340
BTCUSDT,2023.10.06,00:00:00,27398.300000,27582.800000,27382.600000,27544.800000,28560.5820
BTCUSDT,2023.10.06,04:00:00,27544.800000,27644.000000,27450.000000,27626.800000,29148.8500
BTCUSDT,2023.10.06,08:00:00,27626.800000,27785.000000,27571.100000,27750.000000,52630.0370
BTCUSDT,2023.10.06,12:00:00,27750.000000,28035.600000,27156.000000,27926.500000,192446.1960
BTCUSDT,2023.10.06,16:00:00,27926.600000,28030.000000,27773.000000,27939.100000,74173.9730
BTCUSDT,2023.10.06,20:00:00,27939.100000,28450.000000,27861.000000,27916.300000,61486.2660
BTCUSDT,2023.10.07,00:00:00,27916.300000,27944.600000,27822.100000,27890.900000,26866.2340
BTCUSDT,2023.10.07,04:00:00,27891.000000,27933.000000,27858.400000,27878.200000,13365.8860
BTCUSDT,2023.10.07,08:00:00,27878.100000,28018.700000,27865.400000,27929.400000,28790.2380
BTCUSDT,2023.10.07,12:00:00,27929.400000,27974.800000,27882.600000,27926.400000,17899.8530
BTCUSDT,2023.10.07,16:00:00,27926.500000,27952.600000,27831.800000,27849.700000,19860.5780
BTCUSDT,2023.10.07,20:00:00,27849.700000,27947.800000,27838.500000,27943.000000,10266.3560
BTCUSDT,2023.10.08,00:00:00,27943.000000,28082.000000,27924.900000,28049.900000,23359.9620
BTCUSDT,2023.10.08,04:00:00,28050.000000,28061.500000,27864.600000,27892.400000,28017.3370
BTCUSDT,2023.10.08,08:00:00,27892.400000,27927.000000,27758.900000,27799.200000,31081.8840
BTCUSDT,2023.10.08,12:00:00,27799.200000,27989.800000,27671.000000,27883.500000,50314.1940
BTCUSDT,2023.10.08,16:00:00,27883.500000,27937.100000,27791.000000,27880.400000,23250.0620
BTCUSDT,2023.10.08,20:00:00,27880.300000,27968.700000,27780.400000,27901.200000,22356.8680
BTCUSDT,2023.10.09,00:00:00,27901.200000,27977.000000,27780.300000,27911.900000,26462.5240
BTCUSDT,2023.10.09,04:00:00,27911.900000,27934.000000,27800.000000,27804.600000,18810.0010
BTCUSDT,2023.10.09,08:00:00,27804.600000,27834.800000,27392.000000,27455.900000,93264.7060
BTCUSDT,2023.10.09,12:00:00,27456.000000,27567.200000,27358.200000,27433.000000,60971.2150
BTCUSDT,2023.10.09,16:00:00,27433.100000,27739.600000,27250.000000,27607.600000,99593.9550
BTCUSDT,2023.10.09,20:00:00,27607.700000,27644.000000,27542.300000,27578.300000,15214.1800
BTCUSDT,2023.10.10,00:00:00,27578.400000,27695.100000,27482.000000,27621.600000,24570.1200
BTCUSDT,2023.10.10,04:00:00,27621.500000,27694.900000,27565.200000,27634.900000,18658.8840
BTCUSDT,2023.10.10,08:00:00,27634.900000,27727.300000,27486.500000,27494.100000,30924.6960
BTCUSDT,2023.10.10,12:00:00,27494.000000,27622.900000,27318.200000,27395.500000,94338.6090
BTCUSDT,2023.10.10,16:00:00,27395.600000,27503.700000,27281.000000,27386.400000,54866.2910
BTCUSDT,2023.10.10,20:00:00,27386.300000,27458.200000,27308.100000,27381.200000,16420.8960
BTCUSDT,2023.10.11,00:00:00,27381.300000,27467.600000,27000.000000,27000.700000,71637.6560
BTCUSDT,2023.10.11,04:00:00,27000.700000,27131.100000,26951.700000,27012.800000,38485.4240
BTCUSDT,2023.10.11,08:00:00,27012.700000,27320.000000,27002.900000,27185.000000,57423.7100
BTCUSDT,2023.10.11,12:00:00,27185.000000,27252.600000,26700.000000,26769.100000,99768.4930
BTCUSDT,2023.10.11,16:00:00,26769.200000,26788.000000,26525.000000,26753.700000,92108.4670
BTCUSDT,2023.10.11,20:00:00,26753.800000,26879.700000,26666.000000,26864.500000,28762.8210
BTCUSDT,2023.10.12,00:00:00,26864.500000,26939.000000,26722.400000,26836.100000,30667.8530
BTCUSDT,2023.10.12,04:00:00,26836.000000,26909.900000,26768.800000,26799.400000,22534.9450
BTCUSDT,2023.10.12,08:00:00,26799.300000,26856.500000,26650.000000,26827.400000,41185.8880
BTCUSDT,2023.10.12,12:00:00,26827.400000,26853.900000,26606.200000,26665.400000,52342.5860
BTCUSDT,2023.10.12,16:00:00,26665.400000,26800.000000,26534.800000,26700.300000,58269.0110
BTCUSDT,2023.10.12,20:00:00,26700.200000,26767.200000,26692.000000,26744.000000,15278.7570
BTCUSDT,2023.10.13,00:00:00,26744.000000,26869.700000,26733.900000,26769.500000,24001.8680
BTCUSDT,2023.10.13,04:00:00,26769.500000,26929.000000,26765.300000,26857.800000,22538.1690
BTCUSDT,2023.10.13,08:00:00,26857.900000,26892.300000,26722.200000,26809.900000,25998.2000
BTCUSDT,2023.10.13,12:00:00,26810.000000,26972.800000,26670.100000,26693.000000,52873.4490
BTCUSDT,2023.10.13,16:00:00,26692.900000,26797.900000,26675.000000,26768.900000,24426.3880
BTCUSDT,2023.10.13,20:00:00,26769.000000,27120.800000,26733.300000,26849.800000,93384.0800
BTCUSDT,2023.10.14,00:00:00,26849.700000,26986.400000,26828.500000,26918.200000,19650.9910
BTCUSDT,2023.10.14,04:00:00,26918.200000,26926.400000,26828.400000,26860.500000,14754.4210
BTCUSDT,2023.10.14,08:00:00,26860.400000,26892.700000,26835.000000,26860.100000,9363.8930
BTCUSDT,2023.10.14,12:00:00,26860.100000,26930.000000,26837.600000,26927.900000,13284.2160
BTCUSDT,2023.10.14,16:00:00,26927.900000,26937.900000,26835.100000,26851.500000,12979.1420
BTCUSDT,2023.10.14,20:00:00,26851.500000,26869.600000,26773.100000,26836.300000,12132.1180
BTCUSDT,2023.10.15,00:00:00,26836.400000,26896.300000,26801.000000,26871.400000,10726.5220
BTCUSDT,2023.10.15,04:00:00,26871.400000,26879.700000,26858.700000,26872.700000,4452.6480
BTCUSDT,2023.10.15,08:00:00,26872.700000,26909.600000,26830.100000,26840.400000,9730.7300
BTCUSDT,2023.10.15,12:00:00,26840.500000,26958.000000,26790.400000,26885.600000,26678.9310
BTCUSDT,2023.10.15,16:00:00,26885.700000,27073.000000,26880.000000,27030.100000,33519.6500
BTCUSDT,2023.10.15,20:00:00,27030.100000,27456.100000,27000.900000,27139.800000,74891.9810
BTCUSDT,2023.10.16,00:00:00,27139.800000,27274.800000,27095.400000,27221.400000,30333.4940
BTCUSDT,2023.10.16,04:00:00,27221.400000,28168.600000,27176.500000,27837.200000,135418.8620
BTCUSDT,2023.10.16,08:00:00,27837.200000,27890.200000,27627.400000,27737.000000,51669.1210
BTCUSDT,2023.10.16,12:00:00,27737.000000,30720.000000,27695.000000,28054.000000,460430.7170
BTCUSDT,2023.10.16,16:00:00,28054.100000,28797.900000,28050.000000,28457.900000,99403.4010
BTCUSDT,2023.10.16,20:00:00,28457.900000,28633.300000,28220.700000,28486.300000,45748.1870
BTCUSDT,2023.10.17,00:00:00,28486.300000,28534.400000,28220.000000,28259.900000,36125.2620
BTCUSDT,2023.10.17,04:00:00,28259.900000,28452.800000,28055.000000,28408.200000,53559.8770
BTCUSDT,2023.10.17,08:00:00,28408.100000,28605.000000,28339.000000,28408.800000,53722.1650
BTCUSDT,2023.10.17,12:00:00,28408.800000,28567.700000,28117.000000,28445.800000,98853.8370
BTCUSDT,2023.10.17,16:00:00,28445.700000,28596.000000,28290.000000,28499.000000,47386.6410
BTCUSDT,2023.10.17,20:00:00,28499.000000,28544.300000,28360.000000,28381.900000,24541.9760
BTCUSDT,2023.10.18,00:00:00,28382.000000,28500.000000,28307.600000,28498.000000,25903.3790
BTCUSDT,2023.10.18,04:00:00,28498.100000,29100.000000,28428.300000,28485.100000,98878.7250
BTCUSDT,2023.10.18,08:00:00,28485.100000,28584.900000,28204.800000,28327.300000,56065.9470
BTCUSDT,2023.10.18,12:00:00,28327.300000,28393.200000,28126.600000,28235.300000,58145.6160
BTCUSDT,2023.10.18,16:00:00,28235.400000,28423.400000,28215.400000,28233.300000,37847.0660
BTCUSDT,2023.10.18,20:00:00,28233.200000,28363.100000,28169.400000,28307.100000,20335.8950
BTCUSDT,2023.10.19,00:00:00,28307.200000,28404.600000,28076.000000,28247.200000,37586.3430
BTCUSDT,2023.10.19,04:00:00,28247.100000,28337.000000,28214.600000,28315.000000,20030.2930
BTCUSDT,2023.10.19,08:00:00,28314.900000,28498.200000,28267.400000,28436.000000,41218.5390
BTCUSDT,2023.10.19,12:00:00,28436.100000,28801.600000,28402.200000,28659.500000,110935.0010
BTCUSDT,2023.10.19,16:00:00,28659.500000,28933.400000,28436.800000,28734.700000,87672.4060
BTCUSDT,2023.10.19,20:00:00,28734.600000,28883.700000,28579.100000,28696.900000,36230.6250
BTCUSDT,2023.10.20,00:00:00,28697.000000,29400.000000,28560.000000,29222.800000,110977.2150
BTCUSDT,2023.10.20,04:00:00,29222.900000,29405.400000,29110.000000,29228.500000,65201.3010
BTCUSDT,2023.10.20,08:00:00,29228.600000,30243.000000,29214.400000,29829.900000,187724.3260
BTCUSDT,2023.10.20,12:00:00,29829.900000,29900.000000,29358.500000,29538.700000,114980.8510
BTCUSDT,2023.10.20,16:00:00,29538.700000,29578.600000,29304.000000,29549.800000,37889.2770
BTCUSDT,2023.10.20,20:00:00,29549.800000,29784.500000,29493.900000,29653.000000,34232.3570
BTCUSDT,2023.10.21,00:00:00,29653.000000,29678.600000,29443.500000,29591.000000,29916.1600
BTCUSDT,2023.10.21,04:00:00,29591.000000,29725.800000,29524.400000,29681.000000,23434.4040
BTCUSDT,2023.10.21,08:00:00,29681.100000,29871.000000,29614.100000,29794.700000,35531.9030
BTCUSDT,2023.10.21,12:00:00,29794.600000,29973.900000,29651.000000,29916.500000,45925.7910
BTCUSDT,2023.10.21,16:00:00,29916.400000,30374.600000,29827.900000,30128.700000,95227.0250
BTCUSDT,2023.10.21,20:00:00,30128.700000,30145.100000,29828.500000,29895.400000,28160.6730
BTCUSDT,2023.10.22,00:00:00,29895.400000,30069.400000,29830.000000,29897.100000,25140.5960
BTCUSDT,2023.10.22,04:00:00,29897.000000,30229.700000,29606.600000,29800.500000,63566.2240
BTCUSDT,2023.10.22,08:00:00,29800.400000,29981.800000,29761.800000,29895.900000,35445.3640
BTCUSDT,2023.10.22,12:00:00,29895.900000,29962.600000,29760.600000,29815.300000,23241.3760
BTCUSDT,2023.10.22,16:00:00,29815.300000,29936.900000,29789.200000,29830.000000,17704.2330
BTCUSDT,2023.10.22,20:00:00,29830.000000,30060.200000,29698.000000,29981.500000,33504.9650
BTCUSDT,2023.10.23,00:00:00,29981.400000,30818.000000,29869.400000,30724.000000,128693.1940
BTCUSDT,2023.10.23,04:00:00,30723.900000,30990.000000,30414.600000,30508.000000,109848.8920
BTCUSDT,2023.10.23,08:00:00,30508.000000,30777.000000,30333.000000,30644.400000,67538.2000
BTCUSDT,2023.10.23,12:00:00,30644.400000,30963.200000,30378.500000,30864.100000,89661.6630
BTCUSDT,2023.10.23,16:00:00,30864.100000,31430.900000,30356.300000,31339.900000,214050.4860
BTCUSDT,2023.10.23,20:00:00,31340.300000,35981.900000,31302.200000,33074.000000,377949.1010
BTCUSDT,2023.10.24,00:00:00,33074.000000,35300.000000,32833.500000,34071.100000,281275.4020
BTCUSDT,2023.10.24,04:00:00,34071.100000,34597.900000,33710.000000,34025.900000,120913.5760
BTCUSDT,2023.10.24,08:00:00,34025.800000,34888.000000,33966.000000,34550.000000,105261.5410
BTCUSDT,2023.10.24,12:00:00,34549.900000,34849.400000,33244.000000,33674.000000,208284.6910
BTCUSDT,2023.10.24,16:00:00,33673.900000,34398.900000,33379.200000,33792.000000,118528.8920
BTCUSDT,2023.10.24,20:00:00,33792.000000,34307.500000,33485.300000,33917.000000,87728.9610
BTCUSDT,2023.10.25,00:00:00,33917.000000,34388.000000,33768.600000,34003.600000,57595.2480
BTCUSDT,2023.10.25,04:00:00,34003.700000,34209.400000,33660.600000,33853.400000,54109.2840
BTCUSDT,2023.10.25,08:00:00,33853.400000,34479.000000,33773.300000,34195.500000,73790.3940
BTCUSDT,2023.10.25,12:00:00,34195.500000,35035.000000,34191.800000,34841.400000,133247.7360
BTCUSDT,2023.10.25,16:00:00,34841.500000,35154.300000,34364.600000,34732.100000,96963.1130
BTCUSDT,2023.10.25,20:00:00,34732.000000,34847.000000,34203.500000,34487.700000,49661.3690
BTCUSDT,2023.10.26,00:00:00,34487.800000,34828.700000,34407.200000,34783.300000,35395.9260
BTCUSDT,2023.10.26,04:00:00,34783.400000,34809.400000,34401.700000,34648.700000,42947.5910
BTCUSDT,2023.10.26,08:00:00,34648.600000,34745.000000,33963.000000,34104.200000,78784.8980
BTCUSDT,2023.10.26,12:00:00,34104.100000,34368.100000,33830.000000,34050.000000,100683.3020
BTCUSDT,2023.10.26,16:00:00,34050.100000,34150.000000,33750.000000,34052.100000,54840.3710
BTCUSDT,2023.10.26,20:00:00,34052.200000,34287.500000,34026.600000,34154.000000,26900.8760
BTCUSDT,2023.10.27,00:00:00,34154.000000,34179.600000,33774.000000,34124.000000,41120.4040
BTCUSDT,2023.10.27,04:00:00,34124.100000,34253.300000,33929.300000,33954.000000,34654.7110
BTCUSDT,2023.10.27,08:00:00,33954.000000,34185.300000,33950.000000,34055.300000,31645.8350
BTCUSDT,2023.10.27,12:00:00,34055.100000,34220.000000,33826.500000,34010.900000,70781.9690
BTCUSDT,2023.10.27,16:00:00,34010.800000,34042.200000,33350.000000,33705.500000,75435.7910
BTCUSDT,2023.10.27,20:00:00,33705.600000,33948.900000,33686.000000,33893.100000,24414.2680
BTCUSDT,2023.10.28,00:00:00,33893.200000,34188.800000,33867.400000,34068.500000,22390.8090
BTCUSDT,2023.10.28,04:00:00,34068.500000,34199.500000,34026.000000,34057.200000,18557.2000
BTCUSDT,2023.10.28,08:00:00,34057.200000,34535.800000,34038.000000,34182.500000,40302.8830
BTCUSDT,2023.10.28,12:00:00,34182.500000,34248.000000,33930.000000,34199.900000,35544.2330
BTCUSDT,2023.10.28,16:00:00,34200.000000,34230.700000,34082.000000,34118.300000,12120.4350
BTCUSDT,2023.10.28,20:00:00,34118.300000,34200.000000,34063.000000,34086.600000,9399.3720
BTCUSDT,2023.10.29,00:00:00,34086.700000,34110.500000,33956.100000,33981.000000,15394.2550
BTCUSDT,2023.10.29,04:00:00,33981.000000,34147.700000,33933.000000,34086.000000,13244.5680
BTCUSDT,2023.10.29,08:00:00,34086.100000,34349.400000,34082.000000,34272.600000,29265.0850
BTCUSDT,2023.10.29,12:00:00,34272.600000,34579.700000,34272.300000,34462.500000,46402.4490
BTCUSDT,2023.10.29,16:00:00,34462.600000,34773.800000,34382.000000,34571.500000,45097.2100
BTCUSDT,2023.10.29,20:00:00,34571.600000,34746.700000,34400.000000,34528.600000,26493.9830
BTCUSDT,2023.10.30,00:00:00,34528.600000,34578.800000,34179.000000,34276.500000,32214.9550
BTCUSDT,2023.10.30,04:00:00,34276.600000,34358.700000,34104.000000,34191.700000,32179.6050
BTCUSDT,2023.10.30,08:00:00,34191.800000,34700.000000,34161.700000,34627.900000,54749.5580
BTCUSDT,2023.10.30,12:00:00,34627.800000,34888.200000,34474.000000,34664.500000,76712.3490
BTCUSDT,2023.10.30,16:00:00,34664.500000,34664.500000,34050.000000,34440.000000,66042.9800
BTCUSDT,2023.10.30,20:00:00,34440.000000,34593.100000,34320.100000,34483.800000,19941.9010
BTCUSDT,2023.10.31,00:00:00,34483.800000,34620.700000,34206.100000,34219.900000,32408.7800
BTCUSDT,2023.10.31,04:00:00,34219.900000,34360.000000,34080.000000,34151.900000,37841.5670
BTCUSDT,2023.10.31,08:00:00,34151.900000,34563.600000,34016.800000,34504.000000,53119.4650
BTCUSDT,2023.10.31,12:00:00,34504.100000,34533.100000,34133.700000,34290.200000,64813.2530
BTCUSDT,2023.10.31,16:00:00,34290.300000,34632.000000,34240.000000,34553.500000,44732.1890
BTCUSDT,2023.10.31,20:00:00,34553.600000,34744.700000,34439.500000,34651.400000,39535.3130
BTCUSDT,2023.11.01,00:00:00,34651.400000,34684.000000,34406.400000,34430.000000,25982.0060
BTCUSDT,2023.11.01,04:00:00,34429.900000,34520.000000,34330.400000,34463.900000,21007.7030
BTCUSDT,2023.11.01,08:00:00,34464.000000,34515.100000,34354.000000,34442.900000,19664.5780
BTCUSDT,2023.11.01,12:00:00,34442.900000,35249.000000,34076.000000,34296.900000,195410.7900
BTCUSDT,2023.11.01,16:00:00,34296.900000,34750.000000,34288.800000,34564.300000,76906.5030
BTCUSDT,2023.11.01,20:00:00,34564.100000,35734.000000,34538.600000,35437.400000,130243.2070
BTCUSDT,2023.11.02,00:00:00,35437.500000,35999.900000,35378.300000,35578.000000,85831.8940
BTCUSDT,2023.11.02,04:00:00,35577.900000,35613.000000,35050.000000,35280.700000,66376.6700
BTCUSDT,2023.11.02,08:00:00,35280.600000,35487.000000,35095.100000,35377.500000,37839.6510
BTCUSDT,2023.11.02,12:00:00,35377.600000,35468.000000,34533.100000,34645.200000,113228.4540
BTCUSDT,2023.11.02,16:00:00,34645.100000,35021.000000,34300.000000,34998.200000,70647.2920
BTCUSDT,2023.11.02,20:00:00,34998.200000,35099.000000,34705.000000,34940.100000,36297.7660
BTCUSDT,2023.11.03,00:00:00,34940.100000,34944.900000,34364.100000,34680.000000,44337.1680
BTCUSDT,2023.11.03,04:00:00,34680.100000,34700.000000,34300.100000,34470.000000,41537.3660
BTCUSDT,2023.11.03,08:00:00,34469.900000,34618.000000,34123.000000,34265.500000,65758.6400
BTCUSDT,2023.11.03,12:00:00,34265.500000,34850.000000,34155.400000,34759.500000,74192.8510
BTCUSDT,2023.11.03,16:00:00,34759.500000,34825.000000,34304.100000,34518.100000,59377.7240
BTCUSDT,2023.11.03,20:00:00,34518.100000,34738.000000,34469.400000,34700.400000,20844.4500
BTCUSDT,2023.11.04,00:00:00,34700.500000,34774.000000,34620.100000,34699.900000,16221.8940
BTCUSDT,2023.11.04,04:00:00,34700.000000,35111.000000,34571.600000,34759.100000,40608.7630
BTCUSDT,2023.11.04,08:00:00,34759.200000,34880.000000,34668.700000,34706.200000,17082.2790
BTCUSDT,2023.11.04,12:00:00,34706.200000,34799.000000,34632.500000,34709.800000,16159.6410
BTCUSDT,2023.11.04,16:00:00,34709.900000,34792.000000,34685.100000,34721.200000,8516.2090
BTCUSDT,2023.11.04,20:00:00,34721.100000,35270.000000,34700.000000,35069.700000,42158.0880
BTCUSDT,2023.11.05,00:00:00,35069.700000,35350.000000,34933.300000,35292.100000,31036.5060
BTCUSDT,2023.11.05,04:00:00,35292.400000,35328.000000,35052.800000,35175.400000,27622.2550
BTCUSDT,2023.11.05,08:00:00,35175.500000,35210.400000,35023.100000,35103.500000,19853.9090
BTCUSDT,2023.11.05,12:00:00,35103.600000,35187.000000,34758.000000,34893.900000,45238.5980
BTCUSDT,2023.11.05,16:00:00,34893.900000,35298.000000,34878.000000,35001.300000,37504.8300
BTCUSDT,2023.11.05,20:00:00,35001.200000,35455.200000,34356.000000,35025.500000,70107.2410
BTCUSDT,2023.11.06,00:00:00,35025.500000,35137.900000,34840.600000,34992.900000,29591.5520
BTCUSDT,2023.11.06,04:00:00,34992.900000,35044.000000,34743.200000,34918.500000,22037.7340
BTCUSDT,2023.11.06,08:00:00,34918.500000,35299.900000,34836.400000,35253.100000,41969.9230
BTCUSDT,2023.11.06,12:00:00,35253.100000,35281.500000,34911.000000,35094.500000,53421.2270
BTCUSDT,2023.11.06,16:00:00,35094.500000,35129.400000,34821.000000,35076.700000,33564.2900
BTCUSDT,2023.11.06,20:00:00,35076.700000,35172.900000,34905.000000,35057.400000,21642.4890
BTCUSDT,2023.11.07,00:00:00,35057.500000,35066.000000,34808.000000,34932.000000,24909.1760
BTCUSDT,2023.11.07,04:00:00,34931.900000,34988.000000,34835.500000,34947.300000,15565.4560
BTCUSDT,2023.11.07,08:00:00,34947.300000,34988.000000,34552.200000,34633.300000,58015.0830
BTCUSDT,2023.11.07,12:00:00,34633.300000,34849.400000,34520.300000,34728.400000,43458.3750
BTCUSDT,2023.11.07,16:00:00,34728.500000,35609.400000,34560.000000,35473.400000,111860.4100
BTCUSDT,2023.11.07,20:00:00,35473.500000,35921.700000,35211.000000,35406.500000,89717.4500
BTCUSDT,2023.11.08,00:00:00,35406.500000,35436.100000,35241.100000,35287.800000,23196.0390
BTCUSDT,2023.11.08,04:00:00,35287.800000,35378.900000,35172.700000,35239.600000,23787.9800
BTCUSDT,2023.11.08,08:00:00,35239.500000,35449.900000,35192.100000,35336.700000,29404.3280
BTCUSDT,2023.11.08,12:00:00,35336.700000,35485.000000,35073.000000,35231.300000,46076.9900
BTCUSDT,2023.11.08,16:00:00,35231.400000,35791.900000,35194.300000,35630.900000,66866.2990
BTCUSDT,2023.11.08,20:00:00,35630.800000,36150.000000,35390.000000,35626.700000,145447.8130
BTCUSDT,2023.11.09,00:00:00,35626.700000,36888.000000,35538.800000,36455.500000,116651.9350
BTCUSDT,2023.11.09,04:00:00,36455.500000,36884.000000,36422.000000,36550.600000,76650.1080
BTCUSDT,2023.11.09,08:00:00,36550.600000,37018.100000,36550.600000,36816.900000,67229.7570
BTCUSDT,2023.11.09,12:00:00,36816.900000,38499.900000,36768.000000,37141.500000,251180.0760
BTCUSDT,2023.11.09,16:00:00,37141.500000,37277.100000,35304.000000,36399.500000,206634.1510
BTCUSDT,2023.11.09,20:00:00,36399.400000,36798.000000,36150.600000,36719.500000,60531.9100
BTCUSDT,2023.11.10,00:00:00,36719.600000,36940.600000,36461.800000,36754.900000,38262.7790
BTCUSDT,2023.11.10,04:00:00,36754.900000,36836.800000,36465.400000,36480.200000,28861.9560
BTCUSDT,2023.11.10,08:00:00,36480.300000,37165.300000,36350.000000,37098.900000,61055.1270
BTCUSDT,2023.11.10,12:00:00,37098.900000,37276.000000,36821.200000,37118.400000,68307.1780
BTCUSDT,2023.11.10,16:00:00,37092.600000,37474.000000,37092.500000,37253.500000,53891.7390
BTCUSDT,2023.11.10,20:00:00,37253.600000,37570.000000,37080.000000,37330.400000,36941.8180
BTCUSDT,2023.11.11,00:00:00,37330.300000,37422.200000,36921.100000,37064.200000,37053.9400
BTCUSDT,2023.11.11,04:00:00,37064.200000,37159.700000,36942.000000,37030.500000,20786.6820
BTCUSDT,2023.11.11,08:00:00,37030.500000,37087.000000,36935.100000,37014.100000,17266.4070
BTCUSDT,2023.11.11,12:00:00,37014.100000,37297.900000,36977.600000,37071.500000,29677.6860
BTCUSDT,2023.11.11,16:00:00,37071.500000,37211.800000,37051.000000,37177.900000,16121.9480
BTCUSDT,2023.11.11,20:00:00,37177.800000,37190.000000,36588.000000,37162.100000,38332.6210
BTCUSDT,2023.11.12,00:00:00,37162.100000,37222.900000,36753.600000,37016.500000,27857.8230
BTCUSDT,2023.11.12,04:00:00,37016.400000,37200.000000,36932.200000,37154.100000,17954.7950
BTCUSDT,2023.11.12,08:00:00,37154.100000,37167.000000,37057.100000,37087.700000,12538.7940
BTCUSDT,2023.11.12,12:00:00,37087.600000,37258.400000,36955.000000,37178.300000,27140.9640
BTCUSDT,2023.11.12,16:00:00,37178.300000,37247.700000,37080.100000,37134.000000,14955.3360
BTCUSDT,2023.11.12,20:00:00,37134.000000,37244.400000,36960.000000,37085.500000,18442.3330
BTCUSDT,2023.11.13,00:00:00,37085.600000,37464.800000,36870.100000,36941.300000,47927.4650
BTCUSDT,2023.11.13,04:00:00,36941.200000,37069.900000,36760.000000,36982.500000,30151.3990
BTCUSDT,2023.11.13,08:00:00,36982.500000,37065.900000,36710.000000,36838.300000,25635.2080
BTCUSDT,2023.11.13,12:00:00,36837.500000,36975.600000,36546.500000,36871.700000,62692.7230
BTCUSDT,2023.11.13,16:00:00,36871.700000,37074.300000,36624.800000,36877.600000,38835.7920
BTCUSDT,2023.11.13,20:00:00,36877.600000,36910.800000,36350.000000,36486.200000,51833.0610
BTCUSDT,2023.11.14,00:00:00,36486.200000,36514.200000,36220.400000,36473.000000,38113.0880
BTCUSDT,2023.11.14,04:00:00,36473.100000,36740.800000,36404.800000,36705.500000,21584.6080
BTCUSDT,2023.11.14,08:00:00,36705.500000,36779.900000,36258.200000,36288.800000,45655.8020
BTCUSDT,2023.11.14,12:00:00,36288.900000,36720.000000,35665.200000,36168.700000,106046.3640
BTCUSDT,2023.11.14,16:00:00,36168.800000,36449.000000,34446.300000,35305.900000,142061.7570
BTCUSDT,2023.11.14,20:00:00,35306.000000,35689.000000,35230.000000,35559.000000,43804.1810
BTCUSDT,2023.11.15,00:00:00,35559.100000,35685.000000,35388.000000,35408.400000,25472.4580
BTCUSDT,2023.11.15,04:00:00,35408.500000,35683.800000,35401.200000,35597.400000,17835.3830
BTCUSDT,2023.11.15,08:00:00,35597.800000,36296.400000,35593.000000,36254.400000,56559.5900
BTCUSDT,2023.11.15,12:00:00,36254.500000,36430.000000,36018.300000,36412.100000,63657.5950
BTCUSDT,2023.11.15,16:00:00,36412.200000,37845.000000,36256.000000,37527.400000,177826.3540
BTCUSDT,2023.11.15,20:00:00,37527.400000,38000.000000,37319.300000,37885.600000,82467.1900
BTCUSDT,2023.11.16,00:00:00,37885.500000,37956.500000,37353.800000,37479.900000,53899.3910
BTCUSDT,2023.11.16,04:00:00,37479.800000,37645.900000,37351.000000,37460.700000,27546.9830
BTCUSDT,2023.11.16,08:00:00,37460.600000,37574.900000,37150.000000,37272.100000,55316.4290
BTCUSDT,2023.11.16,12:00:00,37272.000000,37352.500000,36251.000000,36423.100000,132320.0170
BTCUSDT,2023.11.16,16:00:00,36423.300000,36658.200000,35486.100000,35936.500000,109707.4970
BTCUSDT,2023.11.16,20:00:00,35936.400000,36284.000000,35671.200000,36176.000000,55654.0490
BTCUSDT,2023.11.17,00:00:00,36176.000000,36687.400000,36108.300000,36496.000000,42071.4010
BTCUSDT,2023.11.17,04:00:00,36495.900000,36537.100000,36143.800000,36252.000000,31303.9770
BTCUSDT,2023.11.17,08:00:00,36251.900000,36480.500000,36129.400000,36383.800000,40926.6340
BTCUSDT,2023.11.17,12:00:00,36383.900000,36636.700000,35868.300000,36059.000000,82165.6130
BTCUSDT,2023.11.17,16:00:00,36059.100000,37020.500000,35917.100000,36336.200000,92733.9820
BTCUSDT,2023.11.17,20:00:00,36336.300000,36762.600000,36320.300000,36621.900000,30741.4440
BTCUSDT,2023.11.18,00:00:00,36621.900000,36625.700000,36364.100000,36384.900000,15853.9580
BTCUSDT,2023.11.18,04:00:00,36385.000000,36443.300000,36196.000000,36429.000000,18850.6460
BTCUSDT,2023.11.18,08:00:00,36429.000000,36550.000000,36389.300000,36417.000000,15799.9790
BTCUSDT,2023.11.18,12:00:00,36417.000000,36693.000000,36364.800000,36671.900000,23703.1100
BTCUSDT,2023.11.18,16:00:00,36672.000000,36900.000000,36605.000000,36688.400000,29325.2130
BTCUSDT,2023.11.18,20:00:00,36688.400000,36720.000000,36450.000000,36580.900000,18188.0160
BTCUSDT,2023.11.19,00:00:00,36580.900000,36584.000000,36400.000000,36527.700000,14245.1890
BTCUSDT,2023.11.19,04:00:00,36527.600000,36684.900000,36492.300000,36624.000000,14240.9470
BTCUSDT,2023.11.19,08:00:00,36624.000000,36720.900000,36380.000000,36459.100000,20218.1680
BTCUSDT,2023.11.19,12:00:00,36459.000000,36580.000000,36383.000000,36575.100000,19057.0900
BTCUSDT,2023.11.19,16:00:00,36575.100000,37000.000000,36515.500000,36961.900000,33690.5940
BTCUSDT,2023.11.19,20:00:00,36962.000000,37528.200000,36816.500000,37375.900000,53261.0190
BTCUSDT,2023.11.20,00:00:00,37375.800000,37397.200000,37050.000000,37131.900000,33529.7590
BTCUSDT,2023.11.20,04:00:00,37132.000000,37280.000000,37055.000000,37261.100000,20490.9850
BTCUSDT,2023.11.20,08:00:00,37261.000000,37445.500000,37070.100000,37161.000000,38029.7720
BTCUSDT,2023.11.20,12:00:00,37160.900000,37525.000000,36600.000000,37475.100000,76247.4650
BTCUSDT,2023.11.20,16:00:00,37475.000000,37784.700000,36780.000000,37584.500000,109983.1890
BTCUSDT,2023.11.20,20:00:00,37584.500000,37631.100000,37284.900000,37462.500000,32222.8670
BTCUSDT,2023.11.21,00:00:00,37462.600000,37675.000000,37321.100000,37485.400000,28223.3700
BTCUSDT,2023.11.21,04:00:00,37485.400000,37503.700000,37250.400000,37297.100000,21758.1290
BTCUSDT,2023.11.21,08:00:00,37297.100000,37439.500000,37156.000000,37189.500000,22046.2150
BTCUSDT,2023.11.21,12:00:00,37189.600000,37245.700000,36212.200000,36975.900000,162299.9560
BTCUSDT,2023.11.21,16:00:00,36975.800000,37531.000000,36600.000000,36989.900000,121016.6400
BTCUSDT,2023.11.21,20:00:00,36989.900000,37190.000000,35720.000000,35737.000000,95386.8500
BTCUSDT,2023.11.22,00:00:00,35737.000000,36387.400000,35610.700000,36378.800000,52166.3030
BTCUSDT,2023.11.22,04:00:00,36378.800000,36560.000000,36320.500000,36430.700000,30725.3130
BTCUSDT,2023.11.22,08:00:00,36430.700000,36779.000000,36385.400000,36465.900000,39778.0700
BTCUSDT,2023.11.22,12:00:00,36465.800000,36654.800000,36240.000000,36480.500000,53069.2210
BTCUSDT,2023.11.22,16:00:00,36480.600000,37448.000000,36371.200000,37297.000000,84661.7910
BTCUSDT,2023.11.22,20:00:00,37296.900000,37880.000000,37219.200000,37413.400000,77788.9200
BTCUSDT,2023.11.23,00:00:00,37413.500000,37548.000000,37263.000000,37311.000000,25514.5160
BTCUSDT,2023.11.23,04:00:00,37311.000000,37425.000000,37275.000000,37378.500000,15836.2970
BTCUSDT,2023.11.23,08:00:00,37378.500000,37650.000000,37135.800000,37378.200000,41679.8190
BTCUSDT,2023.11.23,12:00:00,37378.100000,37544.900000,36856.300000,36954.100000,54796.2890
BTCUSDT,2023.11.23,16:00:00,36954.100000,37378.000000,36921.600000,37282.300000,30849.0820
BTCUSDT,2023.11.23,20:00:00,37282.400000,37391.500000,37209.000000,37294.300000,16693.9280
BTCUSDT,2023.11.24,00:00:00,37294.400000,37487.000000,37257.300000,37314.000000,18097.6770
BTCUSDT,2023.11.24,04:00:00,37314.000000,37587.000000,37300.100000,37531.100000,16209.1100
BTCUSDT,2023.11.24,08:00:00,37531.100000,38200.000000,37427.300000,37749.700000,101988.6060
BTCUSDT,2023.11.24,12:00:00,37749.800000,38425.000000,37600.000000,38217.300000,108980.1600
BTCUSDT,2023.11.24,16:00:00,38217.300000,38351.200000,37551.000000,37758.500000,78638.7690
BTCUSDT,2023.11.24,20:00:00,37758.500000,37940.800000,37560.800000,37706.300000,27117.4010
BTCUSDT,2023.11.25,00:00:00,37706.300000,37840.000000,37671.400000,37790.900000,16604.3800
BTCUSDT,2023.11.25,04:00:00,37791.000000,37830.500000,37708.100000,37795.000000,10329.9990
BTCUSDT,2023.11.25,08:00:00,37795.000000,37827.000000,37570.900000,37645.000000,19110.6460
BTCUSDT,2023.11.25,12:00:00,37645.000000,37732.400000,37607.600000,37697.800000,12380.9760
BTCUSDT,2023.11.25,16:00:00,37697.700000,37833.000000,37697.700000,37805.900000,11566.6450
BTCUSDT,2023.11.25,20:00:00,37806.000000,37886.500000,37693.200000,37766.600000,12596.6830
BTCUSDT,2023.11.26,00:00:00,37766.700000,37775.700000,37650.000000,37721.000000,7935.2750
BTCUSDT,2023.11.26,04:00:00,37721.100000,37788.500000,37685.600000,37773.500000,7859.2060
BTCUSDT,2023.11.26,08:00:00,37773.500000,37807.600000,37650.200000,37663.000000,11524.4780
BTCUSDT,2023.11.26,12:00:00,37662.900000,37669.800000,37248.000000,37418.000000,60061.0800
BTCUSDT,2023.11.26,16:00:00,37418.000000,37492.700000,37126.000000,37360.000000,40369.5920
BTCUSDT,2023.11.26,20:00:00,37360.100000,37744.900000,37306.500000,37437.900000,46009.0130
BTCUSDT,2023.11.27,00:00:00,37437.900000,37560.000000,37174.200000,37295.800000,28575.1500
BTCUSDT,2023.11.27,04:00:00,37295.800000,37416.000000,37005.000000,37272.100000,27786.9730
BTCUSDT,2023.11.27,08:00:00,37272.000000,37457.000000,36829.800000,37023.300000,55968.2070
BTCUSDT,2023.11.27,12:00:00,37023.300000,37094.900000,36725.100000,36743.200000,70777.8850
BTCUSDT,2023.11.27,16:00:00,36743.300000,37145.400000,36700.000000,36868.600000,52965.0430
BTCUSDT,2023.11.27,20:00:00,36868.500000,37279.000000,36776.000000,37234.300000,30039.4410
BTCUSDT,2023.11.28,00:00:00,37234.400000,37338.000000,37088.800000,37119.900000,22710.0300
BTCUSDT,2023.11.28,04:00:00,37119.900000,37135.000000,36856.000000,37087.200000,30887.1230
BTCUSDT,2023.11.28,08:00:00,37087.200000,37259.600000,36917.400000,37250.100000,26457.1810
BTCUSDT,2023.11.28,12:00:00,37250.000000,37568.600000,37140.000000,37502.200000,53900.9490
BTCUSDT,2023.11.28,16:00:00,37502.100000,38395.000000,37502.100000,38105.000000,140598.2190
BTCUSDT,2023.11.28,20:00:00,38104.700000,38270.000000,37655.200000,37812.100000,43872.8250
BTCUSDT,2023.11.29,00:00:00,37812.000000,38091.900000,37663.200000,37938.100000,30709.3610
BTCUSDT,2023.11.29,04:00:00,37938.100000,38238.000000,37862.300000,38095.700000,26105.0170
BTCUSDT,2023.11.29,08:00:00,38095.700000,38500.000000,37895.200000,38098.600000,68446.6600
BTCUSDT,2023.11.29,12:00:00,38098.600000,38285.000000,37551.800000,37817.600000,74648.8580
BTCUSDT,2023.11.29,16:00:00,37817.600000,37924.500000,37641.000000,37861.100000,35143.4070
BTCUSDT,2023.11.29,20:00:00,37861.000000,37871.700000,37564.200000,37837.100000,26578.5780
BTCUSDT,2023.11.30,00:00:00,37837.200000,38035.000000,37673.000000,38034.500000,22657.3920
BTCUSDT,2023.11.30,04:00:00,38034.400000,38132.000000,37755.800000,37783.200000,29222.6720
BTCUSDT,2023.11.30,08:00:00,37783.100000,37895.000000,37570.900000,37867.100000,34148.4500
BTCUSDT,2023.11.30,12:00:00,37867.100000,37964.600000,37442.900000,37614.000000,68467.0710
BTCUSDT,2023.11.30,16:00:00,37613.900000,37807.000000,37520.000000,37745.300000,22089.2750
BTCUSDT,2023.11.30,20:00:00,37745.400000,37805.000000,37585.000000,37716.800000,14604.0110
BTCUSDT,2023.12.01,00:00:00,37716.900000,38070.000000,37600.000000,38030.200000,41211.5700
BTCUSDT,2023.12.01,04:00:00,38030.100000,38344.800000,38005.900000,38234.900000,49559.0910
BTCUSDT,2023.12.01,08:00:00,38234.900000,38844.000000,38205.200000,38578.000000,91963.6110
BTCUSDT,2023.12.01,12:00:00,38578.000000,38629.900000,38209.600000,38401.500000,54251.5920
BTCUSDT,2023.12.01,16:00:00,38401.400000,38989.000000,38383.000000,38750.100000,82721.3150
BTCUSDT,2023.12.01,20:00:00,38750.000000,38888.000000,38622.300000,38660.000000,22654.8150
BTCUSDT,2023.12.02,00:00:00,38659.900000,38788.000000,38613.500000,38767.500000,15617.3150
BTCUSDT,2023.12.02,04:00:00,38767.400000,38815.500000,38680.000000,38683.900000,16192.7310
BTCUSDT,2023.12.02,08:00:00,38683.900000,38775.900000,38620.000000,38722.800000,12894.3110
BTCUSDT,2023.12.02,12:00:00,38722.800000,38859.500000,38688.000000,38787.000000,21488.5120
BTCUSDT,2023.12.02,16:00:00,38786.900000,39900.000000,38688.100000,39416.400000,98609.2740
BTCUSDT,2023.12.02,20:00:00,39416.400000,39725.000000,39270.800000,39435.000000,48408.1680
BTCUSDT,2023.12.03,00:00:00,39435.100000,39549.000000,39255.200000,39376.000000,22841.1350
BTCUSDT,2023.12.03,04:00:00,39376.000000,39488.000000,39307.700000,39474.100000,13941.1310
BTCUSDT,2023.12.03,08:00:00,39474.100000,39539.300000,39386.300000,39471.400000,15513.1990
BTCUSDT,2023.12.03,12:00:00,39471.300000,39820.000000,39367.000000,39758.500000,56732.0970
BTCUSDT,2023.12.03,16:00:00,39758.500000,39847.000000,39420.800000,39555.100000,31630.4870
BTCUSDT,2023.12.03,20:00:00,39555.200000,40410.100000,39541.400000,39979.700000,81259.8560
BTCUSDT,2023.12.04,00:00:00,39979.800000,40915.300000,39970.400000,40720.700000,100671.2390
BTCUSDT,2023.12.04,04:00:00,40720.600000,41792.000000,40693.500000,41471.900000,125593.7710
BTCUSDT,2023.12.04,08:00:00,41471.900000,42179.000000,41336.100000,41605.900000,137050.9840
BTCUSDT,2023.12.04,12:00:00,41605.900000,41920.000000,41120.100000,41280.800000,98333.7550
BTCUSDT,2023.12.04,16:00:00,41280.900000,42091.100000,41186.800000,42001.000000,70633.2120
BTCUSDT,2023.12.04,20:00:00,42000.900000,42440.000000,41722.800000,41993.100000,70209.8980
BTCUSDT,2023.12.05,00:00:00,41993.100000,41993.100000,41630.000000,41832.000000,35521.2120
BTCUSDT,2023.12.05,04:00:00,41832.000000,41922.800000,41393.500000,41534.200000,41222.7060
BTCUSDT,2023.12.05,08:00:00,41534.300000,41763.100000,41422.000000,41730.900000,35188.3420
BTCUSDT,2023.12.05,12:00:00,41730.900000,42542.000000,41694.000000,42266.700000,97196.3770
BTCUSDT,2023.12.05,16:00:00,42266.800000,44191.600000,42124.600000,43834.000000,259747.6660
BTCUSDT,2023.12.05,20:00:00,43834.000000,44528.100000,43420.600000,44081.700000,106161.7380
BTCUSDT,2023.12.06,00:00:00,44081.700000,44160.100000,43569.200000,43757.700000,52236.4310
BTCUSDT,2023.12.06,04:00:00,43757.600000,43879.600000,43451.000000,43697.100000,49657.7170
BTCUSDT,2023.12.06,08:00:00,43697.100000,44349.800000,43377.000000,43853.300000,97423.9790
BTCUSDT,2023.12.06,12:00:00,43853.400000,44305.100000,43730.000000,43795.300000,98147.2910
BTCUSDT,2023.12.06,16:00:00,43795.300000,44173.700000,43750.000000,44008.800000,47802.8070
BTCUSDT,2023.12.06,20:00:00,44008.800000,44086.000000,43607.300000,43774.800000,38689.5130
BTCUSDT,2023.12.07,00:00:00,43775.100000,44020.000000,43720.900000,43941.300000,18975.5480
BTCUSDT,2023.12.07,04:00:00,43941.400000,44066.700000,43835.700000,43899.400000,20303.6530
BTCUSDT,2023.12.07,08:00:00,43899.400000,43911.500000,42815.000000,43206.400000,124028.5090
BTCUSDT,2023.12.07,12:00:00,43206.400000,43959.100000,42964.700000,43679.800000,85685.8590
BTCUSDT,2023.12.07,16:00:00,43680.000000,43786.900000,43091.500000,43239.200000,61166.1120
BTCUSDT,2023.12.07,20:00:00,43239.200000,43490.000000,43122.200000,43296.000000,36262.2770
BTCUSDT,2023.12.08,00:00:00,43296.000000,43559.000000,43286.800000,43402.800000,21946.8490
BTCUSDT,2023.12.08,04:00:00,43402.700000,43586.500000,43108.800000,43184.500000,30777.9210
BTCUSDT,2023.12.08,08:00:00,43184.600000,43780.000000,43100.000000,43687.300000,42243.0940
BTCUSDT,2023.12.08,12:00:00,43687.300000,44081.600000,43501.700000,43778.500000,72255.3130
BTCUSDT,2023.12.08,16:00:00,43778.600000,44003.500000,43650.000000,43967.600000,38369.2280
BTCUSDT,2023.12.08,20:00:00,43967.700000,44779.300000,43967.700000,44209.500000,76288.1880
BTCUSDT,2023.12.09,00:00:00,44209.600000,44324.700000,44071.200000,44175.000000,24334.9380
BTCUSDT,2023.12.09,04:00:00,44175.000000,44389.200000,44150.000000,44220.600000,21264.8910
BTCUSDT,2023.12.09,08:00:00,44220.700000,44238.000000,43749.100000,43838.300000,46175.2620
BTCUSDT,2023.12.09,12:00:00,43838.200000,44180.800000,43762.100000,44088.000000,43058.3820
BTCUSDT,2023.12.09,16:00:00,44088.000000,44131.000000,43903.600000,43954.800000,21188.3090
BTCUSDT,2023.12.09,20:00:00,43954.800000,44140.000000,43555.000000,43734.300000,33317.8740
BTCUSDT,2023.12.10,00:00:00,43734.200000,43893.400000,43694.000000,43870.700000,16869.6960
BTCUSDT,2023.12.10,04:00:00,43870.800000,44042.800000,43849.900000,43995.800000,15728.2340
BTCUSDT,2023.12.10,08:00:00,43995.800000,44075.500000,43624.000000,43760.100000,34286.8820
BTCUSDT,2023.12.10,12:00:00,43760.100000,44039.700000,43750.000000,43945.400000,27497.9490
BTCUSDT,2023.12.10,16:00:00,43945.300000,43976.300000,43753.800000,43819.500000,16441.7050
BTCUSDT,2023.12.10,20:00:00,43819.500000,44099.200000,43552.500000,43810.000000,33723.7930
BTCUSDT,2023.12.11,00:00:00,43810.100000,43833.400000,40272.100000,42312.800000,192470.5780
BTCUSDT,2023.12.11,04:00:00,42312.700000,42330.000000,41622.300000,42128.000000,75222.5450
BTCUSDT,2023.12.11,08:00:00,42128.100000,42490.500000,41979.100000,42346.600000,43887.1910
BTCUSDT,2023.12.11,12:00:00,42346.600000,42398.300000,41682.200000,41824.700000,66852.8260
BTCUSDT,2023.12.11,16:00:00,41824.600000,41892.600000,40228.300000,40799.400000,183107.0570
BTCUSDT,2023.12.11,20:00:00,40799.300000,41375.400000,40571.000000,41271.000000,59213.2420
BTCUSDT,2023.12.12,00:00:00,41271.100000,41963.000000,41202.100000,41760.300000,53546.6670
BTCUSDT,2023.12.12,04:00:00,41760.300000,42095.300000,41401.000000,41930.100000,49611.9010
BTCUSDT,2023.12.12,08:00:00,41930.000000,42125.000000,41570.800000,41606.700000,42543.0350
BTCUSDT,2023.12.12,12:00:00,41606.700000,42085.900000,41171.200000,41376.600000,85992.1140
BTCUSDT,2023.12.12,16:00:00,41376.700000,41488.000000,40711.000000,41169.600000,88690.0750
BTCUSDT,2023.12.12,20:00:00,41169.700000,41577.000000,41060.500000,41515.000000,36157.3260
BTCUSDT,2023.12.13,00:00:00,41514.900000,41524.200000,40556.000000,40858.500000,60111.7410
BTCUSDT,2023.12.13,04:00:00,40858.600000,41275.700000,40650.000000,41146.300000,45034.3300
BTCUSDT,2023.12.13,08:00:00,41146.300000,41315.400000,40976.900000,41035.200000,30944.2390
BTCUSDT,2023.12.13,12:00:00,41035.300000,41979.000000,41010.600000,41960.000000,71513.7280
BTCUSDT,2023.12.13,16:00:00,41960.000000,42921.900000,41735.600000,42746.800000,102592.0150
BTCUSDT,2023.12.13,20:00:00,42746.700000,43517.600000,42580.000000,42875.000000,86514.2430
BTCUSDT,2023.12.14,00:00:00,42875.000000,42950.000000,42670.500000,42726.900000,31720.2820
BTCUSDT,2023.12.14,04:00:00,42726.800000,43126.200000,42682.100000,42910.100000,31940.8430
BTCUSDT,2023.12.14,08:00:00,42910.200000,43336.700000,42684.400000,43269.900000,43056.8200
BTCUSDT,2023.12.14,12:00:00,43269.900000,43379.300000,41140.000000,42454.100000,144963.0650
BTCUSDT,2023.12.14,16:00:00,42454.100000,43450.100000,42454.100000,43105.000000,84613.4050
BTCUSDT,2023.12.14,20:00:00,43105.000000,43193.900000,42851.300000,43032.400000,25333.9100
BTCUSDT,2023.12.15,00:00:00,43032.300000,43098.000000,42410.500000,42813.500000,34366.9180
BTCUSDT,2023.12.15,04:00:00,42813.500000,42905.100000,42518.700000,42724.800000,28641.6920
BTCUSDT,2023.12.15,08:00:00,42724.800000,43054.000000,42645.900000,42800.000000,33628.2150
BTCUSDT,2023.12.15,12:00:00,42800.000000,42809.600000,41668.000000,41930.300000,83497.4480
BTCUSDT,2023.12.15,16:00:00,41930.400000,42222.700000,41715.000000,42124.900000,46847.8860
BTCUSDT,2023.12.15,20:00:00,42124.900000,42280.000000,41915.700000,41968.000000,30194.8540
BTCUSDT,2023.12.16,00:00:00,41968.000000,42448.400000,41638.100000,42354.500000,41048.7410
BTCUSDT,2023.12.16,04:00:00,42354.500000,42380.900000,42162.100000,42243.100000,17160.0720
BTCUSDT,2023.12.16,08:00:00,42243.000000,42368.900000,42114.700000,42349.900000,16101.9310
BTCUSDT,2023.12.16,12:00:00,42350.000000,42640.800000,42255.600000,42631.700000,35365.7120
BTCUSDT,2023.12.16,16:00:00,42631.600000,42756.700000,42340.000000,42367.900000,31055.8860
BTCUSDT,2023.12.16,20:00:00,42367.900000,42434.300000,42117.100000,42287.400000,19817.1170
BTCUSDT,2023.12.17,00:00:00,42287.400000,42322.200000,41880.000000,41947.200000,27517.9310
BTCUSDT,2023.12.17,04:00:00,41947.100000,42086.500000,41773.200000,41894.600000,29263.0760
BTCUSDT,2023.12.17,08:00:00,41894.600000,42036.600000,41671.200000,41979.700000,27899.3220
BTCUSDT,2023.12.17,12:00:00,41979.800000,42033.200000,41496.000000,41828.500000,38058.2160
BTCUSDT,2023.12.17,16:00:00,41828.500000,42476.000000,41707.200000,42136.500000,59835.0130
BTCUSDT,2023.12.17,20:00:00,42136.500000,42226.800000,41248.300000,41396.500000,42149.2930
BTCUSDT,2023.12.18,00:00:00,41396.600000,41487.500000,40810.600000,41107.000000,57583.2070
BTCUSDT,2023.12.18,04:00:00,41107.000000,41338.700000,41022.500000,41159.900000,32295.9620
BTCUSDT,2023.12.18,08:00:00,41160.000000,41285.300000,40553.800000,41137.300000,85508.8530
BTCUSDT,2023.12.18,12:00:00,41137.200000,41780.000000,40916.800000,41288.000000,76882.7130
BTCUSDT,2023.12.18,16:00:00,41288.000000,41750.000000,41170.000000,41715.400000,40807.3180
BTCUSDT,2023.12.18,20:00:00,41714.700000,42795.300000,41590.000000,42671.700000,82307.6220
BTCUSDT,2023.12.19,00:00:00,42671.800000,43550.000000,42595.100000,43100.100000,75175.9790
BTCUSDT,2023.12.19,04:00:00,43100.100000,43159.700000,42840.200000,43062.000000,28627.5680
BTCUSDT,2023.12.19,08:00:00,43062.100000,43297.100000,42962.000000,43003.900000,34165.8270
BTCUSDT,2023.12.19,12:00:00,43004.000000,43068.500000,42238.700000,42512.800000,74373.5590
BTCUSDT,2023.12.19,16:00:00,42512.900000,42675.000000,41835.400000,42379.000000,74735.3690
BTCUSDT,2023.12.19,20:00:00,42379.700000,42556.800000,42152.600000,42298.300000,28233.5420
BTCUSDT,2023.12.20,00:00:00,42298.200000,42519.500000,42218.300000,42451.700000,22122.0590
BTCUSDT,2023.12.20,04:00:00,42451.700000,43056.900000,42393.800000,42950.000000,46836.4070
BTCUSDT,2023.12.20,08:00:00,42950.000000,43037.200000,42693.600000,42891.400000,32002.3260
BTCUSDT,2023.12.20,12:00:00,42891.200000,44384.600000,42780.100000,44079.000000,141282.8390
BTCUSDT,2023.12.20,16:00:00,44078.900000,44290.000000,43511.800000,43760.100000,78486.3410
BTCUSDT,2023.12.20,20:00:00,43760.100000,43846.000000,43260.100000,43708.900000,56278.9510
BTCUSDT,2023.12.21,00:00:00,43708.900000,43775.600000,43317.200000,43678.600000,35653.4160
BTCUSDT,2023.12.21,04:00:00,43678.600000,43920.000000,43480.000000,43794.800000,25905.7120
BTCUSDT,2023.12.21,08:00:00,43794.900000,44172.200000,43610.000000,43969.700000,46262.4760
BTCUSDT,2023.12.21,12:00:00,43969.800000,44287.200000,43386.200000,43857.700000,81888.5870
BTCUSDT,2023.12.21,16:00:00,43857.700000,43957.000000,43390.000000,43623.100000,53751.0400
BTCUSDT,2023.12.21,20:00:00,43623.000000,44175.000000,43583.600000,43896.300000,33460.9240
BTCUSDT,2023.12.22,00:00:00,43896.400000,44332.800000,43750.200000,44044.300000,34467.5170
BTCUSDT,2023.12.22,04:00:00,44044.400000,44484.000000,43566.100000,43614.100000,63339.8520
BTCUSDT,2023.12.22,08:00:00,43614.000000,43877.500000,43480.500000,43783.000000,42888.6100
BTCUSDT,2023.12.22,12:00:00,43783.200000,43849.600000,43430.400000,43699.900000,43302.4700
BTCUSDT,2023.12.22,16:00:00,43699.900000,44047.600000,43503.400000,43666.400000,35104.5730
BTCUSDT,2023.12.22,20:00:00,43666.500000,44086.000000,43650.000000,43999.200000,19238.9110
BTCUSDT,2023.12.23,00:00:00,43999.200000,44023.000000,43464.800000,43543.200000,31870.0410
BTCUSDT,2023.12.23,04:00:00,43543.200000,43670.000000,43304.200000,43582.000000,25017.7370
BTCUSDT,2023.12.23,08:00:00,43582.100000,43709.900000,43513.400000,43583.000000,15905.0840
BTCUSDT,2023.12.23,12:00:00,43583.000000,43899.800000,43575.700000,43782.000000,21835.2840
BTCUSDT,2023.12.23,16:00:00,43782.000000,43880.100000,43720.000000,43729.100000,14370.2010
BTCUSDT,2023.12.23,20:00:00,43729.200000,43864.700000,43656.800000,43725.200000,11793.8520
BTCUSDT,2023.12.24,00:00:00,43725.200000,43952.300000,43625.100000,43867.800000,19796.0670
BTCUSDT,2023.12.24,04:00:00,43867.800000,43994.800000,43454.100000,43678.600000,28290.3740
BTCUSDT,2023.12.24,08:00:00,43678.700000,43733.000000,43421.000000,43666.600000,19354.8030
BTCUSDT,2023.12.24,12:00:00,43666.600000,43908.300000,43582.900000,43707.000000,23794.3810
BTCUSDT,2023.12.24,16:00:00,43707.100000,43750.600000,43568.300000,43645.300000,16277.8930
BTCUSDT,2023.12.24,20:00:00,43645.400000,43652.200000,42550.000000,43008.400000,72453.7330
BTCUSDT,2023.12.25,00:00:00,43008.400000,43188.500000,42755.400000,43182.500000,29688.5490
BTCUSDT,2023.12.25,04:00:00,43182.600000,43360.400000,43121.800000,43233.200000,17527.7650
BTCUSDT,2023.12.25,08:00:00,43233.300000,43320.000000,43083.200000,43200.300000,20002.9610
BTCUSDT,2023.12.25,12:00:00,43200.400000,43850.000000,43118.300000,43661.000000,61760.1690
BTCUSDT,2023.12.25,16:00:00,43661.000000,43761.900000,43383.200000,43515.800000,31664.1270
BTCUSDT,2023.12.25,20:00:00,43515.700000,43772.100000,43354.300000,43611.900000,23566.7030
BTCUSDT,2023.12.26,00:00:00,43611.900000,43635.100000,43400.000000,43487.900000,16834.2680
BTCUSDT,2023.12.26,04:00:00,43488.000000,43509.900000,42552.300000,42798.700000,74677.2040
BTCUSDT,2023.12.26,08:00:00,42798.700000,42830.900000,42109.000000,42719.900000,52503.8510
BTCUSDT,2023.12.26,12:00:00,42720.000000,42870.000000,42253.700000,42423.100000,38842.9820
BTCUSDT,2023.12.26,16:00:00,42423.100000,42470.600000,41597.000000,42149.200000,89933.4200
BTCUSDT,2023.12.26,20:00:00,42149.200000,42630.400000,42086.900000,42538.500000,22791.9530
BTCUSDT,2023.12.27,00:00:00,42538.600000,42580.000000,42145.700000,42274.700000,25627.1720
BTCUSDT,2023.12.27,04:00:00,42274.700000,42595.500000,42248.500000,42495.900000,20023.8500
BTCUSDT,2023.12.27,08:00:00,42496.000000,43277.100000,42443.000000,43059.300000,61784.0910
BTCUSDT,2023.12.27,12:00:00,43059.300000,43191.100000,42726.600000,43009.600000,59036.7480
BTCUSDT,2023.12.27,16:00:00,43010.000000,43264.000000,42890.300000,43183.900000,37903.2820
BTCUSDT,2023.12.27,20:00:00,43183.800000,43700.000000,43146.200000,43453.800000,46976.3950
BTCUSDT,2023.12.28,00:00:00,43453.800000,43850.000000,43333.100000,43444.800000,40639.6680
BTCUSDT,2023.12.28,04:00:00,43444.800000,43669.400000,42821.000000,43087.200000,46971.6920
BTCUSDT,2023.12.28,08:00:00,43087.300000,43233.000000,42900.000000,43112.100000,26016.4380
BTCUSDT,2023.12.28,12:00:00,43112.000000,43181.100000,42439.600000,42485.800000,74384.2160
BTCUSDT,2023.12.28,16:00:00,42485.900000,42783.000000,42320.500000,42655.900000,41372.0330
BTCUSDT,2023.12.28,20:00:00,42656.000000,42788.700000,42369.700000,42600.100000,28131.1350
BTCUSDT,2023.12.29,00:00:00,42600.100000,42839.100000,42123.100000,42738.100000,55055.0740
BTCUSDT,2023.12.29,04:00:00,42738.200000,42812.900000,42253.200000,42314.500000,32071.9610
BTCUSDT,2023.12.29,08:00:00,42314.500000,42996.300000,42306.800000,42908.900000,40511.0480
BTCUSDT,2023.12.29,12:00:00,42908.800000,43171.900000,42160.000000,42301.600000,68202.7110
BTCUSDT,2023.12.29,16:00:00,42301.600000,42389.000000,41680.000000,42152.800000,87706.1290
BTCUSDT,2023.12.29,20:00:00,42152.900000,42288.300000,41283.200000,42095.100000,53874.9420
BTCUSDT,2023.12.30,00:00:00,42095.100000,42250.000000,41854.400000,42014.700000,23528.2730
BTCUSDT,2023.12.30,04:00:00,42014.700000,42205.200000,41960.000000,41987.100000,16563.4770
BTCUSDT,2023.12.30,08:00:00,41987.100000,42032.700000,41550.000000,41933.600000,40727.1240
BTCUSDT,2023.12.30,12:00:00,41933.600000,42473.400000,41915.100000,42410.300000,42746.7450
BTCUSDT,2023.12.30,16:00:00,42410.400000,42654.600000,42278.700000,42395.000000,41015.2160
BTCUSDT,2023.12.30,20:00:00,42395.000000,42431.900000,42106.500000,42174.200000,19309.8350
BTCUSDT,2023.12.31,00:00:00,42174.300000,42478.900000,42001.000000,42209.400000,24649.4140
BTCUSDT,2023.12.31,04:00:00,42209.400000,42729.200000,42189.900000,42567.000000,27687.3990
BTCUSDT,2023.12.31,08:00:00,42567.000000,42951.000000,42400.200000,42561.800000,37644.3460
BTCUSDT,2023.12.31,12:00:00,42561.800000,42694.000000,42381.000000,42489.600000,29877.2890
BTCUSDT,2023.12.31,16:00:00,42489.600000,42766.700000,42465.400000,42659.900000,21496.0840
BTCUSDT,2023.12.31,20:00:00,42659.900000,42724.500000,42083.100000,42314.000000,32153.7570
BTCUSDT,2024.01.01,00:00:00,42314.000000,42832.000000,42270.000000,42369.800000,30275.8350
BTCUSDT,2024.01.01,04:00:00,42369.800000,42536.000000,42207.900000,42527.000000,18884.1620
BTCUSDT,2024.01.01,08:00:00,42527.100000,42800.000000,42489.400000,42727.600000,21225.4020
BTCUSDT,2024.01.01,12:00:00,42727.700000,42887.500000,42614.500000,42818.000000,23160.8270
BTCUSDT,2024.01.01,16:00:00,42818.000000,43593.200000,42693.100000,43556.200000,46470.4430
BTCUSDT,2024.01.01,20:00:00,43556.200000,44266.000000,43426.000000,44230.200000,66407.4750
BTCUSDT,2024.01.02,00:00:00,44230.300000,45565.000000,44200.900000,45435.000000,130549.3410
BTCUSDT,2024.01.02,04:00:00,45434.900000,45832.800000,45153.000000,45495.500000,46617.8390
BTCUSDT,2024.01.02,08:00:00,45495.600000,45950.000000,45258.000000,45486.800000,73125.6190
BTCUSDT,2024.01.02,12:00:00,45486.800000,45850.000000,44868.100000,45215.000000,98947.3730
BTCUSDT,2024.01.02,16:00:00,45215.000000,45449.200000,44783.300000,45073.200000,59665.8820
BTCUSDT,2024.01.02,20:00:00,45073.300000,45338.900000,44598.000000,44979.800000,50892.4690
BTCUSDT,2024.01.03,00:00:00,44979.700000,45463.500000,44895.800000,45297.800000,27249.8520
BTCUSDT,2024.01.03,04:00:00,45297.800000,45423.000000,44960.000000,45030.400000,27047.4360
BTCUSDT,2024.01.03,08:00:00,45030.500000,45582.300000,43500.000000,43728.900000,118206.2600
BTCUSDT,2024.01.03,12:00:00,43728.900000,43738.800000,40333.000000,43014.000000,269274.0080
BTCUSDT,2024.01.03,16:00:00,43014.000000,43595.900000,41920.000000,42600.400000,121646.7330
BTCUSDT,2024.01.03,20:00:00,42600.400000,42974.500000,42517.600000,42849.500000,32430.9360
BTCUSDT,2024.01.04,00:00:00,42849.500000,43236.000000,42625.000000,43119.600000,32954.4300
BTCUSDT,2024.01.04,04:00:00,43119.600000,43290.000000,42765.000000,42775.000000,34097.9890
BTCUSDT,2024.01.04,08:00:00,42775.100000,43255.000000,42645.100000,43188.200000,41353.2480
BTCUSDT,2024.01.04,12:00:00,43188.200000,44343.100000,43107.400000,44050.400000,89531.7050
BTCUSDT,2024.01.04,16:00:00,44050.400000,44437.500000,43773.400000,43950.000000,67286.5470
BTCUSDT,2024.01.04,20:00:00,43950.000000,44840.800000,43887.200000,44143.800000,68699.1790
BTCUSDT,2024.01.05,00:00:00,44143.800000,44284.000000,42300.000000,43469.100000,92493.9810
BTCUSDT,2024.01.05,04:00:00,43469.500000,43951.700000,43193.500000,43769.600000,36820.4650
BTCUSDT,2024.01.05,08:00:00,43769.600000,44332.400000,43459.000000,43769.900000,53933.1110
BTCUSDT,2024.01.05,12:00:00,43769.900000,44119.100000,43000.000000,43495.200000,82365.9270
BTCUSDT,2024.01.05,16:00:00,43495.100000,43825.200000,43090.000000,43599.000000,50576.8100
BTCUSDT,2024.01.05,20:00:00,43599.000000,44500.000000,43559.000000,44145.400000,58777.4970
BTCUSDT,2024.01.06,00:00:00,44145.300000,44214.600000,43809.500000,43925.800000,22344.0390
BTCUSDT,2024.01.06,04:00:00,43925.800000,43972.000000,43391.300000,43645.300000,32223.5650
BTCUSDT,2024.01.06,08:00:00,43645.400000,43777.500000,43550.000000,43669.200000,18571.5960
BTCUSDT,2024.01.06,12:00:00,43669.200000,43925.000000,43527.200000,43863.600000,21680.9150
BTCUSDT,2024.01.06,16:00:00,43863.600000,44149.900000,43817.400000,43903.600000,23415.5390
BTCUSDT,2024.01.06,20:00:00,43903.600000,43980.000000,43645.000000,43956.700000,20307.1430
BTCUSDT,2024.01.07,00:00:00,43956.600000,44267.900000,43824.200000,43937.200000,25504.2020
BTCUSDT,2024.01.07,04:00:00,43937.100000,44099.600000,43830.000000,44071.500000,16798.6550
BTCUSDT,2024.01.07,08:00:00,44071.600000,44161.500000,43862.800000,44054.000000,21062.9510
BTCUSDT,2024.01.07,12:00:00,44054.000000,44486.900000,43922.700000,44035.000000,49020.7530
BTCUSDT,2024.01.07,16:00:00,44034.900000,44262.300000,43686.900000,44238.800000,32162.3680
BTCUSDT,2024.01.07,20:00:00,44238.800000,44262.900000,43557.500000,43916.900000,36161.7850
BTCUSDT,2024.01.08,00:00:00,43916.900000,43975.000000,43158.100000,43501.900000,49205.4140
BTCUSDT,2024.01.08,04:00:00,43502.000000,44431.100000,43417.800000,43970.000000,52687.1450
BTCUSDT,2024.01.08,08:00:00,43969.900000,44748.500000,43629.700000,44637.200000,48551.3070
BTCUSDT,2024.01.08,12:00:00,44637.200000,45440.000000,44350.000000,44969.600000,124466.2430
BTCUSDT,2024.01.08,16:00:00,44969.700000,47312.000000,44783.800000,47006.700000,168436.3140
BTCUSDT,2024.01.08,20:00:00,47007.100000,47240.300000,46666.100000,46972.700000,51741.5600
BTCUSDT,2024.01.09,00:00:00,46972.600000,47173.500000,46253.700000,46932.800000,62275.5490
BTCUSDT,2024.01.09,04:00:00,46932.700000,46950.300000,46600.200000,46841.000000,25566.0340
BTCUSDT,2024.01.09,08:00:00,46841.000000,46891.300000,46372.000000,46624.400000,37564.5570
BTCUSDT,2024.01.09,12:00:00,46624.400000,47100.000000,45400.000000,46868.800000,127284.8900
BTCUSDT,2024.01.09,16:00:00,46868.900000,46977.000000,46500.000000,46873.500000,42262.9430
BTCUSDT,2024.01.09,20:00:00,46873.500000,48100.000000,44417.200000,46114.000000,218408.8000
BTCUSDT,2024.01.10,00:00:00,46113.900000,46252.500000,45629.600000,46133.600000,36681.3220
BTCUSDT,2024.01.10,04:00:00,46133.500000,46200.000000,45728.900000,45766.400000,21755.2250
BTCUSDT,2024.01.10,08:00:00,45766.300000,45876.700000,44800.000000,45530.200000,54054.7650
BTCUSDT,2024.01.10,12:00:00,45530.100000,45680.000000,44291.500000,45569.000000,149727.6170
BTCUSDT,2024.01.10,16:00:00,45569.400000,46768.000000,45189.400000,46498.900000,130065.4370
BTCUSDT,2024.01.10,20:00:00,46498.800000,47699.300000,44720.000000,46662.900000,276373.1080
BTCUSDT,2024.01.11,00:00:00,46663.000000,46758.000000,46146.500000,46502.400000,40763.1020
BTCUSDT,2024.01.11,04:00:00,46502.300000,46511.400000,45610.100000,46096.100000,42163.3480
BTCUSDT,2024.01.11,08:00:00,46096.100000,47171.000000,46051.600000,47068.500000,50256.7420
BTCUSDT,2024.01.11,12:00:00,47068.500000,49027.500000,46488.100000,46813.400000,278574.6290
BTCUSDT,2024.01.11,16:00:00,46813.400000,47065.800000,45600.000000,46698.400000,136031.8510
BTCUSDT,2024.01.11,20:00:00,46698.400000,46973.800000,46080.600000,46337.800000,48908.7070
BTCUSDT,2024.01.12,00:00:00,46337.900000,46536.200000,45900.900000,45997.000000,37819.7070
BTCUSDT,2024.01.12,04:00:00,45997.300000,46380.000000,45714.200000,46002.600000,35158.2930
BTCUSDT,2024.01.12,08:00:00,46002.600000,46280.000000,45527.500000,45958.000000,47922.9020
BTCUSDT,2024.01.12,12:00:00,45958.000000,46120.000000,44360.800000,44495.100000,122262.6860
BTCUSDT,2024.01.12,16:00:00,44495.100000,44719.700000,43221.100000,43497.500000,179066.4070
BTCUSDT,2024.01.12,20:00:00,43497.400000,44000.000000,41370.000000,42788.900000,153713.2630
BTCUSDT,2024.01.13,00:00:00,42789.000000,42997.000000,42445.700000,42625.600000,39049.1390
BTCUSDT,2024.01.13,04:00:00,42625.600000,43265.100000,42565.900000,43102.100000,33842.4170
BTCUSDT,2024.01.13,08:00:00,43102.100000,43255.000000,42513.000000,42631.900000,42897.5980
BTCUSDT,2024.01.13,12:00:00,42631.800000,43273.400000,42509.800000,43159.700000,44715.7660
BTCUSDT,2024.01.13,16:00:00,43159.900000,43193.900000,42711.500000,42791.100000,31207.9560
BTCUSDT,2024.01.13,20:00:00,42791.100000,43067.700000,42703.200000,42846.400000,16024.4500
BTCUSDT,2024.01.14,00:00:00,42846.400000,42896.900000,42651.000000,42691.200000,17785.0430
BTCUSDT,2024.01.14,04:00:00,42691.100000,43064.400000,42553.000000,43012.800000,20194.2640
BTCUSDT,2024.01.14,08:00:00,43012.800000,43096.100000,42759.200000,42836.800000,18481.5580
BTCUSDT,2024.01.14,12:00:00,42836.700000,43014.300000,42710.300000,42908.400000,18436.8040
BTCUSDT,2024.01.14,16:00:00,42908.400000,43019.100000,42633.200000,42665.800000,23087.6610
BTCUSDT,2024.01.14,20:00:00,42665.800000,42755.000000,41713.500000,41734.900000,83111.6380
BTCUSDT,2024.01.15,00:00:00,41734.900000,42650.000000,41720.000000,42571.800000,36398.9170
BTCUSDT,2024.01.15,04:00:00,42572.800000,42829.800000,42501.600000,42713.100000,25795.3730
BTCUSDT,2024.01.15,08:00:00,42713.100000,42784.300000,42535.800000,42699.900000,21197.1770
BTCUSDT,2024.01.15,12:00:00,42700.000000,42969.000000,42156.000000,42278.700000,57163.4690
BTCUSDT,2024.01.15,16:00:00,42278.700000,43376.000000,42249.100000,42989.600000,65313.1340
BTCUSDT,2024.01.15,20:00:00,42989.600000,43114.700000,42341.300000,42515.000000,34191.0710
BTCUSDT,2024.01.16,00:00:00,42515.000000,42942.000000,42466.100000,42919.500000,22087.9860
BTCUSDT,2024.01.16,04:00:00,42919.300000,42945.000000,42600.500000,42788.100000,20030.6460
BTCUSDT,2024.01.16,08:00:00,42788.500000,43164.900000,42718.800000,42894.900000,32133.0830
BTCUSDT,2024.01.16,12:00:00,42894.600000,43333.000000,42050.000000,43251.700000,121732.8200
BTCUSDT,2024.01.16,16:00:00,43251.000000,43450.000000,42825.500000,43164.800000,50349.5390
BTCUSDT,2024.01.16,20:00:00,43164.800000,43589.000000,43061.700000,43133.000000,40873.1590
BTCUSDT,2024.01.17,00:00:00,43133.000000,43198.000000,42838.800000,42842.100000,20601.2040
BTCUSDT,2024.01.17,04:00:00,42842.000000,42933.000000,42616.000000,42654.000000,24548.9600
BTCUSDT,2024.01.17,08:00:00,42654.000000,42855.800000,42555.800000,42681.000000,25131.2970
BTCUSDT,2024.01.17,12:00:00,42681.000000,42934.900000,42355.500000,42478.300000,68850.5050
BTCUSDT,2024.01.17,16:00:00,42478.200000,42757.600000,42200.000000,42617.500000,40872.0970
BTCUSDT,2024.01.17,20:00:00,42617.600000,42869.300000,42444.000000,42783.400000,29392.0180
BTCUSDT,2024.01.18,00:00:00,42783.300000,42797.000000,42515.000000,42594.000000,15331.9570
BTCUSDT,2024.01.18,04:00:00,42594.000000,42930.100000,42590.000000,42918.300000,19685.6560
BTCUSDT,2024.01.18,08:00:00,42918.300000,42932.300000,42382.500000,42540.000000,33804.6740
BTCUSDT,2024.01.18,12:00:00,42540.100000,42821.400000,42351.000000,42618.900000,41921.4820
BTCUSDT,2024.01.18,16:00:00,42619.000000,42619.000000,40805.200000,41014.200000,151310.9300
BTCUSDT,2024.01.18,20:00:00,41014.200000,41366.400000,40673.600000,41323.100000,73026.0570
BTCUSDT,2024.01.19,00:00:00,41323.200000,41372.000000,40739.600000,41049.800000,36295.2210
BTCUSDT,2024.01.19,04:00:00,41049.800000,41578.300000,41031.300000,41282.000000,31853.1980
BTCUSDT,2024.01.19,08:00:00,41281.900000,41518.400000,41132.500000,41471.700000,27935.2070
BTCUSDT,2024.01.19,12:00:00,41471.700000,41493.000000,40718.500000,40897.000000,67750.1700
BTCUSDT,2024.01.19,16:00:00,40897.100000,42000.000000,40300.000000,41818.500000,138416.8790
BTCUSDT,2024.01.19,20:00:00,41818.600000,42197.000000,41530.100000,41662.200000,43691.0550
BTCUSDT,2024.01.20,00:00:00,41662.100000,41712.000000,41458.500000,41638.000000,18155.8510
BTCUSDT,2024.01.20,04:00:00,41638.100000,41781.400000,41566.300000,41652.400000,12915.0980
BTCUSDT,2024.01.20,08:00:00,41652.400000,41672.700000,41453.600000,41583.600000,21012.5870
BTCUSDT,2024.01.20,12:00:00,41583.500000,41706.500000,41480.000000,41570.300000,18279.3600
BTCUSDT,2024.01.20,16:00:00,41570.200000,41685.000000,41522.000000,41638.400000,10616.7520
BTCUSDT,2024.01.20,20:00:00,41638.400000,41883.500000,41615.000000,41691.800000,14886.4140
BTCUSDT,2024.01.21,00:00:00,41691.800000,41735.000000,41624.600000,41677.400000,7680.8120
BTCUSDT,2024.01.21,04:00:00,41677.400000,41699.900000,41544.000000,41648.600000,6744.4130
BTCUSDT,2024.01.21,08:00:00,41648.500000,41826.500000,41648.500000,41720.900000,11294.9610
BTCUSDT,2024.01.21,12:00:00,41720.800000,41880.900000,41600.000000,41652.800000,17377.0560
BTCUSDT,2024.01.21,16:00:00,41652.700000,41733.000000,41516.000000,41721.200000,11626.4970
BTCUSDT,2024.01.21,20:00:00,41721.200000,41820.000000,41500.000000,41580.000000,12311.8130
BTCUSDT,2024.01.22,00:00:00,41579.900000,41692.300000,41050.500000,41199.600000,40969.0620
BTCUSDT,2024.01.22,04:00:00,41199.500000,41334.900000,40666.000000,41042.600000,51245.9710
BTCUSDT,2024.01.22,08:00:00,41042.700000,41050.000000,40353.700000,40809.400000,68960.9180
BTCUSDT,2024.01.22,12:00:00,40809.500000,41253.700000,40333.000000,40774.700000,82368.7630
BTCUSDT,2024.01.22,16:00:00,40775.000000,40880.100000,39402.000000,39812.500000,137033.0090
BTCUSDT,2024.01.22,20:00:00,39812.600000,40360.000000,39450.000000,39567.000000,78446.3830
BTCUSDT,2024.01.23,00:00:00,39567.100000,40121.200000,39508.000000,40000.100000,32689.7950
BTCUSDT,2024.01.23,04:00:00,40000.100000,40172.700000,39656.800000,39773.900000,25079.6610
BTCUSDT,2024.01.23,08:00:00,39773.900000,39862.900000,38652.300000,38850.100000,124825.5620
BTCUSDT,2024.01.23,12:00:00,38850.200000,39479.200000,38545.000000,39197.400000,104576.9430
BTCUSDT,2024.01.23,16:00:00,39197.500000,39654.200000,38925.600000,39140.100000,79917.6570
BTCUSDT,2024.01.23,20:00:00,39140.100000,39898.000000,39031.300000,39890.000000,47283.7680
BTCUSDT,2024.01.24,00:00:00,39889.900000,40247.000000,39563.800000,39611.200000,49456.1200
BTCUSDT,2024.01.24,04:00:00,39611.300000,40179.700000,39550.000000,39979.400000,31974.0540
BTCUSDT,2024.01.24,08:00:00,39979.500000,40560.600000,39844.700000,40195.200000,48695.1430
BTCUSDT,2024.01.24,12:00:00,40195.100000,40287.800000,39754.400000,40046.700000,62130.9020
BTCUSDT,2024.01.24,16:00:00,40046.700000,40208.400000,39602.000000,39797.400000,43289.4910
BTCUSDT,2024.01.24,20:00:00,39797.400000,40171.300000,39493.300000,40078.700000,37208.4610
BTCUSDT,2024.01.25,00:00:00,40078.800000,40170.000000,39901.000000,40002.800000,20040.9250
BTCUSDT,2024.01.25,04:00:00,40002.800000,40131.900000,39778.300000,40119.600000,21098.3490
BTCUSDT,2024.01.25,08:00:00,40119.600000,40300.000000,39950.000000,40165.500000,34021.6430
BTCUSDT,2024.01.25,12:00:00,40165.500000,40280.000000,39605.000000,39793.600000,57869.1030
BTCUSDT,2024.01.25,16:00:00,39793.600000,40053.600000,39535.300000,39982.900000,48224.5440
BTCUSDT,2024.01.25,20:00:00,39982.900000,39987.200000,39630.000000,39953.300000,22474.1150
BTCUSDT,2024.01.26,00:00:00,39953.300000,40250.000000,39813.100000,40057.000000,24692.9130
BTCUSDT,2024.01.26,04:00:00,40057.100000,40216.700000,39880.900000,39956.000000,19746.7880
BTCUSDT,2024.01.26,08:00:00,39956.000000,41350.000000,39944.700000,41272.000000,103031.9940
BTCUSDT,2024.01.26,12:00:00,41271.900000,41587.300000,40890.000000,41399.800000,86189.4870
BTCUSDT,2024.01.26,16:00:00,41399.800000,42187.100000,41383.800000,42046.000000,85294.1350
BTCUSDT,2024.01.26,20:00:00,42046.100000,42239.300000,41779.200000,41806.400000,36463.1610
BTCUSDT,2024.01.27,00:00:00,41806.400000,41924.000000,41681.800000,41805.200000,16504.2500
BTCUSDT,2024.01.27,04:00:00,41805.100000,41880.500000,41594.000000,41699.100000,17412.3840
BTCUSDT,2024.01.27,08:00:00,41699.000000,41786.000000,41360.100000,41744.700000,32118.8280
BTCUSDT,2024.01.27,12:00:00,41744.700000,41880.000000,41689.300000,41797.400000,15054.6870
BTCUSDT,2024.01.27,16:00:00,41797.500000,41977.000000,41727.000000,41896.400000,16407.7820
BTCUSDT,2024.01.27,20:00:00,41896.500000,42187.100000,41896.400000,42102.200000,20939.1830
BTCUSDT,2024.01.28,00:00:00,42102.200000,42236.900000,41908.200000,42210.000000,22234.2370
BTCUSDT,2024.01.28,04:00:00,42210.100000,42836.000000,42204.000000,42369.900000,58552.8460
BTCUSDT,2024.01.28,08:00:00,42370.000000,42688.000000,42301.100000,42456.600000,30902.7980
BTCUSDT,2024.01.28,12:00:00,42456.500000,42525.000000,42130.000000,42244.500000,30369.1680
BTCUSDT,2024.01.28,16:00:00,42244.500000,42340.000000,41700.000000,41770.600000,35068.2960
BTCUSDT,2024.01.28,20:00:00,41770.600000,42067.500000,41600.000000,42021.200000,28609.1080
BTCUSDT,2024.01.29,00:00:00,42021.200000,42493.000000,41865.400000,42306.400000,30700.2410
BTCUSDT,2024.01.29,04:00:00,42306.500000,42326.900000,41966.200000,42040.000000,21337.9120
BTCUSDT,2024.01.29,08:00:00,42040.000000,42368.700000,41932.900000,42233.300000,27133.6080
BTCUSDT,2024.01.29,12:00:00,42233.200000,42636.000000,41768.300000,42623.200000,57176.0870
BTCUSDT,2024.01.29,16:00:00,42623.100000,43298.000000,42495.700000,42986.700000,90725.2910
BTCUSDT,2024.01.29,20:00:00,42986.800000,43340.800000,42966.500000,43287.700000,22428.9710
BTCUSDT,2024.01.30,00:00:00,43287.600000,43798.200000,43111.300000,43502.900000,48884.9450
BTCUSDT,2024.01.30,04:00:00,43502.800000,43554.100000,43238.000000,43346.600000,21202.7800
BTCUSDT,2024.01.30,08:00:00,43346.700000,43548.000000,43200.400000,43513.400000,23711.3950
BTCUSDT,2024.01.30,12:00:00,43513.300000,43888.000000,43092.000000,43355.500000,80242.4040
BTCUSDT,2024.01.30,16:00:00,43355.400000,43584.100000,43197.700000,43525.100000,34144.1870
BTCUSDT,2024.01.30,20:00:00,43525.100000,43750.000000,42665.600000,42918.300000,49397.0730
BTCUSDT,2024.01.31,00:00:00,42918.300000,43090.000000,42634.300000,42918.000000,33334.6840
BTCUSDT,2024.01.31,04:00:00,42918.100000,43075.700000,42854.700000,43031.600000,16041.5670
BTCUSDT,2024.01.31,08:00:00,43031.500000,43077.000000,42341.000000,42630.200000,46489.4460
BTCUSDT,2024.01.31,12:00:00,42630.200000,43460.000000,42503.300000,43341.800000,75301.2190
BTCUSDT,2024.01.31,16:00:00,43341.900000,43748.600000,43022.300000,43316.400000,71465.0650
BTCUSDT,2024.01.31,20:00:00,43316.300000,43348.900000,42257.600000,42560.500000,70437.1290
BTCUSDT,2024.02.01,00:00:00,42560.500000,42674.900000,41866.800000,41998.000000,51692.1930
BTCUSDT,2024.02.01,04:00:00,41998.000000,42292.100000,41877.000000,42182.200000,25471.9680
BTCUSDT,2024.02.01,08:00:00,42182.300000,42323.600000,42028.800000,42075.900000,23431.0700
BTCUSDT,2024.02.01,12:00:00,42075.800000,42936.600000,41926.300000,42500.100000,75085.7970
BTCUSDT,2024.02.01,16:00:00,42500.000000,43288.000000,42350.000000,43206.300000,70649.6800
BTCUSDT,2024.02.01,20:00:00,43206.300000,43278.400000,42856.100000,43072.600000,27990.3990
BTCUSDT,2024.02.02,00:00:00,43072.600000,43430.000000,43005.600000,43018.100000,26305.2440
BTCUSDT,2024.02.02,04:00:00,43018.000000,43262.900000,42926.400000,43076.000000,20847.0540
BTCUSDT,2024.02.02,08:00:00,43076.000000,43191.000000,42923.100000,43136.800000,20151.4390
BTCUSDT,2024.02.02,12:00:00,43136.900000,43250.000000,42512.700000,43222.900000,72050.2880
BTCUSDT,2024.02.02,16:00:00,43222.900000,43480.000000,42756.100000,43044.100000,50790.8830
BTCUSDT,2024.02.02,20:00:00,43044.200000,43221.000000,42877.000000,43182.000000,15622.6660
BTCUSDT,2024.02.03,00:00:00,43182.000000,43372.200000,43119.200000,43155.300000,17970.1130
BTCUSDT,2024.02.03,04:00:00,43155.300000,43207.000000,43017.000000,43037.100000,10385.2150
BTCUSDT,2024.02.03,08:00:00,43037.100000,43110.300000,42950.600000,42978.000000,13257.7670
BTCUSDT,2024.02.03,12:00:00,42977.900000,43181.300000,42858.300000,43097.400000,18618.5110
BTCUSDT,2024.02.03,16:00:00,43097.500000,43264.300000,43000.000000,43046.800000,20172.0480
BTCUSDT,2024.02.03,20:00:00,43046.800000,43088.000000,42925.900000,42992.400000,9331.5660
BTCUSDT,2024.02.04,00:00:00,42992.400000,43055.000000,42871.500000,43015.700000,9837.1140
BTCUSDT,2024.02.04,04:00:00,43015.700000,43018.700000,42702.400000,42822.900000,18170.1040
BTCUSDT,2024.02.04,08:00:00,42822.800000,43112.100000,42721.800000,43041.600000,18845.9250
BTCUSDT,2024.02.04,12:00:00,43041.600000,43104.900000,42820.100000,42926.700000,18482.5520
BTCUSDT,2024.02.04,16:00:00,42926.700000,42960.000000,42550.000000,42623.900000,23294.1540
BTCUSDT,2024.02.04,20:00:00,42623.900000,42977.200000,42176.700000,42570.300000,38791.6990
BTCUSDT,2024.02.05,00:00:00,42570.300000,42722.000000,42235.100000,42708.000000,27676.4860
BTCUSDT,2024.02.05,04:00:00,42707.900000,43168.400000,42622.800000,43059.000000,34225.1880
BTCUSDT,2024.02.05,08:00:00,43058.900000,43264.200000,42936.000000,43180.800000,30502.0170
BTCUSDT,2024.02.05,12:00:00,43180.800000,43580.000000,42580.000000,42629.700000,72798.1660
BTCUSDT,2024.02.05,16:00:00,42629.700000,42873.200000,42470.200000,42757.400000,40062.4660
BTCUSDT,2024.02.05,20:00:00,42757.400000,42789.100000,42311.200000,42692.900000,35391.2260
BTCUSDT,2024.02.06,00:00:00,42692.900000,42941.100000,42559.800000,42829.800000,24494.6200
BTCUSDT,2024.02.06,04:00:00,42829.900000,42911.000000,42634.100000,42870.000000,18799.0890
BTCUSDT,2024.02.06,08:00:00,42870.000000,43110.000000,42650.700000,42814.300000,44085.4110
BTCUSDT,2024.02.06,12:00:00,42814.300000,43266.400000,42631.000000,43232.000000,49858.0460
BTCUSDT,2024.02.06,16:00:00,43232.000000,43378.800000,42980.800000,43261.700000,39099.1220
BTCUSDT,2024.02.06,20:00:00,43261.700000,43312.300000,43000.200000,43079.100000,19821.3550
BTCUSDT,2024.02.07,00:00:00,43079.100000,43179.600000,42763.400000,42783.000000,20587.8820
BTCUSDT,2024.02.07,04:00:00,42783.100000,43035.700000,42775.000000,42904.800000,17271.0480
BTCUSDT,2024.02.07,08:00:00,42904.900000,43191.200000,42813.600000,42917.400000,26488.0980
BTCUSDT,2024.02.07,12:00:00,42917.300000,43314.900000,42864.800000,43057.800000,44451.1790
BTCUSDT,2024.02.07,16:00:00,43057.700000,43708.200000,42992.200000,43596.100000,65950.6290
BTCUSDT,2024.02.07,20:00:00,43596.200000,44388.000000,43596.100000,44326.200000,77308.8720
BTCUSDT,2024.02.08,00:00:00,44326.300000,44795.100000,44306.800000,44523.600000,57010.2720
BTCUSDT,2024.02.08,04:00:00,44523.500000,44618.800000,44405.000000,44500.800000,18349.1400
BTCUSDT,2024.02.08,08:00:00,44500.800000,44884.300000,44496.500000,44677.900000,40028.9870
BTCUSDT,2024.02.08,12:00:00,44677.900000,45450.000000,44580.400000,45406.300000,91951.6720
BTCUSDT,2024.02.08,16:00:00,45406.400000,45488.000000,44878.000000,45260.100000,56549.4040
BTCUSDT,2024.02.08,20:00:00,45260.200000,45600.000000,45200.000000,45269.100000,35848.8130
BTCUSDT,2024.02.09,00:00:00,45269.200000,46444.000000,45218.100000,46046.500000,72986.4290
BTCUSDT,2024.02.09,04:00:00,46046.500000,46424.400000,45830.100000,46185.100000,44347.5000
BTCUSDT,2024.02.09,08:00:00,46185.100000,47290.000000,46183.400000,47155.900000,92742.8990
BTCUSDT,2024.02.09,12:00:00,47155.900000,47699.500000,46638.600000,47136.900000,162167.1460
BTCUSDT,2024.02.09,16:00:00,47137.000000,48230.300000,47110.300000,47486.200000,110312.2650
BTCUSDT,2024.02.09,20:00:00,47486.300000,47671.700000,47020.100000,47116.100000,37363.1800
BTCUSDT,2024.02.10,00:00:00,47116.100000,47489.900000,47025.600000,47366.900000,24916.3100
BTCUSDT,2024.02.10,04:00:00,47366.900000,47418.300000,47125.000000,47130.500000,14281.1050
BTCUSDT,2024.02.10,08:00:00,47130.600000,47258.300000,46836.400000,47172.800000,34605.1760
BTCUSDT,2024.02.10,12:00:00,47172.700000,47377.000000,47083.800000,47332.000000,24261.1830
BTCUSDT,2024.02.10,16:00:00,47331.900000,47650.000000,47139.000000,47511.200000,26043.2070
BTCUSDT,2024.02.10,20:00:00,47511.300000,48189.600000,47436.900000,47732.600000,55519.6230
BTCUSDT,2024.02.11,00:00:00,47732.600000,48571.400000,47539.400000,48517.100000,49007.9050
BTCUSDT,2024.02.11,04:00:00,48517.600000,48600.000000,48048.200000,48169.600000,36963.8580
BTCUSDT,2024.02.11,08:00:00,48169.500000,48439.500000,47912.100000,48403.700000,29479.2770
BTCUSDT,2024.02.11,12:00:00,48403.700000,48469.300000,47914.100000,48140.800000,37614.0100
BTCUSDT,2024.02.11,16:00:00,48140.700000,48401.100000,47938.000000,48282.400000,30963.1580
BTCUSDT,2024.02.11,20:00:00,48282.300000,48379.900000,47961.000000,48303.400000,25923.4180
BTCUSDT,2024.02.12,00:00:00,48303.400000,48846.000000,48001.000000,48138.600000,52738.4290
BTCUSDT,2024.02.12,04:00:00,48138.700000,48389.600000,47702.000000,48213.000000,35030.4140
BTCUSDT,2024.02.12,08:00:00,48213.000000,48323.100000,47711.000000,47906.000000,37963.9760
BTCUSDT,2024.02.12,12:00:00,47905.900000,49965.300000,47841.600000,49925.400000,141835.9360
BTCUSDT,2024.02.12,16:00:00,49925.500000,50413.200000,49411.600000,49545.900000,135900.1540
BTCUSDT,2024.02.12,20:00:00,49545.900000,50293.900000,49545.800000,49943.600000,47426.2930
BTCUSDT,2024.02.13,00:00:00,49943.600000,50428.800000,49754.400000,49813.800000,40575.4670
BTCUSDT,2024.02.13,04:00:00,49813.900000,50143.600000,49810.000000,50019.900000,23299.6940
BTCUSDT,2024.02.13,08:00:00,50019.800000,50290.000000,49651.000000,50004.000000,47417.7180
BTCUSDT,2024.02.13,12:00:00,50003.900000,50009.300000,48356.000000,48753.100000,162559.4330
BTCUSDT,2024.02.13,16:00:00,48753.200000,49279.300000,48301.000000,49044.900000,68146.4650
BTCUSDT,2024.02.13,20:00:00,49045.000000,49783.500000,49016.200000,49696.400000,40349.3080
BTCUSDT,2024.02.14,00:00:00,49696.400000,49717.300000,49320.900000,49524.400000,20833.1120
BTCUSDT,2024.02.14,04:00:00,49524.500000,49900.000000,49215.700000,49845.000000,29061.9160
BTCUSDT,2024.02.14,08:00:00,49844.900000,51829.100000,49742.400000,51601.200000,146804.7560
BTCUSDT,2024.02.14,12:00:00,51601.100000,52100.000000,51302.000000,51616.400000,113215.9080
BTCUSDT,2024.02.14,16:00:00,51616.500000,51777.000000,51217.700000,51707.500000,56012.9260
BTCUSDT,2024.02.14,20:00:00,51707.500000,51924.700000,51483.000000,51823.200000,29263.1730
BTCUSDT,2024.02.15,00:00:00,51823.100000,52568.300000,51732.600000,52379.900000,75753.2340
BTCUSDT,2024.02.15,04:00:00,52379.900000,52400.100000,51651.000000,51802.400000,40228.8650
BTCUSDT,2024.02.15,08:00:00,51802.500000,52549.500000,51666.000000,52359.100000,46926.2410
BTCUSDT,2024.02.15,12:00:00,52359.000000,52859.000000,51750.000000,51968.700000,116996.8910
BTCUSDT,2024.02.15,16:00:00,51968.600000,52419.100000,51658.000000,52022.000000,62622.2890
BTCUSDT,2024.02.15,20:00:00,52022.100000,52035.300000,51334.900000,51898.500000,50197.0830
BTCUSDT,2024.02.16,00:00:00,51898.400000,52376.100000,51824.500000,52309.900000,31836.6170
BTCUSDT,2024.02.16,04:00:00,52309.800000,52372.600000,51758.000000,51786.400000,29981.2920
BTCUSDT,2024.02.16,08:00:00,51786.400000,52470.600000,51611.700000,52241.100000,50737.1580
BTCUSDT,2024.02.16,12:00:00,52241.200000,52623.000000,51623.200000,51909.300000,87726.0200
BTCUSDT,2024.02.16,16:00:00,51909.200000,52284.300000,51665.400000,51780.200000,40535.0440
BTCUSDT,2024.02.16,20:00:00,51780.200000,52245.100000,51697.300000,52148.600000,19003.6620
BTCUSDT,2024.02.17,00:00:00,52148.700000,52192.800000,51870.000000,51993.600000,12597.4470
BTCUSDT,2024.02.17,04:00:00,51993.600000,52093.200000,51811.000000,51933.900000,11156.3970
BTCUSDT,2024.02.17,08:00:00,51933.900000,51934.000000,51521.400000,51723.700000,35256.9190
BTCUSDT,2024.02.17,12:00:00,51723.700000,51777.000000,50647.500000,51013.400000,93063.8310
BTCUSDT,2024.02.17,16:00:00,51013.400000,51482.400000,50770.800000,51428.800000,32817.2440
BTCUSDT,2024.02.17,20:00:00,51428.200000,52109.000000,51331.000000,51679.400000,37450.1670
BTCUSDT,2024.02.18,00:00:00,51679.500000,51841.400000,51178.000000,51518.000000,27895.4910
BTCUSDT,2024.02.18,04:00:00,51518.000000,51785.200000,51435.100000,51703.700000,21066.9130
BTCUSDT,2024.02.18,08:00:00,51703.700000,52107.300000,51677.500000,51861.100000,28696.4650
BTCUSDT,2024.02.18,12:00:00,51861.100000,51985.900000,51563.300000,51808.900000,27165.8390
BTCUSDT,2024.02.18,16:00:00,51809.000000,52013.500000,51670.100000,51791.500000,20771.5900
BTCUSDT,2024.02.18,20:00:00,51791.600000,52450.000000,51616.500000,52175.900000,41040.1280
BTCUSDT,2024.02.19,00:00:00,52175.900000,52490.000000,51933.100000,52104.000000,25668.0510
BTCUSDT,2024.02.19,04:00:00,52104.000000,52532.900000,52023.400000,52423.900000,30265.9790
BTCUSDT,2024.02.19,08:00:00,52424.000000,52495.000000,52088.700000,52375.900000,30014.3080
BTCUSDT,2024.02.19,12:00:00,52375.900000,52509.100000,52051.000000,52157.500000,37244.5900
BTCUSDT,2024.02.19,16:00:00,52157.500000,52270.000000,51688.800000,51851.600000,49343.0400
BTCUSDT,2024.02.19,20:00:00,51851.600000,52148.600000,51722.000000,51813.800000,23852.0100
BTCUSDT,2024.02.20,00:00:00,51813.700000,51872.200000,51330.500000,51608.900000,35595.6720
BTCUSDT,2024.02.20,04:00:00,51608.800000,52077.000000,51533.100000,51869.200000,24747.8930
BTCUSDT,2024.02.20,08:00:00,51869.200000,52443.700000,51584.900000,52325.800000,54336.1220
BTCUSDT,2024.02.20,12:00:00,52325.900000,53090.900000,51367.600000,51712.700000,151276.0890
BTCUSDT,2024.02.20,16:00:00,51712.700000,52166.200000,50788.000000,52131.300000,82490.5560
BTCUSDT,2024.02.20,20:00:00,52131.200000,52561.800000,51918.000000,52297.400000,40466.7320
BTCUSDT,2024.02.21,00:00:00,52297.300000,52402.300000,52021.000000,52042.500000,18699.3870
BTCUSDT,2024.02.21,04:00:00,52042.400000,52155.100000,51510.000000,51599.900000,35816.3970
BTCUSDT,2024.02.21,08:00:00,51599.900000,51835.600000,50826.200000,50988.100000,71637.3920
BTCUSDT,2024.02.21,12:00:00,50988.200000,51468.000000,50528.400000,51183.700000,85217.8520
BTCUSDT,2024.02.21,16:00:00,51183.600000,51459.500000,50663.000000,51082.000000,52037.0790
BTCUSDT,2024.02.21,20:00:00,51081.900000,51991.200000,50884.300000,51877.800000,44719.1940
BTCUSDT,2024.02.22,00:00:00,51877.900000,51911.600000,51176.800000,51612.100000,31802.8920
BTCUSDT,2024.02.22,04:00:00,51612.100000,51949.100000,51376.700000,51860.600000,29514.5180
BTCUSDT,2024.02.22,08:00:00,51860.600000,52078.000000,51555.700000,51659.200000,38151.5340
BTCUSDT,2024.02.22,12:00:00,51659.100000,51766.000000,50967.500000,51630.000000,65259.7000
BTCUSDT,2024.02.22,16:00:00,51630.000000,51785.800000,51424.000000,51547.000000,29668.4920
BTCUSDT,2024.02.22,20:00:00,51546.900000,52130.800000,51203.700000,51316.900000,49747.5110
BTCUSDT,2024.02.23,00:00:00,51316.900000,51576.300000,50989.900000,51129.700000,28843.3940
BTCUSDT,2024.02.23,04:00:00,51129.800000,51352.600000,50900.200000,50952.300000,26692.6680
BTCUSDT,2024.02.23,08:00:00,50952.300000,51300.000000,50862.300000,51254.100000,33220.1810
BTCUSDT,2024.02.23,12:00:00,51254.100000,51372.300000,50804.400000,50938.100000,57952.0330
BTCUSDT,2024.02.23,16:00:00,50938.200000,51228.600000,50652.900000,51131.000000,40579.1720
BTCUSDT,2024.02.23,20:00:00,51130.900000,51187.600000,50512.700000,50771.900000,28187.1140
BTCUSDT,2024.02.24,00:00:00,50771.900000,50934.900000,50611.400000,50878.200000,19923.3190
BTCUSDT,2024.02.24,04:00:00,50878.200000,51133.300000,50856.100000,51099.800000,15404.6910
BTCUSDT,2024.02.24,08:00:00,51099.800000,51195.000000,50965.000000,51151.900000,11282.5920
BTCUSDT,2024.02.24,12:00:00,51151.800000,51204.200000,51053.300000,51124.600000,10274.8800
BTCUSDT,2024.02.24,16:00:00,51124.700000,51736.600000,51117.100000,51590.000000,35543.9630
BTCUSDT,2024.02.24,20:00:00,51589.900000,51712.500000,51474.400000,51602.100000,12515.0120
BTCUSDT,2024.02.25,00:00:00,51602.100000,51949.800000,51465.500000,51654.200000,23934.5750
BTCUSDT,2024.02.25,04:00:00,51654.100000,51853.200000,51530.300000,51756.800000,13597.9750
BTCUSDT,2024.02.25,08:00:00,51756.900000,51817.000000,51550.000000,51672.300000,13141.4890
BTCUSDT,2024.02.25,12:00:00,51672.300000,51828.400000,51465.000000,51547.800000,20815.5780
BTCUSDT,2024.02.25,16:00:00,51547.900000,51780.000000,51300.400000,51708.000000,24842.3820
BTCUSDT,2024.02.25,20:00:00,51707.900000,52050.000000,51681.300000,51764.900000,25845.2610
BTCUSDT,2024.02.26,00:00:00,51764.900000,51846.100000,51431.000000,51596.100000,17085.8100
BTCUSDT,2024.02.26,04:00:00,51596.100000,51645.000000,51320.000000,51327.500000,13813.2710
BTCUSDT,2024.02.26,08:00:00,51327.500000,51429.100000,50922.500000,51126.400000,38647.7040
BTCUSDT,2024.02.26,12:00:00,51126.300000,52885.500000,50990.000000,52872.300000,99983.0700
BTCUSDT,2024.02.26,16:00:00,52872.200000,54599.900000,52777.200000,54531.300000,155069.1100
BTCUSDT,2024.02.26,20:00:00,54531.200000,54991.800000,54321.000000,54511.600000,68867.2660
BTCUSDT,2024.02.27,00:00:00,54511.700000,57780.000000,54495.000000,55774.300000,144626.5610
BTCUSDT,2024.02.27,04:00:00,55773.100000,56497.000000,55655.000000,56100.000000,56194.9320
BTCUSDT,2024.02.27,08:00:00,56100.100000,56879.900000,56075.600000,56581.400000,49250.2790
BTCUSDT,2024.02.27,12:00:00,56581.400000,57494.300000,56501.900000,56775.000000,134488.8740
BTCUSDT,2024.02.27,16:00:00,56775.100000,57679.500000,56231.000000,57390.700000,85549.8120
BTCUSDT,2024.02.27,20:00:00,57390.700000,57415.400000,56625.300000,57074.500000,41365.0770
BTCUSDT,2024.02.28,00:00:00,57074.500000,57150.400000,56730.100000,56963.300000,19741.3590
BTCUSDT,2024.02.28,04:00:00,56963.300000,58472.800000,56932.200000,58300.000000,61816.0500
BTCUSDT,2024.02.28,08:00:00,58299.900000,59589.000000,58226.900000,58997.400000,171926.5920
BTCUSDT,2024.02.28,12:00:00,58997.400000,61437.400000,58940.800000,61000.000000,230822.9030
BTCUSDT,2024.02.28,16:00:00,61000.000000,64300.000000,59000.000000,61032.800000,422227.2000
BTCUSDT,2024.02.28,20:00:00,61032.800000,62710.000000,59840.500000,62487.900000,103584.3380
BTCUSDT,2024.02.29,00:00:00,62487.900000,62508.400000,61105.200000,61638.600000,67555.5830
BTCUSDT,2024.02.29,04:00:00,61638.600000,63762.800000,61408.300000,62761.500000,104934.0820
BTCUSDT,2024.02.29,08:00:00,62761.600000,63460.800000,62151.100000,63019.800000,74702.9020
BTCUSDT,2024.02.29,12:00:00,63019.800000,63599.900000,62050.000000,62809.100000,104765.1720
BTCUSDT,2024.02.29,16:00:00,62809.100000,62952.400000,60452.000000,61681.800000,150952.9860
BTCUSDT,2024.02.29,20:00:00,61681.700000,62345.700000,60619.700000,61203.300000,81803.1580
BTCUSDT,2024.03.01,00:00:00,61203.300000,61842.200000,60844.800000,61183.400000,34861.5750
BTCUSDT,2024.03.01,04:00:00,61183.400000,61856.700000,61135.000000,61485.800000,30538.8090
BTCUSDT,2024.03.01,08:00:00,61485.900000,62332.000000,61385.500000,61927.700000,41673.1530
BTCUSDT,2024.03.01,12:00:00,61927.700000,62750.000000,61200.000000,61335.300000,78663.8400
BTCUSDT,2024.03.01,16:00:00,61335.400000,62556.300000,61312.100000,62270.500000,54171.7730
BTCUSDT,2024.03.01,20:00:00,62270.500000,63199.000000,62270.500000,62430.600000,59322.6770
BTCUSDT,2024.03.02,00:00:00,62430.600000,62513.100000,62004.000000,62374.300000,28442.5540
BTCUSDT,2024.03.02,04:00:00,62374.400000,62380.000000,61820.000000,62071.900000,30783.2380
BTCUSDT,2024.03.02,08:00:00,62071.900000,62217.700000,61711.500000,61900.000000,28774.7110
BTCUSDT,2024.03.02,12:00:00,61900.000000,62248.200000,61605.000000,61834.500000,34361.1630
BTCUSDT,2024.03.02,16:00:00,61834.500000,62189.600000,61700.000000,62185.300000,16953.4470
BTCUSDT,2024.03.02,20:00:00,62185.300000,62276.600000,61720.000000,62039.900000,19968.5160
BTCUSDT,2024.03.03,00:00:00,62039.900000,62072.400000,61700.000000,61997.100000,15651.1370
BTCUSDT,2024.03.03,04:00:00,61997.100000,62181.200000,61339.500000,61641.000000,34331.8070
BTCUSDT,2024.03.03,08:00:00,61641.000000,61963.000000,61452.300000,61900.000000,24394.3360
BTCUSDT,2024.03.03,12:00:00,61900.000000,62720.000000,61885.600000,62210.700000,54827.9450
BTCUSDT,2024.03.03,16:00:00,62210.800000,63079.000000,62141.000000,62797.100000,39358.1890
BTCUSDT,2024.03.03,20:00:00,62797.100000,63330.900000,62639.000000,63178.500000,31749.0890
BTCUSDT,2024.03.04,00:00:00,63178.500000,64429.300000,62299.000000,63523.900000,106338.6100
BTCUSDT,2024.03.04,04:00:00,63524.000000,64390.200000,63249.100000,64120.600000,37940.6730
BTCUSDT,2024.03.04,08:00:00,64120.600000,65717.400000,64078.200000,65314.000000,115160.4240
BTCUSDT,2024.03.04,12:00:00,65313.900000,66666.600000,64566.300000,66505.400000,119953.8100
BTCUSDT,2024.03.04,16:00:00,66505.400000,67648.600000,66100.000000,67483.200000,139133.9230
BTCUSDT,2024.03.04,20:00:00,67483.200000,68600.000000,66813.100000,68296.400000,114354.7040
BTCUSDT,2024.03.05,00:00:00,68296.500000,68824.700000,67616.200000,68203.800000,79528.6780
BTCUSDT,2024.03.05,04:00:00,68203.700000,68484.500000,65021.100000,66223.800000,124817.2830
BTCUSDT,2024.03.05,08:00:00,66223.800000,67290.300000,65600.000000,66749.000000,71036.1140
BTCUSDT,2024.03.05,12:00:00,66749.100000,69350.000000,66484.000000,66841.300000,197493.7250
BTCUSDT,2024.03.05,16:00:00,66839.800000,67096.500000,59112.000000,61510.200000,379422.2840
BTCUSDT,2024.03.05,20:00:00,61497.300000,64393.900000,61202.300000,63747.400000,200727.0480
BTCUSDT,2024.03.06,00:00:00,63747.500000,64186.000000,62829.300000,63323.600000,54565.2370
BTCUSDT,2024.03.06,04:00:00,63323.600000,66846.600000,63313.300000,66759.400000,108137.7730
BTCUSDT,2024.03.06,08:00:00,66759.300000,67729.500000,66117.400000,67383.900000,94868.2050
BTCUSDT,2024.03.06,12:00:00,67383.900000,67689.800000,64615.500000,66541.300000,173035.0070
BTCUSDT,2024.03.06,16:00:00,66541.300000,67570.000000,66275.000000,66803.500000,63884.7680
BTCUSDT,2024.03.06,20:00:00,66803.500000,67425.200000,65750.600000,66128.100000,39520.8230
BTCUSDT,2024.03.07,00:00:00,66128.000000,66539.000000,65609.300000,65914.900000,35529.3640
BTCUSDT,2024.03.07,04:00:00,65915.000000,66536.100000,65702.800000,66447.800000,35034.8100
BTCUSDT,2024.03.07,08:00:00,66447.800000,67350.000000,66404.200000,66974.900000,48238.4100
BTCUSDT,2024.03.07,12:00:00,66975.000000,67994.000000,66588.000000,67317.100000,84112.5930
BTCUSDT,2024.03.07,16:00:00,67317.200000,68101.300000,67068.500000,67559.300000,56791.6110
BTCUSDT,2024.03.07,20:00:00,67559.400000,67974.800000,66852.100000,66870.000000,36386.0000
BTCUSDT,2024.03.08,00:00:00,66870.000000,67339.600000,66800.000000,67219.900000,23836.8520
BTCUSDT,2024.03.08,04:00:00,67220.000000,67719.300000,66818.100000,67308.500000,27850.4180
BTCUSDT,2024.03.08,08:00:00,67308.500000,67838.000000,67093.000000,67822.000000,27365.4790
BTCUSDT,2024.03.08,12:00:00,67821.500000,70330.800000,67219.400000,67685.800000,168389.2850
BTCUSDT,2024.03.08,16:00:00,67685.800000,68922.000000,66120.000000,68922.000000,152017.8820
BTCUSDT,2024.03.08,20:00:00,68921.900000,69447.000000,67820.000000,68180.200000,59927.2910
BTCUSDT,2024.03.09,00:00:00,68180.200000,68343.900000,67908.700000,68297.100000,17481.3100
BTCUSDT,2024.03.09,04:00:00,68297.200000,68608.700000,68179.300000,68336.300000,15255.7020
BTCUSDT,2024.03.09,08:00:00,68336.300000,68530.500000,67996.000000,68360.300000,22150.2920
BTCUSDT,2024.03.09,12:00:00,68360.300000,68580.000000,68125.400000,68341.600000,18353.7120
BTCUSDT,2024.03.09,16:00:00,68341.500000,68391.800000,68050.000000,68255.000000,12015.2490
BTCUSDT,2024.03.09,20:00:00,68255.000000,68497.800000,68254.900000,68360.100000,9642.7400
BTCUSDT,2024.03.10,00:00:00,68360.200000,69344.000000,68262.500000,69208.100000,44236.8170
BTCUSDT,2024.03.10,04:00:00,69208.000000,69780.000000,69099.100000,69430.000000,30333.5590
BTCUSDT,2024.03.10,08:00:00,69429.900000,69999.800000,69227.300000,69639.500000,47002.3810
BTCUSDT,2024.03.10,12:00:00,69639.600000,69937.700000,68672.900000,69254.700000,50095.1290
BTCUSDT,2024.03.10,16:00:00,69254.600000,69845.900000,69168.900000,69465.000000,23895.1980
BTCUSDT,2024.03.10,20:00:00,69465.100000,69522.700000,68155.000000,69001.800000,38033.4390
BTCUSDT,2024.03.11,00:00:00,69001.800000,69016.300000,67000.000000,68657.400000,69458.2960
BTCUSDT,2024.03.11,04:00:00,68657.400000,71537.700000,68502.400000,71223.800000,114734.5820
BTCUSDT,2024.03.11,08:00:00,71223.900000,72346.300000,71211.500000,71558.600000,97544.4810
BTCUSDT,2024.03.11,12:00:00,71558.600000,72772.500000,71405.200000,72061.400000,98754.8230
BTCUSDT,2024.03.11,16:00:00,72061.300000,72890.000000,71800.000000,72041.300000,63972.1690
BTCUSDT,2024.03.11,20:00:00,72041.300000,72850.000000,71884.700000,72153.800000,29932.5460
BTCUSDT,2024.03.12,00:00:00,72153.900000,72571.000000,71300.000000,71673.400000,37698.8040
BTCUSDT,2024.03.12,04:00:00,71673.300000,72425.000000,71342.000000,72175.500000,45975.9450
BTCUSDT,2024.03.12,08:00:00,72175.600000,72461.400000,71438.500000,72098.700000,39679.0870
BTCUSDT,2024.03.12,12:00:00,72098.700000,73370.000000,70777.700000,71779.200000,129025.7020
BTCUSDT,2024.03.12,16:00:00,71779.200000,71910.000000,68600.000000,71403.100000,182962.5020
BTCUSDT,2024.03.12,20:00:00,71403.000000,71623.300000,70623.800000,71503.200000,36730.2910
BTCUSDT,2024.03.13,00:00:00,71503.300000,72300.000000,71388.100000,72135.800000,30308.0140
BTCUSDT,2024.03.13,04:00:00,72135.800000,73311.700000,71990.000000,72964.000000,48978.9290
BTCUSDT,2024.03.13,08:00:00,72964.100000,73755.000000,72934.100000,73149.900000,50161.3270
BTCUSDT,2024.03.13,12:00:00,73149.800000,73276.900000,71671.100000,72670.200000,97371.4570
BTCUSDT,2024.03.13,16:00:00,72670.200000,73421.600000,72410.600000,73399.900000,39746.7750
BTCUSDT,2024.03.13,20:00:00,73399.900000,73485.100000,72883.200000,73127.600000,21879.8360
BTCUSDT,2024.03.14,00:00:00,73127.600000,73385.000000,72540.500000,73333.300000,26763.2740
BTCUSDT,2024.03.14,04:00:00,73333.300000,73881.400000,72720.000000,73280.700000,54976.3160
BTCUSDT,2024.03.14,08:00:00,73280.700000,73598.000000,72678.000000,72939.400000,34164.1140
BTCUSDT,2024.03.14,12:00:00,72939.400000,73115.500000,70563.000000,70904.500000,145808.7190
BTCUSDT,2024.03.14,16:00:00,70904.500000,71548.000000,68600.000000,69500.400000,179635.4640
BTCUSDT,2024.03.14,20:00:00,69500.400000,71785.000000,69392.100000,71455.500000,72553.3500
BTCUSDT,2024.03.15,00:00:00,71455.600000,72500.000000,66660.100000,68266.000000,183221.8430
BTCUSDT,2024.03.15,04:00:00,68266.000000,68910.500000,66905.000000,68487.400000,112860.5060
BTCUSDT,2024.03.15,08:00:00,68487.400000,68665.500000,65580.000000,67818.300000,161336.0260
BTCUSDT,2024.03.15,12:00:00,67818.300000,68777.000000,67444.900000,68199.200000,74867.5680
BTCUSDT,2024.03.15,16:00:00,68199.200000,70715.900000,67568.000000,69003.000000,108426.1440
BTCUSDT,2024.03.15,20:00:00,69002.900000,69813.600000,67420.000000,69552.200000,65098.5980
BTCUSDT,2024.03.16,00:00:00,69552.100000,70097.600000,68967.100000,69247.600000,36440.3780
BTCUSDT,2024.03.16,04:00:00,69247.600000,69527.600000,68646.000000,69490.200000,25526.9240
BTCUSDT,2024.03.16,08:00:00,69490.200000,69490.200000,67739.600000,68300.100000,43345.5930
BTCUSDT,2024.03.16,12:00:00,68300.000000,68557.600000,67576.000000,68431.800000,47936.8520
BTCUSDT,2024.03.16,16:00:00,68431.900000,68477.000000,66700.000000,66969.100000,75874.4020
BTCUSDT,2024.03.16,20:00:00,66969.100000,67600.000000,64750.000000,65351.000000,104301.9800
BTCUSDT,2024.03.17,00:00:00,65351.000000,66630.700000,65166.600000,66574.400000,54153.2230
BTCUSDT,2024.03.17,04:00:00,66574.500000,66600.000000,64559.800000,65681.200000,70177.0780
BTCUSDT,2024.03.17,08:00:00,65681.100000,67600.000000,65333.000000,67015.000000,66619.3010
BTCUSDT,2024.03.17,12:00:00,67014.900000,68199.000000,66500.000000,68009.800000,57971.8210
BTCUSDT,2024.03.17,16:00:00,68009.900000,68757.100000,67812.200000,68575.500000,36619.5080
BTCUSDT,2024.03.17,20:00:00,68575.500000,68972.400000,68001.600000,68447.900000,29349.3780
BTCUSDT,2024.03.18,00:00:00,68447.900000,68486.600000,66814.600000,68038.100000,53949.7440
BTCUSDT,2024.03.18,04:00:00,68038.100000,69044.400000,67760.100000,68262.900000,37297.9250
BTCUSDT,2024.03.18,08:00:00,68262.900000,68557.900000,67350.600000,68307.700000,45501.8170
BTCUSDT,2024.03.18,12:00:00,68307.600000,68685.300000,66658.000000,67509.200000,93123.9280
BTCUSDT,2024.03.18,16:00:00,67509.200000,68140.000000,66601.600000,66985.700000,60098.5130
BTCUSDT,2024.03.18,20:00:00,66985.800000,68054.900000,66985.800000,67660.000000,27913.9890
BTCUSDT,2024.03.19,00:00:00,67660.000000,68178.600000,64893.100000,65930.500000,118043.8700
BTCUSDT,2024.03.19,04:00:00,65930.400000,66044.000000,63625.000000,64742.100000,114699.6380
BTCUSDT,2024.03.19,08:00:00,64742.100000,64750.000000,62545.000000,63137.100000,148646.1910
BTCUSDT,2024.03.19,12:00:00,63137.100000,64198.700000,62412.100000,64084.000000,120209.9880
BTCUSDT,2024.03.19,16:00:00,64084.100000,65802.800000,64003.000000,64435.000000,107528.5170
BTCUSDT,2024.03.19,20:00:00,64435.000000,64549.200000,61582.800000,61974.100000,91338.5910
BTCUSDT,2024.03.20,00:00:00,61974.100000,63544.100000,61661.700000,61894.800000,101026.8970
BTCUSDT,2024.03.20,04:00:00,61896.300000,63248.800000,60800.000000,62995.100000,111380.6290
BTCUSDT,2024.03.20,08:00:00,62995.100000,64010.000000,62676.600000,63432.000000,70517.1390
BTCUSDT,2024.03.20,12:00:00,63432.000000,64450.000000,63113.600000,63649.000000,93735.6740
BTCUSDT,2024.03.20,16:00:00,63648.900000,66062.400000,62057.700000,65821.600000,160980.9640
BTCUSDT,2024.03.20,20:00:00,65821.600000,68140.000000,65692.300000,67876.400000,99721.1620
BTCUSDT,2024.03.21,00:00:00,67876.400000,68293.900000,66400.400000,66707.800000,56126.9710
BTCUSDT,2024.03.21,04:00:00,66707.800000,67384.600000,66129.000000,67031.800000,51815.6440
BTCUSDT,2024.03.21,08:00:00,67031.800000,67716.600000,66695.600000,67082.300000,40706.8160
BTCUSDT,2024.03.21,12:00:00,67082.300000,67774.300000,66105.800000,66601.600000,72640.9970
BTCUSDT,2024.03.21,16:00:00,66601.600000,67066.600000,64924.600000,65276.000000,75882.4980
BTCUSDT,2024.03.21,20:00:00,65274.300000,66000.000000,64550.100000,65539.900000,50045.4590
BTCUSDT,2024.03.22,00:00:00,65539.900000,66200.000000,65163.000000,66017.800000,39257.3010
BTCUSDT,2024.03.22,04:00:00,66017.800000,66691.900000,65801.400000,66223.400000,28624.1530
BTCUSDT,2024.03.22,08:00:00,66223.300000,66413.000000,64102.000000,64268.000000,64282.8560
BTCUSDT,2024.03.22,12:00:00,64268.100000,64729.100000,62614.500000,63920.000000,142184.8330
BTCUSDT,2024.03.22,16:00:00,63920.000000,64168.000000,62794.600000,63907.200000,67901.6380
BTCUSDT,2024.03.22,20:00:00,63907.400000,64017.100000,62294.000000,63826.000000,58898.5520
BTCUSDT,2024.03.23,00:00:00,63826.100000,64418.000000,63020.200000,63592.000000,45171.8620
BTCUSDT,2024.03.23,04:00:00,63592.000000,64887.600000,63537.800000,64606.500000,38575.3560
BTCUSDT,2024.03.23,08:00:00,64606.600000,64875.200000,64221.300000,64674.900000,30575.5750
BTCUSDT,2024.03.23,12:00:00,64674.800000,65473.800000,64320.000000,65147.500000,50015.0880
BTCUSDT,2024.03.23,16:00:00,65147.400000,66050.000000,64823.500000,64917.900000,46298.2470
BTCUSDT,2024.03.23,20:00:00,64918.000000,65245.300000,63861.900000,64020.300000,28487.8720
BTCUSDT,2024.03.24,00:00:00,64020.400000,64770.300000,63951.700000,64007.600000,26955.5830
BTCUSDT,2024.03.24,04:00:00,64008.100000,64633.600000,63822.000000,64624.600000,26527.0850
BTCUSDT,2024.03.24,08:00:00,64624.600000,65432.900000,64511.900000,65371.900000,38847.0420
BTCUSDT,2024.03.24,12:00:00,65371.900000,65974.700000,65224.700000,65718.600000,42167.2690
BTCUSDT,2024.03.24,16:00:00,65718.600000,66127.000000,64635.000000,65886.800000,54566.4130
BTCUSDT,2024.03.24,20:00:00,65886.800000,67700.000000,65777.300000,67260.900000,55116.0430
BTCUSDT,2024.03.25,00:00:00,67260.900000,67409.600000,66427.600000,67407.800000,38631.7420
BTCUSDT,2024.03.25,04:00:00,67407.800000,67780.000000,66744.000000,66866.600000,38989.0570
BTCUSDT,2024.03.25,08:00:00,66866.500000,67388.300000,66784.200000,66855.900000,29696.4020
BTCUSDT,2024.03.25,12:00:00,66855.100000,70108.100000,66825.500000,69844.600000,140201.9210
BTCUSDT,2024.03.25,16:00:00,69844.500000,71063.600000,69505.800000,71019.600000,87615.0270
BTCUSDT,2024.03.25,20:00:00,71019.600000,71228.300000,69608.900000,69920.500000,60022.0420
BTCUSDT,2024.03.26,00:00:00,69920.600000,70679.000000,69782.200000,70473.800000,30683.1770
BTCUSDT,2024.03.26,04:00:00,70473.700000,71649.000000,70302.400000,70535.000000,50356.2800
BTCUSDT,2024.03.26,08:00:00,70535.000000,71340.800000,70295.900000,70734.200000,44137.2680
BTCUSDT,2024.03.26,12:00:00,70734.100000,71200.000000,69320.000000,70307.100000,101981.5950
BTCUSDT,2024.03.26,16:00:00,70307.000000,70580.000000,69465.200000,69523.300000,54669.9990
BTCUSDT,2024.03.26,20:00:00,69523.200000,70368.000000,69420.000000,70044.100000,26032.7970
BTCUSDT,2024.03.27,00:00:00,70044.200000,70799.300000,69888.000000,70445.100000,35628.4220
BTCUSDT,2024.03.27,04:00:00,70445.200000,70650.000000,69690.100000,69798.800000,31346.5000
BTCUSDT,2024.03.27,08:00:00,69797.500000,70436.600000,69466.400000,70290.300000,38869.0950
BTCUSDT,2024.03.27,12:00:00,70290.200000,71888.000000,68551.000000,68922.000000,202602.1580
BTCUSDT,2024.03.27,16:00:00,68922.100000,69487.800000,68364.800000,68707.800000,69700.9500
BTCUSDT,2024.03.27,20:00:00,68707.700000,69703.700000,68677.200000,69532.600000,29139.4490
BTCUSDT,2024.03.28,00:00:00,69532.600000,70081.900000,68941.000000,69349.300000,31861.7460
BTCUSDT,2024.03.28,04:00:00,69349.300000,70564.000000,69333.000000,70456.800000,37488.5070
BTCUSDT,2024.03.28,08:00:00,70457.000000,71050.000000,70344.900000,70707.700000,42713.4790
BTCUSDT,2024.03.28,12:00:00,70707.700000,71636.200000,70411.000000,71335.100000,78369.5440
BTCUSDT,2024.03.28,16:00:00,71335.200000,71381.400000,70455.600000,70837.100000,33522.1260
BTCUSDT,2024.03.28,20:00:00,70837.100000,71138.000000,70592.300000,70838.700000,18015.4200
BTCUSDT,2024.03.29,00:00:00,70838.800000,70976.900000,70335.100000,70491.800000,18384.6350
BTCUSDT,2024.03.29,04:00:00,70491.700000,70598.500000,69801.900000,69855.600000,30990.0970
BTCUSDT,2024.03.29,08:00:00,69855.600000,70379.900000,69612.800000,70182.900000,36337.2110
BTCUSDT,2024.03.29,12:00:00,70183.000000,70704.800000,69000.000000,69240.100000,60730.3860
BTCUSDT,2024.03.29,16:00:00,69240.400000,69734.600000,69125.400000,69720.600000,26131.2500
BTCUSDT,2024.03.29,20:00:00,69720.500000,69970.100000,69327.000000,69903.600000,15397.2620
BTCUSDT,2024.03.30,00:00:00,69903.600000,70245.000000,69753.300000,69836.800000,17158.8790
BTCUSDT,2024.03.30,04:00:00,69836.800000,70388.000000,69805.100000,69900.100000,18320.3990
BTCUSDT,2024.03.30,08:00:00,69900.200000,70254.700000,69872.300000,70237.100000,14184.5290
BTCUSDT,2024.03.30,12:00:00,70237.100000,70328.000000,69961.300000,70064.900000,13327.5900
BTCUSDT,2024.03.30,16:00:00,70065.000000,70373.800000,69712.300000,69944.700000,16241.6500
BTCUSDT,2024.03.30,20:00:00,69944.700000,69959.000000,69577.200000,69642.100000,11893.7030
BTCUSDT,2024.03.31,00:00:00,69642.000000,70224.200000,69608.000000,69980.800000,16822.2230
BTCUSDT,2024.03.31,04:00:00,69980.900000,70555.600000,69928.000000,70366.500000,19570.1800
BTCUSDT,2024.03.31,08:00:00,70367.500000,70549.500000,70200.000000,70442.600000,12809.7610
BTCUSDT,2024.03.31,12:00:00,70442.600000,70824.000000,70329.600000,70446.200000,25610.0540
BTCUSDT,2024.03.31,16:00:00,70446.200000,71383.200000,70387.800000,71135.100000,33030.2600
BTCUSDT,2024.03.31,20:00:00,71135.100000,71495.500000,70711.000000,71363.000000,24616.3120
BTCUSDT,2024.04.01,00:00:00,71363.000000,71388.000000,70588.000000,70650.100000,21815.3230
BTCUSDT,2024.04.01,04:00:00,70650.000000,70727.200000,68895.500000,69637.000000,70969.1240
BTCUSDT,2024.04.01,08:00:00,69637.000000,69868.900000,69222.000000,69520.400000,29105.4200
BTCUSDT,2024.04.01,12:00:00,69520.400000,70145.000000,68210.000000,68281.000000,83634.1030
BTCUSDT,2024.04.01,16:00:00,68280.900000,69866.100000,68103.300000,69682.100000,53164.1490
BTCUSDT,2024.04.01,20:00:00,69682.200000,69949.000000,69361.000000,69700.000000,24124.0070
BTCUSDT,2024.04.02,00:00:00,69700.000000,69731.600000,65600.000000,66734.100000,118225.3110
BTCUSDT,2024.04.02,04:00:00,66734.100000,67157.000000,66150.000000,66503.300000,55086.3160
BTCUSDT,2024.04.02,08:00:00,66503.400000,66748.000000,65108.000000,65684.200000,101124.8890
BTCUSDT,2024.04.02,12:00:00,65684.200000,66289.000000,64650.000000,64928.300000,121001.8460
BTCUSDT,2024.04.02,16:00:00,64928.200000,66225.200000,64603.200000,65946.800000,70323.3380
BTCUSDT,2024.04.02,20:00:00,65946.800000,66147.100000,65223.300000,65505.300000,33279.8720
BTCUSDT,2024.04.03,00:00:00,65502.400000,66341.800000,64500.000000,66252.200000,60445.9560
BTCUSDT,2024.04.03,04:00:00,66252.200000,66550.000000,65955.000000,66181.100000,31478.1470
BTCUSDT,2024.04.03,08:00:00,66181.200000,66696.500000,65555.000000,66094.300000,47333.7980
BTCUSDT,2024.04.03,12:00:00,66094.200000,66940.000000,65661.000000,65873.900000,67186.6650
BTCUSDT,2024.04.03,16:00:00,65873.900000,66624.000000,65451.100000,65798.800000,45312.0200
BTCUSDT,2024.04.03,20:00:00,65798.800000,66324.000000,65500.100000,65971.900000,23284.6440
BTCUSDT,2024.04.04,00:00:00,65971.800000,66375.800000,65451.300000,65637.200000,30274.0720
BTCUSDT,2024.04.04,04:00:00,65637.200000,66307.000000,65100.000000,66104.800000,39140.4860
BTCUSDT,2024.04.04,08:00:00,66104.700000,66500.000000,66036.000000,66361.500000,24461.3470
BTCUSDT,2024.04.04,12:00:00,66361.500000,67916.000000,66336.600000,67631.800000,75527.2150
BTCUSDT,2024.04.04,16:00:00,67631.700000,69329.700000,67514.700000,68484.000000,97105.5410
BTCUSDT,2024.04.04,20:00:00,68483.900000,68581.000000,67291.300000,68489.900000,59876.6770
BTCUSDT,2024.04.05,00:00:00,68489.800000,68787.100000,67420.200000,67885.400000,37413.8870
BTCUSDT,2024.04.05,04:00:00,67885.500000,68051.400000,66376.000000,66937.400000,50688.3260
BTCUSDT,2024.04.05,08:00:00,66937.400000,67700.000000,66388.400000,66502.800000,56234.5460
BTCUSDT,2024.04.05,12:00:00,66502.800000,68585.900000,65966.000000,68201.500000,110822.8130
BTCUSDT,2024.04.05,16:00:00,68200.000000,68388.100000,67326.600000,67400.000000,41415.2680
BTCUSDT,2024.04.05,20:00:00,67400.000000,67977.000000,67333.300000,67825.700000,16972.4530
BTCUSDT,2024.04.06,00:00:00,67825.800000,68074.800000,67450.000000,67793.300000,18480.4220
BTCUSDT,2024.04.06,04:00:00,67793.400000,68240.100000,67601.000000,67985.100000,17391.7040
BTCUSDT,2024.04.06,08:00:00,67985.100000,68129.000000,67610.000000,67655.000000,15249.2450
BTCUSDT,2024.04.06,12:00:00,67654.900000,68320.000000,67525.000000,68094.000000,21939.2420
BTCUSDT,2024.04.06,16:00:00,68094.000000,68490.100000,67923.400000,68259.500000,18317.9580
BTCUSDT,2024.04.06,20:00:00,68259.400000,69708.000000,68158.500000,68901.600000,35965.1550
BTCUSDT,2024.04.07,00:00:00,68901.500000,69800.000000,68820.600000,69402.100000,30693.3660
BTCUSDT,2024.04.07,04:00:00,69402.200000,69499.500000,69055.100000,69367.400000,17331.8560
BTCUSDT,2024.04.07,08:00:00,69367.300000,69579.200000,69198.300000,69366.100000,15464.2630
BTCUSDT,2024.04.07,12:00:00,69366.200000,69921.300000,69215.100000,69567.900000,33660.1420
BTCUSDT,2024.04.07,16:00:00,69567.900000,70395.000000,68881.300000,69089.900000,54047.4100
BTCUSDT,2024.04.07,20:00:00,69090.000000,69492.900000,68900.900000,69362.700000,20586.3990
BTCUSDT,2024.04.08,00:00:00,69362.700000,69898.000000,69040.400000,69484.900000,26553.4970
BTCUSDT,2024.04.08,04:00:00,69485.000000,70917.000000,69296.600000,70745.400000,40704.2210
BTCUSDT,2024.04.08,08:00:00,70745.400000,72753.600000,70677.600000,72472.600000,110069.5260
BTCUSDT,2024.04.08,12:00:00,72472.600000,72890.400000,71276.000000,71815.700000,70417.4380
BTCUSDT,2024.04.08,16:00:00,71815.700000,72171.600000,71338.300000,71807.200000,34303.6100
BTCUSDT,2024.04.08,20:00:00,71807.300000,72077.300000,71552.500000,71678.400000,15189.1570
BTCUSDT,2024.04.09,00:00:00,71678.300000,71820.600000,70900.000000,71339.000000,33623.3570
BTCUSDT,2024.04.09,04:00:00,71339.000000,71399.900000,70160.000000,70444.000000,48492.7650
BTCUSDT,2024.04.09,08:00:00,70444.100000,70961.000000,69536.800000,70858.300000,66018.3680
BTCUSDT,2024.04.09,12:00:00,70858.200000,71048.300000,68538.000000,69322.800000,113450.1950
BTCUSDT,2024.04.09,16:00:00,69322.800000,69369.900000,68216.000000,69049.700000,54110.6380
BTCUSDT,2024.04.09,20:00:00,69049.600000,69473.400000,68913.200000,69189.300000,18364.0800
BTCUSDT,2024.04.10,00:00:00,69189.200000,69650.000000,68514.000000,69193.100000,38460.2660
BTCUSDT,2024.04.10,04:00:00,69193.200000,69564.000000,69049.000000,69381.600000,19061.1430
BTCUSDT,2024.04.10,08:00:00,69381.600000,69381.600000,68662.700000,69094.700000,32864.2500
BTCUSDT,2024.04.10,12:00:00,69094.800000,69275.100000,67546.200000,68687.900000,125630.7170
BTCUSDT,2024.04.10,16:00:00,68688.000000,70130.000000,68585.000000,70121.000000,71230.0630
BTCUSDT,2024.04.10,20:00:00,70120.300000,71412.200000,69613.400000,70681.700000,50528.3170
BTCUSDT,2024.04.11,00:00:00,70681.800000,71128.800000,70340.000000,70900.500000,25776.2520
BTCUSDT,2024.04.11,04:00:00,70900.500000,71387.400000,70421.000000,70789.100000,32669.6240
BTCUSDT,2024.04.11,08:00:00,70789.100000,71337.800000,69921.100000,70043.300000,45863.8760
BTCUSDT,2024.04.11,12:00:00,70043.400000,71160.000000,69592.600000,70045.900000,96654.8640
BTCUSDT,2024.04.11,16:00:00,70045.900000,70577.700000,69608.100000,70491.400000,34983.2420
BTCUSDT,2024.04.11,20:00:00,70491.300000,70806.400000,69800.000000,70055.700000,20246.2950
BTCUSDT,2024.04.12,00:00:00,70055.600000,71071.400000,70044.400000,71034.300000,28772.5220
BTCUSDT,2024.04.12,04:00:00,71034.300000,71297.000000,70633.600000,70825.900000,25196.3690
BTCUSDT,2024.04.12,08:00:00,70825.900000,71038.900000,70552.900000,70950.900000,21288.0380
BTCUSDT,2024.04.12,12:00:00,70950.900000,71028.000000,69267.000000,69374.100000,82025.3670
BTCUSDT,2024.04.12,16:00:00,69374.000000,69626.700000,65102.000000,66867.500000,220063.1100
BTCUSDT,2024.04.12,20:00:00,66867.600000,67498.700000,66695.100000,67136.400000,38182.7430
BTCUSDT,2024.04.13,00:00:00,67136.400000,67200.000000,65754.600000,67188.400000,55177.3020
BTCUSDT,2024.04.13,04:00:00,67188.500000,67975.400000,67039.300000,67466.100000,42109.7130
BTCUSDT,2024.04.13,08:00:00,67466.100000,67842.900000,67116.900000,67377.000000,23444.7830
BTCUSDT,2024.04.13,12:00:00,67377.100000,67954.000000,67175.000000,67683.200000,29542.4220
BTCUSDT,2024.04.13,16:00:00,67683.200000,67770.000000,63530.000000,64779.100000,107653.0800
BTCUSDT,2024.04.13,20:00:00,64779.100000,65667.700000,59652.500000,63939.700000,257077.9030
BTCUSDT,2024.04.14,00:00:00,63939.700000,64297.100000,62139.300000,63428.700000,88650.0390
BTCUSDT,2024.04.14,04:00:00,63428.500000,64869.000000,63383.300000,64449.900000,50112.4470
BTCUSDT,2024.04.14,08:00:00,64449.900000,64891.600000,63850.000000,64150.200000,40232.4750
BTCUSDT,2024.04.14,12:00:00,64150.200000,64846.100000,63428.600000,64163.300000,59925.3630
BTCUSDT,2024.04.14,16:00:00,64163.300000,64733.000000,62550.000000,64146.000000,92113.2320
BTCUSDT,2024.04.14,20:00:00,64146.000000,65822.100000,63300.000000,65615.900000,64736.5770
BTCUSDT,2024.04.15,00:00:00,65615.900000,65842.800000,64903.100000,65107.900000,35393.5430
BTCUSDT,2024.04.15,04:00:00,65108.000000,66550.000000,64649.200000,66224.800000,53589.2630
BTCUSDT,2024.04.15,08:00:00,66224.900000,66874.900000,65801.000000,65848.600000,41279.8810
BTCUSDT,2024.04.15,12:00:00,65848.600000,66369.700000,63800.000000,64552.800000,94952.1650
BTCUSDT,2024.04.15,16:00:00,64552.600000,64848.800000,62242.500000,63269.900000,113636.2790
BTCUSDT,2024.04.15,20:00:00,63269.900000,63610.300000,62606.000000,63392.700000,42681.0940
BTCUSDT,2024.04.16,00:00:00,63392.800000,63879.600000,62711.000000,62937.600000,43701.6690
BTCUSDT,2024.04.16,04:00:00,62937.600000,63786.300000,61651.800000,63487.900000,68412.5640
BTCUSDT,2024.04.16,08:00:00,63488.000000,63646.900000,61521.000000,63064.600000,80931.5790
BTCUSDT,2024.04.16,12:00:00,63064.600000,63399.700000,61704.700000,61749.200000,98458.3700
BTCUSDT,2024.04.16,16:00:00,61749.200000,63277.100000,61680.000000,62691.000000,73768.7510
BTCUSDT,2024.04.16,20:00:00,62690.900000,64356.300000,62519.300000,63765.000000,40658.5060
BTCUSDT,2024.04.17,00:00:00,63764.900000,64283.300000,63541.700000,63806.000000,28336.9770
BTCUSDT,2024.04.17,04:00:00,63806.100000,64483.300000,63170.500000,63260.800000,36161.1760
BTCUSDT,2024.04.17,08:00:00,63260.700000,63562.700000,62490.000000,62576.900000,41805.8350
BTCUSDT,2024.04.17,12:00:00,62576.800000,62957.200000,59713.200000,60272.000000,180202.5940
BTCUSDT,2024.04.17,16:00:00,60274.000000,61938.000000,59625.000000,60997.200000,122038.4040
BTCUSDT,2024.04.17,20:00:00,60997.100000,61743.700000,60741.300000,61254.500000,35488.0060
BTCUSDT,2024.04.18,00:00:00,61254.500000,62194.800000,60900.000000,61953.500000,39391.2800
BTCUSDT,2024.04.18,04:00:00,61953.600000,62048.000000,60763.800000,61154.700000,45077.1190
BTCUSDT,2024.04.18,08:00:00,61154.600000,63049.900000,60824.200000,62563.000000,60982.5130
BTCUSDT,2024.04.18,12:00:00,62563.000000,64100.000000,61558.000000,63474.000000,118803.7730
BTCUSDT,2024.04.18,16:00:00,63473.900000,63857.500000,62268.400000,63438.000000,68984.1160
BTCUSDT,2024.04.18,20:00:00,63437.300000,63815.600000,63123.300000,63445.000000,30063.5930
BTCUSDT,2024.04.19,00:00:00,63445.000000,63449.900000,59541.000000,61757.100000,162327.2110
BTCUSDT,2024.04.19,04:00:00,61757.100000,65189.000000,61701.300000,64519.600000,132400.6250
BTCUSDT,2024.04.19,08:00:00,64519.500000,65480.000000,64088.100000,64839.800000,79968.5680
BTCUSDT,2024.04.19,12:00:00,64839.800000,65420.500000,63779.700000,64417.700000,83821.5820
BTCUSDT,2024.04.19,16:00:00,64417.600000,64823.600000,63477.500000,64307.200000,67738.5320
BTCUSDT,2024.04.19,20:00:00,64307.200000,64478.800000,62910.000000,63787.400000,48007.5400
BTCUSDT,2024.04.20,00:00:00,63787.400000,64236.200000,63045.100000,63931.800000,41252.7750
BTCUSDT,2024.04.20,04:00:00,63931.800000,64244.000000,63779.900000,63937.900000,19125.1630
BTCUSDT,2024.04.20,08:00:00,63938.000000,63967.200000,63244.000000,63688.700000,35323.0200
BTCUSDT,2024.04.20,12:00:00,63688.700000,64940.000000,63537.300000,64771.000000,33816.2360
BTCUSDT,2024.04.20,16:00:00,64771.000000,65400.000000,64421.800000,64834.700000,50097.1960
BTCUSDT,2024.04.20,20:00:00,64834.800000,65013.000000,64513.100000,64897.200000,17527.8720
BTCUSDT,2024.04.21,00:00:00,64897.200000,65678.700000,64570.500000,65131.200000,30568.3610
BTCUSDT,2024.04.21,04:00:00,65131.300000,65216.300000,64803.100000,65109.800000,17902.6650
BTCUSDT,2024.04.21,08:00:00,65109.800000,65425.000000,64728.300000,65203.500000,25335.6400
BTCUSDT,2024.04.21,12:00:00,65203.500000,65362.300000,64743.700000,65015.000000,24230.1190
BTCUSDT,2024.04.21,16:00:00,65014.900000,65068.700000,64214.200000,64506.900000,37769.7820
BTCUSDT,2024.04.21,20:00:00,64507.000000,65242.000000,64322.700000,64912.600000,24727.3810
BTCUSDT,2024.04.22,00:00:00,64912.700000,66101.000000,64470.500000,65677.600000,56789.0990
BTCUSDT,2024.04.22,04:00:00,65677.500000,66449.000000,65466.600000,65943.700000,41069.7090
BTCUSDT,2024.04.22,08:00:00,65943.800000,66180.000000,65664.600000,65856.200000,23493.1160
BTCUSDT,2024.04.22,12:00:00,65856.100000,66449.000000,65600.700000,65966.800000,49814.2650
BTCUSDT,2024.04.22,16:00:00,65966.800000,66819.600000,65866.800000,66495.600000,43140.7870
BTCUSDT,2024.04.22,20:00:00,66495.600000,67222.000000,66300.100000,66778.000000,31961.4350
BTCUSDT,2024.04.23,00:00:00,66777.900000,67158.900000,66383.500000,66410.100000,25070.7580
BTCUSDT,2024.04.23,04:00:00,66410.000000,66627.600000,65988.000000,66079.900000,27576.2540
BTCUSDT,2024.04.23,08:00:00,66079.900000,66297.000000,65812.000000,66023.500000,24977.2780
BTCUSDT,2024.04.23,12:00:00,66023.500000,67099.700000,65750.000000,66393.200000,59203.7470
BTCUSDT,2024.04.23,16:00:00,66393.200000,66887.000000,66311.400000,66456.000000,22329.1690
BTCUSDT,2024.04.23,20:00:00,66455.900000,66457.100000,65924.700000,66386.300000,19508.3580
BTCUSDT,2024.04.24,00:00:00,66386.200000,66869.800000,66347.200000,66585.700000,18340.2020
BTCUSDT,2024.04.24,04:00:00,66585.800000,67068.200000,66520.800000,66588.900000,23285.0430
BTCUSDT,2024.04.24,08:00:00,66588.900000,66721.700000,66172.000000,66550.700000,24802.8180
BTCUSDT,2024.04.24,12:00:00,66550.700000,66711.900000,64489.700000,64594.000000,103026.9130
BTCUSDT,2024.04.24,16:00:00,64593.500000,65122.000000,63695.000000,63960.900000,71058.2230
BTCUSDT,2024.04.24,20:00:00,63960.800000,64426.600000,63575.000000,64250.000000,40031.8620
BTCUSDT,2024.04.25,00:00:00,64250.000000,64713.600000,63823.200000,64260.000000,29118.1150
BTCUSDT,2024.04.25,04:00:00,64259.900000,64377.100000,63800.000000,63996.100000,23629.6330
BTCUSDT,2024.04.25,08:00:00,63996.200000,64180.000000,63300.000000,63826.900000,47523.3660
BTCUSDT,2024.04.25,12:00:00,63827.000000,64316.500000,62721.300000,64091.700000,92249.6870
BTCUSDT,2024.04.25,16:00:00,64091.600000,64995.700000,63934.000000,64721.500000,52582.2410
BTCUSDT,2024.04.25,20:00:00,64721.600000,65270.600000,64413.400000,64478.800000,30108.0200
BTCUSDT,2024.04.26,00:00:00,64478.800000,64649.700000,63844.000000,64359.700000,32749.0470
BTCUSDT,2024.04.26,04:00:00,64359.600000,64590.300000,63992.600000,64236.600000,22324.9330
BTCUSDT,2024.04.26,08:00:00,64236.700000,64544.800000,64031.500000,64213.600000,20015.8170
BTCUSDT,2024.04.26,12:00:00,64213.600000,64783.100000,63325.000000,63481.300000,81303.5600
BTCUSDT,2024.04.26,16:00:00,63481.200000,64156.000000,63291.500000,63723.600000,32853.5410
BTCUSDT,2024.04.26,20:00:00,63723.600000,64097.400000,63648.600000,63748.800000,12902.9150
BTCUSDT,2024.04.27,00:00:00,63748.700000,63901.400000,62332.800000,63047.200000,59693.7400
BTCUSDT,2024.04.27,04:00:00,63047.200000,63157.600000,62760.700000,62944.300000,17253.0270
BTCUSDT,2024.04.27,08:00:00,62944.300000,63044.600000,62650.000000,62834.500000,14504.3380
BTCUSDT,2024.04.27,12:00:00,62834.400000,63390.800000,62780.300000,62928.400000,23358.7000
BTCUSDT,2024.04.27,16:00:00,62928.300000,63624.400000,62700.200000,63329.800000,39059.0050
BTCUSDT,2024.04.27,20:00:00,63329.900000,63532.600000,63115.000000,63421.000000,13480.2990
BTCUSDT,2024.04.28,00:00:00,63420.900000,64350.000000,63420.900000,63989.800000,28362.9520
BTCUSDT,2024.04.28,04:00:00,63989.900000,64041.400000,63760.900000,63883.100000,14698.2480
BTCUSDT,2024.04.28,08:00:00,63883.200000,63954.600000,63230.700000,63459.100000,21213.1170
BTCUSDT,2024.04.28,12:00:00,63459.000000,63832.000000,63385.100000,63508.600000,17692.9930
BTCUSDT,2024.04.28,16:00:00,63508.500000,63973.900000,63446.200000,63688.900000,14380.7400
BTCUSDT,2024.04.28,20:00:00,63688.900000,63716.900000,62700.000000,63088.300000,29708.1010
BTCUSDT,2024.04.29,00:00:00,63088.400000,63337.800000,62056.100000,62259.900000,33929.9470
BTCUSDT,2024.04.29,04:00:00,62259.900000,62632.100000,61888.000000,62362.000000,40103.7630
BTCUSDT,2024.04.29,08:00:00,62362.100000,62658.700000,62150.000000,62222.900000,22955.7520
BTCUSDT,2024.04.29,12:00:00,62222.600000,63085.000000,61726.200000,63012.200000,66488.0450
BTCUSDT,2024.04.29,16:00:00,63012.200000,63227.300000,62511.100000,62953.400000,30356.7380
BTCUSDT,2024.04.29,20:00:00,62953.400000,64200.000000,62787.600000,63842.400000,34576.9180
BTCUSDT,2024.04.30,00:00:00,63842.400000,64700.000000,63075.900000,63627.100000,54356.8740
BTCUSDT,2024.04.30,04:00:00,63627.100000,63691.300000,63050.000000,63123.800000,21881.9300
BTCUSDT,2024.04.30,08:00:00,63123.700000,63220.400000,61000.000000,61182.300000,92748.2540
BTCUSDT,2024.04.30,12:00:00,61182.300000,61576.100000,60517.600000,60764.900000,86741.9260
BTCUSDT,2024.04.30,16:00:00,60764.900000,60887.900000,59150.000000,59276.200000,99188.1000
BTCUSDT,2024.04.30,20:00:00,59276.100000,61063.200000,59256.600000,60651.200000,53830.6190
BTCUSDT,2024.05.01,00:00:00,60651.200000,60816.700000,59555.000000,60214.000000,41842.4410
BTCUSDT,2024.05.01,04:00:00,60214.000000,60331.800000,57030.000000,57482.000000,111582.9260
BTCUSDT,2024.05.01,08:00:00,57482.000000,57881.000000,56537.700000,57862.100000,105319.6270
BTCUSDT,2024.05.01,12:00:00,57862.200000,58257.800000,56651.200000,56865.200000,86671.0220
BTCUSDT,2024.05.01,16:00:00,56865.300000,59438.200000,56600.000000,56935.700000,163355.4100
BTCUSDT,2024.05.01,20:00:00,56935.700000,58550.800000,56729.000000,58307.600000,55336.9740
BTCUSDT,2024.05.02,00:00:00,58307.700000,58571.100000,56951.600000,57407.600000,48642.4130
BTCUSDT,2024.05.02,04:00:00,57407.700000,57933.100000,57175.400000,57645.000000,24643.1950
BTCUSDT,2024.05.02,08:00:00,57645.000000,58696.600000,57542.400000,58538.400000,54335.4160
BTCUSDT,2024.05.02,12:00:00,58538.500000,59441.600000,58186.700000,59230.700000,97124.3600
BTCUSDT,2024.05.02,16:00:00,59230.800000,59557.400000,58895.600000,59324.400000,38379.9280
BTCUSDT,2024.05.02,20:00:00,59324.500000,59637.300000,58594.400000,59036.700000,36103.9900
BTCUSDT,2024.05.03,00:00:00,59036.700000,59976.900000,58781.300000,59687.900000,36797.0510
BTCUSDT,2024.05.03,04:00:00,59687.900000,59810.000000,59031.500000,59158.100000,23719.9820
BTCUSDT,2024.05.03,08:00:00,59158.100000,59562.900000,58818.200000,59269.300000,31556.2680
BTCUSDT,2024.05.03,12:00:00,59269.400000,62239.600000,58970.500000,61662.100000,155671.8820
BTCUSDT,2024.05.03,16:00:00,61662.200000,62181.000000,61497.600000,62031.900000,40812.5630
BTCUSDT,2024.05.03,20:00:00,62031.900000,63333.000000,61931.100000,62853.700000,65048.7130
BTCUSDT,2024.05.04,00:00:00,62853.700000,63555.500000,62520.000000,62698.100000,35544.1260
BTCUSDT,2024.05.04,04:00:00,62698.000000,63430.000000,62652.500000,62931.300000,29638.4130
BTCUSDT,2024.05.04,08:00:00,62931.400000,64547.900000,62888.000000,63850.000000,62488.6800
BTCUSDT,2024.05.04,12:00:00,63850.000000,64137.800000,63424.000000,63590.000000,35808.4750
BTCUSDT,2024.05.04,16:00:00,63590.100000,64000.000000,63278.100000,63885.200000,21209.7960
BTCUSDT,2024.05.04,20:00:00,63885.200000,64198.900000,63503.100000,63864.200000,20515.7090
BTCUSDT,2024.05.05,00:00:00,63864.300000,64170.600000,62833.000000,63209.800000,40066.1590
BTCUSDT,2024.05.05,04:00:00,63209.800000,63932.400000,63067.300000,63697.100000,22134.2590
BTCUSDT,2024.05.05,08:00:00,63697.100000,63907.900000,63505.700000,63838.000000,20907.7520
BTCUSDT,2024.05.05,12:00:00,63838.100000,64644.300000,63588.700000,64398.000000,51798.3800
BTCUSDT,2024.05.05,16:00:00,64398.100000,64531.900000,63756.000000,63846.000000,29615.3870
BTCUSDT,2024.05.05,20:00:00,63846.000000,64217.400000,63520.300000,63988.000000,20973.7160
BTCUSDT,2024.05.06,00:00:00,63987.900000,64443.300000,63666.000000,63830.100000,22429.1920
BTCUSDT,2024.05.06,04:00:00,63830.000000,64564.500000,63738.900000,64509.600000,29368.8230
BTCUSDT,2024.05.06,08:00:00,64509.500000,65500.000000,63779.100000,64178.100000,90546.1060
BTCUSDT,2024.05.06,12:00:00,64178.100000,64295.100000,62900.000000,63599.800000,92005.4770
BTCUSDT,2024.05.06,16:00:00,63599.900000,63731.300000,62655.300000,63200.000000,52386.8350
BTCUSDT,2024.05.06,20:00:00,63199.900000,63598.700000,63025.000000,63142.800000,18373.6340
BTCUSDT,2024.05.07,00:00:00,63142.700000,63950.000000,62805.600000,63204.100000,38286.0240
BTCUSDT,2024.05.07,04:00:00,63204.100000,63830.000000,63056.800000,63648.900000,23770.0210
BTCUSDT,2024.05.07,08:00:00,63648.900000,64392.200000,63313.200000,63472.400000,47888.3600
BTCUSDT,2024.05.07,12:00:00,63472.400000,64320.000000,63001.000000,63710.000000,57889.8680
BTCUSDT,2024.05.07,16:00:00,63710.100000,63875.000000,62758.100000,63034.700000,34222.5590
BTCUSDT,2024.05.07,20:00:00,63034.700000,63177.300000,62203.600000,62296.000000,36917.8140
BTCUSDT,2024.05.08,00:00:00,62296.000000,62949.200000,62055.000000,62864.000000,28153.4910
BTCUSDT,2024.05.08,04:00:00,62864.000000,62994.900000,62036.100000,62186.700000,31663.8800
BTCUSDT,2024.05.08,08:00:00,62186.700000,62517.600000,62005.800000,62224.900000,29263.0810
BTCUSDT,2024.05.08,12:00:00,62224.900000,62800.000000,61736.700000,62251.800000,67533.1850
BTCUSDT,2024.05.08,16:00:00,62251.900000,62743.900000,61902.800000,62148.700000,29625.5380
BTCUSDT,2024.05.08,20:00:00,62148.600000,62224.500000,60843.600000,61157.900000,55412.4040
BTCUSDT,2024.05.09,00:00:00,61157.900000,61779.000000,61113.000000,61647.400000,22040.6400
BTCUSDT,2024.05.09,04:00:00,61647.500000,61753.200000,61087.000000,61222.500000,21456.8840
BTCUSDT,2024.05.09,08:00:00,61222.500000,61429.200000,60550.000000,61033.000000,42557.0140
BTCUSDT,2024.05.09,12:00:00,61033.000000,62262.100000,60846.700000,62122.500000,66846.8390
BTCUSDT,2024.05.09,16:00:00,62122.500000,62637.300000,61707.800000,62420.600000,48794.8610
BTCUSDT,2024.05.09,20:00:00,62420.600000,63447.200000,62312.300000,63050.100000,40755.0640
BTCUSDT,2024.05.10,00:00:00,63050.000000,63070.200000,62633.200000,62880.000000,19493.0790
BTCUSDT,2024.05.10,04:00:00,62880.000000,63365.500000,62638.300000,63053.900000,29665.2110
BTCUSDT,2024.05.10,08:00:00,63053.800000,63299.000000,62758.700000,63276.500000,21952.0470
BTCUSDT,2024.05.10,12:00:00,63276.500000,63446.500000,60645.300000,60893.800000,129675.5760
BTCUSDT,2024.05.10,16:00:00,60893.700000,61262.700000,60117.400000,60682.400000,83338.9020
BTCUSDT,2024.05.10,20:00:00,60682.400000,60985.800000,60416.600000,60778.100000,23090.1450
BTCUSDT,2024.05.11,00:00:00,60778.000000,61079.400000,60617.000000,60706.000000,19987.4030
BTCUSDT,2024.05.11,04:00:00,60706.000000,61055.500000,60680.400000,60988.900000,16168.8560
BTCUSDT,2024.05.11,08:00:00,60989.000000,61028.000000,60432.600000,60654.500000,18892.2400
BTCUSDT,2024.05.11,12:00:00,60654.600000,61491.400000,60602.600000,61146.100000,29790.4880
BTCUSDT,2024.05.11,16:00:00,61146.100000,61390.000000,60976.800000,61112.900000,15661.9490
BTCUSDT,2024.05.11,20:00:00,61113.000000,61129.900000,60720.300000,60809.200000,12793.8510
BTCUSDT,2024.05.12,00:00:00,60809.200000,61081.300000,60778.000000,60902.500000,8957.2440
BTCUSDT,2024.05.12,04:00:00,60902.600000,61097.000000,60557.300000,60803.800000,13680.7160
BTCUSDT,2024.05.12,08:00:00,60803.800000,61361.900000,60757.700000,61120.000000,20279.0490
BTCUSDT,2024.05.12,12:00:00,61120.100000,61598.800000,61050.000000,61395.900000,17168.0300
BTCUSDT,2024.05.12,16:00:00,61395.900000,61849.400000,61158.300000,61393.500000,28818.4140
BTCUSDT,2024.05.12,20:00:00,61393.400000,61527.500000,60870.000000,61455.800000,15140.4440
BTCUSDT,2024.05.13,00:00:00,61455.700000,61787.600000,60750.000000,61130.000000,42993.2690
BTCUSDT,2024.05.13,04:00:00,61130.000000,62426.000000,60757.600000,62296.600000,44748.2780
BTCUSDT,2024.05.13,08:00:00,62296.500000,63289.300000,62296.500000,62700.000000,74300.0670
BTCUSDT,2024.05.13,12:00:00,62699.900000,63183.000000,62400.000000,62980.500000,42598.0030
BTCUSDT,2024.05.13,16:00:00,62981.200000,63440.000000,62540.200000,63140.500000,43073.5080
BTCUSDT,2024.05.13,20:00:00,63139.600000,63162.100000,62683.500000,62912.100000,14213.9480
BTCUSDT,2024.05.14,00:00:00,62912.200000,63099.600000,62377.200000,62464.800000,30244.7830
BTCUSDT,2024.05.14,04:00:00,62464.800000,62749.900000,61373.200000,62002.100000,53110.6930
BTCUSDT,2024.05.14,08:00:00,62002.000000,62015.700000,61492.800000,61770.200000,22566.3520
BTCUSDT,2024.05.14,12:00:00,61770.200000,62295.900000,60950.000000,61749.900000,91131.3280
BTCUSDT,2024.05.14,16:00:00,61750.000000,61793.000000,61116.600000,61563.600000,34540.7200
BTCUSDT,2024.05.14,20:00:00,61563.600000,61768.900000,61444.600000,61550.500000,12751.3980
BTCUSDT,2024.05.15,00:00:00,61550.500000,61998.000000,61316.100000,61923.200000,18643.6230
BTCUSDT,2024.05.15,04:00:00,61923.200000,62245.100000,61783.200000,62157.400000,20302.9390
BTCUSDT,2024.05.15,08:00:00,62157.500000,62972.700000,61886.800000,62447.400000,54806.3140
BTCUSDT,2024.05.15,12:00:00,62447.300000,65055.000000,62371.500000,64685.500000,155120.6470
BTCUSDT,2024.05.15,16:00:00,64685.400000,66382.300000,64681.500000,65959.600000,79093.9760
BTCUSDT,2024.05.15,20:00:00,65959.600000,66440.000000,65687.200000,66175.400000,37064.1810
BTCUSDT,2024.05.16,00:00:00,66175.400000,66644.000000,65735.900000,65946.900000,31811.6060
BTCUSDT,2024.05.16,04:00:00,65946.800000,66232.800000,65633.000000,66100.000000,22763.4040
BTCUSDT,2024.05.16,08:00:00,66100.000000,66573.000000,65962.200000,66483.800000,26975.8170
BTCUSDT,2024.05.16,12:00:00,66483.800000,66800.000000,65339.000000,65800.100000,80035.1870
BTCUSDT,2024.05.16,16:00:00,65800.000000,65809.600000,64567.000000,65152.200000,63915.5020
BTCUSDT,2024.05.16,20:00:00,65152.300000,65480.000000,65018.700000,65217.700000,16953.8080
BTCUSDT,2024.05.17,00:00:00,65217.700000,65850.000000,65061.200000,65545.200000,27794.9000
BTCUSDT,2024.05.17,04:00:00,65545.100000,66478.500000,65327.700000,66350.600000,41669.2750
BTCUSDT,2024.05.17,08:00:00,66350.500000,66550.000000,66037.300000,66182.700000,26340.9800
BTCUSDT,2024.05.17,12:00:00,66182.600000,67400.600000,65773.800000,67170.000000,76890.3660
BTCUSDT,2024.05.17,16:00:00,67169.900000,67277.800000,66158.400000,67007.500000,42405.7020
BTCUSDT,2024.05.17,20:00:00,67007.500000,67027.700000,66636.000000,66980.000000,11962.6960
BTCUSDT,2024.05.18,00:00:00,66980.000000,67059.800000,66696.100000,66918.900000,14987.9350
BTCUSDT,2024.05.18,04:00:00,66919.000000,67233.600000,66700.100000,66854.100000,15843.2970
BTCUSDT,2024.05.18,08:00:00,66854.100000,67340.500000,66808.400000,67152.400000,19628.8570
BTCUSDT,2024.05.18,12:00:00,67152.500000,67198.700000,66503.200000,66781.400000,27767.7460
BTCUSDT,2024.05.18,16:00:00,66781.300000,66965.000000,66682.600000,66881.700000,10585.3640
BTCUSDT,2024.05.18,20:00:00,66881.800000,67035.100000,66761.100000,66884.900000,8118.3490
BTCUSDT,2024.05.19,00:00:00,66884.900000,67279.000000,66810.000000,67133.000000,12471.3950
BTCUSDT,2024.05.19,04:00:00,67133.100000,67313.800000,66895.000000,67295.000000,13650.4170
BTCUSDT,2024.05.19,08:00:00,67295.100000,67750.000000,66921.900000,67303.300000,41565.2290
BTCUSDT,2024.05.19,12:00:00,67303.400000,67303.400000,66619.400000,66863.000000,29635.1820
BTCUSDT,2024.05.19,16:00:00,66863.000000,66964.700000,65835.800000,66002.900000,36476.6310
BTCUSDT,2024.05.19,20:00:00,66002.900000,66438.000000,65958.200000,66239.400000,14371.4960
BTCUSDT,2024.05.20,00:00:00,66239.400000,66748.000000,66010.000000,66643.100000,22106.0580
BTCUSDT,2024.05.20,04:00:00,66643.000000,67270.000000,66236.900000,66788.900000,41557.4980
BTCUSDT,2024.05.20,08:00:00,66788.900000,67341.400000,66720.900000,66974.000000,28761.1480
BTCUSDT,2024.05.20,12:00:00,66974.000000,67499.900000,66716.300000,67382.100000,40610.3950
BTCUSDT,2024.05.20,16:00:00,67382.100000,70120.000000,67344.900000,69996.400000,129693.9090
BTCUSDT,2024.05.20,20:00:00,69996.500000,71674.600000,68900.000000,71466.500000,103299.0700
BTCUSDT,2024.05.21,00:00:00,71466.500000,72132.800000,70740.800000,71323.800000,63389.2130
BTCUSDT,2024.05.21,04:00:00,71323.700000,71462.000000,70858.400000,70926.400000,25693.4910
BTCUSDT,2024.05.21,08:00:00,70926.300000,71498.600000,70900.200000,71163.000000,30042.7720
BTCUSDT,2024.05.21,12:00:00,71163.000000,71487.600000,69722.000000,69874.900000,75217.8390
BTCUSDT,2024.05.21,16:00:00,69874.800000,70300.000000,69165.600000,69317.700000,46218.3110
BTCUSDT,2024.05.21,20:00:00,69319.200000,70393.200000,69269.100000,70168.800000,23112.7010
BTCUSDT,2024.05.22,00:00:00,70168.700000,70423.200000,69868.100000,70002.000000,19590.3360
BTCUSDT,2024.05.22,04:00:00,70001.900000,70137.700000,69242.000000,69759.600000,29964.8050
BTCUSDT,2024.05.22,08:00:00,69759.600000,70321.800000,69680.000000,69770.300000,21713.4310
BTCUSDT,2024.05.22,12:00:00,69770.300000,70642.800000,69466.700000,70485.700000,52886.2130
BTCUSDT,2024.05.22,16:00:00,70485.700000,70715.400000,69241.500000,69668.000000,41621.4470
BTCUSDT,2024.05.22,20:00:00,69668.000000,69999.000000,68736.800000,69219.100000,28384.2620
BTCUSDT,2024.05.23,00:00:00,69219.200000,69670.100000,69219.100000,69483.200000,16149.7190
BTCUSDT,2024.05.23,04:00:00,69483.200000,69900.000000,69371.600000,69770.600000,16494.6180
BTCUSDT,2024.05.23,08:00:00,69770.600000,70100.000000,69561.800000,70019.500000,24326.9370
BTCUSDT,2024.05.23,12:00:00,70019.400000,70133.300000,67612.800000,68103.000000,114331.6730
BTCUSDT,2024.05.23,16:00:00,68102.900000,68199.000000,66763.900000,67239.000000,54734.5400
BTCUSDT,2024.05.23,20:00:00,67239.100000,68388.000000,66156.600000,67999.900000,74056.1350
BTCUSDT,2024.05.24,00:00:00,67999.900000,68042.900000,67651.700000,67905.800000,18229.1020
BTCUSDT,2024.05.24,04:00:00,67905.800000,67944.200000,66850.000000,67191.200000,36724.6060
BTCUSDT,2024.05.24,08:00:00,67191.200000,67540.500000,66639.000000,67383.400000,25954.9130
BTCUSDT,2024.05.24,12:00:00,67383.300000,68445.000000,66952.600000,68340.200000,47961.2760
BTCUSDT,2024.05.24,16:00:00,68340.300000,69273.500000,67950.000000,69127.400000,42690.1510
BTCUSDT,2024.05.24,20:00:00,69127.300000,69222.200000,68535.600000,68584.100000,15121.0340
BTCUSDT,2024.05.25,00:00:00,68584.000000,68935.700000,68523.700000,68772.500000,13021.0590
BTCUSDT,2024.05.25,04:00:00,68772.600000,68854.700000,68633.100000,68775.000000,8126.2790
BTCUSDT,2024.05.25,08:00:00,68775.100000,69622.800000,68767.000000,69112.500000,25426.2210
BTCUSDT,2024.05.25,12:00:00,69112.400000,69323.900000,68844.100000,68949.100000,21348.6540
BTCUSDT,2024.05.25,16:00:00,68949.000000,69287.600000,68870.600000,69167.000000,10058.1680
BTCUSDT,2024.05.25,20:00:00,69166.900000,69394.600000,69061.500000,69314.400000,7133.2240
BTCUSDT,2024.05.26,00:00:00,69314.500000,69339.600000,68830.000000,69093.200000,10244.2570
BTCUSDT,2024.05.26,04:00:00,69093.200000,69468.900000,68934.000000,69359.200000,9813.6270
BTCUSDT,2024.05.26,08:00:00,69359.200000,69590.300000,68980.600000,69160.300000,15909.2550
BTCUSDT,2024.05.26,12:00:00,69160.300000,69425.200000,68678.500000,68864.600000,21942.1250
BTCUSDT,2024.05.26,16:00:00,68864.700000,68987.900000,68697.200000,68925.400000,11186.9010
BTCUSDT,2024.05.26,20:00:00,68925.500000,68937.500000,68155.000000,68524.300000,14973.6590
BTCUSDT,2024.05.27,00:00:00,68524.400000,69331.600000,68490.100000,68900.600000,19327.6600
BTCUSDT,2024.05.27,04:00:00,68900.500000,68935.100000,68327.300000,68661.100000,19042.5240
BTCUSDT,2024.05.27,08:00:00,68661.000000,68958.600000,68268.700000,68462.900000,19439.7270
BTCUSDT,2024.05.27,12:00:00,68463.000000,70584.900000,68401.200000,70421.500000,55134.6760
BTCUSDT,2024.05.27,16:00:00,70421.400000,70750.000000,69100.000000,69298.000000,39677.0110
BTCUSDT,2024.05.27,20:00:00,69297.900000,69950.000000,69211.800000,69461.600000,17669.7580
BTCUSDT,2024.05.28,00:00:00,69461.500000,69628.000000,67760.000000,68070.000000,54544.6020
BTCUSDT,2024.05.28,04:00:00,68070.000000,68153.800000,67500.000000,67712.000000,29822.6710
BTCUSDT,2024.05.28,08:00:00,67712.100000,68921.600000,67602.800000,68411.300000,40291.1960
BTCUSDT,2024.05.28,12:00:00,68411.300000,68583.700000,67550.000000,68399.700000,46982.2970
BTCUSDT,2024.05.28,16:00:00,68399.800000,68657.000000,67273.000000,68466.500000,41587.4640
BTCUSDT,2024.05.28,20:00:00,68466.400000,68710.000000,68162.200000,68440.500000,14610.2100
BTCUSDT,2024.05.29,00:00:00,68440.400000,68983.000000,68302.800000,68862.100000,18567.9020
BTCUSDT,2024.05.29,04:00:00,68862.000000,68976.400000,67975.500000,67993.600000,21732.9350
BTCUSDT,2024.05.29,08:00:00,67993.700000,68085.200000,67631.000000,67816.900000,25758.9320
BTCUSDT,2024.05.29,12:00:00,67816.800000,68330.600000,67321.700000,67421.000000,51076.1690
BTCUSDT,2024.05.29,16:00:00,67421.000000,67790.000000,67129.000000,67315.900000,26538.8790
BTCUSDT,2024.05.29,20:00:00,67316.000000,67882.200000,67179.400000,67686.700000,14561.7820
BTCUSDT,2024.05.30,00:00:00,67686.800000,68250.000000,67501.700000,68156.000000,18064.3490
BTCUSDT,2024.05.30,04:00:00,68156.000000,68479.000000,67555.000000,67627.800000,29978.7010
BTCUSDT,2024.05.30,08:00:00,67627.900000,68154.100000,67167.000000,67855.700000,33978.6050
BTCUSDT,2024.05.30,12:00:00,67855.800000,68869.900000,67792.400000,68566.400000,47275.2230
BTCUSDT,2024.05.30,16:00:00,68566.400000,69568.900000,68412.000000,68705.000000,45336.9790
BTCUSDT,2024.05.30,20:00:00,68705.000000,68712.000000,68068.800000,68402.500000,19940.0420
BTCUSDT,2024.05.31,00:00:00,68402.600000,68782.000000,68316.000000,68574.000000,16008.2690
BTCUSDT,2024.05.31,04:00:00,68574.000000,68694.000000,68124.000000,68226.100000,15093.3490
BTCUSDT,2024.05.31,08:00:00,68226.200000,68500.000000,67908.400000,68387.800000,23284.1410
BTCUSDT,2024.05.31,12:00:00,68387.900000,69080.000000,67234.000000,67252.700000,74910.6490
BTCUSDT,2024.05.31,16:00:00,67252.600000,68059.400000,66700.500000,67719.900000,50702.7180
BTCUSDT,2024.05.31,20:00:00,67720.000000,67834.400000,67259.700000,67577.900000,15752.6260
BTCUSDT,2024.06.01,00:00:00,67577.900000,67800.700000,67480.000000,67749.900000,11203.8550
BTCUSDT,2024.06.01,04:00:00,67750.000000,67857.500000,67608.600000,67677.900000,8158.7580
BTCUSDT,2024.06.01,08:00:00,67677.800000,67800.000000,67649.800000,67704.000000,6444.2130
BTCUSDT,2024.06.01,12:00:00,67704.000000,67936.000000,67681.400000,67728.200000,9973.9970
BTCUSDT,2024.06.01,16:00:00,67728.200000,67867.300000,67590.000000,67779.700000,9329.8530
BTCUSDT,2024.06.01,20:00:00,67779.700000,67921.300000,67729.600000,67799.200000,5832.3820
BTCUSDT,2024.06.02,00:00:00,67799.200000,67951.700000,67661.900000,67826.100000,7225.3740
BTCUSDT,2024.06.02,04:00:00,67826.000000,67910.000000,67738.000000,67743.000000,4961.3020
BTCUSDT,2024.06.02,08:00:00,67743.000000,68367.900000,67410.000000,68284.100000,23005.4000
BTCUSDT,2024.06.02,12:00:00,68284.000000,68545.900000,67824.100000,68189.800000,30389.9390
BTCUSDT,2024.06.02,16:00:00,68189.800000,68252.000000,67296.300000,67765.300000,27950.0800
BTCUSDT,2024.06.02,20:00:00,67765.400000,68038.700000,67606.400000,67805.900000,8662.6230
BTCUSDT,2024.06.03,00:00:00,67805.900000,68848.000000,67642.600000,68435.900000,31790.1300
BTCUSDT,2024.06.03,04:00:00,68435.900000,69255.000000,68333.300000,68949.900000,35589.9020
BTCUSDT,2024.06.03,08:00:00,68950.000000,69385.000000,68872.100000,69125.500000,23842.9640
BTCUSDT,2024.06.03,12:00:00,69125.500000,70372.900000,68554.700000,69650.000000,89848.9810
BTCUSDT,2024.06.03,16:00:00,69650.000000,69752.000000,68838.000000,69257.200000,29783.9200
BTCUSDT,2024.06.03,20:00:00,69257.200000,69553.800000,68764.000000,68851.400000,16821.0330
BTCUSDT,2024.06.04,00:00:00,68851.300000,69408.200000,68659.000000,69199.100000,16706.6470
BTCUSDT,2024.06.04,04:00:00,69199.100000,69318.400000,68787.200000,69054.700000,18637.5340
BTCUSDT,2024.06.04,08:00:00,69054.600000,69246.700000,68595.500000,68992.800000,23575.1460
BTCUSDT,2024.06.04,12:00:00,68992.800000,70560.300000,68882.400000,70492.000000,78555.5510
BTCUSDT,2024.06.04,16:00:00,70492.100000,71146.400000,70117.800000,70459.000000,62356.2250
BTCUSDT,2024.06.04,20:00:00,70459.100000,70776.300000,70207.200000,70580.000000,16268.9130
BTCUSDT,2024.06.05,00:00:00,70580.000000,71389.800000,70462.800000,70994.000000,32305.4890
BTCUSDT,2024.06.05,04:00:00,70994.000000,71430.000000,70872.400000,71244.100000,29151.1090
BTCUSDT,2024.06.05,08:00:00,71244.000000,71282.200000,70737.400000,71008.400000,21436.3750
BTCUSDT,2024.06.05,12:00:00,71008.400000,71792.000000,70423.600000,71625.100000,64897.0430
BTCUSDT,2024.06.05,16:00:00,71625.200000,71824.400000,70909.200000,71314.800000,40647.4930
BTCUSDT,2024.06.05,20:00:00,71314.800000,71390.500000,70711.300000,71133.300000,15554.5250
BTCUSDT,2024.06.06,00:00:00,71133.300000,71280.000000,70922.500000,71087.800000,11201.6990
BTCUSDT,2024.06.06,04:00:00,71087.700000,71144.000000,70850.000000,71077.300000,16751.8410
BTCUSDT,2024.06.06,08:00:00,71077.200000,71259.800000,70912.900000,71219.200000,13937.1280
BTCUSDT,2024.06.06,12:00:00,71219.300000,71714.800000,71025.100000,71334.300000,51402.2850
BTCUSDT,2024.06.06,16:00:00,71334.300000,71421.600000,70489.200000,70526.100000,39348.2300
BTCUSDT,2024.06.06,20:00:00,70526.000000,70988.000000,70101.900000,70830.000000,25842.3810
BTCUSDT,2024.06.07,00:00:00,70830.000000,71063.800000,70700.000000,71032.900000,13995.9440
BTCUSDT,2024.06.07,04:00:00,71032.800000,71476.000000,71029.000000,71147.900000,24968.2690
BTCUSDT,2024.06.07,08:00:00,71147.900000,71773.300000,71085.000000,71750.000000,22121.6250
BTCUSDT,2024.06.07,12:00:00,71749.900000,72144.000000,70668.000000,71150.000000,100822.7300
BTCUSDT,2024.06.07,16:00:00,71150.100000,71254.700000,68405.000000,69287.200000,118519.8690
BTCUSDT,2024.06.07,20:00:00,69287.200000,69663.400000,69000.400000,69377.000000,18983.9330
BTCUSDT,2024.06.08,00:00:00,69377.000000,69550.000000,69314.200000,69454.600000,11099.1280
BTCUSDT,2024.06.08,04:00:00,69454.600000,69612.500000,69257.900000,69612.500000,11997.9310
BTCUSDT,2024.06.08,08:00:00,69612.500000,69613.600000,69351.800000,69404.500000,10018.7370
BTCUSDT,2024.06.08,12:00:00,69404.500000,69540.000000,69192.300000,69462.100000,17084.5330
BTCUSDT,2024.06.08,16:00:00,69462.000000,69533.000000,69334.500000,69486.600000,8497.0790
BTCUSDT,2024.06.08,20:00:00,69486.600000,69514.000000,69325.000000,69346.500000,7042.4490
BTCUSDT,2024.06.09,00:00:00,69346.600000,69386.500000,69160.000000,69300.900000,9319.2490
BTCUSDT,2024.06.09,04:00:00,69300.900000,69461.900000,69263.000000,69331.900000,6332.4550
BTCUSDT,2024.06.09,08:00:00,69331.900000,69443.500000,69314.800000,69400.600000,5060.3550
BTCUSDT,2024.06.09,12:00:00,69400.600000,69821.100000,69284.800000,69530.100000,27852.1870
BTCUSDT,2024.06.09,16:00:00,69530.100000,69879.000000,69517.000000,69742.600000,12632.5970
BTCUSDT,2024.06.09,20:00:00,69742.500000,69862.000000,69606.400000,69667.100000,6827.2570
BTCUSDT,2024.06.10,00:00:00,69667.100000,69833.000000,69450.100000,69637.300000,11282.9260
BTCUSDT,2024.06.10,04:00:00,69637.400000,69712.100000,69265.000000,69325.300000,16614.9170
BTCUSDT,2024.06.10,08:00:00,69325.300000,69592.600000,69201.200000,69506.700000,17219.5260
BTCUSDT,2024.06.10,12:00:00,69506.600000,70222.700000,69255.100000,70090.900000,38901.9970
BTCUSDT,2024.06.10,16:00:00,70090.900000,70166.100000,69420.000000,69524.200000,28832.9380
BTCUSDT,2024.06.10,20:00:00,69524.300000,69734.500000,69360.400000,69558.700000,14529.3000
BTCUSDT,2024.06.11,00:00:00,69558.800000,69600.000000,67881.900000,68472.300000,62972.1410
BTCUSDT,2024.06.11,04:00:00,68472.200000,68472.200000,67300.000000,67582.000000,54397.4260
BTCUSDT,2024.06.11,08:00:00,67582.100000,67690.800000,66689.500000,66919.600000,60250.2780
BTCUSDT,2024.06.11,12:00:00,66919.600000,67288.000000,66000.000000,66266.000000,69766.4710
BTCUSDT,2024.06.11,16:00:00,66266.000000,67591.300000,66177.900000,67420.600000,47244.3060
BTCUSDT,2024.06.11,20:00:00,67420.500000,67605.000000,67180.400000,67320.700000,17354.3200
BTCUSDT,2024.06.12,00:00:00,67320.600000,67624.200000,66920.000000,67413.000000,21465.2810
BTCUSDT,2024.06.12,04:00:00,67413.000000,67621.000000,67200.000000,67449.400000,15864.8180
BTCUSDT,2024.06.12,08:00:00,67449.500000,68065.300000,67346.600000,67789.900000,27553.3840
BTCUSDT,2024.06.12,12:00:00,67790.000000,70028.000000,67740.900000,69738.000000,109560.3620
BTCUSDT,2024.06.12,16:00:00,69738.000000,69864.200000,67215.200000,67523.200000,123012.2150
BTCUSDT,2024.06.12,20:00:00,67523.100000,68692.600000,67409.800000,68270.300000,32462.4000
BTCUSDT,2024.06.13,00:00:00,68270.300000,68400.000000,66957.000000,67471.100000,38476.8620
BTCUSDT,2024.06.13,04:00:00,67471.100000,67728.400000,67300.000000,67724.900000,20772.8490
BTCUSDT,2024.06.13,08:00:00,67724.900000,67964.100000,67170.400000,67744.600000,32346.3140
BTCUSDT,2024.06.13,12:00:00,67744.600000,68607.700000,66337.000000,66464.400000,104087.1920
BTCUSDT,2024.06.13,16:00:00,66464.300000,67080.500000,66251.100000,66620.800000,39352.7060
BTCUSDT,2024.06.13,20:00:00,66620.900000,66991.100000,66533.100000,66786.900000,13319.5380
BTCUSDT,2024.06.14,00:00:00,66786.800000,67038.000000,66471.300000,66749.700000,21110.9550
BTCUSDT,2024.06.14,04:00:00,66749.800000,67228.200000,66710.800000,66906.200000,20208.2700
BTCUSDT,2024.06.14,08:00:00,66906.300000,67250.000000,66755.800000,67034.200000,20074.5030
BTCUSDT,2024.06.14,12:00:00,67034.100000,67366.500000,66334.500000,66380.000000,52927.4840
BTCUSDT,2024.06.14,16:00:00,66380.000000,66522.000000,65052.400000,65514.900000,90887.3810
BTCUSDT,2024.06.14,20:00:00,65514.900000,66648.800000,65471.600000,66039.700000,34202.6380
BTCUSDT,2024.06.15,00:00:00,66039.700000,66280.000000,65979.600000,66266.000000,10504.1530
BTCUSDT,2024.06.15,04:00:00,66265.900000,66421.500000,66060.000000,66082.600000,16019.5500
BTCUSDT,2024.06.15,08:00:00,66082.500000,66334.800000,66054.200000,66305.200000,11031.8470
BTCUSDT,2024.06.15,12:00:00,66305.200000,66482.600000,66157.500000,66311.900000,12929.9530
BTCUSDT,2024.06.15,16:00:00,66311.800000,66360.800000,66057.000000,66144.200000,9737.0920
BTCUSDT,2024.06.15,20:00:00,66144.100000,66282.500000,65801.000000,66213.700000,12201.1600
BTCUSDT,2024.06.16,00:00:00,66213.700000,66256.900000,66054.100000,66129.600000,7207.5150
BTCUSDT,2024.06.16,04:00:00,66129.600000,66350.000000,66012.100000,66249.400000,9128.7990
BTCUSDT,2024.06.16,08:00:00,66249.300000,66780.000000,66169.400000,66471.400000,21366.0220
BTCUSDT,2024.06.16,12:00:00,66471.400000,66778.100000,66455.600000,66690.400000,16369.9490
BTCUSDT,2024.06.16,16:00:00,66690.400000,66733.300000,66496.000000,66542.500000,9484.8990
BTCUSDT,2024.06.16,20:00:00,66542.400000,66960.300000,66432.900000,66653.600000,16804.3670
BTCUSDT,2024.06.17,00:00:00,66653.500000,66915.400000,66116.000000,66200.000000,26541.9240
BTCUSDT,2024.06.17,04:00:00,66199.900000,66548.900000,65907.500000,66147.300000,25463.1090
BTCUSDT,2024.06.17,08:00:00,66147.300000,66295.800000,65511.600000,65791.800000,38859.8940
BTCUSDT,2024.06.17,12:00:00,65791.900000,65813.200000,65094.900000,65341.900000,50595.4470
BTCUSDT,2024.06.17,16:00:00,65341.800000,67280.600000,65130.000000,66661.400000,79723.9900
BTCUSDT,2024.06.17,20:00:00,66661.400000,66746.200000,66122.300000,66472.100000,27236.4230
BTCUSDT,2024.06.18,00:00:00,66472.100000,66558.900000,64565.000000,65474.900000,89800.9470
BTCUSDT,2024.06.18,04:00:00,65474.900000,65831.100000,65314.600000,65646.400000,30746.9170
BTCUSDT,2024.06.18,08:00:00,65646.300000,65724.600000,65080.900000,65339.200000,24625.5380
BTCUSDT,2024.06.18,12:00:00,65339.200000,65410.100000,64212.000000,64676.800000,108649.6610
BTCUSDT,2024.06.18,16:00:00,64676.700000,64887.400000,64009.800000,64400.000000,48259.9750
BTCUSDT,2024.06.18,20:00:00,64399.700000,65281.600000,64168.900000,65150.000000,33476.3560
BTCUSDT,2024.06.19,00:00:00,65149.900000,65596.900000,64777.100000,65377.100000,37949.6060
BTCUSDT,2024.06.19,04:00:00,65377.000000,65711.900000,65143.000000,65295.000000,25799.9180
BTCUSDT,2024.06.19,08:00:00,65294.900000,65519.600000,64955.900000,65181.900000,28912.2850
BTCUSDT,2024.06.19,12:00:00,65182.000000,65279.900000,64708.200000,64895.000000,27082.4820
BTCUSDT,2024.06.19,16:00:00,64895.000000,65269.500000,64757.200000,64851.300000,17320.4060
BTCUSDT,2024.06.19,20:00:00,64851.400000,65060.400000,64600.000000,64933.600000,12967.9720
BTCUSDT,2024.06.20,00:00:00,64933.600000,65378.000000,64804.700000,65156.000000,19929.7130
BTCUSDT,2024.06.20,04:00:00,65156.000000,65977.000000,65051.700000,65831.400000,34653.2640
BTCUSDT,2024.06.20,08:00:00,65831.300000,66467.000000,65552.600000,66150.000000,37258.5260
BTCUSDT,2024.06.20,12:00:00,66150.000000,66289.400000,64625.200000,64794.400000,82670.4240
BTCUSDT,2024.06.20,16:00:00,64794.300000,65198.500000,64526.000000,65032.900000,37216.0490
BTCUSDT,2024.06.20,20:00:00,65032.900000,65164.100000,64831.000000,64854.000000,9226.7000
BTCUSDT,2024.06.21,00:00:00,64854.000000,65055.500000,64306.500000,64473.400000,23077.3550
BTCUSDT,2024.06.21,04:00:00,64473.400000,64715.900000,64167.100000,64179.400000,23004.1060
BTCUSDT,2024.06.21,08:00:00,64179.500000,64350.000000,63485.000000,63745.500000,57148.3590
BTCUSDT,2024.06.21,12:00:00,63745.100000,64342.100000,63361.200000,63716.900000,60362.4920
BTCUSDT,2024.06.21,16:00:00,63717.000000,64243.700000,63444.600000,64207.500000,29552.6700
BTCUSDT,2024.06.21,20:00:00,64207.600000,64448.900000,63801.000000,64124.000000,16964.6190
BTCUSDT,2024.06.22,00:00:00,64124.100000,64315.200000,63915.800000,64297.200000,10320.9460
BTCUSDT,2024.06.22,04:00:00,64297.200000,64520.000000,64218.800000,64490.100000,13520.2330
BTCUSDT,2024.06.22,08:00:00,64490.000000,64512.000000,64184.800000,64245.000000,13671.9680
BTCUSDT,2024.06.22,12:00:00,64244.900000,64390.300000,64222.000000,64283.400000,7200.4760
BTCUSDT,2024.06.22,16:00:00,64283.300000,64340.600000,64200.200000,64270.900000,4989.5520
BTCUSDT,2024.06.22,20:00:00,64270.900000,64307.000000,64215.900000,64240.000000,4152.6870
BTCUSDT,2024.06.23,00:00:00,64240.100000,64500.000000,64240.000000,64389.000000,9294.6740
BTCUSDT,2024.06.23,04:00:00,64389.000000,64409.000000,64311.900000,64390.000000,4545.8530
BTCUSDT,2024.06.23,08:00:00,64390.000000,64414.000000,64211.700000,64310.700000,7086.8810
BTCUSDT,2024.06.23,12:00:00,64310.700000,64409.100000,64034.200000,64071.800000,12474.6520
BTCUSDT,2024.06.23,16:00:00,64071.800000,64166.400000,63888.000000,64128.700000,10422.2640
BTCUSDT,2024.06.23,20:00:00,64128.700000,64132.700000,63137.900000,63194.900000,28227.9690
BTCUSDT,2024.06.24,00:00:00,63194.900000,63357.000000,62638.000000,62840.100000,43033.6160
BTCUSDT,2024.06.24,04:00:00,62840.000000,62931.700000,62125.400000,62433.600000,49460.0250
BTCUSDT,2024.06.24,08:00:00,62433.600000,62955.300000,60500.000000,61257.300000,110919.9680
BTCUSDT,2024.06.24,12:00:00,61257.300000,61677.000000,60650.000000,60823.200000,52488.6930
BTCUSDT,2024.06.24,16:00:00,60823.300000,61018.600000,59001.000000,59294.700000,120813.0390
BTCUSDT,2024.06.24,20:00:00,59292.800000,60431.800000,58218.000000,60273.600000,69187.8430
BTCUSDT,2024.06.25,00:00:00,60273.500000,61566.000000,60230.500000,61271.100000,41969.8550
BTCUSDT,2024.06.25,04:00:00,61271.100000,61392.500000,60600.500000,60660.800000,33185.2690
BTCUSDT,2024.06.25,08:00:00,60660.900000,61587.400000,60641.200000,61170.700000,34675.8750
BTCUSDT,2024.06.25,12:00:00,61170.700000,62145.500000,60941.900000,61776.000000,76703.1090
BTCUSDT,2024.06.25,16:00:00,61775.900000,62448.100000,61100.000000,61957.900000,63812.4570
BTCUSDT,2024.06.25,20:00:00,61957.100000,62141.400000,61641.400000,61777.800000,14300.7520
BTCUSDT,2024.06.26,00:00:00,61777.900000,62465.100000,61605.700000,61910.400000,22735.9680
BTCUSDT,2024.06.26,04:00:00,61910.400000,61969.200000,61500.600000,61705.300000,19736.0780
BTCUSDT,2024.06.26,08:00:00,61705.300000,61741.300000,61150.000000,61427.200000,26889.2660
BTCUSDT,2024.06.26,12:00:00,61427.300000,61959.400000,61140.200000,61453.200000,38176.7870
BTCUSDT,2024.06.26,16:00:00,61453.300000,61532.500000,60700.000000,60991.000000,47290.7090
BTCUSDT,2024.06.26,20:00:00,60990.900000,61144.700000,60696.000000,60860.100000,15772.3720
BTCUSDT,2024.06.27,00:00:00,60860.100000,61327.900000,60752.200000,61027.100000,16213.4310
BTCUSDT,2024.06.27,04:00:00,61027.000000,61191.400000,60605.000000,60786.400000,16884.4600
BTCUSDT,2024.06.27,08:00:00,60786.400000,61500.000000,60730.000000,61188.500000,24181.5690
BTCUSDT,2024.06.27,12:00:00,61188.500000,62379.700000,61137.700000,61570.500000,67990.8280
BTCUSDT,2024.06.27,16:00:00,61570.600000,61997.200000,61396.400000,61445.900000,24189.5020
BTCUSDT,2024.06.27,20:00:00,61445.900000,61696.100000,61340.000000,61682.000000,10712.6920
BTCUSDT,2024.06.28,00:00:00,61682.100000,62204.000000,61458.100000,61803.000000,27120.7200
BTCUSDT,2024.06.28,04:00:00,61803.000000,61812.900000,61186.400000,61317.900000,20978.5870
BTCUSDT,2024.06.28,08:00:00,61318.000000,61779.000000,61181.900000,61671.500000,21252.7520
BTCUSDT,2024.06.28,12:00:00,61671.500000,61868.100000,60721.200000,61039.900000,69596.4680
BTCUSDT,2024.06.28,16:00:00,61039.900000,61106.000000,60077.200000,60132.200000,40681.2470
BTCUSDT,2024.06.28,20:00:00,60132.200000,60465.000000,60038.000000,60429.800000,15878.3510
BTCUSDT,2024.06.29,00:00:00,60429.800000,61023.000000,60400.100000,60760.100000,25192.1320
BTCUSDT,2024.06.29,04:00:00,60760.000000,61128.100000,60706.500000,61049.800000,12412.1040
BTCUSDT,2024.06.29,08:00:00,61049.800000,61232.000000,60895.500000,61111.000000,15840.0480
BTCUSDT,2024.06.29,12:00:00,61110.900000,61188.600000,60951.100000,61107.900000,12366.2720
BTCUSDT,2024.06.29,16:00:00,61107.800000,61130.000000,60918.600000,61056.500000,6981.2630
BTCUSDT,2024.06.29,20:00:00,61056.400000,61097.000000,60883.100000,60982.400000,6888.4700
BTCUSDT,2024.06.30,00:00:00,60982.500000,61081.400000,60750.600000,60898.200000,11400.0850
BTCUSDT,2024.06.30,04:00:00,60898.200000,61798.200000,60705.000000,61533.600000,30029.8700
BTCUSDT,2024.06.30,08:00:00,61533.600000,61720.000000,61400.000000,61555.600000,17926.4120
BTCUSDT,2024.06.30,12:00:00,61555.600000,61871.800000,61325.000000,61722.400000,25442.2480
BTCUSDT,2024.06.30,16:00:00,61722.500000,62100.000000,61579.300000,62016.800000,21477.7360
BTCUSDT,2024.06.30,20:00:00,62016.800000,63058.400000,61825.400000,62766.000000,41501.5640
BTCUSDT,2024.07.01,00:00:00,62766.100000,63800.000000,62562.000000,63416.400000,49753.7400
BTCUSDT,2024.07.01,04:00:00,63416.500000,63453.700000,63200.000000,63265.500000,13560.8800
BTCUSDT,2024.07.01,08:00:00,63265.500000,63302.700000,62580.000000,62657.900000,26439.4020
BTCUSDT,2024.07.01,12:00:00,62657.900000,63182.500000,62502.200000,63119.900000,40119.8060
BTCUSDT,2024.07.01,16:00:00,63120.000000,63849.000000,62947.400000,63207.600000,46436.9220
BTCUSDT,2024.07.01,20:00:00,63207.200000,63421.600000,62780.000000,62883.600000,17627.1880
BTCUSDT,2024.07.02,00:00:00,62883.700000,63284.000000,62765.700000,63115.700000,14302.8250
BTCUSDT,2024.07.02,04:00:00,63118.000000,63227.000000,62566.000000,62617.900000,19063.8330
BTCUSDT,2024.07.02,08:00:00,62617.900000,62861.100000,62387.000000,62823.300000,26473.2260
BTCUSDT,2024.07.02,12:00:00,62823.300000,63167.400000,61840.000000,61945.000000,63689.4900
BTCUSDT,2024.07.02,16:00:00,61945.000000,62362.800000,61800.000000,61944.000000,29330.9320
BTCUSDT,2024.07.02,20:00:00,61944.000000,62176.400000,61870.800000,62123.600000,10240.9370
BTCUSDT,2024.07.03,00:00:00,62123.500000,62278.200000,60600.000000,60983.500000,55575.3970
BTCUSDT,2024.07.03,04:00:00,60983.400000,61179.400000,60802.000000,60859.900000,23185.1530
BTCUSDT,2024.07.03,08:00:00,60859.800000,60987.300000,59515.100000,60384.900000,81025.1160
BTCUSDT,2024.07.03,12:00:00,60384.900000,60700.000000,59756.500000,60176.100000,66329.3510
BTCUSDT,2024.07.03,16:00:00,60176.100000,60653.000000,59645.600000,59661.200000,38404.2690
BTCUSDT,2024.07.03,20:00:00,59661.200000,60361.700000,59299.300000,60208.000000,30783.9790
BTCUSDT,2024.07.04,00:00:00,60208.000000,60500.000000,57611.000000,59092.400000,99276.0850
BTCUSDT,2024.07.04,04:00:00,59092.400000,59131.700000,58086.400000,58214.000000,46231.1880
BTCUSDT,2024.07.04,08:00:00,58214.000000,58484.500000,56917.500000,57748.400000,97863.3290
BTCUSDT,2024.07.04,12:00:00,57748.400000,58350.000000,56750.000000,58137.600000,110723.8190
BTCUSDT,2024.07.04,16:00:00,58137.500000,58653.400000,57735.700000,58267.000000,42553.6490
BTCUSDT,2024.07.04,20:00:00,58266.900000,58800.000000,56560.000000,57045.900000,49008.2070
BTCUSDT,2024.07.05,00:00:00,57045.900000,57533.400000,54918.300000,55214.600000,163719.7620
BTCUSDT,2024.07.05,04:00:00,55214.700000,55350.000000,53329.500000,54389.400000,128635.5820
BTCUSDT,2024.07.05,08:00:00,54389.400000,55629.700000,53870.400000,55458.900000,78963.6660
BTCUSDT,2024.07.05,12:00:00,55459.000000,56663.500000,54822.900000,56637.500000,106044.3170
BTCUSDT,2024.07.05,16:00:00,56637.500000,57000.000000,55781.800000,56446.200000,83444.6120
BTCUSDT,2024.07.05,20:00:00,56446.100000,56847.000000,56300.000000,56604.900000,16385.6560
BTCUSDT,2024.07.06,00:00:00,56604.900000,56975.000000,56157.300000,56388.300000,30655.6560
BTCUSDT,2024.07.06,04:00:00,56388.400000,56660.000000,56000.000000,56571.100000,26523.0100
BTCUSDT,2024.07.06,08:00:00,56571.100000,56850.000000,56412.500000,56713.200000,17676.3920
BTCUSDT,2024.07.06,12:00:00,56713.200000,57420.000000,56475.700000,57285.400000,38884.2530
BTCUSDT,2024.07.06,16:00:00,57285.400000,58089.900000,57150.000000,57834.800000,37978.0440
BTCUSDT,2024.07.06,20:00:00,57834.900000,58472.000000,57792.200000,58216.000000,26862.6670
BTCUSDT,2024.07.07,00:00:00,58216.000000,58443.000000,57820.000000,57943.900000,38936.0270
BTCUSDT,2024.07.07,04:00:00,57944.000000,57990.300000,57041.700000,57344.400000,37722.7880
BTCUSDT,2024.07.07,08:00:00,57344.500000,57899.900000,57331.200000,57436.900000,23278.5420
BTCUSDT,2024.07.07,12:00:00,57436.900000,57600.000000,56555.100000,56806.200000,42475.2840
BTCUSDT,2024.07.07,16:00:00,56806.200000,57372.200000,56723.000000,57133.900000,22235.3840
BTCUSDT,2024.07.07,20:00:00,57133.900000,57301.800000,55688.000000,55830.900000,45713.9560
BTCUSDT,2024.07.08,00:00:00,55831.000000,55999.000000,54243.100000,55136.600000,97328.8460
BTCUSDT,2024.07.08,04:00:00,55136.600000,55878.000000,54935.300000,55828.400000,40128.2040
BTCUSDT,2024.07.08,08:00:00,55828.400000,58200.000000,55715.200000,57137.300000,124398.5120
BTCUSDT,2024.07.08,12:00:00,57137.300000,57629.300000,54890.000000,55736.800000,131119.6320
BTCUSDT,2024.07.08,16:00:00,55736.800000,56550.000000,55400.500000,56462.300000,44260.4580
BTCUSDT,2024.07.08,20:00:00,56462.900000,56955.000000,56175.400000,56686.400000,26871.3050
BTCUSDT,2024.07.09,00:00:00,56686.400000,57350.000000,56256.200000,57139.500000,45966.2330
BTCUSDT,2024.07.09,04:00:00,57139.500000,57744.800000,57000.000000,57102.500000,36022.5820
BTCUSDT,2024.07.09,08:00:00,57102.500000,57899.900000,57000.000000,57407.100000,42043.6430
BTCUSDT,2024.07.09,12:00:00,57407.100000,58159.600000,56862.900000,57445.300000,74279.8440
BTCUSDT,2024.07.09,16:00:00,57445.300000,58290.600000,57318.300000,57837.700000,40891.3090
BTCUSDT,2024.07.09,20:00:00,57837.700000,58256.000000,57684.600000,58023.200000,18033.4370
BTCUSDT,2024.07.10,00:00:00,58023.100000,58190.000000,57315.900000,58157.700000,27261.0730
BTCUSDT,2024.07.10,04:00:00,58157.600000,59449.600000,58153.300000,58948.100000,69642.3600
BTCUSDT,2024.07.10,08:00:00,58948.000000,59013.900000,58288.000000,58469.400000,39133.7530
BTCUSDT,2024.07.10,12:00:00,58469.400000,58544.500000,57416.500000,57658.000000,68439.9250
BTCUSDT,2024.07.10,16:00:00,57658.100000,57995.000000,57333.000000,57374.100000,26039.1300
BTCUSDT,2024.07.10,20:00:00,57374.800000,57860.800000,57125.000000,57707.000000,23732.6960
BTCUSDT,2024.07.11,00:00:00,57707.000000,58380.000000,57030.000000,57540.500000,43339.7620
BTCUSDT,2024.07.11,04:00:00,57540.400000,58288.600000,57464.200000,58168.100000,25661.2860
BTCUSDT,2024.07.11,08:00:00,58168.200000,58887.000000,58024.000000,58754.100000,39948.2670
BTCUSDT,2024.07.11,12:00:00,58754.000000,59780.000000,57242.000000,57382.800000,131206.7980
BTCUSDT,2024.07.11,16:00:00,57382.800000,57969.600000,57152.000000,57354.700000,31336.5990
BTCUSDT,2024.07.11,20:00:00,57354.800000,57593.200000,57118.000000,57315.500000,21614.2470
BTCUSDT,2024.07.12,00:00:00,57315.700000,57554.400000,56500.100000,56887.600000,45049.6170
BTCUSDT,2024.07.12,04:00:00,56887.600000,57378.000000,56690.000000,57071.400000,27355.6610
BTCUSDT,2024.07.12,08:00:00,57071.400000,57325.200000,56740.600000,57188.800000,31049.8570
BTCUSDT,2024.07.12,12:00:00,57188.700000,58255.400000,57066.000000,58188.900000,59825.4650
BTCUSDT,2024.07.12,16:00:00,58188.900000,58500.000000,57446.100000,57546.100000,49492.8140
BTCUSDT,2024.07.12,20:00:00,57546.200000,57887.600000,57107.700000,57870.000000,25327.2020
BTCUSDT,2024.07.13,00:00:00,57870.000000,57962.800000,57730.200000,57792.400000,11605.5530
BTCUSDT,2024.07.13,04:00:00,57792.500000,58195.700000,57728.600000,58140.000000,14463.3500
BTCUSDT,2024.07.13,08:00:00,58140.000000,58900.000000,57882.300000,58513.900000,34849.5000
BTCUSDT,2024.07.13,12:00:00,58514.000000,58873.100000,58408.100000,58808.500000,30158.6270
BTCUSDT,2024.07.13,16:00:00,58808.500000,58950.000000,58538.900000,58596.600000,17510.2710
BTCUSDT,2024.07.13,20:00:00,58596.700000,59850.000000,58254.500000,59174.000000,49297.0210
BTCUSDT,2024.07.14,00:00:00,59173.900000,59816.500000,59164.000000,59435.000000,31878.1010
BTCUSDT,2024.07.14,04:00:00,59435.000000,60299.000000,59387.400000,60031.300000,46649.5030
BTCUSDT,2024.07.14,08:00:00,60031.200000,60397.200000,59879.300000,60079.000000,26938.1540
BTCUSDT,2024.07.14,12:00:00,60079.000000,60220.000000,59438.000000,60053.300000,38864.1560
BTCUSDT,2024.07.14,16:00:00,60053.300000,60154.600000,59858.000000,59886.300000,10270.2120
BTCUSDT,2024.07.14,20:00:00,59886.300000,61412.400000,59850.000000,60766.000000,53460.7570
BTCUSDT,2024.07.15,00:00:00,60766.000000,62777.000000,60622.600000,62617.300000,79541.4140
BTCUSDT,2024.07.15,04:00:00,62617.300000,63075.800000,62400.000000,62816.000000,44695.3960
BTCUSDT,2024.07.15,08:00:00,62816.100000,63239.200000,62266.000000,62431.900000,44412.8060
BTCUSDT,2024.07.15,12:00:00,62432.000000,63299.800000,62419.500000,62985.900000,56556.0200
BTCUSDT,2024.07.15,16:00:00,62986.000000,63777.000000,62812.800000,63309.900000,70459.8020
BTCUSDT,2024.07.15,20:00:00,63309.900000,64870.700000,63216.200000,64680.600000,56556.7430
BTCUSDT,2024.07.16,00:00:00,64680.600000,64936.100000,64405.000000,64725.100000,33143.1850
BTCUSDT,2024.07.16,04:00:00,64725.100000,64988.800000,62672.400000,62881.800000,86305.4990
BTCUSDT,2024.07.16,08:00:00,62881.800000,63839.000000,62350.000000,63719.800000,66858.7490
BTCUSDT,2024.07.16,12:00:00,63719.800000,64942.000000,63031.500000,64833.900000,85549.0430
BTCUSDT,2024.07.16,16:00:00,64833.900000,65177.000000,64070.400000,65125.200000,63666.0140
BTCUSDT,2024.07.16,20:00:00,65125.200000,65388.000000,64058.000000,65010.000000,39736.1260
BTCUSDT,2024.07.17,00:00:00,65010.000000,66100.000000,64885.300000,65662.800000,54516.1650
BTCUSDT,2024.07.17,04:00:00,65662.800000,65968.500000,65167.600000,65226.200000,30419.7510
BTCUSDT,2024.07.17,08:00:00,65226.200000,65479.500000,64531.000000,64700.000000,48428.9870
BTCUSDT,2024.07.17,12:00:00,64699.900000,65379.800000,64489.500000,64695.800000,64341.8790
BTCUSDT,2024.07.17,16:00:00,64696.000000,64745.600000,63823.000000,64550.600000,57856.4570
BTCUSDT,2024.07.17,20:00:00,64550.700000,64654.400000,64020.000000,64055.700000,21093.1540
BTCUSDT,2024.07.18,00:00:00,64055.800000,65173.800000,63871.200000,64827.800000,35420.2700
BTCUSDT,2024.07.18,04:00:00,64827.900000,65038.500000,64355.100000,64644.800000,22100.7930
BTCUSDT,2024.07.18,08:00:00,64644.800000,64930.700000,64413.000000,64728.900000,20655.7750
BTCUSDT,2024.07.18,12:00:00,64729.000000,65098.900000,63359.100000,63500.100000,79341.4920
BTCUSDT,2024.07.18,16:00:00,63500.100000,63933.300000,63206.400000,63535.600000,40122.8030
BTCUSDT,2024.07.18,20:00:00,63535.500000,64096.300000,63413.100000,63959.900000,18007.0240
BTCUSDT,2024.07.19,00:00:00,63960.000000,64348.200000,63266.200000,64298.000000,30771.3270
BTCUSDT,2024.07.19,04:00:00,64297.900000,64469.300000,63565.000000,63673.900000,28188.8590
BTCUSDT,2024.07.19,08:00:00,63673.900000,64165.800000,63371.400000,64095.200000,35395.0060
BTCUSDT,2024.07.19,12:00:00,64095.600000,65870.000000,64010.100000,65791.500000,93974.6470
BTCUSDT,2024.07.19,16:00:00,65791.500000,67362.800000,65784.000000,67107.800000,96570.5020
BTCUSDT,2024.07.19,20:00:00,67107.800000,67320.900000,66590.900000,66627.900000,26959.4640
BTCUSDT,2024.07.20,00:00:00,66627.900000,66797.000000,66159.100000,66568.700000,22374.2960
BTCUSDT,2024.07.20,04:00:00,66568.700000,66729.000000,66401.000000,66526.300000,11307.0370
BTCUSDT,2024.07.20,08:00:00,66526.400000,66700.000000,66422.900000,66445.900000,11122.7770
BTCUSDT,2024.07.20,12:00:00,66446.000000,66799.900000,66241.400000,66797.000000,17627.8300
BTCUSDT,2024.07.20,16:00:00,66797.000000,67648.700000,66632.000000,67195.000000,41238.6690
BTCUSDT,2024.07.20,20:00:00,67195.000000,67412.400000,66737.700000,67095.600000,19893.7970
BTCUSDT,2024.07.21,00:00:00,67095.600000,67400.000000,66918.400000,67145.800000,13108.9550
BTCUSDT,2024.07.21,04:00:00,67145.800000,67194.300000,66560.000000,66670.000000,18387.3290
BTCUSDT,2024.07.21,08:00:00,66669.900000,67040.400000,66645.600000,66845.400000,11562.7550
BTCUSDT,2024.07.21,12:00:00,66845.400000,67498.000000,66571.300000,67130.900000,31277.5980
BTCUSDT,2024.07.21,16:00:00,67130.900000,67719.800000,65750.000000,67391.400000,89763.1640
BTCUSDT,2024.07.21,20:00:00,67391.500000,68351.200000,67239.900000,68138.000000,43128.5710
BTCUSDT,2024.07.22,00:00:00,68138.000000,68459.700000,67700.000000,67847.300000,29357.1000
BTCUSDT,2024.07.22,04:00:00,67847.300000,67966.000000,67100.000000,67210.300000,26807.6260
BTCUSDT,2024.07.22,08:00:00,67210.400000,67571.400000,66904.200000,67479.100000,20838.3040
BTCUSDT,2024.07.22,12:00:00,67479.100000,67932.200000,66538.600000,67044.300000,56104.4310
BTCUSDT,2024.07.22,16:00:00,67044.300000,68228.600000,66784.100000,68193.500000,34521.3830
BTCUSDT,2024.07.22,20:00:00,68193.600000,68221.500000,67202.100000,67499.200000,25362.5470
BTCUSDT,2024.07.23,00:00:00,67499.200000,67729.300000,67175.600000,67437.300000,20135.3620
BTCUSDT,2024.07.23,04:00:00,67437.300000,67493.300000,66216.100000,66550.000000,45758.8510
BTCUSDT,2024.07.23,08:00:00,66549.900000,67135.500000,66413.000000,66641.000000,34676.7270
BTCUSDT,2024.07.23,12:00:00,66641.000000,67338.000000,65921.700000,66552.800000,86188.6370
BTCUSDT,2024.07.23,16:00:00,66552.800000,66745.100000,65416.500000,65516.100000,57758.5360
BTCUSDT,2024.07.23,20:00:00,65516.200000,66040.000000,65453.400000,65916.400000,25912.5670
BTCUSDT,2024.07.24,00:00:00,65916.300000,66135.500000,65450.800000,66027.500000,23229.8730
BTCUSDT,2024.07.24,04:00:00,66027.400000,66056.000000,65577.500000,66049.000000,16527.0060
BTCUSDT,2024.07.24,08:00:00,66049.000000,66590.000000,65974.900000,66345.700000,28364.6080
BTCUSDT,2024.07.24,12:00:00,66345.700000,67087.300000,66066.000000,66155.700000,64013.8240
BTCUSDT,2024.07.24,16:00:00,66155.800000,66687.900000,65537.000000,65631.800000,46286.6930
BTCUSDT,2024.07.24,20:00:00,65631.800000,66059.700000,65040.500000,65350.800000,36657.4170
BTCUSDT,2024.07.25,00:00:00,65350.700000,65606.300000,63823.300000,64074.000000,86228.9360
BTCUSDT,2024.07.25,04:00:00,64073.900000,64378.000000,63800.000000,64115.100000,29134.5650
BTCUSDT,2024.07.25,08:00:00,64115.000000,64474.200000,63857.200000,64082.600000,32232.0380
BTCUSDT,2024.07.25,12:00:00,64082.600000,64993.600000,63456.700000,64773.300000,85867.6640
BTCUSDT,2024.07.25,16:00:00,64773.300000,65170.000000,64357.500000,64669.500000,43249.6380
BTCUSDT,2024.07.25,20:00:00,64669.500000,66144.000000,64390.800000,65773.000000,42972.6000
BTCUSDT,2024.07.26,00:00:00,65773.000000,67470.400000,65688.200000,67014.000000,54322.0430
BTCUSDT,2024.07.26,04:00:00,67014.000000,67168.200000,66839.500000,66873.800000,27381.0840
BTCUSDT,2024.07.26,08:00:00,66873.700000,67466.000000,66873.700000,67293.900000,25036.7200
BTCUSDT,2024.07.26,12:00:00,67293.900000,67982.400000,66865.700000,67528.000000,69433.1760
BTCUSDT,2024.07.26,16:00:00,67527.900000,68143.000000,67277.000000,67957.200000,30157.7050
BTCUSDT,2024.07.26,20:00:00,67957.200000,68200.000000,67365.000000,67882.500000,29053.7980
BTCUSDT,2024.07.27,00:00:00,67882.500000,68055.600000,67588.300000,67766.200000,15182.4420
BTCUSDT,2024.07.27,04:00:00,67766.200000,68278.800000,67752.100000,68013.600000,17714.4090
BTCUSDT,2024.07.27,08:00:00,68013.500000,68244.600000,67864.800000,68184.700000,14552.2310
BTCUSDT,2024.07.27,12:00:00,68184.700000,69381.700000,68162.900000,68822.000000,69130.2870
BTCUSDT,2024.07.27,16:00:00,68821.900000,68976.400000,67538.400000,68209.200000,61397.7200
BTCUSDT,2024.07.27,20:00:00,68209.300000,69200.000000,66624.500000,67873.800000,153005.5580
BTCUSDT,2024.07.28,00:00:00,67873.700000,68246.600000,67222.700000,67910.900000,22253.1230
BTCUSDT,2024.07.28,04:00:00,67910.900000,68003.500000,67037.000000,67517.700000,25149.8420
BTCUSDT,2024.07.28,08:00:00,67517.600000,67969.100000,67178.900000,67800.000000,18990.8160
BTCUSDT,2024.07.28,12:00:00,67800.100000,68093.400000,67527.400000,67624.300000,21697.1930
BTCUSDT,2024.07.28,16:00:00,67624.200000,68300.000000,67588.400000,68090.000000,15542.0590
BTCUSDT,2024.07.28,20:00:00,68090.000000,68254.700000,67771.600000,68215.500000,13280.9020
BTCUSDT,2024.07.29,00:00:00,68215.500000,69782.200000,68130.100000,69323.100000,64456.5520
BTCUSDT,2024.07.29,04:00:00,69323.100000,69872.600000,69240.000000,69510.600000,28440.5610
BTCUSDT,2024.07.29,08:00:00,69510.500000,69841.200000,69345.000000,69549.900000,23274.3840
BTCUSDT,2024.07.29,12:00:00,69549.800000,70081.000000,67650.000000,68067.200000,122246.2630
BTCUSDT,2024.07.29,16:00:00,68067.300000,68093.100000,66365.800000,67276.600000,102883.7890
BTCUSDT,2024.07.29,20:00:00,67276.700000,67521.000000,66547.100000,66750.000000,31236.2690
BTCUSDT,2024.07.30,00:00:00,66750.100000,66865.300000,65820.000000,66585.600000,53988.2780
BTCUSDT,2024.07.30,04:00:00,66585.700000,66966.600000,66288.000000,66914.000000,23753.3970
BTCUSDT,2024.07.30,08:00:00,66914.000000,66956.600000,66358.900000,66532.500000,23447.8940
BTCUSDT,2024.07.30,12:00:00,66532.600000,66923.800000,65500.000000,66198.000000,66028.5380
BTCUSDT,2024.07.30,16:00:00,66198.000000,66526.100000,65501.100000,65899.400000,47748.8090
BTCUSDT,2024.07.30,20:00:00,65900.000000,66319.000000,65254.500000,66159.300000,31584.1280
BTCUSDT,2024.07.31,00:00:00,66159.300000,66380.000000,65825.900000,66028.900000,19978.5590
BTCUSDT,2024.07.31,04:00:00,66028.100000,66540.800000,65459.400000,66196.400000,40885.9940
BTCUSDT,2024.07.31,08:00:00,66196.400000,66360.400000,65906.700000,66062.600000,19153.9750
BTCUSDT,2024.07.31,12:00:00,66062.700000,66826.300000,65939.700000,66354.500000,46270.9540
BTCUSDT,2024.07.31,16:00:00,66354.400000,66820.000000,64894.000000,65229.800000,71073.9140
BTCUSDT,2024.07.31,20:00:00,65228.100000,65399.000000,64500.400000,64601.800000,49026.0500
BTCUSDT,2024.08.01,00:00:00,64601.800000,64824.400000,63722.000000,63912.800000,53076.9720
BTCUSDT,2024.08.01,04:00:00,63912.700000,64468.600000,63559.500000,64297.400000,43263.5510
BTCUSDT,2024.08.01,08:00:00,64297.500000,64681.900000,64280.000000,64645.300000,20514.2480
BTCUSDT,2024.08.01,12:00:00,64645.200000,64927.200000,62646.700000,62892.600000,101176.3730
BTCUSDT,2024.08.01,16:00:00,62892.600000,63480.000000,62271.200000,63403.000000,81788.7790
BTCUSDT,2024.08.01,20:00:00,63403.000000,65650.000000,63312.000000,65328.900000,72834.6670
BTCUSDT,2024.08.02,00:00:00,65329.000000,65577.000000,63630.600000,64600.100000,52628.1670
BTCUSDT,2024.08.02,04:00:00,64600.100000,64640.000000,63800.000000,64146.000000,35151.9890
BTCUSDT,2024.08.02,08:00:00,64146.000000,64957.400000,64026.500000,64640.000000,33125.6520
BTCUSDT,2024.08.02,12:00:00,64640.000000,65534.300000,62350.000000,63393.500000,162016.8780
BTCUSDT,2024.08.02,16:00:00,63393.500000,63600.000000,62478.000000,62619.700000,57246.3260
BTCUSDT,2024.08.02,20:00:00,62619.600000,63181.000000,61200.200000,61483.700000,81459.4080
BTCUSDT,2024.08.03,00:00:00,61483.700000,61956.400000,60473.300000,61862.200000,65725.3450
BTCUSDT,2024.08.03,04:00:00,61862.200000,61945.000000,61380.800000,61636.000000,19226.5510
BTCUSDT,2024.08.03,08:00:00,61636.000000,61986.300000,61420.200000,61884.800000,19753.3700
BTCUSDT,2024.08.03,12:00:00,61884.700000,62166.000000,60800.000000,60857.700000,42750.0290
BTCUSDT,2024.08.03,16:00:00,60857.800000,61262.500000,59888.000000,60216.700000,100562.5800
BTCUSDT,2024.08.03,20:00:00,60216.800000,60842.200000,59800.000000,60684.600000,42452.0810
BTCUSDT,2024.08.04,00:00:00,60684.500000,61089.500000,60290.900000,60705.300000,23040.2420
BTCUSDT,2024.08.04,04:00:00,60705.300000,60915.100000,60228.000000,60346.000000,18248.5260
BTCUSDT,2024.08.04,08:00:00,60344.600000,60986.200000,60080.500000,60880.100000,25833.9580
BTCUSDT,2024.08.04,12:00:00,60880.100000,61064.600000,58926.100000,59070.000000,81031.4080
BTCUSDT,2024.08.04,16:00:00,59069.900000,59475.000000,57040.000000,59234.000000,141030.8170
BTCUSDT,2024.08.04,20:00:00,59233.900000,59569.200000,57975.400000,58144.500000,50327.4640
BTCUSDT,2024.08.05,00:00:00,58144.500000,58286.900000,52222.000000,53864.100000,295951.6440
BTCUSDT,2024.08.05,04:00:00,53864.000000,54538.000000,48888.000000,52645.600000,285579.1380
BTCUSDT,2024.08.05,08:00:00,52645.600000,53200.000000,50590.100000,51316.800000,170229.5400
BTCUSDT,2024.08.05,12:00:00,51316.700000,54952.300000,49501.000000,54289.800000,313707.0620
BTCUSDT,2024.08.05,16:00:00,54289.700000,55523.000000,52520.400000,53450.400000,141719.5630
BTCUSDT,2024.08.05,20:00:00,53450.300000,55192.200000,53439.900000,54003.100000,74795.0780
BTCUSDT,2024.08.06,00:00:00,54003.500000,56254.800000,53925.300000,55638.100000,75090.6150
BTCUSDT,2024.08.06,04:00:00,55638.100000,56152.000000,55220.000000,55979.100000,46375.5020
BTCUSDT,2024.08.06,08:00:00,55979.000000,56090.000000,54531.600000,55188.000000,69864.4310
BTCUSDT,2024.08.06,12:00:00,55188.000000,56599.000000,54288.000000,56370.000000,126550.5000
BTCUSDT,2024.08.06,16:00:00,56370.000000,56999.900000,56205.100000,56737.000000,68281.3660
BTCUSDT,2024.08.06,20:00:00,56737.000000,56919.800000,55792.000000,55991.200000,49791.0250
BTCUSDT,2024.08.07,00:00:00,55991.300000,57249.000000,55516.300000,56826.800000,65654.6540
BTCUSDT,2024.08.07,04:00:00,56826.900000,57219.400000,56510.000000,56898.700000,36392.1010
BTCUSDT,2024.08.07,08:00:00,56898.800000,57699.000000,56838.000000,56938.000000,57955.6940
BTCUSDT,2024.08.07,12:00:00,56938.000000,57454.000000,55620.500000,56067.500000,92698.0360
BTCUSDT,2024.08.07,16:00:00,56067.400000,56279.800000,54650.000000,54739.900000,72193.6690
BTCUSDT,2024.08.07,20:00:00,54739.900000,55550.000000,54519.800000,55102.900000,52548.3860
BTCUSDT,2024.08.08,00:00:00,55102.900000,57688.800000,54672.400000,57031.700000,78167.2690
BTCUSDT,2024.08.08,04:00:00,57031.800000,57399.200000,56636.900000,57166.400000,34216.4330
BTCUSDT,2024.08.08,08:00:00,57166.400000,57650.000000,56943.700000,57292.300000,31182.1310
BTCUSDT,2024.08.08,12:00:00,57292.400000,59493.000000,56645.000000,59391.300000,161033.4700
BTCUSDT,2024.08.08,16:00:00,59391.900000,59839.700000,59213.600000,59389.100000,61744.4990
BTCUSDT,2024.08.08,20:00:00,59389.000000,62737.200000,59273.500000,61659.800000,103773.7060
BTCUSDT,2024.08.09,00:00:00,61659.800000,61726.000000,60728.700000,61327.000000,45368.0760
BTCUSDT,2024.08.09,04:00:00,61327.000000,61361.900000,60555.000000,60844.000000,32873.1450
BTCUSDT,2024.08.09,08:00:00,60844.100000,61184.900000,60150.000000,60633.500000,44404.3980
BTCUSDT,2024.08.09,12:00:00,60633.500000,61089.700000,59500.000000,59786.400000,95689.8280
BTCUSDT,2024.08.09,16:00:00,59786.400000,60729.500000,59705.900000,60649.500000,44486.1560
BTCUSDT,2024.08.09,20:00:00,60649.600000,60961.500000,59862.600000,60808.600000,45852.7360
BTCUSDT,2024.08.10,00:00:00,60808.600000,61450.000000,60231.600000,60410.000000,32792.5290
BTCUSDT,2024.08.10,04:00:00,60410.000000,60823.700000,60208.500000,60809.500000,13222.1810
BTCUSDT,2024.08.10,08:00:00,60809.600000,61082.000000,60582.400000,60892.400000,20424.9680
BTCUSDT,2024.08.10,12:00:00,60892.300000,60926.000000,60375.000000,60480.500000,17862.3370
BTCUSDT,2024.08.10,16:00:00,60480.500000,61200.000000,60360.000000,60989.100000,21578.6070
BTCUSDT,2024.08.10,20:00:00,60989.100000,61136.300000,60721.000000,60889.900000,9712.7320
BTCUSDT,2024.08.11,00:00:00,60889.800000,61350.000000,60857.000000,61054.800000,16049.5140
BTCUSDT,2024.08.11,04:00:00,61054.800000,61233.000000,60838.500000,61224.900000,14422.7560
BTCUSDT,2024.08.11,08:00:00,61225.000000,62000.000000,60380.100000,60637.600000,42331.9080
BTCUSDT,2024.08.11,12:00:00,60637.500000,60736.600000,59911.000000,60100.000000,39701.1260
BTCUSDT,2024.08.11,16:00:00,60099.900000,60330.600000,59512.200000,59598.000000,24736.7460
BTCUSDT,2024.08.11,20:00:00,59598.100000,59657.500000,58255.400000,58693.100000,65297.0260
BTCUSDT,2024.08.12,00:00:00,58693.100000,59055.000000,58078.800000,58488.600000,34275.8240
BTCUSDT,2024.08.12,04:00:00,58488.600000,58958.100000,57615.000000,58640.100000,40522.6280
BTCUSDT,2024.08.12,08:00:00,58640.100000,59937.800000,58086.100000,59809.200000,61662.7190
BTCUSDT,2024.08.12,12:00:00,59809.200000,60666.000000,57774.000000,60171.200000,143983.4320
BTCUSDT,2024.08.12,16:00:00,60171.300000,60390.800000,58403.900000,59025.900000,53835.0750
BTCUSDT,2024.08.12,20:00:00,59026.000000,59721.000000,58520.700000,59323.600000,32846.6120
BTCUSDT,2024.08.13,00:00:00,59323.700000,59895.000000,58840.200000,59014.000000,33883.5400
BTCUSDT,2024.08.13,04:00:00,59014.000000,59442.500000,58803.000000,59209.000000,18668.5200
BTCUSDT,2024.08.13,08:00:00,59209.100000,59302.500000,58360.000000,58803.000000,27235.1680
BTCUSDT,2024.08.13,12:00:00,58803.000000,59748.800000,58668.000000,59438.400000,58301.1500
BTCUSDT,2024.08.13,16:00:00,59438.400000,61545.000000,59402.600000,60792.100000,93646.8390
BTCUSDT,2024.08.13,20:00:00,60794.500000,61120.800000,60355.000000,60550.500000,24199.5040
BTCUSDT,2024.08.14,00:00:00,60550.400000,61277.000000,60390.000000,60920.000000,21570.9540
BTCUSDT,2024.08.14,04:00:00,60920.100000,61131.200000,60588.800000,60887.200000,18265.1910
BTCUSDT,2024.08.14,08:00:00,60887.300000,61419.200000,60600.000000,61260.700000,29257.3990
BTCUSDT,2024.08.14,12:00:00,61260.600000,61839.700000,58773.300000,59396.900000,157618.1120
BTCUSDT,2024.08.14,16:00:00,59396.900000,59436.200000,58500.000000,58854.000000,47736.5640
BTCUSDT,2024.08.14,20:00:00,58853.800000,59151.600000,58367.200000,58648.100000,21214.5880
BTCUSDT,2024.08.15,00:00:00,58648.100000,59021.000000,57971.200000,58420.000000,35121.9670
BTCUSDT,2024.08.15,04:00:00,58420.000000,58622.000000,57679.600000,58031.900000,33573.4590
BTCUSDT,2024.08.15,08:00:00,58031.900000,58836.500000,57937.700000,58712.100000,30951.1550
BTCUSDT,2024.08.15,12:00:00,58712.000000,59749.200000,58508.100000,59643.700000,81773.9990
BTCUSDT,2024.08.15,16:00:00,59643.300000,59820.000000,56633.000000,57002.400000,114222.5290
BTCUSDT,2024.08.15,20:00:00,57002.500000,57850.000000,55969.000000,57511.000000,65172.8370
BTCUSDT,2024.08.16,00:00:00,57511.100000,58494.900000,57062.100000,57858.100000,42608.8870
BTCUSDT,2024.08.16,04:00:00,57858.100000,58619.900000,57766.300000,58423.400000,26572.5250
BTCUSDT,2024.08.16,08:00:00,58423.400000,58656.200000,58175.900000,58369.300000,28098.2570
BTCUSDT,2024.08.16,12:00:00,58369.400000,58908.500000,57500.000000,58035.600000,87458.9850
BTCUSDT,2024.08.16,16:00:00,58035.100000,59780.200000,57965.400000,59649.200000,60447.6370
BTCUSDT,2024.08.16,20:00:00,59649.300000,59678.200000,58711.400000,58854.900000,23570.2380
BTCUSDT,2024.08.17,00:00:00,58854.900000,59363.000000,58769.400000,59128.200000,16955.0850
BTCUSDT,2024.08.17,04:00:00,59128.200000,59238.000000,59024.600000,59222.000000,8228.1010
BTCUSDT,2024.08.17,08:00:00,59221.900000,59450.100000,59026.000000,59106.500000,13687.3240
BTCUSDT,2024.08.17,12:00:00,59106.500000,59638.800000,59065.600000,59357.600000,18213.2420
BTCUSDT,2024.08.17,16:00:00,59357.700000,59690.200000,59265.300000,59446.300000,12678.5860
BTCUSDT,2024.08.17,20:00:00,59446.200000,59474.400000,59122.100000,59468.500000,7323.1940
BTCUSDT,2024.08.18,00:00:00,59468.500000,60249.800000,59258.500000,59308.500000,34857.9590
BTCUSDT,2024.08.18,04:00:00,59308.500000,59666.000000,59214.000000,59545.400000,13583.8730
BTCUSDT,2024.08.18,08:00:00,59545.500000,60177.400000,59401.100000,59991.300000,29934.0660
BTCUSDT,2024.08.18,12:00:00,59991.300000,60250.000000,59629.300000,59828.800000,22362.0470
BTCUSDT,2024.08.18,16:00:00,59828.800000,59916.000000,59327.800000,59671.900000,18061.4230
BTCUSDT,2024.08.18,20:00:00,59672.000000,59847.500000,58352.000000,58390.000000,30860.8960
BTCUSDT,2024.08.19,00:00:00,58390.100000,58736.600000,58173.200000,58696.600000,36689.1340
BTCUSDT,2024.08.19,04:00:00,58696.700000,58724.800000,58339.800000,58475.500000,17094.2090
BTCUSDT,2024.08.19,08:00:00,58475.500000,58648.700000,57750.000000,58360.900000,41220.8220
BTCUSDT,2024.08.19,12:00:00,58360.800000,58945.400000,58019.400000,58505.000000,56087.6050
BTCUSDT,2024.08.19,16:00:00,58504.500000,59262.900000,58332.000000,58933.000000,39519.4850
BTCUSDT,2024.08.19,20:00:00,58935.700000,59585.400000,58879.300000,59398.500000,23431.8840
BTCUSDT,2024.08.20,00:00:00,59398.400000,60887.000000,59324.200000,60588.600000,51764.7060
BTCUSDT,2024.08.20,04:00:00,60588.500000,61386.000000,60539.000000,60899.900000,38075.2890
BTCUSDT,2024.08.20,08:00:00,60899.900000,60949.700000,60386.700000,60494.900000,23776.8370
BTCUSDT,2024.08.20,12:00:00,60494.900000,60920.500000,58663.400000,58783.700000,109188.6390
BTCUSDT,2024.08.20,16:00:00,58783.700000,59574.000000,58501.100000,59482.500000,41313.2830
BTCUSDT,2024.08.20,20:00:00,59482.500000,59689.500000,58831.100000,58982.900000,22930.3760
BTCUSDT,2024.08.21,00:00:00,58982.700000,59489.000000,58728.900000,59290.300000,20416.0450
BTCUSDT,2024.08.21,04:00:00,59290.300000,59721.200000,59164.700000,59689.200000,16832.5240
BTCUSDT,2024.08.21,08:00:00,59689.200000,59893.000000,59058.000000,59332.400000,30713.8100
BTCUSDT,2024.08.21,12:00:00,59332.300000,60192.300000,58801.100000,59486.000000,89664.3220
BTCUSDT,2024.08.21,16:00:00,59485.900000,61600.000000,59339.900000,61538.100000,69687.9270
BTCUSDT,2024.08.21,20:00:00,61538.100000,61793.900000,60865.200000,61120.000000,43269.0510
BTCUSDT,2024.08.22,00:00:00,61120.000000,61184.700000,59677.600000,60514.900000,45566.0230
BTCUSDT,2024.08.22,04:00:00,60515.000000,61128.800000,60422.400000,60946.000000,23500.5740
BTCUSDT,2024.08.22,08:00:00,60946.000000,61392.000000,60761.200000,61297.000000,28590.7000
BTCUSDT,2024.08.22,12:00:00,61296.900000,61364.000000,60060.300000,60370.900000,71562.0250
BTCUSDT,2024.08.22,16:00:00,60370.900000,60554.900000,60100.000000,60272.700000,28524.4330
BTCUSDT,2024.08.22,20:00:00,60272.800000,60673.100000,60250.000000,60349.900000,13355.2040
BTCUSDT,2024.08.23,00:00:00,60349.900000,60990.000000,60301.500000,60565.100000,19144.2840
BTCUSDT,2024.08.23,04:00:00,60565.000000,61370.000000,60548.800000,61045.000000,28205.4600
BTCUSDT,2024.08.23,08:00:00,61045.000000,61317.700000,60651.600000,60710.200000,27019.4420
BTCUSDT,2024.08.23,12:00:00,60710.100000,62307.600000,60710.100000,61499.000000,126207.3280
BTCUSDT,2024.08.23,16:00:00,61498.600000,63794.000000,61300.000000,63577.200000,115228.9300
BTCUSDT,2024.08.23,20:00:00,63577.400000,65000.000000,63435.100000,64019.900000,66685.2650
BTCUSDT,2024.08.24,00:00:00,64020.000000,64168.000000,63600.000000,63800.100000,22317.7650
BTCUSDT,2024.08.24,04:00:00,63800.000000,64298.900000,63790.200000,64269.300000,19125.0530
BTCUSDT,2024.08.24,08:00:00,64269.300000,64472.500000,63836.600000,63881.700000,22828.9460
BTCUSDT,2024.08.24,12:00:00,63881.700000,64222.000000,63828.000000,63943.300000,19592.8940
BTCUSDT,2024.08.24,16:00:00,63943.400000,64414.200000,63897.600000,64170.000000,24371.5420
BTCUSDT,2024.08.24,20:00:00,64170.100000,64306.200000,63522.700000,64116.500000,24505.7020
BTCUSDT,2024.08.25,00:00:00,64116.600000,64549.000000,63962.900000,64065.000000,22855.3050
BTCUSDT,2024.08.25,04:00:00,64065.000000,64164.300000,63751.000000,63835.400000,14721.6030
BTCUSDT,2024.08.25,08:00:00,63835.500000,63990.000000,63731.300000,63851.700000,12960.8560
BTCUSDT,2024.08.25,12:00:00,63851.700000,64270.000000,63777.000000,64099.900000,16885.4710
BTCUSDT,2024.08.25,16:00:00,64099.900000,64226.200000,63950.000000,64152.200000,8486.7830
BTCUSDT,2024.08.25,20:00:00,64152.300000,65175.400000,64098.600000,64190.200000,39636.8700
BTCUSDT,2024.08.26,00:00:00,64190.100000,64455.800000,63711.200000,64089.500000,23198.6660
BTCUSDT,2024.08.26,04:00:00,64089.500000,64183.200000,63541.900000,63603.200000,21222.0120
BTCUSDT,2024.08.26,08:00:00,63603.300000,64022.200000,63074.500000,63816.600000,33534.5590
BTCUSDT,2024.08.26,12:00:00,63816.600000,63934.700000,63032.000000,63493.000000,54988.2640
BTCUSDT,2024.08.26,16:00:00,63493.000000,63859.200000,63138.400000,63305.000000,35175.0910
BTCUSDT,2024.08.26,20:00:00,63305.000000,63536.100000,62750.200000,62807.600000,27858.6300
BTCUSDT,2024.08.27,00:00:00,62807.700000,63196.000000,62618.000000,62947.200000,29706.0990
BTCUSDT,2024.08.27,04:00:00,62947.100000,63178.700000,62688.500000,62882.000000,20401.0760
BTCUSDT,2024.08.27,08:00:00,62881.900000,62987.100000,62200.200000,62392.500000,39119.0700
BTCUSDT,2024.08.27,12:00:00,62392.400000,62485.200000,61426.100000,61673.300000,76715.3310
BTCUSDT,2024.08.27,16:00:00,61673.400000,62165.000000,61484.300000,62071.800000,33637.1420
BTCUSDT,2024.08.27,20:00:00,62071.800000,62075.000000,57928.200000,59384.500000,139691.0870
BTCUSDT,2024.08.28,00:00:00,59384.400000,59625.000000,58872.300000,59597.300000,38342.3760
BTCUSDT,2024.08.28,04:00:00,59597.300000,59640.000000,58475.200000,58579.000000,29969.6990
BTCUSDT,2024.08.28,08:00:00,58579.000000,60197.800000,58510.000000,59900.100000,49925.7010
BTCUSDT,2024.08.28,12:00:00,59900.200000,60131.000000,58400.000000,58963.400000,75714.4710
BTCUSDT,2024.08.28,16:00:00,58963.400000,59794.700000,57820.000000,58871.100000,82316.6820
BTCUSDT,2024.08.28,20:00:00,58871.000000,59579.800000,58602.600000,59010.000000,37519.6380
BTCUSDT,2024.08.29,00:00:00,59010.000000,59300.000000,58834.000000,59113.000000,16919.5260
BTCUSDT,2024.08.29,04:00:00,59113.400000,59734.100000,59040.800000,59548.900000,19489.4200
BTCUSDT,2024.08.29,08:00:00,59548.900000,60450.000000,59340.000000,60040.000000,34525.8780
BTCUSDT,2024.08.29,12:00:00,60040.000000,61144.900000,59956.300000,60750.900000,61927.2720
BTCUSDT,2024.08.29,16:00:00,60750.900000,60930.000000,58876.800000,59237.000000,74013.4590
BTCUSDT,2024.08.29,20:00:00,59236.900000,59614.500000,58655.000000,59323.200000,27021.1300
BTCUSDT,2024.08.30,00:00:00,59323.300000,59468.000000,58862.200000,59001.000000,22767.2680
BTCUSDT,2024.08.30,04:00:00,59001.100000,59558.000000,58650.000000,59235.900000,31797.8780
BTCUSDT,2024.08.30,08:00:00,59236.000000,59637.400000,59235.900000,59367.000000,22816.7000
BTCUSDT,2024.08.30,12:00:00,59367.000000,59914.900000,57901.200000,58073.100000,106557.2100
BTCUSDT,2024.08.30,16:00:00,58073.700000,59345.800000,57525.000000,58670.100000,69320.5900
BTCUSDT,2024.08.30,20:00:00,58670.000000,59283.100000,58668.800000,59096.300000,15016.8230
BTCUSDT,2024.08.31,00:00:00,59096.400000,59436.000000,59028.000000,59199.900000,11958.4500
BTCUSDT,2024.08.31,04:00:00,59200.000000,59321.800000,59044.000000,59060.800000,8559.3260
BTCUSDT,2024.08.31,08:00:00,59060.800000,59153.000000,58795.400000,59093.100000,13321.5590
BTCUSDT,2024.08.31,12:00:00,59093.100000,59215.800000,58860.000000,58983.700000,13422.2000
BTCUSDT,2024.08.31,16:00:00,58983.800000,59108.300000,58700.000000,58834.200000,13929.9870
BTCUSDT,2024.08.31,20:00:00,58834.300000,59107.500000,58756.000000,58941.900000,7675.1520
BTCUSDT,2024.09.01,00:00:00,58941.900000,59052.700000,58250.000000,58501.600000,21088.0370
BTCUSDT,2024.09.01,04:00:00,58501.600000,58575.700000,57728.600000,58444.100000,36976.4870
BTCUSDT,2024.09.01,08:00:00,58444.100000,58469.900000,57800.000000,58208.000000,23778.6030
BTCUSDT,2024.09.01,12:00:00,58208.100000,58345.300000,57123.000000,58184.100000,64849.9810
BTCUSDT,2024.09.01,16:00:00,58184.100000,58787.200000,57834.000000,58480.800000,31892.4430
BTCUSDT,2024.09.01,20:00:00,58480.800000,58626.300000,57161.100000,57268.100000,44324.3630
BTCUSDT,2024.09.02,00:00:00,57268.100000,57735.000000,57093.000000,57708.700000,40517.8590
BTCUSDT,2024.09.02,04:00:00,57708.600000,57966.900000,57316.600000,57523.200000,22388.6330
BTCUSDT,2024.09.02,08:00:00,57523.300000,58639.000000,57487.700000,58396.000000,49492.5310
BTCUSDT,2024.09.02,12:00:00,58395.900000,58783.000000,58075.000000,58508.000000,37132.3930
BTCUSDT,2024.09.02,16:00:00,58508.000000,58645.400000,58267.400000,58418.800000,15329.0880
BTCUSDT,2024.09.02,20:00:00,58418.800000,59412.300000,58354.800000,59112.100000,36357.8800
BTCUSDT,2024.09.03,00:00:00,59112.200000,59790.000000,59000.000000,59087.900000,33235.2200
BTCUSDT,2024.09.03,04:00:00,59087.900000,59236.700000,58838.100000,59078.000000,21946.8960
BTCUSDT,2024.09.03,08:00:00,59078.000000,59174.800000,58668.500000,59038.600000,20272.0220
BTCUSDT,2024.09.03,12:00:00,59038.500000,59332.900000,57530.100000,57695.100000,88841.4440
BTCUSDT,2024.09.03,16:00:00,57695.100000,58250.000000,57560.700000,58020.900000,42995.5140
BTCUSDT,2024.09.03,20:00:00,58021.000000,58217.600000,57320.000000,57451.900000,22905.4010
BTCUSDT,2024.09.04,00:00:00,57452.000000,57920.000000,55555.000000,56632.900000,96559.9300
BTCUSDT,2024.09.04,04:00:00,56632.900000,56847.200000,56107.900000,56717.000000,36160.8200
BTCUSDT,2024.09.04,08:00:00,56717.100000,56871.500000,56411.600000,56536.200000,24166.8380
BTCUSDT,2024.09.04,12:00:00,56536.100000,58137.700000,56154.000000,58096.200000,98800.8020
BTCUSDT,2024.09.04,16:00:00,58096.000000,58500.000000,57615.900000,58029.800000,53202.1510
BTCUSDT,2024.09.04,20:00:00,58029.800000,58371.700000,57781.300000,57944.800000,18092.7700
BTCUSDT,2024.09.05,00:00:00,57944.800000,58318.900000,56869.400000,57104.100000,43700.1530
BTCUSDT,2024.09.05,04:00:00,57104.100000,57265.000000,56500.800000,57127.000000,36290.4930
BTCUSDT,2024.09.05,08:00:00,57126.900000,57217.500000,56591.000000,56666.100000,28862.9970
BTCUSDT,2024.09.05,12:00:00,56666.100000,57300.000000,55779.100000,55947.000000,114809.7690
BTCUSDT,2024.09.05,16:00:00,55947.000000,56688.900000,55760.000000,56026.000000,46207.1950
BTCUSDT,2024.09.05,20:00:00,56025.200000,56232.800000,55600.000000,56145.700000,24832.9850
BTCUSDT,2024.09.06,00:00:00,56145.700000,56836.700000,55955.100000,56553.700000,31267.0570
BTCUSDT,2024.09.06,04:00:00,56553.700000,56717.800000,55250.000000,55766.300000,48647.4690
BTCUSDT,2024.09.06,08:00:00,55766.300000,56244.100000,55607.300000,55972.100000,37288.3050
BTCUSDT,2024.09.06,12:00:00,55972.100000,57000.000000,53780.900000,54022.100000,199654.4570
BTCUSDT,2024.09.06,16:00:00,54022.100000,54414.000000,53235.700000,53515.300000,95828.2710
BTCUSDT,2024.09.06,20:00:00,53515.300000,53938.900000,52510.800000,53927.700000,66377.5540
BTCUSDT,2024.09.07,00:00:00,53927.700000,54082.200000,53725.000000,53789.200000,16109.6810
BTCUSDT,2024.09.07,04:00:00,53789.300000,54369.700000,53780.100000,54258.100000,26886.4480
BTCUSDT,2024.09.07,08:00:00,54258.000000,54472.800000,54143.500000,54298.900000,16932.7070
BTCUSDT,2024.09.07,12:00:00,54299.000000,54800.000000,54298.900000,54746.600000,23152.4300
BTCUSDT,2024.09.07,16:00:00,54746.700000,54820.200000,53969.000000,54375.000000,26559.3110
BTCUSDT,2024.09.07,20:00:00,54375.100000,54415.400000,53778.100000,54134.900000,18046.0170
BTCUSDT,2024.09.08,00:00:00,54134.900000,54478.900000,53937.000000,54371.500000,16385.4790
BTCUSDT,2024.09.08,04:00:00,54371.500000,54544.800000,54232.100000,54411.500000,13982.5480
BTCUSDT,2024.09.08,08:00:00,54411.500000,54700.000000,54322.900000,54528.600000,15369.0040
BTCUSDT,2024.09.08,12:00:00,54528.700000,54544.000000,53610.000000,53663.600000,41767.6560
BTCUSDT,2024.09.08,16:00:00,53663.400000,54497.400000,53596.500000,54301.300000,25558.9460
BTCUSDT,2024.09.08,20:00:00,54301.300000,55300.000000,54130.300000,54839.600000,49014.9030
BTCUSDT,2024.09.09,00:00:00,54839.600000,55351.400000,54650.200000,55084.900000,34856.3970
BTCUSDT,2024.09.09,04:00:00,55085.000000,55118.300000,54557.000000,54939.100000,25144.5360
BTCUSDT,2024.09.09,08:00:00,54939.000000,55549.000000,54920.700000,55236.800000,35621.1850
BTCUSDT,2024.09.09,12:00:00,55236.700000,55774.900000,54755.000000,55360.300000,77478.1000
BTCUSDT,2024.09.09,16:00:00,55360.300000,57148.600000,55319.400000,57060.100000,89138.1540
BTCUSDT,2024.09.09,20:00:00,57060.100000,58153.200000,56770.400000,57010.000000,50855.9890
BTCUSDT,2024.09.10,00:00:00,57010.100000,57041.900000,56493.000000,56500.100000,25864.7100
BTCUSDT,2024.09.10,04:00:00,56500.000000,57266.600000,56361.000000,57183.200000,28066.7670
BTCUSDT,2024.09.10,08:00:00,57183.200000,57366.000000,56851.100000,57190.100000,26303.6650
BTCUSDT,2024.09.10,12:00:00,57190.100000,57439.000000,56485.000000,56561.000000,68550.3080
BTCUSDT,2024.09.10,16:00:00,56553.900000,58033.200000,56525.000000,57923.600000,58356.3360
BTCUSDT,2024.09.10,20:00:00,57923.900000,57945.400000,57416.300000,57609.100000,21175.8900
BTCUSDT,2024.09.11,00:00:00,57609.200000,57729.000000,56643.000000,56793.500000,45303.4180
BTCUSDT,2024.09.11,04:00:00,56793.600000,56794.900000,56050.000000,56675.100000,42336.0800
BTCUSDT,2024.09.11,08:00:00,56675.100000,56850.000000,56311.000000,56768.900000,32736.3780
BTCUSDT,2024.09.11,12:00:00,56768.900000,57138.000000,55515.200000,56676.100000,129132.6100
BTCUSDT,2024.09.11,16:00:00,56676.000000,57954.400000,56618.000000,57560.900000,74115.0140
BTCUSDT,2024.09.11,20:00:00,57560.900000,57648.000000,57171.000000,57306.000000,14607.9450
BTCUSDT,2024.09.12,00:00:00,57305.600000,58465.400000,57283.100000,58197.900000,49947.0240
BTCUSDT,2024.09.12,04:00:00,58197.900000,58397.500000,57810.000000,58101.800000,24243.8470
BTCUSDT,2024.09.12,08:00:00,58101.700000,58317.500000,57867.000000,58031.700000,22402.4370
BTCUSDT,2024.09.12,12:00:00,58031.700000,58606.600000,57310.000000,57472.100000,95837.3160
BTCUSDT,2024.09.12,16:00:00,57472.200000,58425.700000,57454.400000,58366.300000,46353.8960
BTCUSDT,2024.09.12,20:00:00,58366.300000,58366.800000,57734.900000,58097.000000,22665.1680
BTCUSDT,2024.09.13,00:00:00,58097.100000,58226.800000,57800.800000,57827.000000,16460.5260
BTCUSDT,2024.09.13,04:00:00,57827.000000,58108.800000,57708.000000,58079.800000,16302.3110
BTCUSDT,2024.09.13,08:00:00,58079.700000,58321.900000,57792.500000,57852.600000,25215.5010
BTCUSDT,2024.09.13,12:00:00,57852.600000,59706.100000,57594.000000,59623.500000,115499.4740
BTCUSDT,2024.09.13,16:00:00,59623.600000,59979.200000,59278.900000,59703.100000,61622.6770
BTCUSDT,2024.09.13,20:00:00,59703.100000,60597.000000,59588.000000,60456.200000,42329.0030
BTCUSDT,2024.09.14,00:00:00,60456.200000,60572.900000,60255.400000,60290.500000,15486.8440
BTCUSDT,2024.09.14,04:00:00,60290.500000,60318.800000,59866.000000,60110.400000,17391.5350
BTCUSDT,2024.09.14,08:00:00,60110.300000,60130.000000,59577.700000,59680.000000,19441.4110
BTCUSDT,2024.09.14,12:00:00,59680.100000,59988.900000,59610.000000,59840.100000,17932.9010
BTCUSDT,2024.09.14,16:00:00,59840.100000,59953.000000,59360.100000,59778.400000,20367.1150
BTCUSDT,2024.09.14,20:00:00,59778.400000,60135.800000,59740.000000,59964.000000,11960.7710
BTCUSDT,2024.09.15,00:00:00,59963.900000,60247.900000,59950.000000,60130.200000,11165.6070
BTCUSDT,2024.09.15,04:00:00,60130.200000,60193.600000,60047.900000,60166.800000,7003.3750
BTCUSDT,2024.09.15,08:00:00,60166.700000,60178.000000,59848.600000,59977.000000,11882.5770
BTCUSDT,2024.09.15,12:00:00,59977.000000,60369.400000,59823.000000,60304.600000,25224.8320
BTCUSDT,2024.09.15,16:00:00,60304.600000,60323.100000,59663.000000,59847.700000,29765.6930
BTCUSDT,2024.09.15,20:00:00,59847.700000,59910.200000,58654.000000,59100.500000,45482.1220
BTCUSDT,2024.09.16,00:00:00,59100.500000,59182.200000,58079.700000,58546.500000,54220.7090
BTCUSDT,2024.09.16,04:00:00,58546.400000,58935.000000,58279.200000,58874.600000,26326.7220
BTCUSDT,2024.09.16,08:00:00,58874.600000,59159.100000,58463.600000,58630.000000,28655.9800
BTCUSDT,2024.09.16,12:00:00,58630.100000,58766.000000,57550.000000,57860.700000,71193.9290
BTCUSDT,2024.09.16,16:00:00,57860.700000,58250.000000,57446.300000,57915.400000,48106.2790
BTCUSDT,2024.09.16,20:00:00,57915.500000,58397.900000,57576.100000,58187.000000,22195.8130
BTCUSDT,2024.09.17,00:00:00,58187.000000,58320.000000,57588.800000,58035.200000,26540.6400
BTCUSDT,2024.09.17,04:00:00,58035.200000,58762.000000,57993.000000,58668.100000,23933.1920
BTCUSDT,2024.09.17,08:00:00,58668.100000,59274.400000,58600.000000,59055.100000,37558.4580
BTCUSDT,2024.09.17,12:00:00,59055.000000,61345.000000,58850.000000,61103.000000,138114.4530
BTCUSDT,2024.09.17,16:00:00,61111.000000,61240.600000,59600.000000,59946.000000,66312.4870
BTCUSDT,2024.09.17,20:00:00,59945.900000,60398.200000,59696.000000,60281.000000,25982.8360
BTCUSDT,2024.09.18,00:00:00,60281.000000,60747.700000,59838.000000,60490.000000,27659.6900
BTCUSDT,2024.09.18,04:00:00,60490.100000,60664.900000,60166.700000,60403.700000,18106.5770
BTCUSDT,2024.09.18,08:00:00,60403.600000,60403.700000,59360.100000,59824.600000,42775.4200
BTCUSDT,2024.09.18,12:00:00,59824.500000,60130.000000,59261.900000,59400.100000,56105.5080
BTCUSDT,2024.09.18,16:00:00,59400.100000,61320.700000,59138.000000,60024.600000,158110.0800
BTCUSDT,2024.09.18,20:00:00,60024.600000,61765.000000,59430.000000,61735.300000,52972.0370
BTCUSDT,2024.09.19,00:00:00,61735.300000,62555.000000,61534.000000,62086.500000,71083.2080
BTCUSDT,2024.09.19,04:00:00,62086.600000,62155.000000,61779.900000,62071.000000,23263.9400
BTCUSDT,2024.09.19,08:00:00,62071.000000,62697.000000,61851.300000,62604.500000,40249.5060
BTCUSDT,2024.09.19,12:00:00,62604.500000,63483.800000,62540.300000,63129.000000,85542.0870
BTCUSDT,2024.09.19,16:00:00,63129.000000,63830.100000,62905.600000,63229.400000,56180.0570
BTCUSDT,2024.09.19,20:00:00,63229.400000,63229.500000,62623.400000,62926.900000,26063.6140
BTCUSDT,2024.09.20,00:00:00,62926.900000,63728.200000,62579.200000,63723.300000,32841.5210
BTCUSDT,2024.09.20,04:00:00,63723.200000,64126.700000,63363.700000,63494.400000,52132.8640
BTCUSDT,2024.09.20,08:00:00,63494.500000,63673.800000,63080.100000,63417.100000,35056.9180
BTCUSDT,2024.09.20,12:00:00,63417.200000,63528.700000,62535.000000,63120.200000,79408.7340
BTCUSDT,2024.09.20,16:00:00,63120.200000,63257.600000,62320.000000,62772.100000,41022.3360
BTCUSDT,2024.09.20,20:00:00,62772.000000,63280.000000,62669.200000,63175.700000,16710.4620
BTCUSDT,2024.09.21,00:00:00,63175.800000,63282.000000,62790.000000,62865.100000,17298.3110
BTCUSDT,2024.09.21,04:00:00,62865.000000,63114.600000,62714.200000,63060.000000,12981.7500
BTCUSDT,2024.09.21,08:00:00,63060.100000,63120.000000,62936.800000,63058.000000,8566.4260
BTCUSDT,2024.09.21,12:00:00,63058.000000,63286.900000,62995.200000,63146.600000,14099.2660
BTCUSDT,2024.09.21,16:00:00,63146.600000,63378.800000,63054.000000,63174.200000,12565.6930
BTCUSDT,2024.09.21,20:00:00,63174.100000,63546.900000,63025.000000,63320.600000,12736.9160
BTCUSDT,2024.09.22,00:00:00,63320.600000,63423.700000,62801.200000,63088.900000,19579.3640
BTCUSDT,2024.09.22,04:00:00,63088.800000,63182.400000,62808.000000,62909.300000,10743.3170
BTCUSDT,2024.09.22,08:00:00,62909.200000,63010.500000,62520.200000,62751.400000,22546.4860
BTCUSDT,2024.09.22,12:00:00,62751.400000,62915.700000,62435.000000,62624.200000,19079.4160
BTCUSDT,2024.09.22,16:00:00,62624.100000,63200.000000,62443.200000,63132.100000,22456.1010
BTCUSDT,2024.09.22,20:00:00,63132.200000,64000.000000,62339.000000,63558.400000,54725.2000
BTCUSDT,2024.09.23,00:00:00,63558.500000,64724.800000,62534.400000,64320.100000,74683.4580
BTCUSDT,2024.09.23,04:00:00,64320.100000,64427.900000,63356.800000,63519.900000,35083.3450
BTCUSDT,2024.09.23,08:00:00,63519.900000,63668.400000,63279.500000,63399.000000,21731.1800
BTCUSDT,2024.09.23,12:00:00,63398.900000,63778.700000,63033.900000,63589.600000,56370.5170
BTCUSDT,2024.09.23,16:00:00,63589.600000,63790.000000,63077.600000,63272.600000,28820.3180
BTCUSDT,2024.09.23,20:00:00,63272.700000,63467.100000,63050.000000,63302.000000,17654.7460
BTCUSDT,2024.09.24,00:00:00,63302.100000,63377.400000,62688.200000,63097.600000,34882.2240
BTCUSDT,2024.09.24,04:00:00,63097.600000,63542.900000,62913.600000,63527.800000,18863.3480
BTCUSDT,2024.09.24,08:00:00,63527.700000,63925.500000,63350.000000,63446.300000,32217.0240
BTCUSDT,2024.09.24,12:00:00,63446.300000,63744.400000,62695.000000,63128.800000,63631.4640
BTCUSDT,2024.09.24,16:00:00,63128.800000,64357.700000,63056.000000,64270.000000,49015.9760
BTCUSDT,2024.09.24,20:00:00,64270.000000,64666.000000,63939.200000,64243.100000,38377.5920
BTCUSDT,2024.09.25,00:00:00,64243.200000,64800.000000,63955.900000,64422.400000,29755.7530
BTCUSDT,2024.09.25,04:00:00,64422.500000,64430.000000,63612.300000,63814.900000,25639.1130
BTCUSDT,2024.09.25,08:00:00,63814.900000,63888.300000,63376.000000,63808.100000,30911.4330
BTCUSDT,2024.09.25,12:00:00,63808.100000,63971.000000,63243.200000,63470.100000,39594.0670
BTCUSDT,2024.09.25,16:00:00,63470.100000,63642.400000,62963.200000,63151.600000,37305.7270
BTCUSDT,2024.09.25,20:00:00,63151.000000,63533.300000,62910.000000,63118.400000,21744.6790
BTCUSDT,2024.09.26,00:00:00,63118.300000,63518.900000,62634.400000,63482.900000,36878.7880
BTCUSDT,2024.09.26,04:00:00,63483.000000,63843.100000,63311.800000,63823.400000,22609.1180
BTCUSDT,2024.09.26,08:00:00,63823.400000,64500.000000,63567.000000,64373.000000,46849.7770
BTCUSDT,2024.09.26,12:00:00,64372.900000,65549.500000,64127.100000,65200.000000,130644.2470
BTCUSDT,2024.09.26,16:00:00,65200.000000,65800.000000,64656.100000,64677.800000,56313.8840
BTCUSDT,2024.09.26,20:00:00,64677.800000,65214.200000,64601.600000,65139.200000,27890.5420
BTCUSDT,2024.09.27,00:00:00,65139.100000,65412.000000,64788.000000,65338.000000,25651.7590
BTCUSDT,2024.09.27,04:00:00,65338.000000,65534.600000,65071.000000,65438.900000,26033.4900
BTCUSDT,2024.09.27,08:00:00,65438.800000,65968.100000,65307.000000,65408.200000,41461.3450
BTCUSDT,2024.09.27,12:00:00,65408.300000,66450.000000,65287.600000,65974.000000,76731.8330
BTCUSDT,2024.09.27,16:00:00,65974.100000,66329.000000,65477.700000,65612.800000,43546.1940
BTCUSDT,2024.09.27,20:00:00,65612.900000,65950.000000,65587.200000,65749.600000,12979.4000
BTCUSDT,2024.09.28,00:00:00,65749.500000,66237.000000,65692.300000,66041.000000,15236.2790
BTCUSDT,2024.09.28,04:00:00,66041.000000,66060.100000,65706.100000,65790.000000,12621.8230
BTCUSDT,2024.09.28,08:00:00,65790.000000,65790.100000,65392.700000,65761.500000,19888.9290
BTCUSDT,2024.09.28,12:00:00,65761.500000,65796.800000,65368.100000,65593.700000,20472.0530
BTCUSDT,2024.09.28,16:00:00,65593.600000,65798.700000,65460.000000,65699.600000,9155.2860
BTCUSDT,2024.09.28,20:00:00,65699.700000,65980.000000,65380.000000,65822.600000,15399.1830
BTCUSDT,2024.09.29,00:00:00,65822.700000,65954.500000,65599.800000,65781.600000,12438.8330
BTCUSDT,2024.09.29,04:00:00,65781.500000,65781.600000,65400.000000,65436.900000,12286.5020
BTCUSDT,2024.09.29,08:00:00,65436.900000,65702.700000,65401.000000,65670.400000,11851.7590
BTCUSDT,2024.09.29,12:00:00,65670.400000,65832.900000,65480.000000,65720.000000,17725.9880
BTCUSDT,2024.09.29,16:00:00,65720.000000,65947.400000,65623.800000,65926.300000,12855.5780
BTCUSDT,2024.09.29,20:00:00,65926.200000,66059.300000,65491.400000,65568.100000,20973.1390
BTCUSDT,2024.09.30,00:00:00,65568.200000,65588.800000,64150.000000,64539.900000,69881.8340
BTCUSDT,2024.09.30,04:00:00,64539.900000,64686.000000,64300.000000,64539.100000,24981.7140
BTCUSDT,2024.09.30,08:00:00,64539.000000,64552.900000,63222.000000,63794.400000,76458.9790
BTCUSDT,2024.09.30,12:00:00,63794.400000,64130.800000,63490.200000,63535.600000,48875.8100
BTCUSDT,2024.09.30,16:00:00,63535.700000,63722.400000,63036.200000,63472.800000,45469.7040
BTCUSDT,2024.09.30,20:00:00,63472.900000,63845.000000,62825.000000,63309.100000,31180.3320
BTCUSDT,2024.10.01,00:00:00,63309.000000,63732.000000,63000.000000,63707.200000,30145.0620
BTCUSDT,2024.10.01,04:00:00,63707.200000,64092.600000,63627.600000,64017.000000,23523.6650
BTCUSDT,2024.10.01,08:00:00,64016.900000,64075.500000,63683.100000,63699.900000,18586.9100
BTCUSDT,2024.10.01,12:00:00,63700.000000,63784.000000,61801.600000,62613.800000,149631.7280
BTCUSDT,2024.10.01,16:00:00,62613.800000,62760.000000,61100.000000,61739.700000,126786.0100
BTCUSDT,2024.10.01,20:00:00,61739.800000,61750.200000,60128.200000,60776.800000,81144.4600
BTCUSDT,2024.10.02,00:00:00,60776.700000,61858.200000,60703.300000,61718.000000,37462.5280
BTCUSDT,2024.10.02,04:00:00,61718.100000,61926.700000,61325.000000,61702.500000,27147.2090
BTCUSDT,2024.10.02,08:00:00,61702.500000,61888.200000,60856.800000,61140.800000,42121.3940
BTCUSDT,2024.10.02,12:00:00,61140.800000,61902.600000,60495.000000,61833.900000,91786.7700
BTCUSDT,2024.10.02,16:00:00,61833.900000,62355.000000,59934.900000,60155.000000,93642.6380
BTCUSDT,2024.10.02,20:00:00,60155.000000,60972.900000,60091.300000,60622.600000,34841.2660
BTCUSDT,2024.10.03,00:00:00,60622.700000,61445.100000,60508.700000,61434.300000,31925.5030
BTCUSDT,2024.10.03,04:00:00,61434.400000,61452.600000,60789.200000,60898.600000,24875.3010
BTCUSDT,2024.10.03,08:00:00,60898.500000,61047.300000,60101.500000,60733.000000,53727.3240
BTCUSDT,2024.10.03,12:00:00,60732.900000,60909.100000,59815.000000,60606.500000,101228.6140
BTCUSDT,2024.10.03,16:00:00,60606.400000,61024.100000,59888.000000,60998.000000,55409.5770
BTCUSDT,2024.10.03,20:00:00,60998.000000,61073.700000,60580.000000,60727.200000,18970.8930
BTCUSDT,2024.10.04,00:00:00,60727.100000,61247.400000,60434.100000,60928.700000,29090.1010
BTCUSDT,2024.10.04,04:00:00,60928.700000,61476.100000,60896.300000,61403.900000,21411.6320
BTCUSDT,2024.10.04,08:00:00,61403.900000,61616.000000,61236.000000,61423.000000,24727.1490
BTCUSDT,2024.10.04,12:00:00,61423.000000,61985.000000,60700.500000,61843.100000,97099.1920
BTCUSDT,2024.10.04,16:00:00,61843.200000,62442.800000,61611.000000,62337.000000,46119.9240
BTCUSDT,2024.10.04,20:00:00,62337.200000,62457.100000,61934.000000,62054.400000,16347.8380
BTCUSDT,2024.10.05,00:00:00,62054.300000,62169.300000,61648.000000,61835.500000,15990.3260
BTCUSDT,2024.10.05,04:00:00,61835.500000,62242.400000,61790.300000,62043.000000,11996.5670
BTCUSDT,2024.10.05,08:00:00,62043.000000,62298.200000,62043.000000,62149.100000,8605.5650
BTCUSDT,2024.10.05,12:00:00,62149.100000,62344.000000,62058.900000,62131.400000,11275.1720
BTCUSDT,2024.10.05,16:00:00,62131.500000,62159.400000,61740.400000,61822.400000,15845.2300
BTCUSDT,2024.10.05,20:00:00,61822.400000,62076.900000,61671.900000,62023.100000,10617.9210
BTCUSDT,2024.10.06,00:00:00,62023.100000,62132.400000,61840.500000,61852.400000,8978.7680
BTCUSDT,2024.10.06,04:00:00,61852.500000,61987.700000,61778.900000,61919.800000,6470.9940
BTCUSDT,2024.10.06,08:00:00,61919.800000,62139.800000,61890.000000,62067.100000,8955.2650
BTCUSDT,2024.10.06,12:00:00,62067.000000,62750.000000,62027.000000,62690.400000,32004.2790
BTCUSDT,2024.10.06,16:00:00,62690.400000,62961.500000,62511.000000,62601.500000,20697.8830
BTCUSDT,2024.10.06,20:00:00,62601.400000,62888.000000,62265.000000,62789.300000,19306.2640
BTCUSDT,2024.10.07,00:00:00,62789.200000,63950.000000,62620.100000,63494.600000,53427.0450
BTCUSDT,2024.10.07,04:00:00,63494.500000,63689.800000,63281.600000,63509.900000,19040.5890
BTCUSDT,2024.10.07,08:00:00,63509.900000,63680.000000,62621.900000,63114.100000,46007.2920
BTCUSDT,2024.10.07,12:00:00,63114.100000,64448.200000,62800.000000,63620.000000,92256.7610
BTCUSDT,2024.10.07,16:00:00,63620.100000,63885.000000,62700.000000,63349.400000,46946.8010
BTCUSDT,2024.10.07,20:00:00,63349.400000,63379.900000,62091.800000,62190.700000,41270.8870
BTCUSDT,2024.10.08,00:00:00,62190.600000,62794.000000,62126.300000,62602.400000,28564.6600
BTCUSDT,2024.10.08,04:00:00,62602.300000,62753.300000,61941.000000,62291.400000,35539.4870
BTCUSDT,2024.10.08,08:00:00,62291.400000,62637.000000,62159.800000,62595.700000,20264.4890
BTCUSDT,2024.10.08,12:00:00,62595.800000,63178.700000,61836.000000,62259.900000,84886.2040
BTCUSDT,2024.10.08,16:00:00,62259.900000,62571.800000,61843.600000,62228.300000,42234.4580
BTCUSDT,2024.10.08,20:00:00,62228.500000,62544.600000,62000.000000,62131.700000,14787.0610
BTCUSDT,2024.10.09,00:00:00,62131.800000,62478.600000,61962.800000,62365.000000,19352.9490
BTCUSDT,2024.10.09,04:00:00,62365.000000,62520.900000,62164.700000,62243.000000,14632.8840
BTCUSDT,2024.10.09,08:00:00,62243.000000,62261.700000,62025.000000,62177.800000,16509.7690
BTCUSDT,2024.10.09,12:00:00,62177.700000,62386.000000,61600.100000,62285.400000,64587.8680
BTCUSDT,2024.10.09,16:00:00,62285.400000,62320.000000,60800.200000,61013.700000,60119.5810
BTCUSDT,2024.10.09,20:00:00,61013.600000,61092.500000,60251.900000,60606.400000,42099.1220
BTCUSDT,2024.10.10,00:00:00,60606.300000,60930.000000,60309.000000,60838.700000,25500.2170
BTCUSDT,2024.10.10,04:00:00,60838.700000,61128.100000,60782.500000,60871.000000,15827.2970
BTCUSDT,2024.10.10,08:00:00,60871.100000,61297.000000,60600.000000,61235.900000,27636.4230
BTCUSDT,2024.10.10,12:00:00,61235.900000,61294.700000,60414.000000,60769.900000,67108.3760
BTCUSDT,2024.10.10,16:00:00,60770.000000,61020.000000,58900.000000,59696.900000,99979.0960
BTCUSDT,2024.10.10,20:00:00,59696.900000,60295.700000,59550.000000,60293.200000,26896.2440
BTCUSDT,2024.10.11,00:00:00,60293.300000,60749.900000,60057.800000,60572.600000,26586.0580
BTCUSDT,2024.10.11,04:00:00,60572.600000,60893.400000,60541.600000,60643.300000,19170.5460
BTCUSDT,2024.10.11,08:00:00,60643.200000,61228.900000,60618.400000,61140.000000,29003.4510
BTCUSDT,2024.10.11,12:00:00,61140.100000,62432.600000,61091.800000,62218.000000,87805.3330
BTCUSDT,2024.10.11,16:00:00,62218.000000,63400.000000,62080.100000,63042.400000,75652.8290
BTCUSDT,2024.10.11,20:00:00,63042.300000,63144.000000,62328.000000,62509.000000,25472.9250
BTCUSDT,2024.10.12,00:00:00,62509.000000,63055.900000,62458.000000,62537.000000,23211.1820
BTCUSDT,2024.10.12,04:00:00,62537.100000,62770.000000,62537.000000,62734.100000,10128.8480
BTCUSDT,2024.10.12,08:00:00,62734.000000,63248.000000,62645.500000,62900.300000,17567.5870
BTCUSDT,2024.10.12,12:00:00,62900.400000,63462.600000,62781.000000,63124.800000,26797.6610
BTCUSDT,2024.10.12,16:00:00,63124.900000,63366.800000,62862.000000,62966.300000,16359.0480
BTCUSDT,2024.10.12,20:00:00,62966.200000,63345.200000,62966.200000,63176.000000,8720.0800
BTCUSDT,2024.10.13,00:00:00,63176.000000,63260.000000,62615.400000,62686.200000,22542.8170
BTCUSDT,2024.10.13,04:00:00,62686.200000,62960.000000,62675.400000,62819.000000,9250.0780
BTCUSDT,2024.10.13,08:00:00,62819.000000,62938.100000,62486.100000,62528.500000,13355.8550
BTCUSDT,2024.10.13,12:00:00,62528.400000,62811.000000,62020.000000,62195.300000,32569.2830
BTCUSDT,2024.10.13,16:00:00,62195.200000,62864.800000,62141.100000,62699.300000,33647.9950
BTCUSDT,2024.10.13,20:00:00,62699.200000,63118.300000,62574.100000,62839.800000,18330.1280
BTCUSDT,2024.10.14,00:00:00,62839.700000,64377.600000,62420.000000,64281.600000,49743.0510
BTCUSDT,2024.10.14,04:00:00,64280.800000,64676.700000,63752.800000,64599.600000,63161.4490
BTCUSDT,2024.10.14,08:00:00,64599.500000,65221.600000,64306.900000,64899.400000,53429.6850
BTCUSDT,2024.10.14,12:00:00,64899.500000,66288.000000,64630.000000,65850.900000,97129.1050
BTCUSDT,2024.10.14,16:00:00,65850.900000,66066.000000,65520.000000,65901.000000,41167.5720
BTCUSDT,2024.10.14,20:00:00,65900.900000,66533.000000,65710.000000,66064.900000,33620.7390
BTCUSDT,2024.10.15,00:00:00,66064.900000,66312.400000,65300.000000,65382.100000,30836.4040
BTCUSDT,2024.10.15,04:00:00,65382.200000,65830.000000,65200.100000,65638.400000,27701.8460
BTCUSDT,2024.10.15,08:00:00,65638.400000,65838.900000,65255.000000,65385.300000,26501.6890
BTCUSDT,2024.10.15,12:00:00,65385.300000,67953.700000,64771.700000,65994.600000,218343.8050
BTCUSDT,2024.10.15,16:00:00,65994.700000,67372.900000,65952.600000,66937.100000,78846.9960
BTCUSDT,2024.10.15,20:00:00,66937.000000,67136.000000,66095.800000,67044.100000,39774.7710
BTCUSDT,2024.10.16,00:00:00,67044.000000,67548.600000,66724.200000,67064.500000,31340.5460
BTCUSDT,2024.10.16,04:00:00,67064.500000,67335.900000,66732.700000,66948.800000,24048.0740
BTCUSDT,2024.10.16,08:00:00,66948.800000,68400.000000,66888.000000,67872.300000,67489.1340
BTCUSDT,2024.10.16,12:00:00,67872.300000,68299.900000,67076.000000,67726.000000,85352.3300
BTCUSDT,2024.10.16,16:00:00,67725.900000,68087.900000,67447.100000,67692.400000,30240.7390
BTCUSDT,2024.10.16,20:00:00,67692.400000,67945.000000,67468.100000,67592.000000,15682.6780
BTCUSDT,2024.10.17,00:00:00,67592.000000,67925.900000,67369.300000,67570.000000,23822.2740
BTCUSDT,2024.10.17,04:00:00,67570.100000,67570.100000,67054.200000,67280.800000,27116.9550
BTCUSDT,2024.10.17,08:00:00,67280.800000,67516.700000,66766.000000,66853.600000,34930.9100
BTCUSDT,2024.10.17,12:00:00,66853.500000,67673.900000,66600.000000,67561.900000,75033.5950
BTCUSDT,2024.10.17,16:00:00,67561.900000,67570.000000,66682.300000,66821.100000,42147.0090
BTCUSDT,2024.10.17,20:00:00,66821.100000,67473.500000,66802.600000,67401.500000,17222.0940
BTCUSDT,2024.10.18,00:00:00,67401.500000,68268.000000,67165.000000,67532.300000,42849.6020
BTCUSDT,2024.10.18,04:00:00,67532.300000,68371.000000,67520.100000,67955.000000,35988.8330
BTCUSDT,2024.10.18,08:00:00,67955.100000,68044.800000,67656.600000,67692.700000,20054.4590
BTCUSDT,2024.10.18,12:00:00,67692.700000,68870.700000,67629.000000,68710.000000,82701.7740
BTCUSDT,2024.10.18,16:00:00,68710.000000,69000.000000,68338.000000,68582.300000,44954.4620
BTCUSDT,2024.10.18,20:00:00,68582.300000,68669.600000,68173.400000,68407.800000,18752.6310
BTCUSDT,2024.10.19,00:00:00,68407.800000,68684.900000,68278.800000,68428.400000,14128.9240
BTCUSDT,2024.10.19,04:00:00,68428.400000,68544.600000,68270.800000,68328.900000,9447.2180
BTCUSDT,2024.10.19,08:00:00,68328.900000,68456.000000,68042.500000,68071.600000,13259.1480
BTCUSDT,2024.10.19,12:00:00,68071.600000,68347.200000,68063.500000,68206.900000,12650.2050
BTCUSDT,2024.10.19,16:00:00,68206.900000,68228.900000,68000.000000,68162.500000,9668.4090
BTCUSDT,2024.10.19,20:00:00,68162.500000,68401.600000,68145.200000,68357.100000,9478.2040
BTCUSDT,2024.10.20,00:00:00,68357.100000,68435.600000,68069.800000,68161.100000,9136.2470
BTCUSDT,2024.10.20,04:00:00,68161.100000,68423.000000,68151.300000,68347.000000,10766.2220
BTCUSDT,2024.10.20,08:00:00,68347.000000,68498.000000,68330.000000,68396.300000,7315.3450
BTCUSDT,2024.10.20,12:00:00,68396.400000,68749.000000,68176.700000,68605.000000,26395.0080
BTCUSDT,2024.10.20,16:00:00,68605.000000,68649.000000,68384.300000,68484.900000,9301.8810
BTCUSDT,2024.10.20,20:00:00,68484.900000,69425.800000,68431.900000,69020.100000,43024.7890
BTCUSDT,2024.10.21,00:00:00,69020.200000,69566.000000,68590.000000,68938.000000,37444.3110
BTCUSDT,2024.10.21,04:00:00,68937.900000,69200.000000,68468.000000,68519.300000,26063.3490
BTCUSDT,2024.10.21,08:00:00,68519.300000,68675.000000,68136.000000,68250.900000,27692.4830
BTCUSDT,2024.10.21,12:00:00,68250.800000,68350.800000,66865.900000,67354.300000,97480.3810
BTCUSDT,2024.10.21,16:00:00,67354.200000,67949.000000,66920.000000,67755.400000,45291.7640
BTCUSDT,2024.10.21,20:00:00,67755.600000,67928.400000,67341.400000,67368.800000,19465.0450
BTCUSDT,2024.10.22,00:00:00,67368.700000,67688.000000,66536.500000,67390.300000,42456.3500
BTCUSDT,2024.10.22,04:00:00,67390.300000,67784.900000,67278.000000,67387.300000,17437.1140
BTCUSDT,2024.10.22,08:00:00,67387.200000,67524.600000,66740.000000,67280.600000,41352.4120
BTCUSDT,2024.10.22,12:00:00,67280.600000,67718.000000,66613.000000,67266.800000,69808.3740
BTCUSDT,2024.10.22,16:00:00,67266.800000,67630.000000,66902.100000,67466.800000,29595.3810
BTCUSDT,2024.10.22,20:00:00,67466.200000,67825.000000,67266.600000,67406.400000,17869.3460
BTCUSDT,2024.10.23,00:00:00,67406.500000,67449.000000,66856.700000,67057.800000,18075.8780
BTCUSDT,2024.10.23,04:00:00,67057.800000,67290.000000,66779.500000,66838.000000,18800.0140
BTCUSDT,2024.10.23,08:00:00,66838.000000,67046.800000,66150.000000,66406.100000,47764.7150
BTCUSDT,2024.10.23,12:00:00,66406.100000,66921.700000,65900.000000,66201.600000,61638.8760
BTCUSDT,2024.10.23,16:00:00,66201.700000,66566.000000,65222.300000,66465.200000,80361.2320
BTCUSDT,2024.10.23,20:00:00,66465.300000,66806.200000,66300.000000,66647.200000,21574.3430
BTCUSDT,2024.10.24,00:00:00,66647.300000,67615.300000,66482.000000,67192.700000,37890.4970
BTCUSDT,2024.10.24,04:00:00,67192.700000,67457.000000,67050.000000,67104.400000,17146.6190
BTCUSDT,2024.10.24,08:00:00,67104.500000,67327.200000,66700.000000,67276.300000,28291.9290
BTCUSDT,2024.10.24,12:00:00,67276.300000,68000.000000,67243.300000,67672.700000,58248.6040
BTCUSDT,2024.10.24,16:00:00,67672.700000,68296.000000,67329.200000,68279.700000,35683.9200
BTCUSDT,2024.10.24,20:00:00,68279.700000,68842.500000,67890.000000,68173.800000,35079.1530
BTCUSDT,2024.10.25,00:00:00,68173.800000,68256.500000,67800.000000,67983.100000,21316.5850
BTCUSDT,2024.10.25,04:00:00,67983.200000,68019.300000,67222.400000,67503.600000,30679.8700
BTCUSDT,2024.10.25,08:00:00,67503.600000,68158.000000,67289.500000,68081.600000,29234.2390
BTCUSDT,2024.10.25,12:00:00,68081.600000,68748.000000,67397.100000,67660.600000,69478.4410
BTCUSDT,2024.10.25,16:00:00,67660.600000,67895.500000,65950.300000,66825.800000,130344.4960
BTCUSDT,2024.10.25,20:00:00,66825.700000,67376.900000,65557.200000,66662.800000,67458.2400
BTCUSDT,2024.10.26,00:00:00,66662.700000,67016.100000,66414.100000,66885.700000,27492.4060
BTCUSDT,2024.10.26,04:00:00,66885.800000,67211.200000,66730.100000,66982.000000,14541.6480
BTCUSDT,2024.10.26,08:00:00,66982.000000,67250.000000,66939.500000,67110.100000,11608.6380
BTCUSDT,2024.10.26,12:00:00,67110.200000,67156.000000,66708.000000,66864.200000,18967.9530
BTCUSDT,2024.10.26,16:00:00,66864.300000,67160.000000,66760.500000,67154.500000,10647.4020
BTCUSDT,2024.10.26,20:00:00,67154.400000,67450.000000,67056.500000,67071.800000,10911.9450
BTCUSDT,2024.10.27,00:00:00,67071.900000,67297.200000,66909.400000,67261.800000,8720.0510
BTCUSDT,2024.10.27,04:00:00,67261.900000,67291.800000,67081.600000,67174.700000,5970.8700
BTCUSDT,2024.10.27,08:00:00,67174.700000,67246.000000,67011.100000,67101.100000,7730.4540
BTCUSDT,2024.10.27,12:00:00,67101.000000,67835.100000,67095.000000,67759.900000,26035.2050
BTCUSDT,2024.10.27,16:00:00,67759.900000,67994.200000,67513.000000,67816.800000,16831.5360
BTCUSDT,2024.10.27,20:00:00,67816.800000,68306.100000,67600.000000,67992.600000,23180.6920
BTCUSDT,2024.10.28,00:00:00,67992.700000,68094.600000,67651.000000,67698.100000,17259.4560
BTCUSDT,2024.10.28,04:00:00,67698.100000,68666.000000,67584.200000,68395.200000,31198.1700
BTCUSDT,2024.10.28,08:00:00,68395.300000,68820.900000,68207.400000,68731.100000,31556.1210
BTCUSDT,2024.10.28,12:00:00,68731.100000,69272.100000,68390.600000,68459.100000,73534.0150
BTCUSDT,2024.10.28,16:00:00,68459.100000,69902.400000,68424.000000,69566.100000,71038.6750
BTCUSDT,2024.10.28,20:00:00,69650.000000,70331.000000,69480.300000,69940.000000,31542.1850
BTCUSDT,2024.10.29,00:00:00,69939.900000,71607.000000,69733.000000,70927.500000,70969.9060
BTCUSDT,2024.10.29,04:00:00,70927.400000,71343.900000,70803.000000,71004.200000,27074.5970
BTCUSDT,2024.10.29,08:00:00,71004.100000,71580.000000,70960.000000,71440.100000,27038.5050
BTCUSDT,2024.10.29,12:00:00,71440.000000,72490.000000,70900.000000,72374.900000,101844.2830
BTCUSDT,2024.10.29,16:00:00,72374.900000,73660.000000,72328.600000,72528.600000,111067.5100
BTCUSDT,2024.10.29,20:00:00,72534.600000,72999.000000,71871.100000,72739.500000,44507.2590
BTCUSDT,2024.10.30,00:00:00,72739.500000,72797.400000,72018.000000,72249.900000,28141.2590
BTCUSDT,2024.10.30,04:00:00,72249.900000,72628.500000,72112.600000,72244.800000,18203.4310
BTCUSDT,2024.10.30,08:00:00,72244.800000,72620.000000,71931.100000,71995.000000,28224.5380
BTCUSDT,2024.10.30,12:00:00,71994.900000,72484.500000,71444.200000,72058.800000,69872.8220
BTCUSDT,2024.10.30,16:00:00,72058.800000,72207.100000,71655.000000,71826.100000,25715.6690
BTCUSDT,2024.10.30,20:00:00,71826.000000,72984.900000,71631.600000,72349.000000,56951.0890
BTCUSDT,2024.10.31,00:00:00,72349.000000,72598.500000,72030.500000,72359.900000,19966.0040
BTCUSDT,2024.10.31,04:00:00,72360.000000,72488.900000,72144.800000,72417.800000,12421.8160
BTCUSDT,2024.10.31,08:00:00,72417.800000,72720.300000,72150.000000,72213.300000,25593.0110
BTCUSDT,2024.10.31,12:00:00,72213.400000,72270.000000,70453.100000,70638.700000,108897.5490
BTCUSDT,2024.10.31,16:00:00,70638.600000,70922.400000,70050.000000,70128.100000,54149.0390
BTCUSDT,2024.10.31,20:00:00,70128.000000,70669.700000,69705.000000,70321.900000,35457.9090
BTCUSDT,2024.11.01,00:00:00,70321.900000,70500.000000,68870.400000,69397.700000,61743.1690
BTCUSDT,2024.11.01,04:00:00,69397.700000,69721.800000,69100.900000,69301.000000,21979.4960
BTCUSDT,2024.11.01,08:00:00,69301.000000,70248.600000,69270.000000,70024.800000,33299.1890
BTCUSDT,2024.11.01,12:00:00,70024.700000,71650.000000,69036.000000,69381.000000,132614.9320
BTCUSDT,2024.11.01,16:00:00,69381.100000,70543.300000,68822.500000,69278.600000,82079.0730
BTCUSDT,2024.11.01,20:00:00,69278.600000,69634.900000,68856.300000,69495.500000,20875.2290
BTCUSDT,2024.11.02,00:00:00,69495.400000,69913.100000,69480.800000,69599.900000,13396.5460
BTCUSDT,2024.11.02,04:00:00,69599.900000,69822.500000,69450.000000,69813.100000,9480.0660
BTCUSDT,2024.11.02,08:00:00,69813.000000,69846.200000,69413.000000,69602.500000,9919.8760
BTCUSDT,2024.11.02,12:00:00,69602.600000,69700.000000,69022.800000,69394.000000,25701.1950
BTCUSDT,2024.11.02,16:00:00,69393.900000,69610.900000,69221.600000,69502.600000,11944.5290
BTCUSDT,2024.11.02,20:00:00,69502.500000,69570.000000,69150.100000,69366.600000,8871.8930
BTCUSDT,2024.11.03,00:00:00,69366.600000,69393.700000,67846.000000,68367.500000,53265.0970
BTCUSDT,2024.11.03,04:00:00,68367.600000,68772.800000,68287.600000,68395.600000,20698.1810
BTCUSDT,2024.11.03,08:00:00,68395.500000,68605.500000,68183.800000,68345.400000,17859.3810
BTCUSDT,2024.11.03,12:00:00,68345.400000,68549.700000,67446.600000,68076.000000,57554.9910
BTCUSDT,2024.11.03,16:00:00,68075.600000,68691.400000,67660.000000,68670.000000,43218.0910
BTCUSDT,2024.11.03,20:00:00,68670.000000,69348.000000,68483.100000,68762.500000,33881.6350
BTCUSDT,2024.11.04,00:00:00,68762.500000,69495.300000,68220.000000,69034.000000,31791.1220
BTCUSDT,2024.11.04,04:00:00,69034.000000,69397.200000,68600.900000,68601.000000,21320.1580
BTCUSDT,2024.11.04,08:00:00,68601.000000,69029.800000,68456.300000,68778.000000,25361.6480
BTCUSDT,2024.11.04,12:00:00,68778.100000,69243.800000,68173.300000,68614.700000,47079.0520
BTCUSDT,2024.11.04,16:00:00,68614.800000,68808.600000,67205.000000,67845.700000,66818.2120
BTCUSDT,2024.11.04,20:00:00,67845.600000,68093.000000,66810.000000,67834.300000,52541.9740
BTCUSDT,2024.11.05,00:00:00,67834.400000,68264.300000,67454.200000,68226.300000,26196.7100
BTCUSDT,2024.11.05,04:00:00,68226.200000,68967.000000,68200.000000,68876.000000,24619.4500
BTCUSDT,2024.11.05,08:00:00,68875.900000,69100.000000,68588.200000,68788.400000,24112.3000
BTCUSDT,2024.11.05,12:00:00,68788.500000,70300.000000,68642.100000,69615.300000,85206.8860
BTCUSDT,2024.11.05,16:00:00,69615.200000,70537.400000,68650.000000,68955.900000,72195.6360
BTCUSDT,2024.11.05,20:00:00,68955.900000,69875.100000,68786.400000,69353.100000,40739.8880
BTCUSDT,2024.11.06,00:00:00,69353.100000,75656.100000,69272.700000,74367.100000,220262.6210
BTCUSDT,2024.11.06,04:00:00,74367.100000,75486.400000,73112.000000,73435.900000,150835.3660
BTCUSDT,2024.11.06,08:00:00,73435.800000,74488.100000,72721.500000,74291.600000,80333.0540
BTCUSDT,2024.11.06,12:00:00,74291.700000,74801.100000,73500.000000,74289.600000,98258.3890
BTCUSDT,2024.11.06,16:00:00,74289.700000,75896.500000,74134.500000,75817.900000,72281.0480
BTCUSDT,2024.11.06,20:00:00,75817.900000,76420.000000,75500.000000,75579.900000,55469.8080
BTCUSDT,2024.11.07,00:00:00,75579.900000,76072.500000,75000.000000,75062.900000,42389.2680
BTCUSDT,2024.11.07,04:00:00,75062.800000,75083.000000,74450.000000,74800.000000,33140.4620
BTCUSDT,2024.11.07,08:00:00,74800.000000,75195.000000,74719.300000,74776.900000,22641.1390
BTCUSDT,2024.11.07,12:00:00,74776.900000,76094.600000,74508.000000,76081.600000,53654.9030
BTCUSDT,2024.11.07,16:00:00,76081.500000,76750.400000,75577.800000,76533.300000,85759.8050
BTCUSDT,2024.11.07,20:00:00,76533.200000,76900.000000,75471.100000,75859.400000,43089.4560
BTCUSDT,2024.11.08,00:00:00,75859.400000,76350.200000,75576.300000,75900.400000,26499.9400
BTCUSDT,2024.11.08,04:00:00,75900.400000,76247.000000,75696.100000,76171.000000,20162.4710
BTCUSDT,2024.11.08,08:00:00,76171.000000,76350.000000,75775.800000,75951.900000,23054.5130
BTCUSDT,2024.11.08,12:00:00,75952.000000,76627.800000,75620.100000,76423.300000,58380.3450
BTCUSDT,2024.11.08,16:00:00,76423.300000,77182.900000,75820.000000,76894.400000,72505.4900
BTCUSDT,2024.11.08,20:00:00,76894.400000,77080.400000,76278.500000,76482.200000,29767.5650
BTCUSDT,2024.11.09,00:00:00,76482.200000,76618.300000,76122.400000,76330.000000,15792.5510
BTCUSDT,2024.11.09,04:00:00,76330.100000,76800.000000,76285.700000,76523.900000,18270.7720
BTCUSDT,2024.11.09,08:00:00,76523.900000,76735.000000,76358.800000,76478.600000,12472.4350
BTCUSDT,2024.11.09,12:00:00,76478.600000,76552.100000,76255.000000,76305.700000,15353.1800
BTCUSDT,2024.11.09,16:00:00,76305.600000,76700.000000,75683.200000,76195.200000,35282.8380
BTCUSDT,2024.11.09,20:00:00,76195.200000,76920.000000,76158.800000,76675.100000,20582.2580
BTCUSDT,2024.11.10,00:00:00,76675.100000,77543.100000,76501.100000,77204.000000,45047.5680
BTCUSDT,2024.11.10,04:00:00,77204.000000,79882.800000,77133.300000,78858.200000,112080.6880
BTCUSDT,2024.11.10,08:00:00,78858.200000,80178.000000,78858.100000,79926.700000,48780.3870
BTCUSDT,2024.11.10,12:00:00,79926.700000,80200.000000,79200.000000,79735.100000,54489.7930
BTCUSDT,2024.11.10,16:00:00,79735.100000,81199.000000,79386.000000,79793.400000,75109.3720
BTCUSDT,2024.11.10,20:00:00,79793.400000,81699.800000,78549.200000,80410.000000,81919.0910
BTCUSDT,2024.11.11,00:00:00,80409.900000,81944.600000,80261.200000,81662.400000,47331.7130
BTCUSDT,2024.11.11,04:00:00,81662.300000,81783.500000,80467.000000,81147.900000,38159.9130
BTCUSDT,2024.11.11,08:00:00,81147.800000,82431.400000,81051.600000,82168.700000,52573.9570
BTCUSDT,2024.11.11,12:00:00,82168.700000,84359.700000,81467.500000,84114.200000,143031.9960
BTCUSDT,2024.11.11,16:00:00,84114.100000,86971.000000,83897.200000,86181.000000,158908.5010
BTCUSDT,2024.11.11,20:00:00,86180.900000,89800.000000,86123.100000,88728.900000,174135.5820
BTCUSDT,2024.11.12,00:00:00,88729.000000,89589.200000,86657.400000,88145.100000,112158.2880
BTCUSDT,2024.11.12,04:00:00,88145.000000,90070.100000,87769.000000,89095.400000,82836.9420
BTCUSDT,2024.11.12,08:00:00,89095.500000,89590.200000,85500.000000,87229.500000,152590.4510
BTCUSDT,2024.11.12,12:00:00,87229.500000,87933.300000,85159.900000,86659.900000,131106.4290
BTCUSDT,2024.11.12,16:00:00,86660.000000,89830.000000,85792.500000,88762.800000,98262.5700
BTCUSDT,2024.11.12,20:00:00,88762.900000,89920.000000,87384.600000,87972.000000,62526.9040
BTCUSDT,2024.11.13,00:00:00,87972.000000,88619.000000,87061.600000,87198.200000,50628.6570
BTCUSDT,2024.11.13,04:00:00,87198.300000,87755.000000,86180.000000,87402.900000,52550.6070
BTCUSDT,2024.11.13,08:00:00,87402.900000,88154.300000,87132.400000,87710.700000,32402.0810
BTCUSDT,2024.11.13,12:00:00,87710.700000,92808.000000,87551.000000,92608.100000,179178.4010
BTCUSDT,2024.11.13,16:00:00,92608.000000,93421.100000,90005.800000,90218.800000,144613.1880
BTCUSDT,2024.11.13,20:00:00,90218.800000,91233.000000,88005.100000,90413.300000,95915.3630
BTCUSDT,2024.11.14,00:00:00,90413.300000,90642.500000,89531.700000,89988.000000,37865.2060
BTCUSDT,2024.11.14,04:00:00,89988.100000,90900.000000,89095.500000,90818.900000,35453.6450
BTCUSDT,2024.11.14,08:00:00,90818.900000,91726.100000,90370.000000,91536.700000,58116.5220
BTCUSDT,2024.11.14,12:00:00,91536.800000,91846.100000,87855.000000,88000.000000,106437.3050
BTCUSDT,2024.11.14,16:00:00,87999.900000,89763.900000,87555.000000,89502.700000,59001.4920
BTCUSDT,2024.11.14,20:00:00,89502.600000,89502.600000,86714.000000,87382.700000,67747.5100
BTCUSDT,2024.11.15,00:00:00,87382.600000,88544.500000,87302.400000,88253.100000,33647.2590
BTCUSDT,2024.11.15,04:00:00,88253.200000,88450.000000,87111.000000,87693.900000,30043.6980
BTCUSDT,2024.11.15,08:00:00,87693.900000,89831.100000,87418.400000,89782.900000,45281.3930
BTCUSDT,2024.11.15,12:00:00,89783.000000,90780.000000,87815.000000,88485.400000,100346.1300
BTCUSDT,2024.11.15,16:00:00,88485.500000,90898.000000,88428.900000,90418.400000,60358.5030
BTCUSDT,2024.11.15,20:00:00,90418.500000,91921.500000,90371.100000,91074.600000,44754.9250
BTCUSDT,2024.11.16,00:00:00,91074.600000,91745.000000,90900.000000,91286.800000,22409.1400
BTCUSDT,2024.11.16,04:00:00,91286.900000,91849.800000,91107.400000,91173.300000,15216.8360
BTCUSDT,2024.11.16,08:00:00,91173.300000,91650.100000,91050.000000,91240.100000,16860.8270
BTCUSDT,2024.11.16,12:00:00,91240.100000,91384.400000,90120.000000,90578.000000,37507.0820
BTCUSDT,2024.11.16,16:00:00,90577.900000,91443.500000,90250.000000,91176.900000,22394.0180
BTCUSDT,2024.11.16,20:00:00,91176.900000,91253.700000,90350.300000,90643.300000,14635.5440
BTCUSDT,2024.11.17,00:00:00,90643.200000,90954.900000,89400.100000,90294.900000,31001.0040
BTCUSDT,2024.11.17,04:00:00,90294.900000,90949.900000,90194.200000,90600.000000,19011.4250
BTCUSDT,2024.11.17,08:00:00,90600.000000,91539.600000,90523.300000,90743.400000,25814.1120
BTCUSDT,2024.11.17,12:00:00,90743.300000,91250.000000,89935.700000,90305.100000,32101.0760
BTCUSDT,2024.11.17,16:00:00,90305.200000,90701.000000,89713.700000,90099.500000,25084.8940
BTCUSDT,2024.11.17,20:00:00,90099.600000,90276.300000,88736.100000,89899.900000,34492.2810
BTCUSDT,2024.11.18,00:00:00,89900.000000,91000.000000,89666.900000,90728.600000,22915.7710
BTCUSDT,2024.11.18,04:00:00,90728.600000,92414.900000,90502.100000,91795.900000,38769.8220
BTCUSDT,2024.11.18,08:00:00,91795.900000,92338.900000,90077.700000,90338.700000,44082.7270
BTCUSDT,2024.11.18,12:00:00,90338.700000,92700.000000,89422.100000,92407.800000,95658.7950
BTCUSDT,2024.11.18,16:00:00,92407.800000,92675.900000,89706.200000,90657.800000,78011.6200
BTCUSDT,2024.11.18,20:00:00,90657.700000,92084.700000,90280.000000,90507.400000,54118.3750
BTCUSDT,2024.11.19,00:00:00,90507.400000,91634.200000,90405.600000,91499.900000,24546.6230
BTCUSDT,2024.11.19,04:00:00,91500.000000,92123.700000,91292.500000,91696.000000,23000.3980
BTCUSDT,2024.11.19,08:00:00,91696.100000,92029.200000,91250.000000,91717.600000,24939.2840
BTCUSDT,2024.11.19,12:00:00,91717.600000,92885.000000,91015.600000,92453.300000,96334.6750
BTCUSDT,2024.11.19,16:00:00,92455.500000,93985.900000,92105.900000,93271.400000,79233.6100
BTCUSDT,2024.11.19,20:00:00,93271.600000,93633.100000,91334.400000,92335.900000,55477.4410
BTCUSDT,2024.11.20,00:00:00,92335.900000,92459.200000,91500.000000,92072.100000,26421.4290
BTCUSDT,2024.11.20,04:00:00,92072.000000,92866.600000,91882.400000,92856.600000,21131.0990
BTCUSDT,2024.11.20,08:00:00,92856.600000,93712.500000,92730.200000,93485.100000,40106.8810
BTCUSDT,2024.11.20,12:00:00,93485.200000,94849.000000,93328.600000,94737.600000,96267.3820
BTCUSDT,2024.11.20,16:00:00,94737.600000,94840.000000,93093.300000,93999.900000,78303.0550
BTCUSDT,2024.11.20,20:00:00,93999.900000,94626.800000,93750.300000,94288.000000,27814.3810
BTCUSDT,2024.11.21,00:00:00,94288.000000,95991.400000,94008.700000,95790.200000,61140.4480
BTCUSDT,2024.11.21,04:00:00,95790.100000,97899.900000,95790.100000,96950.000000,83899.7470
BTCUSDT,2024.11.21,08:00:00,96950.000000,98438.900000,96757.600000,98014.000000,54909.6320
BTCUSDT,2024.11.21,12:00:00,98014.000000,98289.300000,95625.000000,96684.000000,103958.3680
BTCUSDT,2024.11.21,16:00:00,96684.100000,99100.000000,96311.000000,97891.500000,76195.1070
BTCUSDT,2024.11.21,20:00:00,97891.500000,98767.000000,97531.700000,98366.800000,38279.8340
BTCUSDT,2024.11.22,00:00:00,98366.800000,99414.000000,97860.100000,98888.900000,38616.6030
BTCUSDT,2024.11.22,04:00:00,98888.900000,99537.600000,98550.000000,99252.600000,32825.6620
BTCUSDT,2024.11.22,08:00:00,99252.600000,99340.000000,98300.000000,98929.900000,33443.4570
BTCUSDT,2024.11.22,12:00:00,98930.000000,99019.200000,97199.900000,98696.500000,77364.7460
BTCUSDT,2024.11.22,16:00:00,98696.600000,99660.000000,98264.200000,99112.600000,54528.5580
BTCUSDT,2024.11.22,20:00:00,99112.600000,99500.000000,98508.100000,98921.400000,28995.0410
BTCUSDT,2024.11.23,00:00:00,98921.500000,98937.300000,98309.900000,98702.600000,17253.8300
BTCUSDT,2024.11.23,04:00:00,98702.600000,98842.800000,98314.400000,98600.600000,14055.0720
BTCUSDT,2024.11.23,08:00:00,98600.500000,98666.000000,98355.000000,98470.800000,11785.1900
BTCUSDT,2024.11.23,12:00:00,98470.800000,98916.800000,98412.800000,98426.000000,19215.6690
BTCUSDT,2024.11.23,16:00:00,98426.100000,98504.400000,97368.000000,97562.400000,40309.2750
BTCUSDT,2024.11.23,20:00:00,97562.500000,98088.400000,97173.500000,97725.500000,17739.3860
BTCUSDT,2024.11.24,00:00:00,97725.600000,98666.000000,97670.900000,98260.800000,17187.6280
BTCUSDT,2024.11.24,04:00:00,98260.900000,98490.800000,97947.400000,98490.100000,12556.2490
BTCUSDT,2024.11.24,08:00:00,98490.100000,98578.900000,97286.000000,97337.600000,20554.0680
BTCUSDT,2024.11.24,12:00:00,97337.600000,97680.000000,95976.000000,95986.400000,60350.2650
BTCUSDT,2024.11.24,16:00:00,95986.300000,96846.400000,95822.100000,96396.800000,32601.9950
BTCUSDT,2024.11.24,20:00:00,96396.800000,98429.700000,96265.100000,97960.400000,29868.6350
BTCUSDT,2024.11.25,00:00:00,97960.500000,98106.900000,96929.900000,97935.900000,22932.8410
BTCUSDT,2024.11.25,04:00:00,97935.800000,98421.600000,97600.000000,98112.900000,20355.4100
BTCUSDT,2024.11.25,08:00:00,98113.000000,98999.000000,97911.100000,98268.000000,32738.0550
BTCUSDT,2024.11.25,12:00:00,98268.100000,98390.000000,94665.400000,96040.400000,112741.6370
BTCUSDT,2024.11.25,16:00:00,96040.400000,96562.700000,94467.400000,94723.600000,64872.2120
BTCUSDT,2024.11.25,20:00:00,94723.700000,95366.800000,92666.000000,93064.000000,75734.8660
BTCUSDT,2024.11.26,00:00:00,93064.000000,94981.800000,92800.100000,94537.800000,39545.5820
BTCUSDT,2024.11.26,04:00:00,94537.700000,95064.000000,93533.900000,93842.100000,24648.3160
BTCUSDT,2024.11.26,08:00:00,93842.100000,93846.100000,91553.000000,92420.000000,90231.2560
BTCUSDT,2024.11.26,12:00:00,92420.000000,93639.500000,91809.900000,92877.400000,73826.1770
BTCUSDT,2024.11.26,16:00:00,92877.400000,94745.200000,91650.600000,91760.000000,67285.0490
BTCUSDT,2024.11.26,20:00:00,91760.000000,92443.200000,90866.400000,92021.400000,49392.8530
BTCUSDT,2024.11.27,00:00:00,92021.500000,93133.000000,91864.000000,92645.300000,30203.7350
BTCUSDT,2024.11.27,04:00:00,92645.200000,93721.800000,92413.200000,93651.300000,23144.6340
BTCUSDT,2024.11.27,08:00:00,93651.300000,93939.000000,93167.200000,93423.800000,21517.4940
BTCUSDT,2024.11.27,12:00:00,93423.800000,95908.000000,92903.400000,95610.500000,67850.7460
BTCUSDT,2024.11.27,16:00:00,95610.400000,96687.400000,95238.700000,96670.000000,54604.2990
BTCUSDT,2024.11.27,20:00:00,96670.100000,97250.000000,95776.600000,95905.200000,39685.0790
BTCUSDT,2024.11.28,00:00:00,95905.200000,96627.600000,94878.200000,95523.100000,30725.5460
BTCUSDT,2024.11.28,04:00:00,95523.100000,95985.100000,95135.800000,95371.600000,21039.4870
BTCUSDT,2024.11.28,08:00:00,95371.500000,95862.000000,94700.100000,95509.900000,28019.0760
BTCUSDT,2024.11.28,12:00:00,95509.900000,96284.000000,94950.000000,95067.300000,35794.8580
BTCUSDT,2024.11.28,16:00:00,95067.300000,95521.500000,94863.800000,95196.300000,18747.3660
BTCUSDT,2024.11.28,20:00:00,95196.400000,96082.700000,94768.000000,95694.400000,19680.6930
BTCUSDT,2024.11.29,00:00:00,95694.400000,96932.900000,95404.500000,96646.400000,24959.6080
BTCUSDT,2024.11.29,04:00:00,96646.500000,96684.400000,95669.400000,95690.200000,19223.7550
BTCUSDT,2024.11.29,08:00:00,95690.200000,97437.100000,95690.100000,97302.200000,30200.6890
BTCUSDT,2024.11.29,12:00:00,97302.200000,98713.300000,96822.000000,98076.200000,60395.6470
BTCUSDT,2024.11.29,16:00:00,98076.300000,98514.900000,96903.200000,97380.000000,41569.3310
BTCUSDT,2024.11.29,20:00:00,97380.000000,97687.400000,97036.900000,97516.300000,14171.9190
BTCUSDT,2024.11.30,00:00:00,97516.200000,97522.100000,96400.000000,96708.100000,23965.5920
BTCUSDT,2024.11.30,04:00:00,96708.100000,97300.000000,96599.800000,96843.300000,19485.8220
BTCUSDT,2024.11.30,08:00:00,96843.300000,97047.200000,96150.000000,96321.300000,16897.4400
BTCUSDT,2024.11.30,12:00:00,96321.300000,96800.000000,96300.000000,96707.400000,11979.6310
BTCUSDT,2024.11.30,16:00:00,96707.400000,97128.400000,96581.900000,97072.500000,10495.2750
BTCUSDT,2024.11.30,20:00:00,97072.600000,97109.100000,96380.000000,96475.100000,10250.4580
BTCUSDT,2024.12.01,00:00:00,96475.200000,96746.300000,95736.500000,96404.000000,26132.1800
BTCUSDT,2024.12.01,04:00:00,96404.000000,96585.000000,96249.100000,96525.400000,9153.5150
BTCUSDT,2024.12.01,08:00:00,96525.400000,97250.000000,96480.000000,97163.700000,21533.3740
BTCUSDT,2024.12.01,12:00:00,97163.700000,97481.300000,96705.300000,97081.400000,20941.0100
BTCUSDT,2024.12.01,16:00:00,97081.500000,97632.800000,97029.500000,97242.000000,15616.0160
BTCUSDT,2024.12.01,20:00:00,97242.100000,97933.000000,96852.700000,97265.100000,19846.8950
BTCUSDT,2024.12.02,00:00:00,97265.000000,98266.000000,96402.500000,96549.800000,29835.0630
BTCUSDT,2024.12.02,04:00:00,96549.900000,97000.000000,95788.400000,96053.600000,39372.5450
BTCUSDT,2024.12.02,08:00:00,96053.500000,96177.900000,94887.000000,95191.300000,43471.8710
BTCUSDT,2024.12.02,12:00:00,95191.400000,97286.200000,94826.000000,97106.500000,60495.6230
BTCUSDT,2024.12.02,16:00:00,97106.600000,97435.000000,94400.000000,95873.900000,63080.9690
BTCUSDT,2024.12.02,20:00:00,95873.900000,96389.900000,95171.500000,95890.500000,21357.8400
BTCUSDT,2024.12.03,00:00:00,95890.600000,96375.000000,95463.600000,96136.800000,18629.1320
BTCUSDT,2024.12.03,04:00:00,96136.800000,96324.900000,95336.300000,95608.800000,17487.7100
BTCUSDT,2024.12.03,08:00:00,95608.800000,95739.800000,94661.300000,95045.800000,25645.5960
BTCUSDT,2024.12.03,12:00:00,95045.900000,96315.500000,93605.000000,95743.700000,85647.4570
BTCUSDT,2024.12.03,16:00:00,95744.700000,96236.300000,94925.800000,95512.700000,38288.7320
BTCUSDT,2024.12.03,20:00:00,95512.600000,96200.000000,95337.200000,95913.300000,20903.3530
BTCUSDT,2024.12.04,00:00:00,95913.300000,96740.000000,95271.600000,95852.000000,27822.3590
BTCUSDT,2024.12.04,04:00:00,95852.100000,96799.900000,95783.500000,96652.100000,18405.8320
BTCUSDT,2024.12.04,08:00:00,96652.200000,97041.100000,96239.700000,96270.000000,20925.9070
BTCUSDT,2024.12.04,12:00:00,96270.100000,96634.600000,95398.100000,95813.000000,54479.0820
BTCUSDT,2024.12.04,16:00:00,95813.000000,97310.300000,94650.800000,97283.400000,67941.4540
BTCUSDT,2024.12.04,20:00:00,97283.400000,99099.900000,97189.300000,98669.800000,86374.5710
BTCUSDT,2024.12.05,00:00:00,98669.800000,104630.400000,97970.500000,103084.800000,155798.4120
BTCUSDT,2024.12.05,04:00:00,103084.700000,103696.700000,101359.800000,102292.100000,69178.6530
BTCUSDT,2024.12.05,08:00:00,102292.100000,103228.900000,102290.300000,102668.200000,31253.6970
BTCUSDT,2024.12.05,12:00:00,102668.200000,103661.700000,100932.600000,101350.100000,82540.5210
BTCUSDT,2024.12.05,16:00:00,101350.100000,102063.800000,98704.600000,99111.600000,78445.3710
BTCUSDT,2024.12.05,20:00:00,99111.500000,99542.900000,90200.000000,97001.500000,163060.7370
BTCUSDT,2024.12.06,00:00:00,97001.600000,98858.600000,96429.500000,97802.700000,54871.5180
BTCUSDT,2024.12.06,04:00:00,97802.700000,98356.600000,97422.800000,98209.600000,23490.7300
BTCUSDT,2024.12.06,08:00:00,98209.700000,98765.400000,97705.200000,98127.400000,34097.6180
BTCUSDT,2024.12.06,12:00:00,98127.400000,99592.100000,97550.000000,99358.500000,67051.2770
BTCUSDT,2024.12.06,16:00:00,99358.500000,101900.000000,98800.000000,101532.600000,67789.2790
BTCUSDT,2024.12.06,20:00:00,101532.600000,101988.800000,99111.000000,99802.500000,35069.1860
BTCUSDT,2024.12.07,00:00:00,99802.500000,100499.000000,99361.000000,99383.000000,19615.5330
BTCUSDT,2024.12.07,04:00:00,99383.000000,99741.000000,98876.900000,99442.600000,21001.0600
BTCUSDT,2024.12.07,08:00:00,99442.600000,99895.300000,99314.800000,99660.400000,12084.5420
BTCUSDT,2024.12.07,12:00:00,99660.300000,99890.000000,99101.700000,99811.400000,15668.7230
BTCUSDT,2024.12.07,16:00:00,99811.500000,100336.800000,99528.000000,100140.600000,15477.4040
BTCUSDT,2024.12.07,20:00:00,100140.700000,100497.500000,99655.000000,99899.200000,12011.3960
BTCUSDT,2024.12.08,00:00:00,99899.200000,100415.000000,99686.400000,99996.700000,10362.3050
BTCUSDT,2024.12.08,04:00:00,99996.700000,100100.000000,99388.500000,99741.500000,11720.7250
BTCUSDT,2024.12.08,08:00:00,99741.600000,99898.000000,98709.400000,99755.300000,24081.2570
BTCUSDT,2024.12.08,12:00:00,99755.200000,100597.500000,99409.300000,99975.000000,29860.1140
BTCUSDT,2024.12.08,16:00:00,99974.900000,100272.200000,99538.400000,100182.300000,14904.5900
BTCUSDT,2024.12.08,20:00:00,100182.400000,101457.900000,99800.000000,101200.000000,18826.6850
BTCUSDT,2024.12.09,00:00:00,101200.100000,101300.000000,98500.100000,99180.000000,41149.1780
BTCUSDT,2024.12.09,04:00:00,99179.900000,99798.100000,98374.300000,99637.100000,29272.8850
BTCUSDT,2024.12.09,08:00:00,99637.200000,99757.500000,98112.000000,98157.400000,37959.1650
BTCUSDT,2024.12.09,12:00:00,98157.500000,100481.300000,97555.000000,97856.000000,78567.2750
BTCUSDT,2024.12.09,16:00:00,97856.100000,98448.500000,97029.500000,97126.800000,42609.8200
BTCUSDT,2024.12.09,20:00:00,97126.800000,97627.300000,94039.700000,97349.100000,97415.2670
BTCUSDT,2024.12.10,00:00:00,97349.100000,98197.800000,95591.900000,96958.000000,47046.7030
BTCUSDT,2024.12.10,04:00:00,96957.900000,97540.800000,95923.800000,97217.700000,28323.8880
BTCUSDT,2024.12.10,08:00:00,97217.700000,97948.000000,96961.100000,97745.800000,20244.3490
BTCUSDT,2024.12.10,12:00:00,97745.700000,98320.600000,95639.500000,95687.900000,69046.5900
BTCUSDT,2024.12.10,16:00:00,95674.800000,96566.800000,94265.500000,95862.900000,98509.9520
BTCUSDT,2024.12.10,20:00:00,95862.900000,97238.900000,95621.100000,96602.400000,28319.2620
BTCUSDT,2024.12.11,00:00:00,96602.300000,97643.000000,95650.000000,97406.800000,37997.2270
BTCUSDT,2024.12.11,04:00:00,97406.900000,97800.000000,97185.700000,97337.900000,14407.3890
BTCUSDT,2024.12.11,08:00:00,97337.900000,98499.900000,97310.600000,98289.700000,24609.1430
BTCUSDT,2024.12.11,12:00:00,98289.700000,100798.600000,98047.500000,100352.700000,66071.7630
BTCUSDT,2024.12.11,16:00:00,100352.700000,101136.600000,99583.400000,101094.100000,50125.7060
BTCUSDT,2024.12.11,20:00:00,101094.200000,101880.000000,100844.600000,101115.300000,28596.4770
BTCUSDT,2024.12.12,00:00:00,101115.300000,101812.300000,100309.800000,101000.000000,27234.9650
BTCUSDT,2024.12.12,04:00:00,101000.000000,101162.100000,100359.600000,100481.600000,17652.5900
BTCUSDT,2024.12.12,08:00:00,100481.500000,101122.400000,100150.000000,100339.800000,20809.1000
BTCUSDT,2024.12.12,12:00:00,100339.800000,101850.000000,100336.300000,101775.100000,56891.4360
BTCUSDT,2024.12.12,16:00:00,101775.100000,102538.400000,99280.200000,99455.100000,64519.3900
BTCUSDT,2024.12.12,20:00:00,99455.100000,100461.500000,99428.600000,99982.400000,28111.5940
BTCUSDT,2024.12.13,00:00:00,99982.300000,100333.000000,99149.600000,99690.600000,21321.1080
BTCUSDT,2024.12.13,04:00:00,99690.600000,100215.000000,99446.400000,100100.000000,15814.8670
BTCUSDT,2024.12.13,08:00:00,100099.900000,100770.000000,99863.500000,100331.300000,17660.8960
BTCUSDT,2024.12.13,12:00:00,100331.300000,101339.000000,99653.600000,99831.000000,38171.7360
BTCUSDT,2024.12.13,16:00:00,99831.000000,101869.500000,99750.000000,101416.000000,45302.2680
BTCUSDT,2024.12.13,20:00:00,101416.100000,101822.400000,101028.700000,101371.900000,14166.4430
BTCUSDT,2024.12.14,00:00:00,101371.900000,102638.000000,101106.100000,102040.700000,30294.8840
BTCUSDT,2024.12.14,04:00:00,102040.700000,102113.600000,101557.800000,101787.000000,12566.3040
BTCUSDT,2024.12.14,08:00:00,101787.000000,101840.200000,101298.400000,101562.700000,9813.3940
BTCUSDT,2024.12.14,12:00:00,101562.600000,101729.200000,100777.000000,101601.900000,26386.6490
BTCUSDT,2024.12.14,16:00:00,101601.900000,101716.300000,100806.000000,101293.000000,17681.9950
BTCUSDT,2024.12.14,20:00:00,101293.100000,101450.000000,100559.800000,101381.000000,10937.3230
BTCUSDT,2024.12.15,00:00:00,101381.000000,102165.400000,101200.100000,101700.100000,15592.1760
BTCUSDT,2024.12.15,04:00:00,101700.000000,102900.000000,101460.800000,101671.900000,27541.4110
BTCUSDT,2024.12.15,08:00:00,101671.800000,102666.000000,101525.200000,102623.100000,15406.9910
BTCUSDT,2024.12.15,12:00:00,102623.000000,103362.300000,102438.000000,102668.500000,31971.9160
BTCUSDT,2024.12.15,16:00:00,102668.500000,103498.900000,102556.300000,103227.700000,18789.4020
BTCUSDT,2024.12.15,20:00:00,103227.800000,105374.600000,102592.400000,104460.400000,48432.0200
BTCUSDT,2024.12.16,00:00:00,104460.500000,106665.800000,104245.200000,104560.000000,62637.7780
BTCUSDT,2024.12.16,04:00:00,104560.000000,105390.000000,104439.300000,104949.900000,18270.6250
BTCUSDT,2024.12.16,08:00:00,104950.000000,104991.700000,103585.200000,103717.800000,24163.7930
BTCUSDT,2024.12.16,12:00:00,103717.900000,106466.900000,103264.600000,106281.200000,72852.5370
BTCUSDT,2024.12.16,16:00:00,106281.100000,107777.000000,105769.000000,106546.000000,71322.4010
BTCUSDT,2024.12.16,20:00:00,106546.100000,106618.200000,105424.000000,106023.200000,25148.6220
BTCUSDT,2024.12.17,00:00:00,106023.200000,106980.000000,105623.000000,106824.400000,21309.5750
BTCUSDT,2024.12.17,04:00:00,106824.400000,107113.900000,106331.600000,106784.000000,16950.5930
BTCUSDT,2024.12.17,08:00:00,106784.000000,107493.900000,106671.700000,106777.200000,21219.9820
BTCUSDT,2024.12.17,12:00:00,106777.100000,108366.800000,105674.000000,106429.900000,71086.7150
BTCUSDT,2024.12.17,16:00:00,106429.900000,107596.000000,106104.600000,106450.500000,40303.1660
BTCUSDT,2024.12.17,20:00:00,106450.400000,106877.300000,105252.000000,106074.600000,26903.8810
BTCUSDT,2024.12.18,00:00:00,106074.600000,106484.600000,104527.600000,104716.800000,36652.4090
BTCUSDT,2024.12.18,04:00:00,104716.800000,104716.900000,103065.600000,104200.100000,46474.6590
BTCUSDT,2024.12.18,08:00:00,104200.100000,104993.700000,103683.900000,104978.600000,21989.2010
BTCUSDT,2024.12.18,12:00:00,104978.600000,105343.800000,103611.700000,104395.100000,45761.7630
BTCUSDT,2024.12.18,16:00:00,104395.200000,104959.400000,102777.100000,102782.100000,60569.2900
BTCUSDT,2024.12.18,20:00:00,102781.800000,102954.800000,99951.100000,100181.100000,117134.6130
BTCUSDT,2024.12.19,00:00:00,100181.200000,101305.100000,98744.000000,101163.300000,68598.7540
BTCUSDT,2024.12.19,04:00:00,101163.400000,101694.900000,100613.200000,101615.200000,19507.7020
BTCUSDT,2024.12.19,08:00:00,101615.100000,102600.000000,101338.800000,102419.900000,23149.2240
BTCUSDT,2024.12.19,12:00:00,102420.000000,102756.700000,99455.000000,100631.100000,75610.0200
BTCUSDT,2024.12.19,16:00:00,100631.100000,101162.500000,96233.700000,97172.100000,121737.0360
BTCUSDT,2024.12.19,20:00:00,97172.200000,98391.400000,95681.200000,97434.400000,64365.7270
BTCUSDT,2024.12.20,00:00:00,97434.300000,97795.500000,95946.900000,97083.200000,42560.2810
BTCUSDT,2024.12.20,04:00:00,97083.200000,98243.000000,96350.100000,97826.100000,44423.8070
BTCUSDT,2024.12.20,08:00:00,97826.100000,97867.500000,92613.700000,92715.100000,108658.8700
BTCUSDT,2024.12.20,12:00:00,92715.100000,97555.000000,92272.600000,96961.300000,115205.8190
BTCUSDT,2024.12.20,16:00:00,96961.400000,97721.000000,96254.000000,97079.600000,53735.9330
BTCUSDT,2024.12.20,20:00:00,97079.600000,97777.000000,95393.800000,97764.400000,31604.0850
BTCUSDT,2024.12.21,00:00:00,97764.500000,97773.100000,97142.000000,97444.900000,16567.0710
BTCUSDT,2024.12.21,04:00:00,97444.900000,99485.000000,97330.000000,98988.100000,32678.5010
BTCUSDT,2024.12.21,08:00:00,98988.000000,99137.500000,97757.800000,98225.300000,25724.7960
BTCUSDT,2024.12.21,12:00:00,98225.400000,98253.500000,96375.000000,97486.500000,42516.7010
BTCUSDT,2024.12.21,16:00:00,97486.600000,97695.000000,96800.000000,97242.200000,22571.8850
BTCUSDT,2024.12.21,20:00:00,97242.300000,98084.900000,96520.000000,97261.800000,21199.5260
BTCUSDT,2024.12.22,00:00:00,97261.700000,97437.900000,96532.000000,96965.100000,16009.7180
BTCUSDT,2024.12.22,04:00:00,96965.100000,97057.000000,95867.300000,96192.100000,22249.5680
BTCUSDT,2024.12.22,08:00:00,96192.100000,97322.100000,96172.100000,97054.800000,16254.9380
BTCUSDT,2024.12.22,12:00:00,97054.700000,97266.600000,95085.000000,95341.000000,35517.2110
BTCUSDT,2024.12.22,16:00:00,95341.000000,96426.700000,94642.400000,94795.400000,27681.6960
BTCUSDT,2024.12.22,20:00:00,94795.400000,95787.700000,94200.000000,95153.500000,30401.6040
BTCUSDT,2024.12.23,00:00:00,95153.400000,96019.800000,93655.300000,95989.900000,43781.7280
BTCUSDT,2024.12.23,04:00:00,95989.800000,96488.800000,94639.500000,95360.500000,28583.1220
BTCUSDT,2024.12.23,08:00:00,95360.500000,96499.000000,94974.200000,95899.400000,21634.5710
BTCUSDT,2024.12.23,12:00:00,95899.400000,96377.200000,93060.300000,93217.600000,63342.1990
BTCUSDT,2024.12.23,16:00:00,93217.700000,94249.300000,92634.700000,92997.700000,49457.6660
BTCUSDT,2024.12.23,20:00:00,92997.700000,95480.400000,92464.400000,94861.100000,40412.5690
BTCUSDT,2024.12.24,00:00:00,94861.000000,94861.100000,93525.600000,94330.100000,24731.3790
BTCUSDT,2024.12.24,04:00:00,94330.100000,94638.600000,93774.400000,94200.000000,14943.8090
BTCUSDT,2024.12.24,08:00:00,94199.900000,94618.000000,93800.000000,94369.000000,14932.8060
BTCUSDT,2024.12.24,12:00:00,94368.300000,98274.900000,94039.800000,98243.500000,66173.3250
BTCUSDT,2024.12.24,16:00:00,98243.500000,99450.000000,97522.500000,97558.500000,60647.9370
BTCUSDT,2024.12.24,20:00:00,97558.400000,99074.800000,97226.200000,98627.200000,30181.3760
BTCUSDT,2024.12.25,00:00:00,98626.900000,98848.400000,97681.300000,98000.000000,16945.2680
BTCUSDT,2024.12.25,04:00:00,98000.100000,98539.500000,97807.500000,98049.700000,11793.7160
BTCUSDT,2024.12.25,08:00:00,98049.800000,99323.300000,97709.900000,97889.300000,28204.9720
BTCUSDT,2024.12.25,12:00:00,97888.400000,98797.900000,97570.000000,98493.300000,27000.3860
BTCUSDT,2024.12.25,16:00:00,98493.300000,99258.000000,98100.000000,98981.300000,16271.1370
BTCUSDT,2024.12.25,20:00:00,98981.300000,99580.700000,98331.500000,99379.700000,24481.4130
BTCUSDT,2024.12.26,00:00:00,99379.600000,99950.000000,98400.100000,98957.700000,30003.8670
BTCUSDT,2024.12.26,04:00:00,98957.700000,98957.700000,97647.200000,97669.600000,20353.1090
BTCUSDT,2024.12.26,08:00:00,97669.500000,97721.800000,95153.000000,95662.700000,61946.2220
BTCUSDT,2024.12.26,12:00:00,95662.600000,96227.400000,95200.100000,95993.500000,37273.3700
BTCUSDT,2024.12.26,16:00:00,95993.100000,96580.000000,95400.000000,96064.800000,28521.1130
BTCUSDT,2024.12.26,20:00:00,96064.800000,96079.900000,95276.400000,95751.000000,16759.9700
BTCUSDT,2024.12.27,00:00:00,95750.900000,96419.000000,95350.100000,96377.800000,24193.1730
BTCUSDT,2024.12.27,04:00:00,96377.800000,96580.000000,94620.000000,95074.400000,33137.7940
BTCUSDT,2024.12.27,08:00:00,95080.100000,97564.500000,95080.100000,96900.300000,47936.6290
BTCUSDT,2024.12.27,12:00:00,96900.300000,96999.000000,93982.400000,94539.900000,46582.9340
BTCUSDT,2024.12.27,16:00:00,94539.900000,94979.900000,93440.000000,94720.300000,38793.6610
BTCUSDT,2024.12.27,20:00:00,94720.200000,94794.000000,94094.000000,94258.900000,15364.0520
BTCUSDT,2024.12.28,00:00:00,94258.900000,94687.600000,94100.000000,94550.600000,9504.5650
BTCUSDT,2024.12.28,04:00:00,94550.600000,94762.300000,94256.900000,94334.700000,7504.2810
BTCUSDT,2024.12.28,08:00:00,94334.600000,94850.000000,94261.700000,94711.300000,8716.7350
BTCUSDT,2024.12.28,12:00:00,94711.300000,95346.100000,94320.000000,94407.700000,20174.4310
BTCUSDT,2024.12.28,16:00:00,94407.800000,95197.300000,94356.500000,94993.800000,12257.0340
BTCUSDT,2024.12.28,20:00:00,94993.700000,95700.000000,94836.000000,95259.100000,9834.3030
BTCUSDT,2024.12.29,00:00:00,95259.100000,95300.000000,94761.000000,95135.300000,8086.5240
BTCUSDT,2024.12.29,04:00:00,95135.300000,95250.000000,94930.000000,95233.200000,4847.2150
BTCUSDT,2024.12.29,08:00:00,95233.300000,95286.400000,94968.400000,94986.100000,5718.5380
BTCUSDT,2024.12.29,12:00:00,94986.200000,95195.000000,93925.400000,94468.400000,25557.7820
BTCUSDT,2024.12.29,16:00:00,94468.300000,94537.700000,93333.000000,93559.600000,26206.8120
BTCUSDT,2024.12.29,20:00:00,93559.500000,93892.500000,92961.800000,93700.000000,24631.0630
BTCUSDT,2024.12.30,00:00:00,93699.900000,94240.000000,93326.000000,93681.100000,19319.6530
BTCUSDT,2024.12.30,04:00:00,93680.800000,94048.900000,93181.800000,93688.900000,16272.9930
BTCUSDT,2024.12.30,08:00:00,93688.900000,94053.500000,93433.000000,93900.100000,14170.3380
BTCUSDT,2024.12.30,12:00:00,93900.100000,94249.900000,91510.000000,92081.500000,70350.0350
BTCUSDT,2024.12.30,16:00:00,92081.500000,94668.500000,91758.300000,94400.000000,56405.0370
BTCUSDT,2024.12.30,20:00:00,94400.100000,95031.600000,91850.000000,92759.300000,45825.5370
BTCUSDT,2024.12.31,00:00:00,92759.300000,92875.400000,92000.000000,92481.500000,16941.8430
BTCUSDT,2024.12.31,04:00:00,92481.500000,93000.000000,92315.400000,92819.600000,11095.6880
BTCUSDT,2024.12.31,08:00:00,92819.500000,94738.400000,92800.000000,94202.500000,36509.7650
BTCUSDT,2024.12.31,12:00:00,94202.400000,96254.300000,94202.400000,95389.400000,58306.2710
BTCUSDT,2024.12.31,16:00:00,95389.300000,95569.600000,93145.100000,94155.800000,41481.2730
BTCUSDT,2024.12.31,20:00:00,94155.800000,94218.300000,93343.400000,93548.900000,14313.2760
BTCUSDT,2025.01.01,00:00:00,93548.800000,94449.200000,93460.200000,93810.000000,13962.0190
BTCUSDT,2025.01.01,04:00:00,93810.000000,93914.700000,93502.000000,93660.700000,7852.4830
BTCUSDT,2025.01.01,08:00:00,93660.700000,93735.200000,92796.500000,93420.100000,19004.9880
BTCUSDT,2025.01.01,12:00:00,93420.100000,94489.500000,93375.000000,94409.900000,22127.0690
BTCUSDT,2025.01.01,16:00:00,94409.900000,94823.200000,93729.200000,94612.100000,14907.6980
BTCUSDT,2025.01.01,20:00:00,94612.100000,95161.200000,94522.100000,94580.900000,13382.4030
BTCUSDT,2025.01.02,00:00:00,94580.900000,95523.500000,94357.400000,95000.000000,22798.7170
BTCUSDT,2025.01.02,04:00:00,95000.000000,96031.400000,94971.300000,95815.300000,20140.2750
BTCUSDT,2025.01.02,08:00:00,95815.400000,96870.900000,95612.500000,96715.400000,25249.2890
BTCUSDT,2025.01.02,12:00:00,96715.400000,97440.000000,95910.800000,96428.500000,52717.6320
BTCUSDT,2025.01.02,16:00:00,96428.500000,97777.000000,96018.700000,97292.700000,44624.7530
BTCUSDT,2025.01.02,20:00:00,97292.700000,97822.400000,96642.700000,96967.500000,16114.8290
BTCUSDT,2025.01.03,00:00:00,96967.600000,97325.700000,96622.000000,97019.100000,11388.6260
BTCUSDT,2025.01.03,04:00:00,97019.100000,97034.900000,96236.600000,96275.000000,14493.6890
BTCUSDT,2025.01.03,08:00:00,96275.100000,96788.000000,96061.500000,96710.500000,16109.7320
BTCUSDT,2025.01.03,12:00:00,96710.400000,97637.700000,96422.500000,97479.500000,33904.4070
BTCUSDT,2025.01.03,16:00:00,97479.600000,98949.000000,97353.600000,98545.500000,36541.0230
BTCUSDT,2025.01.03,20:00:00,98545.600000,98705.000000,98028.500000,98145.700000,12783.1970
BTCUSDT,2025.01.04,00:00:00,98145.700000,98272.600000,97762.100000,98149.400000,11796.6110
BTCUSDT,2025.01.04,04:00:00,98149.300000,98300.000000,97830.000000,98244.200000,7743.1200
BTCUSDT,2025.01.04,08:00:00,98244.200000,98300.000000,97438.200000,97831.800000,14626.7290
BTCUSDT,2025.01.04,12:00:00,97831.800000,98117.600000,97472.000000,97623.600000,15225.1120
BTCUSDT,2025.01.04,16:00:00,97623.500000,98334.600000,97535.700000,98120.300000,9987.0650
BTCUSDT,2025.01.04,20:00:00,98120.400000,98760.900000,98076.400000,98173.200000,12535.9970
BTCUSDT,2025.01.05,00:00:00,98173.200000,98349.800000,98001.100000,98160.100000,5656.7390
BTCUSDT,2025.01.05,04:00:00,98160.000000,98496.300000,98160.000000,98225.300000,7364.2360
BTCUSDT,2025.01.05,08:00:00,98225.300000,98225.400000,97533.600000,97609.500000,13194.2060
BTCUSDT,2025.01.05,12:00:00,97609.500000,98248.500000,97227.000000,97986.600000,19204.6990
BTCUSDT,2025.01.05,16:00:00,97987.100000,98297.300000,97530.000000,98050.000000,12523.2640
BTCUSDT,2025.01.05,20:00:00,98050.000000,98852.600000,97986.300000,98340.200000,17006.1450
BTCUSDT,2025.01.06,00:00:00,98340.200000,99278.000000,97872.600000,99005.000000,26621.4240
BTCUSDT,2025.01.06,04:00:00,99005.000000,99886.700000,99005.000000,99280.000000,25842.3940
BTCUSDT,2025.01.06,08:00:00,99280.000000,99600.000000,98662.700000,99219.300000,21919.3860
BTCUSDT,2025.01.06,12:00:00,99219.200000,102443.900000,98670.000000,102104.500000,78806.4240
BTCUSDT,2025.01.06,16:00:00,102104.500000,102444.000000,101223.000000,101771.700000,38386.8370
BTCUSDT,2025.01.06,20:00:00,101771.700000,102298.800000,101551.200000,102180.400000,15916.8640
BTCUSDT,2025.01.07,00:00:00,102180.500000,102762.100000,101459.400000,101661.300000,18124.3350
BTCUSDT,2025.01.07,04:00:00,101661.400000,101986.100000,101528.800000,101649.300000,9587.6940
BTCUSDT,2025.01.07,08:00:00,101649.300000,101973.100000,100435.400000,100787.000000,27244.3060
BTCUSDT,2025.01.07,12:00:00,100787.000000,100914.200000,97100.000000,97915.300000,102572.6290
BTCUSDT,2025.01.07,16:00:00,97915.400000,98307.900000,96295.900000,96433.300000,68434.8600
BTCUSDT,2025.01.07,20:00:00,96433.300000,97185.800000,96153.000000,96920.300000,32747.4850
BTCUSDT,2025.01.08,00:00:00,96920.200000,97242.200000,96200.000000,96504.100000,22590.1900
BTCUSDT,2025.01.08,04:00:00,96504.100000,96616.300000,95222.000000,95628.400000,38378.4450
BTCUSDT,2025.01.08,08:00:00,95628.300000,96100.000000,94480.700000,95093.900000,33435.2440
BTCUSDT,2025.01.08,12:00:00,95093.800000,96064.500000,94588.900000,95450.000000,55769.4750
BTCUSDT,2025.01.08,16:00:00,95449.900000,95456.200000,92500.000000,94217.200000,87321.5540
BTCUSDT,2025.01.08,20:00:00,94217.100000,95265.800000,93509.800000,95014.100000,24517.2050
BTCUSDT,2025.01.09,00:00:00,95014.000000,95358.700000,93405.300000,93985.000000,32781.2230
BTCUSDT,2025.01.09,04:00:00,93985.000000,94582.000000,93156.000000,93176.400000,23080.9530
BTCUSDT,2025.01.09,08:00:00,93176.500000,93832.800000,92700.000000,93414.400000,35074.1430
BTCUSDT,2025.01.09,12:00:00,93414.300000,94547.700000,91747.000000,94195.200000,67736.1500
BTCUSDT,2025.01.09,16:00:00,94195.100000,94644.800000,91853.000000,91858.300000,54387.4380
BTCUSDT,2025.01.09,20:00:00,91858.200000,92674.900000,91055.800000,92505.900000,44700.9950
BTCUSDT,2025.01.10,00:00:00,92506.000000,93682.800000,92395.900000,93654.900000,20708.6840
BTCUSDT,2025.01.10,04:00:00,93655.000000,94975.200000,93450.800000,94457.000000,26429.0050
BTCUSDT,2025.01.10,08:00:00,94457.000000,95239.900000,94344.500000,95030.500000,24667.5790
BTCUSDT,2025.01.10,12:00:00,95030.500000,95078.000000,92173.600000,93704.000000,110225.7300
BTCUSDT,2025.01.10,16:00:00,93704.000000,95882.500000,93151.500000,95275.900000,64309.7110
BTCUSDT,2025.01.10,20:00:00,95276.000000,95412.300000,94531.400000,94675.500000,15602.2450
BTCUSDT,2025.01.11,00:00:00,94675.600000,94700.000000,94060.800000,94168.300000,10624.4960
BTCUSDT,2025.01.11,04:00:00,94168.300000,94394.300000,93802.100000,94210.300000,9858.0790
BTCUSDT,2025.01.11,08:00:00,94210.200000,94757.900000,94000.000000,94570.400000,11530.3210
BTCUSDT,2025.01.11,12:00:00,94570.400000,94613.600000,94262.100000,94365.800000,8787.6780
BTCUSDT,2025.01.11,16:00:00,94365.900000,94680.300000,93943.000000,94206.500000,12137.8320
BTCUSDT,2025.01.11,20:00:00,94206.500000,94988.000000,94150.900000,94562.500000,11723.3570
BTCUSDT,2025.01.12,00:00:00,94562.400000,94665.700000,94260.000000,94586.000000,6125.3730
BTCUSDT,2025.01.12,04:00:00,94586.000000,94614.500000,94227.200000,94291.300000,4831.2210
BTCUSDT,2025.01.12,08:00:00,94291.200000,94359.500000,93661.100000,94209.000000,15455.0560
BTCUSDT,2025.01.12,12:00:00,94209.000000,95444.000000,94128.000000,95035.600000,21151.0980
BTCUSDT,2025.01.12,16:00:00,95035.700000,95278.000000,94527.800000,94625.100000,11349.4380
BTCUSDT,2025.01.12,20:00:00,94625.000000,94777.200000,93727.400000,94499.900000,18385.9470
BTCUSDT,2025.01.13,00:00:00,94499.900000,95934.500000,93852.000000,94215.400000,39756.9530
BTCUSDT,2025.01.13,04:00:00,94215.400000,94878.000000,93222.200000,93557.900000,29936.9630
BTCUSDT,2025.01.13,08:00:00,93557.900000,93626.100000,90809.800000,90827.500000,69147.5580
BTCUSDT,2025.01.13,12:00:00,90827.500000,93055.000000,88909.000000,92093.600000,127451.6040
BTCUSDT,2025.01.13,16:00:00,92093.700000,92501.500000,91207.800000,92274.800000,54692.5810
BTCUSDT,2025.01.13,20:00:00,92274.900000,94681.100000,91869.300000,94485.300000,40164.8310
BTCUSDT,2025.01.14,00:00:00,94485.400000,95260.000000,94305.400000,94821.200000,22691.7110
BTCUSDT,2025.01.14,04:00:00,94821.300000,95437.800000,94710.000000,94823.300000,16022.9640
BTCUSDT,2025.01.14,08:00:00,94823.400000,97353.900000,94823.300000,96508.400000,55743.5830
BTCUSDT,2025.01.14,12:00:00,96508.300000,97250.000000,95715.800000,96416.700000,59887.3310
BTCUSDT,2025.01.14,16:00:00,96416.800000,97044.800000,95309.900000,96496.500000,43657.6690
BTCUSDT,2025.01.14,20:00:00,96496.500000,96882.800000,96100.100000,96514.900000,14856.4030
BTCUSDT,2025.01.15,00:00:00,96514.900000,97530.200000,96450.200000,97288.700000,26432.7530
BTCUSDT,2025.01.15,04:00:00,97288.800000,97688.000000,96689.200000,97253.700000,22265.9260
BTCUSDT,2025.01.15,08:00:00,97253.700000,97488.000000,96480.000000,96725.400000,20975.2300
BTCUSDT,2025.01.15,12:00:00,96725.500000,99746.600000,96500.000000,98943.400000,85483.1050
BTCUSDT,2025.01.15,16:00:00,98943.300000,100038.100000,98550.100000,99807.400000,34322.1610
BTCUSDT,2025.01.15,20:00:00,99807.400000,100658.900000,99410.300000,100460.000000,32938.3910
BTCUSDT,2025.01.16,00:00:00,100460.000000,100850.000000,99106.800000,99438.800000,28294.3040
BTCUSDT,2025.01.16,04:00:00,99438.900000,99869.200000,99284.200000,99756.500000,12552.8430
BTCUSDT,2025.01.16,08:00:00,99756.500000,99787.800000,98557.800000,99107.100000,34575.9410
BTCUSDT,2025.01.16,12:00:00,99107.100000,99479.700000,97293.600000,99258.300000,68005.5630
BTCUSDT,2025.01.16,16:00:00,99258.200000,100426.000000,99023.900000,100382.000000,46977.2340
BTCUSDT,2025.01.16,20:00:00,100382.000000,100599.800000,99326.300000,99937.400000,26396.6350
BTCUSDT,2025.01.17,00:00:00,99937.400000,102133.700000,99902.000000,101005.100000,45074.0230
BTCUSDT,2025.01.17,04:00:00,101005.200000,101845.600000,100900.000000,101406.900000,16966.0960
BTCUSDT,2025.01.17,08:00:00,101406.900000,102568.800000,101400.000000,102181.600000,30304.3280
BTCUSDT,2025.01.17,12:00:00,102181.600000,104198.900000,102137.100000,103946.200000,68462.0940
BTCUSDT,2025.01.17,16:00:00,103946.300000,105784.000000,103772.600000,105770.900000,59774.1080
BTCUSDT,2025.01.17,20:00:00,105771.000000,105783.900000,104024.800000,104042.500000,28869.3200
BTCUSDT,2025.01.18,00:00:00,104042.600000,104620.000000,103001.100000,103531.100000,21840.6740
BTCUSDT,2025.01.18,04:00:00,103531.200000,103746.700000,102561.000000,102781.000000,37862.0070
BTCUSDT,2025.01.18,08:00:00,102781.100000,103855.000000,102242.800000,103547.000000,31937.6630
BTCUSDT,2025.01.18,12:00:00,103547.000000,104962.100000,103086.500000,104517.100000,32980.5490
BTCUSDT,2025.01.18,16:00:00,104517.100000,104681.700000,103110.000000,104349.900000,30255.3470
BTCUSDT,2025.01.18,20:00:00,104349.900000,104744.300000,103750.000000,104524.300000,13063.8520
BTCUSDT,2025.01.19,00:00:00,104524.300000,105439.000000,103980.000000,104958.300000,20810.8530
BTCUSDT,2025.01.19,04:00:00,104958.200000,105629.400000,104214.600000,105151.800000,24589.2000
BTCUSDT,2025.01.19,08:00:00,105151.800000,105458.400000,103458.600000,104353.800000,48225.2350
BTCUSDT,2025.01.19,12:00:00,104353.800000,105743.100000,104285.700000,104936.000000,36699.7240
BTCUSDT,2025.01.19,16:00:00,104936.000000,106259.800000,104520.000000,106247.900000,21082.5000
BTCUSDT,2025.01.19,20:00:00,106247.900000,106450.000000,99600.000000,101311.500000,129541.6660
BTCUSDT,2025.01.20,00:00:00,101311.500000,102300.000000,99501.000000,101874.500000,78880.3470
BTCUSDT,2025.01.20,04:00:00,101873.800000,110000.000000,101519.500000,107178.800000,116597.3770
BTCUSDT,2025.01.20,08:00:00,107178.800000,109300.800000,107140.000000,108267.500000,43506.4190
BTCUSDT,2025.01.20,12:00:00,108267.600000,108756.600000,104500.000000,105008.700000,85667.6090
BTCUSDT,2025.01.20,16:00:00,105001.300000,107082.800000,100138.200000,103674.200000,174874.2350
BTCUSDT,2025.01.20,20:00:00,103674.300000,104313.200000,101714.400000,102247.600000,30982.1930
BTCUSDT,2025.01.21,00:00:00,102247.700000,103279.900000,100097.200000,102922.700000,54348.0600
BTCUSDT,2025.01.21,04:00:00,102922.700000,102972.500000,101102.800000,101980.700000,27001.2000
BTCUSDT,2025.01.21,08:00:00,101980.700000,103956.200000,101719.400000,103725.000000,28413.9840
BTCUSDT,2025.01.21,12:00:00,103725.000000,105292.300000,102800.000000,103929.100000,64361.2530
BTCUSDT,2025.01.21,16:00:00,103929.100000,107241.600000,103781.500000,106989.900000,68892.9010
BTCUSDT,2025.01.21,20:00:00,106989.900000,107180.000000,105400.200000,106114.500000,30279.4300
BTCUSDT,2025.01.22,00:00:00,106115.400000,106390.000000,105431.900000,105588.200000,16342.4230
BTCUSDT,2025.01.22,04:00:00,105588.100000,105948.600000,105037.200000,105063.800000,16263.5080
BTCUSDT,2025.01.22,08:00:00,105063.800000,105449.900000,104610.000000,105083.900000,19448.0440
BTCUSDT,2025.01.22,12:00:00,105083.900000,105557.200000,103612.000000,104138.000000,47832.3180
BTCUSDT,2025.01.22,16:00:00,104138.100000,104721.800000,103211.600000,104600.000000,32231.0510
BTCUSDT,2025.01.22,20:00:00,104600.000000,104804.500000,103556.700000,103664.900000,19126.1840
BTCUSDT,2025.01.23,00:00:00,103664.900000,103777.400000,102082.000000,102417.000000,30890.5340
BTCUSDT,2025.01.23,04:00:00,102417.100000,102955.000000,101550.400000,102668.400000,24694.1650
BTCUSDT,2025.01.23,08:00:00,102668.300000,102668.400000,101211.000000,101909.200000,21357.7960
BTCUSDT,2025.01.23,12:00:00,101909.200000,106000.000000,101279.800000,105235.200000,136243.9900
BTCUSDT,2025.01.23,16:00:00,105235.200000,106840.200000,103342.000000,103713.700000,83709.7530
BTCUSDT,2025.01.23,20:00:00,103713.700000,106387.400000,102161.900000,103864.100000,121257.7810
BTCUSDT,2025.01.24,00:00:00,103864.000000,104289.900000,102680.000000,103842.600000,24734.6770
BTCUSDT,2025.01.24,04:00:00,103842.600000,105331.200000,103745.500000,104999.900000,21476.6730
BTCUSDT,2025.01.24,08:00:00,104999.900000,105732.100000,104875.700000,105374.000000,18221.8400
BTCUSDT,2025.01.24,12:00:00,105374.100000,106307.600000,104623.000000,105821.800000,36536.5110
BTCUSDT,2025.01.24,16:00:00,105821.300000,107076.500000,105533.000000,105726.700000,39006.2480
BTCUSDT,2025.01.24,20:00:00,105726.700000,105733.400000,104400.000000,104808.100000,25771.0010
BTCUSDT,2025.01.25,00:00:00,104808.000000,105234.500000,104310.000000,105153.900000,14022.1220
BTCUSDT,2025.01.25,04:00:00,105153.900000,105153.900000,104128.200000,104349.300000,10568.4190
BTCUSDT,2025.01.25,08:00:00,104349.400000,104650.500000,104040.600000,104626.800000,10038.8560
BTCUSDT,2025.01.25,12:00:00,104626.900000,105066.000000,104400.100000,104852.100000,10788.4440
BTCUSDT,2025.01.25,16:00:00,104852.100000,105274.700000,104410.800000,105005.600000,13101.2700
BTCUSDT,2025.01.25,20:00:00,105005.700000,105234.300000,104643.300000,104702.000000,7111.0520
BTCUSDT,2025.01.26,00:00:00,104702.000000,105263.300000,104461.600000,105036.500000,8524.4790
BTCUSDT,2025.01.26,04:00:00,105036.600000,105496.900000,104905.300000,104963.700000,6808.8600
BTCUSDT,2025.01.26,08:00:00,104963.700000,105208.800000,104358.300000,104775.600000,13300.6550
BTCUSDT,2025.01.26,12:00:00,104775.600000,105043.400000,104648.800000,104919.900000,6971.9650
BTCUSDT,2025.01.26,16:00:00,104920.000000,105237.000000,104850.100000,105050.100000,6836.1780
BTCUSDT,2025.01.26,20:00:00,105050.100000,105175.000000,102450.300000,102560.100000,33344.9500
BTCUSDT,2025.01.27,00:00:00,102560.000000,103216.500000,100632.500000,101349.200000,52340.5870
BTCUSDT,2025.01.27,04:00:00,101349.100000,101349.300000,97680.000000,98996.300000,72374.4710
BTCUSDT,2025.01.27,08:00:00,98996.300000,99495.000000,98200.000000,98700.000000,35594.6810
BTCUSDT,2025.01.27,12:00:00,98700.100000,102267.800000,98666.000000,101070.800000,80059.7670
BTCUSDT,2025.01.27,16:00:00,101070.800000,101207.100000,98820.600000,99660.400000,47155.2920
BTCUSDT,2025.01.27,20:00:00,99660.300000,102423.300000,99548.900000,102021.300000,38165.0760
BTCUSDT,2025.01.28,00:00:00,102021.300000,102846.100000,101263.000000,102582.700000,25966.0280
BTCUSDT,2025.01.28,04:00:00,102582.700000,103325.300000,102473.300000,102753.800000,20947.8940
BTCUSDT,2025.01.28,08:00:00,102754.300000,103151.000000,102352.300000,102717.900000,14152.9030
BTCUSDT,2025.01.28,12:00:00,102717.900000,103797.000000,101770.500000,102730.600000,41814.8160
BTCUSDT,2025.01.28,16:00:00,102730.600000,103089.900000,101778.000000,102368.700000,35294.6570
BTCUSDT,2025.01.28,20:00:00,102368.700000,102495.000000,100235.000000,101279.600000,31740.9630
BTCUSDT,2025.01.29,00:00:00,101279.700000,102300.000000,101269.700000,101994.000000,14925.0380
BTCUSDT,2025.01.29,04:00:00,101994.100000,102800.600000,101908.500000,102723.200000,12728.9030
BTCUSDT,2025.01.29,08:00:00,102723.200000,103012.600000,102153.800000,102594.700000,14137.7030
BTCUSDT,2025.01.29,12:00:00,102594.700000,102783.700000,101526.800000,101934.200000,28727.3560
BTCUSDT,2025.01.29,16:00:00,101934.200000,103997.000000,101365.000000,103550.500000,58082.5040
BTCUSDT,2025.01.29,20:00:00,103550.600000,104755.000000,102791.000000,103698.200000,41388.4480
BTCUSDT,2025.01.30,00:00:00,103698.100000,105287.900000,103224.500000,105155.700000,23135.9640
BTCUSDT,2025.01.30,04:00:00,105155.600000,105564.500000,104762.900000,105085.100000,21889.3570
BTCUSDT,2025.01.30,08:00:00,105085.200000,105514.200000,104879.300000,105251.900000,12288.1480
BTCUSDT,2025.01.30,12:00:00,105251.900000,106450.000000,104607.200000,105519.400000,41745.9370
BTCUSDT,2025.01.30,16:00:00,105519.400000,105960.000000,104704.100000,105659.800000,21888.0680
BTCUSDT,2025.01.30,20:00:00,105659.900000,105767.100000,104628.300000,104676.900000,16019.9260
BTCUSDT,2025.01.31,00:00:00,104676.900000,104982.200000,103880.000000,104286.700000,19595.6600
BTCUSDT,2025.01.31,04:00:00,104286.600000,104776.400000,103926.400000,104160.100000,15289.2390
BTCUSDT,2025.01.31,08:00:00,104160.000000,104821.800000,103888.600000,104691.900000,14789.4040
BTCUSDT,2025.01.31,12:00:00,104692.000000,106000.000000,104050.000000,105407.000000,36319.9440
BTCUSDT,2025.01.31,16:00:00,105406.900000,105537.000000,102100.000000,102275.800000,54110.4300
BTCUSDT,2025.01.31,20:00:00,102275.700000,102443.900000,101509.000000,102379.700000,32133.1400
BTCUSDT,2025.02.01,00:00:00,102379.800000,102734.900000,102131.000000,102203.900000,11261.3980
BTCUSDT,2025.02.01,04:00:00,102203.800000,102543.000000,102058.800000,102127.000000,7685.9360
BTCUSDT,2025.02.01,08:00:00,102127.000000,102242.300000,101344.000000,101980.100000,17719.9550
BTCUSDT,2025.02.01,12:00:00,101980.000000,102297.000000,101680.000000,102031.500000,13065.4560
BTCUSDT,2025.02.01,16:00:00,102031.600000,102250.000000,101392.900000,101620.100000,12351.2770
BTCUSDT,2025.02.01,20:00:00,101620.100000,101620.100000,100215.000000,100603.600000,28779.0690
BTCUSDT,2025.02.02,00:00:00,100603.600000,101426.000000,99111.000000,99160.800000,32062.0590
BTCUSDT,2025.02.02,04:00:00,99160.800000,100470.100000,98989.000000,99586.200000,24488.4460
BTCUSDT,2025.02.02,08:00:00,99586.200000,100071.000000,98550.000000,98811.600000,25456.4290
BTCUSDT,2025.02.02,12:00:00,98811.500000,99384.500000,98100.000000,99298.600000,33912.6530
BTCUSDT,2025.02.02,16:00:00,99298.600000,99319.000000,96750.100000,98232.000000,67223.4640
BTCUSDT,2025.02.02,20:00:00,98232.000000,98594.900000,96029.600000,97664.500000,49791.6420
BTCUSDT,2025.02.03,00:00:00,97664.500000,97748.000000,91130.300000,94001.600000,168653.9960
BTCUSDT,2025.02.03,04:00:00,94001.600000,95373.100000,92595.700000,95271.100000,40481.4560
BTCUSDT,2025.02.03,08:00:00,95271.100000,95891.900000,94716.500000,95070.800000,36094.7120
BTCUSDT,2025.02.03,12:00:00,95070.900000,99501.400000,94111.000000,98802.700000,91828.3380
BTCUSDT,2025.02.03,16:00:00,98802.800000,101832.000000,97993.300000,101831.900000,73898.6050
BTCUSDT,2025.02.03,20:00:00,101831.900000,102456.000000,100861.000000,101293.700000,44130.9270
BTCUSDT,2025.02.04,00:00:00,101293.600000,101729.300000,100500.100000,100597.100000,21676.3430
BTCUSDT,2025.02.04,04:00:00,100597.200000,100736.300000,98183.000000,98405.100000,52017.0010
BTCUSDT,2025.02.04,08:00:00,98405.100000,99387.000000,97792.800000,98924.000000,29726.5300
BTCUSDT,2025.02.04,12:00:00,98924.100000,100371.000000,98215.700000,99310.600000,55172.9330
BTCUSDT,2025.02.04,16:00:00,99310.500000,100743.600000,98724.100000,98811.800000,38784.9270
BTCUSDT,2025.02.04,20:00:00,98812.000000,99400.000000,96100.000000,97709.900000,65368.4690
BTCUSDT,2025.02.05,00:00:00,97710.000000,98914.400000,97069.000000,97989.500000,26689.0120
BTCUSDT,2025.02.05,04:00:00,97989.500000,98300.000000,97320.000000,97814.900000,17884.9450
BTCUSDT,2025.02.05,08:00:00,97814.900000,98178.000000,97206.000000,98161.700000,15468.7760
BTCUSDT,2025.02.05,12:00:00,98161.700000,99124.200000,97709.900000,98063.300000,34048.9790
BTCUSDT,2025.02.05,16:00:00,98063.300000,98262.300000,96442.100000,97327.100000,33419.4870
BTCUSDT,2025.02.05,20:00:00,97327.200000,97662.600000,96106.100000,96553.200000,23868.4670
BTCUSDT,2025.02.06,00:00:00,96553.200000,97460.000000,96373.400000,97305.600000,14758.4310
BTCUSDT,2025.02.06,04:00:00,97305.600000,98390.500000,97215.200000,98164.900000,15525.0300
BTCUSDT,2025.02.06,08:00:00,98164.900000,99093.000000,97880.000000,98826.300000,24612.4700
BTCUSDT,2025.02.06,12:00:00,98826.300000,99019.900000,96866.900000,97285.600000,42424.1600
BTCUSDT,2025.02.06,16:00:00,97285.700000,97500.000000,95613.500000,95946.100000,43232.8300
BTCUSDT,2025.02.06,20:00:00,95946.000000,97041.400000,95736.000000,96515.100000,20968.0920
BTCUSDT,2025.02.07,00:00:00,96515.000000,97805.800000,96358.300000,97410.200000,16612.2700
BTCUSDT,2025.02.07,04:00:00,97410.200000,97835.000000,96536.500000,96705.100000,17746.4360
BTCUSDT,2025.02.07,08:00:00,96705.000000,97722.300000,96566.300000,97703.800000,14669.5210
BTCUSDT,2025.02.07,12:00:00,97703.800000,100112.400000,97150.000000,98257.100000,98527.4750
BTCUSDT,2025.02.07,16:00:00,98257.100000,98535.500000,96817.000000,96840.100000,45070.8450
BTCUSDT,2025.02.07,20:00:00,96840.000000,96885.600000,95555.000000,96454.500000,30747.0820
BTCUSDT,2025.02.08,00:00:00,96454.500000,96850.000000,96288.000000,96660.000000,12426.4560
BTCUSDT,2025.02.08,04:00:00,96660.000000,96660.100000,95714.400000,96153.400000,13155.1640
BTCUSDT,2025.02.08,08:00:00,96153.400000,96248.300000,95805.000000,96074.100000,9887.0850
BTCUSDT,2025.02.08,12:00:00,96074.000000,96466.000000,95600.000000,95798.000000,14840.0010
BTCUSDT,2025.02.08,16:00:00,95798.000000,96725.200000,95685.600000,96550.000000,13291.7490
BTCUSDT,2025.02.08,20:00:00,96550.000000,96673.500000,96311.600000,96411.900000,5449.9770
BTCUSDT,2025.02.09,00:00:00,96412.000000,97284.100000,96306.500000,97278.400000,12620.8380
BTCUSDT,2025.02.09,04:00:00,97278.300000,97301.700000,96738.300000,97020.000000,7892.2810
BTCUSDT,2025.02.09,08:00:00,97020.000000,97279.300000,96498.500000,96511.200000,13729.0860
BTCUSDT,2025.02.09,12:00:00,96511.200000,96663.600000,95633.600000,96438.000000,21436.1380
BTCUSDT,2025.02.09,16:00:00,96438.000000,96541.600000,95828.000000,96011.400000,10274.1000
BTCUSDT,2025.02.09,20:00:00,96011.400000,96750.000000,94650.100000,96423.600000,35224.8430
BTCUSDT,2025.02.10,00:00:00,96423.600000,97091.800000,95200.100000,96770.000000,32348.7460
BTCUSDT,2025.02.10,04:00:00,96770.000000,97634.000000,96591.800000,97386.300000,23605.8020
BTCUSDT,2025.02.10,08:00:00,97386.300000,97930.000000,97305.500000,97627.200000,18947.9560
BTCUSDT,2025.02.10,12:00:00,97627.300000,98328.000000,96806.600000,97187.700000,35096.1770
BTCUSDT,2025.02.10,16:00:00,97187.700000,97611.000000,96828.400000,97343.600000,16027.9700
BTCUSDT,2025.02.10,20:00:00,97343.600000,97455.500000,97090.300000,97379.200000,6905.8940
BTCUSDT,2025.02.11,00:00:00,97379.200000,98108.500000,97352.200000,97565.500000,15100.1340
BTCUSDT,2025.02.11,04:00:00,97565.400000,98482.200000,97514.600000,98231.100000,16552.1160
BTCUSDT,2025.02.11,08:00:00,98231.200000,98306.900000,97834.300000,98100.000000,10582.8870
BTCUSDT,2025.02.11,12:00:00,98100.100000,98112.200000,96529.300000,96963.300000,40145.9360
BTCUSDT,2025.02.11,16:00:00,96963.200000,97002.000000,94814.300000,94988.000000,43455.5990
BTCUSDT,2025.02.11,20:00:00,94988.000000,96468.500000,94871.200000,95731.400000,28996.2320
BTCUSDT,2025.02.12,00:00:00,95731.400000,96230.000000,95050.000000,95251.400000,15872.6590
BTCUSDT,2025.02.12,04:00:00,95251.400000,96130.100000,95213.200000,96025.800000,12022.3430
BTCUSDT,2025.02.12,08:00:00,96025.100000,96437.500000,95860.500000,96062.400000,15330.0150
BTCUSDT,2025.02.12,12:00:00,96062.400000,96596.300000,94003.900000,95762.100000,81170.8530
BTCUSDT,2025.02.12,16:00:00,95762.000000,97700.000000,95074.000000,97156.600000,52129.3950
BTCUSDT,2025.02.12,20:00:00,97156.700000,98090.900000,96811.200000,97816.300000,25922.8140
BTCUSDT,2025.02.13,00:00:00,97816.300000,98053.800000,97309.100000,97463.400000,12528.3400
BTCUSDT,2025.02.13,04:00:00,97463.400000,97519.300000,95706.800000,96018.500000,29528.2500
BTCUSDT,2025.02.13,08:00:00,96018.500000,96288.900000,95500.000000,95883.600000,20319.9390
BTCUSDT,2025.02.13,12:00:00,95883.600000,96432.400000,95288.500000,95943.500000,37774.4180
BTCUSDT,2025.02.13,16:00:00,95943.200000,96325.000000,95160.100000,95587.800000,26297.0070
BTCUSDT,2025.02.13,20:00:00,95587.900000,96756.800000,95544.900000,96560.600000,15792.5720
BTCUSDT,2025.02.14,00:00:00,96560.600000,97163.000000,96309.500000,97094.900000,13958.1960
BTCUSDT,2025.02.14,04:00:00,97094.900000,97212.000000,96505.000000,96889.900000,12651.1990
BTCUSDT,2025.02.14,08:00:00,96889.900000,97150.000000,96743.400000,96844.600000,9939.5490
BTCUSDT,2025.02.14,12:00:00,96844.600000,97561.100000,96225.700000,96886.500000,34393.7420
BTCUSDT,2025.02.14,16:00:00,96886.500000,98792.800000,96444.600000,97898.300000,51033.9790
BTCUSDT,2025.02.14,20:00:00,97898.400000,98229.100000,96636.700000,97445.100000,22476.2920
BTCUSDT,2025.02.15,00:00:00,97445.200000,97941.200000,97170.000000,97619.400000,10051.5510
BTCUSDT,2025.02.15,04:00:00,97619.400000,97750.000000,97306.300000,97312.400000,5995.9870
BTCUSDT,2025.02.15,08:00:00,97312.400000,97692.300000,97255.200000,97569.400000,6186.7880
BTCUSDT,2025.02.15,12:00:00,97569.500000,97899.800000,97377.000000,97594.500000,11164.2500
BTCUSDT,2025.02.15,16:00:00,97594.500000,97682.400000,97274.500000,97496.900000,7776.7030
BTCUSDT,2025.02.15,20:00:00,97497.000000,97698.400000,97370.000000,97538.000000,6243.3140
BTCUSDT,2025.02.16,00:00:00,97538.000000,97665.800000,97373.100000,97504.900000,5666.4710
BTCUSDT,2025.02.16,04:00:00,97504.800000,97638.800000,97137.000000,97207.400000,5859.3740
BTCUSDT,2025.02.16,08:00:00,97207.400000,97355.000000,97011.000000,97293.100000,7282.1270
BTCUSDT,2025.02.16,12:00:00,97293.100000,97295.700000,96629.500000,96849.900000,13685.0340
BTCUSDT,2025.02.16,16:00:00,96850.000000,97134.000000,96572.500000,97021.500000,9001.5860
BTCUSDT,2025.02.16,20:00:00,97021.400000,97247.600000,96002.000000,96067.000000,15190.2810
BTCUSDT,2025.02.17,00:00:00,96067.000000,96605.700000,96000.000000,96171.500000,11350.7600
BTCUSDT,2025.02.17,04:00:00,96171.400000,96421.900000,95739.600000,96023.800000,13627.4000
BTCUSDT,2025.02.17,08:00:00,96023.800000,96347.000000,95897.100000,96018.200000,12992.8480
BTCUSDT,2025.02.17,12:00:00,96018.300000,97000.000000,95491.700000,95605.500000,29886.1240
BTCUSDT,2025.02.17,16:00:00,95605.500000,95900.000000,95150.600000,95490.800000,24809.5860
BTCUSDT,2025.02.17,20:00:00,95490.700000,96386.900000,95452.800000,95743.200000,12910.2680
BTCUSDT,2025.02.18,00:00:00,95743.100000,96296.500000,95508.800000,96163.100000,12045.8940
BTCUSDT,2025.02.18,04:00:00,96163.100000,96267.700000,95199.900000,95409.900000,18722.3800
BTCUSDT,2025.02.18,08:00:00,95409.900000,95849.000000,95000.000000,95606.100000,15643.5110
BTCUSDT,2025.02.18,12:00:00,95606.000000,96737.300000,95115.100000,95501.600000,39510.6830
BTCUSDT,2025.02.18,16:00:00,95501.600000,95595.000000,93321.600000,94062.100000,59876.9250
BTCUSDT,2025.02.18,20:00:00,94062.200000,95645.300000,93696.400000,95622.000000,33373.9690
BTCUSDT,2025.02.19,00:00:00,95622.000000,95929.000000,95020.000000,95672.100000,17813.7970
BTCUSDT,2025.02.19,04:00:00,95672.200000,95816.200000,95012.500000,95640.400000,16957.1750
BTCUSDT,2025.02.19,08:00:00,95640.500000,96443.900000,95571.200000,96392.000000,20145.3480
BTCUSDT,2025.02.19,12:00:00,96392.000000,96676.000000,95494.400000,95895.400000,32576.2790
BTCUSDT,2025.02.19,16:00:00,95895.400000,96447.000000,95362.800000,96159.900000,22433.7160
BTCUSDT,2025.02.19,20:00:00,96159.800000,96878.700000,96011.600000,96598.000000,15070.5580
BTCUSDT,2025.02.20,00:00:00,96597.900000,97339.800000,96366.000000,97017.400000,16242.9920
BTCUSDT,2025.02.20,04:00:00,97017.400000,97310.400000,96743.800000,96825.800000,10876.6460
BTCUSDT,2025.02.20,08:00:00,96825.700000,97350.000000,96757.200000,97164.600000,9215.2610
BTCUSDT,2025.02.20,12:00:00,97164.600000,98000.000000,96756.100000,96870.500000,40545.3850
BTCUSDT,2025.02.20,16:00:00,96871.100000,98480.000000,96838.100000,98370.000000,34903.8090
BTCUSDT,2025.02.20,20:00:00,98369.900000,98662.100000,97952.800000,98252.900000,17396.0790
BTCUSDT,2025.02.21,00:00:00,98252.800000,98450.000000,98030.300000,98106.100000,9636.1480
BTCUSDT,2025.02.21,04:00:00,98106.000000,98555.000000,98072.400000,98130.000000,9837.9150
BTCUSDT,2025.02.21,08:00:00,98129.900000,98888.000000,98057.500000,98579.700000,21699.4940
BTCUSDT,2025.02.21,12:00:00,98579.700000,99431.500000,97143.000000,98057.600000,85401.7900
BTCUSDT,2025.02.21,16:00:00,98057.600000,98720.000000,95201.200000,95247.500000,85986.9400
BTCUSDT,2025.02.21,20:00:00,95247.400000,96150.000000,94830.400000,96127.900000,38055.9860
BTCUSDT,2025.02.22,00:00:00,96128.000000,96399.900000,95701.900000,96249.900000,12887.8500
BTCUSDT,2025.02.22,04:00:00,96250.000000,96542.700000,96219.900000,96241.700000,8085.6780
BTCUSDT,2025.02.22,08:00:00,96241.700000,96571.200000,96107.000000,96526.400000,11109.9770
BTCUSDT,2025.02.22,12:00:00,96526.500000,96988.000000,96444.200000,96552.400000,18121.7190
BTCUSDT,2025.02.22,16:00:00,96552.300000,96794.600000,96333.800000,96596.600000,10553.7830
BTCUSDT,2025.02.22,20:00:00,96596.500000,96659.500000,96432.600000,96503.300000,5033.1430
BTCUSDT,2025.02.23,00:00:00,96503.300000,96602.900000,96309.600000,96373.700000,5921.4750
BTCUSDT,2025.02.23,04:00:00,96373.700000,96504.100000,96102.200000,96454.600000,10823.8410
BTCUSDT,2025.02.23,08:00:00,96454.600000,96459.400000,96030.000000,96064.300000,7616.2990
BTCUSDT,2025.02.23,12:00:00,96064.200000,96118.100000,95326.800000,95391.500000,21371.7400
BTCUSDT,2025.02.23,16:00:00,95391.500000,95823.500000,95180.200000,95706.500000,11934.5820
BTCUSDT,2025.02.23,20:00:00,95706.500000,96290.000000,95476.500000,96218.400000,11630.7540
BTCUSDT,2025.02.24,00:00:00,96218.400000,96470.000000,95263.000000,95388.100000,17763.8490
BTCUSDT,2025.02.24,04:00:00,95388.000000,95918.400000,95018.000000,95834.200000,17643.4990
BTCUSDT,2025.02.24,08:00:00,95834.200000,96147.500000,95282.400000,95774.800000,19209.4880
BTCUSDT,2025.02.24,12:00:00,95774.900000,96055.100000,93800.000000,94295.900000,60104.2060
BTCUSDT,2025.02.24,16:00:00,94295.900000,95182.300000,93612.900000,93916.100000,39593.2680
BTCUSDT,2025.02.24,20:00:00,93917.400000,94551.100000,91300.000000,91514.500000,63174.4400
BTCUSDT,2025.02.25,00:00:00,91514.500000,92500.000000,90850.000000,92125.300000,49736.3390
BTCUSDT,2025.02.25,04:00:00,92125.300000,92287.000000,88131.600000,89262.900000,92098.8530
BTCUSDT,2025.02.25,08:00:00,89262.800000,89952.000000,86800.000000,89186.800000,100778.9200
BTCUSDT,2025.02.25,12:00:00,89186.900000,89499.900000,86020.400000,87206.900000,108732.0910
BTCUSDT,2025.02.25,16:00:00,87206.800000,88048.900000,86125.900000,87914.300000,72441.6120
BTCUSDT,2025.02.25,20:00:00,87914.200000,89442.700000,87578.100000,88639.100000,48508.6870
BTCUSDT,2025.02.26,00:00:00,88639.100000,89367.100000,88101.900000,88851.800000,21365.2080
BTCUSDT,2025.02.26,04:00:00,88851.800000,89214.800000,88366.000000,88682.300000,16621.1350
BTCUSDT,2025.02.26,08:00:00,88682.300000,89285.700000,88092.000000,88570.000000,27628.1350
BTCUSDT,2025.02.26,12:00:00,88570.100000,88641.000000,85377.200000,87536.400000,113336.5250
BTCUSDT,2025.02.26,16:00:00,87536.500000,87784.700000,83265.500000,83832.000000,137446.6960
BTCUSDT,2025.02.26,20:00:00,83832.000000,85382.000000,82222.000000,84208.500000,84744.1220
BTCUSDT,2025.02.27,00:00:00,84208.600000,85397.100000,84000.000000,85174.000000,31978.4490
BTCUSDT,2025.02.27,04:00:00,85174.000000,86687.500000,84640.100000,86227.900000,33054.4820
BTCUSDT,2025.02.27,08:00:00,86228.000000,87066.000000,85827.100000,86655.300000,36174.3770
BTCUSDT,2025.02.27,12:00:00,86655.400000,86756.100000,84609.000000,85473.000000,71815.4800
BTCUSDT,2025.02.27,16:00:00,85472.900000,85664.800000,83567.400000,84084.000000,44193.1840
BTCUSDT,2025.02.27,20:00:00,84084.000000,84894.000000,82667.000000,84668.100000,52192.5580
BTCUSDT,2025.02.28,00:00:00,84668.200000,84858.600000,79500.000000,80429.200000,150178.0950
BTCUSDT,2025.02.28,04:00:00,80429.200000,80939.900000,78787.000000,79159.900000,109818.6110
BTCUSDT,2025.02.28,08:00:00,79159.900000,80800.000000,78200.200000,80474.300000,76070.2750
BTCUSDT,2025.02.28,12:00:00,80474.400000,84380.900000,80030.000000,83948.100000,103925.2290
BTCUSDT,2025.02.28,16:00:00,83948.100000,85084.500000,83153.300000,84393.300000,72721.1050
BTCUSDT,2025.02.28,20:00:00,84393.300000,84743.800000,83555.000000,84299.600000,23629.9160
BTCUSDT,2025.03.01,00:00:00,84299.600000,85638.000000,83779.000000,85279.300000,31502.9880
BTCUSDT,2025.03.01,04:00:00,85279.100000,86516.500000,84698.800000,84707.300000,39241.0670
BTCUSDT,2025.03.01,08:00:00,84707.200000,85452.400000,84343.000000,84593.600000,26089.1570
BTCUSDT,2025.03.01,12:00:00,84593.600000,84908.500000,84285.000000,84755.100000,17714.6630
BTCUSDT,2025.03.01,16:00:00,84755.000000,85613.400000,84652.000000,85431.200000,16936.8180
BTCUSDT,2025.03.01,20:00:00,85431.100000,86219.700000,85239.600000,86007.700000,15511.9780
BTCUSDT,2025.03.02,00:00:00,86007.700000,86449.900000,85571.800000,85811.900000,18529.9020
BTCUSDT,2025.03.02,04:00:00,85812.000000,86515.000000,85490.000000,86191.400000,13859.7250
BTCUSDT,2025.03.02,08:00:00,86191.400000,86219.500000,85605.000000,86047.000000,16697.0340
BTCUSDT,2025.03.02,12:00:00,86047.100000,88644.000000,85015.000000,87390.100000,74595.6420
BTCUSDT,2025.03.02,16:00:00,87390.100000,94971.000000,87236.000000,93467.300000,192872.4800
BTCUSDT,2025.03.02,20:00:00,93467.200000,94800.000000,93444.900000,94222.800000,48156.7550
BTCUSDT,2025.03.03,00:00:00,94222.000000,94373.400000,92380.100000,92660.000000,37429.1200
BTCUSDT,2025.03.03,04:00:00,92660.000000,93304.900000,91150.000000,92318.000000,40159.5600
BTCUSDT,2025.03.03,08:00:00,92318.000000,92888.000000,91100.000000,92700.000000,37107.7040
BTCUSDT,2025.03.03,12:00:00,92700.000000,93666.000000,89100.000000,90009.500000,115283.9730
BTCUSDT,2025.03.03,16:00:00,90009.500000,90959.100000,85495.500000,85552.000000,122196.0840
BTCUSDT,2025.03.03,20:00:00,85552.000000,86999.900000,85029.000000,86192.700000,83855.9610
BTCUSDT,2025.03.04,00:00:00,86193.300000,86773.500000,82420.000000,83929.000000,106129.6250
BTCUSDT,2025.03.04,04:00:00,83928.900000,84566.000000,83100.300000,83159.400000,32146.5230
BTCUSDT,2025.03.04,08:00:00,83159.400000,84359.500000,83000.100000,83890.100000,26599.1700
BTCUSDT,2025.03.04,12:00:00,83890.100000,84934.900000,81200.000000,82945.000000,118850.8560
BTCUSDT,2025.03.04,16:00:00,82945.000000,88488.000000,81911.100000,88165.300000,91455.0870
BTCUSDT,2025.03.04,20:00:00,88165.300000,88931.000000,86544.000000,87245.900000,57253.5370
BTCUSDT,2025.03.05,00:00:00,87245.900000,87850.000000,86328.000000,86813.600000,31773.1080
BTCUSDT,2025.03.05,04:00:00,86813.700000,87688.000000,86694.000000,87573.900000,15899.2150
BTCUSDT,2025.03.05,08:00:00,87573.900000,90625.000000,87549.000000,89777.600000,50928.6020
BTCUSDT,2025.03.05,12:00:00,89777.600000,90897.100000,87890.000000,88312.600000,93893.2270
BTCUSDT,2025.03.05,16:00:00,88312.500000,90444.000000,87558.000000,89711.200000,63517.4780
BTCUSDT,2025.03.05,20:00:00,89711.200000,91000.000000,89626.300000,90566.100000,22989.4600
BTCUSDT,2025.03.06,00:00:00,90566.100000,91988.000000,89955.000000,91563.200000,37147.4040
BTCUSDT,2025.03.06,04:00:00,91563.200000,92780.300000,91222.000000,91311.300000,32218.8740
BTCUSDT,2025.03.06,08:00:00,91311.400000,91642.300000,90572.400000,91319.200000,30673.0370
BTCUSDT,2025.03.06,12:00:00,91319.200000,91420.000000,89070.000000,90777.900000,79791.9310
BTCUSDT,2025.03.06,16:00:00,90777.900000,91025.700000,87790.500000,88488.500000,73825.2480
BTCUSDT,2025.03.06,20:00:00,88488.500000,90748.000000,88428.800000,89887.800000,49402.1380
BTCUSDT,2025.03.07,00:00:00,89887.900000,91257.700000,84600.000000,86958.500000,132530.2800
BTCUSDT,2025.03.07,04:00:00,86958.400000,88569.900000,86809.200000,88308.800000,26269.0390
BTCUSDT,2025.03.07,08:00:00,88308.800000,89666.000000,87932.000000,88928.800000,27344.0060
BTCUSDT,2025.03.07,12:00:00,88928.900000,91107.900000,87979.000000,88424.900000,106013.3240
BTCUSDT,2025.03.07,16:00:00,88425.000000,88990.000000,86530.000000,87787.200000,87066.6670
BTCUSDT,2025.03.07,20:00:00,87787.300000,88494.300000,85555.000000,86753.800000,73250.8790
BTCUSDT,2025.03.08,00:00:00,86753.800000,86876.500000,85108.000000,85880.000000,27166.4550
BTCUSDT,2025.03.08,04:00:00,85880.000000,86622.900000,85607.700000,86159.200000,14502.3910
BTCUSDT,2025.03.08,08:00:00,86159.200000,86422.000000,85720.000000,85923.900000,12411.9240
BTCUSDT,2025.03.08,12:00:00,85923.900000,86587.000000,85774.800000,86360.000000,14833.0730
BTCUSDT,2025.03.08,16:00:00,86360.000000,86459.000000,85605.500000,86190.500000,18610.8910
BTCUSDT,2025.03.08,20:00:00,86190.500000,86458.800000,85800.000000,86184.700000,8581.4530
BTCUSDT,2025.03.09,00:00:00,86184.700000,86470.600000,85902.000000,86077.100000,10664.1990
BTCUSDT,2025.03.09,04:00:00,86077.100000,86128.300000,85753.300000,85968.900000,8708.7380
BTCUSDT,2025.03.09,08:00:00,85968.800000,86092.800000,84601.300000,84990.100000,28696.1350
BTCUSDT,2025.03.09,12:00:00,84990.000000,85028.100000,82619.300000,83030.500000,56855.4740
BTCUSDT,2025.03.09,16:00:00,83030.400000,83727.800000,82176.900000,82604.900000,53961.0810
BTCUSDT,2025.03.09,20:00:00,82605.000000,83515.000000,79933.400000,80688.800000,62723.7210
BTCUSDT,2025.03.10,00:00:00,80690.700000,82694.200000,80001.000000,82000.100000,51441.0000
BTCUSDT,2025.03.10,04:00:00,82000.100000,82761.000000,81947.000000,82277.600000,18157.4060
BTCUSDT,2025.03.10,08:00:00,82277.700000,84031.500000,81110.000000,83540.200000,76138.6780
BTCUSDT,2025.03.10,12:00:00,83540.300000,83728.200000,79142.800000,80009.700000,124660.8370
BTCUSDT,2025.03.10,16:00:00,80009.700000,80217.600000,77410.100000,79037.100000,106456.3100
BTCUSDT,2025.03.10,20:00:00,79035.300000,79844.400000,78363.600000,78567.800000,39532.5660
BTCUSDT,2025.03.11,00:00:00,78567.800000,79888.000000,76560.000000,79486.600000,78235.7310
BTCUSDT,2025.03.11,04:00:00,79486.700000,80585.500000,79411.200000,80386.000000,33668.4150
BTCUSDT,2025.03.11,08:00:00,80386.000000,82061.500000,80291.000000,81684.600000,41608.8840
BTCUSDT,2025.03.11,12:00:00,81684.500000,82240.000000,79026.200000,81190.700000,139695.8730
BTCUSDT,2025.03.11,16:00:00,81190.700000,83600.000000,80600.000000,83060.100000,74604.7470
BTCUSDT,2025.03.11,20:00:00,83060.100000,83261.700000,82512.400000,82896.000000,22965.5190
BTCUSDT,2025.03.12,00:00:00,82896.000000,83741.800000,82066.500000,82098.200000,35999.1130
BTCUSDT,2025.03.12,04:00:00,82098.200000,82500.000000,81250.000000,82402.900000,37098.3240
BTCUSDT,2025.03.12,08:00:00,82402.800000,83046.900000,81980.000000,82972.000000,37875.9340
BTCUSDT,2025.03.12,12:00:00,82971.900000,84487.000000,80578.500000,81688.100000,122716.8340
BTCUSDT,2025.03.12,16:00:00,81688.000000,83127.400000,81575.600000,82877.300000,53129.0020
BTCUSDT,2025.03.12,20:00:00,82877.300000,83849.000000,82662.000000,83640.700000,19351.9170
BTCUSDT,2025.03.13,00:00:00,83640.700000,84307.100000,83267.100000,83537.100000,24001.9510
BTCUSDT,2025.03.13,04:00:00,83537.200000,83663.000000,82813.200000,83118.500000,24236.4110
BTCUSDT,2025.03.13,08:00:00,83118.600000,83494.600000,82350.000000,82939.500000,30560.6970
BTCUSDT,2025.03.13,12:00:00,82939.300000,84030.000000,80914.400000,81016.000000,88799.6090
BTCUSDT,2025.03.13,16:00:00,81016.000000,81243.800000,79903.400000,80177.900000,58197.6080
BTCUSDT,2025.03.13,20:00:00,80177.500000,81450.500000,80162.900000,81085.400000,22163.7760
BTCUSDT,2025.03.14,00:00:00,81085.500000,82249.000000,80772.000000,81861.500000,27108.9180
BTCUSDT,2025.03.14,04:00:00,81861.500000,82425.000000,81730.900000,82124.500000,17419.4060
BTCUSDT,2025.03.14,08:00:00,82124.600000,83330.000000,82121.200000,83202.800000,30208.9070
BTCUSDT,2025.03.14,12:00:00,83202.900000,85270.200000,82594.300000,84692.200000,97510.7600
BTCUSDT,2025.03.14,16:00:00,84692.100000,84908.800000,83908.300000,84508.100000,40100.5590
BTCUSDT,2025.03.14,20:00:00,84504.800000,84507.800000,83654.700000,83939.800000,21196.1580
BTCUSDT,2025.03.15,00:00:00,83939.900000,84625.000000,83915.400000,84439.900000,13976.1560
BTCUSDT,2025.03.15,04:00:00,84440.000000,84520.000000,83752.900000,83797.000000,12901.6240
BTCUSDT,2025.03.15,08:00:00,83797.100000,84143.900000,83564.500000,84054.800000,18511.0160
BTCUSDT,2025.03.15,12:00:00,84054.700000,84442.000000,83961.600000,84295.800000,16141.2160
BTCUSDT,2025.03.15,16:00:00,84295.700000,84453.400000,84060.000000,84261.200000,9720.6470
BTCUSDT,2025.03.15,20:00:00,84261.200000,84433.100000,84191.200000,84302.900000,5424.3110
BTCUSDT,2025.03.16,00:00:00,84303.000000,84357.100000,83691.300000,84295.900000,13994.3990
BTCUSDT,2025.03.16,04:00:00,84296.000000,84382.200000,83924.400000,84242.000000,10835.9620
BTCUSDT,2025.03.16,08:00:00,84242.100000,84300.000000,82333.400000,82367.900000,37793.9280
BTCUSDT,2025.03.16,12:00:00,82367.900000,83454.000000,82354.800000,83280.000000,36041.8540
BTCUSDT,2025.03.16,16:00:00,83280.000000,85136.000000,82500.000000,83064.300000,51260.2320
BTCUSDT,2025.03.16,20:00:00,83064.300000,83424.400000,81925.600000,82541.600000,24704.3250
BTCUSDT,2025.03.17,00:00:00,82541.600000,83696.600000,82483.900000,83641.000000,21622.9780
BTCUSDT,2025.03.17,04:00:00,83641.100000,83842.800000,82630.800000,83525.200000,23981.2450
BTCUSDT,2025.03.17,08:00:00,83525.300000,83749.900000,83171.700000,83475.000000,18023.2860
BTCUSDT,2025.03.17,12:00:00,83475.000000,84000.000000,82384.000000,83499.000000,64260.3530
BTCUSDT,2025.03.17,16:00:00,83499.100000,84727.100000,83054.900000,84436.200000,39230.7460
BTCUSDT,2025.03.17,20:00:00,84436.200000,84464.100000,83700.000000,83962.900000,15543.4740
BTCUSDT,2025.03.18,00:00:00,83963.000000,83979.800000,82913.600000,83107.600000,23013.5460
BTCUSDT,2025.03.18,04:00:00,83107.600000,83241.100000,82207.700000,83124.800000,33722.9640
BTCUSDT,2025.03.18,08:00:00,83124.700000,83422.800000,82457.600000,82550.000000,21256.2710
BTCUSDT,2025.03.18,12:00:00,82550.100000,82791.300000,81113.500000,81567.800000,61034.8900
BTCUSDT,2025.03.18,16:00:00,81567.500000,82446.800000,81203.100000,82273.400000,33916.2370
BTCUSDT,2025.03.18,20:00:00,82273.500000,82772.700000,81823.500000,82666.100000,15953.8410
BTCUSDT,2025.03.19,00:00:00,82666.200000,83200.000000,82501.800000,83008.400000,20173.2380
BTCUSDT,2025.03.19,04:00:00,83008.400000,83329.900000,82752.100000,83152.500000,16262.7980
BTCUSDT,2025.03.19,08:00:00,83152.500000,84088.200000,83137.800000,83848.400000,29259.3610
BTCUSDT,2025.03.19,12:00:00,83848.500000,84855.000000,83455.600000,84693.300000,47755.9760
BTCUSDT,2025.03.19,16:00:00,84693.300000,85908.000000,83500.000000,85382.500000,102445.1960
BTCUSDT,2025.03.19,20:00:00,85382.600000,86990.000000,85163.900000,86809.800000,36065.1720
BTCUSDT,2025.03.20,00:00:00,86809.800000,87500.000000,85580.600000,85849.500000,46168.2480
BTCUSDT,2025.03.20,04:00:00,85849.600000,85972.300000,85383.000000,85764.700000,17109.7910
BTCUSDT,2025.03.20,08:00:00,85764.700000,86285.800000,84685.500000,85462.200000,39885.2930
BTCUSDT,2025.03.20,12:00:00,85462.900000,86490.000000,84520.000000,84642.100000,65648.0160
BTCUSDT,2025.03.20,16:00:00,84642.000000,84846.100000,83613.600000,84129.300000,55952.8890
BTCUSDT,2025.03.20,20:00:00,84129.300000,84582.800000,83877.400000,84183.600000,18179.2550
BTCUSDT,2025.03.21,00:00:00,84183.600000,84813.600000,84140.000000,84409.900000,15520.6680
BTCUSDT,2025.03.21,04:00:00,84410.000000,84773.600000,83650.300000,83889.600000,20591.9290
BTCUSDT,2025.03.21,08:00:00,83889.500000,84319.500000,83679.800000,84006.000000,19775.6750
BTCUSDT,2025.03.21,12:00:00,84005.900000,84344.400000,83122.000000,83525.900000,52089.1330
BTCUSDT,2025.03.21,16:00:00,83525.900000,84405.900000,83333.000000,83925.000000,25233.6810
BTCUSDT,2025.03.21,20:00:00,83925.000000,84550.000000,83778.000000,84050.300000,11211.1850
BTCUSDT,2025.03.22,00:00:00,84050.300000,84286.000000,83940.200000,84214.100000,7551.4590
BTCUSDT,2025.03.22,04:00:00,84214.100000,84389.000000,84110.600000,84235.400000,6393.5960
BTCUSDT,2025.03.22,08:00:00,84235.400000,84509.000000,84073.700000,84190.800000,9147.1680
BTCUSDT,2025.03.22,12:00:00,84190.800000,84257.200000,83932.000000,84073.500000,8977.1450
BTCUSDT,2025.03.22,16:00:00,84073.400000,84292.000000,84021.100000,84134.600000,6453.1550
BTCUSDT,2025.03.22,20:00:00,84134.500000,84171.600000,83589.500000,83804.900000,13696.1290
BTCUSDT,2025.03.23,00:00:00,83804.900000,84241.500000,83761.200000,84195.100000,7066.1860
BTCUSDT,2025.03.23,04:00:00,84195.100000,84282.400000,84025.200000,84229.900000,5066.1420
BTCUSDT,2025.03.23,08:00:00,84229.900000,85024.800000,84216.800000,84651.500000,20060.7480
BTCUSDT,2025.03.23,12:00:00,84651.400000,85231.700000,84529.000000,85148.000000,18572.2480
BTCUSDT,2025.03.23,16:00:00,85148.000000,85376.400000,84756.000000,84966.700000,19055.7910
BTCUSDT,2025.03.23,20:00:00,84966.700000,86110.900000,84868.900000,86044.200000,21078.7580
BTCUSDT,2025.03.24,00:00:00,86044.100000,86619.900000,85478.300000,86502.600000,34610.7800
BTCUSDT,2025.03.24,04:00:00,86502.600000,87277.500000,86502.500000,86827.600000,31398.3670
BTCUSDT,2025.03.24,08:00:00,86827.500000,87898.900000,86808.000000,87643.500000,26543.0170
BTCUSDT,2025.03.24,12:00:00,87643.600000,88752.000000,87100.000000,88283.600000,58494.2670
BTCUSDT,2025.03.24,16:00:00,88283.700000,88492.100000,87630.000000,88162.300000,34573.0710
BTCUSDT,2025.03.24,20:00:00,88162.300000,88438.500000,87010.000000,87463.400000,25287.9820
BTCUSDT,2025.03.25,00:00:00,87463.400000,87644.000000,86278.500000,86477.400000,28269.4650
BTCUSDT,2025.03.25,04:00:00,86477.300000,86847.300000,86260.000000,86404.400000,22193.4510
BTCUSDT,2025.03.25,08:00:00,86404.500000,87448.000000,86358.200000,87323.300000,22125.7870
BTCUSDT,2025.03.25,12:00:00,87323.400000,88221.000000,86839.200000,87723.000000,47579.2770
BTCUSDT,2025.03.25,16:00:00,87723.000000,88284.000000,87532.300000,88051.400000,23475.4710
BTCUSDT,2025.03.25,20:00:00,88054.000000,88500.000000,87079.000000,87369.800000,29861.8380
BTCUSDT,2025.03.26,00:00:00,87369.900000,87864.400000,86980.000000,87120.600000,16890.1890
BTCUSDT,2025.03.26,04:00:00,87120.600000,88270.200000,87000.300000,88106.700000,22666.0570
BTCUSDT,2025.03.26,08:00:00,88106.700000,88235.000000,87781.800000,87914.900000,15319.5430
BTCUSDT,2025.03.26,12:00:00,87914.900000,87975.000000,86387.700000,86696.900000,63270.7430
BTCUSDT,2025.03.26,16:00:00,86696.800000,87032.600000,85816.300000,86525.300000,40992.0660
BTCUSDT,2025.03.26,20:00:00,86525.200000,87360.000000,86473.800000,86873.800000,28818.0970
BTCUSDT,2025.03.27,00:00:00,86873.900000,87722.400000,86752.300000,87631.100000,18655.8790
BTCUSDT,2025.03.27,04:00:00,87631.200000,87654.200000,87210.000000,87363.200000,10658.8620
BTCUSDT,2025.03.27,08:00:00,87363.100000,87562.400000,86741.500000,86900.700000,20115.9260
BTCUSDT,2025.03.27,12:00:00,86900.700000,87528.000000,85724.500000,86931.200000,77093.8210
BTCUSDT,2025.03.27,16:00:00,86931.200000,87380.600000,86738.000000,87025.800000,23043.5180
BTCUSDT,2025.03.27,20:00:00,87025.900000,87695.900000,86892.000000,87191.200000,13883.6830
BTCUSDT,2025.03.28,00:00:00,87191.200000,87470.000000,86694.500000,86746.800000,19440.3950
BTCUSDT,2025.03.28,04:00:00,86746.800000,86792.800000,85121.100000,85175.100000,50638.3090
BTCUSDT,2025.03.28,08:00:00,85175.100000,85409.500000,84767.000000,85214.000000,36315.5050
BTCUSDT,2025.03.28,12:00:00,85214.000000,85575.000000,83915.600000,84011.100000,66581.5780
BTCUSDT,2025.03.28,16:00:00,84011.000000,84190.000000,83531.700000,83760.700000,32959.4170
BTCUSDT,2025.03.28,20:00:00,83760.700000,84499.500000,83659.600000,84380.800000,16349.3560
BTCUSDT,2025.03.29,00:00:00,84380.800000,84589.700000,83668.100000,84125.700000,18318.4770
BTCUSDT,2025.03.29,04:00:00,84125.800000,84222.000000,83618.000000,83696.000000,11481.0640
BTCUSDT,2025.03.29,08:00:00,83696.100000,83917.500000,81963.000000,82255.100000,43603.6890
BTCUSDT,2025.03.29,12:00:00,82255.100000,82839.900000,82104.000000,82377.300000,22396.8170
BTCUSDT,2025.03.29,16:00:00,82377.300000,82737.600000,81601.000000,82722.900000,29476.2290
BTCUSDT,2025.03.29,20:00:00,82722.900000,82759.400000,82214.000000,82604.700000,10237.4290
BTCUSDT,2025.03.30,00:00:00,82604.800000,83456.000000,82450.900000,83042.800000,19850.1170
BTCUSDT,2025.03.30,04:00:00,83042.800000,83283.300000,82818.500000,83037.400000,13129.4960
BTCUSDT,2025.03.30,08:00:00,83037.500000,83490.000000,82924.100000,83080.000000,14250.7280
BTCUSDT,2025.03.30,12:00:00,83080.000000,83229.600000,82531.400000,82699.900000,18904.4130
BTCUSDT,2025.03.30,16:00:00,82699.900000,82878.200000,82000.000000,82510.600000,19922.2380
BTCUSDT,2025.03.30,20:00:00,82510.500000,82732.500000,81501.400000,82352.800000,23508.9330
BTCUSDT,2025.03.31,00:00:00,82353.100000,82416.000000,81222.000000,81491.500000,31536.9560
BTCUSDT,2025.03.31,04:00:00,81491.600000,82275.500000,81358.100000,81895.200000,19826.2700
BTCUSDT,2025.03.31,08:00:00,81895.100000,82236.000000,81250.000000,82171.500000,28834.6530
BTCUSDT,2025.03.31,12:00:00,82171.600000,83895.800000,81600.500000,83373.400000,80021.1500
BTCUSDT,2025.03.31,16:00:00,83373.300000,83655.400000,82350.000000,82426.700000,32906.2510
BTCUSDT,2025.03.31,20:00:00,82426.700000,82898.600000,82221.000000,82517.500000,18939.2960
BTCUSDT,2025.04.01,00:00:00,82517.500000,83213.000000,82383.300000,82929.900000,15244.2200
BTCUSDT,2025.04.01,04:00:00,82930.000000,83565.000000,82846.100000,83415.200000,15232.0270
BTCUSDT,2025.04.01,08:00:00,83415.200000,84474.800000,83401.000000,83879.900000,35987.6380
BTCUSDT,2025.04.01,12:00:00,83880.000000,85475.000000,82505.000000,85245.400000,81146.6310
BTCUSDT,2025.04.01,16:00:00,85245.500000,85452.500000,84666.300000,84911.700000,31993.2030
BTCUSDT,2025.04.01,20:00:00,84911.600000,85595.500000,84715.700000,85120.900000,17659.4570
BTCUSDT,2025.04.02,00:00:00,85121.000000,85217.900000,84479.200000,84509.500000,19256.1930
BTCUSDT,2025.04.02,04:00:00,84509.500000,84695.000000,83846.000000,84389.800000,24222.3990
BTCUSDT,2025.04.02,08:00:00,84389.700000,85425.000000,84220.000000,84528.400000,30044.0640
BTCUSDT,2025.04.02,12:00:00,84528.300000,87288.000000,84424.100000,86709.500000,101403.9020
BTCUSDT,2025.04.02,16:00:00,86709.500000,87255.000000,86142.000000,86854.200000,42796.1620
BTCUSDT,2025.04.02,20:00:00,86854.200000,88500.000000,82300.000000,82485.100000,131241.6580
BTCUSDT,2025.04.03,00:00:00,82485.100000,83889.200000,82137.300000,83449.000000,43538.7860
BTCUSDT,2025.04.03,04:00:00,83449.200000,83707.900000,82962.100000,83423.700000,18012.1980
BTCUSDT,2025.04.03,08:00:00,83423.700000,83774.100000,83008.400000,83058.100000,25845.2470
BTCUSDT,2025.04.03,12:00:00,83058.000000,83112.000000,81172.200000,82001.800000,92135.5520
BTCUSDT,2025.04.03,16:00:00,82001.700000,82463.700000,81504.800000,81977.400000,35332.9730
BTCUSDT,2025.04.03,20:00:00,81977.400000,83298.000000,81754.900000,83181.500000,24298.7630
BTCUSDT,2025.04.04,00:00:00,83181.700000,83376.000000,82553.800000,82787.900000,23066.5620
BTCUSDT,2025.04.04,04:00:00,82787.900000,83987.000000,82569.900000,83968.200000,24342.3620
BTCUSDT,2025.04.04,08:00:00,83968.100000,84686.200000,81624.600000,82633.700000,90960.9070
BTCUSDT,2025.04.04,12:00:00,82633.700000,83682.900000,81796.600000,82822.000000,128058.8220
BTCUSDT,2025.04.04,16:00:00,82821.900000,84580.000000,82700.000000,83971.900000,67073.1970
BTCUSDT,2025.04.04,20:00:00,83969.300000,84422.900000,83449.700000,83861.300000,19607.3560
BTCUSDT,2025.04.05,00:00:00,83861.400000,84244.500000,83323.700000,83585.700000,17023.7720
BTCUSDT,2025.04.05,04:00:00,83585.600000,83832.100000,83300.500000,83490.000000,10620.8140
BTCUSDT,2025.04.05,08:00:00,83490.000000,83866.300000,83326.200000,83428.400000,11518.5560
BTCUSDT,2025.04.05,12:00:00,83428.300000,83516.800000,82333.800000,82576.400000,33111.9230
BTCUSDT,2025.04.05,16:00:00,82576.500000,83108.800000,82561.800000,82818.700000,12394.7000
BTCUSDT,2025.04.05,20:00:00,82818.700000,83674.900000,82781.500000,83506.100000,14904.4390
BTCUSDT,2025.04.06,00:00:00,83506.100000,83790.500000,83100.000000,83301.700000,13707.6650
BTCUSDT,2025.04.06,04:00:00,83301.700000,83496.900000,82980.000000,82990.900000,10928.3760
BTCUSDT,2025.04.06,08:00:00,82990.900000,83143.900000,82625.000000,82810.100000,16830.9050
BTCUSDT,2025.04.06,12:00:00,82810.100000,82944.000000,82155.400000,82497.400000,29601.9820
BTCUSDT,2025.04.06,16:00:00,82497.400000,82524.900000,78635.000000,79572.600000,108788.0650
BTCUSDT,2025.04.06,20:00:00,79572.600000,79858.700000,77111.000000,78390.000000,101334.7600
BTCUSDT,2025.04.07,00:00:00,78390.100000,79311.500000,77311.000000,77669.600000,69452.6790
BTCUSDT,2025.04.07,04:00:00,77669.500000,77950.000000,74457.000000,75084.100000,120677.3370
BTCUSDT,2025.04.07,08:00:00,75084.100000,77550.600000,75051.700000,76655.900000,91159.2340
BTCUSDT,2025.04.07,12:00:00,76656.000000,81200.000000,75761.500000,78444.600000,284460.1510
BTCUSDT,2025.04.07,16:00:00,78444.600000,79347.100000,77262.600000,78086.300000,91535.9300
BTCUSDT,2025.04.07,20:00:00,78093.700000,80184.700000,78060.000000,79140.000000,36558.1720
BTCUSDT,2025.04.08,00:00:00,79140.100000,80832.100000,78726.500000,79869.200000,44433.5700
BTCUSDT,2025.04.08,04:00:00,79869.300000,80383.400000,79177.000000,79448.600000,25868.7710
BTCUSDT,2025.04.08,08:00:00,79448.500000,80049.800000,78788.000000,79949.700000,33896.1930
BTCUSDT,2025.04.08,12:00:00,79949.700000,80359.500000,78136.000000,78460.000000,92487.0080
BTCUSDT,2025.04.08,16:00:00,78459.900000,78500.000000,76311.000000,76830.000000,100174.7830
BTCUSDT,2025.04.08,20:00:00,76832.000000,77259.900000,76200.100000,76297.900000,31549.2090
BTCUSDT,2025.04.09,00:00:00,76298.000000,76834.600000,74578.500000,75040.000000,79097.5700
BTCUSDT,2025.04.09,04:00:00,75039.900000,77906.600000,74952.000000,77651.400000,75116.6400
BTCUSDT,2025.04.09,08:00:00,77651.300000,77833.800000,75735.900000,76204.100000,72634.3610
BTCUSDT,2025.04.09,12:00:00,76204.100000,78288.800000,75988.000000,77237.600000,98020.4300
BTCUSDT,2025.04.09,16:00:00,77237.500000,82967.400000,77104.000000,82291.400000,183836.4530
BTCUSDT,2025.04.09,20:00:00,82291.400000,83554.900000,81980.100000,82588.000000,51944.4080
BTCUSDT,2025.04.10,00:00:00,82587.900000,82706.900000,81424.300000,81731.800000,34510.3480
BTCUSDT,2025.04.10,04:00:00,81731.900000,82315.400000,81241.100000,81561.600000,28212.1480
BTCUSDT,2025.04.10,08:00:00,81561.500000,82083.300000,81300.900000,81839.200000,27826.2700
BTCUSDT,2025.04.10,12:00:00,81839.100000,82488.000000,78559.000000,78731.700000,115295.4950
BTCUSDT,2025.04.10,16:00:00,78731.700000,80011.800000,78416.000000,79611.100000,67707.7400
BTCUSDT,2025.04.10,20:00:00,79611.100000,79999.900000,79335.200000,79560.200000,20110.0990
BTCUSDT,2025.04.11,00:00:00,79560.300000,80855.000000,78935.500000,80796.900000,41672.9420
BTCUSDT,2025.04.11,04:00:00,80796.900000,81388.000000,80460.000000,81213.600000,30258.3300
BTCUSDT,2025.04.11,08:00:00,81213.700000,82944.300000,80691.300000,82096.600000,68755.9930
BTCUSDT,2025.04.11,12:00:00,82096.500000,83297.900000,81305.000000,82486.700000,79925.0140
BTCUSDT,2025.04.11,16:00:00,82486.800000,84178.700000,81968.000000,83809.500000,54200.0840
BTCUSDT,2025.04.11,20:00:00,83809.500000,84300.000000,83115.100000,83378.300000,20965.5080
BTCUSDT,2025.04.12,00:00:00,83378.300000,83537.600000,82756.000000,82940.300000,18705.4500
BTCUSDT,2025.04.12,04:00:00,82940.300000,83785.400000,82824.200000,83685.400000,21558.3230
BTCUSDT,2025.04.12,08:00:00,83685.400000,83998.900000,83260.000000,83484.000000,16179.7920
BTCUSDT,2025.04.12,12:00:00,83484.000000,85388.000000,83432.600000,84974.100000,58881.9890
BTCUSDT,2025.04.12,16:00:00,84974.100000,85225.000000,84389.500000,84891.800000,21838.4330
BTCUSDT,2025.04.12,20:00:00,84891.700000,85884.200000,84830.800000,85237.800000,20838.8500
BTCUSDT,2025.04.13,00:00:00,85237.900000,86100.000000,84689.500000,85388.800000,34243.8380
BTCUSDT,2025.04.13,04:00:00,85388.800000,85400.000000,84355.100000,84378.400000,28885.7990
BTCUSDT,2025.04.13,08:00:00,84378.400000,84918.000000,84160.800000,84490.600000,21104.8620
BTCUSDT,2025.04.13,12:00:00,84490.600000,84649.000000,83450.700000,83820.100000,40410.0030
BTCUSDT,2025.04.13,16:00:00,83820.100000,84999.900000,82991.500000,83949.900000,42854.1520
BTCUSDT,2025.04.13,20:00:00,83950.000000,84424.300000,82999.900000,83713.700000,39539.7260
BTCUSDT,2025.04.14,00:00:00,83713.800000,85534.800000,83630.900000,84536.400000,53910.8230
BTCUSDT,2025.04.14,04:00:00,84536.400000,85067.100000,84170.200000,84544.200000,20195.2830
BTCUSDT,2025.04.14,08:00:00,84544.300000,84936.900000,84202.000000,84891.500000,21445.1780
BTCUSDT,2025.04.14,12:00:00,84891.600000,85755.000000,83668.900000,84054.400000,69300.9660
BTCUSDT,2025.04.14,16:00:00,84054.400000,85171.900000,83813.900000,84872.600000,32361.6070
BTCUSDT,2025.04.14,20:00:00,84872.500000,84925.500000,84376.000000,84553.900000,12135.4990
BTCUSDT,2025.04.15,00:00:00,84553.900000,85392.200000,84303.000000,85351.900000,22331.6040
BTCUSDT,2025.04.15,04:00:00,85351.900000,85835.000000,85109.900000,85691.300000,24303.2630
BTCUSDT,2025.04.15,08:00:00,85691.300000,85974.900000,85314.400000,85549.300000,27366.0790
BTCUSDT,2025.04.15,12:00:00,85549.300000,86443.000000,84567.000000,84871.900000,65580.0310
BTCUSDT,2025.04.15,16:00:00,84871.900000,85115.100000,83888.000000,83954.600000,26216.9610
BTCUSDT,2025.04.15,20:00:00,83954.500000,84197.900000,83560.000000,83608.700000,18724.2440
BTCUSDT,2025.04.16,00:00:00,83608.600000,83915.700000,83063.900000,83654.000000,25553.4670
BTCUSDT,2025.04.16,04:00:00,83653.900000,83788.500000,83165.800000,83325.000000,20539.3900
BTCUSDT,2025.04.16,08:00:00,83325.000000,84091.700000,83100.000000,84008.500000,28400.0440
BTCUSDT,2025.04.16,12:00:00,84008.400000,85232.000000,83453.400000,84810.700000,51343.8000
BTCUSDT,2025.04.16,16:00:00,84811.300000,85493.500000,83198.200000,84286.000000,69049.2340
BTCUSDT,2025.04.16,20:00:00,84286.000000,84642.800000,83986.700000,83990.000000,14555.4830
BTCUSDT,2025.04.17,00:00:00,83990.100000,84468.800000,83772.500000,83953.300000,16179.3990
BTCUSDT,2025.04.17,04:00:00,83953.300000,85043.400000,83856.900000,84629.000000,20775.9200
BTCUSDT,2025.04.17,08:00:00,84629.000000,84730.000000,84144.100000,84531.800000,15124.9090
BTCUSDT,2025.04.17,12:00:00,84531.800000,84829.400000,83700.000000,84495.500000,36468.8280
BTCUSDT,2025.04.17,16:00:00,84495.600000,85441.500000,84358.000000,84797.500000,42706.5160
BTCUSDT,2025.04.17,20:00:00,84797.000000,85100.000000,84681.400000,84915.000000,9777.6230
BTCUSDT,2025.04.18,00:00:00,84914.900000,85100.000000,84682.800000,84790.300000,8330.7710
BTCUSDT,2025.04.18,04:00:00,84790.400000,84803.100000,84349.300000,84622.900000,12408.5910
BTCUSDT,2025.04.18,08:00:00,84622.900000,84734.500000,84428.900000,84629.400000,8899.4340
BTCUSDT,2025.04.18,12:00:00,84629.500000,84730.000000,84300.500000,84332.300000,11609.9420
BTCUSDT,2025.04.18,16:00:00,84332.200000,84616.100000,84260.000000,84529.100000,8055.9200
BTCUSDT,2025.04.18,20:00:00,84529.000000,84659.800000,84291.400000,84421.000000,5914.1840
BTCUSDT,2025.04.19,00:00:00,84421.000000,84947.800000,84317.200000,84845.300000,10423.6210
BTCUSDT,2025.04.19,04:00:00,84845.300000,85240.000000,84840.100000,85174.500000,13824.9200
BTCUSDT,2025.04.19,08:00:00,85174.500000,85400.000000,85070.900000,85179.300000,12830.9840
BTCUSDT,2025.04.19,12:00:00,85179.300000,85600.000000,85006.200000,85146.300000,15225.8210
BTCUSDT,2025.04.19,16:00:00,85146.300000,85277.800000,84613.500000,85054.300000,16462.0470
BTCUSDT,2025.04.19,20:00:00,85054.200000,85332.700000,84966.000000,85046.900000,4613.1730
BTCUSDT,2025.04.20,00:00:00,85046.900000,85283.600000,85001.000000,85116.600000,5474.4330
BTCUSDT,2025.04.20,04:00:00,85116.700000,85210.000000,84650.000000,84736.500000,15243.7650
BTCUSDT,2025.04.20,08:00:00,84736.600000,84751.000000,83900.000000,84084.600000,23477.6750
BTCUSDT,2025.04.20,12:00:00,84084.600000,84638.400000,84050.500000,84304.500000,17096.1840
BTCUSDT,2025.04.20,16:00:00,84304.600000,84624.500000,84234.100000,84608.800000,7272.9310
BTCUSDT,2025.04.20,20:00:00,84608.900000,85266.500000,84572.000000,85138.800000,22086.8300
BTCUSDT,2025.04.21,00:00:00,85138.900000,87621.800000,85100.000000,87166.600000,72207.2530
BTCUSDT,2025.04.21,04:00:00,87166.600000,87702.300000,87007.000000,87400.600000,19796.2280
BTCUSDT,2025.04.21,08:00:00,87400.700000,87777.000000,86610.000000,86936.400000,29449.9490
BTCUSDT,2025.04.21,12:00:00,86936.500000,88418.200000,86750.000000,87997.400000,72486.7230
BTCUSDT,2025.04.21,16:00:00,87997.300000,88216.300000,86327.000000,87369.100000,57440.5490
BTCUSDT,2025.04.21,20:00:00,87369.200000,87599.800000,86852.000000,87466.000000,22689.1690
BTCUSDT,2025.04.22,00:00:00,87466.000000,88850.000000,87017.500000,88111.000000,52155.5080
BTCUSDT,2025.04.22,04:00:00,88111.000000,88445.000000,87911.100000,88434.900000,18699.6930
BTCUSDT,2025.04.22,08:00:00,88434.900000,88649.900000,88187.200000,88572.700000,19693.0260
BTCUSDT,2025.04.22,12:00:00,88572.800000,91373.000000,88432.900000,90881.200000,124199.2570
BTCUSDT,2025.04.22,16:00:00,90881.100000,91686.600000,90561.700000,91356.400000,50079.3860
BTCUSDT,2025.04.22,20:00:00,91356.300000,94142.500000,90999.300000,93404.900000,69178.2110
BTCUSDT,2025.04.23,00:00:00,93404.900000,93864.900000,92552.000000,93126.000000,33940.0860
BTCUSDT,2025.04.23,04:00:00,93126.000000,94263.000000,92964.100000,94102.500000,28985.9490
BTCUSDT,2025.04.23,08:00:00,94102.600000,94453.000000,93280.000000,93425.200000,35725.8340
BTCUSDT,2025.04.23,12:00:00,93425.200000,94904.300000,91898.000000,93140.300000,86830.3940
BTCUSDT,2025.04.23,16:00:00,93140.300000,94178.000000,92860.000000,93436.300000,33955.1730
BTCUSDT,2025.04.23,20:00:00,93436.400000,93869.900000,93181.800000,93632.100000,13310.9920
BTCUSDT,2025.04.24,00:00:00,93632.200000,93735.100000,92607.000000,92632.900000,19305.9890
BTCUSDT,2025.04.24,04:00:00,92632.800000,92869.900000,92055.100000,92166.000000,24136.4370
BTCUSDT,2025.04.24,08:00:00,92166.100000,92620.000000,91619.000000,92575.100000,30141.3530
BTCUSDT,2025.04.24,12:00:00,92575.200000,93429.600000,92380.400000,93144.800000,36090.3850
BTCUSDT,2025.04.24,16:00:00,93144.800000,93595.700000,92625.000000,93497.500000,26446.2080
BTCUSDT,2025.04.24,20:00:00,93497.600000,93980.600000,92969.000000,93931.600000,20972.3560
BTCUSDT,2025.04.25,00:00:00,93931.500000,94409.500000,92788.000000,93262.900000,29877.0090
BTCUSDT,2025.04.25,04:00:00,93262.900000,93821.700000,92959.200000,93734.000000,16763.1710
BTCUSDT,2025.04.25,08:00:00,93733.900000,94642.600000,93493.900000,94602.300000,24204.2020
BTCUSDT,2025.04.25,12:00:00,94602.200000,95769.600000,93876.000000,94999.800000,78266.8270
BTCUSDT,2025.04.25,16:00:00,94999.800000,95498.300000,94310.000000,95229.200000,31103.1270
BTCUSDT,2025.04.25,20:00:00,95229.300000,95284.500000,94402.000000,94591.800000,11616.1410
BTCUSDT,2025.04.26,00:00:00,94591.800000,95157.100000,94500.500000,94685.000000,13091.8020
BTCUSDT,2025.04.26,04:00:00,94685.000000,94776.100000,94274.000000,94520.100000,10766.5920
BTCUSDT,2025.04.26,08:00:00,94520.000000,94680.000000,93947.500000,94095.600000,17868.0570
BTCUSDT,2025.04.26,12:00:00,94095.700000,94360.000000,93833.000000,94325.000000,12882.6910
BTCUSDT,2025.04.26,16:00:00,94325.000000,94332.600000,94000.000000,94261.000000,6646.1300
BTCUSDT,2025.04.26,20:00:00,94261.000000,94850.200000,94043.100000,94575.700000,11282.9370
BTCUSDT,2025.04.27,00:00:00,94575.700000,95280.500000,94000.000000,94121.700000,25352.8510
BTCUSDT,2025.04.27,04:00:00,94121.600000,94250.000000,93586.700000,94027.600000,12220.3150
BTCUSDT,2025.04.27,08:00:00,94027.700000,94295.400000,93840.000000,93871.100000,9208.4020
BTCUSDT,2025.04.27,12:00:00,93871.100000,94140.800000,93547.300000,93857.700000,15121.7590
BTCUSDT,2025.04.27,16:00:00,93857.700000,94394.300000,93680.000000,94388.900000,9835.8890
BTCUSDT,2025.04.27,20:00:00,94388.900000,94517.900000,93600.000000,93697.100000,12076.9670
BTCUSDT,2025.04.28,00:00:00,93697.000000,93943.800000,92700.000000,93799.900000,34243.1960
BTCUSDT,2025.04.28,04:00:00,93800.000000,94758.000000,93799.900000,94641.600000,19207.8450
BTCUSDT,2025.04.28,08:00:00,94641.600000,95490.000000,94259.200000,95276.100000,36146.5530
BTCUSDT,2025.04.28,12:00:00,95276.100000,95578.800000,93520.200000,93772.800000,60496.1660
BTCUSDT,2025.04.28,16:00:00,93772.700000,94874.200000,93367.200000,94740.900000,27658.1490
BTCUSDT,2025.04.28,20:00:00,94741.000000,95146.300000,94244.500000,94969.000000,16668.8070
BTCUSDT,2025.04.29,00:00:00,94969.000000,95415.700000,94380.000000,94599.900000,32535.7600
BTCUSDT,2025.04.29,04:00:00,94599.900000,94927.600000,94154.100000,94878.000000,17947.8130
BTCUSDT,2025.04.29,08:00:00,94877.900000,95264.900000,94700.100000,95086.900000,17261.8080
BTCUSDT,2025.04.29,12:00:00,95087.000000,95260.000000,94466.500000,94790.700000,25266.9960
BTCUSDT,2025.04.29,16:00:00,94790.600000,95426.400000,94590.500000,95250.500000,25414.5240
BTCUSDT,2025.04.29,20:00:00,95250.500000,95350.000000,93678.700000,94200.100000,29404.8930
BTCUSDT,2025.04.30,00:00:00,94200.100000,95078.500000,94081.400000,94989.300000,18097.3250
BTCUSDT,2025.04.30,04:00:00,94989.300000,95149.900000,94442.300000,94577.600000,15073.1720
BTCUSDT,2025.04.30,08:00:00,94577.600000,95186.500000,94468.600000,95126.500000,14665.4490
BTCUSDT,2025.04.30,12:00:00,95126.400000,95163.600000,92848.100000,93948.400000,81587.6540
BTCUSDT,2025.04.30,16:00:00,93948.400000,94488.000000,93476.200000,94118.200000,22363.3330
BTCUSDT,2025.04.30,20:00:00,94118.200000,94751.800000,93950.000000,94125.100000,19142.3770
BTCUSDT,2025.05.01,00:00:00,94125.200000,94978.100000,94086.700000,94737.500000,19363.1910
BTCUSDT,2025.05.01,04:00:00,94737.600000,95146.200000,94660.200000,94978.600000,16342.8080
BTCUSDT,2025.05.01,08:00:00,94978.600000,96351.800000,94866.600000,96129.900000,41762.0930
BTCUSDT,2025.05.01,12:00:00,96130.000000,97388.000000,95742.100000,96793.900000,62733.2900
BTCUSDT,2025.05.01,16:00:00,96793.900000,97300.000000,96344.400000,96459.100000,28899.4330
BTCUSDT,2025.05.01,20:00:00,96459.500000,96834.400000,96122.400000,96423.300000,15425.9400
BTCUSDT,2025.05.02,00:00:00,96423.200000,97193.700000,96400.000000,97054.900000,17200.0180
BTCUSDT,2025.05.02,04:00:00,97055.000000,97262.000000,96283.100000,96302.000000,19341.6420
BTCUSDT,2025.05.02,08:00:00,96302.000000,97072.200000,96300.000000,96875.700000,14786.2740
BTCUSDT,2025.05.02,12:00:00,96875.700000,97865.400000,96585.100000,97270.100000,54228.7300
BTCUSDT,2025.05.02,16:00:00,97270.100000,97740.000000,96700.000000,96856.800000,23304.4850
BTCUSDT,2025.05.02,20:00:00,96856.800000,97083.400000,96507.600000,96831.200000,10336.3770
BTCUSDT,2025.05.03,00:00:00,96831.200000,96868.400000,96255.000000,96292.100000,12788.7940
BTCUSDT,2025.05.03,04:00:00,96292.100000,96557.700000,96064.100000,96290.800000,10809.1480
BTCUSDT,2025.05.03,08:00:00,96290.800000,96377.800000,95804.800000,95895.600000,15912.9850
BTCUSDT,2025.05.03,12:00:00,95895.700000,96456.000000,95834.400000,96358.700000,11574.7590
BTCUSDT,2025.05.03,16:00:00,96358.700000,96370.000000,95812.700000,96312.000000,10135.0370
BTCUSDT,2025.05.03,20:00:00,96312.000000,96399.900000,95700.000000,95803.300000,10199.9060
BTCUSDT,2025.05.04,00:00:00,95803.300000,96266.600000,95508.700000,95680.000000,14654.3770
BTCUSDT,2025.05.04,04:00:00,95680.000000,96109.600000,95634.000000,95842.100000,9794.3820
BTCUSDT,2025.05.04,08:00:00,95842.100000,95886.500000,95227.200000,95376.000000,17133.6920
BTCUSDT,2025.05.04,12:00:00,95376.000000,95649.000000,95172.400000,95421.100000,13352.4240
BTCUSDT,2025.05.04,16:00:00,95421.100000,95590.000000,95200.100000,95533.900000,9415.5530
BTCUSDT,2025.05.04,20:00:00,95534.000000,95700.000000,94116.400000,94230.200000,29910.4490
BTCUSDT,2025.05.05,00:00:00,94230.200000,94750.100000,93445.100000,94001.100000,35169.9940
BTCUSDT,2025.05.05,04:00:00,94001.200000,94778.500000,93980.000000,94696.400000,18884.9830
BTCUSDT,2025.05.05,08:00:00,94696.400000,94726.800000,93835.000000,93986.000000,18035.1660
BTCUSDT,2025.05.05,12:00:00,93986.100000,94501.000000,93559.600000,93726.000000,37424.1340
BTCUSDT,2025.05.05,16:00:00,93726.000000,94871.800000,93705.300000,94295.500000,24018.2700
BTCUSDT,2025.05.05,20:00:00,94295.200000,95165.100000,93814.200000,94696.700000,21369.8280
BTCUSDT,2025.05.06,00:00:00,94696.700000,94893.300000,93961.000000,94418.300000,16000.3980
BTCUSDT,2025.05.06,04:00:00,94418.400000,94600.000000,94267.000000,94350.000000,8862.3330
BTCUSDT,2025.05.06,08:00:00,94350.000000,94354.600000,93662.200000,93770.300000,23699.8190
BTCUSDT,2025.05.06,12:00:00,93770.300000,94697.200000,93327.000000,94513.200000,48631.9970
BTCUSDT,2025.05.06,16:00:00,94513.200000,95119.900000,94145.400000,94910.800000,27227.5150
BTCUSDT,2025.05.06,20:00:00,94910.800000,96879.500000,94400.000000,96798.900000,49261.0040
BTCUSDT,2025.05.07,00:00:00,96798.900000,97700.000000,96153.200000,96453.800000,49252.2430
BTCUSDT,2025.05.07,04:00:00,96453.800000,96963.000000,96268.000000,96940.000000,15114.5340
BTCUSDT,2025.05.07,08:00:00,96940.000000,97077.600000,96783.000000,97000.000000,14368.6740
BTCUSDT,2025.05.07,12:00:00,97000.000000,97446.800000,96655.200000,96889.000000,34956.9830
BTCUSDT,2025.05.07,16:00:00,96889.000000,96916.500000,95718.500000,96124.600000,48429.2390
BTCUSDT,2025.05.07,20:00:00,96124.500000,97363.800000,96015.100000,96988.400000,23145.4690
BTCUSDT,2025.05.08,00:00:00,96988.400000,99199.900000,96831.500000,99097.900000,60617.7230
BTCUSDT,2025.05.08,04:00:00,99098.000000,99374.300000,98680.100000,99212.000000,32945.5580
BTCUSDT,2025.05.08,08:00:00,99212.100000,99863.300000,99165.200000,99369.800000,31717.4980
BTCUSDT,2025.05.08,12:00:00,99369.900000,101493.200000,99050.100000,100730.800000,83079.9990
BTCUSDT,2025.05.08,16:00:00,100730.900000,101686.700000,100550.000000,101254.200000,44847.1250
BTCUSDT,2025.05.08,20:00:00,101254.300000,104305.300000,101231.700000,103228.100000,64214.5660
BTCUSDT,2025.05.09,00:00:00,103228.000000,103228.100000,102327.900000,102419.500000,24344.0010
BTCUSDT,2025.05.09,04:00:00,102419.500000,104373.000000,102345.700000,103597.400000,31095.6320
BTCUSDT,2025.05.09,08:00:00,103597.400000,103920.000000,102376.500000,102914.500000,46422.1040
BTCUSDT,2025.05.09,12:00:00,102914.500000,103746.800000,102358.000000,102852.900000,38682.8600
BTCUSDT,2025.05.09,16:00:00,102853.000000,103336.100000,102240.000000,103145.500000,23424.0370
BTCUSDT,2025.05.09,20:00:00,103145.500000,103366.000000,102700.000000,102941.900000,8915.2880
BTCUSDT,2025.05.10,00:00:00,102941.900000,103232.000000,102784.000000,103179.400000,9036.7310
BTCUSDT,2025.05.10,04:00:00,103179.300000,104085.000000,102997.300000,103721.700000,18134.1110
BTCUSDT,2025.05.10,08:00:00,103721.700000,104066.200000,103311.000000,103374.600000,18529.9110
BTCUSDT,2025.05.10,12:00:00,103374.700000,103781.100000,103038.700000,103102.600000,13607.2610
BTCUSDT,2025.05.10,16:00:00,103102.600000,103589.000000,102940.000000,103148.600000,14747.8020
BTCUSDT,2025.05.10,20:00:00,103148.700000,105000.100000,103016.200000,104788.800000,30328.7210
BTCUSDT,2025.05.11,00:00:00,104788.800000,104950.000000,103406.300000,103947.800000,27276.8270
BTCUSDT,2025.05.11,04:00:00,103947.800000,104363.900000,103283.300000,103327.900000,18978.6850
BTCUSDT,2025.05.11,08:00:00,103327.800000,104750.000000,103321.000000,104613.700000,24045.2820
BTCUSDT,2025.05.11,12:00:00,104613.700000,104873.500000,103726.600000,104083.000000,30912.9630
BTCUSDT,2025.05.11,16:00:00,104082.900000,104800.000000,103691.900000,104373.800000,20721.6260
BTCUSDT,2025.05.11,20:00:00,104373.800000,104526.300000,103502.400000,104072.700000,17201.0380
BTCUSDT,2025.05.12,00:00:00,104072.700000,105190.400000,103664.800000,104064.000000,30422.8100
BTCUSDT,2025.05.12,04:00:00,104064.000000,105863.100000,103696.300000,104426.200000,52152.2290
BTCUSDT,2025.05.12,08:00:00,104426.300000,104684.000000,103550.000000,103705.100000,27636.3100
BTCUSDT,2025.05.12,12:00:00,103705.000000,104620.100000,102345.000000,102481.700000,70155.8410
BTCUSDT,2025.05.12,16:00:00,102481.800000,103040.800000,100678.000000,101812.800000,55847.6070
BTCUSDT,2025.05.12,20:00:00,101812.900000,103080.900000,101728.300000,102739.300000,20327.9020
BTCUSDT,2025.05.13,00:00:00,102739.300000,102743.900000,101400.000000,101681.300000,25611.9210
BTCUSDT,2025.05.13,04:00:00,101681.300000,102900.000000,101580.400000,102624.000000,18458.1590
BTCUSDT,2025.05.13,08:00:00,102624.000000,103778.900000,102507.600000,103685.500000,22686.9730
BTCUSDT,2025.05.13,12:00:00,103685.500000,103930.100000,102762.900000,103633.100000,44843.0290
BTCUSDT,2025.05.13,16:00:00,103633.000000,104949.200000,103488.200000,104744.700000,35688.4520
BTCUSDT,2025.05.13,20:00:00,104744.700000,104889.200000,103795.500000,104082.000000,15079.7940
BTCUSDT,2025.05.14,00:00:00,104082.000000,104086.500000,103409.000000,103549.200000,16919.4180
BTCUSDT,2025.05.14,04:00:00,103549.100000,103949.600000,103314.000000,103662.200000,13321.0900
BTCUSDT,2025.05.14,08:00:00,103662.200000,104109.600000,102815.000000,103903.400000,29067.8010
BTCUSDT,2025.05.14,12:00:00,103903.300000,104319.000000,102773.400000,103461.400000,39994.1220
BTCUSDT,2025.05.14,16:00:00,103461.300000,103675.000000,102536.000000,103278.700000,20724.0800
BTCUSDT,2025.05.14,20:00:00,103278.800000,103626.500000,103248.900000,103458.100000,6237.5860
BTCUSDT,2025.05.15,00:00:00,103458.100000,103820.000000,102663.500000,102706.100000,16572.9070
BTCUSDT,2025.05.15,04:00:00,102706.000000,102926.200000,101677.000000,101733.900000,23248.8700
BTCUSDT,2025.05.15,08:00:00,101734.000000,102398.700000,101433.000000,102335.300000,26222.2200
BTCUSDT,2025.05.15,12:00:00,102335.300000,103242.000000,101270.800000,103211.200000,48382.3140
BTCUSDT,2025.05.15,16:00:00,103211.200000,104162.800000,102500.000000,103107.000000,40544.1550
BTCUSDT,2025.05.15,20:00:00,103107.100000,103939.800000,102662.000000,103714.500000,21373.6400
BTCUSDT,2025.05.16,00:00:00,103714.200000,104440.100000,103414.800000,103979.000000,22492.5460
BTCUSDT,2025.05.16,04:00:00,103979.100000,104150.000000,103640.000000,103646.600000,14442.5760
BTCUSDT,2025.05.16,08:00:00,103646.500000,103872.900000,103062.300000,103614.500000,21526.3500
BTCUSDT,2025.05.16,12:00:00,103614.600000,104258.700000,103300.000000,104144.000000,26264.5350
BTCUSDT,2025.05.16,16:00:00,104144.000000,104524.200000,103533.200000,103974.300000,20926.2700
BTCUSDT,2025.05.16,20:00:00,103974.300000,103991.700000,103361.600000,103412.200000,9860.7720
BTCUSDT,2025.05.17,00:00:00,103412.200000,103564.700000,102541.600000,103464.700000,26575.0890
BTCUSDT,2025.05.17,04:00:00,103464.600000,103658.000000,103239.600000,103399.400000,10427.0450
BTCUSDT,2025.05.17,08:00:00,103399.500000,103524.700000,102705.000000,102944.200000,22486.4680
BTCUSDT,2025.05.17,12:00:00,102944.100000,103132.300000,102591.000000,102900.000000,11160.0740
BTCUSDT,2025.05.17,16:00:00,102900.100000,103305.800000,102706.600000,103100.100000,10946.6440
BTCUSDT,2025.05.17,20:00:00,103100.100000,103458.600000,102851.500000,103079.600000,8777.3490
BTCUSDT,2025.05.18,00:00:00,103079.500000,103380.800000,103052.200000,103244.200000,6439.8740
BTCUSDT,2025.05.18,04:00:00,103244.300000,103949.600000,103244.300000,103893.000000,13111.1200
BTCUSDT,2025.05.18,08:00:00,103893.000000,104066.100000,103754.400000,103769.000000,12871.8380
BTCUSDT,2025.05.18,12:00:00,103769.000000,105665.300000,103660.700000,105484.200000,41829.1240
BTCUSDT,2025.05.18,16:00:00,105484.200000,105999.700000,103800.000000,103834.000000,49587.4710
BTCUSDT,2025.05.18,20:00:00,103834.100000,106629.800000,103217.200000,106407.600000,49384.8570
BTCUSDT,2025.05.19,00:00:00,106407.500000,107114.300000,103502.400000,103569.400000,51326.8740
BTCUSDT,2025.05.19,04:00:00,103569.500000,103739.200000,102038.800000,103167.000000,57011.1200
BTCUSDT,2025.05.19,08:00:00,103167.100000,103359.500000,102732.800000,102912.000000,20571.0500
BTCUSDT,2025.05.19,12:00:00,102912.100000,104920.200000,102088.900000,104740.400000,60679.3640
BTCUSDT,2025.05.19,16:00:00,104740.500000,105519.800000,104426.800000,105457.800000,47160.8810
BTCUSDT,2025.05.19,20:00:00,105457.900000,105798.500000,104982.000000,105531.600000,21076.3150
BTCUSDT,2025.05.20,00:00:00,105531.500000,106800.000000,105480.100000,105720.000000,42632.8400
BTCUSDT,2025.05.20,04:00:00,105720.000000,106371.300000,104868.500000,104980.100000,27220.6080
BTCUSDT,2025.05.20,08:00:00,104980.100000,105371.700000,104808.600000,105159.200000,20790.1390
BTCUSDT,2025.05.20,12:00:00,105159.300000,105357.600000,104115.200000,105294.500000,41453.4560
BTCUSDT,2025.05.20,16:00:00,105294.500000,107252.900000,105028.400000,106972.200000,54588.3900
BTCUSDT,2025.05.20,20:00:00,106972.300000,107292.500000,105875.800000,106800.100000,39501.8130
BTCUSDT,2025.05.21,00:00:00,106800.000000,107168.700000,106146.900000,106791.000000,22911.7330
BTCUSDT,2025.05.21,04:00:00,106791.000000,107950.000000,106400.000000,106463.600000,49534.0630
BTCUSDT,2025.05.21,08:00:00,106463.700000,106748.700000,106037.900000,106490.900000,30178.7310
BTCUSDT,2025.05.21,12:00:00,106490.900000,109430.000000,106277.800000,108936.600000,94965.4940
BTCUSDT,2025.05.21,16:00:00,108936.600000,109804.200000,106085.300000,108547.300000,157112.9350
BTCUSDT,2025.05.21,20:00:00,108547.200000,110830.000000,107671.700000,109609.500000,58886.8980
BTCUSDT,2025.05.22,00:00:00,109609.600000,111866.400000,109153.400000,111755.900000,64755.0160
BTCUSDT,2025.05.22,04:00:00,111755.900000,111776.300000,110433.000000,111005.800000,47573.7090
BTCUSDT,2025.05.22,08:00:00,111005.800000,111303.800000,110238.500000,110944.100000,32748.4670
BTCUSDT,2025.05.22,12:00:00,110944.000000,111582.500000,110492.800000,111250.600000,49945.9870
BTCUSDT,2025.05.22,16:00:00,111251.000000,111959.500000,110860.500000,111136.100000,34534.3780
BTCUSDT,2025.05.22,20:00:00,111136.200000,111692.900000,110704.100000,111662.700000,16509.4760
BTCUSDT,2025.05.23,00:00:00,111662.600000,111770.400000,110958.500000,111044.000000,22959.4400
BTCUSDT,2025.05.23,04:00:00,111044.000000,111143.300000,110351.500000,110685.200000,23761.5690
BTCUSDT,2025.05.23,08:00:00,110685.300000,111348.000000,108816.000000,109033.200000,45137.2600
BTCUSDT,2025.05.23,12:00:00,109033.200000,109969.600000,107250.000000,108892.400000,108855.1240
BTCUSDT,2025.05.23,16:00:00,108892.500000,109760.000000,107950.000000,108659.400000,46212.6290
BTCUSDT,2025.05.23,20:00:00,108659.500000,108677.200000,106721.900000,107271.500000,32554.3250
BTCUSDT,2025.05.24,00:00:00,107271.600000,108330.600000,106836.000000,108306.800000,24382.8390
BTCUSDT,2025.05.24,04:00:00,108306.700000,108520.000000,107520.000000,107550.600000,21546.4440
BTCUSDT,2025.05.24,08:00:00,107550.700000,109440.200000,107546.100000,109152.200000,34423.6840
BTCUSDT,2025.05.24,12:00:00,109152.200000,109227.100000,108495.800000,108889.200000,29417.3990
BTCUSDT,2025.05.24,16:00:00,108889.100000,109165.800000,108647.100000,108912.700000,18957.3670
BTCUSDT,2025.05.24,20:00:00,108912.700000,109084.800000,107394.700000,107698.900000,36431.0250
BTCUSDT,2025.05.25,00:00:00,107699.000000,108210.000000,107142.000000,108045.400000,24941.5670
BTCUSDT,2025.05.25,04:00:00,108045.400000,108250.100000,107387.800000,107637.100000,14442.7120
BTCUSDT,2025.05.25,08:00:00,107637.100000,107650.500000,106653.000000,107214.000000,32864.9880
BTCUSDT,2025.05.25,12:00:00,107214.000000,107698.400000,106497.000000,106927.900000,33112.0950
BTCUSDT,2025.05.25,16:00:00,106928.000000,107888.000000,106593.400000,107656.300000,14416.7030
BTCUSDT,2025.05.25,20:00:00,107656.300000,109285.100000,107118.800000,108955.900000,39687.7380
BTCUSDT,2025.05.26,00:00:00,108956.000000,109856.000000,108616.600000,109587.000000,31295.9910
BTCUSDT,2025.05.26,04:00:00,109587.100000,110197.900000,109327.400000,110049.900000,21821.5470
BTCUSDT,2025.05.26,08:00:00,110049.900000,110138.800000,109500.000000,109736.700000,14879.3900
BTCUSDT,2025.05.26,12:00:00,109736.600000,110400.000000,109412.900000,109963.200000,30300.0670
BTCUSDT,2025.05.26,16:00:00,109963.200000,110394.700000,108807.000000,109074.300000,34224.4960
BTCUSDT,2025.05.26,20:00:00,109074.400000,109863.200000,108894.000000,109386.800000,14470.7290
BTCUSDT,2025.05.27,00:00:00,109386.800000,109633.800000,107438.000000,108844.900000,51580.6330
BTCUSDT,2025.05.27,04:00:00,108845.000000,109600.000000,108483.000000,109488.000000,24898.5770
BTCUSDT,2025.05.27,08:00:00,109488.000000,109861.500000,109366.900000,109541.800000,22031.6470
BTCUSDT,2025.05.27,12:00:00,109541.900000,110700.000000,108609.400000,110091.300000,77612.2860
BTCUSDT,2025.05.27,16:00:00,110091.300000,110459.700000,109516.100000,109822.800000,27423.9330
BTCUSDT,2025.05.27,20:00:00,109824.800000,109857.600000,108533.500000,108889.300000,20052.8290
BTCUSDT,2025.05.28,00:00:00,108889.200000,109252.600000,108339.200000,108807.600000,20569.6890
BTCUSDT,2025.05.28,04:00:00,108807.300000,109040.700000,108568.700000,108764.900000,12077.0870
BTCUSDT,2025.05.28,08:00:00,108764.900000,109076.200000,108178.100000,108821.400000,25977.6090
BTCUSDT,2025.05.28,12:00:00,108821.300000,109012.000000,107000.000000,107065.500000,53509.2220
BTCUSDT,2025.05.28,16:00:00,107065.500000,107793.000000,106881.500000,106894.100000,25973.0730
BTCUSDT,2025.05.28,20:00:00,106894.000000,107999.000000,106723.900000,107723.100000,20311.0790
BTCUSDT,2025.05.29,00:00:00,107723.100000,108450.000000,107378.600000,107996.400000,22974.7240
BTCUSDT,2025.05.29,04:00:00,107996.500000,108056.800000,106877.400000,107839.400000,21142.0950
BTCUSDT,2025.05.29,08:00:00,107839.500000,108860.000000,107638.600000,108740.000000,27695.0020
BTCUSDT,2025.05.29,12:00:00,108740.000000,108772.900000,106400.000000,106972.500000,66342.6890
BTCUSDT,2025.05.29,16:00:00,106972.600000,107121.100000,105580.000000,105699.200000,52209.2940
BTCUSDT,2025.05.29,20:00:00,105699.100000,106415.000000,105054.200000,105539.900000,22737.4510
BTCUSDT,2025.05.30,00:00:00,105539.900000,106175.900000,104521.000000,105978.800000,41953.3300
BTCUSDT,2025.05.30,04:00:00,105978.800000,106266.000000,104680.400000,104997.500000,28438.4380
BTCUSDT,2025.05.30,08:00:00,104997.500000,105940.100000,104568.000000,105827.400000,35034.2520
BTCUSDT,2025.05.30,12:00:00,105827.400000,105949.100000,105000.100000,105504.000000,38288.7940
BTCUSDT,2025.05.30,16:00:00,105504.000000,105531.500000,103650.200000,104597.600000,52008.6640
BTCUSDT,2025.05.30,20:00:00,104597.600000,104849.900000,103555.000000,103950.000000,23977.8240
BTCUSDT,2025.05.31,00:00:00,103949.900000,104259.400000,103032.100000,103640.100000,32955.8560
BTCUSDT,2025.05.31,04:00:00,103640.200000,103863.600000,103433.100000,103700.600000,11063.6290
BTCUSDT,2025.05.31,08:00:00,103700.500000,103770.200000,103249.900000,103460.900000,10547.5570
BTCUSDT,2025.05.31,12:00:00,103460.900000,104800.000000,103444.400000,104497.100000,29627.7610
BTCUSDT,2025.05.31,16:00:00,104497.100000,104743.800000,104215.000000,104653.900000,11091.2480
BTCUSDT,2025.05.31,20:00:00,104653.900000,104859.300000,104423.000000,104544.700000,8321.7890
BTCUSDT,2025.06.01,00:00:00,104544.600000,104599.600000,103860.900000,104336.400000,14341.2620
BTCUSDT,2025.06.01,04:00:00,104336.400000,104700.000000,104138.000000,104231.000000,9469.6780
BTCUSDT,2025.06.01,08:00:00,104230.900000,104410.500000,103704.100000,104038.000000,15555.5380
BTCUSDT,2025.06.01,12:00:00,104038.000000,104760.000000,103708.600000,104664.000000,16896.8220
BTCUSDT,2025.06.01,16:00:00,104663.900000,105285.000000,104280.100000,105075.200000,24033.1260
BTCUSDT,2025.06.01,20:00:00,105075.200000,105823.600000,104833.100000,105583.300000,17123.8140
BTCUSDT,2025.06.02,00:00:00,105583.300000,105700.000000,104520.000000,104781.800000,17614.1410
BTCUSDT,2025.06.02,04:00:00,104781.800000,105398.500000,104549.800000,105346.400000,15376.4530
BTCUSDT,2025.06.02,08:00:00,105346.400000,105900.000000,103867.800000,104000.000000,39491.9590
BTCUSDT,2025.06.02,12:00:00,104000.100000,104646.100000,103600.600000,104396.800000,42551.1790
BTCUSDT,2025.06.02,16:00:00,104396.900000,104699.400000,103982.900000,104366.400000,15855.7610
BTCUSDT,2025.06.02,20:00:00,104366.500000,105893.800000,104366.500000,105814.300000,27363.4250
BTCUSDT,2025.06.03,00:00:00,105814.400000,106470.800000,105280.000000,105448.800000,29321.0600
BTCUSDT,2025.06.03,04:00:00,105448.800000,105475.400000,105062.500000,105134.400000,12956.5220
BTCUSDT,2025.06.03,08:00:00,105134.400000,105305.200000,104822.400000,105240.100000,12289.4580
BTCUSDT,2025.06.03,12:00:00,105240.100000,106775.000000,104969.400000,106556.100000,42236.6330
BTCUSDT,2025.06.03,16:00:00,106556.100000,106619.600000,105526.200000,106171.800000,25039.3320
BTCUSDT,2025.06.03,20:00:00,106179.700000,106208.000000,105200.400000,105330.100000,17373.0020
BTCUSDT,2025.06.04,00:00:00,105330.100000,105800.000000,105072.000000,105474.900000,15154.6280
BTCUSDT,2025.06.04,04:00:00,105474.800000,105566.400000,105200.000000,105260.200000,9967.0390
BTCUSDT,2025.06.04,08:00:00,105260.100000,105967.200000,105039.100000,105044.100000,22229.2780
BTCUSDT,2025.06.04,12:00:00,105044.200000,105510.200000,104111.700000,105254.700000,44030.2710
BTCUSDT,2025.06.04,16:00:00,105254.700000,105437.800000,104824.000000,104870.400000,14054.0960
BTCUSDT,2025.06.04,20:00:00,104870.400000,105006.300000,104350.000000,104641.800000,13098.8130
BTCUSDT,2025.06.05,00:00:00,104641.800000,105225.600000,104594.800000,104991.400000,11856.4110
BTCUSDT,2025.06.05,04:00:00,104991.500000,105183.000000,104321.200000,104473.000000,15487.5600
BTCUSDT,2025.06.05,08:00:00,104473.100000,104880.000000,104373.000000,104772.700000,10288.1600
BTCUSDT,2025.06.05,12:00:00,104772.700000,105878.300000,103825.000000,104490.500000,68596.8200
BTCUSDT,2025.06.05,16:00:00,104490.500000,104547.900000,101500.000000,101872.900000,76338.4780
BTCUSDT,2025.06.05,20:00:00,101873.000000,102163.900000,100305.100000,101458.600000,63671.2450
BTCUSDT,2025.06.06,00:00:00,101458.700000,102464.700000,101003.400000,102444.900000,24397.8120
BTCUSDT,2025.06.06,04:00:00,102445.000000,103424.500000,102321.100000,103096.800000,28923.9450
BTCUSDT,2025.06.06,08:00:00,103096.700000,103953.900000,103096.700000,103866.000000,24302.5650
BTCUSDT,2025.06.06,12:00:00,103865.900000,105283.000000,103471.400000,105035.400000,61774.1110
BTCUSDT,2025.06.06,16:00:00,105035.400000,105240.000000,104010.000000,104176.900000,25548.5700
BTCUSDT,2025.06.06,20:00:00,104177.000000,104574.900000,104109.200000,104240.000000,9353.9030
BTCUSDT,2025.06.07,00:00:00,104240.100000,104856.000000,103800.100000,104822.400000,15787.9690
BTCUSDT,2025.06.07,04:00:00,104822.400000,105293.000000,104591.900000,104813.600000,13412.4410
BTCUSDT,2025.06.07,08:00:00,104813.700000,105222.000000,104632.000000,105094.500000,10912.4490
BTCUSDT,2025.06.07,12:00:00,105094.500000,105758.800000,105094.400000,105507.900000,19660.8790
BTCUSDT,2025.06.07,16:00:00,105507.900000,105850.000000,105222.600000,105694.200000,13309.4220
BTCUSDT,2025.06.07,20:00:00,105694.100000,105878.300000,105482.700000,105507.500000,6750.0130
BTCUSDT,2025.06.08,00:00:00,105507.500000,105760.500000,105347.000000,105436.400000,8070.0700
BTCUSDT,2025.06.08,04:00:00,105436.500000,105617.200000,105358.200000,105380.400000,5648.9350
BTCUSDT,2025.06.08,08:00:00,105380.500000,105666.600000,104927.400000,105619.200000,15763.6900
BTCUSDT,2025.06.08,12:00:00,105619.200000,106200.000000,105450.000000,105917.500000,19486.9720
BTCUSDT,2025.06.08,16:00:00,105917.600000,106300.000000,105888.500000,106242.600000,13202.7300
BTCUSDT,2025.06.08,20:00:00,106242.600000,106482.600000,105511.000000,105676.500000,12932.7070
BTCUSDT,2025.06.09,00:00:00,105676.500000,105929.800000,105253.200000,105617.000000,12640.8400
BTCUSDT,2025.06.09,04:00:00,105617.000000,105685.700000,105265.000000,105516.700000,8731.3300
BTCUSDT,2025.06.09,08:00:00,105516.700000,107774.800000,105429.200000,107707.900000,49256.4200
BTCUSDT,2025.06.09,12:00:00,107707.800000,107985.000000,106800.300000,107564.300000,43730.9830
BTCUSDT,2025.06.09,16:00:00,107564.300000,108791.800000,107563.400000,108515.100000,31629.4470
BTCUSDT,2025.06.09,20:00:00,108515.100000,110653.600000,108383.000000,110227.900000,46967.3890
BTCUSDT,2025.06.10,00:00:00,110228.000000,110280.000000,109340.000000,109525.800000,20879.3890
BTCUSDT,2025.06.10,04:00:00,109525.900000,109690.800000,109041.100000,109178.000000,17640.4240
BTCUSDT,2025.06.10,08:00:00,109178.100000,109800.000000,109010.200000,109498.100000,22098.8400
BTCUSDT,2025.06.10,12:00:00,109498.000000,109852.900000,108282.000000,108975.300000,44120.9270
BTCUSDT,2025.06.10,16:00:00,108975.200000,110367.200000,108467.500000,109460.000000,29872.9580
BTCUSDT,2025.06.10,20:00:00,109460.100000,110265.500000,109189.000000,110235.400000,17604.4360
BTCUSDT,2025.06.11,00:00:00,110235.400000,110247.000000,109500.000000,109664.100000,12285.2860
BTCUSDT,2025.06.11,04:00:00,109664.100000,109715.400000,109322.000000,109396.900000,9255.5420
BTCUSDT,2025.06.11,08:00:00,109396.900000,109629.300000,109133.800000,109200.100000,11892.1470
BTCUSDT,2025.06.11,12:00:00,109200.100000,110350.000000,108950.100000,109694.800000,47346.7100
BTCUSDT,2025.06.11,16:00:00,109694.900000,109776.500000,108331.700000,108684.500000,33333.8710
BTCUSDT,2025.06.11,20:00:00,108684.500000,109164.800000,108001.200000,108600.000000,20308.7650
BTCUSDT,2025.06.12,00:00:00,108600.100000,108782.100000,107650.000000,107820.500000,24193.8340
BTCUSDT,2025.06.12,04:00:00,107820.500000,107951.000000,107300.000000,107577.000000,17432.7010
BTCUSDT,2025.06.12,08:00:00,107577.000000,107798.000000,106830.000000,106862.900000,20489.9880
BTCUSDT,2025.06.12,12:00:00,106862.900000,107769.100000,106539.100000,106960.600000,44438.4170
BTCUSDT,2025.06.12,16:00:00,106960.600000,108398.400000,106621.000000,106749.600000,36093.6380
BTCUSDT,2025.06.12,20:00:00,106749.500000,106929.900000,105602.000000,105609.500000,43141.6120
BTCUSDT,2025.06.13,00:00:00,105609.400000,105661.000000,102614.000000,104233.900000,98662.5260
BTCUSDT,2025.06.13,04:00:00,104233.900000,104891.400000,103733.700000,104831.400000,27313.3570
BTCUSDT,2025.06.13,08:00:00,104831.400000,105459.700000,104360.000000,104989.900000,28154.7670
BTCUSDT,2025.06.13,12:00:00,104990.000000,105750.000000,104069.500000,105391.900000,46774.8930
BTCUSDT,2025.06.13,16:00:00,105392.000000,105912.000000,104607.000000,105050.000000,31938.5270
BTCUSDT,2025.06.13,20:00:00,105050.100000,106141.100000,104963.100000,106027.300000,13091.3430
BTCUSDT,2025.06.14,00:00:00,106027.300000,106173.600000,105150.100000,105189.400000,16567.5960
BTCUSDT,2025.06.14,04:00:00,105189.300000,105374.900000,104738.700000,105025.100000,9863.7300
BTCUSDT,2025.06.14,08:00:00,105025.000000,105088.000000,104772.300000,105030.600000,7912.8060
BTCUSDT,2025.06.14,12:00:00,105030.500000,105084.200000,104570.000000,104783.400000,11378.2850
BTCUSDT,2025.06.14,16:00:00,104783.400000,105011.000000,104290.000000,104582.300000,18623.5170
BTCUSDT,2025.06.14,20:00:00,104584.200000,105438.000000,104225.400000,105359.900000,15565.6360
BTCUSDT,2025.06.15,00:00:00,105359.800000,105631.600000,105208.700000,105425.600000,7896.2380
BTCUSDT,2025.06.15,04:00:00,105425.600000,106099.400000,105137.000000,105374.100000,16601.2940
BTCUSDT,2025.06.15,08:00:00,105374.200000,105444.900000,104812.200000,104924.500000,10938.2220
BTCUSDT,2025.06.15,12:00:00,104924.600000,105810.600000,104900.000000,105526.000000,16414.5810
BTCUSDT,2025.06.15,16:00:00,105525.900000,105744.000000,104999.900000,105252.000000,10211.9040
BTCUSDT,2025.06.15,20:00:00,105251.900000,105571.400000,104399.900000,105534.600000,16757.1600
BTCUSDT,2025.06.16,00:00:00,105534.700000,105927.000000,104920.000000,105865.600000,17792.7910
BTCUSDT,2025.06.16,04:00:00,105865.600000,107250.000000,105817.300000,107023.800000,30100.7270
BTCUSDT,2025.06.16,08:00:00,107023.800000,107199.900000,106540.000000,106842.500000,16343.8350
BTCUSDT,2025.06.16,12:00:00,106842.600000,107759.800000,106446.600000,107374.900000,32297.3640
BTCUSDT,2025.06.16,16:00:00,107375.000000,108882.000000,107258.000000,108594.200000,31766.8210
BTCUSDT,2025.06.16,20:00:00,108594.200000,108900.000000,106640.100000,106750.100000,38511.6810
BTCUSDT,2025.06.17,00:00:00,106750.100000,107727.400000,106068.000000,107553.300000,37289.6700
BTCUSDT,2025.06.17,04:00:00,107553.300000,107655.600000,106413.400000,106711.100000,17587.0990
BTCUSDT,2025.06.17,08:00:00,106711.000000,106785.200000,105461.400000,105592.900000,28139.5120
BTCUSDT,2025.06.17,12:00:00,105592.900000,105816.500000,104068.000000,104199.200000,60675.1900
BTCUSDT,2025.06.17,16:00:00,104199.200000,105288.000000,103300.000000,104630.600000,58959.7590
BTCUSDT,2025.06.17,20:00:00,104630.500000,104865.800000,104143.400000,104508.000000,23400.6330
BTCUSDT,2025.06.18,00:00:00,104508.000000,105192.200000,104312.200000,105132.200000,14529.0030
BTCUSDT,2025.06.18,04:00:00,105132.100000,105500.000000,104660.000000,104925.700000,17150.8600
BTCUSDT,2025.06.18,08:00:00,104925.600000,105276.800000,104111.400000,104791.200000,24837.1860
BTCUSDT,2025.06.18,12:00:00,104791.100000,105300.000000,103750.000000,104744.200000,52718.8940
BTCUSDT,2025.06.18,16:00:00,104744.200000,104795.000000,103426.100000,103773.300000,44220.9970
BTCUSDT,2025.06.18,20:00:00,103773.300000,105098.000000,103601.500000,104832.800000,19249.4590
BTCUSDT,2025.06.19,00:00:00,104832.800000,105185.700000,104364.500000,105054.400000,15050.8810
BTCUSDT,2025.06.19,04:00:00,105054.400000,105184.000000,104560.600000,104585.900000,12630.6330
BTCUSDT,2025.06.19,08:00:00,104585.800000,105032.100000,104570.100000,104717.700000,9030.7990
BTCUSDT,2025.06.19,12:00:00,104717.800000,104861.000000,104021.300000,104055.100000,21664.3670
BTCUSDT,2025.06.19,16:00:00,104055.200000,104795.200000,103870.300000,104202.600000,19357.6970
BTCUSDT,2025.06.19,20:00:00,104202.600000,104869.400000,104094.600000,104607.100000,9976.2280
BTCUSDT,2025.06.20,00:00:00,104607.100000,104770.000000,104338.500000,104555.100000,8187.2750
BTCUSDT,2025.06.20,04:00:00,104555.000000,105765.800000,104185.300000,105763.500000,22781.5870
BTCUSDT,2025.06.20,08:00:00,105763.600000,106486.200000,105715.000000,105928.600000,35129.8000
BTCUSDT,2025.06.20,12:00:00,105928.700000,106111.900000,103805.900000,104168.500000,58185.4890
BTCUSDT,2025.06.20,16:00:00,104168.500000,104221.000000,102255.300000,103263.900000,58187.9340
BTCUSDT,2025.06.20,20:00:00,103263.800000,103796.800000,102903.600000,103246.100000,16630.0500
BTCUSDT,2025.06.21,00:00:00,103246.100000,103641.000000,103067.700000,103434.500000,8659.6100
BTCUSDT,2025.06.21,04:00:00,103434.600000,103550.000000,103268.600000,103402.200000,6144.1840
BTCUSDT,2025.06.21,08:00:00,103402.100000,103940.600000,103401.900000,103827.500000,12050.2200
BTCUSDT,2025.06.21,12:00:00,103827.500000,103899.000000,103222.700000,103516.700000,17939.1070
BTCUSDT,2025.06.21,16:00:00,103516.700000,103600.000000,102128.200000,102207.500000,22756.1870
BTCUSDT,2025.06.21,20:00:00,102207.500000,102849.200000,100789.900000,102079.800000,53222.0420
BTCUSDT,2025.06.22,00:00:00,102079.800000,103362.600000,101781.800000,102340.000000,46913.5420
BTCUSDT,2025.06.22,04:00:00,102340.000000,102910.700000,102220.900000,102399.000000,16170.4210
BTCUSDT,2025.06.22,08:00:00,102399.100000,102770.600000,102022.500000,102693.700000,14959.1740
BTCUSDT,2025.06.22,12:00:00,102693.700000,102789.700000,98786.900000,98849.900000,119443.6710
BTCUSDT,2025.06.22,16:00:00,98849.700000,100348.700000,98608.900000,98829.700000,44659.1000
BTCUSDT,2025.06.22,20:00:00,98829.700000,100993.500000,98115.400000,100904.700000,51416.7280
BTCUSDT,2025.06.23,00:00:00,100904.700000,101580.600000,100425.600000,101104.400000,27455.5680
BTCUSDT,2025.06.23,04:00:00,101104.300000,102155.100000,100899.300000,101874.500000,23144.8670
BTCUSDT,2025.06.23,08:00:00,101874.400000,102028.900000,101071.100000,101248.500000,18847.0370
BTCUSDT,2025.06.23,12:00:00,101248.400000,102596.500000,100749.800000,101369.700000,54410.6020
BTCUSDT,2025.06.23,16:00:00,101369.600000,103273.700000,99547.600000,103114.200000,96846.7020
BTCUSDT,2025.06.23,20:00:00,103114.200000,106050.000000,102818.400000,105290.900000,76517.2650
BTCUSDT,2025.06.24,00:00:00,105291.000000,105454.100000,104658.000000,104870.000000,22863.3590
BTCUSDT,2025.06.24,04:00:00,104870.000000,105775.900000,104651.400000,104891.800000,27514.6900
BTCUSDT,2025.06.24,08:00:00,104891.800000,105525.000000,104570.800000,105134.600000,23689.6540
BTCUSDT,2025.06.24,12:00:00,105134.500000,105675.000000,104750.000000,105184.400000,32530.6700
BTCUSDT,2025.06.24,16:00:00,105184.300000,106239.000000,105125.300000,105582.100000,27242.5790
BTCUSDT,2025.06.24,20:00:00,105582.100000,106073.900000,105382.400000,106034.900000,10608.9350
BTCUSDT,2025.06.25,00:00:00,106034.900000,106750.900000,105755.600000,106177.000000,25837.3040
BTCUSDT,2025.06.25,04:00:00,106176.900000,106664.200000,105949.200000,106547.500000,11857.7880
BTCUSDT,2025.06.25,08:00:00,106547.500000,107187.600000,106286.500000,107136.300000,25270.6960
BTCUSDT,2025.06.25,12:00:00,107136.300000,108095.700000,106700.000000,106982.600000,62655.7460
BTCUSDT,2025.06.25,16:00:00,106982.700000,107863.100000,106859.000000,107698.200000,20971.1110
BTCUSDT,2025.06.25,20:00:00,107698.100000,107965.900000,107022.600000,107280.000000,12685.1780
BTCUSDT,2025.06.26,00:00:00,107280.100000,108249.900000,107041.400000,107809.300000,21442.7780
BTCUSDT,2025.06.26,04:00:00,107809.400000,108044.900000,107467.600000,107768.500000,10862.6840
BTCUSDT,2025.06.26,08:00:00,107768.600000,108135.000000,107050.000000,107272.800000,17852.7040
BTCUSDT,2025.06.26,12:00:00,107272.800000,107724.500000,106500.000000,107260.000000,33276.6700
BTCUSDT,2025.06.26,16:00:00,107259.900000,107630.800000,106952.000000,107476.100000,13297.9130
BTCUSDT,2025.06.26,20:00:00,107476.000000,107971.300000,106789.900000,106913.700000,17700.6370
BTCUSDT,2025.06.27,00:00:00,106913.800000,107462.500000,106345.200000,107428.000000,15903.8050
BTCUSDT,2025.06.27,04:00:00,107428.100000,107686.000000,106801.000000,106816.900000,13995.5560
BTCUSDT,2025.06.27,08:00:00,106816.900000,107125.900000,106616.800000,106943.700000,18756.5920
BTCUSDT,2025.06.27,12:00:00,106943.700000,107378.600000,106313.100000,107261.300000,34011.7430
BTCUSDT,2025.06.27,16:00:00,107261.200000,107659.900000,106373.300000,106748.100000,27344.0380
BTCUSDT,2025.06.27,20:00:00,106748.200000,107232.100000,106736.700000,107010.700000,8625.7160
BTCUSDT,2025.06.28,00:00:00,107010.600000,107313.400000,106767.000000,107248.000000,8573.6720
BTCUSDT,2025.06.28,04:00:00,107248.000000,107458.400000,107127.200000,107433.000000,5266.9410
BTCUSDT,2025.06.28,08:00:00,107433.100000,107450.000000,107194.700000,107320.300000,5080.5450
BTCUSDT,2025.06.28,12:00:00,107320.200000,107538.000000,107039.800000,107407.600000,6987.8100
BTCUSDT,2025.06.28,16:00:00,107407.700000,107494.000000,107157.000000,107162.500000,6567.6590
BTCUSDT,2025.06.28,20:00:00,107162.500000,107324.800000,107096.700000,107241.000000,3193.7920
BTCUSDT,2025.06.29,00:00:00,107240.900000,107464.000000,107112.600000,107156.500000,6341.2510
BTCUSDT,2025.06.29,04:00:00,107156.500000,107372.600000,107156.400000,107367.200000,3360.3120
BTCUSDT,2025.06.29,08:00:00,107367.300000,108460.000000,107351.600000,108448.300000,25224.9490
BTCUSDT,2025.06.29,12:00:00,108448.300000,108499.000000,107580.600000,107686.900000,14699.8420
BTCUSDT,2025.06.29,16:00:00,107686.900000,107735.700000,107233.100000,107346.500000,13327.0990
BTCUSDT,2025.06.29,20:00:00,107346.500000,108400.000000,107203.800000,108309.800000,16494.8720
BTCUSDT,2025.06.30,00:00:00,108309.800000,108783.900000,108193.500000,108466.700000,16475.1120
BTCUSDT,2025.06.30,04:00:00,108466.800000,108500.000000,107427.500000,107562.600000,20237.3250
BTCUSDT,2025.06.30,08:00:00,107562.600000,107916.600000,107320.000000,107608.100000,14358.1650
BTCUSDT,2025.06.30,12:00:00,107608.100000,107821.800000,106686.400000,107525.600000,38964.3610
BTCUSDT,2025.06.30,16:00:00,107525.700000,107775.000000,107057.900000,107689.600000,15502.1180
BTCUSDT,2025.06.30,20:00:00,107689.600000,107714.900000,106863.800000,107087.400000,9144.3050
BTCUSDT,2025.07.01,00:00:00,107087.300000,107499.900000,106972.900000,107149.400000,9332.5380
BTCUSDT,2025.07.01,04:00:00,107149.400000,107164.500000,106557.400000,107134.900000,15896.5800
BTCUSDT,2025.07.01,08:00:00,107134.800000,107139.100000,106222.000000,106556.800000,16028.3720
BTCUSDT,2025.07.01,12:00:00,106556.800000,107140.700000,105578.000000,105908.300000,45292.1460
BTCUSDT,2025.07.01,16:00:00,105908.300000,106248.600000,105333.000000,105340.100000,21726.1220
BTCUSDT,2025.07.01,20:00:00,105340.100000,106066.100000,105182.600000,105637.900000,12158.6430
BTCUSDT,2025.07.02,00:00:00,105637.900000,106165.100000,105010.000000,106140.000000,15209.2330
BTCUSDT,2025.07.02,04:00:00,106140.000000,107144.400000,106074.200000,107026.000000,21402.7270
BTCUSDT,2025.07.02,08:00:00,107026.100000,107799.900000,107026.100000,107439.600000,30093.3880
BTCUSDT,2025.07.02,12:00:00,107439.700000,108754.600000,107132.300000,108695.300000,42934.4410
BTCUSDT,2025.07.02,16:00:00,108695.400000,109690.400000,108603.900000,109621.900000,52472.2990
BTCUSDT,2025.07.02,20:00:00,109621.800000,109621.900000,108682.500000,108800.000000,15455.1730
BTCUSDT,2025.07.03,00:00:00,108800.000000,109075.100000,108480.600000,108594.800000,12861.0740
BTCUSDT,2025.07.03,04:00:00,108594.800000,109516.300000,108509.100000,109235.000000,16803.2080
BTCUSDT,2025.07.03,08:00:00,109234.900000,110265.100000,109234.900000,109551.000000,26021.3110
BTCUSDT,2025.07.03,12:00:00,109551.100000,110484.000000,108706.000000,109089.800000,60448.7940
BTCUSDT,2025.07.03,16:00:00,109089.900000,109865.900000,108966.000000,109743.900000,17643.7660
BTCUSDT,2025.07.03,20:00:00,109743.800000,109963.100000,109488.800000,109545.200000,7709.8440
BTCUSDT,2025.07.04,00:00:00,109545.100000,109732.300000,109050.000000,109195.600000,10659.1990
BTCUSDT,2025.07.04,04:00:00,109195.700000,109283.200000,108661.000000,108661.000000,15465.8620
BTCUSDT,2025.07.04,08:00:00,108661.100000,109071.100000,108456.400000,108842.300000,16634.8110
BTCUSDT,2025.07.04,12:00:00,108842.200000,108929.300000,107436.000000,107534.700000,48983.2860
BTCUSDT,2025.07.04,16:00:00,107534.600000,107868.600000,107200.000000,107429.600000,28292.8190
BTCUSDT,2025.07.04,20:00:00,107429.600000,108229.000000,107385.900000,107935.400000,12269.8700
BTCUSDT,2025.07.05,00:00:00,107935.300000,108218.000000,107688.300000,108093.500000,7916.0350
BTCUSDT,2025.07.05,04:00:00,108093.400000,108368.100000,107946.100000,108000.900000,7573.0660
BTCUSDT,2025.07.05,08:00:00,108000.800000,108175.000000,107828.100000,108059.100000,5891.7980
BTCUSDT,2025.07.05,12:00:00,108059.200000,108194.400000,107908.800000,108012.700000,5090.3170
BTCUSDT,2025.07.05,16:00:00,108012.600000,108130.700000,107809.200000,108092.100000,6157.4340
BTCUSDT,2025.07.05,20:00:00,108092.200000,108183.800000,107930.100000,108153.400000,4032.2980
BTCUSDT,2025.07.06,00:00:00,108153.400000,108211.000000,107968.100000,107996.300000,4372.1400
BTCUSDT,2025.07.06,04:00:00,107996.200000,108180.000000,107901.000000,107991.300000,3924.3090
BTCUSDT,2025.07.06,08:00:00,107991.400000,108087.200000,107743.400000,108017.300000,7597.2630
BTCUSDT,2025.07.06,12:00:00,108017.300000,109079.100000,107984.700000,108856.800000,25569.4190
BTCUSDT,2025.07.06,16:00:00,108856.800000,108917.000000,108209.600000,108493.800000,10930.0180
BTCUSDT,2025.07.06,20:00:00,108493.800000,109684.700000,108477.900000,109145.800000,19995.4540
BTCUSDT,2025.07.07,00:00:00,109145.800000,109667.300000,108622.600000,109348.900000,15642.6060
BTCUSDT,2025.07.07,04:00:00,109349.000000,109409.700000,108611.000000,109016.300000,11504.5100
BTCUSDT,2025.07.07,08:00:00,109016.300000,109041.200000,108525.000000,108599.900000,12004.3050
BTCUSDT,2025.07.07,12:00:00,108599.800000,108612.200000,107903.200000,108249.000000,30362.5950
BTCUSDT,2025.07.07,16:00:00,108248.900000,108460.800000,107456.000000,107999.900000,28556.7660
BTCUSDT,2025.07.07,20:00:00,107999.900000,108250.100000,107728.500000,108203.900000,8326.7960
BTCUSDT,2025.07.08,00:00:00,108203.900000,108475.000000,107400.000000,107852.600000,17984.3070
BTCUSDT,2025.07.08,04:00:00,107852.500000,108445.800000,107696.500000,108440.700000,10189.6340
BTCUSDT,2025.07.08,08:00:00,108440.700000,108964.100000,108172.400000,108713.100000,15943.5560
BTCUSDT,2025.07.08,12:00:00,108713.200000,109180.000000,108151.000000,108217.000000,24144.1690
BTCUSDT,2025.07.08,16:00:00,108217.000000,109115.400000,108041.000000,108723.600000,20875.0720
BTCUSDT,2025.07.08,20:00:00,108723.600000,108928.000000,108570.100000,108873.100000,6019.2890
BTCUSDT,2025.07.09,00:00:00,108873.200000,109107.400000,108284.200000,108311.900000,11601.5420
BTCUSDT,2025.07.09,04:00:00,108311.900000,108900.000000,108273.500000,108674.800000,9998.9120
BTCUSDT,2025.07.09,08:00:00,108674.700000,109074.000000,108510.000000,109008.300000,9544.3750
BTCUSDT,2025.07.09,12:00:00,109008.300000,109738.500000,108429.000000,109020.000000,44231.6980
BTCUSDT,2025.07.09,16:00:00,109019.900000,112036.800000,108975.900000,111718.800000,55843.0170
BTCUSDT,2025.07.09,20:00:00,111718.800000,111931.500000,110508.000000,111199.900000,36615.1870
BTCUSDT,2025.07.10,00:00:00,111199.800000,111548.300000,110834.600000,111028.200000,13062.1490
BTCUSDT,2025.07.10,04:00:00,111028.300000,111399.700000,110894.200000,111186.100000,10503.7670
BTCUSDT,2025.07.10,08:00:00,111186.200000,111370.300000,110800.000000,110972.200000,12366.9840
BTCUSDT,2025.07.10,12:00:00,110972.100000,111363.500000,110432.200000,111350.000000,29486.9050
BTCUSDT,2025.07.10,16:00:00,111350.000000,113760.000000,111267.700000,113246.100000,78710.0690
BTCUSDT,2025.07.10,20:00:00,113246.100000,117500.000000,113208.400000,115979.200000,81440.3390
BTCUSDT,2025.07.11,00:00:00,115979.200000,116945.800000,115186.700000,116839.500000,29918.2400
BTCUSDT,2025.07.11,04:00:00,116839.500000,118395.900000,116429.200000,117522.700000,57156.7870
BTCUSDT,2025.07.11,08:00:00,117522.700000,118882.800000,117522.700000,117790.100000,30866.3660
BTCUSDT,2025.07.11,12:00:00,117790.000000,118226.000000,116725.100000,116910.300000,41834.8930
BTCUSDT,2025.07.11,16:00:00,116910.300000,118128.000000,116611.100000,118072.700000,25630.9950
BTCUSDT,2025.07.11,20:00:00,118072.700000,118072.700000,117130.000000,117500.000000,14412.0760
BTCUSDT,2025.07.12,00:00:00,117500.000000,117818.600000,117055.000000,117730.000000,8464.7910
BTCUSDT,2025.07.12,04:00:00,117730.000000,118036.700000,117454.900000,117689.700000,9786.8430
BTCUSDT,2025.07.12,08:00:00,117689.600000,118176.900000,117579.800000,117773.600000,10654.1460
BTCUSDT,2025.07.12,12:00:00,117773.500000,117819.800000,116862.400000,117075.600000,20538.2610
BTCUSDT,2025.07.12,16:00:00,117075.600000,117609.400000,117012.000000,117525.700000,8165.5290
BTCUSDT,2025.07.12,20:00:00,117525.700000,117527.800000,116960.000000,117389.300000,6112.9020
BTCUSDT,2025.07.13,00:00:00,117389.400000,117794.700000,117164.300000,117711.500000,7178.9180
BTCUSDT,2025.07.13,04:00:00,117711.600000,118040.800000,117639.700000,117950.000000,7310.0410
BTCUSDT,2025.07.13,08:00:00,117950.000000,118058.300000,117641.300000,118036.100000,6329.7810
BTCUSDT,2025.07.13,12:00:00,118036.000000,119655.000000,117933.400000,118610.600000,39022.9200
BTCUSDT,2025.07.13,16:00:00,118610.600000,119454.900000,118325.400000,118923.000000,14954.2020
BTCUSDT,2025.07.13,20:00:00,118922.900000,119333.000000,118197.700000,119038.300000,15256.5190
BTCUSDT,2025.07.14,00:00:00,119038.300000,121800.000000,118862.600000,120733.200000,43343.1700
BTCUSDT,2025.07.14,04:00:00,120733.200000,123300.000000,120515.900000,122731.000000,55896.7150
BTCUSDT,2025.07.14,08:00:00,122731.000000,122772.700000,121357.000000,121474.500000,26389.0170
BTCUSDT,2025.07.14,12:00:00,121474.500000,122113.900000,119590.900000,119863.100000,50636.4260
BTCUSDT,2025.07.14,16:00:00,119863.100000,120510.900000,119200.000000,119920.000000,31947.6290
BTCUSDT,2025.07.14,20:00:00,119920.300000,120430.000000,119505.000000,119816.500000,13343.1630
BTCUSDT,2025.07.15,00:00:00,119816.500000,119919.400000,116870.000000,117209.200000,58092.1820
BTCUSDT,2025.07.15,04:00:00,117209.200000,117761.300000,116227.000000,116777.100000,43592.9680
BTCUSDT,2025.07.15,08:00:00,116777.100000,117229.900000,116300.000000,117110.400000,23334.3490
BTCUSDT,2025.07.15,12:00:00,117110.400000,118499.800000,115678.100000,116393.000000,79630.1870
BTCUSDT,2025.07.15,16:00:00,116393.100000,117727.400000,116050.000000,116428.900000,45663.4100
BTCUSDT,2025.07.15,20:00:00,116428.800000,117965.600000,116189.000000,117738.500000,19664.3500
BTCUSDT,2025.07.16,00:00:00,117738.600000,118208.600000,117017.100000,117477.600000,17005.9150
BTCUSDT,2025.07.16,04:00:00,117477.700000,118297.100000,117252.200000,118181.200000,14568.0330
BTCUSDT,2025.07.16,08:00:00,118181.200000,119299.900000,118113.600000,118755.100000,24815.7970
BTCUSDT,2025.07.16,12:00:00,118755.100000,119786.700000,118156.000000,119056.000000,52951.2510
BTCUSDT,2025.07.16,16:00:00,119055.900000,119888.000000,118430.300000,119186.700000,27062.8150
BTCUSDT,2025.07.16,20:00:00,119186.700000,120100.000000,118359.400000,118590.700000,22762.1370
BTCUSDT,2025.07.17,00:00:00,118590.700000,119151.300000,117663.600000,118090.900000,24347.1980
BTCUSDT,2025.07.17,04:00:00,118090.800000,118763.400000,117810.400000,118293.900000,15838.3070
BTCUSDT,2025.07.17,08:00:00,118293.800000,119216.400000,117915.200000,117968.900000,19524.5230
BTCUSDT,2025.07.17,12:00:00,117968.800000,119100.000000,117412.800000,118875.000000,33485.5600
BTCUSDT,2025.07.17,16:00:00,118875.000000,119879.100000,118293.600000,118948.800000,24071.4180
BTCUSDT,2025.07.17,20:00:00,118948.800000,120951.500000,118343.200000,119176.600000,47007.3950
BTCUSDT,2025.07.18,00:00:00,119176.500000,120799.000000,119003.800000,120212.800000,22719.7630
BTCUSDT,2025.07.18,04:00:00,120212.800000,120846.100000,119300.000000,119356.600000,21765.5730
BTCUSDT,2025.07.18,08:00:00,119356.500000,119483.200000,118384.600000,119175.500000,27047.1110
BTCUSDT,2025.07.18,12:00:00,119175.500000,119519.800000,117230.700000,117830.000000,46533.2520
BTCUSDT,2025.07.18,16:00:00,117830.100000,118053.500000,117109.400000,117361.600000,20948.0780
BTCUSDT,2025.07.18,20:00:00,117361.700000,118000.000000,116788.900000,117896.400000,23233.1290
BTCUSDT,2025.07.19,00:00:00,117896.500000,118340.700000,117588.000000,118295.200000,9844.7450
BTCUSDT,2025.07.19,04:00:00,118295.300000,118337.500000,118013.200000,118135.000000,5699.4520
BTCUSDT,2025.07.19,08:00:00,118134.900000,118456.000000,117904.000000,118300.000000,7488.0510
BTCUSDT,2025.07.19,12:00:00,118300.000000,118301.400000,117615.300000,118025.600000,11576.2410
BTCUSDT,2025.07.19,16:00:00,118025.600000,118149.800000,117562.100000,117978.300000,8300.9110
BTCUSDT,2025.07.19,20:00:00,117978.400000,118125.700000,117245.900000,117814.400000,9621.7930
BTCUSDT,2025.07.20,00:00:00,117814.300000,118158.700000,117618.000000,117934.100000,7587.2200
BTCUSDT,2025.07.20,04:00:00,117934.200000,118214.000000,117736.300000,117984.300000,5749.1990
BTCUSDT,2025.07.20,08:00:00,117984.300000,118261.600000,117801.000000,117869.200000,9129.3950
BTCUSDT,2025.07.20,12:00:00,117869.200000,118794.000000,117701.100000,118669.300000,17153.0060
BTCUSDT,2025.07.20,16:00:00,118669.400000,118856.600000,117912.800000,118131.200000,13641.5250
BTCUSDT,2025.07.20,20:00:00,118131.200000,118245.300000,116370.100000,117216.000000,29120.2370
BTCUSDT,2025.07.21,00:00:00,117216.100000,118585.000000,116454.100000,118374.800000,21656.7290
BTCUSDT,2025.07.21,04:00:00,118374.800000,119720.600000,118144.000000,119352.200000,21794.7690
BTCUSDT,2025.07.21,08:00:00,119352.300000,119496.200000,118035.000000,118045.000000,19078.2010
BTCUSDT,2025.07.21,12:00:00,118044.900000,119200.000000,117726.700000,118304.100000,33398.8910
BTCUSDT,2025.07.21,16:00:00,118304.200000,118381.000000,116600.000000,116724.700000,33604.5870
BTCUSDT,2025.07.21,20:00:00,116724.700000,117596.600000,116566.900000,117330.200000,12352.6710
BTCUSDT,2025.07.22,00:00:00,117330.200000,117947.100000,115865.000000,117177.000000,31111.1460
BTCUSDT,2025.07.22,04:00:00,117176.900000,118554.900000,116484.200000,117959.500000,25633.4590
BTCUSDT,2025.07.22,08:00:00,117959.500000,119199.900000,117441.500000,119142.200000,26898.7850
BTCUSDT,2025.07.22,12:00:00,119142.200000,119582.300000,117522.000000,118899.800000,51696.4290
BTCUSDT,2025.07.22,16:00:00,118899.800000,120300.100000,118377.000000,119286.500000,36767.9640
BTCUSDT,2025.07.22,20:00:00,119286.600000,120264.800000,119207.500000,119993.700000,14724.6670
BTCUSDT,2025.07.23,00:00:00,119993.700000,120146.500000,118522.000000,118620.800000,18660.2080
BTCUSDT,2025.07.23,04:00:00,118620.700000,118997.700000,118236.100000,118327.000000,14724.2670
BTCUSDT,2025.07.23,08:00:00,118326.900000,118586.300000,117789.200000,118484.800000,20516.0100
BTCUSDT,2025.07.23,12:00:00,118484.700000,118687.100000,117259.700000,118531.000000,37596.9980
BTCUSDT,2025.07.23,16:00:00,118530.900000,118530.900000,117250.000000,118344.400000,22578.7670
BTCUSDT,2025.07.23,20:00:00,118344.400000,118725.300000,117319.000000,118713.500000,22910.6470
BTCUSDT,2025.07.24,00:00:00,118713.400000,119265.400000,118425.300000,118451.500000,19395.1810
BTCUSDT,2025.07.24,04:00:00,118451.600000,118542.500000,117050.200000,118368.000000,33247.0230
BTCUSDT,2025.07.24,08:00:00,118368.100000,118789.300000,117923.000000,118558.000000,21819.1420
BTCUSDT,2025.07.24,12:00:00,118558.000000,119469.900000,117773.100000,119074.100000,34069.1350
BTCUSDT,2025.07.24,16:00:00,119074.100000,119376.900000,118306.000000,118902.000000,19232.5170
BTCUSDT,2025.07.24,20:00:00,118902.000000,118953.900000,118112.000000,118294.300000,9614.6150
BTCUSDT,2025.07.25,00:00:00,118294.400000,118410.800000,115300.000000,115384.600000,67458.1000
BTCUSDT,2025.07.25,04:00:00,115384.700000,116100.000000,114667.300000,115288.800000,58534.6530
BTCUSDT,2025.07.25,08:00:00,115288.900000,116759.600000,115000.000000,116504.600000,44704.8380
BTCUSDT,2025.07.25,12:00:00,116504.600000,116629.000000,114846.100000,115687.400000,47785.0370
BTCUSDT,2025.07.25,16:00:00,115687.400000,116989.900000,115413.100000,116649.600000,22061.4270
BTCUSDT,2025.07.25,20:00:00,116649.600000,117615.300000,116530.000000,117583.500000,19842.6990
BTCUSDT,2025.07.26,00:00:00,117583.400000,117740.600000,117114.200000,117455.800000,11547.4750
BTCUSDT,2025.07.26,04:00:00,117455.800000,117515.900000,117288.000000,117288.100000,5970.0200
BTCUSDT,2025.07.26,08:00:00,117288.000000,118229.700000,117288.000000,117758.000000,16554.0740
BTCUSDT,2025.07.26,12:00:00,117758.100000,118211.800000,117755.000000,118111.100000,10334.6320
BTCUSDT,2025.07.26,16:00:00,118111.100000,118300.000000,117917.700000,118209.000000,6040.4310
BTCUSDT,2025.07.26,20:00:00,118209.100000,118289.300000,117846.100000,117889.200000,6771.9720
BTCUSDT,2025.07.27,00:00:00,117889.300000,118356.000000,117800.800000,118162.000000,6261.9360
BTCUSDT,2025.07.27,04:00:00,118161.900000,118432.100000,118041.600000,118083.600000,5969.9340
BTCUSDT,2025.07.27,08:00:00,118083.500000,118273.800000,117822.200000,118053.400000,8614.6940
BTCUSDT,2025.07.27,12:00:00,118053.300000,118583.200000,117850.000000,118580.800000,14083.0480
BTCUSDT,2025.07.27,16:00:00,118580.900000,119550.000000,118580.800000,118953.300000,27165.4470
BTCUSDT,2025.07.27,20:00:00,118953.300000,119766.000000,118709.200000,119423.400000,13883.9000
BTCUSDT,2025.07.28,00:00:00,119423.500000,119812.000000,118949.900000,119269.700000,14577.5440
BTCUSDT,2025.07.28,04:00:00,119269.600000,119692.000000,118742.000000,118873.200000,13369.0590
BTCUSDT,2025.07.28,08:00:00,118873.100000,119091.200000,118471.300000,118813.300000,12578.1890
BTCUSDT,2025.07.28,12:00:00,118813.400000,119085.000000,117900.000000,118152.800000,33484.7390
BTCUSDT,2025.07.28,16:00:00,118152.900000,118363.000000,117388.000000,118050.000000,22310.8970
BTCUSDT,2025.07.28,20:00:00,118050.000000,118329.800000,117466.100000,118041.400000,10391.9010
BTCUSDT,2025.07.29,00:00:00,118041.500000,118777.000000,117406.300000,118745.600000,16848.8290
BTCUSDT,2025.07.29,04:00:00,118745.600000,119258.700000,118377.100000,118856.200000,13443.5200
BTCUSDT,2025.07.29,08:00:00,118856.200000,119019.600000,118119.100000,118560.000000,12770.7640
BTCUSDT,2025.07.29,12:00:00,118560.000000,119050.000000,117218.700000,117345.700000,34225.7440
BTCUSDT,2025.07.29,16:00:00,117345.700000,118019.300000,116923.000000,117484.900000,24192.9380
BTCUSDT,2025.07.29,20:00:00,117485.500000,117951.000000,117044.100000,117897.000000,13781.6680
BTCUSDT,2025.07.30,00:00:00,117897.100000,118210.000000,117363.000000,118106.500000,9850.1020
BTCUSDT,2025.07.30,04:00:00,118106.500000,118384.600000,117616.100000,118083.100000,9746.4460
BTCUSDT,2025.07.30,08:00:00,118083.200000,118451.300000,117291.600000,117526.700000,15902.4540
BTCUSDT,2025.07.30,12:00:00,117526.600000,118763.500000,117300.600000,117950.000000,28851.6280
BTCUSDT,2025.07.30,16:00:00,117949.900000,117995.400000,115700.000000,116865.200000,46229.5050
BTCUSDT,2025.07.30,20:00:00,116865.200000,117866.400000,116829.800000,117771.000000,14337.7220
BTCUSDT,2025.07.31,00:00:00,117771.100000,118590.000000,117713.500000,118429.000000,17973.2040
BTCUSDT,2025.07.31,04:00:00,118429.000000,118910.000000,118238.700000,118624.100000,12172.5410
BTCUSDT,2025.07.31,08:00:00,118624.000000,118728.000000,118246.800000,118330.900000,8609.9620
BTCUSDT,2025.07.31,12:00:00,118330.900000,118684.400000,117783.300000,118259.300000,26860.0190
BTCUSDT,2025.07.31,16:00:00,118259.400000,118850.000000,116691.100000,116718.900000,34611.4880
BTCUSDT,2025.07.31,20:00:00,116718.900000,116927.800000,115373.900000,115697.300000,34810.2530
BTCUSDT,2025.08.01,00:00:00,115697.300000,116000.000000,114239.000000,115595.700000,42604.8470
BTCUSDT,2025.08.01,04:00:00,115595.600000,115873.400000,114579.500000,115015.100000,21214.5340
BTCUSDT,2025.08.01,08:00:00,115015.100000,115291.100000,114055.600000,115246.600000,26589.3820
BTCUSDT,2025.08.01,12:00:00,115246.500000,115956.000000,113871.100000,115305.300000,54800.7670
BTCUSDT,2025.08.01,16:00:00,115305.300000,115656.800000,113173.700000,113278.500000,46088.4160
BTCUSDT,2025.08.01,20:00:00,113278.400000,114039.000000,112660.000000,113244.800000,29984.1530
BTCUSDT,2025.08.02,00:00:00,113244.800000,113873.700000,113145.000000,113859.900000,11027.0750
BTCUSDT,2025.08.02,04:00:00,113860.000000,114000.000000,113415.800000,113919.900000,11938.3260
BTCUSDT,2025.08.02,08:00:00,113920.000000,113988.000000,113370.000000,113732.500000,10218.8350
BTCUSDT,2025.08.02,12:00:00,113732.600000,113740.500000,112769.200000,112798.600000,18494.3930
BTCUSDT,2025.08.02,16:00:00,112798.600000,113388.900000,111910.000000,112175.500000,36337.0740
BTCUSDT,2025.08.02,20:00:00,112175.500000,113022.500000,112007.900000,112508.800000,14443.7450
BTCUSDT,2025.08.03,00:00:00,112508.800000,113694.000000,111850.000000,113550.900000,17961.7700
BTCUSDT,2025.08.03,04:00:00,113550.900000,113676.400000,113285.700000,113647.200000,6301.7710
BTCUSDT,2025.08.03,08:00:00,113647.200000,114200.000000,113492.500000,113810.100000,11023.4590
BTCUSDT,2025.08.03,12:00:00,113810.000000,114049.800000,113529.600000,113904.300000,10900.3960
BTCUSDT,2025.08.03,16:00:00,113904.300000,114730.000000,113727.800000,114259.000000,10570.4640
BTCUSDT,2025.08.03,20:00:00,114259.100000,114567.300000,114011.300000,114150.800000,6426.0090
BTCUSDT,2025.08.04,00:00:00,114150.900000,114963.400000,114053.800000,114520.200000,12295.2370
BTCUSDT,2025.08.04,04:00:00,114520.300000,114739.300000,114089.000000,114607.000000,9279.7970
BTCUSDT,2025.08.04,08:00:00,114607.000000,114715.000000,114166.000000,114450.000000,7637.6690
BTCUSDT,2025.08.04,12:00:00,114450.100000,115431.600000,114070.000000,114766.300000,27575.3350
BTCUSDT,2025.08.04,16:00:00,114766.400000,115686.000000,114681.100000,114724.000000,17022.0680
BTCUSDT,2025.08.04,20:00:00,114724.000000,115299.000000,114580.400000,115002.100000,9518.4850
BTCUSDT,2025.08.05,00:00:00,115002.100000,115073.300000,114213.600000,114215.000000,10318.4290
BTCUSDT,2025.08.05,04:00:00,114214.900000,114468.100000,113650.000000,113924.700000,16889.8810
BTCUSDT,2025.08.05,08:00:00,113924.700000,115057.000000,113869.500000,114782.000000,15542.3830
BTCUSDT,2025.08.05,12:00:00,114782.100000,114860.100000,112582.400000,112871.800000,48789.0210
BTCUSDT,2025.08.05,16:00:00,112871.700000,113731.700000,112755.100000,113573.100000,16283.2010
BTCUSDT,2025.08.05,20:00:00,113573.800000,114178.400000,113240.100000,114069.600000,11493.5130
BTCUSDT,2025.08.06,00:00:00,114069.600000,114091.300000,113355.500000,113470.100000,9186.9990
BTCUSDT,2025.08.06,04:00:00,113470.200000,114390.200000,113304.500000,114179.200000,14343.6570
BTCUSDT,2025.08.06,08:00:00,114179.200000,114372.700000,113663.300000,114188.000000,11807.4990
BTCUSDT,2025.08.06,12:00:00,114187.900000,115488.000000,113520.000000,115366.300000,37775.7920
BTCUSDT,2025.08.06,16:00:00,115366.200000,115674.200000,114867.000000,115215.100000,18625.4470
BTCUSDT,2025.08.06,20:00:00,115215.000000,115228.500000,114732.800000,114941.000000,6859.2760
BTCUSDT,2025.08.07,00:00:00,114941.000000,115144.000000,114333.600000,114500.800000,10847.6440
BTCUSDT,2025.08.07,04:00:00,114500.900000,114834.400000,114211.400000,114751.100000,10679.9360
BTCUSDT,2025.08.07,08:00:00,114751.200000,116782.600000,114750.000000,116469.100000,40981.2650
BTCUSDT,2025.08.07,12:00:00,116469.100000,116747.600000,115950.100000,116634.600000,24976.0170
BTCUSDT,2025.08.07,16:00:00,116634.600000,117487.200000,115555.200000,117407.600000,31486.1780
BTCUSDT,2025.08.07,20:00:00,117407.500000,117580.000000,116942.200000,117419.900000,15438.0150
BTCUSDT,2025.08.08,00:00:00,117419.900000,117591.800000,116639.900000,116692.200000,17323.0390
BTCUSDT,2025.08.08,04:00:00,116692.200000,116917.100000,116342.000000,116772.000000,10920.5570
BTCUSDT,2025.08.08,08:00:00,116772.000000,116880.000000,116256.000000,116840.500000,10056.0080
BTCUSDT,2025.08.08,12:00:00,116840.600000,117229.900000,115850.000000,116162.000000,25731.5740
BTCUSDT,2025.08.08,16:00:00,116162.100000,116863.900000,115949.900000,116384.400000,18032.0690
BTCUSDT,2025.08.08,20:00:00,116384.400000,116941.500000,116250.000000,116628.200000,7765.3640
BTCUSDT,2025.08.09,00:00:00,116628.200000,116703.600000,116304.000000,116331.500000,5712.9490
BTCUSDT,2025.08.09,04:00:00,116331.600000,116950.100000,116309.000000,116703.200000,14934.7490
BTCUSDT,2025.08.09,08:00:00,116703.300000,117906.700000,116700.000000,117064.900000,25544.6160
BTCUSDT,2025.08.09,12:00:00,117065.000000,117200.000000,116600.000000,116835.600000,13944.0130
BTCUSDT,2025.08.09,16:00:00,116835.500000,116900.900000,116458.100000,116499.900000,7593.2020
BTCUSDT,2025.08.09,20:00:00,116499.900000,117000.000000,116350.000000,116422.100000,10195.0050
BTCUSDT,2025.08.10,00:00:00,116422.100000,118500.000000,116413.200000,118480.100000,34945.8740
BTCUSDT,2025.08.10,04:00:00,118480.000000,118738.000000,117342.000000,117770.000000,29066.6530
BTCUSDT,2025.08.10,08:00:00,117770.000000,118489.900000,117568.900000,118295.900000,16040.2380
BTCUSDT,2025.08.10,12:00:00,118295.900000,119094.000000,118192.600000,118766.000000,22868.0480
BTCUSDT,2025.08.10,16:00:00,118766.000000,118917.400000,118395.800000,118624.500000,7283.1340
BTCUSDT,2025.08.10,20:00:00,118624.600000,119291.900000,118010.000000,119255.300000,20127.8320
BTCUSDT,2025.08.11,00:00:00,119255.300000,122165.400000,118950.000000,121700.100000,59538.2020
BTCUSDT,2025.08.11,04:00:00,121700.100000,122450.000000,121432.300000,121534.800000,27806.8430
BTCUSDT,2025.08.11,08:00:00,121534.900000,121820.700000,120267.300000,120545.000000,28876.2490
BTCUSDT,2025.08.11,12:00:00,120545.000000,120655.000000,119345.000000,120271.200000,48113.0910
BTCUSDT,2025.08.11,16:00:00,120271.200000,120799.000000,118499.000000,119035.300000,32996.4580
BTCUSDT,2025.08.11,20:00:00,119035.200000,119149.600000,118050.000000,118641.900000,19757.4110
BTCUSDT,2025.08.12,00:00:00,118641.800000,119246.400000,118551.700000,118813.100000,13300.1420
BTCUSDT,2025.08.12,04:00:00,118813.200000,119120.000000,118377.200000,118931.900000,14300.0130
BTCUSDT,2025.08.12,08:00:00,118931.900000,119011.900000,118154.300000,118464.100000,13998.6510
BTCUSDT,2025.08.12,12:00:00,118464.200000,119927.900000,118234.800000,119888.000000,45134.6570
BTCUSDT,2025.08.12,16:00:00,119888.000000,120163.600000,119124.500000,119600.300000,22828.6600
BTCUSDT,2025.08.12,20:00:00,119600.300000,120270.000000,119430.000000,120081.000000,16146.4320
BTCUSDT,2025.08.13,00:00:00,120080.900000,120146.600000,119028.000000,119436.000000,16859.4490
BTCUSDT,2025.08.13,04:00:00,119436.000000,119798.600000,118829.000000,119540.300000,16032.8910
BTCUSDT,2025.08.13,08:00:00,119540.300000,120710.400000,119408.800000,120538.500000,23680.7050
BTCUSDT,2025.08.13,12:00:00,120538.400000,122218.300000,120066.100000,120897.200000,65444.1550
BTCUSDT,2025.08.13,16:00:00,120897.300000,122831.100000,120897.300000,122719.900000,32963.9630
BTCUSDT,2025.08.13,20:00:00,122720.000000,123715.900000,122314.100000,123323.900000,33092.7100
BTCUSDT,2025.08.14,00:00:00,123323.900000,124545.600000,123272.100000,123405.200000,29585.6050
BTCUSDT,2025.08.14,04:00:00,123405.100000,123485.300000,121318.500000,121742.400000,41732.3300
BTCUSDT,2025.08.14,08:00:00,121742.300000,122050.000000,120657.600000,120947.900000,25372.7840
BTCUSDT,2025.08.14,12:00:00,120947.800000,121154.700000,117410.000000,118185.900000,112404.6020
BTCUSDT,2025.08.14,16:00:00,118185.900000,118500.000000,117004.000000,117889.500000,32884.8380
BTCUSDT,2025.08.14,20:00:00,117889.400000,118470.100000,117255.000000,118242.200000,17821.4110
BTCUSDT,2025.08.15,00:00:00,118242.200000,119039.900000,117970.700000,118918.100000,14657.0630
BTCUSDT,2025.08.15,04:00:00,118918.100000,119184.000000,118569.700000,118908.300000,13276.3300
BTCUSDT,2025.08.15,08:00:00,118908.400000,119114.900000,118550.000000,118950.000000,8916.3050
BTCUSDT,2025.08.15,12:00:00,118950.100000,119068.800000,116750.000000,117216.800000,48081.5470
BTCUSDT,2025.08.15,16:00:00,117216.800000,117859.400000,116736.300000,116900.000000,24658.0130
BTCUSDT,2025.08.15,20:00:00,116900.000000,117711.000000,116820.500000,117279.200000,10953.0990
BTCUSDT,2025.08.16,00:00:00,117279.100000,117853.500000,117162.600000,117385.000000,10472.3870
BTCUSDT,2025.08.16,04:00:00,117385.000000,117857.100000,117226.800000,117549.900000,8878.5880
BTCUSDT,2025.08.16,08:00:00,117550.000000,117664.900000,117089.700000,117340.400000,8197.0370
BTCUSDT,2025.08.16,12:00:00,117340.500000,117786.000000,117268.500000,117626.900000,7789.9250
BTCUSDT,2025.08.16,16:00:00,117627.000000,117774.500000,117588.700000,117622.300000,4894.8520
BTCUSDT,2025.08.16,20:00:00,117622.300000,117673.900000,117137.400000,117329.700000,6441.6310
BTCUSDT,2025.08.17,00:00:00,117329.800000,117722.500000,117121.600000,117627.400000,5731.9340
BTCUSDT,2025.08.17,04:00:00,117627.300000,118187.000000,117627.300000,117949.900000,9439.5150
BTCUSDT,2025.08.17,08:00:00,117950.000000,118435.000000,117865.000000,118253.900000,9265.9390
BTCUSDT,2025.08.17,12:00:00,118254.000000,118558.000000,118010.000000,118191.000000,7883.1990
BTCUSDT,2025.08.17,16:00:00,118191.000000,118267.900000,117245.000000,117527.000000,15033.4750
BTCUSDT,2025.08.17,20:00:00,117527.000000,117945.000000,117322.200000,117353.800000,7032.7420
BTCUSDT,2025.08.18,00:00:00,117353.900000,117499.400000,114950.300000,115264.900000,46974.5440
BTCUSDT,2025.08.18,04:00:00,115264.800000,115684.500000,114815.200000,115153.200000,22828.2760
BTCUSDT,2025.08.18,08:00:00,115153.200000,115342.500000,114605.000000,114900.000000,17981.6650
BTCUSDT,2025.08.18,12:00:00,114900.100000,116137.800000,114769.200000,116099.400000,28586.5390
BTCUSDT,2025.08.18,16:00:00,116099.400000,116761.000000,115773.300000,116273.400000,19769.4300
BTCUSDT,2025.08.18,20:00:00,116273.400000,116938.700000,115929.900000,116183.600000,11079.3250
BTCUSDT,2025.08.19,00:00:00,116183.600000,116687.700000,114734.800000,114756.600000,21808.3160
BTCUSDT,2025.08.19,04:00:00,114756.700000,115430.000000,114303.800000,114928.700000,19906.2910
BTCUSDT,2025.08.19,08:00:00,114928.700000,115608.500000,114750.000000,115461.000000,11178.1560
BTCUSDT,2025.08.19,12:00:00,115461.000000,115847.400000,113506.000000,113730.000000,44225.4250
BTCUSDT,2025.08.19,16:00:00,113730.100000,113844.000000,112714.400000,113078.300000,29407.7140
BTCUSDT,2025.08.19,20:00:00,113078.200000,113524.500000,112666.600000,112824.200000,14498.3850
BTCUSDT,2025.08.20,00:00:00,112824.100000,113599.400000,112500.000000,113465.400000,21619.5080
BTCUSDT,2025.08.20,04:00:00,113465.400000,113805.500000,113360.900000,113436.700000,9143.5360
BTCUSDT,2025.08.20,08:00:00,113436.700000,113978.000000,113009.500000,113627.500000,15623.1620
BTCUSDT,2025.08.20,12:00:00,113627.400000,114279.300000,112301.800000,113297.000000,45124.3380
BTCUSDT,2025.08.20,16:00:00,113296.900000,114411.000000,113200.000000,114216.300000,27678.0200
BTCUSDT,2025.08.20,20:00:00,114216.300000,114569.000000,113941.900000,114220.500000,11333.8060
BTCUSDT,2025.08.21,00:00:00,114220.500000,114777.000000,113843.700000,113912.100000,13829.0730
BTCUSDT,2025.08.21,04:00:00,113912.000000,113997.100000,113520.000000,113836.800000,9921.2620
BTCUSDT,2025.08.21,08:00:00,113836.800000,113947.400000,112924.600000,113100.200000,12824.8000
BTCUSDT,2025.08.21,12:00:00,113100.000000,113936.000000,112545.400000,112748.900000,27324.8570
BTCUSDT,2025.08.21,16:00:00,112748.800000,112940.600000,111944.000000,112152.800000,21010.1330
BTCUSDT,2025.08.21,20:00:00,112152.800000,112833.300000,112010.000000,112462.200000,11496.2310
BTCUSDT,2025.08.22,00:00:00,112462.200000,113485.900000,112273.200000,112889.900000,15818.1420
BTCUSDT,2025.08.22,04:00:00,112890.000000,113350.200000,112655.500000,113040.100000,12847.5660
BTCUSDT,2025.08.22,08:00:00,113040.000000,113273.900000,112130.300000,112272.800000,13076.5900
BTCUSDT,2025.08.22,12:00:00,112272.900000,117266.900000,111625.900000,116319.300000,110185.2200
BTCUSDT,2025.08.22,16:00:00,116319.400000,117397.400000,116046.500000,116625.500000,35551.3950
BTCUSDT,2025.08.22,20:00:00,116625.400000,117140.600000,116510.000000,116897.500000,11969.0640
BTCUSDT,2025.08.23,00:00:00,116897.500000,116988.000000,115414.300000,115522.500000,21833.3480
BTCUSDT,2025.08.23,04:00:00,115522.600000,116015.300000,115504.600000,115769.900000,10604.5330
BTCUSDT,2025.08.23,08:00:00,115770.000000,115840.400000,115180.000000,115266.700000,9759.9630
BTCUSDT,2025.08.23,12:00:00,115266.800000,115450.000000,114510.000000,114776.500000,22697.5450
BTCUSDT,2025.08.23,16:00:00,114776.400000,115166.500000,114648.700000,115104.900000,7958.3130
BTCUSDT,2025.08.23,20:00:00,115104.900000,115380.000000,114957.700000,115377.100000,5565.7130
BTCUSDT,2025.08.24,00:00:00,115377.100000,115640.000000,114902.000000,115006.500000,11855.8390
BTCUSDT,2025.08.24,04:00:00,115006.500000,115264.400000,114814.200000,114854.800000,8290.7190
BTCUSDT,2025.08.24,08:00:00,114854.900000,115033.400000,114574.100000,114702.000000,10131.9680
BTCUSDT,2025.08.24,12:00:00,114701.900000,114845.000000,114324.900000,114372.600000,14203.3170
BTCUSDT,2025.08.24,16:00:00,114372.700000,114914.800000,110484.000000,112556.400000,58915.2040
BTCUSDT,2025.08.24,20:00:00,112556.400000,113646.500000,111555.000000,113446.300000,29990.9550
BTCUSDT,2025.08.25,00:00:00,113446.200000,113621.300000,112100.200000,112867.700000,22365.1770
BTCUSDT,2025.08.25,04:00:00,112867.800000,113022.900000,111245.900000,111469.700000,26547.5590
BTCUSDT,2025.08.25,08:00:00,111469.700000,111789.900000,110891.000000,111183.700000,27037.3800
BTCUSDT,2025.08.25,12:00:00,111183.700000,112533.200000,110532.200000,112142.200000,41669.8290
BTCUSDT,2025.08.25,16:00:00,112142.200000,112897.700000,110601.700000,110650.400000,30479.3250
BTCUSDT,2025.08.25,20:00:00,110650.400000,111050.000000,109219.800000,110064.000000,56740.5150
BTCUSDT,2025.08.26,00:00:00,110064.100000,110064.100000,108559.700000,109825.000000,32739.3450
BTCUSDT,2025.08.26,04:00:00,109825.100000,110508.500000,109711.000000,110244.200000,14571.8720
BTCUSDT,2025.08.26,08:00:00,110244.200000,110405.600000,109529.500000,109842.200000,13433.1070
BTCUSDT,2025.08.26,12:00:00,109842.200000,110817.500000,109350.000000,109624.600000,40914.5030
BTCUSDT,2025.08.26,16:00:00,109624.600000,111106.500000,109400.000000,111053.500000,21525.6130
BTCUSDT,2025.08.26,20:00:00,111053.500000,112330.000000,110855.000000,111709.900000,21856.9980
BTCUSDT,2025.08.27,00:00:00,111710.000000,111765.600000,110867.100000,111373.700000,15375.2350
BTCUSDT,2025.08.27,04:00:00,111373.800000,111700.400000,110586.500000,110688.000000,11788.5970
BTCUSDT,2025.08.27,08:00:00,110688.000000,111328.900000,110306.900000,111270.800000,12812.3480
BTCUSDT,2025.08.27,12:00:00,111270.700000,112568.500000,110958.200000,111965.100000,29562.9270
BTCUSDT,2025.08.27,16:00:00,111965.000000,112550.000000,111489.800000,112032.800000,18174.5470
BTCUSDT,2025.08.27,20:00:00,112032.900000,112401.500000,110854.400000,111194.900000,26491.4680
BTCUSDT,2025.08.28,00:00:00,111194.900000,111993.000000,110811.000000,111954.100000,11667.9080
BTCUSDT,2025.08.28,04:00:00,111954.000000,113318.200000,111892.400000,113079.200000,23087.3470
BTCUSDT,2025.08.28,08:00:00,113079.300000,113301.600000,112780.300000,112876.500000,10509.9460
BTCUSDT,2025.08.28,12:00:00,112876.500000,113429.000000,112344.400000,112633.100000,26239.5090
BTCUSDT,2025.08.28,16:00:00,112633.100000,113153.100000,111853.600000,111864.700000,17144.9490
BTCUSDT,2025.08.28,20:00:00,111864.800000,112519.100000,111829.400000,112507.300000,8980.6180
BTCUSDT,2025.08.29,00:00:00,112507.300000,112585.700000,111238.500000,111648.600000,17249.8640
BTCUSDT,2025.08.29,04:00:00,111648.600000,111797.200000,109850.000000,109969.000000,25126.9980
BTCUSDT,2025.08.29,08:00:00,109969.000000,110254.900000,109360.000000,110047.800000,23367.6030
BTCUSDT,2025.08.29,12:00:00,110047.800000,111489.500000,108034.100000,108334.400000,70997.8200
BTCUSDT,2025.08.29,16:00:00,108334.400000,108777.000000,107869.600000,108155.500000,21364.2110
BTCUSDT,2025.08.29,20:00:00,108155.500000,108513.000000,107411.400000,108332.400000,21618.6760
BTCUSDT,2025.08.30,00:00:00,108332.400000,108378.000000,107281.000000,108367.900000,16398.3090
BTCUSDT,2025.08.30,04:00:00,108368.000000,108615.300000,108067.500000,108466.600000,11466.7650
BTCUSDT,2025.08.30,08:00:00,108466.600000,108742.900000,108359.600000,108638.600000,9160.7510
BTCUSDT,2025.08.30,12:00:00,108638.600000,108879.600000,108155.000000,108809.800000,13394.4700
BTCUSDT,2025.08.30,16:00:00,108809.800000,108851.000000,108562.000000,108769.400000,5467.6750
BTCUSDT,2025.08.30,20:00:00,108769.500000,108776.100000,108412.200000,108757.900000,4768.9130
BTCUSDT,2025.08.31,00:00:00,108758.000000,109439.900000,108750.000000,109175.400000,13765.0960
BTCUSDT,2025.08.31,04:00:00,109175.500000,109190.400000,108455.000000,108656.900000,9506.1150
BTCUSDT,2025.08.31,08:00:00,108656.900000,109067.200000,108251.300000,108350.000000,12792.9600
BTCUSDT,2025.08.31,12:00:00,108350.000000,108808.500000,108153.800000,108758.200000,10880.9150
BTCUSDT,2025.08.31,16:00:00,108758.200000,109196.500000,108504.700000,108877.200000,10481.1010
BTCUSDT,2025.08.31,20:00:00,108877.300000,109192.300000,108021.000000,108208.400000,12723.3590
BTCUSDT,2025.09.01,00:00:00,108208.400000,108447.600000,107355.000000,107619.100000,25068.7900
BTCUSDT,2025.09.01,04:00:00,107619.100000,109390.300000,107211.500000,109390.300000,26104.7980
BTCUSDT,2025.09.01,08:00:00,109390.200000,109874.800000,108131.600000,108721.900000,33039.0090
BTCUSDT,2025.09.01,12:00:00,108721.800000,109479.200000,108515.800000,108738.000000,21788.1150
BTCUSDT,2025.09.01,16:00:00,108737.900000,109298.600000,108350.000000,109178.700000,12872.7340
BTCUSDT,2025.09.01,20:00:00,109178.700000,109410.500000,107400.000000,109187.900000,31407.1800
BTCUSDT,2025.09.02,00:00:00,109187.900000,110597.900000,108834.900000,110286.000000,28302.5130
BTCUSDT,2025.09.02,04:00:00,110286.000000,110571.900000,109932.400000,110190.100000,13927.3600
BTCUSDT,2025.09.02,08:00:00,110190.100000,110700.000000,109501.700000,109698.600000,18830.2910
BTCUSDT,2025.09.02,12:00:00,109698.600000,111742.100000,108333.000000,110789.900000,79576.0830
BTCUSDT,2025.09.02,16:00:00,110789.900000,111076.800000,110118.500000,110742.900000,20760.9520
BTCUSDT,2025.09.02,20:00:00,110742.900000,111487.900000,110650.800000,111188.000000,14564.1570
BTCUSDT,2025.09.03,00:00:00,111187.900000,111732.900000,110842.700000,110991.700000,14679.7130
BTCUSDT,2025.09.03,04:00:00,110991.800000,111117.500000,110486.900000,111041.500000,11117.0440
BTCUSDT,2025.09.03,08:00:00,111041.400000,111670.000000,110843.000000,111391.600000,11890.4280
BTCUSDT,2025.09.03,12:00:00,111391.600000,112470.500000,110966.800000,112168.600000,42967.9060
BTCUSDT,2025.09.03,16:00:00,112168.500000,112541.200000,111626.000000,112139.900000,17438.9260
BTCUSDT,2025.09.03,20:00:00,112140.000000,112207.100000,111550.900000,111659.800000,7410.4040
BTCUSDT,2025.09.04,00:00:00,111659.700000,112136.800000,111081.100000,111107.100000,14897.0880
BTCUSDT,2025.09.04,04:00:00,111107.100000,111283.700000,110237.200000,110417.300000,20718.8690
BTCUSDT,2025.09.04,08:00:00,110417.300000,111111.000000,110366.000000,110763.900000,14846.8230
BTCUSDT,2025.09.04,12:00:00,110763.800000,111081.600000,109269.100000,109448.000000,33312.1990
BTCUSDT,2025.09.04,16:00:00,109448.000000,110150.000000,109315.000000,109753.900000,17804.9680
BTCUSDT,2025.09.04,20:00:00,109753.900000,111743.800000,109702.800000,110679.400000,20720.4220
BTCUSDT,2025.09.05,00:00:00,110679.500000,111444.100000,110394.200000,111266.900000,14819.6510
BTCUSDT,2025.09.05,04:00:00,111267.000000,112949.000000,111086.200000,112900.100000,28206.5070
BTCUSDT,2025.09.05,08:00:00,112900.000000,112947.600000,112080.000000,112299.600000,22210.2720
BTCUSDT,2025.09.05,12:00:00,112299.600000,113344.300000,110240.000000,110674.100000,88696.6030
BTCUSDT,2025.09.05,16:00:00,110674.100000,111598.200000,110153.300000,111550.100000,19053.4070
BTCUSDT,2025.09.05,20:00:00,111550.000000,111655.500000,110307.600000,110614.900000,20388.9640
BTCUSDT,2025.09.06,00:00:00,110614.800000,111256.200000,110504.900000,111034.000000,7401.2200
BTCUSDT,2025.09.06,04:00:00,111034.000000,111034.000000,110653.100000,110779.900000,5151.7870
BTCUSDT,2025.09.06,08:00:00,110779.900000,110928.500000,110621.000000,110732.900000,5048.5290
BTCUSDT,2025.09.06,12:00:00,110732.800000,110956.500000,110285.200000,110324.100000,9309.4360
BTCUSDT,2025.09.06,16:00:00,110324.200000,110359.100000,109850.000000,109986.700000,14613.1080
BTCUSDT,2025.09.06,20:00:00,109986.800000,110225.900000,109981.200000,110135.300000,4758.4360
BTCUSDT,2025.09.07,00:00:00,110135.200000,110700.000000,110120.500000,110579.800000,8486.9490
BTCUSDT,2025.09.07,04:00:00,110579.800000,110880.800000,110414.400000,110710.800000,7174.8670
BTCUSDT,2025.09.07,08:00:00,110710.800000,111348.000000,110666.400000,111249.500000,14763.4100
BTCUSDT,2025.09.07,12:00:00,111249.500000,111371.400000,110998.800000,111276.200000,7509.1520
BTCUSDT,2025.09.07,16:00:00,111276.200000,111327.200000,110817.500000,111217.000000,7640.7870
BTCUSDT,2025.09.07,20:00:00,111216.900000,111559.500000,110947.600000,111076.000000,8265.4190
BTCUSDT,2025.09.08,00:00:00,111075.500000,111345.000000,110566.500000,111004.900000,14141.8260
BTCUSDT,2025.09.08,04:00:00,111004.800000,111580.700000,110852.100000,111236.400000,9409.0230
BTCUSDT,2025.09.08,08:00:00,111236.500000,112144.000000,111201.000000,112022.000000,24016.6790
BTCUSDT,2025.09.08,12:00:00,112022.000000,112867.600000,111800.000000,112573.600000,28275.8090
BTCUSDT,2025.09.08,16:00:00,112573.600000,112635.000000,111927.000000,112051.000000,14865.9870
BTCUSDT,2025.09.08,20:00:00,112050.000000,112460.400000,111847.000000,112012.600000,8408.5350
BTCUSDT,2025.09.09,00:00:00,112012.700000,112055.700000,111050.000000,111657.600000,19290.2500
BTCUSDT,2025.09.09,04:00:00,111657.700000,113238.000000,111576.700000,112950.100000,31921.6360
BTCUSDT,2025.09.09,08:00:00,112950.200000,113134.300000,112350.000000,112397.400000,12841.6850
BTCUSDT,2025.09.09,12:00:00,112397.500000,112900.000000,110714.900000,110830.100000,49386.3030
BTCUSDT,2025.09.09,16:00:00,110830.100000,111342.000000,110738.600000,111242.300000,14928.6090
BTCUSDT,2025.09.09,20:00:00,111242.400000,111692.300000,111041.100000,111499.900000,8906.6500
BTCUSDT,2025.09.10,00:00:00,111499.900000,111545.000000,110855.800000,111498.900000,17185.8910
BTCUSDT,2025.09.10,04:00:00,111498.900000,112555.000000,111316.800000,112500.100000,16775.3020
BTCUSDT,2025.09.10,08:00:00,112500.000000,112832.000000,112060.000000,112266.400000,19366.6740
BTCUSDT,2025.09.10,12:00:00,112266.500000,114287.900000,112266.400000,113801.300000,64026.7000
BTCUSDT,2025.09.10,16:00:00,113801.300000,114046.800000,113111.000000,113525.200000,21631.4840
BTCUSDT,2025.09.10,20:00:00,113525.300000,114005.000000,113468.400000,113896.800000,12915.4880
BTCUSDT,2025.09.11,00:00:00,113896.800000,114433.200000,113614.500000,114354.400000,11183.8760
BTCUSDT,2025.09.11,04:00:00,114354.400000,114419.900000,113900.000000,114040.000000,11621.6300
BTCUSDT,2025.09.11,08:00:00,114040.100000,114161.000000,113722.200000,113960.900000,11061.8710
BTCUSDT,2025.09.11,12:00:00,113961.000000,114691.700000,113340.700000,114122.300000,50084.0850
BTCUSDT,2025.09.11,16:00:00,114122.400000,114564.000000,114008.500000,114370.500000,11930.9360
BTCUSDT,2025.09.11,20:00:00,114370.400000,115439.000000,114195.000000,115427.000000,17183.6800
BTCUSDT,2025.09.12,00:00:00,115427.000000,116280.000000,114993.000000,115138.300000,31719.5130
BTCUSDT,2025.09.12,04:00:00,115138.300000,115613.000000,115024.300000,115049.000000,12398.7840
BTCUSDT,2025.09.12,08:00:00,115048.900000,115243.500000,114833.800000,114863.000000,13385.4790
BTCUSDT,2025.09.12,12:00:00,114863.000000,115445.900000,114681.500000,115064.900000,18827.4040
BTCUSDT,2025.09.12,16:00:00,115064.800000,116605.700000,114989.900000,116561.100000,27949.1580
BTCUSDT,2025.09.12,20:00:00,116561.000000,116561.000000,115701.400000,115978.400000,14733.3800
BTCUSDT,2025.09.13,00:00:00,115978.400000,116245.400000,115500.100000,115913.600000,10867.6940
BTCUSDT,2025.09.13,04:00:00,115913.600000,115913.600000,115594.900000,115715.500000,6578.8720
BTCUSDT,2025.09.13,08:00:00,115715.500000,116126.000000,115715.500000,115912.900000,6897.6270
BTCUSDT,2025.09.13,12:00:00,115913.000000,116013.700000,115546.100000,115721.300000,9103.3900
BTCUSDT,2025.09.13,16:00:00,115721.400000,115780.300000,115032.000000,115751.400000,15004.0940
BTCUSDT,2025.09.13,20:00:00,115751.400000,115946.400000,115745.600000,115862.700000,4077.9130
BTCUSDT,2025.09.14,00:00:00,115862.700000,116075.800000,115580.000000,115626.000000,7677.1340
BTCUSDT,2025.09.14,04:00:00,115626.000000,115884.100000,115406.100000,115746.000000,4741.4520
BTCUSDT,2025.09.14,08:00:00,115746.100000,116118.600000,115700.300000,115750.000000,7509.2690
BTCUSDT,2025.09.14,12:00:00,115750.000000,115828.100000,115100.500000,115162.200000,15997.5100
BTCUSDT,2025.09.14,16:00:00,115162.200000,115605.500000,115132.400000,115597.400000,5946.5420
BTCUSDT,2025.09.14,20:00:00,115597.300000,116050.000000,115057.000000,115210.000000,13216.0830
BTCUSDT,2025.09.15,00:00:00,115210.000000,115536.000000,114777.000000,115387.600000,13576.4690
BTCUSDT,2025.09.15,04:00:00,115387.700000,116759.900000,115341.800000,115769.500000,27463.6910
BTCUSDT,2025.09.15,08:00:00,115769.600000,115769.600000,114588.000000,115009.000000,30239.5430
BTCUSDT,2025.09.15,12:00:00,115009.000000,115045.500000,114338.500000,114788.400000,25881.9090
BTCUSDT,2025.09.15,16:00:00,114788.100000,115528.800000,114542.600000,115246.700000,14288.3850
BTCUSDT,2025.09.15,20:00:00,115246.700000,115550.000000,115141.400000,115300.600000,6461.2820
BTCUSDT,2025.09.16,00:00:00,115300.500000,115490.800000,114890.000000,115250.900000,8274.6060
BTCUSDT,2025.09.16,04:00:00,115250.800000,115968.000000,114867.000000,115799.400000,18532.2730
BTCUSDT,2025.09.16,08:00:00,115799.400000,115945.000000,115151.000000,115222.200000,9903.9290
BTCUSDT,2025.09.16,12:00:00,115222.100000,115878.200000,114600.000000,115877.900000,24558.9960
BTCUSDT,2025.09.16,16:00:00,115877.900000,116830.000000,115549.900000,116758.000000,28427.4930
BTCUSDT,2025.09.16,20:00:00,116757.100000,116910.800000,116543.700000,116747.300000,9748.8870
BTCUSDT,2025.09.17,00:00:00,116747.300000,117081.900000,116317.000000,116320.100000,11721.8370
BTCUSDT,2025.09.17,04:00:00,116320.200000,117266.400000,116107.200000,117120.500000,19903.7250
BTCUSDT,2025.09.17,08:00:00,117120.500000,117156.600000,116197.000000,116200.100000,14747.8980
BTCUSDT,2025.09.17,12:00:00,116200.100000,116493.000000,115340.000000,115825.100000,27934.0730
BTCUSDT,2025.09.17,16:00:00,115825.100000,116316.000000,114623.300000,115587.600000,61585.4420
BTCUSDT,2025.09.17,20:00:00,115587.500000,116940.000000,115257.100000,116402.500000,22232.0950
BTCUSDT,2025.09.18,00:00:00,116402.600000,117865.900000,116033.500000,117531.200000,30344.5950
BTCUSDT,2025.09.18,04:00:00,117531.300000,117713.500000,116834.500000,117033.600000,17350.9230
BTCUSDT,2025.09.18,08:00:00,117033.700000,117381.900000,116955.000000,117015.000000,10057.8040
BTCUSDT,2025.09.18,12:00:00,117015.000000,117789.900000,116913.900000,117530.300000,22097.5690
BTCUSDT,2025.09.18,16:00:00,117530.200000,117875.200000,117133.000000,117403.000000,12457.0200
BTCUSDT,2025.09.18,20:00:00,117402.900000,117605.800000,116489.700000,117017.100000,14907.8060
BTCUSDT,2025.09.19,00:00:00,117017.100000,117406.800000,116800.000000,116914.200000,10269.2100
BTCUSDT,2025.09.19,04:00:00,116914.100000,117049.900000,116567.300000,116850.100000,12862.5050
BTCUSDT,2025.09.19,08:00:00,116850.000000,117050.600000,116250.700000,116343.100000,13997.5950
BTCUSDT,2025.09.19,12:00:00,116343.300000,116488.000000,115408.400000,115826.900000,27296.1290
BTCUSDT,2025.09.19,16:00:00,115826.900000,116093.000000,115057.000000,115082.400000,16518.2710
BTCUSDT,2025.09.19,20:00:00,115082.400000,115600.000000,115049.900000,115569.500000,7207.9390
BTCUSDT,2025.09.20,00:00:00,115569.600000,115670.000000,115355.000000,115394.200000,4785.6260
BTCUSDT,2025.09.20,04:00:00,115394.300000,115933.400000,115343.000000,115909.800000,6258.5450
BTCUSDT,2025.09.20,08:00:00,115909.900000,115914.400000,115605.600000,115834.900000,6129.0280
BTCUSDT,2025.09.20,12:00:00,115834.900000,116059.200000,115750.600000,115928.500000,6527.8300
BTCUSDT,2025.09.20,16:00:00,115928.400000,116017.900000,115636.600000,115636.600000,5001.4560
BTCUSDT,2025.09.20,20:00:00,115636.600000,115887.600000,115549.900000,115624.900000,3653.1930
BTCUSDT,2025.09.21,00:00:00,115625.000000,115671.200000,115388.000000,115613.800000,4830.6460
BTCUSDT,2025.09.21,04:00:00,115613.800000,115772.900000,115430.200000,115772.900000,4856.7190
BTCUSDT,2025.09.21,08:00:00,115772.800000,115778.000000,115277.000000,115559.300000,6594.7170
BTCUSDT,2025.09.21,12:00:00,115559.300000,115703.900000,115413.000000,115471.100000,4436.3580
BTCUSDT,2025.09.21,16:00:00,115471.000000,115620.000000,115158.000000,115441.000000,6740.6080
BTCUSDT,2025.09.21,20:00:00,115441.000000,115510.700000,115137.600000,115183.900000,5334.3830
BTCUSDT,2025.09.22,00:00:00,115183.900000,115344.600000,114050.000000,114602.900000,34217.2700
BTCUSDT,2025.09.22,04:00:00,114602.900000,114604.900000,111469.200000,112454.400000,53970.6860
BTCUSDT,2025.09.22,08:00:00,112454.500000,112927.000000,112119.000000,112814.100000,16269.6060
BTCUSDT,2025.09.22,12:00:00,112814.000000,113413.500000,112333.000000,112768.700000,26147.8920
BTCUSDT,2025.09.22,16:00:00,112768.700000,112839.000000,111866.300000,112072.900000,17130.4840
BTCUSDT,2025.09.22,20:00:00,112072.800000,112942.400000,111924.600000,112604.700000,11725.6300
BTCUSDT,2025.09.23,00:00:00,112604.700000,112808.400000,111405.100000,112294.000000,21299.0870
BTCUSDT,2025.09.23,04:00:00,112294.000000,113080.000000,111804.900000,113048.100000,19008.2720
BTCUSDT,2025.09.23,08:00:00,113048.100000,113236.000000,112634.000000,112938.600000,12834.1820
BTCUSDT,2025.09.23,12:00:00,112938.600000,113254.800000,112390.600000,112828.600000,16574.4870
BTCUSDT,2025.09.23,16:00:00,112828.600000,112927.800000,111482.000000,111611.800000,22467.0910
BTCUSDT,2025.09.23,20:00:00,111611.700000,112178.000000,111413.500000,111947.000000,10075.1450
BTCUSDT,2025.09.24,00:00:00,111947.000000,112466.600000,111622.400000,111639.700000,16182.5900
BTCUSDT,2025.09.24,04:00:00,111639.800000,112732.800000,110935.000000,112544.700000,23001.2720
BTCUSDT,2025.09.24,08:00:00,112544.700000,113121.800000,112356.400000,112982.000000,14830.3260
BTCUSDT,2025.09.24,12:00:00,112982.000000,113850.000000,112760.000000,113299.900000,27960.1870
BTCUSDT,2025.09.24,16:00:00,113300.000000,113895.800000,113107.400000,113371.700000,14802.6500
BTCUSDT,2025.09.24,20:00:00,113371.700000,113590.000000,113143.300000,113254.000000,8537.0710
BTCUSDT,2025.09.25,00:00:00,113253.900000,113462.100000,112155.600000,112485.800000,27168.9940
BTCUSDT,2025.09.25,04:00:00,112485.700000,112574.600000,111389.000000,111708.500000,26475.1900
BTCUSDT,2025.09.25,08:00:00,111708.500000,112220.300000,111234.800000,111316.100000,15940.8540
BTCUSDT,2025.09.25,12:00:00,111316.000000,111682.600000,110555.000000,111538.400000,42099.5000
BTCUSDT,2025.09.25,16:00:00,111538.400000,111636.600000,108574.100000,109320.500000,50538.8790
BTCUSDT,2025.09.25,20:00:00,109320.500000,109637.300000,108694.800000,108934.500000,16440.3240
BTCUSDT,2025.09.26,00:00:00,108934.600000,109766.000000,108750.000000,109537.600000,17356.4860
BTCUSDT,2025.09.26,04:00:00,109537.500000,109588.800000,108841.000000,109257.300000,19163.4000
BTCUSDT,2025.09.26,08:00:00,109257.400000,109653.600000,108566.000000,109082.900000,18038.0680
BTCUSDT,2025.09.26,12:00:00,109082.900000,109742.300000,108656.800000,108976.000000,28268.4660
BTCUSDT,2025.09.26,16:00:00,108976.000000,110250.000000,108953.700000,109115.900000,22207.4270
BTCUSDT,2025.09.26,20:00:00,109115.800000,109641.600000,109028.700000,109588.500000,7243.8120
BTCUSDT,2025.09.27,00:00:00,109588.500000,109700.000000,109267.300000,109503.800000,7435.5570
BTCUSDT,2025.09.27,04:00:00,109503.800000,109694.200000,109284.300000,109354.800000,4334.9910
BTCUSDT,2025.09.27,08:00:00,109354.900000,109449.200000,109021.900000,109265.800000,7603.8520
BTCUSDT,2025.09.27,12:00:00,109265.800000,109444.200000,109145.000000,109340.700000,7048.0890
BTCUSDT,2025.09.27,16:00:00,109340.800000,109397.600000,109188.100000,109369.300000,5170.9850
BTCUSDT,2025.09.27,20:00:00,109369.400000,109653.200000,109305.500000,109577.300000,4278.4500
BTCUSDT,2025.09.28,00:00:00,109577.200000,109749.900000,109284.100000,109397.300000,8565.2100
BTCUSDT,2025.09.28,04:00:00,109397.300000,109500.000000,109203.900000,109468.500000,4028.3340
BTCUSDT,2025.09.28,08:00:00,109468.400000,109544.800000,109188.000000,109319.900000,7836.5700
BTCUSDT,2025.09.28,12:00:00,109319.900000,109990.000000,109136.500000,109990.000000,16361.2030
BTCUSDT,2025.09.28,16:00:00,109990.000000,110350.000000,109952.200000,110281.600000,12576.7580
BTCUSDT,2025.09.28,20:00:00,110281.700000,112300.000000,110236.600000,112119.600000,27879.8880
BTCUSDT,2025.09.29,00:00:00,112119.700000,112269.300000,111517.300000,111817.900000,18747.4160
BTCUSDT,2025.09.29,04:00:00,111817.900000,111860.000000,111501.000000,111814.700000,12523.8600
BTCUSDT,2025.09.29,08:00:00,111814.800000,112381.300000,111814.700000,112052.000000,15639.6130
BTCUSDT,2025.09.29,12:00:00,112052.000000,114188.000000,111844.300000,113752.000000,48549.6110
BTCUSDT,2025.09.29,16:00:00,113752.000000,114349.700000,113404.500000,114204.800000,17519.6550
BTCUSDT,2025.09.29,20:00:00,114204.900000,114377.200000,113960.600000,114257.100000,12425.5540
BTCUSDT,2025.09.30,00:00:00,114257.100000,114800.000000,113985.100000,114321.500000,18219.2080
BTCUSDT,2025.09.30,04:00:00,114321.500000,114321.500000,113531.700000,113662.400000,15263.3670
BTCUSDT,2025.09.30,08:00:00,113662.300000,113700.000000,112615.300000,113003.700000,22065.9790
BTCUSDT,2025.09.30,12:00:00,113003.700000,113623.800000,112800.100000,113055.400000,25466.9360
BTCUSDT,2025.09.30,16:00:00,113055.400000,114528.200000,112743.600000,114309.100000,21865.7660
BTCUSDT,2025.09.30,20:00:00,114309.100000,114720.000000,113710.000000,113988.800000,16438.7590
BTCUSDT,2025.10.01,00:00:00,113988.700000,114498.000000,113899.400000,114135.900000,15897.0910
BTCUSDT,2025.10.01,04:00:00,114135.800000,114700.000000,114095.200000,114480.800000,16277.6710
BTCUSDT,2025.10.01,08:00:00,114480.800000,116750.000000,114425.600000,116736.800000,51889.3520
BTCUSDT,2025.10.01,12:00:00,116736.800000,117647.800000,116311.500000,117366.400000,32115.5570
BTCUSDT,2025.10.01,16:00:00,117366.500000,118190.000000,116687.500000,117374.100000,35556.0920
BTCUSDT,2025.10.01,20:00:00,117374.000000,118631.800000,117104.100000,118552.400000,21253.6660
BTCUSDT,2025.10.02,00:00:00,118552.000000,119457.000000,118335.000000,118697.000000,30360.0480
BTCUSDT,2025.10.02,04:00:00,118697.000000,118893.800000,118226.400000,118444.100000,11848.1150
BTCUSDT,2025.10.02,08:00:00,118444.100000,118885.800000,118307.300000,118716.000000,9479.1480
BTCUSDT,2025.10.02,12:00:00,118716.100000,119889.000000,118458.400000,119875.100000,42758.2050
BTCUSDT,2025.10.02,16:00:00,119875.100000,120999.000000,119317.000000,120787.900000,36408.2070
BTCUSDT,2025.10.02,20:00:00,120787.800000,120880.900000,120018.000000,120481.300000,14603.2150
BTCUSDT,2025.10.03,00:00:00,120481.300000,120505.500000,119766.000000,120185.400000,14304.5820
BTCUSDT,2025.10.03,04:00:00,120185.400000,120281.600000,119579.600000,119620.100000,12310.7100
BTCUSDT,2025.10.03,08:00:00,119620.100000,120484.100000,119200.000000,120307.200000,17880.2910
BTCUSDT,2025.10.03,12:00:00,120307.200000,122399.900000,119820.400000,122238.500000,38616.1850
BTCUSDT,2025.10.03,16:00:00,122238.500000,123900.000000,121425.500000,122609.300000,74701.8280
BTCUSDT,2025.10.03,20:00:00,122609.300000,122694.100000,121944.700000,122182.700000,10066.6660
BTCUSDT,2025.10.04,00:00:00,122182.600000,122301.900000,121636.400000,122197.200000,16539.7630
BTCUSDT,2025.10.04,04:00:00,122197.300000,122781.100000,122168.400000,122271.300000,13166.1820
BTCUSDT,2025.10.04,08:00:00,122271.400000,122497.400000,121908.300000,121924.600000,8147.4120
BTCUSDT,2025.10.04,12:00:00,121924.600000,122480.900000,121638.500000,121744.800000,13471.8680
BTCUSDT,2025.10.04,16:00:00,121744.800000,121920.000000,121432.000000,121919.000000,12409.9990
BTCUSDT,2025.10.04,20:00:00,121918.900000,122374.800000,121813.400000,122343.200000,6743.9860
BTCUSDT,2025.10.05,00:00:00,122343.200000,124374.000000,122088.100000,123735.700000,34731.1780
BTCUSDT,2025.10.05,04:00:00,123735.700000,125877.300000,123678.000000,124692.400000,42796.4630
BTCUSDT,2025.10.05,08:00:00,124692.500000,124843.000000,122472.000000,123413.200000,41554.4310
BTCUSDT,2025.10.05,12:00:00,123413.300000,123413.300000,122600.000000,122753.000000,12408.7390
BTCUSDT,2025.10.05,16:00:00,122752.900000,123422.000000,122160.000000,122550.400000,20005.2110
BTCUSDT,2025.10.05,20:00:00,122550.500000,123453.500000,122425.700000,123426.700000,11074.9780
BTCUSDT,2025.10.06,00:00:00,123426.700000,124336.300000,123018.500000,123792.900000,24935.8110
BTCUSDT,2025.10.06,04:00:00,123792.800000,124137.700000,123217.900000,123332.300000,14538.6480
BTCUSDT,2025.10.06,08:00:00,123332.400000,124500.000000,123332.300000,124161.200000,14441.3810
BTCUSDT,2025.10.06,12:00:00,124161.300000,125375.000000,124123.300000,124946.200000,37455.5950
BTCUSDT,2025.10.06,16:00:00,124946.200000,126208.500000,124742.500000,125357.300000,33248.2770
BTCUSDT,2025.10.06,20:00:00,125357.300000,125500.000000,124463.000000,124628.500000,15581.6170
BTCUSDT,2025.10.07,00:00:00,124628.600000,125047.000000,124055.000000,124277.700000,13050.8930
BTCUSDT,2025.10.07,04:00:00,124277.800000,124631.900000,123503.900000,123627.100000,18156.3400
BTCUSDT,2025.10.07,08:00:00,123627.100000,124471.400000,123261.600000,124397.200000,18443.4850
BTCUSDT,2025.10.07,12:00:00,124397.100000,125098.000000,121102.000000,121788.300000,70971.7870
BTCUSDT,2025.10.07,16:00:00,121788.200000,122049.700000,120516.000000,121593.600000,48194.9810
BTCUSDT,2025.10.07,20:00:00,121593.500000,122255.400000,121218.000000,121286.500000,13081.8610
BTCUSDT,2025.10.08,00:00:00,121286.600000,122196.900000,121137.000000,121333.100000,19688.9590
BTCUSDT,2025.10.08,04:00:00,121333.100000,121880.000000,121005.300000,121550.400000,16141.8310
BTCUSDT,2025.10.08,08:00:00,121550.500000,123150.000000,121468.500000,122825.700000,22689.2160
BTCUSDT,2025.10.08,12:00:00,122825.800000,123312.900000,121607.800000,122140.100000,30420.1260
BTCUSDT,2025.10.08,16:00:00,122140.100000,124170.600000,122055.800000,123381.800000,29648.5130
BTCUSDT,2025.10.08,20:00:00,123381.800000,123671.500000,122739.700000,123237.500000,8511.1410
BTCUSDT,2025.10.09,00:00:00,123237.400000,123279.700000,121411.800000,121988.400000,17473.0270
BTCUSDT,2025.10.09,04:00:00,121988.400000,122221.000000,121657.300000,121847.900000,10691.4400
BTCUSDT,2025.10.09,08:00:00,121847.800000,122777.000000,121081.500000,122672.900000,21258.0550
BTCUSDT,2025.10.09,12:00:00,122673.000000,123740.100000,120595.500000,121079.400000,62517.2680
BTCUSDT,2025.10.09,16:00:00,121079.400000,121426.700000,119572.800000,120897.600000,42006.1870
BTCUSDT,2025.10.09,20:00:00,120897.600000,121712.400000,120787.900000,121579.300000,9650.4030
BTCUSDT,2025.10.10,00:00:00,121579.400000,121835.500000,120850.000000,120960.800000,16114.1140
BTCUSDT,2025.10.10,04:00:00,120960.800000,121712.200000,120814.000000,120886.100000,13636.3400
BTCUSDT,2025.10.10,08:00:00,120886.100000,121728.300000,120869.200000,121493.200000,10048.5530
BTCUSDT,2025.10.10,12:00:00,121493.200000,122497.000000,118424.400000,118965.300000,67102.3540
BTCUSDT,2025.10.10,16:00:00,118965.200000,119403.400000,115845.000000,116605.300000,67842.5280
BTCUSDT,2025.10.10,20:00:00,116605.200000,117145.300000,101516.500000,112714.900000,217219.7430
BTCUSDT,2025.10.11,00:00:00,112715.000000,113300.100000,110987.000000,112261.900000,45022.1780
BTCUSDT,2025.10.11,04:00:00,112261.600000,112931.900000,110022.000000,110338.700000,38020.2640
BTCUSDT,2025.10.11,08:00:00,110338.700000,112307.600000,110100.500000,112224.600000,23492.9900
BTCUSDT,2025.10.11,12:00:00,112224.600000,112466.200000,111740.800000,111744.400000,16698.8980
BTCUSDT,2025.10.11,16:00:00,111744.400000,112142.000000,110800.100000,111126.700000,17110.6370
BTCUSDT,2025.10.11,20:00:00,111126.600000,111333.500000,109501.000000,110579.100000,23326.6230
BTCUSDT,2025.10.12,00:00:00,110579.100000,111424.000000,109509.300000,110643.300000,32024.5100
BTCUSDT,2025.10.12,04:00:00,110643.300000,112110.000000,110561.800000,111464.000000,18747.6110
BTCUSDT,2025.10.12,08:00:00,111463.900000,112084.300000,111070.400000,111783.800000,19180.4110
BTCUSDT,2025.10.12,12:00:00,111783.800000,113687.600000,111111.000000,113119.000000,60564.4510
BTCUSDT,2025.10.12,16:00:00,113119.000000,114654.500000,113119.000000,114288.700000,44045.7490
BTCUSDT,2025.10.12,20:00:00,114288.800000,115730.300000,114200.000000,114894.400000,43365.3050
BTCUSDT,2025.10.13,00:00:00,114894.500000,115912.000000,114566.100000,114773.600000,33866.0790
BTCUSDT,2025.10.13,04:00:00,114773.500000,115500.000000,114357.200000,115341.700000,27016.5490
BTCUSDT,2025.10.13,08:00:00,115341.700000,115376.300000,113600.500000,114129.300000,29931.4060
BTCUSDT,2025.10.13,12:00:00,114129.200000,115488.900000,113721.200000,114260.700000,52250.2140
BTCUSDT,2025.10.13,16:00:00,114260.800000,115827.600000,114151.000000,115726.600000,38754.7040
BTCUSDT,2025.10.13,20:00:00,115726.600000,115817.400000,114930.100000,115111.900000,14177.8310
BTCUSDT,2025.10.14,00:00:00,115112.000000,115360.200000,113210.600000,113441.000000,31868.1960
BTCUSDT,2025.10.14,04:00:00,113440.900000,113677.900000,111302.000000,111665.200000,66212.8740
BTCUSDT,2025.10.14,08:00:00,111665.200000,112100.100000,109969.200000,111241.400000,44800.7310
BTCUSDT,2025.10.14,12:00:00,111241.400000,112839.900000,109802.000000,112823.000000,52781.5100
BTCUSDT,2025.10.14,16:00:00,112822.900000,113480.000000,111615.100000,112543.900000,51041.3280
BTCUSDT,2025.10.14,20:00:00,112543.900000,113557.900000,112164.600000,112983.800000,12539.8570
BTCUSDT,2025.10.15,00:00:00,112983.900000,113576.100000,111758.500000,111978.700000,20365.5480
BTCUSDT,2025.10.15,04:00:00,111978.700000,112637.000000,111692.800000,112524.300000,12933.9860
BTCUSDT,2025.10.15,08:00:00,112524.400000,113477.900000,111606.100000,111841.000000,25860.9530
BTCUSDT,2025.10.15,12:00:00,111840.900000,112183.400000,110320.400000,110757.500000,40187.8540
BTCUSDT,2025.10.15,16:00:00,110757.400000,111500.000000,110096.900000,111202.700000,18943.7940
BTCUSDT,2025.10.15,20:00:00,111202.700000,111499.700000,110429.800000,110699.000000,13484.9550
BTCUSDT,2025.10.16,00:00:00,110699.100000,111827.500000,110300.000000,111277.400000,15192.7180
BTCUSDT,2025.10.16,04:00:00,111277.500000,111711.400000,110488.000000,110518.200000,19927.2910
BTCUSDT,2025.10.16,08:00:00,110518.200000,111677.100000,109403.500000,111363.900000,35831.9970
BTCUSDT,2025.10.16,12:00:00,111364.000000,111960.000000,108250.000000,108474.000000,56236.5120
BTCUSDT,2025.10.16,16:00:00,108473.900000,109212.600000,107503.300000,108151.300000,50886.0820
BTCUSDT,2025.10.16,20:00:00,108151.200000,108450.400000,107350.000000,108129.400000,15470.1850
BTCUSDT,2025.10.17,00:00:00,108129.400000,109199.800000,107885.600000,109121.800000,14999.6480
BTCUSDT,2025.10.17,04:00:00,109121.900000,109182.900000,105457.400000,105578.300000,46920.1110
BTCUSDT,2025.10.17,08:00:00,105578.300000,106666.600000,103470.000000,105610.500000,85777.8610
BTCUSDT,2025.10.17,12:00:00,105610.500000,106800.000000,104489.500000,106750.100000,57751.6740
BTCUSDT,2025.10.17,16:00:00,106750.000000,107505.000000,106016.600000,106416.400000,25754.7420
BTCUSDT,2025.10.17,20:00:00,106416.500000,107370.000000,106296.300000,106378.600000,11585.6560
BTCUSDT,2025.10.18,00:00:00,106378.500000,107250.000000,106270.000000,107025.000000,15612.2250
BTCUSDT,2025.10.18,04:00:00,107024.900000,107452.600000,106374.200000,106648.300000,19538.2350
BTCUSDT,2025.10.18,08:00:00,106648.200000,107187.900000,106550.000000,107151.000000,10415.8680
BTCUSDT,2025.10.18,12:00:00,107151.000000,107248.000000,106669.000000,106893.200000,9353.6470
BTCUSDT,2025.10.18,16:00:00,106893.300000,107047.500000,106410.800000,107023.000000,7832.1130
BTCUSDT,2025.10.18,20:00:00,107023.000000,107298.700000,106788.400000,107117.500000,5757.8150
BTCUSDT,2025.10.19,00:00:00,107117.500000,107333.000000,106666.900000,107221.900000,9661.9950
BTCUSDT,2025.10.19,04:00:00,107221.900000,107241.500000,106503.300000,106733.300000,8079.7860
BTCUSDT,2025.10.19,08:00:00,106733.300000,108214.800000,106055.800000,107730.600000,45768.2350
BTCUSDT,2025.10.19,12:00:00,107730.600000,108575.600000,107312.200000,108429.500000,20332.5380
BTCUSDT,2025.10.19,16:00:00,108429.600000,109399.900000,108175.600000,108850.000000,19259.0230
BTCUSDT,2025.10.19,20:00:00,108850.100000,109340.700000,108366.400000,108586.200000,10372.1430
BTCUSDT,2025.10.20,00:00:00,108586.200000,110404.300000,107377.200000,110100.400000,30932.2200
BTCUSDT,2025.10.20,04:00:00,110100.300000,111350.000000,109875.000000,111126.200000,28821.9160
BTCUSDT,2025.10.20,08:00:00,111126.200000,111650.000000,110552.300000,110969.500000,19262.4160
BTCUSDT,2025.10.20,12:00:00,110969.500000,111649.000000,110522.900000,111079.100000,22003.5880
BTCUSDT,2025.10.20,16:00:00,111079.200000,111255.000000,109800.000000,110735.000000,29379.9730
BTCUSDT,2025.10.20,20:00:00,110735.100000,111215.300000,110355.000000,110469.900000,9246.8360
BTCUSDT,2025.10.21,00:00:00,110469.900000,110486.300000,109005.000000,109005.000000,17977.0980
BTCUSDT,2025.10.21,04:00:00,109005.100000,109005.100000,107400.000000,108020.000000,34541.0060
BTCUSDT,2025.10.21,08:00:00,108019.900000,108772.400000,107432.800000,108519.400000,20402.1730
BTCUSDT,2025.10.21,12:00:00,108519.400000,113480.000000,107677.000000,113355.200000,76932.6160
BTCUSDT,2025.10.21,16:00:00,113355.200000,113940.000000,111255.900000,111720.700000,51739.1480
BTCUSDT,2025.10.21,20:00:00,111720.700000,111747.700000,108000.000000,108253.700000,39535.3850
BTCUSDT,2025.10.22,00:00:00,108253.800000,108649.400000,107777.100000,108174.100000,22708.9740
BTCUSDT,2025.10.22,04:00:00,108174.000000,108581.900000,107558.100000,108284.100000,19772.9220
BTCUSDT,2025.10.22,08:00:00,108284.100000,108313.800000,106360.300000,107501.700000,28951.3130
BTCUSDT,2025.10.22,12:00:00,107501.700000,109160.000000,107389.400000,108369.900000,61071.1080
BTCUSDT,2025.10.22,16:00:00,108369.800000,108780.000000,107416.100000,107829.000000,24816.8090
BTCUSDT,2025.10.22,20:00:00,107829.100000,108032.000000,106588.000000,107532.000000,23572.8570
BTCUSDT,2025.10.23,00:00:00,107532.100000,108660.000000,107462.900000,108322.200000,17160.9740
BTCUSDT,2025.10.23,04:00:00,108322.200000,110275.900000,108290.300000,109228.600000,26449.9960
BTCUSDT,2025.10.23,08:00:00,109228.600000,109867.700000,109021.300000,109218.500000,14083.2750
BTCUSDT,2025.10.23,12:00:00,109218.500000,110088.000000,108639.400000,109849.000000,30294.7040
BTCUSDT,2025.10.23,16:00:00,109849.000000,111240.000000,109575.900000,110137.800000,26886.9620
BTCUSDT,2025.10.23,20:00:00,110137.900000,110145.800000,109260.000000,110025.900000,14764.8060
BTCUSDT,2025.10.24,00:00:00,110026.000000,110839.900000,109927.800000,110399.900000,13232.1290
BTCUSDT,2025.10.24,04:00:00,110399.900000,111498.800000,110274.400000,111013.700000,19519.6910
BTCUSDT,2025.10.24,08:00:00,111013.700000,111438.300000,110496.500000,111006.700000,15176.1010
BTCUSDT,2025.10.24,12:00:00,111006.700000,112086.000000,109650.000000,110009.800000,43877.1940
BTCUSDT,2025.10.24,16:00:00,110009.900000,110907.100000,109752.800000,110571.300000,10895.7530
BTCUSDT,2025.10.24,20:00:00,110571.400000,111088.000000,110431.000000,110965.400000,8058.6640
BTCUSDT,2025.10.25,00:00:00,110965.400000,111187.500000,110600.500000,110962.300000,5959.9450
BTCUSDT,2025.10.25,04:00:00,110962.300000,111775.100000,110962.300000,111445.400000,9261.5040
BTCUSDT,2025.10.25,08:00:00,111445.500000,111789.400000,111328.000000,111522.700000,8330.6690
BTCUSDT,2025.10.25,12:00:00,111522.600000,111903.900000,111255.200000,111340.900000,10350.6470
BTCUSDT,2025.10.25,16:00:00,111341.000000,111686.000000,111094.400000,111574.900000,7533.9850
BTCUSDT,2025.10.25,20:00:00,111574.900000,111640.100000,111291.000000,111589.400000,3832.7330
BTCUSDT,2025.10.26,00:00:00,111589.400000,111866.700000,111200.000000,111210.100000,6834.9030
BTCUSDT,2025.10.26,04:00:00,111210.100000,111677.900000,111200.200000,111672.800000,3509.5980
BTCUSDT,2025.10.26,08:00:00,111672.900000,113442.500000,111650.300000,113235.200000,25720.7930
BTCUSDT,2025.10.26,12:00:00,113235.100000,114000.000000,113221.500000,113648.100000,26931.5380
BTCUSDT,2025.10.26,16:00:00,113648.000000,113774.500000,113231.200000,113546.300000,8821.9930
BTCUSDT,2025.10.26,20:00:00,113546.200000,115521.700000,112800.000000,114497.800000,25516.5620
BTCUSDT,2025.10.27,00:00:00,114497.900000,115407.700000,114300.000000,114927.700000,18053.2700
BTCUSDT,2025.10.27,04:00:00,114927.800000,116380.200000,114925.600000,115522.500000,30815.6590
BTCUSDT,2025.10.27,08:00:00,115522.400000,115575.100000,114780.200000,115302.300000,17780.2330
BTCUSDT,2025.10.27,12:00:00,115302.300000,115385.700000,114433.000000,114914.400000,22572.8820
BTCUSDT,2025.10.27,16:00:00,114914.500000,115744.800000,114712.400000,114894.900000,14588.8610
BTCUSDT,2025.10.27,20:00:00,114894.800000,114894.800000,113792.400000,114064.100000,14800.7070
BTCUSDT,2025.10.28,00:00:00,114064.200000,114500.100000,113477.500000,113863.900000,15404.3910
BTCUSDT,2025.10.28,04:00:00,113864.000000,114320.600000,113422.000000,114128.700000,11948.3600
BTCUSDT,2025.10.28,08:00:00,114128.800000,114619.200000,114058.000000,114290.700000,9577.1480
BTCUSDT,2025.10.28,12:00:00,114290.600000,116074.300000,114080.800000,114571.900000,40806.6200
BTCUSDT,2025.10.28,16:00:00,114571.700000,115554.500000,113500.000000,113629.000000,24148.6990
BTCUSDT,2025.10.28,20:00:00,113629.000000,113647.400000,112121.400000,112833.500000,29203.6220
BTCUSDT,2025.10.29,00:00:00,112833.500000,112927.500000,112036.100000,112459.600000,16426.7270
BTCUSDT,2025.10.29,04:00:00,112459.600000,113525.000000,112443.500000,113511.900000,14258.3650
BTCUSDT,2025.10.29,08:00:00,113512.000000,113581.700000,112666.000000,113084.500000,13158.6470
BTCUSDT,2025.10.29,12:00:00,113084.600000,113593.000000,111326.500000,111460.600000,33870.2140
BTCUSDT,2025.10.29,16:00:00,111460.700000,111963.000000,109026.400000,110605.600000,66487.3300
BTCUSDT,2025.10.29,20:00:00,110605.900000,111744.000000,109686.400000,109985.600000,19719.5830
BTCUSDT,2025.10.30,00:00:00,109985.600000,110957.900000,109670.600000,110694.500000,17053.2640
BTCUSDT,2025.10.30,04:00:00,110694.400000,111565.100000,107817.300000,111313.500000,53901.1890
BTCUSDT,2025.10.30,08:00:00,111313.600000,111400.000000,109638.600000,109666.000000,21769.8370
BTCUSDT,2025.10.30,12:00:00,109665.900000,109736.300000,107254.100000,107670.600000,53828.5230
BTCUSDT,2025.10.30,16:00:00,107670.500000,108184.000000,106200.000000,106495.100000,36902.3700
BTCUSDT,2025.10.30,20:00:00,106494.300000,108300.000000,106257.000000,108263.500000,22298.4610
BTCUSDT,2025.10.31,00:00:00,108263.600000,110014.400000,108226.600000,109186.200000,32333.6020
BTCUSDT,2025.10.31,04:00:00,109186.300000,110200.000000,109062.700000,109400.100000,23926.0820
BTCUSDT,2025.10.31,08:00:00,109400.000000,110500.000000,109159.000000,110375.700000,19137.6910
BTCUSDT,2025.10.31,12:00:00,110375.700000,111233.000000,109308.100000,110160.100000,44500.3990
BTCUSDT,2025.10.31,16:00:00,110160.100000,110273.200000,108600.000000,109802.800000,25323.4780
BTCUSDT,2025.10.31,20:00:00,109802.700000,109802.700000,109277.700000,109557.300000,6842.5240
BTCUSDT,2025.11.01,00:00:00,109557.200000,110300.000000,109351.500000,110194.600000,8752.1060
BTCUSDT,2025.11.01,04:00:00,110194.600000,110557.000000,109885.500000,110025.300000,7330.5240
BTCUSDT,2025.11.01,08:00:00,110025.300000,110237.600000,109803.000000,110096.200000,5172.8370
BTCUSDT,2025.11.01,12:00:00,110096.300000,110300.000000,109654.500000,110253.200000,9755.4900
BTCUSDT,2025.11.01,16:00:00,110253.100000,110486.400000,110125.100000,110249.000000,6444.7690
BTCUSDT,2025.11.01,20:00:00,110249.000000,110487.000000,109803.500000,110047.200000,4158.4950
BTCUSDT,2025.11.02,00:00:00,110047.300000,110234.400000,109836.700000,110008.500000,4533.2900
BTCUSDT,2025.11.02,04:00:00,110008.400000,110988.000000,109974.100000,110844.100000,12154.8920
BTCUSDT,2025.11.02,08:00:00,110844.000000,111193.500000,110302.100000,111145.400000,12421.9380
BTCUSDT,2025.11.02,12:00:00,111145.400000,111216.000000,110030.000000,110066.100000,13972.7710
BTCUSDT,2025.11.02,16:00:00,110066.200000,110286.200000,109661.200000,110125.200000,9115.9850
BTCUSDT,2025.11.02,20:00:00,110125.300000,110700.000000,109368.900000,110494.900000,8910.2970
BTCUSDT,2025.11.03,00:00:00,110494.900000,110711.000000,107850.000000,107886.000000,27059.6360
BTCUSDT,2025.11.03,04:00:00,107886.000000,108088.800000,106946.700000,107420.500000,24838.6640
BTCUSDT,2025.11.03,08:00:00,107420.600000,107881.400000,106618.700000,107737.400000,20106.7210
BTCUSDT,2025.11.03,12:00:00,107737.400000,108280.000000,105500.000000,105718.800000,48388.0350
BTCUSDT,2025.11.03,16:00:00,105718.800000,107797.200000,105300.000000,107034.700000,38120.2600
BTCUSDT,2025.11.03,20:00:00,107034.700000,107120.000000,105750.100000,106544.000000,15744.7310
BTCUSDT,2025.11.04,00:00:00,106544.000000,107271.900000,105820.000000,107097.200000,21672.1390
BTCUSDT,2025.11.04,04:00:00,107097.100000,107247.800000,104125.300000,104442.900000,41302.8960
BTCUSDT,2025.11.04,08:00:00,104442.900000,104656.000000,103550.000000,104530.700000,30893.7920
BTCUSDT,2025.11.04,12:00:00,104530.700000,104800.000000,102870.000000,103157.700000,45886.9120
BTCUSDT,2025.11.04,16:00:00,103157.700000,103474.100000,99980.000000,100507.000000,81901.5630
BTCUSDT,2025.11.04,20:00:00,100507.000000,101859.500000,98888.800000,101450.300000,60084.8580
BTCUSDT,2025.11.05,00:00:00,101450.200000,102222.000000,98909.700000,102094.800000,55517.1440
BTCUSDT,2025.11.05,04:00:00,102094.800000,102326.400000,101433.300000,101946.100000,20988.3480
BTCUSDT,2025.11.05,08:00:00,101946.200000,102174.900000,101131.000000,102019.400000,20735.5160
BTCUSDT,2025.11.05,12:00:00,102019.300000,103750.000000,101867.800000,103668.300000,35318.5970
BTCUSDT,2025.11.05,16:00:00,103668.200000,104496.600000,102972.800000,103950.000000,22268.6890
BTCUSDT,2025.11.05,20:00:00,103950.000000,104497.600000,103240.500000,103837.000000,12941.8000
BTCUSDT,2025.11.06,00:00:00,103837.000000,103919.700000,102684.700000,103598.300000,17770.8690
BTCUSDT,2025.11.06,04:00:00,103598.300000,104210.200000,102850.100000,103138.600000,13713.3710
BTCUSDT,2025.11.06,08:00:00,103138.600000,103406.000000,102611.500000,103182.600000,12724.7850
BTCUSDT,2025.11.06,12:00:00,103182.600000,103585.000000,101570.500000,101981.600000,41011.9140
BTCUSDT,2025.11.06,16:00:00,101981.600000,102367.900000,100238.400000,101335.900000,44808.9540
BTCUSDT,2025.11.06,20:00:00,101335.900000,101599.600000,100500.000000,101305.600000,14999.9280
BTCUSDT,2025.11.07,00:00:00,101305.600000,102311.000000,100700.100000,101863.500000,20217.5310
BTCUSDT,2025.11.07,04:00:00,101863.400000,102480.400000,101530.000000,101978.800000,13280.1820
BTCUSDT,2025.11.07,08:00:00,101978.200000,102024.700000,99750.000000,100369.100000,30839.6720
BTCUSDT,2025.11.07,12:00:00,100369.200000,101230.000000,99200.000000,100758.000000,47608.5270
BTCUSDT,2025.11.07,16:00:00,100758.000000,103350.700000,100468.900000,103350.000000,34409.2090
BTCUSDT,2025.11.07,20:00:00,103350.000000,104070.700000,102889.600000,103305.200000,17612.3370
BTCUSDT,2025.11.08,00:00:00,103305.300000,103373.800000,102488.000000,102545.800000,15693.6610
BTCUSDT,2025.11.08,04:00:00,102545.800000,102794.000000,101853.800000,102302.900000,14868.1150
BTCUSDT,2025.11.08,08:00:00,102302.800000,102654.100000,101647.700000,101805.600000,11719.2090
BTCUSDT,2025.11.08,12:00:00,101805.600000,102142.900000,101400.100000,101678.000000,14407.9010
BTCUSDT,2025.11.08,16:00:00,101678.100000,102182.700000,101471.100000,101934.300000,8852.2430
BTCUSDT,2025.11.08,20:00:00,101934.400000,102443.900000,101906.600000,102269.300000,5150.8200
BTCUSDT,2025.11.09,00:00:00,102269.300000,102294.900000,101300.000000,101622.900000,8613.5690
BTCUSDT,2025.11.09,04:00:00,101623.000000,102097.000000,101602.100000,101898.200000,6756.3730
BTCUSDT,2025.11.09,08:00:00,101898.300000,102274.900000,101457.000000,102198.200000,9506.2790
BTCUSDT,2025.11.09,12:00:00,102198.200000,104180.000000,102001.000000,103715.800000,29922.1950
BTCUSDT,2025.11.09,16:00:00,103715.800000,104780.000000,103290.800000,104764.100000,19690.0950
BTCUSDT,2025.11.09,20:00:00,104764.100000,105440.000000,103999.500000,104670.600000,17879.1590
BTCUSDT,2025.11.10,00:00:00,104670.700000,106666.000000,104205.900000,105990.600000,32933.1220
BTCUSDT,2025.11.10,04:00:00,105990.600000,106499.000000,105800.000000,106417.700000,12528.8330
BTCUSDT,2025.11.10,08:00:00,106417.600000,106570.000000,105780.100000,106136.600000,13572.7660
BTCUSDT,2025.11.10,12:00:00,106136.500000,106566.700000,104615.700000,105028.900000,33078.1440
BTCUSDT,2025.11.10,16:00:00,105028.900000,106081.100000,104735.600000,105767.200000,16326.4190
BTCUSDT,2025.11.10,20:00:00,105767.100000,106249.600000,105202.700000,105966.300000,11964.2540
BTCUSDT,2025.11.11,00:00:00,105966.300000,107473.700000,105399.600000,106407.300000,30111.8040
BTCUSDT,2025.11.11,04:00:00,106407.400000,106496.600000,104685.300000,104737.000000,20998.6640
BTCUSDT,2025.11.11,08:00:00,104737.100000,105464.200000,104718.200000,105256.200000,11555.5930
BTCUSDT,2025.11.11,12:00:00,105256.200000,105459.800000,103135.200000,103417.200000,35003.2290
BTCUSDT,2025.11.11,16:00:00,103417.200000,103694.800000,102777.000000,103073.600000,19238.1240
BTCUSDT,2025.11.11,20:00:00,103073.600000,103183.800000,102400.000000,103005.800000,15696.3600
BTCUSDT,2025.11.12,00:00:00,103005.800000,103399.400000,102629.500000,103267.200000,13122.9380
BTCUSDT,2025.11.12,04:00:00,103267.200000,103605.000000,102941.600000,103066.700000,8824.5500
BTCUSDT,2025.11.12,08:00:00,103066.700000,105162.600000,103066.700000,104979.900000,27402.4950
BTCUSDT,2025.11.12,12:00:00,104979.900000,105297.000000,101900.000000,102124.900000,41940.2160
BTCUSDT,2025.11.12,16:00:00,102124.900000,102249.200000,100711.000000,101245.400000,37825.0350
BTCUSDT,2025.11.12,20:00:00,101245.300000,101964.500000,101087.800000,101605.800000,11761.0420
BTCUSDT,2025.11.13,00:00:00,101605.800000,102581.700000,100850.000000,102088.100000,22639.5720
BTCUSDT,2025.11.13,04:00:00,102088.000000,104024.600000,101602.200000,103430.900000,34325.3540
BTCUSDT,2025.11.13,08:00:00,103430.900000,103765.400000,102509.100000,102900.000000,18566.6470
BTCUSDT,2025.11.13,12:00:00,102900.100000,103456.000000,101135.000000,101338.000000,45078.8990
BTCUSDT,2025.11.13,16:00:00,101338.000000,101495.700000,98100.000000,98643.100000,75018.4360
BTCUSDT,2025.11.13,20:00:00,98643.100000,100485.800000,97959.000000,99654.300000,40417.8910
BTCUSDT,2025.11.14,00:00:00,99654.300000,99862.800000,98657.000000,99103.300000,28715.7800
BTCUSDT,2025.11.14,04:00:00,99103.300000,99152.000000,95840.900000,97099.900000,71313.8080
BTCUSDT,2025.11.14,08:00:00,97099.900000,97520.000000,95597.900000,96134.600000,31110.8340
BTCUSDT,2025.11.14,12:00:00,96134.500000,97280.000000,94500.000000,96752.600000,82600.5410
BTCUSDT,2025.11.14,16:00:00,96752.700000,97377.600000,94741.200000,95737.300000,42316.6100
BTCUSDT,2025.11.14,20:00:00,95737.400000,95900.000000,93955.000000,94544.900000,31015.2100
BTCUSDT,2025.11.15,00:00:00,94544.900000,96800.000000,94523.900000,96388.500000,27406.4640
BTCUSDT,2025.11.15,04:00:00,96388.500000,96543.800000,95900.100000,96289.400000,13884.4260
BTCUSDT,2025.11.15,08:00:00,96289.300000,96310.400000,95587.300000,95657.300000,12856.2300
BTCUSDT,2025.11.15,12:00:00,95657.300000,96439.600000,95534.100000,96222.100000,13204.0200
BTCUSDT,2025.11.15,16:00:00,96222.100000,96362.500000,95677.700000,95967.700000,11960.8910
BTCUSDT,2025.11.15,20:00:00,95967.700000,95979.100000,95072.100000,95560.300000,10908.2880
BTCUSDT,2025.11.16,00:00:00,95560.400000,95946.400000,94800.000000,95782.000000,12634.0470
BTCUSDT,2025.11.16,04:00:00,95782.000000,96170.600000,95602.000000,96064.800000,8616.3790
BTCUSDT,2025.11.16,08:00:00,96064.800000,96600.000000,95443.600000,95588.000000,16713.4350
BTCUSDT,2025.11.16,12:00:00,95588.000000,95870.000000,94300.000000,94531.300000,18869.7510
BTCUSDT,2025.11.16,16:00:00,94531.200000,95544.800000,93677.400000,93994.500000,44324.0840
BTCUSDT,2025.11.16,20:00:00,93994.500000,94700.000000,92922.800000,94221.700000,34591.8130
BTCUSDT,2025.11.17,00:00:00,94221.700000,95539.300000,93730.000000,95472.100000,24659.3170
BTCUSDT,2025.11.17,04:00:00,95472.000000,95838.000000,94850.000000,95587.900000,15760.6210
BTCUSDT,2025.11.17,08:00:00,95587.900000,95980.100000,95268.900000,95530.100000,14932.0700
BTCUSDT,2025.11.17,12:00:00,95530.000000,96012.200000,93511.800000,93915.700000,58887.5510
BTCUSDT,2025.11.17,16:00:00,93915.800000,94388.000000,91550.200000,91656.200000,60184.0760
BTCUSDT,2025.11.17,20:00:00,91656.200000,92370.900000,91250.000000,92169.700000,30737.6500
BTCUSDT,2025.11.18,00:00:00,92169.800000,92335.400000,89666.100000,90811.900000,54125.4970
BTCUSDT,2025.11.18,04:00:00,90811.800000,90842.100000,89012.000000,90459.100000,44370.5450
BTCUSDT,2025.11.18,08:00:00,90459.200000,91567.000000,90459.100000,91473.600000,28352.8430
BTCUSDT,2025.11.18,12:00:00,91474.100000,92991.700000,90888.000000,92851.400000,58085.1850
BTCUSDT,2025.11.18,16:00:00,92851.500000,93799.100000,92532.000000,93143.100000,33005.3550
BTCUSDT,2025.11.18,20:00:00,93143.100000,93400.000000,92420.300000,92916.900000,14751.7310
BTCUSDT,2025.11.19,00:00:00,92916.800000,92944.800000,91600.000000,91842.200000,24522.2510
BTCUSDT,2025.11.19,04:00:00,91842.100000,91987.200000,89966.000000,91826.600000,46058.3570
BTCUSDT,2025.11.19,08:00:00,91826.600000,91920.000000,91038.900000,91372.400000,19679.2410
BTCUSDT,2025.11.19,12:00:00,91372.300000,92348.200000,89822.000000,89901.000000,42278.2550
BTCUSDT,2025.11.19,16:00:00,89901.000000,90202.500000,88600.000000,88857.700000,54170.6580
BTCUSDT,2025.11.19,20:00:00,88857.800000,91554.900000,88564.400000,91508.900000,39729.6880
BTCUSDT,2025.11.20,00:00:00,91509.000000,92760.000000,91140.200000,92404.600000,26837.5150
BTCUSDT,2025.11.20,04:00:00,92404.700000,93150.000000,91640.200000,92267.400000,27995.8660
BTCUSDT,2025.11.20,08:00:00,92267.500000,92363.100000,91388.500000,91892.600000,17102.0330
BTCUSDT,2025.11.20,12:00:00,91892.700000,92498.600000,89804.100000,89835.400000,50957.6310
BTCUSDT,2025.11.20,16:00:00,89835.500000,89885.700000,86066.600000,86880.300000,114064.3120
BTCUSDT,2025.11.20,20:00:00,86880.200000,88214.100000,86291.700000,86601.300000,39555.6700
BTCUSDT,2025.11.21,00:00:00,86601.400000,87465.400000,85288.000000,85782.500000,45579.3380
BTCUSDT,2025.11.21,04:00:00,85782.400000,86313.200000,81111.000000,84006.700000,78365.7750
BTCUSDT,2025.11.21,08:00:00,84006.700000,84667.100000,81601.700000,82279.100000,84124.1920
BTCUSDT,2025.11.21,12:00:00,82279.200000,85449.200000,80600.000000,82905.100000,129537.8700
BTCUSDT,2025.11.21,16:00:00,82905.000000,85548.400000,82300.000000,84167.200000,80734.3250
BTCUSDT,2025.11.21,20:00:00,84167.100000,85374.500000,83418.400000,85093.500000,31462.8240
BTCUSDT,2025.11.22,00:00:00,85093.600000,85599.900000,84180.000000,84414.100000,19897.8870
BTCUSDT,2025.11.22,04:00:00,84414.000000,84764.300000,83792.000000,84537.400000,15965.2920
BTCUSDT,2025.11.22,08:00:00,84537.400000,84546.400000,83456.000000,84066.200000,20664.0440
BTCUSDT,2025.11.22,12:00:00,84066.200000,84712.700000,83578.500000,84239.900000,18582.4560
BTCUSDT,2025.11.22,16:00:00,84239.900000,84888.000000,84175.000000,84566.700000,9063.1080
BTCUSDT,2025.11.22,20:00:00,84566.800000,85238.300000,84193.800000,84689.400000,10024.2680
BTCUSDT,2025.11.23,00:00:00,84689.400000,86300.000000,84622.000000,86261.000000,24200.0970
BTCUSDT,2025.11.23,04:00:00,86261.000000,86826.800000,85348.700000,85732.000000,24602.4460
BTCUSDT,2025.11.23,08:00:00,85732.100000,86438.500000,85724.700000,86290.300000,16673.7410
BTCUSDT,2025.11.23,12:00:00,86290.300000,87222.000000,86222.000000,87042.800000,26845.2530
BTCUSDT,2025.11.23,16:00:00,87042.800000,87653.900000,86458.000000,87276.700000,24543.3050
BTCUSDT,2025.11.23,20:00:00,87276.700000,88100.000000,86700.000000,86807.700000,22065.2310
BTCUSDT,2025.11.24,00:00:00,86807.600000,88049.500000,85915.000000,87408.800000,36758.7130
BTCUSDT,2025.11.24,04:00:00,87408.700000,87795.900000,86400.000000,87004.600000,26095.1660
BTCUSDT,2025.11.24,08:00:00,87004.600000,87004.600000,85654.100000,86232.500000,25190.0470
BTCUSDT,2025.11.24,12:00:00,86232.500000,86700.000000,85226.400000,86571.000000,47419.8100
BTCUSDT,2025.11.24,16:00:00,86571.100000,88788.000000,86571.000000,88277.000000,51453.9680
BTCUSDT,2025.11.24,20:00:00,88277.100000,89177.300000,88205.300000,88247.100000,24195.6280
BTCUSDT,2025.11.25,00:00:00,88247.100000,88247.100000,87378.800000,87775.100000,19713.9770
BTCUSDT,2025.11.25,04:00:00,87775.000000,88477.600000,87240.000000,87362.200000,17064.8910
BTCUSDT,2025.11.25,08:00:00,87362.200000,87585.700000,86628.400000,87311.900000,23787.1730
BTCUSDT,2025.11.25,12:00:00,87312.000000,87732.700000,86061.100000,86946.500000,39724.1050
BTCUSDT,2025.11.25,16:00:00,86946.600000,88115.000000,86132.700000,86835.000000,30082.1250
BTCUSDT,2025.11.25,20:00:00,86835.100000,87869.400000,86542.000000,87324.100000,19265.3840
BTCUSDT,2025.11.26,00:00:00,87324.100000,88200.000000,87022.200000,87088.500000,17140.9750
BTCUSDT,2025.11.26,04:00:00,87088.400000,87947.000000,86851.100000,87896.200000,14105.5930
BTCUSDT,2025.11.26,08:00:00,87896.200000,87909.200000,86630.000000,87049.200000,17454.9520
BTCUSDT,2025.11.26,12:00:00,87049.100000,87646.800000,86260.900000,86926.200000,36287.1320
BTCUSDT,2025.11.26,16:00:00,86926.300000,90362.700000,86914.300000,89923.300000,54312.0660
BTCUSDT,2025.11.26,20:00:00,89923.300000,90655.400000,89458.700000,90438.100000,19845.8150
BTCUSDT,2025.11.27,00:00:00,90438.000000,91850.000000,90024.400000,91049.300000,32745.9270
BTCUSDT,2025.11.27,04:00:00,91049.300000,91520.000000,90843.800000,91361.500000,14177.4000
BTCUSDT,2025.11.27,08:00:00,91361.400000,91931.900000,91177.200000,91334.900000,18138.1170
BTCUSDT,2025.11.27,12:00:00,91334.900000,91418.400000,90410.600000,90912.900000,24029.7170
BTCUSDT,2025.11.27,16:00:00,90913.000000,91800.000000,90800.400000,91489.000000,17191.0320
BTCUSDT,2025.11.27,20:00:00,91489.000000,91562.800000,91058.400000,91292.200000,7403.0390
BTCUSDT,2025.11.28,00:00:00,91292.200000,91386.600000,90612.200000,91168.000000,13757.1560
BTCUSDT,2025.11.28,04:00:00,91168.000000,91690.000000,90824.100000,90870.200000,13510.9030
BTCUSDT,2025.11.28,08:00:00,90870.200000,92000.000000,90863.600000,91382.900000,21589.4040
BTCUSDT,2025.11.28,12:00:00,91383.000000,93080.000000,91314.400000,92299.900000,48122.7990
BTCUSDT,2025.11.28,16:00:00,92299.800000,92323.600000,90155.000000,91106.100000,41246.1730
BTCUSDT,2025.11.28,20:00:00,91106.000000,91209.000000,90657.600000,90847.800000,8693.9120
BTCUSDT,2025.11.29,00:00:00,90847.800000,91078.400000,90500.000000,90638.000000,7053.9010
BTCUSDT,2025.11.29,04:00:00,90638.100000,90884.800000,90265.200000,90523.500000,9280.4030
BTCUSDT,2025.11.29,08:00:00,90523.400000,90691.500000,90335.200000,90633.700000,6285.0100
BTCUSDT,2025.11.29,12:00:00,90633.800000,91068.100000,90484.300000,91030.000000,8755.5700
BTCUSDT,2025.11.29,16:00:00,91030.000000,91130.000000,90092.700000,90602.900000,14802.8170
BTCUSDT,2025.11.29,20:00:00,90602.900000,91020.000000,90363.000000,90765.000000,8018.9780
BTCUSDT,2025.11.30,00:00:00,90764.900000,91016.000000,90414.000000,90873.000000,6739.2590
BTCUSDT,2025.11.30,04:00:00,90872.900000,90999.400000,90626.200000,90924.500000,4260.8130
BTCUSDT,2025.11.30,08:00:00,90924.500000,91580.000000,90879.300000,91000.900000,14264.1110
BTCUSDT,2025.11.30,12:00:00,91000.900000,91934.400000,90960.000000,91405.800000,16461.4410
BTCUSDT,2025.11.30,16:00:00,91405.900000,91818.800000,91088.100000,91423.200000,8957.6640
BTCUSDT,2025.11.30,20:00:00,91423.100000,91592.300000,90300.000000,90320.600000,15456.4300
BTCUSDT,2025.12.01,00:00:00,90320.500000,90396.900000,86126.000000,86319.200000,80222.8920
BTCUSDT,2025.12.01,04:00:00,86319.100000,86524.600000,85563.700000,86487.600000,31809.4270
BTCUSDT,2025.12.01,08:00:00,86487.300000,86886.000000,86090.000000,86100.100000,19775.5160
BTCUSDT,2025.12.01,12:00:00,86100.000000,86625.000000,83786.000000,84650.000000,83435.9050
BTCUSDT,2025.12.01,16:00:00,84650.000000,85528.700000,84011.000000,84985.000000,46606.8110
BTCUSDT,2025.12.01,20:00:00,84985.000000,86817.000000,84966.800000,86241.600000,34996.6150
BTCUSDT,2025.12.02,00:00:00,86241.500000,87384.000000,86140.100000,86936.000000,23647.1790
BTCUSDT,2025.12.02,04:00:00,86935.900000,87245.900000,86772.000000,86965.000000,11979.7060
BTCUSDT,2025.12.02,08:00:00,86965.000000,87640.000000,86321.000000,87326.900000,24568.8610
BTCUSDT,2025.12.02,12:00:00,87327.000000,91211.300000,87005.000000,90809.200000,78565.0440
BTCUSDT,2025.12.02,16:00:00,90809.200000,92273.200000,90156.400000,91849.900000,54905.6220
BTCUSDT,2025.12.02,20:00:00,91849.900000,91970.400000,90643.500000,91249.100000,34434.7530
BTCUSDT,2025.12.03,00:00:00,91249.100000,93068.900000,90954.800000,92589.200000,30608.3440
BTCUSDT,2025.12.03,04:00:00,92589.200000,93932.700000,92578.000000,92969.900000,37966.7120
BTCUSDT,2025.12.03,08:00:00,92970.000000,93338.400000,92602.800000,92957.700000,21367.9180
BTCUSDT,2025.12.03,12:00:00,92957.600000,93653.600000,91637.400000,92332.900000,58413.5780
BTCUSDT,2025.12.03,16:00:00,92333.000000,93471.100000,91733.200000,92995.800000,30690.2220
BTCUSDT,2025.12.03,20:00:00,92995.800000,94185.000000,92784.300000,93376.700000,22251.5430
BTCUSDT,2025.12.04,00:00:00,93376.800000,94040.000000,92628.000000,93499.900000,24501.3160
BTCUSDT,2025.12.04,04:00:00,93500.000000,93549.200000,92737.000000,93358.600000,16001.4490
BTCUSDT,2025.12.04,08:00:00,93358.500000,93600.000000,92666.100000,92894.900000,16325.2670
BTCUSDT,2025.12.04,12:00:00,92894.900000,93256.300000,91762.000000,92933.500000,38745.2280
BTCUSDT,2025.12.04,16:00:00,92933.400000,93143.400000,90822.500000,91941.500000,38482.8200
BTCUSDT,2025.12.04,20:00:00,91941.500000,92676.800000,91649.800000,92034.700000,12716.3470
BTCUSDT,2025.12.05,00:00:00,92034.700000,92665.500000,91917.700000,92104.900000,10956.8520
BTCUSDT,2025.12.05,04:00:00,92104.800000,92455.400000,91750.600000,92227.500000,12306.3390
BTCUSDT,2025.12.05,08:00:00,92227.600000,92227.600000,90940.400000,91307.900000,21552.0420
BTCUSDT,2025.12.05,12:00:00,91308.000000,91445.200000,89863.000000,90414.000000,55291.1440
BTCUSDT,2025.12.05,16:00:00,90413.900000,90460.000000,87976.300000,89590.500000,66447.2070
BTCUSDT,2025.12.05,20:00:00,89590.500000,89706.000000,88856.700000,89288.500000,12571.4730
BTCUSDT,2025.12.06,00:00:00,89288.600000,89758.000000,88986.100000,89636.500000,10198.2150
BTCUSDT,2025.12.06,04:00:00,89636.500000,89732.400000,89410.800000,89549.600000,6055.8270
BTCUSDT,2025.12.06,08:00:00,89549.500000,89679.000000,89165.900000,89585.400000,8658.9150
BTCUSDT,2025.12.06,12:00:00,89585.400000,90257.300000,89424.200000,89713.400000,14787.6000
BTCUSDT,2025.12.06,16:00:00,89713.300000,89940.300000,89203.000000,89369.400000,8623.4450
BTCUSDT,2025.12.06,20:00:00,89369.500000,89578.300000,88870.100000,89197.100000,8502.8650
BTCUSDT,2025.12.07,00:00:00,89197.100000,89704.500000,89131.500000,89675.600000,5748.3850
BTCUSDT,2025.12.07,04:00:00,89675.700000,89750.000000,89155.000000,89337.100000,6553.5960
BTCUSDT,2025.12.07,08:00:00,89337.100000,89494.400000,89012.900000,89109.400000,7659.0240
BTCUSDT,2025.12.07,12:00:00,89109.300000,89700.000000,87688.000000,89505.000000,41325.5610
BTCUSDT,2025.12.07,16:00:00,89505.000000,91722.000000,89065.200000,91379.700000,36596.2740
BTCUSDT,2025.12.07,20:00:00,91379.800000,91473.200000,88890.000000,90345.400000,31709.1650
BTCUSDT,2025.12.08,00:00:00,90345.400000,91650.000000,89806.400000,91039.400000,20651.3830
BTCUSDT,2025.12.08,04:00:00,91039.300000,91868.000000,90979.200000,91519.800000,12977.7580
BTCUSDT,2025.12.08,08:00:00,91519.800000,92262.600000,91433.600000,91923.500000,16068.4480
BTCUSDT,2025.12.08,12:00:00,91923.600000,92106.400000,89553.800000,89912.600000,57039.1960
BTCUSDT,2025.12.08,16:00:00,89912.700000,90471.600000,89629.100000,90073.600000,29715.5520
BTCUSDT,2025.12.08,20:00:00,90073.700000,91338.200000,90073.700000,90610.800000,16022.4020
BTCUSDT,2025.12.09,00:00:00,90610.800000,90810.800000,89774.100000,90364.000000,15639.8880
BTCUSDT,2025.12.09,04:00:00,90364.100000,90485.800000,89368.900000,90449.900000,20910.8490
BTCUSDT,2025.12.09,08:00:00,90449.900000,90584.800000,89868.000000,90341.900000,10989.6050
BTCUSDT,2025.12.09,12:00:00,90342.000000,92867.000000,89953.000000,92676.900000,45314.7650
BTCUSDT,2025.12.09,16:00:00,92676.900000,94555.000000,92656.500000,93761.900000,62023.4980
BTCUSDT,2025.12.09,20:00:00,93761.900000,93819.100000,92199.000000,92638.400000,27051.6580
BTCUSDT,2025.12.10,00:00:00,92638.300000,92748.200000,91900.000000,92366.000000,16458.4760
BTCUSDT,2025.12.10,04:00:00,92366.000000,92749.800000,92339.800000,92744.700000,9066.2910
BTCUSDT,2025.12.10,08:00:00,92744.700000,93278.900000,91721.000000,92085.500000,22951.7460
BTCUSDT,2025.12.10,12:00:00,92085.400000,92197.300000,91520.000000,92021.800000,20761.5170
BTCUSDT,2025.12.10,16:00:00,92021.800000,93223.600000,91605.000000,92913.800000,47793.6640
BTCUSDT,2025.12.10,20:00:00,92913.900000,94443.700000,91825.000000,91977.500000,43457.0860
BTCUSDT,2025.12.11,00:00:00,91977.500000,92046.300000,89321.000000,89833.100000,41765.0300
BTCUSDT,2025.12.11,04:00:00,89833.100000,90445.600000,89640.400000,90231.400000,16187.0840
BTCUSDT,2025.12.11,08:00:00,90231.300000,90494.700000,89931.000000,90195.300000,11011.1620
BTCUSDT,2025.12.11,12:00:00,90195.300000,90618.000000,89200.000000,89830.100000,36667.0820
BTCUSDT,2025.12.11,16:00:00,89830.100000,91499.000000,89288.000000,90793.500000,36608.2970
BTCUSDT,2025.12.11,20:00:00,90793.500000,93547.300000,90749.600000,92477.500000,48909.4130
BTCUSDT,2025.12.12,00:00:00,92477.600000,92719.000000,91400.000000,92234.300000,22813.9900
BTCUSDT,2025.12.12,04:00:00,92234.300000,92685.500000,92028.400000,92389.500000,11201.4600
BTCUSDT,2025.12.12,08:00:00,92389.500000,92600.000000,92050.000000,92381.500000,9687.1930
BTCUSDT,2025.12.12,12:00:00,92381.400000,92630.000000,89688.000000,89895.000000,49205.7880
BTCUSDT,2025.12.12,16:00:00,89895.000000,90617.700000,89429.000000,90147.300000,41898.5230
BTCUSDT,2025.12.12,20:00:00,90147.400000,90357.500000,89843.000000,90229.600000,10037.1560
BTCUSDT,2025.12.13,00:00:00,90229.700000,90432.000000,90077.000000,90304.000000,5591.1800
BTCUSDT,2025.12.13,04:00:00,90304.100000,90379.500000,90226.800000,90286.100000,3796.6000
BTCUSDT,2025.12.13,08:00:00,90286.000000,90599.000000,90239.000000,90298.400000,7893.3660
BTCUSDT,2025.12.13,12:00:00,90298.500000,90441.900000,89888.000000,90055.400000,9021.4040
BTCUSDT,2025.12.13,16:00:00,90055.300000,90236.600000,89944.000000,90150.900000,4576.9620
BTCUSDT,2025.12.13,20:00:00,90150.800000,90248.000000,89711.900000,90191.300000,5358.2210
BTCUSDT,2025.12.14,00:00:00,90191.300000,90440.000000,90071.600000,90222.300000,7086.6500
BTCUSDT,2025.12.14,04:00:00,90222.400000,90300.000000,90005.800000,90205.100000,3999.9390
BTCUSDT,2025.12.14,08:00:00,90205.100000,90250.000000,88412.800000,89308.200000,24641.9530
BTCUSDT,2025.12.14,12:00:00,89308.300000,89630.800000,88831.700000,88985.200000,17265.6990
BTCUSDT,2025.12.14,16:00:00,88985.200000,89372.800000,88432.000000,88598.700000,17696.7310
BTCUSDT,2025.12.14,20:00:00,88598.700000,88779.100000,87504.300000,88118.800000,21395.6820
BTCUSDT,2025.12.15,00:00:00,88118.800000,89972.400000,88025.300000,89239.900000,27815.1160
BTCUSDT,2025.12.15,04:00:00,89240.000000,89880.000000,89229.500000,89703.000000,10941.1010
BTCUSDT,2025.12.15,08:00:00,89702.900000,89940.000000,89525.000000,89606.000000,11790.5190
BTCUSDT,2025.12.15,12:00:00,89606.000000,89845.000000,86563.600000,86996.600000,67384.3790
BTCUSDT,2025.12.15,16:00:00,86996.500000,87189.900000,85073.000000,86104.200000,56199.3320
BTCUSDT,2025.12.15,20:00:00,86104.200000,86437.100000,85489.700000,86389.900000,20085.5980
BTCUSDT,2025.12.16,00:00:00,86390.000000,86478.600000,85340.100000,85837.700000,16787.3160
BTCUSDT,2025.12.16,04:00:00,85837.600000,86577.000000,85226.000000,85964.800000,17300.4720
BTCUSDT,2025.12.16,08:00:00,85964.900000,87299.700000,85874.600000,87216.600000,18856.6190
BTCUSDT,2025.12.16,12:00:00,87216.600000,88143.900000,86055.900000,87936.300000,54188.4580
BTCUSDT,2025.12.16,16:00:00,87936.300000,88012.500000,87015.800000,87538.700000,26033.4810
BTCUSDT,2025.12.16,20:00:00,87538.700000,87900.000000,87297.900000,87826.300000,9058.7020
BTCUSDT,2025.12.17,00:00:00,87826.300000,87925.800000,87104.200000,87178.100000,11671.6280
BTCUSDT,2025.12.17,04:00:00,87178.200000,87360.800000,86158.400000,87010.400000,22749.2840
BTCUSDT,2025.12.17,08:00:00,87010.400000,87100.000000,86201.000000,86939.300000,15486.4890
BTCUSDT,2025.12.17,12:00:00,86939.200000,90363.200000,86768.800000,87191.400000,86140.0120
BTCUSDT,2025.12.17,16:00:00,87191.000000,87737.300000,85261.300000,85982.700000,55699.3580
BTCUSDT,2025.12.17,20:00:00,85982.700000,86421.000000,85630.000000,86201.600000,16899.9770
BTCUSDT,2025.12.18,00:00:00,86201.600000,86836.200000,85820.600000,86575.100000,16118.5560
BTCUSDT,2025.12.18,04:00:00,86575.100000,86859.100000,86323.700000,86787.500000,11560.1360
BTCUSDT,2025.12.18,08:00:00,86787.500000,87417.600000,86640.500000,87268.100000,14444.1490
BTCUSDT,2025.12.18,12:00:00,87257.000000,89447.900000,87068.000000,88480.800000,75762.8510
BTCUSDT,2025.12.18,16:00:00,88480.700000,88500.000000,84429.900000,84447.000000,83673.6740
BTCUSDT,2025.12.18,20:00:00,84447.000000,85800.000000,84408.600000,85469.700000,28014.3130
BTCUSDT,2025.12.19,00:00:00,85469.800000,87550.000000,85062.700000,86863.100000,30604.0640
BTCUSDT,2025.12.19,04:00:00,86863.200000,88366.000000,86651.900000,87909.700000,28039.5930
BTCUSDT,2025.12.19,08:00:00,87909.700000,88345.100000,87700.000000,88169.900000,16798.0310
BTCUSDT,2025.12.19,12:00:00,88170.000000,89374.600000,87488.000000,87925.600000,51776.2800
BTCUSDT,2025.12.19,16:00:00,87925.600000,88888.000000,86795.500000,87812.800000,36941.9720
BTCUSDT,2025.12.19,20:00:00,87812.900000,88406.300000,87569.100000,88100.000000,14124.5540
BTCUSDT,2025.12.20,00:00:00,88100.000000,88294.800000,87926.700000,88165.300000,5637.3570
BTCUSDT,2025.12.20,04:00:00,88165.300000,88551.800000,88065.900000,88239.900000,6898.3310
BTCUSDT,2025.12.20,08:00:00,88240.000000,88397.800000,88063.800000,88243.600000,4869.3850
BTCUSDT,2025.12.20,12:00:00,88243.600000,88320.000000,87698.500000,88134.600000,11529.3790
BTCUSDT,2025.12.20,16:00:00,88134.500000,88407.700000,88060.000000,88196.300000,3919.2550
BTCUSDT,2025.12.20,20:00:00,88196.400000,88434.900000,88111.100000,88320.800000,3120.1410
BTCUSDT,2025.12.21,00:00:00,88320.700000,88400.000000,87821.100000,88043.200000,7336.3230
BTCUSDT,2025.12.21,04:00:00,88043.300000,88174.500000,88010.000000,88138.700000,2659.0080
BTCUSDT,2025.12.21,08:00:00,88138.800000,89050.000000,88103.300000,88570.600000,15426.0090
BTCUSDT,2025.12.21,12:00:00,88570.700000,88885.900000,87548.500000,88024.700000,25733.4550
BTCUSDT,2025.12.21,16:00:00,88024.700000,88588.000000,87902.000000,88448.200000,10214.5560
BTCUSDT,2025.12.21,20:00:00,88448.300000,88786.900000,88047.400000,88621.300000,6255.0370
BTCUSDT,2025.12.22,00:00:00,88621.300000,89600.000000,87845.000000,88727.500000,31996.8050
BTCUSDT,2025.12.22,04:00:00,88727.400000,89173.800000,88665.300000,89127.700000,9144.9090
BTCUSDT,2025.12.22,08:00:00,89127.800000,90085.000000,89050.100000,89905.200000,25914.8740
BTCUSDT,2025.12.22,12:00:00,89905.200000,90599.000000,89109.100000,89688.500000,43053.4470
BTCUSDT,2025.12.22,16:00:00,89688.600000,90088.000000,87906.700000,88011.100000,26150.7330
BTCUSDT,2025.12.22,20:00:00,88011.000000,88805.900000,87872.600000,88581.500000,18432.7010
BTCUSDT,2025.12.23,00:00:00,88581.500000,88904.900000,87738.300000,88128.200000,16525.2380
BTCUSDT,2025.12.23,04:00:00,88128.200000,88342.000000,86976.600000,87531.300000,23180.4320
BTCUSDT,2025.12.23,08:00:00,87531.300000,87852.000000,87256.300000,87813.900000,12098.9000
BTCUSDT,2025.12.23,12:00:00,87813.800000,87914.000000,86536.000000,87405.300000,34384.8680
BTCUSDT,2025.12.23,16:00:00,87405.200000,88247.800000,87121.400000,87724.200000,32501.3270
BTCUSDT,2025.12.23,20:00:00,87724.200000,88349.200000,87145.000000,87463.000000,14967.1830
BTCUSDT,2025.12.24,00:00:00,87463.100000,87849.900000,86817.900000,87311.400000,15341.8360
BTCUSDT,2025.12.24,04:00:00,87311.400000,87430.000000,86738.800000,86868.100000,11302.3980
BTCUSDT,2025.12.24,08:00:00,86868.100000,87316.700000,86671.700000,87162.600000,10537.2490
BTCUSDT,2025.12.24,12:00:00,87162.600000,87450.000000,86355.000000,87012.000000,23298.9850
BTCUSDT,2025.12.24,16:00:00,87012.000000,87660.000000,86878.300000,87521.400000,13327.5060
BTCUSDT,2025.12.24,20:00:00,87521.400000,88033.300000,87484.600000,87627.300000,7735.5340
BTCUSDT,2025.12.25,00:00:00,87627.400000,87933.500000,87466.900000,87811.600000,5633.5240
BTCUSDT,2025.12.25,04:00:00,87811.600000,87830.000000,87617.100000,87795.900000,3874.3870
BTCUSDT,2025.12.25,08:00:00,87795.900000,87858.800000,87219.000000,87485.200000,8305.2910
BTCUSDT,2025.12.25,12:00:00,87485.200000,88594.000000,87360.700000,88338.900000,15360.3670
BTCUSDT,2025.12.25,16:00:00,88339.000000,88451.600000,87947.800000,88112.300000,9470.1560
BTCUSDT,2025.12.25,20:00:00,88112.300000,88139.200000,86902.100000,87182.800000,15152.5270
BTCUSDT,2025.12.26,00:00:00,87182.800000,89432.000000,86824.800000,88796.200000,38115.1370
BTCUSDT,2025.12.26,04:00:00,88796.200000,89557.600000,88300.500000,88433.000000,21937.3370
BTCUSDT,2025.12.26,08:00:00,88433.000000,88888.000000,88380.000000,88507.500000,11419.1040
BTCUSDT,2025.12.26,12:00:00,88507.600000,89037.000000,86619.900000,87100.000000,51437.5020
BTCUSDT,2025.12.26,16:00:00,87100.000000,87555.000000,86760.400000,87453.700000,19187.7070
BTCUSDT,2025.12.26,20:00:00,87453.700000,87750.000000,87266.600000,87318.200000,7874.9500
BTCUSDT,2025.12.27,00:00:00,87318.300000,87493.400000,87203.000000,87473.400000,4564.4360
BTCUSDT,2025.12.27,04:00:00,87473.400000,87669.700000,87374.500000,87490.900000,3525.4750
BTCUSDT,2025.12.27,08:00:00,87490.900000,87634.900000,87324.600000,87433.600000,5166.2120
BTCUSDT,2025.12.27,12:00:00,87433.600000,87555.000000,87264.800000,87516.200000,4515.0480
BTCUSDT,2025.12.27,16:00:00,87516.300000,87545.600000,87397.500000,87522.400000,2442.7580
BTCUSDT,2025.12.27,20:00:00,87522.300000,87956.900000,87455.500000,87829.400000,7080.1800
BTCUSDT,2025.12.28,00:00:00,87829.500000,87921.700000,87674.400000,87693.000000,4818.2730
BTCUSDT,2025.12.28,04:00:00,87693.100000,87802.500000,87566.000000,87697.700000,3595.9420
BTCUSDT,2025.12.28,08:00:00,87697.700000,87980.900000,87676.400000,87850.800000,5882.8110
BTCUSDT,2025.12.28,12:00:00,87850.900000,88078.300000,87762.200000,87797.700000,6369.2120
BTCUSDT,2025.12.28,16:00:00,87797.600000,87902.700000,87448.400000,87488.600000,9230.7020
BTCUSDT,2025.12.28,20:00:00,87488.700000,88023.400000,87402.600000,87920.500000,7463.0240
BTCUSDT,2025.12.29,00:00:00,87920.400000,90156.500000,87778.500000,90091.600000,45213.4890
BTCUSDT,2025.12.29,04:00:00,90091.500000,90373.400000,89448.100000,89583.000000,25464.1870
BTCUSDT,2025.12.29,08:00:00,89583.000000,89791.500000,87520.100000,87529.000000,45300.3560
BTCUSDT,2025.12.29,12:00:00,87529.100000,88150.000000,86760.000000,87636.600000,49719.6310
BTCUSDT,2025.12.29,16:00:00,87636.400000,87968.100000,87259.600000,87328.900000,15239.9290
BTCUSDT,2025.12.29,20:00:00,87328.900000,87569.200000,87043.400000,87203.300000,9066.6170
BTCUSDT,2025.12.30,00:00:00,87203.200000,87393.100000,86789.000000,87334.700000,13438.9830
BTCUSDT,2025.12.30,04:00:00,87334.700000,87581.400000,87105.600000,87457.500000,8171.0890
BTCUSDT,2025.12.30,08:00:00,87457.500000,88190.600000,87455.500000,87875.200000,23327.3020
BTCUSDT,2025.12.30,12:00:00,87875.300000,89126.000000,87788.200000,88966.800000,38901.9230
BTCUSDT,2025.12.30,16:00:00,88966.800000,89355.000000,87910.400000,88189.700000,32511.3310
BTCUSDT,2025.12.30,20:00:00,88189.800000,88533.000000,87833.200000,88455.300000,10394.6320
BTCUSDT,2025.12.31,00:00:00,88455.200000,88780.000000,88134.900000,88411.500000,11679.2280
BTCUSDT,2025.12.31,04:00:00,88411.600000,88596.000000,88280.100000,88569.000000,6284.4820
BTCUSDT,2025.12.31,08:00:00,88568.900000,89000.000000,88339.900000,88967.600000,12440.1600
BTCUSDT,2025.12.31,12:00:00,88967.600000,89192.800000,87729.200000,87909.000000,31536.8400
BTCUSDT,2025.12.31,16:00:00,87909.000000,88024.300000,87350.500000,87515.000000,24053.9750
BTCUSDT,2025.12.31,20:00:00,87515.000000,87849.700000,87189.200000,87608.200000,10773.6720
BTCUSDT,2026.01.01,00:00:00,87608.300000,88065.000000,87600.000000,87824.600000,7102.5500
BTCUSDT,2026.01.01,04:00:00,87824.600000,87831.600000,87508.400000,87603.700000,5685.3050
BTCUSDT,2026.01.01,08:00:00,87603.700000,87985.600000,87590.000000,87980.100000,6046.6680
BTCUSDT,2026.01.01,12:00:00,87980.100000,88079.300000,87758.400000,87986.800000,8130.0850
BTCUSDT,2026.01.01,16:00:00,87986.800000,88475.800000,87833.100000,88354.800000,11314.0330
BTCUSDT,2026.01.01,20:00:00,88354.800000,88881.400000,88193.200000,88800.000000,9662.6620
BTCUSDT,2026.01.02,00:00:00,88800.000000,89088.000000,88324.400000,88899.300000,19809.1970
BTCUSDT,2026.01.02,04:00:00,88899.300000,89055.000000,88533.600000,88829.300000,12241.3010
BTCUSDT,2026.01.02,08:00:00,88829.300000,89900.000000,88780.000000,89458.300000,27887.3490
BTCUSDT,2026.01.02,12:00:00,89458.300000,90126.500000,88401.200000,89373.100000,50647.1420
BTCUSDT,2026.01.02,16:00:00,89373.000000,90945.100000,89145.200000,89865.000000,53631.6950
BTCUSDT,2026.01.02,20:00:00,89865.000000,90368.700000,89588.000000,89951.400000,12445.7640
BTCUSDT,2026.01.03,00:00:00,89951.500000,90365.900000,89914.500000,90279.900000,6484.1850
BTCUSDT,2026.01.03,04:00:00,90280.000000,90456.000000,89261.200000,89535.900000,14358.1500
BTCUSDT,2026.01.03,08:00:00,89535.900000,89943.900000,89380.200000,89706.400000,9668.7170
BTCUSDT,2026.01.03,12:00:00,89706.400000,90200.000000,89620.000000,89931.800000,10078.9540
BTCUSDT,2026.01.03,16:00:00,89931.700000,90189.000000,89866.500000,90091.800000,4811.5700
BTCUSDT,2026.01.03,20:00:00,90091.800000,90716.900000,89972.900000,90595.800000,11489.6930
BTCUSDT,2026.01.04,00:00:00,90595.800000,91597.600000,90595.700000,91192.700000,21036.4740
BTCUSDT,2026.01.04,04:00:00,91192.700000,91779.700000,91142.300000,91477.500000,13544.5740
BTCUSDT,2026.01.04,08:00:00,91477.500000,91581.700000,91111.900000,91262.700000,11954.4240
BTCUSDT,2026.01.04,12:00:00,91262.800000,91377.200000,90968.000000,91292.800000,10317.5970
BTCUSDT,2026.01.04,16:00:00,91292.800000,91429.400000,90790.100000,91102.900000,9385.3310
BTCUSDT,2026.01.04,20:00:00,91102.900000,91567.000000,91085.100000,91497.100000,7534.6290
BTCUSDT,2026.01.05,00:00:00,91497.200000,93382.500000,91476.500000,92835.200000,51047.5030
BTCUSDT,2026.01.05,04:00:00,92835.300000,92920.000000,92102.000000,92492.100000,20234.1610
BTCUSDT,2026.01.05,08:00:00,92492.100000,93131.800000,92292.000000,93093.300000,20213.7430
BTCUSDT,2026.01.05,12:00:00,93093.300000,93998.900000,92370.900000,93899.900000,43133.1170
BTCUSDT,2026.01.05,16:00:00,93900.000000,94475.700000,93201.000000,94248.600000,35514.6040
BTCUSDT,2026.01.05,20:00:00,94248.600000,94760.300000,93757.900000,93822.400000,19273.1840
BTCUSDT,2026.01.06,00:00:00,93822.300000,94125.100000,93467.100000,93725.800000,13154.6520
BTCUSDT,2026.01.06,04:00:00,93725.700000,93966.400000,93088.000000,93207.400000,16653.0160
BTCUSDT,2026.01.06,08:00:00,93207.400000,93865.500000,93130.400000,93799.900000,13061.4350
BTCUSDT,2026.01.06,12:00:00,93800.000000,94415.400000,93292.000000,93608.200000,42110.3680
BTCUSDT,2026.01.06,16:00:00,93608.200000,93728.900000,91209.000000,92062.200000,69722.5450
BTCUSDT,2026.01.06,20:00:00,92062.200000,93825.000000,92062.200000,93708.000000,32741.0340
BTCUSDT,2026.01.07,00:00:00,93708.100000,93708.100000,92202.900000,92778.200000,23633.1790
BTCUSDT,2026.01.07,04:00:00,92778.100000,92893.000000,92457.900000,92848.100000,9331.5140
BTCUSDT,2026.01.07,08:00:00,92848.100000,92928.000000,91549.900000,92041.900000,31461.2630
BTCUSDT,2026.01.07,12:00:00,92041.800000,92249.300000,90987.000000,91303.100000,39915.3880
BTCUSDT,2026.01.07,16:00:00,91303.200000,91750.000000,90634.100000,91143.600000,28364.9980
BTCUSDT,2026.01.07,20:00:00,91143.600000,91462.100000,90740.500000,91328.000000,16280.5080
BTCUSDT,2026.01.08,00:00:00,91328.100000,91666.000000,90555.100000,90780.100000,15801.5890
BTCUSDT,2026.01.08,04:00:00,90780.000000,91157.600000,89588.100000,90509.900000,33939.8610
BTCUSDT,2026.01.08,08:00:00,90509.800000,90741.200000,89733.600000,90192.300000,26745.9780
BTCUSDT,2026.01.08,12:00:00,90192.200000,90790.000000,89242.000000,90730.000000,49177.4800
BTCUSDT,2026.01.08,16:00:00,90730.000000,91425.100000,90244.700000,90890.900000,28633.8560
BTCUSDT,2026.01.08,20:00:00,90890.900000,91449.900000,90519.900000,91059.800000,14177.1800
BTCUSDT,2026.01.09,00:00:00,91059.800000,91600.000000,90800.600000,91190.100000,13112.4060
BTCUSDT,2026.01.09,04:00:00,91190.100000,91203.000000,90704.000000,90712.100000,7718.5170
BTCUSDT,2026.01.09,08:00:00,90712.100000,90812.000000,89632.800000,90398.100000,29857.9730
BTCUSDT,2026.01.09,12:00:00,90398.100000,91999.000000,89800.000000,91137.700000,50210.1380
BTCUSDT,2026.01.09,16:00:00,91137.800000,91749.900000,90145.000000,90290.600000,30045.6790
BTCUSDT,2026.01.09,20:00:00,90290.600000,90693.000000,90082.600000,90603.600000,9449.9640
BTCUSDT,2026.01.10,00:00:00,90603.700000,90748.600000,90474.400000,90591.300000,4296.0280
BTCUSDT,2026.01.10,04:00:00,90591.300000,90650.400000,90351.600000,90627.100000,3897.2750
BTCUSDT,2026.01.10,08:00:00,90627.100000,90800.000000,90570.000000,90692.800000,5112.2550
BTCUSDT,2026.01.10,12:00:00,90692.900000,90758.700000,90494.000000,90622.700000,4673.0460
BTCUSDT,2026.01.10,16:00:00,90622.800000,90708.000000,90450.000000,90591.400000,3632.7680
BTCUSDT,2026.01.10,20:00:00,90591.300000,90627.600000,90358.500000,90469.600000,3659.3690
BTCUSDT,2026.01.11,00:00:00,90469.700000,90699.900000,90410.600000,90696.500000,3298.7380
BTCUSDT,2026.01.11,04:00:00,90696.400000,90818.000000,90530.900000,90664.000000,3375.4660
BTCUSDT,2026.01.11,08:00:00,90663.900000,90787.800000,90555.000000,90707.300000,4860.9610
BTCUSDT,2026.01.11,12:00:00,90707.200000,91143.100000,90650.000000,90834.100000,11189.1150
BTCUSDT,2026.01.11,16:00:00,90834.000000,91252.500000,90609.500000,90644.700000,7657.3260
BTCUSDT,2026.01.11,20:00:00,90644.700000,91000.000000,90175.300000,90964.400000,13162.7760
BTCUSDT,2026.01.12,00:00:00,90964.400000,92488.000000,90642.000000,91766.200000,34613.1150
BTCUSDT,2026.01.12,04:00:00,91766.200000,92245.100000,91342.000000,91369.200000,14891.6930
BTCUSDT,2026.01.12,08:00:00,91369.200000,91586.500000,90319.400000,90573.900000,30364.7380
BTCUSDT,2026.01.12,12:00:00,90573.900000,91637.800000,90066.000000,91618.700000,33382.5960
BTCUSDT,2026.01.12,16:00:00,91618.600000,92299.000000,90966.000000,91821.900000,43461.4070
BTCUSDT,2026.01.12,20:00:00,91821.900000,92017.000000,90870.000000,91252.600000,12523.8340
BTCUSDT,2026.01.13,00:00:00,91252.500000,91524.500000,91011.000000,91380.900000,11584.5520
BTCUSDT,2026.01.13,04:00:00,91380.900000,92258.000000,91316.300000,91908.000000,20473.1160
BTCUSDT,2026.01.13,08:00:00,91908.000000,92676.600000,91850.600000,91962.100000,23092.1180
BTCUSDT,2026.01.13,12:00:00,91962.100000,93408.000000,91700.600000,93407.900000,48588.2040
BTCUSDT,2026.01.13,16:00:00,93407.900000,94189.000000,93009.800000,94179.500000,39149.6460
BTCUSDT,2026.01.13,20:00:00,94179.600000,96863.700000,94011.700000,95375.200000,57658.2820
BTCUSDT,2026.01.14,00:00:00,95375.200000,95670.000000,95082.000000,95665.700000,16464.4910
BTCUSDT,2026.01.14,04:00:00,95665.600000,95755.000000,94413.400000,95166.600000,23449.9180
BTCUSDT,2026.01.14,08:00:00,95166.600000,95288.000000,94700.000000,94763.600000,14291.2890
BTCUSDT,2026.01.14,12:00:00,94763.700000,97100.000000,94643.000000,96691.900000,56131.3290
BTCUSDT,2026.01.14,16:00:00,96691.900000,97733.900000,96180.000000,97221.800000,52868.1590
BTCUSDT,2026.01.14,20:00:00,97221.800000,97932.100000,96666.600000,96907.900000,18838.3050
BTCUSDT,2026.01.15,00:00:00,96908.000000,96960.900000,95733.100000,95943.100000,19713.8740
BTCUSDT,2026.01.15,04:00:00,95943.100000,96744.200000,95909.100000,96601.200000,17931.6600
BTCUSDT,2026.01.15,08:00:00,96601.200000,97155.000000,96243.800000,96548.900000,15485.8990
BTCUSDT,2026.01.15,12:00:00,96548.900000,97100.000000,95403.700000,96717.300000,45603.1320
BTCUSDT,2026.01.15,16:00:00,96717.300000,97047.600000,95080.000000,95469.200000,37698.4410
BTCUSDT,2026.01.15,20:00:00,95469.200000,95837.800000,95089.000000,95567.300000,12771.7350
BTCUSDT,2026.01.16,00:00:00,95567.400000,95825.000000,95279.800000,95319.600000,9561.4700
BTCUSDT,2026.01.16,04:00:00,95319.600000,95790.000000,95111.100000,95608.400000,14107.3500
BTCUSDT,2026.01.16,08:00:00,95608.400000,95805.000000,95210.500000,95382.600000,9683.4420
BTCUSDT,2026.01.16,12:00:00,95382.500000,95763.000000,94234.500000,94537.500000,37520.5600
BTCUSDT,2026.01.16,16:00:00,94537.600000,95191.800000,94454.500000,94961.000000,17146.2360
BTCUSDT,2026.01.16,20:00:00,94961.000000,95550.000000,94630.000000,95503.700000,13199.0310
BTCUSDT,2026.01.17,00:00:00,95503.800000,95536.900000,95136.200000,95324.000000,5524.5050
BTCUSDT,2026.01.17,04:00:00,95324.100000,95346.100000,94999.900000,95061.100000,4766.7760
BTCUSDT,2026.01.17,08:00:00,95061.100000,95287.100000,94977.500000,95283.900000,4032.1620
BTCUSDT,2026.01.17,12:00:00,95283.800000,95621.900000,95152.100000,95529.000000,11191.0270
BTCUSDT,2026.01.17,16:00:00,95529.000000,95529.000000,95165.500000,95258.300000,7792.8510
BTCUSDT,2026.01.17,20:00:00,95258.300000,95373.200000,95000.000000,95107.900000,5661.9120
BTCUSDT,2026.01.18,00:00:00,95107.900000,95200.900000,94819.500000,95155.000000,6600.3690
BTCUSDT,2026.01.18,04:00:00,95155.000000,95236.500000,94980.000000,94989.900000,4813.4360
BTCUSDT,2026.01.18,08:00:00,94989.900000,95257.400000,94980.000000,95133.400000,5147.4280
BTCUSDT,2026.01.18,12:00:00,95133.300000,95326.400000,94850.400000,95067.800000,12660.9490
BTCUSDT,2026.01.18,16:00:00,95067.700000,95485.900000,95024.600000,95335.600000,7763.4760
BTCUSDT,2026.01.18,20:00:00,95335.600000,95490.000000,93550.300000,93614.000000,25594.7350
BTCUSDT,2026.01.19,00:00:00,93614.000000,93614.100000,91800.000000,92656.600000,49990.2630
BTCUSDT,2026.01.19,04:00:00,92656.700000,92810.000000,92344.500000,92787.900000,11351.7180
BTCUSDT,2026.01.19,08:00:00,92787.800000,93312.800000,92635.000000,93136.700000,13800.4150
BTCUSDT,2026.01.19,12:00:00,93136.800000,93188.000000,92660.000000,93013.500000,11142.0960
BTCUSDT,2026.01.19,16:00:00,93013.400000,93379.000000,92888.000000,93066.200000,8569.3930
BTCUSDT,2026.01.19,20:00:00,93066.200000,93312.100000,92116.000000,92589.600000,13383.1710
BTCUSDT,2026.01.20,00:00:00,92589.600000,92845.000000,92200.000000,92397.000000,13853.3130
BTCUSDT,2026.01.20,04:00:00,92396.900000,92440.100000,90723.300000,91136.100000,40101.0840
BTCUSDT,2026.01.20,08:00:00,91136.100000,91415.100000,90622.200000,91185.800000,17642.0890
BTCUSDT,2026.01.20,12:00:00,91185.800000,91344.800000,89819.000000,90644.200000,49534.1900
BTCUSDT,2026.01.20,16:00:00,90644.300000,90944.500000,89250.200000,89694.100000,34730.5220
BTCUSDT,2026.01.20,20:00:00,89694.100000,89824.000000,87787.200000,88390.600000,32215.0020
BTCUSDT,2026.01.21,00:00:00,88390.700000,89568.500000,88218.200000,89396.000000,18898.3180
BTCUSDT,2026.01.21,04:00:00,89395.900000,90088.000000,89045.000000,89171.300000,19315.6610
BTCUSDT,2026.01.21,08:00:00,89171.300000,89449.000000,88614.100000,88757.100000,13506.4720
BTCUSDT,2026.01.21,12:00:00,88757.000000,90599.500000,88109.700000,90237.100000,54268.3870
BTCUSDT,2026.01.21,16:00:00,90237.200000,90427.600000,87205.500000,90321.900000,76317.1330
BTCUSDT,2026.01.21,20:00:00,90321.900000,90349.000000,89317.900000,89411.400000,25776.6440
BTCUSDT,2026.01.22,00:00:00,89411.400000,90327.700000,89411.300000,89857.000000,13517.2440
BTCUSDT,2026.01.22,04:00:00,89856.900000,90170.100000,89750.000000,89772.600000,8495.6660
BTCUSDT,2026.01.22,08:00:00,89772.600000,90123.000000,89701.900000,89909.600000,9239.6770
BTCUSDT,2026.01.22,12:00:00,89909.700000,90309.500000,88465.600000,88953.600000,42054.9560
BTCUSDT,2026.01.22,16:00:00,88953.700000,89882.100000,88630.200000,89732.900000,22922.6540
BTCUSDT,2026.01.22,20:00:00,89732.800000,89908.500000,89095.500000,89518.500000,9684.0240
BTCUSDT,2026.01.23,00:00:00,89518.400000,89948.900000,89400.000000,89886.100000,7103.3100
BTCUSDT,2026.01.23,04:00:00,89886.200000,90050.000000,89358.000000,89497.200000,10350.6490
BTCUSDT,2026.01.23,08:00:00,89497.300000,89590.900000,88823.300000,89171.200000,14039.1120
BTCUSDT,2026.01.23,12:00:00,89171.300000,89847.200000,88530.000000,89711.200000,27156.8100
BTCUSDT,2026.01.23,16:00:00,89711.200000,91195.000000,89438.000000,89938.300000,53329.7380
BTCUSDT,2026.01.23,20:00:00,89938.300000,90124.100000,89163.600000,89558.700000,12846.2310
BTCUSDT,2026.01.24,00:00:00,89558.700000,89893.900000,89383.500000,89738.400000,5898.5490
BTCUSDT,2026.01.24,04:00:00,89738.400000,89820.100000,89530.600000,89581.200000,4004.2450
BTCUSDT,2026.01.24,08:00:00,89581.300000,89659.200000,89539.500000,89548.500000,3259.8330
BTCUSDT,2026.01.24,12:00:00,89548.500000,89554.900000,89131.200000,89235.000000,8263.0390
BTCUSDT,2026.01.24,16:00:00,89234.900000,89425.200000,89116.900000,89286.000000,6341.1090
BTCUSDT,2026.01.24,20:00:00,89286.100000,89444.400000,89155.000000,89180.700000,2969.1620
BTCUSDT,2026.01.25,00:00:00,89180.700000,89281.600000,88800.000000,88920.000000,5837.2060
BTCUSDT,2026.01.25,04:00:00,88920.000000,89057.800000,88600.000000,88630.300000,6941.9230
BTCUSDT,2026.01.25,08:00:00,88630.300000,88727.200000,88084.000000,88531.000000,12171.2950
BTCUSDT,2026.01.25,12:00:00,88530.900000,88947.100000,88306.600000,88406.000000,12877.7540
BTCUSDT,2026.01.25,16:00:00,88406.000000,88410.000000,86100.000000,86459.400000,55909.3700
BTCUSDT,2026.01.25,20:00:00,86459.400000,86966.400000,86021.700000,86628.900000,31141.8150
BTCUSDT,2026.01.26,00:00:00,86628.900000,87922.000000,86463.200000,87233.100000,28640.3030
BTCUSDT,2026.01.26,04:00:00,87233.100000,88059.600000,87188.300000,87968.900000,13632.7500
BTCUSDT,2026.01.26,08:00:00,87969.000000,88367.500000,87556.900000,87810.000000,12963.8500
BTCUSDT,2026.01.26,12:00:00,87810.100000,88834.100000,87278.500000,87609.500000,37919.7820
BTCUSDT,2026.01.26,16:00:00,87609.400000,88496.400000,86960.000000,87965.600000,28639.5120
BTCUSDT,2026.01.26,20:00:00,87965.500000,88637.400000,87506.800000,88300.600000,12813.2940
BTCUSDT,2026.01.27,00:00:00,88300.600000,88880.600000,88157.400000,88744.600000,12771.3720
BTCUSDT,2026.01.27,04:00:00,88744.700000,88983.300000,88239.900000,88287.900000,8861.3680
BTCUSDT,2026.01.27,08:00:00,88288.000000,88365.600000,87707.100000,87947.500000,10960.4540
BTCUSDT,2026.01.27,12:00:00,87947.400000,88418.800000,87530.000000,88000.100000,21717.9110
BTCUSDT,2026.01.27,16:00:00,88000.100000,88836.300000,87265.400000,88378.100000,38341.6830
BTCUSDT,2026.01.27,20:00:00,88378.100000,89499.000000,88335.600000,89197.800000,25273.3260
BTCUSDT,2026.01.28,00:00:00,89197.800000,89454.600000,88932.600000,89079.800000,10026.1930
BTCUSDT,2026.01.28,04:00:00,89079.800000,89366.000000,88786.000000,89106.800000,9710.8070
BTCUSDT,2026.01.28,08:00:00,89106.800000,90122.000000,88831.900000,90036.900000,19303.9040
BTCUSDT,2026.01.28,12:00:00,90036.900000,90444.400000,88852.200000,89444.400000,38056.7030
BTCUSDT,2026.01.28,16:00:00,89444.500000,90592.700000,88974.000000,89363.600000,32992.1340
BTCUSDT,2026.01.28,20:00:00,89363.500000,89880.100000,88829.000000,89261.700000,13795.1180
BTCUSDT,2026.01.29,00:00:00,89261.700000,89316.800000,87650.100000,88003.200000,26173.9560
BTCUSDT,2026.01.29,04:00:00,88003.200000,88394.200000,87863.000000,88310.900000,9421.2940
BTCUSDT,2026.01.29,08:00:00,88310.900000,88461.200000,87711.000000,87795.200000,16008.7500
BTCUSDT,2026.01.29,12:00:00,87795.100000,88133.200000,84335.400000,84898.000000,74469.5150
BTCUSDT,2026.01.29,16:00:00,84897.900000,85596.100000,83338.300000,83979.400000,83125.5530
BTCUSDT,2026.01.29,20:00:00,83979.500000,84699.900000,83785.600000,84604.700000,17562.5230
BTCUSDT,2026.01.30,00:00:00,84604.700000,84697.200000,81000.000000,82640.900000,76402.2390
BTCUSDT,2026.01.30,04:00:00,82640.900000,83300.000000,82021.100000,82770.100000,33705.9290
BTCUSDT,2026.01.30,08:00:00,82770.100000,83280.600000,82108.400000,83104.800000,24459.8590
BTCUSDT,2026.01.30,12:00:00,83104.700000,83779.200000,82328.600000,82850.200000,42061.2000
BTCUSDT,2026.01.30,16:00:00,82850.100000,84599.000000,81832.000000,84200.000000,52992.0280
BTCUSDT,2026.01.30,20:00:00,84199.900000,84487.700000,83501.000000,84211.400000,25173.2610
BTCUSDT,2026.01.31,00:00:00,84211.400000,84239.500000,83775.500000,83987.500000,9341.0510
BTCUSDT,2026.01.31,04:00:00,83987.500000,84110.000000,83368.000000,83514.400000,10028.4440
BTCUSDT,2026.01.31,08:00:00,83514.300000,83598.000000,82530.200000,82983.200000,23221.9210
BTCUSDT,2026.01.31,12:00:00,82983.200000,83115.300000,80754.300000,81268.600000,51733.3600
BTCUSDT,2026.01.31,16:00:00,81268.600000,82200.000000,75500.000000,77707.900000,140211.4770
BTCUSDT,2026.01.31,20:00:00,77707.900000,79200.000000,77037.800000,78706.800000,37012.2580
BTCUSDT,2026.02.01,00:00:00,78706.700000,79396.800000,78245.700000,78826.300000,19245.9760
BTCUSDT,2026.02.01,04:00:00,78826.300000,79094.900000,77899.900000,78320.800000,18661.2170
BTCUSDT,2026.02.01,08:00:00,78320.800000,79194.000000,78099.800000,78712.100000,18582.6500
BTCUSDT,2026.02.01,12:00:00,78712.100000,78732.000000,76752.500000,77563.800000,45953.0150
BTCUSDT,2026.02.01,16:00:00,77563.800000,78421.600000,76950.900000,77142.400000,29864.8840
BTCUSDT,2026.02.01,20:00:00,77142.400000,77753.600000,75644.000000,76931.500000,54676.3380
BTCUSDT,2026.02.02,00:00:00,76931.600000,78111.000000,74555.000000,76256.200000,70032.5180
BTCUSDT,2026.02.02,04:00:00,76256.200000,76930.000000,74853.000000,76612.600000,56149.2610
BTCUSDT,2026.02.02,08:00:00,76612.600000,77937.700000,76576.700000,77716.100000,30912.9950
BTCUSDT,2026.02.02,12:00:00,77716.000000,79311.000000,77515.600000,78800.600000,58953.8800
BTCUSDT,2026.02.02,16:00:00,78800.500000,79248.000000,78234.900000,78299.200000,27195.4350
BTCUSDT,2026.02.02,20:00:00,78299.100000,78935.900000,77843.200000,78692.500000,16402.3250
BTCUSDT,2026.02.03,00:00:00,78692.500000,79163.000000,77566.500000,78710.700000,24856.1200
BTCUSDT,2026.02.03,04:00:00,78710.700000,78967.900000,77900.100000,78749.900000,19860.4970
BTCUSDT,2026.02.03,08:00:00,78750.000000,79049.000000,77900.000000,78040.100000,23203.3970
BTCUSDT,2026.02.03,12:00:00,78040.100000,78425.800000,77000.500000,78094.100000,51447.1220
BTCUSDT,2026.02.03,16:00:00,78094.200000,78101.500000,72889.200000,74893.800000,138235.6310
BTCUSDT,2026.02.03,20:00:00,74893.900000,76920.700000,74541.000000,75732.400000,50122.7490
BTCUSDT,2026.02.04,00:00:00,75732.400000,76952.500000,75420.000000,76661.100000,25230.2930
BTCUSDT,2026.02.04,04:00:00,76661.100000,76809.400000,76072.000000,76478.900000,13166.9270
BTCUSDT,2026.02.04,08:00:00,76478.900000,76568.000000,75629.900000,75987.600000,23832.3700
BTCUSDT,2026.02.04,12:00:00,75987.600000,76245.500000,73756.000000,74107.000000,78049.8450
BTCUSDT,2026.02.04,16:00:00,74107.000000,74211.800000,72101.000000,73895.300000,110739.3610
BTCUSDT,2026.02.04,20:00:00,73895.200000,74141.100000,71838.000000,73137.400000,42105.8430
BTCUSDT,2026.02.05,00:00:00,73137.500000,73316.300000,71111.000000,71198.900000,61677.7960
BTCUSDT,2026.02.05,04:00:00,71199.000000,71600.000000,70085.300000,70716.100000,70629.2460
BTCUSDT,2026.02.05,08:00:00,70716.100000,71944.400000,69862.000000,70279.000000,55156.1370
BTCUSDT,2026.02.05,12:00:00,70279.100000,70848.600000,66666.000000,67451.900000,168792.6750
BTCUSDT,2026.02.05,16:00:00,67452.000000,68667.400000,65160.000000,65237.400000,138785.2420
BTCUSDT,2026.02.05,20:00:00,65237.500000,65678.100000,62233.300000,62868.100000,175048.6450
BTCUSDT,2026.02.06,00:00:00,62868.100000,65969.500000,59800.000000,64138.100000,176970.3080
BTCUSDT,2026.02.06,04:00:00,64138.100000,66783.000000,63924.700000,64811.200000,70097.9680
BTCUSDT,2026.02.06,08:00:00,64811.200000,66773.400000,64438.900000,66586.100000,54110.7480
BTCUSDT,2026.02.06,12:00:00,66586.100000,69157.900000,66072.000000,68577.500000,105687.0510
BTCUSDT,2026.02.06,16:00:00,68577.500000,71451.600000,68348.000000,70675.500000,107975.2960
BTCUSDT,2026.02.06,20:00:00,70675.500000,71714.400000,69764.700000,70544.500000,44341.3980
BTCUSDT,2026.02.07,00:00:00,70544.500000,70899.500000,69674.500000,70887.100000,31855.7550
BTCUSDT,2026.02.07,04:00:00,70887.200000,71690.000000,67250.000000,68050.500000,88703.1500
BTCUSDT,2026.02.07,08:00:00,68050.500000,68797.800000,67550.200000,67935.100000,39834.1450
BTCUSDT,2026.02.07,12:00:00,67935.000000,70000.000000,67870.200000,69122.100000,59726.3790
BTCUSDT,2026.02.07,16:00:00,69122.100000,69887.700000,68478.100000,69341.400000,34087.2550
BTCUSDT,2026.02.07,20:00:00,69341.300000,69688.200000,68734.600000,69254.200000,12456.9670
BTCUSDT,2026.02.08,00:00:00,69254.300000,69666.000000,68843.700000,69064.700000,14911.6520
BTCUSDT,2026.02.08,04:00:00,69064.700000,69693.000000,68928.000000,69665.000000,12103.4350
BTCUSDT,2026.02.08,08:00:00,69665.100000,71199.900000,69467.900000,70954.000000,43821.8480
BTCUSDT,2026.02.08,12:00:00,70954.000000,71524.900000,70653.000000,71152.600000,28255.2440
BTCUSDT,2026.02.08,16:00:00,71152.500000,71480.000000,70220.100000,71381.000000,23445.8720
BTCUSDT,2026.02.08,20:00:00,71381.000000,72300.000000,69913.300000,70288.100000,40215.5360
BTCUSDT,2026.02.09,00:00:00,70288.200000,71434.900000,70013.300000,71269.900000,28075.1390
BTCUSDT,2026.02.09,04:00:00,71269.800000,71320.000000,70251.100000,70393.500000,19162.9870
BTCUSDT,2026.02.09,08:00:00,70393.500000,70583.300000,68373.900000,68899.900000,49010.9820
BTCUSDT,2026.02.09,12:00:00,68900.000000,69843.700000,68271.700000,69528.900000,56527.8190
BTCUSDT,2026.02.09,16:00:00,69528.900000,71041.000000,69050.000000,70912.700000,46984.6230
BTCUSDT,2026.02.09,20:00:00,70912.600000,71085.000000,69776.100000,70110.500000,22681.2780
BTCUSDT,2026.02.10,00:00:00,70110.600000,70499.900000,69155.800000,69473.300000,22533.1070
BTCUSDT,2026.02.10,04:00:00,69473.200000,69886.100000,68633.300000,68882.100000,26911.3540
BTCUSDT,2026.02.10,08:00:00,68882.200000,69376.300000,68406.400000,68489.900000,24790.4360
BTCUSDT,2026.02.10,12:00:00,68489.900000,69554.700000,67883.000000,69251.500000,61160.0360
BTCUSDT,2026.02.10,16:00:00,69251.400000,69957.900000,68555.600000,69031.400000,34739.1850
BTCUSDT,2026.02.10,20:00:00,69031.300000,69116.900000,68322.100000,68805.300000,13738.4910
BTCUSDT,2026.02.11,00:00:00,68805.300000,69262.700000,67951.800000,68143.600000,19145.1970
BTCUSDT,2026.02.11,04:00:00,68143.600000,68288.000000,66511.000000,67000.000000,43120.5600
BTCUSDT,2026.02.11,08:00:00,67000.000000,67094.400000,66342.600000,67023.000000,25236.6620
BTCUSDT,2026.02.11,12:00:00,67022.900000,68821.100000,65718.500000,66489.300000,94588.8300
BTCUSDT,2026.02.11,16:00:00,66489.400000,67831.400000,65834.500000,67547.700000,47502.5110
BTCUSDT,2026.02.11,20:00:00,67547.600000,68315.000000,66757.400000,67054.400000,27031.7640
BTCUSDT,2026.02.12,00:00:00,67054.800000,68021.000000,67016.600000,67550.200000,19130.0740
BTCUSDT,2026.02.12,04:00:00,67550.300000,67659.600000,66640.000000,67181.500000,17969.2160
BTCUSDT,2026.02.12,08:00:00,67181.500000,68265.500000,66860.000000,68031.800000,23709.8270
BTCUSDT,2026.02.12,12:00:00,68031.800000,68385.000000,66958.000000,67107.000000,45122.5580
BTCUSDT,2026.02.12,16:00:00,67107.000000,67221.900000,65081.000000,65760.700000,70971.6920
BTCUSDT,2026.02.12,20:00:00,65760.700000,66460.800000,65177.800000,66243.100000,23089.8920
BTCUSDT,2026.02.13,00:00:00,66243.200000,66778.500000,65833.900000,66519.600000,18050.4650
BTCUSDT,2026.02.13,04:00:00,66519.600000,66650.200000,65964.200000,66183.300000,15780.8380
BTCUSDT,2026.02.13,08:00:00,66183.300000,67196.800000,66159.900000,67137.800000,22860.4380
BTCUSDT,2026.02.13,12:00:00,67137.800000,69289.500000,66823.600000,68652.000000,71464.1500
BTCUSDT,2026.02.13,16:00:00,68652.100000,69473.700000,68500.000000,68904.200000,38164.2590
BTCUSDT,2026.02.13,20:00:00,68904.300000,69055.900000,68639.700000,68821.500000,16723.1390
BTCUSDT,2026.02.14,00:00:00,68821.500000,69118.100000,68736.200000,68947.700000,9642.6970
BTCUSDT,2026.02.14,04:00:00,68947.700000,69318.200000,68689.100000,69182.200000,9127.3850
BTCUSDT,2026.02.14,08:00:00,69182.100000,70557.700000,69174.500000,70464.800000,27428.7720
BTCUSDT,2026.02.14,12:00:00,70464.800000,70499.400000,69163.700000,69754.200000,36370.3670
BTCUSDT,2026.02.14,16:00:00,69754.200000,69903.300000,69259.100000,69849.000000,15953.4440
BTCUSDT,2026.02.14,20:00:00,69848.900000,70230.600000,69600.000000,69795.400000,16011.5810
BTCUSDT,2026.02.15,00:00:00,69795.400000,69967.400000,69212.200000,69926.000000,18571.8970
BTCUSDT,2026.02.15,04:00:00,69925.900000,70907.700000,69925.900000,70784.000000,26247.3720
BTCUSDT,2026.02.15,08:00:00,70784.000000,70938.500000,70114.800000,70268.700000,18316.8030
BTCUSDT,2026.02.15,12:00:00,70268.600000,70391.000000,68741.400000,69068.100000,41787.0490
BTCUSDT,2026.02.15,16:00:00,69068.100000,69074.000000,68029.600000,68263.600000,30584.2190
BTCUSDT,2026.02.15,20:00:00,68263.700000,69049.200000,68100.200000,68796.900000,15742.7900
BTCUSDT,2026.02.16,00:00:00,68796.900000,69033.600000,68112.200000,68392.600000,13437.4390
BTCUSDT,2026.02.16,04:00:00,68392.600000,68869.800000,68183.300000,68552.400000,12323.4890
BTCUSDT,2026.02.16,08:00:00,68552.500000,69029.900000,68300.000000,68769.400000,15845.7830
BTCUSDT,2026.02.16,12:00:00,68769.400000,70110.900000,67250.000000,67505.500000,69582.4440
BTCUSDT,2026.02.16,16:00:00,67505.500000,68221.700000,67475.000000,67883.600000,20666.7190
BTCUSDT,2026.02.16,20:00:00,67883.500000,68962.100000,67788.600000,68862.500000,17723.8740
BTCUSDT,2026.02.17,00:00:00,68862.600000,69228.600000,68350.000000,68443.600000,16477.8770
BTCUSDT,2026.02.17,04:00:00,68443.600000,68681.800000,67854.200000,68353.400000,15435.4940
BTCUSDT,2026.02.17,08:00:00,68353.400000,68445.800000,67655.000000,67824.400000,15199.4710
BTCUSDT,2026.02.17,12:00:00,67824.300000,68350.000000,66588.000000,67363.600000,51182.9080
BTCUSDT,2026.02.17,16:00:00,67363.600000,68220.100000,66824.500000,67766.900000,40921.1000
BTCUSDT,2026.02.17,20:00:00,67766.900000,67897.600000,67355.700000,67475.900000,9968.2720
BTCUSDT,2026.02.18,00:00:00,67475.900000,67683.400000,66850.100000,67590.200000,13859.4570
BTCUSDT,2026.02.18,04:00:00,67590.300000,68190.200000,67456.600000,68078.400000,13751.3650
BTCUSDT,2026.02.18,08:00:00,68078.500000,68438.000000,67037.200000,67345.400000,27303.0810
BTCUSDT,2026.02.18,12:00:00,67345.400000,68336.000000,66666.200000,67671.000000,43142.8290
BTCUSDT,2026.02.18,16:00:00,67671.100000,67684.600000,65826.100000,66138.200000,48354.0520
BTCUSDT,2026.02.18,20:00:00,66138.300000,66528.800000,65993.100000,66422.800000,17562.6070
BTCUSDT,2026.02.19,00:00:00,66422.800000,66975.000000,66301.800000,66950.400000,11949.4310
BTCUSDT,2026.02.19,04:00:00,66950.400000,67299.400000,66651.800000,67180.400000,12987.8310
BTCUSDT,2026.02.19,08:00:00,67180.400000,67180.400000,66431.100000,66468.900000,17634.6090
BTCUSDT,2026.02.19,12:00:00,66468.800000,66723.000000,65595.700000,66362.700000,53345.6650
BTCUSDT,2026.02.19,16:00:00,66362.600000,67174.000000,65863.800000,67022.900000,39321.6980
BTCUSDT,2026.02.19,20:00:00,67022.800000,67147.800000,66618.200000,66974.000000,12193.3670
BTCUSDT,2026.02.20,00:00:00,66973.900000,67490.000000,66912.400000,67327.200000,16163.0930
BTCUSDT,2026.02.20,04:00:00,67327.200000,67999.900000,67079.300000,67794.700000,23131.3920
BTCUSDT,2026.02.20,08:00:00,67794.800000,68283.700000,67250.000000,67290.500000,27634.0240
BTCUSDT,2026.02.20,12:00:00,67290.400000,68099.900000,66408.100000,67547.600000,89010.8720
BTCUSDT,2026.02.20,16:00:00,67547.600000,67998.900000,66915.000000,67616.500000,53992.0450
BTCUSDT,2026.02.20,20:00:00,67616.500000,68220.000000,67486.600000,67979.300000,15372.5450
BTCUSDT,2026.02.21,00:00:00,67979.300000,68079.000000,67488.900000,67637.000000,13484.3850
BTCUSDT,2026.02.21,04:00:00,67636.900000,67899.000000,67555.200000,67821.000000,6835.0560
BTCUSDT,2026.02.21,08:00:00,67821.000000,68280.000000,67776.200000,68060.900000,16424.9150
BTCUSDT,2026.02.21,12:00:00,68061.000000,68687.000000,67882.800000,68571.500000,21938.8330
BTCUSDT,2026.02.21,16:00:00,68571.500000,68632.500000,68066.000000,68516.300000,16510.5630
BTCUSDT,2026.02.21,20:00:00,68516.300000,68568.100000,67860.000000,67933.100000,12301.7410
BTCUSDT,2026.02.22,00:00:00,67933.200000,68198.500000,67763.700000,68010.500000,12501.0710
BTCUSDT,2026.02.22,04:00:00,68010.500000,68204.300000,67850.400000,67973.000000,8942.5860
BTCUSDT,2026.02.22,08:00:00,67973.000000,68220.000000,67877.000000,68183.400000,9086.0000
BTCUSDT,2026.02.22,12:00:00,68183.400000,68205.100000,67275.000000,67659.900000,31174.3440
BTCUSDT,2026.02.22,16:00:00,67660.000000,67712.000000,67150.000000,67402.200000,12981.1350
BTCUSDT,2026.02.22,20:00:00,67402.100000,67728.000000,67324.100000,67613.500000,9658.2860
BTCUSDT,2026.02.23,00:00:00,67613.600000,67655.800000,64232.800000,64894.000000,89086.8730
BTCUSDT,2026.02.23,04:00:00,64894.100000,65980.000000,64628.500000,65915.800000,31480.8660
BTCUSDT,2026.02.23,08:00:00,65915.700000,66574.500000,65534.600000,66170.800000,30726.7870
BTCUSDT,2026.02.23,12:00:00,66170.800000,66490.000000,65500.000000,65633.100000,44068.0510
BTCUSDT,2026.02.23,16:00:00,65633.100000,65701.200000,64050.000000,64273.900000,57061.8360
BTCUSDT,2026.02.23,20:00:00,64273.900000,64989.000000,63860.000000,64625.800000,24726.8830
BTCUSDT,2026.02.24,00:00:00,64625.800000,64980.000000,63303.900000,63570.500000,44780.7550
BTCUSDT,2026.02.24,04:00:00,63570.500000,63606.300000,62655.000000,63155.300000,43162.0990
BTCUSDT,2026.02.24,08:00:00,63155.400000,63432.400000,62900.000000,63192.200000,17864.3500
BTCUSDT,2026.02.24,12:00:00,63192.100000,63993.100000,62401.700000,63933.400000,55745.7360
BTCUSDT,2026.02.24,16:00:00,63933.400000,64719.100000,63664.800000,64405.400000,44265.1280
BTCUSDT,2026.02.24,20:00:00,64405.400000,64566.500000,63769.200000,64031.300000,17332.5010
BTCUSDT,2026.02.25,00:00:00,64031.400000,66283.100000,63876.000000,65361.700000,56855.0850
BTCUSDT,2026.02.25,04:00:00,65361.700000,65627.500000,64720.400000,65001.100000,26612.5130
BTCUSDT,2026.02.25,08:00:00,65001.200000,65674.100000,64929.700000,65396.700000,19061.5810
BTCUSDT,2026.02.25,12:00:00,65396.600000,67548.000000,65280.100000,67362.300000,69345.3220
BTCUSDT,2026.02.25,16:00:00,67362.400000,69531.300000,67354.200000,69005.200000,77165.8380
BTCUSDT,2026.02.25,20:00:00,69005.200000,69999.000000,67557.000000,67952.500000,50198.4790
BTCUSDT,2026.02.26,00:00:00,67952.500000,68666.000000,67690.100000,68187.500000,24179.2460
BTCUSDT,2026.02.26,04:00:00,68187.400000,68850.000000,67780.000000,67800.000000,20005.1730
BTCUSDT,2026.02.26,08:00:00,67800.000000,68689.700000,67750.000000,68025.200000,23034.0150
BTCUSDT,2026.02.26,12:00:00,68025.200000,68270.900000,66730.700000,67353.400000,50416.3840
BTCUSDT,2026.02.26,16:00:00,67353.300000,67888.000000,66462.000000,67550.700000,47321.7250
BTCUSDT,2026.02.26,20:00:00,67550.700000,67790.100000,67114.000000,67448.200000,12880.5120
BTCUSDT,2026.02.27,00:00:00,67448.100000,67670.000000,66841.600000,67557.400000,22307.8660
BTCUSDT,2026.02.27,04:00:00,67557.400000,68188.800000,67417.400000,67644.100000,22791.1610
BTCUSDT,2026.02.27,08:00:00,67644.100000,68127.800000,65923.000000,66094.100000,50214.1130
BTCUSDT,2026.02.27,12:00:00,66094.000000,66320.000000,65626.100000,66072.600000,53927.2860
BTCUSDT,2026.02.27,16:00:00,66072.500000,66095.200000,65080.000000,65365.400000,37731.7940
BTCUSDT,2026.02.27,20:00:00,65365.400000,65921.700000,64875.600000,65836.000000,18985.1440
BTCUSDT,2026.02.28,00:00:00,65836.000000,65994.700000,65681.900000,65763.800000,10665.0440
BTCUSDT,2026.02.28,04:00:00,65763.800000,65786.800000,62979.500000,63788.400000,77198.2770
BTCUSDT,2026.02.28,08:00:00,63787.400000,64267.900000,63313.900000,63810.400000,35913.7130
BTCUSDT,2026.02.28,12:00:00,63810.400000,65335.800000,63782.200000,64800.000000,55609.0390
BTCUSDT,2026.02.28,16:00:00,64800.100000,66642.800000,64635.000000,66318.100000,39161.2540
BTCUSDT,2026.02.28,20:00:00,66318.100000,67735.000000,66150.000000,66937.100000,39375.4590
BTCUSDT,2026.03.01,00:00:00,66937.000000,68189.000000,65812.000000,67474.700000,56559.8640
BTCUSDT,2026.03.01,04:00:00,67474.800000,67582.200000,66757.200000,67113.900000,24461.6090
BTCUSDT,2026.03.01,08:00:00,67114.000000,67275.500000,66160.400000,66439.000000,25330.0420
BTCUSDT,2026.03.01,12:00:00,66439.000000,67333.000000,66100.000000,66810.800000,31465.6410
BTCUSDT,2026.03.01,16:00:00,66810.800000,67083.000000,65681.300000,65926.000000,39092.2820
BTCUSDT,2026.03.01,20:00:00,65925.900000,66888.000000,65011.000000,65750.000000,42201.9980
BTCUSDT,2026.03.02,00:00:00,65749.900000,67082.500000,65726.000000,66787.300000,30045.7330
BTCUSDT,2026.03.02,04:00:00,66787.300000,66966.000000,65509.000000,65981.300000,23909.5600
BTCUSDT,2026.03.02,08:00:00,65981.200000,66707.500000,65612.400000,66329.900000,25846.4740
BTCUSDT,2026.03.02,12:00:00,66329.800000,69588.000000,65234.400000,69089.100000,100518.3100
BTCUSDT,2026.03.02,16:00:00,69089.100000,70100.000000,68519.800000,68928.400000,69288.6100
BTCUSDT,2026.03.02,20:00:00,68928.400000,69500.000000,68529.500000,68801.800000,27769.3450
BTCUSDT,2026.03.03,00:00:00,68801.800000,69221.600000,68142.100000,68349.300000,24654.0080
BTCUSDT,2026.03.03,04:00:00,68349.400000,68561.900000,67759.600000,68138.300000,25184.3260
BTCUSDT,2026.03.03,08:00:00,68138.200000,68281.600000,66270.700000,67000.000000,57583.2520
BTCUSDT,2026.03.03,12:00:00,67000.000000,68000.000000,66080.000000,67692.500000,67933.0270
BTCUSDT,2026.03.03,16:00:00,67692.500000,68972.900000,67440.000000,68395.900000,61502.2230
BTCUSDT,2026.03.03,20:00:00,68395.900000,68821.500000,67778.400000,68295.300000,20613.0640
BTCUSDT,2026.03.04,00:00:00,68295.200000,68887.900000,67350.000000,67700.100000,33692.8280
BTCUSDT,2026.03.04,04:00:00,67700.100000,69676.400000,67421.900000,69464.500000,39330.7950
BTCUSDT,2026.03.04,08:00:00,69464.500000,71887.900000,69100.200000,71082.400000,94611.1320
BTCUSDT,2026.03.04,12:00:00,71082.300000,73436.400000,70559.700000,73339.700000,92618.5000
BTCUSDT,2026.03.04,16:00:00,73339.700000,74046.500000,72467.200000,73580.200000,67026.0080
BTCUSDT,2026.03.04,20:00:00,73580.300000,73678.200000,72273.000000,72641.400000,29864.2330
BTCUSDT,2026.03.05,00:00:00,72641.400000,73295.700000,72300.000000,72469.600000,23591.6850
BTCUSDT,2026.03.05,04:00:00,72469.500000,73060.000000,71740.000000,72025.500000,32629.0870
BTCUSDT,2026.03.05,08:00:00,72025.400000,73539.100000,71716.300000,72879.900000,38402.5120
BTCUSDT,2026.03.05,12:00:00,72880.000000,73032.000000,71136.200000,71611.700000,62191.8870
BTCUSDT,2026.03.05,16:00:00,71611.700000,71620.600000,70612.800000,70875.500000,50962.2850
BTCUSDT,2026.03.05,20:00:00,70875.500000,71530.400000,70737.900000,70854.800000,18390.8240
BTCUSDT,2026.03.06,00:00:00,70854.800000,71387.500000,70339.600000,71045.400000,23279.9200
BTCUSDT,2026.03.06,04:00:00,71045.400000,71168.000000,70100.000000,71026.700000,29611.9840
BTCUSDT,2026.03.06,08:00:00,71026.700000,71035.300000,70164.900000,70185.600000,25068.9660
BTCUSDT,2026.03.06,12:00:00,70185.600000,70328.500000,68121.600000,68468.400000,84732.6120
BTCUSDT,2026.03.06,16:00:00,68468.300000,68759.500000,67712.300000,68101.000000,34900.4670
BTCUSDT,2026.03.06,20:00:00,68100.900000,68406.600000,67731.000000,68083.000000,15788.7540
BTCUSDT,2026.03.07,00:00:00,68083.000000,68524.900000,68018.700000,68063.200000,14174.6590
BTCUSDT,2026.03.07,04:00:00,68063.300000,68130.700000,67411.000000,67809.400000,20253.7610
BTCUSDT,2026.03.07,08:00:00,67809.500000,68215.600000,67675.000000,67975.900000,13839.0880
BTCUSDT,2026.03.07,12:00:00,67976.000000,68061.100000,67568.400000,67844.800000,13378.4130
BTCUSDT,2026.03.07,16:00:00,67844.800000,67913.600000,66850.100000,67042.600000,19525.4900
BTCUSDT,2026.03.07,20:00:00,67042.600000,67445.900000,67028.000000,67232.100000,13398.7510
BTCUSDT,2026.03.08,00:00:00,67232.100000,67459.000000,66720.800000,66974.900000,16885.3890
BTCUSDT,2026.03.08,04:00:00,66974.900000,67430.000000,66508.000000,67277.200000,18554.0590
BTCUSDT,2026.03.08,08:00:00,67277.100000,68171.600000,67121.100000,67490.000000,27801.8770
BTCUSDT,2026.03.08,12:00:00,67490.100000,67623.000000,66730.000000,67174.700000,27339.6040
BTCUSDT,2026.03.08,16:00:00,67174.600000,67459.200000,66707.000000,67299.000000,18854.8360
BTCUSDT,2026.03.08,20:00:00,67299.000000,67496.400000,65569.200000,65934.300000,46312.2080
BTCUSDT,2026.03.09,00:00:00,65934.300000,67646.000000,65770.500000,67165.300000,41435.9830
BTCUSDT,2026.03.09,04:00:00,67165.300000,68038.400000,66833.900000,67504.800000,42658.6860
BTCUSDT,2026.03.09,08:00:00,67504.900000,68441.500000,67301.000000,67723.300000,33413.8170
BTCUSDT,2026.03.09,12:00:00,67723.300000,69449.100000,67714.200000,68832.300000,64501.0760
BTCUSDT,2026.03.09,16:00:00,68832.400000,69498.000000,68200.100000,68951.800000,39934.4680
BTCUSDT,2026.03.09,20:00:00,68951.800000,69100.200000,68333.000000,68394.100000,15267.5170
BTCUSDT,2026.03.10,00:00:00,68394.000000,70555.000000,68345.000000,69391.000000,51529.4420
BTCUSDT,2026.03.10,04:00:00,69391.000000,70500.000000,69391.000000,70374.700000,28318.5640
BTCUSDT,2026.03.10,08:00:00,70374.700000,71272.400000,70332.200000,70570.100000,38904.1330
BTCUSDT,2026.03.10,12:00:00,70570.100000,71748.100000,69184.800000,71296.900000,79824.0410
BTCUSDT,2026.03.10,16:00:00,71296.900000,71665.800000,69688.000000,70005.200000,43473.6790
BTCUSDT,2026.03.10,20:00:00,70005.100000,70375.400000,69388.000000,69901.900000,23624.6250
BTCUSDT,2026.03.11,00:00:00,69901.800000,70139.600000,69455.600000,69517.000000,19934.4110
BTCUSDT,2026.03.11,04:00:00,69517.000000,70249.100000,69329.700000,69622.100000,22428.7450
BTCUSDT,2026.03.11,08:00:00,69622.200000,69750.000000,69098.000000,69144.000000,19591.5710
BTCUSDT,2026.03.11,12:00:00,69144.000000,71060.700000,68932.900000,70186.900000,81262.5200
BTCUSDT,2026.03.11,16:00:00,70187.000000,71286.000000,70093.200000,70600.800000,37304.8340
BTCUSDT,2026.03.11,20:00:00,70600.700000,70931.900000,70078.600000,70150.000000,15105.8750
BTCUSDT,2026.03.12,00:00:00,70150.000000,70314.100000,69180.000000,69402.600000,24677.5820
BTCUSDT,2026.03.12,04:00:00,69402.600000,69818.800000,69150.000000,69782.600000,17621.8300
BTCUSDT,2026.03.12,08:00:00,69782.700000,70756.500000,69540.900000,70388.500000,35040.6950
BTCUSDT,2026.03.12,12:00:00,70388.600000,70625.000000,69303.800000,70282.900000,60362.2800
BTCUSDT,2026.03.12,16:00:00,70282.800000,70530.000000,69725.000000,70393.700000,33038.9450
BTCUSDT,2026.03.12,20:00:00,70393.700000,70727.900000,69974.700000,70480.100000,15749.2610
BTCUSDT,2026.03.13,00:00:00,70480.100000,71979.200000,70342.700000,71366.300000,49074.5950
BTCUSDT,2026.03.13,04:00:00,71366.300000,71649.700000,71150.000000,71585.300000,22770.5780
BTCUSDT,2026.03.13,08:00:00,71585.200000,72547.000000,71347.100000,72189.900000,43793.5340
BTCUSDT,2026.03.13,12:00:00,72189.800000,73870.000000,71700.000000,71800.000000,95514.6040
BTCUSDT,2026.03.13,16:00:00,71800.100000,72215.100000,70811.000000,71148.000000,67789.5710
BTCUSDT,2026.03.13,20:00:00,71148.100000,71452.100000,70510.800000,70895.500000,21289.2390
BTCUSDT,2026.03.14,00:00:00,70895.500000,71141.700000,70436.200000,71034.300000,17911.2980
BTCUSDT,2026.03.14,04:00:00,71034.300000,71272.300000,70256.000000,70565.600000,20769.7390
BTCUSDT,2026.03.14,08:00:00,70565.600000,70745.100000,70350.000000,70705.000000,11804.1180
BTCUSDT,2026.03.14,12:00:00,70705.000000,70914.600000,70444.100000,70554.600000,12725.5910
BTCUSDT,2026.03.14,16:00:00,70554.700000,70707.900000,70455.600000,70664.100000,5710.8450
BTCUSDT,2026.03.14,20:00:00,70664.100000,71221.900000,70607.700000,71174.400000,10361.4230
BTCUSDT,2026.03.15,00:00:00,71174.400000,71599.900000,70815.700000,71314.800000,17119.6700
BTCUSDT,2026.03.15,04:00:00,71314.800000,71750.000000,71277.100000,71420.800000,16031.4210
BTCUSDT,2026.03.15,08:00:00,71420.800000,71897.900000,71420.800000,71800.000000,14103.1410
BTCUSDT,2026.03.15,12:00:00,71800.100000,71800.100000,71220.100000,71444.400000,19469.9660
BTCUSDT,2026.03.15,16:00:00,71444.400000,71971.800000,71275.000000,71515.200000,17115.4990
BTCUSDT,2026.03.15,20:00:00,71515.200000,73199.900000,71396.400000,72778.900000,42634.5450
BTCUSDT,2026.03.16,00:00:00,72778.800000,74307.300000,72235.600000,73539.500000,50880.9210
BTCUSDT,2026.03.16,04:00:00,73539.500000,74444.000000,73345.900000,73427.700000,55945.1570
BTCUSDT,2026.03.16,08:00:00,73427.800000,73856.600000,72841.900000,73515.300000,30983.2370
BTCUSDT,2026.03.16,12:00:00,73515.300000,74481.500000,72926.400000,73240.200000,65250.4060
BTCUSDT,2026.03.16,16:00:00,73240.200000,74399.900000,73122.000000,73928.800000,31945.3770
BTCUSDT,2026.03.16,20:00:00,73928.800000,74880.000000,73819.000000,74846.400000,34071.8920
BTCUSDT,2026.03.17,00:00:00,74846.400000,75998.900000,74231.600000,74424.900000,58475.8280
BTCUSDT,2026.03.17,04:00:00,74424.900000,74652.200000,73723.400000,74212.700000,34915.0280
BTCUSDT,2026.03.17,08:00:00,74212.800000,74418.500000,73512.000000,73997.100000,29483.9150
BTCUSDT,2026.03.17,12:00:00,73997.100000,74856.200000,73330.300000,73878.500000,51694.1240
BTCUSDT,2026.03.17,16:00:00,73878.500000,74763.600000,73826.800000,74460.800000,27312.2170
BTCUSDT,2026.03.17,20:00:00,74460.800000,74777.000000,73829.500000,73872.400000,16397.8610
BTCUSDT,2026.03.18,00:00:00,73872.300000,74633.000000,73492.000000,74414.600000,17853.0870
BTCUSDT,2026.03.18,04:00:00,74414.700000,74455.700000,73636.500000,73840.000000,16057.3170
BTCUSDT,2026.03.18,08:00:00,73840.100000,74246.200000,72731.600000,72906.400000,34321.7460
BTCUSDT,2026.03.18,12:00:00,72906.400000,72947.400000,70821.200000,71436.400000,94292.6450
BTCUSDT,2026.03.18,16:00:00,71436.300000,71980.500000,70858.300000,71030.300000,40790.4970
BTCUSDT,2026.03.18,20:00:00,71030.300000,71438.100000,70456.000000,71202.900000,23440.1770
BTCUSDT,2026.03.19,00:00:00,71202.900000,71598.300000,70858.400000,71180.000000,16806.3000
BTCUSDT,2026.03.19,04:00:00,71180.000000,71180.000000,69421.100000,70145.100000,45952.4110
BTCUSDT,2026.03.19,08:00:00,70145.000000,70535.000000,69860.300000,69926.800000,28698.4260
BTCUSDT,2026.03.19,12:00:00,69926.800000,70144.600000,68750.000000,69372.700000,72865.9330
BTCUSDT,2026.03.19,16:00:00,69372.800000,70563.500000,69065.400000,70233.100000,36895.0210
BTCUSDT,2026.03.19,20:00:00,70233.000000,70655.200000,69677.100000,69887.400000,17428.0860
BTCUSDT,2026.03.20,00:00:00,69887.400000,70777.000000,69801.300000,70696.100000,18120.1730
BTCUSDT,2026.03.20,04:00:00,70696.100000,70944.900000,70161.000000,70811.900000,21998.6280
BTCUSDT,2026.03.20,08:00:00,70812.000000,71342.200000,70175.000000,70439.900000,35467.8650
BTCUSDT,2026.03.20,12:00:00,70440.000000,70647.500000,69450.000000,69829.500000,61685.7720
BTCUSDT,2026.03.20,16:00:00,69829.500000,70161.000000,69350.000000,70141.900000,28032.4960
BTCUSDT,2026.03.20,20:00:00,70141.900000,70888.000000,69701.300000,70472.700000,20936.5830
BTCUSDT,2026.03.21,00:00:00,70472.600000,70803.100000,70403.200000,70638.000000,8766.8700
BTCUSDT,2026.03.21,04:00:00,70637.900000,70849.200000,70582.700000,70687.300000,8316.4000
BTCUSDT,2026.03.21,08:00:00,70687.400000,70721.700000,70455.600000,70618.300000,8839.5460
BTCUSDT,2026.03.21,12:00:00,70618.200000,71077.700000,70420.000000,70599.100000,14845.4330
BTCUSDT,2026.03.21,16:00:00,70599.100000,70620.200000,70163.000000,70365.900000,10277.6050
BTCUSDT,2026.03.21,20:00:00,70365.800000,70482.200000,68511.300000,68881.500000,23039.0320
BTCUSDT,2026.03.22,00:00:00,68881.500000,69555.800000,68189.000000,69307.000000,35724.3480
BTCUSDT,2026.03.22,04:00:00,69307.100000,69493.200000,68846.400000,68884.500000,13159.0530
BTCUSDT,2026.03.22,08:00:00,68884.500000,68950.000000,68030.000000,68177.000000,22401.8310
BTCUSDT,2026.03.22,12:00:00,68177.000000,69000.000000,68153.100000,68814.900000,20510.7020
BTCUSDT,2026.03.22,16:00:00,68814.900000,68852.300000,68108.000000,68170.600000,11335.9850
BTCUSDT,2026.03.22,20:00:00,68170.600000,68470.600000,67300.000000,67830.600000,31748.6450
BTCUSDT,2026.03.23,00:00:00,67830.700000,68555.500000,67400.100000,68045.100000,25498.7320
BTCUSDT,2026.03.23,04:00:00,68045.200000,68872.400000,67456.700000,68306.000000,38017.8080
BTCUSDT,2026.03.23,08:00:00,68305.900000,71468.000000,67880.000000,70097.300000,98820.4290
BTCUSDT,2026.03.23,12:00:00,70097.200000,71789.800000,69644.000000,70112.200000,82230.7080
BTCUSDT,2026.03.23,16:00:00,70112.200000,71232.000000,70100.500000,70647.100000,33568.0000
BTCUSDT,2026.03.23,20:00:00,70647.100000,70976.300000,70370.000000,70865.900000,12964.0010
BTCUSDT,2026.03.24,00:00:00,70866.000000,71080.000000,70232.000000,70512.100000,16904.6040
BTCUSDT,2026.03.24,04:00:00,70512.100000,71377.500000,70075.500000,71255.200000,25264.5190
BTCUSDT,2026.03.24,08:00:00,71255.200000,71339.800000,70812.700000,71116.400000,20900.6660
BTCUSDT,2026.03.24,12:00:00,71116.400000,71144.000000,69467.800000,69837.700000,60563.2640
BTCUSDT,2026.03.24,16:00:00,69837.600000,69979.000000,68884.500000,69342.600000,40454.9560
BTCUSDT,2026.03.24,20:00:00,69342.600000,70800.000000,69257.900000,70523.900000,32103.9410
BTCUSDT,2026.03.25,00:00:00,70524.000000,71028.000000,70375.000000,70689.300000,20167.7410
BTCUSDT,2026.03.25,04:00:00,70689.200000,71319.900000,70659.900000,70900.000000,20176.1910
BTCUSDT,2026.03.25,08:00:00,70899.900000,71999.900000,70752.500000,71650.300000,31609.8850
BTCUSDT,2026.03.25,12:00:00,71650.300000,71933.300000,70531.400000,70792.400000,50063.9070
BTCUSDT,2026.03.25,16:00:00,70792.400000,71742.200000,70623.400000,70853.200000,30523.0440
BTCUSDT,2026.03.25,20:00:00,70853.300000,71606.000000,70603.000000,71297.500000,13975.0810
BTCUSDT,2026.03.26,00:00:00,71297.500000,71408.100000,70640.000000,70881.900000,15369.3740
BTCUSDT,2026.03.26,04:00:00,70882.000000,70882.000000,69722.600000,70053.800000,28170.7390
BTCUSDT,2026.03.26,08:00:00,70053.800000,70131.500000,69127.200000,69239.300000,31299.4480
BTCUSDT,2026.03.26,12:00:00,69239.300000,69872.200000,68553.400000,69054.800000,49114.5000
BTCUSDT,2026.03.26,16:00:00,69054.900000,69138.800000,68115.800000,68502.700000,32420.8660
BTCUSDT,2026.03.26,20:00:00,68502.700000,69466.600000,68378.500000,68788.000000,30098.6870
BTCUSDT,2026.03.27,00:00:00,68788.100000,69142.700000,68458.500000,68728.800000,15782.4470
BTCUSDT,2026.03.27,04:00:00,68728.800000,68925.000000,68257.200000,68501.700000,22617.5610
BTCUSDT,2026.03.27,08:00:00,68501.800000,68619.900000,66175.400000,66663.200000,66255.7880
BTCUSDT,2026.03.27,12:00:00,66663.300000,66742.200000,65681.500000,66092.000000,59804.1270
BTCUSDT,2026.03.27,16:00:00,66091.900000,66267.400000,65501.000000,66005.400000,34760.0060
BTCUSDT,2026.03.27,20:00:00,66005.500000,66384.000000,65766.100000,66364.200000,13131.1190
BTCUSDT,2026.03.28,00:00:00,66364.100000,66472.400000,65888.000000,66191.800000,13447.8280
BTCUSDT,2026.03.28,04:00:00,66191.800000,66533.900000,66068.300000,66520.800000,9361.1840
BTCUSDT,2026.03.28,08:00:00,66520.900000,66529.400000,66087.300000,66288.500000,10694.7280
BTCUSDT,2026.03.28,12:00:00,66288.400000,67284.000000,66191.700000,66982.300000,31909.1050
BTCUSDT,2026.03.28,16:00:00,66982.400000,67065.000000,66644.000000,66873.000000,11262.9520
BTCUSDT,2026.03.28,20:00:00,66873.000000,66978.000000,66233.600000,66334.800000,12697.6950
BTCUSDT,2026.03.29,00:00:00,66334.800000,67100.000000,66235.600000,66875.700000,15037.1040
BTCUSDT,2026.03.29,04:00:00,66875.700000,66907.500000,66521.400000,66632.500000,10557.6200
BTCUSDT,2026.03.29,08:00:00,66632.400000,66986.800000,66375.500000,66780.800000,11793.4270
BTCUSDT,2026.03.29,12:00:00,66780.800000,66849.000000,66288.100000,66500.000000,16588.3650
BTCUSDT,2026.03.29,16:00:00,66499.900000,66639.000000,66111.000000,66320.200000,12137.9540
BTCUSDT,2026.03.29,20:00:00,66320.300000,66767.900000,64918.200000,65977.900000,44163.9260
BTCUSDT,2026.03.30,00:00:00,65978.000000,67487.700000,65754.200000,67139.800000,43452.2270
BTCUSDT,2026.03.30,04:00:00,67140.000000,67777.000000,67129.300000,67595.900000,24988.6040
BTCUSDT,2026.03.30,08:00:00,67595.900000,67998.000000,67333.300000,67651.500000,25240.7990
BTCUSDT,2026.03.30,12:00:00,67651.500000,68148.400000,67055.000000,67590.200000,42769.1250
BTCUSDT,2026.03.30,16:00:00,67590.200000,67614.900000,66200.100000,66516.000000,34170.0690
BTCUSDT,2026.03.30,20:00:00,66515.900000,66973.500000,66377.100000,66764.400000,16438.2410
BTCUSDT,2026.03.31,00:00:00,66764.400000,68377.000000,66498.900000,67670.800000,38783.7870
BTCUSDT,2026.03.31,04:00:00,67670.800000,67865.700000,67071.900000,67343.800000,21775.2000
BTCUSDT,2026.03.31,08:00:00,67343.900000,67476.900000,65938.000000,66652.400000,45906.6290
BTCUSDT,2026.03.31,12:00:00,66652.400000,67765.800000,66374.400000,66700.000000,60392.2060
BTCUSDT,2026.03.31,16:00:00,66700.000000,68600.000000,66695.900000,67803.000000,60172.0620
BTCUSDT,2026.03.31,20:00:00,67803.000000,68382.900000,67794.800000,68241.500000,16303.2010
BTCUSDT,2026.04.01,00:00:00,68241.400000,68330.000000,67534.900000,68134.000000,21051.9970
BTCUSDT,2026.04.01,04:00:00,68134.000000,69288.000000,67965.000000,68651.900000,39490.5280
BTCUSDT,2026.04.01,08:00:00,68651.900000,68821.500000,68360.000000,68669.900000,19706.0520
BTCUSDT,2026.04.01,12:00:00,68670.000000,68938.800000,67883.700000,68877.000000,38470.8520
BTCUSDT,2026.04.01,16:00:00,68876.900000,69142.600000,67900.400000,68143.800000,27241.3010
BTCUSDT,2026.04.01,20:00:00,68143.700000,68510.600000,67927.000000,68086.500000,11315.4900
BTCUSDT,2026.04.02,00:00:00,68086.400000,68639.100000,66455.900000,66538.400000,51050.5670
BTCUSDT,2026.04.02,04:00:00,66538.400000,66898.500000,66171.800000,66887.900000,25041.7970
BTCUSDT,2026.04.02,08:00:00,66887.800000,66887.900000,66065.100000,66180.600000,19810.0940
BTCUSDT,2026.04.02,12:00:00,66180.600000,67080.000000,65676.100000,66810.600000,54090.9610
BTCUSDT,2026.04.02,16:00:00,66810.600000,67400.000000,66550.000000,66943.200000,29514.4630
BTCUSDT,2026.04.02,20:00:00,66943.200000,67078.900000,66681.300000,66868.500000,8851.0390
BTCUSDT,2026.04.03,00:00:00,66868.600000,66976.200000,66240.000000,66550.000000,18212.8350
BTCUSDT,2026.04.03,04:00:00,66550.100000,67233.300000,66375.100000,67008.800000,13472.9720
BTCUSDT,2026.04.03,08:00:00,67008.800000,67258.000000,66644.000000,66983.400000,12486.3520
BTCUSDT,2026.04.03,12:00:00,66983.500000,67350.000000,66478.500000,66806.100000,22358.5220
BTCUSDT,2026.04.03,16:00:00,66806.000000,67046.100000,66714.100000,66857.000000,7921.8760
BTCUSDT,2026.04.03,20:00:00,66857.000000,66946.300000,66791.800000,66930.000000,4815.2760
BTCUSDT,2026.04.04,00:00:00,66930.000000,66935.300000,66773.300000,66799.100000,3902.7320
BTCUSDT,2026.04.04,04:00:00,66799.100000,67023.700000,66745.500000,66982.000000,6007.3550
BTCUSDT,2026.04.04,08:00:00,66982.100000,67223.800000,66874.500000,67128.900000,7992.9310
BTCUSDT,2026.04.04,12:00:00,67128.900000,67554.500000,67003.700000,67357.300000,16379.3570
BTCUSDT,2026.04.04,16:00:00,67357.400000,67523.800000,67226.400000,67262.700000,11176.8870
BTCUSDT,2026.04.04,20:00:00,67262.800000,67452.700000,67150.600000,67271.000000,5311.0750
BTCUSDT,2026.04.05,00:00:00,67271.100000,67279.200000,66900.000000,67113.500000,6903.6520
BTCUSDT,2026.04.05,04:00:00,67113.400000,67160.000000,66575.500000,66787.400000,13916.3300
BTCUSDT,2026.04.05,08:00:00,66787.400000,67132.800000,66782.100000,66972.700000,6904.2140
BTCUSDT,2026.04.05,12:00:00,66972.700000,67828.600000,66650.000000,67272.200000,27564.7970
BTCUSDT,2026.04.05,16:00:00,67272.200000,67540.000000,67132.200000,67329.100000,10633.0100
BTCUSDT,2026.04.05,20:00:00,67329.100000,69108.000000,67302.400000,68997.900000,38996.1660
BTCUSDT,2026.04.06,00:00:00,68997.900000,69583.000000,68740.200000,69092.400000,31472.5320
BTCUSDT,2026.04.06,04:00:00,69092.300000,69338.200000,68769.600000,69089.700000,16774.7490
BTCUSDT,2026.04.06,08:00:00,69089.800000,70252.900000,69047.700000,69583.600000,31538.6440
BTCUSDT,2026.04.06,12:00:00,69583.500000,69931.900000,69088.000000,69922.500000,31536.1970
BTCUSDT,2026.04.06,16:00:00,69922.400000,70332.500000,69240.000000,69704.800000,28697.3930
BTCUSDT,2026.04.06,20:00:00,69704.800000,69940.000000,68227.500000,68817.900000,26737.7210
BTCUSDT,2026.04.07,00:00:00,68817.900000,69111.800000,68241.900000,68746.300000,22331.3560
BTCUSDT,2026.04.07,04:00:00,68746.400000,68955.600000,68400.600000,68592.100000,12350.9990
BTCUSDT,2026.04.07,08:00:00,68592.000000,69219.000000,68033.000000,68310.800000,32353.6240
BTCUSDT,2026.04.07,12:00:00,68310.700000,68613.800000,67711.000000,68138.400000,38539.1210
BTCUSDT,2026.04.07,16:00:00,68138.500000,69068.600000,68049.900000,68975.900000,28366.7930
BTCUSDT,2026.04.07,20:00:00,68975.900000,72743.400000,68975.900000,71890.200000,98886.3540
BTCUSDT,2026.04.08,00:00:00,71890.200000,72086.400000,71186.000000,71259.600000,26757.6970
BTCUSDT,2026.04.08,04:00:00,71259.700000,71919.000000,71250.000000,71612.000000,17009.8610
BTCUSDT,2026.04.08,08:00:00,71612.100000,71945.000000,71367.000000,71650.200000,14461.0900
BTCUSDT,2026.04.08,12:00:00,71650.200000,72858.500000,70671.600000,71274.800000,79220.3780
BTCUSDT,2026.04.08,16:00:00,71274.900000,71934.500000,70980.000000,71283.000000,32164.6650
BTCUSDT,2026.04.08,20:00:00,71283.000000,71726.700000,70850.900000,71038.100000,13764.8010
BTCUSDT,2026.04.09,00:00:00,71038.200000,71168.000000,70428.000000,70961.200000,21193.8530
BTCUSDT,2026.04.09,04:00:00,70961.200000,71087.800000,70666.000000,70945.000000,12002.4420
BTCUSDT,2026.04.09,08:00:00,70945.000000,71533.000000,70831.900000,71109.900000,17310.1920
BTCUSDT,2026.04.09,12:00:00,71109.900000,72320.000000,70470.200000,72108.000000,49151.8020
BTCUSDT,2026.04.09,16:00:00,72108.000000,72517.900000,71688.800000,72055.900000,41877.1940
BTCUSDT,2026.04.09,20:00:00,72055.800000,73128.000000,71539.900000,71750.400000,34270.9740
BTCUSDT,2026.04.10,00:00:00,71750.400000,72350.000000,71546.000000,71837.300000,21715.9550
BTCUSDT,2026.04.10,04:00:00,71837.300000,72243.600000,71382.100000,71461.200000,16485.5810
BTCUSDT,2026.04.10,08:00:00,71461.200000,72229.000000,71395.000000,72092.700000,19118.2320
BTCUSDT,2026.04.10,12:00:00,72092.800000,73255.700000,71868.500000,72421.000000,57943.4650
BTCUSDT,2026.04.10,16:00:00,72421.100000,73223.400000,72350.000000,73187.300000,23358.0050
BTCUSDT,2026.04.10,20:00:00,73187.400000,73450.000000,72669.100000,72917.400000,17948.4280
BTCUSDT,2026.04.11,00:00:00,72917.400000,73066.200000,72615.000000,72835.100000,10123.9990
BTCUSDT,2026.04.11,04:00:00,72835.100000,72921.500000,72566.400000,72707.700000,11906.3430
BTCUSDT,2026.04.11,08:00:00,72707.800000,72886.000000,72580.000000,72868.200000,8113.9810
BTCUSDT,2026.04.11,12:00:00,72868.200000,72945.000000,72451.900000,72817.300000,12417.3450
BTCUSDT,2026.04.11,16:00:00,72817.300000,73773.400000,72775.300000,73635.900000,23634.7890
BTCUSDT,2026.04.11,20:00:00,73635.900000,73648.800000,72861.200000,73013.400000,13973.2130
BTCUSDT,2026.04.12,00:00:00,73013.400000,73094.400000,71259.000000,71563.600000,43169.1820
BTCUSDT,2026.04.12,04:00:00,71563.600000,71750.000000,71369.700000,71628.100000,12023.5890
BTCUSDT,2026.04.12,08:00:00,71628.200000,71750.000000,71309.700000,71435.000000,8820.0930
BTCUSDT,2026.04.12,12:00:00,71435.000000,71478.000000,70566.500000,70856.200000,34941.4620
BTCUSDT,2026.04.12,16:00:00,70856.100000,71199.000000,70777.000000,71055.200000,11517.8120
BTCUSDT,2026.04.12,20:00:00,71055.200000,71423.900000,70458.200000,70711.100000,24350.8510
BTCUSDT,2026.04.13,00:00:00,70711.200000,71245.000000,70574.000000,70944.800000,15132.6010
BTCUSDT,2026.04.13,04:00:00,70944.800000,71114.900000,70627.900000,70780.000000,11392.3970
BTCUSDT,2026.04.13,08:00:00,70780.100000,70960.300000,70517.300000,70883.900000,11273.6380
BTCUSDT,2026.04.13,12:00:00,70883.900000,72431.000000,70722.300000,71823.600000,57450.2650
BTCUSDT,2026.04.13,16:00:00,71823.600000,73441.700000,71629.500000,73272.200000,56314.3700
BTCUSDT,2026.04.13,20:00:00,73272.100000,74870.000000,72953.300000,74385.000000,61466.2480
BTCUSDT,2026.04.14,00:00:00,74384.900000,74583.100000,73946.900000,74408.800000,19651.0830
BTCUSDT,2026.04.14,04:00:00,74408.800000,74900.000000,74112.200000,74513.400000,16214.6250
BTCUSDT,2026.04.14,08:00:00,74513.300000,74873.500000,74267.200000,74342.400000,16225.4120
BTCUSDT,2026.04.14,12:00:00,74342.400000,76009.000000,74234.000000,75268.100000,75098.0430
BTCUSDT,2026.04.14,16:00:00,75268.100000,75684.900000,73789.700000,74176.400000,41947.0240
BTCUSDT,2026.04.14,20:00:00,74176.500000,74387.700000,73766.800000,74106.900000,14125.3030
BTCUSDT,2026.04.15,00:00:00,74106.900000,74739.200000,74085.000000,74296.800000,16203.8040
BTCUSDT,2026.04.15,04:00:00,74296.800000,74400.000000,73449.000000,73705.100000,19300.9820
BTCUSDT,2026.04.15,08:00:00,73705.200000,74227.500000,73640.100000,74155.100000,17459.3630
BTCUSDT,2026.04.15,12:00:00,74155.000000,74473.500000,73540.000000,73797.500000,32291.5290
BTCUSDT,2026.04.15,16:00:00,73797.500000,75240.000000,73714.900000,74957.800000,24574.5630
BTCUSDT,2026.04.15,20:00:00,74957.700000,75425.600000,74466.500000,74776.200000,21199.5300
BTCUSDT,2026.04.16,00:00:00,74776.300000,75232.700000,74400.000000,74851.900000,15651.2500
BTCUSDT,2026.04.16,04:00:00,74851.900000,75130.000000,74590.300000,74667.700000,17045.2740
BTCUSDT,2026.04.16,08:00:00,74667.700000,74866.900000,74226.200000,74528.400000,20577.6700
BTCUSDT,2026.04.16,12:00:00,74528.400000,74981.100000,73256.800000,74659.500000,56715.8100
BTCUSDT,2026.04.16,16:00:00,74659.500000,75378.100000,73873.500000,75309.400000,32912.3640
BTCUSDT,2026.04.16,20:00:00,75309.500000,75500.000000,74736.500000,75106.800000,15495.3570
BTCUSDT,2026.04.17,00:00:00,75106.800000,75118.400000,74480.000000,74582.800000,13107.4500
BTCUSDT,2026.04.17,04:00:00,74582.800000,75060.400000,74508.200000,75047.400000,11691.8650
BTCUSDT,2026.04.17,08:00:00,75047.400000,76350.000000,74951.600000,75542.200000,53474.2530
BTCUSDT,2026.04.17,12:00:00,75542.100000,77999.900000,75481.800000,77736.200000,107834.6310
BTCUSDT,2026.04.17,16:00:00,77736.200000,78300.000000,76921.900000,77348.800000,40552.3580
BTCUSDT,2026.04.17,20:00:00,77349.200000,77566.000000,76854.200000,77030.600000,12735.3580
BTCUSDT,2026.04.18,00:00:00,77030.600000,77380.000000,76903.200000,76964.300000,9887.0340
BTCUSDT,2026.04.18,04:00:00,76964.400000,77233.600000,76824.100000,76951.000000,10695.0090
BTCUSDT,2026.04.18,08:00:00,76951.000000,77004.200000,75710.600000,76002.000000,37691.0220
BTCUSDT,2026.04.18,12:00:00,76002.000000,76342.700000,75738.000000,76124.800000,17432.3240
BTCUSDT,2026.04.18,16:00:00,76124.800000,76176.600000,75395.900000,75604.200000,23009.3460
BTCUSDT,2026.04.18,20:00:00,75604.200000,75843.300000,75551.000000,75653.800000,7179.6560
BTCUSDT,2026.04.19,00:00:00,75653.800000,75804.000000,75314.000000,75473.000000,10862.5130
BTCUSDT,2026.04.19,04:00:00,75472.900000,75747.300000,74824.300000,75205.600000,18131.0410
BTCUSDT,2026.04.19,08:00:00,75205.700000,75589.200000,74863.600000,75557.400000,14364.4690
BTCUSDT,2026.04.19,12:00:00,75557.500000,76200.000000,75342.300000,75807.600000,28969.6110
BTCUSDT,2026.04.19,16:00:00,75807.700000,75817.700000,74550.000000,74917.900000,25232.5760
BTCUSDT,2026.04.19,20:00:00,74918.000000,74920.200000,73700.200000,73758.400000,31418.0010
BTCUSDT,2026.04.20,00:00:00,73758.400000,74697.600000,73669.000000,74593.900000,21233.9940
BTCUSDT,2026.04.20,04:00:00,74593.900000,75539.300000,74061.200000,74795.500000,25444.8880
BTCUSDT,2026.04.20,08:00:00,74795.500000,75375.100000,74563.200000,75148.700000,18020.1880
BTCUSDT,2026.04.20,12:00:00,75148.800000,75750.000000,74639.500000,75668.100000,42510.0200
BTCUSDT,2026.04.20,16:00:00,75668.100000,76449.800000,75242.500000,76252.500000,38692.8360
BTCUSDT,2026.04.20,20:00:00,76252.500000,76531.000000,75556.200000,75790.100000,20247.7410
BTCUSDT,2026.04.21,00:00:00,75790.100000,76232.300000,75433.100000,75669.100000,13838.3960
BTCUSDT,2026.04.21,04:00:00,75669.100000,76276.600000,75558.800000,76050.000000,14272.5200
BTCUSDT,2026.04.21,08:00:00,76050.000000,76999.000000,76025.000000,76408.300000,27821.1110
BTCUSDT,2026.04.21,12:00:00,76408.300000,76574.300000,75355.200000,75799.900000,48277.1600
BTCUSDT,2026.04.21,16:00:00,75800.000000,76155.000000,74777.900000,74988.600000,38568.6720
BTCUSDT,2026.04.21,20:00:00,74988.700000,76396.200000,74942.200000,76288.200000,21983.1280
BTCUSDT,2026.04.22,00:00:00,76288.300000,77699.000000,76078.600000,77488.300000,39061.7240
BTCUSDT,2026.04.22,04:00:00,77488.400000,78447.500000,77321.700000,77979.800000,41227.8850
BTCUSDT,2026.04.22,08:00:00,77979.700000,78365.800000,77895.300000,78263.200000,15681.6880
BTCUSDT,2026.04.22,12:00:00,78263.200000,79370.000000,78060.000000,79234.300000,53011.5010
BTCUSDT,2026.04.22,16:00:00,79234.300000,79444.000000,78586.700000,78791.300000,27094.1270
BTCUSDT,2026.04.22,20:00:00,78791.300000,78868.900000,78111.600000,78139.800000,15010.1710
BTCUSDT,2026.04.23,00:00:00,78139.700000,78534.900000,77410.700000,77704.300000,29046.6070
BTCUSDT,2026.04.23,04:00:00,77704.300000,78310.100000,77627.400000,78009.100000,17571.7230
BTCUSDT,2026.04.23,08:00:00,78009.100000,78142.200000,76504.600000,77649.900000,35463.4000
BTCUSDT,2026.04.23,12:00:00,77650.000000,78648.000000,77322.800000,78329.200000,35494.6450
BTCUSDT,2026.04.23,16:00:00,78329.300000,78466.800000,76900.100000,77670.500000,43195.3510
BTCUSDT,2026.04.23,20:00:00,77670.400000,78299.000000,77598.400000,78216.800000,11713.2860
BTCUSDT,2026.04.24,00:00:00,78217.400000,78546.000000,77500.000000,77690.100000,23409.6330
BTCUSDT,2026.04.24,04:00:00,77690.100000,78019.200000,77401.500000,77620.500000,17255.4140
BTCUSDT,2026.04.24,08:00:00,77620.500000,78346.100000,77355.800000,78194.800000,25294.8890
BTCUSDT,2026.04.24,12:00:00,78194.900000,78432.900000,77521.000000,78007.300000,31389.8850
BTCUSDT,2026.04.24,16:00:00,78007.300000,78031.900000,77308.000000,77596.100000,20079.5340
BTCUSDT,2026.04.24,20:00:00,77596.000000,77727.000000,77206.800000,77395.400000,10353.6500
BTCUSDT,2026.04.25,00:00:00,77395.300000,77678.000000,77254.700000,77629.000000,6659.4410
BTCUSDT,2026.04.25,04:00:00,77629.000000,77653.200000,77400.000000,77449.900000,5246.8870
BTCUSDT,2026.04.25,08:00:00,77449.900000,77847.000000,77444.000000,77638.700000,8566.4900
BTCUSDT,2026.04.25,12:00:00,77638.700000,77719.100000,77263.000000,77289.300000,9750.4940
BTCUSDT,2026.04.25,16:00:00,77289.300000,77411.800000,77100.000000,77285.600000,10601.6600
BTCUSDT,2026.04.25,20:00:00,77285.700000,77615.700000,77267.300000,77585.000000,5767.5140
BTCUSDT,2026.04.26,00:00:00,77585.000000,77607.700000,77280.000000,77349.300000,6370.9130
BTCUSDT,2026.04.26,04:00:00,77349.300000,78164.700000,77338.400000,78061.500000,15176.8120
BTCUSDT,2026.04.26,08:00:00,78061.500000,78182.800000,77880.000000,78050.000000,6338.1010
BTCUSDT,2026.04.26,12:00:00,78050.000000,78136.500000,77715.000000,78007.900000,11383.9920
BTCUSDT,2026.04.26,16:00:00,78007.900000,78477.900000,77815.000000,78183.100000,15250.2760
BTCUSDT,2026.04.26,20:00:00,78183.200000,78994.800000,77777.000000,78613.500000,25423.2110
BTCUSDT,2026.04.27,00:00:00,78614.400000,79455.000000,78319.100000,79065.100000,28332.0030
BTCUSDT,2026.04.27,04:00:00,79065.100000,79128.100000,77408.600000,77556.700000,46056.4940
BTCUSDT,2026.04.27,08:00:00,77556.700000,77949.900000,77500.000000,77804.300000,15085.3280
BTCUSDT,2026.04.27,12:00:00,77804.300000,78232.000000,76524.000000,76760.000000,45532.9050
BTCUSDT,2026.04.27,16:00:00,76760.000000,76902.700000,76400.000000,76844.400000,20255.0640
BTCUSDT,2026.04.27,20:00:00,76844.300000,77419.700000,76714.800000,77331.200000,13839.0890
BTCUSDT,2026.04.28,00:00:00,77331.200000,77450.000000,76632.400000,76770.600000,16306.6930
BTCUSDT,2026.04.28,04:00:00,76770.600000,77132.400000,76324.100000,76828.400000,17501.5730
BTCUSDT,2026.04.28,08:00:00,76828.300000,76956.000000,76088.000000,76198.800000,16237.8450
BTCUSDT,2026.04.28,12:00:00,76198.900000,76403.700000,75635.600000,76027.800000,32920.4050
BTCUSDT,2026.04.28,16:00:00,76027.700000,76352.000000,75840.300000,76293.600000,12516.7350
BTCUSDT,2026.04.28,20:00:00,76293.500000,76448.000000,76150.000000,76298.100000,8435.6260
BTCUSDT,2026.04.29,00:00:00,76298.200000,77098.800000,76138.700000,76955.700000,17757.9660
BTCUSDT,2026.04.29,04:00:00,76955.700000,77432.100000,76839.800000,77003.800000,24024.0000
BTCUSDT,2026.04.29,08:00:00,77003.800000,77873.200000,76918.500000,77552.500000,25723.9640
BTCUSDT,2026.04.29,12:00:00,77552.500000,77563.600000,75675.200000,75889.100000,47484.6160
BTCUSDT,2026.04.29,16:00:00,75889.100000,76220.000000,74868.000000,75518.500000,54386.3060
BTCUSDT,2026.04.29,20:00:00,75518.400000,76061.200000,75448.000000,75749.900000,17156.6510
BTCUSDT,2026.04.30,00:00:00,75749.900000,76445.000000,75448.900000,75882.100000,22074.5530
BTCUSDT,2026.04.30,04:00:00,75881.600000,76148.000000,75273.500000,76129.900000,15761.9640
BTCUSDT,2026.04.30,08:00:00,76129.900000,76332.600000,75836.000000,76032.900000,15331.7760
BTCUSDT,2026.04.30,12:00:00,76032.900000,76630.300000,76009.800000,76423.000000,26961.6970
BTCUSDT,2026.04.30,16:00:00,76423.000000,76470.500000,76060.400000,76366.700000,11760.8370
BTCUSDT,2026.04.30,20:00:00,76366.700000,76536.200000,76155.100000,76305.400000,7863.6330
BTCUSDT,2026.05.01,00:00:00,76305.400000,77421.200000,76265.400000,77082.600000,21673.0310
BTCUSDT,2026.05.01,04:00:00,77082.600000,77177.100000,76833.700000,77100.000000,12318.4180
BTCUSDT,2026.05.01,08:00:00,77099.900000,77588.400000,77010.500000,77429.500000,17873.3190
BTCUSDT,2026.05.01,12:00:00,77429.600000,78879.900000,77368.200000,78395.400000,66947.8700
BTCUSDT,2026.05.01,16:00:00,78395.400000,78642.000000,78081.500000,78316.900000,19035.8180
BTCUSDT,2026.05.01,20:00:00,78317.000000,78402.900000,77717.700000,78192.000000,15149.8500
BTCUSDT,2026.05.02,00:00:00,78191.900000,78503.900000,78123.000000,78377.700000,8115.8780
BTCUSDT,2026.05.02,04:00:00,78377.700000,78416.800000,77979.300000,78181.600000,10254.5850
BTCUSDT,2026.05.02,08:00:00,78181.600000,78359.200000,78055.700000,78105.700000,5555.4100
BTCUSDT,2026.05.02,12:00:00,78105.700000,78458.200000,78056.000000,78449.800000,8234.3430
BTCUSDT,2026.05.02,16:00:00,78449.800000,78565.900000,78277.000000,78443.800000,5602.2260
BTCUSDT,2026.05.02,20:00:00,78444.100000,79145.000000,78376.000000,78652.900000,13678.6660
BTCUSDT,2026.05.03,00:00:00,78652.800000,78740.500000,78069.000000,78162.400000,13209.7010
BTCUSDT,2026.05.03,04:00:00,78162.300000,78415.400000,78027.000000,78316.600000,7080.9440
BTCUSDT,2026.05.03,08:00:00,78316.600000,78814.700000,78295.100000,78620.500000,9195.9370
BTCUSDT,2026.05.03,12:00:00,78620.600000,78850.000000,78522.900000,78625.200000,9849.8910
BTCUSDT,2026.05.03,16:00:00,78625.200000,78832.200000,78514.200000,78729.100000,5743.9450
BTCUSDT,2026.05.03,20:00:00,78729.100000,79428.900000,78440.000000,78529.000000,26953.2030
BTCUSDT,2026.05.04,00:00:00,78529.000000,80426.000000,78235.400000,80278.700000,59484.2120
BTCUSDT,2026.05.04,04:00:00,80278.700000,80590.200000,79440.000000,79663.500000,30796.4910
BTCUSDT,2026.05.04,08:00:00,79663.400000,79900.000000,78128.300000,78753.500000,64999.6880
BTCUSDT,2026.05.04,12:00:00,78753.500000,80528.900000,78450.000000,79976.700000,75904.7970
BTCUSDT,2026.05.04,16:00:00,79976.600000,80771.700000,79562.000000,80018.400000,38924.2780
BTCUSDT,2026.05.04,20:00:00,80018.300000,80363.200000,79715.900000,79826.100000,10807.1160
BTCUSDT,2026.05.05,00:00:00,79826.100000,81050.000000,79761.200000,80836.900000,24027.0450
BTCUSDT,2026.05.05,04:00:00,80836.800000,81278.200000,80671.400000,80815.800000,26966.9170
BTCUSDT,2026.05.05,08:00:00,80815.800000,81071.000000,80480.600000,80973.000000,21914.2770
BTCUSDT,2026.05.05,12:00:00,80973.100000,81656.600000,80879.500000,81488.700000,49091.4900
BTCUSDT,2026.05.05,16:00:00,81488.700000,81636.400000,81000.000000,81554.400000,20374.8940
BTCUSDT,2026.05.05,20:00:00,81554.300000,81745.400000,80716.800000,80861.900000,28546.9050
BTCUSDT,2026.05.06,00:00:00,80861.900000,81716.300000,80651.200000,81535.900000,19335.8610
BTCUSDT,2026.05.06,04:00:00,81535.900000,81599.000000,81005.600000,81333.300000,13068.6580
BTCUSDT,2026.05.06,08:00:00,81333.400000,82828.700000,81280.000000,82485.400000,52877.1030
BTCUSDT,2026.05.06,12:00:00,82485.300000,82508.700000,81073.100000,81656.400000,47013.6670
BTCUSDT,2026.05.06,16:00:00,81656.400000,81855.000000,81137.800000,81416.500000,14700.1880
BTCUSDT,2026.05.06,20:00:00,81416.500000,81655.000000,80929.800000,81390.100000,11205.0310
BTCUSDT,2026.05.07,00:00:00,81390.000000,81450.500000,80767.100000,80797.300000,18369.7980
BTCUSDT,2026.05.07,04:00:00,80797.400000,81680.600000,80675.800000,81480.100000,19556.6460
BTCUSDT,2026.05.07,08:00:00,81480.000000,81564.600000,80521.800000,80827.900000,20018.5670
BTCUSDT,2026.05.07,12:00:00,80827.900000,81158.700000,79605.000000,79861.600000,40977.4560
BTCUSDT,2026.05.07,16:00:00,79861.500000,80235.000000,79461.500000,80103.100000,22970.0360
BTCUSDT,2026.05.07,20:00:00,80103.100000,80331.600000,79531.100000,79969.400000,12835.1490
BTCUSDT,2026.05.08,00:00:00,79969.500000,80106.300000,79137.400000,79540.000000,17479.5390
BTCUSDT,2026.05.08,04:00:00,79539.900000,79743.800000,79208.000000,79635.000000,12514.4530
BTCUSDT,2026.05.08,08:00:00,79635.000000,80287.000000,79626.000000,80181.900000,19245.7730
BTCUSDT,2026.05.08,12:00:00,80181.800000,80478.000000,79507.600000,80119.100000,35525.9120
BTCUSDT,2026.05.08,16:00:00,80119.100000,80266.600000,79692.400000,80147.700000,15204.8400
BTCUSDT,2026.05.08,20:00:00,80147.900000,80376.000000,80044.700000,80155.200000,6792.3960
BTCUSDT,2026.05.09,00:00:00,80155.200000,80542.000000,80080.000000,80340.600000,7422.7480
BTCUSDT,2026.05.09,04:00:00,80340.700000,80641.800000,80084.300000,80181.700000,10981.6520
BTCUSDT,2026.05.09,08:00:00,80181.600000,80422.300000,80124.800000,80310.400000,7358.2120
BTCUSDT,2026.05.09,12:00:00,80310.400000,80566.000000,80190.000000,80488.300000,9589.2060
BTCUSDT,2026.05.09,16:00:00,80488.300000,81043.200000,80440.000000,80896.900000,15965.7860
BTCUSDT,2026.05.09,20:00:00,80897.100000,80900.000000,80569.000000,80634.000000,4639.7300
BTCUSDT,2026.05.10,00:00:00,80634.000000,80859.900000,80533.700000,80735.100000,6239.6850
BTCUSDT,2026.05.10,04:00:00,80735.200000,80809.400000,80619.600000,80695.900000,3918.3690
BTCUSDT,2026.05.10,08:00:00,80695.900000,80939.500000,80641.500000,80782.100000,7173.6950
BTCUSDT,2026.05.10,12:00:00,80782.100000,81423.200000,80743.200000,81381.400000,15739.6410
BTCUSDT,2026.05.10,16:00:00,81381.500000,81587.900000,81105.600000,81398.000000,15380.9110
BTCUSDT,2026.05.10,20:00:00,81398.000000,82460.500000,80225.100000,82177.700000,46498.5020
BTCUSDT,2026.05.11,00:00:00,82177.700000,82350.000000,80470.100000,80693.400000,34137.1330
BTCUSDT,2026.05.11,04:00:00,80693.400000,81033.300000,80597.800000,80708.900000,11262.1750
BTCUSDT,2026.05.11,08:00:00,80708.800000,81172.600000,80580.000000,81167.100000,10673.4230
BTCUSDT,2026.05.11,12:00:00,81167.100000,81434.800000,80394.000000,81403.400000,29458.5050
BTCUSDT,2026.05.11,16:00:00,81403.400000,82098.900000,81297.500000,81917.100000,27429.7430
BTCUSDT,2026.05.11,20:00:00,81917.800000,82051.100000,81521.500000,81699.100000,9029.4420
BTCUSDT,2026.05.12,00:00:00,81699.100000,81757.300000,80661.200000,81028.300000,20957.0100
BTCUSDT,2026.05.12,04:00:00,81028.300000,81270.200000,80756.000000,80809.200000,14722.4520
BTCUSDT,2026.05.12,08:00:00,80809.200000,80930.700000,80444.000000,80742.700000,16396.3750
BTCUSDT,2026.05.12,12:00:00,80742.700000,80968.600000,80143.000000,80301.600000,36183.8420
BTCUSDT,2026.05.12,16:00:00,80301.600000,80836.500000,79801.000000,80799.500000,25607.1570
BTCUSDT,2026.05.12,20:00:00,80799.600000,80848.600000,80393.900000,80461.000000,7447.1200
BTCUSDT,2026.05.13,00:00:00,80461.000000,81268.000000,80364.500000,81217.100000,14181.6900
BTCUSDT,2026.05.13,04:00:00,81217.000000,81253.500000,80847.000000,80981.900000,9637.7150
BTCUSDT,2026.05.13,08:00:00,80981.900000,81270.200000,80444.000000,80460.100000,17712.8040
BTCUSDT,2026.05.13,12:00:00,80460.000000,80558.000000,78753.100000,78794.700000,57778.1550
BTCUSDT,2026.05.13,16:00:00,78794.700000,79776.200000,78713.800000,79604.800000,29131.5700
BTCUSDT,2026.05.13,20:00:00,79604.800000,79729.100000,79188.000000,79288.300000,11258.7110
BTCUSDT,2026.05.14,00:00:00,79288.200000,79659.900000,78869.400000,79005.300000,18671.6850
BTCUSDT,2026.05.14,04:00:00,79005.400000,79962.500000,78934.800000,79699.900000,18751.5970
BTCUSDT,2026.05.14,08:00:00,79700.000000,79900.000000,79188.000000,79216.600000,13577.3500
BTCUSDT,2026.05.14,12:00:00,79216.700000,81270.200000,79196.400000,81245.500000,60173.2080
BTCUSDT,2026.05.14,16:00:00,81245.600000,81999.000000,81020.500000,81373.700000,54556.2820
BTCUSDT,2026.05.14,20:00:00,81373.800000,81540.000000,81007.900000,81048.900000,10153.5030
BTCUSDT,2026.05.15,00:00:00,81048.800000,81623.800000,80706.900000,81022.700000,21653.6190
BTCUSDT,2026.05.15,04:00:00,81022.700000,81073.200000,80266.800000,80782.800000,26883.4330
BTCUSDT,2026.05.15,08:00:00,80782.900000,80793.000000,80323.000000,80582.100000,13997.9630
BTCUSDT,2026.05.15,12:00:00,80582.000000,80596.700000,78610.000000,79118.000000,69441.5170
BTCUSDT,2026.05.15,16:00:00,79118.100000,79532.100000,79012.500000,79104.200000,14707.7870
BTCUSDT,2026.05.15,20:00:00,79104.300000,79185.000000,78861.600000,79074.000000,7139.1860
BTCUSDT,2026.05.16,00:00:00,79074.000000,79199.700000,78970.400000,79041.700000,6619.7170
BTCUSDT,2026.05.16,04:00:00,79041.700000,79096.800000,78000.400000,78334.300000,27621.1110
BTCUSDT,2026.05.16,08:00:00,78334.300000,78527.800000,77601.800000,78042.500000,28313.2250
BTCUSDT,2026.05.16,12:00:00,78042.500000,78327.000000,77800.000000,78194.100000,12794.4040
BTCUSDT,2026.05.16,16:00:00,78194.000000,78337.400000,78069.100000,78223.800000,6585.1710
BTCUSDT,2026.05.16,20:00:00,78223.800000,78287.800000,78085.200000,78104.200000,4216.8230
BTCUSDT,2026.05.17,00:00:00,78104.300000,78213.900000,77675.400000,77990.200000,13609.9630
BTCUSDT,2026.05.17,04:00:00,77990.200000,78300.000000,77957.200000,78137.200000,7162.4030
BTCUSDT,2026.05.17,08:00:00,78137.300000,78564.300000,77992.100000,78371.500000,10980.3950
BTCUSDT,2026.05.17,12:00:00,78371.400000,78515.700000,77800.000000,78006.900000,11904.2510
BTCUSDT,2026.05.17,16:00:00,78006.900000,78432.000000,77811.500000,78369.000000,8566.5320
BTCUSDT,2026.05.17,20:00:00,78368.900000,78453.000000,76666.000000,77430.400000,33994.1250
BTCUSDT,2026.05.18,00:00:00,77430.400000,77452.700000,76668.800000,76900.000000,30154.0570
BTCUSDT,2026.05.18,04:00:00,76900.100000,77059.600000,76534.500000,77039.400000,18240.6760
BTCUSDT,2026.05.18,08:00:00,77039.500000,77375.000000,76627.000000,77255.000000,17609.2670
BTCUSDT,2026.05.18,12:00:00,77255.100000,77757.500000,76014.200000,76393.500000,61736.0120
BTCUSDT,2026.05.18,16:00:00,76393.600000,76963.700000,76107.700000,76898.500000,33886.6840
BTCUSDT,2026.05.18,20:00:00,76898.500000,77187.300000,76753.600000,76963.200000,16736.8030
BTCUSDT,2026.05.19,00:00:00,76963.200000,77384.600000,76451.300000,76749.900000,17833.9750
BTCUSDT,2026.05.19,04:00:00,76750.000000,77247.700000,76595.700000,77200.400000,12417.7740
BTCUSDT,2026.05.19,08:00:00,77200.400000,77291.300000,76576.800000,76677.100000,15551.1710
BTCUSDT,2026.05.19,12:00:00,76677.000000,77033.900000,76107.100000,76487.900000,31454.7730
BTCUSDT,2026.05.19,16:00:00,76488.000000,77042.300000,76377.000000,76780.000000,15271.3900
BTCUSDT,2026.05.19,20:00:00,76780.000000,77003.100000,76610.400000,76799.900000,6517.5560
BTCUSDT,2026.05.20,00:00:00,76800.000000,76900.000000,76485.000000,76689.600000,14717.5090
BTCUSDT,2026.05.20,04:00:00,76689.600000,77444.000000,76650.000000,77249.900000,18552.1910
BTCUSDT,2026.05.20,08:00:00,77250.000000,77639.300000,77170.300000,77351.200000,16338.6960
BTCUSDT,2026.05.20,12:00:00,77351.200000,77825.800000,76855.000000,77423.000000,33242.2410
BTCUSDT,2026.05.20,16:00:00,77423.000000,77685.400000,76975.000000,77630.600000,15341.8140
BTCUSDT,2026.05.20,20:00:00,77630.500000,77735.600000,77183.700000,77510.300000,9414.9550
BTCUSDT,2026.05.21,00:00:00,77510.300000,78150.000000,77472.500000,78039.100000,17039.2210
BTCUSDT,2026.05.21,04:00:00,78039.200000,78143.200000,77485.100000,77846.200000,13018.7140
BTCUSDT,2026.05.21,08:00:00,77846.100000,78180.000000,77111.000000,77157.400000,23155.6180
BTCUSDT,2026.05.21,12:00:00,77157.300000,77379.100000,76696.700000,77224.300000,25558.7550
BTCUSDT,2026.05.21,16:00:00,77224.300000,78063.800000,76970.000000,77657.100000,32159.1540
BTCUSDT,2026.05.21,20:00:00,77657.100000,77777.200000,77490.800000,77586.200000,6163.6990
BTCUSDT,2026.05.22,00:00:00,77586.300000,77775.900000,77288.000000,77740.000000,7709.4230
BTCUSDT,2026.05.22,04:00:00,77739.900000,77862.700000,77237.100000,77366.900000,12647.7820
BTCUSDT,2026.05.22,08:00:00,77366.800000,77505.700000,77138.300000,77394.800000,8553.5830
BTCUSDT,2026.05.22,12:00:00,77394.800000,77548.500000,76528.000000,76756.500000,33117.4960
BTCUSDT,2026.05.22,16:00:00,76756.500000,77070.100000,75620.000000,75827.100000,36277.2660
BTCUSDT,2026.05.22,20:00:00,75827.100000,76054.100000,75322.000000,75513.100000,17900.6630
BTCUSDT,2026.05.23,00:00:00,75513.100000,75633.700000,75184.900000,75599.100000,15436.5180
BTCUSDT,2026.05.23,04:00:00,75599.000000,75620.000000,74203.600000,74573.100000,31515.1250
BTCUSDT,2026.05.23,08:00:00,74573.200000,74839.100000,74307.000000,74763.300000,20421.6590
BTCUSDT,2026.05.23,12:00:00,74763.300000,75670.800000,74620.900000,75486.900000,29233.8490
BTCUSDT,2026.05.23,16:00:00,75487.000000,76000.200000,75333.300000,75949.500000,15418.2610
BTCUSDT,2026.05.23,20:00:00,75949.500000,77427.000000,75913.900000,76715.200000,41802.3410
BTCUSDT,2026.05.24,00:00:00,76715.300000,76983.100000,76596.900000,76702.800000,10877.6010
BTCUSDT,2026.05.24,04:00:00,76702.800000,77040.000000,76611.000000,76771.300000,9167.6400
BTCUSDT,2026.05.24,08:00:00,76771.400000,77600.000000,76691.400000,77289.500000,17222.6380
BTCUSDT,2026.05.24,12:00:00,77289.500000,77294.400000,76159.700000,76343.700000,24088.2220
BTCUSDT,2026.05.24,16:00:00,76343.800000,76777.000000,76343.700000,76738.500000,9107.6090
BTCUSDT,2026.05.24,20:00:00,76738.500000,77193.400000,76056.000000,77030.300000,20670.5670
BTCUSDT,2026.05.25,00:00:00,77030.300000,77450.600000,76871.400000,76989.000000,14649.3010
BTCUSDT,2026.05.25,04:00:00,76989.000000,77677.600000,76950.000000,77377.000000,14584.2470
BTCUSDT,2026.05.25,08:00:00,77376.900000,77699.000000,77241.700000,77318.200000,13640.8850
BTCUSDT,2026.05.25,12:00:00,77318.200000,77887.900000,77244.800000,77587.200000,15234.6350
BTCUSDT,2026.05.25,16:00:00,77587.200000,77784.900000,77313.000000,77403.300000,9008.9160
BTCUSDT,2026.05.25,20:00:00,77403.400000,77472.000000,77011.300000,77281.500000,9590.4240
BTCUSDT,2026.05.26,00:00:00,77281.500000,77319.600000,76434.000000,76629.000000,18506.3970
BTCUSDT,2026.05.26,04:00:00,76629.000000,77045.900000,76556.900000,76685.100000,12547.0870
BTCUSDT,2026.05.26,08:00:00,76685.000000,77600.000000,76543.800000,77153.900000,20838.2600
BTCUSDT,2026.05.26,12:00:00,77153.800000,78077.100000,76234.700000,76478.200000,66727.6350
BTCUSDT,2026.05.26,16:00:00,76478.200000,76678.700000,75711.000000,76028.300000,35332.1150
BTCUSDT,2026.05.26,20:00:00,76028.400000,76157.800000,75641.200000,75905.500000,10968.5880
BTCUSDT,2026.05.27,00:00:00,75905.600000,76083.900000,75555.100000,75635.600000,12261.1440
BTCUSDT,2026.05.27,04:00:00,75635.600000,75940.000000,75277.800000,75935.000000,18142.2260
BTCUSDT,2026.05.27,08:00:00,75935.000000,76038.000000,75666.000000,75737.900000,12192.2020
BTCUSDT,2026.05.27,12:00:00,75737.900000,76155.500000,74735.700000,75300.000000,51264.2010
BTCUSDT,2026.05.27,16:00:00,75300.000000,75382.600000,74632.000000,75039.900000,22646.6350
BTCUSDT,2026.05.27,20:00:00,75039.800000,75391.000000,74210.000000,74418.100000,28209.0530
BTCUSDT,2026.05.28,00:00:00,74418.000000,74565.300000,73036.000000,73224.500000,43587.7780
BTCUSDT,2026.05.28,04:00:00,73224.400000,73485.000000,72667.900000,73467.000000,34578.8790
BTCUSDT,2026.05.28,08:00:00,73467.000000,73592.100000,73167.400000,73479.100000,13907.0560
BTCUSDT,2026.05.28,12:00:00,73479.000000,73557.300000,72556.000000,72899.100000,51087.5660
BTCUSDT,2026.05.28,16:00:00,72899.000000,73723.000000,72704.000000,73393.500000,22552.9450
BTCUSDT,2026.05.28,20:00:00,73393.400000,73932.200000,73212.300000,73591.400000,13731.4530
BTCUSDT,2026.05.29,00:00:00,73591.400000,73844.000000,73158.800000,73269.200000,11820.2680
BTCUSDT,2026.05.29,04:00:00,73269.100000,73908.600000,73171.800000,73488.000000,15653.6510
BTCUSDT,2026.05.29,08:00:00,73488.100000,73866.800000,73305.100000,73447.600000,11771.6540
BTCUSDT,2026.05.29,12:00:00,73447.500000,74177.000000,72436.000000,73775.400000,59474.9160
BTCUSDT,2026.05.29,16:00:00,73775.400000,74293.100000,73057.800000,73489.000000,36329.0680
BTCUSDT,2026.05.29,20:00:00,73489.000000,73829.200000,73279.300000,73428.200000,11107.6250
BTCUSDT,2026.05.30,00:00:00,73428.200000,73757.900000,73367.300000,73492.400000,7948.4910
BTCUSDT,2026.05.30,04:00:00,73492.400000,73685.000000,73130.100000,73513.900000,12144.7720
BTCUSDT,2026.05.30,08:00:00,73514.000000,73648.000000,73470.500000,73567.900000,4484.9730
BTCUSDT,2026.05.30,12:00:00,73568.000000,74078.600000,73556.400000,73888.000000,13500.6530
BTCUSDT,2026.05.30,16:00:00,73888.000000,74108.800000,73772.500000,73980.100000,8324.5650
BTCUSDT,2026.05.30,20:00:00,73980.000000,74028.300000,73750.000000,73856.800000,6140.2320
BTCUSDT,2026.05.31,00:00:00,73856.900000,74250.000000,73821.400000,74107.600000,10535.0510
BTCUSDT,2026.05.31,04:00:00,74107.500000,74194.600000,73793.200000,73833.300000,6718.9240
BTCUSDT,2026.05.31,08:00:00,73833.200000,73998.900000,73701.000000,73913.600000,6299.8250
BTCUSDT,2026.05.31,12:00:00,73913.600000,73997.800000,73388.000000,73613.500000,14325.4110
BTCUSDT,2026.05.31,16:00:00,73613.400000,73704.000000,73340.700000,73521.900000,7969.2890
BTCUSDT,2026.05.31,20:00:00,73521.900000,74179.900000,73470.800000,73653.200000,12392.9590
BTCUSDT,2026.06.01,00:00:00,73653.200000,74070.500000,73171.000000,73731.300000,18398.1440
BTCUSDT,2026.06.01,04:00:00,73731.400000,73815.900000,72668.000000,72776.100000,22007.1620
BTCUSDT,2026.06.01,08:00:00,72776.100000,73084.000000,72188.000000,72452.800000,27389.7500
BTCUSDT,2026.06.01,12:00:00,72452.700000,72583.700000,71035.300000,71099.400000,86549.3220
BTCUSDT,2026.06.01,16:00:00,71099.500000,71788.500000,70650.900000,71571.000000,38288.2750
BTCUSDT,2026.06.01,20:00:00,71571.000000,71670.000000,70806.000000,71391.500000,20838.4750
BTCUSDT,2026.06.02,00:00:00,71391.500000,71397.000000,70038.000000,70920.700000,34734.1010
BTCUSDT,2026.06.02,04:00:00,70920.800000,71022.700000,69666.800000,70079.400000,38610.0390
BTCUSDT,2026.06.02,08:00:00,70079.500000,70146.200000,69277.800000,69430.200000,31530.7990
BTCUSDT,2026.06.02,12:00:00,69430.200000,69514.600000,67035.500000,67274.000000,107503.7540
BTCUSDT,2026.06.02,16:00:00,67274.000000,68121.900000,66388.000000,67286.700000,70497.2950
BTCUSDT,2026.06.02,20:00:00,67286.700000,67899.900000,66150.700000,66730.000000,63826.1640
BTCUSDT,2026.06.03,00:00:00,66730.100000,67195.700000,65359.100000,65818.400000,59070.5020
BTCUSDT,2026.06.03,04:00:00,65818.300000,67493.800000,65791.400000,67186.700000,54095.5310
BTCUSDT,2026.06.03,08:00:00,67186.700000,67448.000000,66620.000000,67040.100000,36554.1610
BTCUSDT,2026.06.03,12:00:00,67040.100000,67220.200000,66036.200000,66046.500000,45358.4940
BTCUSDT,2026.06.03,16:00:00,66046.600000,66359.400000,65199.000000,65428.600000,52731.3800
BTCUSDT,2026.06.03,20:00:00,65428.500000,65829.400000,64050.800000,64117.700000,63091.4700
BTCUSDT,2026.06.04,00:00:00,64117.700000,64495.900000,61344.800000,64336.200000,138498.7170
BTCUSDT,2026.06.04,04:00:00,64336.200000,64739.800000,63450.000000,63561.700000,48763.0850
BTCUSDT,2026.06.04,08:00:00,63561.800000,63875.900000,62150.800000,62520.700000,83019.0010
BTCUSDT,2026.06.04,12:00:00,62520.700000,64463.700000,62344.100000,63864.800000,82851.3350
BTCUSDT,2026.06.04,16:00:00,63864.800000,64150.800000,62910.000000,63600.300000,47629.3140
BTCUSDT,2026.06.04,20:00:00,63600.200000,63897.000000,63040.000000,63853.400000,30413.1590
BTCUSDT,2026.06.05,00:00:00,63853.400000,63955.000000,62300.000000,62699.700000,39487.4490
BTCUSDT,2026.06.05,04:00:00,62700.000000,63674.900000,61067.600000,63075.600000,95582.0100
BTCUSDT,2026.06.05,08:00:00,63075.500000,63231.800000,61928.300000,61929.500000,37751.8270
BTCUSDT,2026.06.05,12:00:00,61929.600000,62437.500000,60005.800000,60400.800000,115682.4920
BTCUSDT,2026.06.05,16:00:00,60400.800000,61550.000000,59080.000000,60267.700000,127122.1550
BTCUSDT,2026.06.05,20:00:00,60267.400000,61985.100000,59903.800000,61022.000000,62535.9520
BTCUSDT,2026.06.06,00:00:00,61022.000000,61500.000000,60490.000000,60662.600000,23442.8560
BTCUSDT,2026.06.06,04:00:00,60662.600000,61250.000000,59451.300000,60975.200000,61769.4240
BTCUSDT,2026.06.06,08:00:00,60975.200000,61475.000000,60146.000000,60773.500000,34049.1990
BTCUSDT,2026.06.06,12:00:00,60773.500000,61173.500000,60353.400000,60754.100000,26083.4690
BTCUSDT,2026.06.06,16:00:00,60754.200000,60949.900000,60363.000000,60563.900000,15773.4320
BTCUSDT,2026.06.06,20:00:00,60563.900000,60969.200000,60390.000000,60849.700000,13642.4630
BTCUSDT,2026.06.07,00:00:00,60849.700000,61763.900000,60708.000000,61671.100000,26805.3200
BTCUSDT,2026.06.07,04:00:00,61671.100000,62380.000000,61447.200000,62366.000000,33448.3330
BTCUSDT,2026.06.07,08:00:00,62366.000000,62942.400000,62217.400000,62598.800000,34727.8410
BTCUSDT,2026.06.07,12:00:00,62598.800000,62617.700000,61509.100000,62071.600000,44650.3040
BTCUSDT,2026.06.07,16:00:00,62071.700000,62327.000000,61150.200000,61303.800000,26818.7480
BTCUSDT,2026.06.07,20:00:00,61303.700000,64250.000000,61189.700000,63298.500000,51028.4870
BTCUSDT,2026.06.08,00:00:00,63299.000000,63849.500000,62676.800000,63101.600000,30516.7360
BTCUSDT,2026.06.08,04:00:00,63101.600000,63320.900000,62377.000000,63259.900000,24789.0680
BTCUSDT,2026.06.08,08:00:00,63259.900000,63861.300000,62955.700000,63450.100000,28239.3310
BTCUSDT,2026.06.08,12:00:00,63450.100000,64179.500000,62658.400000,63745.400000,59094.0670
BTCUSDT,2026.06.08,16:00:00,63745.300000,64029.500000,63209.600000,63348.200000,21761.6340
BTCUSDT,2026.06.08,20:00:00,63348.300000,63832.500000,62939.700000,63057.900000,20040.2170
BTCUSDT,2026.06.09,00:00:00,63057.900000,63157.300000,62381.200000,62841.000000,30323.5160
BTCUSDT,2026.06.09,04:00:00,62841.100000,63499.900000,62715.400000,63170.800000,25943.7690
BTCUSDT,2026.06.09,08:00:00,63170.900000,63183.000000,62457.500000,62679.400000,24571.8060
BTCUSDT,2026.06.09,12:00:00,62679.500000,62868.200000,61001.000000,61100.700000,71792.2270
BTCUSDT,2026.06.09,16:00:00,61100.600000,62079.500000,60755.000000,62068.800000,51223.3790
BTCUSDT,2026.06.09,20:00:00,62068.900000,62253.200000,61519.000000,61695.000000,17544.7770
BTCUSDT,2026.06.10,00:00:00,61694.900000,61947.400000,61201.000000,61518.200000,19223.2810
BTCUSDT,2026.06.10,04:00:00,61518.300000,61783.400000,61045.700000,61654.300000,19444.1100
BTCUSDT,2026.06.10,08:00:00,61654.300000,61707.600000,60691.900000,61003.100000,33088.1680
BTCUSDT,2026.06.10,12:00:00,61003.100000,62840.200000,60930.000000,62604.800000,66353.2050
BTCUSDT,2026.06.10,16:00:00,62604.700000,62617.100000,61552.000000,61908.700000,31582.2340
BTCUSDT,2026.06.10,20:00:00,61908.700000,61921.200000,61068.600000,61483.700000,23363.2660
BTCUSDT,2026.06.11,00:00:00,61483.600000,62922.000000,61483.600000,62657.500000,28940.1970
BTCUSDT,2026.06.11,04:00:00,62657.500000,62993.400000,62507.900000,62693.300000,22029.3550
BTCUSDT,2026.06.11,08:00:00,62693.200000,63235.900000,62691.700000,63078.000000,26302.2030
BTCUSDT,2026.06.11,12:00:00,63078.000000,63200.000000,62455.800000,62721.100000,50133.3430
BTCUSDT,2026.06.11,16:00:00,62721.200000,63915.300000,62315.000000,63567.600000,52994.3120
BTCUSDT,2026.06.11,20:00:00,63567.700000,63712.300000,63235.800000,63597.900000,13595.1640
BTCUSDT,2026.06.12,00:00:00,63598.000000,63777.000000,63271.600000,63490.000000,14144.6160
BTCUSDT,2026.06.12,04:00:00,63490.100000,63843.200000,62800.000000,63066.500000,25276.1910
BTCUSDT,2026.06.12,08:00:00,63066.500000,63929.900000,63063.900000,63729.400000,22081.2860
BTCUSDT,2026.06.12,12:00:00,63729.400000,64362.600000,63020.600000,63557.000000,55108.3430
BTCUSDT,2026.06.12,16:00:00,63557.100000,64083.300000,63477.500000,63555.100000,19010.2360
BTCUSDT,2026.06.12,20:00:00,63555.000000,63664.400000,63352.300000,63547.000000,10103.1100
BTCUSDT,2026.06.13,00:00:00,63547.000000,63828.400000,63360.000000,63494.400000,10105.1040
BTCUSDT,2026.06.13,04:00:00,63494.400000,63879.000000,63444.900000,63823.900000,9018.3790
BTCUSDT,2026.06.13,08:00:00,63823.900000,63949.900000,63683.100000,63936.100000,9974.9240
BTCUSDT,2026.06.13,12:00:00,63936.100000,64323.000000,63882.600000,64265.000000,16226.1760
BTCUSDT,2026.06.13,16:00:00,64265.100000,64298.700000,63862.900000,64264.200000,17406.5030
BTCUSDT,2026.06.13,20:00:00,64264.200000,64738.000000,64189.600000,64418.200000,13430.3010
BTCUSDT,2026.06.14,00:00:00,64418.300000,64682.200000,64338.800000,64515.000000,9988.1940
BTCUSDT,2026.06.14,04:00:00,64515.000000,64532.800000,64186.500000,64392.000000,10509.0990
BTCUSDT,2026.06.14,08:00:00,64392.100000,64640.600000,64281.100000,64511.700000,9126.5900
BTCUSDT,2026.06.14,12:00:00,64511.700000,64531.200000,63830.000000,63995.200000,18995.1080
BTCUSDT,2026.06.14,16:00:00,63995.200000,64183.400000,63650.000000,63777.300000,13323.2480
BTCUSDT,2026.06.14,20:00:00,63777.400000,65775.000000,63761.500000,65702.100000,54791.2190
BTCUSDT,2026.06.15,00:00:00,65702.100000,65996.800000,65314.300000,65894.700000,28160.7340
BTCUSDT,2026.06.15,04:00:00,65894.600000,65978.100000,65577.800000,65642.300000,15857.0950
BTCUSDT,2026.06.15,08:00:00,65642.400000,66346.200000,65469.000000,66192.000000,30586.2330
BTCUSDT,2026.06.15,12:00:00,66192.000000,67255.400000,66056.400000,67248.500000,54335.3120
BTCUSDT,2026.06.15,16:00:00,67248.500000,67254.500000,66302.400000,66579.200000,25502.7820
BTCUSDT,2026.06.15,20:00:00,66579.100000,66658.200000,66065.100000,66285.900000,13510.7850
BTCUSDT,2026.06.16,00:00:00,66285.900000,66426.900000,65607.100000,66125.400000,21435.4980
BTCUSDT,2026.06.16,04:00:00,66125.400000,66543.500000,65768.700000,66341.700000,18657.4170
BTCUSDT,2026.06.16,08:00:00,66341.800000,66956.700000,66310.500000,66456.000000,21615.6350
BTCUSDT,2026.06.16,12:00:00,66456.000000,66787.100000,65328.800000,65841.800000,40814.1570
BTCUSDT,2026.06.16,16:00:00,65841.800000,66246.100000,65529.000000,65653.200000,17111.2550
BTCUSDT,2026.06.16,20:00:00,65653.200000,65908.400000,65561.300000,65644.800000,9472.4640
BTCUSDT,2026.06.17,00:00:00,65644.800000,66092.500000,65427.900000,65818.600000,12292.3340
BTCUSDT,2026.06.17,04:00:00,65818.600000,66019.000000,65200.000000,65504.000000,16732.9990
BTCUSDT,2026.06.17,08:00:00,65503.900000,65549.800000,64525.000000,64774.500000,31844.1780
BTCUSDT,2026.06.17,12:00:00,64774.600000,65834.100000,64550.700000,65712.700000,37758.9110
BTCUSDT,2026.06.17,16:00:00,65712.700000,66419.200000,64015.000000,64271.300000,79252.6040
BTCUSDT,2026.06.17,20:00:00,64271.400000,64495.300000,63881.200000,64472.900000,21605.2730
BTCUSDT,2026.06.18,00:00:00,64472.900000,64780.000000,64228.900000,64255.000000,14714.9010
BTCUSDT,2026.06.18,04:00:00,64255.000000,64491.100000,63660.100000,64470.300000,26503.4760
BTCUSDT,2026.06.18,08:00:00,64470.400000,64631.500000,63855.000000,63940.100000,20589.6380
BTCUSDT,2026.06.18,12:00:00,63940.100000,64423.400000,62232.100000,62337.800000,71085.5800
BTCUSDT,2026.06.18,16:00:00,62337.800000,62985.000000,62241.000000,62925.400000,39773.5290
BTCUSDT,2026.06.18,20:00:00,62925.300000,63266.800000,62710.500000,62924.100000,15031.5920
BTCUSDT,2026.06.19,00:00:00,62924.000000,63088.000000,62237.200000,62745.100000,18794.1330
BTCUSDT,2026.06.19,04:00:00,62745.100000,62896.800000,62375.700000,62592.400000,17304.6880
BTCUSDT,2026.06.19,08:00:00,62592.400000,62758.100000,62272.400000,62600.000000,16397.7340
BTCUSDT,2026.06.19,12:00:00,62600.000000,63410.300000,62315.200000,63193.000000,32841.1950
BTCUSDT,2026.06.19,16:00:00,63193.100000,63376.600000,62836.600000,63001.900000,15117.8890
BTCUSDT,2026.06.19,20:00:00,63001.800000,63645.000000,62926.200000,63512.600000,11771.2420
BTCUSDT,2026.06.20,00:00:00,63512.500000,63757.200000,63283.500000,63440.500000,12770.4330
BTCUSDT,2026.06.20,04:00:00,63440.500000,63894.000000,63367.600000,63625.000000,14008.7910
BTCUSDT,2026.06.20,08:00:00,63625.000000,63770.000000,63360.000000,63651.300000,12183.3810
BTCUSDT,2026.06.20,12:00:00,63651.400000,64370.900000,63136.200000,64139.500000,36115.6810
BTCUSDT,2026.06.20,16:00:00,64139.400000,64150.000000,63661.900000,63905.500000,13002.2440
BTCUSDT,2026.06.20,20:00:00,63905.500000,64326.000000,63820.000000,64270.000000,7596.1660
BTCUSDT,2026.06.21,00:00:00,64270.100000,64450.000000,64199.000000,64398.800000,10365.5400
BTCUSDT,2026.06.21,04:00:00,64398.800000,64568.000000,64143.200000,64170.100000,12165.9690
BTCUSDT,2026.06.21,08:00:00,64170.000000,64453.300000,63871.300000,64149.900000,17775.1890
BTCUSDT,2026.06.21,12:00:00,64149.800000,64337.300000,63916.000000,64200.300000,11893.6540
BTCUSDT,2026.06.21,16:00:00,64200.200000,64284.900000,63907.400000,64173.600000,7663.1140
BTCUSDT,2026.06.21,20:00:00,64173.700000,64243.400000,63220.000000,63287.100000,25118.6100
BTCUSDT,2026.06.22,00:00:00,63287.200000,64788.000000,63286.200000,63935.100000,37961.5630
BTCUSDT,2026.06.22,04:00:00,63935.100000,64384.300000,63833.400000,64187.900000,14743.5020
BTCUSDT,2026.06.22,08:00:00,64188.000000,64750.000000,64014.900000,64624.300000,15942.6010
BTCUSDT,2026.06.22,12:00:00,64624.200000,65597.200000,64545.700000,64808.000000,51405.9250
BTCUSDT,2026.06.22,16:00:00,64808.000000,64835.600000,64240.000000,64447.900000,24156.8850
BTCUSDT,2026.06.22,20:00:00,64450.600000,64637.100000,63758.300000,63990.200000,17632.5320
BTCUSDT,2026.06.23,00:00:00,63990.100000,64247.200000,63803.200000,64037.300000,14943.5550
BTCUSDT,2026.06.23,04:00:00,64037.200000,64068.000000,62532.400000,62849.200000,45716.4910
BTCUSDT,2026.06.23,08:00:00,62849.300000,62916.500000,61870.000000,62478.500000,41466.5430
BTCUSDT,2026.06.23,12:00:00,62478.400000,62837.100000,61916.900000,62455.800000,42631.0350
BTCUSDT,2026.06.23,16:00:00,62455.900000,62812.200000,62075.600000,62365.700000,19127.8820
BTCUSDT,2026.06.23,20:00:00,62365.700000,62770.600000,62344.200000,62696.700000,9033.7330
BTCUSDT,2026.06.24,00:00:00,62696.700000,63090.900000,62402.800000,62704.600000,17756.9970
BTCUSDT,2026.06.24,04:00:00,62704.600000,63053.500000,62500.000000,62630.300000,12079.1740
BTCUSDT,2026.06.24,08:00:00,62630.400000,63209.600000,62272.100000,62887.700000,19998.4510
BTCUSDT,2026.06.24,12:00:00,62887.800000,62939.300000,60238.000000,60254.900000,90414.6280
BTCUSDT,2026.06.24,16:00:00,60254.900000,60649.100000,59060.000000,59923.800000,95446.2690
BTCUSDT,2026.06.24,20:00:00,59923.700000,61256.000000,59813.900000,61051.200000,42401.7850
BTCUSDT,2026.06.25,00:00:00,61051.200000,61138.900000,60648.000000,60853.900000,16377.1730
BTCUSDT,2026.06.25,04:00:00,60854.000000,61931.100000,60756.400000,61886.700000,30997.4790
BTCUSDT,2026.06.25,08:00:00,61886.800000,61897.600000,61033.500000,61258.200000,28088.6960
BTCUSDT,2026.06.25,12:00:00,61258.200000,61742.900000,58030.000000,59536.200000,167122.7260
BTCUSDT,2026.06.25,16:00:00,59536.200000,60035.700000,59114.400000,59299.800000,35931.8820
BTCUSDT,2026.06.25,20:00:00,59299.900000,60245.000000,59298.700000,59771.900000,23312.2180
BTCUSDT,2026.06.26,00:00:00,59772.000000,60125.700000,58288.000000,60015.000000,61621.0290
BTCUSDT,2026.06.26,04:00:00,60015.000000,60734.000000,59666.200000,60491.000000,40011.9280
BTCUSDT,2026.06.26,08:00:00,60491.000000,60542.600000,59210.400000,59392.400000,36168.1340
BTCUSDT,2026.06.26,12:00:00,59392.400000,60494.100000,58388.000000,60296.600000,97365.2090
BTCUSDT,2026.06.26,16:00:00,60296.900000,60580.000000,59530.700000,59719.700000,32859.6360
BTCUSDT,2026.06.26,20:00:00,59719.900000,60090.800000,59556.000000,60072.000000,14069.2150
BTCUSDT,2026.06.27,00:00:00,60071.900000,60387.800000,59846.200000,60274.700000,12863.5120
BTCUSDT,2026.06.27,04:00:00,60274.800000,60557.800000,60074.500000,60522.300000,13007.1990
BTCUSDT,2026.06.27,08:00:00,60522.400000,60522.500000,60162.000000,60331.900000,8919.9270
BTCUSDT,2026.06.27,12:00:00,60331.900000,60924.700000,60222.600000,60817.200000,17098.5280
BTCUSDT,2026.06.27,16:00:00,60817.300000,60850.000000,60050.000000,60149.900000,16777.9390
BTCUSDT,2026.06.27,20:00:00,60149.900000,60469.800000,59819.800000,60000.300000,12635.4880
BTCUSDT,2026.06.28,00:00:00,60000.400000,60314.300000,59950.000000,60169.500000,7852.3520
BTCUSDT,2026.06.28,04:00:00,60169.500000,60247.100000,59714.800000,60192.500000,13002.6810
BTCUSDT,2026.06.28,08:00:00,60192.400000,60543.300000,60037.000000,60314.900000,12643.5120
BTCUSDT,2026.06.28,12:00:00,60315.000000,60435.800000,59781.800000,59849.900000,15226.3460
BTCUSDT,2026.06.28,16:00:00,59850.000000,59915.700000,59224.600000,59451.400000,24638.3470
BTCUSDT,2026.06.28,20:00:00,59451.300000,59883.200000,58888.000000,59550.200000,30235.4590
BTCUSDT,2026.06.29,00:00:00,59550.200000,60219.400000,58850.000000,60019.800000,38253.8490
BTCUSDT,2026.06.29,04:00:00,60019.900000,60325.000000,59360.300000,59998.900000,20723.1080
BTCUSDT,2026.06.29,08:00:00,59998.900000,60287.100000,59712.800000,59927.200000,21568.6400
BTCUSDT,2026.06.29,12:00:00,59927.200000,60758.300000,58988.000000,59800.200000,97415.4840
BTCUSDT,2026.06.29,16:00:00,59800.300000,60666.600000,59562.600000,60409.300000,36925.2540
BTCUSDT,2026.06.29,20:00:00,60409.300000,60565.600000,60134.000000,60224.700000,12889.9400
BTCUSDT,2026.06.30,00:00:00,60224.700000,60250.000000,59570.000000,59596.100000,22856.2660
BTCUSDT,2026.06.30,04:00:00,59596.100000,59698.900000,59329.200000,59497.700000,22886.3970
BTCUSDT,2026.06.30,08:00:00,59497.700000,59532.700000,59100.000000,59162.300000,21626.5130
BTCUSDT,2026.06.30,12:00:00,59162.200000,59264.400000,58160.000000,58356.200000,92456.5150
BTCUSDT,2026.06.30,16:00:00,58356.200000,58819.900000,58223.300000,58794.400000,21528.0980
BTCUSDT,2026.06.30,20:00:00,58794.000000,58850.000000,58472.300000,58605.400000,10292.5120
BTCUSDT,2026.07.01,00:00:00,58605.400000,59298.400000,57758.600000,59169.600000,56290.2920
BTCUSDT,2026.07.01,04:00:00,59169.700000,59444.500000,58500.100000,58744.400000,28426.7930
BTCUSDT,2026.07.01,08:00:00,58744.400000,59069.700000,58450.700000,58592.900000,18942.5840
BTCUSDT,2026.07.01,12:00:00,58592.800000,60520.000000,58294.100000,60118.500000,83094.0850
BTCUSDT,2026.07.01,16:00:00,60118.600000,60332.800000,59762.600000,60000.000000,24811.0300
BTCUSDT,2026.07.01,20:00:00,60000.000000,61322.000000,59844.500000,59999.600000,52373.6970
BTCUSDT,2026.07.02,00:00:00,59999.600000,61102.500000,59555.000000,61032.900000,37833.8080
BTCUSDT,2026.07.02,04:00:00,61032.900000,61033.000000,60080.900000,60125.800000,34117.7780
BTCUSDT,2026.07.02,08:00:00,60125.800000,61447.000000,60113.500000,61329.100000,53739.0840
BTCUSDT,2026.07.02,12:00:00,61329.100000,62180.000000,61109.900000,61584.000000,69787.0140
BTCUSDT,2026.07.02,16:00:00,61584.000000,61900.000000,61113.800000,61452.500000,28202.6790
BTCUSDT,2026.07.02,20:00:00,61452.400000,61634.300000,61308.300000,61540.600000,12269.7090
BTCUSDT,2026.07.03,00:00:00,61540.500000,61727.200000,61229.000000,61407.600000,15053.9110
BTCUSDT,2026.07.03,04:00:00,61407.500000,61849.700000,61300.400000,61733.600000,14260.8270
BTCUSDT,2026.07.03,08:00:00,61733.700000,62078.600000,61480.700000,61992.800000,19066.0590
BTCUSDT,2026.07.03,12:00:00,61992.800000,62386.700000,61653.000000,61895.200000,36548.0420
BTCUSDT,2026.07.03,16:00:00,61895.200000,62292.400000,61877.600000,62178.400000,14492.8690
BTCUSDT,2026.07.03,20:00:00,62178.400000,62957.200000,62151.200000,62565.500000,33076.7860
BTCUSDT,2026.07.04,00:00:00,62565.500000,62925.700000,62381.600000,62609.600000,15174.8480
BTCUSDT,2026.07.04,04:00:00,62609.600000,62735.200000,62302.600000,62549.000000,9691.0200
BTCUSDT,2026.07.04,08:00:00,62549.100000,62654.100000,62386.100000,62458.700000,7405.1830
BTCUSDT,2026.07.04,12:00:00,62458.600000,63069.600000,62458.600000,62908.800000,15525.1640
BTCUSDT,2026.07.04,16:00:00,62908.700000,63450.000000,62752.900000,63268.100000,21139.0190
BTCUSDT,2026.07.04,20:00:00,63268.000000,63430.000000,62902.700000,63114.800000,10714.2900
BTCUSDT,2026.07.05,00:00:00,63114.900000,63114.900000,62549.600000,62739.100000,14486.3590
BTCUSDT,2026.07.05,04:00:00,62739.100000,63039.300000,62628.000000,62995.100000,10165.2690
BTCUSDT,2026.07.05,08:00:00,62995.100000,63084.000000,62410.100000,62630.000000,13311.7040
BTCUSDT,2026.07.05,12:00:00,62630.000000,62923.700000,62534.300000,62711.900000,10079.9400
BTCUSDT,2026.07.05,16:00:00,62711.900000,62865.000000,62564.400000,62744.000000,8303.7480
BTCUSDT,2026.07.05,20:00:00,62744.100000,63990.700000,62580.000000,63617.100000,36280.1240
BTCUSDT,2026.07.06,00:00:00,63617.200000,63900.000000,63101.200000,63273.000000,23780.3030
BTCUSDT,2026.07.06,04:00:00,63272.900000,63368.300000,62858.400000,63064.500000,16456.7460
BTCUSDT,2026.07.06,08:00:00,63064.500000,63226.400000,62461.400000,62461.400000,27610.1070
BTCUSDT,2026.07.06,12:00:00,62461.200000,63531.100000,61297.000000,63523.100000,105736.0560
BTCUSDT,2026.07.06,16:00:00,63523.000000,63977.900000,63356.800000,63709.800000,40689.1560
BTCUSDT,2026.07.06,20:00:00,63709.900000,64691.900000,63560.000000,64023.600000,28521.4310
BTCUSDT,2026.07.07,00:00:00,64023.500000,64298.100000,63122.000000,63165.000000,29622.9340
BTCUSDT,2026.07.07,04:00:00,63164.900000,63424.200000,62745.600000,63062.600000,27393.3750
BTCUSDT,2026.07.07,08:00:00,63062.700000,63432.800000,62958.400000,63377.700000,16329.8710
BTCUSDT,2026.07.07,12:00:00,63377.800000,64096.000000,62638.000000,63910.000000,60232.8090
BTCUSDT,2026.07.07,16:00:00,63910.000000,64234.100000,63351.400000,63794.900000,28687.0490
BTCUSDT,2026.07.07,20:00:00,63794.900000,63874.600000,63177.000000,63335.400000,14939.8000
BTCUSDT,2026.07.08,00:00:00,63335.400000,63740.200000,62466.900000,62741.000000,28854.9670
BTCUSDT,2026.07.08,04:00:00,62741.000000,62873.300000,62434.900000,62854.100000,17957.7310
BTCUSDT,2026.07.08,08:00:00,62854.100000,62921.800000,61708.200000,62270.000000,45949.7300
BTCUSDT,2026.07.08,12:00:00,62270.000000,62394.100000,61520.000000,61674.500000,39109.5320
BTCUSDT,2026.07.08,16:00:00,61674.600000,62372.700000,61666.000000,62251.900000,20257.6200
BTCUSDT,2026.07.08,20:00:00,62251.900000,62331.800000,61926.900000,62255.300000,10966.1450
BTCUSDT,2026.07.09,00:00:00,62255.100000,62620.200000,61666.000000,61943.100000,21786.3610
BTCUSDT,2026.07.09,04:00:00,61943.200000,63286.500000,61929.000000,62973.700000,35632.4740
BTCUSDT,2026.07.09,08:00:00,62973.600000,63083.900000,62583.400000,62756.000000,16875.2770
BTCUSDT,2026.07.09,12:00:00,62755.900000,63233.000000,62428.500000,62835.400000,43030.5220
BTCUSDT,2026.07.09,16:00:00,62835.400000,63484.900000,62525.200000,63222.900000,23833.3340
BTCUSDT,2026.07.09,20:00:00,63222.900000,63395.900000,63032.200000,63197.000000,9696.3250
BTCUSDT,2026.07.10,00:00:00,63197.100000,64022.000000,62897.000000,63917.200000,28582.7090
BTCUSDT,2026.07.10,04:00:00,63917.300000,64185.000000,63765.500000,63956.100000,19716.7720
BTCUSDT,2026.07.10,08:00:00,63956.100000,64478.300000,63949.100000,64394.200000,27561.9370
BTCUSDT,2026.07.10,12:00:00,64394.200000,64680.000000,63768.000000,64018.700000,35094.9420
BTCUSDT,2026.07.10,16:00:00,64018.700000,64208.100000,63718.100000,63900.400000,13676.9860
BTCUSDT,2026.07.10,20:00:00,63900.400000,64176.900000,63619.900000,64129.500000,14154.7110
BTCUSDT,2026.07.11,00:00:00,64129.500000,64288.700000,63950.100000,64117.200000,7282.1450
BTCUSDT,2026.07.11,04:00:00,64117.200000,64250.000000,64047.200000,64132.600000,5329.1120
BTCUSDT,2026.07.11,08:00:00,64132.600000,64280.000000,64110.200000,64176.000000,5002.7280
BTCUSDT,2026.07.11,12:00:00,64176.100000,64497.400000,63668.800000,64139.000000,18675.9210
BTCUSDT,2026.07.11,16:00:00,64139.100000,64375.800000,64050.400000,64262.000000,6780.2160
BTCUSDT,2026.07.11,20:00:00,64261.900000,64438.900000,63776.000000,63783.000000,10604.7730
BTCUSDT,2026.07.12,00:00:00,63783.100000,64217.800000,63657.400000,64201.800000,12186.5400
BTCUSDT,2026.07.12,04:00:00,64201.900000,64238.000000,63602.800000,63856.400000,11313.9030
BTCUSDT,2026.07.12,08:00:00,63856.400000,64083.700000,63730.700000,63993.800000,8689.9530
BTCUSDT,2026.07.12,12:00:00,63993.800000,64271.900000,63928.000000,64149.900000,9372.8970
BTCUSDT,2026.07.12,16:00:00,64150.000000,64248.000000,63983.100000,64201.900000,6633.1170
BTCUSDT,2026.07.12,20:00:00,64202.000000,64227.400000,63634.100000,63750.000000,11895.5360
BTCUSDT,2026.07.13,00:00:00,63749.900000,64411.800000,62705.000000,62780.200000,52443.6210
BTCUSDT,2026.07.13,04:00:00,62780.100000,63030.000000,62434.900000,62952.700000,24227.3240
BTCUSDT,2026.07.13,08:00:00,62952.800000,63260.000000,62834.400000,62881.300000,22997.4620
BTCUSDT,2026.07.13,12:00:00,62881.400000,62970.700000,62061.300000,62596.600000,52068.1690
BTCUSDT,2026.07.13,16:00:00,62596.700000,62614.500000,61806.000000,62258.000000,28856.6400
BTCUSDT,2026.07.13,20:00:00,62257.900000,62333.400000,61854.500000,62307.000000,15189.0070
BTCUSDT,2026.07.14,00:00:00,62307.000000,62639.300000,62240.900000,62538.200000,15779.6230
BTCUSDT,2026.07.14,04:00:00,62538.300000,62848.000000,62489.700000,62529.700000,12956.5100
BTCUSDT,2026.07.14,08:00:00,62529.700000,62896.000000,62458.300000,62810.300000,11932.4830
BTCUSDT,2026.07.14,12:00:00,62810.300000,64950.000000,62756.500000,64727.500000,99608.6660
BTCUSDT,2026.07.14,16:00:00,64727.400000,64879.000000,64200.000000,64543.000000,27810.7760
BTCUSDT,2026.07.14,20:00:00,64543.100000,65130.000000,64390.400000,65014.700000,22787.1250
BTCUSDT,2026.07.15,00:00:00,65014.600000,65043.300000,64456.700000,64760.800000,14011.5880
BTCUSDT,2026.07.15,04:00:00,64760.900000,65260.000000,64450.900000,64528.000000,20381.8480
BTCUSDT,2026.07.15,08:00:00,64528.000000,64899.900000,64528.000000,64707.500000,11520.1200
BTCUSDT,2026.07.15,12:00:00,64707.400000,65589.700000,64568.800000,65391.600000,48445.1380
BTCUSDT,2026.07.15,16:00:00,65391.500000,65438.000000,64708.000000,64942.000000,30103.5350
BTCUSDT,2026.07.15,20:00:00,64942.100000,65030.500000,64660.000000,64721.400000,7761.3850
BTCUSDT,2026.07.16,00:00:00,64721.400000,64814.700000,64362.200000,64593.000000,13463.3140
BTCUSDT,2026.07.16,04:00:00,64593.000000,64974.500000,64005.600000,64200.000000,23983.7590
BTCUSDT,2026.07.16,08:00:00,64200.100000,64340.000000,63843.100000,64226.600000,23564.8690
BTCUSDT,2026.07.16,12:00:00,64226.600000,64874.700000,63833.000000,64677.700000,38698.0360
BTCUSDT,2026.07.16,16:00:00,64677.700000,64687.600000,63958.000000,64241.600000,18183.2630
BTCUSDT,2026.07.16,20:00:00,64241.700000,64249.900000,63712.600000,63801.000000,12576.2210
BTCUSDT,2026.07.17,00:00:00,63801.100000,64041.600000,63358.000000,63538.100000,23701.4040
BTCUSDT,2026.07.17,04:00:00,63538.000000,63560.000000,62655.000000,62792.900000,36223.3360
BTCUSDT,2026.07.17,08:00:00,62792.800000,63337.400000,62611.000000,63273.200000,20640.3950
BTCUSDT,2026.07.17,12:00:00,63273.100000,63496.000000,62505.100000,63432.400000,42264.1000
BTCUSDT,2026.07.17,16:00:00,63432.400000,64356.700000,63272.400000,64121.400000,34857.5770
BTCUSDT,2026.07.17,20:00:00,64121.400000,64188.200000,63860.000000,63909.900000,8166.0010
BTCUSDT,2026.07.18,00:00:00,63909.900000,64014.900000,63859.600000,63989.500000,5338.8340
BTCUSDT,2026.07.18,04:00:00,63989.500000,64000.000000,63894.300000,63980.100000,4328.0880
BTCUSDT,2026.07.18,08:00:00,63980.000000,64073.200000,63912.000000,64033.300000,4092.0980
BTCUSDT,2026.07.18,12:00:00,64033.200000,64237.700000,63925.200000,64090.000000,9810.6710
BTCUSDT,2026.07.18,16:00:00,64090.000000,64666.000000,64054.500000,64526.300000,15262.2570
BTCUSDT,2026.07.18,20:00:00,64526.400000,64837.400000,64467.200000,64806.700000,10394.7900
BTCUSDT,2026.07.19,00:00:00,64806.700000,64948.800000,64594.600000,64686.800000,13515.1090
BTCUSDT,2026.07.19,04:00:00,64686.800000,64789.800000,64580.400000,64692.200000,5846.7150
BTCUSDT,2026.07.19,08:00:00,64692.100000,64723.500000,64415.000000,64445.700000,10691.7000
BTCUSDT,2026.07.19,12:00:00,64445.700000,64633.000000,64259.500000,64545.200000,11251.4780
BTCUSDT,2026.07.19,16:00:00,64545.300000,64733.000000,64262.900000,64438.100000,9954.8220
BTCUSDT,2026.07.19,20:00:00,64438.100000,64874.900000,64305.000000,64694.700000,11535.2060
BTCUSDT,2026.07.20,00:00:00,64694.800000,65084.600000,64380.000000,64839.400000,22717.1460
BTCUSDT,2026.07.20,04:00:00,64839.300000,64843.400000,63736.100000,64250.000000,27903.4190
BTCUSDT,2026.07.20,08:00:00,64250.000000,65048.300000,63858.100000,64970.800000,27733.4310
BTCUSDT,2026.07.20,12:00:00,64970.800000,65688.000000,64034.300000,65570.100000,54262.2910
BTCUSDT,2026.07.20,16:00:00,65570.100000,65788.000000,65011.400000,65119.300000,35972.6630
BTCUSDT,2026.07.20,20:00:00,65119.300000,65435.300000,65030.200000,65224.800000,10917.1970
BTCUSDT,2026.07.21,00:00:00,65224.700000,65634.400000,65115.300000,65539.500000,15057.3710
BTCUSDT,2026.07.21,04:00:00,65539.500000,66240.000000,65453.500000,66166.900000,27187.7410
BTCUSDT,2026.07.21,08:00:00,66166.800000,66390.000000,66103.400000,66317.900000,22965.0540
BTCUSDT,2026.07.21,12:00:00,66317.900000,66924.100000,66236.000000,66648.500000,39564.7040
BTCUSDT,2026.07.21,16:00:00,66648.500000,66736.700000,65939.000000,66409.500000,24712.1740
BTCUSDT,2026.07.21,20:00:00,66409.500000,66544.800000,66172.000000,66522.400000,9407.8710
BTCUSDT,2026.07.22,00:00:00,66522.300000,66711.000000,66141.700000,66176.700000,13801.0580
BTCUSDT,2026.07.22,04:00:00,66176.600000,66399.000000,65668.600000,65813.400000,22194.3840
BTCUSDT,2026.07.22,08:00:00,65813.400000,66140.500000,65813.400000,65981.400000,19352.0950
BTCUSDT,2026.07.22,12:00:00,65981.300000,66190.400000,65505.000000,66014.800000,33898.6860
BTCUSDT,2026.07.22,16:00:00,66014.800000,66363.600000,65650.200000,65891.100000,19116.4900
BTCUSDT,2026.07.22,20:00:00,65891.200000,66116.500000,65753.000000,66082.000000,8447.9020
BTCUSDT,2026.07.23,00:00:00,66082.000000,66284.100000,65548.000000,65626.800000,16744.2030
BTCUSDT,2026.07.23,04:00:00,65626.700000,65793.700000,65313.700000,65405.300000,15598.4730
BTCUSDT,2026.07.23,08:00:00,65405.300000,65756.600000,65383.600000,65525.400000,11821.5860
BTCUSDT,2026.07.23,12:00:00,65525.400000,65557.800000,64696.200000,64940.400000,51499.1870
BTCUSDT,2026.07.23,16:00:00,64940.400000,64940.500000,64636.000000,64820.700000,15984.6850
BTCUSDT,2026.07.23,20:00:00,64820.700000,65193.500000,64809.700000,65069.600000,13119.6440
BTCUSDT,2026.07.24,00:00:00,65069.600000,65436.800000,64733.200000,65425.400000,18271.0870
BTCUSDT,2026.07.24,04:00:00,65425.500000,65780.000000,65213.000000,65470.000000,22156.3610
BTCUSDT,2026.07.24,08:00:00,65470.100000,65477.200000,64821.900000,65045.700000,18685.3680
BTCUSDT,2026.07.24,12:00:00,65045.700000,65110.100000,63666.000000,64065.100000,67797.3630
BTCUSDT,2026.07.24,16:00:00,64065.100000,64266.900000,63854.300000,64199.500000,14675.6340
BTCUSDT,2026.07.24,20:00:00,64199.500000,64260.100000,64098.700000,64116.500000,5951.6590
BTCUSDT,2026.07.25,00:00:00,64116.500000,64155.000000,63977.000000,64052.900000,11227.0050
BTCUSDT,2026.07.25,04:00:00,64053.000000,64181.000000,63933.200000,63972.900000,5992.3150
BTCUSDT,2026.07.25,08:00:00,63973.000000,64078.500000,63760.500000,64031.300000,8693.0200
BTCUSDT,2026.07.25,12:00:00,64031.200000,64243.600000,64006.200000,64150.000000,7467.0340
BTCUSDT,2026.07.25,16:00:00,64150.100000,64417.100000,64092.200000,64359.600000,8274.3570
BTCUSDT,2026.07.25,20:00:00,64359.700000,64407.100000,64233.000000,64338.100000,4593.9030
BTCUSDT,2026.07.26,00:00:00,64338.000000,64553.900000,64317.900000,64518.800000,6207.2680
BTCUSDT,2026.07.26,04:00:00,64518.900000,64566.000000,64256.400000,64341.200000,8129.2440
BTCUSDT,2026.07.26,08:00:00,64341.300000,64557.300000,64320.200000,64481.400000,5451.7890
BTCUSDT,2026.07.26,12:00:00,64481.500000,64819.300000,64379.700000,64733.600000,14685.0550
BTCUSDT,2026.07.26,16:00:00,64733.500000,64909.000000,64634.000000,64665.500000,8330.4010
BTCUSDT,2026.07.26,20:00:00,64665.600000,65555.000000,64606.300000,65375.100000,22959.4060
BTCUSDT,2026.07.27,00:00:00,65375.200000,65398.800000,64872.000000,65261.500000,15835.8570
BTCUSDT,2026.07.27,04:00:00,65261.500000,65722.500000,65190.000000,65195.900000,16646.0960
BTCUSDT,2026.07.27,08:00:00,65196.000000,65412.800000,65061.100000,65073.100000,12104.4080
BTCUSDT,2026.07.27,12:00:00,65073.100000,65689.600000,64374.400000,64517.100000,52696.8830
BTCUSDT,2026.07.27,16:00:00,64517.200000,65069.400000,64479.000000,64959.200000,17239.4330
BTCUSDT,2026.07.27,20:00:00,64959.200000,65030.800000,63567.000000,63720.800000,33309.0560
BTCUSDT,2026.07.28,00:00:00,63720.700000,63794.300000,63021.000000,63310.100000,30321.7860
BTCUSDT,2026.07.28,04:00:00,63310.000000,63642.200000,63187.200000,63476.800000,17817.0230
BTCUSDT,2026.07.28,08:00:00,63476.800000,63569.000000,63263.500000,63430.800000,17704.5680
BTCUSDT,2026.07.28,12:00:00,63430.700000,64014.200000,62660.100000,63899.400000,46087.7020
BTCUSDT,2026.07.28,16:00:00,63899.500000,64084.500000,63477.200000,63882.400000,17230.9920
BTCUSDT,2026.07.28,20:00:00,63882.400000,64047.900000,63526.000000,63903.600000,15111.7910
BTCUSDT,2026.07.29,00:00:00,63903.600000,64175.000000,63630.000000,63727.000000,20893.2340
BTCUSDT,2026.07.29,04:00:00,63727.000000,64544.000000,63569.500000,64539.000000,22600.6310
BTCUSDT,2026.07.29,08:00:00,64539.100000,64715.900000,64251.000000,64480.000000,19217.0320
BTCUSDT,2026.07.29,12:00:00,64479.900000,64688.000000,63857.400000,63940.200000,30660.5590
BTCUSDT,2026.07.29,16:00:00,63940.200000,64703.900000,63483.900000,63564.100000,56370.1260
BTCUSDT,2026.07.29,20:00:00,63564.000000,64108.400000,63234.000000,63958.900000,30234.7170
BTCUSDT,2026.07.30,00:00:00,63958.900000,64393.000000,63576.400000,64134.000000,19263.3950
BTCUSDT,2026.07.30,04:00:00,64134.000000,64156.400000,63881.000000,63981.900000,10707.1260
BTCUSDT,2026.07.30,08:00:00,63981.900000,64870.000000,63950.000000,64766.800000,22143.4730
BTCUSDT,2026.07.30,12:00:00,64766.900000,65157.000000,64571.400000,64694.200000,37561.2570
BTCUSDT,2026.07.30,16:00:00,64694.200000,64957.200000,64657.400000,64778.600000,9665.9860
BTCUSDT,2026.07.30,20:00:00,64778.500000,65062.900000,64636.300000,64750.000000,13514.4950
BTCUSDT,2026.07.31,00:00:00,64750.000000,65391.300000,64138.000000,64344.000000,35138.6330
BTCUSDT,2026.07.31,04:00:00,64344.000000,64476.800000,63835.600000,63909.100000,21124.1090
BTCUSDT,2026.07.31,08:00:00,63909.100000,63982.200000,63577.000000,63779.400000,20536.6730
BTCUSDT,2026.07.31,12:00:00,63779.400000,63807.500000,62410.500000,62695.400000,67331.2040
BTCUSDT,2026.07.31,16:00:00,62695.300000,63275.700000,62680.100000,62947.200000,21608.2920
BTCUSDT,2026.07.31,20:00:00,62947.100000,63037.000000,62814.100000,62859.900000,9226.0240
BTCUSDT,2026.08.01,00:00:00,62859.900000,63084.600000,62859.800000,62973.800000,6513.7440
BTCUSDT,2026.08.01,04:00:00,62973.800000,63118.700000,62964.100000,63019.600000,5009.8990
BTCUSDT,2026.08.01,08:00:00,63019.600000,63126.600000,62956.500000,63045.100000,4669.7240
BTCUSDT,2026.08.01,12:00:00,63045.200000,63097.500000,62976.400000,62976.400000,3987.8430
BTCUSDT,2026.08.01,16:00:00,62976.400000,63006.600000,62228.800000,62502.100000,26037.1850
BTCUSDT,2026.08.01,20:00:00,62502.100000,62844.900000,62456.900000,62792.300000,8519.7480
BTCUSDT,2026.08.02,00:00:00,62792.300000,63542.000000,62782.300000,63436.700000,22119.7560
BTCUSDT,2026.08.02,04:00:00,63436.800000,63620.000000,63382.900000,63468.100000,10767.4790
BTCUSDT,2026.08.02,08:00:00,63468.000000,63507.800000,62961.100000,63007.300000,15698.4300
BTCUSDT,2026.08.02,12:00:00,63007.200000,63215.100000,62974.400000,63081.600000,8524.3170
BTCUSDT,2026.08.02,16:00:00,63081.600000,63594.600000,63038.000000,63432.900000,10931.7150
BTCUSDT,2026.08.02,20:00:00,63433.000000,63779.000000,63306.200000,63550.000000,15998.7100
BTCUSDT,2026.08.03,00:00:00,63550.000000,63575.600000,62745.000000,62839.700000,14923.6660
BTCUSDT,2026.08.03,04:00:00,62839.800000,62976.800000,62520.000000,62591.000000,17943.2730
BTCUSDT,2026.08.03,08:00:00,62591.000000,62846.300000,62268.200000,62534.100000,22976.8830
BTCUSDT,2026.08.03,12:00:00,62534.100000,63960.000000,62400.000000,63659.500000,60123.1560
BTCUSDT,2026.08.03,16:00:00,63659.500000,64058.800000,63626.200000,63836.900000,20815.4350
BTCUSDT,2026.08.03,20:00:00,63836.900000,63992.900000,63352.200000,63497.200000,15061.4490
BTCUSDT,2026.08.04,00:00:00,63497.100000,63958.600000,63290.200000,63771.000000,18605.6210
BTCUSDT,2026.08.04,04:00:00,63771.000000,64239.800000,63480.000000,63666.500000,19953.0220
BTCUSDT,2026.08.04,08:00:00,63666.500000,63926.000000,63428.800000,63900.200000,14201.8690
BTCUSDT,2026.08.04,12:00:00,63900.200000,64200.000000,63582.100000,64088.400000,35048.5990
BTCUSDT,2026.08.04,16:00:00,64088.300000,64388.000000,63856.400000,64197.300000,21295.6090
BTCUSDT,2026.08.04,20:00:00,64197.300000,64512.900000,63918.200000,64075.500000,20920.5800
BTCUSDT,2026.08.05,00:00:00,64075.600000,64480.000000,63917.100000,64145.600000,26385.5090
BTCUSDT,2026.08.05,04:00:00,64145.600000,64500.000000,63962.400000,64141.000000,16283.3150
BTCUSDT,2026.08.05,08:00:00,64141.000000,64257.100000,63982.200000,64044.600000,11496.7420
BTCUSDT,2026.08.05,12:00:00,64044.700000,64728.500000,63847.000000,64353.600000,51851.5640
BTCUSDT,2026.08.05,16:00:00,64353.600000,64898.000000,64352.500000,64805.700000,21144.9270
BTCUSDT,2026.08.05,20:00:00,64805.700000,65022.000000,64535.600000,64633.900000,17958.1900
BTCUSDT,2026.08.06,00:00:00,64634.000000,64696.000000,64386.300000,64496.200000,11750.3060
BTCUSDT,2026.08.06,04:00:00,64496.300000,64971.700000,64461.900000,64789.400000,14522.5230
BTCUSDT,2026.08.06,08:00:00,64789.300000,64971.000000,64473.000000,64590.100000,14068.6060
BTCUSDT,2026.08.06,12:00:00,64590.100000,64962.000000,64111.000000,64604.200000,37867.9080
BTCUSDT,2026.08.06,16:00:00,64604.200000,64807.400000,64323.200000,64412.800000,13223.3530
BTCUSDT,2026.08.06,20:00:00,64412.800000,64510.700000,64163.500000,64300.000000,7872.0880
BTCUSDT,2026.08.07,00:00:00,64299.900000,64524.800000,64195.200000,64264.000000,11976.2400
BTCUSDT,2026.08.07,04:00:00,64264.000000,64441.000000,64128.300000,64288.900000,11470.9020
BTCUSDT,2026.08.07,08:00:00,64288.800000,65187.900000,64268.900000,64996.100000,26927.1430
BTCUSDT,2026.08.07,12:00:00,64996.200000,65358.000000,64756.800000,64885.400000,46158.2920
BTCUSDT,2026.08.07,16:00:00,64885.500000,65050.000000,64490.000000,64932.900000,22059.6680
BTCUSDT,2026.08.07,20:00:00,64932.900000,65078.700000,64815.300000,64885.400000,5796.1350
BTCUSDT,2026.08.08,00:00:00,64885.500000,65046.100000,64784.300000,65000.000000,4575.7940
BTCUSDT,2026.08.08,04:00:00,65000.000000,65040.100000,64919.500000,64936.300000,3614.3390
BTCUSDT,2026.08.08,08:00:00,64936.300000,65026.900000,64920.000000,64938.500000,3010.7880
BTCUSDT,2026.08.08,12:00:00,64938.400000,65163.000000,64890.800000,65049.300000,6827.3210
BTCUSDT,2026.08.08,16:00:00,65049.400000,65123.100000,64986.200000,65045.500000,4354.4080
BTCUSDT,2026.08.08,20:00:00,65045.500000,65059.100000,64907.900000,64928.500000,4055.6520
BTCUSDT,2026.08.09,00:00:00,64928.600000,64982.400000,64700.000000,64759.000000,5943.4530
BTCUSDT,2026.08.09,04:00:00,64758.900000,64835.000000,64747.400000,64793.600000,3791.3770
BTCUSDT,2026.08.09,08:00:00,64793.700000,64978.000000,64759.200000,64921.800000,5708.4040
BTCUSDT,2026.08.09,12:00:00,64921.700000,65279.900000,64884.300000,65207.700000,11644.1170
BTCUSDT,2026.08.09,16:00:00,65207.800000,65243.100000,65147.200000,65153.200000,4282.7640
BTCUSDT,2026.08.09,20:00:00,65153.200000,65482.700000,64805.100000,64867.800000,16478.3470
BTCUSDT,2026.08.10,00:00:00,64867.800000,65373.600000,64794.400000,64946.400000,19652.3200
BTCUSDT,2026.08.10,04:00:00,64946.400000,65348.400000,64892.100000,65183.000000,10477.8270
BTCUSDT,2026.08.10,08:00:00,65183.000000,65306.900000,64928.000000,65097.600000,10919.2700
BTCUSDT,2026.08.10,12:00:00,65097.500000,65221.200000,64171.800000,64268.800000,43196.1250
BTCUSDT,2026.08.10,16:00:00,64268.700000,64330.000000,63788.000000,64017.200000,35855.7060
BTCUSDT,2026.08.10,20:00:00,64017.200000,64189.300000,63881.600000,63939.300000,8724.4800
BTCUSDT,2026.08.11,00:00:00,63939.300000,64148.000000,63863.900000,64110.700000,9427.5510
BTCUSDT,2026.08.11,04:00:00,64110.700000,64124.200000,63820.000000,64031.700000,9537.3200
BTCUSDT,2026.08.11,08:00:00,64031.700000,64380.000000,64010.400000,64358.300000,13370.2730
BTCUSDT,2026.08.11,12:00:00,64358.400000,64470.000000,63420.000000,63585.300000,37999.4370
BTCUSDT,2026.08.11,16:00:00,63585.300000,63637.500000,63211.600000,63508.500000,23497.4950
BTCUSDT,2026.08.11,20:00:00,63508.500000,63757.500000,63508.500000,63572.000000,12191.5700
BTCUSDT,2026.08.12,00:00:00,63571.900000,63886.000000,63505.300000,63800.100000,10094.4000
BTCUSDT,2026.08.12,04:00:00,63800.100000,63863.600000,63574.600000,63804.800000,10960.5470
BTCUSDT,2026.08.12,08:00:00,63804.800000,64222.200000,63735.400000,64207.300000,18341.0740
BTCUSDT,2026.08.12,12:00:00,64207.300000,64450.000000,63291.100000,63421.400000,51576.7110
BTCUSDT,2026.08.12,16:00:00,63421.300000,63557.500000,63283.000000,63394.900000,13318.2230
BTCUSDT,2026.08.12,20:00:00,63394.800000,63629.800000,63337.500000,63454.700000,10141.8580
BTCUSDT,2026.08.13,00:00:00,63454.600000,63694.900000,63343.800000,63623.500000,13913.6200
BTCUSDT,2026.08.13,04:00:00,63623.500000,63990.700000,63564.900000,63833.000000,15828.5910
BTCUSDT,2026.08.13,08:00:00,63833.000000,63881.300000,63318.100000,63458.500000,17322.6250
BTCUSDT,2026.08.13,12:00:00,63458.600000,63980.600000,63385.000000,63385.000000,27296.1320
BTCUSDT,2026.08.13,16:00:00,63385.000000,63544.000000,62800.000000,63387.400000,37868.0080
BTCUSDT,2026.08.13,20:00:00,63387.300000,63613.600000,63343.400000,63456.700000,10437.1160
BTCUSDT,2026.08.14,00:00:00,63456.700000,63595.100000,63277.100000,63288.100000,9319.6270
BTCUSDT,2026.08.14,04:00:00,63288.000000,63449.600000,62888.000000,62888.100000,17241.2580
BTCUSDT,2026.08.14,08:00:00,62888.000000,62974.400000,62658.800000,62837.400000,21560.5290
BTCUSDT,2026.08.14,12:00:00,62837.500000,63061.700000,62484.200000,62956.000000,34290.1860
BTCUSDT,2026.08.14,16:00:00,62956.000000,63215.300000,62781.400000,62936.300000,16763.5400
BTCUSDT,2026.08.14,20:00:00,62936.400000,63040.300000,62770.900000,63015.000000,6172.6170
BTCUSDT,2026.08.15,00:00:00,63014.900000,63170.000000,62964.400000,63030.300000,5164.2820
BTCUSDT,2026.08.15,04:00:00,63030.300000,63127.500000,63003.800000,63049.800000,4561.1690
BTCUSDT,2026.08.15,08:00:00,63049.900000,63058.400000,62890.200000,62993.100000,4848.9920
BTCUSDT,2026.08.15,12:00:00,62993.000000,63096.700000,62920.900000,63068.000000,4304.7780
BTCUSDT,2026.08.15,16:00:00,63068.100000,63097.300000,63011.600000,63093.600000,3557.6100
BTCUSDT,2026.08.15,20:00:00,63093.600000,63141.600000,63040.100000,63053.900000,2694.3540
BTCUSDT,2026.08.16,00:00:00,63053.900000,63132.200000,62975.900000,63096.600000,3916.0190
BTCUSDT,2026.08.16,04:00:00,63096.500000,63122.700000,63007.100000,63034.300000,2390.9220
BTCUSDT,2026.08.16,08:00:00,63034.400000,63045.100000,62928.500000,62981.100000,3684.7670
BTCUSDT,2026.08.16,12:00:00,62981.100000,63113.800000,62959.100000,63113.800000,4034.1880
BTCUSDT,2026.08.16,16:00:00,63113.800000,63370.000000,63063.600000,63082.200000,12382.2230
BTCUSDT,2026.08.16,20:00:00,63082.300000,63117.100000,62681.100000,62876.000000,13519.9560
BTCUSDT,2026.08.17,00:00:00,62876.000000,63498.000000,62723.900000,63409.800000,21153.2930
BTCUSDT,2026.08.17,04:00:00,63409.700000,63693.200000,63409.700000,63493.500000,15679.7410
BTCUSDT,2026.08.17,08:00:00,63493.500000,63753.000000,63255.000000,63600.000000,19257.4430
BTCUSDT,2026.08.17,12:00:00,63600.000000,64199.900000,63412.500000,64169.900000,37743.3220
BTCUSDT,2026.08.17,16:00:00,64169.800000,64600.800000,63944.300000,64280.400000,33695.1530
BTCUSDT,2026.08.17,20:00:00,64280.400000,64555.400000,64231.300000,64504.100000,10720.3790
BTCUSDT,2026.08.18,00:00:00,64504.100000,64541.600000,64000.000000,64147.400000,16155.4000
BTCUSDT,2026.08.18,04:00:00,64147.500000,64425.000000,64055.000000,64170.900000,12799.3650
BTCUSDT,2026.08.18,08:00:00,64170.800000,64380.000000,64056.400000,64326.000000,10012.5210
BTCUSDT,2026.08.18,12:00:00,64326.100000,65057.900000,63979.200000,64823.900000,40826.7440
BTCUSDT,2026.08.18,16:00:00,64823.900000,64861.700000,64611.300000,64619.700000,10943.6910
BTCUSDT,2026.08.18,20:00:00,64619.800000,64631.000000,64528.900000,64560.900000,2806.6070
