<TICKER>,<DTYYYYMMDD>,<TIME>,<OPEN>,<HIGH>,<LOW>,<CLOSE>,<VOL>
EURUSD,2023.11.01,00:00:00,1.057977,1.058313,1.056971,1.057418,100.0000
EURUSD,2023.11.01,04:00:00,1.057306,1.057977,1.056301,1.056747,100.0000
EURUSD,2023.11.01,08:00:00,1.056859,1.057083,1.054407,1.054630,100.0000
EURUSD,2023.11.01,12:00:00,1.054519,1.057194,1.052521,1.053963,100.0000
EURUSD,2023.11.01,16:00:00,1.053963,1.057306,1.052189,1.057083,100.0000
EURUSD,2023.11.01,20:00:00,1.057083,1.058873,1.056971,1.058873,100.0000
EURUSD,2023.11.02,00:00:00,1.059210,1.060445,1.058761,1.060333,100.0000
EURUSD,2023.11.02,04:00:00,1.060220,1.061233,1.059659,1.060670,100.0000
EURUSD,2023.11.02,08:00:00,1.060558,1.064169,1.059547,1.063717,100.0000
EURUSD,2023.11.02,12:00:00,1.063943,1.067008,1.062022,1.062022,100.0000
EURUSD,2023.11.02,16:00:00,1.062022,1.063490,1.061458,1.062473,100.0000
EURUSD,2023.11.02,20:00:00,1.062473,1.063264,1.061909,1.061909,100.0000
EURUSD,2023.11.03,00:00:00,1.062022,1.063151,1.061797,1.062812,100.0000
EURUSD,2023.11.03,04:00:00,1.062812,1.063604,1.062812,1.063151,100.0000
EURUSD,2023.11.03,08:00:00,1.063151,1.065530,1.062361,1.064963,100.0000
EURUSD,2023.11.03,12:00:00,1.064963,1.073768,1.064849,1.073422,100.0000
EURUSD,2023.11.03,16:00:00,1.073768,1.074922,1.072616,1.072731,100.0000
EURUSD,2023.11.03,20:00:00,1.072846,1.073537,1.072846,1.072961,100.0000
EURUSD,2023.11.06,00:00:00,1.073422,1.073768,1.072616,1.073768,100.0000
EURUSD,2023.11.06,04:00:00,1.073653,1.074576,1.073537,1.073537,100.0000
EURUSD,2023.11.06,08:00:00,1.073653,1.075847,1.073653,1.075384,100.0000
EURUSD,2023.11.06,12:00:00,1.075500,1.075732,1.072961,1.074576,100.0000
EURUSD,2023.11.06,16:00:00,1.074691,1.075153,1.072616,1.072616,100.0000
EURUSD,2023.11.06,20:00:00,1.072616,1.072731,1.071582,1.072156,100.0000
EURUSD,2023.11.07,00:00:00,1.072156,1.072156,1.070893,1.071123,100.0000
EURUSD,2023.11.07,04:00:00,1.071237,1.071352,1.069633,1.069976,100.0000
EURUSD,2023.11.07,08:00:00,1.069976,1.070893,1.067008,1.067692,100.0000
EURUSD,2023.11.07,12:00:00,1.067806,1.069176,1.066894,1.068833,100.0000
EURUSD,2023.11.07,16:00:00,1.068833,1.070664,1.067578,1.069862,100.0000
EURUSD,2023.11.07,20:00:00,1.069747,1.070549,1.069290,1.069862,100.0000
EURUSD,2023.11.08,00:00:00,1.069862,1.070205,1.068947,1.069290,100.0000
EURUSD,2023.11.08,04:00:00,1.069176,1.069519,1.067920,1.068262,100.0000
EURUSD,2023.11.08,08:00:00,1.068262,1.068376,1.066325,1.067920,100.0000
EURUSD,2023.11.08,12:00:00,1.068034,1.071008,1.066325,1.070778,100.0000
EURUSD,2023.11.08,16:00:00,1.070893,1.071811,1.070435,1.070435,100.0000
EURUSD,2023.11.08,20:00:00,1.070549,1.071352,1.070435,1.071352,100.0000
EURUSD,2023.11.09,00:00:00,1.071467,1.071926,1.070549,1.071123,100.0000
EURUSD,2023.11.09,04:00:00,1.071123,1.071467,1.070435,1.070778,100.0000
EURUSD,2023.11.09,08:00:00,1.070778,1.071237,1.068376,1.069176,100.0000
EURUSD,2023.11.09,12:00:00,1.069176,1.072731,1.069061,1.071811,100.0000
EURUSD,2023.11.09,16:00:00,1.071811,1.071926,1.066439,1.067122,100.0000
EURUSD,2023.11.09,20:00:00,1.067122,1.067806,1.066553,1.066894,100.0000
EURUSD,2023.11.10,00:00:00,1.067008,1.067806,1.066667,1.067236,100.0000
EURUSD,2023.11.10,04:00:00,1.067236,1.067464,1.065984,1.066553,100.0000
EURUSD,2023.11.10,08:00:00,1.066780,1.069176,1.066780,1.068034,100.0000
EURUSD,2023.11.10,12:00:00,1.068034,1.069519,1.066780,1.067236,100.0000
EURUSD,2023.11.10,16:00:00,1.067236,1.068947,1.066667,1.068262,100.0000
EURUSD,2023.11.10,20:00:00,1.068148,1.068947,1.068034,1.068604,100.0000
EURUSD,2023.11.13,00:00:00,1.069290,1.069290,1.068376,1.068833,100.0000
EURUSD,2023.11.13,04:00:00,1.068947,1.069862,1.068719,1.069633,100.0000
EURUSD,2023.11.13,08:00:00,1.069519,1.070320,1.068833,1.068947,100.0000
EURUSD,2023.11.13,12:00:00,1.068947,1.069519,1.066894,1.069176,100.0000
EURUSD,2023.11.13,16:00:00,1.069404,1.070893,1.068833,1.070435,100.0000
EURUSD,2023.11.13,20:00:00,1.070549,1.071008,1.069976,1.070435,100.0000
EURUSD,2023.11.14,00:00:00,1.070549,1.070549,1.069747,1.069976,100.0000
EURUSD,2023.11.14,04:00:00,1.069976,1.071123,1.069633,1.070893,100.0000
EURUSD,2023.11.14,08:00:00,1.071008,1.073307,1.069862,1.072156,100.0000
EURUSD,2023.11.14,12:00:00,1.072156,1.084481,1.072156,1.084011,100.0000
EURUSD,2023.11.14,16:00:00,1.084128,1.088495,1.084128,1.088495,100.0000
EURUSD,2023.11.14,20:00:00,1.088495,1.088969,1.087666,1.088139,100.0000
EURUSD,2023.11.15,00:00:00,1.088139,1.088613,1.086838,1.088495,100.0000
EURUSD,2023.11.15,04:00:00,1.088495,1.088732,1.086838,1.087548,100.0000
EURUSD,2023.11.15,08:00:00,1.087548,1.088258,1.084716,1.086957,100.0000
EURUSD,2023.11.15,12:00:00,1.086957,1.088258,1.083424,1.086720,100.0000
EURUSD,2023.11.15,16:00:00,1.086957,1.087193,1.084481,1.084952,100.0000
EURUSD,2023.11.15,20:00:00,1.084952,1.085658,1.084599,1.085658,100.0000
EURUSD,2023.11.16,00:00:00,1.085658,1.085894,1.083306,1.083541,100.0000
EURUSD,2023.11.16,04:00:00,1.083541,1.084834,1.083541,1.084481,100.0000
EURUSD,2023.11.16,08:00:00,1.084481,1.086248,1.084246,1.085541,100.0000
EURUSD,2023.11.16,12:00:00,1.085423,1.089800,1.084246,1.088139,100.0000
EURUSD,2023.11.16,16:00:00,1.088021,1.088495,1.084952,1.085894,100.0000
EURUSD,2023.11.16,20:00:00,1.086130,1.086130,1.084716,1.085658,100.0000
EURUSD,2023.11.17,00:00:00,1.085658,1.086012,1.085187,1.085658,100.0000
EURUSD,2023.11.17,04:00:00,1.085776,1.085894,1.083893,1.084128,100.0000
EURUSD,2023.11.17,08:00:00,1.083424,1.087666,1.082837,1.086957,100.0000
EURUSD,2023.11.17,12:00:00,1.086602,1.089562,1.086130,1.089087,100.0000
EURUSD,2023.11.17,16:00:00,1.089206,1.090750,1.087784,1.090394,100.0000
EURUSD,2023.11.17,20:00:00,1.090275,1.091822,1.090037,1.091703,100.0000
EURUSD,2023.11.20,00:00:00,1.090750,1.092777,1.090037,1.092777,100.0000
EURUSD,2023.11.20,04:00:00,1.092777,1.093733,1.091703,1.091822,100.0000
EURUSD,2023.11.20,08:00:00,1.092061,1.094331,1.091941,1.092538,100.0000
EURUSD,2023.11.20,12:00:00,1.092538,1.094691,1.092299,1.094092,100.0000
EURUSD,2023.11.20,16:00:00,1.094212,1.095410,1.093853,1.094931,100.0000
EURUSD,2023.11.20,20:00:00,1.094931,1.095050,1.094092,1.094811,100.0000
EURUSD,2023.11.21,00:00:00,1.094811,1.096732,1.094571,1.096611,100.0000
EURUSD,2023.11.21,04:00:00,1.096611,1.096852,1.095410,1.095650,100.0000
EURUSD,2023.11.21,08:00:00,1.095770,1.096611,1.094212,1.094212,100.0000
EURUSD,2023.11.21,12:00:00,1.094331,1.096371,1.093494,1.093733,100.0000
EURUSD,2023.11.21,16:00:00,1.093972,1.094691,1.090394,1.091822,100.0000
EURUSD,2023.11.21,20:00:00,1.091822,1.092180,1.091107,1.091941,100.0000
EURUSD,2023.11.22,00:00:00,1.092061,1.092538,1.091227,1.091703,100.0000
EURUSD,2023.11.22,04:00:00,1.091703,1.091941,1.089918,1.091822,100.0000
EURUSD,2023.11.22,08:00:00,1.092061,1.092299,1.088732,1.090394,100.0000
EURUSD,2023.11.22,12:00:00,1.090275,1.092061,1.085658,1.086838,100.0000
EURUSD,2023.11.22,16:00:00,1.086838,1.089087,1.086484,1.088732,100.0000
EURUSD,2023.11.22,20:00:00,1.088613,1.089681,1.088495,1.089087,100.0000
EURUSD,2023.11.23,00:00:00,1.089206,1.090869,1.089087,1.090750,100.0000
EURUSD,2023.11.23,04:00:00,1.090750,1.091941,1.090394,1.091703,100.0000
EURUSD,2023.11.23,08:00:00,1.091584,1.093016,1.090394,1.091703,100.0000
EURUSD,2023.11.23,12:00:00,1.091822,1.091822,1.089087,1.091227,100.0000
EURUSD,2023.11.23,16:00:00,1.091227,1.091227,1.090631,1.090750,100.0000
EURUSD,2023.11.23,20:00:00,1.090631,1.091107,1.090631,1.090750,100.0000
EURUSD,2023.11.24,00:00:00,1.090869,1.091227,1.089800,1.090156,100.0000
EURUSD,2023.11.24,04:00:00,1.090275,1.091465,1.090037,1.091107,100.0000
EURUSD,2023.11.24,08:00:00,1.091107,1.092299,1.090513,1.091703,100.0000
EURUSD,2023.11.24,12:00:00,1.091703,1.094691,1.091107,1.094212,100.0000
EURUSD,2023.11.24,16:00:00,1.094212,1.095170,1.093135,1.094931,100.0000
EURUSD,2023.11.24,20:00:00,1.094931,1.095170,1.094331,1.094331,100.0000
EURUSD,2023.11.27,00:00:00,1.094331,1.095290,1.093016,1.094931,100.0000
EURUSD,2023.11.27,04:00:00,1.094811,1.096131,1.094571,1.095050,100.0000
EURUSD,2023.11.27,08:00:00,1.094931,1.095890,1.094212,1.095650,100.0000
EURUSD,2023.11.27,12:00:00,1.095650,1.095770,1.092896,1.093613,100.0000
EURUSD,2023.11.27,16:00:00,1.093613,1.095890,1.093135,1.095890,100.0000
EURUSD,2023.11.27,20:00:00,1.095890,1.096131,1.095050,1.096131,100.0000
EURUSD,2023.11.28,00:00:00,1.096371,1.096611,1.095650,1.095770,100.0000
EURUSD,2023.11.28,04:00:00,1.095890,1.095890,1.093853,1.093853,100.0000
EURUSD,2023.11.28,08:00:00,1.094092,1.096011,1.094092,1.095290,100.0000
EURUSD,2023.11.28,12:00:00,1.095170,1.100231,1.095050,1.098418,100.0000
EURUSD,2023.11.28,16:00:00,1.098539,1.101200,1.097695,1.099384,100.0000
EURUSD,2023.11.28,20:00:00,1.099384,1.100837,1.097936,1.100594,100.0000
EURUSD,2023.11.29,00:00:00,1.100837,1.101928,1.100110,1.100110,100.0000
EURUSD,2023.11.29,04:00:00,1.099989,1.100715,1.098660,1.098660,100.0000
EURUSD,2023.11.29,08:00:00,1.098780,1.100110,1.097333,1.098780,100.0000
EURUSD,2023.11.29,12:00:00,1.098901,1.099505,1.096491,1.097815,100.0000
EURUSD,2023.11.29,16:00:00,1.097695,1.099626,1.096491,1.098539,100.0000
EURUSD,2023.11.29,20:00:00,1.098539,1.098660,1.096972,1.097574,100.0000
EURUSD,2023.11.30,00:00:00,1.097574,1.098660,1.097093,1.097695,100.0000
EURUSD,2023.11.30,04:00:00,1.097695,1.098418,1.094691,1.095410,100.0000
EURUSD,2023.11.30,08:00:00,1.095530,1.096131,1.091227,1.091822,100.0000
EURUSD,2023.11.30,12:00:00,1.091941,1.094331,1.089681,1.091107,100.0000
EURUSD,2023.11.30,16:00:00,1.091346,1.091941,1.088732,1.089325,100.0000
EURUSD,2023.11.30,20:00:00,1.089325,1.089800,1.088258,1.089443,100.0000
EURUSD,2023.12.01,00:00:00,1.089562,1.091584,1.089562,1.090394,100.0000
EURUSD,2023.12.01,04:00:00,1.090275,1.091465,1.089800,1.089800,100.0000
EURUSD,2023.12.01,08:00:00,1.089918,1.090631,1.088613,1.090037,100.0000
EURUSD,2023.12.01,12:00:00,1.090156,1.090394,1.083776,1.084011,100.0000
EURUSD,2023.12.01,16:00:00,1.083541,1.089562,1.083541,1.087548,100.0000
EURUSD,2023.12.01,20:00:00,1.087548,1.088732,1.087429,1.088495,100.0000
EURUSD,2023.12.04,00:00:00,1.088850,1.088850,1.086957,1.088376,100.0000
EURUSD,2023.12.04,04:00:00,1.088258,1.088258,1.085305,1.085541,100.0000
EURUSD,2023.12.04,08:00:00,1.086012,1.088376,1.086012,1.087193,100.0000
EURUSD,2023.12.04,12:00:00,1.087193,1.087784,1.080847,1.081549,100.0000
EURUSD,2023.12.04,16:00:00,1.081783,1.083189,1.081432,1.083189,100.0000
EURUSD,2023.12.04,20:00:00,1.083072,1.084128,1.083072,1.084011,100.0000
EURUSD,2023.12.05,00:00:00,1.084011,1.084834,1.083776,1.084246,100.0000
EURUSD,2023.12.05,04:00:00,1.084246,1.084952,1.080731,1.080964,100.0000
EURUSD,2023.12.05,08:00:00,1.081081,1.084481,1.081081,1.082134,100.0000
EURUSD,2023.12.05,12:00:00,1.082251,1.084128,1.080497,1.080964,100.0000
EURUSD,2023.12.05,16:00:00,1.080964,1.081549,1.078167,1.078749,100.0000
EURUSD,2023.12.05,20:00:00,1.078632,1.080264,1.078516,1.079680,100.0000
EURUSD,2023.12.06,00:00:00,1.079797,1.080147,1.079098,1.080030,100.0000
EURUSD,2023.12.06,04:00:00,1.079914,1.080497,1.078167,1.079447,100.0000
EURUSD,2023.12.06,08:00:00,1.079214,1.080030,1.077819,1.078400,100.0000
EURUSD,2023.12.06,12:00:00,1.078283,1.080614,1.077586,1.079214,100.0000
EURUSD,2023.12.06,16:00:00,1.079447,1.080147,1.077006,1.077122,100.0000
EURUSD,2023.12.06,20:00:00,1.077122,1.077354,1.076195,1.076890,100.0000
EURUSD,2023.12.07,00:00:00,1.077006,1.077470,1.076195,1.076310,100.0000
EURUSD,2023.12.07,04:00:00,1.076310,1.078400,1.075963,1.078400,100.0000
EURUSD,2023.12.07,08:00:00,1.078283,1.078749,1.076658,1.077354,100.0000
EURUSD,2023.12.07,12:00:00,1.077470,1.080030,1.076310,1.078632,100.0000
EURUSD,2023.12.07,16:00:00,1.078865,1.081900,1.078865,1.080147,100.0000
EURUSD,2023.12.07,20:00:00,1.080147,1.080731,1.079214,1.079331,100.0000
EURUSD,2023.12.08,00:00:00,1.079447,1.080264,1.078749,1.079447,100.0000
EURUSD,2023.12.08,04:00:00,1.079447,1.079447,1.077586,1.078167,100.0000
EURUSD,2023.12.08,08:00:00,1.078400,1.079447,1.077586,1.078632,100.0000
EURUSD,2023.12.08,12:00:00,1.078632,1.078865,1.073076,1.077122,100.0000
EURUSD,2023.12.08,16:00:00,1.076890,1.077238,1.074345,1.076195,100.0000
EURUSD,2023.12.08,20:00:00,1.076195,1.076890,1.076079,1.076426,100.0000
EURUSD,2023.12.11,00:00:00,1.077006,1.077586,1.076658,1.076774,100.0000
EURUSD,2023.12.11,04:00:00,1.076774,1.077354,1.075732,1.075847,100.0000
EURUSD,2023.12.11,08:00:00,1.075732,1.078167,1.075500,1.077122,100.0000
EURUSD,2023.12.11,12:00:00,1.077122,1.077354,1.074460,1.074691,100.0000
EURUSD,2023.12.11,16:00:00,1.074691,1.077238,1.074691,1.076426,100.0000
EURUSD,2023.12.11,20:00:00,1.076542,1.076890,1.075963,1.076774,100.0000
EURUSD,2023.12.12,00:00:00,1.076774,1.077238,1.076426,1.077122,100.0000
EURUSD,2023.12.12,04:00:00,1.077122,1.078632,1.076774,1.078051,100.0000
EURUSD,2023.12.12,08:00:00,1.077819,1.080964,1.077702,1.079914,100.0000
EURUSD,2023.12.12,12:00:00,1.080030,1.082720,1.077006,1.078632,100.0000
EURUSD,2023.12.12,16:00:00,1.078632,1.080030,1.078400,1.079331,100.0000
EURUSD,2023.12.12,20:00:00,1.079214,1.080380,1.079214,1.080147,100.0000
EURUSD,2023.12.13,00:00:00,1.080147,1.080264,1.078865,1.078981,100.0000
EURUSD,2023.12.13,04:00:00,1.078981,1.079797,1.078400,1.078865,100.0000
EURUSD,2023.12.13,08:00:00,1.078749,1.079447,1.077586,1.078749,100.0000
EURUSD,2023.12.13,12:00:00,1.078632,1.081081,1.078400,1.079797,100.0000
EURUSD,2023.12.13,16:00:00,1.079797,1.089443,1.078283,1.089087,100.0000
EURUSD,2023.12.13,20:00:00,1.088850,1.089681,1.086957,1.088613,100.0000
EURUSD,2023.12.14,00:00:00,1.088613,1.091822,1.088258,1.090750,100.0000
EURUSD,2023.12.14,04:00:00,1.090869,1.091227,1.088495,1.088495,100.0000
EURUSD,2023.12.14,08:00:00,1.088495,1.093374,1.088376,1.093255,100.0000
EURUSD,2023.12.14,12:00:00,1.093613,1.099868,1.091346,1.099747,100.0000
EURUSD,2023.12.14,16:00:00,1.099747,1.101200,1.098298,1.099384,100.0000
EURUSD,2023.12.14,20:00:00,1.099505,1.099989,1.099143,1.099626,100.0000
EURUSD,2023.12.15,00:00:00,1.099626,1.100352,1.098056,1.100231,100.0000
EURUSD,2023.12.15,04:00:00,1.100110,1.100594,1.098418,1.099747,100.0000
EURUSD,2023.12.15,08:00:00,1.099868,1.100110,1.095170,1.097093,100.0000
EURUSD,2023.12.15,12:00:00,1.097093,1.097213,1.090869,1.091703,100.0000
EURUSD,2023.12.15,16:00:00,1.091822,1.091941,1.089325,1.090156,100.0000
EURUSD,2023.12.15,20:00:00,1.090275,1.091107,1.089562,1.090037,100.0000
EURUSD,2023.12.18,00:00:00,1.089918,1.091703,1.089681,1.091465,100.0000
EURUSD,2023.12.18,04:00:00,1.091346,1.093255,1.091227,1.092538,100.0000
EURUSD,2023.12.18,08:00:00,1.092180,1.093016,1.091107,1.091584,100.0000
EURUSD,2023.12.18,12:00:00,1.091941,1.093255,1.091346,1.091703,100.0000
EURUSD,2023.12.18,16:00:00,1.091703,1.093135,1.091584,1.092061,100.0000
EURUSD,2023.12.18,20:00:00,1.091941,1.092777,1.091703,1.092657,100.0000
EURUSD,2023.12.19,00:00:00,1.092657,1.093255,1.091941,1.092896,100.0000
EURUSD,2023.12.19,04:00:00,1.092896,1.094331,1.092419,1.093255,100.0000
EURUSD,2023.12.19,08:00:00,1.093135,1.095050,1.093135,1.093972,100.0000
EURUSD,2023.12.19,12:00:00,1.094212,1.099022,1.094212,1.098901,100.0000
EURUSD,2023.12.19,16:00:00,1.098780,1.098901,1.097333,1.097936,100.0000
EURUSD,2023.12.19,20:00:00,1.097936,1.098780,1.097574,1.098298,100.0000
EURUSD,2023.12.20,00:00:00,1.098177,1.098177,1.097093,1.097213,100.0000
EURUSD,2023.12.20,04:00:00,1.097333,1.097333,1.095530,1.096972,100.0000
EURUSD,2023.12.20,08:00:00,1.096611,1.097333,1.093853,1.094092,100.0000
EURUSD,2023.12.20,12:00:00,1.094092,1.097695,1.093733,1.097333,100.0000
EURUSD,2023.12.20,16:00:00,1.097695,1.097815,1.094571,1.094931,100.0000
EURUSD,2023.12.20,20:00:00,1.094691,1.095050,1.093374,1.094691,100.0000
EURUSD,2023.12.21,00:00:00,1.094571,1.095650,1.094571,1.095170,100.0000
EURUSD,2023.12.21,04:00:00,1.095170,1.095890,1.094691,1.095050,100.0000
EURUSD,2023.12.21,08:00:00,1.095050,1.098780,1.093853,1.098298,100.0000
EURUSD,2023.12.21,12:00:00,1.098418,1.100352,1.097815,1.099264,100.0000
EURUSD,2023.12.21,16:00:00,1.099264,1.100352,1.098177,1.100231,100.0000
EURUSD,2023.12.21,20:00:00,1.100110,1.101564,1.099626,1.100958,100.0000
EURUSD,2023.12.22,00:00:00,1.100958,1.101322,1.099868,1.100110,100.0000
EURUSD,2023.12.22,04:00:00,1.100110,1.101079,1.099868,1.100473,100.0000
EURUSD,2023.12.22,08:00:00,1.100594,1.103266,1.100352,1.102779,100.0000
EURUSD,2023.12.22,12:00:00,1.103022,1.104362,1.100594,1.101443,100.0000
EURUSD,2023.12.22,16:00:00,1.101686,1.102657,1.100352,1.101807,100.0000
EURUSD,2023.12.22,20:00:00,1.101807,1.101928,1.101079,1.101443,100.0000
EURUSD,2023.12.25,00:00:00,1.101322,1.102779,1.099868,1.100958,100.0000
EURUSD,2023.12.25,04:00:00,1.101079,1.102414,1.100594,1.102293,100.0000
EURUSD,2023.12.25,16:00:00,1.101807,1.102293,1.101564,1.102171,100.0000
EURUSD,2023.12.25,20:00:00,1.101200,1.102657,1.099747,1.102293,100.0000
EURUSD,2023.12.26,00:00:00,1.102171,1.103266,1.101928,1.103144,100.0000
EURUSD,2023.12.26,04:00:00,1.103022,1.103144,1.102414,1.102536,100.0000
EURUSD,2023.12.26,08:00:00,1.102536,1.102901,1.101322,1.101686,100.0000
EURUSD,2023.12.26,12:00:00,1.101564,1.103509,1.101200,1.102901,100.0000
EURUSD,2023.12.26,16:00:00,1.102779,1.104728,1.102779,1.104728,100.0000
EURUSD,2023.12.26,20:00:00,1.104850,1.104972,1.104240,1.104484,100.0000
EURUSD,2023.12.27,00:00:00,1.104484,1.104484,1.103144,1.103875,100.0000
EURUSD,2023.12.27,04:00:00,1.103997,1.105217,1.103997,1.104362,100.0000
EURUSD,2023.12.27,08:00:00,1.104362,1.106195,1.104240,1.106195,100.0000
EURUSD,2023.12.27,12:00:00,1.106072,1.111729,1.105217,1.110864,100.0000
EURUSD,2023.12.27,16:00:00,1.110864,1.112471,1.110248,1.110494,100.0000
EURUSD,2023.12.27,20:00:00,1.110494,1.111235,1.110248,1.111111,100.0000
EURUSD,2023.12.28,00:00:00,1.111111,1.112471,1.111111,1.112100,100.0000
EURUSD,2023.12.28,04:00:00,1.112100,1.112842,1.110864,1.111976,100.0000
EURUSD,2023.12.28,08:00:00,1.111729,1.114082,1.110988,1.112223,100.0000
EURUSD,2023.12.28,12:00:00,1.112223,1.112223,1.107665,1.110988,100.0000
EURUSD,2023.12.28,16:00:00,1.110864,1.110864,1.105828,1.106807,100.0000
EURUSD,2023.12.28,20:00:00,1.106807,1.107297,1.106072,1.106929,100.0000
EURUSD,2023.12.29,00:00:00,1.107052,1.108647,1.106684,1.106807,100.0000
EURUSD,2023.12.29,04:00:00,1.106807,1.107911,1.106439,1.106929,100.0000
EURUSD,2023.12.29,08:00:00,1.106807,1.108033,1.104850,1.107911,100.0000
EURUSD,2023.12.29,12:00:00,1.107911,1.108279,1.104728,1.105217,100.0000
EURUSD,2023.12.29,16:00:00,1.104972,1.106929,1.104118,1.104362,100.0000
EURUSD,2023.12.29,20:00:00,1.104240,1.105339,1.103753,1.103997,100.0000
EURUSD,2024.01.01,16:00:00,1.105583,1.105583,1.105339,1.105339,100.0000
EURUSD,2024.01.01,20:00:00,1.105339,1.105339,1.103875,1.103997,100.0000
EURUSD,2024.01.02,00:00:00,1.103997,1.104606,1.102171,1.102779,100.0000
EURUSD,2024.01.02,04:00:00,1.102779,1.104118,1.101928,1.102050,100.0000
EURUSD,2024.01.02,08:00:00,1.102293,1.104118,1.096972,1.097213,100.0000
EURUSD,2024.01.02,12:00:00,1.097213,1.097454,1.094571,1.094691,100.0000
EURUSD,2024.01.02,16:00:00,1.094811,1.096371,1.094571,1.094931,100.0000
EURUSD,2024.01.02,20:00:00,1.094931,1.095290,1.094212,1.094451,100.0000
EURUSD,2024.01.03,00:00:00,1.094451,1.096491,1.094451,1.096371,100.0000
EURUSD,2024.01.03,04:00:00,1.096371,1.096611,1.095530,1.096371,100.0000
EURUSD,2024.01.03,08:00:00,1.096251,1.096732,1.091941,1.092299,100.0000
EURUSD,2024.01.03,12:00:00,1.092538,1.093972,1.090275,1.090869,100.0000
EURUSD,2024.01.03,16:00:00,1.090988,1.092777,1.089800,1.092061,100.0000
EURUSD,2024.01.03,20:00:00,1.092180,1.093135,1.091822,1.092896,100.0000
EURUSD,2024.01.04,00:00:00,1.092896,1.093374,1.091941,1.092896,100.0000
EURUSD,2024.01.04,04:00:00,1.092896,1.094571,1.092419,1.094092,100.0000
EURUSD,2024.01.04,08:00:00,1.094092,1.097333,1.093853,1.095170,100.0000
EURUSD,2024.01.04,12:00:00,1.095050,1.096732,1.093853,1.095770,100.0000
EURUSD,2024.01.04,16:00:00,1.095890,1.096611,1.094571,1.095050,100.0000
EURUSD,2024.01.04,20:00:00,1.095050,1.095410,1.094691,1.095050,100.0000
EURUSD,2024.01.05,00:00:00,1.094811,1.095770,1.094212,1.094212,100.0000
EURUSD,2024.01.05,04:00:00,1.094212,1.094451,1.092657,1.092657,100.0000
EURUSD,2024.01.05,08:00:00,1.092777,1.093135,1.090631,1.091703,100.0000
EURUSD,2024.01.05,12:00:00,1.091822,1.099747,1.088376,1.098056,100.0000
EURUSD,2024.01.05,16:00:00,1.098177,1.098177,1.093494,1.094811,100.0000
EURUSD,2024.01.05,20:00:00,1.094691,1.094931,1.093972,1.094451,100.0000
EURUSD,2024.01.08,00:00:00,1.094331,1.095530,1.093494,1.093494,100.0000
EURUSD,2024.01.08,04:00:00,1.093613,1.095530,1.093374,1.094691,100.0000
EURUSD,2024.01.08,08:00:00,1.094691,1.095170,1.092777,1.094092,100.0000
EURUSD,2024.01.08,12:00:00,1.094092,1.097695,1.094092,1.097213,100.0000
EURUSD,2024.01.08,16:00:00,1.097333,1.098177,1.095290,1.096371,100.0000
EURUSD,2024.01.08,20:00:00,1.096371,1.096371,1.095170,1.095290,100.0000
EURUSD,2024.01.09,00:00:00,1.095530,1.096852,1.095290,1.096491,100.0000
EURUSD,2024.01.09,04:00:00,1.096491,1.096611,1.094931,1.095890,100.0000
EURUSD,2024.01.09,08:00:00,1.096011,1.096011,1.093135,1.093494,100.0000
EURUSD,2024.01.09,12:00:00,1.093494,1.095410,1.092180,1.092180,100.0000
EURUSD,2024.01.09,16:00:00,1.092061,1.094212,1.091346,1.092777,100.0000
EURUSD,2024.01.09,20:00:00,1.092896,1.093613,1.092777,1.093494,100.0000
EURUSD,2024.01.10,00:00:00,1.093613,1.093972,1.093016,1.093255,100.0000
EURUSD,2024.01.10,04:00:00,1.093255,1.094691,1.092657,1.093135,100.0000
EURUSD,2024.01.10,08:00:00,1.093135,1.095770,1.092896,1.094811,100.0000
EURUSD,2024.01.10,12:00:00,1.094931,1.097213,1.093613,1.096972,100.0000
EURUSD,2024.01.10,16:00:00,1.097093,1.097333,1.095530,1.097333,100.0000
EURUSD,2024.01.10,20:00:00,1.097333,1.097815,1.096491,1.097695,100.0000
EURUSD,2024.01.11,00:00:00,1.097695,1.098780,1.097574,1.098418,100.0000
EURUSD,2024.01.11,04:00:00,1.098298,1.099143,1.097815,1.098298,100.0000
EURUSD,2024.01.11,08:00:00,1.098177,1.098539,1.096131,1.098177,100.0000
EURUSD,2024.01.11,12:00:00,1.098177,1.099264,1.093494,1.094811,100.0000
EURUSD,2024.01.11,16:00:00,1.094931,1.098539,1.094212,1.098539,100.0000
EURUSD,2024.01.11,20:00:00,1.098539,1.098539,1.096011,1.098418,100.0000
EURUSD,2024.01.12,00:00:00,1.098539,1.099143,1.097574,1.098056,100.0000
EURUSD,2024.01.12,04:00:00,1.098056,1.098660,1.096491,1.096972,100.0000
EURUSD,2024.01.12,08:00:00,1.097093,1.098539,1.095050,1.095410,100.0000
EURUSD,2024.01.12,12:00:00,1.095410,1.098901,1.093972,1.096972,100.0000
EURUSD,2024.01.12,16:00:00,1.096852,1.097695,1.095050,1.095890,100.0000
EURUSD,2024.01.12,20:00:00,1.095890,1.096131,1.095170,1.095530,100.0000
EURUSD,2024.01.15,00:00:00,1.094811,1.097213,1.094451,1.096732,100.0000
EURUSD,2024.01.15,04:00:00,1.096732,1.097093,1.095530,1.095770,100.0000
EURUSD,2024.01.15,08:00:00,1.096011,1.097213,1.093613,1.094931,100.0000
EURUSD,2024.01.15,12:00:00,1.094811,1.096011,1.094092,1.095290,100.0000
EURUSD,2024.01.15,16:00:00,1.095410,1.095650,1.095050,1.095410,100.0000
EURUSD,2024.01.15,20:00:00,1.095410,1.095530,1.094811,1.094811,100.0000
EURUSD,2024.01.16,00:00:00,1.094691,1.094931,1.091822,1.092180,100.0000
EURUSD,2024.01.16,04:00:00,1.092180,1.092896,1.091227,1.092061,100.0000
EURUSD,2024.01.16,08:00:00,1.091941,1.092538,1.087784,1.089443,100.0000
EURUSD,2024.01.16,12:00:00,1.089562,1.090037,1.087075,1.088850,100.0000
EURUSD,2024.01.16,16:00:00,1.087903,1.089681,1.086602,1.087666,100.0000
EURUSD,2024.01.16,20:00:00,1.087666,1.088139,1.087311,1.088139,100.0000
EURUSD,2024.01.17,00:00:00,1.088139,1.088732,1.086838,1.086957,100.0000
EURUSD,2024.01.17,04:00:00,1.086838,1.087666,1.085894,1.087311,100.0000
EURUSD,2024.01.17,08:00:00,1.087429,1.088613,1.086366,1.088258,100.0000
EURUSD,2024.01.17,12:00:00,1.088139,1.088376,1.084834,1.085305,100.0000
EURUSD,2024.01.17,16:00:00,1.085305,1.088139,1.085187,1.087784,100.0000
EURUSD,2024.01.17,20:00:00,1.087666,1.088850,1.087429,1.088850,100.0000
EURUSD,2024.01.18,00:00:00,1.088969,1.090394,1.088495,1.089800,100.0000
EURUSD,2024.01.18,04:00:00,1.089800,1.090988,1.089087,1.089206,100.0000
EURUSD,2024.01.18,08:00:00,1.088969,1.090156,1.088021,1.089206,100.0000
EURUSD,2024.01.18,12:00:00,1.089325,1.089681,1.085187,1.085423,100.0000
EURUSD,2024.01.18,16:00:00,1.085541,1.087311,1.085305,1.086484,100.0000
EURUSD,2024.01.18,20:00:00,1.086484,1.088139,1.086366,1.088139,100.0000
EURUSD,2024.01.19,00:00:00,1.088258,1.089206,1.087903,1.089206,100.0000
EURUSD,2024.01.19,04:00:00,1.089206,1.089206,1.087903,1.088376,100.0000
EURUSD,2024.01.19,08:00:00,1.088021,1.089562,1.087075,1.089087,100.0000
EURUSD,2024.01.19,12:00:00,1.089087,1.089206,1.087075,1.088495,100.0000
EURUSD,2024.01.19,16:00:00,1.088495,1.089918,1.088376,1.089562,100.0000
EURUSD,2024.01.19,20:00:00,1.089562,1.090037,1.089443,1.089918,100.0000
EURUSD,2024.01.22,00:00:00,1.089562,1.091227,1.089443,1.090513,100.0000
EURUSD,2024.01.22,04:00:00,1.090513,1.091227,1.090037,1.090156,100.0000
EURUSD,2024.01.22,08:00:00,1.090156,1.090513,1.088613,1.089325,100.0000
EURUSD,2024.01.22,12:00:00,1.089325,1.090156,1.088376,1.088850,100.0000
EURUSD,2024.01.22,16:00:00,1.088850,1.090275,1.088376,1.088732,100.0000
EURUSD,2024.01.22,20:00:00,1.088850,1.088969,1.088021,1.088139,100.0000
EURUSD,2024.01.23,00:00:00,1.087903,1.089800,1.087903,1.089562,100.0000
EURUSD,2024.01.23,04:00:00,1.089443,1.091822,1.089443,1.091227,100.0000
EURUSD,2024.01.23,08:00:00,1.091227,1.091227,1.086366,1.086957,100.0000
EURUSD,2024.01.23,12:00:00,1.086838,1.087784,1.082485,1.083424,100.0000
EURUSD,2024.01.23,16:00:00,1.083658,1.085069,1.082837,1.084834,100.0000
EURUSD,2024.01.23,20:00:00,1.084834,1.086248,1.084716,1.086012,100.0000
EURUSD,2024.01.24,00:00:00,1.086012,1.086366,1.085423,1.086130,100.0000
EURUSD,2024.01.24,04:00:00,1.086248,1.088139,1.086130,1.087666,100.0000
EURUSD,2024.01.24,08:00:00,1.088021,1.090988,1.086720,1.089562,100.0000
EURUSD,2024.01.24,12:00:00,1.089681,1.093374,1.089087,1.090394,100.0000
EURUSD,2024.01.24,16:00:00,1.090394,1.091107,1.088495,1.089087,100.0000
EURUSD,2024.01.24,20:00:00,1.089087,1.089325,1.088139,1.088495,100.0000
EURUSD,2024.01.25,00:00:00,1.088376,1.088495,1.087311,1.088139,100.0000
EURUSD,2024.01.25,04:00:00,1.088139,1.089325,1.087784,1.089087,100.0000
EURUSD,2024.01.25,08:00:00,1.089206,1.090156,1.088613,1.089800,100.0000
EURUSD,2024.01.25,12:00:00,1.089800,1.090037,1.083306,1.083424,100.0000
EURUSD,2024.01.25,16:00:00,1.083306,1.085423,1.082720,1.083893,100.0000
EURUSD,2024.01.25,20:00:00,1.083893,1.085187,1.083658,1.084952,100.0000
EURUSD,2024.01.26,00:00:00,1.084834,1.085187,1.084011,1.084834,100.0000
EURUSD,2024.01.26,04:00:00,1.084834,1.084834,1.081549,1.082368,100.0000
EURUSD,2024.01.26,08:00:00,1.082251,1.087903,1.082134,1.087666,100.0000
EURUSD,2024.01.26,12:00:00,1.087784,1.088495,1.085894,1.086720,100.0000
EURUSD,2024.01.26,16:00:00,1.086720,1.087311,1.085776,1.086130,100.0000
EURUSD,2024.01.26,20:00:00,1.086012,1.086484,1.085541,1.085776,100.0000
EURUSD,2024.01.29,00:00:00,1.084599,1.085187,1.084246,1.084834,100.0000
EURUSD,2024.01.29,04:00:00,1.084834,1.085305,1.083893,1.084011,100.0000
EURUSD,2024.01.29,08:00:00,1.084128,1.084481,1.081783,1.082485,100.0000
EURUSD,2024.01.29,12:00:00,1.082603,1.084011,1.080030,1.080264,100.0000
EURUSD,2024.01.29,16:00:00,1.080264,1.082251,1.080030,1.082134,100.0000
EURUSD,2024.01.29,20:00:00,1.082485,1.084246,1.082485,1.083658,100.0000
EURUSD,2024.01.30,00:00:00,1.083776,1.084481,1.083306,1.083306,100.0000
EURUSD,2024.01.30,04:00:00,1.083306,1.083658,1.081549,1.082603,100.0000
EURUSD,2024.01.30,08:00:00,1.083072,1.085069,1.081900,1.084481,100.0000
EURUSD,2024.01.30,12:00:00,1.084481,1.085894,1.083189,1.084011,100.0000
EURUSD,2024.01.30,16:00:00,1.084011,1.084952,1.083541,1.084834,100.0000
EURUSD,2024.01.30,20:00:00,1.084952,1.085187,1.084128,1.084599,100.0000
EURUSD,2024.01.31,00:00:00,1.084599,1.085069,1.081900,1.082134,100.0000
EURUSD,2024.01.31,04:00:00,1.082134,1.082485,1.080964,1.082017,100.0000
EURUSD,2024.01.31,08:00:00,1.081900,1.084363,1.081315,1.084246,100.0000
EURUSD,2024.01.31,12:00:00,1.084363,1.088850,1.083658,1.086484,100.0000
EURUSD,2024.01.31,16:00:00,1.086366,1.087075,1.082251,1.084246,100.0000
EURUSD,2024.01.31,20:00:00,1.084363,1.084363,1.079797,1.080731,100.0000
EURUSD,2024.02.01,00:00:00,1.080731,1.082485,1.080497,1.081432,100.0000
EURUSD,2024.02.01,04:00:00,1.081549,1.081549,1.078749,1.079564,100.0000
EURUSD,2024.02.01,08:00:00,1.079564,1.081549,1.078283,1.081198,100.0000
EURUSD,2024.02.01,12:00:00,1.081315,1.083424,1.081081,1.082954,100.0000
EURUSD,2024.02.01,16:00:00,1.083306,1.087784,1.083306,1.087548,100.0000
EURUSD,2024.02.01,20:00:00,1.087429,1.087903,1.087075,1.087666,100.0000
EURUSD,2024.02.02,00:00:00,1.087666,1.088258,1.087311,1.088021,100.0000
EURUSD,2024.02.02,04:00:00,1.088021,1.088969,1.087548,1.088495,100.0000
EURUSD,2024.02.02,08:00:00,1.088495,1.090037,1.087784,1.088613,100.0000
EURUSD,2024.02.02,12:00:00,1.088613,1.088850,1.078632,1.080497,100.0000
EURUSD,2024.02.02,16:00:00,1.080614,1.080614,1.078400,1.079447,100.0000
EURUSD,2024.02.02,20:00:00,1.079564,1.080030,1.078981,1.079447,100.0000
EURUSD,2024.02.05,00:00:00,1.077586,1.078516,1.077122,1.078167,100.0000
EURUSD,2024.02.05,04:00:00,1.078167,1.078749,1.077586,1.078283,100.0000
EURUSD,2024.02.05,08:00:00,1.078283,1.078865,1.075038,1.075732,100.0000
EURUSD,2024.02.05,12:00:00,1.075847,1.075963,1.072616,1.072846,100.0000
EURUSD,2024.02.05,16:00:00,1.072961,1.074922,1.072846,1.074576,100.0000
EURUSD,2024.02.05,20:00:00,1.074576,1.074691,1.073998,1.074460,100.0000
EURUSD,2024.02.06,00:00:00,1.074460,1.075153,1.074460,1.074807,100.0000
EURUSD,2024.02.06,04:00:00,1.074691,1.076542,1.074691,1.075616,100.0000
EURUSD,2024.02.06,08:00:00,1.075847,1.076195,1.072731,1.074229,100.0000
EURUSD,2024.02.06,12:00:00,1.074229,1.075038,1.072616,1.074576,100.0000
EURUSD,2024.02.06,16:00:00,1.074576,1.075847,1.074345,1.075269,100.0000
EURUSD,2024.02.06,20:00:00,1.075269,1.075963,1.075269,1.075963,100.0000
EURUSD,2024.02.07,00:00:00,1.075847,1.077006,1.075847,1.076195,100.0000
EURUSD,2024.02.07,04:00:00,1.076195,1.077586,1.075963,1.077470,100.0000
EURUSD,2024.02.07,08:00:00,1.077586,1.077702,1.076195,1.077470,100.0000
EURUSD,2024.02.07,12:00:00,1.077354,1.078632,1.075963,1.075963,100.0000
EURUSD,2024.02.07,16:00:00,1.075963,1.077819,1.075963,1.077470,100.0000
EURUSD,2024.02.07,20:00:00,1.077586,1.078051,1.077238,1.077819,100.0000
EURUSD,2024.02.08,00:00:00,1.077819,1.078749,1.077819,1.078516,100.0000
EURUSD,2024.02.08,04:00:00,1.078516,1.079098,1.077935,1.078400,100.0000
EURUSD,2024.02.08,08:00:00,1.078400,1.078865,1.076426,1.076542,100.0000
EURUSD,2024.02.08,12:00:00,1.076426,1.077006,1.074460,1.076542,100.0000
EURUSD,2024.02.08,16:00:00,1.076542,1.078400,1.076426,1.077819,100.0000
EURUSD,2024.02.08,20:00:00,1.077935,1.078283,1.077702,1.078051,100.0000
EURUSD,2024.02.09,00:00:00,1.078167,1.078167,1.077354,1.077470,100.0000
EURUSD,2024.02.09,04:00:00,1.077354,1.078516,1.077238,1.078283,100.0000
EURUSD,2024.02.09,08:00:00,1.078516,1.078749,1.076542,1.077470,100.0000
EURUSD,2024.02.09,12:00:00,1.077586,1.079680,1.076774,1.078865,100.0000
EURUSD,2024.02.09,16:00:00,1.078749,1.079331,1.078283,1.078516,100.0000
EURUSD,2024.02.09,20:00:00,1.078516,1.079214,1.078283,1.078749,100.0000
EURUSD,2024.02.12,00:00:00,1.080030,1.080264,1.079447,1.079447,100.0000
EURUSD,2024.02.12,04:00:00,1.079447,1.080731,1.079331,1.080731,100.0000
EURUSD,2024.02.12,08:00:00,1.080380,1.080380,1.076658,1.077354,100.0000
EURUSD,2024.02.12,12:00:00,1.077238,1.077586,1.075963,1.077006,100.0000
EURUSD,2024.02.12,16:00:00,1.077122,1.078865,1.076890,1.077238,100.0000
EURUSD,2024.02.12,20:00:00,1.077238,1.077819,1.077238,1.077470,100.0000
EURUSD,2024.02.13,00:00:00,1.077470,1.077702,1.076426,1.076542,100.0000
EURUSD,2024.02.13,04:00:00,1.076426,1.078051,1.076426,1.077470,100.0000
EURUSD,2024.02.13,08:00:00,1.077586,1.078516,1.076195,1.078167,100.0000
EURUSD,2024.02.13,12:00:00,1.078167,1.079680,1.070549,1.071926,100.0000
EURUSD,2024.02.13,16:00:00,1.072041,1.072386,1.070320,1.070320,100.0000
EURUSD,2024.02.13,20:00:00,1.070435,1.071582,1.070320,1.071123,100.0000
EURUSD,2024.02.14,00:00:00,1.071123,1.071697,1.070664,1.071582,100.0000
EURUSD,2024.02.14,04:00:00,1.071582,1.072156,1.070893,1.071123,100.0000
EURUSD,2024.02.14,08:00:00,1.071008,1.071123,1.069862,1.071123,100.0000
EURUSD,2024.02.14,12:00:00,1.071123,1.072731,1.070435,1.072501,100.0000
EURUSD,2024.02.14,16:00:00,1.072386,1.073653,1.072386,1.073192,100.0000
EURUSD,2024.02.14,20:00:00,1.073076,1.073537,1.072846,1.073422,100.0000
EURUSD,2024.02.15,00:00:00,1.073537,1.073768,1.072846,1.072846,100.0000
EURUSD,2024.02.15,04:00:00,1.072846,1.074229,1.072731,1.073537,100.0000
EURUSD,2024.02.15,08:00:00,1.073537,1.074229,1.073192,1.073883,100.0000
EURUSD,2024.02.15,12:00:00,1.073883,1.078632,1.073883,1.076542,100.0000
EURUSD,2024.02.15,16:00:00,1.076542,1.077470,1.075847,1.077238,100.0000
EURUSD,2024.02.15,20:00:00,1.077238,1.077935,1.077122,1.077586,100.0000
EURUSD,2024.02.16,00:00:00,1.077586,1.077702,1.076310,1.076310,100.0000
EURUSD,2024.02.16,04:00:00,1.076310,1.077006,1.075963,1.076426,100.0000
EURUSD,2024.02.16,08:00:00,1.076426,1.078283,1.076310,1.078167,100.0000
EURUSD,2024.02.16,12:00:00,1.077935,1.078051,1.073653,1.077354,100.0000
EURUSD,2024.02.16,16:00:00,1.077470,1.078981,1.076658,1.078051,100.0000
EURUSD,2024.02.16,20:00:00,1.077935,1.078051,1.077586,1.077935,100.0000
EURUSD,2024.02.19,00:00:00,1.078749,1.079214,1.077819,1.077819,100.0000
EURUSD,2024.02.19,04:00:00,1.077819,1.079214,1.077819,1.078516,100.0000
EURUSD,2024.02.19,08:00:00,1.078516,1.078981,1.077586,1.078051,100.0000
EURUSD,2024.02.19,12:00:00,1.077935,1.078167,1.076542,1.077006,100.0000
EURUSD,2024.02.19,16:00:00,1.077006,1.078632,1.076542,1.078167,100.0000
EURUSD,2024.02.19,20:00:00,1.078051,1.078516,1.077702,1.077819,100.0000
EURUSD,2024.02.20,00:00:00,1.077935,1.077935,1.076542,1.077122,100.0000
EURUSD,2024.02.20,04:00:00,1.077122,1.077702,1.076890,1.077354,100.0000
EURUSD,2024.02.20,08:00:00,1.077586,1.081198,1.077238,1.080147,100.0000
EURUSD,2024.02.20,12:00:00,1.080147,1.084128,1.079914,1.082603,100.0000
EURUSD,2024.02.20,16:00:00,1.082603,1.082837,1.080964,1.080964,100.0000
EURUSD,2024.02.20,20:00:00,1.080964,1.081549,1.080847,1.081432,100.0000
EURUSD,2024.02.21,00:00:00,1.081081,1.082134,1.080847,1.082134,100.0000
EURUSD,2024.02.21,04:00:00,1.082017,1.082134,1.080964,1.081432,100.0000
EURUSD,2024.02.21,08:00:00,1.081315,1.081666,1.079447,1.080147,100.0000
EURUSD,2024.02.21,12:00:00,1.080264,1.082251,1.080030,1.080847,100.0000
EURUSD,2024.02.21,16:00:00,1.080847,1.082251,1.080380,1.082017,100.0000
EURUSD,2024.02.21,20:00:00,1.081900,1.082603,1.081549,1.082368,100.0000
EURUSD,2024.02.22,00:00:00,1.082368,1.083424,1.082251,1.082837,100.0000
EURUSD,2024.02.22,04:00:00,1.082837,1.085658,1.082837,1.085658,100.0000
EURUSD,2024.02.22,08:00:00,1.085776,1.088850,1.084834,1.086012,100.0000
EURUSD,2024.02.22,12:00:00,1.086130,1.086130,1.080731,1.081315,100.0000
EURUSD,2024.02.22,16:00:00,1.081315,1.082837,1.081315,1.082603,100.0000
EURUSD,2024.02.22,20:00:00,1.082603,1.082954,1.082251,1.082837,100.0000
EURUSD,2024.02.23,00:00:00,1.082837,1.083424,1.082017,1.082837,100.0000
EURUSD,2024.02.23,04:00:00,1.082837,1.083424,1.082485,1.083189,100.0000
EURUSD,2024.02.23,08:00:00,1.083306,1.083541,1.081666,1.082954,100.0000
EURUSD,2024.02.23,12:00:00,1.082954,1.084128,1.081549,1.082368,100.0000
EURUSD,2024.02.23,16:00:00,1.082368,1.083189,1.081900,1.082603,100.0000
EURUSD,2024.02.23,20:00:00,1.082603,1.082720,1.082134,1.082251,100.0000
EURUSD,2024.02.26,00:00:00,1.082251,1.082251,1.081666,1.082134,100.0000
EURUSD,2024.02.26,04:00:00,1.082134,1.083893,1.082134,1.083424,100.0000
EURUSD,2024.02.26,08:00:00,1.083424,1.085658,1.083072,1.085423,100.0000
EURUSD,2024.02.26,12:00:00,1.085541,1.086248,1.084246,1.085423,100.0000
EURUSD,2024.02.26,16:00:00,1.085305,1.085894,1.084246,1.084952,100.0000
EURUSD,2024.02.26,20:00:00,1.084952,1.085541,1.084952,1.085305,100.0000
EURUSD,2024.02.27,00:00:00,1.085423,1.085658,1.084834,1.085658,100.0000
EURUSD,2024.02.27,04:00:00,1.085658,1.086484,1.085069,1.085894,100.0000
EURUSD,2024.02.27,08:00:00,1.085894,1.086838,1.084599,1.086012,100.0000
EURUSD,2024.02.27,12:00:00,1.086012,1.086602,1.083658,1.085187,100.0000
EURUSD,2024.02.27,16:00:00,1.084952,1.086012,1.084363,1.084716,100.0000
EURUSD,2024.02.27,20:00:00,1.084716,1.085187,1.084481,1.084481,100.0000
EURUSD,2024.02.28,00:00:00,1.084481,1.084834,1.083541,1.083776,100.0000
EURUSD,2024.02.28,04:00:00,1.083776,1.083893,1.082017,1.082603,100.0000
EURUSD,2024.02.28,08:00:00,1.082603,1.082603,1.080147,1.082017,100.0000
EURUSD,2024.02.28,12:00:00,1.082017,1.084011,1.080964,1.083658,100.0000
EURUSD,2024.02.28,16:00:00,1.083776,1.084834,1.083541,1.083658,100.0000
EURUSD,2024.02.28,20:00:00,1.083658,1.084363,1.083658,1.084128,100.0000
EURUSD,2024.02.29,00:00:00,1.084128,1.084246,1.083189,1.084011,100.0000
EURUSD,2024.02.29,04:00:00,1.083893,1.084128,1.082954,1.083072,100.0000
EURUSD,2024.02.29,08:00:00,1.083541,1.085658,1.083306,1.083776,100.0000
EURUSD,2024.02.29,12:00:00,1.083658,1.085776,1.082251,1.082485,100.0000
EURUSD,2024.02.29,16:00:00,1.082368,1.082485,1.079914,1.080497,100.0000
EURUSD,2024.02.29,20:00:00,1.080731,1.081198,1.080497,1.080847,100.0000
EURUSD,2024.03.01,00:00:00,1.080964,1.082485,1.080847,1.082017,100.0000
EURUSD,2024.03.01,04:00:00,1.082017,1.082017,1.081198,1.081666,100.0000
EURUSD,2024.03.01,08:00:00,1.081432,1.082251,1.080264,1.082134,100.0000
EURUSD,2024.03.01,12:00:00,1.082017,1.084481,1.080264,1.083893,100.0000
EURUSD,2024.03.01,16:00:00,1.083776,1.084599,1.082603,1.084481,100.0000
EURUSD,2024.03.01,20:00:00,1.084363,1.084363,1.083658,1.083893,100.0000
EURUSD,2024.03.04,00:00:00,1.084481,1.085069,1.084128,1.084716,100.0000
EURUSD,2024.03.04,04:00:00,1.084716,1.085658,1.084599,1.085658,100.0000
EURUSD,2024.03.04,08:00:00,1.085776,1.086012,1.084128,1.086012,100.0000
EURUSD,2024.03.04,12:00:00,1.086012,1.086602,1.084363,1.086602,100.0000
EURUSD,2024.03.04,16:00:00,1.086602,1.086957,1.085894,1.085894,100.0000
EURUSD,2024.03.04,20:00:00,1.086012,1.086248,1.085658,1.085776,100.0000
EURUSD,2024.03.05,00:00:00,1.085658,1.085894,1.085069,1.085776,100.0000
EURUSD,2024.03.05,04:00:00,1.085658,1.085658,1.084481,1.084834,100.0000
EURUSD,2024.03.05,08:00:00,1.085187,1.085894,1.084716,1.085187,100.0000
EURUSD,2024.03.05,12:00:00,1.085187,1.087903,1.084599,1.087429,100.0000
EURUSD,2024.03.05,16:00:00,1.087429,1.087429,1.085423,1.085541,100.0000
EURUSD,2024.03.05,20:00:00,1.085658,1.086130,1.085187,1.085894,100.0000
EURUSD,2024.03.06,00:00:00,1.085894,1.085894,1.084599,1.085423,100.0000
EURUSD,2024.03.06,04:00:00,1.085305,1.086838,1.085305,1.086484,100.0000
EURUSD,2024.03.06,08:00:00,1.086366,1.088258,1.086248,1.087903,100.0000
EURUSD,2024.03.06,12:00:00,1.088021,1.091107,1.087075,1.091107,100.0000
EURUSD,2024.03.06,16:00:00,1.090750,1.091822,1.089681,1.090037,100.0000
EURUSD,2024.03.06,20:00:00,1.089918,1.090513,1.089562,1.090275,100.0000
EURUSD,2024.03.07,00:00:00,1.090275,1.090988,1.089681,1.090394,100.0000
EURUSD,2024.03.07,04:00:00,1.090394,1.090869,1.089443,1.089681,100.0000
EURUSD,2024.03.07,08:00:00,1.089681,1.090513,1.089087,1.089681,100.0000
EURUSD,2024.03.07,12:00:00,1.089800,1.093255,1.087075,1.093255,100.0000
EURUSD,2024.03.07,16:00:00,1.093255,1.095170,1.092777,1.094931,100.0000
EURUSD,2024.03.07,20:00:00,1.095050,1.095290,1.094571,1.095290,100.0000
EURUSD,2024.03.08,00:00:00,1.095410,1.095890,1.094811,1.095050,100.0000
EURUSD,2024.03.08,04:00:00,1.095170,1.095410,1.093613,1.093733,100.0000
EURUSD,2024.03.08,08:00:00,1.093613,1.094212,1.093016,1.093613,100.0000
EURUSD,2024.03.08,12:00:00,1.093853,1.097936,1.092896,1.096491,100.0000
EURUSD,2024.03.08,16:00:00,1.096371,1.096371,1.093613,1.094451,100.0000
EURUSD,2024.03.08,20:00:00,1.094571,1.094571,1.093733,1.094212,100.0000
EURUSD,2024.03.11,00:00:00,1.094571,1.094931,1.094092,1.094451,100.0000
EURUSD,2024.03.11,04:00:00,1.094451,1.095050,1.093972,1.094691,100.0000
EURUSD,2024.03.11,08:00:00,1.094571,1.095050,1.093613,1.094571,100.0000
EURUSD,2024.03.11,12:00:00,1.094571,1.094571,1.091822,1.093135,100.0000
EURUSD,2024.03.11,16:00:00,1.093016,1.093255,1.092180,1.092896,100.0000
EURUSD,2024.03.11,20:00:00,1.092896,1.093374,1.092657,1.093374,100.0000
EURUSD,2024.03.12,00:00:00,1.093374,1.094092,1.093016,1.093972,100.0000
EURUSD,2024.03.12,04:00:00,1.093853,1.094212,1.093494,1.093494,100.0000
EURUSD,2024.03.12,08:00:00,1.093494,1.093853,1.092538,1.093733,100.0000
EURUSD,2024.03.12,12:00:00,1.093733,1.094451,1.090631,1.092061,100.0000
EURUSD,2024.03.12,16:00:00,1.092180,1.092896,1.091584,1.092896,100.0000
EURUSD,2024.03.12,20:00:00,1.092896,1.093255,1.092777,1.093016,100.0000
EURUSD,2024.03.13,00:00:00,1.093016,1.093374,1.092657,1.093135,100.0000
EURUSD,2024.03.13,04:00:00,1.093135,1.093494,1.092419,1.093016,100.0000
EURUSD,2024.03.13,08:00:00,1.093016,1.094691,1.092299,1.094571,100.0000
EURUSD,2024.03.13,12:00:00,1.094451,1.095050,1.093494,1.094571,100.0000
EURUSD,2024.03.13,16:00:00,1.094691,1.096611,1.094331,1.095050,100.0000
EURUSD,2024.03.13,20:00:00,1.095050,1.095650,1.094931,1.095650,100.0000
EURUSD,2024.03.14,00:00:00,1.095650,1.095770,1.094451,1.094571,100.0000
EURUSD,2024.03.14,04:00:00,1.094571,1.094571,1.093613,1.093853,100.0000
EURUSD,2024.03.14,08:00:00,1.093972,1.094811,1.093853,1.094331,100.0000
EURUSD,2024.03.14,12:00:00,1.094451,1.094691,1.088613,1.089087,100.0000
EURUSD,2024.03.14,16:00:00,1.089087,1.089562,1.088376,1.089325,100.0000
EURUSD,2024.03.14,20:00:00,1.089325,1.089443,1.088495,1.088613,100.0000
EURUSD,2024.03.15,00:00:00,1.088732,1.088732,1.087548,1.088021,100.0000
EURUSD,2024.03.15,04:00:00,1.088021,1.088732,1.087666,1.088258,100.0000
EURUSD,2024.03.15,08:00:00,1.088376,1.090275,1.088139,1.089681,100.0000
EURUSD,2024.03.15,12:00:00,1.089681,1.089800,1.088495,1.089087,100.0000
EURUSD,2024.03.15,16:00:00,1.088969,1.089443,1.088732,1.089206,100.0000
EURUSD,2024.03.15,20:00:00,1.089206,1.089562,1.088969,1.089562,100.0000
EURUSD,2024.03.18,00:00:00,1.088613,1.089443,1.088376,1.088850,100.0000
EURUSD,2024.03.18,04:00:00,1.088850,1.089918,1.088850,1.089443,100.0000
EURUSD,2024.03.18,08:00:00,1.089443,1.090869,1.089443,1.090631,100.0000
EURUSD,2024.03.18,12:00:00,1.090513,1.090750,1.088376,1.088850,100.0000
EURUSD,2024.03.18,16:00:00,1.088732,1.088732,1.086957,1.087193,100.0000
EURUSD,2024.03.18,20:00:00,1.087193,1.087666,1.087193,1.087666,100.0000
EURUSD,2024.03.19,00:00:00,1.087666,1.087903,1.086957,1.087784,100.0000
EURUSD,2024.03.19,04:00:00,1.087666,1.088021,1.085541,1.085658,100.0000
EURUSD,2024.03.19,08:00:00,1.085894,1.085894,1.083776,1.085305,100.0000
EURUSD,2024.03.19,12:00:00,1.085423,1.086838,1.084834,1.086248,100.0000
EURUSD,2024.03.19,16:00:00,1.086130,1.086838,1.085776,1.086838,100.0000
EURUSD,2024.03.19,20:00:00,1.086720,1.087075,1.086484,1.086602,100.0000
EURUSD,2024.03.20,00:00:00,1.086484,1.087311,1.086130,1.087311,100.0000
EURUSD,2024.03.20,04:00:00,1.087311,1.087548,1.086838,1.086957,100.0000
EURUSD,2024.03.20,08:00:00,1.086838,1.086838,1.084011,1.084599,100.0000
EURUSD,2024.03.20,12:00:00,1.084716,1.085894,1.084128,1.085658,100.0000
EURUSD,2024.03.20,16:00:00,1.085658,1.092538,1.085658,1.092419,100.0000
EURUSD,2024.03.20,20:00:00,1.092180,1.093972,1.092180,1.093972,100.0000
EURUSD,2024.03.21,00:00:00,1.093733,1.094212,1.093374,1.093733,100.0000
EURUSD,2024.03.21,04:00:00,1.093853,1.094571,1.092896,1.093135,100.0000
EURUSD,2024.03.21,08:00:00,1.092896,1.093135,1.089206,1.091227,100.0000
EURUSD,2024.03.21,12:00:00,1.091107,1.091941,1.085894,1.086366,100.0000
EURUSD,2024.03.21,16:00:00,1.086484,1.086957,1.085894,1.085894,100.0000
EURUSD,2024.03.21,20:00:00,1.086012,1.086602,1.085894,1.086484,100.0000
EURUSD,2024.03.22,00:00:00,1.086602,1.087075,1.084011,1.084128,100.0000
EURUSD,2024.03.22,04:00:00,1.084128,1.084481,1.082485,1.082720,100.0000
EURUSD,2024.03.22,08:00:00,1.083072,1.083072,1.081198,1.081783,100.0000
EURUSD,2024.03.22,12:00:00,1.082017,1.083306,1.081432,1.081900,100.0000
EURUSD,2024.03.22,16:00:00,1.081900,1.081900,1.080497,1.080847,100.0000
EURUSD,2024.03.22,20:00:00,1.080847,1.081432,1.080847,1.081432,100.0000
EURUSD,2024.03.25,00:00:00,1.081081,1.082485,1.080497,1.081666,100.0000
EURUSD,2024.03.25,04:00:00,1.081666,1.082603,1.081432,1.081900,100.0000
EURUSD,2024.03.25,08:00:00,1.081549,1.083306,1.080964,1.083072,100.0000
EURUSD,2024.03.25,12:00:00,1.083189,1.084481,1.083189,1.084011,100.0000
EURUSD,2024.03.25,16:00:00,1.084011,1.084246,1.083658,1.084246,100.0000
EURUSD,2024.03.25,20:00:00,1.084246,1.084363,1.083893,1.084011,100.0000
EURUSD,2024.03.26,00:00:00,1.084011,1.084716,1.083893,1.084011,100.0000
EURUSD,2024.03.26,04:00:00,1.084011,1.085541,1.084011,1.084363,100.0000
EURUSD,2024.03.26,08:00:00,1.084481,1.086720,1.084246,1.086012,100.0000
EURUSD,2024.03.26,12:00:00,1.086012,1.086130,1.082837,1.082837,100.0000
EURUSD,2024.03.26,16:00:00,1.083072,1.083893,1.082720,1.083189,100.0000
EURUSD,2024.03.26,20:00:00,1.083189,1.083658,1.083189,1.083541,100.0000
EURUSD,2024.03.27,00:00:00,1.083541,1.083541,1.082368,1.082954,100.0000
EURUSD,2024.03.27,04:00:00,1.082954,1.083541,1.082603,1.082720,100.0000
EURUSD,2024.03.27,08:00:00,1.083072,1.084128,1.082251,1.082251,100.0000
EURUSD,2024.03.27,12:00:00,1.082368,1.082485,1.081432,1.082368,100.0000
EURUSD,2024.03.27,16:00:00,1.082368,1.083072,1.082017,1.083072,100.0000
EURUSD,2024.03.27,20:00:00,1.082954,1.083306,1.081315,1.081549,100.0000
EURUSD,2024.03.28,00:00:00,1.081666,1.082837,1.081081,1.082485,100.0000
EURUSD,2024.03.28,04:00:00,1.082485,1.082954,1.080380,1.080497,100.0000
EURUSD,2024.03.28,08:00:00,1.080497,1.080497,1.077819,1.078632,100.0000
EURUSD,2024.03.28,12:00:00,1.078749,1.082134,1.078749,1.080380,100.0000
EURUSD,2024.03.28,16:00:00,1.080264,1.080847,1.078749,1.079098,100.0000
EURUSD,2024.03.28,20:00:00,1.079098,1.079797,1.078865,1.079447,100.0000
EURUSD,2024.03.29,00:00:00,1.079447,1.079447,1.077702,1.077702,100.0000
EURUSD,2024.03.29,04:00:00,1.077819,1.078400,1.077122,1.077122,100.0000
EURUSD,2024.03.29,08:00:00,1.077122,1.079447,1.077122,1.079098,100.0000
EURUSD,2024.03.29,12:00:00,1.079098,1.080497,1.078749,1.079331,100.0000
EURUSD,2024.03.29,16:00:00,1.079564,1.079564,1.078981,1.079331,100.0000
EURUSD,2024.03.29,20:00:00,1.079331,1.080030,1.079098,1.079680,100.0000
EURUSD,2024.03.31,20:00:00,1.078981,1.079680,1.078865,1.079564,100.0000
EURUSD,2024.04.01,00:00:00,1.079680,1.080264,1.078749,1.079331,100.0000
EURUSD,2024.04.01,04:00:00,1.079331,1.079447,1.078632,1.078865,100.0000
EURUSD,2024.04.01,08:00:00,1.078865,1.079447,1.078283,1.078632,100.0000
EURUSD,2024.04.01,12:00:00,1.078749,1.078865,1.073422,1.073537,100.0000
EURUSD,2024.04.01,16:00:00,1.073537,1.074691,1.073422,1.074460,100.0000
EURUSD,2024.04.01,20:00:00,1.074460,1.074807,1.073883,1.073998,100.0000
EURUSD,2024.04.02,00:00:00,1.073998,1.074114,1.073307,1.073307,100.0000
EURUSD,2024.04.02,04:00:00,1.073307,1.074460,1.072846,1.074460,100.0000
EURUSD,2024.04.02,08:00:00,1.074229,1.075616,1.073076,1.075616,100.0000
EURUSD,2024.04.02,12:00:00,1.075500,1.078167,1.074922,1.077122,100.0000
EURUSD,2024.04.02,16:00:00,1.077238,1.077354,1.076310,1.077122,100.0000
EURUSD,2024.04.02,20:00:00,1.077122,1.078051,1.076890,1.077122,100.0000
EURUSD,2024.04.03,00:00:00,1.077122,1.078167,1.076890,1.078051,100.0000
EURUSD,2024.04.03,04:00:00,1.077935,1.078051,1.076658,1.077354,100.0000
EURUSD,2024.04.03,08:00:00,1.077354,1.078749,1.076774,1.078749,100.0000
EURUSD,2024.04.03,12:00:00,1.078749,1.083306,1.077586,1.082954,100.0000
EURUSD,2024.04.03,16:00:00,1.082954,1.084011,1.082485,1.083776,100.0000
EURUSD,2024.04.03,20:00:00,1.083658,1.084363,1.083541,1.084128,100.0000
EURUSD,2024.04.04,00:00:00,1.084128,1.084716,1.083776,1.084481,100.0000
EURUSD,2024.04.04,04:00:00,1.084599,1.086130,1.084246,1.086012,100.0000
EURUSD,2024.04.04,08:00:00,1.085894,1.086838,1.085423,1.085541,100.0000
EURUSD,2024.04.04,12:00:00,1.085658,1.087903,1.085423,1.086720,100.0000
EURUSD,2024.04.04,16:00:00,1.086838,1.086957,1.083658,1.083658,100.0000
EURUSD,2024.04.04,20:00:00,1.083541,1.084363,1.083541,1.083893,100.0000
EURUSD,2024.04.05,00:00:00,1.083893,1.084599,1.082720,1.082954,100.0000
EURUSD,2024.04.05,04:00:00,1.082954,1.084363,1.082603,1.084363,100.0000
EURUSD,2024.04.05,08:00:00,1.084128,1.084834,1.083424,1.083893,100.0000
EURUSD,2024.04.05,12:00:00,1.083893,1.084952,1.079564,1.084363,100.0000
EURUSD,2024.04.05,16:00:00,1.084363,1.084716,1.083424,1.083893,100.0000
EURUSD,2024.04.05,20:00:00,1.083776,1.084128,1.083658,1.084128,100.0000
EURUSD,2024.04.07,20:00:00,1.083072,1.083541,1.083072,1.083306,100.0000
EURUSD,2024.04.08,00:00:00,1.083189,1.084599,1.082603,1.083658,100.0000
EURUSD,2024.04.08,04:00:00,1.083658,1.084011,1.083189,1.083541,100.0000
EURUSD,2024.04.08,08:00:00,1.083541,1.083776,1.082368,1.082720,100.0000
EURUSD,2024.04.08,12:00:00,1.082603,1.086130,1.082485,1.085541,100.0000
EURUSD,2024.04.08,16:00:00,1.085541,1.086484,1.084952,1.086012,100.0000
EURUSD,2024.04.08,20:00:00,1.085894,1.086602,1.085776,1.086484,100.0000
EURUSD,2024.04.09,00:00:00,1.086484,1.086602,1.085658,1.085894,100.0000
EURUSD,2024.04.09,04:00:00,1.085894,1.086602,1.085423,1.085541,100.0000
EURUSD,2024.04.09,08:00:00,1.085658,1.087548,1.085305,1.086484,100.0000
EURUSD,2024.04.09,12:00:00,1.086366,1.088732,1.085541,1.085894,100.0000
EURUSD,2024.04.09,16:00:00,1.085894,1.086248,1.085069,1.085894,100.0000
EURUSD,2024.04.09,20:00:00,1.085894,1.086484,1.085423,1.086130,100.0000
EURUSD,2024.04.10,00:00:00,1.086130,1.086130,1.085423,1.085658,100.0000
EURUSD,2024.04.10,04:00:00,1.085541,1.086012,1.085187,1.085776,100.0000
EURUSD,2024.04.10,08:00:00,1.085776,1.086838,1.085541,1.085894,100.0000
EURUSD,2024.04.10,12:00:00,1.085894,1.086602,1.073768,1.073883,100.0000
EURUSD,2024.04.10,16:00:00,1.073998,1.075616,1.073192,1.074807,100.0000
EURUSD,2024.04.10,20:00:00,1.074691,1.075038,1.074229,1.074460,100.0000
EURUSD,2024.04.11,00:00:00,1.074345,1.075153,1.074114,1.074807,100.0000
EURUSD,2024.04.11,04:00:00,1.074807,1.074922,1.073076,1.074691,100.0000
EURUSD,2024.04.11,08:00:00,1.074576,1.075269,1.072846,1.073192,100.0000
EURUSD,2024.04.11,12:00:00,1.073192,1.075732,1.070320,1.072271,100.0000
EURUSD,2024.04.11,16:00:00,1.072271,1.073653,1.071697,1.073192,100.0000
EURUSD,2024.04.11,20:00:00,1.073192,1.073422,1.072731,1.072961,100.0000
EURUSD,2024.04.12,00:00:00,1.072846,1.073076,1.071926,1.072041,100.0000
EURUSD,2024.04.12,04:00:00,1.072041,1.072041,1.067920,1.068604,100.0000
EURUSD,2024.04.12,08:00:00,1.068719,1.068719,1.064736,1.065303,100.0000
EURUSD,2024.04.12,12:00:00,1.065530,1.065757,1.062699,1.065076,100.0000
EURUSD,2024.04.12,16:00:00,1.064963,1.065303,1.064056,1.064169,100.0000
EURUSD,2024.04.12,20:00:00,1.064056,1.064736,1.064056,1.064623,100.0000
EURUSD,2024.04.14,20:00:00,1.065303,1.065303,1.064623,1.064963,100.0000
EURUSD,2024.04.15,00:00:00,1.065076,1.065757,1.064283,1.065530,100.0000
EURUSD,2024.04.15,04:00:00,1.065530,1.066667,1.064963,1.066098,100.0000
EURUSD,2024.04.15,08:00:00,1.066098,1.066780,1.065530,1.065757,100.0000
EURUSD,2024.04.15,12:00:00,1.065757,1.066325,1.062586,1.064623,100.0000
EURUSD,2024.04.15,16:00:00,1.064736,1.064963,1.062361,1.062925,100.0000
EURUSD,2024.04.15,20:00:00,1.062925,1.063151,1.062361,1.062812,100.0000
EURUSD,2024.04.16,00:00:00,1.062699,1.062812,1.060895,1.061458,100.0000
EURUSD,2024.04.16,04:00:00,1.061458,1.062473,1.060558,1.062248,100.0000
EURUSD,2024.04.16,08:00:00,1.062135,1.064963,1.061571,1.064623,100.0000
EURUSD,2024.04.16,12:00:00,1.064509,1.065644,1.062473,1.063038,100.0000
EURUSD,2024.04.16,16:00:00,1.062925,1.063717,1.060445,1.062361,100.0000
EURUSD,2024.04.16,20:00:00,1.062473,1.062812,1.061571,1.062361,100.0000
EURUSD,2024.04.17,00:00:00,1.062473,1.063830,1.062022,1.063038,100.0000
EURUSD,2024.04.17,04:00:00,1.063038,1.063943,1.061008,1.063038,100.0000
EURUSD,2024.04.17,08:00:00,1.062812,1.065303,1.062699,1.063830,100.0000
EURUSD,2024.04.17,12:00:00,1.063943,1.065417,1.063264,1.064623,100.0000
EURUSD,2024.04.17,16:00:00,1.064736,1.068148,1.063943,1.067350,100.0000
EURUSD,2024.04.17,20:00:00,1.067464,1.067806,1.067122,1.067122,100.0000
EURUSD,2024.04.18,00:00:00,1.067236,1.068376,1.066780,1.068376,100.0000
EURUSD,2024.04.18,04:00:00,1.068262,1.069290,1.067806,1.068376,100.0000
EURUSD,2024.04.18,08:00:00,1.068262,1.068604,1.067350,1.068034,100.0000
EURUSD,2024.04.18,12:00:00,1.068034,1.068262,1.065076,1.066325,100.0000
EURUSD,2024.04.18,16:00:00,1.066325,1.066439,1.064623,1.064623,100.0000
EURUSD,2024.04.18,20:00:00,1.064623,1.065303,1.064283,1.064509,100.0000
EURUSD,2024.04.19,00:00:00,1.064509,1.064736,1.061458,1.063943,100.0000
EURUSD,2024.04.19,04:00:00,1.064056,1.066212,1.063038,1.065871,100.0000
EURUSD,2024.04.19,08:00:00,1.065757,1.066439,1.064623,1.065417,100.0000
EURUSD,2024.04.19,12:00:00,1.065417,1.068034,1.065417,1.065757,100.0000
EURUSD,2024.04.19,16:00:00,1.065871,1.066212,1.064396,1.065757,100.0000
EURUSD,2024.04.19,20:00:00,1.065757,1.066098,1.065644,1.066098,100.0000
EURUSD,2024.04.21,20:00:00,1.066212,1.066439,1.066098,1.066098,100.0000
EURUSD,2024.04.22,00:00:00,1.066098,1.067350,1.065530,1.066439,100.0000
EURUSD,2024.04.22,04:00:00,1.066439,1.067236,1.065644,1.066098,100.0000
EURUSD,2024.04.22,08:00:00,1.066098,1.066553,1.063717,1.063717,100.0000
EURUSD,2024.04.22,12:00:00,1.063604,1.065076,1.062699,1.064963,100.0000
EURUSD,2024.04.22,16:00:00,1.065076,1.066325,1.064963,1.065417,100.0000
EURUSD,2024.04.22,20:00:00,1.065417,1.065871,1.065303,1.065644,100.0000
EURUSD,2024.04.23,00:00:00,1.065757,1.066325,1.065644,1.065984,100.0000
EURUSD,2024.04.23,04:00:00,1.065984,1.069519,1.064169,1.068376,100.0000
EURUSD,2024.04.23,08:00:00,1.067920,1.068604,1.065644,1.067692,100.0000
EURUSD,2024.04.23,12:00:00,1.067692,1.071123,1.066325,1.069519,100.0000
EURUSD,2024.04.23,16:00:00,1.069747,1.071008,1.069633,1.070549,100.0000
EURUSD,2024.04.23,20:00:00,1.070435,1.071008,1.070320,1.070549,100.0000
EURUSD,2024.04.24,00:00:00,1.070549,1.071582,1.070320,1.070893,100.0000
EURUSD,2024.04.24,04:00:00,1.070893,1.071237,1.068833,1.069061,100.0000
EURUSD,2024.04.24,08:00:00,1.069176,1.069519,1.068490,1.069176,100.0000
EURUSD,2024.04.24,12:00:00,1.069290,1.070435,1.068148,1.068947,100.0000
EURUSD,2024.04.24,16:00:00,1.068947,1.070893,1.068604,1.070320,100.0000
EURUSD,2024.04.24,20:00:00,1.070320,1.070435,1.069519,1.070205,100.0000
EURUSD,2024.04.25,00:00:00,1.070320,1.071237,1.070091,1.070893,100.0000
EURUSD,2024.04.25,04:00:00,1.070893,1.073076,1.070778,1.072386,100.0000
EURUSD,2024.04.25,08:00:00,1.072386,1.073192,1.072041,1.072156,100.0000
EURUSD,2024.04.25,12:00:00,1.072156,1.074114,1.068262,1.072386,100.0000
EURUSD,2024.04.25,16:00:00,1.072386,1.074114,1.071811,1.073192,100.0000
EURUSD,2024.04.25,20:00:00,1.073192,1.073422,1.072616,1.072961,100.0000
EURUSD,2024.04.26,00:00:00,1.072961,1.073192,1.072156,1.072616,100.0000
EURUSD,2024.04.26,04:00:00,1.072616,1.073998,1.072386,1.073307,100.0000
EURUSD,2024.04.26,08:00:00,1.073307,1.075384,1.071926,1.071926,100.0000
EURUSD,2024.04.26,12:00:00,1.071926,1.073307,1.067806,1.069061,100.0000
EURUSD,2024.04.26,16:00:00,1.068833,1.070893,1.068833,1.070320,100.0000
EURUSD,2024.04.26,20:00:00,1.070320,1.070435,1.069404,1.069862,100.0000
EURUSD,2024.04.28,20:00:00,1.070435,1.070893,1.070320,1.070893,100.0000
EURUSD,2024.04.29,00:00:00,1.071008,1.072271,1.070893,1.071926,100.0000
EURUSD,2024.04.29,04:00:00,1.071811,1.073653,1.071352,1.071926,100.0000
EURUSD,2024.04.29,08:00:00,1.072041,1.072961,1.070091,1.071811,100.0000
EURUSD,2024.04.29,12:00:00,1.071811,1.072616,1.069290,1.072041,100.0000
EURUSD,2024.04.29,16:00:00,1.071926,1.073307,1.071811,1.072386,100.0000
EURUSD,2024.04.29,20:00:00,1.072386,1.073076,1.071697,1.071697,100.0000
EURUSD,2024.04.30,00:00:00,1.071697,1.072041,1.070549,1.070778,100.0000
EURUSD,2024.04.30,04:00:00,1.070893,1.071237,1.069404,1.070893,100.0000
EURUSD,2024.04.30,08:00:00,1.070778,1.073768,1.069747,1.072271,100.0000
EURUSD,2024.04.30,12:00:00,1.072271,1.072616,1.068719,1.068719,100.0000
EURUSD,2024.04.30,16:00:00,1.068719,1.068833,1.067464,1.067464,100.0000
EURUSD,2024.04.30,20:00:00,1.067464,1.067692,1.066780,1.066894,100.0000
EURUSD,2024.05.01,00:00:00,1.066894,1.067008,1.065871,1.065984,100.0000
EURUSD,2024.05.01,04:00:00,1.065984,1.066439,1.065303,1.066439,100.0000
EURUSD,2024.05.01,08:00:00,1.066553,1.067578,1.066553,1.067464,100.0000
EURUSD,2024.05.01,12:00:00,1.067464,1.069061,1.067464,1.068262,100.0000
EURUSD,2024.05.01,16:00:00,1.068148,1.073422,1.067350,1.069290,100.0000
EURUSD,2024.05.01,20:00:00,1.069176,1.072616,1.069061,1.072041,100.0000
EURUSD,2024.05.02,00:00:00,1.072041,1.072501,1.071123,1.071811,100.0000
EURUSD,2024.05.02,04:00:00,1.071811,1.073076,1.071582,1.071811,100.0000
EURUSD,2024.05.02,08:00:00,1.071926,1.072271,1.069862,1.070549,100.0000
EURUSD,2024.05.02,12:00:00,1.070549,1.071467,1.067806,1.070893,100.0000
EURUSD,2024.05.02,16:00:00,1.071008,1.073307,1.070664,1.073076,100.0000
EURUSD,2024.05.02,20:00:00,1.073076,1.073998,1.072616,1.073307,100.0000
EURUSD,2024.05.03,00:00:00,1.073192,1.074229,1.072731,1.073883,100.0000
EURUSD,2024.05.03,04:00:00,1.073883,1.074114,1.072846,1.073653,100.0000
EURUSD,2024.05.03,08:00:00,1.073653,1.075269,1.073653,1.074922,100.0000
EURUSD,2024.05.03,12:00:00,1.074922,1.081315,1.074691,1.077354,100.0000
EURUSD,2024.05.03,16:00:00,1.077122,1.077470,1.076195,1.076774,100.0000
EURUSD,2024.05.03,20:00:00,1.076774,1.077006,1.076426,1.076658,100.0000
EURUSD,2024.05.05,20:00:00,1.076542,1.076774,1.076079,1.076079,100.0000
EURUSD,2024.05.06,00:00:00,1.075963,1.077470,1.075847,1.076774,100.0000
EURUSD,2024.05.06,04:00:00,1.076774,1.077238,1.076310,1.076426,100.0000
EURUSD,2024.05.06,08:00:00,1.076426,1.077819,1.076079,1.077470,100.0000
EURUSD,2024.05.06,12:00:00,1.077586,1.079331,1.077586,1.078051,100.0000
EURUSD,2024.05.06,16:00:00,1.078167,1.078167,1.077006,1.077006,100.0000
EURUSD,2024.05.06,20:00:00,1.077006,1.077586,1.076890,1.077006,100.0000
EURUSD,2024.05.07,00:00:00,1.077006,1.077935,1.076426,1.077122,100.0000
EURUSD,2024.05.07,04:00:00,1.077122,1.077238,1.075847,1.076658,100.0000
EURUSD,2024.05.07,08:00:00,1.076774,1.077354,1.075847,1.077006,100.0000
EURUSD,2024.05.07,12:00:00,1.077006,1.078981,1.076774,1.077122,100.0000
EURUSD,2024.05.07,16:00:00,1.077006,1.077702,1.075038,1.076079,100.0000
EURUSD,2024.05.07,20:00:00,1.075963,1.076310,1.075038,1.075269,100.0000
EURUSD,2024.05.08,00:00:00,1.075384,1.075732,1.074114,1.074460,100.0000
EURUSD,2024.05.08,04:00:00,1.074345,1.075153,1.074114,1.074229,100.0000
EURUSD,2024.05.08,08:00:00,1.073998,1.075616,1.073883,1.074922,100.0000
EURUSD,2024.05.08,12:00:00,1.074922,1.075963,1.074345,1.075732,100.0000
EURUSD,2024.05.08,16:00:00,1.075732,1.075732,1.074460,1.074807,100.0000
EURUSD,2024.05.08,20:00:00,1.074807,1.075963,1.074691,1.075038,100.0000
EURUSD,2024.05.09,00:00:00,1.075038,1.075500,1.074460,1.075038,100.0000
EURUSD,2024.05.09,04:00:00,1.075038,1.075269,1.073192,1.073768,100.0000
EURUSD,2024.05.09,08:00:00,1.073883,1.074114,1.072846,1.073076,100.0000
EURUSD,2024.05.09,12:00:00,1.073307,1.078400,1.073192,1.077354,100.0000
EURUSD,2024.05.09,16:00:00,1.077354,1.078749,1.077354,1.078516,100.0000
EURUSD,2024.05.09,20:00:00,1.078516,1.078865,1.078167,1.078400,100.0000
EURUSD,2024.05.10,00:00:00,1.078516,1.078516,1.077702,1.077935,100.0000
EURUSD,2024.05.10,04:00:00,1.077935,1.078632,1.077586,1.078400,100.0000
EURUSD,2024.05.10,08:00:00,1.078516,1.078865,1.077819,1.078283,100.0000
EURUSD,2024.05.10,12:00:00,1.078283,1.079214,1.076426,1.077470,100.0000
EURUSD,2024.05.10,16:00:00,1.077470,1.078167,1.077354,1.077586,100.0000
EURUSD,2024.05.10,20:00:00,1.077470,1.077586,1.077122,1.077238,100.0000
EURUSD,2024.05.12,20:00:00,1.077586,1.077819,1.077354,1.077354,100.0000
EURUSD,2024.05.13,00:00:00,1.077354,1.077586,1.076890,1.077470,100.0000
EURUSD,2024.05.13,04:00:00,1.077470,1.078283,1.077122,1.077819,100.0000
EURUSD,2024.05.13,08:00:00,1.077702,1.079680,1.077702,1.079214,100.0000
EURUSD,2024.05.13,12:00:00,1.079214,1.080964,1.079214,1.079797,100.0000
EURUSD,2024.05.13,16:00:00,1.079914,1.080147,1.078981,1.079098,100.0000
EURUSD,2024.05.13,20:00:00,1.079214,1.079564,1.078981,1.079447,100.0000
EURUSD,2024.05.14,00:00:00,1.079447,1.079447,1.078749,1.078981,100.0000
EURUSD,2024.05.14,04:00:00,1.079098,1.079214,1.078632,1.078981,100.0000
EURUSD,2024.05.14,08:00:00,1.078981,1.080147,1.077935,1.079564,100.0000
EURUSD,2024.05.14,12:00:00,1.079564,1.082837,1.077238,1.082017,100.0000
EURUSD,2024.05.14,16:00:00,1.082017,1.082603,1.081666,1.082485,100.0000
EURUSD,2024.05.14,20:00:00,1.082368,1.082837,1.081666,1.081783,100.0000
EURUSD,2024.05.15,00:00:00,1.081666,1.083072,1.081666,1.082954,100.0000
EURUSD,2024.05.15,04:00:00,1.082837,1.083541,1.082368,1.082837,100.0000
EURUSD,2024.05.15,08:00:00,1.082954,1.083776,1.082485,1.083072,100.0000
EURUSD,2024.05.15,12:00:00,1.083189,1.087784,1.083189,1.086130,100.0000
EURUSD,2024.05.15,16:00:00,1.086130,1.088613,1.085894,1.088613,100.0000
EURUSD,2024.05.15,20:00:00,1.088495,1.089325,1.088258,1.089206,100.0000
EURUSD,2024.05.16,00:00:00,1.089087,1.089681,1.088495,1.089087,100.0000
EURUSD,2024.05.16,04:00:00,1.089087,1.089087,1.087666,1.087784,100.0000
EURUSD,2024.05.16,08:00:00,1.087784,1.088021,1.086602,1.086957,100.0000
EURUSD,2024.05.16,12:00:00,1.087075,1.087903,1.085894,1.087903,100.0000
EURUSD,2024.05.16,16:00:00,1.087784,1.087903,1.086838,1.087075,100.0000
EURUSD,2024.05.16,20:00:00,1.087075,1.087311,1.086720,1.087075,100.0000
EURUSD,2024.05.17,00:00:00,1.087075,1.087075,1.085776,1.086130,100.0000
EURUSD,2024.05.17,04:00:00,1.086248,1.087075,1.085894,1.086130,100.0000
EURUSD,2024.05.17,08:00:00,1.086248,1.086248,1.083893,1.084716,100.0000
EURUSD,2024.05.17,12:00:00,1.084599,1.088021,1.084246,1.087075,100.0000
EURUSD,2024.05.17,16:00:00,1.087193,1.088021,1.086957,1.087548,100.0000
EURUSD,2024.05.17,20:00:00,1.087429,1.087548,1.087193,1.087193,100.0000
EURUSD,2024.05.19,20:00:00,1.087311,1.087784,1.087311,1.087548,100.0000
EURUSD,2024.05.20,00:00:00,1.087548,1.088139,1.087193,1.088139,100.0000
EURUSD,2024.05.20,04:00:00,1.088139,1.088732,1.087311,1.087666,100.0000
EURUSD,2024.05.20,08:00:00,1.087666,1.087903,1.086248,1.086248,100.0000
EURUSD,2024.05.20,12:00:00,1.086366,1.087193,1.085776,1.086248,100.0000
EURUSD,2024.05.20,16:00:00,1.086366,1.087311,1.086248,1.086248,100.0000
EURUSD,2024.05.20,20:00:00,1.086248,1.086602,1.085894,1.086366,100.0000
EURUSD,2024.05.21,00:00:00,1.086366,1.086484,1.085423,1.085894,100.0000
EURUSD,2024.05.21,04:00:00,1.085894,1.086957,1.085894,1.086720,100.0000
EURUSD,2024.05.21,08:00:00,1.086838,1.087666,1.086248,1.087193,100.0000
EURUSD,2024.05.21,12:00:00,1.087193,1.087311,1.084834,1.085658,100.0000
EURUSD,2024.05.21,16:00:00,1.085658,1.085894,1.084952,1.085894,100.0000
EURUSD,2024.05.21,20:00:00,1.085776,1.086248,1.085541,1.085776,100.0000
EURUSD,2024.05.22,00:00:00,1.085776,1.086602,1.085658,1.085894,100.0000
EURUSD,2024.05.22,04:00:00,1.085894,1.086602,1.085423,1.086012,100.0000
EURUSD,2024.05.22,08:00:00,1.086130,1.086130,1.082485,1.083072,100.0000
EURUSD,2024.05.22,12:00:00,1.083072,1.084481,1.082954,1.083893,100.0000
EURUSD,2024.05.22,16:00:00,1.083893,1.084952,1.082134,1.082368,100.0000
EURUSD,2024.05.22,20:00:00,1.082368,1.082954,1.082368,1.082837,100.0000
EURUSD,2024.05.23,00:00:00,1.082837,1.083424,1.082603,1.083424,100.0000
EURUSD,2024.05.23,04:00:00,1.083306,1.083541,1.081549,1.083306,100.0000
EURUSD,2024.05.23,08:00:00,1.083424,1.085541,1.083189,1.085541,100.0000
EURUSD,2024.05.23,12:00:00,1.085305,1.086366,1.082485,1.082954,100.0000
EURUSD,2024.05.23,16:00:00,1.082954,1.083306,1.080731,1.081315,100.0000
EURUSD,2024.05.23,20:00:00,1.081315,1.082251,1.081198,1.081549,100.0000
EURUSD,2024.05.24,00:00:00,1.081432,1.081666,1.080964,1.080964,100.0000
EURUSD,2024.05.24,04:00:00,1.080964,1.082954,1.080847,1.082837,100.0000
EURUSD,2024.05.24,08:00:00,1.082720,1.084716,1.082368,1.084599,100.0000
EURUSD,2024.05.24,12:00:00,1.084481,1.085894,1.084363,1.085423,100.0000
EURUSD,2024.05.24,16:00:00,1.085423,1.086130,1.084952,1.085187,100.0000
EURUSD,2024.05.24,20:00:00,1.085305,1.085305,1.084952,1.084952,100.0000
EURUSD,2024.05.26,20:00:00,1.085305,1.085305,1.084952,1.084952,100.0000
EURUSD,2024.05.27,00:00:00,1.084952,1.085423,1.084952,1.085187,100.0000
EURUSD,2024.05.27,04:00:00,1.085187,1.085541,1.084716,1.085423,100.0000
EURUSD,2024.05.27,08:00:00,1.085423,1.086957,1.084834,1.086012,100.0000
EURUSD,2024.05.27,12:00:00,1.086130,1.086248,1.084481,1.086248,100.0000
EURUSD,2024.05.27,16:00:00,1.086248,1.086602,1.086012,1.086248,100.0000
EURUSD,2024.05.27,20:00:00,1.086248,1.086484,1.085894,1.086484,100.0000
EURUSD,2024.05.28,00:00:00,1.086484,1.088139,1.086484,1.088139,100.0000
EURUSD,2024.05.28,04:00:00,1.088139,1.088258,1.087548,1.088021,100.0000
EURUSD,2024.05.28,08:00:00,1.087903,1.089206,1.086957,1.088732,100.0000
EURUSD,2024.05.28,12:00:00,1.088613,1.088613,1.086130,1.088139,100.0000
EURUSD,2024.05.28,16:00:00,1.088139,1.088139,1.085776,1.086366,100.0000
EURUSD,2024.05.28,20:00:00,1.086366,1.086366,1.085423,1.085423,100.0000
EURUSD,2024.05.29,00:00:00,1.085423,1.086012,1.084952,1.085069,100.0000
EURUSD,2024.05.29,04:00:00,1.084952,1.086130,1.084716,1.085541,100.0000
EURUSD,2024.05.29,08:00:00,1.084952,1.085894,1.083306,1.085305,100.0000
EURUSD,2024.05.29,12:00:00,1.085658,1.086130,1.081198,1.081432,100.0000
EURUSD,2024.05.29,16:00:00,1.081315,1.082017,1.080264,1.080380,100.0000
EURUSD,2024.05.29,20:00:00,1.080497,1.080847,1.080264,1.080380,100.0000
EURUSD,2024.05.30,00:00:00,1.080380,1.080731,1.079680,1.080147,100.0000
EURUSD,2024.05.30,04:00:00,1.080147,1.081315,1.079098,1.081081,100.0000
EURUSD,2024.05.30,08:00:00,1.081198,1.082485,1.080614,1.082134,100.0000
EURUSD,2024.05.30,12:00:00,1.082134,1.084834,1.081666,1.084011,100.0000
EURUSD,2024.05.30,16:00:00,1.084128,1.084599,1.083072,1.083424,100.0000
EURUSD,2024.05.30,20:00:00,1.083306,1.083776,1.082954,1.083424,100.0000
EURUSD,2024.05.31,00:00:00,1.083424,1.083658,1.081432,1.082251,100.0000
EURUSD,2024.05.31,04:00:00,1.082251,1.082837,1.081783,1.082603,100.0000
EURUSD,2024.05.31,08:00:00,1.082603,1.085776,1.082603,1.085541,100.0000
EURUSD,2024.05.31,12:00:00,1.085541,1.088495,1.084481,1.085069,100.0000
EURUSD,2024.05.31,16:00:00,1.084834,1.085541,1.084363,1.085305,100.0000
EURUSD,2024.05.31,20:00:00,1.085187,1.085423,1.084952,1.085423,100.0000
EURUSD,2024.06.02,20:00:00,1.085423,1.085658,1.085305,1.085541,100.0000
EURUSD,2024.06.03,00:00:00,1.085541,1.086130,1.085305,1.085305,100.0000
EURUSD,2024.06.03,04:00:00,1.085187,1.086130,1.084363,1.084363,100.0000
EURUSD,2024.06.03,08:00:00,1.084128,1.084716,1.083072,1.084599,100.0000
EURUSD,2024.06.03,12:00:00,1.084599,1.089325,1.084481,1.089206,100.0000
EURUSD,2024.06.03,16:00:00,1.089325,1.090275,1.088495,1.090275,100.0000
EURUSD,2024.06.03,20:00:00,1.090275,1.091346,1.090275,1.090988,100.0000
EURUSD,2024.06.04,00:00:00,1.091227,1.091822,1.090869,1.091107,100.0000
EURUSD,2024.06.04,04:00:00,1.090988,1.091346,1.088850,1.089325,100.0000
EURUSD,2024.06.04,08:00:00,1.089206,1.089325,1.086366,1.086484,100.0000
EURUSD,2024.06.04,12:00:00,1.086838,1.088613,1.086484,1.088139,100.0000
EURUSD,2024.06.04,16:00:00,1.088139,1.088969,1.088139,1.088376,100.0000
EURUSD,2024.06.04,20:00:00,1.088258,1.088495,1.087903,1.088495,100.0000
EURUSD,2024.06.05,00:00:00,1.088258,1.088850,1.088021,1.088139,100.0000
EURUSD,2024.06.05,04:00:00,1.088139,1.088495,1.087429,1.087429,100.0000
EURUSD,2024.06.05,08:00:00,1.087548,1.088021,1.086366,1.087075,100.0000
EURUSD,2024.06.05,12:00:00,1.087193,1.089206,1.086602,1.086720,100.0000
EURUSD,2024.06.05,16:00:00,1.086602,1.087903,1.085776,1.087666,100.0000
EURUSD,2024.06.05,20:00:00,1.087666,1.087784,1.087075,1.087666,100.0000
EURUSD,2024.06.06,00:00:00,1.087784,1.089800,1.087784,1.089325,100.0000
EURUSD,2024.06.06,04:00:00,1.089325,1.089443,1.087903,1.088139,100.0000
EURUSD,2024.06.06,08:00:00,1.088139,1.088495,1.086602,1.087075,100.0000
EURUSD,2024.06.06,12:00:00,1.087075,1.090156,1.086720,1.088495,100.0000
EURUSD,2024.06.06,16:00:00,1.088376,1.089681,1.088376,1.089206,100.0000
EURUSD,2024.06.06,20:00:00,1.089325,1.089681,1.089087,1.089443,100.0000
EURUSD,2024.06.07,00:00:00,1.089325,1.090037,1.088969,1.089800,100.0000
EURUSD,2024.06.07,04:00:00,1.089800,1.090156,1.089087,1.089562,100.0000
EURUSD,2024.06.07,08:00:00,1.089443,1.090394,1.088613,1.090156,100.0000
EURUSD,2024.06.07,12:00:00,1.090156,1.090156,1.080731,1.080964,100.0000
EURUSD,2024.06.07,16:00:00,1.081081,1.081432,1.080380,1.080380,100.0000
EURUSD,2024.06.07,20:00:00,1.080380,1.080731,1.080264,1.080380,100.0000
EURUSD,2024.06.09,20:00:00,1.078051,1.078283,1.077935,1.078167,100.0000
EURUSD,2024.06.10,00:00:00,1.078167,1.078400,1.075963,1.075963,100.0000
EURUSD,2024.06.10,04:00:00,1.075847,1.076890,1.075153,1.076658,100.0000
EURUSD,2024.06.10,08:00:00,1.076890,1.077006,1.073653,1.075732,100.0000
EURUSD,2024.06.10,12:00:00,1.075616,1.076310,1.073653,1.075269,100.0000
EURUSD,2024.06.10,16:00:00,1.075384,1.076774,1.075384,1.076542,100.0000
EURUSD,2024.06.10,20:00:00,1.076542,1.077122,1.076310,1.076658,100.0000
EURUSD,2024.06.11,00:00:00,1.076658,1.077238,1.076426,1.077122,100.0000
EURUSD,2024.06.11,04:00:00,1.077122,1.077702,1.076426,1.076658,100.0000
EURUSD,2024.06.11,08:00:00,1.076658,1.076658,1.072731,1.073076,100.0000
EURUSD,2024.06.11,12:00:00,1.073307,1.073883,1.072271,1.073537,100.0000
EURUSD,2024.06.11,16:00:00,1.073537,1.075153,1.073537,1.074345,100.0000
EURUSD,2024.06.11,20:00:00,1.074460,1.074576,1.073998,1.074345,100.0000
EURUSD,2024.06.12,00:00:00,1.074229,1.074576,1.073768,1.074345,100.0000
EURUSD,2024.06.12,04:00:00,1.074345,1.074922,1.073883,1.074807,100.0000
EURUSD,2024.06.12,08:00:00,1.074691,1.076774,1.074691,1.076774,100.0000
EURUSD,2024.06.12,12:00:00,1.076658,1.085423,1.076542,1.084599,100.0000
EURUSD,2024.06.12,16:00:00,1.084481,1.085069,1.080731,1.080847,100.0000
EURUSD,2024.06.12,20:00:00,1.080964,1.081783,1.080731,1.081549,100.0000
EURUSD,2024.06.13,00:00:00,1.081549,1.081900,1.080731,1.080964,100.0000
EURUSD,2024.06.13,04:00:00,1.080964,1.081900,1.080380,1.081666,100.0000
EURUSD,2024.06.13,08:00:00,1.081666,1.081666,1.078632,1.078632,100.0000
EURUSD,2024.06.13,12:00:00,1.078516,1.081666,1.075732,1.075847,100.0000
EURUSD,2024.06.13,16:00:00,1.075732,1.075732,1.073653,1.074460,100.0000
EURUSD,2024.06.13,20:00:00,1.074345,1.074576,1.073883,1.073998,100.0000
EURUSD,2024.06.14,00:00:00,1.073998,1.074691,1.073883,1.074345,100.0000
EURUSD,2024.06.14,04:00:00,1.074345,1.074345,1.071008,1.071008,100.0000
EURUSD,2024.06.14,08:00:00,1.071008,1.071352,1.067464,1.069747,100.0000
EURUSD,2024.06.14,12:00:00,1.069633,1.070205,1.067122,1.070091,100.0000
EURUSD,2024.06.14,16:00:00,1.070205,1.070778,1.069747,1.070778,100.0000
EURUSD,2024.06.14,20:00:00,1.070778,1.071123,1.070664,1.070893,100.0000
EURUSD,2024.06.16,20:00:00,1.071008,1.071008,1.070549,1.070549,100.0000
EURUSD,2024.06.17,00:00:00,1.070664,1.071008,1.070205,1.070664,100.0000
EURUSD,2024.06.17,04:00:00,1.070664,1.071123,1.069061,1.070320,100.0000
EURUSD,2024.06.17,08:00:00,1.070205,1.072041,1.070205,1.071237,100.0000
EURUSD,2024.06.17,12:00:00,1.071237,1.072731,1.071008,1.072501,100.0000
EURUSD,2024.06.17,16:00:00,1.072616,1.073998,1.072386,1.073537,100.0000
EURUSD,2024.06.17,20:00:00,1.073653,1.074345,1.073422,1.074345,100.0000
EURUSD,2024.06.18,00:00:00,1.074229,1.074345,1.072386,1.072731,100.0000
EURUSD,2024.06.18,04:00:00,1.072731,1.073768,1.072156,1.072616,100.0000
EURUSD,2024.06.18,08:00:00,1.072616,1.072846,1.071352,1.072041,100.0000
EURUSD,2024.06.18,12:00:00,1.071926,1.076426,1.071352,1.074229,100.0000
EURUSD,2024.06.18,16:00:00,1.074114,1.074576,1.073537,1.074114,100.0000
EURUSD,2024.06.18,20:00:00,1.074114,1.075153,1.073883,1.074229,100.0000
EURUSD,2024.06.19,00:00:00,1.074114,1.074576,1.073883,1.074114,100.0000
EURUSD,2024.06.19,04:00:00,1.073998,1.074345,1.072846,1.074114,100.0000
EURUSD,2024.06.19,08:00:00,1.074114,1.075616,1.073537,1.075269,100.0000
EURUSD,2024.06.19,12:00:00,1.075500,1.075500,1.074460,1.075269,100.0000
EURUSD,2024.06.19,16:00:00,1.075153,1.075153,1.074576,1.074807,100.0000
EURUSD,2024.06.19,20:00:00,1.074807,1.075153,1.074576,1.075038,100.0000
EURUSD,2024.06.20,00:00:00,1.074922,1.075038,1.074229,1.074460,100.0000
EURUSD,2024.06.20,04:00:00,1.074460,1.074807,1.072731,1.072846,100.0000
EURUSD,2024.06.20,08:00:00,1.072616,1.073537,1.071582,1.071811,100.0000
EURUSD,2024.06.20,12:00:00,1.071697,1.073307,1.071123,1.071123,100.0000
EURUSD,2024.06.20,16:00:00,1.070893,1.072041,1.070664,1.070893,100.0000
EURUSD,2024.06.20,20:00:00,1.070778,1.071008,1.070205,1.070893,100.0000
EURUSD,2024.06.21,00:00:00,1.070893,1.072041,1.070664,1.071926,100.0000
EURUSD,2024.06.21,04:00:00,1.071926,1.072386,1.067464,1.068262,100.0000
EURUSD,2024.06.21,08:00:00,1.067920,1.070091,1.067920,1.069290,100.0000
EURUSD,2024.06.21,12:00:00,1.069176,1.070091,1.068148,1.069633,100.0000
EURUSD,2024.06.21,16:00:00,1.069519,1.069976,1.069290,1.069404,100.0000
EURUSD,2024.06.21,20:00:00,1.069404,1.069747,1.069290,1.069747,100.0000
EURUSD,2024.06.23,20:00:00,1.069633,1.069862,1.069061,1.069061,100.0000
EURUSD,2024.06.24,00:00:00,1.069061,1.069633,1.068719,1.069404,100.0000
EURUSD,2024.06.24,04:00:00,1.069519,1.071811,1.069404,1.071582,100.0000
EURUSD,2024.06.24,08:00:00,1.071467,1.073768,1.071237,1.073768,100.0000
EURUSD,2024.06.24,12:00:00,1.073422,1.075038,1.072616,1.073076,100.0000
EURUSD,2024.06.24,16:00:00,1.072961,1.074114,1.072501,1.073883,100.0000
EURUSD,2024.06.24,20:00:00,1.073883,1.073998,1.073076,1.073537,100.0000
EURUSD,2024.06.25,00:00:00,1.073537,1.074229,1.073537,1.074229,100.0000
EURUSD,2024.06.25,04:00:00,1.074114,1.074807,1.072386,1.072961,100.0000
EURUSD,2024.06.25,08:00:00,1.072846,1.073883,1.071237,1.071237,100.0000
EURUSD,2024.06.25,12:00:00,1.071352,1.071811,1.069290,1.070664,100.0000
EURUSD,2024.06.25,16:00:00,1.070664,1.072041,1.070549,1.071811,100.0000
EURUSD,2024.06.25,20:00:00,1.071811,1.071926,1.071237,1.071237,100.0000
EURUSD,2024.06.26,00:00:00,1.071237,1.072041,1.070893,1.071467,100.0000
EURUSD,2024.06.26,04:00:00,1.071237,1.071467,1.068833,1.069747,100.0000
EURUSD,2024.06.26,08:00:00,1.069633,1.070205,1.068262,1.069747,100.0000
EURUSD,2024.06.26,12:00:00,1.069633,1.069747,1.066894,1.068376,100.0000
EURUSD,2024.06.26,16:00:00,1.068376,1.069290,1.067806,1.068376,100.0000
EURUSD,2024.06.26,20:00:00,1.068376,1.068719,1.068034,1.068262,100.0000
EURUSD,2024.06.27,00:00:00,1.068262,1.069519,1.068034,1.069404,100.0000
EURUSD,2024.06.27,04:00:00,1.069290,1.070091,1.069176,1.069290,100.0000
EURUSD,2024.06.27,08:00:00,1.069290,1.070664,1.068376,1.069633,100.0000
EURUSD,2024.06.27,12:00:00,1.069862,1.072961,1.069862,1.071008,100.0000
EURUSD,2024.06.27,16:00:00,1.071008,1.071352,1.070435,1.070549,100.0000
EURUSD,2024.06.27,20:00:00,1.070549,1.071237,1.070435,1.071123,100.0000
EURUSD,2024.06.28,00:00:00,1.071123,1.071352,1.068833,1.069519,100.0000
EURUSD,2024.06.28,04:00:00,1.069519,1.070664,1.068833,1.069976,100.0000
EURUSD,2024.06.28,08:00:00,1.069747,1.071467,1.069519,1.069976,100.0000
EURUSD,2024.06.28,12:00:00,1.070091,1.072501,1.069633,1.071352,100.0000
EURUSD,2024.06.28,16:00:00,1.071467,1.072731,1.070893,1.071237,100.0000
EURUSD,2024.06.28,20:00:00,1.071237,1.071697,1.071123,1.071582,100.0000
EURUSD,2024.06.30,20:00:00,1.073998,1.074229,1.073768,1.073768,100.0000
EURUSD,2024.07.01,00:00:00,1.073883,1.076195,1.073883,1.075616,100.0000
EURUSD,2024.07.01,04:00:00,1.075500,1.077935,1.075500,1.075616,100.0000
EURUSD,2024.07.01,08:00:00,1.075500,1.077470,1.074576,1.075269,100.0000
EURUSD,2024.07.01,12:00:00,1.075153,1.076542,1.072386,1.072961,100.0000
EURUSD,2024.07.01,16:00:00,1.072961,1.074229,1.072731,1.074229,100.0000
EURUSD,2024.07.01,20:00:00,1.074114,1.074576,1.073653,1.073998,100.0000
EURUSD,2024.07.02,00:00:00,1.074114,1.074229,1.073422,1.073537,100.0000
EURUSD,2024.07.02,04:00:00,1.073653,1.073768,1.071582,1.072041,100.0000
EURUSD,2024.07.02,08:00:00,1.072156,1.072731,1.071352,1.072616,100.0000
EURUSD,2024.07.02,12:00:00,1.072846,1.074807,1.072846,1.073883,100.0000
EURUSD,2024.07.02,16:00:00,1.073883,1.074922,1.073422,1.074922,100.0000
EURUSD,2024.07.02,20:00:00,1.074807,1.075616,1.074576,1.075038,100.0000
EURUSD,2024.07.03,00:00:00,1.075153,1.075732,1.074345,1.074691,100.0000
EURUSD,2024.07.03,04:00:00,1.074691,1.076426,1.073883,1.076310,100.0000
EURUSD,2024.07.03,08:00:00,1.076195,1.076658,1.075616,1.076079,100.0000
EURUSD,2024.07.03,12:00:00,1.076079,1.081900,1.075847,1.080030,100.0000
EURUSD,2024.07.03,16:00:00,1.080147,1.080264,1.078051,1.078749,100.0000
EURUSD,2024.07.03,20:00:00,1.078749,1.080030,1.078516,1.079447,100.0000
EURUSD,2024.07.04,00:00:00,1.079564,1.079797,1.078632,1.078865,100.0000
EURUSD,2024.07.04,04:00:00,1.078865,1.079914,1.078749,1.079680,100.0000
EURUSD,2024.07.04,08:00:00,1.079797,1.080614,1.079680,1.080030,100.0000
EURUSD,2024.07.04,12:00:00,1.080030,1.081666,1.079797,1.081432,100.0000
EURUSD,2024.07.04,16:00:00,1.081315,1.081666,1.081315,1.081549,100.0000
EURUSD,2024.07.04,20:00:00,1.081549,1.081783,1.081198,1.081315,100.0000
EURUSD,2024.07.05,00:00:00,1.081432,1.082720,1.081432,1.082603,100.0000
EURUSD,2024.07.05,04:00:00,1.082368,1.083306,1.082017,1.083189,100.0000
EURUSD,2024.07.05,08:00:00,1.082954,1.083424,1.082134,1.082251,100.0000
EURUSD,2024.07.05,12:00:00,1.082251,1.084363,1.081432,1.083072,100.0000
EURUSD,2024.07.05,16:00:00,1.083072,1.084599,1.082603,1.084363,100.0000
EURUSD,2024.07.05,20:00:00,1.084363,1.084481,1.084128,1.084363,100.0000
EURUSD,2024.07.07,20:00:00,1.082720,1.083072,1.082720,1.082837,100.0000
EURUSD,2024.07.08,00:00:00,1.082837,1.083893,1.082251,1.083424,100.0000
EURUSD,2024.07.08,04:00:00,1.083424,1.084011,1.081783,1.084011,100.0000
EURUSD,2024.07.08,08:00:00,1.084011,1.084599,1.082720,1.083658,100.0000
EURUSD,2024.07.08,12:00:00,1.084011,1.084834,1.083424,1.083658,100.0000
EURUSD,2024.07.08,16:00:00,1.083776,1.083776,1.082603,1.082837,100.0000
EURUSD,2024.07.08,20:00:00,1.082837,1.083424,1.082603,1.083306,100.0000
EURUSD,2024.07.09,00:00:00,1.083424,1.083658,1.082251,1.083072,100.0000
EURUSD,2024.07.09,04:00:00,1.083189,1.083424,1.082017,1.082017,100.0000
EURUSD,2024.07.09,08:00:00,1.082017,1.083072,1.081549,1.081666,100.0000
EURUSD,2024.07.09,12:00:00,1.081783,1.082837,1.080847,1.081549,100.0000
EURUSD,2024.07.09,16:00:00,1.081549,1.081900,1.080847,1.081666,100.0000
EURUSD,2024.07.09,20:00:00,1.081666,1.082017,1.081549,1.081783,100.0000
EURUSD,2024.07.10,00:00:00,1.081783,1.082368,1.081432,1.082251,100.0000
EURUSD,2024.07.10,04:00:00,1.082251,1.082720,1.081783,1.081900,100.0000
EURUSD,2024.07.10,08:00:00,1.081900,1.082954,1.081549,1.082954,100.0000
EURUSD,2024.07.10,12:00:00,1.082837,1.083189,1.082368,1.082485,100.0000
EURUSD,2024.07.10,16:00:00,1.082603,1.083189,1.082017,1.083189,100.0000
EURUSD,2024.07.10,20:00:00,1.083189,1.083893,1.082837,1.083658,100.0000
EURUSD,2024.07.11,00:00:00,1.083658,1.084363,1.083541,1.084011,100.0000
EURUSD,2024.07.11,04:00:00,1.084128,1.084246,1.083541,1.084246,100.0000
EURUSD,2024.07.11,08:00:00,1.084246,1.086012,1.084128,1.085894,100.0000
EURUSD,2024.07.11,12:00:00,1.085776,1.090156,1.084834,1.087311,100.0000
EURUSD,2024.07.11,16:00:00,1.087193,1.087311,1.086366,1.086838,100.0000
EURUSD,2024.07.11,20:00:00,1.086720,1.087666,1.086720,1.087548,100.0000
EURUSD,2024.07.12,00:00:00,1.087666,1.087784,1.086720,1.087193,100.0000
EURUSD,2024.07.12,04:00:00,1.087193,1.087903,1.086484,1.087903,100.0000
EURUSD,2024.07.12,08:00:00,1.087903,1.089443,1.087903,1.088969,100.0000
EURUSD,2024.07.12,12:00:00,1.089087,1.091346,1.088021,1.090513,100.0000
EURUSD,2024.07.12,16:00:00,1.090513,1.091465,1.090394,1.090869,100.0000
EURUSD,2024.07.12,20:00:00,1.090988,1.091107,1.090631,1.090988,100.0000
EURUSD,2024.07.14,20:00:00,1.089087,1.089087,1.088613,1.088850,100.0000
EURUSD,2024.07.15,00:00:00,1.088969,1.089800,1.088732,1.089681,100.0000
EURUSD,2024.07.15,04:00:00,1.089681,1.089918,1.088732,1.089918,100.0000
EURUSD,2024.07.15,08:00:00,1.089918,1.092299,1.089918,1.090869,100.0000
EURUSD,2024.07.15,12:00:00,1.090988,1.092419,1.090513,1.091465,100.0000
EURUSD,2024.07.15,16:00:00,1.091227,1.091346,1.089681,1.090156,100.0000
EURUSD,2024.07.15,20:00:00,1.090275,1.090275,1.089681,1.090156,100.0000
EURUSD,2024.07.16,00:00:00,1.090156,1.090156,1.089206,1.089562,100.0000
EURUSD,2024.07.16,04:00:00,1.089562,1.090275,1.088732,1.090156,100.0000
EURUSD,2024.07.16,08:00:00,1.090156,1.090631,1.089681,1.090513,100.0000
EURUSD,2024.07.16,12:00:00,1.090513,1.090750,1.087548,1.088732,100.0000
EURUSD,2024.07.16,16:00:00,1.088732,1.090631,1.088495,1.090513,100.0000
EURUSD,2024.07.16,20:00:00,1.090394,1.090750,1.090037,1.090513,100.0000
EURUSD,2024.07.17,00:00:00,1.090631,1.090988,1.089918,1.090988,100.0000
EURUSD,2024.07.17,04:00:00,1.090869,1.091584,1.089800,1.091107,100.0000
EURUSD,2024.07.17,08:00:00,1.091107,1.094811,1.091107,1.093853,100.0000
EURUSD,2024.07.17,12:00:00,1.093733,1.095050,1.093135,1.093613,100.0000
EURUSD,2024.07.17,16:00:00,1.093613,1.094212,1.092777,1.093972,100.0000
EURUSD,2024.07.17,20:00:00,1.093972,1.094451,1.093853,1.094331,100.0000
EURUSD,2024.07.18,00:00:00,1.094331,1.094331,1.093494,1.093494,100.0000
EURUSD,2024.07.18,04:00:00,1.093613,1.094092,1.092896,1.093374,100.0000
EURUSD,2024.07.18,08:00:00,1.093374,1.094092,1.092896,1.093016,100.0000
EURUSD,2024.07.18,12:00:00,1.093016,1.093853,1.090750,1.091584,100.0000
EURUSD,2024.07.18,16:00:00,1.091465,1.091941,1.089681,1.089918,100.0000
EURUSD,2024.07.18,20:00:00,1.089918,1.090513,1.089681,1.090394,100.0000
EURUSD,2024.07.19,00:00:00,1.090394,1.090394,1.088969,1.089206,100.0000
EURUSD,2024.07.19,04:00:00,1.089206,1.089325,1.088613,1.088969,100.0000
EURUSD,2024.07.19,08:00:00,1.088969,1.089562,1.088021,1.089562,100.0000
EURUSD,2024.07.19,12:00:00,1.089562,1.089562,1.088258,1.089087,100.0000
EURUSD,2024.07.19,16:00:00,1.089206,1.089443,1.087903,1.088258,100.0000
EURUSD,2024.07.19,20:00:00,1.088258,1.088613,1.088258,1.088613,100.0000
EURUSD,2024.07.21,20:00:00,1.090275,1.090631,1.090156,1.090156,100.0000
EURUSD,2024.07.22,00:00:00,1.090156,1.090156,1.088732,1.089443,100.0000
EURUSD,2024.07.22,04:00:00,1.089562,1.089562,1.088258,1.089087,100.0000
EURUSD,2024.07.22,08:00:00,1.088969,1.089800,1.088732,1.088732,100.0000
EURUSD,2024.07.22,12:00:00,1.088732,1.089087,1.087666,1.088258,100.0000
EURUSD,2024.07.22,16:00:00,1.088376,1.089443,1.088258,1.088969,100.0000
EURUSD,2024.07.22,20:00:00,1.089087,1.089681,1.088969,1.089206,100.0000
EURUSD,2024.07.23,00:00:00,1.089325,1.089918,1.089087,1.089800,100.0000
EURUSD,2024.07.23,04:00:00,1.089681,1.089800,1.087784,1.087784,100.0000
EURUSD,2024.07.23,08:00:00,1.087784,1.088495,1.086012,1.086012,100.0000
EURUSD,2024.07.23,12:00:00,1.086130,1.086602,1.084716,1.085776,100.0000
EURUSD,2024.07.23,16:00:00,1.085658,1.086130,1.085187,1.085305,100.0000
EURUSD,2024.07.23,20:00:00,1.085305,1.085894,1.085187,1.085187,100.0000
EURUSD,2024.07.24,00:00:00,1.085305,1.085305,1.084481,1.084834,100.0000
EURUSD,2024.07.24,04:00:00,1.084834,1.085658,1.083072,1.083189,100.0000
EURUSD,2024.07.24,08:00:00,1.083306,1.085069,1.082954,1.084952,100.0000
EURUSD,2024.07.24,12:00:00,1.084952,1.086957,1.084952,1.085541,100.0000
EURUSD,2024.07.24,16:00:00,1.085541,1.085776,1.083893,1.084246,100.0000
EURUSD,2024.07.24,20:00:00,1.084246,1.084599,1.083658,1.084128,100.0000
EURUSD,2024.07.25,00:00:00,1.084128,1.084716,1.083776,1.084599,100.0000
EURUSD,2024.07.25,04:00:00,1.084599,1.085541,1.083189,1.085305,100.0000
EURUSD,2024.07.25,08:00:00,1.085187,1.086130,1.084716,1.084834,100.0000
EURUSD,2024.07.25,12:00:00,1.084952,1.086602,1.083424,1.086248,100.0000
EURUSD,2024.07.25,16:00:00,1.086248,1.087193,1.084952,1.084952,100.0000
EURUSD,2024.07.25,20:00:00,1.084834,1.085423,1.084011,1.085423,100.0000
EURUSD,2024.07.26,00:00:00,1.085541,1.086366,1.085541,1.086130,100.0000
EURUSD,2024.07.26,04:00:00,1.086248,1.086366,1.084834,1.085187,100.0000
EURUSD,2024.07.26,08:00:00,1.085187,1.086366,1.084599,1.086366,100.0000
EURUSD,2024.07.26,12:00:00,1.086484,1.087075,1.085423,1.086130,100.0000
EURUSD,2024.07.26,16:00:00,1.086130,1.086957,1.085894,1.086130,100.0000
EURUSD,2024.07.26,20:00:00,1.086012,1.086130,1.085776,1.085776,100.0000
EURUSD,2024.07.28,20:00:00,1.085894,1.086012,1.085541,1.085541,100.0000
EURUSD,2024.07.29,00:00:00,1.085541,1.087311,1.085423,1.086484,100.0000
EURUSD,2024.07.29,04:00:00,1.086484,1.086602,1.084716,1.084834,100.0000
EURUSD,2024.07.29,08:00:00,1.084599,1.084599,1.082017,1.082134,100.0000
EURUSD,2024.07.29,12:00:00,1.082134,1.082603,1.080614,1.082251,100.0000
EURUSD,2024.07.29,16:00:00,1.082134,1.082954,1.081783,1.082603,100.0000
EURUSD,2024.07.29,20:00:00,1.082603,1.082837,1.082134,1.082134,100.0000
EURUSD,2024.07.30,00:00:00,1.082017,1.082485,1.081783,1.082485,100.0000
EURUSD,2024.07.30,04:00:00,1.082485,1.082837,1.082017,1.082017,100.0000
EURUSD,2024.07.30,08:00:00,1.082017,1.083893,1.082017,1.082837,100.0000
EURUSD,2024.07.30,12:00:00,1.082720,1.082837,1.080264,1.081081,100.0000
EURUSD,2024.07.30,16:00:00,1.081198,1.082017,1.080964,1.081315,100.0000
EURUSD,2024.07.30,20:00:00,1.081432,1.082134,1.081198,1.081783,100.0000
EURUSD,2024.07.31,00:00:00,1.081900,1.083306,1.081549,1.082603,100.0000
EURUSD,2024.07.31,04:00:00,1.082485,1.082954,1.081666,1.082134,100.0000
EURUSD,2024.07.31,08:00:00,1.082134,1.084246,1.081081,1.083189,100.0000
EURUSD,2024.07.31,12:00:00,1.083189,1.085187,1.082134,1.082603,100.0000
EURUSD,2024.07.31,16:00:00,1.082485,1.083541,1.080731,1.082603,100.0000
EURUSD,2024.07.31,20:00:00,1.082485,1.083424,1.082134,1.082720,100.0000
EURUSD,2024.08.01,00:00:00,1.082837,1.083658,1.082720,1.083541,100.0000
EURUSD,2024.08.01,04:00:00,1.083541,1.083776,1.080380,1.080380,100.0000
EURUSD,2024.08.01,08:00:00,1.080380,1.080380,1.078167,1.079447,100.0000
EURUSD,2024.08.01,12:00:00,1.079331,1.082134,1.078749,1.079214,100.0000
EURUSD,2024.08.01,16:00:00,1.079098,1.079914,1.078400,1.079214,100.0000
EURUSD,2024.08.01,20:00:00,1.079214,1.079680,1.078167,1.078865,100.0000
EURUSD,2024.08.02,00:00:00,1.078749,1.079797,1.078516,1.079564,100.0000
EURUSD,2024.08.02,04:00:00,1.079564,1.081081,1.078981,1.080731,100.0000
EURUSD,2024.08.02,08:00:00,1.080731,1.084011,1.080614,1.083424,100.0000
EURUSD,2024.08.02,12:00:00,1.083658,1.092896,1.083306,1.091703,100.0000
EURUSD,2024.08.02,16:00:00,1.091465,1.091941,1.090750,1.091584,100.0000
EURUSD,2024.08.02,20:00:00,1.091584,1.091703,1.091107,1.091346,100.0000
EURUSD,2024.08.04,20:00:00,1.090988,1.091465,1.090869,1.091346,100.0000
EURUSD,2024.08.05,00:00:00,1.091346,1.093374,1.090988,1.093374,100.0000
EURUSD,2024.08.05,04:00:00,1.093374,1.096852,1.089681,1.095050,100.0000
EURUSD,2024.08.05,08:00:00,1.095170,1.097695,1.093733,1.096611,100.0000
EURUSD,2024.08.05,12:00:00,1.096491,1.100958,1.096011,1.096011,100.0000
EURUSD,2024.08.05,16:00:00,1.095890,1.096611,1.095170,1.096011,100.0000
EURUSD,2024.08.05,20:00:00,1.096251,1.096491,1.095050,1.095290,100.0000
EURUSD,2024.08.06,00:00:00,1.095290,1.096611,1.094811,1.095770,100.0000
EURUSD,2024.08.06,04:00:00,1.095650,1.095890,1.092538,1.092896,100.0000
EURUSD,2024.08.06,08:00:00,1.093135,1.093733,1.090750,1.091941,100.0000
EURUSD,2024.08.06,12:00:00,1.092061,1.093733,1.090750,1.092896,100.0000
EURUSD,2024.08.06,16:00:00,1.092777,1.093613,1.092419,1.093255,100.0000
EURUSD,2024.08.06,20:00:00,1.093255,1.093733,1.092657,1.092777,100.0000
EURUSD,2024.08.07,00:00:00,1.093016,1.093374,1.091465,1.091822,100.0000
EURUSD,2024.08.07,04:00:00,1.091941,1.093016,1.090988,1.092419,100.0000
EURUSD,2024.08.07,08:00:00,1.092538,1.093016,1.091227,1.092657,100.0000
EURUSD,2024.08.07,12:00:00,1.092657,1.093853,1.091584,1.092777,100.0000
EURUSD,2024.08.07,16:00:00,1.092657,1.093016,1.092061,1.092538,100.0000
EURUSD,2024.08.07,20:00:00,1.092538,1.093733,1.092180,1.093135,100.0000
EURUSD,2024.08.08,00:00:00,1.093016,1.093853,1.092657,1.093733,100.0000
EURUSD,2024.08.08,04:00:00,1.093853,1.094811,1.093255,1.094092,100.0000
EURUSD,2024.08.08,08:00:00,1.094331,1.094691,1.092419,1.093374,100.0000
EURUSD,2024.08.08,12:00:00,1.093374,1.093494,1.088613,1.091584,100.0000
EURUSD,2024.08.08,16:00:00,1.091584,1.092061,1.090869,1.091822,100.0000
EURUSD,2024.08.08,20:00:00,1.091941,1.092180,1.091703,1.091822,100.0000
EURUSD,2024.08.09,00:00:00,1.091703,1.092777,1.091465,1.092657,100.0000
EURUSD,2024.08.09,04:00:00,1.092538,1.093135,1.092180,1.092419,100.0000
EURUSD,2024.08.09,08:00:00,1.092419,1.092896,1.091465,1.091941,100.0000
EURUSD,2024.08.09,12:00:00,1.091822,1.093255,1.091227,1.092657,100.0000
EURUSD,2024.08.09,16:00:00,1.092657,1.092657,1.091822,1.092180,100.0000
EURUSD,2024.08.09,20:00:00,1.092180,1.092299,1.091703,1.091703,100.0000
EURUSD,2024.08.11,20:00:00,1.091584,1.091822,1.091584,1.091584,100.0000
EURUSD,2024.08.12,00:00:00,1.091584,1.092657,1.091584,1.091584,100.0000
EURUSD,2024.08.12,04:00:00,1.091703,1.093135,1.091703,1.092419,100.0000
EURUSD,2024.08.12,08:00:00,1.092538,1.093255,1.091941,1.092896,100.0000
EURUSD,2024.08.12,12:00:00,1.092896,1.094212,1.091822,1.093135,100.0000
EURUSD,2024.08.12,16:00:00,1.093135,1.093733,1.092538,1.093494,100.0000
EURUSD,2024.08.12,20:00:00,1.093374,1.093972,1.092777,1.093853,100.0000
EURUSD,2024.08.13,00:00:00,1.093853,1.094092,1.093255,1.093972,100.0000
EURUSD,2024.08.13,04:00:00,1.093972,1.094451,1.093016,1.093255,100.0000
EURUSD,2024.08.13,08:00:00,1.093135,1.093494,1.091822,1.093374,100.0000
EURUSD,2024.08.13,12:00:00,1.093374,1.096491,1.092896,1.095530,100.0000
EURUSD,2024.08.13,16:00:00,1.095650,1.100231,1.095650,1.099868,100.0000
EURUSD,2024.08.13,20:00:00,1.099868,1.100231,1.098901,1.099868,100.0000
EURUSD,2024.08.14,00:00:00,1.099868,1.099989,1.099143,1.099384,100.0000
EURUSD,2024.08.14,04:00:00,1.099264,1.100958,1.099022,1.100958,100.0000
EURUSD,2024.08.14,08:00:00,1.100594,1.103144,1.100594,1.102536,100.0000
EURUSD,2024.08.14,12:00:00,1.102779,1.104972,1.100837,1.102657,100.0000
EURUSD,2024.08.14,16:00:00,1.102779,1.102779,1.101443,1.101564,100.0000
EURUSD,2024.08.14,20:00:00,1.101564,1.101928,1.100594,1.101443,100.0000
EURUSD,2024.08.15,00:00:00,1.101564,1.101686,1.100715,1.101079,100.0000
EURUSD,2024.08.15,04:00:00,1.101200,1.101807,1.101079,1.101686,100.0000
EURUSD,2024.08.15,08:00:00,1.101564,1.101686,1.100715,1.101564,100.0000
EURUSD,2024.08.15,12:00:00,1.101686,1.101686,1.095410,1.098780,100.0000
EURUSD,2024.08.15,16:00:00,1.098901,1.099264,1.097454,1.097695,100.0000
EURUSD,2024.08.15,20:00:00,1.097695,1.098177,1.097333,1.097574,100.0000
EURUSD,2024.08.16,00:00:00,1.097574,1.098539,1.097574,1.097936,100.0000
EURUSD,2024.08.16,04:00:00,1.098056,1.098901,1.097936,1.098780,100.0000
EURUSD,2024.08.16,08:00:00,1.098780,1.099747,1.098298,1.099505,100.0000
EURUSD,2024.08.16,12:00:00,1.099626,1.100715,1.098539,1.099868,100.0000
EURUSD,2024.08.16,16:00:00,1.099868,1.102779,1.099868,1.102779,100.0000
EURUSD,2024.08.16,20:00:00,1.102779,1.103266,1.102536,1.103144,100.0000
EURUSD,2024.08.18,20:00:00,1.102901,1.102901,1.102657,1.102779,100.0000
EURUSD,2024.08.19,00:00:00,1.102657,1.104362,1.102657,1.104240,100.0000
EURUSD,2024.08.19,04:00:00,1.103997,1.105339,1.103997,1.104606,100.0000
EURUSD,2024.08.19,08:00:00,1.104484,1.105339,1.103387,1.104606,100.0000
EURUSD,2024.08.19,12:00:00,1.104728,1.107542,1.103509,1.107297,100.0000
EURUSD,2024.08.19,16:00:00,1.107297,1.108893,1.107052,1.108647,100.0000
EURUSD,2024.08.19,20:00:00,1.108647,1.109139,1.108279,1.108893,100.0000
EURUSD,2024.08.20,00:00:00,1.108893,1.109016,1.107911,1.107911,100.0000
EURUSD,2024.08.20,04:00:00,1.107911,1.108893,1.107542,1.108893,100.0000
EURUSD,2024.08.20,08:00:00,1.109016,1.109139,1.107788,1.108525,100.0000
EURUSD,2024.08.20,12:00:00,1.108525,1.111976,1.108525,1.110864,100.0000
EURUSD,2024.08.20,16:00:00,1.111111,1.113090,1.110741,1.112718,100.0000
EURUSD,2024.08.20,20:00:00,1.112842,1.113462,1.112718,1.113090,100.0000
EURUSD,2024.08.21,00:00:00,1.113090,1.113586,1.112100,1.112471,100.0000
EURUSD,2024.08.21,04:00:00,1.112347,1.113090,1.111358,1.111729,100.0000
EURUSD,2024.08.21,08:00:00,1.111729,1.112842,1.111358,1.111852,100.0000
EURUSD,2024.08.21,12:00:00,1.111729,1.114951,1.110494,1.114579,100.0000
EURUSD,2024.08.21,16:00:00,1.114579,1.117693,1.114579,1.115573,100.0000
EURUSD,2024.08.21,20:00:00,1.115573,1.116196,1.115076,1.115947,100.0000
EURUSD,2024.08.22,00:00:00,1.115822,1.116071,1.114455,1.114827,100.0000
EURUSD,2024.08.22,04:00:00,1.114827,1.116196,1.113090,1.113958,100.0000
EURUSD,2024.08.22,08:00:00,1.114330,1.115449,1.113586,1.114082,100.0000
EURUSD,2024.08.22,12:00:00,1.113958,1.114703,1.110248,1.111852,100.0000
EURUSD,2024.08.22,16:00:00,1.111729,1.112100,1.110371,1.111111,100.0000
EURUSD,2024.08.22,20:00:00,1.111111,1.112100,1.111111,1.111976,100.0000
EURUSD,2024.08.23,00:00:00,1.111852,1.113214,1.111605,1.112842,100.0000
EURUSD,2024.08.23,04:00:00,1.112966,1.113586,1.111729,1.112223,100.0000
EURUSD,2024.08.23,08:00:00,1.112347,1.113090,1.111482,1.112347,100.0000
EURUSD,2024.08.23,12:00:00,1.112347,1.119946,1.110988,1.117943,100.0000
EURUSD,2024.08.23,16:00:00,1.117943,1.120448,1.116819,1.119570,100.0000
EURUSD,2024.08.23,20:00:00,1.119319,1.119821,1.119194,1.119445,100.0000
EURUSD,2024.08.25,20:00:00,1.119194,1.119570,1.118944,1.119194,100.0000
EURUSD,2024.08.26,00:00:00,1.119194,1.120448,1.118568,1.118693,100.0000
EURUSD,2024.08.26,04:00:00,1.118693,1.119194,1.117943,1.118443,100.0000
EURUSD,2024.08.26,08:00:00,1.118193,1.118693,1.116695,1.116819,100.0000
EURUSD,2024.08.26,12:00:00,1.116944,1.118068,1.115573,1.116695,100.0000
EURUSD,2024.08.26,16:00:00,1.116570,1.117818,1.116196,1.116321,100.0000
EURUSD,2024.08.26,20:00:00,1.116196,1.117069,1.116196,1.116819,100.0000
EURUSD,2024.08.27,00:00:00,1.116695,1.117319,1.116321,1.116944,100.0000
EURUSD,2024.08.27,04:00:00,1.117069,1.117568,1.116445,1.116695,100.0000
EURUSD,2024.08.27,08:00:00,1.116570,1.118193,1.116321,1.116321,100.0000
EURUSD,2024.08.27,12:00:00,1.116445,1.117319,1.115449,1.116321,100.0000
EURUSD,2024.08.27,16:00:00,1.116445,1.119445,1.116445,1.118819,100.0000
EURUSD,2024.08.27,20:00:00,1.118819,1.119069,1.117943,1.118068,100.0000
EURUSD,2024.08.28,00:00:00,1.118068,1.118318,1.116570,1.116944,100.0000
EURUSD,2024.08.28,04:00:00,1.116944,1.117069,1.113958,1.116071,100.0000
EURUSD,2024.08.28,08:00:00,1.115947,1.116196,1.112100,1.112223,100.0000
EURUSD,2024.08.28,12:00:00,1.112347,1.113958,1.110864,1.112966,100.0000
EURUSD,2024.08.28,16:00:00,1.112966,1.112966,1.110864,1.111605,100.0000
EURUSD,2024.08.28,20:00:00,1.111605,1.112966,1.111605,1.112718,100.0000
EURUSD,2024.08.29,00:00:00,1.112842,1.113834,1.112842,1.113834,100.0000
EURUSD,2024.08.29,04:00:00,1.113834,1.114330,1.111976,1.113338,100.0000
EURUSD,2024.08.29,08:00:00,1.112223,1.112223,1.107542,1.109878,100.0000
EURUSD,2024.08.29,12:00:00,1.109755,1.109878,1.105950,1.108770,100.0000
EURUSD,2024.08.29,16:00:00,1.108893,1.109139,1.107788,1.107911,100.0000
EURUSD,2024.08.29,20:00:00,1.107911,1.108525,1.107788,1.108279,100.0000
EURUSD,2024.08.30,00:00:00,1.108279,1.108647,1.107297,1.107665,100.0000
EURUSD,2024.08.30,04:00:00,1.107665,1.109139,1.107542,1.108770,100.0000
EURUSD,2024.08.30,08:00:00,1.108525,1.109755,1.107788,1.108525,100.0000
EURUSD,2024.08.30,12:00:00,1.108525,1.109016,1.105705,1.106439,100.0000
EURUSD,2024.08.30,16:00:00,1.106317,1.106317,1.104728,1.105705,100.0000
EURUSD,2024.08.30,20:00:00,1.105461,1.105828,1.105094,1.105339,100.0000
EURUSD,2024.09.01,20:00:00,1.104972,1.104972,1.104728,1.104728,100.0000
EURUSD,2024.09.02,00:00:00,1.104728,1.105950,1.104484,1.105217,100.0000
EURUSD,2024.09.02,04:00:00,1.105094,1.107297,1.104728,1.107052,100.0000
EURUSD,2024.09.02,08:00:00,1.107175,1.108033,1.106317,1.106317,100.0000
EURUSD,2024.09.02,12:00:00,1.106317,1.107420,1.106195,1.107052,100.0000
EURUSD,2024.09.02,16:00:00,1.107052,1.107665,1.106562,1.107542,100.0000
EURUSD,2024.09.02,20:00:00,1.107542,1.107665,1.106807,1.107052,100.0000
EURUSD,2024.09.03,00:00:00,1.107052,1.107297,1.106072,1.106072,100.0000
EURUSD,2024.09.03,04:00:00,1.106072,1.107052,1.105461,1.106072,100.0000
EURUSD,2024.09.03,08:00:00,1.105828,1.106195,1.103753,1.103997,100.0000
EURUSD,2024.09.03,12:00:00,1.103997,1.106807,1.103753,1.104606,100.0000
EURUSD,2024.09.03,16:00:00,1.104484,1.104972,1.103022,1.104484,100.0000
EURUSD,2024.09.03,20:00:00,1.104606,1.105461,1.104240,1.105217,100.0000
EURUSD,2024.09.04,00:00:00,1.105094,1.105950,1.104972,1.105705,100.0000
EURUSD,2024.09.04,04:00:00,1.105705,1.106562,1.104972,1.105950,100.0000
EURUSD,2024.09.04,08:00:00,1.105828,1.106195,1.104606,1.105339,100.0000
EURUSD,2024.09.04,12:00:00,1.105217,1.109755,1.104362,1.108279,100.0000
EURUSD,2024.09.04,16:00:00,1.108279,1.108893,1.106929,1.108156,100.0000
EURUSD,2024.09.04,20:00:00,1.108033,1.109016,1.107911,1.108279,100.0000
EURUSD,2024.09.05,00:00:00,1.108279,1.108770,1.107911,1.108033,100.0000
EURUSD,2024.09.05,04:00:00,1.107911,1.109262,1.107788,1.109016,100.0000
EURUSD,2024.09.05,08:00:00,1.108893,1.111111,1.108770,1.109755,100.0000
EURUSD,2024.09.05,12:00:00,1.110001,1.112223,1.107911,1.109878,100.0000
EURUSD,2024.09.05,16:00:00,1.110001,1.111605,1.110001,1.110618,100.0000
EURUSD,2024.09.05,20:00:00,1.110741,1.111605,1.110741,1.111358,100.0000
EURUSD,2024.09.06,00:00:00,1.111482,1.111976,1.111235,1.111852,100.0000
EURUSD,2024.09.06,04:00:00,1.111852,1.112347,1.111482,1.111852,100.0000
EURUSD,2024.09.06,08:00:00,1.111976,1.112223,1.110618,1.111111,100.0000
EURUSD,2024.09.06,12:00:00,1.111111,1.115449,1.107052,1.108893,100.0000
EURUSD,2024.09.06,16:00:00,1.108893,1.109262,1.107420,1.109139,100.0000
EURUSD,2024.09.06,20:00:00,1.109139,1.109139,1.108647,1.108893,100.0000
EURUSD,2024.09.08,20:00:00,1.109139,1.109385,1.109016,1.109016,100.0000
EURUSD,2024.09.09,00:00:00,1.108893,1.109385,1.108279,1.108279,100.0000
EURUSD,2024.09.09,04:00:00,1.108279,1.108279,1.105828,1.106195,100.0000
EURUSD,2024.09.09,08:00:00,1.106195,1.106562,1.103997,1.104728,100.0000
EURUSD,2024.09.09,12:00:00,1.104728,1.105461,1.103875,1.104484,100.0000
EURUSD,2024.09.09,16:00:00,1.104484,1.105705,1.104118,1.104118,100.0000
EURUSD,2024.09.09,20:00:00,1.103997,1.104240,1.103753,1.103875,100.0000
EURUSD,2024.09.10,00:00:00,1.103875,1.104240,1.103266,1.104118,100.0000
EURUSD,2024.09.10,04:00:00,1.104240,1.105217,1.103753,1.103997,100.0000
EURUSD,2024.09.10,08:00:00,1.103997,1.104606,1.103022,1.103266,100.0000
EURUSD,2024.09.10,12:00:00,1.103387,1.103875,1.101928,1.102901,100.0000
EURUSD,2024.09.10,16:00:00,1.102779,1.103266,1.102536,1.103022,100.0000
EURUSD,2024.09.10,20:00:00,1.102901,1.103022,1.101807,1.102414,100.0000
EURUSD,2024.09.11,00:00:00,1.102293,1.104728,1.102050,1.104118,100.0000
EURUSD,2024.09.11,04:00:00,1.104240,1.105461,1.104118,1.104484,100.0000
EURUSD,2024.09.11,08:00:00,1.104118,1.105705,1.103997,1.104728,100.0000
EURUSD,2024.09.11,12:00:00,1.104606,1.105094,1.100594,1.101564,100.0000
EURUSD,2024.09.11,16:00:00,1.101322,1.103022,1.101322,1.102050,100.0000
EURUSD,2024.09.11,20:00:00,1.101928,1.102050,1.101322,1.101322,100.0000
EURUSD,2024.09.12,00:00:00,1.101322,1.101686,1.100958,1.101686,100.0000
EURUSD,2024.09.12,04:00:00,1.101686,1.102536,1.100958,1.101079,100.0000
EURUSD,2024.09.12,08:00:00,1.101079,1.102657,1.100958,1.101686,100.0000
EURUSD,2024.09.12,12:00:00,1.101807,1.104972,1.101564,1.104362,100.0000
EURUSD,2024.09.12,16:00:00,1.104484,1.107420,1.103997,1.107297,100.0000
EURUSD,2024.09.12,20:00:00,1.107297,1.108156,1.107175,1.108156,100.0000
EURUSD,2024.09.13,00:00:00,1.108156,1.109262,1.108156,1.109016,100.0000
EURUSD,2024.09.13,04:00:00,1.109016,1.109632,1.107542,1.109632,100.0000
EURUSD,2024.09.13,08:00:00,1.109509,1.110371,1.108525,1.108770,100.0000
EURUSD,2024.09.13,12:00:00,1.108525,1.110371,1.108279,1.108647,100.0000
EURUSD,2024.09.13,16:00:00,1.108647,1.108770,1.107911,1.108156,100.0000
EURUSD,2024.09.13,20:00:00,1.108033,1.108156,1.107665,1.107911,100.0000
EURUSD,2024.09.15,20:00:00,1.108893,1.109262,1.108893,1.109016,100.0000
EURUSD,2024.09.16,00:00:00,1.109139,1.110864,1.109016,1.110741,100.0000
EURUSD,2024.09.16,04:00:00,1.110618,1.112223,1.109878,1.111852,100.0000
EURUSD,2024.09.16,08:00:00,1.111729,1.113214,1.111729,1.112718,100.0000
EURUSD,2024.09.16,12:00:00,1.112842,1.113834,1.111976,1.112595,100.0000
EURUSD,2024.09.16,16:00:00,1.112718,1.113338,1.111976,1.113214,100.0000
EURUSD,2024.09.16,20:00:00,1.113214,1.113710,1.112718,1.113214,100.0000
EURUSD,2024.09.17,00:00:00,1.113214,1.113462,1.112595,1.112718,100.0000
EURUSD,2024.09.17,04:00:00,1.112718,1.113958,1.111976,1.113958,100.0000
EURUSD,2024.09.17,08:00:00,1.113958,1.114951,1.113338,1.114082,100.0000
EURUSD,2024.09.17,12:00:00,1.114206,1.114579,1.111482,1.111976,100.0000
EURUSD,2024.09.17,16:00:00,1.111976,1.112595,1.111482,1.111852,100.0000
EURUSD,2024.09.17,20:00:00,1.111976,1.112718,1.111482,1.112595,100.0000
EURUSD,2024.09.18,00:00:00,1.112471,1.113338,1.112471,1.112966,100.0000
EURUSD,2024.09.18,04:00:00,1.112966,1.113338,1.111976,1.113214,100.0000
EURUSD,2024.09.18,08:00:00,1.113462,1.114330,1.112595,1.112595,100.0000
EURUSD,2024.09.18,12:00:00,1.112718,1.114330,1.111235,1.111852,100.0000
EURUSD,2024.09.18,16:00:00,1.111852,1.119069,1.110001,1.110741,100.0000
EURUSD,2024.09.18,20:00:00,1.110864,1.112718,1.110864,1.111729,100.0000
EURUSD,2024.09.19,00:00:00,1.111729,1.112223,1.107420,1.111976,100.0000
EURUSD,2024.09.19,04:00:00,1.112223,1.115449,1.111852,1.114827,100.0000
EURUSD,2024.09.19,08:00:00,1.114951,1.118193,1.114951,1.116071,100.0000
EURUSD,2024.09.19,12:00:00,1.116071,1.116071,1.112100,1.114951,100.0000
EURUSD,2024.09.19,16:00:00,1.115076,1.117069,1.114951,1.116695,100.0000
EURUSD,2024.09.19,20:00:00,1.116570,1.116695,1.116196,1.116321,100.0000
EURUSD,2024.09.20,00:00:00,1.116321,1.117194,1.116071,1.116819,100.0000
EURUSD,2024.09.20,04:00:00,1.116944,1.118443,1.116321,1.116570,100.0000
EURUSD,2024.09.20,08:00:00,1.116695,1.117194,1.115698,1.116445,100.0000
EURUSD,2024.09.20,12:00:00,1.116819,1.117943,1.113958,1.116196,100.0000
EURUSD,2024.09.20,16:00:00,1.116695,1.117818,1.116071,1.116570,100.0000
EURUSD,2024.09.20,20:00:00,1.116445,1.116695,1.115947,1.116570,100.0000
EURUSD,2024.09.22,20:00:00,1.116570,1.116695,1.116321,1.116321,100.0000
EURUSD,2024.09.23,00:00:00,1.116196,1.116819,1.115947,1.116445,100.0000
EURUSD,2024.09.23,04:00:00,1.116445,1.117069,1.110124,1.110494,100.0000
EURUSD,2024.09.23,08:00:00,1.110494,1.112842,1.108770,1.112223,100.0000
EURUSD,2024.09.23,12:00:00,1.112471,1.114579,1.111235,1.113338,100.0000
EURUSD,2024.09.23,16:00:00,1.113214,1.113214,1.111605,1.111729,100.0000
EURUSD,2024.09.23,20:00:00,1.111729,1.111852,1.111111,1.111358,100.0000
EURUSD,2024.09.24,00:00:00,1.111358,1.111605,1.110618,1.111605,100.0000
EURUSD,2024.09.24,04:00:00,1.111605,1.113462,1.110864,1.113214,100.0000
EURUSD,2024.09.24,08:00:00,1.113090,1.114951,1.112595,1.113214,100.0000
EURUSD,2024.09.24,12:00:00,1.113338,1.116570,1.113338,1.115324,100.0000
EURUSD,2024.09.24,16:00:00,1.115324,1.117943,1.115324,1.117943,100.0000
EURUSD,2024.09.24,20:00:00,1.118193,1.119445,1.117818,1.119319,100.0000
EURUSD,2024.09.25,00:00:00,1.119319,1.120197,1.118944,1.120197,100.0000
EURUSD,2024.09.25,04:00:00,1.120072,1.120197,1.118944,1.119570,100.0000
EURUSD,2024.09.25,08:00:00,1.119445,1.119946,1.118193,1.119946,100.0000
EURUSD,2024.09.25,12:00:00,1.119821,1.121579,1.114579,1.114703,100.0000
EURUSD,2024.09.25,16:00:00,1.114579,1.115076,1.112595,1.112842,100.0000
EURUSD,2024.09.25,20:00:00,1.112966,1.113834,1.112842,1.113338,100.0000
EURUSD,2024.09.26,00:00:00,1.113214,1.114827,1.113214,1.114455,100.0000
EURUSD,2024.09.26,04:00:00,1.114330,1.116071,1.113710,1.113834,100.0000
EURUSD,2024.09.26,08:00:00,1.113462,1.116321,1.112966,1.115822,100.0000
EURUSD,2024.09.26,12:00:00,1.115822,1.119194,1.112966,1.118819,100.0000
EURUSD,2024.09.26,16:00:00,1.118193,1.118693,1.117069,1.118193,100.0000
EURUSD,2024.09.26,20:00:00,1.118068,1.118693,1.117568,1.117943,100.0000
EURUSD,2024.09.27,00:00:00,1.117943,1.117943,1.116570,1.117194,100.0000
EURUSD,2024.09.27,04:00:00,1.117194,1.117818,1.112842,1.113586,100.0000
EURUSD,2024.09.27,08:00:00,1.113462,1.117443,1.112966,1.116445,100.0000
EURUSD,2024.09.27,12:00:00,1.116570,1.120574,1.115698,1.116071,100.0000
EURUSD,2024.09.27,16:00:00,1.116071,1.117069,1.114951,1.116695,100.0000
EURUSD,2024.09.27,20:00:00,1.116570,1.117069,1.116196,1.116819,100.0000
EURUSD,2024.09.29,20:00:00,1.117319,1.117443,1.117194,1.117194,100.0000
EURUSD,2024.09.30,00:00:00,1.117319,1.117693,1.115947,1.116071,100.0000
EURUSD,2024.09.30,04:00:00,1.116196,1.117818,1.115947,1.117568,100.0000
EURUSD,2024.09.30,08:00:00,1.117818,1.121202,1.117818,1.120072,100.0000
EURUSD,2024.09.30,12:00:00,1.120323,1.120323,1.113834,1.114703,100.0000
EURUSD,2024.09.30,16:00:00,1.114951,1.116695,1.111852,1.113586,100.0000
EURUSD,2024.09.30,20:00:00,1.113586,1.114579,1.113214,1.113958,100.0000
EURUSD,2024.10.01,00:00:00,1.113958,1.114579,1.113214,1.114082,100.0000
EURUSD,2024.10.01,04:00:00,1.113958,1.114703,1.111482,1.111852,100.0000
EURUSD,2024.10.01,08:00:00,1.111605,1.112347,1.108156,1.108770,100.0000
EURUSD,2024.10.01,12:00:00,1.108893,1.109139,1.106317,1.106929,100.0000
EURUSD,2024.10.01,16:00:00,1.107175,1.108033,1.104972,1.107052,100.0000
EURUSD,2024.10.01,20:00:00,1.106929,1.107665,1.106684,1.106807,100.0000
EURUSD,2024.10.02,00:00:00,1.106807,1.107665,1.106684,1.107420,100.0000
EURUSD,2024.10.02,04:00:00,1.107420,1.107665,1.105828,1.106929,100.0000
EURUSD,2024.10.02,08:00:00,1.106929,1.108525,1.106562,1.107788,100.0000
EURUSD,2024.10.02,12:00:00,1.107911,1.107911,1.103631,1.105217,100.0000
EURUSD,2024.10.02,16:00:00,1.105461,1.105705,1.103997,1.105094,100.0000
EURUSD,2024.10.02,20:00:00,1.105339,1.105583,1.104728,1.104850,100.0000
EURUSD,2024.10.03,00:00:00,1.104850,1.104972,1.103631,1.103875,100.0000
EURUSD,2024.10.03,04:00:00,1.103875,1.104606,1.102779,1.103509,100.0000
EURUSD,2024.10.03,08:00:00,1.103631,1.104972,1.103266,1.104606,100.0000
EURUSD,2024.10.03,12:00:00,1.104606,1.104850,1.101200,1.101928,100.0000
EURUSD,2024.10.03,16:00:00,1.101807,1.103875,1.101807,1.103144,100.0000
EURUSD,2024.10.03,20:00:00,1.103144,1.103997,1.102901,1.103875,100.0000
EURUSD,2024.10.04,00:00:00,1.103753,1.104240,1.102901,1.103022,100.0000
EURUSD,2024.10.04,04:00:00,1.103022,1.103875,1.102779,1.102901,100.0000
EURUSD,2024.10.04,08:00:00,1.103022,1.103875,1.102414,1.103387,100.0000
EURUSD,2024.10.04,12:00:00,1.103509,1.103509,1.095890,1.096251,100.0000
EURUSD,2024.10.04,16:00:00,1.096371,1.098056,1.095410,1.097936,100.0000
EURUSD,2024.10.04,20:00:00,1.097936,1.098056,1.097213,1.097213,100.0000
EURUSD,2024.10.06,20:00:00,1.097333,1.097454,1.097093,1.097454,100.0000
EURUSD,2024.10.07,00:00:00,1.097333,1.098056,1.097213,1.097574,100.0000
EURUSD,2024.10.07,04:00:00,1.097454,1.097695,1.096251,1.097213,100.0000
EURUSD,2024.10.07,08:00:00,1.097213,1.098298,1.095890,1.098056,100.0000
EURUSD,2024.10.07,12:00:00,1.098177,1.098780,1.097333,1.097815,100.0000
EURUSD,2024.10.07,16:00:00,1.097936,1.099022,1.096852,1.097574,100.0000
EURUSD,2024.10.07,20:00:00,1.097574,1.098177,1.097454,1.097695,100.0000
EURUSD,2024.10.08,00:00:00,1.097815,1.098901,1.097574,1.098660,100.0000
EURUSD,2024.10.08,04:00:00,1.098780,1.099747,1.098177,1.099747,100.0000
EURUSD,2024.10.08,08:00:00,1.099626,1.099989,1.098177,1.099022,100.0000
EURUSD,2024.10.08,12:00:00,1.099264,1.099264,1.096611,1.097333,100.0000
EURUSD,2024.10.08,16:00:00,1.097213,1.098177,1.096852,1.098056,100.0000
EURUSD,2024.10.08,20:00:00,1.098056,1.098660,1.097815,1.097815,100.0000
EURUSD,2024.10.09,00:00:00,1.097815,1.098177,1.097093,1.097093,100.0000
EURUSD,2024.10.09,04:00:00,1.097093,1.097936,1.095530,1.096371,100.0000
EURUSD,2024.10.09,08:00:00,1.096251,1.097333,1.095770,1.095770,100.0000
EURUSD,2024.10.09,12:00:00,1.095890,1.096131,1.094451,1.095290,100.0000
EURUSD,2024.10.09,16:00:00,1.095170,1.095290,1.093972,1.094212,100.0000
EURUSD,2024.10.09,20:00:00,1.094092,1.094571,1.093972,1.094451,100.0000
EURUSD,2024.10.10,00:00:00,1.094451,1.094931,1.094212,1.094691,100.0000
EURUSD,2024.10.10,04:00:00,1.094691,1.094811,1.093613,1.093972,100.0000
EURUSD,2024.10.10,08:00:00,1.093972,1.094212,1.093016,1.093494,100.0000
EURUSD,2024.10.10,12:00:00,1.093374,1.095290,1.091822,1.092777,100.0000
EURUSD,2024.10.10,16:00:00,1.092896,1.093733,1.090394,1.093733,100.0000
EURUSD,2024.10.10,20:00:00,1.093853,1.094092,1.093374,1.093613,100.0000
EURUSD,2024.10.11,00:00:00,1.093733,1.094331,1.093255,1.094331,100.0000
EURUSD,2024.10.11,04:00:00,1.094212,1.094811,1.093613,1.094811,100.0000
EURUSD,2024.10.11,08:00:00,1.094931,1.095650,1.093016,1.093494,100.0000
EURUSD,2024.10.11,12:00:00,1.093613,1.095530,1.092896,1.094451,100.0000
EURUSD,2024.10.11,16:00:00,1.094451,1.095050,1.093613,1.093613,100.0000
EURUSD,2024.10.11,20:00:00,1.093733,1.094092,1.093494,1.094092,100.0000
EURUSD,2024.10.13,20:00:00,1.093016,1.093135,1.092538,1.092657,100.0000
EURUSD,2024.10.14,00:00:00,1.092777,1.093255,1.091941,1.092896,100.0000
EURUSD,2024.10.14,04:00:00,1.092896,1.093374,1.092538,1.093135,100.0000
EURUSD,2024.10.14,08:00:00,1.093135,1.093972,1.091346,1.091703,100.0000
EURUSD,2024.10.14,12:00:00,1.091465,1.092896,1.090869,1.090869,100.0000
EURUSD,2024.10.14,16:00:00,1.090988,1.091107,1.089325,1.090869,100.0000
EURUSD,2024.10.14,20:00:00,1.090631,1.091584,1.090631,1.091227,100.0000
EURUSD,2024.10.15,00:00:00,1.091227,1.091227,1.089918,1.089918,100.0000
EURUSD,2024.10.15,04:00:00,1.089918,1.090037,1.088850,1.090037,100.0000
EURUSD,2024.10.15,08:00:00,1.090275,1.091941,1.090037,1.090275,100.0000
EURUSD,2024.10.15,12:00:00,1.090513,1.091941,1.090156,1.090275,100.0000
EURUSD,2024.10.15,16:00:00,1.090156,1.090513,1.088495,1.088969,100.0000
EURUSD,2024.10.15,20:00:00,1.088969,1.089918,1.088613,1.088613,100.0000
EURUSD,2024.10.16,00:00:00,1.088613,1.089800,1.088495,1.089443,100.0000
EURUSD,2024.10.16,04:00:00,1.089443,1.089562,1.087903,1.088495,100.0000
EURUSD,2024.10.16,08:00:00,1.088495,1.090037,1.088139,1.089800,100.0000
EURUSD,2024.10.16,12:00:00,1.089681,1.090275,1.086957,1.087548,100.0000
EURUSD,2024.10.16,16:00:00,1.087548,1.088021,1.085658,1.086130,100.0000
EURUSD,2024.10.16,20:00:00,1.086012,1.087429,1.085894,1.086130,100.0000
EURUSD,2024.10.17,00:00:00,1.086130,1.086838,1.085423,1.085658,100.0000
EURUSD,2024.10.17,04:00:00,1.085658,1.086130,1.085187,1.085776,100.0000
EURUSD,2024.10.17,08:00:00,1.085776,1.087075,1.085305,1.086602,100.0000
EURUSD,2024.10.17,12:00:00,1.086602,1.087075,1.081549,1.083893,100.0000
EURUSD,2024.10.17,16:00:00,1.084011,1.084011,1.082368,1.083072,100.0000
EURUSD,2024.10.17,20:00:00,1.083072,1.083776,1.082837,1.083189,100.0000
EURUSD,2024.10.18,00:00:00,1.083189,1.084246,1.083072,1.084128,100.0000
EURUSD,2024.10.18,04:00:00,1.084246,1.085069,1.084011,1.084599,100.0000
EURUSD,2024.10.18,08:00:00,1.084481,1.085423,1.083776,1.085069,100.0000
EURUSD,2024.10.18,12:00:00,1.085187,1.086602,1.085069,1.085658,100.0000
EURUSD,2024.10.18,16:00:00,1.085658,1.087075,1.085541,1.086720,100.0000
EURUSD,2024.10.18,20:00:00,1.086602,1.087311,1.086602,1.086957,100.0000
EURUSD,2024.10.20,20:00:00,1.087193,1.087311,1.086838,1.087075,100.0000
EURUSD,2024.10.21,00:00:00,1.087193,1.087193,1.086720,1.086957,100.0000
EURUSD,2024.10.21,04:00:00,1.086957,1.086957,1.084952,1.085069,100.0000
EURUSD,2024.10.21,08:00:00,1.085069,1.086130,1.084834,1.085894,100.0000
EURUSD,2024.10.21,12:00:00,1.085894,1.086130,1.082368,1.082368,100.0000
EURUSD,2024.10.21,16:00:00,1.082368,1.082603,1.081432,1.081783,100.0000
EURUSD,2024.10.21,20:00:00,1.081900,1.082134,1.081432,1.081900,100.0000
EURUSD,2024.10.22,00:00:00,1.081783,1.082368,1.081666,1.082134,100.0000
EURUSD,2024.10.22,04:00:00,1.082251,1.084011,1.082134,1.083776,100.0000
EURUSD,2024.10.22,08:00:00,1.083893,1.083893,1.081783,1.081900,100.0000
EURUSD,2024.10.22,12:00:00,1.082017,1.082485,1.080380,1.080731,100.0000
EURUSD,2024.10.22,16:00:00,1.080731,1.081666,1.079680,1.079797,100.0000
EURUSD,2024.10.22,20:00:00,1.079680,1.080731,1.079564,1.079914,100.0000
EURUSD,2024.10.23,00:00:00,1.079914,1.080847,1.079564,1.080497,100.0000
EURUSD,2024.10.23,04:00:00,1.080497,1.080964,1.078400,1.078632,100.0000
EURUSD,2024.10.23,08:00:00,1.078516,1.079447,1.076658,1.076658,100.0000
EURUSD,2024.10.23,12:00:00,1.076658,1.078865,1.076542,1.078167,100.0000
EURUSD,2024.10.23,16:00:00,1.078167,1.078981,1.077006,1.078865,100.0000
EURUSD,2024.10.23,20:00:00,1.078981,1.078981,1.078167,1.078283,100.0000
EURUSD,2024.10.24,00:00:00,1.078283,1.079214,1.078283,1.078981,100.0000
EURUSD,2024.10.24,04:00:00,1.078981,1.080147,1.077354,1.079680,100.0000
EURUSD,2024.10.24,08:00:00,1.080030,1.080964,1.079564,1.079797,100.0000
EURUSD,2024.10.24,12:00:00,1.079914,1.081315,1.079331,1.080847,100.0000
EURUSD,2024.10.24,16:00:00,1.080731,1.083189,1.080614,1.083072,100.0000
EURUSD,2024.10.24,20:00:00,1.083189,1.083658,1.082603,1.082603,100.0000
EURUSD,2024.10.25,00:00:00,1.082720,1.083072,1.082368,1.082485,100.0000
EURUSD,2024.10.25,04:00:00,1.082485,1.082954,1.081783,1.082720,100.0000
EURUSD,2024.10.25,08:00:00,1.082603,1.083893,1.082368,1.082485,100.0000
EURUSD,2024.10.25,12:00:00,1.082485,1.084246,1.081432,1.081549,100.0000
EURUSD,2024.10.25,16:00:00,1.081432,1.081432,1.079564,1.079797,100.0000
EURUSD,2024.10.25,20:00:00,1.079797,1.080264,1.079797,1.080264,100.0000
EURUSD,2024.10.28,00:00:00,1.079914,1.080380,1.078632,1.078632,100.0000
EURUSD,2024.10.28,04:00:00,1.078632,1.080731,1.078516,1.080731,100.0000
EURUSD,2024.10.28,08:00:00,1.080614,1.082368,1.080497,1.082251,100.0000
EURUSD,2024.10.28,12:00:00,1.082251,1.082954,1.081666,1.082134,100.0000
EURUSD,2024.10.28,16:00:00,1.082017,1.082837,1.081315,1.081783,100.0000
EURUSD,2024.10.28,20:00:00,1.082017,1.082017,1.081081,1.081900,100.0000
EURUSD,2024.10.29,00:00:00,1.081900,1.082134,1.080847,1.081081,100.0000
EURUSD,2024.10.29,04:00:00,1.081081,1.081783,1.080847,1.081315,100.0000
EURUSD,2024.10.29,08:00:00,1.081315,1.082954,1.080030,1.080264,100.0000
EURUSD,2024.10.29,12:00:00,1.080030,1.081432,1.077238,1.080030,100.0000
EURUSD,2024.10.29,16:00:00,1.080264,1.081900,1.079564,1.081666,100.0000
EURUSD,2024.10.29,20:00:00,1.081666,1.082485,1.081549,1.082251,100.0000
EURUSD,2024.10.30,00:00:00,1.082368,1.082837,1.081666,1.081666,100.0000
EURUSD,2024.10.30,04:00:00,1.081666,1.082954,1.081666,1.082134,100.0000
EURUSD,2024.10.30,08:00:00,1.082954,1.085894,1.082485,1.082720,100.0000
EURUSD,2024.10.30,12:00:00,1.082720,1.086957,1.081315,1.086720,100.0000
EURUSD,2024.10.30,16:00:00,1.086366,1.087429,1.085658,1.086366,100.0000
EURUSD,2024.10.30,20:00:00,1.086248,1.086484,1.085658,1.086130,100.0000
EURUSD,2024.10.31,00:00:00,1.086130,1.086248,1.084716,1.085305,100.0000
EURUSD,2024.10.31,04:00:00,1.085187,1.086602,1.084834,1.086248,100.0000
EURUSD,2024.10.31,08:00:00,1.086366,1.087784,1.085423,1.087075,100.0000
EURUSD,2024.10.31,12:00:00,1.086957,1.089087,1.085069,1.085776,100.0000
EURUSD,2024.10.31,16:00:00,1.085776,1.088139,1.085776,1.088021,100.0000
EURUSD,2024.10.31,20:00:00,1.088139,1.088969,1.088139,1.088732,100.0000
EURUSD,2024.11.01,00:00:00,1.088732,1.089206,1.087784,1.087903,100.0000
EURUSD,2024.11.01,04:00:00,1.087903,1.088376,1.087193,1.087193,100.0000
EURUSD,2024.11.01,08:00:00,1.086957,1.087193,1.085541,1.087075,100.0000
EURUSD,2024.11.01,12:00:00,1.087075,1.090750,1.085069,1.085187,100.0000
EURUSD,2024.11.01,16:00:00,1.085069,1.085776,1.083776,1.083776,100.0000
EURUSD,2024.11.01,20:00:00,1.083893,1.084363,1.083424,1.084363,100.0000
EURUSD,2024.11.04,00:00:00,1.087548,1.090750,1.087311,1.090394,100.0000
EURUSD,2024.11.04,04:00:00,1.090394,1.090513,1.089087,1.089325,100.0000
EURUSD,2024.11.04,08:00:00,1.089325,1.091703,1.089206,1.091703,100.0000
EURUSD,2024.11.04,12:00:00,1.091584,1.091703,1.089681,1.090156,100.0000
EURUSD,2024.11.04,16:00:00,1.090275,1.090394,1.088139,1.088139,100.0000
EURUSD,2024.11.04,20:00:00,1.088139,1.088613,1.087666,1.087666,100.0000
EURUSD,2024.11.05,00:00:00,1.087666,1.088258,1.087548,1.087903,100.0000
EURUSD,2024.11.05,04:00:00,1.087903,1.089443,1.087784,1.089206,100.0000
EURUSD,2024.11.05,08:00:00,1.089325,1.090513,1.088850,1.090275,100.0000
EURUSD,2024.11.05,12:00:00,1.090156,1.091465,1.089325,1.090513,100.0000
EURUSD,2024.11.05,16:00:00,1.090513,1.093972,1.090513,1.093494,100.0000
EURUSD,2024.11.05,20:00:00,1.093255,1.093972,1.091465,1.093374,100.0000
EURUSD,2024.11.06,00:00:00,1.093374,1.093494,1.072271,1.074229,100.0000
EURUSD,2024.11.06,04:00:00,1.075038,1.079797,1.070778,1.073768,100.0000
EURUSD,2024.11.06,08:00:00,1.073768,1.078051,1.070435,1.071008,100.0000
EURUSD,2024.11.06,12:00:00,1.071352,1.074229,1.068604,1.074114,100.0000
EURUSD,2024.11.06,16:00:00,1.074114,1.076079,1.072961,1.073653,100.0000
EURUSD,2024.11.06,20:00:00,1.073883,1.074114,1.072846,1.073422,100.0000
EURUSD,2024.11.07,00:00:00,1.073537,1.074460,1.071582,1.074345,100.0000
EURUSD,2024.11.07,04:00:00,1.074229,1.077238,1.073768,1.075384,100.0000
EURUSD,2024.11.07,08:00:00,1.075732,1.077354,1.075038,1.076195,100.0000
EURUSD,2024.11.07,12:00:00,1.075963,1.082954,1.075963,1.081432,100.0000
EURUSD,2024.11.07,16:00:00,1.081432,1.081666,1.077586,1.079098,100.0000
EURUSD,2024.11.07,20:00:00,1.078749,1.081081,1.078749,1.079797,100.0000
EURUSD,2024.11.08,00:00:00,1.079797,1.079914,1.078051,1.078051,100.0000
EURUSD,2024.11.08,04:00:00,1.078051,1.078981,1.077702,1.078283,100.0000
EURUSD,2024.11.08,08:00:00,1.078400,1.079914,1.076426,1.078516,100.0000
EURUSD,2024.11.08,12:00:00,1.078632,1.078632,1.074460,1.075153,100.0000
EURUSD,2024.11.08,16:00:00,1.075153,1.075269,1.069061,1.071811,100.0000
EURUSD,2024.11.08,20:00:00,1.071697,1.072501,1.071352,1.072386,100.0000
EURUSD,2024.11.11,00:00:00,1.071582,1.073076,1.071237,1.071926,100.0000
EURUSD,2024.11.11,04:00:00,1.071926,1.072501,1.068947,1.069290,100.0000
EURUSD,2024.11.11,08:00:00,1.069404,1.069633,1.065984,1.066439,100.0000
EURUSD,2024.11.11,12:00:00,1.066667,1.066667,1.063943,1.064963,100.0000
EURUSD,2024.11.11,16:00:00,1.065076,1.065984,1.064736,1.065530,100.0000
EURUSD,2024.11.11,20:00:00,1.065530,1.066439,1.065530,1.066439,100.0000
EURUSD,2024.11.12,00:00:00,1.066553,1.066780,1.064056,1.064169,100.0000
EURUSD,2024.11.12,04:00:00,1.064169,1.064849,1.062812,1.063604,100.0000
EURUSD,2024.11.12,08:00:00,1.063264,1.063604,1.061458,1.062248,100.0000
EURUSD,2024.11.12,12:00:00,1.062248,1.062925,1.060558,1.061121,100.0000
EURUSD,2024.11.12,16:00:00,1.061233,1.062135,1.059771,1.061571,100.0000
EURUSD,2024.11.12,20:00:00,1.061571,1.062925,1.061346,1.061909,100.0000
EURUSD,2024.11.13,00:00:00,1.061909,1.063151,1.061458,1.062248,100.0000
EURUSD,2024.11.13,04:00:00,1.062248,1.062586,1.060558,1.060558,100.0000
EURUSD,2024.11.13,08:00:00,1.060670,1.064056,1.059883,1.064056,100.0000
EURUSD,2024.11.13,12:00:00,1.064056,1.065417,1.056078,1.059098,100.0000
EURUSD,2024.11.13,16:00:00,1.059210,1.059434,1.055966,1.056859,100.0000
EURUSD,2024.11.13,20:00:00,1.056971,1.057083,1.055855,1.056747,100.0000
EURUSD,2024.11.14,00:00:00,1.056859,1.057083,1.054852,1.055075,100.0000
EURUSD,2024.11.14,04:00:00,1.055075,1.055743,1.053630,1.055409,100.0000
EURUSD,2024.11.14,08:00:00,1.055186,1.055966,1.050310,1.053297,100.0000
EURUSD,2024.11.14,12:00:00,1.053075,1.057977,1.051746,1.057865,100.0000
EURUSD,2024.11.14,16:00:00,1.057530,1.058201,1.054741,1.055075,100.0000
EURUSD,2024.11.14,20:00:00,1.054741,1.054741,1.051525,1.053075,100.0000
EURUSD,2024.11.15,00:00:00,1.053075,1.054852,1.052632,1.054296,100.0000
EURUSD,2024.11.15,04:00:00,1.054296,1.056636,1.053741,1.055966,100.0000
EURUSD,2024.11.15,08:00:00,1.055743,1.058201,1.055520,1.057977,100.0000
EURUSD,2024.11.15,12:00:00,1.058089,1.059098,1.052853,1.053852,100.0000
EURUSD,2024.11.15,16:00:00,1.053741,1.056189,1.053741,1.054185,100.0000
EURUSD,2024.11.15,20:00:00,1.053963,1.054296,1.052078,1.054296,100.0000
EURUSD,2024.11.18,00:00:00,1.053963,1.055298,1.053408,1.053741,100.0000
EURUSD,2024.11.18,04:00:00,1.053630,1.055075,1.053630,1.054852,100.0000
EURUSD,2024.11.18,08:00:00,1.055075,1.057418,1.053519,1.054519,100.0000
EURUSD,2024.11.18,12:00:00,1.054630,1.057753,1.053741,1.057641,100.0000
EURUSD,2024.11.18,16:00:00,1.057641,1.061008,1.056971,1.059434,100.0000
EURUSD,2024.11.18,20:00:00,1.059434,1.060558,1.059210,1.059771,100.0000
EURUSD,2024.11.19,00:00:00,1.059771,1.060333,1.058985,1.059883,100.0000
EURUSD,2024.11.19,04:00:00,1.059996,1.060220,1.057865,1.058201,100.0000
EURUSD,2024.11.19,08:00:00,1.057977,1.059098,1.052964,1.056412,100.0000
EURUSD,2024.11.19,12:00:00,1.056524,1.060220,1.056301,1.058873,100.0000
EURUSD,2024.11.19,16:00:00,1.058985,1.059771,1.057530,1.059771,100.0000
EURUSD,2024.11.19,20:00:00,1.059659,1.061121,1.059434,1.060895,100.0000
EURUSD,2024.11.20,00:00:00,1.061008,1.061233,1.059098,1.059210,100.0000
EURUSD,2024.11.20,04:00:00,1.059210,1.059771,1.058089,1.058089,100.0000
EURUSD,2024.11.20,08:00:00,1.058201,1.058201,1.054519,1.055855,100.0000
EURUSD,2024.11.20,12:00:00,1.055743,1.056971,1.052078,1.052299,100.0000
EURUSD,2024.11.20,16:00:00,1.052632,1.054519,1.051083,1.054185,100.0000
EURUSD,2024.11.20,20:00:00,1.054185,1.054852,1.053963,1.054852,100.0000
EURUSD,2024.11.21,00:00:00,1.054852,1.055632,1.054519,1.055632,100.0000
EURUSD,2024.11.21,04:00:00,1.055632,1.055743,1.053297,1.053852,100.0000
EURUSD,2024.11.21,08:00:00,1.053963,1.054519,1.051635,1.052189,100.0000
EURUSD,2024.11.21,12:00:00,1.052410,1.054519,1.051304,1.051414,100.0000
EURUSD,2024.11.21,16:00:00,1.051304,1.051525,1.046572,1.048658,100.0000
EURUSD,2024.11.21,20:00:00,1.048658,1.048878,1.047120,1.047120,100.0000
EURUSD,2024.11.22,00:00:00,1.047230,1.047998,1.047011,1.047889,100.0000
EURUSD,2024.11.22,04:00:00,1.047779,1.049098,1.046463,1.048878,100.0000
EURUSD,2024.11.22,08:00:00,1.048878,1.049979,1.034233,1.041667,100.0000
EURUSD,2024.11.22,12:00:00,1.042210,1.043732,1.040258,1.041233,100.0000
EURUSD,2024.11.22,16:00:00,1.041341,1.042753,1.039501,1.041558,100.0000
EURUSD,2024.11.22,20:00:00,1.041341,1.042318,1.041124,1.042210,100.0000
EURUSD,2024.11.25,00:00:00,1.048108,1.049208,1.047669,1.048218,100.0000
EURUSD,2024.11.25,04:00:00,1.048108,1.049208,1.045369,1.045478,100.0000
EURUSD,2024.11.25,08:00:00,1.045478,1.049869,1.045260,1.048218,100.0000
EURUSD,2024.11.25,12:00:00,1.048328,1.053297,1.047669,1.049098,100.0000
EURUSD,2024.11.25,16:00:00,1.049318,1.051304,1.047011,1.050641,100.0000
EURUSD,2024.11.25,20:00:00,1.050751,1.051193,1.045588,1.046353,100.0000
EURUSD,2024.11.26,00:00:00,1.044605,1.048218,1.043079,1.047998,100.0000
EURUSD,2024.11.26,04:00:00,1.048108,1.049208,1.047669,1.047779,100.0000
EURUSD,2024.11.26,08:00:00,1.047559,1.052189,1.047449,1.051525,100.0000
EURUSD,2024.11.26,12:00:00,1.051525,1.054741,1.048328,1.048328,100.0000
EURUSD,2024.11.26,16:00:00,1.048548,1.048878,1.046025,1.047669,100.0000
EURUSD,2024.11.26,20:00:00,1.047559,1.049648,1.047559,1.049428,100.0000
EURUSD,2024.11.27,00:00:00,1.049538,1.049759,1.048108,1.048548,100.0000
EURUSD,2024.11.27,04:00:00,1.048548,1.050641,1.047669,1.050310,100.0000
EURUSD,2024.11.27,08:00:00,1.049869,1.054074,1.049869,1.052853,100.0000
EURUSD,2024.11.27,12:00:00,1.052964,1.057977,1.052410,1.057530,100.0000
EURUSD,2024.11.27,16:00:00,1.057418,1.058985,1.055855,1.056412,100.0000
EURUSD,2024.11.27,20:00:00,1.056636,1.057306,1.056301,1.056524,100.0000
EURUSD,2024.11.28,00:00:00,1.056524,1.056524,1.055186,1.055409,100.0000
EURUSD,2024.11.28,04:00:00,1.055632,1.056078,1.053519,1.054630,100.0000
EURUSD,2024.11.28,08:00:00,1.053852,1.055855,1.053075,1.055075,100.0000
EURUSD,2024.11.28,12:00:00,1.055298,1.055966,1.053408,1.055520,100.0000
EURUSD,2024.11.28,16:00:00,1.055520,1.055966,1.055075,1.055966,100.0000
EURUSD,2024.11.28,20:00:00,1.055966,1.056524,1.055186,1.056412,100.0000
EURUSD,2024.11.29,00:00:00,1.056301,1.057865,1.056078,1.057641,100.0000
EURUSD,2024.11.29,04:00:00,1.057641,1.059771,1.056859,1.058313,100.0000
EURUSD,2024.11.29,08:00:00,1.058201,1.058201,1.055520,1.056301,100.0000
EURUSD,2024.11.29,12:00:00,1.056636,1.057083,1.054852,1.056636,100.0000
EURUSD,2024.11.29,16:00:00,1.056412,1.058313,1.054519,1.058313,100.0000
EURUSD,2024.11.29,20:00:00,1.058313,1.059098,1.058089,1.058089,100.0000
EURUSD,2024.12.02,00:00:00,1.054741,1.054741,1.052299,1.052632,100.0000
EURUSD,2024.12.02,04:00:00,1.052632,1.053963,1.050531,1.050531,100.0000
EURUSD,2024.12.02,08:00:00,1.050420,1.053075,1.050089,1.052521,100.0000
EURUSD,2024.12.02,12:00:00,1.052521,1.053963,1.046572,1.047120,100.0000
EURUSD,2024.12.02,16:00:00,1.047120,1.050089,1.046463,1.049318,100.0000
EURUSD,2024.12.02,20:00:00,1.049428,1.051857,1.049318,1.050310,100.0000
EURUSD,2024.12.03,00:00:00,1.050310,1.050310,1.048548,1.049318,100.0000
EURUSD,2024.12.03,04:00:00,1.049318,1.051304,1.048438,1.049979,100.0000
EURUSD,2024.12.03,08:00:00,1.050310,1.053297,1.050310,1.052632,100.0000
EURUSD,2024.12.03,12:00:00,1.052410,1.053186,1.049759,1.051746,100.0000
EURUSD,2024.12.03,16:00:00,1.052078,1.053630,1.050641,1.050751,100.0000
EURUSD,2024.12.03,20:00:00,1.050751,1.051525,1.050641,1.051304,100.0000
EURUSD,2024.12.04,00:00:00,1.051304,1.051414,1.049098,1.049648,100.0000
EURUSD,2024.12.04,04:00:00,1.049538,1.053075,1.049318,1.051304,100.0000
EURUSD,2024.12.04,08:00:00,1.051304,1.051635,1.048658,1.050862,100.0000
EURUSD,2024.12.04,12:00:00,1.050751,1.054296,1.047669,1.053186,100.0000
EURUSD,2024.12.04,16:00:00,1.052964,1.054519,1.051193,1.051635,100.0000
EURUSD,2024.12.04,20:00:00,1.051635,1.051967,1.050862,1.051525,100.0000
EURUSD,2024.12.05,00:00:00,1.051525,1.052632,1.051083,1.052521,100.0000
EURUSD,2024.12.05,04:00:00,1.052632,1.054074,1.052078,1.053741,100.0000
EURUSD,2024.12.05,08:00:00,1.053852,1.054852,1.052521,1.053852,100.0000
EURUSD,2024.12.05,12:00:00,1.053963,1.059098,1.052742,1.057641,100.0000
EURUSD,2024.12.05,16:00:00,1.057418,1.059098,1.056078,1.059098,100.0000
EURUSD,2024.12.05,20:00:00,1.058873,1.059210,1.058425,1.058873,100.0000
EURUSD,2024.12.06,00:00:00,1.058873,1.058873,1.056971,1.057977,100.0000
EURUSD,2024.12.06,04:00:00,1.057865,1.058649,1.057083,1.058649,100.0000
EURUSD,2024.12.06,08:00:00,1.058537,1.059659,1.057530,1.059098,100.0000
EURUSD,2024.12.06,12:00:00,1.058873,1.062925,1.054852,1.056636,100.0000
EURUSD,2024.12.06,16:00:00,1.056524,1.057530,1.054519,1.055743,100.0000
EURUSD,2024.12.06,20:00:00,1.055855,1.057194,1.055855,1.056636,100.0000
EURUSD,2024.12.09,00:00:00,1.056859,1.056859,1.054185,1.054185,100.0000
EURUSD,2024.12.09,04:00:00,1.054074,1.056859,1.053519,1.056636,100.0000
EURUSD,2024.12.09,08:00:00,1.056636,1.058761,1.055966,1.057194,100.0000
EURUSD,2024.12.09,12:00:00,1.057083,1.059434,1.056078,1.059434,100.0000
EURUSD,2024.12.09,16:00:00,1.059434,1.059659,1.055520,1.055743,100.0000
EURUSD,2024.12.09,20:00:00,1.055855,1.055966,1.054964,1.055743,100.0000
EURUSD,2024.12.10,00:00:00,1.055632,1.056301,1.054852,1.055855,100.0000
EURUSD,2024.12.10,04:00:00,1.056078,1.057083,1.054964,1.054964,100.0000
EURUSD,2024.12.10,08:00:00,1.055298,1.055298,1.052742,1.053408,100.0000
EURUSD,2024.12.10,12:00:00,1.053408,1.053630,1.050200,1.050641,100.0000
EURUSD,2024.12.10,16:00:00,1.050751,1.053408,1.050310,1.052964,100.0000
EURUSD,2024.12.10,20:00:00,1.052964,1.053519,1.052632,1.053408,100.0000
EURUSD,2024.12.11,00:00:00,1.053408,1.054185,1.053075,1.053186,100.0000
EURUSD,2024.12.11,04:00:00,1.053075,1.053297,1.049098,1.049318,100.0000
EURUSD,2024.12.11,08:00:00,1.049318,1.051414,1.048988,1.050641,100.0000
EURUSD,2024.12.11,12:00:00,1.050751,1.053852,1.048328,1.049208,100.0000
EURUSD,2024.12.11,16:00:00,1.049208,1.051414,1.048438,1.049428,100.0000
EURUSD,2024.12.11,20:00:00,1.049538,1.050972,1.049208,1.050862,100.0000
EURUSD,2024.12.12,00:00:00,1.050862,1.051193,1.050420,1.050862,100.0000
EURUSD,2024.12.12,04:00:00,1.050862,1.053297,1.050641,1.051967,100.0000
EURUSD,2024.12.12,08:00:00,1.051857,1.052299,1.049759,1.050531,100.0000
EURUSD,2024.12.12,12:00:00,1.050420,1.052299,1.046792,1.047559,100.0000
EURUSD,2024.12.12,16:00:00,1.047559,1.051967,1.047559,1.047559,100.0000
EURUSD,2024.12.12,20:00:00,1.047669,1.047669,1.046134,1.047669,100.0000
EURUSD,2024.12.13,00:00:00,1.047559,1.048328,1.046244,1.046244,100.0000
EURUSD,2024.12.13,04:00:00,1.046353,1.046792,1.045697,1.046353,100.0000
EURUSD,2024.12.13,08:00:00,1.046244,1.049869,1.046244,1.049208,100.0000
EURUSD,2024.12.13,12:00:00,1.049098,1.052410,1.048548,1.049208,100.0000
EURUSD,2024.12.13,16:00:00,1.049208,1.050751,1.048988,1.049759,100.0000
EURUSD,2024.12.13,20:00:00,1.049869,1.050751,1.049648,1.050420,100.0000
EURUSD,2024.12.16,00:00:00,1.051193,1.052521,1.051193,1.051525,100.0000
EURUSD,2024.12.16,04:00:00,1.051525,1.052410,1.050751,1.050862,100.0000
EURUSD,2024.12.16,08:00:00,1.050751,1.052521,1.048658,1.049098,100.0000
EURUSD,2024.12.16,12:00:00,1.049428,1.051414,1.047998,1.050862,100.0000
EURUSD,2024.12.16,16:00:00,1.050972,1.052410,1.049869,1.051304,100.0000
EURUSD,2024.12.16,20:00:00,1.051193,1.052078,1.050972,1.051967,100.0000
EURUSD,2024.12.17,00:00:00,1.051967,1.053408,1.051414,1.051525,100.0000
EURUSD,2024.12.17,04:00:00,1.051525,1.051525,1.049869,1.049869,100.0000
EURUSD,2024.12.17,08:00:00,1.050089,1.050200,1.048218,1.049428,100.0000
EURUSD,2024.12.17,12:00:00,1.049538,1.051304,1.049318,1.050089,100.0000
EURUSD,2024.12.17,16:00:00,1.050310,1.051746,1.049098,1.049208,100.0000
EURUSD,2024.12.17,20:00:00,1.049098,1.049979,1.048768,1.049759,100.0000
EURUSD,2024.12.18,00:00:00,1.049759,1.050641,1.049538,1.050200,100.0000
EURUSD,2024.12.18,04:00:00,1.050200,1.051525,1.049759,1.049979,100.0000
EURUSD,2024.12.18,08:00:00,1.049979,1.050641,1.049208,1.049759,100.0000
EURUSD,2024.12.18,12:00:00,1.049979,1.050420,1.047449,1.047449,100.0000
EURUSD,2024.12.18,16:00:00,1.047669,1.049538,1.037775,1.037990,100.0000
EURUSD,2024.12.18,20:00:00,1.037883,1.038314,1.034768,1.035304,100.0000
EURUSD,2024.12.19,00:00:00,1.035411,1.039285,1.035411,1.038098,100.0000
EURUSD,2024.12.19,04:00:00,1.038098,1.041016,1.037883,1.039933,100.0000
EURUSD,2024.12.19,08:00:00,1.039609,1.042535,1.039393,1.040583,100.0000
EURUSD,2024.12.19,12:00:00,1.040258,1.041450,1.037990,1.038314,100.0000
EURUSD,2024.12.19,16:00:00,1.038314,1.038637,1.035840,1.036484,100.0000
EURUSD,2024.12.19,20:00:00,1.036484,1.037129,1.036269,1.036592,100.0000
EURUSD,2024.12.20,00:00:00,1.036699,1.037022,1.036162,1.036484,100.0000
EURUSD,2024.12.20,04:00:00,1.036484,1.038745,1.034768,1.038745,100.0000
EURUSD,2024.12.20,08:00:00,1.038422,1.040042,1.037883,1.039501,100.0000
EURUSD,2024.12.20,12:00:00,1.039393,1.042101,1.038961,1.039825,100.0000
EURUSD,2024.12.20,16:00:00,1.039933,1.044932,1.039933,1.044714,100.0000
EURUSD,2024.12.20,20:00:00,1.044714,1.044932,1.042644,1.043406,100.0000
EURUSD,2024.12.23,00:00:00,1.043732,1.044495,1.042970,1.044059,100.0000
EURUSD,2024.12.23,04:00:00,1.044168,1.044823,1.041450,1.041558,100.0000
EURUSD,2024.12.23,08:00:00,1.041667,1.042210,1.039069,1.040150,100.0000
EURUSD,2024.12.23,12:00:00,1.040475,1.041124,1.038745,1.039285,100.0000
EURUSD,2024.12.23,16:00:00,1.039609,1.041992,1.039285,1.041341,100.0000
EURUSD,2024.12.23,20:00:00,1.041558,1.041667,1.040475,1.040799,100.0000
EURUSD,2024.12.24,00:00:00,1.040691,1.041124,1.039177,1.039393,100.0000
EURUSD,2024.12.24,04:00:00,1.039501,1.040042,1.039285,1.039285,100.0000
EURUSD,2024.12.24,08:00:00,1.039393,1.040799,1.039177,1.039717,100.0000
EURUSD,2024.12.24,12:00:00,1.039825,1.041233,1.039177,1.039393,100.0000
EURUSD,2024.12.24,16:00:00,1.039501,1.040150,1.038637,1.039609,100.0000
EURUSD,2024.12.24,20:00:00,1.039825,1.040799,1.039285,1.039717,100.0000
EURUSD,2024.12.25,00:00:00,1.039825,1.041775,1.039501,1.040366,100.0000
EURUSD,2024.12.25,04:00:00,1.040042,1.041124,1.039933,1.040908,100.0000
EURUSD,2024.12.25,08:00:00,1.041016,1.041016,1.041016,1.041016,100.0000
EURUSD,2024.12.25,20:00:00,1.040691,1.041450,1.039933,1.040150,100.0000
EURUSD,2024.12.26,00:00:00,1.040150,1.040691,1.039609,1.040366,100.0000
EURUSD,2024.12.26,04:00:00,1.040258,1.040475,1.039393,1.039933,100.0000
EURUSD,2024.12.26,08:00:00,1.040150,1.040583,1.039393,1.040366,100.0000
EURUSD,2024.12.26,12:00:00,1.040366,1.041775,1.039609,1.041341,100.0000
EURUSD,2024.12.26,16:00:00,1.041233,1.043297,1.040908,1.042210,100.0000
EURUSD,2024.12.26,20:00:00,1.041992,1.042970,1.041992,1.042427,100.0000
EURUSD,2024.12.27,00:00:00,1.042427,1.042644,1.041016,1.041558,100.0000
EURUSD,2024.12.27,04:00:00,1.041558,1.042644,1.040908,1.042427,100.0000
EURUSD,2024.12.27,08:00:00,1.042101,1.044277,1.041124,1.044168,100.0000
EURUSD,2024.12.27,12:00:00,1.044168,1.044605,1.041884,1.042535,100.0000
EURUSD,2024.12.27,16:00:00,1.042644,1.043515,1.041775,1.043079,100.0000
EURUSD,2024.12.27,20:00:00,1.043079,1.043079,1.042427,1.042427,100.0000
EURUSD,2024.12.30,00:00:00,1.043297,1.043406,1.042427,1.042753,100.0000
EURUSD,2024.12.30,04:00:00,1.042753,1.043406,1.042535,1.043079,100.0000
EURUSD,2024.12.30,08:00:00,1.042970,1.045478,1.041341,1.045041,100.0000
EURUSD,2024.12.30,12:00:00,1.045151,1.046025,1.037775,1.038314,100.0000
EURUSD,2024.12.30,16:00:00,1.038206,1.040908,1.037883,1.039933,100.0000
EURUSD,2024.12.30,20:00:00,1.039825,1.041775,1.039825,1.040799,100.0000
EURUSD,2024.12.31,00:00:00,1.040799,1.041667,1.040042,1.041124,100.0000
EURUSD,2024.12.31,04:00:00,1.041233,1.041450,1.040150,1.041450,100.0000
EURUSD,2024.12.31,08:00:00,1.041341,1.042753,1.040908,1.041233,100.0000
EURUSD,2024.12.31,12:00:00,1.041558,1.041558,1.035625,1.035625,100.0000
EURUSD,2024.12.31,16:00:00,1.036162,1.036484,1.034661,1.035733,100.0000
EURUSD,2024.12.31,20:00:00,1.035840,1.036592,1.034768,1.035304,100.0000
EURUSD,2025.01.01,04:00:00,1.035197,1.035197,1.035197,1.035197,100.0000
EURUSD,2025.01.01,16:00:00,1.035518,1.036592,1.035518,1.036162,100.0000
EURUSD,2025.01.01,20:00:00,1.036162,1.036269,1.034768,1.035411,100.0000
EURUSD,2025.01.02,00:00:00,1.035411,1.037667,1.034982,1.037452,100.0000
EURUSD,2025.01.02,04:00:00,1.037452,1.037775,1.036377,1.036592,100.0000
EURUSD,2025.01.02,08:00:00,1.036807,1.037344,1.031885,1.033378,100.0000
EURUSD,2025.01.02,12:00:00,1.033592,1.033699,1.027749,1.027749,100.0000
EURUSD,2025.01.02,16:00:00,1.027855,1.027855,1.023751,1.025326,100.0000
EURUSD,2025.01.02,20:00:00,1.025431,1.027221,1.025431,1.027010,100.0000
EURUSD,2025.01.03,00:00:00,1.027010,1.027749,1.026905,1.027327,100.0000
EURUSD,2025.01.03,04:00:00,1.027327,1.028701,1.026799,1.028383,100.0000
EURUSD,2025.01.03,08:00:00,1.028701,1.030503,1.027538,1.030078,100.0000
EURUSD,2025.01.03,12:00:00,1.030078,1.030822,1.027644,1.029018,100.0000
EURUSD,2025.01.03,16:00:00,1.029124,1.030928,1.028701,1.030503,100.0000
EURUSD,2025.01.03,20:00:00,1.030290,1.031247,1.030184,1.031247,100.0000
EURUSD,2025.01.06,00:00:00,1.030715,1.032098,1.029866,1.031885,100.0000
EURUSD,2025.01.06,04:00:00,1.031885,1.033058,1.031034,1.033058,100.0000
EURUSD,2025.01.06,08:00:00,1.032951,1.043079,1.032951,1.042318,100.0000
EURUSD,2025.01.06,12:00:00,1.042644,1.043732,1.036055,1.039609,100.0000
EURUSD,2025.01.06,16:00:00,1.039717,1.040475,1.037990,1.039177,100.0000
EURUSD,2025.01.06,20:00:00,1.038961,1.040475,1.038422,1.038637,100.0000
EURUSD,2025.01.07,00:00:00,1.038637,1.039501,1.037990,1.039501,100.0000
EURUSD,2025.01.07,04:00:00,1.039609,1.042535,1.039285,1.041667,100.0000
EURUSD,2025.01.07,08:00:00,1.041775,1.043623,1.040691,1.041667,100.0000
EURUSD,2025.01.07,12:00:00,1.041667,1.041992,1.036055,1.037237,100.0000
EURUSD,2025.01.07,16:00:00,1.037560,1.038098,1.035304,1.035733,100.0000
EURUSD,2025.01.07,20:00:00,1.035840,1.035840,1.034126,1.034661,100.0000
EURUSD,2025.01.08,00:00:00,1.034447,1.035733,1.034447,1.035090,100.0000
EURUSD,2025.01.08,04:00:00,1.034982,1.036055,1.033271,1.033271,100.0000
EURUSD,2025.01.08,08:00:00,1.033592,1.034126,1.027855,1.029760,100.0000
EURUSD,2025.01.08,12:00:00,1.030078,1.031140,1.028383,1.030290,100.0000
EURUSD,2025.01.08,16:00:00,1.030397,1.032738,1.029866,1.031247,100.0000
EURUSD,2025.01.08,20:00:00,1.031140,1.032311,1.031034,1.031672,100.0000
EURUSD,2025.01.09,00:00:00,1.031672,1.032418,1.030822,1.031353,100.0000
EURUSD,2025.01.09,04:00:00,1.031353,1.031459,1.029230,1.029230,100.0000
EURUSD,2025.01.09,08:00:00,1.029336,1.031885,1.028807,1.030290,100.0000
EURUSD,2025.01.09,12:00:00,1.030503,1.031992,1.029760,1.030184,100.0000
EURUSD,2025.01.09,16:00:00,1.030184,1.030609,1.029548,1.030290,100.0000
EURUSD,2025.01.09,20:00:00,1.030184,1.030928,1.029866,1.029972,100.0000
EURUSD,2025.01.10,00:00:00,1.029972,1.030609,1.029548,1.030184,100.0000
EURUSD,2025.01.10,04:00:00,1.030184,1.030290,1.028383,1.029866,100.0000
EURUSD,2025.01.10,08:00:00,1.029972,1.031459,1.029548,1.030503,100.0000
EURUSD,2025.01.10,12:00:00,1.030503,1.031353,1.022286,1.025431,100.0000
EURUSD,2025.01.10,16:00:00,1.025326,1.025326,1.023227,1.024800,100.0000
EURUSD,2025.01.10,20:00:00,1.024800,1.025220,1.023961,1.024800,100.0000
EURUSD,2025.01.13,00:00:00,1.024695,1.025220,1.021659,1.021764,100.0000
EURUSD,2025.01.13,04:00:00,1.021868,1.022704,1.021033,1.021764,100.0000
EURUSD,2025.01.13,08:00:00,1.021868,1.023332,1.018226,1.019888,100.0000
EURUSD,2025.01.13,12:00:00,1.019888,1.022181,1.019056,1.019992,100.0000
EURUSD,2025.01.13,16:00:00,1.019992,1.022390,1.019472,1.021033,100.0000
EURUSD,2025.01.13,20:00:00,1.021033,1.027855,1.021033,1.026694,100.0000
EURUSD,2025.01.14,00:00:00,1.026483,1.026483,1.024170,1.025115,100.0000
EURUSD,2025.01.14,04:00:00,1.025115,1.026589,1.024590,1.025641,100.0000
EURUSD,2025.01.14,08:00:00,1.025641,1.027538,1.025536,1.025851,100.0000
EURUSD,2025.01.14,12:00:00,1.025746,1.029654,1.024380,1.029654,100.0000
EURUSD,2025.01.14,16:00:00,1.029548,1.030715,1.028172,1.029972,100.0000
EURUSD,2025.01.14,20:00:00,1.030078,1.031140,1.029972,1.030822,100.0000
EURUSD,2025.01.15,00:00:00,1.030822,1.030822,1.029866,1.030503,100.0000
EURUSD,2025.01.15,04:00:00,1.030397,1.031034,1.028912,1.030822,100.0000
EURUSD,2025.01.15,08:00:00,1.030715,1.031992,1.029760,1.030397,100.0000
EURUSD,2025.01.15,12:00:00,1.030397,1.035197,1.029654,1.030822,100.0000
EURUSD,2025.01.15,16:00:00,1.030609,1.030928,1.027010,1.029654,100.0000
EURUSD,2025.01.15,20:00:00,1.029548,1.030078,1.028912,1.029760,100.0000
EURUSD,2025.01.16,00:00:00,1.029866,1.030184,1.028701,1.029230,100.0000
EURUSD,2025.01.16,04:00:00,1.029336,1.030397,1.028383,1.029972,100.0000
EURUSD,2025.01.16,08:00:00,1.030078,1.030078,1.028489,1.029336,100.0000
EURUSD,2025.01.16,12:00:00,1.029018,1.030715,1.026694,1.030397,100.0000
EURUSD,2025.01.16,16:00:00,1.030503,1.031779,1.029124,1.030503,100.0000
EURUSD,2025.01.16,20:00:00,1.030397,1.030715,1.029866,1.030397,100.0000
EURUSD,2025.01.17,00:00:00,1.030397,1.031247,1.030078,1.030397,100.0000
EURUSD,2025.01.17,04:00:00,1.030397,1.030397,1.028066,1.028807,100.0000
EURUSD,2025.01.17,08:00:00,1.028912,1.031140,1.028912,1.030715,100.0000
EURUSD,2025.01.17,12:00:00,1.030822,1.032951,1.026905,1.030397,100.0000
EURUSD,2025.01.17,16:00:00,1.030078,1.030184,1.027644,1.027961,100.0000
EURUSD,2025.01.17,20:00:00,1.027855,1.028383,1.027221,1.027432,100.0000
EURUSD,2025.01.20,00:00:00,1.028489,1.030822,1.028172,1.030822,100.0000
EURUSD,2025.01.20,04:00:00,1.030928,1.031992,1.030290,1.031779,100.0000
EURUSD,2025.01.20,08:00:00,1.031885,1.032844,1.030715,1.032844,100.0000
EURUSD,2025.01.20,12:00:00,1.032844,1.043188,1.031566,1.040258,100.0000
EURUSD,2025.01.20,16:00:00,1.040150,1.042318,1.035733,1.042318,100.0000
EURUSD,2025.01.20,20:00:00,1.042318,1.043515,1.041016,1.042318,100.0000
EURUSD,2025.01.21,00:00:00,1.042427,1.043623,1.035947,1.039069,100.0000
EURUSD,2025.01.21,04:00:00,1.039069,1.040042,1.036914,1.037775,100.0000
EURUSD,2025.01.21,08:00:00,1.037560,1.037560,1.034554,1.035625,100.0000
EURUSD,2025.01.21,12:00:00,1.035518,1.041233,1.034875,1.040258,100.0000
EURUSD,2025.01.21,16:00:00,1.040258,1.043623,1.040150,1.042101,100.0000
EURUSD,2025.01.21,20:00:00,1.041884,1.043732,1.039825,1.040908,100.0000
EURUSD,2025.01.22,00:00:00,1.041124,1.042753,1.040908,1.041450,100.0000
EURUSD,2025.01.22,04:00:00,1.041450,1.042427,1.040366,1.041341,100.0000
EURUSD,2025.01.22,08:00:00,1.041341,1.045916,1.041233,1.044605,100.0000
EURUSD,2025.01.22,12:00:00,1.044386,1.044823,1.041775,1.042318,100.0000
EURUSD,2025.01.22,16:00:00,1.042210,1.042644,1.041450,1.042318,100.0000
EURUSD,2025.01.22,20:00:00,1.042210,1.042535,1.040799,1.041124,100.0000
EURUSD,2025.01.23,00:00:00,1.041124,1.041775,1.040150,1.041124,100.0000
EURUSD,2025.01.23,04:00:00,1.041124,1.041558,1.039609,1.040366,100.0000
EURUSD,2025.01.23,08:00:00,1.040366,1.042210,1.039393,1.040475,100.0000
EURUSD,2025.01.23,12:00:00,1.040583,1.041775,1.039069,1.039933,100.0000
EURUSD,2025.01.23,16:00:00,1.040042,1.044059,1.038853,1.042535,100.0000
EURUSD,2025.01.23,20:00:00,1.042427,1.043188,1.041558,1.041775,100.0000
EURUSD,2025.01.24,00:00:00,1.041775,1.045588,1.041558,1.045041,100.0000
EURUSD,2025.01.24,04:00:00,1.044823,1.047120,1.044605,1.046353,100.0000
EURUSD,2025.01.24,08:00:00,1.046353,1.051746,1.046244,1.048768,100.0000
EURUSD,2025.01.24,12:00:00,1.048768,1.052189,1.046682,1.052189,100.0000
EURUSD,2025.01.24,16:00:00,1.051967,1.052299,1.049538,1.049759,100.0000
EURUSD,2025.01.24,20:00:00,1.049648,1.049979,1.049098,1.049318,100.0000
EURUSD,2025.01.27,00:00:00,1.047120,1.048108,1.046244,1.047120,100.0000
EURUSD,2025.01.27,04:00:00,1.047120,1.047340,1.045697,1.046025,100.0000
EURUSD,2025.01.27,08:00:00,1.046134,1.052078,1.045697,1.051525,100.0000
EURUSD,2025.01.27,12:00:00,1.051635,1.053519,1.049648,1.050200,100.0000
EURUSD,2025.01.27,16:00:00,1.050200,1.050972,1.048438,1.049428,100.0000
EURUSD,2025.01.27,20:00:00,1.049428,1.049648,1.043297,1.044714,100.0000
EURUSD,2025.01.28,00:00:00,1.043950,1.045806,1.042970,1.043297,100.0000
EURUSD,2025.01.28,04:00:00,1.043188,1.044714,1.042970,1.043732,100.0000
EURUSD,2025.01.28,08:00:00,1.043732,1.044714,1.042318,1.042753,100.0000
EURUSD,2025.01.28,12:00:00,1.042644,1.044277,1.041775,1.042644,100.0000
EURUSD,2025.01.28,16:00:00,1.042644,1.044059,1.042535,1.043841,100.0000
EURUSD,2025.01.28,20:00:00,1.043732,1.043841,1.042970,1.043079,100.0000
EURUSD,2025.01.29,00:00:00,1.042970,1.044168,1.042970,1.044059,100.0000
EURUSD,2025.01.29,04:00:00,1.044059,1.044605,1.041775,1.041884,100.0000
EURUSD,2025.01.29,08:00:00,1.041992,1.043188,1.039825,1.040475,100.0000
EURUSD,2025.01.29,12:00:00,1.040366,1.042970,1.038637,1.042318,100.0000
EURUSD,2025.01.29,16:00:00,1.042210,1.043079,1.039501,1.041992,100.0000
EURUSD,2025.01.29,20:00:00,1.041667,1.042970,1.040908,1.042753,100.0000
EURUSD,2025.01.30,00:00:00,1.042644,1.043188,1.042210,1.042753,100.0000
EURUSD,2025.01.30,04:00:00,1.042753,1.043079,1.041341,1.042644,100.0000
EURUSD,2025.01.30,08:00:00,1.042970,1.042970,1.039501,1.039501,100.0000
EURUSD,2025.01.30,12:00:00,1.039609,1.046682,1.039285,1.043188,100.0000
EURUSD,2025.01.30,16:00:00,1.043406,1.043732,1.041341,1.043188,100.0000
EURUSD,2025.01.30,20:00:00,1.043079,1.043515,1.038745,1.039933,100.0000
EURUSD,2025.01.31,00:00:00,1.039933,1.040475,1.038637,1.038745,100.0000
EURUSD,2025.01.31,04:00:00,1.038745,1.041450,1.038637,1.040799,100.0000
EURUSD,2025.01.31,08:00:00,1.040583,1.040908,1.036914,1.037775,100.0000
EURUSD,2025.01.31,12:00:00,1.037990,1.040042,1.036377,1.040042,100.0000
EURUSD,2025.01.31,16:00:00,1.039933,1.043515,1.036807,1.037883,100.0000
EURUSD,2025.01.31,20:00:00,1.037775,1.038530,1.035411,1.036269,100.0000
EURUSD,2025.02.03,00:00:00,1.024695,1.026694,1.021555,1.022390,100.0000
EURUSD,2025.02.03,04:00:00,1.022599,1.025431,1.022495,1.022809,100.0000
EURUSD,2025.02.03,08:00:00,1.022599,1.025746,1.021555,1.025431,100.0000
EURUSD,2025.02.03,12:00:00,1.025536,1.033165,1.024800,1.031672,100.0000
EURUSD,2025.02.03,16:00:00,1.031779,1.032311,1.027749,1.028701,100.0000
EURUSD,2025.02.03,20:00:00,1.028701,1.035197,1.028701,1.032951,100.0000
EURUSD,2025.02.04,00:00:00,1.033271,1.033271,1.031247,1.031779,100.0000
EURUSD,2025.02.04,04:00:00,1.031672,1.031992,1.027961,1.031353,100.0000
EURUSD,2025.02.04,08:00:00,1.031779,1.035197,1.031247,1.032524,100.0000
EURUSD,2025.02.04,12:00:00,1.032524,1.038745,1.032311,1.038206,100.0000
EURUSD,2025.02.04,16:00:00,1.038314,1.038961,1.037022,1.038530,100.0000
EURUSD,2025.02.04,20:00:00,1.038422,1.038961,1.037452,1.037452,100.0000
EURUSD,2025.02.05,00:00:00,1.037667,1.038853,1.037344,1.038314,100.0000
EURUSD,2025.02.05,04:00:00,1.038314,1.041016,1.037667,1.040583,100.0000
EURUSD,2025.02.05,08:00:00,1.040583,1.043406,1.039285,1.041775,100.0000
EURUSD,2025.02.05,12:00:00,1.041558,1.043297,1.040583,1.042427,100.0000
EURUSD,2025.02.05,16:00:00,1.042427,1.042644,1.040799,1.041016,100.0000
EURUSD,2025.02.05,20:00:00,1.040908,1.041016,1.040042,1.040366,100.0000
EURUSD,2025.02.06,00:00:00,1.040366,1.040691,1.039285,1.039501,100.0000
EURUSD,2025.02.06,04:00:00,1.039501,1.039609,1.038098,1.038422,100.0000
EURUSD,2025.02.06,08:00:00,1.038206,1.038314,1.035947,1.036699,100.0000
EURUSD,2025.02.06,12:00:00,1.036055,1.037883,1.035733,1.037129,100.0000
EURUSD,2025.02.06,16:00:00,1.037237,1.039825,1.036914,1.038745,100.0000
EURUSD,2025.02.06,20:00:00,1.038637,1.039285,1.038422,1.038853,100.0000
EURUSD,2025.02.07,00:00:00,1.038853,1.039393,1.037775,1.038206,100.0000
EURUSD,2025.02.07,04:00:00,1.038314,1.039285,1.037560,1.039177,100.0000
EURUSD,2025.02.07,08:00:00,1.039285,1.040258,1.037990,1.038530,100.0000
EURUSD,2025.02.07,12:00:00,1.038422,1.038961,1.033378,1.035625,100.0000
EURUSD,2025.02.07,16:00:00,1.035411,1.035733,1.031034,1.033485,100.0000
EURUSD,2025.02.07,20:00:00,1.033378,1.034019,1.032524,1.032844,100.0000
EURUSD,2025.02.10,00:00:00,1.031247,1.032098,1.030184,1.031353,100.0000
EURUSD,2025.02.10,04:00:00,1.031459,1.032738,1.031353,1.031566,100.0000
EURUSD,2025.02.10,08:00:00,1.031566,1.033805,1.031034,1.032418,100.0000
EURUSD,2025.02.10,12:00:00,1.032311,1.032844,1.030715,1.031779,100.0000
EURUSD,2025.02.10,16:00:00,1.031779,1.031992,1.030715,1.030928,100.0000
EURUSD,2025.02.10,20:00:00,1.030928,1.031459,1.030078,1.030397,100.0000
EURUSD,2025.02.11,00:00:00,1.030290,1.030928,1.029548,1.030078,100.0000
EURUSD,2025.02.11,04:00:00,1.030078,1.031353,1.030078,1.030609,100.0000
EURUSD,2025.02.11,08:00:00,1.030715,1.032738,1.030397,1.032418,100.0000
EURUSD,2025.02.11,12:00:00,1.032524,1.034554,1.031992,1.034340,100.0000
EURUSD,2025.02.11,16:00:00,1.034233,1.037344,1.034233,1.036162,100.0000
EURUSD,2025.02.11,20:00:00,1.036162,1.038745,1.036055,1.036699,100.0000
EURUSD,2025.02.12,00:00:00,1.036699,1.037022,1.035733,1.036377,100.0000
EURUSD,2025.02.12,04:00:00,1.036484,1.038206,1.035840,1.037667,100.0000
EURUSD,2025.02.12,08:00:00,1.037667,1.038745,1.036807,1.037775,100.0000
EURUSD,2025.02.12,12:00:00,1.037775,1.038206,1.032098,1.037560,100.0000
EURUSD,2025.02.12,16:00:00,1.037775,1.043188,1.035411,1.039393,100.0000
EURUSD,2025.02.12,20:00:00,1.039393,1.040042,1.038422,1.039393,100.0000
EURUSD,2025.02.13,00:00:00,1.039501,1.042427,1.039069,1.042101,100.0000
EURUSD,2025.02.13,04:00:00,1.042101,1.044168,1.042101,1.042753,100.0000
EURUSD,2025.02.13,08:00:00,1.042862,1.043188,1.039825,1.040583,100.0000
EURUSD,2025.02.13,12:00:00,1.040475,1.043841,1.038098,1.043732,100.0000
EURUSD,2025.02.13,16:00:00,1.043623,1.044714,1.038314,1.043950,100.0000
EURUSD,2025.02.13,20:00:00,1.043950,1.048108,1.043841,1.046353,100.0000
EURUSD,2025.02.14,00:00:00,1.046572,1.046901,1.045697,1.046134,100.0000
EURUSD,2025.02.14,04:00:00,1.046134,1.047449,1.045041,1.046792,100.0000
EURUSD,2025.02.14,08:00:00,1.046901,1.049098,1.046572,1.047011,100.0000
EURUSD,2025.02.14,12:00:00,1.046901,1.051635,1.046025,1.051193,100.0000
EURUSD,2025.02.14,16:00:00,1.051083,1.051193,1.049759,1.050200,100.0000
EURUSD,2025.02.14,20:00:00,1.050089,1.050089,1.049208,1.049538,100.0000
EURUSD,2025.02.17,00:00:00,1.049098,1.050862,1.048878,1.049759,100.0000
EURUSD,2025.02.17,04:00:00,1.049759,1.050089,1.048548,1.048548,100.0000
EURUSD,2025.02.17,08:00:00,1.048658,1.049208,1.047449,1.048548,100.0000
EURUSD,2025.02.17,12:00:00,1.048438,1.048768,1.047011,1.048328,100.0000
EURUSD,2025.02.17,16:00:00,1.048328,1.048768,1.047998,1.048438,100.0000
EURUSD,2025.02.17,20:00:00,1.048438,1.049318,1.047779,1.048768,100.0000
EURUSD,2025.02.18,00:00:00,1.048658,1.048878,1.046463,1.046572,100.0000
EURUSD,2025.02.18,04:00:00,1.046572,1.047120,1.045478,1.046572,100.0000
EURUSD,2025.02.18,08:00:00,1.046682,1.047230,1.045916,1.046572,100.0000
EURUSD,2025.02.18,12:00:00,1.046572,1.047011,1.044495,1.046901,100.0000
EURUSD,2025.02.18,16:00:00,1.046901,1.047120,1.043950,1.044823,100.0000
EURUSD,2025.02.18,20:00:00,1.044605,1.045478,1.044495,1.045041,100.0000
EURUSD,2025.02.19,00:00:00,1.045041,1.045478,1.044495,1.045369,100.0000
EURUSD,2025.02.19,04:00:00,1.045369,1.046463,1.045151,1.045478,100.0000
EURUSD,2025.02.19,08:00:00,1.045478,1.045697,1.042210,1.042753,100.0000
EURUSD,2025.02.19,12:00:00,1.042535,1.044277,1.042535,1.042753,100.0000
EURUSD,2025.02.19,16:00:00,1.042644,1.043515,1.040366,1.042862,100.0000
EURUSD,2025.02.19,20:00:00,1.042753,1.043079,1.042318,1.042318,100.0000
EURUSD,2025.02.20,00:00:00,1.042427,1.044059,1.042210,1.043406,100.0000
EURUSD,2025.02.20,04:00:00,1.043406,1.043623,1.042753,1.043297,100.0000
EURUSD,2025.02.20,08:00:00,1.043515,1.044932,1.043188,1.044059,100.0000
EURUSD,2025.02.20,12:00:00,1.044168,1.047779,1.043732,1.047669,100.0000
EURUSD,2025.02.20,16:00:00,1.047559,1.050531,1.046792,1.050420,100.0000
EURUSD,2025.02.20,20:00:00,1.050310,1.050751,1.049869,1.050310,100.0000
EURUSD,2025.02.21,00:00:00,1.050310,1.050641,1.048768,1.050531,100.0000
EURUSD,2025.02.21,04:00:00,1.050420,1.050751,1.049098,1.049538,100.0000
EURUSD,2025.02.21,08:00:00,1.049428,1.049648,1.046682,1.047230,100.0000
EURUSD,2025.02.21,12:00:00,1.047230,1.049318,1.045806,1.045806,100.0000
EURUSD,2025.02.21,16:00:00,1.045806,1.047011,1.045260,1.046572,100.0000
EURUSD,2025.02.21,20:00:00,1.046353,1.046682,1.046134,1.046244,100.0000
EURUSD,2025.02.24,00:00:00,1.047669,1.053075,1.047559,1.052299,100.0000
EURUSD,2025.02.24,04:00:00,1.052299,1.052299,1.048988,1.049318,100.0000
EURUSD,2025.02.24,08:00:00,1.049318,1.049538,1.046792,1.047230,100.0000
EURUSD,2025.02.24,12:00:00,1.047120,1.047779,1.045588,1.046792,100.0000
EURUSD,2025.02.24,16:00:00,1.047120,1.048878,1.046901,1.047779,100.0000
EURUSD,2025.02.24,20:00:00,1.047779,1.048218,1.046353,1.046353,100.0000
EURUSD,2025.02.25,00:00:00,1.046463,1.047889,1.046244,1.047559,100.0000
EURUSD,2025.02.25,04:00:00,1.047669,1.048218,1.046792,1.046792,100.0000
EURUSD,2025.02.25,08:00:00,1.046463,1.049208,1.046025,1.049208,100.0000
EURUSD,2025.02.25,12:00:00,1.049318,1.052189,1.049098,1.050089,100.0000
EURUSD,2025.02.25,16:00:00,1.050089,1.051967,1.048658,1.051304,100.0000
EURUSD,2025.02.25,20:00:00,1.051414,1.052521,1.051193,1.052299,100.0000
EURUSD,2025.02.26,00:00:00,1.052299,1.052742,1.050420,1.050751,100.0000
EURUSD,2025.02.26,04:00:00,1.050641,1.050751,1.048988,1.049759,100.0000
EURUSD,2025.02.26,08:00:00,1.049538,1.051414,1.048988,1.049428,100.0000
EURUSD,2025.02.26,12:00:00,1.049318,1.051083,1.047779,1.050862,100.0000
EURUSD,2025.02.26,16:00:00,1.050972,1.052742,1.048548,1.049428,100.0000
EURUSD,2025.02.26,20:00:00,1.049318,1.049538,1.048218,1.048988,100.0000
EURUSD,2025.02.27,00:00:00,1.049098,1.049098,1.046792,1.046792,100.0000
EURUSD,2025.02.27,04:00:00,1.046901,1.048328,1.046134,1.047998,100.0000
EURUSD,2025.02.27,08:00:00,1.047889,1.048988,1.047340,1.047998,100.0000
EURUSD,2025.02.27,12:00:00,1.047889,1.048658,1.041233,1.041558,100.0000
EURUSD,2025.02.27,16:00:00,1.041775,1.041992,1.040258,1.040583,100.0000
EURUSD,2025.02.27,20:00:00,1.040799,1.041124,1.039393,1.039717,100.0000
EURUSD,2025.02.28,00:00:00,1.039717,1.040583,1.038314,1.039069,100.0000
EURUSD,2025.02.28,04:00:00,1.039177,1.040258,1.038530,1.039933,100.0000
EURUSD,2025.02.28,08:00:00,1.039933,1.040908,1.039501,1.040042,100.0000
EURUSD,2025.02.28,12:00:00,1.040042,1.042318,1.040042,1.040475,100.0000
EURUSD,2025.02.28,16:00:00,1.040150,1.041341,1.036269,1.037022,100.0000
EURUSD,2025.02.28,20:00:00,1.037022,1.038098,1.036592,1.038098,100.0000
EURUSD,2025.03.03,00:00:00,1.041233,1.042535,1.040583,1.041992,100.0000
EURUSD,2025.03.03,04:00:00,1.041992,1.042318,1.040475,1.040908,100.0000
EURUSD,2025.03.03,08:00:00,1.040583,1.045916,1.039285,1.045478,100.0000
EURUSD,2025.03.03,12:00:00,1.045697,1.050089,1.045697,1.048658,100.0000
EURUSD,2025.03.03,16:00:00,1.048988,1.050200,1.047669,1.047669,100.0000
EURUSD,2025.03.03,20:00:00,1.047230,1.049538,1.047120,1.048658,100.0000
EURUSD,2025.03.04,00:00:00,1.048658,1.049759,1.047779,1.047998,100.0000
EURUSD,2025.03.04,04:00:00,1.047998,1.050200,1.047449,1.049538,100.0000
EURUSD,2025.03.04,08:00:00,1.049428,1.054741,1.049098,1.054741,100.0000
EURUSD,2025.03.04,12:00:00,1.054741,1.056189,1.050200,1.052964,100.0000
EURUSD,2025.03.04,16:00:00,1.052964,1.060445,1.051857,1.060445,100.0000
EURUSD,2025.03.04,20:00:00,1.060670,1.064056,1.060670,1.062586,100.0000
EURUSD,2025.03.05,00:00:00,1.062248,1.062812,1.060558,1.062135,100.0000
EURUSD,2025.03.05,04:00:00,1.062248,1.067692,1.061909,1.067692,100.0000
EURUSD,2025.03.05,08:00:00,1.067350,1.072386,1.066325,1.068034,100.0000
EURUSD,2025.03.05,12:00:00,1.068376,1.077702,1.068376,1.076774,100.0000
EURUSD,2025.03.05,16:00:00,1.076542,1.079331,1.076542,1.079331,100.0000
EURUSD,2025.03.05,20:00:00,1.079447,1.079914,1.078865,1.079680,100.0000
EURUSD,2025.03.06,00:00:00,1.079797,1.082251,1.079098,1.079214,100.0000
EURUSD,2025.03.06,04:00:00,1.079214,1.082368,1.078749,1.080264,100.0000
EURUSD,2025.03.06,08:00:00,1.080147,1.081783,1.078516,1.080264,100.0000
EURUSD,2025.03.06,12:00:00,1.080147,1.085305,1.079214,1.082017,100.0000
EURUSD,2025.03.06,16:00:00,1.082017,1.083541,1.077122,1.080497,100.0000
EURUSD,2025.03.06,20:00:00,1.080380,1.080614,1.077935,1.079098,100.0000
EURUSD,2025.03.07,00:00:00,1.079098,1.081783,1.078516,1.080847,100.0000
EURUSD,2025.03.07,04:00:00,1.080964,1.084246,1.080614,1.083306,100.0000
EURUSD,2025.03.07,08:00:00,1.083072,1.087311,1.082954,1.085187,100.0000
EURUSD,2025.03.07,12:00:00,1.085187,1.088969,1.083893,1.087429,100.0000
EURUSD,2025.03.07,16:00:00,1.087429,1.087429,1.082954,1.084599,100.0000
EURUSD,2025.03.07,20:00:00,1.084716,1.085423,1.083424,1.083424,100.0000
EURUSD,2025.03.10,00:00:00,1.086248,1.087311,1.083306,1.083306,100.0000
EURUSD,2025.03.10,04:00:00,1.083424,1.084716,1.081549,1.082603,100.0000
EURUSD,2025.03.10,08:00:00,1.082485,1.087548,1.080847,1.085541,100.0000
EURUSD,2025.03.10,12:00:00,1.085305,1.086248,1.082485,1.084011,100.0000
EURUSD,2025.03.10,16:00:00,1.084011,1.084834,1.082134,1.083424,100.0000
EURUSD,2025.03.10,20:00:00,1.083424,1.084599,1.082837,1.084128,100.0000
EURUSD,2025.03.11,00:00:00,1.084246,1.086366,1.084246,1.085658,100.0000
EURUSD,2025.03.11,04:00:00,1.085776,1.090275,1.083893,1.089681,100.0000
EURUSD,2025.03.11,08:00:00,1.089325,1.092180,1.088613,1.090750,100.0000
EURUSD,2025.03.11,12:00:00,1.090631,1.093255,1.090275,1.092896,100.0000
EURUSD,2025.03.11,16:00:00,1.092896,1.095050,1.092180,1.092538,100.0000
EURUSD,2025.03.11,20:00:00,1.092299,1.093255,1.091346,1.091703,100.0000
EURUSD,2025.03.12,00:00:00,1.091703,1.091822,1.089918,1.090037,100.0000
EURUSD,2025.03.12,04:00:00,1.090037,1.091107,1.089087,1.090631,100.0000
EURUSD,2025.03.12,08:00:00,1.090275,1.092777,1.090275,1.090275,100.0000
EURUSD,2025.03.12,12:00:00,1.090275,1.093255,1.088021,1.092419,100.0000
EURUSD,2025.03.12,16:00:00,1.092657,1.093016,1.088376,1.089443,100.0000
EURUSD,2025.03.12,20:00:00,1.089443,1.089681,1.088613,1.088850,100.0000
EURUSD,2025.03.13,00:00:00,1.088850,1.090037,1.088613,1.088850,100.0000
EURUSD,2025.03.13,04:00:00,1.088732,1.089562,1.086366,1.086957,100.0000
EURUSD,2025.03.13,08:00:00,1.086957,1.088732,1.085069,1.085069,100.0000
EURUSD,2025.03.13,12:00:00,1.086012,1.087429,1.082603,1.086130,100.0000
EURUSD,2025.03.13,16:00:00,1.086012,1.088021,1.085069,1.085187,100.0000
EURUSD,2025.03.13,20:00:00,1.085069,1.085894,1.085069,1.085776,100.0000
EURUSD,2025.03.14,00:00:00,1.085776,1.086130,1.083776,1.084834,100.0000
EURUSD,2025.03.14,04:00:00,1.084952,1.085423,1.083424,1.084128,100.0000
EURUSD,2025.03.14,08:00:00,1.084128,1.091346,1.084128,1.089800,100.0000
EURUSD,2025.03.14,12:00:00,1.090394,1.091346,1.086957,1.087429,100.0000
EURUSD,2025.03.14,16:00:00,1.087548,1.089325,1.087429,1.088613,100.0000
EURUSD,2025.03.14,20:00:00,1.088613,1.088969,1.088139,1.088139,100.0000
EURUSD,2025.03.17,00:00:00,1.088376,1.089206,1.087784,1.088613,100.0000
EURUSD,2025.03.17,04:00:00,1.088732,1.089562,1.087311,1.088021,100.0000
EURUSD,2025.03.17,08:00:00,1.088021,1.091465,1.087429,1.090631,100.0000
EURUSD,2025.03.17,12:00:00,1.090631,1.093016,1.089087,1.092538,100.0000
EURUSD,2025.03.17,16:00:00,1.092299,1.092896,1.091465,1.092538,100.0000
EURUSD,2025.03.17,20:00:00,1.092299,1.093016,1.092180,1.092180,100.0000
EURUSD,2025.03.18,00:00:00,1.092180,1.092419,1.090988,1.091107,100.0000
EURUSD,2025.03.18,04:00:00,1.091227,1.093613,1.090750,1.093613,100.0000
EURUSD,2025.03.18,08:00:00,1.093853,1.095770,1.091941,1.091941,100.0000
EURUSD,2025.03.18,12:00:00,1.091941,1.093613,1.089681,1.093016,100.0000
EURUSD,2025.03.18,16:00:00,1.092896,1.095410,1.092777,1.094931,100.0000
EURUSD,2025.03.18,20:00:00,1.094931,1.095170,1.094212,1.094212,100.0000
EURUSD,2025.03.19,00:00:00,1.094212,1.094811,1.093494,1.094212,100.0000
EURUSD,2025.03.19,04:00:00,1.094092,1.094092,1.088021,1.089443,100.0000
EURUSD,2025.03.19,08:00:00,1.090156,1.091346,1.089443,1.091107,100.0000
EURUSD,2025.03.19,12:00:00,1.091227,1.092061,1.088021,1.088021,100.0000
EURUSD,2025.03.19,16:00:00,1.088258,1.091584,1.086602,1.090156,100.0000
EURUSD,2025.03.19,20:00:00,1.090156,1.091584,1.089918,1.091465,100.0000
EURUSD,2025.03.20,00:00:00,1.091584,1.092061,1.090750,1.091346,100.0000
EURUSD,2025.03.20,04:00:00,1.091227,1.091346,1.086957,1.088258,100.0000
EURUSD,2025.03.20,08:00:00,1.088258,1.088850,1.083658,1.085305,100.0000
EURUSD,2025.03.20,12:00:00,1.085305,1.085658,1.082017,1.084952,100.0000
EURUSD,2025.03.20,16:00:00,1.085069,1.085658,1.084246,1.085658,100.0000
EURUSD,2025.03.20,20:00:00,1.085541,1.086366,1.085187,1.085894,100.0000
EURUSD,2025.03.21,00:00:00,1.086012,1.086130,1.083658,1.083776,100.0000
EURUSD,2025.03.21,04:00:00,1.083893,1.084481,1.082251,1.084011,100.0000
EURUSD,2025.03.21,08:00:00,1.084246,1.085423,1.082485,1.085423,100.0000
EURUSD,2025.03.21,12:00:00,1.085305,1.086248,1.080497,1.081198,100.0000
EURUSD,2025.03.21,16:00:00,1.080964,1.082954,1.080847,1.082017,100.0000
EURUSD,2025.03.21,20:00:00,1.081900,1.082134,1.081432,1.082134,100.0000
EURUSD,2025.03.24,00:00:00,1.083776,1.084246,1.082368,1.082368,100.0000
EURUSD,2025.03.24,04:00:00,1.082368,1.085305,1.082017,1.084128,100.0000
EURUSD,2025.03.24,08:00:00,1.084363,1.086012,1.083189,1.083776,100.0000
EURUSD,2025.03.24,12:00:00,1.083424,1.083776,1.079447,1.079797,100.0000
EURUSD,2025.03.24,16:00:00,1.079797,1.081549,1.078516,1.080497,100.0000
EURUSD,2025.03.24,20:00:00,1.080497,1.080847,1.079797,1.080497,100.0000
EURUSD,2025.03.25,00:00:00,1.080497,1.081081,1.079797,1.080614,100.0000
EURUSD,2025.03.25,04:00:00,1.080731,1.081198,1.078865,1.079098,100.0000
EURUSD,2025.03.25,08:00:00,1.079098,1.083072,1.078167,1.082017,100.0000
EURUSD,2025.03.25,12:00:00,1.082134,1.083306,1.080147,1.080497,100.0000
EURUSD,2025.03.25,16:00:00,1.080614,1.081900,1.079447,1.079797,100.0000
EURUSD,2025.03.25,20:00:00,1.079797,1.079797,1.078865,1.078981,100.0000
EURUSD,2025.03.26,00:00:00,1.079098,1.080030,1.078167,1.078749,100.0000
EURUSD,2025.03.26,04:00:00,1.078981,1.079331,1.078167,1.078981,100.0000
EURUSD,2025.03.26,08:00:00,1.079098,1.080497,1.078981,1.079564,100.0000
EURUSD,2025.03.26,12:00:00,1.079680,1.079797,1.077122,1.078400,100.0000
EURUSD,2025.03.26,16:00:00,1.078516,1.079447,1.074807,1.075384,100.0000
EURUSD,2025.03.26,20:00:00,1.075500,1.076079,1.073653,1.074460,100.0000
EURUSD,2025.03.27,00:00:00,1.074460,1.078283,1.074460,1.078167,100.0000
EURUSD,2025.03.27,04:00:00,1.078167,1.078981,1.075847,1.076774,100.0000
EURUSD,2025.03.27,08:00:00,1.076774,1.080030,1.075963,1.078865,100.0000
EURUSD,2025.03.27,12:00:00,1.079098,1.082251,1.078167,1.080147,100.0000
EURUSD,2025.03.27,16:00:00,1.080030,1.081081,1.079214,1.079797,100.0000
EURUSD,2025.03.27,20:00:00,1.079680,1.080497,1.079680,1.080380,100.0000
EURUSD,2025.03.28,00:00:00,1.080264,1.080264,1.079214,1.079447,100.0000
EURUSD,2025.03.28,04:00:00,1.079564,1.080264,1.078516,1.079098,100.0000
EURUSD,2025.03.28,08:00:00,1.079331,1.079797,1.077006,1.077586,100.0000
EURUSD,2025.03.28,12:00:00,1.077586,1.084716,1.076890,1.082720,100.0000
EURUSD,2025.03.28,16:00:00,1.082837,1.083541,1.081549,1.082837,100.0000
EURUSD,2025.03.28,20:00:00,1.082837,1.083893,1.082837,1.083072,100.0000
EURUSD,2025.03.30,20:00:00,1.082368,1.083072,1.081666,1.082720,100.0000
EURUSD,2025.03.31,00:00:00,1.082720,1.084834,1.082603,1.083658,100.0000
EURUSD,2025.03.31,04:00:00,1.083658,1.085069,1.082485,1.083424,100.0000
EURUSD,2025.03.31,08:00:00,1.083424,1.083658,1.080964,1.082368,100.0000
EURUSD,2025.03.31,12:00:00,1.082251,1.082368,1.078749,1.079680,100.0000
EURUSD,2025.03.31,16:00:00,1.079914,1.082251,1.079214,1.081783,100.0000
EURUSD,2025.03.31,20:00:00,1.081666,1.082368,1.081315,1.082017,100.0000
EURUSD,2025.04.01,00:00:00,1.082134,1.083072,1.082017,1.083072,100.0000
EURUSD,2025.04.01,04:00:00,1.082954,1.083306,1.080264,1.080497,100.0000
EURUSD,2025.04.01,08:00:00,1.080380,1.082954,1.078167,1.078400,100.0000
EURUSD,2025.04.01,12:00:00,1.078400,1.081549,1.078283,1.080380,100.0000
EURUSD,2025.04.01,16:00:00,1.080264,1.080731,1.078865,1.079214,100.0000
EURUSD,2025.04.01,20:00:00,1.079214,1.081081,1.079214,1.079797,100.0000
EURUSD,2025.04.02,00:00:00,1.079797,1.080497,1.079098,1.079914,100.0000
EURUSD,2025.04.02,04:00:00,1.079914,1.080030,1.078516,1.079447,100.0000
EURUSD,2025.04.02,08:00:00,1.079447,1.081198,1.079098,1.080497,100.0000
EURUSD,2025.04.02,12:00:00,1.080731,1.087548,1.080147,1.087193,100.0000
EURUSD,2025.04.02,16:00:00,1.086957,1.086957,1.085069,1.085305,100.0000
EURUSD,2025.04.02,20:00:00,1.085305,1.091465,1.081081,1.090750,100.0000
EURUSD,2025.04.03,00:00:00,1.090394,1.092657,1.088376,1.091584,100.0000
EURUSD,2025.04.03,04:00:00,1.091703,1.099384,1.090988,1.097213,100.0000
EURUSD,2025.04.03,08:00:00,1.097695,1.113834,1.097454,1.109139,100.0000
EURUSD,2025.04.03,12:00:00,1.109262,1.113586,1.104606,1.105461,100.0000
EURUSD,2025.04.03,16:00:00,1.105339,1.105828,1.101928,1.102657,100.0000
EURUSD,2025.04.03,20:00:00,1.102779,1.107420,1.102536,1.104728,100.0000
EURUSD,2025.04.04,00:00:00,1.104972,1.110001,1.103997,1.109632,100.0000
EURUSD,2025.04.04,04:00:00,1.109755,1.110988,1.100231,1.100231,100.0000
EURUSD,2025.04.04,08:00:00,1.100231,1.108156,1.097454,1.106072,100.0000
EURUSD,2025.04.04,12:00:00,1.106317,1.109139,1.096491,1.101807,100.0000
EURUSD,2025.04.04,16:00:00,1.101928,1.101928,1.092896,1.094811,100.0000
EURUSD,2025.04.04,20:00:00,1.094811,1.097213,1.093613,1.096251,100.0000
EURUSD,2025.04.06,20:00:00,1.098539,1.100231,1.098539,1.098780,100.0000
EURUSD,2025.04.07,00:00:00,1.098177,1.098177,1.092538,1.095410,100.0000
EURUSD,2025.04.07,04:00:00,1.095290,1.104850,1.095290,1.100473,100.0000
EURUSD,2025.04.07,08:00:00,1.100837,1.102293,1.093972,1.097093,100.0000
EURUSD,2025.04.07,12:00:00,1.096852,1.098901,1.090631,1.091703,100.0000
EURUSD,2025.04.07,16:00:00,1.091584,1.095170,1.090988,1.092180,100.0000
EURUSD,2025.04.07,20:00:00,1.091941,1.092299,1.090513,1.091822,100.0000
EURUSD,2025.04.08,00:00:00,1.092061,1.098298,1.092061,1.096611,100.0000
EURUSD,2025.04.08,04:00:00,1.096611,1.099384,1.092657,1.092657,100.0000
EURUSD,2025.04.08,08:00:00,1.092657,1.095170,1.091465,1.093733,100.0000
EURUSD,2025.04.08,12:00:00,1.094092,1.097093,1.089562,1.091346,100.0000
EURUSD,2025.04.08,16:00:00,1.091107,1.098056,1.090156,1.096011,100.0000
EURUSD,2025.04.08,20:00:00,1.095890,1.098780,1.094331,1.097936,100.0000
EURUSD,2025.04.09,00:00:00,1.098056,1.104240,1.097574,1.102171,100.0000
EURUSD,2025.04.09,04:00:00,1.102414,1.109139,1.101564,1.101564,100.0000
EURUSD,2025.04.09,08:00:00,1.101928,1.105950,1.100231,1.103631,100.0000
EURUSD,2025.04.09,12:00:00,1.103997,1.109632,1.103509,1.104362,100.0000
EURUSD,2025.04.09,16:00:00,1.104118,1.105339,1.092419,1.094212,100.0000
EURUSD,2025.04.09,20:00:00,1.093613,1.096611,1.093374,1.095410,100.0000
EURUSD,2025.04.10,00:00:00,1.095530,1.099143,1.095530,1.098660,100.0000
EURUSD,2025.04.10,04:00:00,1.098418,1.103144,1.096732,1.103144,100.0000
EURUSD,2025.04.10,08:00:00,1.102901,1.109016,1.102050,1.107542,100.0000
EURUSD,2025.04.10,12:00:00,1.107297,1.122712,1.107297,1.119445,100.0000
EURUSD,2025.04.10,16:00:00,1.119069,1.124354,1.116321,1.120825,100.0000
EURUSD,2025.04.10,20:00:00,1.120574,1.126380,1.118568,1.126380,100.0000
EURUSD,2025.04.11,00:00:00,1.126507,1.136105,1.125746,1.134430,100.0000
EURUSD,2025.04.11,04:00:00,1.134044,1.137268,1.125239,1.136880,100.0000
EURUSD,2025.04.11,08:00:00,1.136364,1.147315,1.132503,1.132888,100.0000
EURUSD,2025.04.11,12:00:00,1.133530,1.141553,1.132118,1.133016,100.0000
EURUSD,2025.04.11,16:00:00,1.132759,1.134559,1.128286,1.134559,100.0000
EURUSD,2025.04.11,20:00:00,1.134173,1.136622,1.134173,1.136364,100.0000
EURUSD,2025.04.13,20:00:00,1.134173,1.135074,1.133016,1.134687,100.0000
EURUSD,2025.04.14,00:00:00,1.134687,1.141162,1.134687,1.137527,100.0000
EURUSD,2025.04.14,04:00:00,1.137656,1.142465,1.135847,1.139341,100.0000
EURUSD,2025.04.14,08:00:00,1.139082,1.141292,1.137527,1.138563,100.0000
EURUSD,2025.04.14,12:00:00,1.138693,1.139212,1.130071,1.136105,100.0000
EURUSD,2025.04.14,16:00:00,1.135976,1.137268,1.133273,1.135718,100.0000
EURUSD,2025.04.14,20:00:00,1.135589,1.136751,1.133787,1.134044,100.0000
EURUSD,2025.04.15,00:00:00,1.133915,1.135589,1.131862,1.135074,100.0000
EURUSD,2025.04.15,04:00:00,1.135074,1.137010,1.132631,1.135847,100.0000
EURUSD,2025.04.15,08:00:00,1.136364,1.137915,1.131990,1.132888,100.0000
EURUSD,2025.04.15,12:00:00,1.132888,1.134301,1.128668,1.129050,100.0000
EURUSD,2025.04.15,16:00:00,1.129305,1.129433,1.126888,1.128541,100.0000
EURUSD,2025.04.15,20:00:00,1.128796,1.130199,1.128286,1.129561,100.0000
EURUSD,2025.04.16,00:00:00,1.129688,1.134559,1.129688,1.134559,100.0000
EURUSD,2025.04.16,04:00:00,1.134687,1.139471,1.133658,1.138822,100.0000
EURUSD,2025.04.16,08:00:00,1.139082,1.139082,1.134559,1.136493,100.0000
EURUSD,2025.04.16,12:00:00,1.136751,1.138693,1.134687,1.138563,100.0000
EURUSD,2025.04.16,16:00:00,1.138693,1.141553,1.136622,1.139212,100.0000
EURUSD,2025.04.16,20:00:00,1.138822,1.141162,1.138563,1.139861,100.0000
EURUSD,2025.04.17,00:00:00,1.139991,1.139991,1.136105,1.136751,100.0000
EURUSD,2025.04.17,04:00:00,1.136751,1.138174,1.134816,1.138045,100.0000
EURUSD,2025.04.17,08:00:00,1.138174,1.139082,1.135976,1.136105,100.0000
EURUSD,2025.04.17,12:00:00,1.135847,1.138822,1.134430,1.136493,100.0000
EURUSD,2025.04.17,16:00:00,1.136622,1.137915,1.134430,1.137527,100.0000
EURUSD,2025.04.17,20:00:00,1.137527,1.138045,1.136364,1.137656,100.0000
EURUSD,2025.04.18,00:00:00,1.137656,1.138563,1.137268,1.137656,100.0000
EURUSD,2025.04.18,04:00:00,1.137527,1.137915,1.136364,1.137268,100.0000
EURUSD,2025.04.18,08:00:00,1.137139,1.138563,1.137010,1.138433,100.0000
EURUSD,2025.04.18,12:00:00,1.138433,1.139991,1.138045,1.139471,100.0000
EURUSD,2025.04.18,16:00:00,1.139601,1.139991,1.139082,1.139731,100.0000
EURUSD,2025.04.18,20:00:00,1.139861,1.140121,1.139471,1.139601,100.0000
EURUSD,2025.04.20,20:00:00,1.143772,1.146132,1.143772,1.145213,100.0000
EURUSD,2025.04.21,00:00:00,1.145738,1.152738,1.145738,1.151941,100.0000
EURUSD,2025.04.21,04:00:00,1.151543,1.156203,1.150616,1.156069,100.0000
EURUSD,2025.04.21,08:00:00,1.155802,1.157541,1.151808,1.154734,100.0000
EURUSD,2025.04.21,12:00:00,1.154734,1.155268,1.148633,1.151145,100.0000
EURUSD,2025.04.21,16:00:00,1.150880,1.153004,1.149822,1.151676,100.0000
EURUSD,2025.04.21,20:00:00,1.151808,1.152738,1.150880,1.151543,100.0000
EURUSD,2025.04.22,00:00:00,1.151278,1.154335,1.148633,1.153935,100.0000
EURUSD,2025.04.22,04:00:00,1.153802,1.155001,1.148897,1.150748,100.0000
EURUSD,2025.04.22,08:00:00,1.151013,1.151543,1.148765,1.148897,100.0000
EURUSD,2025.04.22,12:00:00,1.148897,1.149293,1.146132,1.146789,100.0000
EURUSD,2025.04.22,16:00:00,1.146526,1.147184,1.142335,1.142335,100.0000
EURUSD,2025.04.22,20:00:00,1.142465,1.143249,1.131094,1.135332,100.0000
EURUSD,2025.04.23,00:00:00,1.135460,1.141683,1.135460,1.138433,100.0000
EURUSD,2025.04.23,04:00:00,1.138304,1.141162,1.137527,1.138693,100.0000
EURUSD,2025.04.23,08:00:00,1.139341,1.144296,1.138433,1.141292,100.0000
EURUSD,2025.04.23,12:00:00,1.141813,1.142204,1.133530,1.135332,100.0000
EURUSD,2025.04.23,16:00:00,1.135332,1.136751,1.131862,1.133016,100.0000
EURUSD,2025.04.23,20:00:00,1.132759,1.134816,1.131094,1.133273,100.0000
EURUSD,2025.04.24,00:00:00,1.132888,1.135976,1.132503,1.134301,100.0000
EURUSD,2025.04.24,04:00:00,1.134173,1.138304,1.133530,1.138304,100.0000
EURUSD,2025.04.24,08:00:00,1.138693,1.139601,1.137268,1.137527,100.0000
EURUSD,2025.04.24,12:00:00,1.137656,1.138952,1.135203,1.136493,100.0000
EURUSD,2025.04.24,16:00:00,1.136493,1.139991,1.136364,1.138822,100.0000
EURUSD,2025.04.24,20:00:00,1.138693,1.140121,1.137398,1.137527,100.0000
EURUSD,2025.04.25,00:00:00,1.137398,1.137398,1.133016,1.133016,100.0000
EURUSD,2025.04.25,04:00:00,1.132503,1.137139,1.132118,1.136364,100.0000
EURUSD,2025.04.25,08:00:00,1.136105,1.137010,1.134044,1.135332,100.0000
EURUSD,2025.04.25,12:00:00,1.135460,1.138433,1.133787,1.138304,100.0000
EURUSD,2025.04.25,16:00:00,1.138304,1.139082,1.136235,1.136235,100.0000
EURUSD,2025.04.25,20:00:00,1.136622,1.136880,1.136105,1.136880,100.0000
EURUSD,2025.04.27,20:00:00,1.135332,1.135847,1.134687,1.134816,100.0000
EURUSD,2025.04.28,00:00:00,1.134945,1.136880,1.134816,1.135976,100.0000
EURUSD,2025.04.28,04:00:00,1.135847,1.138433,1.133530,1.135074,100.0000
EURUSD,2025.04.28,08:00:00,1.134945,1.136235,1.133915,1.135460,100.0000
EURUSD,2025.04.28,12:00:00,1.135589,1.140641,1.134430,1.138952,100.0000
EURUSD,2025.04.28,16:00:00,1.139212,1.142727,1.138952,1.142596,100.0000
EURUSD,2025.04.28,20:00:00,1.142596,1.142857,1.140641,1.141162,100.0000
EURUSD,2025.04.29,00:00:00,1.141292,1.142204,1.139082,1.139341,100.0000
EURUSD,2025.04.29,04:00:00,1.139471,1.141292,1.137915,1.140641,100.0000
EURUSD,2025.04.29,08:00:00,1.140641,1.141162,1.137527,1.137656,100.0000
EURUSD,2025.04.29,12:00:00,1.137786,1.141683,1.137527,1.139991,100.0000
EURUSD,2025.04.29,16:00:00,1.140121,1.142074,1.137915,1.138433,100.0000
EURUSD,2025.04.29,20:00:00,1.138563,1.140251,1.138433,1.139341,100.0000
EURUSD,2025.04.30,00:00:00,1.139341,1.139861,1.136105,1.137268,100.0000
EURUSD,2025.04.30,04:00:00,1.137268,1.140251,1.137010,1.138304,100.0000
EURUSD,2025.04.30,08:00:00,1.138045,1.138822,1.136105,1.137786,100.0000
EURUSD,2025.04.30,12:00:00,1.137786,1.138952,1.133016,1.135203,100.0000
EURUSD,2025.04.30,16:00:00,1.135203,1.136880,1.133401,1.133530,100.0000
EURUSD,2025.04.30,20:00:00,1.133144,1.133787,1.132246,1.132631,100.0000
EURUSD,2025.05.01,00:00:00,1.132888,1.133273,1.130454,1.131478,100.0000
EURUSD,2025.05.01,04:00:00,1.131606,1.131734,1.129178,1.131478,100.0000
EURUSD,2025.05.01,08:00:00,1.131734,1.134301,1.131734,1.132503,100.0000
EURUSD,2025.05.01,12:00:00,1.132118,1.133787,1.127015,1.128413,100.0000
EURUSD,2025.05.01,16:00:00,1.128286,1.129688,1.127777,1.129178,100.0000
EURUSD,2025.05.01,20:00:00,1.129178,1.130327,1.128923,1.129943,100.0000
EURUSD,2025.05.02,00:00:00,1.130199,1.131862,1.127777,1.131734,100.0000
EURUSD,2025.05.02,04:00:00,1.131606,1.134044,1.130454,1.133401,100.0000
EURUSD,2025.05.02,08:00:00,1.132888,1.135847,1.132118,1.134945,100.0000
EURUSD,2025.05.02,12:00:00,1.134945,1.138304,1.131606,1.133273,100.0000
EURUSD,2025.05.02,16:00:00,1.133401,1.134301,1.129688,1.130838,100.0000
EURUSD,2025.05.02,20:00:00,1.130710,1.130838,1.129816,1.130327,100.0000
EURUSD,2025.05.04,20:00:00,1.130838,1.133016,1.130582,1.132503,100.0000
EURUSD,2025.05.05,00:00:00,1.132375,1.134945,1.131862,1.133530,100.0000
EURUSD,2025.05.05,04:00:00,1.133530,1.135074,1.131734,1.131734,100.0000
EURUSD,2025.05.05,08:00:00,1.131734,1.135976,1.131606,1.134559,100.0000
EURUSD,2025.05.05,12:00:00,1.134687,1.136751,1.131734,1.131734,100.0000
EURUSD,2025.05.05,16:00:00,1.131350,1.132375,1.130199,1.131990,100.0000
EURUSD,2025.05.05,20:00:00,1.131990,1.132375,1.131350,1.131606,100.0000
EURUSD,2025.05.06,00:00:00,1.131478,1.132118,1.128286,1.131862,100.0000
EURUSD,2025.05.06,04:00:00,1.131862,1.135074,1.131734,1.134173,100.0000
EURUSD,2025.05.06,08:00:00,1.134044,1.135074,1.130966,1.132888,100.0000
EURUSD,2025.05.06,12:00:00,1.133144,1.136751,1.132246,1.134816,100.0000
EURUSD,2025.05.06,16:00:00,1.134687,1.138304,1.133530,1.137656,100.0000
EURUSD,2025.05.06,20:00:00,1.137786,1.138304,1.133016,1.134301,100.0000
EURUSD,2025.05.07,00:00:00,1.134301,1.135332,1.132888,1.134945,100.0000
EURUSD,2025.05.07,04:00:00,1.134816,1.138045,1.134687,1.136364,100.0000
EURUSD,2025.05.07,08:00:00,1.136622,1.137656,1.135074,1.136105,100.0000
EURUSD,2025.05.07,12:00:00,1.136105,1.137398,1.134559,1.135074,100.0000
EURUSD,2025.05.07,16:00:00,1.134687,1.136622,1.130838,1.130966,100.0000
EURUSD,2025.05.07,20:00:00,1.130966,1.131990,1.129688,1.130838,100.0000
EURUSD,2025.05.08,00:00:00,1.130582,1.133915,1.130582,1.133016,100.0000
EURUSD,2025.05.08,04:00:00,1.133144,1.133401,1.127523,1.130071,100.0000
EURUSD,2025.05.08,08:00:00,1.129943,1.130838,1.128032,1.129943,100.0000
EURUSD,2025.05.08,12:00:00,1.129943,1.132246,1.123974,1.125113,100.0000
EURUSD,2025.05.08,16:00:00,1.125239,1.125239,1.121579,1.123217,100.0000
EURUSD,2025.05.08,20:00:00,1.122965,1.123595,1.122208,1.122838,100.0000
EURUSD,2025.05.09,00:00:00,1.123091,1.123469,1.120072,1.122460,100.0000
EURUSD,2025.05.09,04:00:00,1.122586,1.126126,1.122208,1.125492,100.0000
EURUSD,2025.05.09,08:00:00,1.125619,1.126253,1.124606,1.125746,100.0000
EURUSD,2025.05.09,12:00:00,1.125746,1.129433,1.125113,1.127396,100.0000
EURUSD,2025.05.09,16:00:00,1.127396,1.127777,1.125239,1.125999,100.0000
EURUSD,2025.05.09,20:00:00,1.125873,1.125999,1.124986,1.124986,100.0000
EURUSD,2025.05.11,20:00:00,1.122965,1.123848,1.122712,1.123091,100.0000
EURUSD,2025.05.12,00:00:00,1.123343,1.124480,1.122712,1.123595,100.0000
EURUSD,2025.05.12,04:00:00,1.123469,1.123722,1.110248,1.110864,100.0000
EURUSD,2025.05.12,08:00:00,1.110864,1.114703,1.107542,1.111235,100.0000
EURUSD,2025.05.12,12:00:00,1.110864,1.113586,1.110371,1.110741,100.0000
EURUSD,2025.05.12,16:00:00,1.110988,1.111358,1.107052,1.109509,100.0000
EURUSD,2025.05.12,20:00:00,1.109509,1.110248,1.108647,1.109878,100.0000
EURUSD,2025.05.13,00:00:00,1.110001,1.111976,1.110001,1.111976,100.0000
EURUSD,2025.05.13,04:00:00,1.111976,1.112595,1.110494,1.111729,100.0000
EURUSD,2025.05.13,08:00:00,1.112100,1.112100,1.110124,1.110988,100.0000
EURUSD,2025.05.13,12:00:00,1.111111,1.118068,1.111111,1.117818,100.0000
EURUSD,2025.05.13,16:00:00,1.117943,1.119445,1.116819,1.119319,100.0000
EURUSD,2025.05.13,20:00:00,1.119194,1.119946,1.118819,1.119069,100.0000
EURUSD,2025.05.14,00:00:00,1.119069,1.119946,1.118568,1.119821,100.0000
EURUSD,2025.05.14,04:00:00,1.120323,1.121957,1.118568,1.121831,100.0000
EURUSD,2025.05.14,08:00:00,1.121705,1.126761,1.121705,1.121957,100.0000
EURUSD,2025.05.14,12:00:00,1.122208,1.123848,1.120197,1.120699,100.0000
EURUSD,2025.05.14,16:00:00,1.120825,1.121453,1.116944,1.117069,100.0000
EURUSD,2025.05.14,20:00:00,1.117194,1.119069,1.116819,1.118568,100.0000
EURUSD,2025.05.15,00:00:00,1.118443,1.120323,1.117943,1.119946,100.0000
EURUSD,2025.05.15,04:00:00,1.120197,1.123091,1.118944,1.120197,100.0000
EURUSD,2025.05.15,08:00:00,1.119946,1.121579,1.118443,1.118443,100.0000
EURUSD,2025.05.15,12:00:00,1.118568,1.122460,1.117818,1.119069,100.0000
EURUSD,2025.05.15,16:00:00,1.119194,1.119319,1.117443,1.118819,100.0000
EURUSD,2025.05.15,20:00:00,1.118819,1.120072,1.118568,1.119570,100.0000
EURUSD,2025.05.16,00:00:00,1.119319,1.121076,1.119319,1.120323,100.0000
EURUSD,2025.05.16,04:00:00,1.120323,1.122208,1.119946,1.121076,100.0000
EURUSD,2025.05.16,08:00:00,1.120825,1.121076,1.119194,1.119695,100.0000
EURUSD,2025.05.16,12:00:00,1.119695,1.120699,1.114455,1.114455,100.0000
EURUSD,2025.05.16,16:00:00,1.114703,1.116071,1.113462,1.115200,100.0000
EURUSD,2025.05.16,20:00:00,1.115324,1.116944,1.114951,1.116695,100.0000
EURUSD,2025.05.18,20:00:00,1.119319,1.119695,1.118568,1.119069,100.0000
EURUSD,2025.05.19,00:00:00,1.119319,1.120197,1.117818,1.118443,100.0000
EURUSD,2025.05.19,04:00:00,1.118443,1.124733,1.118068,1.124101,100.0000
EURUSD,2025.05.19,08:00:00,1.123974,1.129050,1.123974,1.127523,100.0000
EURUSD,2025.05.19,12:00:00,1.127650,1.127650,1.123722,1.123722,100.0000
EURUSD,2025.05.19,16:00:00,1.123848,1.124480,1.122838,1.124354,100.0000
EURUSD,2025.05.19,20:00:00,1.124354,1.125619,1.123469,1.123595,100.0000
EURUSD,2025.05.20,00:00:00,1.123469,1.125239,1.122208,1.124859,100.0000
EURUSD,2025.05.20,04:00:00,1.124986,1.128159,1.124480,1.128159,100.0000
EURUSD,2025.05.20,08:00:00,1.127904,1.127904,1.124606,1.124986,100.0000
EURUSD,2025.05.20,12:00:00,1.124859,1.127142,1.122838,1.125746,100.0000
EURUSD,2025.05.20,16:00:00,1.125873,1.128541,1.124859,1.128413,100.0000
EURUSD,2025.05.20,20:00:00,1.128286,1.129178,1.128159,1.129178,100.0000
EURUSD,2025.05.21,00:00:00,1.129305,1.134044,1.129050,1.133787,100.0000
EURUSD,2025.05.21,04:00:00,1.133787,1.135460,1.131862,1.132759,100.0000
EURUSD,2025.05.21,08:00:00,1.133016,1.136364,1.131606,1.132631,100.0000
EURUSD,2025.05.21,12:00:00,1.132503,1.135332,1.132246,1.134430,100.0000
EURUSD,2025.05.21,16:00:00,1.134559,1.136364,1.132246,1.132246,100.0000
EURUSD,2025.05.21,20:00:00,1.131990,1.133530,1.131478,1.133530,100.0000
EURUSD,2025.05.22,00:00:00,1.133658,1.134816,1.132246,1.133658,100.0000
EURUSD,2025.05.22,04:00:00,1.133658,1.134430,1.130071,1.132375,100.0000
EURUSD,2025.05.22,08:00:00,1.132246,1.133658,1.129433,1.131222,100.0000
EURUSD,2025.05.22,12:00:00,1.131222,1.131734,1.126888,1.128413,100.0000
EURUSD,2025.05.22,16:00:00,1.128159,1.129050,1.126126,1.128159,100.0000
EURUSD,2025.05.22,20:00:00,1.128159,1.129178,1.128032,1.128541,100.0000
EURUSD,2025.05.23,00:00:00,1.128541,1.132246,1.128286,1.131606,100.0000
EURUSD,2025.05.23,04:00:00,1.131734,1.134816,1.131222,1.134430,100.0000
EURUSD,2025.05.23,08:00:00,1.134044,1.137527,1.130710,1.133016,100.0000
EURUSD,2025.05.23,12:00:00,1.132631,1.136235,1.130327,1.135203,100.0000
EURUSD,2025.05.23,16:00:00,1.135203,1.137268,1.134559,1.136751,100.0000
EURUSD,2025.05.23,20:00:00,1.136622,1.137139,1.136364,1.136880,100.0000
EURUSD,2025.05.25,20:00:00,1.137786,1.138433,1.137398,1.137786,100.0000
EURUSD,2025.05.26,00:00:00,1.138174,1.142204,1.137786,1.141553,100.0000
EURUSD,2025.05.26,04:00:00,1.141553,1.142204,1.139212,1.139341,100.0000
EURUSD,2025.05.26,08:00:00,1.139341,1.139731,1.137786,1.137915,100.0000
EURUSD,2025.05.26,12:00:00,1.138045,1.138822,1.137268,1.138433,100.0000
EURUSD,2025.05.26,16:00:00,1.138304,1.138822,1.138045,1.138822,100.0000
EURUSD,2025.05.26,20:00:00,1.138693,1.139731,1.138693,1.139212,100.0000
EURUSD,2025.05.27,00:00:00,1.139212,1.141032,1.139212,1.139731,100.0000
EURUSD,2025.05.27,04:00:00,1.139991,1.139991,1.134173,1.134173,100.0000
EURUSD,2025.05.27,08:00:00,1.134559,1.136105,1.134430,1.135460,100.0000
EURUSD,2025.05.27,12:00:00,1.135460,1.137786,1.132759,1.132759,100.0000
EURUSD,2025.05.27,16:00:00,1.132759,1.134173,1.132759,1.133401,100.0000
EURUSD,2025.05.27,20:00:00,1.133273,1.134173,1.133016,1.133915,100.0000
EURUSD,2025.05.28,00:00:00,1.134173,1.134816,1.130454,1.131094,100.0000
EURUSD,2025.05.28,04:00:00,1.131222,1.133401,1.129943,1.133016,100.0000
EURUSD,2025.05.28,08:00:00,1.133144,1.134301,1.131990,1.132118,100.0000
EURUSD,2025.05.28,12:00:00,1.132118,1.132631,1.128796,1.128796,100.0000
EURUSD,2025.05.28,16:00:00,1.128796,1.130454,1.128796,1.129433,100.0000
EURUSD,2025.05.28,20:00:00,1.129433,1.130071,1.121957,1.123091,100.0000
EURUSD,2025.05.29,00:00:00,1.122965,1.125999,1.122965,1.125113,100.0000
EURUSD,2025.05.29,04:00:00,1.125113,1.128413,1.123469,1.128032,100.0000
EURUSD,2025.05.29,08:00:00,1.127904,1.129433,1.126507,1.127396,100.0000
EURUSD,2025.05.29,12:00:00,1.127650,1.137268,1.127650,1.137139,100.0000
EURUSD,2025.05.29,16:00:00,1.137398,1.138693,1.136493,1.137010,100.0000
EURUSD,2025.05.29,20:00:00,1.137010,1.138304,1.136493,1.138045,100.0000
EURUSD,2025.05.30,00:00:00,1.138045,1.139212,1.134945,1.135203,100.0000
EURUSD,2025.05.30,04:00:00,1.135332,1.135847,1.133144,1.133915,100.0000
EURUSD,2025.05.30,08:00:00,1.134044,1.134816,1.132759,1.134173,100.0000
EURUSD,2025.05.30,12:00:00,1.134044,1.136105,1.131990,1.134945,100.0000
EURUSD,2025.05.30,16:00:00,1.135203,1.137010,1.134687,1.135847,100.0000
EURUSD,2025.05.30,20:00:00,1.135847,1.135847,1.134816,1.135074,100.0000
EURUSD,2025.06.01,20:00:00,1.135847,1.136364,1.135460,1.135718,100.0000
EURUSD,2025.06.02,00:00:00,1.135718,1.138433,1.135718,1.136493,100.0000
EURUSD,2025.06.02,04:00:00,1.136751,1.143903,1.136364,1.142857,100.0000
EURUSD,2025.06.02,08:00:00,1.142596,1.144034,1.141292,1.141683,100.0000
EURUSD,2025.06.02,12:00:00,1.141683,1.145213,1.140771,1.143249,100.0000
EURUSD,2025.06.02,16:00:00,1.143380,1.144820,1.141683,1.144820,100.0000
EURUSD,2025.06.02,20:00:00,1.144820,1.145738,1.143511,1.145738,100.0000
EURUSD,2025.06.03,00:00:00,1.145607,1.145738,1.141944,1.142204,100.0000
EURUSD,2025.06.03,04:00:00,1.142335,1.143511,1.141683,1.142074,100.0000
EURUSD,2025.06.03,08:00:00,1.141813,1.142074,1.139082,1.139212,100.0000
EURUSD,2025.06.03,12:00:00,1.139471,1.139731,1.136880,1.137527,100.0000
EURUSD,2025.06.03,16:00:00,1.137656,1.138563,1.137139,1.137139,100.0000
EURUSD,2025.06.03,20:00:00,1.137268,1.138822,1.137268,1.138693,100.0000
EURUSD,2025.06.04,00:00:00,1.138693,1.139601,1.137010,1.137139,100.0000
EURUSD,2025.06.04,04:00:00,1.137139,1.139991,1.136235,1.139082,100.0000
EURUSD,2025.06.04,08:00:00,1.138952,1.140641,1.137786,1.138304,100.0000
EURUSD,2025.06.04,12:00:00,1.138304,1.143641,1.138304,1.142727,100.0000
EURUSD,2025.06.04,16:00:00,1.142596,1.143772,1.141553,1.141683,100.0000
EURUSD,2025.06.04,20:00:00,1.141553,1.143118,1.141422,1.142465,100.0000
EURUSD,2025.06.05,00:00:00,1.142465,1.143772,1.141422,1.141422,100.0000
EURUSD,2025.06.05,04:00:00,1.141292,1.142727,1.140901,1.141422,100.0000
EURUSD,2025.06.05,08:00:00,1.141553,1.143641,1.141292,1.142857,100.0000
EURUSD,2025.06.05,12:00:00,1.142988,1.149690,1.141944,1.144427,100.0000
EURUSD,2025.06.05,16:00:00,1.144165,1.145082,1.143511,1.144296,100.0000
EURUSD,2025.06.05,20:00:00,1.144034,1.145738,1.144034,1.145738,100.0000
EURUSD,2025.06.06,00:00:00,1.145607,1.146000,1.143641,1.144427,100.0000
EURUSD,2025.06.06,04:00:00,1.144296,1.144558,1.142465,1.142988,100.0000
EURUSD,2025.06.06,08:00:00,1.142988,1.143118,1.141422,1.142074,100.0000
EURUSD,2025.06.06,12:00:00,1.142074,1.142204,1.137527,1.140121,100.0000
EURUSD,2025.06.06,16:00:00,1.139991,1.140381,1.138822,1.139991,100.0000
EURUSD,2025.06.06,20:00:00,1.139991,1.140121,1.139601,1.139601,100.0000
EURUSD,2025.06.08,20:00:00,1.141032,1.141422,1.140771,1.140901,100.0000
EURUSD,2025.06.09,00:00:00,1.141032,1.142857,1.139601,1.141553,100.0000
EURUSD,2025.06.09,04:00:00,1.141553,1.143249,1.141422,1.142465,100.0000
EURUSD,2025.06.09,08:00:00,1.142596,1.144165,1.141292,1.142074,100.0000
EURUSD,2025.06.09,12:00:00,1.142074,1.142988,1.139082,1.142857,100.0000
EURUSD,2025.06.09,16:00:00,1.142465,1.143380,1.141944,1.142857,100.0000
EURUSD,2025.06.09,20:00:00,1.142596,1.143118,1.141813,1.142988,100.0000
EURUSD,2025.06.10,00:00:00,1.142727,1.143903,1.139082,1.140511,100.0000
EURUSD,2025.06.10,04:00:00,1.140641,1.141813,1.137786,1.139601,100.0000
EURUSD,2025.06.10,08:00:00,1.139601,1.143772,1.139601,1.143118,100.0000
EURUSD,2025.06.10,12:00:00,1.143511,1.145082,1.141944,1.142465,100.0000
EURUSD,2025.06.10,16:00:00,1.142596,1.144034,1.141944,1.142988,100.0000
EURUSD,2025.06.10,20:00:00,1.142988,1.144165,1.142204,1.144034,100.0000
EURUSD,2025.06.11,00:00:00,1.143903,1.143903,1.141032,1.141944,100.0000
EURUSD,2025.06.11,04:00:00,1.141813,1.142727,1.140901,1.142335,100.0000
EURUSD,2025.06.11,08:00:00,1.142204,1.144820,1.142204,1.143772,100.0000
EURUSD,2025.06.11,12:00:00,1.143641,1.149293,1.143511,1.149293,100.0000
EURUSD,2025.06.11,16:00:00,1.149293,1.150218,1.148369,1.148501,100.0000
EURUSD,2025.06.11,20:00:00,1.148633,1.151676,1.147974,1.151278,100.0000
EURUSD,2025.06.12,00:00:00,1.151278,1.153136,1.150483,1.152339,100.0000
EURUSD,2025.06.12,04:00:00,1.152206,1.153403,1.151145,1.153004,100.0000
EURUSD,2025.06.12,08:00:00,1.152871,1.160901,1.152738,1.159286,100.0000
EURUSD,2025.06.12,12:00:00,1.159286,1.163467,1.157140,1.158078,100.0000
EURUSD,2025.06.12,16:00:00,1.157809,1.158346,1.156738,1.158078,100.0000
EURUSD,2025.06.12,20:00:00,1.157943,1.161036,1.157140,1.161036,100.0000
EURUSD,2025.06.13,00:00:00,1.160901,1.161305,1.153136,1.153935,100.0000
EURUSD,2025.06.13,04:00:00,1.153935,1.156203,1.151676,1.153935,100.0000
EURUSD,2025.06.13,08:00:00,1.153935,1.155001,1.149557,1.151410,100.0000
EURUSD,2025.06.13,12:00:00,1.151410,1.157140,1.150616,1.155936,100.0000
EURUSD,2025.06.13,16:00:00,1.156203,1.156872,1.153935,1.155402,100.0000
EURUSD,2025.06.13,20:00:00,1.155135,1.155802,1.154201,1.155535,100.0000
EURUSD,2025.06.15,20:00:00,1.154468,1.154468,1.153136,1.154068,100.0000
EURUSD,2025.06.16,00:00:00,1.153935,1.155001,1.152738,1.153136,100.0000
EURUSD,2025.06.16,04:00:00,1.153270,1.158883,1.153270,1.158212,100.0000
EURUSD,2025.06.16,08:00:00,1.158212,1.158883,1.157407,1.157541,100.0000
EURUSD,2025.06.16,12:00:00,1.157675,1.161710,1.157541,1.158346,100.0000
EURUSD,2025.06.16,16:00:00,1.158614,1.158883,1.155802,1.155802,100.0000
EURUSD,2025.06.16,20:00:00,1.155802,1.157006,1.155135,1.155668,100.0000
EURUSD,2025.06.17,00:00:00,1.155402,1.156604,1.154734,1.156604,100.0000
EURUSD,2025.06.17,04:00:00,1.156604,1.157541,1.155135,1.156203,100.0000
EURUSD,2025.06.17,08:00:00,1.156203,1.157675,1.155402,1.156470,100.0000
EURUSD,2025.06.17,12:00:00,1.156604,1.157541,1.151543,1.153669,100.0000
EURUSD,2025.06.17,16:00:00,1.153802,1.154335,1.147842,1.148765,100.0000
EURUSD,2025.06.17,20:00:00,1.148765,1.149161,1.147842,1.148633,100.0000
EURUSD,2025.06.18,00:00:00,1.148633,1.150880,1.148501,1.150351,100.0000
EURUSD,2025.06.18,04:00:00,1.150218,1.152472,1.150086,1.151808,100.0000
EURUSD,2025.06.18,08:00:00,1.151676,1.151941,1.149557,1.151013,100.0000
EURUSD,2025.06.18,12:00:00,1.151013,1.153004,1.149029,1.152472,100.0000
EURUSD,2025.06.18,16:00:00,1.152339,1.152871,1.146657,1.147842,100.0000
EURUSD,2025.06.18,20:00:00,1.147710,1.149161,1.146263,1.147974,100.0000
EURUSD,2025.06.19,00:00:00,1.147974,1.148633,1.145475,1.146920,100.0000
EURUSD,2025.06.19,04:00:00,1.146920,1.147974,1.145082,1.146526,100.0000
EURUSD,2025.06.19,08:00:00,1.146263,1.148897,1.146263,1.148369,100.0000
EURUSD,2025.06.19,12:00:00,1.148369,1.148765,1.146395,1.146395,100.0000
EURUSD,2025.06.19,16:00:00,1.146263,1.150351,1.145869,1.150086,100.0000
EURUSD,2025.06.19,20:00:00,1.149954,1.151543,1.149557,1.151543,100.0000
EURUSD,2025.06.20,00:00:00,1.151676,1.153403,1.151543,1.153270,100.0000
EURUSD,2025.06.20,04:00:00,1.153270,1.153536,1.151410,1.151941,100.0000
EURUSD,2025.06.20,08:00:00,1.151941,1.153802,1.151543,1.152605,100.0000
EURUSD,2025.06.20,12:00:00,1.152339,1.152871,1.149954,1.152339,100.0000
EURUSD,2025.06.20,16:00:00,1.152472,1.154734,1.151941,1.151941,100.0000
EURUSD,2025.06.20,20:00:00,1.151676,1.152605,1.151676,1.152605,100.0000
EURUSD,2025.06.22,20:00:00,1.149161,1.151013,1.149029,1.150351,100.0000
EURUSD,2025.06.23,00:00:00,1.150483,1.151013,1.147710,1.149690,100.0000
EURUSD,2025.06.23,04:00:00,1.149690,1.152339,1.148897,1.150351,100.0000
EURUSD,2025.06.23,08:00:00,1.150086,1.150086,1.145738,1.147710,100.0000
EURUSD,2025.06.23,12:00:00,1.147710,1.155268,1.146132,1.154068,100.0000
EURUSD,2025.06.23,16:00:00,1.154201,1.158212,1.152472,1.158078,100.0000
EURUSD,2025.06.23,20:00:00,1.157943,1.161170,1.157541,1.160093,100.0000
EURUSD,2025.06.24,00:00:00,1.160227,1.161305,1.159017,1.160901,100.0000
EURUSD,2025.06.24,04:00:00,1.160901,1.162520,1.158749,1.159555,100.0000
EURUSD,2025.06.24,08:00:00,1.159824,1.162115,1.159152,1.161170,100.0000
EURUSD,2025.06.24,12:00:00,1.160901,1.164144,1.158749,1.161170,100.0000
EURUSD,2025.06.24,16:00:00,1.161305,1.163467,1.160901,1.161575,100.0000
EURUSD,2025.06.24,20:00:00,1.161440,1.162520,1.160766,1.161575,100.0000
EURUSD,2025.06.25,00:00:00,1.161440,1.163467,1.161440,1.161575,100.0000
EURUSD,2025.06.25,04:00:00,1.161575,1.162520,1.159420,1.160362,100.0000
EURUSD,2025.06.25,08:00:00,1.160362,1.161575,1.159689,1.160362,100.0000
EURUSD,2025.06.25,12:00:00,1.160227,1.163196,1.159420,1.162385,100.0000
EURUSD,2025.06.25,16:00:00,1.162791,1.166861,1.162791,1.166045,100.0000
EURUSD,2025.06.25,20:00:00,1.166181,1.168770,1.165501,1.168770,100.0000
EURUSD,2025.06.26,00:00:00,1.168770,1.171234,1.167270,1.169864,100.0000
EURUSD,2025.06.26,04:00:00,1.169591,1.171646,1.167951,1.171097,100.0000
EURUSD,2025.06.26,08:00:00,1.171234,1.174536,1.169864,1.169864,100.0000
EURUSD,2025.06.26,12:00:00,1.169727,1.172333,1.169454,1.171921,100.0000
EURUSD,2025.06.26,16:00:00,1.171921,1.174260,1.170823,1.170823,100.0000
EURUSD,2025.06.26,20:00:00,1.171234,1.171234,1.168497,1.169591,100.0000
EURUSD,2025.06.27,00:00:00,1.169727,1.171097,1.169044,1.169864,100.0000
EURUSD,2025.06.27,04:00:00,1.169864,1.173020,1.168770,1.171783,100.0000
EURUSD,2025.06.27,08:00:00,1.172196,1.172883,1.170549,1.171783,100.0000
EURUSD,2025.06.27,12:00:00,1.171372,1.175226,1.170823,1.172745,100.0000
EURUSD,2025.06.27,16:00:00,1.172608,1.173571,1.169180,1.170960,100.0000
EURUSD,2025.06.27,20:00:00,1.171097,1.172745,1.171097,1.171921,100.0000
EURUSD,2025.06.29,20:00:00,1.173434,1.174122,1.173020,1.173020,100.0000
EURUSD,2025.06.30,00:00:00,1.173158,1.173709,1.171509,1.171646,100.0000
EURUSD,2025.06.30,04:00:00,1.171646,1.175364,1.171646,1.172883,100.0000
EURUSD,2025.06.30,08:00:00,1.172745,1.173571,1.172058,1.172608,100.0000
EURUSD,2025.06.30,12:00:00,1.172883,1.177440,1.171234,1.177440,100.0000
EURUSD,2025.06.30,16:00:00,1.177024,1.178411,1.175364,1.178411,100.0000
EURUSD,2025.06.30,20:00:00,1.178273,1.179384,1.178134,1.178967,100.0000
EURUSD,2025.07.01,00:00:00,1.179384,1.180916,1.178273,1.179245,100.0000
EURUSD,2025.07.01,04:00:00,1.179384,1.179663,1.177302,1.178967,100.0000
EURUSD,2025.07.01,08:00:00,1.178689,1.183152,1.177856,1.181754,100.0000
EURUSD,2025.07.01,12:00:00,1.181893,1.182033,1.177302,1.177995,100.0000
EURUSD,2025.07.01,16:00:00,1.177718,1.179384,1.176471,1.179384,100.0000
EURUSD,2025.07.01,20:00:00,1.179663,1.181056,1.179663,1.180916,100.0000
EURUSD,2025.07.02,00:00:00,1.180777,1.181335,1.179245,1.180359,100.0000
EURUSD,2025.07.02,04:00:00,1.180359,1.180498,1.177579,1.177718,100.0000
EURUSD,2025.07.02,08:00:00,1.177579,1.178411,1.175226,1.175226,100.0000
EURUSD,2025.07.02,12:00:00,1.174950,1.179245,1.174950,1.179245,100.0000
EURUSD,2025.07.02,16:00:00,1.179245,1.180638,1.178967,1.180638,100.0000
EURUSD,2025.07.02,20:00:00,1.180498,1.180498,1.178967,1.180220,100.0000
EURUSD,2025.07.03,00:00:00,1.180359,1.181335,1.179245,1.179523,100.0000
EURUSD,2025.07.03,04:00:00,1.179663,1.181335,1.178967,1.180638,100.0000
EURUSD,2025.07.03,08:00:00,1.180498,1.181195,1.178689,1.178689,100.0000
EURUSD,2025.07.03,12:00:00,1.178967,1.179245,1.172333,1.176055,100.0000
EURUSD,2025.07.03,16:00:00,1.175917,1.176194,1.174398,1.175226,100.0000
EURUSD,2025.07.03,20:00:00,1.175088,1.177440,1.175088,1.177440,100.0000
EURUSD,2025.07.04,00:00:00,1.177302,1.177579,1.176055,1.177440,100.0000
EURUSD,2025.07.04,04:00:00,1.177302,1.178828,1.177163,1.177302,100.0000
EURUSD,2025.07.04,08:00:00,1.177302,1.178689,1.177163,1.177163,100.0000
EURUSD,2025.07.04,12:00:00,1.177163,1.179106,1.176747,1.178273,100.0000
EURUSD,2025.07.04,16:00:00,1.177995,1.178411,1.177579,1.177856,100.0000
EURUSD,2025.07.04,20:00:00,1.177856,1.178689,1.177718,1.177856,100.0000
EURUSD,2025.07.06,20:00:00,1.178411,1.178550,1.177995,1.178411,100.0000
EURUSD,2025.07.07,00:00:00,1.178411,1.179245,1.176886,1.177302,100.0000
EURUSD,2025.07.07,04:00:00,1.177302,1.177718,1.174950,1.175088,100.0000
EURUSD,2025.07.07,08:00:00,1.174950,1.175088,1.172608,1.173296,100.0000
EURUSD,2025.07.07,12:00:00,1.173434,1.174812,1.172196,1.173709,100.0000
EURUSD,2025.07.07,16:00:00,1.173709,1.174122,1.169044,1.172470,100.0000
EURUSD,2025.07.07,20:00:00,1.172333,1.174260,1.170960,1.174122,100.0000
EURUSD,2025.07.08,00:00:00,1.174122,1.175226,1.173434,1.174950,100.0000
EURUSD,2025.07.08,04:00:00,1.174812,1.176747,1.173571,1.176332,100.0000
EURUSD,2025.07.08,08:00:00,1.176332,1.176332,1.172608,1.172745,100.0000
EURUSD,2025.07.08,12:00:00,1.172470,1.172745,1.168634,1.170960,100.0000
EURUSD,2025.07.08,16:00:00,1.170960,1.173296,1.170001,1.172608,100.0000
EURUSD,2025.07.08,20:00:00,1.172745,1.173571,1.172058,1.172608,100.0000
EURUSD,2025.07.09,00:00:00,1.172745,1.172883,1.170686,1.170960,100.0000
EURUSD,2025.07.09,04:00:00,1.170823,1.173158,1.170549,1.171234,100.0000
EURUSD,2025.07.09,08:00:00,1.171097,1.172333,1.169454,1.169454,100.0000
EURUSD,2025.07.09,12:00:00,1.169591,1.172745,1.169591,1.170960,100.0000
EURUSD,2025.07.09,16:00:00,1.170960,1.172608,1.170412,1.172196,100.0000
EURUSD,2025.07.09,20:00:00,1.172196,1.174260,1.171509,1.174260,100.0000
EURUSD,2025.07.10,00:00:00,1.173985,1.175226,1.173709,1.173847,100.0000
EURUSD,2025.07.10,04:00:00,1.173709,1.174674,1.173020,1.173571,100.0000
EURUSD,2025.07.10,08:00:00,1.173709,1.173847,1.171234,1.171509,100.0000
EURUSD,2025.07.10,12:00:00,1.171646,1.171783,1.166997,1.169044,100.0000
EURUSD,2025.07.10,16:00:00,1.169044,1.170275,1.168497,1.169864,100.0000
EURUSD,2025.07.10,20:00:00,1.169864,1.171646,1.169864,1.170412,100.0000
EURUSD,2025.07.11,00:00:00,1.170549,1.170686,1.166997,1.168497,100.0000
EURUSD,2025.07.11,04:00:00,1.168497,1.169864,1.167270,1.169317,100.0000
EURUSD,2025.07.11,08:00:00,1.169180,1.170275,1.168361,1.169180,100.0000
EURUSD,2025.07.11,12:00:00,1.169044,1.170686,1.168088,1.169864,100.0000
EURUSD,2025.07.11,16:00:00,1.169864,1.170138,1.168907,1.169180,100.0000
EURUSD,2025.07.11,20:00:00,1.169180,1.169727,1.168361,1.169180,100.0000
EURUSD,2025.07.13,20:00:00,1.166725,1.168634,1.166725,1.168634,100.0000
EURUSD,2025.07.14,00:00:00,1.168770,1.170001,1.167679,1.168497,100.0000
EURUSD,2025.07.14,04:00:00,1.168224,1.169044,1.165909,1.169044,100.0000
EURUSD,2025.07.14,08:00:00,1.168907,1.170001,1.168361,1.169180,100.0000
EURUSD,2025.07.14,12:00:00,1.169454,1.169864,1.167270,1.167542,100.0000
EURUSD,2025.07.14,16:00:00,1.167406,1.167815,1.166317,1.167133,100.0000
EURUSD,2025.07.14,20:00:00,1.167133,1.167270,1.166453,1.166861,100.0000
EURUSD,2025.07.15,00:00:00,1.166861,1.168088,1.166861,1.167951,100.0000
EURUSD,2025.07.15,04:00:00,1.167951,1.169591,1.167542,1.169317,100.0000
EURUSD,2025.07.15,08:00:00,1.169317,1.169454,1.167133,1.167270,100.0000
EURUSD,2025.07.15,12:00:00,1.167133,1.169180,1.160631,1.162115,100.0000
EURUSD,2025.07.15,16:00:00,1.162250,1.162250,1.159689,1.160362,100.0000
EURUSD,2025.07.15,20:00:00,1.160362,1.161170,1.160093,1.161036,100.0000
EURUSD,2025.07.16,00:00:00,1.161305,1.161845,1.160631,1.161440,100.0000
EURUSD,2025.07.16,04:00:00,1.161440,1.163196,1.161440,1.162250,100.0000
EURUSD,2025.07.16,08:00:00,1.162250,1.162926,1.160497,1.160497,100.0000
EURUSD,2025.07.16,12:00:00,1.160631,1.171921,1.156738,1.162791,100.0000
EURUSD,2025.07.16,16:00:00,1.162926,1.166181,1.161980,1.163873,100.0000
EURUSD,2025.07.16,20:00:00,1.163738,1.164551,1.163332,1.163873,100.0000
EURUSD,2025.07.17,00:00:00,1.163873,1.163873,1.161845,1.162250,100.0000
EURUSD,2025.07.17,04:00:00,1.162250,1.162926,1.157809,1.159555,100.0000
EURUSD,2025.07.17,08:00:00,1.159420,1.160766,1.157407,1.157943,100.0000
EURUSD,2025.07.17,12:00:00,1.158078,1.160631,1.156872,1.159958,100.0000
EURUSD,2025.07.17,16:00:00,1.160093,1.160497,1.158346,1.160227,100.0000
EURUSD,2025.07.17,20:00:00,1.160227,1.162385,1.159286,1.161845,100.0000
EURUSD,2025.07.18,00:00:00,1.161980,1.163738,1.161980,1.162791,100.0000
EURUSD,2025.07.18,04:00:00,1.162656,1.163332,1.161575,1.163196,100.0000
EURUSD,2025.07.18,08:00:00,1.163467,1.165230,1.163467,1.164687,100.0000
EURUSD,2025.07.18,12:00:00,1.164687,1.167270,1.164687,1.164687,100.0000
EURUSD,2025.07.18,16:00:00,1.164822,1.165094,1.161980,1.162520,100.0000
EURUSD,2025.07.18,20:00:00,1.162520,1.163061,1.161845,1.161845,100.0000
EURUSD,2025.07.20,20:00:00,1.162926,1.163467,1.162791,1.163332,100.0000
EURUSD,2025.07.21,00:00:00,1.163332,1.163873,1.161845,1.162791,100.0000
EURUSD,2025.07.21,04:00:00,1.162926,1.164958,1.162656,1.164687,100.0000
EURUSD,2025.07.21,08:00:00,1.164687,1.167270,1.163738,1.167133,100.0000
EURUSD,2025.07.21,12:00:00,1.167270,1.171921,1.166181,1.170823,100.0000
EURUSD,2025.07.21,16:00:00,1.170686,1.170823,1.169044,1.169317,100.0000
EURUSD,2025.07.21,20:00:00,1.169317,1.170001,1.169180,1.169727,100.0000
EURUSD,2025.07.22,00:00:00,1.169591,1.169864,1.168634,1.169044,100.0000
EURUSD,2025.07.22,04:00:00,1.169180,1.169727,1.168634,1.168907,100.0000
EURUSD,2025.07.22,08:00:00,1.168770,1.171234,1.168770,1.170549,100.0000
EURUSD,2025.07.22,12:00:00,1.170686,1.175226,1.168224,1.175226,100.0000
EURUSD,2025.07.22,16:00:00,1.174812,1.176332,1.174536,1.175641,100.0000
EURUSD,2025.07.22,20:00:00,1.175364,1.176332,1.173985,1.174122,100.0000
EURUSD,2025.07.23,00:00:00,1.174260,1.175088,1.173434,1.174260,100.0000
EURUSD,2025.07.23,04:00:00,1.174260,1.175364,1.173158,1.174536,100.0000
EURUSD,2025.07.23,08:00:00,1.174398,1.175088,1.172745,1.172883,100.0000
EURUSD,2025.07.23,12:00:00,1.172745,1.175779,1.171509,1.175503,100.0000
EURUSD,2025.07.23,16:00:00,1.175088,1.177856,1.174812,1.177579,100.0000
EURUSD,2025.07.23,20:00:00,1.177718,1.178273,1.177024,1.177718,100.0000
EURUSD,2025.07.24,00:00:00,1.177718,1.178273,1.176609,1.177856,100.0000
EURUSD,2025.07.24,04:00:00,1.177718,1.178134,1.175917,1.176471,100.0000
EURUSD,2025.07.24,08:00:00,1.176747,1.177163,1.174812,1.175917,100.0000
EURUSD,2025.07.24,12:00:00,1.175917,1.179106,1.173709,1.176886,100.0000
EURUSD,2025.07.24,16:00:00,1.176747,1.178134,1.176194,1.176194,100.0000
EURUSD,2025.07.24,20:00:00,1.176194,1.176332,1.174398,1.175779,100.0000
EURUSD,2025.07.25,00:00:00,1.175917,1.176194,1.173847,1.174674,100.0000
EURUSD,2025.07.25,04:00:00,1.174536,1.176332,1.173985,1.175641,100.0000
EURUSD,2025.07.25,08:00:00,1.175917,1.175917,1.171646,1.172470,100.0000
EURUSD,2025.07.25,12:00:00,1.172470,1.173985,1.170960,1.173296,100.0000
EURUSD,2025.07.25,16:00:00,1.173296,1.175088,1.172470,1.174812,100.0000
EURUSD,2025.07.25,20:00:00,1.174674,1.174674,1.174122,1.174398,100.0000
EURUSD,2025.07.27,20:00:00,1.175779,1.176332,1.175779,1.175917,100.0000
EURUSD,2025.07.28,00:00:00,1.176055,1.177440,1.175088,1.175917,100.0000
EURUSD,2025.07.28,04:00:00,1.176055,1.176194,1.167951,1.167951,100.0000
EURUSD,2025.07.28,08:00:00,1.167815,1.169317,1.164958,1.165365,100.0000
EURUSD,2025.07.28,12:00:00,1.165773,1.166725,1.161305,1.161305,100.0000
EURUSD,2025.07.28,16:00:00,1.161305,1.161305,1.158883,1.159420,100.0000
EURUSD,2025.07.28,20:00:00,1.159420,1.159958,1.158749,1.159958,100.0000
EURUSD,2025.07.29,00:00:00,1.159958,1.160227,1.158614,1.158749,100.0000
EURUSD,2025.07.29,04:00:00,1.158614,1.159286,1.153270,1.155668,100.0000
EURUSD,2025.07.29,08:00:00,1.155668,1.159017,1.154201,1.154468,100.0000
EURUSD,2025.07.29,12:00:00,1.154201,1.155135,1.152339,1.153403,100.0000
EURUSD,2025.07.29,16:00:00,1.153802,1.156203,1.153802,1.155402,100.0000
EURUSD,2025.07.29,20:00:00,1.155402,1.155668,1.154601,1.155402,100.0000
EURUSD,2025.07.30,00:00:00,1.155402,1.157541,1.155402,1.156470,100.0000
EURUSD,2025.07.30,04:00:00,1.156470,1.156872,1.154335,1.155668,100.0000
EURUSD,2025.07.30,08:00:00,1.155802,1.156337,1.152605,1.153403,100.0000
EURUSD,2025.07.30,12:00:00,1.153536,1.153802,1.146132,1.147184,100.0000
EURUSD,2025.07.30,16:00:00,1.147315,1.150218,1.141944,1.142465,100.0000
EURUSD,2025.07.30,20:00:00,1.142727,1.143380,1.140511,1.143118,100.0000
EURUSD,2025.07.31,00:00:00,1.143118,1.144034,1.141292,1.142727,100.0000
EURUSD,2025.07.31,04:00:00,1.142596,1.146263,1.142465,1.145344,100.0000
EURUSD,2025.07.31,08:00:00,1.145213,1.145738,1.142465,1.145344,100.0000
EURUSD,2025.07.31,12:00:00,1.145213,1.145344,1.141032,1.143641,100.0000
EURUSD,2025.07.31,16:00:00,1.143118,1.143641,1.141553,1.141553,100.0000
EURUSD,2025.07.31,20:00:00,1.141422,1.142857,1.141162,1.142465,100.0000
EURUSD,2025.08.01,00:00:00,1.142465,1.143249,1.140771,1.142074,100.0000
EURUSD,2025.08.01,04:00:00,1.142074,1.144034,1.141683,1.142204,100.0000
EURUSD,2025.08.01,08:00:00,1.142204,1.142596,1.139731,1.140901,100.0000
EURUSD,2025.08.01,12:00:00,1.140771,1.158614,1.139601,1.155936,100.0000
EURUSD,2025.08.01,16:00:00,1.155668,1.158480,1.152074,1.157274,100.0000
EURUSD,2025.08.01,20:00:00,1.157274,1.159958,1.157274,1.159420,100.0000
EURUSD,2025.08.03,20:00:00,1.158749,1.159286,1.158212,1.159152,100.0000
EURUSD,2025.08.04,00:00:00,1.159152,1.159152,1.155402,1.158212,100.0000
EURUSD,2025.08.04,04:00:00,1.158212,1.158883,1.155535,1.156738,100.0000
EURUSD,2025.08.04,08:00:00,1.156470,1.158883,1.155402,1.157006,100.0000
EURUSD,2025.08.04,12:00:00,1.157006,1.159152,1.156069,1.157140,100.0000
EURUSD,2025.08.04,16:00:00,1.157274,1.158078,1.156203,1.157006,100.0000
EURUSD,2025.08.04,20:00:00,1.157006,1.158883,1.156470,1.158749,100.0000
EURUSD,2025.08.05,00:00:00,1.158883,1.159152,1.155802,1.155936,100.0000
EURUSD,2025.08.05,04:00:00,1.155802,1.156470,1.154201,1.155001,100.0000
EURUSD,2025.08.05,08:00:00,1.154601,1.155135,1.153270,1.154201,100.0000
EURUSD,2025.08.05,12:00:00,1.154068,1.158614,1.153403,1.158346,100.0000
EURUSD,2025.08.05,16:00:00,1.158346,1.158883,1.157006,1.157675,100.0000
EURUSD,2025.08.05,20:00:00,1.157675,1.158346,1.157407,1.158212,100.0000
EURUSD,2025.08.06,00:00:00,1.158212,1.158749,1.156872,1.158346,100.0000
EURUSD,2025.08.06,04:00:00,1.158480,1.159152,1.157541,1.158480,100.0000
EURUSD,2025.08.06,08:00:00,1.158346,1.161710,1.157541,1.160766,100.0000
EURUSD,2025.08.06,12:00:00,1.160901,1.164958,1.160497,1.164958,100.0000
EURUSD,2025.08.06,16:00:00,1.164822,1.167133,1.163467,1.165909,100.0000
EURUSD,2025.08.06,20:00:00,1.166181,1.166997,1.165637,1.166589,100.0000
EURUSD,2025.08.07,00:00:00,1.166453,1.166861,1.165365,1.166861,100.0000
EURUSD,2025.08.07,04:00:00,1.166725,1.169454,1.166725,1.169317,100.0000
EURUSD,2025.08.07,08:00:00,1.169317,1.170138,1.164009,1.164822,100.0000
EURUSD,2025.08.07,12:00:00,1.164822,1.166589,1.161710,1.164415,100.0000
EURUSD,2025.08.07,16:00:00,1.164415,1.165909,1.162385,1.165773,100.0000
EURUSD,2025.08.07,20:00:00,1.165909,1.168088,1.165909,1.168088,100.0000
EURUSD,2025.08.08,00:00:00,1.168088,1.168088,1.165909,1.166453,100.0000
EURUSD,2025.08.08,04:00:00,1.166317,1.166861,1.164415,1.166181,100.0000
EURUSD,2025.08.08,08:00:00,1.166181,1.166589,1.163332,1.164551,100.0000
EURUSD,2025.08.08,12:00:00,1.164822,1.166997,1.164280,1.166453,100.0000
EURUSD,2025.08.08,16:00:00,1.166317,1.166997,1.164144,1.164687,100.0000
EURUSD,2025.08.08,20:00:00,1.164687,1.164687,1.164280,1.164415,100.0000
EURUSD,2025.08.10,20:00:00,1.165094,1.165365,1.164822,1.165094,100.0000
EURUSD,2025.08.11,00:00:00,1.165094,1.167815,1.164551,1.167542,100.0000
EURUSD,2025.08.11,04:00:00,1.167679,1.167951,1.165094,1.165094,100.0000
EURUSD,2025.08.11,08:00:00,1.165230,1.166317,1.162791,1.163196,100.0000
EURUSD,2025.08.11,12:00:00,1.163332,1.163332,1.159420,1.161036,100.0000
EURUSD,2025.08.11,16:00:00,1.161036,1.161710,1.160227,1.160766,100.0000
EURUSD,2025.08.11,20:00:00,1.160766,1.162250,1.160766,1.161980,100.0000
EURUSD,2025.08.12,00:00:00,1.161845,1.162926,1.161575,1.162385,100.0000
EURUSD,2025.08.12,04:00:00,1.162250,1.163196,1.161170,1.162385,100.0000
EURUSD,2025.08.12,08:00:00,1.162250,1.162385,1.160227,1.160766,100.0000
EURUSD,2025.08.12,12:00:00,1.161036,1.170001,1.160497,1.167679,100.0000
EURUSD,2025.08.12,16:00:00,1.167679,1.168907,1.166861,1.167951,100.0000
EURUSD,2025.08.12,20:00:00,1.167679,1.168224,1.167270,1.168088,100.0000
EURUSD,2025.08.13,00:00:00,1.168088,1.169044,1.167406,1.168770,100.0000
EURUSD,2025.08.13,04:00:00,1.168634,1.171509,1.168088,1.171234,100.0000
EURUSD,2025.08.13,08:00:00,1.171234,1.173296,1.171234,1.172196,100.0000
EURUSD,2025.08.13,12:00:00,1.172196,1.172608,1.169727,1.171783,100.0000
EURUSD,2025.08.13,16:00:00,1.171646,1.171783,1.170001,1.170412,100.0000
EURUSD,2025.08.13,20:00:00,1.170275,1.171646,1.170275,1.171646,100.0000
EURUSD,2025.08.14,00:00:00,1.171646,1.171783,1.170275,1.170686,100.0000
EURUSD,2025.08.14,04:00:00,1.170686,1.170960,1.168088,1.168361,100.0000
EURUSD,2025.08.14,08:00:00,1.168361,1.170001,1.167133,1.169044,100.0000
EURUSD,2025.08.14,12:00:00,1.169044,1.169454,1.164280,1.164687,100.0000
EURUSD,2025.08.14,16:00:00,1.164687,1.165365,1.163467,1.165230,100.0000
EURUSD,2025.08.14,20:00:00,1.165230,1.165637,1.164958,1.165365,100.0000
EURUSD,2025.08.15,00:00:00,1.165365,1.166861,1.165094,1.166317,100.0000
EURUSD,2025.08.15,04:00:00,1.166317,1.168634,1.166181,1.168634,100.0000
EURUSD,2025.08.15,08:00:00,1.168634,1.169454,1.168088,1.169044,100.0000
EURUSD,2025.08.15,12:00:00,1.169180,1.171783,1.167815,1.170960,100.0000
EURUSD,2025.08.15,16:00:00,1.170823,1.171097,1.170275,1.170412,100.0000
EURUSD,2025.08.15,20:00:00,1.170549,1.171097,1.170412,1.170823,100.0000
EURUSD,2025.08.17,20:00:00,1.171783,1.171783,1.170823,1.171097,100.0000
EURUSD,2025.08.18,00:00:00,1.170960,1.171372,1.169727,1.170686,100.0000
EURUSD,2025.08.18,04:00:00,1.170823,1.171372,1.168497,1.168634,100.0000
EURUSD,2025.08.18,08:00:00,1.168497,1.169180,1.167542,1.167815,100.0000
EURUSD,2025.08.18,12:00:00,1.167951,1.168770,1.166453,1.167133,100.0000
EURUSD,2025.08.18,16:00:00,1.166861,1.167270,1.166045,1.166997,100.0000
EURUSD,2025.08.18,20:00:00,1.167133,1.167815,1.165365,1.166997,100.0000
EURUSD,2025.08.19,00:00:00,1.167133,1.167270,1.164415,1.165773,100.0000
EURUSD,2025.08.19,04:00:00,1.165773,1.168770,1.165501,1.168634,100.0000
EURUSD,2025.08.19,08:00:00,1.168634,1.169591,1.167542,1.168907,100.0000
EURUSD,2025.08.19,12:00:00,1.168770,1.169044,1.166317,1.166317,100.0000
EURUSD,2025.08.19,16:00:00,1.166589,1.166589,1.164687,1.165094,100.0000
EURUSD,2025.08.19,20:00:00,1.164958,1.165773,1.164415,1.164415,100.0000
EURUSD,2025.08.20,00:00:00,1.164415,1.164551,1.162656,1.163603,100.0000
EURUSD,2025.08.20,04:00:00,1.163603,1.165094,1.162656,1.164687,100.0000
EURUSD,2025.08.20,08:00:00,1.164822,1.166045,1.163738,1.164551,100.0000
EURUSD,2025.08.20,12:00:00,1.164687,1.167542,1.164687,1.165230,100.0000
EURUSD,2025.08.20,16:00:00,1.165094,1.167542,1.165094,1.165637,100.0000
EURUSD,2025.08.20,20:00:00,1.165637,1.166181,1.165094,1.165501,100.0000
EURUSD,2025.08.21,00:00:00,1.165637,1.165637,1.164551,1.165094,100.0000
EURUSD,2025.08.21,04:00:00,1.164958,1.166453,1.162926,1.166181,100.0000
EURUSD,2025.08.21,08:00:00,1.166181,1.166589,1.164551,1.164551,100.0000
EURUSD,2025.08.21,12:00:00,1.164415,1.165909,1.160631,1.161036,100.0000
EURUSD,2025.08.21,16:00:00,1.160766,1.162250,1.160631,1.161036,100.0000
EURUSD,2025.08.21,20:00:00,1.160901,1.161845,1.160631,1.161710,100.0000
EURUSD,2025.08.22,00:00:00,1.161440,1.162115,1.159420,1.159420,100.0000
EURUSD,2025.08.22,04:00:00,1.159420,1.160362,1.158749,1.159958,100.0000
EURUSD,2025.08.22,08:00:00,1.159958,1.161036,1.159555,1.160901,100.0000
EURUSD,2025.08.22,12:00:00,1.161170,1.173434,1.160227,1.171783,100.0000
EURUSD,2025.08.22,16:00:00,1.171783,1.174674,1.171783,1.172470,100.0000
EURUSD,2025.08.22,20:00:00,1.172470,1.173158,1.172196,1.172608,100.0000
EURUSD,2025.08.24,20:00:00,1.171921,1.171921,1.171097,1.171234,100.0000
EURUSD,2025.08.25,00:00:00,1.170960,1.171097,1.169727,1.171097,100.0000
EURUSD,2025.08.25,04:00:00,1.171097,1.172333,1.170001,1.170138,100.0000
EURUSD,2025.08.25,08:00:00,1.170412,1.171372,1.168907,1.170549,100.0000
EURUSD,2025.08.25,12:00:00,1.170686,1.171234,1.166997,1.167270,100.0000
EURUSD,2025.08.25,16:00:00,1.167133,1.167270,1.160766,1.161305,100.0000
EURUSD,2025.08.25,20:00:00,1.161305,1.162926,1.160631,1.161710,100.0000
EURUSD,2025.08.26,00:00:00,1.161575,1.166317,1.161440,1.162926,100.0000
EURUSD,2025.08.26,04:00:00,1.163061,1.164822,1.160766,1.162520,100.0000
EURUSD,2025.08.26,08:00:00,1.162656,1.166181,1.161036,1.165773,100.0000
EURUSD,2025.08.26,12:00:00,1.165909,1.166861,1.164144,1.165909,100.0000
EURUSD,2025.08.26,16:00:00,1.166045,1.166453,1.163738,1.164415,100.0000
EURUSD,2025.08.26,20:00:00,1.164415,1.165230,1.163738,1.164144,100.0000
EURUSD,2025.08.27,00:00:00,1.164144,1.164551,1.162656,1.162791,100.0000
EURUSD,2025.08.27,04:00:00,1.162791,1.162791,1.160093,1.160766,100.0000
EURUSD,2025.08.27,08:00:00,1.160631,1.160631,1.157943,1.158883,100.0000
EURUSD,2025.08.27,12:00:00,1.159152,1.161440,1.158749,1.161440,100.0000
EURUSD,2025.08.27,16:00:00,1.161440,1.164551,1.161440,1.163873,100.0000
EURUSD,2025.08.27,20:00:00,1.163873,1.165094,1.163467,1.165094,100.0000
EURUSD,2025.08.28,00:00:00,1.165094,1.165773,1.164551,1.164687,100.0000
EURUSD,2025.08.28,04:00:00,1.164687,1.165230,1.163738,1.164822,100.0000
EURUSD,2025.08.28,08:00:00,1.164822,1.167815,1.163467,1.166861,100.0000
EURUSD,2025.08.28,12:00:00,1.167270,1.169044,1.166317,1.167542,100.0000
EURUSD,2025.08.28,16:00:00,1.167542,1.170138,1.167542,1.168634,100.0000
EURUSD,2025.08.28,20:00:00,1.168634,1.168770,1.167679,1.168224,100.0000
EURUSD,2025.08.29,00:00:00,1.168224,1.168497,1.166045,1.166589,100.0000
EURUSD,2025.08.29,04:00:00,1.166589,1.167951,1.166317,1.167951,100.0000
EURUSD,2025.08.29,08:00:00,1.167951,1.169180,1.166453,1.166589,100.0000
EURUSD,2025.08.29,12:00:00,1.166589,1.170960,1.165773,1.169864,100.0000
EURUSD,2025.08.29,16:00:00,1.169864,1.170960,1.169727,1.170275,100.0000
EURUSD,2025.08.29,20:00:00,1.170275,1.170412,1.168634,1.169180,100.0000
EURUSD,2025.08.31,20:00:00,1.169180,1.169454,1.169044,1.169454,100.0000
EURUSD,2025.09.01,00:00:00,1.169317,1.171783,1.169180,1.171234,100.0000
EURUSD,2025.09.01,04:00:00,1.171097,1.173571,1.170823,1.172883,100.0000
EURUSD,2025.09.01,08:00:00,1.172883,1.173985,1.171783,1.171783,100.0000
EURUSD,2025.09.01,12:00:00,1.172058,1.172058,1.170412,1.170412,100.0000
EURUSD,2025.09.01,16:00:00,1.170138,1.171783,1.170138,1.171646,100.0000
EURUSD,2025.09.01,20:00:00,1.171509,1.172058,1.170960,1.171783,100.0000
EURUSD,2025.09.02,00:00:00,1.171783,1.171921,1.169591,1.169864,100.0000
EURUSD,2025.09.02,04:00:00,1.169864,1.170960,1.164822,1.164958,100.0000
EURUSD,2025.09.02,08:00:00,1.164822,1.165909,1.163061,1.164958,100.0000
EURUSD,2025.09.02,12:00:00,1.164958,1.168497,1.161710,1.165637,100.0000
EURUSD,2025.09.02,16:00:00,1.165773,1.165773,1.163332,1.164415,100.0000
EURUSD,2025.09.02,20:00:00,1.164415,1.164822,1.163603,1.163738,100.0000
EURUSD,2025.09.03,00:00:00,1.163603,1.163873,1.162656,1.162791,100.0000
EURUSD,2025.09.03,04:00:00,1.162791,1.164551,1.161305,1.163873,100.0000
EURUSD,2025.09.03,08:00:00,1.164144,1.166725,1.164144,1.165637,100.0000
EURUSD,2025.09.03,12:00:00,1.165637,1.168497,1.164280,1.167815,100.0000
EURUSD,2025.09.03,16:00:00,1.167815,1.168088,1.165909,1.166181,100.0000
EURUSD,2025.09.03,20:00:00,1.166181,1.166861,1.165909,1.166453,100.0000
EURUSD,2025.09.04,00:00:00,1.166317,1.167270,1.165501,1.165637,100.0000
EURUSD,2025.09.04,04:00:00,1.165637,1.166453,1.164822,1.165501,100.0000
EURUSD,2025.09.04,08:00:00,1.165501,1.166181,1.164280,1.164687,100.0000
EURUSD,2025.09.04,12:00:00,1.164958,1.165773,1.163467,1.165094,100.0000
EURUSD,2025.09.04,16:00:00,1.164958,1.165501,1.163738,1.165365,100.0000
EURUSD,2025.09.04,20:00:00,1.165501,1.166045,1.164822,1.166045,100.0000
EURUSD,2025.09.05,00:00:00,1.166045,1.167815,1.165637,1.167542,100.0000
EURUSD,2025.09.05,04:00:00,1.167406,1.168224,1.166861,1.168088,100.0000
EURUSD,2025.09.05,08:00:00,1.167951,1.170001,1.167951,1.169044,100.0000
EURUSD,2025.09.05,12:00:00,1.169044,1.176194,1.169044,1.176194,100.0000
EURUSD,2025.09.05,16:00:00,1.176332,1.176332,1.171646,1.172058,100.0000
EURUSD,2025.09.05,20:00:00,1.172058,1.172608,1.171921,1.172333,100.0000
EURUSD,2025.09.07,20:00:00,1.171097,1.171921,1.171097,1.171646,100.0000
EURUSD,2025.09.08,00:00:00,1.171097,1.172058,1.170960,1.171234,100.0000
EURUSD,2025.09.08,04:00:00,1.171372,1.173709,1.170960,1.173571,100.0000
EURUSD,2025.09.08,08:00:00,1.173709,1.174536,1.172470,1.173296,100.0000
EURUSD,2025.09.08,12:00:00,1.173434,1.175917,1.172745,1.175364,100.0000
EURUSD,2025.09.08,16:00:00,1.175503,1.176886,1.173985,1.176609,100.0000
EURUSD,2025.09.08,20:00:00,1.176609,1.177718,1.176194,1.177163,100.0000
EURUSD,2025.09.09,00:00:00,1.177163,1.178134,1.176747,1.176747,100.0000
EURUSD,2025.09.09,04:00:00,1.176747,1.178273,1.175226,1.175641,100.0000
EURUSD,2025.09.09,08:00:00,1.175503,1.177440,1.174536,1.174536,100.0000
EURUSD,2025.09.09,12:00:00,1.174536,1.176194,1.171921,1.172608,100.0000
EURUSD,2025.09.09,16:00:00,1.172608,1.173296,1.170823,1.171097,100.0000
EURUSD,2025.09.09,20:00:00,1.170960,1.171921,1.170138,1.170549,100.0000
EURUSD,2025.09.10,00:00:00,1.170412,1.171372,1.169454,1.171234,100.0000
EURUSD,2025.09.10,04:00:00,1.171234,1.172196,1.169180,1.170686,100.0000
EURUSD,2025.09.10,08:00:00,1.170686,1.171921,1.169454,1.170823,100.0000
EURUSD,2025.09.10,12:00:00,1.170960,1.173434,1.169591,1.171783,100.0000
EURUSD,2025.09.10,16:00:00,1.171783,1.171921,1.169727,1.170412,100.0000
EURUSD,2025.09.10,20:00:00,1.170412,1.170960,1.169454,1.170686,100.0000
EURUSD,2025.09.11,00:00:00,1.170412,1.170549,1.169727,1.170001,100.0000
EURUSD,2025.09.11,04:00:00,1.170001,1.170275,1.168770,1.169591,100.0000
EURUSD,2025.09.11,08:00:00,1.169454,1.169864,1.168224,1.168634,100.0000
EURUSD,2025.09.11,12:00:00,1.168907,1.174812,1.166997,1.173571,100.0000
EURUSD,2025.09.11,16:00:00,1.173434,1.174260,1.173296,1.173985,100.0000
EURUSD,2025.09.11,20:00:00,1.173985,1.174398,1.173158,1.173709,100.0000
EURUSD,2025.09.12,00:00:00,1.173571,1.173847,1.172608,1.172883,100.0000
EURUSD,2025.09.12,04:00:00,1.172745,1.175088,1.172470,1.174398,100.0000
EURUSD,2025.09.12,08:00:00,1.174398,1.174398,1.171783,1.172470,100.0000
EURUSD,2025.09.12,12:00:00,1.172470,1.173020,1.170686,1.171783,100.0000
EURUSD,2025.09.12,16:00:00,1.171783,1.174536,1.171509,1.173985,100.0000
EURUSD,2025.09.12,20:00:00,1.173985,1.173985,1.173158,1.173158,100.0000
EURUSD,2025.09.14,20:00:00,1.173158,1.173434,1.172883,1.172883,100.0000
EURUSD,2025.09.15,00:00:00,1.173020,1.173709,1.172608,1.173434,100.0000
EURUSD,2025.09.15,04:00:00,1.173571,1.174674,1.172058,1.173709,100.0000
EURUSD,2025.09.15,08:00:00,1.173847,1.176609,1.173434,1.176471,100.0000
EURUSD,2025.09.15,12:00:00,1.176747,1.177579,1.175503,1.177440,100.0000
EURUSD,2025.09.15,16:00:00,1.177579,1.177718,1.176055,1.176886,100.0000
EURUSD,2025.09.15,20:00:00,1.176747,1.177163,1.176332,1.176886,100.0000
EURUSD,2025.09.16,00:00:00,1.176609,1.178967,1.176194,1.178411,100.0000
EURUSD,2025.09.16,04:00:00,1.178273,1.180359,1.177718,1.180220,100.0000
EURUSD,2025.09.16,08:00:00,1.179663,1.182173,1.179523,1.181754,100.0000
EURUSD,2025.09.16,12:00:00,1.181893,1.185677,1.179802,1.185115,100.0000
EURUSD,2025.09.16,16:00:00,1.185115,1.188213,1.185115,1.186240,100.0000
EURUSD,2025.09.16,20:00:00,1.186380,1.187648,1.184694,1.187366,100.0000
EURUSD,2025.09.17,00:00:00,1.187507,1.187507,1.185536,1.185536,100.0000
EURUSD,2025.09.17,04:00:00,1.185536,1.186380,1.184273,1.184413,100.0000
EURUSD,2025.09.17,08:00:00,1.184413,1.185396,1.183852,1.184273,100.0000
EURUSD,2025.09.17,12:00:00,1.184273,1.186099,1.183852,1.184834,100.0000
EURUSD,2025.09.17,16:00:00,1.184834,1.191895,1.182592,1.182732,100.0000
EURUSD,2025.09.17,20:00:00,1.183012,1.183152,1.180359,1.182872,100.0000
EURUSD,2025.09.18,00:00:00,1.182732,1.183152,1.181056,1.181614,100.0000
EURUSD,2025.09.18,04:00:00,1.181474,1.184133,1.178550,1.183572,100.0000
EURUSD,2025.09.18,08:00:00,1.183432,1.185115,1.182452,1.183012,100.0000
EURUSD,2025.09.18,12:00:00,1.182732,1.182732,1.175503,1.178273,100.0000
EURUSD,2025.09.18,16:00:00,1.178411,1.179663,1.177579,1.178689,100.0000
EURUSD,2025.09.18,20:00:00,1.178550,1.179384,1.178411,1.179245,100.0000
EURUSD,2025.09.19,00:00:00,1.179245,1.179523,1.177579,1.178550,100.0000
EURUSD,2025.09.19,04:00:00,1.178689,1.179245,1.176194,1.177302,100.0000
EURUSD,2025.09.19,08:00:00,1.177163,1.177163,1.173847,1.173985,100.0000
EURUSD,2025.09.19,12:00:00,1.173985,1.177024,1.173158,1.175641,100.0000
EURUSD,2025.09.19,16:00:00,1.175779,1.175779,1.174398,1.175088,100.0000
EURUSD,2025.09.19,20:00:00,1.175088,1.175088,1.174398,1.174536,100.0000
EURUSD,2025.09.21,20:00:00,1.174398,1.174536,1.173985,1.173985,100.0000
EURUSD,2025.09.22,00:00:00,1.173847,1.174398,1.173020,1.173571,100.0000
EURUSD,2025.09.22,04:00:00,1.173434,1.175779,1.173020,1.175226,100.0000
EURUSD,2025.09.22,08:00:00,1.175364,1.178689,1.175364,1.178134,100.0000
EURUSD,2025.09.22,12:00:00,1.178273,1.179106,1.176747,1.177579,100.0000
EURUSD,2025.09.22,16:00:00,1.177718,1.180498,1.177579,1.180359,100.0000
EURUSD,2025.09.22,20:00:00,1.180359,1.181195,1.179523,1.180359,100.0000
EURUSD,2025.09.23,00:00:00,1.180359,1.182173,1.180080,1.180916,100.0000
EURUSD,2025.09.23,04:00:00,1.180916,1.181056,1.178550,1.179523,100.0000
EURUSD,2025.09.23,08:00:00,1.179106,1.181474,1.178967,1.179523,100.0000
EURUSD,2025.09.23,12:00:00,1.179663,1.180777,1.178967,1.180080,100.0000
EURUSD,2025.09.23,16:00:00,1.180220,1.182033,1.179663,1.182033,100.0000
EURUSD,2025.09.23,20:00:00,1.182033,1.182313,1.181474,1.181893,100.0000
EURUSD,2025.09.24,00:00:00,1.181754,1.181754,1.179941,1.180080,100.0000
EURUSD,2025.09.24,04:00:00,1.179941,1.180777,1.178828,1.179245,100.0000
EURUSD,2025.09.24,08:00:00,1.178689,1.178828,1.175088,1.175364,100.0000
EURUSD,2025.09.24,12:00:00,1.175364,1.176055,1.173158,1.174398,100.0000
EURUSD,2025.09.24,16:00:00,1.174398,1.174674,1.173434,1.174122,100.0000
EURUSD,2025.09.24,20:00:00,1.174260,1.174950,1.173709,1.174536,100.0000
EURUSD,2025.09.25,00:00:00,1.174536,1.175779,1.174398,1.175641,100.0000
EURUSD,2025.09.25,04:00:00,1.175641,1.175641,1.173571,1.173709,100.0000
EURUSD,2025.09.25,08:00:00,1.173709,1.175641,1.173434,1.174398,100.0000
EURUSD,2025.09.25,12:00:00,1.174398,1.174674,1.167133,1.167679,100.0000
EURUSD,2025.09.25,16:00:00,1.167679,1.168634,1.165094,1.166453,100.0000
EURUSD,2025.09.25,20:00:00,1.166453,1.167270,1.166317,1.166589,100.0000
EURUSD,2025.09.26,00:00:00,1.166453,1.168224,1.166181,1.168088,100.0000
EURUSD,2025.09.26,04:00:00,1.168088,1.168634,1.167270,1.167679,100.0000
EURUSD,2025.09.26,08:00:00,1.167542,1.169044,1.166589,1.167133,100.0000
EURUSD,2025.09.26,12:00:00,1.167270,1.170686,1.167270,1.169454,100.0000
EURUSD,2025.09.26,16:00:00,1.169454,1.170960,1.169180,1.170960,100.0000
EURUSD,2025.09.26,20:00:00,1.170960,1.170960,1.170275,1.170823,100.0000
EURUSD,2025.09.28,20:00:00,1.170823,1.171372,1.170686,1.170823,100.0000
EURUSD,2025.09.29,00:00:00,1.171097,1.173296,1.171097,1.172883,100.0000
EURUSD,2025.09.29,04:00:00,1.172745,1.173571,1.172196,1.173020,100.0000
EURUSD,2025.09.29,08:00:00,1.172883,1.173296,1.171234,1.173296,100.0000
EURUSD,2025.09.29,12:00:00,1.173571,1.175641,1.172196,1.173296,100.0000
EURUSD,2025.09.29,16:00:00,1.173296,1.173571,1.172470,1.173020,100.0000
EURUSD,2025.09.29,20:00:00,1.173020,1.173571,1.172745,1.173434,100.0000
EURUSD,2025.09.30,00:00:00,1.173020,1.173571,1.171646,1.172745,100.0000
EURUSD,2025.09.30,04:00:00,1.172745,1.175088,1.172196,1.174536,100.0000
EURUSD,2025.09.30,08:00:00,1.174674,1.176194,1.173985,1.174536,100.0000
EURUSD,2025.09.30,12:00:00,1.174674,1.175364,1.172058,1.173847,100.0000
EURUSD,2025.09.30,16:00:00,1.173847,1.176471,1.173847,1.174260,100.0000
EURUSD,2025.09.30,20:00:00,1.174260,1.174536,1.173434,1.173847,100.0000
EURUSD,2025.10.01,00:00:00,1.173709,1.174398,1.173296,1.174122,100.0000
EURUSD,2025.10.01,04:00:00,1.174122,1.178134,1.174122,1.175364,100.0000
EURUSD,2025.10.01,08:00:00,1.175503,1.176886,1.172058,1.173709,100.0000
EURUSD,2025.10.01,12:00:00,1.173709,1.176886,1.172608,1.172608,100.0000
EURUSD,2025.10.01,16:00:00,1.172196,1.174536,1.171921,1.173434,100.0000
EURUSD,2025.10.01,20:00:00,1.173434,1.174122,1.172196,1.173571,100.0000
EURUSD,2025.10.02,00:00:00,1.173571,1.174536,1.172745,1.173847,100.0000
EURUSD,2025.10.02,04:00:00,1.173847,1.176055,1.173296,1.175364,100.0000
EURUSD,2025.10.02,08:00:00,1.175364,1.176194,1.174950,1.175503,100.0000
EURUSD,2025.10.02,12:00:00,1.175364,1.176194,1.168770,1.170001,100.0000
EURUSD,2025.10.02,16:00:00,1.170001,1.172883,1.170001,1.172196,100.0000
EURUSD,2025.10.02,20:00:00,1.172058,1.172883,1.171646,1.172745,100.0000
EURUSD,2025.10.03,00:00:00,1.172745,1.173296,1.172058,1.173020,100.0000
EURUSD,2025.10.03,04:00:00,1.173020,1.173709,1.171921,1.173434,100.0000
EURUSD,2025.10.03,08:00:00,1.173709,1.174812,1.173571,1.173709,100.0000
EURUSD,2025.10.03,12:00:00,1.173985,1.176194,1.173296,1.174950,100.0000
EURUSD,2025.10.03,16:00:00,1.174950,1.175088,1.173158,1.174398,100.0000
EURUSD,2025.10.03,20:00:00,1.174536,1.174812,1.174260,1.174398,100.0000
EURUSD,2025.10.05,20:00:00,1.171921,1.171921,1.171097,1.171509,100.0000
EURUSD,2025.10.06,00:00:00,1.171509,1.173434,1.171372,1.172745,100.0000
EURUSD,2025.10.06,04:00:00,1.172883,1.173020,1.166725,1.166725,100.0000
EURUSD,2025.10.06,08:00:00,1.166589,1.168224,1.165637,1.167815,100.0000
EURUSD,2025.10.06,12:00:00,1.167815,1.172196,1.167815,1.170960,100.0000
EURUSD,2025.10.06,16:00:00,1.171234,1.172058,1.170686,1.171509,100.0000
EURUSD,2025.10.06,20:00:00,1.171372,1.172058,1.171234,1.171372,100.0000
EURUSD,2025.10.07,00:00:00,1.171234,1.171372,1.170001,1.170686,100.0000
EURUSD,2025.10.07,04:00:00,1.170686,1.171097,1.167406,1.167951,100.0000
EURUSD,2025.10.07,08:00:00,1.167951,1.168497,1.165909,1.166589,100.0000
EURUSD,2025.10.07,12:00:00,1.166725,1.168224,1.165773,1.167679,100.0000
EURUSD,2025.10.07,16:00:00,1.167679,1.168361,1.165230,1.165365,100.0000
EURUSD,2025.10.07,20:00:00,1.165365,1.166453,1.165230,1.165637,100.0000
EURUSD,2025.10.08,00:00:00,1.165501,1.165501,1.162115,1.162791,100.0000
EURUSD,2025.10.08,04:00:00,1.162791,1.163738,1.161170,1.163467,100.0000
EURUSD,2025.10.08,08:00:00,1.163332,1.163873,1.161036,1.162926,100.0000
EURUSD,2025.10.08,12:00:00,1.162926,1.164687,1.160631,1.160901,100.0000
EURUSD,2025.10.08,16:00:00,1.160901,1.163061,1.160227,1.163061,100.0000
EURUSD,2025.10.08,20:00:00,1.163196,1.163873,1.162926,1.163332,100.0000
EURUSD,2025.10.09,00:00:00,1.163332,1.165094,1.163332,1.164822,100.0000
EURUSD,2025.10.09,04:00:00,1.164822,1.165094,1.161036,1.161440,100.0000
EURUSD,2025.10.09,08:00:00,1.161440,1.163061,1.160766,1.161575,100.0000
EURUSD,2025.10.09,12:00:00,1.161710,1.162250,1.155135,1.156069,100.0000
EURUSD,2025.10.09,16:00:00,1.156337,1.156872,1.154868,1.156337,100.0000
EURUSD,2025.10.09,20:00:00,1.156337,1.157407,1.155936,1.156872,100.0000
EURUSD,2025.10.10,00:00:00,1.157006,1.157675,1.156470,1.157675,100.0000
EURUSD,2025.10.10,04:00:00,1.157675,1.158212,1.156470,1.158212,100.0000
EURUSD,2025.10.10,08:00:00,1.158078,1.159152,1.156604,1.156604,100.0000
EURUSD,2025.10.10,12:00:00,1.156738,1.163332,1.156337,1.161440,100.0000
EURUSD,2025.10.10,16:00:00,1.161980,1.162791,1.160093,1.161575,100.0000
EURUSD,2025.10.10,20:00:00,1.161575,1.163196,1.160901,1.163061,100.0000
EURUSD,2025.10.12,20:00:00,1.160631,1.161305,1.160497,1.160497,100.0000
EURUSD,2025.10.13,00:00:00,1.160497,1.163061,1.160362,1.162385,100.0000
EURUSD,2025.10.13,04:00:00,1.162385,1.163332,1.160362,1.160362,100.0000
EURUSD,2025.10.13,08:00:00,1.160362,1.160631,1.156872,1.157006,100.0000
EURUSD,2025.10.13,12:00:00,1.157274,1.157943,1.156203,1.157809,100.0000
EURUSD,2025.10.13,16:00:00,1.157809,1.158078,1.157006,1.157006,100.0000
EURUSD,2025.10.13,20:00:00,1.157006,1.158212,1.156738,1.156872,100.0000
EURUSD,2025.10.14,00:00:00,1.157006,1.158480,1.155936,1.158212,100.0000
EURUSD,2025.10.14,04:00:00,1.158212,1.159689,1.154734,1.155268,100.0000
EURUSD,2025.10.14,08:00:00,1.155001,1.156604,1.155001,1.155535,100.0000
EURUSD,2025.10.14,12:00:00,1.155936,1.161170,1.155268,1.161170,100.0000
EURUSD,2025.10.14,16:00:00,1.161170,1.161845,1.160497,1.160901,100.0000
EURUSD,2025.10.14,20:00:00,1.161036,1.161575,1.160362,1.160631,100.0000
EURUSD,2025.10.15,00:00:00,1.160631,1.162926,1.160631,1.162520,100.0000
EURUSD,2025.10.15,04:00:00,1.162656,1.164687,1.162115,1.163873,100.0000
EURUSD,2025.10.15,08:00:00,1.164009,1.164822,1.162385,1.162385,100.0000
EURUSD,2025.10.15,12:00:00,1.162250,1.164822,1.161440,1.164009,100.0000
EURUSD,2025.10.15,16:00:00,1.163873,1.164822,1.163061,1.164822,100.0000
EURUSD,2025.10.15,20:00:00,1.164822,1.165909,1.164687,1.164958,100.0000
EURUSD,2025.10.16,00:00:00,1.164822,1.167815,1.164687,1.166589,100.0000
EURUSD,2025.10.16,04:00:00,1.166453,1.166997,1.164822,1.165501,100.0000
EURUSD,2025.10.16,08:00:00,1.165365,1.166589,1.165094,1.165637,100.0000
EURUSD,2025.10.16,12:00:00,1.165637,1.168224,1.165365,1.166861,100.0000
EURUSD,2025.10.16,16:00:00,1.167133,1.169727,1.166997,1.169317,100.0000
EURUSD,2025.10.16,20:00:00,1.169180,1.170275,1.168088,1.170275,100.0000
EURUSD,2025.10.17,00:00:00,1.170275,1.171509,1.169864,1.171234,100.0000
EURUSD,2025.10.17,04:00:00,1.171372,1.173020,1.170001,1.171509,100.0000
EURUSD,2025.10.17,08:00:00,1.171783,1.171921,1.168497,1.168770,100.0000
EURUSD,2025.10.17,12:00:00,1.168770,1.168770,1.166045,1.167542,100.0000
EURUSD,2025.10.17,16:00:00,1.167406,1.168224,1.166861,1.167406,100.0000
EURUSD,2025.10.17,20:00:00,1.167270,1.167406,1.165365,1.165501,100.0000
EURUSD,2025.10.19,20:00:00,1.165909,1.166453,1.165773,1.166181,100.0000
EURUSD,2025.10.20,00:00:00,1.166317,1.167406,1.166045,1.167133,100.0000
EURUSD,2025.10.20,04:00:00,1.167133,1.167951,1.165773,1.166589,100.0000
EURUSD,2025.10.20,08:00:00,1.166453,1.167133,1.164822,1.165909,100.0000
EURUSD,2025.10.20,12:00:00,1.166181,1.166725,1.164958,1.165909,100.0000
EURUSD,2025.10.20,16:00:00,1.165773,1.166045,1.164280,1.164415,100.0000
EURUSD,2025.10.20,20:00:00,1.164415,1.165094,1.163196,1.164687,100.0000
EURUSD,2025.10.21,00:00:00,1.164822,1.165909,1.163603,1.163738,100.0000
EURUSD,2025.10.21,04:00:00,1.163738,1.163873,1.162385,1.162926,100.0000
EURUSD,2025.10.21,08:00:00,1.162656,1.163061,1.161036,1.161575,100.0000
EURUSD,2025.10.21,12:00:00,1.161575,1.162115,1.160227,1.161845,100.0000
EURUSD,2025.10.21,16:00:00,1.162115,1.162656,1.160362,1.160362,100.0000
EURUSD,2025.10.21,20:00:00,1.160362,1.161036,1.159824,1.160227,100.0000
EURUSD,2025.10.22,00:00:00,1.160227,1.161440,1.160227,1.161036,100.0000
EURUSD,2025.10.22,04:00:00,1.161170,1.161845,1.160362,1.160362,100.0000
EURUSD,2025.10.22,08:00:00,1.160227,1.160497,1.158614,1.158614,100.0000
EURUSD,2025.10.22,12:00:00,1.158614,1.161980,1.158078,1.161440,100.0000
EURUSD,2025.10.22,16:00:00,1.161575,1.162520,1.160901,1.160901,100.0000
EURUSD,2025.10.22,20:00:00,1.160901,1.161845,1.160901,1.161036,100.0000
EURUSD,2025.10.23,00:00:00,1.161036,1.161036,1.159555,1.159689,100.0000
EURUSD,2025.10.23,04:00:00,1.159555,1.160631,1.159420,1.160362,100.0000
EURUSD,2025.10.23,08:00:00,1.160227,1.160901,1.158883,1.159017,100.0000
EURUSD,2025.10.23,12:00:00,1.159286,1.162250,1.159017,1.161440,100.0000
EURUSD,2025.10.23,16:00:00,1.161710,1.162250,1.160766,1.161980,100.0000
EURUSD,2025.10.23,20:00:00,1.161845,1.162520,1.161710,1.162115,100.0000
EURUSD,2025.10.24,00:00:00,1.162115,1.162520,1.161170,1.161305,100.0000
EURUSD,2025.10.24,04:00:00,1.161170,1.163061,1.160497,1.162250,100.0000
EURUSD,2025.10.24,08:00:00,1.162385,1.162520,1.160901,1.161845,100.0000
EURUSD,2025.10.24,12:00:00,1.161845,1.164958,1.161305,1.162926,100.0000
EURUSD,2025.10.24,16:00:00,1.162926,1.163603,1.162520,1.163467,100.0000
EURUSD,2025.10.24,20:00:00,1.163603,1.163873,1.162520,1.163196,100.0000
EURUSD,2025.10.27,00:00:00,1.163467,1.165094,1.163061,1.163061,100.0000
EURUSD,2025.10.27,04:00:00,1.163061,1.163603,1.162385,1.162385,100.0000
EURUSD,2025.10.27,08:00:00,1.162250,1.165094,1.162115,1.164958,100.0000
EURUSD,2025.10.27,12:00:00,1.164958,1.165365,1.163603,1.163873,100.0000
EURUSD,2025.10.27,16:00:00,1.163873,1.165501,1.163603,1.164958,100.0000
EURUSD,2025.10.27,20:00:00,1.165094,1.165773,1.164687,1.165501,100.0000
EURUSD,2025.10.28,00:00:00,1.165365,1.166725,1.164958,1.166317,100.0000
EURUSD,2025.10.28,04:00:00,1.166317,1.167133,1.165501,1.165773,100.0000
EURUSD,2025.10.28,08:00:00,1.165773,1.166861,1.165094,1.166181,100.0000
EURUSD,2025.10.28,12:00:00,1.166181,1.166997,1.162926,1.166181,100.0000
EURUSD,2025.10.28,16:00:00,1.166181,1.167133,1.165637,1.165637,100.0000
EURUSD,2025.10.28,20:00:00,1.165637,1.166045,1.165230,1.165909,100.0000
EURUSD,2025.10.29,00:00:00,1.165909,1.166453,1.164009,1.164009,100.0000
EURUSD,2025.10.29,04:00:00,1.164009,1.164009,1.162926,1.163603,100.0000
EURUSD,2025.10.29,08:00:00,1.163603,1.165230,1.162385,1.164280,100.0000
EURUSD,2025.10.29,12:00:00,1.164415,1.166725,1.163196,1.166725,100.0000
EURUSD,2025.10.29,16:00:00,1.166725,1.166861,1.158212,1.160362,100.0000
EURUSD,2025.10.29,20:00:00,1.160362,1.161440,1.159555,1.160631,100.0000
EURUSD,2025.10.30,00:00:00,1.160631,1.162250,1.160093,1.161845,100.0000
EURUSD,2025.10.30,04:00:00,1.161845,1.163873,1.161440,1.162115,100.0000
EURUSD,2025.10.30,08:00:00,1.162115,1.163061,1.159958,1.160093,100.0000
EURUSD,2025.10.30,12:00:00,1.160093,1.160227,1.155135,1.156738,100.0000
EURUSD,2025.10.30,16:00:00,1.156738,1.157407,1.156203,1.156738,100.0000
EURUSD,2025.10.30,20:00:00,1.156738,1.157675,1.156738,1.157541,100.0000
EURUSD,2025.10.31,00:00:00,1.157541,1.158078,1.156872,1.157140,100.0000
EURUSD,2025.10.31,04:00:00,1.157006,1.157809,1.155936,1.156872,100.0000
EURUSD,2025.10.31,08:00:00,1.156738,1.158078,1.156203,1.157006,100.0000
EURUSD,2025.10.31,12:00:00,1.156872,1.157006,1.152605,1.154335,100.0000
EURUSD,2025.10.31,16:00:00,1.154335,1.154734,1.152472,1.152871,100.0000
EURUSD,2025.10.31,20:00:00,1.153004,1.154335,1.153004,1.154335,100.0000
EURUSD,2025.11.03,00:00:00,1.153270,1.153802,1.152605,1.153669,100.0000
EURUSD,2025.11.03,04:00:00,1.153669,1.154468,1.153536,1.154335,100.0000
EURUSD,2025.11.03,08:00:00,1.154068,1.154068,1.151145,1.151941,100.0000
EURUSD,2025.11.03,12:00:00,1.151808,1.152871,1.150880,1.152871,100.0000
EURUSD,2025.11.03,16:00:00,1.152871,1.154068,1.152074,1.152206,100.0000
EURUSD,2025.11.03,20:00:00,1.152339,1.152738,1.151941,1.152206,100.0000
EURUSD,2025.11.04,00:00:00,1.151808,1.152074,1.150351,1.151676,100.0000
EURUSD,2025.11.04,04:00:00,1.151676,1.153536,1.151145,1.153004,100.0000
EURUSD,2025.11.04,08:00:00,1.153136,1.153136,1.149293,1.149293,100.0000
EURUSD,2025.11.04,12:00:00,1.149425,1.149954,1.147710,1.149557,100.0000
EURUSD,2025.11.04,16:00:00,1.149557,1.149822,1.148237,1.148237,100.0000
EURUSD,2025.11.04,20:00:00,1.148106,1.149161,1.147842,1.148765,100.0000
EURUSD,2025.11.05,00:00:00,1.148897,1.150086,1.148369,1.149161,100.0000
EURUSD,2025.11.05,04:00:00,1.149161,1.149690,1.148765,1.149029,100.0000
EURUSD,2025.11.05,08:00:00,1.149029,1.149954,1.147974,1.149161,100.0000
EURUSD,2025.11.05,12:00:00,1.149293,1.149690,1.147315,1.148237,100.0000
EURUSD,2025.11.05,16:00:00,1.148237,1.149029,1.147447,1.148897,100.0000
EURUSD,2025.11.05,20:00:00,1.149029,1.149954,1.149029,1.149954,100.0000
EURUSD,2025.11.06,00:00:00,1.149822,1.151145,1.149690,1.151013,100.0000
EURUSD,2025.11.06,04:00:00,1.151013,1.151676,1.150748,1.151145,100.0000
EURUSD,2025.11.06,08:00:00,1.151278,1.152605,1.151013,1.152339,100.0000
EURUSD,2025.11.06,12:00:00,1.152074,1.154734,1.151808,1.154335,100.0000
EURUSD,2025.11.06,16:00:00,1.154201,1.155535,1.153536,1.154734,100.0000
EURUSD,2025.11.06,20:00:00,1.154868,1.155535,1.154601,1.155135,100.0000
EURUSD,2025.11.07,00:00:00,1.155001,1.155135,1.153802,1.154201,100.0000
EURUSD,2025.11.07,04:00:00,1.154068,1.154201,1.153403,1.153669,100.0000
EURUSD,2025.11.07,08:00:00,1.153669,1.156337,1.153403,1.156203,100.0000
EURUSD,2025.11.07,12:00:00,1.156069,1.159286,1.155802,1.157541,100.0000
EURUSD,2025.11.07,16:00:00,1.157675,1.158614,1.155936,1.156337,100.0000
EURUSD,2025.11.07,20:00:00,1.156203,1.157006,1.156069,1.157006,100.0000
EURUSD,2025.11.10,00:00:00,1.154601,1.156337,1.154601,1.155802,100.0000
EURUSD,2025.11.10,04:00:00,1.155802,1.157407,1.155535,1.157140,100.0000
EURUSD,2025.11.10,08:00:00,1.157006,1.158614,1.155802,1.156738,100.0000
EURUSD,2025.11.10,12:00:00,1.156738,1.158078,1.155001,1.155001,100.0000
EURUSD,2025.11.10,16:00:00,1.154868,1.156872,1.154468,1.156470,100.0000
EURUSD,2025.11.10,20:00:00,1.156470,1.156738,1.155802,1.155936,100.0000
EURUSD,2025.11.11,00:00:00,1.155936,1.156203,1.155135,1.155936,100.0000
EURUSD,2025.11.11,04:00:00,1.155936,1.156872,1.155402,1.156337,100.0000
EURUSD,2025.11.11,08:00:00,1.156470,1.158078,1.155668,1.157675,100.0000
EURUSD,2025.11.11,12:00:00,1.157541,1.160901,1.157274,1.159824,100.0000
EURUSD,2025.11.11,16:00:00,1.159824,1.160227,1.158749,1.158749,100.0000
EURUSD,2025.11.11,20:00:00,1.158749,1.159286,1.157541,1.159017,100.0000
EURUSD,2025.11.12,00:00:00,1.159017,1.159017,1.157809,1.158078,100.0000
EURUSD,2025.11.12,04:00:00,1.158078,1.159152,1.157407,1.158614,100.0000
EURUSD,2025.11.12,08:00:00,1.158749,1.159017,1.156872,1.157943,100.0000
EURUSD,2025.11.12,12:00:00,1.158212,1.159824,1.156604,1.159824,100.0000
EURUSD,2025.11.12,16:00:00,1.159689,1.160093,1.158749,1.159017,100.0000
EURUSD,2025.11.12,20:00:00,1.158883,1.160362,1.158883,1.159420,100.0000
EURUSD,2025.11.13,00:00:00,1.159555,1.159555,1.158346,1.159286,100.0000
EURUSD,2025.11.13,04:00:00,1.159286,1.161575,1.158346,1.161575,100.0000
EURUSD,2025.11.13,08:00:00,1.161575,1.163738,1.160901,1.160901,100.0000
EURUSD,2025.11.13,12:00:00,1.161036,1.164551,1.161036,1.164280,100.0000
EURUSD,2025.11.13,16:00:00,1.164280,1.165773,1.163873,1.163873,100.0000
EURUSD,2025.11.13,20:00:00,1.163873,1.164415,1.162656,1.163332,100.0000
EURUSD,2025.11.14,00:00:00,1.163332,1.164822,1.163061,1.164144,100.0000
EURUSD,2025.11.14,04:00:00,1.164144,1.165230,1.163738,1.163738,100.0000
EURUSD,2025.11.14,08:00:00,1.163603,1.163873,1.161305,1.162250,100.0000
EURUSD,2025.11.14,12:00:00,1.162250,1.165637,1.161036,1.161575,100.0000
EURUSD,2025.11.14,16:00:00,1.161575,1.162656,1.161170,1.162115,100.0000
EURUSD,2025.11.14,20:00:00,1.162115,1.162656,1.161980,1.162520,100.0000
EURUSD,2025.11.17,00:00:00,1.161845,1.161845,1.160093,1.160227,100.0000
EURUSD,2025.11.17,04:00:00,1.160227,1.161845,1.159824,1.161575,100.0000
EURUSD,2025.11.17,08:00:00,1.161575,1.161845,1.159824,1.160497,100.0000
EURUSD,2025.11.17,12:00:00,1.160497,1.160766,1.158614,1.160093,100.0000
EURUSD,2025.11.17,16:00:00,1.160093,1.160497,1.158749,1.158749,100.0000
EURUSD,2025.11.17,20:00:00,1.158614,1.159824,1.158614,1.159286,100.0000
EURUSD,2025.11.18,00:00:00,1.159286,1.159958,1.158883,1.159555,100.0000
EURUSD,2025.11.18,04:00:00,1.159555,1.160497,1.159286,1.159555,100.0000
EURUSD,2025.11.18,08:00:00,1.159555,1.161036,1.158346,1.158883,100.0000
EURUSD,2025.11.18,12:00:00,1.158749,1.161036,1.158480,1.158480,100.0000
EURUSD,2025.11.18,16:00:00,1.158480,1.159017,1.157541,1.158883,100.0000
EURUSD,2025.11.18,20:00:00,1.158883,1.159017,1.158078,1.158346,100.0000
EURUSD,2025.11.19,00:00:00,1.158346,1.158749,1.157675,1.158614,100.0000
EURUSD,2025.11.19,04:00:00,1.158749,1.159958,1.158078,1.158346,100.0000
EURUSD,2025.11.19,08:00:00,1.159017,1.159152,1.157006,1.159017,100.0000
EURUSD,2025.11.19,12:00:00,1.159152,1.159420,1.154468,1.155001,100.0000
EURUSD,2025.11.19,16:00:00,1.155001,1.155001,1.152206,1.152339,100.0000
EURUSD,2025.11.19,20:00:00,1.152472,1.154468,1.152472,1.154201,100.0000
EURUSD,2025.11.20,00:00:00,1.154068,1.154068,1.151410,1.151676,100.0000
EURUSD,2025.11.20,04:00:00,1.151676,1.152605,1.151676,1.152206,100.0000
EURUSD,2025.11.20,08:00:00,1.152339,1.153270,1.151543,1.151808,100.0000
EURUSD,2025.11.20,12:00:00,1.151808,1.155268,1.151145,1.153004,100.0000
EURUSD,2025.11.20,16:00:00,1.153270,1.154468,1.152871,1.154068,100.0000
EURUSD,2025.11.20,20:00:00,1.154201,1.154201,1.152738,1.153669,100.0000
EURUSD,2025.11.21,00:00:00,1.153669,1.154201,1.153136,1.154068,100.0000
EURUSD,2025.11.21,04:00:00,1.153935,1.155135,1.153802,1.154335,100.0000
EURUSD,2025.11.21,08:00:00,1.154335,1.155535,1.150880,1.151013,100.0000
EURUSD,2025.11.21,12:00:00,1.151145,1.152871,1.150086,1.150616,100.0000
EURUSD,2025.11.21,16:00:00,1.150483,1.152074,1.149425,1.151676,100.0000
EURUSD,2025.11.21,20:00:00,1.151676,1.152472,1.151278,1.151941,100.0000
EURUSD,2025.11.24,00:00:00,1.151145,1.152206,1.150616,1.151941,100.0000
EURUSD,2025.11.24,04:00:00,1.152074,1.153136,1.151543,1.151543,100.0000
EURUSD,2025.11.24,08:00:00,1.151543,1.155001,1.151543,1.154868,100.0000
EURUSD,2025.11.24,12:00:00,1.154868,1.155268,1.152206,1.153270,100.0000
EURUSD,2025.11.24,16:00:00,1.153403,1.153403,1.151543,1.153136,100.0000
EURUSD,2025.11.24,20:00:00,1.153004,1.153136,1.152206,1.152206,100.0000
EURUSD,2025.11.25,00:00:00,1.152339,1.153403,1.152074,1.152206,100.0000
EURUSD,2025.11.25,04:00:00,1.152074,1.153403,1.151543,1.152472,100.0000
EURUSD,2025.11.25,08:00:00,1.152605,1.154601,1.152472,1.153004,100.0000
EURUSD,2025.11.25,12:00:00,1.153004,1.158749,1.152871,1.156604,100.0000
EURUSD,2025.11.25,16:00:00,1.156604,1.158883,1.155402,1.158749,100.0000
EURUSD,2025.11.25,20:00:00,1.158749,1.158749,1.156203,1.156738,100.0000
EURUSD,2025.11.26,00:00:00,1.156872,1.159555,1.156738,1.159420,100.0000
EURUSD,2025.11.26,04:00:00,1.159420,1.159958,1.158078,1.158212,100.0000
EURUSD,2025.11.26,08:00:00,1.158346,1.158346,1.157006,1.157809,100.0000
EURUSD,2025.11.26,12:00:00,1.157541,1.159689,1.155135,1.159286,100.0000
EURUSD,2025.11.26,16:00:00,1.159555,1.160362,1.158883,1.159824,100.0000
EURUSD,2025.11.26,20:00:00,1.159555,1.160497,1.159555,1.160497,100.0000
EURUSD,2025.11.27,00:00:00,1.160497,1.161710,1.160362,1.160631,100.0000
EURUSD,2025.11.27,04:00:00,1.160631,1.160901,1.158883,1.159420,100.0000
EURUSD,2025.11.27,08:00:00,1.159555,1.159958,1.158078,1.159017,100.0000
EURUSD,2025.11.27,12:00:00,1.159017,1.160362,1.158614,1.159689,100.0000
EURUSD,2025.11.27,16:00:00,1.159824,1.160497,1.159420,1.159824,100.0000
EURUSD,2025.11.27,20:00:00,1.159824,1.160497,1.159555,1.160227,100.0000
EURUSD,2025.11.28,00:00:00,1.160362,1.160497,1.158480,1.159017,100.0000
EURUSD,2025.11.28,04:00:00,1.159152,1.159420,1.158212,1.158212,100.0000
EURUSD,2025.11.28,08:00:00,1.157943,1.158346,1.155936,1.157006,100.0000
EURUSD,2025.11.28,12:00:00,1.156872,1.161036,1.156738,1.161036,100.0000
EURUSD,2025.11.28,16:00:00,1.160631,1.160766,1.159689,1.160631,100.0000
EURUSD,2025.11.28,20:00:00,1.160631,1.160766,1.160093,1.160227,100.0000
EURUSD,2025.12.01,00:00:00,1.160497,1.161845,1.159286,1.159958,100.0000
EURUSD,2025.12.01,04:00:00,1.160093,1.161575,1.159420,1.161305,100.0000
EURUSD,2025.12.01,08:00:00,1.160901,1.163467,1.160901,1.163061,100.0000
EURUSD,2025.12.01,12:00:00,1.163061,1.165501,1.162656,1.163332,100.0000
EURUSD,2025.12.01,16:00:00,1.163332,1.163738,1.161036,1.161170,100.0000
EURUSD,2025.12.01,20:00:00,1.161305,1.161440,1.160362,1.161036,100.0000
EURUSD,2025.12.02,00:00:00,1.161036,1.161575,1.160766,1.161575,100.0000
EURUSD,2025.12.02,04:00:00,1.161575,1.161845,1.160901,1.161575,100.0000
EURUSD,2025.12.02,08:00:00,1.161710,1.161980,1.160362,1.161440,100.0000
EURUSD,2025.12.02,12:00:00,1.161440,1.162656,1.159824,1.160901,100.0000
EURUSD,2025.12.02,16:00:00,1.161036,1.162791,1.159689,1.162656,100.0000
EURUSD,2025.12.02,20:00:00,1.162520,1.163196,1.161845,1.163196,100.0000
EURUSD,2025.12.03,00:00:00,1.163196,1.164280,1.163196,1.164144,100.0000
EURUSD,2025.12.03,04:00:00,1.164144,1.165637,1.164009,1.164415,100.0000
EURUSD,2025.12.03,08:00:00,1.164415,1.166861,1.163873,1.166861,100.0000
EURUSD,2025.12.03,12:00:00,1.166861,1.167815,1.165909,1.166453,100.0000
EURUSD,2025.12.03,16:00:00,1.166317,1.168088,1.166045,1.167679,100.0000
EURUSD,2025.12.03,20:00:00,1.167542,1.167679,1.166725,1.166997,100.0000
EURUSD,2025.12.04,00:00:00,1.166861,1.166861,1.165773,1.165909,100.0000
EURUSD,2025.12.04,04:00:00,1.165909,1.166861,1.165637,1.166861,100.0000
EURUSD,2025.12.04,08:00:00,1.166861,1.168770,1.166725,1.168361,100.0000
EURUSD,2025.12.04,12:00:00,1.168361,1.168497,1.166181,1.167679,100.0000
EURUSD,2025.12.04,16:00:00,1.167679,1.167679,1.165365,1.165637,100.0000
EURUSD,2025.12.04,20:00:00,1.165365,1.165501,1.164415,1.164551,100.0000
EURUSD,2025.12.05,00:00:00,1.164822,1.165773,1.164822,1.165230,100.0000
EURUSD,2025.12.05,04:00:00,1.165230,1.167542,1.165230,1.166589,100.0000
EURUSD,2025.12.05,08:00:00,1.166317,1.166725,1.164551,1.164958,100.0000
EURUSD,2025.12.05,12:00:00,1.165094,1.166317,1.164551,1.165094,100.0000
EURUSD,2025.12.05,16:00:00,1.165094,1.165230,1.163196,1.164687,100.0000
EURUSD,2025.12.05,20:00:00,1.164551,1.164958,1.164415,1.164551,100.0000
EURUSD,2025.12.08,00:00:00,1.164415,1.165909,1.164415,1.165365,100.0000
EURUSD,2025.12.08,04:00:00,1.165365,1.167406,1.165365,1.166045,100.0000
EURUSD,2025.12.08,08:00:00,1.166181,1.166725,1.164822,1.165501,100.0000
EURUSD,2025.12.08,12:00:00,1.165365,1.166453,1.162115,1.162791,100.0000
EURUSD,2025.12.08,16:00:00,1.162791,1.164822,1.161980,1.164280,100.0000
EURUSD,2025.12.08,20:00:00,1.164280,1.164551,1.163196,1.164415,100.0000
EURUSD,2025.12.09,00:00:00,1.164415,1.165501,1.164009,1.164958,100.0000
EURUSD,2025.12.09,04:00:00,1.164958,1.165365,1.164144,1.164415,100.0000
EURUSD,2025.12.09,08:00:00,1.164415,1.165909,1.163738,1.164687,100.0000
EURUSD,2025.12.09,12:00:00,1.164687,1.164687,1.161980,1.163196,100.0000
EURUSD,2025.12.09,16:00:00,1.163196,1.164280,1.162115,1.163061,100.0000
EURUSD,2025.12.09,20:00:00,1.163196,1.163467,1.162791,1.163196,100.0000
EURUSD,2025.12.10,00:00:00,1.163196,1.163196,1.162520,1.162926,100.0000
EURUSD,2025.12.10,04:00:00,1.163061,1.165230,1.162926,1.165230,100.0000
EURUSD,2025.12.10,08:00:00,1.165094,1.166045,1.163061,1.163738,100.0000
EURUSD,2025.12.10,12:00:00,1.163873,1.165365,1.163196,1.164551,100.0000
EURUSD,2025.12.10,16:00:00,1.164551,1.168361,1.164144,1.168361,100.0000
EURUSD,2025.12.10,20:00:00,1.168088,1.170686,1.167815,1.170412,100.0000
EURUSD,2025.12.11,00:00:00,1.170549,1.170960,1.169454,1.169591,100.0000
EURUSD,2025.12.11,04:00:00,1.169454,1.170275,1.168634,1.169727,100.0000
EURUSD,2025.12.11,08:00:00,1.169727,1.172058,1.169044,1.171646,100.0000
EURUSD,2025.12.11,12:00:00,1.171646,1.176055,1.171372,1.176055,100.0000
EURUSD,2025.12.11,16:00:00,1.176055,1.176609,1.174398,1.174398,100.0000
EURUSD,2025.12.11,20:00:00,1.174260,1.174950,1.173847,1.174260,100.0000
EURUSD,2025.12.12,00:00:00,1.174536,1.174950,1.173571,1.173847,100.0000
EURUSD,2025.12.12,04:00:00,1.173847,1.174674,1.173571,1.174122,100.0000
EURUSD,2025.12.12,08:00:00,1.174122,1.174536,1.172608,1.173020,100.0000
EURUSD,2025.12.12,12:00:00,1.172745,1.174812,1.172333,1.173985,100.0000
EURUSD,2025.12.12,16:00:00,1.174260,1.175364,1.173020,1.174398,100.0000
EURUSD,2025.12.12,20:00:00,1.174536,1.174950,1.174260,1.174398,100.0000
EURUSD,2025.12.15,00:00:00,1.174122,1.174812,1.173158,1.173709,100.0000
EURUSD,2025.12.15,04:00:00,1.173709,1.174122,1.173158,1.173158,100.0000
EURUSD,2025.12.15,08:00:00,1.173296,1.175364,1.173020,1.175226,100.0000
EURUSD,2025.12.15,12:00:00,1.175226,1.177163,1.174812,1.176609,100.0000
EURUSD,2025.12.15,16:00:00,1.176609,1.176747,1.174260,1.175364,100.0000
EURUSD,2025.12.15,20:00:00,1.175226,1.175917,1.175088,1.175779,100.0000
EURUSD,2025.12.16,00:00:00,1.175641,1.176332,1.175088,1.175503,100.0000
EURUSD,2025.12.16,04:00:00,1.175503,1.175779,1.174950,1.175364,100.0000
EURUSD,2025.12.16,08:00:00,1.175641,1.176747,1.175088,1.176609,100.0000
EURUSD,2025.12.16,12:00:00,1.176747,1.180638,1.176194,1.177302,100.0000
EURUSD,2025.12.16,16:00:00,1.177302,1.178134,1.174398,1.176194,100.0000
EURUSD,2025.12.16,20:00:00,1.176194,1.176609,1.174812,1.175226,100.0000
EURUSD,2025.12.17,00:00:00,1.175226,1.175503,1.174122,1.174260,100.0000
EURUSD,2025.12.17,04:00:00,1.174260,1.174260,1.170823,1.171646,100.0000
EURUSD,2025.12.17,08:00:00,1.171783,1.173020,1.170960,1.171372,100.0000
EURUSD,2025.12.17,12:00:00,1.171234,1.176055,1.171234,1.175779,100.0000
EURUSD,2025.12.17,16:00:00,1.175641,1.175917,1.174536,1.174812,100.0000
EURUSD,2025.12.17,20:00:00,1.174812,1.174950,1.174122,1.174536,100.0000
EURUSD,2025.12.18,00:00:00,1.174536,1.174950,1.173985,1.174260,100.0000
EURUSD,2025.12.18,04:00:00,1.174260,1.175226,1.173847,1.173847,100.0000
EURUSD,2025.12.18,08:00:00,1.173709,1.173985,1.172058,1.172470,100.0000
EURUSD,2025.12.18,12:00:00,1.172608,1.176332,1.171646,1.173020,100.0000
EURUSD,2025.12.18,16:00:00,1.173020,1.174950,1.171921,1.172883,100.0000
EURUSD,2025.12.18,20:00:00,1.172883,1.173158,1.172058,1.172883,100.0000
EURUSD,2025.12.19,00:00:00,1.172883,1.173158,1.172196,1.172470,100.0000
EURUSD,2025.12.19,04:00:00,1.172470,1.172608,1.170823,1.170960,100.0000
EURUSD,2025.12.19,08:00:00,1.171234,1.172058,1.171097,1.171646,100.0000
EURUSD,2025.12.19,12:00:00,1.171372,1.174122,1.170686,1.171372,100.0000
EURUSD,2025.12.19,16:00:00,1.171372,1.173020,1.171234,1.172745,100.0000
EURUSD,2025.12.19,20:00:00,1.172745,1.172883,1.171097,1.171509,100.0000
EURUSD,2025.12.22,00:00:00,1.171372,1.172333,1.171372,1.172196,100.0000
EURUSD,2025.12.22,04:00:00,1.172058,1.173434,1.171646,1.173296,100.0000
EURUSD,2025.12.22,08:00:00,1.173296,1.174122,1.172745,1.173571,100.0000
EURUSD,2025.12.22,12:00:00,1.173709,1.177302,1.173709,1.176747,100.0000
EURUSD,2025.12.22,16:00:00,1.176609,1.176747,1.175226,1.175917,100.0000
EURUSD,2025.12.22,20:00:00,1.175779,1.176886,1.175641,1.176886,100.0000
EURUSD,2025.12.23,00:00:00,1.176747,1.178273,1.176747,1.177856,100.0000
EURUSD,2025.12.23,04:00:00,1.178134,1.178411,1.177302,1.178411,100.0000
EURUSD,2025.12.23,08:00:00,1.178273,1.180359,1.177995,1.179941,100.0000
EURUSD,2025.12.23,12:00:00,1.179941,1.180498,1.176747,1.177856,100.0000
EURUSD,2025.12.23,16:00:00,1.177856,1.179384,1.177302,1.179384,100.0000
EURUSD,2025.12.23,20:00:00,1.179384,1.181614,1.179106,1.179802,100.0000
EURUSD,2025.12.24,00:00:00,1.179941,1.181195,1.179106,1.179106,100.0000
EURUSD,2025.12.24,04:00:00,1.179106,1.180777,1.178967,1.179245,100.0000
EURUSD,2025.12.24,08:00:00,1.179523,1.180359,1.178411,1.179663,100.0000
EURUSD,2025.12.24,12:00:00,1.179663,1.179663,1.177856,1.178273,100.0000
EURUSD,2025.12.24,16:00:00,1.178134,1.178689,1.177718,1.178550,100.0000
EURUSD,2025.12.24,20:00:00,1.178550,1.179106,1.177995,1.178134,100.0000
EURUSD,2025.12.25,00:00:00,1.177440,1.179523,1.177163,1.178411,100.0000
EURUSD,2025.12.25,04:00:00,1.178411,1.179802,1.177995,1.178550,100.0000
EURUSD,2025.12.25,08:00:00,1.178550,1.178689,1.178550,1.178689,100.0000
EURUSD,2025.12.25,20:00:00,1.177995,1.179245,1.177995,1.178828,100.0000
EURUSD,2025.12.26,00:00:00,1.178689,1.179663,1.178134,1.178828,100.0000
EURUSD,2025.12.26,04:00:00,1.178689,1.179106,1.177440,1.177579,100.0000
EURUSD,2025.12.26,08:00:00,1.177579,1.178550,1.177024,1.177995,100.0000
EURUSD,2025.12.26,12:00:00,1.178134,1.179941,1.177718,1.177995,100.0000
EURUSD,2025.12.26,16:00:00,1.178134,1.178273,1.176471,1.177995,100.0000
EURUSD,2025.12.26,20:00:00,1.178134,1.178411,1.176886,1.177718,100.0000
EURUSD,2025.12.29,00:00:00,1.177856,1.178967,1.177579,1.177718,100.0000
EURUSD,2025.12.29,04:00:00,1.177579,1.178273,1.175779,1.177995,100.0000
EURUSD,2025.12.29,08:00:00,1.178134,1.179245,1.176194,1.176886,100.0000
EURUSD,2025.12.29,12:00:00,1.176886,1.179245,1.176055,1.177163,100.0000
EURUSD,2025.12.29,16:00:00,1.177024,1.177163,1.175364,1.177024,100.0000
EURUSD,2025.12.29,20:00:00,1.177163,1.177856,1.176886,1.177579,100.0000
EURUSD,2025.12.30,00:00:00,1.177718,1.177995,1.177302,1.177579,100.0000
EURUSD,2025.12.30,04:00:00,1.177579,1.178273,1.177024,1.177302,100.0000
EURUSD,2025.12.30,08:00:00,1.177440,1.178134,1.176747,1.177024,100.0000
EURUSD,2025.12.30,12:00:00,1.176886,1.177163,1.174950,1.176332,100.0000
EURUSD,2025.12.30,16:00:00,1.176194,1.177024,1.174950,1.175088,100.0000
EURUSD,2025.12.30,20:00:00,1.175088,1.175364,1.174674,1.174950,100.0000
EURUSD,2025.12.31,00:00:00,1.174950,1.175226,1.174260,1.174674,100.0000
EURUSD,2025.12.31,04:00:00,1.174674,1.174674,1.173296,1.173985,100.0000
EURUSD,2025.12.31,08:00:00,1.173985,1.175088,1.172333,1.175088,100.0000
EURUSD,2025.12.31,12:00:00,1.175226,1.176194,1.172470,1.174812,100.0000
EURUSD,2025.12.31,16:00:00,1.174674,1.175088,1.173296,1.174398,100.0000
EURUSD,2025.12.31,20:00:00,1.174536,1.175641,1.174398,1.174950,100.0000
EURUSD,2026.01.01,00:00:00,1.174950,1.174950,1.174950,1.174950,100.0000
EURUSD,2026.01.01,04:00:00,1.174950,1.174950,1.174950,1.174950,100.0000
EURUSD,2026.01.01,08:00:00,1.174950,1.174950,1.174950,1.174950,100.0000
EURUSD,2026.01.01,20:00:00,1.174812,1.175779,1.174260,1.175364,100.0000
EURUSD,2026.01.02,00:00:00,1.175364,1.176886,1.175364,1.176886,100.0000
EURUSD,2026.01.02,04:00:00,1.176747,1.176886,1.173709,1.174122,100.0000
EURUSD,2026.01.02,08:00:00,1.173709,1.173985,1.171646,1.172470,100.0000
EURUSD,2026.01.02,12:00:00,1.172470,1.175503,1.171921,1.175364,100.0000
EURUSD,2026.01.02,16:00:00,1.175503,1.175503,1.171783,1.172745,100.0000
EURUSD,2026.01.02,20:00:00,1.172745,1.172745,1.171921,1.172333,100.0000
EURUSD,2026.01.05,00:00:00,1.171097,1.171372,1.167542,1.167951,100.0000
EURUSD,2026.01.05,04:00:00,1.167815,1.169591,1.167679,1.169044,100.0000
EURUSD,2026.01.05,08:00:00,1.168907,1.169727,1.167815,1.168497,100.0000
EURUSD,2026.01.05,12:00:00,1.168497,1.170686,1.166317,1.170686,100.0000
EURUSD,2026.01.05,16:00:00,1.170823,1.173158,1.170823,1.173020,100.0000
EURUSD,2026.01.05,20:00:00,1.173020,1.173158,1.171646,1.171783,100.0000
EURUSD,2026.01.06,00:00:00,1.171921,1.174122,1.171372,1.173847,100.0000
EURUSD,2026.01.06,04:00:00,1.173847,1.174812,1.172883,1.173158,100.0000
EURUSD,2026.01.06,08:00:00,1.173296,1.174122,1.170823,1.170960,100.0000
EURUSD,2026.01.06,12:00:00,1.171234,1.172058,1.168770,1.169864,100.0000
EURUSD,2026.01.06,16:00:00,1.170138,1.170549,1.168770,1.169317,100.0000
EURUSD,2026.01.06,20:00:00,1.169591,1.169727,1.168634,1.169180,100.0000
EURUSD,2026.01.07,00:00:00,1.169180,1.170549,1.168907,1.170275,100.0000
EURUSD,2026.01.07,04:00:00,1.170275,1.170549,1.168361,1.168634,100.0000
EURUSD,2026.01.07,08:00:00,1.168497,1.169864,1.167679,1.169180,100.0000
EURUSD,2026.01.07,12:00:00,1.169317,1.170138,1.168361,1.169454,100.0000
EURUSD,2026.01.07,16:00:00,1.169454,1.169864,1.168224,1.168634,100.0000
EURUSD,2026.01.07,20:00:00,1.168497,1.168770,1.167542,1.167951,100.0000
EURUSD,2026.01.08,00:00:00,1.168088,1.168634,1.167542,1.168361,100.0000
EURUSD,2026.01.08,04:00:00,1.168224,1.168634,1.167815,1.168224,100.0000
EURUSD,2026.01.08,08:00:00,1.168088,1.168361,1.167270,1.168088,100.0000
EURUSD,2026.01.08,12:00:00,1.167951,1.168088,1.166045,1.166997,100.0000
EURUSD,2026.01.08,16:00:00,1.166997,1.167133,1.164551,1.165365,100.0000
EURUSD,2026.01.08,20:00:00,1.165365,1.166861,1.165365,1.166045,100.0000
EURUSD,2026.01.09,00:00:00,1.166045,1.166181,1.164958,1.165909,100.0000
EURUSD,2026.01.09,04:00:00,1.166181,1.166181,1.164415,1.165365,100.0000
EURUSD,2026.01.09,08:00:00,1.165501,1.165501,1.164280,1.164958,100.0000
EURUSD,2026.01.09,12:00:00,1.164822,1.166317,1.162250,1.164280,100.0000
EURUSD,2026.01.09,16:00:00,1.164551,1.164551,1.163196,1.163873,100.0000
EURUSD,2026.01.09,20:00:00,1.163738,1.164144,1.163332,1.163873,100.0000
EURUSD,2026.01.12,00:00:00,1.162791,1.167406,1.162656,1.165909,100.0000
EURUSD,2026.01.12,04:00:00,1.165909,1.168907,1.165637,1.168907,100.0000
EURUSD,2026.01.12,08:00:00,1.168770,1.169864,1.167951,1.168224,100.0000
EURUSD,2026.01.12,12:00:00,1.168224,1.170138,1.167679,1.168497,100.0000
EURUSD,2026.01.12,16:00:00,1.168497,1.168497,1.166861,1.167542,100.0000
EURUSD,2026.01.12,20:00:00,1.167542,1.167542,1.166725,1.166997,100.0000
EURUSD,2026.01.13,00:00:00,1.167133,1.167133,1.166045,1.166181,100.0000
EURUSD,2026.01.13,04:00:00,1.166181,1.167133,1.165773,1.166861,100.0000
EURUSD,2026.01.13,08:00:00,1.166725,1.167679,1.166181,1.167133,100.0000
EURUSD,2026.01.13,12:00:00,1.167270,1.168088,1.164822,1.165365,100.0000
EURUSD,2026.01.13,16:00:00,1.165501,1.165773,1.163873,1.165365,100.0000
EURUSD,2026.01.13,20:00:00,1.165230,1.165365,1.164415,1.164551,100.0000
EURUSD,2026.01.14,00:00:00,1.164551,1.165230,1.164009,1.165094,100.0000
EURUSD,2026.01.14,04:00:00,1.164958,1.165501,1.164551,1.164958,100.0000
EURUSD,2026.01.14,08:00:00,1.164958,1.166181,1.164551,1.164958,100.0000
EURUSD,2026.01.14,12:00:00,1.165094,1.166317,1.164822,1.166317,100.0000
EURUSD,2026.01.14,16:00:00,1.166317,1.166453,1.163873,1.164144,100.0000
EURUSD,2026.01.14,20:00:00,1.164009,1.165230,1.164009,1.164958,100.0000
EURUSD,2026.01.15,00:00:00,1.164822,1.164958,1.163738,1.164280,100.0000
EURUSD,2026.01.15,04:00:00,1.164280,1.164280,1.163061,1.163196,100.0000
EURUSD,2026.01.15,08:00:00,1.163196,1.164415,1.163061,1.163467,100.0000
EURUSD,2026.01.15,12:00:00,1.163467,1.163873,1.159689,1.160497,100.0000
EURUSD,2026.01.15,16:00:00,1.160631,1.162115,1.160227,1.161710,100.0000
EURUSD,2026.01.15,20:00:00,1.161710,1.161845,1.160631,1.161305,100.0000
EURUSD,2026.01.16,00:00:00,1.161305,1.161710,1.160631,1.161575,100.0000
EURUSD,2026.01.16,04:00:00,1.161575,1.161710,1.160766,1.161575,100.0000
EURUSD,2026.01.16,08:00:00,1.161575,1.162656,1.161170,1.162250,100.0000
EURUSD,2026.01.16,12:00:00,1.162250,1.162926,1.159017,1.159689,100.0000
EURUSD,2026.01.16,16:00:00,1.159824,1.160901,1.159286,1.159958,100.0000
EURUSD,2026.01.16,20:00:00,1.159958,1.160631,1.159958,1.160362,100.0000
EURUSD,2026.01.19,00:00:00,1.162791,1.164144,1.161170,1.162791,100.0000
EURUSD,2026.01.19,04:00:00,1.162926,1.164415,1.162656,1.162926,100.0000
EURUSD,2026.01.19,08:00:00,1.163061,1.163332,1.161440,1.163196,100.0000
EURUSD,2026.01.19,12:00:00,1.163061,1.164687,1.162926,1.164280,100.0000
EURUSD,2026.01.19,16:00:00,1.164280,1.165230,1.164144,1.164687,100.0000
EURUSD,2026.01.19,20:00:00,1.164687,1.165637,1.164280,1.164280,100.0000
EURUSD,2026.01.20,00:00:00,1.164280,1.166181,1.163603,1.166045,100.0000
EURUSD,2026.01.20,04:00:00,1.165909,1.169727,1.165909,1.169317,100.0000
EURUSD,2026.01.20,08:00:00,1.169180,1.174260,1.169180,1.173709,100.0000
EURUSD,2026.01.20,12:00:00,1.173847,1.177024,1.172058,1.173985,100.0000
EURUSD,2026.01.20,16:00:00,1.173158,1.174536,1.171509,1.171509,100.0000
EURUSD,2026.01.20,20:00:00,1.171646,1.173296,1.171509,1.173158,100.0000
EURUSD,2026.01.21,00:00:00,1.172745,1.173709,1.171509,1.172196,100.0000
EURUSD,2026.01.21,04:00:00,1.172196,1.172883,1.171509,1.172058,100.0000
EURUSD,2026.01.21,08:00:00,1.172196,1.172333,1.170412,1.171646,100.0000
EURUSD,2026.01.21,12:00:00,1.171646,1.174536,1.170412,1.170549,100.0000
EURUSD,2026.01.21,16:00:00,1.170549,1.171509,1.168224,1.169454,100.0000
EURUSD,2026.01.21,20:00:00,1.169317,1.169454,1.167542,1.167542,100.0000
EURUSD,2026.01.22,00:00:00,1.167679,1.169727,1.167679,1.169317,100.0000
EURUSD,2026.01.22,04:00:00,1.169317,1.170001,1.168770,1.169454,100.0000
EURUSD,2026.01.22,08:00:00,1.169317,1.170823,1.168770,1.170686,100.0000
EURUSD,2026.01.22,12:00:00,1.170549,1.173709,1.170412,1.173709,100.0000
EURUSD,2026.01.22,16:00:00,1.173709,1.175364,1.173709,1.174812,100.0000
EURUSD,2026.01.22,20:00:00,1.174674,1.176471,1.174536,1.175779,100.0000
EURUSD,2026.01.23,00:00:00,1.175641,1.175641,1.174674,1.174674,100.0000
EURUSD,2026.01.23,04:00:00,1.174812,1.175779,1.173985,1.173985,100.0000
EURUSD,2026.01.23,08:00:00,1.174260,1.174812,1.173158,1.174122,100.0000
EURUSD,2026.01.23,12:00:00,1.174122,1.176332,1.173571,1.176194,100.0000
EURUSD,2026.01.23,16:00:00,1.176055,1.181754,1.175088,1.181614,100.0000
EURUSD,2026.01.23,20:00:00,1.181614,1.183572,1.181474,1.182313,100.0000
EURUSD,2026.01.26,00:00:00,1.185677,1.187931,1.184834,1.186521,100.0000
EURUSD,2026.01.26,04:00:00,1.186380,1.187225,1.184273,1.184273,100.0000
EURUSD,2026.01.26,08:00:00,1.184694,1.187085,1.184273,1.185958,100.0000
EURUSD,2026.01.26,12:00:00,1.185818,1.189910,1.183992,1.189910,100.0000
EURUSD,2026.01.26,16:00:00,1.190051,1.190618,1.187366,1.188213,100.0000
EURUSD,2026.01.26,20:00:00,1.188637,1.188919,1.187648,1.187790,100.0000
EURUSD,2026.01.27,00:00:00,1.187790,1.190334,1.187790,1.188354,100.0000
EURUSD,2026.01.27,04:00:00,1.188354,1.188495,1.186521,1.186803,100.0000
EURUSD,2026.01.27,08:00:00,1.186944,1.190051,1.185536,1.190051,100.0000
EURUSD,2026.01.27,12:00:00,1.189910,1.197461,1.189768,1.195314,100.0000
EURUSD,2026.01.27,16:00:00,1.195600,1.199328,1.195600,1.198035,100.0000
EURUSD,2026.01.27,20:00:00,1.197892,1.208459,1.197892,1.202212,100.0000
EURUSD,2026.01.28,00:00:00,1.202357,1.202646,1.199185,1.200048,100.0000
EURUSD,2026.01.28,04:00:00,1.200048,1.202935,1.197892,1.199472,100.0000
EURUSD,2026.01.28,08:00:00,1.199328,1.200624,1.196602,1.197175,100.0000
EURUSD,2026.01.28,12:00:00,1.197318,1.198610,1.193602,1.194600,100.0000
EURUSD,2026.01.28,16:00:00,1.195029,1.195457,1.190618,1.194458,100.0000
EURUSD,2026.01.28,20:00:00,1.194743,1.198035,1.193317,1.198035,100.0000
EURUSD,2026.01.29,00:00:00,1.198179,1.199041,1.195886,1.199041,100.0000
EURUSD,2026.01.29,04:00:00,1.199185,1.199760,1.197175,1.197748,100.0000
EURUSD,2026.01.29,08:00:00,1.198179,1.198897,1.194315,1.195171,100.0000
EURUSD,2026.01.29,12:00:00,1.195029,1.197318,1.191185,1.193317,100.0000
EURUSD,2026.01.29,16:00:00,1.193460,1.196745,1.193175,1.195457,100.0000
EURUSD,2026.01.29,20:00:00,1.195457,1.198322,1.195029,1.196888,100.0000
EURUSD,2026.01.30,00:00:00,1.197031,1.197748,1.189910,1.192464,100.0000
EURUSD,2026.01.30,04:00:00,1.192321,1.194458,1.191753,1.194030,100.0000
EURUSD,2026.01.30,08:00:00,1.194172,1.195314,1.190334,1.195314,100.0000
EURUSD,2026.01.30,12:00:00,1.195457,1.195886,1.188919,1.189061,100.0000
EURUSD,2026.02.02,16:00:00,1.178134,1.179523,1.177995,1.179384,100.0000
EURUSD,2026.02.02,20:00:00,1.179106,1.180220,1.178411,1.180220,100.0000
EURUSD,2026.02.03,00:00:00,1.180220,1.181754,1.180220,1.181614,100.0000
EURUSD,2026.02.03,04:00:00,1.181335,1.182732,1.180916,1.181893,100.0000
EURUSD,2026.02.03,08:00:00,1.181893,1.182313,1.178689,1.179245,100.0000
EURUSD,2026.02.03,12:00:00,1.179245,1.181754,1.178411,1.181754,100.0000
EURUSD,2026.02.03,16:00:00,1.181614,1.183152,1.181056,1.181754,100.0000
EURUSD,2026.02.03,20:00:00,1.181614,1.182872,1.181335,1.181893,100.0000
EURUSD,2026.02.04,00:00:00,1.181893,1.183572,1.181335,1.183012,100.0000
EURUSD,2026.02.04,04:00:00,1.183012,1.183992,1.182872,1.183432,100.0000
EURUSD,2026.02.04,08:00:00,1.183432,1.184133,1.180916,1.181474,100.0000
EURUSD,2026.02.04,12:00:00,1.181474,1.182872,1.179663,1.179941,100.0000
EURUSD,2026.02.04,16:00:00,1.179941,1.181754,1.179523,1.181195,100.0000
EURUSD,2026.02.04,20:00:00,1.181335,1.182173,1.180498,1.180498,100.0000
EURUSD,2026.02.05,00:00:00,1.180498,1.181195,1.178828,1.179245,100.0000
EURUSD,2026.02.05,04:00:00,1.179245,1.180638,1.178828,1.180220,100.0000
EURUSD,2026.02.05,08:00:00,1.180220,1.181056,1.178411,1.179663,100.0000
EURUSD,2026.02.05,12:00:00,1.179384,1.182452,1.178550,1.179663,100.0000
EURUSD,2026.02.05,16:00:00,1.179523,1.180777,1.178967,1.179802,100.0000
EURUSD,2026.02.05,20:00:00,1.179663,1.179802,1.177856,1.178134,100.0000
EURUSD,2026.02.06,00:00:00,1.177995,1.179523,1.177024,1.179106,100.0000
EURUSD,2026.02.06,04:00:00,1.179106,1.180498,1.179106,1.179384,100.0000
EURUSD,2026.02.06,08:00:00,1.179384,1.180359,1.178967,1.179384,100.0000
EURUSD,2026.02.06,12:00:00,1.179384,1.182872,1.179245,1.182313,100.0000
EURUSD,2026.02.06,16:00:00,1.182313,1.182732,1.181474,1.182313,100.0000
EURUSD,2026.02.06,20:00:00,1.182313,1.182732,1.181754,1.182033,100.0000
EURUSD,2026.02.09,00:00:00,1.183012,1.183572,1.182033,1.182173,100.0000
EURUSD,2026.02.09,04:00:00,1.182313,1.186380,1.182313,1.185958,100.0000
EURUSD,2026.02.09,08:00:00,1.185958,1.187507,1.185536,1.187225,100.0000
EURUSD,2026.02.09,12:00:00,1.187366,1.192890,1.187366,1.191327,100.0000
EURUSD,2026.02.09,16:00:00,1.191469,1.192606,1.189768,1.192321,100.0000
EURUSD,2026.02.09,20:00:00,1.192321,1.192464,1.190618,1.190618,100.0000
EURUSD,2026.02.10,00:00:00,1.190760,1.192037,1.190051,1.191327,100.0000
EURUSD,2026.02.10,04:00:00,1.191469,1.191611,1.190334,1.190902,100.0000
EURUSD,2026.02.10,08:00:00,1.191185,1.192321,1.190476,1.190760,100.0000
EURUSD,2026.02.10,12:00:00,1.190760,1.193033,1.189343,1.191895,100.0000
EURUSD,2026.02.10,16:00:00,1.191753,1.191753,1.189202,1.190476,100.0000
EURUSD,2026.02.10,20:00:00,1.190618,1.190618,1.188495,1.189202,100.0000
EURUSD,2026.02.11,00:00:00,1.189202,1.191753,1.189061,1.191327,100.0000
EURUSD,2026.02.11,04:00:00,1.191469,1.192890,1.191043,1.192179,100.0000
EURUSD,2026.02.11,08:00:00,1.192037,1.193033,1.191043,1.191327,100.0000
EURUSD,2026.02.11,12:00:00,1.191185,1.191185,1.184133,1.186240,100.0000
EURUSD,2026.02.11,16:00:00,1.186240,1.189626,1.185818,1.188354,100.0000
EURUSD,2026.02.11,20:00:00,1.188354,1.188495,1.187225,1.187931,100.0000
EURUSD,2026.02.12,00:00:00,1.187790,1.188778,1.186944,1.187225,100.0000
EURUSD,2026.02.12,04:00:00,1.187366,1.187931,1.185677,1.187648,100.0000
EURUSD,2026.02.12,08:00:00,1.187790,1.189061,1.187507,1.188778,100.0000
EURUSD,2026.02.12,12:00:00,1.188778,1.189202,1.187085,1.189061,100.0000
EURUSD,2026.02.12,16:00:00,1.188919,1.189343,1.186099,1.187366,100.0000
EURUSD,2026.02.12,20:00:00,1.187366,1.188354,1.186662,1.187085,100.0000
EURUSD,2026.02.13,00:00:00,1.187225,1.187648,1.186662,1.187085,100.0000
EURUSD,2026.02.13,04:00:00,1.187085,1.187085,1.185115,1.186240,100.0000
EURUSD,2026.02.13,08:00:00,1.186240,1.186944,1.185677,1.186099,100.0000
EURUSD,2026.02.13,12:00:00,1.186240,1.188354,1.185255,1.185255,100.0000
EURUSD,2026.02.13,16:00:00,1.185255,1.188637,1.185255,1.186944,100.0000
EURUSD,2026.02.13,20:00:00,1.186944,1.188072,1.186803,1.187085,100.0000
EURUSD,2026.02.16,00:00:00,1.187085,1.187225,1.186380,1.187085,100.0000
EURUSD,2026.02.16,04:00:00,1.187085,1.187366,1.186521,1.186662,100.0000
EURUSD,2026.02.16,08:00:00,1.186662,1.187366,1.186099,1.186521,100.0000
EURUSD,2026.02.16,12:00:00,1.186521,1.186662,1.185255,1.185818,100.0000
EURUSD,2026.02.16,16:00:00,1.185677,1.185958,1.184974,1.185818,100.0000
EURUSD,2026.02.16,20:00:00,1.185818,1.185958,1.184834,1.185255,100.0000
EURUSD,2026.02.17,00:00:00,1.185396,1.185536,1.184273,1.184413,100.0000
EURUSD,2026.02.17,04:00:00,1.184553,1.184974,1.183292,1.183712,100.0000
EURUSD,2026.02.17,08:00:00,1.183712,1.185255,1.183152,1.183292,100.0000
EURUSD,2026.02.17,12:00:00,1.183432,1.183852,1.180916,1.181474,100.0000
EURUSD,2026.02.17,16:00:00,1.181474,1.185677,1.181474,1.185115,100.0000
EURUSD,2026.02.17,20:00:00,1.185115,1.186099,1.185115,1.185536,100.0000
EURUSD,2026.02.18,00:00:00,1.185536,1.185677,1.184413,1.184413,100.0000
EURUSD,2026.02.18,04:00:00,1.184553,1.184974,1.183712,1.183852,100.0000
EURUSD,2026.02.18,08:00:00,1.183852,1.184413,1.183292,1.183852,100.0000
EURUSD,2026.02.18,12:00:00,1.183852,1.185255,1.181614,1.182592,100.0000
EURUSD,2026.02.18,16:00:00,1.182452,1.182872,1.178828,1.179106,100.0000
EURUSD,2026.02.18,20:00:00,1.178967,1.179523,1.178411,1.179245,100.0000
EURUSD,2026.02.19,00:00:00,1.179245,1.179941,1.178828,1.179523,100.0000
EURUSD,2026.02.19,04:00:00,1.179523,1.180638,1.178828,1.180498,100.0000
EURUSD,2026.02.19,08:00:00,1.180359,1.181056,1.178134,1.178411,100.0000
EURUSD,2026.02.19,12:00:00,1.178273,1.178411,1.174536,1.176609,100.0000
EURUSD,2026.02.19,16:00:00,1.176609,1.177718,1.175917,1.176609,100.0000
EURUSD,2026.02.19,20:00:00,1.176747,1.178134,1.176747,1.177163,100.0000
EURUSD,2026.02.20,00:00:00,1.177302,1.177579,1.175779,1.176194,100.0000
EURUSD,2026.02.20,04:00:00,1.176194,1.176609,1.175364,1.175503,100.0000
EURUSD,2026.02.20,08:00:00,1.175641,1.177302,1.174812,1.177024,100.0000
EURUSD,2026.02.20,12:00:00,1.177024,1.180916,1.176055,1.178967,100.0000
EURUSD,2026.02.20,16:00:00,1.179245,1.180080,1.177024,1.178411,100.0000
EURUSD,2026.02.20,20:00:00,1.178273,1.179523,1.178134,1.178550,100.0000
EURUSD,2026.02.23,00:00:00,1.183572,1.183712,1.182173,1.182732,100.0000
EURUSD,2026.02.23,04:00:00,1.182732,1.183712,1.181893,1.182592,100.0000
EURUSD,2026.02.23,08:00:00,1.182732,1.182732,1.178411,1.178967,100.0000
EURUSD,2026.02.23,12:00:00,1.178967,1.181335,1.177856,1.179802,100.0000
EURUSD,2026.02.23,16:00:00,1.179663,1.181056,1.179245,1.179523,100.0000
EURUSD,2026.02.23,20:00:00,1.179523,1.179941,1.178550,1.179663,100.0000
EURUSD,2026.02.24,00:00:00,1.179663,1.179941,1.177579,1.177856,100.0000
EURUSD,2026.02.24,04:00:00,1.177856,1.178550,1.177163,1.178134,100.0000
EURUSD,2026.02.24,08:00:00,1.178273,1.179663,1.177856,1.178411,100.0000
EURUSD,2026.02.24,12:00:00,1.178411,1.178550,1.177024,1.177579,100.0000
EURUSD,2026.02.24,16:00:00,1.177579,1.179384,1.177579,1.178273,100.0000
EURUSD,2026.02.24,20:00:00,1.178273,1.178689,1.177302,1.177718,100.0000
EURUSD,2026.02.25,00:00:00,1.177856,1.179663,1.177718,1.179384,100.0000
EURUSD,2026.02.25,04:00:00,1.179245,1.181056,1.179245,1.180220,100.0000
EURUSD,2026.02.25,08:00:00,1.180080,1.180359,1.177440,1.177718,100.0000
EURUSD,2026.02.25,12:00:00,1.177856,1.180359,1.177718,1.180220,100.0000
EURUSD,2026.02.25,16:00:00,1.180498,1.181754,1.180220,1.181056,100.0000
EURUSD,2026.02.25,20:00:00,1.180916,1.181893,1.180638,1.181893,100.0000
EURUSD,2026.02.26,00:00:00,1.181893,1.183292,1.181614,1.182173,100.0000
EURUSD,2026.02.26,04:00:00,1.182033,1.182592,1.181195,1.182033,100.0000
EURUSD,2026.02.26,08:00:00,1.181893,1.181893,1.179802,1.180498,100.0000
EURUSD,2026.02.26,12:00:00,1.180498,1.182033,1.178550,1.180220,100.0000
EURUSD,2026.02.26,16:00:00,1.180220,1.180220,1.177718,1.180080,100.0000
EURUSD,2026.02.26,20:00:00,1.180080,1.180638,1.179384,1.180638,100.0000
EURUSD,2026.02.27,00:00:00,1.180638,1.181056,1.179384,1.180777,100.0000
EURUSD,2026.02.27,04:00:00,1.180777,1.182173,1.180080,1.181893,100.0000
EURUSD,2026.02.27,08:00:00,1.181893,1.182452,1.179802,1.180359,100.0000
EURUSD,2026.02.27,12:00:00,1.180359,1.182033,1.179523,1.181056,100.0000
EURUSD,2026.02.27,16:00:00,1.181056,1.183012,1.181056,1.182313,100.0000
EURUSD,2026.02.27,20:00:00,1.182313,1.182872,1.181474,1.181754,100.0000
EURUSD,2026.03.02,00:00:00,1.176194,1.179941,1.176194,1.179245,100.0000
EURUSD,2026.03.02,04:00:00,1.179245,1.179384,1.170960,1.171921,100.0000
EURUSD,2026.03.02,08:00:00,1.172196,1.174950,1.170138,1.173709,100.0000
EURUSD,2026.03.02,12:00:00,1.173434,1.173709,1.168361,1.168361,100.0000
EURUSD,2026.03.02,16:00:00,1.168361,1.171646,1.167542,1.171509,100.0000
EURUSD,2026.03.02,20:00:00,1.171509,1.171646,1.168361,1.170001,100.0000
EURUSD,2026.03.03,00:00:00,1.169727,1.170960,1.169044,1.169454,100.0000
EURUSD,2026.03.03,04:00:00,1.169454,1.169591,1.164822,1.164822,100.0000
EURUSD,2026.03.03,08:00:00,1.164687,1.164687,1.158614,1.159958,100.0000
EURUSD,2026.03.03,12:00:00,1.159958,1.161845,1.153536,1.157675,100.0000
EURUSD,2026.03.03,16:00:00,1.157675,1.162791,1.157407,1.161845,100.0000
EURUSD,2026.03.03,20:00:00,1.161710,1.162656,1.160901,1.161575,100.0000
EURUSD,2026.03.04,00:00:00,1.161305,1.161305,1.157943,1.161170,100.0000
EURUSD,2026.03.04,04:00:00,1.161305,1.162791,1.159017,1.162115,100.0000
EURUSD,2026.03.04,08:00:00,1.161980,1.165773,1.159958,1.163873,100.0000
EURUSD,2026.03.04,12:00:00,1.163873,1.165365,1.162115,1.164144,100.0000
EURUSD,2026.03.04,16:00:00,1.164415,1.164822,1.162656,1.164415,100.0000
EURUSD,2026.03.04,20:00:00,1.164415,1.164687,1.163332,1.163873,100.0000
EURUSD,2026.03.05,00:00:00,1.163738,1.164958,1.161305,1.161575,100.0000
EURUSD,2026.03.05,04:00:00,1.161575,1.161980,1.159152,1.160901,100.0000
EURUSD,2026.03.05,08:00:00,1.160631,1.164280,1.158614,1.161440,100.0000
EURUSD,2026.03.05,12:00:00,1.161305,1.162791,1.157407,1.158749,100.0000
EURUSD,2026.03.05,16:00:00,1.158480,1.159555,1.156337,1.157407,100.0000
EURUSD,2026.03.05,20:00:00,1.157675,1.161710,1.157407,1.161170,100.0000
EURUSD,2026.03.06,00:00:00,1.160901,1.162385,1.160766,1.162385,100.0000
EURUSD,2026.03.06,04:00:00,1.162385,1.162385,1.160631,1.161710,100.0000
EURUSD,2026.03.06,08:00:00,1.161710,1.161710,1.156470,1.156604,100.0000
EURUSD,2026.03.06,12:00:00,1.156738,1.159420,1.155135,1.158212,100.0000
EURUSD,2026.03.06,16:00:00,1.158346,1.162250,1.158346,1.160631,100.0000
EURUSD,2026.03.06,20:00:00,1.160631,1.162520,1.159958,1.162115,100.0000
EURUSD,2026.03.09,00:00:00,1.152605,1.153403,1.151145,1.151941,100.0000
EURUSD,2026.03.09,04:00:00,1.152206,1.157407,1.151941,1.156604,100.0000
EURUSD,2026.03.09,08:00:00,1.156872,1.157407,1.152074,1.156337,100.0000
EURUSD,2026.03.09,12:00:00,1.156470,1.159689,1.155135,1.159555,100.0000
EURUSD,2026.03.09,16:00:00,1.159689,1.163467,1.157943,1.161170,100.0000
EURUSD,2026.03.09,20:00:00,1.161710,1.164822,1.161575,1.161980,100.0000
EURUSD,2026.03.10,00:00:00,1.161980,1.163873,1.161170,1.161305,100.0000
EURUSD,2026.03.10,04:00:00,1.161036,1.166589,1.161036,1.166453,100.0000
EURUSD,2026.03.10,08:00:00,1.166045,1.166317,1.162385,1.164280,100.0000
EURUSD,2026.03.10,12:00:00,1.164415,1.165773,1.162520,1.165094,100.0000
EURUSD,2026.03.10,16:00:00,1.164822,1.166997,1.161305,1.161710,100.0000
EURUSD,2026.03.10,20:00:00,1.161710,1.161980,1.160631,1.161440,100.0000
EURUSD,2026.03.11,00:00:00,1.161575,1.163467,1.161036,1.163332,100.0000
EURUSD,2026.03.11,04:00:00,1.163332,1.164415,1.161845,1.162115,100.0000
EURUSD,2026.03.11,08:00:00,1.161845,1.162385,1.159420,1.159958,100.0000
EURUSD,2026.03.11,12:00:00,1.159824,1.161305,1.157006,1.157006,100.0000
EURUSD,2026.03.11,16:00:00,1.156872,1.157943,1.156738,1.157675,100.0000
EURUSD,2026.03.11,20:00:00,1.157541,1.157809,1.154335,1.154601,100.0000
EURUSD,2026.03.12,00:00:00,1.154468,1.155802,1.153669,1.154201,100.0000
EURUSD,2026.03.12,04:00:00,1.154201,1.155535,1.153536,1.155402,100.0000
EURUSD,2026.03.12,08:00:00,1.155668,1.156872,1.154734,1.155936,100.0000
EURUSD,2026.03.12,12:00:00,1.155936,1.155936,1.151410,1.152472,100.0000
EURUSD,2026.03.12,16:00:00,1.152605,1.153403,1.151410,1.151808,100.0000
EURUSD,2026.03.12,20:00:00,1.151676,1.152605,1.151145,1.152605,100.0000
EURUSD,2026.03.13,00:00:00,1.152605,1.153270,1.150880,1.151278,100.0000
EURUSD,2026.03.13,04:00:00,1.151278,1.151278,1.145869,1.146132,100.0000
EURUSD,2026.03.13,08:00:00,1.145738,1.147447,1.143641,1.147315,100.0000
EURUSD,2026.03.13,12:00:00,1.147052,1.149161,1.143903,1.144689,100.0000
EURUSD,2026.03.13,16:00:00,1.144558,1.145213,1.142335,1.142596,100.0000
EURUSD,2026.03.13,20:00:00,1.142465,1.142596,1.141422,1.142335,100.0000
EURUSD,2026.03.16,00:00:00,1.144165,1.145869,1.144165,1.145344,100.0000
EURUSD,2026.03.16,04:00:00,1.145344,1.145475,1.141944,1.142857,100.0000
EURUSD,2026.03.16,08:00:00,1.143249,1.148897,1.142988,1.148237,100.0000
EURUSD,2026.03.16,12:00:00,1.148237,1.150483,1.147579,1.149029,100.0000
EURUSD,2026.03.16,16:00:00,1.148897,1.152738,1.148106,1.151013,100.0000
EURUSD,2026.03.16,20:00:00,1.151278,1.151278,1.149822,1.150218,100.0000
EURUSD,2026.03.17,00:00:00,1.149954,1.150483,1.149029,1.149557,100.0000
EURUSD,2026.03.17,04:00:00,1.149557,1.150351,1.147052,1.149822,100.0000
EURUSD,2026.03.17,08:00:00,1.149822,1.152738,1.149161,1.151013,100.0000
EURUSD,2026.03.17,12:00:00,1.151013,1.154468,1.150748,1.152871,100.0000
EURUSD,2026.03.17,16:00:00,1.152605,1.155135,1.152339,1.153802,100.0000
EURUSD,2026.03.17,20:00:00,1.153935,1.154734,1.153669,1.154201,100.0000
EURUSD,2026.03.18,00:00:00,1.154068,1.154601,1.153536,1.153935,100.0000
EURUSD,2026.03.18,04:00:00,1.154068,1.155268,1.152738,1.153004,100.0000
EURUSD,2026.03.18,08:00:00,1.152871,1.155668,1.152206,1.155001,100.0000
EURUSD,2026.03.18,12:00:00,1.154868,1.155135,1.149690,1.151543,100.0000
EURUSD,2026.03.18,16:00:00,1.151676,1.152738,1.147315,1.147315,100.0000
EURUSD,2026.03.18,20:00:00,1.147184,1.147579,1.145213,1.146657,100.0000
EURUSD,2026.03.19,00:00:00,1.146657,1.149293,1.146657,1.147842,100.0000
EURUSD,2026.03.19,04:00:00,1.147710,1.147974,1.145475,1.145607,100.0000
EURUSD,2026.03.19,08:00:00,1.145738,1.148897,1.144689,1.148237,100.0000
EURUSD,2026.03.19,12:00:00,1.148237,1.154201,1.146789,1.151808,100.0000
EURUSD,2026.03.19,16:00:00,1.151808,1.161845,1.151808,1.159017,100.0000
EURUSD,2026.03.19,20:00:00,1.158883,1.159958,1.157943,1.158078,100.0000
EURUSD,2026.03.20,00:00:00,1.157943,1.158212,1.155936,1.156069,100.0000
EURUSD,2026.03.20,04:00:00,1.156069,1.157809,1.155535,1.157675,100.0000
EURUSD,2026.03.20,08:00:00,1.157675,1.158346,1.153935,1.157541,100.0000
EURUSD,2026.03.20,12:00:00,1.157541,1.158212,1.152738,1.154734,100.0000
EURUSD,2026.03.20,16:00:00,1.154734,1.157274,1.154734,1.156069,100.0000
EURUSD,2026.03.20,20:00:00,1.156337,1.157541,1.156337,1.157541,100.0000
EURUSD,2026.03.23,00:00:00,1.156470,1.156738,1.154335,1.155001,100.0000
EURUSD,2026.03.23,04:00:00,1.155268,1.155535,1.152472,1.153004,100.0000
EURUSD,2026.03.23,08:00:00,1.153270,1.162250,1.148897,1.155802,100.0000
EURUSD,2026.03.23,12:00:00,1.155802,1.164280,1.155135,1.159017,100.0000
EURUSD,2026.03.23,16:00:00,1.158749,1.164009,1.158078,1.161710,100.0000
EURUSD,2026.03.23,20:00:00,1.161575,1.162656,1.161036,1.161036,100.0000
EURUSD,2026.03.24,00:00:00,1.161036,1.161036,1.158346,1.158614,100.0000
EURUSD,2026.03.24,04:00:00,1.158614,1.161845,1.157943,1.161170,100.0000
EURUSD,2026.03.24,08:00:00,1.161170,1.161170,1.158346,1.159286,100.0000
EURUSD,2026.03.24,12:00:00,1.159420,1.160631,1.157274,1.158078,100.0000
EURUSD,2026.03.24,16:00:00,1.158078,1.159555,1.156337,1.159017,100.0000
EURUSD,2026.03.24,20:00:00,1.158883,1.163061,1.158614,1.161710,100.0000
EURUSD,2026.03.25,00:00:00,1.161845,1.163332,1.160497,1.160631,100.0000
EURUSD,2026.03.25,04:00:00,1.160631,1.160766,1.159152,1.160093,100.0000
EURUSD,2026.03.25,08:00:00,1.159689,1.161845,1.159555,1.160901,100.0000
EURUSD,2026.03.25,12:00:00,1.161170,1.161575,1.156738,1.157407,100.0000
EURUSD,2026.03.25,16:00:00,1.157407,1.158480,1.155936,1.156604,100.0000
EURUSD,2026.03.25,20:00:00,1.156470,1.156738,1.155936,1.156470,100.0000
EURUSD,2026.03.26,00:00:00,1.156604,1.157274,1.155802,1.157140,100.0000
EURUSD,2026.03.26,04:00:00,1.157140,1.157541,1.155535,1.155668,100.0000
EURUSD,2026.03.26,08:00:00,1.155402,1.156738,1.152738,1.152738,100.0000
EURUSD,2026.03.26,12:00:00,1.152871,1.155802,1.152738,1.154468,100.0000
EURUSD,2026.03.26,16:00:00,1.154468,1.154601,1.152472,1.152472,100.0000
EURUSD,2026.03.26,20:00:00,1.152472,1.156069,1.152339,1.153669,100.0000
EURUSD,2026.03.27,00:00:00,1.153802,1.154468,1.152738,1.154201,100.0000
EURUSD,2026.03.27,04:00:00,1.154201,1.154868,1.152074,1.152206,100.0000
EURUSD,2026.03.27,08:00:00,1.152206,1.153004,1.150880,1.151145,100.0000
EURUSD,2026.03.27,12:00:00,1.151013,1.155001,1.150483,1.152472,100.0000
EURUSD,2026.03.27,16:00:00,1.152339,1.152871,1.151013,1.152074,100.0000
EURUSD,2026.03.27,20:00:00,1.151941,1.152206,1.151013,1.151013,100.0000
EURUSD,2026.03.29,20:00:00,1.149161,1.149690,1.149161,1.149425,100.0000
EURUSD,2026.03.30,00:00:00,1.149557,1.152206,1.149425,1.151941,100.0000
EURUSD,2026.03.30,04:00:00,1.151941,1.152472,1.149822,1.150086,100.0000
EURUSD,2026.03.30,08:00:00,1.150086,1.150218,1.148897,1.148897,100.0000
EURUSD,2026.03.30,12:00:00,1.148765,1.149029,1.144820,1.145738,100.0000
EURUSD,2026.03.30,16:00:00,1.145738,1.146920,1.145213,1.146132,100.0000
EURUSD,2026.03.30,20:00:00,1.146263,1.147184,1.145607,1.145869,100.0000
EURUSD,2026.03.31,00:00:00,1.146000,1.149293,1.145213,1.147315,100.0000
EURUSD,2026.03.31,04:00:00,1.147315,1.147710,1.146395,1.147579,100.0000
EURUSD,2026.03.31,08:00:00,1.147579,1.149425,1.146132,1.149161,100.0000
EURUSD,2026.03.31,12:00:00,1.149557,1.154201,1.149293,1.151941,100.0000
EURUSD,2026.03.31,16:00:00,1.151941,1.156337,1.151808,1.156337,100.0000
EURUSD,2026.03.31,20:00:00,1.156337,1.157675,1.155001,1.157675,100.0000
EURUSD,2026.04.01,00:00:00,1.157675,1.158212,1.155936,1.156470,100.0000
EURUSD,2026.04.01,04:00:00,1.156337,1.160093,1.156337,1.158614,100.0000
EURUSD,2026.04.01,08:00:00,1.158480,1.161440,1.158078,1.161036,100.0000
EURUSD,2026.04.01,12:00:00,1.161170,1.163061,1.159824,1.161710,100.0000
EURUSD,2026.04.01,16:00:00,1.161710,1.162520,1.158078,1.158883,100.0000
EURUSD,2026.04.01,20:00:00,1.158883,1.159824,1.158480,1.159286,100.0000
EURUSD,2026.04.02,00:00:00,1.159286,1.160631,1.154201,1.154335,100.0000
EURUSD,2026.04.02,04:00:00,1.154335,1.154468,1.151941,1.153669,100.0000
EURUSD,2026.04.02,08:00:00,1.153669,1.153802,1.151278,1.152206,100.0000
EURUSD,2026.04.02,12:00:00,1.152206,1.156069,1.152206,1.154868,100.0000
EURUSD,2026.04.02,16:00:00,1.154868,1.155135,1.153669,1.153802,100.0000
EURUSD,2026.04.02,20:00:00,1.153669,1.154734,1.153669,1.154468,100.0000
EURUSD,2026.04.03,00:00:00,1.154468,1.154734,1.153536,1.153935,100.0000
EURUSD,2026.04.03,04:00:00,1.153935,1.155001,1.153270,1.154601,100.0000
EURUSD,2026.04.03,08:00:00,1.154601,1.155135,1.154335,1.154734,100.0000
EURUSD,2026.04.03,12:00:00,1.154868,1.154868,1.152472,1.152472,100.0000
EURUSD,2026.04.03,16:00:00,1.152472,1.152472,1.151676,1.151941,100.0000
EURUSD,2026.04.03,20:00:00,1.151941,1.153270,1.151808,1.152206,100.0000
EURUSD,2026.04.05,20:00:00,1.151808,1.151941,1.151278,1.151278,100.0000
EURUSD,2026.04.06,00:00:00,1.151410,1.153136,1.151013,1.152206,100.0000
EURUSD,2026.04.06,04:00:00,1.152339,1.157140,1.152206,1.156738,100.0000
EURUSD,2026.04.06,08:00:00,1.157006,1.157006,1.154468,1.154868,100.0000
EURUSD,2026.04.06,12:00:00,1.154868,1.157274,1.153935,1.154734,100.0000
EURUSD,2026.04.06,16:00:00,1.154868,1.155535,1.153802,1.154601,100.0000
EURUSD,2026.04.06,20:00:00,1.154601,1.155135,1.154201,1.154468,100.0000
EURUSD,2026.04.07,00:00:00,1.154468,1.154601,1.152871,1.153802,100.0000
EURUSD,2026.04.07,04:00:00,1.153802,1.154868,1.153403,1.154601,100.0000
EURUSD,2026.04.07,08:00:00,1.154601,1.157809,1.154601,1.156203,100.0000
EURUSD,2026.04.07,12:00:00,1.156337,1.158212,1.155802,1.157541,100.0000
EURUSD,2026.04.07,16:00:00,1.157407,1.160497,1.157006,1.159824,100.0000
EURUSD,2026.04.07,20:00:00,1.159689,1.169317,1.159555,1.168907,100.0000
EURUSD,2026.04.08,00:00:00,1.169044,1.169864,1.166997,1.167542,100.0000
EURUSD,2026.04.08,04:00:00,1.167406,1.171097,1.167406,1.169864,100.0000
EURUSD,2026.04.08,08:00:00,1.169864,1.171097,1.167542,1.170412,100.0000
EURUSD,2026.04.08,12:00:00,1.170412,1.172470,1.168907,1.169180,100.0000
EURUSD,2026.04.08,16:00:00,1.168907,1.169044,1.164958,1.167406,100.0000
EURUSD,2026.04.08,20:00:00,1.167133,1.167133,1.165909,1.166181,100.0000
EURUSD,2026.04.09,00:00:00,1.166181,1.166997,1.165365,1.166589,100.0000
EURUSD,2026.04.09,04:00:00,1.166725,1.167406,1.165773,1.166589,100.0000
EURUSD,2026.04.09,08:00:00,1.166589,1.169317,1.166317,1.169180,100.0000
EURUSD,2026.04.09,12:00:00,1.169180,1.170960,1.167815,1.170823,100.0000
EURUSD,2026.04.09,16:00:00,1.170823,1.172608,1.170138,1.170412,100.0000
EURUSD,2026.04.09,20:00:00,1.170275,1.170686,1.169454,1.169454,100.0000
EURUSD,2026.04.10,00:00:00,1.169454,1.170001,1.168907,1.169864,100.0000
EURUSD,2026.04.10,04:00:00,1.169864,1.170001,1.168224,1.168224,100.0000
EURUSD,2026.04.10,08:00:00,1.168361,1.172196,1.168088,1.171783,100.0000
EURUSD,2026.04.10,12:00:00,1.171783,1.174122,1.171372,1.172608,100.0000
EURUSD,2026.04.10,16:00:00,1.172470,1.173847,1.171646,1.173158,100.0000
EURUSD,2026.04.10,20:00:00,1.173020,1.173434,1.172745,1.172883,100.0000
EURUSD,2026.04.12,20:00:00,1.167542,1.167815,1.166725,1.167679,100.0000
EURUSD,2026.04.13,00:00:00,1.167951,1.169317,1.167406,1.169180,100.0000
EURUSD,2026.04.13,04:00:00,1.169180,1.170275,1.168224,1.170138,100.0000
EURUSD,2026.04.13,08:00:00,1.170001,1.170275,1.168634,1.168634,100.0000
EURUSD,2026.04.13,12:00:00,1.168497,1.172196,1.168497,1.171234,100.0000
EURUSD,2026.04.13,16:00:00,1.171372,1.176886,1.171097,1.176471,100.0000
EURUSD,2026.04.13,20:00:00,1.176471,1.177024,1.175917,1.177024,100.0000
EURUSD,2026.04.14,00:00:00,1.177024,1.177163,1.176055,1.177163,100.0000
EURUSD,2026.04.14,04:00:00,1.177024,1.179663,1.176194,1.178411,100.0000
EURUSD,2026.04.14,08:00:00,1.178273,1.180777,1.177856,1.180777,100.0000
EURUSD,2026.04.14,12:00:00,1.180080,1.181335,1.179106,1.179384,100.0000
EURUSD,2026.04.14,16:00:00,1.179384,1.180220,1.179245,1.179523,100.0000
EURUSD,2026.04.14,20:00:00,1.179523,1.180359,1.179106,1.180220,100.0000
EURUSD,2026.04.15,00:00:00,1.180220,1.180220,1.178273,1.179106,100.0000
EURUSD,2026.04.15,04:00:00,1.179106,1.180220,1.178689,1.178828,100.0000
EURUSD,2026.04.15,08:00:00,1.178967,1.179802,1.177718,1.178550,100.0000
EURUSD,2026.04.15,12:00:00,1.178689,1.181056,1.178134,1.180359,100.0000
EURUSD,2026.04.15,16:00:00,1.180220,1.180777,1.179663,1.180498,100.0000
EURUSD,2026.04.15,20:00:00,1.180359,1.181195,1.179941,1.181056,100.0000
EURUSD,2026.04.16,00:00:00,1.181056,1.182732,1.180080,1.181614,100.0000
EURUSD,2026.04.16,04:00:00,1.181614,1.181614,1.179523,1.179663,100.0000
EURUSD,2026.04.16,08:00:00,1.179523,1.179663,1.177718,1.178828,100.0000
EURUSD,2026.04.16,12:00:00,1.178689,1.178689,1.177163,1.178411,100.0000
EURUSD,2026.04.16,16:00:00,1.178550,1.179106,1.177163,1.178550,100.0000
EURUSD,2026.04.16,20:00:00,1.178550,1.179106,1.177718,1.178411,100.0000
EURUSD,2026.04.17,00:00:00,1.178411,1.178828,1.177718,1.178689,100.0000
EURUSD,2026.04.17,04:00:00,1.178689,1.178828,1.177718,1.178550,100.0000
EURUSD,2026.04.17,08:00:00,1.178689,1.180220,1.178411,1.179802,100.0000
EURUSD,2026.04.17,12:00:00,1.179802,1.185255,1.179802,1.180359,100.0000
EURUSD,2026.04.17,16:00:00,1.180359,1.180777,1.177163,1.177163,100.0000
EURUSD,2026.04.17,20:00:00,1.177302,1.177440,1.176609,1.176747,100.0000
EURUSD,2026.04.19,20:00:00,1.174398,1.174812,1.173985,1.174260,100.0000
EURUSD,2026.04.20,00:00:00,1.174122,1.176471,1.174122,1.176332,100.0000
EURUSD,2026.04.20,04:00:00,1.176332,1.176471,1.175088,1.175503,100.0000
EURUSD,2026.04.20,08:00:00,1.176332,1.177856,1.176332,1.177163,100.0000
EURUSD,2026.04.20,12:00:00,1.176886,1.179245,1.176055,1.178828,100.0000
EURUSD,2026.04.20,16:00:00,1.178967,1.179245,1.178411,1.178967,100.0000
EURUSD,2026.04.20,20:00:00,1.178828,1.179384,1.178550,1.178828,100.0000
EURUSD,2026.04.21,00:00:00,1.178828,1.178967,1.177718,1.177856,100.0000
EURUSD,2026.04.21,04:00:00,1.177995,1.178550,1.176747,1.176747,100.0000
EURUSD,2026.04.21,08:00:00,1.176886,1.177163,1.176055,1.177024,100.0000
EURUSD,2026.04.21,12:00:00,1.177163,1.177856,1.174536,1.175503,100.0000
EURUSD,2026.04.21,16:00:00,1.175503,1.176194,1.172470,1.173020,100.0000
EURUSD,2026.04.21,20:00:00,1.172883,1.175917,1.172745,1.174674,100.0000
EURUSD,2026.04.22,00:00:00,1.174950,1.175503,1.174122,1.174260,100.0000
EURUSD,2026.04.22,04:00:00,1.174260,1.176471,1.174260,1.175917,100.0000
EURUSD,2026.04.22,08:00:00,1.175917,1.176194,1.173571,1.173709,100.0000
EURUSD,2026.04.22,12:00:00,1.173847,1.174674,1.171646,1.171646,100.0000
EURUSD,2026.04.22,16:00:00,1.171783,1.172058,1.170823,1.170823,100.0000
EURUSD,2026.04.22,20:00:00,1.170960,1.171372,1.170686,1.170960,100.0000
EURUSD,2026.04.23,00:00:00,1.170823,1.171646,1.169591,1.169864,100.0000
EURUSD,2026.04.23,04:00:00,1.170001,1.171372,1.169864,1.170549,100.0000
EURUSD,2026.04.23,08:00:00,1.170686,1.170823,1.168224,1.169454,100.0000
EURUSD,2026.04.23,12:00:00,1.169454,1.171921,1.168770,1.170823,100.0000
EURUSD,2026.04.23,16:00:00,1.170686,1.170960,1.167406,1.169044,100.0000
EURUSD,2026.04.23,20:00:00,1.168907,1.169727,1.168224,1.168634,100.0000
EURUSD,2026.04.24,00:00:00,1.168634,1.169180,1.167679,1.168088,100.0000
EURUSD,2026.04.24,04:00:00,1.168088,1.169591,1.167951,1.169591,100.0000
EURUSD,2026.04.24,08:00:00,1.169180,1.172196,1.168770,1.171783,100.0000
EURUSD,2026.04.24,12:00:00,1.171921,1.172196,1.170275,1.172058,100.0000
EURUSD,2026.04.24,16:00:00,1.172196,1.172470,1.171509,1.172196,100.0000
EURUSD,2026.04.24,20:00:00,1.172196,1.172745,1.172058,1.172608,100.0000
EURUSD,2026.04.26,20:00:00,1.171097,1.171372,1.170960,1.170960,100.0000
EURUSD,2026.04.27,00:00:00,1.170960,1.173571,1.170960,1.173296,100.0000
EURUSD,2026.04.27,04:00:00,1.173296,1.174812,1.172058,1.174812,100.0000
EURUSD,2026.04.27,08:00:00,1.174674,1.175364,1.174122,1.174398,100.0000
EURUSD,2026.04.27,12:00:00,1.174536,1.175779,1.173434,1.173434,100.0000
EURUSD,2026.04.27,16:00:00,1.173434,1.173709,1.172196,1.172333,100.0000
EURUSD,2026.04.27,20:00:00,1.172470,1.172745,1.172196,1.172608,100.0000
EURUSD,2026.04.28,00:00:00,1.172745,1.173020,1.171097,1.171783,100.0000
EURUSD,2026.04.28,04:00:00,1.171646,1.171921,1.169044,1.170138,100.0000
EURUSD,2026.04.28,08:00:00,1.170138,1.171097,1.168634,1.168634,100.0000
EURUSD,2026.04.28,12:00:00,1.168497,1.171921,1.168224,1.171646,100.0000
EURUSD,2026.04.28,16:00:00,1.171646,1.172058,1.170960,1.171234,100.0000
EURUSD,2026.04.28,20:00:00,1.171372,1.172196,1.171372,1.172196,100.0000
EURUSD,2026.04.29,00:00:00,1.172333,1.172470,1.170960,1.170960,100.0000
EURUSD,2026.04.29,04:00:00,1.170960,1.171234,1.170138,1.170960,100.0000
EURUSD,2026.04.29,08:00:00,1.170823,1.171234,1.169864,1.170549,100.0000
EURUSD,2026.04.29,12:00:00,1.170549,1.171097,1.168770,1.169864,100.0000
EURUSD,2026.04.29,16:00:00,1.169864,1.170138,1.166725,1.167951,100.0000
EURUSD,2026.04.29,20:00:00,1.167951,1.168907,1.167133,1.168907,100.0000
EURUSD,2026.04.30,00:00:00,1.169180,1.169317,1.166589,1.166861,100.0000
EURUSD,2026.04.30,04:00:00,1.166997,1.168497,1.165909,1.168224,100.0000
EURUSD,2026.04.30,08:00:00,1.168361,1.172196,1.167815,1.170823,100.0000
EURUSD,2026.04.30,12:00:00,1.170823,1.173847,1.168770,1.173296,100.0000
EURUSD,2026.04.30,16:00:00,1.173158,1.174398,1.172745,1.173985,100.0000
EURUSD,2026.04.30,20:00:00,1.173847,1.174122,1.173296,1.173296,100.0000
EURUSD,2026.05.01,00:00:00,1.173296,1.174122,1.172883,1.173571,100.0000
EURUSD,2026.05.01,04:00:00,1.173434,1.174812,1.172333,1.173847,100.0000
EURUSD,2026.05.01,08:00:00,1.173985,1.176055,1.173571,1.175503,100.0000
EURUSD,2026.05.01,12:00:00,1.175641,1.178828,1.174812,1.176055,100.0000
EURUSD,2026.05.01,16:00:00,1.175917,1.176055,1.172196,1.172333,100.0000
EURUSD,2026.05.01,20:00:00,1.172333,1.172608,1.172058,1.172333,100.0000
EURUSD,2026.05.04,04:00:00,1.173296,1.173985,1.172058,1.172333,100.0000
EURUSD,2026.05.04,08:00:00,1.171921,1.172608,1.169317,1.169727,100.0000
EURUSD,2026.05.04,12:00:00,1.169591,1.172058,1.169591,1.170138,100.0000
EURUSD,2026.05.04,16:00:00,1.170138,1.170549,1.168497,1.169864,100.0000
EURUSD,2026.05.04,20:00:00,1.169727,1.170275,1.169044,1.169591,100.0000
EURUSD,2026.05.05,00:00:00,1.169591,1.169727,1.168361,1.168770,100.0000
EURUSD,2026.05.05,04:00:00,1.168770,1.169864,1.167951,1.169454,100.0000
EURUSD,2026.05.05,08:00:00,1.169317,1.169864,1.168634,1.169180,100.0000
EURUSD,2026.05.05,12:00:00,1.169180,1.171646,1.168907,1.171097,100.0000
EURUSD,2026.05.05,16:00:00,1.170960,1.171097,1.169727,1.169864,100.0000
EURUSD,2026.05.05,20:00:00,1.169864,1.172745,1.168907,1.171783,100.0000
EURUSD,2026.05.06,00:00:00,1.171783,1.172883,1.171509,1.172058,100.0000
EURUSD,2026.05.06,04:00:00,1.172058,1.174674,1.171921,1.173847,100.0000
EURUSD,2026.05.06,08:00:00,1.174260,1.179941,1.173709,1.177302,100.0000
EURUSD,2026.05.06,12:00:00,1.177302,1.177302,1.174950,1.175641,100.0000
EURUSD,2026.05.06,16:00:00,1.175641,1.175917,1.174674,1.175226,100.0000
EURUSD,2026.05.06,20:00:00,1.174950,1.175641,1.174812,1.175088,100.0000
EURUSD,2026.05.07,00:00:00,1.175226,1.176609,1.174950,1.175226,100.0000
EURUSD,2026.05.07,04:00:00,1.175226,1.177163,1.174950,1.177024,100.0000
EURUSD,2026.05.07,08:00:00,1.177024,1.178134,1.176609,1.177302,100.0000
EURUSD,2026.05.07,12:00:00,1.177440,1.178134,1.176747,1.176747,100.0000
EURUSD,2026.05.07,16:00:00,1.176609,1.176886,1.173847,1.173847,100.0000
EURUSD,2026.05.07,20:00:00,1.173709,1.174674,1.172745,1.173434,100.0000
EURUSD,2026.05.08,00:00:00,1.173571,1.173847,1.172883,1.173296,100.0000
EURUSD,2026.05.08,04:00:00,1.173434,1.175088,1.173158,1.174674,100.0000
EURUSD,2026.05.08,08:00:00,1.174674,1.177718,1.174674,1.176886,100.0000
EURUSD,2026.05.08,12:00:00,1.176886,1.178967,1.176332,1.177718,100.0000
EURUSD,2026.05.08,16:00:00,1.177718,1.178689,1.177440,1.178411,100.0000
EURUSD,2026.05.08,20:00:00,1.178273,1.179106,1.178273,1.178967,100.0000
EURUSD,2026.05.10,20:00:00,1.176747,1.177302,1.176747,1.177024,100.0000
EURUSD,2026.05.11,00:00:00,1.177163,1.177579,1.176055,1.176055,100.0000
EURUSD,2026.05.11,04:00:00,1.176055,1.177718,1.175226,1.177440,100.0000
EURUSD,2026.05.11,08:00:00,1.177440,1.178550,1.176886,1.177024,100.0000
EURUSD,2026.05.11,12:00:00,1.177163,1.179106,1.176886,1.178411,100.0000
EURUSD,2026.05.11,16:00:00,1.178411,1.178411,1.177579,1.177995,100.0000
EURUSD,2026.05.11,20:00:00,1.178134,1.179106,1.177856,1.178134,100.0000
EURUSD,2026.05.12,00:00:00,1.177995,1.177995,1.175917,1.175917,100.0000
EURUSD,2026.05.12,04:00:00,1.176055,1.176747,1.174674,1.175088,100.0000
EURUSD,2026.05.12,08:00:00,1.175088,1.175364,1.173847,1.174812,100.0000
EURUSD,2026.05.12,12:00:00,1.174674,1.175364,1.172745,1.173709,100.0000
EURUSD,2026.05.12,16:00:00,1.173571,1.174950,1.173158,1.174398,100.0000
EURUSD,2026.05.12,20:00:00,1.174260,1.174536,1.173847,1.173847,100.0000
EURUSD,2026.05.13,00:00:00,1.173847,1.174536,1.173571,1.173847,100.0000
EURUSD,2026.05.13,04:00:00,1.173847,1.173985,1.171097,1.171097,100.0000
EURUSD,2026.05.13,08:00:00,1.171097,1.172058,1.170001,1.171509,100.0000
EURUSD,2026.05.13,12:00:00,1.171646,1.171921,1.170138,1.171509,100.0000
EURUSD,2026.05.13,16:00:00,1.171372,1.172058,1.170823,1.171372,100.0000
EURUSD,2026.05.13,20:00:00,1.171372,1.172196,1.171234,1.171921,100.0000
EURUSD,2026.05.14,00:00:00,1.171921,1.172196,1.171372,1.171509,100.0000
EURUSD,2026.05.14,04:00:00,1.171509,1.172470,1.171097,1.171097,100.0000
EURUSD,2026.05.14,08:00:00,1.171097,1.171646,1.170275,1.170549,100.0000
EURUSD,2026.05.14,12:00:00,1.170549,1.170823,1.167542,1.168088,100.0000
EURUSD,2026.05.14,16:00:00,1.168088,1.168361,1.167270,1.167406,100.0000
EURUSD,2026.05.14,20:00:00,1.167542,1.167679,1.166453,1.166453,100.0000
EURUSD,2026.05.15,00:00:00,1.166453,1.166589,1.164958,1.165637,100.0000
EURUSD,2026.05.15,04:00:00,1.165501,1.165637,1.163603,1.163873,100.0000
EURUSD,2026.05.15,08:00:00,1.164009,1.165773,1.162115,1.163467,100.0000
EURUSD,2026.05.15,12:00:00,1.163467,1.164009,1.162250,1.162926,100.0000
EURUSD,2026.05.15,16:00:00,1.162926,1.163873,1.162115,1.162385,100.0000
EURUSD,2026.05.15,20:00:00,1.162385,1.163061,1.162250,1.163061,100.0000
EURUSD,2026.05.17,20:00:00,1.162656,1.162656,1.161575,1.161710,100.0000
EURUSD,2026.05.18,00:00:00,1.161845,1.162520,1.161170,1.162520,100.0000
EURUSD,2026.05.18,04:00:00,1.162520,1.164280,1.162115,1.163603,100.0000
EURUSD,2026.05.18,08:00:00,1.163738,1.165230,1.163061,1.164415,100.0000
EURUSD,2026.05.18,12:00:00,1.164415,1.166045,1.163738,1.165365,100.0000
EURUSD,2026.05.18,16:00:00,1.165094,1.165909,1.163332,1.165637,100.0000
EURUSD,2026.05.18,20:00:00,1.165501,1.166453,1.165501,1.165773,100.0000
EURUSD,2026.05.19,00:00:00,1.165909,1.165909,1.164415,1.164551,100.0000
EURUSD,2026.05.19,04:00:00,1.164551,1.164958,1.163332,1.163873,100.0000
EURUSD,2026.05.19,08:00:00,1.163873,1.163873,1.161440,1.162115,100.0000
EURUSD,2026.05.19,12:00:00,1.161980,1.162791,1.159689,1.160497,100.0000
EURUSD,2026.05.19,16:00:00,1.160497,1.161710,1.160093,1.160901,100.0000
EURUSD,2026.05.19,20:00:00,1.160901,1.161575,1.160227,1.161036,100.0000
EURUSD,2026.05.20,00:00:00,1.161036,1.161305,1.159689,1.160497,100.0000
EURUSD,2026.05.20,04:00:00,1.160631,1.160901,1.159555,1.159689,100.0000
EURUSD,2026.05.20,08:00:00,1.159555,1.160766,1.158749,1.160362,100.0000
EURUSD,2026.05.20,12:00:00,1.160497,1.164687,1.158614,1.162250,100.0000
EURUSD,2026.05.20,16:00:00,1.162250,1.163873,1.161980,1.163061,100.0000
EURUSD,2026.05.20,20:00:00,1.163061,1.163196,1.162520,1.162791,100.0000
EURUSD,2026.05.21,00:00:00,1.162791,1.163873,1.162115,1.162250,100.0000
EURUSD,2026.05.21,04:00:00,1.162250,1.162926,1.159958,1.161036,100.0000
EURUSD,2026.05.21,08:00:00,1.161036,1.163738,1.160093,1.160093,100.0000
EURUSD,2026.05.21,12:00:00,1.160362,1.161170,1.158212,1.159286,100.0000
EURUSD,2026.05.21,16:00:00,1.159286,1.163332,1.159017,1.162520,100.0000
EURUSD,2026.05.21,20:00:00,1.162520,1.162656,1.161440,1.162115,100.0000
EURUSD,2026.05.22,00:00:00,1.162115,1.162115,1.161305,1.161575,100.0000
EURUSD,2026.05.22,04:00:00,1.161575,1.162115,1.160631,1.161305,100.0000
EURUSD,2026.05.22,08:00:00,1.161305,1.161710,1.159689,1.159958,100.0000
EURUSD,2026.05.22,12:00:00,1.160093,1.162115,1.159286,1.160631,100.0000
EURUSD,2026.05.22,16:00:00,1.160497,1.162250,1.160362,1.161036,100.0000
EURUSD,2026.05.22,20:00:00,1.161036,1.161036,1.160362,1.160497,100.0000
EURUSD,2026.05.24,20:00:00,1.164687,1.164958,1.164415,1.164415,100.0000
EURUSD,2026.05.25,00:00:00,1.164415,1.165094,1.163873,1.164009,100.0000
EURUSD,2026.05.25,04:00:00,1.164144,1.164822,1.163467,1.164009,100.0000
EURUSD,2026.05.25,08:00:00,1.163873,1.165365,1.163738,1.164687,100.0000
EURUSD,2026.05.25,12:00:00,1.164687,1.165501,1.164144,1.164551,100.0000
EURUSD,2026.05.25,16:00:00,1.164551,1.164687,1.164009,1.164551,100.0000
EURUSD,2026.05.25,20:00:00,1.164551,1.165094,1.163873,1.164009,100.0000
EURUSD,2026.05.26,00:00:00,1.164009,1.164280,1.163332,1.164009,100.0000
EURUSD,2026.05.26,04:00:00,1.163873,1.164280,1.163061,1.164144,100.0000
EURUSD,2026.05.26,08:00:00,1.164009,1.164822,1.163738,1.163738,100.0000
EURUSD,2026.05.26,12:00:00,1.163738,1.164009,1.162115,1.162250,100.0000
EURUSD,2026.05.26,16:00:00,1.162385,1.163603,1.162385,1.163467,100.0000
EURUSD,2026.05.26,20:00:00,1.163603,1.164687,1.163061,1.164009,100.0000
EURUSD,2026.05.27,00:00:00,1.164009,1.164822,1.163603,1.164551,100.0000
EURUSD,2026.05.27,04:00:00,1.164551,1.165501,1.164144,1.164415,100.0000
EURUSD,2026.05.27,08:00:00,1.164144,1.165365,1.163738,1.164280,100.0000
EURUSD,2026.05.27,12:00:00,1.164009,1.166453,1.162656,1.163603,100.0000
EURUSD,2026.05.27,16:00:00,1.163603,1.163873,1.162520,1.163196,100.0000
EURUSD,2026.05.27,20:00:00,1.163196,1.164009,1.161980,1.162115,100.0000
EURUSD,2026.05.28,00:00:00,1.161980,1.162656,1.159152,1.159152,100.0000
EURUSD,2026.05.28,04:00:00,1.159152,1.162115,1.159017,1.161440,100.0000
EURUSD,2026.05.28,08:00:00,1.161575,1.162520,1.160766,1.162115,100.0000
EURUSD,2026.05.28,12:00:00,1.162115,1.166045,1.161980,1.165230,100.0000
EURUSD,2026.05.28,16:00:00,1.165230,1.166317,1.164958,1.165094,100.0000
EURUSD,2026.05.28,20:00:00,1.164958,1.165637,1.164822,1.165637,100.0000
EURUSD,2026.05.29,00:00:00,1.165637,1.166045,1.164009,1.164009,100.0000
EURUSD,2026.05.29,04:00:00,1.164144,1.165773,1.163873,1.164551,100.0000
EURUSD,2026.05.29,08:00:00,1.164009,1.165230,1.162926,1.165230,100.0000
EURUSD,2026.05.29,12:00:00,1.165230,1.168770,1.164415,1.168088,100.0000
EURUSD,2026.05.29,16:00:00,1.168088,1.168088,1.166589,1.166725,100.0000
EURUSD,2026.05.29,20:00:00,1.166725,1.166725,1.165909,1.165909,100.0000
EURUSD,2026.05.31,20:00:00,1.165773,1.165909,1.165230,1.165230,100.0000
EURUSD,2026.06.01,00:00:00,1.165230,1.165637,1.164551,1.164687,100.0000
EURUSD,2026.06.01,04:00:00,1.164687,1.166861,1.164687,1.166045,100.0000
EURUSD,2026.06.01,08:00:00,1.165909,1.166317,1.164551,1.164958,100.0000
EURUSD,2026.06.01,12:00:00,1.165094,1.165365,1.161036,1.162656,100.0000
EURUSD,2026.06.01,16:00:00,1.162791,1.164009,1.161980,1.163467,100.0000
EURUSD,2026.06.01,20:00:00,1.163603,1.164415,1.163332,1.163873,100.0000
EURUSD,2026.06.02,00:00:00,1.163873,1.164144,1.163196,1.163738,100.0000
EURUSD,2026.06.02,04:00:00,1.163738,1.165501,1.163738,1.165230,100.0000
EURUSD,2026.06.02,08:00:00,1.165230,1.165637,1.164280,1.165365,100.0000
EURUSD,2026.06.02,12:00:00,1.165365,1.165909,1.164009,1.164415,100.0000
EURUSD,2026.06.02,16:00:00,1.164144,1.164280,1.161710,1.163603,100.0000
EURUSD,2026.06.02,20:00:00,1.163603,1.163738,1.162250,1.162520,100.0000
EURUSD,2026.06.03,00:00:00,1.162520,1.163603,1.162520,1.163061,100.0000
EURUSD,2026.06.03,04:00:00,1.163061,1.163061,1.161710,1.161980,100.0000
EURUSD,2026.06.03,08:00:00,1.161845,1.162520,1.160901,1.162115,100.0000
EURUSD,2026.06.03,12:00:00,1.161980,1.161980,1.159824,1.160766,100.0000
EURUSD,2026.06.03,16:00:00,1.160766,1.160766,1.159824,1.160093,100.0000
EURUSD,2026.06.03,20:00:00,1.160227,1.161440,1.159824,1.161305,100.0000
EURUSD,2026.06.04,00:00:00,1.161305,1.161575,1.160631,1.160901,100.0000
EURUSD,2026.06.04,04:00:00,1.160901,1.161845,1.160227,1.160766,100.0000
EURUSD,2026.06.04,08:00:00,1.160766,1.164822,1.160766,1.164551,100.0000
EURUSD,2026.06.04,12:00:00,1.164822,1.164822,1.162656,1.163196,100.0000
EURUSD,2026.06.04,16:00:00,1.163196,1.163332,1.161440,1.161575,100.0000
EURUSD,2026.06.04,20:00:00,1.161575,1.162115,1.161170,1.161575,100.0000
EURUSD,2026.06.05,00:00:00,1.161575,1.161980,1.161305,1.161845,100.0000
EURUSD,2026.06.05,04:00:00,1.161845,1.164009,1.161710,1.163603,100.0000
EURUSD,2026.06.05,08:00:00,1.163738,1.164687,1.163738,1.164415,100.0000
EURUSD,2026.06.05,12:00:00,1.164551,1.164551,1.153536,1.153536,100.0000
EURUSD,2026.06.05,16:00:00,1.153403,1.153536,1.152206,1.152871,100.0000
EURUSD,2026.06.05,20:00:00,1.152871,1.152871,1.152206,1.152738,100.0000
EURUSD,2026.06.07,20:00:00,1.151808,1.152605,1.151808,1.152605,100.0000
EURUSD,2026.06.08,00:00:00,1.152605,1.153802,1.151543,1.153536,100.0000
EURUSD,2026.06.08,04:00:00,1.153536,1.154335,1.151676,1.152074,100.0000
EURUSD,2026.06.08,08:00:00,1.151941,1.154601,1.150351,1.153935,100.0000
EURUSD,2026.06.08,12:00:00,1.154068,1.155802,1.153669,1.154868,100.0000
EURUSD,2026.06.08,16:00:00,1.154734,1.154868,1.153136,1.153403,100.0000
EURUSD,2026.06.08,20:00:00,1.153403,1.154335,1.153136,1.153136,100.0000
EURUSD,2026.06.09,00:00:00,1.153136,1.154335,1.153136,1.154068,100.0000
EURUSD,2026.06.09,04:00:00,1.154201,1.155535,1.154068,1.154335,100.0000
EURUSD,2026.06.09,08:00:00,1.154201,1.157675,1.154068,1.157541,100.0000
EURUSD,2026.06.09,12:00:00,1.157675,1.158078,1.155001,1.155936,100.0000
EURUSD,2026.06.09,16:00:00,1.155936,1.156069,1.153270,1.154468,100.0000
EURUSD,2026.06.09,20:00:00,1.154468,1.155135,1.153802,1.153802,100.0000
EURUSD,2026.06.10,00:00:00,1.153802,1.155402,1.153669,1.155402,100.0000
EURUSD,2026.06.10,04:00:00,1.155402,1.156203,1.154868,1.155668,100.0000
EURUSD,2026.06.10,08:00:00,1.155668,1.156203,1.153935,1.154068,100.0000
EURUSD,2026.06.10,12:00:00,1.154068,1.157541,1.153935,1.155135,100.0000
EURUSD,2026.06.10,16:00:00,1.155402,1.156203,1.154468,1.154468,100.0000
EURUSD,2026.06.10,20:00:00,1.154468,1.155135,1.153004,1.153802,100.0000
EURUSD,2026.06.11,00:00:00,1.153935,1.155936,1.153935,1.154868,100.0000
EURUSD,2026.06.11,04:00:00,1.154868,1.155802,1.154468,1.154868,100.0000
EURUSD,2026.06.11,08:00:00,1.154868,1.154868,1.152738,1.154201,100.0000
EURUSD,2026.06.11,12:00:00,1.154201,1.154468,1.151808,1.151808,100.0000
EURUSD,2026.06.11,16:00:00,1.151808,1.158883,1.150616,1.158212,100.0000
EURUSD,2026.06.11,20:00:00,1.158212,1.158883,1.157675,1.157809,100.0000
EURUSD,2026.06.12,00:00:00,1.157943,1.157943,1.156470,1.157541,100.0000
EURUSD,2026.06.12,04:00:00,1.157541,1.157809,1.156069,1.157006,100.0000
EURUSD,2026.06.12,08:00:00,1.157006,1.159286,1.157006,1.157541,100.0000
EURUSD,2026.06.12,12:00:00,1.157407,1.158614,1.156470,1.157675,100.0000
EURUSD,2026.06.12,16:00:00,1.157675,1.158212,1.157274,1.157407,100.0000
EURUSD,2026.06.12,20:00:00,1.157407,1.157407,1.157006,1.157274,100.0000
EURUSD,2026.06.14,20:00:00,1.161170,1.161170,1.160631,1.160631,100.0000
EURUSD,2026.06.15,00:00:00,1.160901,1.161440,1.159824,1.160766,100.0000
EURUSD,2026.06.15,04:00:00,1.160766,1.162385,1.160362,1.161036,100.0000
EURUSD,2026.06.15,08:00:00,1.160901,1.161710,1.160093,1.161305,100.0000
EURUSD,2026.06.15,12:00:00,1.161305,1.162385,1.160093,1.160227,100.0000
EURUSD,2026.06.15,16:00:00,1.160093,1.160901,1.158883,1.158883,100.0000
EURUSD,2026.06.15,20:00:00,1.158749,1.160362,1.158749,1.159420,100.0000
EURUSD,2026.06.16,00:00:00,1.159555,1.159824,1.158614,1.159017,100.0000
EURUSD,2026.06.16,04:00:00,1.159017,1.159824,1.157809,1.159824,100.0000
EURUSD,2026.06.16,08:00:00,1.159824,1.161575,1.159689,1.160227,100.0000
EURUSD,2026.06.16,12:00:00,1.160227,1.162115,1.159152,1.161710,100.0000
EURUSD,2026.06.16,16:00:00,1.161710,1.162250,1.161036,1.161170,100.0000
EURUSD,2026.06.16,20:00:00,1.161036,1.161845,1.161036,1.161305,100.0000
EURUSD,2026.06.17,00:00:00,1.161305,1.161980,1.161305,1.161440,100.0000
EURUSD,2026.06.17,04:00:00,1.161305,1.161845,1.160766,1.161170,100.0000
EURUSD,2026.06.17,08:00:00,1.161036,1.161036,1.158883,1.159420,100.0000
EURUSD,2026.06.17,12:00:00,1.159555,1.160631,1.158749,1.159555,100.0000
EURUSD,2026.06.17,16:00:00,1.159555,1.159958,1.148237,1.149690,100.0000
EURUSD,2026.06.17,20:00:00,1.150086,1.151145,1.149029,1.151013,100.0000
EURUSD,2026.06.18,00:00:00,1.151278,1.152738,1.151278,1.152738,100.0000
EURUSD,2026.06.18,04:00:00,1.152871,1.153136,1.151013,1.151543,100.0000
EURUSD,2026.06.18,08:00:00,1.151543,1.151676,1.145738,1.146132,100.0000
EURUSD,2026.06.18,12:00:00,1.145869,1.149029,1.145738,1.147315,100.0000
EURUSD,2026.06.18,16:00:00,1.147447,1.147710,1.145475,1.146132,100.0000
EURUSD,2026.06.18,20:00:00,1.146000,1.147184,1.145475,1.146132,100.0000
EURUSD,2026.06.19,00:00:00,1.146526,1.146789,1.144558,1.144558,100.0000
EURUSD,2026.06.19,04:00:00,1.144558,1.145213,1.142204,1.144951,100.0000
EURUSD,2026.06.19,08:00:00,1.145213,1.147052,1.145213,1.146395,100.0000
EURUSD,2026.06.19,12:00:00,1.146526,1.147710,1.146132,1.146657,100.0000
EURUSD,2026.06.19,16:00:00,1.146657,1.148501,1.146526,1.148106,100.0000
EURUSD,2026.06.19,20:00:00,1.147842,1.148501,1.146920,1.146920,100.0000
EURUSD,2026.06.21,20:00:00,1.146657,1.146920,1.146132,1.146526,100.0000
EURUSD,2026.06.22,00:00:00,1.146657,1.147579,1.145869,1.146000,100.0000
EURUSD,2026.06.22,04:00:00,1.146000,1.146657,1.144820,1.144951,100.0000
EURUSD,2026.06.22,08:00:00,1.144951,1.146657,1.144558,1.145082,100.0000
EURUSD,2026.06.22,12:00:00,1.145213,1.146526,1.142857,1.143511,100.0000
EURUSD,2026.06.22,16:00:00,1.143511,1.143641,1.142204,1.142727,100.0000
EURUSD,2026.06.22,20:00:00,1.142857,1.143772,1.142074,1.142988,100.0000
EURUSD,2026.06.23,00:00:00,1.142857,1.143641,1.142335,1.143249,100.0000
EURUSD,2026.06.23,04:00:00,1.143249,1.144165,1.141292,1.141553,100.0000
EURUSD,2026.06.23,08:00:00,1.141553,1.141944,1.138822,1.138822,100.0000
EURUSD,2026.06.23,12:00:00,1.138952,1.140251,1.137915,1.138563,100.0000
EURUSD,2026.06.23,16:00:00,1.138563,1.138693,1.137915,1.138304,100.0000
EURUSD,2026.06.23,20:00:00,1.138174,1.138952,1.138174,1.138304,100.0000
EURUSD,2026.06.24,00:00:00,1.138174,1.138563,1.136493,1.137010,100.0000
EURUSD,2026.06.24,04:00:00,1.137010,1.137786,1.135589,1.135589,100.0000
EURUSD,2026.06.24,08:00:00,1.135589,1.135847,1.134173,1.134173,100.0000
EURUSD,2026.06.24,12:00:00,1.134430,1.136364,1.132888,1.135332,100.0000
EURUSD,2026.06.24,16:00:00,1.135203,1.137010,1.135074,1.135718,100.0000
EURUSD,2026.06.24,20:00:00,1.135589,1.136493,1.135332,1.135718,100.0000
EURUSD,2026.06.25,00:00:00,1.135589,1.137398,1.135203,1.137268,100.0000
EURUSD,2026.06.25,04:00:00,1.137398,1.137398,1.134945,1.136235,100.0000
EURUSD,2026.06.25,08:00:00,1.136364,1.137527,1.133658,1.134044,100.0000
EURUSD,2026.06.25,12:00:00,1.134044,1.139082,1.134044,1.138822,100.0000
EURUSD,2026.06.25,16:00:00,1.138563,1.138952,1.137268,1.137656,100.0000
EURUSD,2026.06.25,20:00:00,1.137656,1.137915,1.136364,1.136493,100.0000
EURUSD,2026.06.26,00:00:00,1.136493,1.137527,1.135718,1.137398,100.0000
EURUSD,2026.06.26,04:00:00,1.137398,1.139212,1.137268,1.139082,100.0000
EURUSD,2026.06.26,08:00:00,1.139082,1.141553,1.138693,1.140121,100.0000
EURUSD,2026.06.26,12:00:00,1.140121,1.143380,1.139601,1.140641,100.0000
EURUSD,2026.06.26,16:00:00,1.140641,1.140641,1.138433,1.139082,100.0000
EURUSD,2026.06.26,20:00:00,1.139082,1.139471,1.138563,1.138952,100.0000
EURUSD,2026.06.28,20:00:00,1.138952,1.139082,1.138563,1.138952,100.0000
EURUSD,2026.06.29,00:00:00,1.138952,1.139601,1.138693,1.138822,100.0000
EURUSD,2026.06.29,04:00:00,1.138693,1.141813,1.138433,1.140511,100.0000
EURUSD,2026.06.29,08:00:00,1.140641,1.141422,1.139601,1.141292,100.0000
EURUSD,2026.06.29,12:00:00,1.141162,1.142857,1.140381,1.142596,100.0000
EURUSD,2026.06.29,16:00:00,1.142727,1.143380,1.142465,1.142857,100.0000
EURUSD,2026.06.29,20:00:00,1.142857,1.143772,1.142335,1.142335,100.0000
EURUSD,2026.06.30,00:00:00,1.142204,1.142335,1.139991,1.140251,100.0000
EURUSD,2026.06.30,04:00:00,1.140121,1.141162,1.138693,1.140251,100.0000
EURUSD,2026.06.30,08:00:00,1.139991,1.140511,1.138693,1.139601,100.0000
EURUSD,2026.06.30,12:00:00,1.139601,1.143641,1.139212,1.141944,100.0000
EURUSD,2026.06.30,16:00:00,1.142074,1.142988,1.141553,1.142988,100.0000
EURUSD,2026.06.30,20:00:00,1.142988,1.143118,1.141553,1.141683,100.0000
EURUSD,2026.07.01,00:00:00,1.141683,1.141683,1.140511,1.140771,100.0000
EURUSD,2026.07.01,04:00:00,1.140771,1.141422,1.139601,1.140511,100.0000
EURUSD,2026.07.01,08:00:00,1.140511,1.140641,1.138952,1.138952,100.0000
EURUSD,2026.07.01,12:00:00,1.138952,1.141292,1.136622,1.138693,100.0000
EURUSD,2026.07.01,16:00:00,1.138693,1.139731,1.137915,1.138304,100.0000
EURUSD,2026.07.01,20:00:00,1.138174,1.138693,1.137656,1.138045,100.0000
EURUSD,2026.07.02,00:00:00,1.138045,1.139212,1.137915,1.138563,100.0000
EURUSD,2026.07.02,04:00:00,1.138563,1.141292,1.138563,1.141162,100.0000
EURUSD,2026.07.02,08:00:00,1.141162,1.142335,1.140381,1.140641,100.0000
EURUSD,2026.07.02,12:00:00,1.140641,1.147447,1.139861,1.145082,100.0000
EURUSD,2026.07.02,16:00:00,1.145082,1.145082,1.142988,1.143380,100.0000
EURUSD,2026.07.02,20:00:00,1.143380,1.144296,1.142596,1.142596,100.0000
EURUSD,2026.07.03,00:00:00,1.142727,1.144820,1.142335,1.144427,100.0000
EURUSD,2026.07.03,04:00:00,1.144427,1.146526,1.144296,1.145738,100.0000
EURUSD,2026.07.03,08:00:00,1.145869,1.146000,1.144427,1.145213,100.0000
EURUSD,2026.07.03,12:00:00,1.145344,1.145475,1.143903,1.144034,100.0000
EURUSD,2026.07.03,16:00:00,1.144034,1.144427,1.143903,1.144034,100.0000
EURUSD,2026.07.03,20:00:00,1.143903,1.144034,1.143772,1.144034,100.0000
EURUSD,2026.07.05,20:00:00,1.144034,1.144165,1.143641,1.144034,100.0000
EURUSD,2026.07.06,00:00:00,1.144034,1.144427,1.143118,1.143511,100.0000
EURUSD,2026.07.06,04:00:00,1.143511,1.143772,1.142074,1.142988,100.0000
EURUSD,2026.07.06,08:00:00,1.142988,1.142988,1.141292,1.141944,100.0000
EURUSD,2026.07.06,12:00:00,1.142074,1.142857,1.141162,1.142857,100.0000
EURUSD,2026.07.06,16:00:00,1.142857,1.144820,1.142857,1.144558,100.0000
EURUSD,2026.07.06,20:00:00,1.144427,1.145082,1.144165,1.144427,100.0000
EURUSD,2026.07.07,00:00:00,1.144427,1.144951,1.143903,1.144034,100.0000
EURUSD,2026.07.07,04:00:00,1.144034,1.144165,1.142857,1.142988,100.0000
EURUSD,2026.07.07,08:00:00,1.142988,1.144165,1.142727,1.143641,100.0000
EURUSD,2026.07.07,12:00:00,1.143511,1.144558,1.142596,1.142596,100.0000
EURUSD,2026.07.07,16:00:00,1.142727,1.143249,1.141162,1.141944,100.0000
EURUSD,2026.07.07,20:00:00,1.141813,1.142727,1.140381,1.140511,100.0000
EURUSD,2026.07.08,00:00:00,1.140381,1.141944,1.140251,1.141683,100.0000
EURUSD,2026.07.08,04:00:00,1.141683,1.143380,1.141422,1.142988,100.0000
EURUSD,2026.07.08,08:00:00,1.142857,1.143118,1.139731,1.139991,100.0000
EURUSD,2026.07.08,12:00:00,1.140251,1.141683,1.139471,1.139861,100.0000
EURUSD,2026.07.08,16:00:00,1.139861,1.143249,1.139861,1.143118,100.0000
EURUSD,2026.07.08,20:00:00,1.142988,1.143118,1.141813,1.142465,100.0000
EURUSD,2026.07.09,00:00:00,1.142465,1.143380,1.142335,1.142988,100.0000
EURUSD,2026.07.09,04:00:00,1.142988,1.145082,1.142727,1.143772,100.0000
EURUSD,2026.07.09,08:00:00,1.143903,1.144165,1.142465,1.143249,100.0000
EURUSD,2026.07.09,12:00:00,1.143380,1.144820,1.142727,1.144165,100.0000
EURUSD,2026.07.09,16:00:00,1.144296,1.144427,1.142988,1.143118,100.0000
EURUSD,2026.07.09,20:00:00,1.143118,1.143772,1.142465,1.143641,100.0000
EURUSD,2026.07.10,00:00:00,1.143641,1.146395,1.143380,1.145344,100.0000
EURUSD,2026.07.10,04:00:00,1.145213,1.145213,1.143903,1.144034,100.0000
EURUSD,2026.07.10,08:00:00,1.144034,1.144558,1.142988,1.143511,100.0000
EURUSD,2026.07.10,12:00:00,1.143511,1.144165,1.141813,1.144165,100.0000
EURUSD,2026.07.10,16:00:00,1.144034,1.144427,1.141553,1.141944,100.0000
EURUSD,2026.07.10,20:00:00,1.141944,1.142204,1.141553,1.141944,100.0000
EURUSD,2026.07.12,20:00:00,1.139731,1.140641,1.139731,1.140641,100.0000
EURUSD,2026.07.13,00:00:00,1.140771,1.140771,1.138952,1.140121,100.0000
EURUSD,2026.07.13,04:00:00,1.140251,1.142857,1.139991,1.142727,100.0000
EURUSD,2026.07.13,08:00:00,1.142727,1.144951,1.142727,1.143118,100.0000
EURUSD,2026.07.13,12:00:00,1.143118,1.143511,1.139991,1.140641,100.0000
EURUSD,2026.07.13,16:00:00,1.140511,1.140511,1.138563,1.138563,100.0000
EURUSD,2026.07.13,20:00:00,1.138693,1.139341,1.138174,1.138563,100.0000
EURUSD,2026.07.14,00:00:00,1.138693,1.139861,1.138174,1.139731,100.0000
EURUSD,2026.07.14,04:00:00,1.139731,1.139991,1.138822,1.139861,100.0000
EURUSD,2026.07.14,08:00:00,1.139861,1.141162,1.139341,1.141032,100.0000
EURUSD,2026.07.14,12:00:00,1.140901,1.146263,1.140771,1.142988,100.0000
EURUSD,2026.07.14,16:00:00,1.143118,1.143772,1.142074,1.142465,100.0000
EURUSD,2026.07.14,20:00:00,1.142335,1.143118,1.142074,1.142727,100.0000
EURUSD,2026.07.15,00:00:00,1.142727,1.144558,1.142727,1.144165,100.0000
EURUSD,2026.07.15,04:00:00,1.144165,1.144689,1.142335,1.142596,100.0000
EURUSD,2026.07.15,08:00:00,1.142727,1.143118,1.141422,1.141683,100.0000
EURUSD,2026.07.15,12:00:00,1.141683,1.144427,1.141032,1.143903,100.0000
EURUSD,2026.07.15,16:00:00,1.143903,1.148369,1.143380,1.146789,100.0000
EURUSD,2026.07.15,20:00:00,1.146789,1.147447,1.146395,1.147315,100.0000
EURUSD,2026.07.16,00:00:00,1.147315,1.147710,1.146395,1.146920,100.0000
EURUSD,2026.07.16,04:00:00,1.146920,1.147974,1.146657,1.147315,100.0000
EURUSD,2026.07.16,08:00:00,1.147184,1.147447,1.146132,1.147184,100.0000
EURUSD,2026.07.16,12:00:00,1.147184,1.147315,1.144034,1.144951,100.0000
EURUSD,2026.07.16,16:00:00,1.145082,1.145082,1.143511,1.144427,100.0000
EURUSD,2026.07.16,20:00:00,1.144296,1.144951,1.144165,1.144820,100.0000
EURUSD,2026.07.17,00:00:00,1.144820,1.145082,1.143903,1.144296,100.0000
EURUSD,2026.07.17,04:00:00,1.144296,1.144296,1.143903,1.144034,100.0000
EURUSD,2026.07.17,08:00:00,1.144427,1.144558,1.142857,1.143380,100.0000
EURUSD,2026.07.17,12:00:00,1.143380,1.144689,1.142857,1.144296,100.0000
EURUSD,2026.07.17,16:00:00,1.144296,1.144427,1.143641,1.144427,100.0000
EURUSD,2026.07.17,20:00:00,1.144427,1.144558,1.143903,1.144558,100.0000
EURUSD,2026.07.19,20:00:00,1.142988,1.143118,1.142727,1.142988,100.0000
EURUSD,2026.07.20,00:00:00,1.142988,1.144558,1.142988,1.144558,100.0000
EURUSD,2026.07.20,04:00:00,1.144558,1.145213,1.143772,1.144689,100.0000
EURUSD,2026.07.20,08:00:00,1.144820,1.144820,1.143118,1.143249,100.0000
EURUSD,2026.07.20,12:00:00,1.143118,1.143249,1.140641,1.141553,100.0000
EURUSD,2026.07.20,16:00:00,1.141422,1.142204,1.141292,1.141944,100.0000
EURUSD,2026.07.20,20:00:00,1.141944,1.142335,1.141292,1.141813,100.0000
EURUSD,2026.07.21,00:00:00,1.141944,1.142074,1.141292,1.141553,100.0000
EURUSD,2026.07.21,04:00:00,1.141553,1.142988,1.141553,1.142596,100.0000
EURUSD,2026.07.21,08:00:00,1.142596,1.143118,1.142074,1.142204,100.0000
EURUSD,2026.07.21,12:00:00,1.142335,1.142335,1.140641,1.141032,100.0000
EURUSD,2026.07.21,16:00:00,1.141032,1.141422,1.140251,1.140381,100.0000
EURUSD,2026.07.21,20:00:00,1.140511,1.140641,1.139861,1.140511,100.0000
EURUSD,2026.07.22,00:00:00,1.140381,1.141292,1.140121,1.141032,100.0000
EURUSD,2026.07.22,04:00:00,1.141032,1.142074,1.140771,1.141292,100.0000
EURUSD,2026.07.22,08:00:00,1.141292,1.141553,1.140381,1.140901,100.0000
EURUSD,2026.07.22,12:00:00,1.141032,1.142335,1.141032,1.141683,100.0000
EURUSD,2026.07.22,16:00:00,1.141683,1.141683,1.141032,1.141422,100.0000
EURUSD,2026.07.22,20:00:00,1.141422,1.141553,1.140901,1.141422,100.0000
EURUSD,2026.07.23,00:00:00,1.141553,1.143380,1.141422,1.143249,100.0000
EURUSD,2026.07.23,04:00:00,1.143118,1.143903,1.142465,1.142727,100.0000
EURUSD,2026.07.23,08:00:00,1.142857,1.142857,1.138822,1.139861,100.0000
EURUSD,2026.07.23,12:00:00,1.139731,1.139731,1.136751,1.137527,100.0000
EURUSD,2026.07.23,16:00:00,1.137656,1.138433,1.137398,1.138045,100.0000
EURUSD,2026.07.23,20:00:00,1.138174,1.138433,1.137139,1.138045,100.0000
EURUSD,2026.07.24,00:00:00,1.137915,1.139082,1.137915,1.138563,100.0000
EURUSD,2026.07.24,04:00:00,1.138563,1.140381,1.138045,1.139341,100.0000
EURUSD,2026.07.24,08:00:00,1.139341,1.139601,1.137527,1.137786,100.0000
EURUSD,2026.07.24,12:00:00,1.137915,1.139341,1.136880,1.138693,100.0000
EURUSD,2026.07.24,16:00:00,1.138693,1.138952,1.137010,1.137398,100.0000
EURUSD,2026.07.24,20:00:00,1.137398,1.137656,1.137010,1.137527,100.0000
EURUSD,2026.07.26,20:00:00,1.139341,1.139861,1.139212,1.139861,100.0000
EURUSD,2026.07.27,00:00:00,1.139991,1.141683,1.139991,1.140641,100.0000
EURUSD,2026.07.27,04:00:00,1.140641,1.142074,1.140251,1.140251,100.0000
EURUSD,2026.07.27,08:00:00,1.140121,1.140641,1.138822,1.138952,100.0000
EURUSD,2026.07.27,12:00:00,1.139082,1.139341,1.137268,1.137915,100.0000
EURUSD,2026.07.27,16:00:00,1.137786,1.138822,1.137010,1.137398,100.0000
EURUSD,2026.07.27,20:00:00,1.137268,1.138433,1.136493,1.137268,100.0000
EURUSD,2026.07.28,00:00:00,1.137139,1.138304,1.137010,1.137786,100.0000
EURUSD,2026.07.28,04:00:00,1.137656,1.137656,1.136493,1.136880,100.0000
EURUSD,2026.07.28,08:00:00,1.136880,1.137656,1.135718,1.137010,100.0000
EURUSD,2026.07.28,12:00:00,1.136880,1.140511,1.136493,1.140381,100.0000
EURUSD,2026.07.28,16:00:00,1.140381,1.140771,1.138952,1.139082,100.0000
EURUSD,2026.07.28,20:00:00,1.139082,1.139861,1.138304,1.138952,100.0000
EURUSD,2026.07.29,00:00:00,1.138822,1.140381,1.138563,1.139991,100.0000
EURUSD,2026.07.29,04:00:00,1.139991,1.140641,1.139341,1.140121,100.0000
EURUSD,2026.07.29,08:00:00,1.140121,1.140381,1.138433,1.138433,100.0000
EURUSD,2026.07.29,12:00:00,1.138563,1.139991,1.137915,1.138563,100.0000
EURUSD,2026.07.29,16:00:00,1.138563,1.146920,1.138045,1.145213,100.0000
EURUSD,2026.07.29,20:00:00,1.145082,1.149293,1.145082,1.147052,100.0000
EURUSD,2026.07.30,00:00:00,1.147052,1.147184,1.145213,1.145344,100.0000
EURUSD,2026.07.30,04:00:00,1.145213,1.146000,1.143903,1.144165,100.0000
EURUSD,2026.07.30,08:00:00,1.144427,1.148633,1.144296,1.147842,100.0000
EURUSD,2026.07.30,12:00:00,1.147974,1.153802,1.147315,1.152472,100.0000
EURUSD,2026.07.30,16:00:00,1.152738,1.153935,1.151941,1.153536,100.0000
EURUSD,2026.07.30,20:00:00,1.153403,1.153536,1.152605,1.152605,100.0000
EURUSD,2026.07.31,00:00:00,1.152738,1.153004,1.151013,1.151676,100.0000
EURUSD,2026.07.31,04:00:00,1.151676,1.152738,1.150880,1.151676,100.0000
EURUSD,2026.07.31,08:00:00,1.151808,1.152871,1.148897,1.148897,100.0000
EURUSD,2026.07.31,12:00:00,1.148765,1.152206,1.146132,1.152206,100.0000
EURUSD,2026.07.31,16:00:00,1.152074,1.154068,1.151676,1.153403,100.0000
EURUSD,2026.07.31,20:00:00,1.153403,1.155001,1.152738,1.152738,100.0000
EURUSD,2026.08.02,20:00:00,1.155268,1.155268,1.154601,1.154734,100.0000
EURUSD,2026.08.03,00:00:00,1.154335,1.155802,1.153004,1.153403,100.0000
EURUSD,2026.08.03,04:00:00,1.153403,1.154201,1.152472,1.153004,100.0000
EURUSD,2026.08.03,08:00:00,1.152738,1.153536,1.152074,1.153536,100.0000
EURUSD,2026.08.03,12:00:00,1.153669,1.153802,1.150616,1.151278,100.0000
EURUSD,2026.08.03,16:00:00,1.151278,1.151808,1.150483,1.151410,100.0000
EURUSD,2026.08.03,20:00:00,1.151410,1.151808,1.151013,1.151013,100.0000
EURUSD,2026.08.04,00:00:00,1.151145,1.151808,1.150616,1.151145,100.0000
EURUSD,2026.08.04,04:00:00,1.151278,1.151941,1.150748,1.151410,100.0000
EURUSD,2026.08.04,08:00:00,1.151543,1.152605,1.150748,1.151941,100.0000
EURUSD,2026.08.04,12:00:00,1.152074,1.153403,1.151410,1.152871,100.0000
EURUSD,2026.08.04,16:00:00,1.152871,1.153669,1.152074,1.153403,100.0000
EURUSD,2026.08.04,20:00:00,1.153403,1.153669,1.153004,1.153536,100.0000
EURUSD,2026.08.05,00:00:00,1.153536,1.154468,1.153004,1.154068,100.0000
EURUSD,2026.08.05,04:00:00,1.154068,1.154868,1.153536,1.154201,100.0000
EURUSD,2026.08.05,08:00:00,1.154335,1.155802,1.153536,1.155535,100.0000
EURUSD,2026.08.05,12:00:00,1.155668,1.155936,1.154468,1.155001,100.0000
EURUSD,2026.08.05,16:00:00,1.155135,1.156203,1.154734,1.155402,100.0000
EURUSD,2026.08.05,20:00:00,1.155668,1.156337,1.155268,1.156069,100.0000
EURUSD,2026.08.06,00:00:00,1.155936,1.156203,1.155001,1.155268,100.0000
EURUSD,2026.08.06,04:00:00,1.155135,1.155535,1.154468,1.154734,100.0000
EURUSD,2026.08.06,08:00:00,1.154734,1.155001,1.153935,1.154868,100.0000
EURUSD,2026.08.06,12:00:00,1.154734,1.154868,1.152206,1.152472,100.0000
EURUSD,2026.08.06,16:00:00,1.152339,1.152871,1.151941,1.152605,100.0000
EURUSD,2026.08.06,20:00:00,1.152605,1.153004,1.152206,1.152738,100.0000
EURUSD,2026.08.07,00:00:00,1.152605,1.152871,1.152206,1.152605,100.0000
EURUSD,2026.08.07,04:00:00,1.152605,1.152871,1.152206,1.152605,100.0000
EURUSD,2026.08.07,08:00:00,1.152605,1.153669,1.152206,1.153669,100.0000
EURUSD,2026.08.07,12:00:00,1.153802,1.158212,1.153270,1.156203,100.0000
EURUSD,2026.08.07,16:00:00,1.156203,1.157274,1.156203,1.156470,100.0000
EURUSD,2026.08.07,20:00:00,1.156470,1.156470,1.155936,1.156203,100.0000
EURUSD,2026.08.09,20:00:00,1.155936,1.156203,1.155802,1.155936,100.0000
EURUSD,2026.08.10,00:00:00,1.156069,1.156203,1.155268,1.155268,100.0000
EURUSD,2026.08.10,04:00:00,1.155268,1.156872,1.155135,1.156470,100.0000
EURUSD,2026.08.10,08:00:00,1.156337,1.156872,1.155268,1.155535,100.0000
EURUSD,2026.08.10,12:00:00,1.155535,1.155802,1.154734,1.155535,100.0000
EURUSD,2026.08.10,16:00:00,1.155535,1.155802,1.154335,1.154468,100.0000
EURUSD,2026.08.10,20:00:00,1.154468,1.155001,1.154335,1.155001,100.0000
EURUSD,2026.08.11,00:00:00,1.155001,1.155268,1.154201,1.154601,100.0000
EURUSD,2026.08.11,04:00:00,1.154601,1.154868,1.153536,1.153536,100.0000
EURUSD,2026.08.11,08:00:00,1.153536,1.154601,1.153536,1.154068,100.0000
EURUSD,2026.08.11,12:00:00,1.154068,1.155135,1.153802,1.154601,100.0000
EURUSD,2026.08.11,16:00:00,1.154601,1.154734,1.153802,1.154601,100.0000
EURUSD,2026.08.11,20:00:00,1.154601,1.154734,1.154201,1.154601,100.0000
EURUSD,2026.08.12,00:00:00,1.154601,1.154868,1.153802,1.153802,100.0000
EURUSD,2026.08.12,04:00:00,1.153935,1.154201,1.153536,1.154068,100.0000
EURUSD,2026.08.12,08:00:00,1.154068,1.155268,1.153536,1.154734,100.0000
EURUSD,2026.08.12,12:00:00,1.154734,1.156470,1.153669,1.154335,100.0000
EURUSD,2026.08.12,16:00:00,1.154201,1.154335,1.152339,1.152605,100.0000
EURUSD,2026.08.12,20:00:00,1.152605,1.153270,1.152472,1.153136,100.0000
EURUSD,2026.08.13,00:00:00,1.153136,1.153403,1.152339,1.152605,100.0000
EURUSD,2026.08.13,04:00:00,1.152605,1.153136,1.151543,1.152871,100.0000
EURUSD,2026.08.13,08:00:00,1.152871,1.154201,1.152605,1.153669,100.0000
EURUSD,2026.08.13,12:00:00,1.153802,1.154868,1.152871,1.153403,100.0000
EURUSD,2026.08.13,16:00:00,1.153403,1.153536,1.152871,1.153136,100.0000
EURUSD,2026.08.13,20:00:00,1.153403,1.153802,1.152871,1.153669,100.0000
EURUSD,2026.08.14,00:00:00,1.153669,1.154201,1.153536,1.154068,100.0000
EURUSD,2026.08.14,04:00:00,1.154068,1.155402,1.154068,1.155402,100.0000
EURUSD,2026.08.14,08:00:00,1.155535,1.157407,1.155402,1.156872,100.0000
EURUSD,2026.08.14,12:00:00,1.157006,1.158883,1.156604,1.158346,100.0000
EURUSD,2026.08.14,16:00:00,1.158480,1.158480,1.156604,1.157006,100.0000
EURUSD,2026.08.14,20:00:00,1.157140,1.157407,1.157140,1.157274,100.0000
EURUSD,2026.08.16,20:00:00,1.157809,1.157943,1.157675,1.157675,100.0000
EURUSD,2026.08.17,00:00:00,1.157943,1.158749,1.157943,1.158749,100.0000
EURUSD,2026.08.17,04:00:00,1.158614,1.161575,1.158614,1.160901,100.0000
EURUSD,2026.08.17,08:00:00,1.161036,1.161710,1.159152,1.159555,100.0000
EURUSD,2026.08.17,12:00:00,1.159555,1.160227,1.158480,1.159286,100.0000
EURUSD,2026.08.17,16:00:00,1.159286,1.159555,1.157407,1.158212,100.0000
EURUSD,2026.08.17,20:00:00,1.158346,1.159017,1.157809,1.158614,100.0000
EURUSD,2026.08.18,00:00:00,1.158614,1.158883,1.157541,1.157675,100.0000
EURUSD,2026.08.18,04:00:00,1.157675,1.158078,1.157140,1.157675,100.0000
EURUSD,2026.08.18,08:00:00,1.157541,1.158212,1.157274,1.158078,100.0000
EURUSD,2026.08.18,12:00:00,1.157943,1.159152,1.157541,1.158212,100.0000
EURUSD,2026.08.18,16:00:00,1.158480,1.158883,1.157809,1.157809,100.0000
EURUSD,2026.08.18,20:00:00,1.157675,1.158346,1.157541,1.157943,100.0000
