<TICKER>,<DTYYYYMMDD>,<TIME>,<OPEN>,<HIGH>,<LOW>,<CLOSE>,<VOL>
LINKUSDT,2026.05.17,03:45:00,9.704000,9.727000,9.702000,9.717000,80036.1200
LINKUSDT,2026.05.17,04:00:00,9.717000,9.749000,9.712000,9.742000,67462.3600
LINKUSDT,2026.05.17,04:15:00,9.743000,9.781000,9.743000,9.762000,113465.1600
LINKUSDT,2026.05.17,04:30:00,9.762000,9.783000,9.750000,9.773000,76895.7700
LINKUSDT,2026.05.17,04:45:00,9.773000,9.779000,9.760000,9.763000,61810.3100
LINKUSDT,2026.05.17,05:00:00,9.763000,9.826000,9.760000,9.796000,167254.7700
LINKUSDT,2026.05.17,05:15:00,9.796000,9.802000,9.781000,9.781000,54234.0800
LINKUSDT,2026.05.17,05:30:00,9.781000,9.786000,9.764000,9.776000,84636.6000
LINKUSDT,2026.05.17,05:45:00,9.776000,9.786000,9.764000,9.764000,42151.7200
LINKUSDT,2026.05.17,06:00:00,9.764000,9.782000,9.764000,9.777000,37368.2300
LINKUSDT,2026.05.17,06:15:00,9.778000,9.781000,9.740000,9.754000,81549.1500
LINKUSDT,2026.05.17,06:30:00,9.754000,9.764000,9.745000,9.747000,74933.1900
LINKUSDT,2026.05.17,06:45:00,9.747000,9.769000,9.747000,9.768000,18343.5400
LINKUSDT,2026.05.17,07:00:00,9.769000,9.774000,9.756000,9.760000,31490.5100
LINKUSDT,2026.05.17,07:15:00,9.760000,9.787000,9.752000,9.778000,45008.2500
LINKUSDT,2026.05.17,07:30:00,9.778000,9.800000,9.770000,9.778000,59880.5700
LINKUSDT,2026.05.17,07:45:00,9.778000,9.784000,9.767000,9.773000,54848.9100
LINKUSDT,2026.05.17,08:00:00,9.773000,9.778000,9.750000,9.758000,63760.2900
LINKUSDT,2026.05.17,08:15:00,9.758000,9.764000,9.746000,9.757000,73548.9400
LINKUSDT,2026.05.17,08:30:00,9.756000,9.768000,9.746000,9.755000,28278.7200
LINKUSDT,2026.05.17,08:45:00,9.755000,9.757000,9.749000,9.752000,26015.5400
LINKUSDT,2026.05.17,09:00:00,9.752000,9.764000,9.744000,9.761000,61687.2600
LINKUSDT,2026.05.17,09:15:00,9.761000,9.783000,9.759000,9.777000,100891.6400
LINKUSDT,2026.05.17,09:30:00,9.776000,9.776000,9.761000,9.765000,26195.2800
LINKUSDT,2026.05.17,09:45:00,9.765000,9.794000,9.764000,9.785000,54261.8900
LINKUSDT,2026.05.17,10:00:00,9.784000,9.844000,9.784000,9.824000,150883.7300
LINKUSDT,2026.05.17,10:15:00,9.825000,9.848000,9.819000,9.831000,74219.0600
LINKUSDT,2026.05.17,10:30:00,9.831000,9.836000,9.816000,9.821000,52677.4100
LINKUSDT,2026.05.17,10:45:00,9.821000,9.823000,9.794000,9.806000,91538.9600
LINKUSDT,2026.05.17,11:00:00,9.806000,9.807000,9.774000,9.780000,72124.8100
LINKUSDT,2026.05.17,11:15:00,9.781000,9.786000,9.767000,9.771000,48978.7000
LINKUSDT,2026.05.17,11:30:00,9.772000,9.796000,9.763000,9.790000,46985.9900
LINKUSDT,2026.05.17,11:45:00,9.790000,9.798000,9.783000,9.786000,33253.1400
LINKUSDT,2026.05.17,12:00:00,9.786000,9.820000,9.786000,9.810000,55910.3300
LINKUSDT,2026.05.17,12:15:00,9.811000,9.834000,9.811000,9.818000,97634.2200
LINKUSDT,2026.05.17,12:30:00,9.817000,9.834000,9.795000,9.800000,100702.4600
LINKUSDT,2026.05.17,12:45:00,9.800000,9.806000,9.748000,9.758000,137115.9500
LINKUSDT,2026.05.17,13:00:00,9.758000,9.796000,9.725000,9.772000,434329.1800
LINKUSDT,2026.05.17,13:15:00,9.771000,9.782000,9.750000,9.782000,161789.3600
LINKUSDT,2026.05.17,13:30:00,9.782000,9.804000,9.778000,9.790000,157268.1700
LINKUSDT,2026.05.17,13:45:00,9.789000,9.817000,9.789000,9.800000,244053.6400
LINKUSDT,2026.05.17,14:00:00,9.800000,9.803000,9.704000,9.706000,572463.0200
LINKUSDT,2026.05.17,14:15:00,9.705000,9.741000,9.649000,9.730000,595119.5500
LINKUSDT,2026.05.17,14:30:00,9.730000,9.742000,9.692000,9.714000,132534.3600
LINKUSDT,2026.05.17,14:45:00,9.715000,9.739000,9.713000,9.717000,66893.5500
LINKUSDT,2026.05.17,15:00:00,9.717000,9.735000,9.704000,9.717000,71142.5700
LINKUSDT,2026.05.17,15:15:00,9.717000,9.717000,9.682000,9.700000,99117.2900
LINKUSDT,2026.05.17,15:30:00,9.700000,9.717000,9.694000,9.699000,79698.0400
LINKUSDT,2026.05.17,15:45:00,9.699000,9.715000,9.698000,9.709000,41383.6500
LINKUSDT,2026.05.17,16:00:00,9.710000,9.730000,9.706000,9.709000,74246.3100
LINKUSDT,2026.05.17,16:15:00,9.710000,9.732000,9.707000,9.726000,71468.6900
LINKUSDT,2026.05.17,16:30:00,9.727000,9.734000,9.713000,9.719000,32124.1200
LINKUSDT,2026.05.17,16:45:00,9.719000,9.719000,9.683000,9.689000,90450.4400
LINKUSDT,2026.05.17,17:00:00,9.689000,9.698000,9.660000,9.661000,101530.3800
LINKUSDT,2026.05.17,17:15:00,9.661000,9.676000,9.649000,9.673000,100571.5100
LINKUSDT,2026.05.17,17:30:00,9.674000,9.677000,9.644000,9.676000,57647.7000
LINKUSDT,2026.05.17,17:45:00,9.677000,9.691000,9.670000,9.685000,36002.2800
LINKUSDT,2026.05.17,18:00:00,9.686000,9.714000,9.681000,9.685000,147139.9900
LINKUSDT,2026.05.17,18:15:00,9.685000,9.690000,9.654000,9.684000,78544.5300
LINKUSDT,2026.05.17,18:30:00,9.684000,9.695000,9.679000,9.679000,26050.1700
LINKUSDT,2026.05.17,18:45:00,9.679000,9.719000,9.676000,9.717000,42388.5300
LINKUSDT,2026.05.17,19:00:00,9.717000,9.735000,9.715000,9.724000,55805.8700
LINKUSDT,2026.05.17,19:15:00,9.724000,9.739000,9.715000,9.723000,33318.0700
LINKUSDT,2026.05.17,19:30:00,9.723000,9.755000,9.719000,9.748000,65712.0700
LINKUSDT,2026.05.17,19:45:00,9.749000,9.760000,9.741000,9.746000,51739.4000
LINKUSDT,2026.05.17,20:00:00,9.747000,9.755000,9.717000,9.725000,82628.4100
LINKUSDT,2026.05.17,20:15:00,9.726000,9.728000,9.708000,9.721000,27108.0300
LINKUSDT,2026.05.17,20:30:00,9.722000,9.738000,9.715000,9.724000,40013.7100
LINKUSDT,2026.05.17,20:45:00,9.724000,9.735000,9.721000,9.729000,18716.9200
LINKUSDT,2026.05.17,21:00:00,9.729000,9.738000,9.720000,9.730000,31888.8300
LINKUSDT,2026.05.17,21:15:00,9.730000,9.769000,9.726000,9.761000,113791.8800
LINKUSDT,2026.05.17,21:30:00,9.762000,9.771000,9.746000,9.747000,45237.5800
LINKUSDT,2026.05.17,21:45:00,9.748000,9.762000,9.748000,9.752000,25159.3000
LINKUSDT,2026.05.17,22:00:00,9.752000,9.753000,9.678000,9.701000,200529.6300
LINKUSDT,2026.05.17,22:15:00,9.702000,9.711000,9.670000,9.690000,68614.1700
LINKUSDT,2026.05.17,22:30:00,9.689000,9.710000,9.674000,9.698000,49142.3100
LINKUSDT,2026.05.17,22:45:00,9.699000,9.699000,9.655000,9.685000,46547.4500
LINKUSDT,2026.05.17,23:00:00,9.686000,9.686000,9.649000,9.664000,105518.8300
LINKUSDT,2026.05.17,23:15:00,9.664000,9.664000,9.607000,9.637000,188432.6100
LINKUSDT,2026.05.17,23:30:00,9.637000,9.646000,9.319000,9.472000,1807156.9900
LINKUSDT,2026.05.17,23:45:00,9.473000,9.581000,9.457000,9.561000,629192.1500
LINKUSDT,2026.05.18,00:00:00,9.560000,9.565000,9.453000,9.500000,395091.9000
LINKUSDT,2026.05.18,00:15:00,9.501000,9.524000,9.480000,9.490000,162515.6000
LINKUSDT,2026.05.18,00:30:00,9.490000,9.506000,9.456000,9.482000,150057.3900
LINKUSDT,2026.05.18,00:45:00,9.481000,9.513000,9.469000,9.513000,112443.0000
LINKUSDT,2026.05.18,01:00:00,9.513000,9.538000,9.499000,9.500000,115422.1400
LINKUSDT,2026.05.18,01:15:00,9.499000,9.502000,9.454000,9.469000,121198.5200
LINKUSDT,2026.05.18,01:30:00,9.469000,9.489000,9.459000,9.471000,110398.8900
LINKUSDT,2026.05.18,01:45:00,9.471000,9.534000,9.447000,9.524000,174807.0700
LINKUSDT,2026.05.18,02:00:00,9.524000,9.575000,9.506000,9.575000,302027.8200
LINKUSDT,2026.05.18,02:15:00,9.575000,9.580000,9.541000,9.552000,132988.7200
LINKUSDT,2026.05.18,02:30:00,9.552000,9.556000,9.528000,9.542000,72145.2300
LINKUSDT,2026.05.18,02:45:00,9.542000,9.557000,9.519000,9.538000,73716.2700
LINKUSDT,2026.05.18,03:00:00,9.537000,9.577000,9.532000,9.540000,95875.9000
LINKUSDT,2026.05.18,03:15:00,9.541000,9.549000,9.514000,9.530000,51693.0100
LINKUSDT,2026.05.18,03:30:00,9.530000,9.531000,9.496000,9.528000,99304.9000
LINKUSDT,2026.05.18,03:45:00,9.529000,9.534000,9.502000,9.508000,51605.6900
LINKUSDT,2026.05.18,04:00:00,9.508000,9.542000,9.508000,9.538000,41640.9300
LINKUSDT,2026.05.18,04:15:00,9.538000,9.538000,9.487000,9.504000,56700.1500
LINKUSDT,2026.05.18,04:30:00,9.504000,9.558000,9.495000,9.549000,68897.9100
LINKUSDT,2026.05.18,04:45:00,9.549000,9.570000,9.535000,9.560000,49569.3400
LINKUSDT,2026.05.18,05:00:00,9.561000,9.569000,9.541000,9.547000,79682.8600
LINKUSDT,2026.05.18,05:15:00,9.547000,9.547000,9.520000,9.540000,48717.6700
LINKUSDT,2026.05.18,05:30:00,9.541000,9.549000,9.508000,9.511000,117155.4000
LINKUSDT,2026.05.18,05:45:00,9.511000,9.526000,9.502000,9.511000,38056.0400
LINKUSDT,2026.05.18,06:00:00,9.511000,9.530000,9.448000,9.484000,369396.4700
LINKUSDT,2026.05.18,06:15:00,9.485000,9.509000,9.424000,9.452000,195017.9500
LINKUSDT,2026.05.18,06:30:00,9.452000,9.471000,9.431000,9.465000,152914.6800
LINKUSDT,2026.05.18,06:45:00,9.465000,9.489000,9.462000,9.473000,72753.6400
LINKUSDT,2026.05.18,07:00:00,9.474000,9.493000,9.441000,9.457000,104005.0700
LINKUSDT,2026.05.18,07:15:00,9.457000,9.485000,9.420000,9.470000,158616.9800
LINKUSDT,2026.05.18,07:30:00,9.471000,9.488000,9.431000,9.435000,91658.0400
LINKUSDT,2026.05.18,07:45:00,9.434000,9.474000,9.434000,9.469000,96977.7800
LINKUSDT,2026.05.18,08:00:00,9.470000,9.495000,9.464000,9.475000,106768.9700
LINKUSDT,2026.05.18,08:15:00,9.475000,9.481000,9.463000,9.463000,32061.1900
LINKUSDT,2026.05.18,08:30:00,9.463000,9.463000,9.441000,9.446000,56435.1200
LINKUSDT,2026.05.18,08:45:00,9.446000,9.476000,9.440000,9.472000,64523.8000
LINKUSDT,2026.05.18,09:00:00,9.472000,9.476000,9.439000,9.450000,100493.4200
LINKUSDT,2026.05.18,09:15:00,9.451000,9.464000,9.444000,9.450000,49400.8300
LINKUSDT,2026.05.18,09:30:00,9.450000,9.462000,9.439000,9.451000,61874.0400
LINKUSDT,2026.05.18,09:45:00,9.451000,9.464000,9.434000,9.437000,52340.7300
LINKUSDT,2026.05.18,10:00:00,9.436000,9.442000,9.403000,9.415000,144110.4900
LINKUSDT,2026.05.18,10:15:00,9.414000,9.425000,9.402000,9.419000,69623.3500
LINKUSDT,2026.05.18,10:30:00,9.419000,9.426000,9.401000,9.405000,95120.7700
LINKUSDT,2026.05.18,10:45:00,9.406000,9.430000,9.402000,9.403000,52572.1000
LINKUSDT,2026.05.18,11:00:00,9.404000,9.421000,9.398000,9.419000,126932.6100
LINKUSDT,2026.05.18,11:15:00,9.419000,9.437000,9.416000,9.427000,58358.6800
LINKUSDT,2026.05.18,11:30:00,9.428000,9.565000,9.417000,9.545000,291426.8000
LINKUSDT,2026.05.18,11:45:00,9.545000,9.550000,9.505000,9.510000,179666.0500
LINKUSDT,2026.05.18,12:00:00,9.510000,9.560000,9.510000,9.541000,122873.4000
LINKUSDT,2026.05.18,12:15:00,9.541000,9.572000,9.529000,9.538000,191702.5500
LINKUSDT,2026.05.18,12:30:00,9.537000,9.595000,9.525000,9.592000,171914.5200
LINKUSDT,2026.05.18,12:45:00,9.593000,9.602000,9.564000,9.572000,98450.1500
LINKUSDT,2026.05.18,13:00:00,9.573000,9.576000,9.530000,9.547000,153200.8500
LINKUSDT,2026.05.18,13:15:00,9.546000,9.547000,9.515000,9.515000,83911.8300
LINKUSDT,2026.05.18,13:30:00,9.514000,9.516000,9.434000,9.462000,320338.2300
LINKUSDT,2026.05.18,13:45:00,9.463000,9.515000,9.446000,9.482000,215749.9600
LINKUSDT,2026.05.18,14:00:00,9.482000,9.482000,9.420000,9.442000,272265.4200
LINKUSDT,2026.05.18,14:15:00,9.442000,9.459000,9.402000,9.431000,215122.3100
LINKUSDT,2026.05.18,14:30:00,9.432000,9.441000,9.373000,9.412000,331011.9400
LINKUSDT,2026.05.18,14:45:00,9.412000,9.417000,9.374000,9.402000,166639.6600
LINKUSDT,2026.05.18,15:00:00,9.403000,9.414000,9.345000,9.399000,381147.8100
LINKUSDT,2026.05.18,15:15:00,9.399000,9.400000,9.353000,9.354000,198866.9300
LINKUSDT,2026.05.18,15:30:00,9.354000,9.419000,9.337000,9.406000,170931.5700
LINKUSDT,2026.05.18,15:45:00,9.407000,9.438000,9.404000,9.417000,124375.6300
LINKUSDT,2026.05.18,16:00:00,9.417000,9.453000,9.401000,9.439000,176872.4000
LINKUSDT,2026.05.18,16:15:00,9.440000,9.454000,9.382000,9.384000,162920.8400
LINKUSDT,2026.05.18,16:30:00,9.385000,9.417000,9.373000,9.415000,111267.1300
LINKUSDT,2026.05.18,16:45:00,9.415000,9.430000,9.406000,9.412000,114961.1900
LINKUSDT,2026.05.18,17:00:00,9.411000,9.452000,9.398000,9.427000,79779.6300
LINKUSDT,2026.05.18,17:15:00,9.427000,9.453000,9.425000,9.444000,122505.8200
LINKUSDT,2026.05.18,17:30:00,9.444000,9.453000,9.427000,9.440000,243543.2700
LINKUSDT,2026.05.18,17:45:00,9.440000,9.452000,9.428000,9.431000,91177.5500
LINKUSDT,2026.05.18,18:00:00,9.431000,9.437000,9.381000,9.385000,115499.1600
LINKUSDT,2026.05.18,18:15:00,9.385000,9.385000,9.298000,9.348000,379480.5600
LINKUSDT,2026.05.18,18:30:00,9.349000,9.366000,9.336000,9.350000,80427.6300
LINKUSDT,2026.05.18,18:45:00,9.351000,9.358000,9.316000,9.323000,235848.6900
LINKUSDT,2026.05.18,19:00:00,9.324000,9.474000,9.319000,9.415000,604546.6500
LINKUSDT,2026.05.18,19:15:00,9.415000,9.447000,9.411000,9.428000,94643.7300
LINKUSDT,2026.05.18,19:30:00,9.428000,9.498000,9.427000,9.485000,120585.2600
LINKUSDT,2026.05.18,19:45:00,9.484000,9.530000,9.480000,9.506000,227468.5300
LINKUSDT,2026.05.18,20:00:00,9.507000,9.540000,9.502000,9.533000,132259.7000
LINKUSDT,2026.05.18,20:15:00,9.532000,9.540000,9.510000,9.529000,55104.3500
LINKUSDT,2026.05.18,20:30:00,9.529000,9.539000,9.493000,9.496000,80390.1200
LINKUSDT,2026.05.18,20:45:00,9.497000,9.499000,9.468000,9.482000,90703.6900
LINKUSDT,2026.05.18,21:00:00,9.483000,9.513000,9.466000,9.501000,86967.1400
LINKUSDT,2026.05.18,21:15:00,9.501000,9.537000,9.499000,9.528000,100914.6200
LINKUSDT,2026.05.18,21:30:00,9.529000,9.579000,9.529000,9.565000,171660.4600
LINKUSDT,2026.05.18,21:45:00,9.566000,9.575000,9.555000,9.566000,59247.6300
LINKUSDT,2026.05.18,22:00:00,9.567000,9.586000,9.553000,9.580000,131304.1500
LINKUSDT,2026.05.18,22:15:00,9.580000,9.610000,9.577000,9.587000,138349.1400
LINKUSDT,2026.05.18,22:30:00,9.588000,9.596000,9.560000,9.564000,102890.1200
LINKUSDT,2026.05.18,22:45:00,9.565000,9.588000,9.545000,9.587000,88376.8600
LINKUSDT,2026.05.18,23:00:00,9.588000,9.609000,9.586000,9.597000,130554.3400
LINKUSDT,2026.05.18,23:15:00,9.598000,9.599000,9.574000,9.588000,73809.6400
LINKUSDT,2026.05.18,23:30:00,9.588000,9.615000,9.576000,9.611000,111873.6700
LINKUSDT,2026.05.18,23:45:00,9.611000,9.613000,9.575000,9.602000,91579.7300
LINKUSDT,2026.05.19,00:00:00,9.603000,9.634000,9.596000,9.623000,307440.8300
LINKUSDT,2026.05.19,00:15:00,9.623000,9.682000,9.619000,9.661000,210935.3100
LINKUSDT,2026.05.19,00:30:00,9.660000,9.668000,9.636000,9.652000,90358.5500
LINKUSDT,2026.05.19,00:45:00,9.653000,9.680000,9.647000,9.653000,111437.9900
LINKUSDT,2026.05.19,01:00:00,9.653000,9.655000,9.629000,9.645000,102514.7600
LINKUSDT,2026.05.19,01:15:00,9.646000,9.651000,9.599000,9.609000,137994.7300
LINKUSDT,2026.05.19,01:30:00,9.609000,9.651000,9.598000,9.639000,142197.4700
LINKUSDT,2026.05.19,01:45:00,9.640000,9.641000,9.615000,9.616000,85039.4300
LINKUSDT,2026.05.19,02:00:00,9.615000,9.618000,9.578000,9.611000,158909.7500
LINKUSDT,2026.05.19,02:15:00,9.611000,9.682000,9.604000,9.664000,215571.5800
LINKUSDT,2026.05.19,02:30:00,9.664000,9.665000,9.641000,9.651000,133750.3500
LINKUSDT,2026.05.19,02:45:00,9.652000,9.663000,9.634000,9.642000,80545.9400
LINKUSDT,2026.05.19,03:00:00,9.641000,9.677000,9.625000,9.672000,133820.0300
LINKUSDT,2026.05.19,03:15:00,9.673000,9.702000,9.668000,9.686000,99331.5900
LINKUSDT,2026.05.19,03:30:00,9.687000,9.723000,9.685000,9.720000,203788.1700
LINKUSDT,2026.05.19,03:45:00,9.720000,9.726000,9.696000,9.698000,150186.5200
LINKUSDT,2026.05.19,04:00:00,9.699000,9.734000,9.682000,9.733000,163509.3100
LINKUSDT,2026.05.19,04:15:00,9.733000,9.733000,9.663000,9.668000,137775.8200
LINKUSDT,2026.05.19,04:30:00,9.669000,9.718000,9.663000,9.709000,82162.2500
LINKUSDT,2026.05.19,04:45:00,9.710000,9.733000,9.707000,9.727000,75798.2200
LINKUSDT,2026.05.19,05:00:00,9.727000,9.736000,9.697000,9.711000,126527.4900
LINKUSDT,2026.05.19,05:15:00,9.711000,9.712000,9.657000,9.704000,125908.7600
LINKUSDT,2026.05.19,05:30:00,9.704000,9.763000,9.696000,9.733000,187568.7800
LINKUSDT,2026.05.19,05:45:00,9.734000,9.762000,9.722000,9.746000,115893.2500
LINKUSDT,2026.05.19,06:00:00,9.745000,9.768000,9.735000,9.763000,121049.7600
LINKUSDT,2026.05.19,06:15:00,9.764000,9.767000,9.738000,9.749000,119030.9800
LINKUSDT,2026.05.19,06:30:00,9.749000,9.782000,9.741000,9.777000,112049.3900
LINKUSDT,2026.05.19,06:45:00,9.777000,9.778000,9.755000,9.772000,99275.9400
LINKUSDT,2026.05.19,07:00:00,9.771000,9.794000,9.742000,9.780000,157681.8800
LINKUSDT,2026.05.19,07:15:00,9.780000,9.784000,9.751000,9.769000,114256.7100
LINKUSDT,2026.05.19,07:30:00,9.770000,9.809000,9.765000,9.797000,146810.6100
LINKUSDT,2026.05.19,07:45:00,9.797000,9.821000,9.787000,9.793000,134969.6300
LINKUSDT,2026.05.19,08:00:00,9.794000,9.795000,9.717000,9.732000,228652.6600
LINKUSDT,2026.05.19,08:15:00,9.732000,9.756000,9.708000,9.730000,171198.8200
LINKUSDT,2026.05.19,08:30:00,9.731000,9.783000,9.721000,9.750000,117626.8600
LINKUSDT,2026.05.19,08:45:00,9.751000,9.756000,9.732000,9.733000,87778.0000
LINKUSDT,2026.05.19,09:00:00,9.733000,9.746000,9.700000,9.702000,120994.3800
LINKUSDT,2026.05.19,09:15:00,9.702000,9.702000,9.605000,9.607000,434765.2000
LINKUSDT,2026.05.19,09:30:00,9.607000,9.624000,9.572000,9.620000,274675.8800
LINKUSDT,2026.05.19,09:45:00,9.620000,9.627000,9.597000,9.603000,105666.4500
LINKUSDT,2026.05.19,10:00:00,9.603000,9.608000,9.578000,9.599000,90533.9100
LINKUSDT,2026.05.19,10:15:00,9.599000,9.601000,9.573000,9.590000,89630.2700
LINKUSDT,2026.05.19,10:30:00,9.590000,9.624000,9.553000,9.558000,224682.1900
LINKUSDT,2026.05.19,10:45:00,9.558000,9.613000,9.543000,9.599000,302639.9900
LINKUSDT,2026.05.19,11:00:00,9.600000,9.611000,9.585000,9.590000,81244.6400
LINKUSDT,2026.05.19,11:15:00,9.590000,9.593000,9.561000,9.571000,79502.1200
LINKUSDT,2026.05.19,11:30:00,9.571000,9.581000,9.526000,9.532000,94288.7100
LINKUSDT,2026.05.19,11:45:00,9.532000,9.553000,9.532000,9.537000,79669.6100
LINKUSDT,2026.05.19,12:00:00,9.538000,9.550000,9.510000,9.547000,382909.8800
LINKUSDT,2026.05.19,12:15:00,9.547000,9.568000,9.546000,9.551000,92034.1700
LINKUSDT,2026.05.19,12:30:00,9.551000,9.566000,9.547000,9.548000,96900.6500
LINKUSDT,2026.05.19,12:45:00,9.549000,9.559000,9.544000,9.554000,75059.9600
LINKUSDT,2026.05.19,13:00:00,9.555000,9.565000,9.515000,9.529000,130081.1600
LINKUSDT,2026.05.19,13:15:00,9.529000,9.551000,9.509000,9.520000,163864.1300
LINKUSDT,2026.05.19,13:30:00,9.521000,9.617000,9.521000,9.548000,291322.2800
LINKUSDT,2026.05.19,13:45:00,9.547000,9.613000,9.546000,9.567000,146177.7600
LINKUSDT,2026.05.19,14:00:00,9.567000,9.588000,9.510000,9.510000,180932.2900
LINKUSDT,2026.05.19,14:15:00,9.510000,9.516000,9.465000,9.491000,278543.8800
LINKUSDT,2026.05.19,14:30:00,9.492000,9.523000,9.468000,9.494000,149351.3200
LINKUSDT,2026.05.19,14:45:00,9.495000,9.497000,9.430000,9.480000,206239.3000
LINKUSDT,2026.05.19,15:00:00,9.480000,9.513000,9.468000,9.504000,119184.6500
LINKUSDT,2026.05.19,15:15:00,9.505000,9.518000,9.456000,9.473000,124573.9800
LINKUSDT,2026.05.19,15:30:00,9.474000,9.518000,9.470000,9.484000,88393.4200
LINKUSDT,2026.05.19,15:45:00,9.485000,9.494000,9.471000,9.483000,71891.2200
LINKUSDT,2026.05.19,16:00:00,9.484000,9.500000,9.466000,9.485000,80318.1500
LINKUSDT,2026.05.19,16:15:00,9.485000,9.509000,9.484000,9.499000,92268.7300
LINKUSDT,2026.05.19,16:30:00,9.499000,9.531000,9.497000,9.530000,134655.6300
LINKUSDT,2026.05.19,16:45:00,9.531000,9.553000,9.519000,9.550000,105834.8800
LINKUSDT,2026.05.19,17:00:00,9.550000,9.559000,9.535000,9.541000,118420.4400
LINKUSDT,2026.05.19,17:15:00,9.542000,9.559000,9.515000,9.518000,88465.7800
LINKUSDT,2026.05.19,17:30:00,9.518000,9.541000,9.494000,9.507000,216646.8700
LINKUSDT,2026.05.19,17:45:00,9.507000,9.512000,9.482000,9.509000,84219.8400
LINKUSDT,2026.05.19,18:00:00,9.510000,9.523000,9.489000,9.514000,78669.8500
LINKUSDT,2026.05.19,18:15:00,9.514000,9.516000,9.470000,9.474000,111979.8200
LINKUSDT,2026.05.19,18:30:00,9.475000,9.497000,9.460000,9.495000,109756.6700
LINKUSDT,2026.05.19,18:45:00,9.495000,9.506000,9.475000,9.478000,63463.6000
LINKUSDT,2026.05.19,19:00:00,9.479000,9.522000,9.479000,9.521000,104664.5600
LINKUSDT,2026.05.19,19:15:00,9.522000,9.526000,9.453000,9.463000,79067.4600
LINKUSDT,2026.05.19,19:30:00,9.464000,9.484000,9.455000,9.472000,88655.0600
LINKUSDT,2026.05.19,19:45:00,9.473000,9.477000,9.447000,9.464000,83250.8600
LINKUSDT,2026.05.19,20:00:00,9.465000,9.482000,9.462000,9.469000,62697.4100
LINKUSDT,2026.05.19,20:15:00,9.470000,9.474000,9.463000,9.464000,37266.2200
LINKUSDT,2026.05.19,20:30:00,9.465000,9.480000,9.460000,9.466000,51743.7900
LINKUSDT,2026.05.19,20:45:00,9.467000,9.487000,9.466000,9.479000,65540.2200
LINKUSDT,2026.05.19,21:00:00,9.480000,9.492000,9.463000,9.480000,59130.7400
LINKUSDT,2026.05.19,21:15:00,9.480000,9.485000,9.468000,9.475000,77645.8700
LINKUSDT,2026.05.19,21:30:00,9.476000,9.483000,9.470000,9.475000,54149.5100
LINKUSDT,2026.05.19,21:45:00,9.476000,9.478000,9.458000,9.459000,41676.8800
LINKUSDT,2026.05.19,22:00:00,9.459000,9.466000,9.434000,9.462000,103401.1000
LINKUSDT,2026.05.19,22:15:00,9.462000,9.463000,9.438000,9.443000,90600.8600
LINKUSDT,2026.05.19,22:30:00,9.442000,9.461000,9.431000,9.450000,42539.9400
LINKUSDT,2026.05.19,22:45:00,9.450000,9.454000,9.442000,9.443000,31653.3800
LINKUSDT,2026.05.19,23:00:00,9.442000,9.472000,9.428000,9.458000,100112.2300
LINKUSDT,2026.05.19,23:15:00,9.459000,9.475000,9.456000,9.471000,52006.2200
LINKUSDT,2026.05.19,23:30:00,9.472000,9.483000,9.459000,9.461000,51054.4600
LINKUSDT,2026.05.19,23:45:00,9.461000,9.465000,9.441000,9.443000,41095.3000
LINKUSDT,2026.05.20,00:00:00,9.444000,9.451000,9.379000,9.395000,386603.3300
LINKUSDT,2026.05.20,00:15:00,9.395000,9.427000,9.372000,9.427000,510272.0400
LINKUSDT,2026.05.20,00:30:00,9.428000,9.457000,9.421000,9.455000,129536.5700
LINKUSDT,2026.05.20,00:45:00,9.456000,9.469000,9.446000,9.468000,79498.5600
LINKUSDT,2026.05.20,01:00:00,9.468000,9.509000,9.455000,9.472000,338151.1200
LINKUSDT,2026.05.20,01:15:00,9.471000,9.475000,9.404000,9.408000,101081.7500
LINKUSDT,2026.05.20,01:30:00,9.409000,9.428000,9.404000,9.422000,99766.0800
LINKUSDT,2026.05.20,01:45:00,9.423000,9.477000,9.416000,9.458000,85075.4200
LINKUSDT,2026.05.20,02:00:00,9.459000,9.467000,9.451000,9.464000,75849.0800
LINKUSDT,2026.05.20,02:15:00,9.464000,9.486000,9.457000,9.461000,42230.3200
LINKUSDT,2026.05.20,02:30:00,9.461000,9.471000,9.446000,9.446000,78124.4600
LINKUSDT,2026.05.20,02:45:00,9.446000,9.465000,9.443000,9.458000,45901.7900
LINKUSDT,2026.05.20,03:00:00,9.458000,9.460000,9.435000,9.456000,49170.1600
LINKUSDT,2026.05.20,03:15:00,9.456000,9.502000,9.453000,9.495000,63854.5900
LINKUSDT,2026.05.20,03:30:00,9.495000,9.498000,9.477000,9.488000,37997.3100
LINKUSDT,2026.05.20,03:45:00,9.487000,9.492000,9.477000,9.486000,24889.7300
LINKUSDT,2026.05.20,04:00:00,9.486000,9.503000,9.477000,9.494000,57844.7400
LINKUSDT,2026.05.20,04:15:00,9.494000,9.503000,9.486000,9.487000,42400.6800
LINKUSDT,2026.05.20,04:30:00,9.488000,9.491000,9.459000,9.472000,48173.1600
LINKUSDT,2026.05.20,04:45:00,9.473000,9.502000,9.473000,9.500000,27872.3200
LINKUSDT,2026.05.20,05:00:00,9.501000,9.578000,9.501000,9.563000,251570.9800
LINKUSDT,2026.05.20,05:15:00,9.564000,9.566000,9.545000,9.555000,56774.8100
LINKUSDT,2026.05.20,05:30:00,9.556000,9.603000,9.556000,9.570000,210420.6900
LINKUSDT,2026.05.20,05:45:00,9.570000,9.588000,9.569000,9.575000,63006.2500
LINKUSDT,2026.05.20,06:00:00,9.575000,9.593000,9.567000,9.590000,128667.6000
LINKUSDT,2026.05.20,06:15:00,9.591000,9.603000,9.585000,9.585000,95748.4400
LINKUSDT,2026.05.20,06:30:00,9.586000,9.604000,9.574000,9.603000,75775.6600
LINKUSDT,2026.05.20,06:45:00,9.603000,9.627000,9.599000,9.620000,79263.6300
LINKUSDT,2026.05.20,07:00:00,9.621000,9.625000,9.596000,9.603000,89277.3400
LINKUSDT,2026.05.20,07:15:00,9.604000,9.624000,9.597000,9.608000,80479.0000
LINKUSDT,2026.05.20,07:30:00,9.609000,9.616000,9.596000,9.603000,50982.4900
LINKUSDT,2026.05.20,07:45:00,9.603000,9.605000,9.569000,9.574000,60075.4000
LINKUSDT,2026.05.20,08:00:00,9.575000,9.597000,9.570000,9.588000,77681.2900
LINKUSDT,2026.05.20,08:15:00,9.589000,9.593000,9.574000,9.592000,30741.9400
LINKUSDT,2026.05.20,08:30:00,9.593000,9.640000,9.593000,9.621000,131455.7400
LINKUSDT,2026.05.20,08:45:00,9.621000,9.623000,9.600000,9.603000,44342.9500
LINKUSDT,2026.05.20,09:00:00,9.603000,9.618000,9.596000,9.600000,57300.8500
LINKUSDT,2026.05.20,09:15:00,9.600000,9.601000,9.574000,9.599000,70968.9000
LINKUSDT,2026.05.20,09:30:00,9.599000,9.612000,9.592000,9.592000,84549.7500
LINKUSDT,2026.05.20,09:45:00,9.592000,9.593000,9.572000,9.580000,54948.1800
LINKUSDT,2026.05.20,10:00:00,9.580000,9.604000,9.580000,9.588000,59745.0900
LINKUSDT,2026.05.20,10:15:00,9.589000,9.597000,9.580000,9.596000,67551.3200
LINKUSDT,2026.05.20,10:30:00,9.597000,9.627000,9.595000,9.602000,83493.7600
LINKUSDT,2026.05.20,10:45:00,9.602000,9.606000,9.586000,9.598000,44897.9400
LINKUSDT,2026.05.20,11:00:00,9.599000,9.602000,9.579000,9.581000,47329.2400
LINKUSDT,2026.05.20,11:15:00,9.582000,9.589000,9.560000,9.564000,51018.8200
LINKUSDT,2026.05.20,11:30:00,9.565000,9.580000,9.550000,9.551000,94136.0000
LINKUSDT,2026.05.20,11:45:00,9.552000,9.554000,9.524000,9.541000,142889.3500
LINKUSDT,2026.05.20,12:00:00,9.541000,9.572000,9.531000,9.561000,113929.8600
LINKUSDT,2026.05.20,12:15:00,9.561000,9.581000,9.544000,9.569000,64996.5500
LINKUSDT,2026.05.20,12:30:00,9.570000,9.592000,9.563000,9.583000,53609.1200
LINKUSDT,2026.05.20,12:45:00,9.583000,9.619000,9.583000,9.595000,68811.9100
LINKUSDT,2026.05.20,13:00:00,9.596000,9.600000,9.569000,9.570000,64032.3200
LINKUSDT,2026.05.20,13:15:00,9.570000,9.579000,9.543000,9.549000,74055.4300
LINKUSDT,2026.05.20,13:30:00,9.549000,9.558000,9.476000,9.515000,294049.4200
LINKUSDT,2026.05.20,13:45:00,9.515000,9.552000,9.502000,9.529000,136265.1400
LINKUSDT,2026.05.20,14:00:00,9.530000,9.568000,9.490000,9.545000,201612.8400
LINKUSDT,2026.05.20,14:15:00,9.546000,9.626000,9.546000,9.609000,305448.4800
LINKUSDT,2026.05.20,14:30:00,9.610000,9.638000,9.581000,9.627000,151840.0000
LINKUSDT,2026.05.20,14:45:00,9.628000,9.646000,9.604000,9.621000,195941.1200
LINKUSDT,2026.05.20,15:00:00,9.620000,9.625000,9.561000,9.566000,301209.2900
LINKUSDT,2026.05.20,15:15:00,9.567000,9.649000,9.566000,9.600000,311061.0700
LINKUSDT,2026.05.20,15:30:00,9.600000,9.626000,9.582000,9.600000,105957.3700
LINKUSDT,2026.05.20,15:45:00,9.601000,9.635000,9.601000,9.625000,185046.7500
LINKUSDT,2026.05.20,16:00:00,9.626000,9.653000,9.623000,9.623000,145301.2600
LINKUSDT,2026.05.20,16:15:00,9.622000,9.622000,9.557000,9.572000,137824.7400
LINKUSDT,2026.05.20,16:30:00,9.573000,9.620000,9.564000,9.614000,91925.0600
LINKUSDT,2026.05.20,16:45:00,9.615000,9.639000,9.597000,9.617000,109279.1900
LINKUSDT,2026.05.20,17:00:00,9.616000,9.637000,9.598000,9.630000,169686.7700
LINKUSDT,2026.05.20,17:15:00,9.630000,9.675000,9.620000,9.659000,294595.4900
LINKUSDT,2026.05.20,17:30:00,9.660000,9.681000,9.641000,9.672000,218291.3000
LINKUSDT,2026.05.20,17:45:00,9.672000,9.685000,9.642000,9.645000,123990.4000
LINKUSDT,2026.05.20,18:00:00,9.645000,9.646000,9.617000,9.620000,110632.1900
LINKUSDT,2026.05.20,18:15:00,9.621000,9.637000,9.597000,9.598000,120165.2300
LINKUSDT,2026.05.20,18:30:00,9.599000,9.621000,9.598000,9.602000,61988.3500
LINKUSDT,2026.05.20,18:45:00,9.602000,9.608000,9.586000,9.605000,72169.3500
LINKUSDT,2026.05.20,19:00:00,9.605000,9.614000,9.585000,9.598000,84607.4900
LINKUSDT,2026.05.20,19:15:00,9.598000,9.646000,9.593000,9.645000,45557.9300
LINKUSDT,2026.05.20,19:30:00,9.646000,9.668000,9.639000,9.654000,103767.0700
LINKUSDT,2026.05.20,19:45:00,9.654000,9.661000,9.639000,9.651000,39555.5400
LINKUSDT,2026.05.20,20:00:00,9.651000,9.662000,9.630000,9.660000,64522.3300
LINKUSDT,2026.05.20,20:15:00,9.661000,9.663000,9.588000,9.633000,134009.9500
LINKUSDT,2026.05.20,20:30:00,9.634000,9.638000,9.612000,9.628000,43876.0600
LINKUSDT,2026.05.20,20:45:00,9.629000,9.645000,9.620000,9.636000,33104.7900
LINKUSDT,2026.05.20,21:00:00,9.637000,9.655000,9.626000,9.651000,83718.5700
LINKUSDT,2026.05.20,21:15:00,9.651000,9.656000,9.624000,9.624000,41710.3000
LINKUSDT,2026.05.20,21:30:00,9.623000,9.642000,9.620000,9.630000,43011.4900
LINKUSDT,2026.05.20,21:45:00,9.631000,9.639000,9.612000,9.612000,27549.6500
LINKUSDT,2026.05.20,22:00:00,9.612000,9.612000,9.566000,9.590000,143095.8000
LINKUSDT,2026.05.20,22:15:00,9.589000,9.614000,9.560000,9.608000,124271.0400
LINKUSDT,2026.05.20,22:30:00,9.609000,9.622000,9.586000,9.599000,60439.6100
LINKUSDT,2026.05.20,22:45:00,9.600000,9.624000,9.600000,9.619000,66471.8300
LINKUSDT,2026.05.20,23:00:00,9.618000,9.618000,9.591000,9.598000,54826.4500
LINKUSDT,2026.05.20,23:15:00,9.599000,9.606000,9.585000,9.597000,41329.2000
LINKUSDT,2026.05.20,23:30:00,9.597000,9.618000,9.592000,9.613000,26691.3700
LINKUSDT,2026.05.20,23:45:00,9.613000,9.635000,9.612000,9.631000,80166.6800
LINKUSDT,2026.05.21,00:00:00,9.631000,9.660000,9.623000,9.656000,178217.7900
LINKUSDT,2026.05.21,00:15:00,9.656000,9.686000,9.642000,9.666000,217729.2900
LINKUSDT,2026.05.21,00:30:00,9.667000,9.690000,9.660000,9.687000,121311.9400
LINKUSDT,2026.05.21,00:45:00,9.687000,9.711000,9.676000,9.696000,224158.8300
LINKUSDT,2026.05.21,01:00:00,9.697000,9.719000,9.691000,9.715000,187164.0600
LINKUSDT,2026.05.21,01:15:00,9.716000,9.740000,9.684000,9.699000,271740.9100
LINKUSDT,2026.05.21,01:30:00,9.699000,9.723000,9.684000,9.706000,91001.2800
LINKUSDT,2026.05.21,01:45:00,9.706000,9.723000,9.697000,9.711000,99926.5600
LINKUSDT,2026.05.21,02:00:00,9.710000,9.713000,9.695000,9.705000,74274.7500
LINKUSDT,2026.05.21,02:15:00,9.706000,9.746000,9.701000,9.739000,322429.4600
LINKUSDT,2026.05.21,02:30:00,9.739000,9.749000,9.733000,9.744000,86841.0400
LINKUSDT,2026.05.21,02:45:00,9.743000,9.743000,9.712000,9.714000,57717.3100
LINKUSDT,2026.05.21,03:00:00,9.713000,9.740000,9.706000,9.727000,86595.1000
LINKUSDT,2026.05.21,03:15:00,9.726000,9.756000,9.723000,9.747000,64048.1900
LINKUSDT,2026.05.21,03:30:00,9.747000,9.753000,9.741000,9.747000,43395.3300
LINKUSDT,2026.05.21,03:45:00,9.748000,9.764000,9.741000,9.756000,55364.7600
LINKUSDT,2026.05.21,04:00:00,9.756000,9.771000,9.740000,9.742000,86643.1400
LINKUSDT,2026.05.21,04:15:00,9.742000,9.756000,9.742000,9.746000,50612.1700
LINKUSDT,2026.05.21,04:30:00,9.747000,9.752000,9.719000,9.739000,63674.2200
LINKUSDT,2026.05.21,04:45:00,9.740000,9.750000,9.735000,9.743000,39795.5300
LINKUSDT,2026.05.21,05:00:00,9.743000,9.756000,9.720000,9.725000,62474.6700
LINKUSDT,2026.05.21,05:15:00,9.725000,9.736000,9.708000,9.708000,91875.5500
LINKUSDT,2026.05.21,05:30:00,9.707000,9.710000,9.691000,9.696000,115510.2600
LINKUSDT,2026.05.21,05:45:00,9.696000,9.702000,9.661000,9.683000,139174.4200
LINKUSDT,2026.05.21,06:00:00,9.682000,9.696000,9.669000,9.675000,100962.9700
LINKUSDT,2026.05.21,06:15:00,9.675000,9.695000,9.658000,9.675000,117295.6000
LINKUSDT,2026.05.21,06:30:00,9.675000,9.684000,9.647000,9.652000,87065.0400
LINKUSDT,2026.05.21,06:45:00,9.651000,9.655000,9.622000,9.639000,102511.4300
LINKUSDT,2026.05.21,07:00:00,9.638000,9.652000,9.627000,9.637000,110893.6400
LINKUSDT,2026.05.21,07:15:00,9.637000,9.642000,9.620000,9.635000,115166.3000
LINKUSDT,2026.05.21,07:30:00,9.635000,9.684000,9.635000,9.683000,94017.4800
LINKUSDT,2026.05.21,07:45:00,9.683000,9.700000,9.681000,9.689000,88327.5700
LINKUSDT,2026.05.21,08:00:00,9.689000,9.750000,9.685000,9.749000,140117.4200
LINKUSDT,2026.05.21,08:15:00,9.749000,9.759000,9.715000,9.733000,151647.5400
LINKUSDT,2026.05.21,08:30:00,9.732000,9.732000,9.696000,9.710000,215902.8400
LINKUSDT,2026.05.21,08:45:00,9.710000,9.710000,9.671000,9.674000,113164.3300
LINKUSDT,2026.05.21,09:00:00,9.673000,9.686000,9.659000,9.680000,99504.4700
LINKUSDT,2026.05.21,09:15:00,9.679000,9.695000,9.674000,9.677000,49929.3600
LINKUSDT,2026.05.21,09:30:00,9.676000,9.679000,9.596000,9.622000,294306.5500
LINKUSDT,2026.05.21,09:45:00,9.622000,9.635000,9.608000,9.612000,72321.0100
LINKUSDT,2026.05.21,10:00:00,9.613000,9.631000,9.606000,9.622000,58084.9200
LINKUSDT,2026.05.21,10:15:00,9.623000,9.630000,9.512000,9.557000,552973.1800
LINKUSDT,2026.05.21,10:30:00,9.558000,9.585000,9.529000,9.570000,271457.3600
LINKUSDT,2026.05.21,10:45:00,9.569000,9.576000,9.540000,9.549000,119072.3700
LINKUSDT,2026.05.21,11:00:00,9.550000,9.574000,9.532000,9.570000,132918.0000
LINKUSDT,2026.05.21,11:15:00,9.569000,9.590000,9.563000,9.569000,138219.3100
LINKUSDT,2026.05.21,11:30:00,9.569000,9.580000,9.544000,9.553000,57303.8300
LINKUSDT,2026.05.21,11:45:00,9.553000,9.563000,9.543000,9.545000,52195.9400
LINKUSDT,2026.05.21,12:00:00,9.545000,9.571000,9.542000,9.554000,100522.4500
LINKUSDT,2026.05.21,12:15:00,9.554000,9.560000,9.527000,9.529000,101851.2800
LINKUSDT,2026.05.21,12:30:00,9.530000,9.592000,9.517000,9.578000,186997.7300
LINKUSDT,2026.05.21,12:45:00,9.577000,9.591000,9.571000,9.574000,58238.8400
LINKUSDT,2026.05.21,13:00:00,9.575000,9.604000,9.569000,9.595000,89529.8600
LINKUSDT,2026.05.21,13:15:00,9.595000,9.609000,9.582000,9.609000,46679.1300
LINKUSDT,2026.05.21,13:30:00,9.609000,9.610000,9.520000,9.530000,265365.4100
LINKUSDT,2026.05.21,13:45:00,9.530000,9.629000,9.528000,9.607000,259693.8000
LINKUSDT,2026.05.21,14:00:00,9.607000,9.637000,9.582000,9.592000,291448.6000
LINKUSDT,2026.05.21,14:15:00,9.592000,9.600000,9.559000,9.598000,238841.3500
LINKUSDT,2026.05.21,14:30:00,9.599000,9.636000,9.580000,9.589000,109852.4500
LINKUSDT,2026.05.21,14:45:00,9.589000,9.599000,9.565000,9.587000,63824.6000
LINKUSDT,2026.05.21,15:00:00,9.588000,9.650000,9.571000,9.627000,182434.7300
LINKUSDT,2026.05.21,15:15:00,9.626000,9.678000,9.623000,9.674000,158684.3500
LINKUSDT,2026.05.21,15:30:00,9.675000,9.683000,9.613000,9.630000,126808.0100
LINKUSDT,2026.05.21,15:45:00,9.631000,9.677000,9.629000,9.643000,77686.4900
LINKUSDT,2026.05.21,16:00:00,9.644000,9.668000,9.626000,9.637000,139590.0100
LINKUSDT,2026.05.21,16:15:00,9.637000,9.644000,9.609000,9.626000,52770.2800
LINKUSDT,2026.05.21,16:30:00,9.626000,9.664000,9.616000,9.623000,125122.8800
LINKUSDT,2026.05.21,16:45:00,9.623000,9.641000,9.606000,9.641000,64246.4000
LINKUSDT,2026.05.21,17:00:00,9.641000,9.717000,9.641000,9.702000,215406.8800
LINKUSDT,2026.05.21,17:15:00,9.702000,9.803000,9.694000,9.799000,759486.2100
LINKUSDT,2026.05.21,17:30:00,9.798000,9.808000,9.776000,9.805000,250776.6200
LINKUSDT,2026.05.21,17:45:00,9.805000,9.853000,9.780000,9.805000,316737.0700
LINKUSDT,2026.05.21,18:00:00,9.804000,9.815000,9.770000,9.795000,244785.8200
LINKUSDT,2026.05.21,18:15:00,9.796000,9.823000,9.779000,9.795000,103869.8000
LINKUSDT,2026.05.21,18:30:00,9.794000,9.810000,9.787000,9.799000,109001.7300
LINKUSDT,2026.05.21,18:45:00,9.799000,9.804000,9.690000,9.737000,262151.3000
LINKUSDT,2026.05.21,19:00:00,9.736000,9.770000,9.732000,9.758000,143043.7500
LINKUSDT,2026.05.21,19:15:00,9.758000,9.767000,9.739000,9.747000,54823.0300
LINKUSDT,2026.05.21,19:30:00,9.747000,9.770000,9.746000,9.756000,45792.9400
LINKUSDT,2026.05.21,19:45:00,9.755000,9.804000,9.753000,9.797000,116779.9100
LINKUSDT,2026.05.21,20:00:00,9.797000,9.810000,9.780000,9.789000,149411.3000
LINKUSDT,2026.05.21,20:15:00,9.789000,9.796000,9.773000,9.779000,123781.3600
LINKUSDT,2026.05.21,20:30:00,9.779000,9.790000,9.764000,9.778000,61533.4400
LINKUSDT,2026.05.21,20:45:00,9.779000,9.799000,9.758000,9.766000,194833.6200
LINKUSDT,2026.05.21,21:00:00,9.766000,9.788000,9.766000,9.777000,56260.9600
LINKUSDT,2026.05.21,21:15:00,9.777000,9.797000,9.774000,9.795000,63072.4500
LINKUSDT,2026.05.21,21:30:00,9.796000,9.800000,9.776000,9.781000,63661.4300
LINKUSDT,2026.05.21,21:45:00,9.780000,9.785000,9.761000,9.771000,46012.7400
LINKUSDT,2026.05.21,22:00:00,9.771000,9.785000,9.747000,9.769000,76351.6600
LINKUSDT,2026.05.21,22:15:00,9.770000,9.774000,9.751000,9.770000,51318.9900
LINKUSDT,2026.05.21,22:30:00,9.770000,9.775000,9.731000,9.742000,103992.9200
LINKUSDT,2026.05.21,22:45:00,9.742000,9.745000,9.726000,9.728000,46343.4300
LINKUSDT,2026.05.21,23:00:00,9.727000,9.744000,9.702000,9.703000,89982.2800
LINKUSDT,2026.05.21,23:15:00,9.703000,9.718000,9.694000,9.706000,94423.5200
LINKUSDT,2026.05.21,23:30:00,9.705000,9.751000,9.704000,9.744000,286821.4900
LINKUSDT,2026.05.21,23:45:00,9.744000,9.763000,9.738000,9.750000,82217.9200
LINKUSDT,2026.05.22,00:00:00,9.751000,9.754000,9.728000,9.737000,206816.7200
LINKUSDT,2026.05.22,00:15:00,9.737000,9.757000,9.728000,9.731000,63417.5500
LINKUSDT,2026.05.22,00:30:00,9.732000,9.752000,9.721000,9.733000,41115.2800
LINKUSDT,2026.05.22,00:45:00,9.732000,9.742000,9.708000,9.714000,54977.9300
LINKUSDT,2026.05.22,01:00:00,9.713000,9.753000,9.706000,9.751000,54974.1000
LINKUSDT,2026.05.22,01:15:00,9.752000,9.754000,9.719000,9.733000,46149.3300
LINKUSDT,2026.05.22,01:30:00,9.733000,9.751000,9.707000,9.738000,58782.6200
LINKUSDT,2026.05.22,01:45:00,9.739000,9.777000,9.739000,9.777000,49205.2300
LINKUSDT,2026.05.22,02:00:00,9.777000,9.804000,9.775000,9.791000,83919.7800
LINKUSDT,2026.05.22,02:15:00,9.791000,9.804000,9.776000,9.788000,57590.2000
LINKUSDT,2026.05.22,02:30:00,9.787000,9.798000,9.777000,9.791000,74420.4000
LINKUSDT,2026.05.22,02:45:00,9.791000,9.814000,9.779000,9.800000,70168.4600
LINKUSDT,2026.05.22,03:00:00,9.800000,9.833000,9.799000,9.805000,137765.0700
LINKUSDT,2026.05.22,03:15:00,9.805000,9.815000,9.788000,9.811000,33973.4500
LINKUSDT,2026.05.22,03:30:00,9.811000,9.823000,9.802000,9.812000,83177.8700
LINKUSDT,2026.05.22,03:45:00,9.812000,9.827000,9.803000,9.821000,57754.8900
LINKUSDT,2026.05.22,04:00:00,9.822000,9.857000,9.822000,9.853000,82943.8700
LINKUSDT,2026.05.22,04:15:00,9.854000,9.861000,9.826000,9.829000,74769.0000
LINKUSDT,2026.05.22,04:30:00,9.829000,9.830000,9.799000,9.808000,88998.9900
LINKUSDT,2026.05.22,04:45:00,9.807000,9.812000,9.784000,9.811000,71775.6500
LINKUSDT,2026.05.22,05:00:00,9.811000,9.840000,9.796000,9.838000,83339.5100
LINKUSDT,2026.05.22,05:15:00,9.838000,9.853000,9.806000,9.826000,66862.8900
LINKUSDT,2026.05.22,05:30:00,9.826000,9.838000,9.799000,9.819000,70935.8600
LINKUSDT,2026.05.22,05:45:00,9.819000,9.857000,9.802000,9.816000,76573.4300
LINKUSDT,2026.05.22,06:00:00,9.816000,9.835000,9.803000,9.833000,106989.3800
LINKUSDT,2026.05.22,06:15:00,9.832000,9.837000,9.812000,9.825000,73553.1400
LINKUSDT,2026.05.22,06:30:00,9.825000,9.829000,9.796000,9.813000,102661.3600
LINKUSDT,2026.05.22,06:45:00,9.813000,9.813000,9.767000,9.776000,92047.7800
LINKUSDT,2026.05.22,07:00:00,9.776000,9.793000,9.746000,9.781000,159402.1200
LINKUSDT,2026.05.22,07:15:00,9.781000,9.829000,9.780000,9.823000,99511.7200
LINKUSDT,2026.05.22,07:30:00,9.823000,9.849000,9.806000,9.846000,87868.7000
LINKUSDT,2026.05.22,07:45:00,9.845000,9.849000,9.817000,9.818000,69232.5600
LINKUSDT,2026.05.22,08:00:00,9.818000,9.828000,9.787000,9.809000,119859.0000
LINKUSDT,2026.05.22,08:15:00,9.809000,9.840000,9.808000,9.834000,78019.3800
LINKUSDT,2026.05.22,08:30:00,9.835000,9.837000,9.757000,9.786000,175826.0500
LINKUSDT,2026.05.22,08:45:00,9.785000,9.806000,9.778000,9.792000,85652.4200
LINKUSDT,2026.05.22,09:00:00,9.792000,9.814000,9.776000,9.805000,79002.7800
LINKUSDT,2026.05.22,09:15:00,9.804000,9.843000,9.803000,9.832000,96329.3900
LINKUSDT,2026.05.22,09:30:00,9.833000,9.839000,9.795000,9.829000,87512.4900
LINKUSDT,2026.05.22,09:45:00,9.829000,9.844000,9.805000,9.828000,85489.3900
LINKUSDT,2026.05.22,10:00:00,9.828000,9.834000,9.802000,9.815000,92809.0800
LINKUSDT,2026.05.22,10:15:00,9.815000,9.826000,9.793000,9.824000,54394.7600
LINKUSDT,2026.05.22,10:30:00,9.823000,9.839000,9.811000,9.835000,61708.6800
LINKUSDT,2026.05.22,10:45:00,9.834000,9.840000,9.806000,9.813000,91454.6200
LINKUSDT,2026.05.22,11:00:00,9.813000,9.833000,9.806000,9.820000,49953.7900
LINKUSDT,2026.05.22,11:15:00,9.820000,9.834000,9.795000,9.819000,67469.4300
LINKUSDT,2026.05.22,11:30:00,9.819000,9.842000,9.818000,9.829000,46891.4300
LINKUSDT,2026.05.22,11:45:00,9.829000,9.892000,9.826000,9.887000,224138.2900
LINKUSDT,2026.05.22,12:00:00,9.887000,9.933000,9.876000,9.922000,282249.6200
LINKUSDT,2026.05.22,12:15:00,9.921000,9.936000,9.894000,9.903000,200312.6300
LINKUSDT,2026.05.22,12:30:00,9.903000,9.939000,9.897000,9.935000,146932.9900
LINKUSDT,2026.05.22,12:45:00,9.936000,9.997000,9.935000,9.994000,271020.8000
LINKUSDT,2026.05.22,13:00:00,9.993000,10.023000,9.981000,10.003000,488847.6600
LINKUSDT,2026.05.22,13:15:00,10.004000,10.031000,9.950000,9.963000,331582.0300
LINKUSDT,2026.05.22,13:30:00,9.963000,9.991000,9.907000,9.957000,523933.4800
LINKUSDT,2026.05.22,13:45:00,9.958000,9.976000,9.912000,9.963000,173445.3100
LINKUSDT,2026.05.22,14:00:00,9.963000,9.963000,9.884000,9.899000,311942.2600
LINKUSDT,2026.05.22,14:15:00,9.899000,9.909000,9.750000,9.824000,606925.4300
LINKUSDT,2026.05.22,14:30:00,9.824000,9.837000,9.795000,9.809000,414471.6200
LINKUSDT,2026.05.22,14:45:00,9.809000,9.813000,9.766000,9.775000,165756.2700
LINKUSDT,2026.05.22,15:00:00,9.775000,9.821000,9.757000,9.767000,303436.2500
LINKUSDT,2026.05.22,15:15:00,9.766000,9.807000,9.731000,9.806000,199707.5800
LINKUSDT,2026.05.22,15:30:00,9.807000,9.835000,9.769000,9.780000,157116.0000
LINKUSDT,2026.05.22,15:45:00,9.780000,9.824000,9.773000,9.803000,99149.0800
LINKUSDT,2026.05.22,16:00:00,9.802000,9.832000,9.784000,9.810000,141195.2600
LINKUSDT,2026.05.22,16:15:00,9.809000,9.811000,9.754000,9.775000,196401.5400
LINKUSDT,2026.05.22,16:30:00,9.775000,9.793000,9.751000,9.785000,114864.6500
LINKUSDT,2026.05.22,16:45:00,9.785000,9.820000,9.781000,9.808000,103139.9400
LINKUSDT,2026.05.22,17:00:00,9.808000,9.832000,9.802000,9.810000,69585.6200
LINKUSDT,2026.05.22,17:15:00,9.810000,9.837000,9.766000,9.831000,169591.2100
LINKUSDT,2026.05.22,17:30:00,9.831000,9.855000,9.812000,9.844000,97911.7500
LINKUSDT,2026.05.22,17:45:00,9.844000,9.846000,9.775000,9.779000,97462.8700
LINKUSDT,2026.05.22,18:00:00,9.778000,9.778000,9.715000,9.734000,367619.0300
LINKUSDT,2026.05.22,18:15:00,9.733000,9.766000,9.725000,9.730000,81138.1700
LINKUSDT,2026.05.22,18:30:00,9.729000,9.734000,9.636000,9.640000,513563.4500
LINKUSDT,2026.05.22,18:45:00,9.640000,9.640000,9.511000,9.607000,776480.7400
LINKUSDT,2026.05.22,19:00:00,9.607000,9.621000,9.507000,9.533000,486071.9400
LINKUSDT,2026.05.22,19:15:00,9.534000,9.547000,9.466000,9.487000,441606.6300
LINKUSDT,2026.05.22,19:30:00,9.487000,9.492000,9.366000,9.407000,867788.7800
LINKUSDT,2026.05.22,19:45:00,9.407000,9.506000,9.387000,9.461000,706639.0600
LINKUSDT,2026.05.22,20:00:00,9.462000,9.513000,9.458000,9.495000,202122.8100
LINKUSDT,2026.05.22,20:15:00,9.496000,9.510000,9.468000,9.500000,120036.5700
LINKUSDT,2026.05.22,20:30:00,9.500000,9.514000,9.462000,9.502000,167758.8000
LINKUSDT,2026.05.22,20:45:00,9.502000,9.543000,9.492000,9.534000,173328.6100
LINKUSDT,2026.05.22,21:00:00,9.534000,9.545000,9.522000,9.534000,71385.0300
LINKUSDT,2026.05.22,21:15:00,9.534000,9.555000,9.525000,9.554000,95175.5700
LINKUSDT,2026.05.22,21:30:00,9.553000,9.570000,9.537000,9.541000,68495.9000
LINKUSDT,2026.05.22,21:45:00,9.542000,9.566000,9.540000,9.541000,52431.1900
LINKUSDT,2026.05.22,22:00:00,9.542000,9.545000,9.522000,9.544000,48895.9200
LINKUSDT,2026.05.22,22:15:00,9.545000,9.545000,9.511000,9.511000,44106.3200
LINKUSDT,2026.05.22,22:30:00,9.511000,9.529000,9.473000,9.495000,84042.4200
LINKUSDT,2026.05.22,22:45:00,9.495000,9.515000,9.494000,9.511000,51422.2800
LINKUSDT,2026.05.22,23:00:00,9.511000,9.544000,9.511000,9.541000,73367.7200
LINKUSDT,2026.05.22,23:15:00,9.542000,9.543000,9.473000,9.474000,51648.6800
LINKUSDT,2026.05.22,23:30:00,9.474000,9.517000,9.468000,9.515000,86662.1700
LINKUSDT,2026.05.22,23:45:00,9.514000,9.515000,9.352000,9.414000,989036.7700
LINKUSDT,2026.05.23,00:00:00,9.414000,9.435000,9.388000,9.402000,257630.9600
LINKUSDT,2026.05.23,00:15:00,9.402000,9.411000,9.382000,9.402000,143231.8100
LINKUSDT,2026.05.23,00:30:00,9.402000,9.415000,9.334000,9.362000,259692.8200
LINKUSDT,2026.05.23,00:45:00,9.361000,9.403000,9.361000,9.396000,82474.6200
LINKUSDT,2026.05.23,01:00:00,9.396000,9.423000,9.381000,9.387000,127001.7900
LINKUSDT,2026.05.23,01:15:00,9.387000,9.409000,9.371000,9.408000,58068.9000
LINKUSDT,2026.05.23,01:30:00,9.409000,9.420000,9.398000,9.408000,48418.7500
LINKUSDT,2026.05.23,01:45:00,9.409000,9.414000,9.386000,9.412000,46011.8600
LINKUSDT,2026.05.23,02:00:00,9.412000,9.422000,9.389000,9.390000,60706.5100
LINKUSDT,2026.05.23,02:15:00,9.390000,9.403000,9.382000,9.388000,49764.6700
LINKUSDT,2026.05.23,02:30:00,9.389000,9.399000,9.379000,9.394000,48565.1900
LINKUSDT,2026.05.23,02:45:00,9.394000,9.404000,9.387000,9.400000,54008.7600
LINKUSDT,2026.05.23,03:00:00,9.399000,9.410000,9.398000,9.409000,49998.2400
LINKUSDT,2026.05.23,03:15:00,9.409000,9.411000,9.397000,9.401000,54968.1400
LINKUSDT,2026.05.23,03:30:00,9.401000,9.412000,9.400000,9.405000,72248.2700
LINKUSDT,2026.05.23,03:45:00,9.406000,9.411000,9.395000,9.402000,42434.0800
LINKUSDT,2026.05.23,04:00:00,9.402000,9.402000,9.387000,9.396000,61457.4200
LINKUSDT,2026.05.23,04:15:00,9.396000,9.400000,9.367000,9.383000,123384.7300
LINKUSDT,2026.05.23,04:30:00,9.384000,9.407000,9.367000,9.371000,61132.8600
LINKUSDT,2026.05.23,04:45:00,9.372000,9.382000,9.360000,9.367000,88242.4300
LINKUSDT,2026.05.23,05:00:00,9.368000,9.371000,9.338000,9.348000,203534.7500
LINKUSDT,2026.05.23,05:15:00,9.349000,9.357000,9.318000,9.333000,129461.9300
LINKUSDT,2026.05.23,05:30:00,9.333000,9.358000,9.328000,9.345000,69295.8500
LINKUSDT,2026.05.23,05:45:00,9.345000,9.346000,9.329000,9.342000,52775.1700
LINKUSDT,2026.05.23,06:00:00,9.342000,9.344000,9.322000,9.331000,70127.8100
LINKUSDT,2026.05.23,06:15:00,9.331000,9.341000,9.315000,9.319000,91369.7900
LINKUSDT,2026.05.23,06:30:00,9.320000,9.332000,9.305000,9.318000,118909.7100
LINKUSDT,2026.05.23,06:45:00,9.318000,9.324000,9.307000,9.324000,72370.6700
LINKUSDT,2026.05.23,07:00:00,9.324000,9.330000,9.282000,9.301000,230336.3400
LINKUSDT,2026.05.23,07:15:00,9.300000,9.300000,9.273000,9.282000,204047.5900
LINKUSDT,2026.05.23,07:30:00,9.283000,9.283000,9.232000,9.262000,336769.2400
LINKUSDT,2026.05.23,07:45:00,9.261000,9.262000,9.034000,9.122000,2278816.0700
LINKUSDT,2026.05.23,08:00:00,9.122000,9.158000,9.091000,9.143000,667788.3800
LINKUSDT,2026.05.23,08:15:00,9.144000,9.161000,9.119000,9.120000,275846.0200
LINKUSDT,2026.05.23,08:30:00,9.120000,9.134000,9.097000,9.120000,330179.1100
LINKUSDT,2026.05.23,08:45:00,9.121000,9.164000,9.117000,9.163000,209377.4400
LINKUSDT,2026.05.23,09:00:00,9.163000,9.188000,9.161000,9.176000,135837.5500
LINKUSDT,2026.05.23,09:15:00,9.176000,9.188000,9.170000,9.173000,74291.5300
LINKUSDT,2026.05.23,09:30:00,9.173000,9.179000,9.164000,9.175000,52783.6800
LINKUSDT,2026.05.23,09:45:00,9.176000,9.184000,9.168000,9.176000,45841.0900
LINKUSDT,2026.05.23,10:00:00,9.177000,9.202000,9.175000,9.199000,123644.1400
LINKUSDT,2026.05.23,10:15:00,9.200000,9.203000,9.191000,9.202000,56649.8100
LINKUSDT,2026.05.23,10:30:00,9.202000,9.213000,9.194000,9.212000,83354.4800
LINKUSDT,2026.05.23,10:45:00,9.212000,9.216000,9.192000,9.194000,70132.6200
LINKUSDT,2026.05.23,11:00:00,9.194000,9.212000,9.188000,9.204000,90661.8000
LINKUSDT,2026.05.23,11:15:00,9.204000,9.214000,9.202000,9.208000,30249.1400
LINKUSDT,2026.05.23,11:30:00,9.208000,9.212000,9.194000,9.194000,54847.6700
LINKUSDT,2026.05.23,11:45:00,9.195000,9.196000,9.177000,9.179000,82433.8100
LINKUSDT,2026.05.23,12:00:00,9.179000,9.185000,9.165000,9.171000,92122.9900
LINKUSDT,2026.05.23,12:15:00,9.172000,9.178000,9.155000,9.169000,97649.2500
LINKUSDT,2026.05.23,12:30:00,9.169000,9.177000,9.160000,9.167000,106072.9300
LINKUSDT,2026.05.23,12:45:00,9.166000,9.195000,9.166000,9.187000,78075.3000
LINKUSDT,2026.05.23,13:00:00,9.186000,9.232000,9.186000,9.226000,264073.7500
LINKUSDT,2026.05.23,13:15:00,9.226000,9.253000,9.225000,9.248000,126005.1900
LINKUSDT,2026.05.23,13:30:00,9.248000,9.257000,9.217000,9.226000,109514.9800
LINKUSDT,2026.05.23,13:45:00,9.226000,9.276000,9.226000,9.263000,200486.2400
LINKUSDT,2026.05.23,14:00:00,9.263000,9.269000,9.239000,9.254000,298231.5500
LINKUSDT,2026.05.23,14:15:00,9.255000,9.266000,9.244000,9.256000,127832.2000
LINKUSDT,2026.05.23,14:30:00,9.256000,9.272000,9.237000,9.249000,308692.7600
LINKUSDT,2026.05.23,14:45:00,9.249000,9.321000,9.237000,9.312000,293478.2600
LINKUSDT,2026.05.23,15:00:00,9.313000,9.364000,9.307000,9.357000,501949.4900
LINKUSDT,2026.05.23,15:15:00,9.356000,9.359000,9.313000,9.317000,170443.0100
LINKUSDT,2026.05.23,15:30:00,9.317000,9.320000,9.287000,9.297000,131773.0200
LINKUSDT,2026.05.23,15:45:00,9.297000,9.314000,9.297000,9.313000,65382.7900
LINKUSDT,2026.05.23,16:00:00,9.314000,9.332000,9.297000,9.303000,102832.2000
LINKUSDT,2026.05.23,16:15:00,9.303000,9.310000,9.278000,9.292000,84717.8300
LINKUSDT,2026.05.23,16:30:00,9.292000,9.337000,9.290000,9.316000,86725.1900
LINKUSDT,2026.05.23,16:45:00,9.315000,9.327000,9.306000,9.313000,58781.5400
LINKUSDT,2026.05.23,17:00:00,9.313000,9.328000,9.297000,9.321000,83131.5600
LINKUSDT,2026.05.23,17:15:00,9.321000,9.328000,9.297000,9.312000,69549.7900
LINKUSDT,2026.05.23,17:30:00,9.312000,9.319000,9.300000,9.306000,58752.0600
LINKUSDT,2026.05.23,17:45:00,9.306000,9.319000,9.283000,9.311000,74915.9400
LINKUSDT,2026.05.23,18:00:00,9.311000,9.378000,9.304000,9.366000,183037.9200
LINKUSDT,2026.05.23,18:15:00,9.366000,9.405000,9.359000,9.380000,262752.7000
LINKUSDT,2026.05.23,18:30:00,9.380000,9.425000,9.380000,9.407000,145385.0700
LINKUSDT,2026.05.23,18:45:00,9.407000,9.407000,9.367000,9.377000,132202.4800
LINKUSDT,2026.05.23,19:00:00,9.377000,9.382000,9.353000,9.366000,79699.9600
LINKUSDT,2026.05.23,19:15:00,9.366000,9.405000,9.366000,9.396000,79001.5700
LINKUSDT,2026.05.23,19:30:00,9.396000,9.401000,9.379000,9.390000,73510.2600
LINKUSDT,2026.05.23,19:45:00,9.390000,9.404000,9.386000,9.400000,36146.5800
LINKUSDT,2026.05.23,20:00:00,9.400000,9.419000,9.384000,9.404000,63666.6900
LINKUSDT,2026.05.23,20:15:00,9.404000,9.422000,9.396000,9.398000,57502.0700
LINKUSDT,2026.05.23,20:30:00,9.398000,9.654000,9.388000,9.650000,1006945.5500
LINKUSDT,2026.05.23,20:45:00,9.651000,9.755000,9.640000,9.752000,517574.7900
LINKUSDT,2026.05.23,21:00:00,9.753000,9.780000,9.658000,9.677000,447514.5100
LINKUSDT,2026.05.23,21:15:00,9.676000,9.697000,9.627000,9.627000,293612.0600
LINKUSDT,2026.05.23,21:30:00,9.626000,9.667000,9.596000,9.616000,194590.5400
LINKUSDT,2026.05.23,21:45:00,9.615000,9.629000,9.583000,9.616000,95118.6900
LINKUSDT,2026.05.23,22:00:00,9.616000,9.664000,9.616000,9.617000,125919.0900
LINKUSDT,2026.05.23,22:15:00,9.617000,9.632000,9.598000,9.601000,66632.7100
LINKUSDT,2026.05.23,22:30:00,9.600000,9.601000,9.508000,9.567000,428731.2100
LINKUSDT,2026.05.23,22:45:00,9.566000,9.573000,9.548000,9.559000,95421.3400
LINKUSDT,2026.05.23,23:00:00,9.558000,9.579000,9.544000,9.564000,99760.1900
LINKUSDT,2026.05.23,23:15:00,9.565000,9.583000,9.558000,9.565000,39346.3500
LINKUSDT,2026.05.23,23:30:00,9.565000,9.583000,9.554000,9.555000,61781.5900
LINKUSDT,2026.05.23,23:45:00,9.555000,9.570000,9.544000,9.559000,63919.2200
LINKUSDT,2026.05.24,00:00:00,9.559000,9.570000,9.537000,9.548000,113346.8800
LINKUSDT,2026.05.24,00:15:00,9.548000,9.561000,9.539000,9.556000,75451.2300
LINKUSDT,2026.05.24,00:30:00,9.556000,9.592000,9.554000,9.573000,95646.5000
LINKUSDT,2026.05.24,00:45:00,9.574000,9.601000,9.560000,9.577000,106750.4800
LINKUSDT,2026.05.24,01:00:00,9.577000,9.592000,9.573000,9.579000,80207.4500
LINKUSDT,2026.05.24,01:15:00,9.579000,9.615000,9.577000,9.602000,164263.9500
LINKUSDT,2026.05.24,01:30:00,9.602000,9.617000,9.568000,9.583000,181042.9400
LINKUSDT,2026.05.24,01:45:00,9.582000,9.595000,9.572000,9.590000,72738.5500
LINKUSDT,2026.05.24,02:00:00,9.591000,9.593000,9.565000,9.584000,53652.2100
LINKUSDT,2026.05.24,02:15:00,9.584000,9.591000,9.541000,9.548000,81880.8600
LINKUSDT,2026.05.24,02:30:00,9.548000,9.563000,9.543000,9.563000,64159.4900
LINKUSDT,2026.05.24,02:45:00,9.562000,9.572000,9.557000,9.559000,46679.0400
LINKUSDT,2026.05.24,03:00:00,9.559000,9.583000,9.548000,9.561000,38761.5100
LINKUSDT,2026.05.24,03:15:00,9.560000,9.572000,9.554000,9.566000,26712.4800
LINKUSDT,2026.05.24,03:30:00,9.566000,9.567000,9.519000,9.525000,58453.2400
LINKUSDT,2026.05.24,03:45:00,9.524000,9.541000,9.524000,9.535000,29773.2400
LINKUSDT,2026.05.24,04:00:00,9.536000,9.559000,9.535000,9.559000,82603.3800
LINKUSDT,2026.05.24,04:15:00,9.559000,9.559000,9.546000,9.547000,36023.1300
LINKUSDT,2026.05.24,04:30:00,9.546000,9.560000,9.540000,9.547000,21163.3600
LINKUSDT,2026.05.24,04:45:00,9.546000,9.546000,9.523000,9.525000,81997.3600
LINKUSDT,2026.05.24,05:00:00,9.524000,9.544000,9.488000,9.536000,434735.2900
LINKUSDT,2026.05.24,05:15:00,9.535000,9.543000,9.521000,9.536000,211585.7300
LINKUSDT,2026.05.24,05:30:00,9.536000,9.541000,9.521000,9.528000,69291.3900
LINKUSDT,2026.05.24,05:45:00,9.529000,9.573000,9.528000,9.569000,98868.7400
LINKUSDT,2026.05.24,06:00:00,9.569000,9.595000,9.568000,9.593000,204151.6700
LINKUSDT,2026.05.24,06:15:00,9.592000,9.593000,9.498000,9.518000,462338.6500
LINKUSDT,2026.05.24,06:30:00,9.518000,9.544000,9.507000,9.543000,102405.8600
LINKUSDT,2026.05.24,06:45:00,9.544000,9.602000,9.539000,9.599000,140240.7500
LINKUSDT,2026.05.24,07:00:00,9.599000,9.626000,9.553000,9.559000,436108.8600
LINKUSDT,2026.05.24,07:15:00,9.559000,9.564000,9.547000,9.553000,57142.1600
LINKUSDT,2026.05.24,07:30:00,9.553000,9.568000,9.542000,9.567000,56589.9200
LINKUSDT,2026.05.24,07:45:00,9.568000,9.569000,9.540000,9.554000,69398.8600
LINKUSDT,2026.05.24,08:00:00,9.555000,9.562000,9.535000,9.540000,95244.5700
LINKUSDT,2026.05.24,08:15:00,9.541000,9.570000,9.539000,9.557000,48238.1300
LINKUSDT,2026.05.24,08:30:00,9.558000,9.577000,9.556000,9.568000,49298.0200
LINKUSDT,2026.05.24,08:45:00,9.568000,9.585000,9.565000,9.585000,44713.1000
LINKUSDT,2026.05.24,09:00:00,9.585000,9.607000,9.575000,9.599000,94178.2400
LINKUSDT,2026.05.24,09:15:00,9.599000,9.621000,9.595000,9.610000,86326.3700
LINKUSDT,2026.05.24,09:30:00,9.610000,9.620000,9.599000,9.609000,66159.1700
LINKUSDT,2026.05.24,09:45:00,9.608000,9.629000,9.595000,9.611000,130425.6200
LINKUSDT,2026.05.24,10:00:00,9.611000,9.612000,9.571000,9.583000,67082.6800
LINKUSDT,2026.05.24,10:15:00,9.583000,9.646000,9.575000,9.605000,136932.0000
LINKUSDT,2026.05.24,10:30:00,9.605000,9.605000,9.582000,9.595000,97043.5600
LINKUSDT,2026.05.24,10:45:00,9.595000,9.601000,9.584000,9.591000,52767.1600
LINKUSDT,2026.05.24,11:00:00,9.591000,9.621000,9.588000,9.613000,92586.2900
LINKUSDT,2026.05.24,11:15:00,9.613000,9.617000,9.594000,9.602000,69036.4700
LINKUSDT,2026.05.24,11:30:00,9.602000,9.609000,9.580000,9.591000,51146.9000
LINKUSDT,2026.05.24,11:45:00,9.590000,9.600000,9.572000,9.592000,65429.3900
LINKUSDT,2026.05.24,12:00:00,9.592000,9.595000,9.569000,9.578000,65540.3000
LINKUSDT,2026.05.24,12:15:00,9.577000,9.578000,9.529000,9.533000,83938.5700
LINKUSDT,2026.05.24,12:30:00,9.533000,9.549000,9.519000,9.548000,96769.0700
LINKUSDT,2026.05.24,12:45:00,9.548000,9.550000,9.539000,9.541000,38378.1800
LINKUSDT,2026.05.24,13:00:00,9.542000,9.554000,9.538000,9.544000,68860.3900
LINKUSDT,2026.05.24,13:15:00,9.544000,9.554000,9.516000,9.519000,60541.7500
LINKUSDT,2026.05.24,13:30:00,9.520000,9.537000,9.509000,9.534000,54987.3400
LINKUSDT,2026.05.24,13:45:00,9.534000,9.535000,9.462000,9.489000,209602.8900
LINKUSDT,2026.05.24,14:00:00,9.489000,9.497000,9.405000,9.427000,331922.6400
LINKUSDT,2026.05.24,14:15:00,9.426000,9.435000,9.335000,9.414000,405250.5800
LINKUSDT,2026.05.24,14:30:00,9.413000,9.435000,9.409000,9.428000,66109.5000
LINKUSDT,2026.05.24,14:45:00,9.427000,9.437000,9.414000,9.434000,88509.8400
LINKUSDT,2026.05.24,15:00:00,9.434000,9.444000,9.423000,9.433000,76214.0800
LINKUSDT,2026.05.24,15:15:00,9.433000,9.439000,9.412000,9.424000,59598.0100
LINKUSDT,2026.05.24,15:30:00,9.423000,9.435000,9.420000,9.430000,49373.1600
LINKUSDT,2026.05.24,15:45:00,9.430000,9.438000,9.421000,9.428000,50776.9300
LINKUSDT,2026.05.24,16:00:00,9.428000,9.460000,9.418000,9.455000,105209.6800
LINKUSDT,2026.05.24,16:15:00,9.456000,9.475000,9.440000,9.450000,156523.1900
LINKUSDT,2026.05.24,16:30:00,9.450000,9.453000,9.425000,9.436000,62583.1100
LINKUSDT,2026.05.24,16:45:00,9.435000,9.470000,9.433000,9.456000,160735.5800
LINKUSDT,2026.05.24,17:00:00,9.455000,9.467000,9.449000,9.453000,59050.0600
LINKUSDT,2026.05.24,17:15:00,9.453000,9.467000,9.448000,9.457000,32679.3500
LINKUSDT,2026.05.24,17:30:00,9.458000,9.483000,9.452000,9.477000,43146.2800
LINKUSDT,2026.05.24,17:45:00,9.477000,9.477000,9.460000,9.461000,41027.4100
LINKUSDT,2026.05.24,18:00:00,9.461000,9.465000,9.449000,9.457000,38651.5300
LINKUSDT,2026.05.24,18:15:00,9.457000,9.466000,9.438000,9.441000,44227.2600
LINKUSDT,2026.05.24,18:30:00,9.442000,9.442000,9.424000,9.429000,61901.5800
LINKUSDT,2026.05.24,18:45:00,9.429000,9.437000,9.421000,9.429000,33477.5500
LINKUSDT,2026.05.24,19:00:00,9.429000,9.449000,9.423000,9.423000,46408.2200
LINKUSDT,2026.05.24,19:15:00,9.423000,9.431000,9.410000,9.413000,63333.0700
LINKUSDT,2026.05.24,19:30:00,9.414000,9.426000,9.406000,9.420000,28310.2500
LINKUSDT,2026.05.24,19:45:00,9.420000,9.434000,9.416000,9.427000,28106.2200
LINKUSDT,2026.05.24,20:00:00,9.427000,9.435000,9.393000,9.407000,67976.1900
LINKUSDT,2026.05.24,20:15:00,9.406000,9.413000,9.385000,9.402000,47783.8600
LINKUSDT,2026.05.24,20:30:00,9.402000,9.407000,9.388000,9.396000,28085.0300
LINKUSDT,2026.05.24,20:45:00,9.396000,9.407000,9.381000,9.393000,44353.6500
LINKUSDT,2026.05.24,21:00:00,9.393000,9.407000,9.389000,9.407000,53842.6700
LINKUSDT,2026.05.24,21:15:00,9.407000,9.407000,9.342000,9.354000,104858.0700
LINKUSDT,2026.05.24,21:30:00,9.353000,9.357000,9.249000,9.263000,424212.5300
LINKUSDT,2026.05.24,21:45:00,9.262000,9.295000,9.242000,9.279000,136953.1600
LINKUSDT,2026.05.24,22:00:00,9.279000,9.416000,9.277000,9.407000,170726.5000
LINKUSDT,2026.05.24,22:15:00,9.406000,9.423000,9.392000,9.406000,113529.4000
LINKUSDT,2026.05.24,22:30:00,9.406000,9.425000,9.371000,9.390000,112297.1400
LINKUSDT,2026.05.24,22:45:00,9.390000,9.422000,9.375000,9.380000,81242.3400
LINKUSDT,2026.05.24,23:00:00,9.380000,9.407000,9.380000,9.404000,65384.0600
LINKUSDT,2026.05.24,23:15:00,9.404000,9.414000,9.392000,9.402000,20865.3900
LINKUSDT,2026.05.24,23:30:00,9.402000,9.456000,9.402000,9.451000,74071.4500
LINKUSDT,2026.05.24,23:45:00,9.450000,9.452000,9.425000,9.426000,48123.2800
LINKUSDT,2026.05.25,00:00:00,9.427000,9.474000,9.427000,9.462000,158219.1100
LINKUSDT,2026.05.25,00:15:00,9.461000,9.473000,9.452000,9.472000,51023.0200
LINKUSDT,2026.05.25,00:30:00,9.472000,9.487000,9.466000,9.467000,47234.2300
LINKUSDT,2026.05.25,00:45:00,9.467000,9.489000,9.458000,9.471000,42162.2700
LINKUSDT,2026.05.25,01:00:00,9.471000,9.478000,9.436000,9.453000,124318.5600
LINKUSDT,2026.05.25,01:15:00,9.453000,9.466000,9.448000,9.456000,40389.1300
LINKUSDT,2026.05.25,01:30:00,9.456000,9.460000,9.435000,9.435000,31598.4600
LINKUSDT,2026.05.25,01:45:00,9.435000,9.443000,9.377000,9.384000,78229.0100
LINKUSDT,2026.05.25,02:00:00,9.384000,9.473000,9.384000,9.453000,105849.0300
LINKUSDT,2026.05.25,02:15:00,9.453000,9.453000,9.397000,9.415000,50104.3500
LINKUSDT,2026.05.25,02:30:00,9.416000,9.420000,9.399000,9.412000,55146.5100
LINKUSDT,2026.05.25,02:45:00,9.413000,9.416000,9.396000,9.400000,29782.3100
LINKUSDT,2026.05.25,03:00:00,9.400000,9.412000,9.374000,9.379000,65004.6300
LINKUSDT,2026.05.25,03:15:00,9.380000,9.386000,9.369000,9.374000,130687.3500
LINKUSDT,2026.05.25,03:30:00,9.375000,9.390000,9.362000,9.385000,47175.1400
LINKUSDT,2026.05.25,03:45:00,9.385000,9.395000,9.374000,9.387000,27587.9600
LINKUSDT,2026.05.25,04:00:00,9.388000,9.401000,9.382000,9.390000,49187.5300
LINKUSDT,2026.05.25,04:15:00,9.391000,9.425000,9.379000,9.424000,50851.1700
LINKUSDT,2026.05.25,04:30:00,9.425000,9.442000,9.419000,9.442000,50532.8000
LINKUSDT,2026.05.25,04:45:00,9.442000,9.486000,9.440000,9.469000,96090.1700
LINKUSDT,2026.05.25,05:00:00,9.470000,9.509000,9.467000,9.496000,129418.9300
LINKUSDT,2026.05.25,05:15:00,9.496000,9.508000,9.486000,9.493000,95908.7900
LINKUSDT,2026.05.25,05:30:00,9.493000,9.520000,9.489000,9.518000,62374.2500
LINKUSDT,2026.05.25,05:45:00,9.518000,9.522000,9.507000,9.507000,66870.2900
LINKUSDT,2026.05.25,06:00:00,9.508000,9.539000,9.500000,9.501000,130218.0900
LINKUSDT,2026.05.25,06:15:00,9.502000,9.504000,9.476000,9.485000,84219.1800
LINKUSDT,2026.05.25,06:30:00,9.486000,9.519000,9.486000,9.500000,46267.2500
LINKUSDT,2026.05.25,06:45:00,9.501000,9.514000,9.498000,9.506000,41413.0400
LINKUSDT,2026.05.25,07:00:00,9.507000,9.542000,9.507000,9.513000,90977.4300
LINKUSDT,2026.05.25,07:15:00,9.513000,9.526000,9.481000,9.481000,77692.8000
LINKUSDT,2026.05.25,07:30:00,9.482000,9.508000,9.477000,9.500000,64915.6000
LINKUSDT,2026.05.25,07:45:00,9.500000,9.519000,9.499000,9.517000,57813.1700
LINKUSDT,2026.05.25,08:00:00,9.518000,9.528000,9.501000,9.501000,83405.9200
LINKUSDT,2026.05.25,08:15:00,9.501000,9.504000,9.490000,9.502000,32496.4800
LINKUSDT,2026.05.25,08:30:00,9.502000,9.524000,9.501000,9.515000,80802.6100
LINKUSDT,2026.05.25,08:45:00,9.515000,9.527000,9.495000,9.522000,163281.3900
LINKUSDT,2026.05.25,09:00:00,9.523000,9.533000,9.515000,9.518000,62394.4400
LINKUSDT,2026.05.25,09:15:00,9.517000,9.528000,9.511000,9.527000,27974.5500
LINKUSDT,2026.05.25,09:30:00,9.528000,9.546000,9.521000,9.534000,55141.3900
LINKUSDT,2026.05.25,09:45:00,9.534000,9.545000,9.525000,9.529000,235631.1700
LINKUSDT,2026.05.25,10:00:00,9.529000,9.568000,9.524000,9.555000,89778.5700
LINKUSDT,2026.05.25,10:15:00,9.556000,9.584000,9.541000,9.559000,193902.4200
LINKUSDT,2026.05.25,10:30:00,9.559000,9.567000,9.553000,9.559000,48138.7300
LINKUSDT,2026.05.25,10:45:00,9.560000,9.585000,9.560000,9.581000,66169.8500
LINKUSDT,2026.05.25,11:00:00,9.581000,9.588000,9.566000,9.588000,165357.9100
LINKUSDT,2026.05.25,11:15:00,9.588000,9.605000,9.542000,9.549000,596296.7600
LINKUSDT,2026.05.25,11:30:00,9.548000,9.568000,9.546000,9.555000,77817.5000
LINKUSDT,2026.05.25,11:45:00,9.556000,9.566000,9.521000,9.528000,96430.7000
LINKUSDT,2026.05.25,12:00:00,9.528000,9.540000,9.513000,9.538000,125735.6700
LINKUSDT,2026.05.25,12:15:00,9.537000,9.557000,9.529000,9.549000,134765.6300
LINKUSDT,2026.05.25,12:30:00,9.550000,9.573000,9.549000,9.562000,144932.9400
LINKUSDT,2026.05.25,12:45:00,9.563000,9.565000,9.544000,9.546000,48291.9500
LINKUSDT,2026.05.25,13:00:00,9.545000,9.563000,9.540000,9.553000,44220.5600
LINKUSDT,2026.05.25,13:15:00,9.554000,9.558000,9.540000,9.545000,43830.7500
LINKUSDT,2026.05.25,13:30:00,9.545000,9.551000,9.536000,9.551000,41424.6000
LINKUSDT,2026.05.25,13:45:00,9.551000,9.570000,9.541000,9.569000,68388.9600
LINKUSDT,2026.05.25,14:00:00,9.570000,9.610000,9.569000,9.597000,168299.0500
LINKUSDT,2026.05.25,14:15:00,9.597000,9.637000,9.595000,9.636000,134328.5900
LINKUSDT,2026.05.25,14:30:00,9.635000,9.637000,9.587000,9.590000,66645.1400
LINKUSDT,2026.05.25,14:45:00,9.591000,9.619000,9.591000,9.609000,82394.2100
LINKUSDT,2026.05.25,15:00:00,9.609000,9.659000,9.598000,9.619000,185035.4300
LINKUSDT,2026.05.25,15:15:00,9.618000,9.628000,9.581000,9.588000,290344.2300
LINKUSDT,2026.05.25,15:30:00,9.589000,9.605000,9.576000,9.603000,77685.7000
LINKUSDT,2026.05.25,15:45:00,9.603000,9.603000,9.577000,9.596000,71051.8200
LINKUSDT,2026.05.25,16:00:00,9.596000,9.601000,9.568000,9.569000,66835.7200
LINKUSDT,2026.05.25,16:15:00,9.569000,9.593000,9.569000,9.583000,60642.8900
LINKUSDT,2026.05.25,16:30:00,9.584000,9.626000,9.577000,9.625000,55258.3400
LINKUSDT,2026.05.25,16:45:00,9.625000,9.668000,9.619000,9.642000,132174.1600
LINKUSDT,2026.05.25,17:00:00,9.642000,9.654000,9.623000,9.627000,94451.9500
LINKUSDT,2026.05.25,17:15:00,9.628000,9.632000,9.601000,9.631000,54544.3400
LINKUSDT,2026.05.25,17:30:00,9.632000,9.636000,9.606000,9.607000,41901.8100
LINKUSDT,2026.05.25,17:45:00,9.608000,9.610000,9.587000,9.599000,78675.6400
LINKUSDT,2026.05.25,18:00:00,9.599000,9.625000,9.595000,9.609000,37864.6800
LINKUSDT,2026.05.25,18:15:00,9.609000,9.615000,9.595000,9.603000,24870.2600
LINKUSDT,2026.05.25,18:30:00,9.604000,9.604000,9.579000,9.585000,40150.9400
LINKUSDT,2026.05.25,18:45:00,9.585000,9.589000,9.566000,9.568000,65993.1500
LINKUSDT,2026.05.25,19:00:00,9.568000,9.571000,9.538000,9.564000,103978.1200
LINKUSDT,2026.05.25,19:15:00,9.564000,9.567000,9.551000,9.564000,32531.5100
LINKUSDT,2026.05.25,19:30:00,9.565000,9.568000,9.520000,9.537000,93522.6500
LINKUSDT,2026.05.25,19:45:00,9.536000,9.552000,9.534000,9.548000,37351.0300
LINKUSDT,2026.05.25,20:00:00,9.547000,9.569000,9.542000,9.558000,46331.3500
LINKUSDT,2026.05.25,20:15:00,9.558000,9.569000,9.552000,9.555000,42223.8700
LINKUSDT,2026.05.25,20:30:00,9.556000,9.565000,9.492000,9.505000,189294.2500
LINKUSDT,2026.05.25,20:45:00,9.505000,9.518000,9.490000,9.498000,70700.1700
LINKUSDT,2026.05.25,21:00:00,9.499000,9.515000,9.496000,9.509000,44758.4600
LINKUSDT,2026.05.25,21:15:00,9.509000,9.523000,9.499000,9.522000,33911.9600
LINKUSDT,2026.05.25,21:30:00,9.521000,9.528000,9.504000,9.504000,50294.2200
LINKUSDT,2026.05.25,21:45:00,9.504000,9.521000,9.500000,9.512000,35748.7500
LINKUSDT,2026.05.25,22:00:00,9.513000,9.520000,9.489000,9.510000,73935.3200
LINKUSDT,2026.05.25,22:15:00,9.510000,9.513000,9.485000,9.490000,51823.2600
LINKUSDT,2026.05.25,22:30:00,9.490000,9.490000,9.445000,9.467000,163764.6000
LINKUSDT,2026.05.25,22:45:00,9.467000,9.476000,9.449000,9.451000,60559.1700
LINKUSDT,2026.05.25,23:00:00,9.451000,9.481000,9.442000,9.478000,64862.0500
LINKUSDT,2026.05.25,23:15:00,9.479000,9.486000,9.474000,9.484000,40400.9900
LINKUSDT,2026.05.25,23:30:00,9.484000,9.505000,9.481000,9.497000,52016.0000
LINKUSDT,2026.05.25,23:45:00,9.497000,9.505000,9.489000,9.499000,25257.4000
LINKUSDT,2026.05.26,00:00:00,9.499000,9.504000,9.470000,9.484000,88898.8300
LINKUSDT,2026.05.26,00:15:00,9.483000,9.484000,9.454000,9.462000,84772.9100
LINKUSDT,2026.05.26,00:30:00,9.462000,9.485000,9.421000,9.433000,225081.8700
LINKUSDT,2026.05.26,00:45:00,9.434000,9.448000,9.387000,9.436000,213494.8600
LINKUSDT,2026.05.26,01:00:00,9.435000,9.436000,9.399000,9.433000,97909.8000
LINKUSDT,2026.05.26,01:15:00,9.433000,9.438000,9.403000,9.414000,54345.7200
LINKUSDT,2026.05.26,01:30:00,9.414000,9.414000,9.370000,9.382000,169749.2900
LINKUSDT,2026.05.26,01:45:00,9.383000,9.410000,9.380000,9.402000,113786.0200
LINKUSDT,2026.05.26,02:00:00,9.403000,9.411000,9.380000,9.398000,64390.8000
LINKUSDT,2026.05.26,02:15:00,9.398000,9.406000,9.380000,9.383000,43451.8800
LINKUSDT,2026.05.26,02:30:00,9.384000,9.391000,9.368000,9.370000,70507.2400
LINKUSDT,2026.05.26,02:45:00,9.371000,9.393000,9.364000,9.381000,61626.4300
LINKUSDT,2026.05.26,03:00:00,9.381000,9.382000,9.354000,9.358000,90651.5800
LINKUSDT,2026.05.26,03:15:00,9.358000,9.378000,9.355000,9.377000,31389.4200
LINKUSDT,2026.05.26,03:30:00,9.378000,9.404000,9.372000,9.392000,103662.7400
LINKUSDT,2026.05.26,03:45:00,9.392000,9.410000,9.387000,9.408000,49248.8600
LINKUSDT,2026.05.26,04:00:00,9.408000,9.426000,9.408000,9.413000,82241.4200
LINKUSDT,2026.05.26,04:15:00,9.414000,9.465000,9.400000,9.462000,73348.4500
LINKUSDT,2026.05.26,04:30:00,9.463000,9.472000,9.443000,9.448000,108996.8900
LINKUSDT,2026.05.26,04:45:00,9.447000,9.467000,9.440000,9.453000,35397.3800
LINKUSDT,2026.05.26,05:00:00,9.454000,9.465000,9.440000,9.464000,52739.5400
LINKUSDT,2026.05.26,05:15:00,9.465000,9.513000,9.463000,9.509000,98267.4300
LINKUSDT,2026.05.26,05:30:00,9.509000,9.560000,9.507000,9.537000,367229.7800
LINKUSDT,2026.05.26,05:45:00,9.538000,9.542000,9.503000,9.521000,71678.9600
LINKUSDT,2026.05.26,06:00:00,9.522000,9.533000,9.502000,9.526000,72767.6400
LINKUSDT,2026.05.26,06:15:00,9.526000,9.532000,9.489000,9.499000,93804.0200
LINKUSDT,2026.05.26,06:30:00,9.500000,9.550000,9.498000,9.548000,58097.0800
LINKUSDT,2026.05.26,06:45:00,9.548000,9.548000,9.527000,9.532000,59655.2000
LINKUSDT,2026.05.26,07:00:00,9.532000,9.542000,9.466000,9.471000,84709.4700
LINKUSDT,2026.05.26,07:15:00,9.471000,9.482000,9.444000,9.477000,94140.3800
LINKUSDT,2026.05.26,07:30:00,9.477000,9.479000,9.446000,9.459000,92459.2100
LINKUSDT,2026.05.26,07:45:00,9.460000,9.500000,9.457000,9.477000,85964.8800
LINKUSDT,2026.05.26,08:00:00,9.478000,9.537000,9.476000,9.516000,120408.3900
LINKUSDT,2026.05.26,08:15:00,9.516000,9.540000,9.505000,9.532000,67357.5600
LINKUSDT,2026.05.26,08:30:00,9.532000,9.532000,9.496000,9.529000,87505.6100
LINKUSDT,2026.05.26,08:45:00,9.530000,9.545000,9.493000,9.533000,118848.8400
LINKUSDT,2026.05.26,09:00:00,9.534000,9.543000,9.513000,9.517000,95607.2300
LINKUSDT,2026.05.26,09:15:00,9.517000,9.538000,9.479000,9.502000,118185.7500
LINKUSDT,2026.05.26,09:30:00,9.502000,9.520000,9.461000,9.484000,135389.5700
LINKUSDT,2026.05.26,09:45:00,9.484000,9.490000,9.463000,9.477000,92955.4900
LINKUSDT,2026.05.26,10:00:00,9.477000,9.495000,9.454000,9.493000,138283.4300
LINKUSDT,2026.05.26,10:15:00,9.494000,9.604000,9.484000,9.597000,343862.7300
LINKUSDT,2026.05.26,10:30:00,9.597000,9.640000,9.588000,9.628000,286551.4500
LINKUSDT,2026.05.26,10:45:00,9.629000,9.636000,9.595000,9.597000,210712.3900
LINKUSDT,2026.05.26,11:00:00,9.598000,9.613000,9.589000,9.592000,186511.0900
LINKUSDT,2026.05.26,11:15:00,9.592000,9.600000,9.556000,9.584000,179300.8400
LINKUSDT,2026.05.26,11:30:00,9.584000,9.606000,9.573000,9.602000,122346.6000
LINKUSDT,2026.05.26,11:45:00,9.601000,9.606000,9.568000,9.569000,75144.3700
LINKUSDT,2026.05.26,12:00:00,9.568000,9.587000,9.514000,9.554000,228482.7400
LINKUSDT,2026.05.26,12:15:00,9.554000,9.572000,9.542000,9.560000,110004.9200
LINKUSDT,2026.05.26,12:30:00,9.561000,9.573000,9.549000,9.567000,67185.9500
LINKUSDT,2026.05.26,12:45:00,9.568000,9.604000,9.567000,9.592000,98414.5700
LINKUSDT,2026.05.26,13:00:00,9.592000,9.605000,9.589000,9.596000,69484.7100
LINKUSDT,2026.05.26,13:15:00,9.595000,9.596000,9.541000,9.543000,109397.0400
LINKUSDT,2026.05.26,13:30:00,9.543000,9.574000,9.513000,9.557000,166103.0500
LINKUSDT,2026.05.26,13:45:00,9.557000,9.631000,9.557000,9.603000,186180.4000
LINKUSDT,2026.05.26,14:00:00,9.603000,9.631000,9.598000,9.628000,183160.1200
LINKUSDT,2026.05.26,14:15:00,9.629000,9.682000,9.612000,9.675000,326856.8900
LINKUSDT,2026.05.26,14:30:00,9.675000,9.679000,9.501000,9.530000,417251.8100
LINKUSDT,2026.05.26,14:45:00,9.530000,9.573000,9.509000,9.534000,327156.5100
LINKUSDT,2026.05.26,15:00:00,9.534000,9.546000,9.473000,9.543000,254792.5600
LINKUSDT,2026.05.26,15:15:00,9.542000,9.546000,9.465000,9.500000,176865.2300
LINKUSDT,2026.05.26,15:30:00,9.500000,9.505000,9.434000,9.474000,500474.5900
LINKUSDT,2026.05.26,15:45:00,9.475000,9.476000,9.400000,9.469000,352313.0300
LINKUSDT,2026.05.26,16:00:00,9.469000,9.476000,9.402000,9.426000,277621.4300
LINKUSDT,2026.05.26,16:15:00,9.426000,9.468000,9.422000,9.457000,99297.9400
LINKUSDT,2026.05.26,16:30:00,9.457000,9.474000,9.428000,9.447000,104454.0300
LINKUSDT,2026.05.26,16:45:00,9.446000,9.458000,9.418000,9.445000,69548.5800
LINKUSDT,2026.05.26,17:00:00,9.445000,9.463000,9.423000,9.426000,75710.1000
LINKUSDT,2026.05.26,17:15:00,9.426000,9.436000,9.381000,9.405000,968260.7500
LINKUSDT,2026.05.26,17:30:00,9.404000,9.434000,9.374000,9.434000,705757.5600
LINKUSDT,2026.05.26,17:45:00,9.434000,9.439000,9.375000,9.385000,502819.6700
LINKUSDT,2026.05.26,18:00:00,9.385000,9.419000,9.372000,9.410000,129726.0600
LINKUSDT,2026.05.26,18:15:00,9.410000,9.452000,9.405000,9.424000,118823.9100
LINKUSDT,2026.05.26,18:30:00,9.424000,9.431000,9.365000,9.372000,80218.0100
LINKUSDT,2026.05.26,18:45:00,9.372000,9.393000,9.360000,9.379000,82845.7300
LINKUSDT,2026.05.26,19:00:00,9.379000,9.384000,9.344000,9.353000,152259.9200
LINKUSDT,2026.05.26,19:15:00,9.352000,9.370000,9.335000,9.360000,93229.4000
LINKUSDT,2026.05.26,19:30:00,9.360000,9.416000,9.359000,9.399000,109105.5300
LINKUSDT,2026.05.26,19:45:00,9.399000,9.418000,9.390000,9.398000,84048.6400
LINKUSDT,2026.05.26,20:00:00,9.399000,9.418000,9.396000,9.417000,73004.6500
LINKUSDT,2026.05.26,20:15:00,9.417000,9.424000,9.401000,9.419000,59726.9700
LINKUSDT,2026.05.26,20:30:00,9.419000,9.422000,9.391000,9.409000,41830.2000
LINKUSDT,2026.05.26,20:45:00,9.409000,9.427000,9.406000,9.421000,71550.5600
LINKUSDT,2026.05.26,21:00:00,9.421000,9.422000,9.348000,9.367000,133204.4600
LINKUSDT,2026.05.26,21:15:00,9.367000,9.400000,9.364000,9.393000,54823.9100
LINKUSDT,2026.05.26,21:30:00,9.393000,9.416000,9.392000,9.409000,50625.4000
LINKUSDT,2026.05.26,21:45:00,9.408000,9.410000,9.355000,9.371000,52810.1700
LINKUSDT,2026.05.26,22:00:00,9.371000,9.396000,9.339000,9.359000,112118.6900
LINKUSDT,2026.05.26,22:15:00,9.358000,9.377000,9.350000,9.375000,35354.8200
LINKUSDT,2026.05.26,22:30:00,9.374000,9.380000,9.360000,9.363000,37587.8300
LINKUSDT,2026.05.26,22:45:00,9.362000,9.362000,9.343000,9.360000,76954.3300
LINKUSDT,2026.05.26,23:00:00,9.360000,9.387000,9.360000,9.377000,79099.8000
LINKUSDT,2026.05.26,23:15:00,9.376000,9.389000,9.364000,9.379000,26727.7200
LINKUSDT,2026.05.26,23:30:00,9.379000,9.398000,9.378000,9.394000,38649.6000
LINKUSDT,2026.05.26,23:45:00,9.394000,9.399000,9.375000,9.380000,28958.2100
LINKUSDT,2026.05.27,00:00:00,9.381000,9.416000,9.378000,9.411000,90166.5000
LINKUSDT,2026.05.27,00:15:00,9.410000,9.413000,9.389000,9.413000,41347.5400
LINKUSDT,2026.05.27,00:30:00,9.413000,9.436000,9.413000,9.427000,58116.9500
LINKUSDT,2026.05.27,00:45:00,9.428000,9.453000,9.428000,9.448000,83633.4700
LINKUSDT,2026.05.27,01:00:00,9.449000,9.454000,9.427000,9.445000,55105.6900
LINKUSDT,2026.05.27,01:15:00,9.444000,9.446000,9.410000,9.428000,82320.4100
LINKUSDT,2026.05.27,01:30:00,9.427000,9.447000,9.420000,9.431000,82132.1700
LINKUSDT,2026.05.27,01:45:00,9.432000,9.455000,9.414000,9.422000,83414.4400
LINKUSDT,2026.05.27,02:00:00,9.423000,9.430000,9.398000,9.415000,77031.7800
LINKUSDT,2026.05.27,02:15:00,9.416000,9.422000,9.381000,9.402000,77129.7200
LINKUSDT,2026.05.27,02:30:00,9.401000,9.413000,9.385000,9.412000,37295.6700
LINKUSDT,2026.05.27,02:45:00,9.412000,9.439000,9.403000,9.438000,59441.1500
LINKUSDT,2026.05.27,03:00:00,9.439000,9.470000,9.429000,9.437000,192375.3600
LINKUSDT,2026.05.27,03:15:00,9.437000,9.438000,9.413000,9.436000,160617.4400
LINKUSDT,2026.05.27,03:30:00,9.436000,9.442000,9.410000,9.412000,57184.3700
LINKUSDT,2026.05.27,03:45:00,9.412000,9.416000,9.381000,9.391000,72161.3400
LINKUSDT,2026.05.27,04:00:00,9.390000,9.395000,9.372000,9.381000,76863.8500
LINKUSDT,2026.05.27,04:15:00,9.381000,9.384000,9.341000,9.344000,113615.9100
LINKUSDT,2026.05.27,04:30:00,9.343000,9.348000,9.279000,9.337000,435673.5200
LINKUSDT,2026.05.27,04:45:00,9.337000,9.401000,9.337000,9.398000,75765.2000
LINKUSDT,2026.05.27,05:00:00,9.398000,9.409000,9.390000,9.401000,122581.0600
LINKUSDT,2026.05.27,05:15:00,9.400000,9.441000,9.392000,9.430000,86809.6100
LINKUSDT,2026.05.27,05:30:00,9.430000,9.442000,9.407000,9.418000,97028.4900
LINKUSDT,2026.05.27,05:45:00,9.418000,9.431000,9.406000,9.422000,289962.9500
LINKUSDT,2026.05.27,06:00:00,9.422000,9.442000,9.417000,9.424000,84289.3800
LINKUSDT,2026.05.27,06:15:00,9.424000,9.428000,9.402000,9.426000,51047.4700
LINKUSDT,2026.05.27,06:30:00,9.427000,9.450000,9.412000,9.426000,200417.7300
LINKUSDT,2026.05.27,06:45:00,9.425000,9.439000,9.418000,9.431000,69039.9700
LINKUSDT,2026.05.27,07:00:00,9.431000,9.443000,9.408000,9.420000,68225.8700
LINKUSDT,2026.05.27,07:15:00,9.419000,9.430000,9.410000,9.418000,98580.2400
LINKUSDT,2026.05.27,07:30:00,9.417000,9.429000,9.400000,9.418000,78917.6500
LINKUSDT,2026.05.27,07:45:00,9.418000,9.437000,9.411000,9.436000,29681.0700
LINKUSDT,2026.05.27,08:00:00,9.435000,9.445000,9.389000,9.396000,362289.8400
LINKUSDT,2026.05.27,08:15:00,9.395000,9.437000,9.394000,9.421000,262511.3300
LINKUSDT,2026.05.27,08:30:00,9.421000,9.434000,9.413000,9.422000,69570.0700
LINKUSDT,2026.05.27,08:45:00,9.422000,9.423000,9.377000,9.387000,77452.1100
LINKUSDT,2026.05.27,09:00:00,9.388000,9.392000,9.356000,9.361000,104766.1100
LINKUSDT,2026.05.27,09:15:00,9.361000,9.371000,9.337000,9.345000,263875.2700
LINKUSDT,2026.05.27,09:30:00,9.346000,9.380000,9.339000,9.363000,54027.3300
LINKUSDT,2026.05.27,09:45:00,9.363000,9.369000,9.342000,9.346000,72207.6100
LINKUSDT,2026.05.27,10:00:00,9.346000,9.369000,9.335000,9.369000,79064.9400
LINKUSDT,2026.05.27,10:15:00,9.368000,9.375000,9.357000,9.361000,61027.2800
LINKUSDT,2026.05.27,10:30:00,9.360000,9.367000,9.340000,9.344000,61081.8400
LINKUSDT,2026.05.27,10:45:00,9.344000,9.353000,9.330000,9.335000,76784.1400
LINKUSDT,2026.05.27,11:00:00,9.335000,9.375000,9.329000,9.372000,64430.7200
LINKUSDT,2026.05.27,11:15:00,9.373000,9.389000,9.355000,9.355000,75571.4900
LINKUSDT,2026.05.27,11:30:00,9.355000,9.376000,9.341000,9.362000,64986.3300
LINKUSDT,2026.05.27,11:45:00,9.363000,9.368000,9.347000,9.355000,39009.9000
LINKUSDT,2026.05.27,12:00:00,9.356000,9.356000,9.329000,9.351000,91340.5100
LINKUSDT,2026.05.27,12:15:00,9.351000,9.478000,9.339000,9.439000,310376.7500
LINKUSDT,2026.05.27,12:30:00,9.440000,9.450000,9.413000,9.440000,235202.3800
LINKUSDT,2026.05.27,12:45:00,9.440000,9.441000,9.398000,9.401000,80822.7100
LINKUSDT,2026.05.27,13:00:00,9.401000,9.409000,9.365000,9.381000,204199.1200
LINKUSDT,2026.05.27,13:15:00,9.381000,9.382000,9.346000,9.352000,111192.7500
LINKUSDT,2026.05.27,13:30:00,9.351000,9.364000,9.264000,9.274000,467767.8900
LINKUSDT,2026.05.27,13:45:00,9.274000,9.326000,9.269000,9.323000,213413.4900
LINKUSDT,2026.05.27,14:00:00,9.323000,9.376000,9.320000,9.323000,230780.8200
LINKUSDT,2026.05.27,14:15:00,9.324000,9.338000,9.281000,9.305000,116623.2300
LINKUSDT,2026.05.27,14:30:00,9.305000,9.341000,9.299000,9.326000,149713.3100
LINKUSDT,2026.05.27,14:45:00,9.326000,9.366000,9.326000,9.364000,132120.4700
LINKUSDT,2026.05.27,15:00:00,9.364000,9.420000,9.361000,9.414000,404132.1200
LINKUSDT,2026.05.27,15:15:00,9.413000,9.464000,9.412000,9.448000,369467.7400
LINKUSDT,2026.05.27,15:30:00,9.449000,9.480000,9.417000,9.426000,304113.2800
LINKUSDT,2026.05.27,15:45:00,9.426000,9.441000,9.405000,9.429000,114143.2100
LINKUSDT,2026.05.27,16:00:00,9.430000,9.453000,9.399000,9.411000,111861.9500
LINKUSDT,2026.05.27,16:15:00,9.412000,9.412000,9.354000,9.372000,114690.7800
LINKUSDT,2026.05.27,16:30:00,9.372000,9.376000,9.319000,9.343000,154819.8100
LINKUSDT,2026.05.27,16:45:00,9.344000,9.366000,9.340000,9.356000,74678.5800
LINKUSDT,2026.05.27,17:00:00,9.356000,9.358000,9.265000,9.274000,175431.7300
LINKUSDT,2026.05.27,17:15:00,9.275000,9.304000,9.257000,9.289000,319354.2300
LINKUSDT,2026.05.27,17:30:00,9.289000,9.293000,9.250000,9.260000,120938.7800
LINKUSDT,2026.05.27,17:45:00,9.260000,9.283000,9.226000,9.251000,253892.8800
LINKUSDT,2026.05.27,18:00:00,9.251000,9.256000,9.214000,9.234000,219671.9900
LINKUSDT,2026.05.27,18:15:00,9.235000,9.262000,9.226000,9.258000,114090.7800
LINKUSDT,2026.05.27,18:30:00,9.258000,9.284000,9.247000,9.273000,66403.2200
LINKUSDT,2026.05.27,18:45:00,9.273000,9.302000,9.270000,9.298000,62752.9700
LINKUSDT,2026.05.27,19:00:00,9.299000,9.311000,9.290000,9.311000,66695.4000
LINKUSDT,2026.05.27,19:15:00,9.311000,9.334000,9.296000,9.324000,176998.8200
LINKUSDT,2026.05.27,19:30:00,9.325000,9.342000,9.307000,9.313000,54920.3600
LINKUSDT,2026.05.27,19:45:00,9.314000,9.322000,9.300000,9.318000,36577.0000
LINKUSDT,2026.05.27,20:00:00,9.319000,9.335000,9.306000,9.329000,68725.0000
LINKUSDT,2026.05.27,20:15:00,9.330000,9.351000,9.309000,9.311000,61298.2800
LINKUSDT,2026.05.27,20:30:00,9.310000,9.320000,9.296000,9.320000,66814.0500
LINKUSDT,2026.05.27,20:45:00,9.321000,9.336000,9.321000,9.331000,26502.3700
LINKUSDT,2026.05.27,21:00:00,9.331000,9.339000,9.316000,9.321000,68117.8600
LINKUSDT,2026.05.27,21:15:00,9.321000,9.324000,9.294000,9.294000,33437.3700
LINKUSDT,2026.05.27,21:30:00,9.294000,9.298000,9.141000,9.201000,435929.5800
LINKUSDT,2026.05.27,21:45:00,9.199000,9.202000,9.127000,9.167000,276984.8700
LINKUSDT,2026.05.27,22:00:00,9.167000,9.208000,9.136000,9.154000,258301.4700
LINKUSDT,2026.05.27,22:15:00,9.153000,9.184000,9.126000,9.177000,237315.5300
LINKUSDT,2026.05.27,22:30:00,9.177000,9.195000,9.159000,9.181000,123756.8000
LINKUSDT,2026.05.27,22:45:00,9.181000,9.189000,9.136000,9.142000,109342.8200
LINKUSDT,2026.05.27,23:00:00,9.141000,9.159000,9.117000,9.153000,219169.0100
LINKUSDT,2026.05.27,23:15:00,9.154000,9.166000,9.100000,9.117000,211504.9700
LINKUSDT,2026.05.27,23:30:00,9.116000,9.137000,9.108000,9.132000,100325.5800
LINKUSDT,2026.05.27,23:45:00,9.132000,9.145000,9.119000,9.130000,97504.1800
LINKUSDT,2026.05.28,00:00:00,9.130000,9.151000,9.097000,9.111000,274563.7900
LINKUSDT,2026.05.28,00:15:00,9.112000,9.144000,9.105000,9.123000,124243.1100
LINKUSDT,2026.05.28,00:30:00,9.123000,9.141000,9.115000,9.140000,62328.6600
LINKUSDT,2026.05.28,00:45:00,9.140000,9.144000,9.116000,9.141000,38826.2100
LINKUSDT,2026.05.28,01:00:00,9.141000,9.146000,9.115000,9.127000,75027.8400
LINKUSDT,2026.05.28,01:15:00,9.127000,9.131000,9.059000,9.083000,352850.1300
LINKUSDT,2026.05.28,01:30:00,9.082000,9.102000,9.063000,9.095000,198554.6300
LINKUSDT,2026.05.28,01:45:00,9.096000,9.118000,9.086000,9.099000,84186.5700
LINKUSDT,2026.05.28,02:00:00,9.100000,9.114000,9.082000,9.111000,81703.3100
LINKUSDT,2026.05.28,02:15:00,9.111000,9.117000,9.093000,9.099000,55047.4600
LINKUSDT,2026.05.28,02:30:00,9.100000,9.115000,9.084000,9.104000,58197.1300
LINKUSDT,2026.05.28,02:45:00,9.104000,9.119000,9.096000,9.101000,73152.8200
LINKUSDT,2026.05.28,03:00:00,9.102000,9.117000,9.060000,9.087000,128591.7700
LINKUSDT,2026.05.28,03:15:00,9.087000,9.092000,8.926000,9.012000,1477202.6200
LINKUSDT,2026.05.28,03:30:00,9.013000,9.016000,8.957000,8.967000,524670.4500
LINKUSDT,2026.05.28,03:45:00,8.966000,8.992000,8.878000,8.884000,1202672.4800
LINKUSDT,2026.05.28,04:00:00,8.885000,8.897000,8.745000,8.866000,1557195.4000
LINKUSDT,2026.05.28,04:15:00,8.865000,8.879000,8.806000,8.855000,303061.5400
LINKUSDT,2026.05.28,04:30:00,8.854000,8.901000,8.846000,8.896000,205284.4000
LINKUSDT,2026.05.28,04:45:00,8.896000,8.899000,8.879000,8.899000,157115.6800
LINKUSDT,2026.05.28,05:00:00,8.899000,8.905000,8.859000,8.866000,118501.9500
LINKUSDT,2026.05.28,05:15:00,8.867000,8.868000,8.788000,8.795000,745359.4400
LINKUSDT,2026.05.28,05:30:00,8.795000,8.842000,8.793000,8.838000,133751.6500
LINKUSDT,2026.05.28,05:45:00,8.839000,8.845000,8.815000,8.824000,63022.0300
LINKUSDT,2026.05.28,06:00:00,8.824000,8.849000,8.819000,8.828000,119357.1600
LINKUSDT,2026.05.28,06:15:00,8.829000,8.841000,8.809000,8.829000,83858.2500
LINKUSDT,2026.05.28,06:30:00,8.829000,8.832000,8.792000,8.820000,90981.4100
LINKUSDT,2026.05.28,06:45:00,8.820000,8.863000,8.820000,8.844000,160441.2600
LINKUSDT,2026.05.28,07:00:00,8.845000,8.867000,8.841000,8.861000,76066.6200
LINKUSDT,2026.05.28,07:15:00,8.862000,8.886000,8.861000,8.877000,78752.6300
LINKUSDT,2026.05.28,07:30:00,8.877000,8.914000,8.876000,8.906000,136528.6900
LINKUSDT,2026.05.28,07:45:00,8.906000,8.906000,8.879000,8.898000,61005.5700
LINKUSDT,2026.05.28,08:00:00,8.898000,8.901000,8.859000,8.883000,120759.2500
LINKUSDT,2026.05.28,08:15:00,8.883000,8.883000,8.839000,8.848000,55807.8600
LINKUSDT,2026.05.28,08:30:00,8.848000,8.876000,8.838000,8.857000,66094.2900
LINKUSDT,2026.05.28,08:45:00,8.858000,8.875000,8.856000,8.860000,54822.7300
LINKUSDT,2026.05.28,09:00:00,8.860000,8.883000,8.850000,8.872000,57729.8000
LINKUSDT,2026.05.28,09:15:00,8.871000,8.899000,8.867000,8.896000,63965.7800
LINKUSDT,2026.05.28,09:30:00,8.896000,8.906000,8.888000,8.906000,73914.8500
LINKUSDT,2026.05.28,09:45:00,8.906000,8.923000,8.903000,8.916000,63829.1200
LINKUSDT,2026.05.28,10:00:00,8.916000,8.930000,8.911000,8.916000,64054.5700
LINKUSDT,2026.05.28,10:15:00,8.916000,8.925000,8.881000,8.899000,122476.2600
LINKUSDT,2026.05.28,10:30:00,8.900000,8.911000,8.895000,8.899000,66860.6300
LINKUSDT,2026.05.28,10:45:00,8.898000,8.907000,8.859000,8.870000,133048.7600
LINKUSDT,2026.05.28,11:00:00,8.870000,8.879000,8.855000,8.877000,132432.6200
LINKUSDT,2026.05.28,11:15:00,8.877000,8.881000,8.851000,8.860000,84205.5900
LINKUSDT,2026.05.28,11:30:00,8.859000,8.877000,8.847000,8.877000,89744.6900
LINKUSDT,2026.05.28,11:45:00,8.876000,8.877000,8.855000,8.861000,74694.7600
LINKUSDT,2026.05.28,12:00:00,8.861000,8.873000,8.843000,8.851000,57791.4500
LINKUSDT,2026.05.28,12:15:00,8.851000,8.854000,8.806000,8.820000,223629.2300
LINKUSDT,2026.05.28,12:30:00,8.819000,8.874000,8.817000,8.865000,215006.9600
LINKUSDT,2026.05.28,12:45:00,8.865000,8.885000,8.863000,8.885000,120214.6200
LINKUSDT,2026.05.28,13:00:00,8.885000,8.906000,8.870000,8.878000,123052.6700
LINKUSDT,2026.05.28,13:15:00,8.878000,8.895000,8.846000,8.891000,157500.8600
LINKUSDT,2026.05.28,13:30:00,8.890000,8.895000,8.830000,8.841000,195128.5000
LINKUSDT,2026.05.28,13:45:00,8.841000,8.901000,8.840000,8.863000,256231.2600
LINKUSDT,2026.05.28,14:00:00,8.864000,8.901000,8.786000,8.898000,554384.4200
LINKUSDT,2026.05.28,14:15:00,8.897000,8.963000,8.886000,8.921000,432419.3800
LINKUSDT,2026.05.28,14:30:00,8.920000,8.942000,8.879000,8.891000,220540.7000
LINKUSDT,2026.05.28,14:45:00,8.890000,8.924000,8.872000,8.911000,192895.6700
LINKUSDT,2026.05.28,15:00:00,8.912000,8.932000,8.870000,8.872000,196189.9600
LINKUSDT,2026.05.28,15:15:00,8.872000,8.881000,8.822000,8.880000,219428.7100
LINKUSDT,2026.05.28,15:30:00,8.880000,8.900000,8.857000,8.899000,77865.8800
LINKUSDT,2026.05.28,15:45:00,8.899000,8.923000,8.883000,8.894000,113771.5600
LINKUSDT,2026.05.28,16:00:00,8.893000,8.935000,8.860000,8.924000,232933.6700
LINKUSDT,2026.05.28,16:15:00,8.924000,8.967000,8.912000,8.939000,184476.6300
LINKUSDT,2026.05.28,16:30:00,8.940000,8.976000,8.935000,8.976000,192652.7500
LINKUSDT,2026.05.28,16:45:00,8.976000,9.017000,8.971000,8.996000,244016.2100
LINKUSDT,2026.05.28,17:00:00,8.997000,9.008000,8.972000,9.003000,127677.8000
LINKUSDT,2026.05.28,17:15:00,9.004000,9.015000,8.979000,8.993000,76662.5400
LINKUSDT,2026.05.28,17:30:00,8.994000,9.030000,8.992000,9.009000,73460.2900
LINKUSDT,2026.05.28,17:45:00,9.010000,9.052000,9.006000,9.023000,105384.9700
LINKUSDT,2026.05.28,18:00:00,9.023000,9.076000,9.017000,9.067000,181216.3600
LINKUSDT,2026.05.28,18:15:00,9.067000,9.088000,9.052000,9.052000,139737.0800
LINKUSDT,2026.05.28,18:30:00,9.053000,9.078000,9.052000,9.057000,108849.1200
LINKUSDT,2026.05.28,18:45:00,9.058000,9.084000,9.054000,9.065000,44084.1700
LINKUSDT,2026.05.28,19:00:00,9.066000,9.068000,9.012000,9.022000,106361.4600
LINKUSDT,2026.05.28,19:15:00,9.022000,9.043000,9.013000,9.043000,50468.6100
LINKUSDT,2026.05.28,19:30:00,9.043000,9.050000,8.995000,8.999000,107363.5000
LINKUSDT,2026.05.28,19:45:00,8.999000,9.011000,8.984000,8.987000,87707.0100
LINKUSDT,2026.05.28,20:00:00,8.988000,9.006000,8.957000,8.991000,197246.2600
LINKUSDT,2026.05.28,20:15:00,8.991000,9.029000,8.989000,9.026000,65131.1200
LINKUSDT,2026.05.28,20:30:00,9.027000,9.033000,9.012000,9.029000,58354.7300
LINKUSDT,2026.05.28,20:45:00,9.029000,9.029000,8.997000,9.000000,79639.6600
LINKUSDT,2026.05.28,21:00:00,9.000000,9.063000,8.994000,9.048000,97096.0600
LINKUSDT,2026.05.28,21:15:00,9.049000,9.058000,9.039000,9.044000,47455.3700
LINKUSDT,2026.05.28,21:30:00,9.043000,9.062000,9.042000,9.058000,38566.2400
LINKUSDT,2026.05.28,21:45:00,9.059000,9.060000,9.038000,9.038000,27044.0300
LINKUSDT,2026.05.28,22:00:00,9.037000,9.055000,9.019000,9.022000,62068.6600
LINKUSDT,2026.05.28,22:15:00,9.021000,9.021000,8.986000,8.986000,104030.2400
LINKUSDT,2026.05.28,22:30:00,8.985000,8.989000,8.969000,8.973000,55182.7900
LINKUSDT,2026.05.28,22:45:00,8.974000,8.998000,8.974000,8.980000,60144.0000
LINKUSDT,2026.05.28,23:00:00,8.981000,8.998000,8.976000,8.998000,52039.8100
LINKUSDT,2026.05.28,23:15:00,8.997000,9.017000,8.991000,9.014000,62839.8200
LINKUSDT,2026.05.28,23:30:00,9.013000,9.013000,8.987000,9.001000,45100.2300
LINKUSDT,2026.05.28,23:45:00,9.001000,9.004000,8.982000,8.998000,50822.0700
LINKUSDT,2026.05.29,00:00:00,8.997000,9.040000,8.997000,9.030000,218082.0200
LINKUSDT,2026.05.29,00:15:00,9.031000,9.046000,9.019000,9.031000,70520.6300
LINKUSDT,2026.05.29,00:30:00,9.031000,9.041000,9.024000,9.038000,52953.5800
LINKUSDT,2026.05.29,00:45:00,9.039000,9.041000,9.016000,9.027000,34878.3000
LINKUSDT,2026.05.29,01:00:00,9.027000,9.047000,9.026000,9.034000,43818.0400
LINKUSDT,2026.05.29,01:15:00,9.033000,9.037000,9.004000,9.008000,83426.7500
LINKUSDT,2026.05.29,01:30:00,9.007000,9.018000,8.999000,9.017000,83230.6100
LINKUSDT,2026.05.29,01:45:00,9.018000,9.032000,9.005000,9.021000,48856.1500
LINKUSDT,2026.05.29,02:00:00,9.022000,9.036000,9.014000,9.025000,53964.2600
LINKUSDT,2026.05.29,02:15:00,9.025000,9.028000,8.971000,8.974000,105852.0600
LINKUSDT,2026.05.29,02:30:00,8.973000,8.999000,8.966000,8.972000,82075.4700
LINKUSDT,2026.05.29,02:45:00,8.971000,8.978000,8.941000,8.951000,116258.1800
LINKUSDT,2026.05.29,03:00:00,8.952000,9.000000,8.951000,8.989000,76187.3200
LINKUSDT,2026.05.29,03:15:00,8.989000,8.989000,8.971000,8.972000,25237.7200
LINKUSDT,2026.05.29,03:30:00,8.972000,8.976000,8.950000,8.954000,56145.6700
LINKUSDT,2026.05.29,03:45:00,8.953000,8.958000,8.933000,8.938000,67847.4100
LINKUSDT,2026.05.29,04:00:00,8.939000,8.949000,8.903000,8.914000,120849.7300
LINKUSDT,2026.05.29,04:15:00,8.915000,8.946000,8.912000,8.942000,67631.4600
LINKUSDT,2026.05.29,04:30:00,8.941000,8.954000,8.938000,8.949000,41399.3000
LINKUSDT,2026.05.29,04:45:00,8.949000,8.978000,8.949000,8.976000,112281.9700
LINKUSDT,2026.05.29,05:00:00,8.977000,9.007000,8.974000,8.993000,57464.8000
LINKUSDT,2026.05.29,05:15:00,8.994000,8.998000,8.941000,8.965000,215299.4500
LINKUSDT,2026.05.29,05:30:00,8.966000,8.966000,8.945000,8.958000,66306.2800
LINKUSDT,2026.05.29,05:45:00,8.959000,8.988000,8.955000,8.986000,78097.8200
LINKUSDT,2026.05.29,06:00:00,8.985000,9.010000,8.982000,9.009000,59098.3300
LINKUSDT,2026.05.29,06:15:00,9.009000,9.039000,9.006000,9.008000,66908.0300
LINKUSDT,2026.05.29,06:30:00,9.008000,9.013000,8.993000,9.010000,37511.7100
LINKUSDT,2026.05.29,06:45:00,9.011000,9.031000,9.010000,9.025000,46037.4500
LINKUSDT,2026.05.29,07:00:00,9.026000,9.039000,9.020000,9.034000,47761.4700
LINKUSDT,2026.05.29,07:15:00,9.035000,9.037000,9.016000,9.020000,54804.0400
LINKUSDT,2026.05.29,07:30:00,9.020000,9.020000,8.960000,8.965000,135519.4600
LINKUSDT,2026.05.29,07:45:00,8.964000,9.003000,8.958000,8.998000,90017.1600
LINKUSDT,2026.05.29,08:00:00,8.997000,9.024000,8.994000,9.011000,71699.3400
LINKUSDT,2026.05.29,08:15:00,9.012000,9.037000,9.004000,9.020000,111425.1800
LINKUSDT,2026.05.29,08:30:00,9.020000,9.020000,8.997000,9.013000,83345.7300
LINKUSDT,2026.05.29,08:45:00,9.014000,9.015000,8.998000,9.006000,40610.4900
LINKUSDT,2026.05.29,09:00:00,9.007000,9.036000,9.002000,9.031000,76486.3200
LINKUSDT,2026.05.29,09:15:00,9.031000,9.051000,9.027000,9.041000,115989.3800
LINKUSDT,2026.05.29,09:30:00,9.042000,9.045000,9.028000,9.033000,80636.4800
LINKUSDT,2026.05.29,09:45:00,9.032000,9.034000,9.012000,9.022000,127007.8000
LINKUSDT,2026.05.29,10:00:00,9.023000,9.023000,9.008000,9.010000,50892.5700
LINKUSDT,2026.05.29,10:15:00,9.010000,9.011000,8.991000,8.996000,67063.8500
LINKUSDT,2026.05.29,10:30:00,8.996000,9.005000,8.978000,8.986000,84428.2300
LINKUSDT,2026.05.29,10:45:00,8.987000,8.995000,8.984000,8.987000,29443.3500
LINKUSDT,2026.05.29,11:00:00,8.987000,8.994000,8.974000,8.989000,69332.7400
LINKUSDT,2026.05.29,11:15:00,8.989000,9.003000,8.963000,8.972000,85556.3100
LINKUSDT,2026.05.29,11:30:00,8.971000,8.972000,8.944000,8.953000,80409.7300
LINKUSDT,2026.05.29,11:45:00,8.953000,8.956000,8.911000,8.940000,189113.1600
LINKUSDT,2026.05.29,12:00:00,8.941000,8.942000,8.910000,8.919000,106887.9100
LINKUSDT,2026.05.29,12:15:00,8.919000,8.933000,8.909000,8.918000,60676.5900
LINKUSDT,2026.05.29,12:30:00,8.919000,8.926000,8.871000,8.886000,264105.6900
LINKUSDT,2026.05.29,12:45:00,8.885000,8.907000,8.868000,8.886000,165671.4100
LINKUSDT,2026.05.29,13:00:00,8.885000,8.886000,8.854000,8.868000,174627.5400
LINKUSDT,2026.05.29,13:15:00,8.869000,8.882000,8.865000,8.881000,80700.8600
LINKUSDT,2026.05.29,13:30:00,8.880000,8.917000,8.849000,8.915000,221952.1200
LINKUSDT,2026.05.29,13:45:00,8.915000,8.924000,8.879000,8.895000,90699.4500
LINKUSDT,2026.05.29,14:00:00,8.895000,8.911000,8.875000,8.900000,99826.8000
LINKUSDT,2026.05.29,14:15:00,8.900000,8.906000,8.785000,8.843000,455433.1600
LINKUSDT,2026.05.29,14:30:00,8.842000,8.862000,8.789000,8.802000,221830.4200
LINKUSDT,2026.05.29,14:45:00,8.801000,8.916000,8.796000,8.885000,429767.0200
LINKUSDT,2026.05.29,15:00:00,8.885000,8.994000,8.875000,8.978000,329371.1800
LINKUSDT,2026.05.29,15:15:00,8.978000,9.090000,8.956000,9.041000,746381.0100
LINKUSDT,2026.05.29,15:30:00,9.041000,9.133000,9.039000,9.067000,554643.0300
LINKUSDT,2026.05.29,15:45:00,9.066000,9.074000,9.044000,9.064000,176382.8400
LINKUSDT,2026.05.29,16:00:00,9.065000,9.096000,9.058000,9.082000,161592.0900
LINKUSDT,2026.05.29,16:15:00,9.082000,9.090000,9.010000,9.021000,175652.8200
LINKUSDT,2026.05.29,16:30:00,9.020000,9.109000,9.019000,9.102000,282049.3800
LINKUSDT,2026.05.29,16:45:00,9.101000,9.108000,9.076000,9.097000,103182.3100
LINKUSDT,2026.05.29,17:00:00,9.097000,9.111000,9.065000,9.103000,125760.8400
LINKUSDT,2026.05.29,17:15:00,9.103000,9.130000,9.094000,9.114000,205877.7000
LINKUSDT,2026.05.29,17:30:00,9.114000,9.127000,9.101000,9.102000,81695.8300
LINKUSDT,2026.05.29,17:45:00,9.101000,9.103000,9.040000,9.049000,177972.5000
LINKUSDT,2026.05.29,18:00:00,9.050000,9.078000,9.036000,9.070000,104144.6900
LINKUSDT,2026.05.29,18:15:00,9.070000,9.070000,9.020000,9.025000,106572.0800
LINKUSDT,2026.05.29,18:30:00,9.026000,9.044000,9.016000,9.037000,71647.3700
LINKUSDT,2026.05.29,18:45:00,9.037000,9.037000,8.941000,8.975000,293194.8500
LINKUSDT,2026.05.29,19:00:00,8.975000,8.995000,8.955000,8.960000,120826.6700
LINKUSDT,2026.05.29,19:15:00,8.959000,8.964000,8.914000,8.958000,149011.1000
LINKUSDT,2026.05.29,19:30:00,8.958000,9.017000,8.958000,9.014000,85725.6500
LINKUSDT,2026.05.29,19:45:00,9.014000,9.014000,8.993000,8.996000,61750.9000
LINKUSDT,2026.05.29,20:00:00,8.996000,9.017000,8.990000,9.009000,173739.7800
LINKUSDT,2026.05.29,20:15:00,9.008000,9.022000,8.995000,9.016000,55175.8000
LINKUSDT,2026.05.29,20:30:00,9.016000,9.028000,9.012000,9.018000,23478.9400
LINKUSDT,2026.05.29,20:45:00,9.018000,9.023000,8.989000,9.004000,33466.6100
LINKUSDT,2026.05.29,21:00:00,9.004000,9.042000,8.999000,9.031000,49118.0500
LINKUSDT,2026.05.29,21:15:00,9.032000,9.033000,8.986000,8.991000,103790.7200
LINKUSDT,2026.05.29,21:30:00,8.990000,9.013000,8.980000,9.013000,52455.2900
LINKUSDT,2026.05.29,21:45:00,9.013000,9.014000,8.955000,8.958000,64020.5500
LINKUSDT,2026.05.29,22:00:00,8.959000,8.980000,8.946000,8.966000,133829.4700
LINKUSDT,2026.05.29,22:15:00,8.965000,9.004000,8.965000,8.989000,41214.3900
LINKUSDT,2026.05.29,22:30:00,8.990000,8.994000,8.977000,8.983000,34172.3100
LINKUSDT,2026.05.29,22:45:00,8.983000,8.995000,8.970000,8.988000,25853.1000
LINKUSDT,2026.05.29,23:00:00,8.988000,9.007000,8.979000,8.995000,135751.8600
LINKUSDT,2026.05.29,23:15:00,8.995000,9.004000,8.977000,8.992000,69837.2800
LINKUSDT,2026.05.29,23:30:00,8.991000,9.011000,8.980000,9.010000,92141.9400
LINKUSDT,2026.05.29,23:45:00,9.011000,9.031000,9.003000,9.017000,128016.2800
LINKUSDT,2026.05.30,00:00:00,9.017000,9.048000,9.013000,9.039000,196985.4600
LINKUSDT,2026.05.30,00:15:00,9.039000,9.069000,9.039000,9.046000,152626.8700
LINKUSDT,2026.05.30,00:30:00,9.046000,9.084000,9.036000,9.080000,128581.3700
LINKUSDT,2026.05.30,00:45:00,9.080000,9.108000,9.073000,9.099000,144228.0800
LINKUSDT,2026.05.30,01:00:00,9.099000,9.138000,9.088000,9.132000,198849.6300
LINKUSDT,2026.05.30,01:15:00,9.132000,9.168000,9.117000,9.159000,309968.5000
LINKUSDT,2026.05.30,01:30:00,9.158000,9.198000,9.151000,9.162000,350700.0600
LINKUSDT,2026.05.30,01:45:00,9.161000,9.192000,9.161000,9.185000,143317.8700
LINKUSDT,2026.05.30,02:00:00,9.185000,9.213000,9.183000,9.206000,165045.7600
LINKUSDT,2026.05.30,02:15:00,9.206000,9.212000,9.186000,9.194000,177688.4400
LINKUSDT,2026.05.30,02:30:00,9.194000,9.242000,9.191000,9.227000,153589.7600
LINKUSDT,2026.05.30,02:45:00,9.227000,9.273000,9.222000,9.269000,219992.4200
LINKUSDT,2026.05.30,03:00:00,9.269000,9.310000,9.264000,9.304000,334444.5500
LINKUSDT,2026.05.30,03:15:00,9.303000,9.305000,9.261000,9.274000,151485.6600
LINKUSDT,2026.05.30,03:30:00,9.274000,9.274000,9.220000,9.226000,163324.4100
LINKUSDT,2026.05.30,03:45:00,9.226000,9.255000,9.225000,9.240000,128050.7000
LINKUSDT,2026.05.30,04:00:00,9.240000,9.275000,9.203000,9.240000,214063.9900
LINKUSDT,2026.05.30,04:15:00,9.239000,9.240000,9.100000,9.132000,711341.0700
LINKUSDT,2026.05.30,04:30:00,9.132000,9.132000,9.081000,9.118000,510316.9400
LINKUSDT,2026.05.30,04:45:00,9.118000,9.154000,9.113000,9.141000,335892.1100
LINKUSDT,2026.05.30,05:00:00,9.141000,9.190000,9.107000,9.168000,232717.3500
LINKUSDT,2026.05.30,05:15:00,9.168000,9.175000,9.146000,9.150000,93751.6100
LINKUSDT,2026.05.30,05:30:00,9.150000,9.162000,9.148000,9.160000,42142.6600
LINKUSDT,2026.05.30,05:45:00,9.160000,9.178000,9.156000,9.167000,45776.0700
LINKUSDT,2026.05.30,06:00:00,9.168000,9.174000,9.147000,9.155000,60820.2900
LINKUSDT,2026.05.30,06:15:00,9.155000,9.196000,9.154000,9.194000,54420.8700
LINKUSDT,2026.05.30,06:30:00,9.194000,9.204000,9.182000,9.186000,88881.9400
LINKUSDT,2026.05.30,06:45:00,9.185000,9.188000,9.157000,9.165000,53279.3400
LINKUSDT,2026.05.30,07:00:00,9.164000,9.165000,9.132000,9.136000,130402.6800
LINKUSDT,2026.05.30,07:15:00,9.136000,9.164000,9.135000,9.163000,42783.9800
LINKUSDT,2026.05.30,07:30:00,9.163000,9.169000,9.133000,9.134000,51955.8400
LINKUSDT,2026.05.30,07:45:00,9.134000,9.157000,9.130000,9.157000,42779.5700
LINKUSDT,2026.05.30,08:00:00,9.157000,9.162000,9.141000,9.149000,66260.8200
LINKUSDT,2026.05.30,08:15:00,9.148000,9.151000,9.134000,9.136000,33540.9300
LINKUSDT,2026.05.30,08:30:00,9.135000,9.137000,9.117000,9.124000,98052.4000
LINKUSDT,2026.05.30,08:45:00,9.123000,9.132000,9.116000,9.124000,54828.3100
LINKUSDT,2026.05.30,09:00:00,9.124000,9.142000,9.111000,9.133000,81747.0800
LINKUSDT,2026.05.30,09:15:00,9.133000,9.143000,9.121000,9.141000,41951.3000
LINKUSDT,2026.05.30,09:30:00,9.140000,9.154000,9.140000,9.149000,44331.1100
LINKUSDT,2026.05.30,09:45:00,9.149000,9.165000,9.144000,9.155000,79444.8700
LINKUSDT,2026.05.30,10:00:00,9.156000,9.159000,9.147000,9.150000,34247.4200
LINKUSDT,2026.05.30,10:15:00,9.150000,9.176000,9.150000,9.153000,56446.1600
LINKUSDT,2026.05.30,10:30:00,9.154000,9.156000,9.140000,9.149000,35679.8500
LINKUSDT,2026.05.30,10:45:00,9.149000,9.153000,9.131000,9.136000,34344.8500
LINKUSDT,2026.05.30,11:00:00,9.136000,9.143000,9.125000,9.127000,44364.8100
LINKUSDT,2026.05.30,11:15:00,9.126000,9.142000,9.106000,9.137000,106375.3400
LINKUSDT,2026.05.30,11:30:00,9.137000,9.165000,9.136000,9.143000,72968.0600
LINKUSDT,2026.05.30,11:45:00,9.143000,9.146000,9.125000,9.133000,66268.6400
LINKUSDT,2026.05.30,12:00:00,9.134000,9.140000,9.123000,9.132000,79359.2600
LINKUSDT,2026.05.30,12:15:00,9.131000,9.143000,9.127000,9.139000,57806.9900
LINKUSDT,2026.05.30,12:30:00,9.139000,9.152000,9.132000,9.141000,81106.9800
LINKUSDT,2026.05.30,12:45:00,9.141000,9.159000,9.129000,9.154000,43646.7600
LINKUSDT,2026.05.30,13:00:00,9.154000,9.170000,9.153000,9.163000,53253.4800
LINKUSDT,2026.05.30,13:15:00,9.163000,9.186000,9.155000,9.164000,74965.5500
LINKUSDT,2026.05.30,13:30:00,9.165000,9.167000,9.133000,9.162000,49823.7900
LINKUSDT,2026.05.30,13:45:00,9.162000,9.187000,9.161000,9.181000,83070.4800
LINKUSDT,2026.05.30,14:00:00,9.181000,9.195000,9.175000,9.176000,81073.1800
LINKUSDT,2026.05.30,14:15:00,9.176000,9.207000,9.163000,9.202000,98093.0100
LINKUSDT,2026.05.30,14:30:00,9.202000,9.211000,9.190000,9.197000,72750.1800
LINKUSDT,2026.05.30,14:45:00,9.196000,9.218000,9.186000,9.214000,76524.1400
LINKUSDT,2026.05.30,15:00:00,9.213000,9.235000,9.194000,9.231000,129885.9400
LINKUSDT,2026.05.30,15:15:00,9.230000,9.233000,9.197000,9.217000,94818.9800
LINKUSDT,2026.05.30,15:30:00,9.217000,9.220000,9.178000,9.183000,98907.3600
LINKUSDT,2026.05.30,15:45:00,9.183000,9.213000,9.183000,9.197000,67449.2200
LINKUSDT,2026.05.30,16:00:00,9.198000,9.230000,9.187000,9.222000,128023.7900
LINKUSDT,2026.05.30,16:15:00,9.221000,9.229000,9.206000,9.217000,37156.5800
LINKUSDT,2026.05.30,16:30:00,9.217000,9.232000,9.213000,9.222000,92046.5800
LINKUSDT,2026.05.30,16:45:00,9.222000,9.239000,9.219000,9.236000,110018.5700
LINKUSDT,2026.05.30,17:00:00,9.236000,9.251000,9.208000,9.224000,99074.8400
LINKUSDT,2026.05.30,17:15:00,9.223000,9.243000,9.214000,9.222000,77136.9900
LINKUSDT,2026.05.30,17:30:00,9.222000,9.227000,9.183000,9.226000,109786.9400
LINKUSDT,2026.05.30,17:45:00,9.226000,9.251000,9.226000,9.246000,38915.8200
LINKUSDT,2026.05.30,18:00:00,9.245000,9.254000,9.235000,9.236000,50671.4200
LINKUSDT,2026.05.30,18:15:00,9.236000,9.246000,9.208000,9.209000,51251.6600
LINKUSDT,2026.05.30,18:30:00,9.208000,9.248000,9.208000,9.248000,40495.5000
LINKUSDT,2026.05.30,18:45:00,9.248000,9.258000,9.240000,9.251000,46443.2600
LINKUSDT,2026.05.30,19:00:00,9.251000,9.256000,9.238000,9.245000,55616.0800
LINKUSDT,2026.05.30,19:15:00,9.246000,9.258000,9.232000,9.234000,35339.4600
LINKUSDT,2026.05.30,19:30:00,9.234000,9.241000,9.216000,9.241000,71115.2900
LINKUSDT,2026.05.30,19:45:00,9.241000,9.263000,9.241000,9.258000,47081.7100
LINKUSDT,2026.05.30,20:00:00,9.258000,9.266000,9.240000,9.246000,47833.9700
LINKUSDT,2026.05.30,20:15:00,9.245000,9.258000,9.245000,9.249000,25951.1900
LINKUSDT,2026.05.30,20:30:00,9.249000,9.252000,9.239000,9.241000,55917.4200
LINKUSDT,2026.05.30,20:45:00,9.240000,9.256000,9.237000,9.253000,30178.3200
LINKUSDT,2026.05.30,21:00:00,9.254000,9.276000,9.250000,9.265000,120395.3300
LINKUSDT,2026.05.30,21:15:00,9.265000,9.272000,9.255000,9.263000,61476.2400
LINKUSDT,2026.05.30,21:30:00,9.262000,9.284000,9.258000,9.271000,87414.1400
LINKUSDT,2026.05.30,21:45:00,9.271000,9.284000,9.257000,9.259000,45031.1300
LINKUSDT,2026.05.30,22:00:00,9.260000,9.260000,9.205000,9.224000,125969.0600
LINKUSDT,2026.05.30,22:15:00,9.224000,9.229000,9.189000,9.201000,90969.5000
LINKUSDT,2026.05.30,22:30:00,9.200000,9.201000,9.165000,9.167000,79982.3800
LINKUSDT,2026.05.30,22:45:00,9.167000,9.189000,9.166000,9.188000,44998.4000
LINKUSDT,2026.05.30,23:00:00,9.187000,9.209000,9.165000,9.170000,71047.6500
LINKUSDT,2026.05.30,23:15:00,9.170000,9.186000,9.163000,9.179000,46595.7200
LINKUSDT,2026.05.30,23:30:00,9.178000,9.178000,9.156000,9.158000,49676.4200
LINKUSDT,2026.05.30,23:45:00,9.158000,9.187000,9.156000,9.187000,79669.3400
LINKUSDT,2026.05.31,00:00:00,9.187000,9.207000,9.177000,9.193000,154533.6800
LINKUSDT,2026.05.31,00:15:00,9.192000,9.227000,9.192000,9.202000,112676.9200
LINKUSDT,2026.05.31,00:30:00,9.201000,9.219000,9.194000,9.208000,50318.4200
LINKUSDT,2026.05.31,00:45:00,9.208000,9.228000,9.197000,9.220000,66333.9800
LINKUSDT,2026.05.31,01:00:00,9.219000,9.238000,9.215000,9.232000,118276.0500
LINKUSDT,2026.05.31,01:15:00,9.232000,9.272000,9.232000,9.244000,99408.7300
LINKUSDT,2026.05.31,01:30:00,9.243000,9.271000,9.225000,9.229000,68272.7600
LINKUSDT,2026.05.31,01:45:00,9.228000,9.253000,9.228000,9.241000,41986.8600
LINKUSDT,2026.05.31,02:00:00,9.240000,9.273000,9.237000,9.273000,34023.5300
LINKUSDT,2026.05.31,02:15:00,9.273000,9.298000,9.234000,9.234000,151770.3700
LINKUSDT,2026.05.31,02:30:00,9.234000,9.252000,9.218000,9.241000,65353.3400
LINKUSDT,2026.05.31,02:45:00,9.241000,9.279000,9.235000,9.269000,48845.2600
LINKUSDT,2026.05.31,03:00:00,9.269000,9.277000,9.246000,9.257000,66870.9600
LINKUSDT,2026.05.31,03:15:00,9.257000,9.272000,9.249000,9.269000,37399.2900
LINKUSDT,2026.05.31,03:30:00,9.269000,9.278000,9.251000,9.260000,39107.8200
LINKUSDT,2026.05.31,03:45:00,9.260000,9.273000,9.253000,9.256000,33146.4000
LINKUSDT,2026.05.31,04:00:00,9.256000,9.259000,9.230000,9.233000,43930.1000
LINKUSDT,2026.05.31,04:15:00,9.233000,9.256000,9.230000,9.244000,98417.4800
LINKUSDT,2026.05.31,04:30:00,9.244000,9.249000,9.233000,9.238000,38816.5200
LINKUSDT,2026.05.31,04:45:00,9.237000,9.256000,9.229000,9.252000,31476.3800
LINKUSDT,2026.05.31,05:00:00,9.251000,9.251000,9.230000,9.233000,55948.9300
LINKUSDT,2026.05.31,05:15:00,9.233000,9.241000,9.223000,9.240000,43856.9400
LINKUSDT,2026.05.31,05:30:00,9.240000,9.260000,9.223000,9.226000,246341.3600
LINKUSDT,2026.05.31,05:45:00,9.225000,9.236000,9.219000,9.227000,48230.0600
LINKUSDT,2026.05.31,06:00:00,9.226000,9.227000,9.211000,9.217000,62417.0800
LINKUSDT,2026.05.31,06:15:00,9.217000,9.222000,9.200000,9.212000,69417.8700
LINKUSDT,2026.05.31,06:30:00,9.211000,9.236000,9.209000,9.215000,102816.8000
LINKUSDT,2026.05.31,06:45:00,9.215000,9.236000,9.215000,9.222000,39896.7500
LINKUSDT,2026.05.31,07:00:00,9.223000,9.223000,9.188000,9.196000,144081.5300
LINKUSDT,2026.05.31,07:15:00,9.196000,9.202000,9.176000,9.181000,68212.9100
LINKUSDT,2026.05.31,07:30:00,9.180000,9.203000,9.165000,9.189000,133694.0900
LINKUSDT,2026.05.31,07:45:00,9.189000,9.202000,9.185000,9.197000,37778.7200
LINKUSDT,2026.05.31,08:00:00,9.196000,9.223000,9.196000,9.221000,83863.9500
LINKUSDT,2026.05.31,08:15:00,9.221000,9.250000,9.220000,9.244000,72789.2000
LINKUSDT,2026.05.31,08:30:00,9.244000,9.247000,9.216000,9.229000,57884.5500
LINKUSDT,2026.05.31,08:45:00,9.229000,9.261000,9.215000,9.245000,56906.5200
LINKUSDT,2026.05.31,09:00:00,9.245000,9.255000,9.230000,9.243000,108952.2700
LINKUSDT,2026.05.31,09:15:00,9.242000,9.271000,9.237000,9.257000,52991.4200
LINKUSDT,2026.05.31,09:30:00,9.257000,9.272000,9.242000,9.261000,64314.0400
LINKUSDT,2026.05.31,09:45:00,9.260000,9.268000,9.186000,9.201000,107378.8300
LINKUSDT,2026.05.31,10:00:00,9.202000,9.212000,9.194000,9.201000,84599.0800
LINKUSDT,2026.05.31,10:15:00,9.201000,9.201000,9.154000,9.179000,224227.8600
LINKUSDT,2026.05.31,10:30:00,9.179000,9.195000,9.169000,9.181000,104462.9200
LINKUSDT,2026.05.31,10:45:00,9.180000,9.198000,9.165000,9.197000,62491.0200
LINKUSDT,2026.05.31,11:00:00,9.197000,9.212000,9.196000,9.202000,43155.8000
LINKUSDT,2026.05.31,11:15:00,9.202000,9.208000,9.181000,9.206000,53618.8800
LINKUSDT,2026.05.31,11:30:00,9.206000,9.211000,9.192000,9.208000,31267.5100
LINKUSDT,2026.05.31,11:45:00,9.209000,9.229000,9.197000,9.223000,63488.2900
LINKUSDT,2026.05.31,12:00:00,9.224000,9.224000,9.186000,9.208000,49553.4700
LINKUSDT,2026.05.31,12:15:00,9.208000,9.234000,9.207000,9.214000,52884.8800
LINKUSDT,2026.05.31,12:30:00,9.214000,9.229000,9.205000,9.229000,27723.4500
LINKUSDT,2026.05.31,12:45:00,9.228000,9.229000,9.201000,9.211000,56086.6200
LINKUSDT,2026.05.31,13:00:00,9.211000,9.231000,9.202000,9.229000,47883.5600
LINKUSDT,2026.05.31,13:15:00,9.229000,9.262000,9.224000,9.248000,80976.2700
LINKUSDT,2026.05.31,13:30:00,9.249000,9.254000,9.215000,9.220000,52991.1800
LINKUSDT,2026.05.31,13:45:00,9.219000,9.227000,9.198000,9.206000,37210.9500
LINKUSDT,2026.05.31,14:00:00,9.207000,9.213000,9.122000,9.132000,293635.9600
LINKUSDT,2026.05.31,14:15:00,9.132000,9.155000,9.029000,9.099000,855662.2200
LINKUSDT,2026.05.31,14:30:00,9.099000,9.123000,9.076000,9.092000,267814.2300
LINKUSDT,2026.05.31,14:45:00,9.091000,9.117000,9.084000,9.094000,87427.6800
LINKUSDT,2026.05.31,15:00:00,9.094000,9.105000,9.089000,9.103000,76887.4900
LINKUSDT,2026.05.31,15:15:00,9.102000,9.144000,9.098000,9.134000,57000.5200
LINKUSDT,2026.05.31,15:30:00,9.133000,9.134000,9.101000,9.105000,86368.4800
LINKUSDT,2026.05.31,15:45:00,9.105000,9.115000,9.088000,9.092000,55191.9900
LINKUSDT,2026.05.31,16:00:00,9.091000,9.108000,9.069000,9.075000,75349.7500
LINKUSDT,2026.05.31,16:15:00,9.075000,9.087000,9.047000,9.070000,126276.4200
LINKUSDT,2026.05.31,16:30:00,9.069000,9.069000,9.013000,9.031000,260701.5100
LINKUSDT,2026.05.31,16:45:00,9.030000,9.036000,9.016000,9.028000,77929.0800
LINKUSDT,2026.05.31,17:00:00,9.028000,9.045000,9.010000,9.025000,81315.8900
LINKUSDT,2026.05.31,17:15:00,9.026000,9.049000,9.026000,9.043000,59535.1100
LINKUSDT,2026.05.31,17:30:00,9.044000,9.064000,9.043000,9.056000,57934.4500
LINKUSDT,2026.05.31,17:45:00,9.056000,9.065000,9.050000,9.058000,45847.1800
LINKUSDT,2026.05.31,18:00:00,9.059000,9.059000,9.038000,9.043000,42776.0400
LINKUSDT,2026.05.31,18:15:00,9.043000,9.046000,9.029000,9.036000,45250.1700
LINKUSDT,2026.05.31,18:30:00,9.036000,9.059000,9.035000,9.047000,33316.9400
LINKUSDT,2026.05.31,18:45:00,9.047000,9.052000,9.035000,9.048000,29908.0700
LINKUSDT,2026.05.31,19:00:00,9.049000,9.057000,9.009000,9.014000,360959.3900
LINKUSDT,2026.05.31,19:15:00,9.014000,9.031000,8.986000,9.016000,143499.2400
LINKUSDT,2026.05.31,19:30:00,9.016000,9.027000,8.984000,9.025000,77552.1900
LINKUSDT,2026.05.31,19:45:00,9.025000,9.042000,9.023000,9.034000,35714.3600
LINKUSDT,2026.05.31,20:00:00,9.035000,9.066000,9.035000,9.061000,71271.4200
LINKUSDT,2026.05.31,20:15:00,9.062000,9.077000,9.054000,9.069000,40205.2600
LINKUSDT,2026.05.31,20:30:00,9.070000,9.078000,9.062000,9.068000,24893.1700
LINKUSDT,2026.05.31,20:45:00,9.069000,9.101000,9.068000,9.091000,41269.9500
LINKUSDT,2026.05.31,21:00:00,9.091000,9.095000,9.077000,9.081000,58394.9700
LINKUSDT,2026.05.31,21:15:00,9.081000,9.107000,9.079000,9.081000,60416.5500
LINKUSDT,2026.05.31,21:30:00,9.082000,9.099000,9.077000,9.099000,29683.4700
LINKUSDT,2026.05.31,21:45:00,9.099000,9.136000,9.099000,9.135000,90611.6400
LINKUSDT,2026.05.31,22:00:00,9.136000,9.150000,9.101000,9.145000,100978.3700
LINKUSDT,2026.05.31,22:15:00,9.146000,9.163000,9.123000,9.135000,71687.3500
LINKUSDT,2026.05.31,22:30:00,9.134000,9.160000,9.132000,9.146000,57646.0600
LINKUSDT,2026.05.31,22:45:00,9.147000,9.164000,9.145000,9.152000,39384.9800
LINKUSDT,2026.05.31,23:00:00,9.153000,9.218000,9.153000,9.163000,200596.6000
LINKUSDT,2026.05.31,23:15:00,9.164000,9.174000,9.136000,9.139000,54424.5600
LINKUSDT,2026.05.31,23:30:00,9.140000,9.141000,9.087000,9.105000,139990.0200
LINKUSDT,2026.05.31,23:45:00,9.105000,9.148000,9.101000,9.143000,112365.5600
LINKUSDT,2026.06.01,00:00:00,9.142000,9.177000,9.134000,9.153000,193236.8100
LINKUSDT,2026.06.01,00:15:00,9.154000,9.179000,9.138000,9.173000,65966.5400
LINKUSDT,2026.06.01,00:30:00,9.173000,9.194000,9.162000,9.183000,65872.3300
LINKUSDT,2026.06.01,00:45:00,9.182000,9.198000,9.173000,9.176000,49622.8900
LINKUSDT,2026.06.01,01:00:00,9.177000,9.181000,9.119000,9.122000,155267.0900
LINKUSDT,2026.06.01,01:15:00,9.122000,9.134000,9.110000,9.111000,51941.3300
LINKUSDT,2026.06.01,01:30:00,9.111000,9.129000,9.077000,9.085000,106305.2700
LINKUSDT,2026.06.01,01:45:00,9.085000,9.100000,9.037000,9.038000,140567.7700
LINKUSDT,2026.06.01,02:00:00,9.038000,9.102000,9.022000,9.099000,153415.5600
LINKUSDT,2026.06.01,02:15:00,9.099000,9.103000,9.078000,9.096000,60822.1600
LINKUSDT,2026.06.01,02:30:00,9.097000,9.180000,9.079000,9.155000,141757.0000
LINKUSDT,2026.06.01,02:45:00,9.155000,9.178000,9.151000,9.164000,113181.6300
LINKUSDT,2026.06.01,03:00:00,9.164000,9.212000,9.164000,9.177000,150385.4300
LINKUSDT,2026.06.01,03:15:00,9.178000,9.200000,9.156000,9.186000,100426.9600
LINKUSDT,2026.06.01,03:30:00,9.186000,9.203000,9.164000,9.186000,138670.9000
LINKUSDT,2026.06.01,03:45:00,9.186000,9.196000,9.164000,9.174000,54559.9400
LINKUSDT,2026.06.01,04:00:00,9.174000,9.194000,9.134000,9.141000,135858.8400
LINKUSDT,2026.06.01,04:15:00,9.142000,9.147000,9.094000,9.095000,158400.7400
LINKUSDT,2026.06.01,04:30:00,9.094000,9.123000,9.093000,9.117000,129737.8300
LINKUSDT,2026.06.01,04:45:00,9.118000,9.124000,9.062000,9.113000,225705.1800
LINKUSDT,2026.06.01,05:00:00,9.113000,9.121000,9.082000,9.101000,112723.2000
LINKUSDT,2026.06.01,05:15:00,9.102000,9.105000,9.049000,9.058000,132098.0800
LINKUSDT,2026.06.01,05:30:00,9.059000,9.074000,9.036000,9.072000,142193.1300
LINKUSDT,2026.06.01,05:45:00,9.072000,9.096000,9.046000,9.051000,65669.6900
LINKUSDT,2026.06.01,06:00:00,9.052000,9.060000,9.018000,9.041000,136357.2300
LINKUSDT,2026.06.01,06:15:00,9.042000,9.049000,9.005000,9.011000,96052.9800
LINKUSDT,2026.06.01,06:30:00,9.011000,9.014000,8.965000,8.970000,346155.5300
LINKUSDT,2026.06.01,06:45:00,8.971000,9.021000,8.967000,9.009000,92524.1500
LINKUSDT,2026.06.01,07:00:00,9.009000,9.039000,8.995000,9.028000,65316.5600
LINKUSDT,2026.06.01,07:15:00,9.028000,9.033000,8.998000,8.998000,72975.0900
LINKUSDT,2026.06.01,07:30:00,8.997000,9.016000,8.975000,8.998000,70810.1200
LINKUSDT,2026.06.01,07:45:00,8.998000,9.009000,8.951000,8.961000,145790.2700
LINKUSDT,2026.06.01,08:00:00,8.962000,8.990000,8.956000,8.975000,96105.4800
LINKUSDT,2026.06.01,08:15:00,8.976000,8.991000,8.940000,8.957000,99933.9000
LINKUSDT,2026.06.01,08:30:00,8.957000,8.997000,8.927000,8.974000,203335.0100
LINKUSDT,2026.06.01,08:45:00,8.975000,8.999000,8.974000,8.996000,71547.5100
LINKUSDT,2026.06.01,09:00:00,8.997000,9.023000,8.995000,9.013000,93066.9900
LINKUSDT,2026.06.01,09:15:00,9.014000,9.031000,9.008000,9.009000,88457.2500
LINKUSDT,2026.06.01,09:30:00,9.010000,9.024000,8.995000,9.022000,61369.7000
LINKUSDT,2026.06.01,09:45:00,9.022000,9.045000,9.009000,9.022000,137335.9400
LINKUSDT,2026.06.01,10:00:00,9.023000,9.030000,8.993000,8.998000,89371.6200
LINKUSDT,2026.06.01,10:15:00,8.997000,9.018000,8.989000,8.996000,54353.6000
LINKUSDT,2026.06.01,10:30:00,8.997000,9.012000,8.978000,8.998000,42010.5800
LINKUSDT,2026.06.01,10:45:00,8.998000,9.032000,8.998000,9.015000,57975.1700
LINKUSDT,2026.06.01,11:00:00,9.015000,9.037000,9.006000,9.028000,49055.9000
LINKUSDT,2026.06.01,11:15:00,9.027000,9.046000,9.022000,9.029000,34044.7300
LINKUSDT,2026.06.01,11:30:00,9.029000,9.039000,9.018000,9.034000,39471.3500
LINKUSDT,2026.06.01,11:45:00,9.034000,9.038000,8.964000,8.996000,157564.0000
LINKUSDT,2026.06.01,12:00:00,8.997000,9.018000,8.911000,8.952000,302109.7400
LINKUSDT,2026.06.01,12:15:00,8.953000,9.015000,8.948000,9.006000,164222.0100
LINKUSDT,2026.06.01,12:30:00,9.006000,9.029000,8.995000,9.027000,101081.2600
LINKUSDT,2026.06.01,12:45:00,9.027000,9.033000,8.996000,9.001000,69570.0700
LINKUSDT,2026.06.01,13:00:00,9.001000,9.006000,8.911000,8.932000,199486.3000
LINKUSDT,2026.06.01,13:15:00,8.932000,8.977000,8.926000,8.941000,179317.5600
LINKUSDT,2026.06.01,13:30:00,8.941000,8.987000,8.930000,8.942000,193033.4700
LINKUSDT,2026.06.01,13:45:00,8.943000,8.963000,8.841000,8.902000,800252.7600
LINKUSDT,2026.06.01,14:00:00,8.903000,8.922000,8.860000,8.891000,274653.4200
LINKUSDT,2026.06.01,14:15:00,8.890000,8.915000,8.869000,8.871000,194635.9500
LINKUSDT,2026.06.01,14:30:00,8.870000,8.892000,8.857000,8.882000,153354.6500
LINKUSDT,2026.06.01,14:45:00,8.882000,8.905000,8.855000,8.874000,119751.6900
LINKUSDT,2026.06.01,15:00:00,8.874000,8.924000,8.874000,8.905000,124833.8000
LINKUSDT,2026.06.01,15:15:00,8.904000,8.908000,8.844000,8.853000,190694.1800
LINKUSDT,2026.06.01,15:30:00,8.853000,8.965000,8.850000,8.929000,229699.5500
LINKUSDT,2026.06.01,15:45:00,8.929000,8.935000,8.902000,8.907000,80611.4700
LINKUSDT,2026.06.01,16:00:00,8.908000,8.927000,8.858000,8.895000,260587.5100
LINKUSDT,2026.06.01,16:15:00,8.894000,8.935000,8.887000,8.935000,129128.3800
LINKUSDT,2026.06.01,16:30:00,8.936000,8.956000,8.928000,8.949000,98180.9200
LINKUSDT,2026.06.01,16:45:00,8.950000,9.008000,8.950000,9.003000,215767.3700
LINKUSDT,2026.06.01,17:00:00,9.003000,9.041000,8.989000,9.017000,176393.3300
LINKUSDT,2026.06.01,17:15:00,9.018000,9.049000,8.987000,9.046000,135720.8800
LINKUSDT,2026.06.01,17:30:00,9.045000,9.107000,9.033000,9.098000,396697.8700
LINKUSDT,2026.06.01,17:45:00,9.098000,9.108000,9.058000,9.060000,128524.8500
LINKUSDT,2026.06.01,18:00:00,9.059000,9.065000,9.026000,9.035000,100222.8300
LINKUSDT,2026.06.01,18:15:00,9.036000,9.067000,9.033000,9.066000,60037.9500
LINKUSDT,2026.06.01,18:30:00,9.067000,9.081000,9.054000,9.055000,45160.1100
LINKUSDT,2026.06.01,18:45:00,9.055000,9.056000,9.027000,9.028000,78509.2800
LINKUSDT,2026.06.01,19:00:00,9.028000,9.034000,9.015000,9.032000,65947.6500
LINKUSDT,2026.06.01,19:15:00,9.033000,9.083000,9.024000,9.081000,79227.2500
LINKUSDT,2026.06.01,19:30:00,9.080000,9.092000,9.065000,9.083000,44430.2600
LINKUSDT,2026.06.01,19:45:00,9.083000,9.084000,9.063000,9.079000,44704.1200
LINKUSDT,2026.06.01,20:00:00,9.079000,9.084000,9.040000,9.062000,90770.1100
LINKUSDT,2026.06.01,20:15:00,9.063000,9.082000,9.050000,9.062000,39367.2300
LINKUSDT,2026.06.01,20:30:00,9.062000,9.079000,9.053000,9.074000,47143.9800
LINKUSDT,2026.06.01,20:45:00,9.075000,9.077000,9.042000,9.057000,52979.5100
LINKUSDT,2026.06.01,21:00:00,9.058000,9.062000,8.999000,9.016000,144453.5800
LINKUSDT,2026.06.01,21:15:00,9.017000,9.021000,8.987000,9.010000,71214.7700
LINKUSDT,2026.06.01,21:30:00,9.010000,9.011000,8.977000,8.984000,46706.8600
LINKUSDT,2026.06.01,21:45:00,8.985000,9.008000,8.974000,8.983000,40549.7100
LINKUSDT,2026.06.01,22:00:00,8.983000,8.983000,8.938000,8.959000,157737.1100
LINKUSDT,2026.06.01,22:15:00,8.960000,9.012000,8.952000,9.006000,95500.0300
LINKUSDT,2026.06.01,22:30:00,9.006000,9.007000,8.958000,8.977000,43239.0100
LINKUSDT,2026.06.01,22:45:00,8.978000,9.046000,8.978000,9.039000,61354.1700
LINKUSDT,2026.06.01,23:00:00,9.040000,9.068000,9.030000,9.051000,89109.5100
LINKUSDT,2026.06.01,23:15:00,9.051000,9.077000,9.029000,9.030000,54569.0900
LINKUSDT,2026.06.01,23:30:00,9.030000,9.074000,9.020000,9.060000,85613.9200
LINKUSDT,2026.06.01,23:45:00,9.061000,9.067000,9.035000,9.053000,48950.5000
LINKUSDT,2026.06.02,00:00:00,9.053000,9.069000,9.040000,9.042000,138787.5900
LINKUSDT,2026.06.02,00:15:00,9.042000,9.049000,9.001000,9.010000,111286.1000
LINKUSDT,2026.06.02,00:30:00,9.011000,9.029000,8.996000,9.008000,45093.0400
LINKUSDT,2026.06.02,00:45:00,9.008000,9.016000,8.997000,8.999000,26082.1800
LINKUSDT,2026.06.02,01:00:00,9.000000,9.003000,8.969000,9.001000,110093.6100
LINKUSDT,2026.06.02,01:15:00,9.001000,9.012000,8.966000,8.969000,96684.5200
LINKUSDT,2026.06.02,01:30:00,8.968000,8.970000,8.900000,8.942000,232865.7500
LINKUSDT,2026.06.02,01:45:00,8.942000,8.943000,8.892000,8.898000,122934.9900
LINKUSDT,2026.06.02,02:00:00,8.898000,8.902000,8.801000,8.857000,431445.8600
LINKUSDT,2026.06.02,02:15:00,8.857000,8.929000,8.830000,8.928000,288494.9700
LINKUSDT,2026.06.02,02:30:00,8.928000,8.945000,8.887000,8.888000,188380.6200
LINKUSDT,2026.06.02,02:45:00,8.888000,8.987000,8.887000,8.985000,367912.8000
LINKUSDT,2026.06.02,03:00:00,8.985000,9.014000,8.965000,8.980000,200026.3200
LINKUSDT,2026.06.02,03:15:00,8.980000,9.002000,8.965000,8.998000,109924.0400
LINKUSDT,2026.06.02,03:30:00,8.998000,9.012000,8.987000,9.007000,87718.4800
LINKUSDT,2026.06.02,03:45:00,9.007000,9.030000,8.992000,9.014000,86011.9600
LINKUSDT,2026.06.02,04:00:00,9.015000,9.027000,8.943000,8.950000,368100.0800
LINKUSDT,2026.06.02,04:15:00,8.951000,8.989000,8.951000,8.979000,45329.9500
LINKUSDT,2026.06.02,04:30:00,8.978000,9.003000,8.964000,8.985000,66668.7500
LINKUSDT,2026.06.02,04:45:00,8.985000,8.985000,8.942000,8.944000,79578.8200
LINKUSDT,2026.06.02,05:00:00,8.943000,8.971000,8.909000,8.965000,136367.8700
LINKUSDT,2026.06.02,05:15:00,8.965000,8.968000,8.912000,8.913000,76919.9800
LINKUSDT,2026.06.02,05:30:00,8.913000,8.933000,8.884000,8.915000,118765.7900
LINKUSDT,2026.06.02,05:45:00,8.915000,8.916000,8.864000,8.871000,169093.2400
LINKUSDT,2026.06.02,06:00:00,8.871000,8.883000,8.839000,8.841000,378637.0700
LINKUSDT,2026.06.02,06:15:00,8.840000,8.855000,8.816000,8.850000,344335.0100
LINKUSDT,2026.06.02,06:30:00,8.849000,8.873000,8.839000,8.840000,197817.7700
LINKUSDT,2026.06.02,06:45:00,8.840000,8.859000,8.806000,8.834000,166967.8900
LINKUSDT,2026.06.02,07:00:00,8.835000,8.842000,8.781000,8.838000,245005.9100
LINKUSDT,2026.06.02,07:15:00,8.839000,8.874000,8.818000,8.828000,110075.8800
LINKUSDT,2026.06.02,07:30:00,8.828000,8.880000,8.825000,8.873000,84322.5500
LINKUSDT,2026.06.02,07:45:00,8.873000,8.873000,8.840000,8.841000,45391.8800
LINKUSDT,2026.06.02,08:00:00,8.842000,8.858000,8.827000,8.853000,84973.0000
LINKUSDT,2026.06.02,08:15:00,8.853000,8.861000,8.826000,8.844000,73817.9900
LINKUSDT,2026.06.02,08:30:00,8.845000,8.856000,8.827000,8.829000,50396.1400
LINKUSDT,2026.06.02,08:45:00,8.828000,8.841000,8.807000,8.826000,70092.9600
LINKUSDT,2026.06.02,09:00:00,8.826000,8.828000,8.790000,8.807000,254960.1700
LINKUSDT,2026.06.02,09:15:00,8.806000,8.817000,8.769000,8.785000,171281.5100
LINKUSDT,2026.06.02,09:30:00,8.785000,8.820000,8.774000,8.805000,111517.9900
LINKUSDT,2026.06.02,09:45:00,8.805000,8.826000,8.796000,8.801000,88355.0000
LINKUSDT,2026.06.02,10:00:00,8.802000,8.862000,8.781000,8.850000,160443.1700
LINKUSDT,2026.06.02,10:15:00,8.850000,8.855000,8.829000,8.847000,284452.6600
LINKUSDT,2026.06.02,10:30:00,8.848000,8.852000,8.818000,8.821000,55700.7900
LINKUSDT,2026.06.02,10:45:00,8.821000,8.867000,8.821000,8.860000,61758.3200
LINKUSDT,2026.06.02,11:00:00,8.859000,8.859000,8.836000,8.851000,51857.7500
LINKUSDT,2026.06.02,11:15:00,8.851000,8.851000,8.803000,8.808000,299088.1500
LINKUSDT,2026.06.02,11:30:00,8.809000,8.822000,8.792000,8.810000,103815.8600
LINKUSDT,2026.06.02,11:45:00,8.809000,8.849000,8.806000,8.812000,46668.3400
LINKUSDT,2026.06.02,12:00:00,8.813000,8.824000,8.783000,8.802000,94152.4600
LINKUSDT,2026.06.02,12:15:00,8.802000,8.816000,8.784000,8.811000,53431.9900
LINKUSDT,2026.06.02,12:30:00,8.811000,8.844000,8.785000,8.842000,177692.2300
LINKUSDT,2026.06.02,12:45:00,8.841000,8.843000,8.813000,8.832000,148867.5700
LINKUSDT,2026.06.02,13:00:00,8.832000,8.855000,8.822000,8.823000,119230.4800
LINKUSDT,2026.06.02,13:15:00,8.824000,8.871000,8.824000,8.856000,62428.9400
LINKUSDT,2026.06.02,13:30:00,8.857000,8.862000,8.817000,8.841000,117688.4500
LINKUSDT,2026.06.02,13:45:00,8.842000,8.854000,8.827000,8.842000,83723.4600
LINKUSDT,2026.06.02,14:00:00,8.843000,8.850000,8.762000,8.826000,367798.5600
LINKUSDT,2026.06.02,14:15:00,8.826000,8.826000,8.570000,8.646000,1771738.6700
LINKUSDT,2026.06.02,14:30:00,8.645000,8.726000,8.604000,8.636000,655463.5500
LINKUSDT,2026.06.02,14:45:00,8.636000,8.702000,8.630000,8.670000,199148.9400
LINKUSDT,2026.06.02,15:00:00,8.670000,8.680000,8.611000,8.648000,293249.8300
LINKUSDT,2026.06.02,15:15:00,8.648000,8.651000,8.543000,8.562000,590368.0600
LINKUSDT,2026.06.02,15:30:00,8.561000,8.584000,8.475000,8.535000,945731.7100
LINKUSDT,2026.06.02,15:45:00,8.536000,8.578000,8.506000,8.562000,272114.4300
LINKUSDT,2026.06.02,16:00:00,8.562000,8.697000,8.536000,8.693000,645155.3200
LINKUSDT,2026.06.02,16:15:00,8.692000,8.738000,8.660000,8.686000,358559.7400
LINKUSDT,2026.06.02,16:30:00,8.686000,8.689000,8.650000,8.650000,205113.1000
LINKUSDT,2026.06.02,16:45:00,8.651000,8.678000,8.601000,8.603000,153299.4200
LINKUSDT,2026.06.02,17:00:00,8.603000,8.637000,8.598000,8.635000,173571.2000
LINKUSDT,2026.06.02,17:15:00,8.635000,8.672000,8.618000,8.660000,138505.3700
LINKUSDT,2026.06.02,17:30:00,8.660000,8.692000,8.635000,8.637000,142908.0400
LINKUSDT,2026.06.02,17:45:00,8.638000,8.652000,8.619000,8.641000,98800.4300
LINKUSDT,2026.06.02,18:00:00,8.642000,8.672000,8.615000,8.617000,109541.5800
LINKUSDT,2026.06.02,18:15:00,8.618000,8.623000,8.551000,8.560000,152927.9700
LINKUSDT,2026.06.02,18:30:00,8.560000,8.573000,8.536000,8.548000,132108.6600
LINKUSDT,2026.06.02,18:45:00,8.548000,8.550000,8.501000,8.543000,180518.8000
LINKUSDT,2026.06.02,19:00:00,8.543000,8.557000,8.508000,8.542000,161108.2200
LINKUSDT,2026.06.02,19:15:00,8.542000,8.547000,8.468000,8.483000,290805.2000
LINKUSDT,2026.06.02,19:30:00,8.484000,8.492000,8.370000,8.469000,745814.0500
LINKUSDT,2026.06.02,19:45:00,8.469000,8.568000,8.459000,8.521000,236744.8800
LINKUSDT,2026.06.02,20:00:00,8.521000,8.568000,8.506000,8.539000,84983.7000
LINKUSDT,2026.06.02,20:15:00,8.539000,8.542000,8.449000,8.462000,182283.7700
LINKUSDT,2026.06.02,20:30:00,8.462000,8.513000,8.459000,8.490000,380422.4900
LINKUSDT,2026.06.02,20:45:00,8.491000,8.555000,8.488000,8.532000,144010.5200
LINKUSDT,2026.06.02,21:00:00,8.533000,8.564000,8.508000,8.524000,118210.9200
LINKUSDT,2026.06.02,21:15:00,8.524000,8.577000,8.521000,8.573000,81389.8200
LINKUSDT,2026.06.02,21:30:00,8.573000,8.585000,8.554000,8.566000,67469.2600
LINKUSDT,2026.06.02,21:45:00,8.566000,8.570000,8.523000,8.528000,69851.6300
LINKUSDT,2026.06.02,22:00:00,8.528000,8.530000,8.468000,8.469000,134239.9600
LINKUSDT,2026.06.02,22:15:00,8.469000,8.532000,8.411000,8.493000,354760.9100
LINKUSDT,2026.06.02,22:30:00,8.493000,8.499000,8.435000,8.454000,228104.3100
LINKUSDT,2026.06.02,22:45:00,8.453000,8.453000,8.306000,8.344000,697088.5900
LINKUSDT,2026.06.02,23:00:00,8.345000,8.392000,8.311000,8.376000,348464.0900
LINKUSDT,2026.06.02,23:15:00,8.377000,8.384000,8.238000,8.276000,784878.9900
LINKUSDT,2026.06.02,23:30:00,8.277000,8.348000,8.243000,8.344000,310354.8400
LINKUSDT,2026.06.02,23:45:00,8.343000,8.378000,8.332000,8.370000,232253.5700
LINKUSDT,2026.06.03,00:00:00,8.370000,8.394000,8.342000,8.385000,370750.1000
LINKUSDT,2026.06.03,00:15:00,8.386000,8.421000,8.383000,8.391000,186027.6800
LINKUSDT,2026.06.03,00:30:00,8.392000,8.433000,8.377000,8.414000,143598.5400
LINKUSDT,2026.06.03,00:45:00,8.413000,8.423000,8.386000,8.386000,98589.2000
LINKUSDT,2026.06.03,01:00:00,8.386000,8.408000,8.358000,8.378000,107173.5300
LINKUSDT,2026.06.03,01:15:00,8.378000,8.413000,8.375000,8.405000,84000.4200
LINKUSDT,2026.06.03,01:30:00,8.405000,8.418000,8.336000,8.348000,123332.4500
LINKUSDT,2026.06.03,01:45:00,8.348000,8.417000,8.346000,8.407000,122034.9800
LINKUSDT,2026.06.03,02:00:00,8.407000,8.409000,8.379000,8.379000,87598.9100
LINKUSDT,2026.06.03,02:15:00,8.378000,8.395000,8.357000,8.363000,61263.3800
LINKUSDT,2026.06.03,02:30:00,8.363000,8.386000,8.351000,8.365000,57706.2300
LINKUSDT,2026.06.03,02:45:00,8.365000,8.377000,8.346000,8.370000,84324.2100
LINKUSDT,2026.06.03,03:00:00,8.370000,8.387000,8.343000,8.364000,166861.0700
LINKUSDT,2026.06.03,03:15:00,8.363000,8.376000,8.307000,8.315000,178364.8900
LINKUSDT,2026.06.03,03:30:00,8.316000,8.343000,8.210000,8.214000,635479.6400
LINKUSDT,2026.06.03,03:45:00,8.214000,8.250000,8.165000,8.223000,582896.6500
LINKUSDT,2026.06.03,04:00:00,8.223000,8.340000,8.220000,8.285000,299048.7900
LINKUSDT,2026.06.03,04:15:00,8.286000,8.344000,8.277000,8.328000,148885.0300
LINKUSDT,2026.06.03,04:30:00,8.328000,8.352000,8.291000,8.344000,240143.6200
LINKUSDT,2026.06.03,04:45:00,8.344000,8.370000,8.318000,8.366000,138985.0800
LINKUSDT,2026.06.03,05:00:00,8.367000,8.496000,8.366000,8.477000,690384.5000
LINKUSDT,2026.06.03,05:15:00,8.478000,8.499000,8.457000,8.478000,222239.3200
LINKUSDT,2026.06.03,05:30:00,8.478000,8.478000,8.419000,8.465000,195235.1700
LINKUSDT,2026.06.03,05:45:00,8.465000,8.506000,8.460000,8.496000,234694.7400
LINKUSDT,2026.06.03,06:00:00,8.495000,8.508000,8.486000,8.496000,178745.9300
LINKUSDT,2026.06.03,06:15:00,8.496000,8.524000,8.487000,8.513000,142711.9400
LINKUSDT,2026.06.03,06:30:00,8.513000,8.566000,8.504000,8.558000,230662.1000
LINKUSDT,2026.06.03,06:45:00,8.559000,8.561000,8.499000,8.505000,277340.0800
LINKUSDT,2026.06.03,07:00:00,8.505000,8.541000,8.477000,8.530000,162165.1800
LINKUSDT,2026.06.03,07:15:00,8.530000,8.566000,8.518000,8.541000,148551.5700
LINKUSDT,2026.06.03,07:30:00,8.541000,8.558000,8.524000,8.543000,94235.4900
LINKUSDT,2026.06.03,07:45:00,8.544000,8.555000,8.535000,8.542000,66793.2500
LINKUSDT,2026.06.03,08:00:00,8.542000,8.549000,8.513000,8.516000,121978.2700
LINKUSDT,2026.06.03,08:15:00,8.517000,8.529000,8.503000,8.523000,84666.5300
LINKUSDT,2026.06.03,08:30:00,8.524000,8.558000,8.524000,8.534000,84268.6200
LINKUSDT,2026.06.03,08:45:00,8.534000,8.551000,8.517000,8.523000,121048.5000
LINKUSDT,2026.06.03,09:00:00,8.524000,8.530000,8.504000,8.504000,96357.4100
LINKUSDT,2026.06.03,09:15:00,8.505000,8.505000,8.485000,8.486000,108757.3900
LINKUSDT,2026.06.03,09:30:00,8.486000,8.496000,8.474000,8.478000,138831.8300
LINKUSDT,2026.06.03,09:45:00,8.478000,8.551000,8.463000,8.490000,277582.0500
LINKUSDT,2026.06.03,10:00:00,8.490000,8.564000,8.490000,8.539000,187090.2400
LINKUSDT,2026.06.03,10:15:00,8.539000,8.551000,8.521000,8.550000,72989.7100
LINKUSDT,2026.06.03,10:30:00,8.551000,8.559000,8.530000,8.533000,92640.8300
LINKUSDT,2026.06.03,10:45:00,8.534000,8.583000,8.530000,8.576000,222203.2800
LINKUSDT,2026.06.03,11:00:00,8.576000,8.616000,8.574000,8.610000,404222.4500
LINKUSDT,2026.06.03,11:15:00,8.610000,8.611000,8.581000,8.595000,84401.0600
LINKUSDT,2026.06.03,11:30:00,8.595000,8.595000,8.557000,8.564000,129945.3300
LINKUSDT,2026.06.03,11:45:00,8.564000,8.566000,8.507000,8.532000,399256.6300
LINKUSDT,2026.06.03,12:00:00,8.533000,8.538000,8.497000,8.509000,121059.7800
LINKUSDT,2026.06.03,12:15:00,8.508000,8.508000,8.465000,8.504000,225587.9500
LINKUSDT,2026.06.03,12:30:00,8.504000,8.527000,8.489000,8.510000,98364.1000
LINKUSDT,2026.06.03,12:45:00,8.509000,8.535000,8.499000,8.527000,72135.9100
LINKUSDT,2026.06.03,13:00:00,8.528000,8.541000,8.504000,8.525000,98015.8800
LINKUSDT,2026.06.03,13:15:00,8.526000,8.558000,8.500000,8.506000,106204.6500
LINKUSDT,2026.06.03,13:30:00,8.506000,8.552000,8.471000,8.476000,217038.9900
LINKUSDT,2026.06.03,13:45:00,8.476000,8.520000,8.453000,8.506000,534339.0100
LINKUSDT,2026.06.03,14:00:00,8.506000,8.511000,8.464000,8.501000,137457.7900
LINKUSDT,2026.06.03,14:15:00,8.501000,8.508000,8.418000,8.446000,367180.3600
LINKUSDT,2026.06.03,14:30:00,8.446000,8.492000,8.416000,8.458000,326668.0200
LINKUSDT,2026.06.03,14:45:00,8.457000,8.493000,8.455000,8.487000,167699.5500
LINKUSDT,2026.06.03,15:00:00,8.487000,8.493000,8.422000,8.456000,214987.8800
LINKUSDT,2026.06.03,15:15:00,8.456000,8.491000,8.403000,8.464000,378004.6900
LINKUSDT,2026.06.03,15:30:00,8.463000,8.474000,8.390000,8.410000,293682.9500
LINKUSDT,2026.06.03,15:45:00,8.409000,8.412000,8.368000,8.376000,274773.0200
LINKUSDT,2026.06.03,16:00:00,8.377000,8.389000,8.311000,8.334000,553389.2200
LINKUSDT,2026.06.03,16:15:00,8.333000,8.345000,8.216000,8.255000,522388.3500
LINKUSDT,2026.06.03,16:30:00,8.255000,8.299000,8.235000,8.294000,437577.9600
LINKUSDT,2026.06.03,16:45:00,8.293000,8.331000,8.271000,8.322000,232967.5800
LINKUSDT,2026.06.03,17:00:00,8.323000,8.332000,8.231000,8.253000,254912.8900
LINKUSDT,2026.06.03,17:15:00,8.254000,8.322000,8.251000,8.316000,142420.3000
LINKUSDT,2026.06.03,17:30:00,8.317000,8.376000,8.305000,8.335000,163600.1700
LINKUSDT,2026.06.03,17:45:00,8.336000,8.337000,8.273000,8.305000,143731.7000
LINKUSDT,2026.06.03,18:00:00,8.306000,8.329000,8.268000,8.286000,100570.6400
LINKUSDT,2026.06.03,18:15:00,8.286000,8.286000,8.233000,8.268000,180538.4400
LINKUSDT,2026.06.03,18:30:00,8.269000,8.312000,8.253000,8.296000,82842.1800
LINKUSDT,2026.06.03,18:45:00,8.297000,8.355000,8.294000,8.346000,444850.1000
LINKUSDT,2026.06.03,19:00:00,8.345000,8.356000,8.320000,8.334000,78636.8600
LINKUSDT,2026.06.03,19:15:00,8.333000,8.333000,8.233000,8.241000,460284.5300
LINKUSDT,2026.06.03,19:30:00,8.242000,8.289000,8.222000,8.274000,140221.5300
LINKUSDT,2026.06.03,19:45:00,8.274000,8.296000,8.181000,8.207000,411892.3100
LINKUSDT,2026.06.03,20:00:00,8.207000,8.273000,8.171000,8.263000,284690.5000
LINKUSDT,2026.06.03,20:15:00,8.263000,8.274000,8.195000,8.261000,254781.0600
LINKUSDT,2026.06.03,20:30:00,8.262000,8.269000,8.178000,8.183000,157036.8000
LINKUSDT,2026.06.03,20:45:00,8.183000,8.194000,8.100000,8.145000,545892.5900
LINKUSDT,2026.06.03,21:00:00,8.145000,8.296000,8.117000,8.282000,584161.6700
LINKUSDT,2026.06.03,21:15:00,8.282000,8.326000,8.280000,8.307000,208763.1400
LINKUSDT,2026.06.03,21:30:00,8.307000,8.415000,8.301000,8.383000,398410.4700
LINKUSDT,2026.06.03,21:45:00,8.383000,8.445000,8.382000,8.440000,215085.5300
LINKUSDT,2026.06.03,22:00:00,8.439000,8.463000,8.365000,8.383000,435992.2600
LINKUSDT,2026.06.03,22:15:00,8.383000,8.385000,8.337000,8.372000,200781.2800
LINKUSDT,2026.06.03,22:30:00,8.372000,8.406000,8.343000,8.392000,128570.0200
LINKUSDT,2026.06.03,22:45:00,8.392000,8.400000,8.353000,8.386000,122055.5200
LINKUSDT,2026.06.03,23:00:00,8.387000,8.391000,8.304000,8.336000,155770.8600
LINKUSDT,2026.06.03,23:15:00,8.336000,8.358000,8.306000,8.358000,71514.9400
LINKUSDT,2026.06.03,23:30:00,8.359000,8.384000,8.329000,8.331000,128372.8100
LINKUSDT,2026.06.03,23:45:00,8.332000,8.359000,8.327000,8.329000,73051.0400
LINKUSDT,2026.06.04,00:00:00,8.329000,8.377000,8.324000,8.372000,158576.1600
LINKUSDT,2026.06.04,00:15:00,8.372000,8.395000,8.228000,8.229000,290883.0900
LINKUSDT,2026.06.04,00:30:00,8.230000,8.310000,8.184000,8.279000,487807.8800
LINKUSDT,2026.06.04,00:45:00,8.278000,8.280000,8.168000,8.231000,271016.1900
LINKUSDT,2026.06.04,01:00:00,8.232000,8.269000,8.173000,8.184000,228722.9800
LINKUSDT,2026.06.04,01:15:00,8.184000,8.187000,8.050000,8.070000,770821.8000
LINKUSDT,2026.06.04,01:30:00,8.071000,8.168000,8.066000,8.128000,344066.7900
LINKUSDT,2026.06.04,01:45:00,8.127000,8.129000,8.010000,8.046000,578802.7100
LINKUSDT,2026.06.04,02:00:00,8.047000,8.059000,7.790000,7.992000,1764715.9500
LINKUSDT,2026.06.04,02:15:00,7.993000,8.125000,7.949000,8.082000,492993.3400
LINKUSDT,2026.06.04,02:30:00,8.082000,8.136000,8.062000,8.122000,260385.5200
LINKUSDT,2026.06.04,02:45:00,8.123000,8.136000,8.082000,8.092000,214844.9100
LINKUSDT,2026.06.04,03:00:00,8.093000,8.224000,8.088000,8.209000,323185.6900
LINKUSDT,2026.06.04,03:15:00,8.208000,8.249000,8.205000,8.223000,203984.4700
LINKUSDT,2026.06.04,03:30:00,8.223000,8.306000,8.217000,8.293000,215810.5600
LINKUSDT,2026.06.04,03:45:00,8.294000,8.312000,8.275000,8.293000,195425.0800
LINKUSDT,2026.06.04,04:00:00,8.293000,8.332000,8.280000,8.317000,156594.9400
LINKUSDT,2026.06.04,04:15:00,8.317000,8.326000,8.272000,8.274000,110659.3100
LINKUSDT,2026.06.04,04:30:00,8.274000,8.288000,8.220000,8.247000,184781.6500
LINKUSDT,2026.06.04,04:45:00,8.246000,8.248000,8.201000,8.220000,121880.7300
LINKUSDT,2026.06.04,05:00:00,8.220000,8.221000,8.097000,8.145000,278466.6700
LINKUSDT,2026.06.04,05:15:00,8.145000,8.149000,8.096000,8.104000,159175.7900
LINKUSDT,2026.06.04,05:30:00,8.104000,8.181000,8.084000,8.180000,206890.4300
LINKUSDT,2026.06.04,05:45:00,8.180000,8.180000,8.123000,8.137000,90297.2700
LINKUSDT,2026.06.04,06:00:00,8.136000,8.189000,8.119000,8.187000,113213.5400
LINKUSDT,2026.06.04,06:15:00,8.186000,8.245000,8.178000,8.214000,184554.2100
LINKUSDT,2026.06.04,06:30:00,8.214000,8.237000,8.185000,8.229000,76933.0600
LINKUSDT,2026.06.04,06:45:00,8.228000,8.228000,8.164000,8.171000,127619.8400
LINKUSDT,2026.06.04,07:00:00,8.172000,8.185000,8.106000,8.134000,223881.5000
LINKUSDT,2026.06.04,07:15:00,8.134000,8.150000,8.057000,8.103000,321860.0800
LINKUSDT,2026.06.04,07:30:00,8.102000,8.140000,8.091000,8.115000,114377.2000
LINKUSDT,2026.06.04,07:45:00,8.115000,8.119000,8.060000,8.064000,157827.3500
LINKUSDT,2026.06.04,08:00:00,8.063000,8.090000,7.994000,7.999000,414104.5000
LINKUSDT,2026.06.04,08:15:00,7.999000,8.044000,7.985000,8.034000,187511.3800
LINKUSDT,2026.06.04,08:30:00,8.034000,8.078000,7.996000,8.011000,210373.2900
LINKUSDT,2026.06.04,08:45:00,8.011000,8.072000,8.010000,8.041000,142497.0500
LINKUSDT,2026.06.04,09:00:00,8.040000,8.044000,7.947000,7.961000,236675.0800
LINKUSDT,2026.06.04,09:15:00,7.961000,7.961000,7.863000,7.874000,459652.7600
LINKUSDT,2026.06.04,09:30:00,7.875000,7.906000,7.837000,7.895000,478231.7300
LINKUSDT,2026.06.04,09:45:00,7.895000,7.973000,7.894000,7.969000,237867.1500
LINKUSDT,2026.06.04,10:00:00,7.969000,7.974000,7.889000,7.903000,190607.8800
LINKUSDT,2026.06.04,10:15:00,7.903000,7.945000,7.877000,7.898000,149390.4000
LINKUSDT,2026.06.04,10:30:00,7.897000,7.933000,7.881000,7.899000,137098.8300
LINKUSDT,2026.06.04,10:45:00,7.899000,7.905000,7.801000,7.836000,569590.4800
LINKUSDT,2026.06.04,11:00:00,7.837000,7.872000,7.805000,7.820000,218795.9900
LINKUSDT,2026.06.04,11:15:00,7.819000,7.903000,7.810000,7.875000,208158.1100
LINKUSDT,2026.06.04,11:30:00,7.876000,7.910000,7.824000,7.845000,267714.8200
LINKUSDT,2026.06.04,11:45:00,7.845000,7.937000,7.845000,7.934000,206455.4300
LINKUSDT,2026.06.04,12:00:00,7.934000,7.973000,7.898000,7.905000,302461.4400
LINKUSDT,2026.06.04,12:15:00,7.905000,8.030000,7.901000,8.022000,268374.3700
LINKUSDT,2026.06.04,12:30:00,8.021000,8.090000,8.011000,8.065000,297297.5900
LINKUSDT,2026.06.04,12:45:00,8.064000,8.112000,8.050000,8.081000,218615.8000
LINKUSDT,2026.06.04,13:00:00,8.081000,8.101000,8.045000,8.045000,154508.3100
LINKUSDT,2026.06.04,13:15:00,8.045000,8.059000,7.948000,7.987000,258227.1300
LINKUSDT,2026.06.04,13:30:00,7.987000,8.119000,7.976000,8.057000,383662.2100
LINKUSDT,2026.06.04,13:45:00,8.057000,8.096000,8.023000,8.086000,453371.2300
LINKUSDT,2026.06.04,14:00:00,8.087000,8.125000,8.051000,8.106000,234556.8200
LINKUSDT,2026.06.04,14:15:00,8.106000,8.109000,8.063000,8.086000,140339.6700
LINKUSDT,2026.06.04,14:30:00,8.086000,8.087000,8.030000,8.059000,126593.6000
LINKUSDT,2026.06.04,14:45:00,8.059000,8.065000,8.025000,8.050000,139559.2800
LINKUSDT,2026.06.04,15:00:00,8.050000,8.130000,8.032000,8.118000,230055.7100
LINKUSDT,2026.06.04,15:15:00,8.117000,8.123000,8.060000,8.089000,203388.3600
LINKUSDT,2026.06.04,15:30:00,8.089000,8.093000,8.044000,8.051000,170078.8300
LINKUSDT,2026.06.04,15:45:00,8.050000,8.062000,8.025000,8.044000,126417.5500
LINKUSDT,2026.06.04,16:00:00,8.044000,8.051000,8.007000,8.012000,111480.8100
LINKUSDT,2026.06.04,16:15:00,8.013000,8.060000,8.008000,8.011000,96735.5900
LINKUSDT,2026.06.04,16:30:00,8.011000,8.062000,7.995000,8.051000,165480.0500
LINKUSDT,2026.06.04,16:45:00,8.050000,8.076000,8.021000,8.041000,111073.2800
LINKUSDT,2026.06.04,17:00:00,8.041000,8.088000,8.024000,8.066000,168574.3300
LINKUSDT,2026.06.04,17:15:00,8.066000,8.066000,7.998000,8.018000,158597.6500
LINKUSDT,2026.06.04,17:30:00,8.019000,8.027000,7.960000,7.975000,286912.6500
LINKUSDT,2026.06.04,17:45:00,7.976000,8.058000,7.952000,8.030000,233188.8500
LINKUSDT,2026.06.04,18:00:00,8.031000,8.038000,7.965000,7.969000,137742.1700
LINKUSDT,2026.06.04,18:15:00,7.970000,8.089000,7.970000,8.088000,157146.6400
LINKUSDT,2026.06.04,18:30:00,8.089000,8.112000,8.059000,8.077000,135618.2800
LINKUSDT,2026.06.04,18:45:00,8.076000,8.114000,8.063000,8.081000,181535.7600
LINKUSDT,2026.06.04,19:00:00,8.080000,8.091000,8.037000,8.072000,77055.7100
LINKUSDT,2026.06.04,19:15:00,8.071000,8.128000,8.064000,8.114000,210554.5900
LINKUSDT,2026.06.04,19:30:00,8.114000,8.119000,8.070000,8.072000,100064.5000
LINKUSDT,2026.06.04,19:45:00,8.072000,8.074000,8.039000,8.054000,55815.6600
LINKUSDT,2026.06.04,20:00:00,8.054000,8.060000,7.993000,8.023000,173579.1400
LINKUSDT,2026.06.04,20:15:00,8.023000,8.035000,7.994000,8.013000,79562.0900
LINKUSDT,2026.06.04,20:30:00,8.013000,8.038000,8.006000,8.013000,61399.4500
LINKUSDT,2026.06.04,20:45:00,8.014000,8.035000,7.991000,8.034000,91414.2700
LINKUSDT,2026.06.04,21:00:00,8.034000,8.073000,8.018000,8.040000,119509.6200
LINKUSDT,2026.06.04,21:15:00,8.041000,8.043000,7.971000,7.981000,130733.2000
LINKUSDT,2026.06.04,21:30:00,7.982000,7.988000,7.899000,7.962000,347365.6900
LINKUSDT,2026.06.04,21:45:00,7.962000,7.970000,7.915000,7.915000,99859.0700
LINKUSDT,2026.06.04,22:00:00,7.914000,7.960000,7.887000,7.917000,243020.5300
LINKUSDT,2026.06.04,22:15:00,7.917000,7.939000,7.905000,7.919000,98568.7100
LINKUSDT,2026.06.04,22:30:00,7.918000,7.935000,7.881000,7.920000,188847.9300
LINKUSDT,2026.06.04,22:45:00,7.921000,7.996000,7.903000,7.986000,209083.4400
LINKUSDT,2026.06.04,23:00:00,7.987000,8.018000,7.968000,7.977000,370119.5200
LINKUSDT,2026.06.04,23:15:00,7.977000,7.981000,7.903000,7.933000,261403.9200
LINKUSDT,2026.06.04,23:30:00,7.934000,7.996000,7.928000,7.987000,133231.7200
LINKUSDT,2026.06.04,23:45:00,7.988000,8.018000,7.970000,8.012000,132868.7400
LINKUSDT,2026.06.05,00:00:00,8.012000,8.012000,7.964000,7.968000,189644.7000
LINKUSDT,2026.06.05,00:15:00,7.969000,8.034000,7.946000,8.031000,160252.8300
LINKUSDT,2026.06.05,00:30:00,8.032000,8.038000,8.000000,8.019000,110724.3100
LINKUSDT,2026.06.05,00:45:00,8.019000,8.033000,7.946000,7.950000,135726.8200
LINKUSDT,2026.06.05,01:00:00,7.950000,7.950000,7.872000,7.942000,271374.6000
LINKUSDT,2026.06.05,01:15:00,7.942000,7.966000,7.898000,7.943000,186846.6000
LINKUSDT,2026.06.05,01:30:00,7.944000,7.985000,7.935000,7.971000,187312.8600
LINKUSDT,2026.06.05,01:45:00,7.972000,7.975000,7.940000,7.955000,82648.0900
LINKUSDT,2026.06.05,02:00:00,7.954000,7.962000,7.912000,7.914000,197418.5900
LINKUSDT,2026.06.05,02:15:00,7.915000,7.932000,7.862000,7.863000,203516.0500
LINKUSDT,2026.06.05,02:30:00,7.863000,7.893000,7.805000,7.844000,331531.1100
LINKUSDT,2026.06.05,02:45:00,7.844000,7.860000,7.791000,7.798000,478225.7000
LINKUSDT,2026.06.05,03:00:00,7.798000,7.802000,7.762000,7.774000,441482.9700
LINKUSDT,2026.06.05,03:15:00,7.774000,7.858000,7.774000,7.821000,246401.0400
LINKUSDT,2026.06.05,03:30:00,7.821000,7.867000,7.784000,7.794000,169104.8100
LINKUSDT,2026.06.05,03:45:00,7.793000,7.818000,7.773000,7.786000,164468.3700
LINKUSDT,2026.06.05,04:00:00,7.786000,7.874000,7.752000,7.835000,315955.0000
LINKUSDT,2026.06.05,04:15:00,7.835000,7.879000,7.793000,7.874000,328156.7500
LINKUSDT,2026.06.05,04:30:00,7.873000,7.873000,7.804000,7.811000,161263.8000
LINKUSDT,2026.06.05,04:45:00,7.811000,7.892000,7.781000,7.877000,503296.8000
LINKUSDT,2026.06.05,05:00:00,7.878000,7.892000,7.809000,7.823000,283776.3500
LINKUSDT,2026.06.05,05:15:00,7.823000,7.860000,7.801000,7.847000,112013.7500
LINKUSDT,2026.06.05,05:30:00,7.846000,7.857000,7.710000,7.719000,541686.8900
LINKUSDT,2026.06.05,05:45:00,7.719000,7.729000,7.635000,7.648000,610779.5700
LINKUSDT,2026.06.05,06:00:00,7.648000,7.663000,7.567000,7.569000,809870.4300
LINKUSDT,2026.06.05,06:15:00,7.570000,7.597000,7.331000,7.446000,2041894.1900
LINKUSDT,2026.06.05,06:30:00,7.446000,7.549000,7.415000,7.535000,592913.4600
LINKUSDT,2026.06.05,06:45:00,7.535000,7.547000,7.452000,7.488000,246038.9900
LINKUSDT,2026.06.05,07:00:00,7.487000,7.495000,7.368000,7.372000,474798.3900
LINKUSDT,2026.06.05,07:15:00,7.372000,7.553000,7.372000,7.533000,400377.3100
LINKUSDT,2026.06.05,07:30:00,7.532000,7.607000,7.509000,7.607000,353790.6400
LINKUSDT,2026.06.05,07:45:00,7.607000,7.636000,7.580000,7.624000,331825.9500
LINKUSDT,2026.06.05,08:00:00,7.624000,7.627000,7.537000,7.558000,520666.3000
LINKUSDT,2026.06.05,08:15:00,7.559000,7.578000,7.533000,7.562000,193979.4600
LINKUSDT,2026.06.05,08:30:00,7.563000,7.587000,7.522000,7.522000,193080.4800
LINKUSDT,2026.06.05,08:45:00,7.522000,7.548000,7.498000,7.514000,139242.4100
LINKUSDT,2026.06.05,09:00:00,7.515000,7.641000,7.509000,7.640000,391213.8000
LINKUSDT,2026.06.05,09:15:00,7.640000,7.663000,7.602000,7.648000,212800.0200
LINKUSDT,2026.06.05,09:30:00,7.648000,7.648000,7.614000,7.622000,125289.3500
LINKUSDT,2026.06.05,09:45:00,7.621000,7.669000,7.620000,7.661000,190572.0100
LINKUSDT,2026.06.05,10:00:00,7.661000,7.676000,7.598000,7.611000,229203.0000
LINKUSDT,2026.06.05,10:15:00,7.611000,7.611000,7.574000,7.594000,108202.5400
LINKUSDT,2026.06.05,10:30:00,7.594000,7.646000,7.588000,7.637000,131713.7300
LINKUSDT,2026.06.05,10:45:00,7.637000,7.637000,7.584000,7.619000,157197.7600
LINKUSDT,2026.06.05,11:00:00,7.618000,7.620000,7.560000,7.566000,145433.0200
LINKUSDT,2026.06.05,11:15:00,7.565000,7.644000,7.555000,7.622000,240228.6200
LINKUSDT,2026.06.05,11:30:00,7.623000,7.627000,7.552000,7.553000,124368.9400
LINKUSDT,2026.06.05,11:45:00,7.554000,7.580000,7.537000,7.555000,165308.3100
LINKUSDT,2026.06.05,12:00:00,7.555000,7.575000,7.492000,7.537000,360784.5500
LINKUSDT,2026.06.05,12:15:00,7.537000,7.596000,7.519000,7.529000,190935.5400
LINKUSDT,2026.06.05,12:30:00,7.530000,7.576000,7.467000,7.510000,379757.8700
LINKUSDT,2026.06.05,12:45:00,7.510000,7.544000,7.482000,7.543000,361612.7400
LINKUSDT,2026.06.05,13:00:00,7.542000,7.612000,7.542000,7.598000,300597.6800
LINKUSDT,2026.06.05,13:15:00,7.598000,7.638000,7.581000,7.600000,324365.0600
LINKUSDT,2026.06.05,13:30:00,7.599000,7.658000,7.552000,7.568000,356114.4500
LINKUSDT,2026.06.05,13:45:00,7.567000,7.576000,7.371000,7.373000,702466.3700
LINKUSDT,2026.06.05,14:00:00,7.373000,7.474000,7.315000,7.436000,947896.0500
LINKUSDT,2026.06.05,14:15:00,7.437000,7.486000,7.387000,7.427000,348930.7800
LINKUSDT,2026.06.05,14:30:00,7.427000,7.505000,7.393000,7.453000,451133.9000
LINKUSDT,2026.06.05,14:45:00,7.454000,7.499000,7.380000,7.417000,369855.4000
LINKUSDT,2026.06.05,15:00:00,7.417000,7.428000,7.306000,7.323000,658431.2400
LINKUSDT,2026.06.05,15:15:00,7.324000,7.389000,7.293000,7.338000,525744.2800
LINKUSDT,2026.06.05,15:30:00,7.337000,7.362000,7.262000,7.314000,596147.7000
LINKUSDT,2026.06.05,15:45:00,7.314000,7.329000,7.237000,7.290000,525268.8400
LINKUSDT,2026.06.05,16:00:00,7.289000,7.342000,7.161000,7.310000,1218338.9600
LINKUSDT,2026.06.05,16:15:00,7.310000,7.424000,7.292000,7.354000,883203.0100
LINKUSDT,2026.06.05,16:30:00,7.354000,7.379000,7.312000,7.346000,622972.3900
LINKUSDT,2026.06.05,16:45:00,7.346000,7.512000,7.346000,7.485000,541620.4500
LINKUSDT,2026.06.05,17:00:00,7.485000,7.509000,7.427000,7.446000,482435.0300
LINKUSDT,2026.06.05,17:15:00,7.446000,7.452000,7.391000,7.403000,180595.3000
LINKUSDT,2026.06.05,17:30:00,7.402000,7.476000,7.392000,7.414000,169468.6800
LINKUSDT,2026.06.05,17:45:00,7.415000,7.438000,7.402000,7.430000,138832.4400
LINKUSDT,2026.06.05,18:00:00,7.431000,7.457000,7.404000,7.409000,182736.5700
LINKUSDT,2026.06.05,18:15:00,7.408000,7.411000,7.302000,7.305000,279757.7600
LINKUSDT,2026.06.05,18:30:00,7.304000,7.349000,7.252000,7.297000,370166.8700
LINKUSDT,2026.06.05,18:45:00,7.298000,7.302000,7.174000,7.198000,489120.8100
LINKUSDT,2026.06.05,19:00:00,7.197000,7.217000,7.140000,7.167000,548533.3200
LINKUSDT,2026.06.05,19:15:00,7.166000,7.232000,7.112000,7.231000,501391.4200
LINKUSDT,2026.06.05,19:30:00,7.232000,7.245000,7.170000,7.213000,243702.1600
LINKUSDT,2026.06.05,19:45:00,7.213000,7.343000,7.212000,7.299000,295445.9100
LINKUSDT,2026.06.05,20:00:00,7.299000,7.381000,7.212000,7.367000,461219.3800
LINKUSDT,2026.06.05,20:15:00,7.367000,7.407000,7.349000,7.394000,227433.0200
LINKUSDT,2026.06.05,20:30:00,7.394000,7.428000,7.370000,7.416000,170494.5900
LINKUSDT,2026.06.05,20:45:00,7.416000,7.477000,7.397000,7.461000,320864.9200
LINKUSDT,2026.06.05,21:00:00,7.460000,7.512000,7.449000,7.498000,292505.1500
LINKUSDT,2026.06.05,21:15:00,7.497000,7.532000,7.485000,7.506000,498787.5700
LINKUSDT,2026.06.05,21:30:00,7.506000,7.540000,7.490000,7.531000,117875.3800
LINKUSDT,2026.06.05,21:45:00,7.532000,7.542000,7.489000,7.493000,97734.4300
LINKUSDT,2026.06.05,22:00:00,7.492000,7.495000,7.386000,7.423000,369632.1700
LINKUSDT,2026.06.05,22:15:00,7.423000,7.465000,7.407000,7.423000,300716.7300
LINKUSDT,2026.06.05,22:30:00,7.423000,7.487000,7.403000,7.473000,119325.1200
LINKUSDT,2026.06.05,22:45:00,7.473000,7.487000,7.440000,7.450000,102024.5500
LINKUSDT,2026.06.05,23:00:00,7.451000,7.482000,7.410000,7.415000,194392.7800
LINKUSDT,2026.06.05,23:15:00,7.416000,7.417000,7.339000,7.354000,259327.6500
LINKUSDT,2026.06.05,23:30:00,7.354000,7.354000,7.275000,7.313000,240531.4800
LINKUSDT,2026.06.05,23:45:00,7.314000,7.366000,7.295000,7.360000,124685.8300
LINKUSDT,2026.06.06,00:00:00,7.361000,7.439000,7.358000,7.436000,230584.4900
LINKUSDT,2026.06.06,00:15:00,7.436000,7.440000,7.395000,7.416000,117203.8000
LINKUSDT,2026.06.06,00:30:00,7.415000,7.442000,7.404000,7.418000,94652.4800
LINKUSDT,2026.06.06,00:45:00,7.417000,7.447000,7.415000,7.426000,179382.1800
LINKUSDT,2026.06.06,01:00:00,7.426000,7.450000,7.401000,7.406000,186947.7100
LINKUSDT,2026.06.06,01:15:00,7.407000,7.439000,7.375000,7.432000,188379.5700
LINKUSDT,2026.06.06,01:30:00,7.433000,7.442000,7.375000,7.386000,88160.5600
LINKUSDT,2026.06.06,01:45:00,7.387000,7.409000,7.361000,7.371000,114628.4500
LINKUSDT,2026.06.06,02:00:00,7.371000,7.384000,7.327000,7.353000,193555.9900
LINKUSDT,2026.06.06,02:15:00,7.353000,7.368000,7.313000,7.338000,124368.7700
LINKUSDT,2026.06.06,02:30:00,7.338000,7.376000,7.326000,7.352000,104656.1900
LINKUSDT,2026.06.06,02:45:00,7.351000,7.392000,7.332000,7.337000,88948.2400
LINKUSDT,2026.06.06,03:00:00,7.337000,7.344000,7.308000,7.325000,126481.5300
LINKUSDT,2026.06.06,03:15:00,7.326000,7.338000,7.283000,7.295000,97454.1500
LINKUSDT,2026.06.06,03:30:00,7.295000,7.296000,7.243000,7.285000,218399.6900
LINKUSDT,2026.06.06,03:45:00,7.286000,7.301000,7.262000,7.270000,125819.4900
LINKUSDT,2026.06.06,04:00:00,7.270000,7.307000,7.143000,7.154000,474109.1000
LINKUSDT,2026.06.06,04:15:00,7.153000,7.191000,7.075000,7.085000,479653.6500
LINKUSDT,2026.06.06,04:30:00,7.086000,7.095000,6.987000,7.021000,712411.9700
LINKUSDT,2026.06.06,04:45:00,7.020000,7.111000,7.000000,7.061000,408382.6300
LINKUSDT,2026.06.06,05:00:00,7.062000,7.115000,6.992000,7.057000,424988.3900
LINKUSDT,2026.06.06,05:15:00,7.058000,7.273000,7.054000,7.212000,562562.5500
LINKUSDT,2026.06.06,05:30:00,7.212000,7.251000,7.182000,7.230000,217683.5900
LINKUSDT,2026.06.06,05:45:00,7.230000,7.283000,7.217000,7.277000,195974.3900
LINKUSDT,2026.06.06,06:00:00,7.277000,7.346000,7.274000,7.334000,273353.9800
LINKUSDT,2026.06.06,06:15:00,7.333000,7.370000,7.308000,7.343000,210098.5000
LINKUSDT,2026.06.06,06:30:00,7.344000,7.371000,7.294000,7.295000,123244.6100
LINKUSDT,2026.06.06,06:45:00,7.295000,7.313000,7.266000,7.271000,188419.3100
LINKUSDT,2026.06.06,07:00:00,7.272000,7.367000,7.258000,7.360000,186391.6700
LINKUSDT,2026.06.06,07:15:00,7.359000,7.398000,7.341000,7.351000,475595.1900
LINKUSDT,2026.06.06,07:30:00,7.351000,7.396000,7.346000,7.389000,120010.5800
LINKUSDT,2026.06.06,07:45:00,7.390000,7.399000,7.373000,7.392000,86847.6000
LINKUSDT,2026.06.06,08:00:00,7.393000,7.403000,7.357000,7.394000,151860.4200
LINKUSDT,2026.06.06,08:15:00,7.395000,7.468000,7.370000,7.450000,243146.4300
LINKUSDT,2026.06.06,08:30:00,7.449000,7.464000,7.421000,7.431000,165568.3600
LINKUSDT,2026.06.06,08:45:00,7.431000,7.453000,7.414000,7.429000,92598.9500
LINKUSDT,2026.06.06,09:00:00,7.430000,7.456000,7.411000,7.425000,136234.5000
LINKUSDT,2026.06.06,09:15:00,7.424000,7.463000,7.410000,7.459000,92216.7000
LINKUSDT,2026.06.06,09:30:00,7.458000,7.465000,7.414000,7.420000,90555.7800
LINKUSDT,2026.06.06,09:45:00,7.419000,7.419000,7.319000,7.345000,276597.7000
LINKUSDT,2026.06.06,10:00:00,7.346000,7.346000,7.226000,7.265000,695898.8100
LINKUSDT,2026.06.06,10:15:00,7.266000,7.287000,7.247000,7.256000,180088.0900
LINKUSDT,2026.06.06,10:30:00,7.257000,7.258000,7.191000,7.239000,349963.5300
LINKUSDT,2026.06.06,10:45:00,7.239000,7.271000,7.213000,7.267000,123449.2800
LINKUSDT,2026.06.06,11:00:00,7.266000,7.315000,7.263000,7.273000,129422.8000
LINKUSDT,2026.06.06,11:15:00,7.272000,7.306000,7.259000,7.302000,103608.7200
LINKUSDT,2026.06.06,11:30:00,7.301000,7.325000,7.288000,7.311000,113913.4500
LINKUSDT,2026.06.06,11:45:00,7.310000,7.339000,7.301000,7.314000,86578.0500
LINKUSDT,2026.06.06,12:00:00,7.314000,7.344000,7.306000,7.322000,187850.1400
LINKUSDT,2026.06.06,12:15:00,7.321000,7.326000,7.287000,7.287000,112561.7200
LINKUSDT,2026.06.06,12:30:00,7.286000,7.332000,7.272000,7.326000,122600.3000
LINKUSDT,2026.06.06,12:45:00,7.326000,7.410000,7.322000,7.389000,216437.4600
LINKUSDT,2026.06.06,13:00:00,7.389000,7.398000,7.370000,7.380000,80390.9800
LINKUSDT,2026.06.06,13:15:00,7.380000,7.403000,7.359000,7.367000,369589.9000
LINKUSDT,2026.06.06,13:30:00,7.367000,7.378000,7.328000,7.378000,141739.9200
LINKUSDT,2026.06.06,13:45:00,7.378000,7.408000,7.355000,7.368000,121966.2400
LINKUSDT,2026.06.06,14:00:00,7.368000,7.417000,7.359000,7.404000,134129.6300
LINKUSDT,2026.06.06,14:15:00,7.404000,7.432000,7.387000,7.405000,100664.5400
LINKUSDT,2026.06.06,14:30:00,7.404000,7.428000,7.392000,7.414000,135609.6800
LINKUSDT,2026.06.06,14:45:00,7.414000,7.435000,7.393000,7.393000,267978.7000
LINKUSDT,2026.06.06,15:00:00,7.394000,7.404000,7.309000,7.322000,356422.6900
LINKUSDT,2026.06.06,15:15:00,7.321000,7.346000,7.279000,7.339000,258685.9800
LINKUSDT,2026.06.06,15:30:00,7.338000,7.391000,7.324000,7.380000,129995.9600
LINKUSDT,2026.06.06,15:45:00,7.379000,7.396000,7.358000,7.376000,78017.1100
LINKUSDT,2026.06.06,16:00:00,7.376000,7.412000,7.356000,7.369000,168577.5300
LINKUSDT,2026.06.06,16:15:00,7.369000,7.377000,7.336000,7.340000,124290.6700
LINKUSDT,2026.06.06,16:30:00,7.339000,7.355000,7.305000,7.353000,181123.7600
LINKUSDT,2026.06.06,16:45:00,7.352000,7.388000,7.347000,7.373000,127919.5200
LINKUSDT,2026.06.06,17:00:00,7.372000,7.386000,7.327000,7.347000,81640.1800
LINKUSDT,2026.06.06,17:15:00,7.347000,7.361000,7.318000,7.345000,131600.0600
LINKUSDT,2026.06.06,17:30:00,7.345000,7.383000,7.312000,7.341000,117680.7000
LINKUSDT,2026.06.06,17:45:00,7.341000,7.348000,7.289000,7.306000,151819.3900
LINKUSDT,2026.06.06,18:00:00,7.306000,7.323000,7.288000,7.302000,91598.7100
LINKUSDT,2026.06.06,18:15:00,7.302000,7.366000,7.298000,7.355000,107572.4300
LINKUSDT,2026.06.06,18:30:00,7.355000,7.358000,7.316000,7.319000,76804.0600
LINKUSDT,2026.06.06,18:45:00,7.320000,7.331000,7.294000,7.322000,59148.4100
LINKUSDT,2026.06.06,19:00:00,7.322000,7.357000,7.311000,7.342000,97209.4200
LINKUSDT,2026.06.06,19:15:00,7.342000,7.342000,7.309000,7.311000,51845.8300
LINKUSDT,2026.06.06,19:30:00,7.312000,7.320000,7.300000,7.308000,42612.6300
LINKUSDT,2026.06.06,19:45:00,7.308000,7.317000,7.297000,7.297000,47057.7800
LINKUSDT,2026.06.06,20:00:00,7.297000,7.317000,7.281000,7.305000,127190.8700
LINKUSDT,2026.06.06,20:15:00,7.305000,7.320000,7.293000,7.297000,70734.8200
LINKUSDT,2026.06.06,20:30:00,7.297000,7.330000,7.288000,7.322000,86113.3000
LINKUSDT,2026.06.06,20:45:00,7.322000,7.334000,7.302000,7.326000,76438.6200
LINKUSDT,2026.06.06,21:00:00,7.326000,7.365000,7.318000,7.350000,122308.8100
LINKUSDT,2026.06.06,21:15:00,7.351000,7.372000,7.343000,7.356000,63348.9100
LINKUSDT,2026.06.06,21:30:00,7.356000,7.384000,7.356000,7.364000,38019.2500
LINKUSDT,2026.06.06,21:45:00,7.364000,7.364000,7.343000,7.345000,33277.7800
LINKUSDT,2026.06.06,22:00:00,7.345000,7.362000,7.306000,7.337000,238333.5900
LINKUSDT,2026.06.06,22:15:00,7.338000,7.374000,7.322000,7.336000,88902.7700
LINKUSDT,2026.06.06,22:30:00,7.337000,7.367000,7.331000,7.356000,77154.6500
LINKUSDT,2026.06.06,22:45:00,7.357000,7.372000,7.341000,7.341000,72469.2600
LINKUSDT,2026.06.06,23:00:00,7.342000,7.379000,7.341000,7.371000,78842.4000
LINKUSDT,2026.06.06,23:15:00,7.371000,7.376000,7.341000,7.357000,34552.0200
LINKUSDT,2026.06.06,23:30:00,7.357000,7.403000,7.353000,7.386000,114103.0900
LINKUSDT,2026.06.06,23:45:00,7.387000,7.403000,7.378000,7.390000,81849.1000
LINKUSDT,2026.06.07,00:00:00,7.389000,7.401000,7.369000,7.379000,249725.6100
LINKUSDT,2026.06.07,00:15:00,7.379000,7.397000,7.375000,7.397000,51181.8300
LINKUSDT,2026.06.07,00:30:00,7.397000,7.426000,7.387000,7.387000,120553.9200
LINKUSDT,2026.06.07,00:45:00,7.387000,7.405000,7.385000,7.393000,42706.8200
LINKUSDT,2026.06.07,01:00:00,7.393000,7.506000,7.387000,7.496000,370493.3000
LINKUSDT,2026.06.07,01:15:00,7.497000,7.598000,7.482000,7.595000,802466.5800
LINKUSDT,2026.06.07,01:30:00,7.596000,7.602000,7.543000,7.556000,260014.9500
LINKUSDT,2026.06.07,01:45:00,7.556000,7.567000,7.528000,7.552000,142503.4800
LINKUSDT,2026.06.07,02:00:00,7.553000,7.578000,7.546000,7.555000,130742.2200
LINKUSDT,2026.06.07,02:15:00,7.555000,7.557000,7.505000,7.536000,105224.7300
LINKUSDT,2026.06.07,02:30:00,7.536000,7.537000,7.507000,7.537000,65096.7000
LINKUSDT,2026.06.07,02:45:00,7.537000,7.577000,7.536000,7.555000,113124.2800
LINKUSDT,2026.06.07,03:00:00,7.555000,7.566000,7.530000,7.564000,93549.2300
LINKUSDT,2026.06.07,03:15:00,7.564000,7.600000,7.549000,7.576000,148881.3200
LINKUSDT,2026.06.07,03:30:00,7.576000,7.579000,7.538000,7.560000,97144.0200
LINKUSDT,2026.06.07,03:45:00,7.561000,7.580000,7.544000,7.576000,96235.2400
LINKUSDT,2026.06.07,04:00:00,7.575000,7.578000,7.547000,7.558000,84971.8000
LINKUSDT,2026.06.07,04:15:00,7.559000,7.564000,7.526000,7.534000,56213.4600
LINKUSDT,2026.06.07,04:30:00,7.534000,7.599000,7.532000,7.582000,146535.9600
LINKUSDT,2026.06.07,04:45:00,7.582000,7.611000,7.573000,7.590000,126689.1200
LINKUSDT,2026.06.07,05:00:00,7.590000,7.650000,7.576000,7.608000,195526.8800
LINKUSDT,2026.06.07,05:15:00,7.608000,7.649000,7.599000,7.613000,197491.0100
LINKUSDT,2026.06.07,05:30:00,7.614000,7.633000,7.592000,7.631000,76036.7300
LINKUSDT,2026.06.07,05:45:00,7.631000,7.631000,7.606000,7.620000,141018.0900
LINKUSDT,2026.06.07,06:00:00,7.620000,7.627000,7.596000,7.611000,68631.5700
LINKUSDT,2026.06.07,06:15:00,7.612000,7.692000,7.609000,7.683000,347413.2000
LINKUSDT,2026.06.07,06:30:00,7.683000,7.717000,7.680000,7.696000,287769.1600
LINKUSDT,2026.06.07,06:45:00,7.696000,7.705000,7.678000,7.679000,115236.4800
LINKUSDT,2026.06.07,07:00:00,7.678000,7.693000,7.652000,7.679000,136171.4600
LINKUSDT,2026.06.07,07:15:00,7.680000,7.706000,7.665000,7.703000,100486.7500
LINKUSDT,2026.06.07,07:30:00,7.702000,7.714000,7.685000,7.695000,110001.4600
LINKUSDT,2026.06.07,07:45:00,7.695000,7.723000,7.687000,7.711000,102489.2200
LINKUSDT,2026.06.07,08:00:00,7.711000,7.719000,7.662000,7.681000,290897.3200
LINKUSDT,2026.06.07,08:15:00,7.682000,7.706000,7.673000,7.700000,90896.5100
LINKUSDT,2026.06.07,08:30:00,7.700000,7.752000,7.688000,7.750000,207759.4100
LINKUSDT,2026.06.07,08:45:00,7.751000,7.808000,7.747000,7.805000,402273.0600
LINKUSDT,2026.06.07,09:00:00,7.805000,7.832000,7.792000,7.826000,322577.1400
LINKUSDT,2026.06.07,09:15:00,7.827000,7.846000,7.774000,7.797000,185862.6400
LINKUSDT,2026.06.07,09:30:00,7.797000,7.800000,7.752000,7.763000,94989.6300
LINKUSDT,2026.06.07,09:45:00,7.763000,7.785000,7.740000,7.766000,168744.4300
LINKUSDT,2026.06.07,10:00:00,7.766000,7.775000,7.727000,7.728000,99385.5900
LINKUSDT,2026.06.07,10:15:00,7.728000,7.764000,7.727000,7.757000,69956.1200
LINKUSDT,2026.06.07,10:30:00,7.757000,7.763000,7.702000,7.714000,96788.1500
LINKUSDT,2026.06.07,10:45:00,7.714000,7.718000,7.686000,7.702000,118296.8000
LINKUSDT,2026.06.07,11:00:00,7.703000,7.736000,7.695000,7.719000,89891.7200
LINKUSDT,2026.06.07,11:15:00,7.718000,7.744000,7.712000,7.742000,49627.3600
LINKUSDT,2026.06.07,11:30:00,7.743000,7.768000,7.730000,7.761000,71694.7900
LINKUSDT,2026.06.07,11:45:00,7.760000,7.776000,7.749000,7.757000,55107.7200
LINKUSDT,2026.06.07,12:00:00,7.757000,7.772000,7.632000,7.642000,302838.4900
LINKUSDT,2026.06.07,12:15:00,7.642000,7.673000,7.609000,7.648000,287768.4500
LINKUSDT,2026.06.07,12:30:00,7.648000,7.662000,7.611000,7.643000,226509.8400
LINKUSDT,2026.06.07,12:45:00,7.643000,7.708000,7.643000,7.693000,111712.7100
LINKUSDT,2026.06.07,13:00:00,7.692000,7.704000,7.665000,7.697000,118568.0300
LINKUSDT,2026.06.07,13:15:00,7.698000,7.702000,7.676000,7.695000,117988.0700
LINKUSDT,2026.06.07,13:30:00,7.695000,7.695000,7.662000,7.685000,66802.2100
LINKUSDT,2026.06.07,13:45:00,7.686000,7.712000,7.677000,7.698000,237327.6200
LINKUSDT,2026.06.07,14:00:00,7.698000,7.726000,7.697000,7.706000,94737.2800
LINKUSDT,2026.06.07,14:15:00,7.706000,7.786000,7.700000,7.761000,280544.0200
LINKUSDT,2026.06.07,14:30:00,7.762000,7.796000,7.727000,7.735000,183271.7200
LINKUSDT,2026.06.07,14:45:00,7.736000,7.737000,7.703000,7.731000,141867.1000
LINKUSDT,2026.06.07,15:00:00,7.731000,7.732000,7.694000,7.721000,120040.4400
LINKUSDT,2026.06.07,15:15:00,7.721000,7.723000,7.679000,7.715000,127582.6700
LINKUSDT,2026.06.07,15:30:00,7.715000,7.738000,7.705000,7.731000,80034.1600
LINKUSDT,2026.06.07,15:45:00,7.731000,7.734000,7.694000,7.724000,116904.6600
LINKUSDT,2026.06.07,16:00:00,7.724000,7.732000,7.673000,7.710000,263982.3900
LINKUSDT,2026.06.07,16:15:00,7.711000,7.754000,7.701000,7.723000,310863.7700
LINKUSDT,2026.06.07,16:30:00,7.724000,7.756000,7.719000,7.737000,81889.1200
LINKUSDT,2026.06.07,16:45:00,7.738000,7.747000,7.705000,7.728000,65473.6300
LINKUSDT,2026.06.07,17:00:00,7.728000,7.775000,7.722000,7.768000,109262.2300
LINKUSDT,2026.06.07,17:15:00,7.769000,7.773000,7.741000,7.747000,56774.4000
LINKUSDT,2026.06.07,17:30:00,7.748000,7.760000,7.742000,7.744000,53278.5800
LINKUSDT,2026.06.07,17:45:00,7.743000,7.745000,7.711000,7.738000,64611.6900
LINKUSDT,2026.06.07,18:00:00,7.738000,7.757000,7.727000,7.753000,56949.5500
LINKUSDT,2026.06.07,18:15:00,7.753000,7.754000,7.719000,7.730000,42730.2400
LINKUSDT,2026.06.07,18:30:00,7.730000,7.750000,7.718000,7.723000,31250.7900
LINKUSDT,2026.06.07,18:45:00,7.723000,7.737000,7.691000,7.696000,46354.5900
LINKUSDT,2026.06.07,19:00:00,7.696000,7.697000,7.605000,7.624000,274062.0800
LINKUSDT,2026.06.07,19:15:00,7.623000,7.623000,7.561000,7.592000,264479.6900
LINKUSDT,2026.06.07,19:30:00,7.592000,7.595000,7.556000,7.561000,117784.2100
LINKUSDT,2026.06.07,19:45:00,7.562000,7.603000,7.550000,7.591000,152208.2700
LINKUSDT,2026.06.07,20:00:00,7.591000,7.652000,7.566000,7.632000,144105.7300
LINKUSDT,2026.06.07,20:15:00,7.633000,7.688000,7.616000,7.658000,124106.3600
LINKUSDT,2026.06.07,20:30:00,7.659000,7.670000,7.648000,7.658000,59040.4900
LINKUSDT,2026.06.07,20:45:00,7.658000,7.691000,7.652000,7.678000,45670.3700
LINKUSDT,2026.06.07,21:00:00,7.678000,7.691000,7.654000,7.681000,81880.3100
LINKUSDT,2026.06.07,21:15:00,7.681000,7.686000,7.646000,7.654000,34926.1400
LINKUSDT,2026.06.07,21:30:00,7.654000,7.659000,7.632000,7.637000,55878.3600
LINKUSDT,2026.06.07,21:45:00,7.637000,7.672000,7.637000,7.667000,44560.1000
LINKUSDT,2026.06.07,22:00:00,7.667000,7.960000,7.656000,7.941000,670288.2100
LINKUSDT,2026.06.07,22:15:00,7.939000,8.040000,7.851000,7.871000,970808.8200
LINKUSDT,2026.06.07,22:30:00,7.871000,7.929000,7.822000,7.897000,343427.3600
LINKUSDT,2026.06.07,22:45:00,7.898000,7.928000,7.841000,7.847000,254993.0700
LINKUSDT,2026.06.07,23:00:00,7.847000,7.888000,7.841000,7.886000,192221.4200
LINKUSDT,2026.06.07,23:15:00,7.886000,7.910000,7.843000,7.908000,145092.4100
LINKUSDT,2026.06.07,23:30:00,7.908000,7.919000,7.879000,7.896000,85233.4300
LINKUSDT,2026.06.07,23:45:00,7.896000,7.928000,7.872000,7.913000,160261.4000
LINKUSDT,2026.06.08,00:00:00,7.913000,7.926000,7.875000,7.895000,193624.3700
LINKUSDT,2026.06.08,00:15:00,7.895000,7.946000,7.881000,7.943000,219349.2200
LINKUSDT,2026.06.08,00:30:00,7.943000,8.012000,7.927000,7.983000,243926.4700
LINKUSDT,2026.06.08,00:45:00,7.983000,8.013000,7.949000,7.974000,187058.0700
LINKUSDT,2026.06.08,01:00:00,7.975000,7.984000,7.882000,7.882000,154706.1300
LINKUSDT,2026.06.08,01:15:00,7.883000,7.885000,7.821000,7.832000,242134.9100
LINKUSDT,2026.06.08,01:30:00,7.832000,7.881000,7.815000,7.877000,163709.2300
LINKUSDT,2026.06.08,01:45:00,7.877000,7.908000,7.868000,7.898000,118475.3400
LINKUSDT,2026.06.08,02:00:00,7.898000,7.923000,7.886000,7.919000,93346.9800
LINKUSDT,2026.06.08,02:15:00,7.919000,7.936000,7.894000,7.916000,85912.7700
LINKUSDT,2026.06.08,02:30:00,7.917000,7.924000,7.877000,7.904000,135192.4300
LINKUSDT,2026.06.08,02:45:00,7.904000,7.914000,7.881000,7.910000,58945.5000
LINKUSDT,2026.06.08,03:00:00,7.909000,7.957000,7.893000,7.932000,130322.3400
LINKUSDT,2026.06.08,03:15:00,7.933000,7.936000,7.851000,7.852000,449813.6900
LINKUSDT,2026.06.08,03:30:00,7.853000,7.872000,7.836000,7.843000,94549.5000
LINKUSDT,2026.06.08,03:45:00,7.844000,7.860000,7.837000,7.852000,81931.4800
LINKUSDT,2026.06.08,04:00:00,7.853000,7.869000,7.807000,7.826000,206452.9600
LINKUSDT,2026.06.08,04:15:00,7.827000,7.829000,7.794000,7.820000,77689.9700
LINKUSDT,2026.06.08,04:30:00,7.821000,7.828000,7.768000,7.779000,106160.5600
LINKUSDT,2026.06.08,04:45:00,7.780000,7.801000,7.762000,7.762000,145781.6300
LINKUSDT,2026.06.08,05:00:00,7.762000,7.791000,7.722000,7.723000,330467.1700
LINKUSDT,2026.06.08,05:15:00,7.723000,7.785000,7.716000,7.778000,160498.4900
LINKUSDT,2026.06.08,05:30:00,7.778000,7.778000,7.721000,7.736000,96654.5200
LINKUSDT,2026.06.08,05:45:00,7.736000,7.780000,7.726000,7.779000,99241.8900
LINKUSDT,2026.06.08,06:00:00,7.779000,7.816000,7.776000,7.803000,149197.4900
LINKUSDT,2026.06.08,06:15:00,7.804000,7.842000,7.794000,7.833000,85176.1800
LINKUSDT,2026.06.08,06:30:00,7.833000,7.834000,7.810000,7.831000,65438.8500
LINKUSDT,2026.06.08,06:45:00,7.831000,7.832000,7.810000,7.820000,50170.1600
LINKUSDT,2026.06.08,07:00:00,7.820000,7.880000,7.799000,7.864000,373388.4200
LINKUSDT,2026.06.08,07:15:00,7.864000,7.904000,7.844000,7.892000,144492.1300
LINKUSDT,2026.06.08,07:30:00,7.892000,7.918000,7.881000,7.901000,162361.5000
LINKUSDT,2026.06.08,07:45:00,7.901000,7.931000,7.897000,7.903000,126828.7100
LINKUSDT,2026.06.08,08:00:00,7.903000,7.907000,7.875000,7.899000,153612.9400
LINKUSDT,2026.06.08,08:15:00,7.899000,7.907000,7.865000,7.892000,59897.6000
LINKUSDT,2026.06.08,08:30:00,7.893000,7.907000,7.860000,7.876000,69635.8400
LINKUSDT,2026.06.08,08:45:00,7.876000,7.882000,7.847000,7.873000,75750.4500
LINKUSDT,2026.06.08,09:00:00,7.874000,7.893000,7.838000,7.884000,130364.4200
LINKUSDT,2026.06.08,09:15:00,7.884000,7.921000,7.876000,7.888000,109619.8900
LINKUSDT,2026.06.08,09:30:00,7.888000,7.914000,7.856000,7.890000,183749.7400
LINKUSDT,2026.06.08,09:45:00,7.891000,7.918000,7.888000,7.916000,70910.0200
LINKUSDT,2026.06.08,10:00:00,7.916000,7.931000,7.897000,7.898000,58428.1700
LINKUSDT,2026.06.08,10:15:00,7.899000,7.900000,7.851000,7.859000,50799.3200
LINKUSDT,2026.06.08,10:30:00,7.859000,7.914000,7.845000,7.873000,159323.2200
LINKUSDT,2026.06.08,10:45:00,7.874000,7.878000,7.859000,7.874000,52040.7800
LINKUSDT,2026.06.08,11:00:00,7.874000,7.923000,7.854000,7.913000,164304.6200
LINKUSDT,2026.06.08,11:15:00,7.914000,7.992000,7.914000,7.978000,334469.7400
LINKUSDT,2026.06.08,11:30:00,7.979000,8.002000,7.959000,7.968000,211705.0300
LINKUSDT,2026.06.08,11:45:00,7.968000,7.974000,7.941000,7.963000,85752.8800
LINKUSDT,2026.06.08,12:00:00,7.964000,7.987000,7.876000,7.878000,228285.4100
LINKUSDT,2026.06.08,12:15:00,7.879000,7.938000,7.878000,7.937000,100530.5100
LINKUSDT,2026.06.08,12:30:00,7.938000,8.016000,7.931000,8.003000,252045.6300
LINKUSDT,2026.06.08,12:45:00,8.003000,8.024000,7.974000,8.015000,164325.1500
LINKUSDT,2026.06.08,13:00:00,8.016000,8.022000,7.983000,7.991000,107931.7500
LINKUSDT,2026.06.08,13:15:00,7.992000,8.014000,7.976000,7.984000,120101.0400
LINKUSDT,2026.06.08,13:30:00,7.983000,7.994000,7.946000,7.953000,185180.3500
LINKUSDT,2026.06.08,13:45:00,7.954000,8.006000,7.945000,7.968000,112104.8100
LINKUSDT,2026.06.08,14:00:00,7.969000,8.001000,7.950000,7.996000,148817.1100
LINKUSDT,2026.06.08,14:15:00,7.996000,8.002000,7.966000,7.990000,181266.5200
LINKUSDT,2026.06.08,14:30:00,7.990000,8.016000,7.975000,7.999000,148782.1800
LINKUSDT,2026.06.08,14:45:00,8.000000,8.063000,7.994000,8.053000,397281.5800
LINKUSDT,2026.06.08,15:00:00,8.054000,8.109000,8.054000,8.100000,380968.2500
LINKUSDT,2026.06.08,15:15:00,8.100000,8.107000,8.042000,8.042000,173577.0600
LINKUSDT,2026.06.08,15:30:00,8.042000,8.045000,8.001000,8.035000,222939.4500
LINKUSDT,2026.06.08,15:45:00,8.036000,8.065000,8.011000,8.022000,123673.9800
LINKUSDT,2026.06.08,16:00:00,8.023000,8.057000,8.008000,8.018000,112215.4500
LINKUSDT,2026.06.08,16:15:00,8.018000,8.064000,8.017000,8.037000,91502.0400
LINKUSDT,2026.06.08,16:30:00,8.037000,8.050000,7.993000,8.011000,178430.1800
LINKUSDT,2026.06.08,16:45:00,8.012000,8.015000,7.977000,7.987000,140990.2800
LINKUSDT,2026.06.08,17:00:00,7.988000,7.996000,7.960000,7.970000,183520.4500
LINKUSDT,2026.06.08,17:15:00,7.971000,8.029000,7.967000,8.023000,102425.0300
LINKUSDT,2026.06.08,17:30:00,8.023000,8.025000,7.976000,8.004000,90008.9300
LINKUSDT,2026.06.08,17:45:00,8.005000,8.038000,8.005000,8.035000,83649.6900
LINKUSDT,2026.06.08,18:00:00,8.036000,8.058000,8.036000,8.044000,93392.7100
LINKUSDT,2026.06.08,18:15:00,8.044000,8.050000,8.030000,8.038000,51481.6900
LINKUSDT,2026.06.08,18:30:00,8.039000,8.050000,8.008000,8.015000,54048.5800
LINKUSDT,2026.06.08,18:45:00,8.015000,8.021000,7.986000,8.011000,108401.6700
LINKUSDT,2026.06.08,19:00:00,8.011000,8.054000,8.007000,8.039000,80935.8200
LINKUSDT,2026.06.08,19:15:00,8.040000,8.065000,8.027000,8.054000,103821.0400
LINKUSDT,2026.06.08,19:30:00,8.055000,8.071000,8.046000,8.064000,123484.5100
LINKUSDT,2026.06.08,19:45:00,8.064000,8.073000,8.041000,8.057000,86234.8900
LINKUSDT,2026.06.08,20:00:00,8.058000,8.061000,8.013000,8.023000,82846.0100
LINKUSDT,2026.06.08,20:15:00,8.023000,8.030000,8.002000,8.012000,70527.5400
LINKUSDT,2026.06.08,20:30:00,8.011000,8.039000,8.008000,8.031000,49684.8200
LINKUSDT,2026.06.08,20:45:00,8.031000,8.041000,8.018000,8.041000,43221.1300
LINKUSDT,2026.06.08,21:00:00,8.041000,8.117000,8.039000,8.107000,260218.6800
LINKUSDT,2026.06.08,21:15:00,8.106000,8.110000,8.078000,8.091000,102684.0600
LINKUSDT,2026.06.08,21:30:00,8.092000,8.123000,8.079000,8.114000,121382.9000
LINKUSDT,2026.06.08,21:45:00,8.114000,8.116000,8.053000,8.056000,70024.2400
LINKUSDT,2026.06.08,22:00:00,8.055000,8.061000,8.026000,8.031000,134278.9000
LINKUSDT,2026.06.08,22:15:00,8.031000,8.038000,7.998000,8.008000,135887.3100
LINKUSDT,2026.06.08,22:30:00,8.008000,8.020000,7.994000,8.012000,72076.1300
LINKUSDT,2026.06.08,22:45:00,8.013000,8.042000,8.002000,8.036000,59712.1000
LINKUSDT,2026.06.08,23:00:00,8.036000,8.076000,8.029000,8.070000,106113.9100
LINKUSDT,2026.06.08,23:15:00,8.070000,8.072000,7.989000,8.001000,87521.8100
LINKUSDT,2026.06.08,23:30:00,8.000000,8.009000,7.977000,7.994000,72271.8800
LINKUSDT,2026.06.08,23:45:00,7.995000,7.998000,7.970000,7.995000,117579.0200
LINKUSDT,2026.06.09,00:00:00,7.994000,8.003000,7.974000,7.976000,129319.1200
LINKUSDT,2026.06.09,00:15:00,7.977000,8.011000,7.881000,7.890000,393732.0300
LINKUSDT,2026.06.09,00:30:00,7.890000,7.895000,7.814000,7.853000,612888.2200
LINKUSDT,2026.06.09,00:45:00,7.852000,7.854000,7.806000,7.827000,237451.4200
LINKUSDT,2026.06.09,01:00:00,7.826000,7.844000,7.805000,7.821000,159516.5900
LINKUSDT,2026.06.09,01:15:00,7.820000,7.866000,7.814000,7.842000,77503.5400
LINKUSDT,2026.06.09,01:30:00,7.843000,7.864000,7.836000,7.844000,48918.9100
LINKUSDT,2026.06.09,01:45:00,7.845000,7.865000,7.827000,7.845000,60417.9600
LINKUSDT,2026.06.09,02:00:00,7.845000,7.862000,7.837000,7.837000,60238.8600
LINKUSDT,2026.06.09,02:15:00,7.837000,7.839000,7.799000,7.837000,92322.0100
LINKUSDT,2026.06.09,02:30:00,7.837000,7.840000,7.790000,7.825000,72185.5600
LINKUSDT,2026.06.09,02:45:00,7.826000,7.854000,7.814000,7.854000,45968.1800
LINKUSDT,2026.06.09,03:00:00,7.854000,7.876000,7.853000,7.870000,97291.9500
LINKUSDT,2026.06.09,03:15:00,7.870000,7.884000,7.852000,7.863000,61124.1000
LINKUSDT,2026.06.09,03:30:00,7.863000,7.873000,7.836000,7.872000,63990.8900
LINKUSDT,2026.06.09,03:45:00,7.873000,7.884000,7.856000,7.877000,41895.6400
LINKUSDT,2026.06.09,04:00:00,7.877000,7.899000,7.860000,7.885000,64533.2100
LINKUSDT,2026.06.09,04:15:00,7.884000,7.886000,7.861000,7.861000,62067.0200
LINKUSDT,2026.06.09,04:30:00,7.862000,7.999000,7.847000,7.968000,397494.0400
LINKUSDT,2026.06.09,04:45:00,7.968000,7.998000,7.952000,7.965000,229338.2700
LINKUSDT,2026.06.09,05:00:00,7.965000,7.974000,7.936000,7.961000,104871.2000
LINKUSDT,2026.06.09,05:15:00,7.962000,8.002000,7.962000,7.986000,88215.7100
LINKUSDT,2026.06.09,05:30:00,7.987000,8.022000,7.982000,8.000000,112517.4800
LINKUSDT,2026.06.09,05:45:00,8.000000,8.014000,7.984000,7.992000,61506.7800
LINKUSDT,2026.06.09,06:00:00,7.993000,7.999000,7.976000,7.992000,125225.1700
LINKUSDT,2026.06.09,06:15:00,7.992000,8.018000,7.978000,7.980000,145978.6300
LINKUSDT,2026.06.09,06:30:00,7.981000,7.983000,7.953000,7.974000,84441.6000
LINKUSDT,2026.06.09,06:45:00,7.975000,7.979000,7.943000,7.950000,78797.9900
LINKUSDT,2026.06.09,07:00:00,7.951000,7.980000,7.945000,7.945000,75061.2000
LINKUSDT,2026.06.09,07:15:00,7.945000,7.958000,7.902000,7.905000,214454.2400
LINKUSDT,2026.06.09,07:30:00,7.906000,7.943000,7.904000,7.936000,104165.8100
LINKUSDT,2026.06.09,07:45:00,7.937000,7.944000,7.919000,7.929000,45585.3100
LINKUSDT,2026.06.09,08:00:00,7.929000,7.934000,7.870000,7.888000,220299.6300
LINKUSDT,2026.06.09,08:15:00,7.889000,7.913000,7.873000,7.899000,109524.0600
LINKUSDT,2026.06.09,08:30:00,7.899000,7.925000,7.893000,7.915000,80344.5400
LINKUSDT,2026.06.09,08:45:00,7.915000,7.920000,7.894000,7.895000,68651.6000
LINKUSDT,2026.06.09,09:00:00,7.895000,7.903000,7.881000,7.902000,49062.3700
LINKUSDT,2026.06.09,09:15:00,7.903000,7.916000,7.882000,7.882000,70683.0200
LINKUSDT,2026.06.09,09:30:00,7.882000,7.885000,7.843000,7.853000,176243.0800
LINKUSDT,2026.06.09,09:45:00,7.854000,7.864000,7.849000,7.862000,44083.1100
LINKUSDT,2026.06.09,10:00:00,7.863000,7.878000,7.840000,7.862000,230186.8300
LINKUSDT,2026.06.09,10:15:00,7.861000,7.875000,7.846000,7.874000,58005.4000
LINKUSDT,2026.06.09,10:30:00,7.874000,7.876000,7.856000,7.874000,33153.1300
LINKUSDT,2026.06.09,10:45:00,7.873000,7.904000,7.865000,7.889000,118383.3900
LINKUSDT,2026.06.09,11:00:00,7.889000,7.893000,7.853000,7.854000,76286.3000
LINKUSDT,2026.06.09,11:15:00,7.855000,7.864000,7.836000,7.836000,75006.1800
LINKUSDT,2026.06.09,11:30:00,7.836000,7.856000,7.831000,7.845000,103908.3800
LINKUSDT,2026.06.09,11:45:00,7.846000,7.890000,7.846000,7.880000,123726.4300
LINKUSDT,2026.06.09,12:00:00,7.879000,7.935000,7.874000,7.919000,275426.4600
LINKUSDT,2026.06.09,12:15:00,7.919000,7.920000,7.889000,7.901000,49264.8600
LINKUSDT,2026.06.09,12:30:00,7.901000,7.915000,7.891000,7.900000,96266.8900
LINKUSDT,2026.06.09,12:45:00,7.900000,7.934000,7.885000,7.928000,94897.5400
LINKUSDT,2026.06.09,13:00:00,7.928000,7.948000,7.916000,7.923000,180197.3700
LINKUSDT,2026.06.09,13:15:00,7.924000,7.928000,7.868000,7.888000,180771.7400
LINKUSDT,2026.06.09,13:30:00,7.887000,7.922000,7.871000,7.919000,246026.5700
LINKUSDT,2026.06.09,13:45:00,7.920000,7.949000,7.884000,7.885000,128043.5600
LINKUSDT,2026.06.09,14:00:00,7.885000,7.908000,7.836000,7.837000,216284.0200
LINKUSDT,2026.06.09,14:15:00,7.836000,7.848000,7.738000,7.744000,509671.1300
LINKUSDT,2026.06.09,14:30:00,7.745000,7.794000,7.730000,7.757000,308571.7100
LINKUSDT,2026.06.09,14:45:00,7.757000,7.807000,7.728000,7.805000,318105.2500
LINKUSDT,2026.06.09,15:00:00,7.805000,7.836000,7.777000,7.830000,267447.1400
LINKUSDT,2026.06.09,15:15:00,7.829000,7.836000,7.760000,7.761000,224609.0300
LINKUSDT,2026.06.09,15:30:00,7.761000,7.780000,7.733000,7.765000,245334.3200
LINKUSDT,2026.06.09,15:45:00,7.766000,7.772000,7.707000,7.717000,273547.5400
LINKUSDT,2026.06.09,16:00:00,7.716000,7.740000,7.683000,7.712000,471323.4700
LINKUSDT,2026.06.09,16:15:00,7.711000,7.728000,7.666000,7.721000,272327.5800
LINKUSDT,2026.06.09,16:30:00,7.721000,7.752000,7.645000,7.713000,449797.1100
LINKUSDT,2026.06.09,16:45:00,7.712000,7.742000,7.684000,7.731000,146513.1300
LINKUSDT,2026.06.09,17:00:00,7.731000,7.800000,7.727000,7.790000,159207.9200
LINKUSDT,2026.06.09,17:15:00,7.790000,7.848000,7.789000,7.827000,250863.8400
LINKUSDT,2026.06.09,17:30:00,7.828000,7.848000,7.813000,7.813000,98625.5100
LINKUSDT,2026.06.09,17:45:00,7.814000,7.825000,7.796000,7.796000,94153.1900
LINKUSDT,2026.06.09,18:00:00,7.797000,7.819000,7.790000,7.807000,88650.1200
LINKUSDT,2026.06.09,18:15:00,7.806000,7.866000,7.801000,7.826000,97050.4800
LINKUSDT,2026.06.09,18:30:00,7.826000,7.854000,7.815000,7.815000,56680.2400
LINKUSDT,2026.06.09,18:45:00,7.814000,7.859000,7.814000,7.852000,64382.2800
LINKUSDT,2026.06.09,19:00:00,7.852000,7.881000,7.841000,7.852000,66519.9700
LINKUSDT,2026.06.09,19:15:00,7.853000,7.864000,7.837000,7.862000,54822.6300
LINKUSDT,2026.06.09,19:30:00,7.862000,7.896000,7.836000,7.856000,77212.3400
LINKUSDT,2026.06.09,19:45:00,7.856000,7.885000,7.828000,7.869000,167922.5100
LINKUSDT,2026.06.09,20:00:00,7.869000,7.912000,7.861000,7.911000,90093.8900
LINKUSDT,2026.06.09,20:15:00,7.911000,7.926000,7.879000,7.903000,79879.5800
LINKUSDT,2026.06.09,20:30:00,7.903000,7.919000,7.890000,7.910000,47203.1800
LINKUSDT,2026.06.09,20:45:00,7.911000,7.912000,7.889000,7.908000,38458.0600
LINKUSDT,2026.06.09,21:00:00,7.909000,7.915000,7.882000,7.901000,77607.2300
LINKUSDT,2026.06.09,21:15:00,7.901000,7.904000,7.853000,7.859000,85360.6400
LINKUSDT,2026.06.09,21:30:00,7.860000,7.869000,7.853000,7.856000,33751.7500
LINKUSDT,2026.06.09,21:45:00,7.856000,7.860000,7.837000,7.842000,53588.8400
LINKUSDT,2026.06.09,22:00:00,7.842000,7.859000,7.825000,7.859000,57373.8500
LINKUSDT,2026.06.09,22:15:00,7.858000,7.885000,7.852000,7.866000,62278.3600
LINKUSDT,2026.06.09,22:30:00,7.866000,7.877000,7.839000,7.848000,74675.2000
LINKUSDT,2026.06.09,22:45:00,7.849000,7.854000,7.818000,7.824000,98140.6100
LINKUSDT,2026.06.09,23:00:00,7.825000,7.835000,7.804000,7.819000,84707.8100
LINKUSDT,2026.06.09,23:15:00,7.818000,7.845000,7.811000,7.813000,82003.7400
LINKUSDT,2026.06.09,23:30:00,7.813000,7.827000,7.796000,7.821000,52383.3000
LINKUSDT,2026.06.09,23:45:00,7.822000,7.847000,7.816000,7.835000,35577.8700
LINKUSDT,2026.06.10,00:00:00,7.836000,7.868000,7.835000,7.856000,87404.7200
LINKUSDT,2026.06.10,00:15:00,7.855000,7.857000,7.833000,7.849000,34533.1200
LINKUSDT,2026.06.10,00:30:00,7.850000,7.854000,7.776000,7.784000,190322.4900
LINKUSDT,2026.06.10,00:45:00,7.784000,7.865000,7.783000,7.860000,94308.6000
LINKUSDT,2026.06.10,01:00:00,7.861000,7.871000,7.829000,7.849000,92869.5700
LINKUSDT,2026.06.10,01:15:00,7.849000,7.863000,7.831000,7.836000,50346.4900
LINKUSDT,2026.06.10,01:30:00,7.836000,7.844000,7.777000,7.785000,68847.0900
LINKUSDT,2026.06.10,01:45:00,7.785000,7.822000,7.783000,7.802000,80110.3800
LINKUSDT,2026.06.10,02:00:00,7.802000,7.816000,7.780000,7.780000,68471.6700
LINKUSDT,2026.06.10,02:15:00,7.781000,7.783000,7.742000,7.770000,92051.0700
LINKUSDT,2026.06.10,02:30:00,7.770000,7.777000,7.721000,7.729000,103386.6300
LINKUSDT,2026.06.10,02:45:00,7.729000,7.729000,7.711000,7.718000,74846.6400
LINKUSDT,2026.06.10,03:00:00,7.718000,7.752000,7.714000,7.733000,70776.8300
LINKUSDT,2026.06.10,03:15:00,7.734000,7.765000,7.728000,7.761000,41873.4100
LINKUSDT,2026.06.10,03:30:00,7.761000,7.762000,7.736000,7.747000,46384.4500
LINKUSDT,2026.06.10,03:45:00,7.747000,7.756000,7.740000,7.744000,19423.7000
LINKUSDT,2026.06.10,04:00:00,7.745000,7.751000,7.727000,7.740000,49301.3400
LINKUSDT,2026.06.10,04:15:00,7.740000,7.745000,7.728000,7.730000,41486.3900
LINKUSDT,2026.06.10,04:30:00,7.731000,7.736000,7.691000,7.696000,85898.1300
LINKUSDT,2026.06.10,04:45:00,7.697000,7.711000,7.686000,7.702000,72882.0700
LINKUSDT,2026.06.10,05:00:00,7.703000,7.715000,7.686000,7.689000,59342.5200
LINKUSDT,2026.06.10,05:15:00,7.689000,7.697000,7.652000,7.697000,176522.3700
LINKUSDT,2026.06.10,05:30:00,7.698000,7.704000,7.674000,7.685000,49905.9500
LINKUSDT,2026.06.10,05:45:00,7.685000,7.705000,7.672000,7.695000,58468.7600
LINKUSDT,2026.06.10,06:00:00,7.695000,7.717000,7.681000,7.704000,83864.8000
LINKUSDT,2026.06.10,06:15:00,7.703000,7.719000,7.694000,7.701000,44967.9000
LINKUSDT,2026.06.10,06:30:00,7.701000,7.726000,7.671000,7.713000,111521.4100
LINKUSDT,2026.06.10,06:45:00,7.714000,7.725000,7.706000,7.716000,47022.2500
LINKUSDT,2026.06.10,07:00:00,7.716000,7.758000,7.714000,7.753000,62232.5700
LINKUSDT,2026.06.10,07:15:00,7.754000,7.790000,7.748000,7.770000,151770.4000
LINKUSDT,2026.06.10,07:30:00,7.770000,7.804000,7.761000,7.786000,65541.4600
LINKUSDT,2026.06.10,07:45:00,7.786000,7.790000,7.773000,7.776000,59441.6200
LINKUSDT,2026.06.10,08:00:00,7.777000,7.778000,7.734000,7.749000,87378.6300
LINKUSDT,2026.06.10,08:15:00,7.750000,7.775000,7.721000,7.723000,96642.7100
LINKUSDT,2026.06.10,08:30:00,7.723000,7.737000,7.660000,7.666000,458696.5700
LINKUSDT,2026.06.10,08:45:00,7.666000,7.676000,7.652000,7.672000,156587.4900
LINKUSDT,2026.06.10,09:00:00,7.672000,7.683000,7.650000,7.653000,223036.4000
LINKUSDT,2026.06.10,09:15:00,7.654000,7.675000,7.618000,7.667000,263220.6500
LINKUSDT,2026.06.10,09:30:00,7.667000,7.685000,7.663000,7.666000,78009.5500
LINKUSDT,2026.06.10,09:45:00,7.667000,7.709000,7.649000,7.694000,89657.7900
LINKUSDT,2026.06.10,10:00:00,7.695000,7.698000,7.651000,7.665000,69617.6200
LINKUSDT,2026.06.10,10:15:00,7.665000,7.683000,7.643000,7.680000,104373.9400
LINKUSDT,2026.06.10,10:30:00,7.681000,7.706000,7.676000,7.683000,60456.9300
LINKUSDT,2026.06.10,10:45:00,7.684000,7.702000,7.678000,7.691000,54835.8400
LINKUSDT,2026.06.10,11:00:00,7.692000,7.700000,7.613000,7.653000,346355.2700
LINKUSDT,2026.06.10,11:15:00,7.653000,7.662000,7.607000,7.628000,149517.0000
LINKUSDT,2026.06.10,11:30:00,7.628000,7.657000,7.617000,7.647000,73942.5100
LINKUSDT,2026.06.10,11:45:00,7.648000,7.665000,7.638000,7.642000,88309.4100
LINKUSDT,2026.06.10,12:00:00,7.643000,7.673000,7.623000,7.656000,105260.2500
LINKUSDT,2026.06.10,12:15:00,7.656000,7.670000,7.630000,7.653000,124558.7000
LINKUSDT,2026.06.10,12:30:00,7.653000,7.815000,7.645000,7.754000,700465.3800
LINKUSDT,2026.06.10,12:45:00,7.755000,7.773000,7.731000,7.731000,110067.5100
LINKUSDT,2026.06.10,13:00:00,7.731000,7.748000,7.720000,7.738000,149770.4200
LINKUSDT,2026.06.10,13:15:00,7.739000,7.761000,7.727000,7.752000,75560.3300
LINKUSDT,2026.06.10,13:30:00,7.752000,7.898000,7.742000,7.895000,482891.9800
LINKUSDT,2026.06.10,13:45:00,7.894000,7.897000,7.815000,7.819000,286860.6500
LINKUSDT,2026.06.10,14:00:00,7.820000,7.828000,7.776000,7.780000,161897.1700
LINKUSDT,2026.06.10,14:15:00,7.781000,7.798000,7.737000,7.771000,169737.1300
LINKUSDT,2026.06.10,14:30:00,7.771000,7.796000,7.734000,7.761000,168421.6500
LINKUSDT,2026.06.10,14:45:00,7.760000,7.770000,7.721000,7.770000,147451.9700
LINKUSDT,2026.06.10,15:00:00,7.771000,7.809000,7.708000,7.734000,300850.5900
LINKUSDT,2026.06.10,15:15:00,7.734000,7.814000,7.721000,7.801000,112338.1600
LINKUSDT,2026.06.10,15:30:00,7.800000,7.819000,7.766000,7.803000,114451.2000
LINKUSDT,2026.06.10,15:45:00,7.803000,7.838000,7.734000,7.802000,371315.9600
LINKUSDT,2026.06.10,16:00:00,7.803000,7.820000,7.767000,7.770000,188133.9000
LINKUSDT,2026.06.10,16:15:00,7.771000,7.792000,7.723000,7.760000,108674.5200
LINKUSDT,2026.06.10,16:30:00,7.760000,7.779000,7.729000,7.743000,76850.2700
LINKUSDT,2026.06.10,16:45:00,7.743000,7.743000,7.691000,7.726000,127305.3000
LINKUSDT,2026.06.10,17:00:00,7.726000,7.755000,7.700000,7.709000,91118.5600
LINKUSDT,2026.06.10,17:15:00,7.709000,7.731000,7.672000,7.676000,85523.4100
LINKUSDT,2026.06.10,17:30:00,7.677000,7.684000,7.640000,7.645000,264223.6600
LINKUSDT,2026.06.10,17:45:00,7.646000,7.694000,7.642000,7.679000,159568.5400
LINKUSDT,2026.06.10,18:00:00,7.680000,7.697000,7.641000,7.661000,143676.5900
LINKUSDT,2026.06.10,18:15:00,7.661000,7.674000,7.634000,7.673000,151328.9000
LINKUSDT,2026.06.10,18:30:00,7.673000,7.677000,7.616000,7.624000,140381.2500
LINKUSDT,2026.06.10,18:45:00,7.625000,7.657000,7.598000,7.655000,241903.1100
LINKUSDT,2026.06.10,19:00:00,7.655000,7.664000,7.622000,7.628000,99601.6600
LINKUSDT,2026.06.10,19:15:00,7.628000,7.640000,7.596000,7.624000,97445.1300
LINKUSDT,2026.06.10,19:30:00,7.625000,7.655000,7.618000,7.633000,75842.8100
LINKUSDT,2026.06.10,19:45:00,7.633000,7.635000,7.592000,7.614000,135540.7000
LINKUSDT,2026.06.10,20:00:00,7.613000,7.621000,7.572000,7.603000,165401.3500
LINKUSDT,2026.06.10,20:15:00,7.603000,7.632000,7.589000,7.619000,94925.0800
LINKUSDT,2026.06.10,20:30:00,7.619000,7.621000,7.595000,7.595000,95203.8200
LINKUSDT,2026.06.10,20:45:00,7.595000,7.601000,7.565000,7.593000,178144.7000
LINKUSDT,2026.06.10,21:00:00,7.592000,7.595000,7.516000,7.530000,211169.7400
LINKUSDT,2026.06.10,21:15:00,7.530000,7.559000,7.490000,7.552000,316949.7500
LINKUSDT,2026.06.10,21:30:00,7.552000,7.562000,7.536000,7.556000,78348.8500
LINKUSDT,2026.06.10,21:45:00,7.557000,7.560000,7.476000,7.510000,187261.6800
LINKUSDT,2026.06.10,22:00:00,7.511000,7.522000,7.487000,7.516000,143572.4000
LINKUSDT,2026.06.10,22:15:00,7.515000,7.528000,7.488000,7.515000,143055.8000
LINKUSDT,2026.06.10,22:30:00,7.515000,7.574000,7.514000,7.554000,392541.0900
LINKUSDT,2026.06.10,22:45:00,7.554000,7.556000,7.529000,7.531000,70114.2400
LINKUSDT,2026.06.10,23:00:00,7.532000,7.534000,7.511000,7.513000,101948.9700
LINKUSDT,2026.06.10,23:15:00,7.513000,7.576000,7.500000,7.571000,207436.4800
LINKUSDT,2026.06.10,23:30:00,7.571000,7.578000,7.547000,7.568000,82785.8900
LINKUSDT,2026.06.10,23:45:00,7.569000,7.579000,7.555000,7.556000,69166.8500
LINKUSDT,2026.06.11,00:00:00,7.557000,7.591000,7.556000,7.589000,95016.8000
LINKUSDT,2026.06.11,00:15:00,7.590000,7.628000,7.590000,7.612000,142730.1800
LINKUSDT,2026.06.11,00:30:00,7.612000,7.617000,7.588000,7.591000,57248.1100
LINKUSDT,2026.06.11,00:45:00,7.592000,7.621000,7.592000,7.608000,61883.9000
LINKUSDT,2026.06.11,01:00:00,7.608000,7.665000,7.608000,7.660000,116950.2700
LINKUSDT,2026.06.11,01:15:00,7.660000,7.675000,7.654000,7.667000,98606.8100
LINKUSDT,2026.06.11,01:30:00,7.668000,7.724000,7.659000,7.705000,215804.4700
LINKUSDT,2026.06.11,01:45:00,7.704000,7.714000,7.693000,7.698000,114499.2700
LINKUSDT,2026.06.11,02:00:00,7.699000,7.707000,7.666000,7.676000,65804.4200
LINKUSDT,2026.06.11,02:15:00,7.676000,7.687000,7.651000,7.653000,73415.4100
LINKUSDT,2026.06.11,02:30:00,7.654000,7.658000,7.627000,7.653000,81232.0500
LINKUSDT,2026.06.11,02:45:00,7.653000,7.687000,7.641000,7.670000,84781.2500
LINKUSDT,2026.06.11,03:00:00,7.670000,7.682000,7.655000,7.664000,38612.2800
LINKUSDT,2026.06.11,03:15:00,7.664000,7.678000,7.657000,7.673000,40561.4000
LINKUSDT,2026.06.11,03:30:00,7.673000,7.734000,7.673000,7.709000,178344.7200
LINKUSDT,2026.06.11,03:45:00,7.709000,7.828000,7.709000,7.797000,721044.9500
LINKUSDT,2026.06.11,04:00:00,7.798000,7.803000,7.776000,7.789000,213611.8700
LINKUSDT,2026.06.11,04:15:00,7.789000,7.799000,7.779000,7.779000,63938.8100
LINKUSDT,2026.06.11,04:30:00,7.780000,7.798000,7.770000,7.796000,71065.9000
LINKUSDT,2026.06.11,04:45:00,7.797000,7.818000,7.789000,7.795000,99743.6700
LINKUSDT,2026.06.11,05:00:00,7.795000,7.796000,7.764000,7.780000,105545.7800
LINKUSDT,2026.06.11,05:15:00,7.780000,7.793000,7.762000,7.771000,45493.0200
LINKUSDT,2026.06.11,05:30:00,7.771000,7.787000,7.760000,7.787000,46770.9600
LINKUSDT,2026.06.11,05:45:00,7.787000,7.789000,7.758000,7.758000,57838.4300
LINKUSDT,2026.06.11,06:00:00,7.759000,7.777000,7.739000,7.774000,248735.8700
LINKUSDT,2026.06.11,06:15:00,7.775000,7.805000,7.773000,7.794000,117034.9500
LINKUSDT,2026.06.11,06:30:00,7.794000,7.802000,7.779000,7.784000,46910.2100
LINKUSDT,2026.06.11,06:45:00,7.785000,7.789000,7.760000,7.765000,34403.8100
LINKUSDT,2026.06.11,07:00:00,7.764000,7.772000,7.751000,7.763000,79258.8200
LINKUSDT,2026.06.11,07:15:00,7.762000,7.786000,7.760000,7.783000,38900.6000
LINKUSDT,2026.06.11,07:30:00,7.784000,7.788000,7.750000,7.757000,52559.6500
LINKUSDT,2026.06.11,07:45:00,7.757000,7.768000,7.756000,7.768000,27650.0600
LINKUSDT,2026.06.11,08:00:00,7.768000,7.796000,7.768000,7.789000,109949.7800
LINKUSDT,2026.06.11,08:15:00,7.789000,7.830000,7.785000,7.830000,92529.6300
LINKUSDT,2026.06.11,08:30:00,7.830000,7.843000,7.814000,7.818000,110749.4100
LINKUSDT,2026.06.11,08:45:00,7.818000,7.832000,7.815000,7.823000,46071.0700
LINKUSDT,2026.06.11,09:00:00,7.823000,7.831000,7.790000,7.797000,101015.0400
LINKUSDT,2026.06.11,09:15:00,7.796000,7.796000,7.779000,7.786000,56074.0700
LINKUSDT,2026.06.11,09:30:00,7.785000,7.803000,7.783000,7.790000,57193.7700
LINKUSDT,2026.06.11,09:45:00,7.790000,7.813000,7.788000,7.798000,53395.0000
LINKUSDT,2026.06.11,10:00:00,7.798000,7.807000,7.785000,7.794000,44883.1800
LINKUSDT,2026.06.11,10:15:00,7.795000,7.798000,7.778000,7.794000,48635.6100
LINKUSDT,2026.06.11,10:30:00,7.794000,7.807000,7.790000,7.796000,69397.8700
LINKUSDT,2026.06.11,10:45:00,7.796000,7.829000,7.796000,7.823000,87533.0800
LINKUSDT,2026.06.11,11:00:00,7.823000,7.832000,7.802000,7.831000,85430.1500
LINKUSDT,2026.06.11,11:15:00,7.831000,7.840000,7.813000,7.831000,53596.4100
LINKUSDT,2026.06.11,11:30:00,7.832000,7.847000,7.818000,7.832000,115602.6000
LINKUSDT,2026.06.11,11:45:00,7.832000,7.878000,7.832000,7.851000,187878.4400
LINKUSDT,2026.06.11,12:00:00,7.852000,7.855000,7.828000,7.836000,200316.2500
LINKUSDT,2026.06.11,12:15:00,7.836000,7.848000,7.737000,7.763000,345710.7700
LINKUSDT,2026.06.11,12:30:00,7.762000,7.807000,7.745000,7.801000,306222.2700
LINKUSDT,2026.06.11,12:45:00,7.801000,7.807000,7.784000,7.791000,100665.6100
LINKUSDT,2026.06.11,13:00:00,7.791000,7.792000,7.771000,7.783000,72991.1100
LINKUSDT,2026.06.11,13:15:00,7.784000,7.807000,7.774000,7.776000,60037.1600
LINKUSDT,2026.06.11,13:30:00,7.776000,7.802000,7.758000,7.792000,104058.6800
LINKUSDT,2026.06.11,13:45:00,7.793000,7.843000,7.792000,7.809000,247542.2000
LINKUSDT,2026.06.11,14:00:00,7.810000,7.821000,7.759000,7.764000,118700.0100
LINKUSDT,2026.06.11,14:15:00,7.764000,7.787000,7.746000,7.782000,138356.8100
LINKUSDT,2026.06.11,14:30:00,7.783000,7.800000,7.766000,7.778000,98645.1600
LINKUSDT,2026.06.11,14:45:00,7.778000,7.796000,7.748000,7.748000,118411.2400
LINKUSDT,2026.06.11,15:00:00,7.748000,7.773000,7.703000,7.748000,299775.2900
LINKUSDT,2026.06.11,15:15:00,7.748000,7.769000,7.735000,7.759000,67063.7800
LINKUSDT,2026.06.11,15:30:00,7.758000,7.780000,7.742000,7.749000,69835.3900
LINKUSDT,2026.06.11,15:45:00,7.749000,7.754000,7.728000,7.754000,62188.9200
LINKUSDT,2026.06.11,16:00:00,7.754000,7.773000,7.752000,7.772000,108641.3900
LINKUSDT,2026.06.11,16:15:00,7.773000,7.775000,7.718000,7.726000,156874.9800
LINKUSDT,2026.06.11,16:30:00,7.726000,7.761000,7.707000,7.738000,126633.9800
LINKUSDT,2026.06.11,16:45:00,7.738000,7.740000,7.708000,7.713000,39015.0100
LINKUSDT,2026.06.11,17:00:00,7.713000,7.728000,7.687000,7.697000,131210.8000
LINKUSDT,2026.06.11,17:15:00,7.697000,7.795000,7.681000,7.793000,330157.7700
LINKUSDT,2026.06.11,17:30:00,7.793000,7.883000,7.773000,7.879000,492356.9900
LINKUSDT,2026.06.11,17:45:00,7.880000,7.943000,7.862000,7.918000,433259.5800
LINKUSDT,2026.06.11,18:00:00,7.918000,7.945000,7.879000,7.924000,248457.6800
LINKUSDT,2026.06.11,18:15:00,7.924000,7.946000,7.886000,7.898000,193646.8700
LINKUSDT,2026.06.11,18:30:00,7.899000,7.936000,7.898000,7.936000,59563.2000
LINKUSDT,2026.06.11,18:45:00,7.936000,7.941000,7.919000,7.922000,100917.8800
LINKUSDT,2026.06.11,19:00:00,7.922000,7.944000,7.899000,7.913000,123737.4400
LINKUSDT,2026.06.11,19:15:00,7.913000,7.939000,7.909000,7.923000,54554.7100
LINKUSDT,2026.06.11,19:30:00,7.924000,7.980000,7.919000,7.946000,167968.2500
LINKUSDT,2026.06.11,19:45:00,7.946000,7.947000,7.925000,7.938000,66213.4200
LINKUSDT,2026.06.11,20:00:00,7.938000,7.950000,7.925000,7.934000,129107.7100
LINKUSDT,2026.06.11,20:15:00,7.934000,7.939000,7.881000,7.888000,210847.3100
LINKUSDT,2026.06.11,20:30:00,7.888000,7.893000,7.865000,7.869000,103711.9900
LINKUSDT,2026.06.11,20:45:00,7.869000,7.894000,7.867000,7.894000,41516.5200
LINKUSDT,2026.06.11,21:00:00,7.893000,7.952000,7.893000,7.942000,99836.0200
LINKUSDT,2026.06.11,21:15:00,7.941000,7.941000,7.924000,7.929000,45078.0900
LINKUSDT,2026.06.11,21:30:00,7.929000,7.937000,7.919000,7.932000,40462.1500
LINKUSDT,2026.06.11,21:45:00,7.932000,7.939000,7.909000,7.919000,25707.6100
LINKUSDT,2026.06.11,22:00:00,7.919000,7.946000,7.915000,7.928000,69123.8600
LINKUSDT,2026.06.11,22:15:00,7.928000,7.941000,7.919000,7.932000,32648.6100
LINKUSDT,2026.06.11,22:30:00,7.933000,7.952000,7.912000,7.912000,29200.4800
LINKUSDT,2026.06.11,22:45:00,7.912000,7.925000,7.895000,7.909000,43793.9300
LINKUSDT,2026.06.11,23:00:00,7.909000,7.909000,7.888000,7.901000,67842.8100
LINKUSDT,2026.06.11,23:15:00,7.901000,7.905000,7.877000,7.877000,71048.7600
LINKUSDT,2026.06.11,23:30:00,7.877000,7.921000,7.877000,7.901000,66109.1100
LINKUSDT,2026.06.11,23:45:00,7.901000,7.906000,7.873000,7.882000,87674.9000
LINKUSDT,2026.06.12,00:00:00,7.882000,7.911000,7.860000,7.896000,105064.1000
LINKUSDT,2026.06.12,00:15:00,7.896000,7.903000,7.878000,7.897000,71208.5200
LINKUSDT,2026.06.12,00:30:00,7.897000,7.919000,7.888000,7.908000,54512.8900
LINKUSDT,2026.06.12,00:45:00,7.908000,7.912000,7.890000,7.890000,21825.7100
LINKUSDT,2026.06.12,01:00:00,7.890000,7.891000,7.867000,7.882000,67687.4200
LINKUSDT,2026.06.12,01:15:00,7.883000,7.891000,7.843000,7.854000,88449.2100
LINKUSDT,2026.06.12,01:30:00,7.854000,7.865000,7.849000,7.855000,64946.5500
LINKUSDT,2026.06.12,01:45:00,7.856000,7.882000,7.856000,7.880000,52149.5200
LINKUSDT,2026.06.12,02:00:00,7.880000,7.930000,7.880000,7.917000,90814.0000
LINKUSDT,2026.06.12,02:15:00,7.918000,7.923000,7.902000,7.910000,24048.6500
LINKUSDT,2026.06.12,02:30:00,7.911000,7.930000,7.902000,7.929000,34468.8600
LINKUSDT,2026.06.12,02:45:00,7.930000,7.930000,7.895000,7.899000,35962.7700
LINKUSDT,2026.06.12,03:00:00,7.900000,7.915000,7.893000,7.907000,79092.7300
LINKUSDT,2026.06.12,03:15:00,7.907000,7.908000,7.870000,7.883000,36305.6500
LINKUSDT,2026.06.12,03:30:00,7.884000,7.901000,7.878000,7.889000,31791.2100
LINKUSDT,2026.06.12,03:45:00,7.890000,7.902000,7.884000,7.901000,20605.1600
LINKUSDT,2026.06.12,04:00:00,7.902000,7.904000,7.880000,7.881000,36349.8200
LINKUSDT,2026.06.12,04:15:00,7.882000,7.920000,7.882000,7.916000,45620.0100
LINKUSDT,2026.06.12,04:30:00,7.917000,7.930000,7.903000,7.912000,59847.1100
LINKUSDT,2026.06.12,04:45:00,7.913000,7.922000,7.906000,7.906000,20859.1800
LINKUSDT,2026.06.12,05:00:00,7.907000,7.907000,7.865000,7.866000,96387.9200
LINKUSDT,2026.06.12,05:15:00,7.867000,7.879000,7.862000,7.865000,39013.7900
LINKUSDT,2026.06.12,05:30:00,7.865000,7.871000,7.834000,7.846000,80103.4000
LINKUSDT,2026.06.12,05:45:00,7.847000,7.852000,7.830000,7.836000,58119.4500
LINKUSDT,2026.06.12,06:00:00,7.836000,7.844000,7.818000,7.823000,91458.7600
LINKUSDT,2026.06.12,06:15:00,7.824000,7.825000,7.798000,7.803000,57344.7000
LINKUSDT,2026.06.12,06:30:00,7.803000,7.803000,7.746000,7.765000,155807.2900
LINKUSDT,2026.06.12,06:45:00,7.765000,7.790000,7.765000,7.776000,103872.9000
LINKUSDT,2026.06.12,07:00:00,7.777000,7.808000,7.776000,7.781000,90617.5200
LINKUSDT,2026.06.12,07:15:00,7.781000,7.803000,7.778000,7.794000,42866.9800
LINKUSDT,2026.06.12,07:30:00,7.794000,7.804000,7.787000,7.795000,39028.5700
LINKUSDT,2026.06.12,07:45:00,7.795000,7.826000,7.788000,7.807000,87630.7400
LINKUSDT,2026.06.12,08:00:00,7.808000,7.843000,7.807000,7.830000,70629.6300
LINKUSDT,2026.06.12,08:15:00,7.830000,7.885000,7.830000,7.876000,98544.6700
LINKUSDT,2026.06.12,08:30:00,7.876000,7.880000,7.846000,7.849000,62431.5800
LINKUSDT,2026.06.12,08:45:00,7.849000,7.873000,7.846000,7.867000,55514.1100
LINKUSDT,2026.06.12,09:00:00,7.868000,7.884000,7.858000,7.879000,67969.1200
LINKUSDT,2026.06.12,09:15:00,7.880000,7.920000,7.879000,7.912000,85432.1100
LINKUSDT,2026.06.12,09:30:00,7.913000,7.929000,7.912000,7.922000,76106.0300
LINKUSDT,2026.06.12,09:45:00,7.921000,7.936000,7.902000,7.903000,83586.8000
LINKUSDT,2026.06.12,10:00:00,7.903000,7.923000,7.894000,7.907000,55255.1000
LINKUSDT,2026.06.12,10:15:00,7.907000,7.909000,7.860000,7.866000,65183.1500
LINKUSDT,2026.06.12,10:30:00,7.866000,7.892000,7.866000,7.879000,43770.2300
LINKUSDT,2026.06.12,10:45:00,7.879000,7.897000,7.876000,7.886000,35532.4200
LINKUSDT,2026.06.12,11:00:00,7.886000,7.913000,7.885000,7.903000,55058.4200
LINKUSDT,2026.06.12,11:15:00,7.903000,7.915000,7.892000,7.904000,37260.1500
LINKUSDT,2026.06.12,11:30:00,7.905000,7.906000,7.879000,7.900000,37445.8400
LINKUSDT,2026.06.12,11:45:00,7.900000,7.910000,7.891000,7.895000,31626.5800
LINKUSDT,2026.06.12,12:00:00,7.894000,7.905000,7.878000,7.896000,52837.2500
LINKUSDT,2026.06.12,12:15:00,7.897000,7.902000,7.868000,7.871000,56452.9500
LINKUSDT,2026.06.12,12:30:00,7.870000,7.895000,7.869000,7.883000,93556.7500
LINKUSDT,2026.06.12,12:45:00,7.883000,7.903000,7.871000,7.882000,49528.7600
LINKUSDT,2026.06.12,13:00:00,7.882000,7.892000,7.863000,7.880000,55230.0300
LINKUSDT,2026.06.12,13:15:00,7.881000,7.890000,7.856000,7.871000,43194.8900
LINKUSDT,2026.06.12,13:30:00,7.871000,7.879000,7.791000,7.811000,312835.8200
LINKUSDT,2026.06.12,13:45:00,7.811000,7.825000,7.777000,7.806000,150176.3200
LINKUSDT,2026.06.12,14:00:00,7.807000,7.857000,7.796000,7.848000,157745.3200
LINKUSDT,2026.06.12,14:15:00,7.847000,7.892000,7.829000,7.886000,115233.6000
LINKUSDT,2026.06.12,14:30:00,7.886000,7.929000,7.863000,7.872000,197601.7700
LINKUSDT,2026.06.12,14:45:00,7.873000,7.972000,7.869000,7.962000,277554.7000
LINKUSDT,2026.06.12,15:00:00,7.964000,8.009000,7.940000,8.001000,316887.2200
LINKUSDT,2026.06.12,15:15:00,8.002000,8.004000,7.934000,7.934000,125254.4600
LINKUSDT,2026.06.12,15:30:00,7.935000,7.936000,7.875000,7.887000,218895.3100
LINKUSDT,2026.06.12,15:45:00,7.887000,7.892000,7.805000,7.810000,201776.6100
LINKUSDT,2026.06.12,16:00:00,7.811000,7.886000,7.795000,7.875000,245963.0000
LINKUSDT,2026.06.12,16:15:00,7.875000,7.886000,7.838000,7.869000,139727.0700
LINKUSDT,2026.06.12,16:30:00,7.870000,7.897000,7.849000,7.864000,53654.1900
LINKUSDT,2026.06.12,16:45:00,7.865000,7.893000,7.864000,7.889000,65290.0900
LINKUSDT,2026.06.12,17:00:00,7.890000,7.918000,7.875000,7.883000,111199.2100
LINKUSDT,2026.06.12,17:15:00,7.883000,7.883000,7.856000,7.875000,64275.2400
LINKUSDT,2026.06.12,17:30:00,7.876000,7.885000,7.864000,7.870000,42603.1300
LINKUSDT,2026.06.12,17:45:00,7.870000,7.880000,7.861000,7.873000,21077.5700
LINKUSDT,2026.06.12,18:00:00,7.874000,7.882000,7.834000,7.847000,93544.6000
LINKUSDT,2026.06.12,18:15:00,7.847000,7.852000,7.826000,7.847000,60130.4600
LINKUSDT,2026.06.12,18:30:00,7.848000,7.872000,7.835000,7.865000,60581.4100
LINKUSDT,2026.06.12,18:45:00,7.865000,7.871000,7.836000,7.836000,23238.3600
LINKUSDT,2026.06.12,19:00:00,7.836000,7.862000,7.834000,7.857000,49549.5800
LINKUSDT,2026.06.12,19:15:00,7.858000,7.863000,7.840000,7.851000,21494.9300
LINKUSDT,2026.06.12,19:30:00,7.852000,7.879000,7.832000,7.845000,98268.1300
LINKUSDT,2026.06.12,19:45:00,7.846000,7.850000,7.823000,7.834000,50818.3100
LINKUSDT,2026.06.12,20:00:00,7.835000,7.853000,7.828000,7.849000,44067.0200
LINKUSDT,2026.06.12,20:15:00,7.849000,7.855000,7.833000,7.853000,46880.6100
LINKUSDT,2026.06.12,20:30:00,7.854000,7.862000,7.846000,7.853000,35571.5600
LINKUSDT,2026.06.12,20:45:00,7.854000,7.854000,7.826000,7.838000,49816.1600
LINKUSDT,2026.06.12,21:00:00,7.839000,7.871000,7.830000,7.860000,44869.1300
LINKUSDT,2026.06.12,21:15:00,7.861000,7.868000,7.855000,7.856000,18636.1600
LINKUSDT,2026.06.12,21:30:00,7.857000,7.870000,7.854000,7.854000,22784.7900
LINKUSDT,2026.06.12,21:45:00,7.855000,7.856000,7.817000,7.826000,59878.3600
LINKUSDT,2026.06.12,22:00:00,7.827000,7.842000,7.820000,7.841000,32873.7100
LINKUSDT,2026.06.12,22:15:00,7.842000,7.867000,7.841000,7.852000,28944.2400
LINKUSDT,2026.06.12,22:30:00,7.853000,7.857000,7.836000,7.841000,30676.9100
LINKUSDT,2026.06.12,22:45:00,7.842000,7.847000,7.836000,7.843000,19925.4800
LINKUSDT,2026.06.12,23:00:00,7.842000,7.843000,7.821000,7.825000,44576.6500
LINKUSDT,2026.06.12,23:15:00,7.826000,7.832000,7.811000,7.825000,37378.7800
LINKUSDT,2026.06.12,23:30:00,7.825000,7.848000,7.819000,7.833000,42546.8600
LINKUSDT,2026.06.12,23:45:00,7.834000,7.863000,7.833000,7.863000,25002.6100
LINKUSDT,2026.06.13,00:00:00,7.862000,7.875000,7.853000,7.874000,55822.2000
LINKUSDT,2026.06.13,00:15:00,7.874000,7.894000,7.874000,7.877000,63302.5300
LINKUSDT,2026.06.13,00:30:00,7.877000,7.898000,7.877000,7.890000,54578.9000
LINKUSDT,2026.06.13,00:45:00,7.890000,7.895000,7.875000,7.883000,29184.0900
LINKUSDT,2026.06.13,01:00:00,7.884000,7.908000,7.882000,7.903000,69597.5700
LINKUSDT,2026.06.13,01:15:00,7.904000,7.908000,7.888000,7.907000,33277.2800
LINKUSDT,2026.06.13,01:30:00,7.908000,7.946000,7.903000,7.931000,123954.5600
LINKUSDT,2026.06.13,01:45:00,7.932000,7.943000,7.931000,7.941000,48808.3300
LINKUSDT,2026.06.13,02:00:00,7.941000,7.942000,7.923000,7.927000,76768.9500
LINKUSDT,2026.06.13,02:15:00,7.928000,7.928000,7.904000,7.910000,42184.4600
LINKUSDT,2026.06.13,02:30:00,7.911000,7.921000,7.901000,7.905000,42222.9400
LINKUSDT,2026.06.13,02:45:00,7.906000,7.913000,7.896000,7.904000,39465.4900
LINKUSDT,2026.06.13,03:00:00,7.905000,7.918000,7.901000,7.902000,34293.9800
LINKUSDT,2026.06.13,03:15:00,7.902000,7.905000,7.865000,7.874000,69944.5700
LINKUSDT,2026.06.13,03:30:00,7.874000,7.886000,7.873000,7.880000,29303.8400
LINKUSDT,2026.06.13,03:45:00,7.880000,7.892000,7.879000,7.887000,32734.5000
LINKUSDT,2026.06.13,04:00:00,7.887000,7.894000,7.863000,7.869000,31080.8300
LINKUSDT,2026.06.13,04:15:00,7.870000,7.885000,7.865000,7.869000,34258.7800
LINKUSDT,2026.06.13,04:30:00,7.870000,7.899000,7.870000,7.893000,42690.4100
LINKUSDT,2026.06.13,04:45:00,7.894000,7.906000,7.872000,7.872000,47601.5800
LINKUSDT,2026.06.13,05:00:00,7.873000,7.891000,7.869000,7.883000,35828.6800
LINKUSDT,2026.06.13,05:15:00,7.884000,7.885000,7.867000,7.869000,51363.4300
LINKUSDT,2026.06.13,05:30:00,7.869000,7.888000,7.864000,7.876000,43500.9400
LINKUSDT,2026.06.13,05:45:00,7.876000,7.879000,7.851000,7.879000,40932.5700
LINKUSDT,2026.06.13,06:00:00,7.880000,7.889000,7.873000,7.874000,44556.2100
LINKUSDT,2026.06.13,06:15:00,7.874000,7.882000,7.860000,7.882000,37661.4700
LINKUSDT,2026.06.13,06:30:00,7.883000,7.900000,7.876000,7.897000,47458.9600
LINKUSDT,2026.06.13,06:45:00,7.897000,7.931000,7.897000,7.920000,108233.7700
LINKUSDT,2026.06.13,07:00:00,7.921000,7.925000,7.891000,7.918000,91055.1700
LINKUSDT,2026.06.13,07:15:00,7.919000,7.967000,7.913000,7.959000,108413.6200
LINKUSDT,2026.06.13,07:30:00,7.959000,7.959000,7.935000,7.945000,68781.5400
LINKUSDT,2026.06.13,07:45:00,7.946000,7.966000,7.943000,7.958000,100522.9100
LINKUSDT,2026.06.13,08:00:00,7.960000,7.969000,7.946000,7.950000,84624.0000
LINKUSDT,2026.06.13,08:15:00,7.951000,7.960000,7.939000,7.952000,53825.6900
LINKUSDT,2026.06.13,08:30:00,7.952000,7.980000,7.952000,7.967000,64867.8200
LINKUSDT,2026.06.13,08:45:00,7.968000,7.970000,7.955000,7.957000,24492.0300
LINKUSDT,2026.06.13,09:00:00,7.957000,7.965000,7.949000,7.960000,39967.5100
LINKUSDT,2026.06.13,09:15:00,7.960000,7.975000,7.951000,7.953000,33734.1600
LINKUSDT,2026.06.13,09:30:00,7.954000,7.956000,7.944000,7.952000,38571.6600
LINKUSDT,2026.06.13,09:45:00,7.952000,7.953000,7.941000,7.948000,28319.0600
LINKUSDT,2026.06.13,10:00:00,7.949000,7.961000,7.947000,7.954000,56278.9000
LINKUSDT,2026.06.13,10:15:00,7.953000,7.964000,7.945000,7.954000,27388.6600
LINKUSDT,2026.06.13,10:30:00,7.955000,7.967000,7.954000,7.964000,31804.9800
LINKUSDT,2026.06.13,10:45:00,7.964000,7.973000,7.946000,7.957000,74640.7500
LINKUSDT,2026.06.13,11:00:00,7.957000,7.982000,7.951000,7.980000,47398.8700
LINKUSDT,2026.06.13,11:15:00,7.980000,7.989000,7.977000,7.985000,68536.6000
LINKUSDT,2026.06.13,11:30:00,7.985000,7.986000,7.971000,7.972000,23676.6600
LINKUSDT,2026.06.13,11:45:00,7.973000,7.987000,7.967000,7.986000,35773.3600
LINKUSDT,2026.06.13,12:00:00,7.987000,7.988000,7.971000,7.981000,47106.5200
LINKUSDT,2026.06.13,12:15:00,7.981000,7.993000,7.979000,7.982000,53522.3100
LINKUSDT,2026.06.13,12:30:00,7.982000,7.994000,7.982000,7.989000,45152.7600
LINKUSDT,2026.06.13,12:45:00,7.989000,8.029000,7.989000,8.006000,156435.9700
LINKUSDT,2026.06.13,13:00:00,8.006000,8.008000,7.993000,7.998000,58152.6700
LINKUSDT,2026.06.13,13:15:00,7.999000,8.002000,7.990000,7.995000,40950.6400
LINKUSDT,2026.06.13,13:30:00,7.996000,8.003000,7.979000,7.990000,57959.6300
LINKUSDT,2026.06.13,13:45:00,7.991000,7.992000,7.971000,7.990000,76329.2600
LINKUSDT,2026.06.13,14:00:00,7.990000,8.010000,7.986000,8.001000,43786.9200
LINKUSDT,2026.06.13,14:15:00,8.002000,8.013000,7.988000,7.991000,40754.2600
LINKUSDT,2026.06.13,14:30:00,7.990000,8.002000,7.986000,7.993000,49398.1100
LINKUSDT,2026.06.13,14:45:00,7.992000,8.010000,7.992000,8.007000,47425.2900
LINKUSDT,2026.06.13,15:00:00,8.008000,8.013000,7.993000,8.011000,87968.8000
LINKUSDT,2026.06.13,15:15:00,8.012000,8.025000,8.010000,8.019000,73646.7800
LINKUSDT,2026.06.13,15:30:00,8.020000,8.039000,8.008000,8.012000,85570.6100
LINKUSDT,2026.06.13,15:45:00,8.011000,8.027000,8.001000,8.021000,82803.8700
LINKUSDT,2026.06.13,16:00:00,8.022000,8.026000,7.985000,7.994000,245538.5600
LINKUSDT,2026.06.13,16:15:00,7.995000,7.995000,7.934000,7.966000,221550.7600
LINKUSDT,2026.06.13,16:30:00,7.965000,7.977000,7.952000,7.974000,93597.5300
LINKUSDT,2026.06.13,16:45:00,7.974000,8.000000,7.958000,7.990000,142914.2000
LINKUSDT,2026.06.13,17:00:00,7.989000,7.995000,7.974000,7.992000,71468.6800
LINKUSDT,2026.06.13,17:15:00,7.992000,8.015000,7.989000,8.014000,79318.3100
LINKUSDT,2026.06.13,17:30:00,8.014000,8.020000,8.008000,8.019000,60563.5400
LINKUSDT,2026.06.13,17:45:00,8.020000,8.021000,7.980000,7.988000,103067.6500
LINKUSDT,2026.06.13,18:00:00,7.988000,8.004000,7.986000,7.993000,49025.2800
LINKUSDT,2026.06.13,18:15:00,7.994000,8.018000,7.986000,8.013000,59052.7300
LINKUSDT,2026.06.13,18:30:00,8.014000,8.017000,7.997000,8.011000,52344.9600
LINKUSDT,2026.06.13,18:45:00,8.012000,8.014000,7.963000,7.978000,109157.9300
LINKUSDT,2026.06.13,19:00:00,7.979000,7.982000,7.967000,7.976000,71335.9200
LINKUSDT,2026.06.13,19:15:00,7.977000,7.978000,7.959000,7.969000,99399.8500
LINKUSDT,2026.06.13,19:30:00,7.970000,8.002000,7.966000,7.999000,105120.6000
LINKUSDT,2026.06.13,19:45:00,7.999000,8.007000,7.986000,7.987000,31935.5400
LINKUSDT,2026.06.13,20:00:00,7.986000,7.987000,7.965000,7.976000,31225.2900
LINKUSDT,2026.06.13,20:15:00,7.976000,7.986000,7.965000,7.967000,24721.8700
LINKUSDT,2026.06.13,20:30:00,7.967000,7.978000,7.962000,7.975000,34158.7400
LINKUSDT,2026.06.13,20:45:00,7.975000,7.988000,7.972000,7.979000,28199.4800
LINKUSDT,2026.06.13,21:00:00,7.979000,7.984000,7.952000,7.955000,44353.9900
LINKUSDT,2026.06.13,21:15:00,7.956000,7.965000,7.954000,7.961000,30291.0000
LINKUSDT,2026.06.13,21:30:00,7.962000,8.057000,7.961000,8.027000,152512.4300
LINKUSDT,2026.06.13,21:45:00,8.028000,8.035000,8.012000,8.018000,79159.5100
LINKUSDT,2026.06.13,22:00:00,8.019000,8.021000,7.985000,7.992000,58779.2700
LINKUSDT,2026.06.13,22:15:00,7.992000,8.001000,7.986000,7.993000,17483.7800
LINKUSDT,2026.06.13,22:30:00,7.994000,8.002000,7.980000,7.980000,38806.4000
LINKUSDT,2026.06.13,22:45:00,7.981000,7.994000,7.977000,7.977000,30676.2200
LINKUSDT,2026.06.13,23:00:00,7.976000,7.983000,7.970000,7.971000,33923.3800
LINKUSDT,2026.06.13,23:15:00,7.972000,7.987000,7.960000,7.964000,53837.7500
LINKUSDT,2026.06.13,23:30:00,7.965000,7.989000,7.961000,7.971000,41927.7800
LINKUSDT,2026.06.13,23:45:00,7.972000,7.983000,7.962000,7.981000,37333.0200
LINKUSDT,2026.06.14,00:00:00,7.980000,7.981000,7.954000,7.961000,146217.1000
LINKUSDT,2026.06.14,00:15:00,7.961000,7.971000,7.954000,7.957000,36624.8800
LINKUSDT,2026.06.14,00:30:00,7.957000,7.976000,7.956000,7.969000,35614.7500
LINKUSDT,2026.06.14,00:45:00,7.970000,7.973000,7.952000,7.961000,92462.4700
LINKUSDT,2026.06.14,01:00:00,7.962000,7.983000,7.951000,7.976000,62653.5600
LINKUSDT,2026.06.14,01:15:00,7.976000,8.006000,7.976000,7.989000,83826.5500
LINKUSDT,2026.06.14,01:30:00,7.989000,7.989000,7.974000,7.977000,52894.0000
LINKUSDT,2026.06.14,01:45:00,7.977000,7.988000,7.966000,7.968000,51517.5000
LINKUSDT,2026.06.14,02:00:00,7.968000,7.998000,7.962000,7.994000,65341.1900
LINKUSDT,2026.06.14,02:15:00,7.995000,8.000000,7.956000,7.961000,73331.6000
LINKUSDT,2026.06.14,02:30:00,7.962000,7.965000,7.950000,7.953000,43322.4200
LINKUSDT,2026.06.14,02:45:00,7.953000,7.963000,7.948000,7.956000,50645.2400
LINKUSDT,2026.06.14,03:00:00,7.956000,7.958000,7.946000,7.950000,37807.4500
LINKUSDT,2026.06.14,03:15:00,7.950000,7.970000,7.948000,7.967000,31342.5100
LINKUSDT,2026.06.14,03:30:00,7.968000,7.970000,7.948000,7.951000,24445.5700
LINKUSDT,2026.06.14,03:45:00,7.951000,7.966000,7.947000,7.959000,40180.8000
LINKUSDT,2026.06.14,04:00:00,7.959000,7.963000,7.938000,7.948000,50825.5900
LINKUSDT,2026.06.14,04:15:00,7.949000,7.954000,7.936000,7.938000,30191.8500
LINKUSDT,2026.06.14,04:30:00,7.938000,7.942000,7.917000,7.917000,90484.8400
LINKUSDT,2026.06.14,04:45:00,7.918000,7.920000,7.900000,7.914000,122763.2700
LINKUSDT,2026.06.14,05:00:00,7.915000,7.920000,7.906000,7.911000,51931.4600
LINKUSDT,2026.06.14,05:15:00,7.912000,7.912000,7.895000,7.898000,47771.8100
LINKUSDT,2026.06.14,05:30:00,7.898000,7.926000,7.888000,7.921000,73985.2600
LINKUSDT,2026.06.14,05:45:00,7.921000,7.930000,7.915000,7.919000,44123.0400
LINKUSDT,2026.06.14,06:00:00,7.919000,7.949000,7.919000,7.947000,42406.2200
LINKUSDT,2026.06.14,06:15:00,7.947000,7.947000,7.928000,7.941000,32024.9600
LINKUSDT,2026.06.14,06:30:00,7.941000,7.941000,7.913000,7.917000,41516.9200
LINKUSDT,2026.06.14,06:45:00,7.918000,7.920000,7.910000,7.916000,31172.3300
LINKUSDT,2026.06.14,07:00:00,7.917000,7.918000,7.900000,7.905000,52098.9900
LINKUSDT,2026.06.14,07:15:00,7.906000,7.921000,7.905000,7.912000,36767.7400
LINKUSDT,2026.06.14,07:30:00,7.912000,7.912000,7.879000,7.885000,54182.4800
LINKUSDT,2026.06.14,07:45:00,7.886000,7.908000,7.884000,7.900000,30017.2800
LINKUSDT,2026.06.14,08:00:00,7.901000,7.916000,7.891000,7.908000,50607.6200
LINKUSDT,2026.06.14,08:15:00,7.908000,7.924000,7.908000,7.922000,46782.2900
LINKUSDT,2026.06.14,08:30:00,7.923000,7.924000,7.906000,7.918000,44875.9500
LINKUSDT,2026.06.14,08:45:00,7.919000,7.928000,7.905000,7.910000,42835.9000
LINKUSDT,2026.06.14,09:00:00,7.911000,7.917000,7.905000,7.908000,35062.8400
LINKUSDT,2026.06.14,09:15:00,7.909000,7.909000,7.877000,7.898000,89920.7800
LINKUSDT,2026.06.14,09:30:00,7.898000,7.940000,7.894000,7.938000,63934.7200
LINKUSDT,2026.06.14,09:45:00,7.939000,7.943000,7.935000,7.942000,43024.6800
LINKUSDT,2026.06.14,10:00:00,7.943000,7.943000,7.925000,7.931000,34301.0900
LINKUSDT,2026.06.14,10:15:00,7.930000,7.947000,7.927000,7.934000,43944.5900
LINKUSDT,2026.06.14,10:30:00,7.934000,7.947000,7.933000,7.935000,34005.9400
LINKUSDT,2026.06.14,10:45:00,7.936000,7.937000,7.910000,7.911000,42930.2000
LINKUSDT,2026.06.14,11:00:00,7.911000,7.921000,7.905000,7.915000,32083.4400
LINKUSDT,2026.06.14,11:15:00,7.916000,7.927000,7.906000,7.924000,17050.3100
LINKUSDT,2026.06.14,11:30:00,7.924000,7.939000,7.922000,7.933000,29366.2300
LINKUSDT,2026.06.14,11:45:00,7.934000,7.942000,7.921000,7.922000,25642.1000
LINKUSDT,2026.06.14,12:00:00,7.923000,7.927000,7.912000,7.917000,31774.7000
LINKUSDT,2026.06.14,12:15:00,7.917000,7.926000,7.914000,7.914000,22533.9700
LINKUSDT,2026.06.14,12:30:00,7.914000,7.921000,7.882000,7.900000,56348.0700
LINKUSDT,2026.06.14,12:45:00,7.900000,7.901000,7.872000,7.878000,76155.2200
LINKUSDT,2026.06.14,13:00:00,7.879000,7.890000,7.872000,7.884000,46715.1000
LINKUSDT,2026.06.14,13:15:00,7.883000,7.889000,7.867000,7.870000,45614.6100
LINKUSDT,2026.06.14,13:30:00,7.870000,7.879000,7.853000,7.874000,118854.1200
LINKUSDT,2026.06.14,13:45:00,7.874000,7.879000,7.853000,7.868000,69880.0700
LINKUSDT,2026.06.14,14:00:00,7.869000,7.875000,7.856000,7.865000,41803.2600
LINKUSDT,2026.06.14,14:15:00,7.865000,7.872000,7.844000,7.845000,69908.6500
LINKUSDT,2026.06.14,14:30:00,7.845000,7.845000,7.787000,7.798000,260566.7600
LINKUSDT,2026.06.14,14:45:00,7.799000,7.826000,7.798000,7.826000,63337.0900
LINKUSDT,2026.06.14,15:00:00,7.826000,7.842000,7.825000,7.834000,84694.2300
LINKUSDT,2026.06.14,15:15:00,7.834000,7.841000,7.822000,7.831000,42704.2900
LINKUSDT,2026.06.14,15:30:00,7.831000,7.847000,7.826000,7.833000,30880.2400
LINKUSDT,2026.06.14,15:45:00,7.833000,7.839000,7.828000,7.835000,26132.6900
LINKUSDT,2026.06.14,16:00:00,7.836000,7.860000,7.832000,7.852000,93661.0800
LINKUSDT,2026.06.14,16:15:00,7.852000,7.872000,7.851000,7.859000,47368.0700
LINKUSDT,2026.06.14,16:30:00,7.859000,7.867000,7.855000,7.860000,32957.5700
LINKUSDT,2026.06.14,16:45:00,7.861000,7.863000,7.831000,7.838000,46378.8700
LINKUSDT,2026.06.14,17:00:00,7.838000,7.860000,7.835000,7.847000,66220.3100
LINKUSDT,2026.06.14,17:15:00,7.847000,7.855000,7.838000,7.839000,18798.2800
LINKUSDT,2026.06.14,17:30:00,7.840000,7.847000,7.821000,7.830000,53129.1700
LINKUSDT,2026.06.14,17:45:00,7.830000,7.836000,7.805000,7.812000,53114.7300
LINKUSDT,2026.06.14,18:00:00,7.812000,7.828000,7.808000,7.826000,53251.5600
LINKUSDT,2026.06.14,18:15:00,7.826000,7.832000,7.779000,7.790000,329192.0700
LINKUSDT,2026.06.14,18:30:00,7.790000,7.811000,7.789000,7.809000,30226.3500
LINKUSDT,2026.06.14,18:45:00,7.809000,7.812000,7.803000,7.808000,29491.8900
LINKUSDT,2026.06.14,19:00:00,7.808000,7.822000,7.801000,7.815000,37103.6500
LINKUSDT,2026.06.14,19:15:00,7.816000,7.834000,7.816000,7.832000,46167.9200
LINKUSDT,2026.06.14,19:30:00,7.833000,7.843000,7.821000,7.822000,33641.1100
LINKUSDT,2026.06.14,19:45:00,7.822000,7.822000,7.813000,7.816000,26985.4800
LINKUSDT,2026.06.14,20:00:00,7.817000,7.823000,7.802000,7.811000,55942.4900
LINKUSDT,2026.06.14,20:15:00,7.812000,7.841000,7.811000,7.832000,68947.6500
LINKUSDT,2026.06.14,20:30:00,7.833000,7.869000,7.829000,7.859000,91966.7100
LINKUSDT,2026.06.14,20:45:00,7.859000,7.866000,7.849000,7.849000,25605.5000
LINKUSDT,2026.06.14,21:00:00,7.850000,7.867000,7.844000,7.865000,52447.6800
LINKUSDT,2026.06.14,21:15:00,7.865000,8.018000,7.865000,8.001000,516637.8300
LINKUSDT,2026.06.14,21:30:00,8.002000,8.082000,8.000000,8.073000,315871.3300
LINKUSDT,2026.06.14,21:45:00,8.073000,8.155000,8.064000,8.067000,340593.5400
LINKUSDT,2026.06.14,22:00:00,8.068000,8.108000,8.034000,8.073000,301022.9700
LINKUSDT,2026.06.14,22:15:00,8.073000,8.103000,8.043000,8.079000,135405.6300
LINKUSDT,2026.06.14,22:30:00,8.080000,8.137000,8.072000,8.121000,121978.5400
LINKUSDT,2026.06.14,22:45:00,8.121000,8.130000,8.097000,8.108000,133620.0800
LINKUSDT,2026.06.14,23:00:00,8.109000,8.130000,8.086000,8.114000,131374.3000
LINKUSDT,2026.06.14,23:15:00,8.115000,8.159000,8.107000,8.146000,180368.7100
LINKUSDT,2026.06.14,23:30:00,8.146000,8.157000,8.118000,8.126000,116098.4400
LINKUSDT,2026.06.14,23:45:00,8.126000,8.181000,8.125000,8.177000,171256.3900
LINKUSDT,2026.06.15,00:00:00,8.177000,8.216000,8.165000,8.214000,388148.1200
LINKUSDT,2026.06.15,00:15:00,8.214000,8.214000,8.166000,8.192000,177897.4000
LINKUSDT,2026.06.15,00:30:00,8.191000,8.194000,8.132000,8.141000,139115.7000
LINKUSDT,2026.06.15,00:45:00,8.141000,8.163000,8.130000,8.153000,95001.4700
LINKUSDT,2026.06.15,01:00:00,8.153000,8.156000,8.102000,8.141000,103592.6600
LINKUSDT,2026.06.15,01:15:00,8.141000,8.142000,8.105000,8.105000,100376.3300
LINKUSDT,2026.06.15,01:30:00,8.105000,8.165000,8.099000,8.164000,109095.6300
LINKUSDT,2026.06.15,01:45:00,8.164000,8.165000,8.118000,8.122000,64506.4400
LINKUSDT,2026.06.15,02:00:00,8.122000,8.173000,8.116000,8.170000,110377.9500
LINKUSDT,2026.06.15,02:15:00,8.171000,8.197000,8.166000,8.168000,83400.9600
LINKUSDT,2026.06.15,02:30:00,8.167000,8.173000,8.150000,8.158000,64067.4000
LINKUSDT,2026.06.15,02:45:00,8.158000,8.167000,8.145000,8.155000,57511.2600
LINKUSDT,2026.06.15,03:00:00,8.156000,8.194000,8.147000,8.189000,106271.1700
LINKUSDT,2026.06.15,03:15:00,8.190000,8.193000,8.178000,8.189000,79932.3500
LINKUSDT,2026.06.15,03:30:00,8.190000,8.211000,8.179000,8.207000,105565.6600
LINKUSDT,2026.06.15,03:45:00,8.206000,8.207000,8.187000,8.193000,80191.7700
LINKUSDT,2026.06.15,04:00:00,8.191000,8.197000,8.173000,8.187000,96768.6800
LINKUSDT,2026.06.15,04:15:00,8.186000,8.199000,8.176000,8.179000,60908.1800
LINKUSDT,2026.06.15,04:30:00,8.180000,8.184000,8.147000,8.159000,82708.3500
LINKUSDT,2026.06.15,04:45:00,8.159000,8.175000,8.152000,8.163000,75707.6200
LINKUSDT,2026.06.15,05:00:00,8.162000,8.175000,8.148000,8.173000,56329.0300
LINKUSDT,2026.06.15,05:15:00,8.172000,8.207000,8.170000,8.205000,78658.0200
LINKUSDT,2026.06.15,05:30:00,8.205000,8.208000,8.172000,8.177000,54791.5700
LINKUSDT,2026.06.15,05:45:00,8.176000,8.207000,8.175000,8.203000,36555.0600
LINKUSDT,2026.06.15,06:00:00,8.204000,8.210000,8.193000,8.198000,49319.1100
LINKUSDT,2026.06.15,06:15:00,8.198000,8.226000,8.191000,8.214000,73664.2900
LINKUSDT,2026.06.15,06:30:00,8.213000,8.218000,8.186000,8.199000,58231.2700
LINKUSDT,2026.06.15,06:45:00,8.199000,8.216000,8.195000,8.195000,24987.5700
LINKUSDT,2026.06.15,07:00:00,8.195000,8.203000,8.174000,8.196000,53759.3600
LINKUSDT,2026.06.15,07:15:00,8.195000,8.223000,8.195000,8.212000,58708.1600
LINKUSDT,2026.06.15,07:30:00,8.212000,8.212000,8.171000,8.183000,98089.7200
LINKUSDT,2026.06.15,07:45:00,8.184000,8.195000,8.172000,8.177000,32109.5200
LINKUSDT,2026.06.15,08:00:00,8.178000,8.208000,8.168000,8.206000,80249.6500
LINKUSDT,2026.06.15,08:15:00,8.206000,8.220000,8.174000,8.198000,61460.5600
LINKUSDT,2026.06.15,08:30:00,8.198000,8.224000,8.194000,8.216000,93310.9800
LINKUSDT,2026.06.15,08:45:00,8.216000,8.225000,8.202000,8.204000,55993.6500
LINKUSDT,2026.06.15,09:00:00,8.204000,8.214000,8.195000,8.202000,58628.3000
LINKUSDT,2026.06.15,09:15:00,8.201000,8.224000,8.200000,8.201000,71065.9600
LINKUSDT,2026.06.15,09:30:00,8.200000,8.202000,8.159000,8.181000,134914.6300
LINKUSDT,2026.06.15,09:45:00,8.181000,8.206000,8.173000,8.202000,83790.3400
LINKUSDT,2026.06.15,10:00:00,8.202000,8.229000,8.200000,8.221000,81180.4200
LINKUSDT,2026.06.15,10:15:00,8.221000,8.229000,8.214000,8.219000,60051.6500
LINKUSDT,2026.06.15,10:30:00,8.219000,8.243000,8.218000,8.238000,106924.9200
LINKUSDT,2026.06.15,10:45:00,8.238000,8.341000,8.228000,8.335000,957143.3700
LINKUSDT,2026.06.15,11:00:00,8.335000,8.351000,8.293000,8.337000,511033.2700
LINKUSDT,2026.06.15,11:15:00,8.337000,8.450000,8.333000,8.431000,483776.3100
LINKUSDT,2026.06.15,11:30:00,8.432000,8.444000,8.339000,8.345000,446754.0600
LINKUSDT,2026.06.15,11:45:00,8.345000,8.362000,8.291000,8.304000,403390.6000
LINKUSDT,2026.06.15,12:00:00,8.303000,8.322000,8.287000,8.312000,213699.4000
LINKUSDT,2026.06.15,12:15:00,8.313000,8.318000,8.274000,8.317000,135797.1200
LINKUSDT,2026.06.15,12:30:00,8.316000,8.358000,8.291000,8.357000,261806.3300
LINKUSDT,2026.06.15,12:45:00,8.358000,8.360000,8.332000,8.350000,124930.3900
LINKUSDT,2026.06.15,13:00:00,8.350000,8.403000,8.335000,8.401000,445383.0800
LINKUSDT,2026.06.15,13:15:00,8.402000,8.518000,8.399000,8.501000,538615.5400
LINKUSDT,2026.06.15,13:30:00,8.501000,8.510000,8.430000,8.458000,337710.0800
LINKUSDT,2026.06.15,13:45:00,8.458000,8.490000,8.437000,8.468000,165356.6000
LINKUSDT,2026.06.15,14:00:00,8.467000,8.475000,8.417000,8.447000,198286.0600
LINKUSDT,2026.06.15,14:15:00,8.446000,8.463000,8.424000,8.463000,103133.8600
LINKUSDT,2026.06.15,14:30:00,8.463000,8.467000,8.421000,8.441000,94647.1700
LINKUSDT,2026.06.15,14:45:00,8.441000,8.465000,8.438000,8.450000,119348.1600
LINKUSDT,2026.06.15,15:00:00,8.450000,8.470000,8.439000,8.445000,161752.7300
LINKUSDT,2026.06.15,15:15:00,8.444000,8.469000,8.431000,8.446000,132939.2000
LINKUSDT,2026.06.15,15:30:00,8.447000,8.501000,8.414000,8.499000,255144.9000
LINKUSDT,2026.06.15,15:45:00,8.499000,8.618000,8.497000,8.557000,671447.8800
LINKUSDT,2026.06.15,16:00:00,8.557000,8.558000,8.520000,8.537000,348738.0600
LINKUSDT,2026.06.15,16:15:00,8.537000,8.566000,8.502000,8.566000,171768.8900
LINKUSDT,2026.06.15,16:30:00,8.567000,8.582000,8.534000,8.554000,97504.5700
LINKUSDT,2026.06.15,16:45:00,8.554000,8.571000,8.527000,8.550000,101774.7900
LINKUSDT,2026.06.15,17:00:00,8.551000,8.551000,8.454000,8.493000,333966.4200
LINKUSDT,2026.06.15,17:15:00,8.493000,8.509000,8.468000,8.485000,83141.8700
LINKUSDT,2026.06.15,17:30:00,8.484000,8.498000,8.447000,8.488000,155601.2300
LINKUSDT,2026.06.15,17:45:00,8.488000,8.503000,8.473000,8.488000,86012.9500
LINKUSDT,2026.06.15,18:00:00,8.488000,8.492000,8.459000,8.478000,81213.1700
LINKUSDT,2026.06.15,18:15:00,8.478000,8.485000,8.462000,8.462000,40782.8200
LINKUSDT,2026.06.15,18:30:00,8.462000,8.489000,8.451000,8.469000,96831.3800
LINKUSDT,2026.06.15,18:45:00,8.469000,8.496000,8.452000,8.457000,62831.4200
LINKUSDT,2026.06.15,19:00:00,8.456000,8.498000,8.446000,8.493000,105333.9900
LINKUSDT,2026.06.15,19:15:00,8.493000,8.506000,8.370000,8.401000,266981.8300
LINKUSDT,2026.06.15,19:30:00,8.401000,8.446000,8.396000,8.446000,76046.5900
LINKUSDT,2026.06.15,19:45:00,8.447000,8.449000,8.381000,8.406000,132391.6200
LINKUSDT,2026.06.15,20:00:00,8.405000,8.421000,8.388000,8.409000,87389.3500
LINKUSDT,2026.06.15,20:15:00,8.410000,8.410000,8.383000,8.393000,51879.5000
LINKUSDT,2026.06.15,20:30:00,8.393000,8.403000,8.376000,8.378000,48103.5200
LINKUSDT,2026.06.15,20:45:00,8.377000,8.386000,8.362000,8.371000,96051.5500
LINKUSDT,2026.06.15,21:00:00,8.371000,8.391000,8.353000,8.388000,99077.6600
LINKUSDT,2026.06.15,21:15:00,8.388000,8.395000,8.351000,8.351000,62991.2900
LINKUSDT,2026.06.15,21:30:00,8.351000,8.376000,8.336000,8.369000,107905.6400
LINKUSDT,2026.06.15,21:45:00,8.370000,8.374000,8.346000,8.350000,56556.6900
LINKUSDT,2026.06.15,22:00:00,8.350000,8.373000,8.347000,8.347000,37718.1200
LINKUSDT,2026.06.15,22:15:00,8.347000,8.357000,8.254000,8.274000,442274.3400
LINKUSDT,2026.06.15,22:30:00,8.273000,8.309000,8.250000,8.280000,152151.5900
LINKUSDT,2026.06.15,22:45:00,8.280000,8.286000,8.254000,8.264000,99698.4300
LINKUSDT,2026.06.15,23:00:00,8.265000,8.286000,8.260000,8.279000,82751.9200
LINKUSDT,2026.06.15,23:15:00,8.279000,8.285000,8.253000,8.268000,54116.9900
LINKUSDT,2026.06.15,23:30:00,8.269000,8.281000,8.243000,8.278000,110243.0600
LINKUSDT,2026.06.15,23:45:00,8.279000,8.301000,8.276000,8.294000,56593.5800
LINKUSDT,2026.06.16,00:00:00,8.294000,8.319000,8.284000,8.317000,75750.8200
LINKUSDT,2026.06.16,00:15:00,8.318000,8.322000,8.285000,8.290000,68926.8100
LINKUSDT,2026.06.16,00:30:00,8.289000,8.334000,8.286000,8.322000,83637.2800
LINKUSDT,2026.06.16,00:45:00,8.322000,8.324000,8.275000,8.280000,64460.7500
LINKUSDT,2026.06.16,01:00:00,8.280000,8.312000,8.276000,8.283000,97598.0000
LINKUSDT,2026.06.16,01:15:00,8.283000,8.291000,8.269000,8.277000,62831.5000
LINKUSDT,2026.06.16,01:30:00,8.277000,8.284000,8.265000,8.277000,41157.9700
LINKUSDT,2026.06.16,01:45:00,8.277000,8.284000,8.250000,8.253000,82642.7900
LINKUSDT,2026.06.16,02:00:00,8.254000,8.260000,8.205000,8.210000,214897.4700
LINKUSDT,2026.06.16,02:15:00,8.210000,8.221000,8.144000,8.151000,273368.8400
LINKUSDT,2026.06.16,02:30:00,8.150000,8.181000,8.145000,8.180000,128545.6400
LINKUSDT,2026.06.16,02:45:00,8.180000,8.197000,8.162000,8.177000,83852.7100
LINKUSDT,2026.06.16,03:00:00,8.178000,8.206000,8.166000,8.204000,184465.4600
LINKUSDT,2026.06.16,03:15:00,8.203000,8.237000,8.165000,8.234000,106869.6900
LINKUSDT,2026.06.16,03:30:00,8.235000,8.250000,8.228000,8.248000,105038.4300
LINKUSDT,2026.06.16,03:45:00,8.249000,8.253000,8.239000,8.247000,98875.6000
LINKUSDT,2026.06.16,04:00:00,8.248000,8.268000,8.237000,8.245000,100113.3700
LINKUSDT,2026.06.16,04:15:00,8.244000,8.248000,8.215000,8.215000,55020.4500
LINKUSDT,2026.06.16,04:30:00,8.214000,8.214000,8.179000,8.186000,188554.7000
LINKUSDT,2026.06.16,04:45:00,8.187000,8.195000,8.174000,8.182000,58700.5500
LINKUSDT,2026.06.16,05:00:00,8.183000,8.218000,8.183000,8.202000,85435.6300
LINKUSDT,2026.06.16,05:15:00,8.202000,8.223000,8.191000,8.205000,62062.0600
LINKUSDT,2026.06.16,05:30:00,8.206000,8.211000,8.190000,8.206000,47949.3400
LINKUSDT,2026.06.16,05:45:00,8.207000,8.218000,8.198000,8.201000,55926.2900
LINKUSDT,2026.06.16,06:00:00,8.201000,8.222000,8.199000,8.220000,51488.8800
LINKUSDT,2026.06.16,06:15:00,8.221000,8.235000,8.208000,8.231000,83293.8700
LINKUSDT,2026.06.16,06:30:00,8.231000,8.258000,8.225000,8.247000,136703.7100
LINKUSDT,2026.06.16,06:45:00,8.248000,8.266000,8.246000,8.257000,61385.8800
LINKUSDT,2026.06.16,07:00:00,8.258000,8.271000,8.244000,8.246000,76804.1100
LINKUSDT,2026.06.16,07:15:00,8.247000,8.262000,8.239000,8.257000,46984.9700
LINKUSDT,2026.06.16,07:30:00,8.257000,8.290000,8.255000,8.270000,137959.3400
LINKUSDT,2026.06.16,07:45:00,8.271000,8.289000,8.268000,8.281000,46037.2200
LINKUSDT,2026.06.16,08:00:00,8.281000,8.312000,8.272000,8.308000,80721.6200
LINKUSDT,2026.06.16,08:15:00,8.309000,8.338000,8.305000,8.332000,104753.8800
LINKUSDT,2026.06.16,08:30:00,8.332000,8.355000,8.325000,8.354000,74403.0300
LINKUSDT,2026.06.16,08:45:00,8.355000,8.429000,8.345000,8.401000,227016.2400
LINKUSDT,2026.06.16,09:00:00,8.401000,8.409000,8.374000,8.382000,134170.9500
LINKUSDT,2026.06.16,09:15:00,8.383000,8.383000,8.328000,8.348000,91795.7000
LINKUSDT,2026.06.16,09:30:00,8.348000,8.365000,8.336000,8.356000,82677.1200
LINKUSDT,2026.06.16,09:45:00,8.357000,8.365000,8.331000,8.345000,77723.8900
LINKUSDT,2026.06.16,10:00:00,8.346000,8.350000,8.325000,8.330000,68579.2800
LINKUSDT,2026.06.16,10:15:00,8.331000,8.373000,8.331000,8.372000,112147.4500
LINKUSDT,2026.06.16,10:30:00,8.372000,8.372000,8.352000,8.358000,59036.3300
LINKUSDT,2026.06.16,10:45:00,8.358000,8.364000,8.333000,8.340000,72991.9400
LINKUSDT,2026.06.16,11:00:00,8.340000,8.365000,8.320000,8.329000,50627.4900
LINKUSDT,2026.06.16,11:15:00,8.330000,8.352000,8.304000,8.316000,75140.1000
LINKUSDT,2026.06.16,11:30:00,8.317000,8.318000,8.294000,8.309000,116228.9700
LINKUSDT,2026.06.16,11:45:00,8.309000,8.330000,8.302000,8.328000,93881.7800
LINKUSDT,2026.06.16,12:00:00,8.329000,8.359000,8.305000,8.355000,163796.5500
LINKUSDT,2026.06.16,12:15:00,8.356000,8.413000,8.356000,8.403000,249777.6900
LINKUSDT,2026.06.16,12:30:00,8.403000,8.476000,8.384000,8.400000,379246.9800
LINKUSDT,2026.06.16,12:45:00,8.399000,8.399000,8.369000,8.386000,130725.5000
LINKUSDT,2026.06.16,13:00:00,8.386000,8.393000,8.267000,8.307000,328828.7400
LINKUSDT,2026.06.16,13:15:00,8.308000,8.335000,8.284000,8.288000,146906.5000
LINKUSDT,2026.06.16,13:30:00,8.287000,8.318000,8.265000,8.297000,180077.5900
LINKUSDT,2026.06.16,13:45:00,8.296000,8.304000,8.242000,8.250000,231171.4400
LINKUSDT,2026.06.16,14:00:00,8.251000,8.292000,8.225000,8.233000,181698.9000
LINKUSDT,2026.06.16,14:15:00,8.233000,8.244000,8.125000,8.128000,660871.5800
LINKUSDT,2026.06.16,14:30:00,8.128000,8.179000,8.086000,8.163000,463546.3300
LINKUSDT,2026.06.16,14:45:00,8.162000,8.185000,8.148000,8.156000,174212.2100
LINKUSDT,2026.06.16,15:00:00,8.156000,8.198000,8.146000,8.195000,155647.1800
LINKUSDT,2026.06.16,15:15:00,8.195000,8.202000,8.157000,8.187000,132407.0600
LINKUSDT,2026.06.16,15:30:00,8.188000,8.229000,8.177000,8.184000,104971.3900
LINKUSDT,2026.06.16,15:45:00,8.183000,8.218000,8.158000,8.191000,117673.0300
LINKUSDT,2026.06.16,16:00:00,8.191000,8.207000,8.181000,8.185000,111966.3700
LINKUSDT,2026.06.16,16:15:00,8.185000,8.204000,8.174000,8.197000,101850.5900
LINKUSDT,2026.06.16,16:30:00,8.197000,8.197000,8.161000,8.184000,95605.1800
LINKUSDT,2026.06.16,16:45:00,8.184000,8.187000,8.157000,8.174000,56506.8300
LINKUSDT,2026.06.16,17:00:00,8.174000,8.193000,8.173000,8.179000,74208.1400
LINKUSDT,2026.06.16,17:15:00,8.179000,8.219000,8.173000,8.184000,67337.8500
LINKUSDT,2026.06.16,17:30:00,8.183000,8.212000,8.173000,8.195000,55716.8600
LINKUSDT,2026.06.16,17:45:00,8.194000,8.261000,8.191000,8.250000,117701.0000
LINKUSDT,2026.06.16,18:00:00,8.250000,8.325000,8.246000,8.310000,181339.6300
LINKUSDT,2026.06.16,18:15:00,8.310000,8.312000,8.257000,8.280000,89382.5900
LINKUSDT,2026.06.16,18:30:00,8.280000,8.302000,8.272000,8.294000,78124.5100
LINKUSDT,2026.06.16,18:45:00,8.294000,8.314000,8.286000,8.299000,80991.9700
LINKUSDT,2026.06.16,19:00:00,8.299000,8.299000,8.254000,8.256000,96692.7000
LINKUSDT,2026.06.16,19:15:00,8.255000,8.271000,8.223000,8.266000,102515.4000
LINKUSDT,2026.06.16,19:30:00,8.266000,8.287000,8.260000,8.273000,38793.7400
LINKUSDT,2026.06.16,19:45:00,8.273000,8.291000,8.237000,8.253000,92347.0500
LINKUSDT,2026.06.16,20:00:00,8.252000,8.290000,8.236000,8.281000,83152.1600
LINKUSDT,2026.06.16,20:15:00,8.281000,8.309000,8.260000,8.270000,45297.5600
LINKUSDT,2026.06.16,20:30:00,8.271000,8.338000,8.268000,8.335000,307378.3300
LINKUSDT,2026.06.16,20:45:00,8.335000,8.337000,8.316000,8.327000,61043.6900
LINKUSDT,2026.06.16,21:00:00,8.328000,8.349000,8.311000,8.335000,133995.1900
LINKUSDT,2026.06.16,21:15:00,8.335000,8.345000,8.299000,8.308000,85621.0900
LINKUSDT,2026.06.16,21:30:00,8.308000,8.311000,8.282000,8.301000,53870.8000
LINKUSDT,2026.06.16,21:45:00,8.301000,8.313000,8.301000,8.309000,20614.9500
LINKUSDT,2026.06.16,22:00:00,8.309000,8.331000,8.293000,8.320000,67958.6400
LINKUSDT,2026.06.16,22:15:00,8.320000,8.327000,8.285000,8.301000,100666.3400
LINKUSDT,2026.06.16,22:30:00,8.301000,8.310000,8.290000,8.291000,39765.9100
LINKUSDT,2026.06.16,22:45:00,8.291000,8.304000,8.282000,8.301000,25277.4400
LINKUSDT,2026.06.16,23:00:00,8.302000,8.315000,8.283000,8.290000,35038.7300
LINKUSDT,2026.06.16,23:15:00,8.290000,8.291000,8.262000,8.283000,34610.0400
LINKUSDT,2026.06.16,23:30:00,8.283000,8.297000,8.279000,8.285000,18181.9100
LINKUSDT,2026.06.16,23:45:00,8.285000,8.285000,8.262000,8.272000,34454.4300
LINKUSDT,2026.06.17,00:00:00,8.271000,8.298000,8.270000,8.276000,60771.4400
LINKUSDT,2026.06.17,00:15:00,8.277000,8.284000,8.262000,8.274000,49218.4600
LINKUSDT,2026.06.17,00:30:00,8.275000,8.297000,8.262000,8.292000,33911.8900
LINKUSDT,2026.06.17,00:45:00,8.293000,8.308000,8.274000,8.290000,57780.6000
LINKUSDT,2026.06.17,01:00:00,8.291000,8.325000,8.286000,8.318000,99343.3300
LINKUSDT,2026.06.17,01:15:00,8.318000,8.318000,8.249000,8.276000,111271.6100
LINKUSDT,2026.06.17,01:30:00,8.277000,8.327000,8.258000,8.304000,99343.5600
LINKUSDT,2026.06.17,01:45:00,8.305000,8.359000,8.305000,8.349000,165735.8500
LINKUSDT,2026.06.17,02:00:00,8.348000,8.355000,8.340000,8.352000,79386.8500
LINKUSDT,2026.06.17,02:15:00,8.353000,8.413000,8.350000,8.402000,189806.3700
LINKUSDT,2026.06.17,02:30:00,8.403000,8.405000,8.320000,8.352000,108160.7900
LINKUSDT,2026.06.17,02:45:00,8.353000,8.372000,8.344000,8.367000,80238.7800
LINKUSDT,2026.06.17,03:00:00,8.368000,8.368000,8.333000,8.334000,122123.4100
LINKUSDT,2026.06.17,03:15:00,8.334000,8.335000,8.313000,8.326000,54115.2300
LINKUSDT,2026.06.17,03:30:00,8.327000,8.358000,8.324000,8.335000,27943.6800
LINKUSDT,2026.06.17,03:45:00,8.336000,8.352000,8.322000,8.348000,58309.1400
LINKUSDT,2026.06.17,04:00:00,8.349000,8.373000,8.339000,8.349000,66109.3300
LINKUSDT,2026.06.17,04:15:00,8.350000,8.356000,8.327000,8.351000,36067.2600
LINKUSDT,2026.06.17,04:30:00,8.351000,8.364000,8.344000,8.354000,23721.1200
LINKUSDT,2026.06.17,04:45:00,8.354000,8.394000,8.346000,8.347000,43585.1500
LINKUSDT,2026.06.17,05:00:00,8.348000,8.372000,8.330000,8.334000,68395.0700
LINKUSDT,2026.06.17,05:15:00,8.334000,8.335000,8.297000,8.331000,83432.3100
LINKUSDT,2026.06.17,05:30:00,8.332000,8.351000,8.318000,8.344000,37071.2100
LINKUSDT,2026.06.17,05:45:00,8.344000,8.350000,8.312000,8.331000,35058.0400
LINKUSDT,2026.06.17,06:00:00,8.332000,8.349000,8.327000,8.349000,35289.4400
LINKUSDT,2026.06.17,06:15:00,8.348000,8.356000,8.317000,8.318000,59760.4000
LINKUSDT,2026.06.17,06:30:00,8.318000,8.339000,8.297000,8.312000,104544.0000
LINKUSDT,2026.06.17,06:45:00,8.312000,8.330000,8.309000,8.320000,48388.5200
LINKUSDT,2026.06.17,07:00:00,8.319000,8.355000,8.294000,8.351000,87580.2900
LINKUSDT,2026.06.17,07:15:00,8.351000,8.361000,8.299000,8.305000,119005.9500
LINKUSDT,2026.06.17,07:30:00,8.306000,8.318000,8.294000,8.312000,47500.8300
LINKUSDT,2026.06.17,07:45:00,8.312000,8.316000,8.257000,8.288000,148149.4800
LINKUSDT,2026.06.17,08:00:00,8.287000,8.295000,8.242000,8.243000,121323.0400
LINKUSDT,2026.06.17,08:15:00,8.244000,8.251000,8.213000,8.229000,188301.2100
LINKUSDT,2026.06.17,08:30:00,8.229000,8.229000,8.164000,8.167000,283321.8100
LINKUSDT,2026.06.17,08:45:00,8.168000,8.185000,8.144000,8.167000,148528.7800
LINKUSDT,2026.06.17,09:00:00,8.166000,8.188000,8.160000,8.178000,116011.0900
LINKUSDT,2026.06.17,09:15:00,8.179000,8.211000,8.173000,8.202000,106418.3600
LINKUSDT,2026.06.17,09:30:00,8.202000,8.209000,8.180000,8.188000,72848.4500
LINKUSDT,2026.06.17,09:45:00,8.188000,8.204000,8.174000,8.198000,72076.7200
LINKUSDT,2026.06.17,10:00:00,8.199000,8.214000,8.178000,8.190000,101888.2400
LINKUSDT,2026.06.17,10:15:00,8.191000,8.199000,8.173000,8.186000,77049.4500
LINKUSDT,2026.06.17,10:30:00,8.186000,8.201000,8.180000,8.190000,103525.8900
LINKUSDT,2026.06.17,10:45:00,8.190000,8.197000,8.164000,8.169000,98924.1400
LINKUSDT,2026.06.17,11:00:00,8.170000,8.181000,8.105000,8.139000,345582.8000
LINKUSDT,2026.06.17,11:15:00,8.139000,8.153000,8.116000,8.144000,78728.4600
LINKUSDT,2026.06.17,11:30:00,8.144000,8.169000,8.135000,8.166000,83342.1300
LINKUSDT,2026.06.17,11:45:00,8.166000,8.175000,8.150000,8.150000,84634.3800
LINKUSDT,2026.06.17,12:00:00,8.150000,8.180000,8.136000,8.179000,106736.0100
LINKUSDT,2026.06.17,12:15:00,8.179000,8.179000,8.093000,8.105000,262974.4900
LINKUSDT,2026.06.17,12:30:00,8.105000,8.147000,8.075000,8.142000,169902.3400
LINKUSDT,2026.06.17,12:45:00,8.142000,8.177000,8.141000,8.171000,95315.7000
LINKUSDT,2026.06.17,13:00:00,8.171000,8.185000,8.162000,8.181000,117464.8300
LINKUSDT,2026.06.17,13:15:00,8.181000,8.181000,8.136000,8.154000,95721.5400
LINKUSDT,2026.06.17,13:30:00,8.153000,8.210000,8.135000,8.210000,171043.6600
LINKUSDT,2026.06.17,13:45:00,8.210000,8.222000,8.167000,8.171000,226446.9600
LINKUSDT,2026.06.17,14:00:00,8.171000,8.197000,8.153000,8.191000,122438.5900
LINKUSDT,2026.06.17,14:15:00,8.192000,8.211000,8.162000,8.178000,93455.0100
LINKUSDT,2026.06.17,14:30:00,8.179000,8.189000,8.158000,8.175000,73233.6500
LINKUSDT,2026.06.17,14:45:00,8.176000,8.190000,8.095000,8.153000,411144.8800
LINKUSDT,2026.06.17,15:00:00,8.153000,8.186000,8.141000,8.183000,95515.4000
LINKUSDT,2026.06.17,15:15:00,8.182000,8.226000,8.176000,8.216000,121119.8500
LINKUSDT,2026.06.17,15:30:00,8.216000,8.248000,8.206000,8.247000,108572.6400
LINKUSDT,2026.06.17,15:45:00,8.247000,8.297000,8.237000,8.289000,273486.7600
LINKUSDT,2026.06.17,16:00:00,8.289000,8.304000,8.270000,8.293000,165912.7200
LINKUSDT,2026.06.17,16:15:00,8.293000,8.367000,8.283000,8.345000,298652.4500
LINKUSDT,2026.06.17,16:30:00,8.346000,8.351000,8.288000,8.304000,148087.7800
LINKUSDT,2026.06.17,16:45:00,8.303000,8.307000,8.261000,8.267000,156353.9100
LINKUSDT,2026.06.17,17:00:00,8.267000,8.271000,8.224000,8.240000,208828.4200
LINKUSDT,2026.06.17,17:15:00,8.240000,8.276000,8.236000,8.267000,61872.7100
LINKUSDT,2026.06.17,17:30:00,8.268000,8.286000,8.240000,8.245000,129528.9900
LINKUSDT,2026.06.17,17:45:00,8.245000,8.322000,8.230000,8.303000,211499.3000
LINKUSDT,2026.06.17,18:00:00,8.303000,8.303000,8.089000,8.188000,1075943.0600
LINKUSDT,2026.06.17,18:15:00,8.187000,8.227000,8.178000,8.189000,140726.9400
LINKUSDT,2026.06.17,18:30:00,8.189000,8.310000,8.168000,8.299000,526504.0800
LINKUSDT,2026.06.17,18:45:00,8.300000,8.324000,8.226000,8.240000,250824.7200
LINKUSDT,2026.06.17,19:00:00,8.240000,8.263000,8.178000,8.234000,340068.7900
LINKUSDT,2026.06.17,19:15:00,8.234000,8.236000,8.042000,8.071000,652752.1100
LINKUSDT,2026.06.17,19:30:00,8.071000,8.106000,8.014000,8.029000,500484.4800
LINKUSDT,2026.06.17,19:45:00,8.029000,8.064000,7.998000,8.031000,441979.2500
LINKUSDT,2026.06.17,20:00:00,8.032000,8.069000,8.016000,8.041000,305898.5500
LINKUSDT,2026.06.17,20:15:00,8.042000,8.068000,8.032000,8.057000,101065.6500
LINKUSDT,2026.06.17,20:30:00,8.058000,8.091000,8.049000,8.051000,77263.9800
LINKUSDT,2026.06.17,20:45:00,8.051000,8.103000,8.043000,8.098000,270341.3200
LINKUSDT,2026.06.17,21:00:00,8.098000,8.101000,8.070000,8.074000,96960.1000
LINKUSDT,2026.06.17,21:15:00,8.074000,8.084000,8.063000,8.072000,86495.3300
LINKUSDT,2026.06.17,21:30:00,8.072000,8.090000,8.037000,8.041000,67077.1900
LINKUSDT,2026.06.17,21:45:00,8.041000,8.044000,8.016000,8.033000,122637.9800
LINKUSDT,2026.06.17,22:00:00,8.034000,8.041000,7.931000,8.004000,609450.1200
LINKUSDT,2026.06.17,22:15:00,8.003000,8.049000,7.997000,8.047000,107372.7300
LINKUSDT,2026.06.17,22:30:00,8.047000,8.060000,8.036000,8.040000,37019.6100
LINKUSDT,2026.06.17,22:45:00,8.041000,8.065000,8.033000,8.034000,34589.0800
LINKUSDT,2026.06.17,23:00:00,8.035000,8.072000,8.033000,8.060000,61377.6900
LINKUSDT,2026.06.17,23:15:00,8.061000,8.093000,8.061000,8.082000,65588.5700
LINKUSDT,2026.06.17,23:30:00,8.082000,8.089000,8.062000,8.065000,62713.9500
LINKUSDT,2026.06.17,23:45:00,8.065000,8.089000,8.057000,8.087000,76581.5000
LINKUSDT,2026.06.18,00:00:00,8.087000,8.112000,8.083000,8.105000,104606.1900
LINKUSDT,2026.06.18,00:15:00,8.106000,8.114000,8.084000,8.100000,62854.2700
LINKUSDT,2026.06.18,00:30:00,8.100000,8.122000,8.091000,8.104000,84923.8100
LINKUSDT,2026.06.18,00:45:00,8.104000,8.112000,8.075000,8.079000,54188.0600
LINKUSDT,2026.06.18,01:00:00,8.080000,8.132000,8.079000,8.117000,109886.1200
LINKUSDT,2026.06.18,01:15:00,8.118000,8.118000,8.099000,8.100000,60095.7100
LINKUSDT,2026.06.18,01:30:00,8.101000,8.118000,8.084000,8.088000,52165.6800
LINKUSDT,2026.06.18,01:45:00,8.087000,8.087000,8.062000,8.079000,74166.3600
LINKUSDT,2026.06.18,02:00:00,8.079000,8.098000,8.079000,8.081000,77363.1800
LINKUSDT,2026.06.18,02:15:00,8.080000,8.115000,8.065000,8.114000,52962.0900
LINKUSDT,2026.06.18,02:30:00,8.115000,8.118000,8.095000,8.114000,33104.2600
LINKUSDT,2026.06.18,02:45:00,8.115000,8.119000,8.106000,8.107000,28035.9100
LINKUSDT,2026.06.18,03:00:00,8.107000,8.110000,8.084000,8.084000,43956.3500
LINKUSDT,2026.06.18,03:15:00,8.083000,8.085000,8.031000,8.031000,92429.2500
LINKUSDT,2026.06.18,03:30:00,8.031000,8.046000,8.009000,8.016000,145280.9400
LINKUSDT,2026.06.18,03:45:00,8.016000,8.046000,8.014000,8.024000,75266.7500
LINKUSDT,2026.06.18,04:00:00,8.024000,8.030000,7.941000,7.966000,293639.7100
LINKUSDT,2026.06.18,04:15:00,7.966000,7.987000,7.941000,7.960000,184736.3100
LINKUSDT,2026.06.18,04:30:00,7.961000,7.970000,7.942000,7.942000,85042.0100
LINKUSDT,2026.06.18,04:45:00,7.942000,7.962000,7.931000,7.948000,72668.2800
LINKUSDT,2026.06.18,05:00:00,7.947000,7.950000,7.884000,7.916000,255480.8200
LINKUSDT,2026.06.18,05:15:00,7.916000,7.932000,7.909000,7.919000,92598.8200
LINKUSDT,2026.06.18,05:30:00,7.919000,7.941000,7.905000,7.924000,70693.8200
LINKUSDT,2026.06.18,05:45:00,7.924000,7.949000,7.924000,7.945000,83444.3600
LINKUSDT,2026.06.18,06:00:00,7.946000,7.964000,7.925000,7.942000,67532.2000
LINKUSDT,2026.06.18,06:15:00,7.943000,7.955000,7.924000,7.953000,38737.6600
LINKUSDT,2026.06.18,06:30:00,7.953000,7.963000,7.945000,7.961000,68820.9300
LINKUSDT,2026.06.18,06:45:00,7.961000,7.985000,7.958000,7.976000,89132.7800
LINKUSDT,2026.06.18,07:00:00,7.977000,7.978000,7.955000,7.970000,61475.5300
LINKUSDT,2026.06.18,07:15:00,7.970000,8.027000,7.969000,8.024000,109004.8800
LINKUSDT,2026.06.18,07:30:00,8.025000,8.041000,8.009000,8.031000,75541.8200
LINKUSDT,2026.06.18,07:45:00,8.032000,8.040000,8.016000,8.025000,51323.5000
LINKUSDT,2026.06.18,08:00:00,8.026000,8.057000,8.008000,8.036000,109258.0200
LINKUSDT,2026.06.18,08:15:00,8.037000,8.049000,8.025000,8.047000,86575.8400
LINKUSDT,2026.06.18,08:30:00,8.048000,8.063000,8.043000,8.045000,69314.2800
LINKUSDT,2026.06.18,08:45:00,8.045000,8.051000,8.023000,8.026000,94765.6000
LINKUSDT,2026.06.18,09:00:00,8.026000,8.039000,8.019000,8.035000,64028.3700
LINKUSDT,2026.06.18,09:15:00,8.036000,8.051000,8.016000,8.016000,71863.7200
LINKUSDT,2026.06.18,09:30:00,8.016000,8.046000,8.011000,8.045000,50440.5300
LINKUSDT,2026.06.18,09:45:00,8.045000,8.061000,8.035000,8.035000,46563.5900
LINKUSDT,2026.06.18,10:00:00,8.036000,8.038000,7.998000,7.999000,94360.6000
LINKUSDT,2026.06.18,10:15:00,7.999000,8.006000,7.988000,7.994000,59862.1500
LINKUSDT,2026.06.18,10:30:00,7.994000,8.000000,7.981000,7.985000,57204.3100
LINKUSDT,2026.06.18,10:45:00,7.985000,8.039000,7.981000,8.020000,85631.5500
LINKUSDT,2026.06.18,11:00:00,8.021000,8.038000,8.003000,8.017000,88365.2100
LINKUSDT,2026.06.18,11:15:00,8.018000,8.021000,7.976000,8.006000,132606.0800
LINKUSDT,2026.06.18,11:30:00,8.006000,8.014000,7.966000,7.985000,96198.3200
LINKUSDT,2026.06.18,11:45:00,7.986000,7.998000,7.969000,7.984000,69358.1700
LINKUSDT,2026.06.18,12:00:00,7.985000,8.024000,7.979000,8.019000,253707.7200
LINKUSDT,2026.06.18,12:15:00,8.019000,8.081000,8.016000,8.076000,154835.3100
LINKUSDT,2026.06.18,12:30:00,8.076000,8.087000,8.056000,8.067000,65993.7600
LINKUSDT,2026.06.18,12:45:00,8.068000,8.095000,8.064000,8.086000,87793.0400
LINKUSDT,2026.06.18,13:00:00,8.087000,8.112000,8.078000,8.098000,167069.9700
LINKUSDT,2026.06.18,13:15:00,8.099000,8.125000,8.091000,8.105000,182960.8700
LINKUSDT,2026.06.18,13:30:00,8.105000,8.110000,7.976000,7.978000,406251.8400
LINKUSDT,2026.06.18,13:45:00,7.978000,8.052000,7.964000,8.020000,280381.9900
LINKUSDT,2026.06.18,14:00:00,8.021000,8.046000,7.992000,8.005000,141546.2000
LINKUSDT,2026.06.18,14:15:00,8.006000,8.103000,7.982000,8.024000,213424.7300
LINKUSDT,2026.06.18,14:30:00,8.024000,8.061000,8.007000,8.007000,135684.0600
LINKUSDT,2026.06.18,14:45:00,8.007000,8.036000,7.976000,8.021000,169972.1000
LINKUSDT,2026.06.18,15:00:00,8.022000,8.025000,7.971000,7.980000,135410.3300
LINKUSDT,2026.06.18,15:15:00,7.979000,7.988000,7.900000,7.909000,445071.4600
LINKUSDT,2026.06.18,15:30:00,7.910000,7.939000,7.823000,7.836000,677512.4200
LINKUSDT,2026.06.18,15:45:00,7.835000,7.853000,7.763000,7.783000,773277.1900
LINKUSDT,2026.06.18,16:00:00,7.783000,7.849000,7.775000,7.839000,340799.9100
LINKUSDT,2026.06.18,16:15:00,7.838000,7.854000,7.797000,7.823000,177463.3600
LINKUSDT,2026.06.18,16:30:00,7.823000,7.843000,7.802000,7.829000,135114.5300
LINKUSDT,2026.06.18,16:45:00,7.830000,7.854000,7.822000,7.847000,112868.4000
LINKUSDT,2026.06.18,17:00:00,7.848000,7.852000,7.808000,7.826000,83305.7700
LINKUSDT,2026.06.18,17:15:00,7.825000,7.838000,7.783000,7.830000,223333.2800
LINKUSDT,2026.06.18,17:30:00,7.830000,7.854000,7.796000,7.817000,152141.3100
LINKUSDT,2026.06.18,17:45:00,7.817000,7.842000,7.798000,7.815000,70365.0800
LINKUSDT,2026.06.18,18:00:00,7.816000,7.830000,7.805000,7.824000,76194.8600
LINKUSDT,2026.06.18,18:15:00,7.824000,7.865000,7.804000,7.852000,133533.3300
LINKUSDT,2026.06.18,18:30:00,7.852000,7.863000,7.830000,7.856000,76118.4200
LINKUSDT,2026.06.18,18:45:00,7.857000,7.869000,7.837000,7.847000,63129.6400
LINKUSDT,2026.06.18,19:00:00,7.848000,7.857000,7.836000,7.853000,51470.9600
LINKUSDT,2026.06.18,19:15:00,7.853000,7.877000,7.842000,7.872000,78847.7400
LINKUSDT,2026.06.18,19:30:00,7.873000,7.932000,7.868000,7.922000,201486.7700
LINKUSDT,2026.06.18,19:45:00,7.921000,7.935000,7.910000,7.914000,136779.8900
LINKUSDT,2026.06.18,20:00:00,7.914000,7.957000,7.914000,7.950000,149980.3200
LINKUSDT,2026.06.18,20:15:00,7.949000,7.986000,7.944000,7.971000,174938.0000
LINKUSDT,2026.06.18,20:30:00,7.970000,7.990000,7.960000,7.984000,67954.7500
LINKUSDT,2026.06.18,20:45:00,7.984000,7.989000,7.969000,7.983000,59520.5200
LINKUSDT,2026.06.18,21:00:00,7.984000,7.994000,7.952000,7.953000,107808.9100
LINKUSDT,2026.06.18,21:15:00,7.953000,7.970000,7.928000,7.968000,134360.3700
LINKUSDT,2026.06.18,21:30:00,7.968000,7.992000,7.964000,7.978000,66196.6100
LINKUSDT,2026.06.18,21:45:00,7.979000,7.997000,7.974000,7.992000,56382.5900
LINKUSDT,2026.06.18,22:00:00,7.991000,7.993000,7.970000,7.983000,47978.1600
LINKUSDT,2026.06.18,22:15:00,7.984000,7.987000,7.955000,7.961000,62298.2800
LINKUSDT,2026.06.18,22:30:00,7.961000,7.971000,7.946000,7.970000,66585.3800
LINKUSDT,2026.06.18,22:45:00,7.970000,7.995000,7.961000,7.982000,54536.3000
LINKUSDT,2026.06.18,23:00:00,7.983000,7.984000,7.950000,7.950000,58429.9000
LINKUSDT,2026.06.18,23:15:00,7.951000,7.986000,7.950000,7.986000,31219.2000
LINKUSDT,2026.06.18,23:30:00,7.987000,8.006000,7.987000,7.997000,46923.0600
LINKUSDT,2026.06.18,23:45:00,7.996000,8.016000,7.983000,8.013000,87978.8200
LINKUSDT,2026.06.19,00:00:00,8.013000,8.015000,7.983000,8.000000,93753.4800
LINKUSDT,2026.06.19,00:15:00,8.000000,8.017000,7.992000,8.007000,37426.1300
LINKUSDT,2026.06.19,00:30:00,8.008000,8.031000,8.008000,8.030000,55983.3800
LINKUSDT,2026.06.19,00:45:00,8.030000,8.030000,8.000000,8.012000,106712.7300
LINKUSDT,2026.06.19,01:00:00,8.012000,8.040000,7.987000,7.999000,98526.5900
LINKUSDT,2026.06.19,01:15:00,7.999000,8.032000,7.999000,8.001000,110754.0300
LINKUSDT,2026.06.19,01:30:00,8.001000,8.004000,7.979000,8.001000,140821.8200
LINKUSDT,2026.06.19,01:45:00,8.001000,8.028000,8.001000,8.025000,68065.2300
LINKUSDT,2026.06.19,02:00:00,8.025000,8.040000,8.014000,8.017000,71850.2600
LINKUSDT,2026.06.19,02:15:00,8.018000,8.026000,7.988000,7.990000,100650.0300
LINKUSDT,2026.06.19,02:30:00,7.991000,8.002000,7.979000,7.993000,88618.8000
LINKUSDT,2026.06.19,02:45:00,7.993000,7.997000,7.974000,7.989000,58871.9100
LINKUSDT,2026.06.19,03:00:00,7.990000,8.000000,7.945000,7.948000,121469.3500
LINKUSDT,2026.06.19,03:15:00,7.949000,7.950000,7.816000,7.911000,1080092.7700
LINKUSDT,2026.06.19,03:30:00,7.910000,7.910000,7.851000,7.868000,133469.3400
LINKUSDT,2026.06.19,03:45:00,7.868000,7.885000,7.858000,7.877000,83111.2200
LINKUSDT,2026.06.19,04:00:00,7.877000,7.898000,7.835000,7.893000,94401.1800
LINKUSDT,2026.06.19,04:15:00,7.893000,7.911000,7.854000,7.855000,70618.0400
LINKUSDT,2026.06.19,04:30:00,7.856000,7.857000,7.814000,7.836000,153594.7100
LINKUSDT,2026.06.19,04:45:00,7.836000,7.845000,7.805000,7.822000,103394.1500
LINKUSDT,2026.06.19,05:00:00,7.822000,7.876000,7.817000,7.872000,78824.7600
LINKUSDT,2026.06.19,05:15:00,7.872000,7.872000,7.839000,7.856000,95007.0300
LINKUSDT,2026.06.19,05:30:00,7.856000,7.870000,7.844000,7.870000,55505.7200
LINKUSDT,2026.06.19,05:45:00,7.870000,7.887000,7.865000,7.886000,46013.0900
LINKUSDT,2026.06.19,06:00:00,7.886000,7.911000,7.880000,7.909000,68435.4000
LINKUSDT,2026.06.19,06:15:00,7.909000,7.915000,7.895000,7.905000,34613.2100
LINKUSDT,2026.06.19,06:30:00,7.905000,7.914000,7.859000,7.881000,84007.6300
LINKUSDT,2026.06.19,06:45:00,7.881000,7.899000,7.857000,7.892000,52146.5400
LINKUSDT,2026.06.19,07:00:00,7.891000,7.893000,7.859000,7.859000,34845.2700
LINKUSDT,2026.06.19,07:15:00,7.859000,7.874000,7.851000,7.856000,36910.6300
LINKUSDT,2026.06.19,07:30:00,7.857000,7.876000,7.816000,7.836000,115531.0600
LINKUSDT,2026.06.19,07:45:00,7.835000,7.853000,7.821000,7.843000,43353.0100
LINKUSDT,2026.06.19,08:00:00,7.843000,7.859000,7.835000,7.857000,84663.7800
LINKUSDT,2026.06.19,08:15:00,7.856000,7.865000,7.841000,7.847000,47784.4600
LINKUSDT,2026.06.19,08:30:00,7.848000,7.875000,7.847000,7.860000,51546.7900
LINKUSDT,2026.06.19,08:45:00,7.860000,7.864000,7.838000,7.852000,35793.8500
LINKUSDT,2026.06.19,09:00:00,7.853000,7.863000,7.811000,7.821000,84420.5900
LINKUSDT,2026.06.19,09:15:00,7.821000,7.836000,7.817000,7.826000,74594.5200
LINKUSDT,2026.06.19,09:30:00,7.827000,7.850000,7.826000,7.843000,64006.5200
LINKUSDT,2026.06.19,09:45:00,7.843000,7.849000,7.825000,7.830000,50951.9400
LINKUSDT,2026.06.19,10:00:00,7.831000,7.849000,7.821000,7.838000,51587.7400
LINKUSDT,2026.06.19,10:15:00,7.838000,7.838000,7.816000,7.830000,58736.3800
LINKUSDT,2026.06.19,10:30:00,7.831000,7.831000,7.796000,7.804000,63718.0500
LINKUSDT,2026.06.19,10:45:00,7.804000,7.841000,7.801000,7.828000,60465.6200
LINKUSDT,2026.06.19,11:00:00,7.828000,7.832000,7.805000,7.816000,58357.8800
LINKUSDT,2026.06.19,11:15:00,7.816000,7.838000,7.805000,7.823000,73164.1800
LINKUSDT,2026.06.19,11:30:00,7.823000,7.828000,7.817000,7.821000,96903.2300
LINKUSDT,2026.06.19,11:45:00,7.820000,7.827000,7.807000,7.810000,112598.4800
LINKUSDT,2026.06.19,12:00:00,7.811000,7.825000,7.807000,7.811000,217723.2100
LINKUSDT,2026.06.19,12:15:00,7.811000,7.818000,7.792000,7.808000,108172.6700
LINKUSDT,2026.06.19,12:30:00,7.808000,7.822000,7.785000,7.804000,127797.6600
LINKUSDT,2026.06.19,12:45:00,7.804000,7.860000,7.761000,7.853000,353288.1100
LINKUSDT,2026.06.19,13:00:00,7.853000,7.868000,7.836000,7.842000,149720.2200
LINKUSDT,2026.06.19,13:15:00,7.843000,7.853000,7.819000,7.852000,122372.9500
LINKUSDT,2026.06.19,13:30:00,7.852000,7.904000,7.847000,7.900000,166087.6300
LINKUSDT,2026.06.19,13:45:00,7.900000,7.949000,7.897000,7.927000,242813.4900
LINKUSDT,2026.06.19,14:00:00,7.926000,7.940000,7.901000,7.907000,143395.8300
LINKUSDT,2026.06.19,14:15:00,7.908000,7.936000,7.894000,7.926000,91318.5900
LINKUSDT,2026.06.19,14:30:00,7.927000,7.943000,7.914000,7.923000,72710.9600
LINKUSDT,2026.06.19,14:45:00,7.924000,7.932000,7.897000,7.898000,52641.6000
LINKUSDT,2026.06.19,15:00:00,7.898000,7.910000,7.887000,7.910000,91331.8300
LINKUSDT,2026.06.19,15:15:00,7.911000,7.913000,7.868000,7.872000,92818.6900
LINKUSDT,2026.06.19,15:30:00,7.872000,7.927000,7.872000,7.913000,126371.3400
LINKUSDT,2026.06.19,15:45:00,7.913000,7.919000,7.896000,7.903000,76503.1200
LINKUSDT,2026.06.19,16:00:00,7.903000,7.932000,7.894000,7.932000,135834.7600
LINKUSDT,2026.06.19,16:15:00,7.931000,7.934000,7.908000,7.926000,79594.7200
LINKUSDT,2026.06.19,16:30:00,7.925000,7.927000,7.908000,7.912000,46157.5600
LINKUSDT,2026.06.19,16:45:00,7.911000,7.911000,7.855000,7.861000,195829.9300
LINKUSDT,2026.06.19,17:00:00,7.861000,7.871000,7.843000,7.871000,97166.9400
LINKUSDT,2026.06.19,17:15:00,7.871000,7.897000,7.864000,7.872000,59737.5300
LINKUSDT,2026.06.19,17:30:00,7.872000,7.906000,7.870000,7.904000,34639.0300
LINKUSDT,2026.06.19,17:45:00,7.903000,7.923000,7.897000,7.903000,85523.9600
LINKUSDT,2026.06.19,18:00:00,7.904000,7.909000,7.893000,7.908000,49588.7300
LINKUSDT,2026.06.19,18:15:00,7.907000,7.907000,7.888000,7.890000,52606.6400
LINKUSDT,2026.06.19,18:30:00,7.890000,7.891000,7.850000,7.862000,76344.0800
LINKUSDT,2026.06.19,18:45:00,7.862000,7.889000,7.862000,7.884000,66100.5900
LINKUSDT,2026.06.19,19:00:00,7.884000,7.895000,7.859000,7.872000,55970.1200
LINKUSDT,2026.06.19,19:15:00,7.871000,7.877000,7.844000,7.855000,38271.8300
LINKUSDT,2026.06.19,19:30:00,7.855000,7.866000,7.847000,7.861000,37116.1100
LINKUSDT,2026.06.19,19:45:00,7.861000,7.891000,7.857000,7.874000,57597.9900
LINKUSDT,2026.06.19,20:00:00,7.875000,7.892000,7.874000,7.883000,76562.1500
LINKUSDT,2026.06.19,20:15:00,7.882000,7.882000,7.846000,7.878000,47194.1000
LINKUSDT,2026.06.19,20:30:00,7.877000,7.883000,7.862000,7.874000,43041.9000
LINKUSDT,2026.06.19,20:45:00,7.874000,7.925000,7.874000,7.923000,179685.6500
LINKUSDT,2026.06.19,21:00:00,7.923000,7.929000,7.901000,7.925000,95601.9100
LINKUSDT,2026.06.19,21:15:00,7.925000,7.928000,7.893000,7.894000,94664.8600
LINKUSDT,2026.06.19,21:30:00,7.894000,7.899000,7.880000,7.884000,54820.3600
LINKUSDT,2026.06.19,21:45:00,7.884000,7.898000,7.873000,7.884000,49939.2700
LINKUSDT,2026.06.19,22:00:00,7.883000,7.894000,7.872000,7.890000,62249.1000
LINKUSDT,2026.06.19,22:15:00,7.890000,7.921000,7.889000,7.913000,35573.1500
LINKUSDT,2026.06.19,22:30:00,7.913000,7.927000,7.908000,7.925000,44632.0800
LINKUSDT,2026.06.19,22:45:00,7.924000,7.928000,7.913000,7.921000,25340.6500
LINKUSDT,2026.06.19,23:00:00,7.921000,7.924000,7.899000,7.906000,56851.9900
LINKUSDT,2026.06.19,23:15:00,7.906000,7.926000,7.903000,7.923000,26538.3500
LINKUSDT,2026.06.19,23:30:00,7.923000,7.936000,7.919000,7.927000,38218.3600
LINKUSDT,2026.06.19,23:45:00,7.928000,7.964000,7.916000,7.946000,130678.5400
LINKUSDT,2026.06.20,00:00:00,7.945000,7.957000,7.879000,7.894000,265686.5100
LINKUSDT,2026.06.20,00:15:00,7.894000,7.919000,7.890000,7.914000,65915.2700
LINKUSDT,2026.06.20,00:30:00,7.914000,7.943000,7.896000,7.903000,75024.9300
LINKUSDT,2026.06.20,00:45:00,7.902000,7.902000,7.867000,7.883000,225496.6300
LINKUSDT,2026.06.20,01:00:00,7.884000,7.893000,7.874000,7.880000,116607.8100
LINKUSDT,2026.06.20,01:15:00,7.881000,7.898000,7.878000,7.887000,33347.6400
LINKUSDT,2026.06.20,01:30:00,7.886000,7.920000,7.886000,7.898000,50893.4400
LINKUSDT,2026.06.20,01:45:00,7.898000,7.912000,7.896000,7.909000,39759.4900
LINKUSDT,2026.06.20,02:00:00,7.909000,7.911000,7.873000,7.880000,105942.3600
LINKUSDT,2026.06.20,02:15:00,7.879000,7.879000,7.860000,7.865000,37833.4300
LINKUSDT,2026.06.20,02:30:00,7.865000,7.884000,7.858000,7.865000,45023.9700
LINKUSDT,2026.06.20,02:45:00,7.866000,7.880000,7.866000,7.870000,39527.7400
LINKUSDT,2026.06.20,03:00:00,7.870000,7.877000,7.862000,7.870000,36042.7800
LINKUSDT,2026.06.20,03:15:00,7.870000,7.885000,7.870000,7.883000,26479.8900
LINKUSDT,2026.06.20,03:30:00,7.883000,7.896000,7.879000,7.890000,43672.4900
LINKUSDT,2026.06.20,03:45:00,7.891000,7.891000,7.880000,7.890000,19039.9700
LINKUSDT,2026.06.20,04:00:00,7.891000,7.895000,7.879000,7.890000,44216.7000
LINKUSDT,2026.06.20,04:15:00,7.890000,7.908000,7.882000,7.908000,35599.8000
LINKUSDT,2026.06.20,04:30:00,7.908000,7.926000,7.897000,7.925000,46842.9300
LINKUSDT,2026.06.20,04:45:00,7.925000,7.929000,7.913000,7.926000,55663.2000
LINKUSDT,2026.06.20,05:00:00,7.927000,8.011000,7.921000,7.992000,227846.8200
LINKUSDT,2026.06.20,05:15:00,7.991000,7.997000,7.958000,7.961000,83169.2100
LINKUSDT,2026.06.20,05:30:00,7.962000,7.973000,7.955000,7.961000,60205.2000
LINKUSDT,2026.06.20,05:45:00,7.962000,7.987000,7.955000,7.984000,47711.4200
LINKUSDT,2026.06.20,06:00:00,7.985000,7.992000,7.973000,7.979000,43850.3300
LINKUSDT,2026.06.20,06:15:00,7.980000,8.005000,7.973000,7.993000,54666.7000
LINKUSDT,2026.06.20,06:30:00,7.994000,7.995000,7.981000,7.989000,38534.7100
LINKUSDT,2026.06.20,06:45:00,7.990000,7.996000,7.976000,7.985000,47415.8900
LINKUSDT,2026.06.20,07:00:00,7.986000,7.993000,7.948000,7.965000,75081.8700
LINKUSDT,2026.06.20,07:15:00,7.966000,7.999000,7.961000,7.999000,67389.9100
LINKUSDT,2026.06.20,07:30:00,7.999000,8.004000,7.966000,7.968000,43242.3000
LINKUSDT,2026.06.20,07:45:00,7.968000,7.972000,7.948000,7.959000,49298.3400
LINKUSDT,2026.06.20,08:00:00,7.959000,7.961000,7.931000,7.943000,118255.2900
LINKUSDT,2026.06.20,08:15:00,7.943000,7.952000,7.938000,7.938000,35941.9800
LINKUSDT,2026.06.20,08:30:00,7.938000,7.944000,7.921000,7.934000,95173.3700
LINKUSDT,2026.06.20,08:45:00,7.935000,7.939000,7.924000,7.936000,44054.4600
LINKUSDT,2026.06.20,09:00:00,7.937000,7.949000,7.937000,7.944000,46354.9700
LINKUSDT,2026.06.20,09:15:00,7.945000,7.950000,7.939000,7.945000,27974.6300
LINKUSDT,2026.06.20,09:30:00,7.945000,7.971000,7.944000,7.961000,120811.7600
LINKUSDT,2026.06.20,09:45:00,7.962000,7.981000,7.956000,7.963000,114963.2300
LINKUSDT,2026.06.20,10:00:00,7.963000,7.973000,7.953000,7.969000,33914.6700
LINKUSDT,2026.06.20,10:15:00,7.969000,7.971000,7.954000,7.960000,31341.8100
LINKUSDT,2026.06.20,10:30:00,7.960000,7.963000,7.937000,7.941000,32529.2100
LINKUSDT,2026.06.20,10:45:00,7.942000,7.963000,7.942000,7.953000,26326.5700
LINKUSDT,2026.06.20,11:00:00,7.954000,7.959000,7.934000,7.946000,35540.0800
LINKUSDT,2026.06.20,11:15:00,7.945000,7.948000,7.935000,7.939000,38638.8800
LINKUSDT,2026.06.20,11:30:00,7.940000,7.950000,7.937000,7.947000,12699.2600
LINKUSDT,2026.06.20,11:45:00,7.947000,7.955000,7.933000,7.933000,83555.1300
LINKUSDT,2026.06.20,12:00:00,7.933000,7.948000,7.931000,7.943000,62733.3400
LINKUSDT,2026.06.20,12:15:00,7.944000,7.945000,7.932000,7.941000,31747.2800
LINKUSDT,2026.06.20,12:30:00,7.942000,7.942000,7.914000,7.924000,44369.8600
LINKUSDT,2026.06.20,12:45:00,7.924000,7.926000,7.908000,7.922000,40306.4100
LINKUSDT,2026.06.20,13:00:00,7.922000,7.930000,7.914000,7.918000,100138.1900
LINKUSDT,2026.06.20,13:15:00,7.918000,7.925000,7.853000,7.865000,167666.1800
LINKUSDT,2026.06.20,13:30:00,7.864000,7.883000,7.861000,7.881000,77168.7500
LINKUSDT,2026.06.20,13:45:00,7.882000,7.891000,7.870000,7.870000,59300.7000
LINKUSDT,2026.06.20,14:00:00,7.870000,7.870000,7.818000,7.823000,287927.4300
LINKUSDT,2026.06.20,14:15:00,7.823000,7.850000,7.821000,7.846000,97257.9100
LINKUSDT,2026.06.20,14:30:00,7.846000,7.867000,7.841000,7.864000,67968.0400
LINKUSDT,2026.06.20,14:45:00,7.864000,7.986000,7.862000,7.931000,472921.4500
LINKUSDT,2026.06.20,15:00:00,7.931000,7.948000,7.913000,7.942000,115288.2000
LINKUSDT,2026.06.20,15:15:00,7.941000,8.007000,7.935000,7.980000,274694.6300
LINKUSDT,2026.06.20,15:30:00,7.980000,7.984000,7.954000,7.955000,88428.6000
LINKUSDT,2026.06.20,15:45:00,7.956000,7.974000,7.956000,7.963000,56331.5900
LINKUSDT,2026.06.20,16:00:00,7.964000,7.964000,7.937000,7.947000,141436.1600
LINKUSDT,2026.06.20,16:15:00,7.947000,7.957000,7.928000,7.931000,67091.5900
LINKUSDT,2026.06.20,16:30:00,7.931000,7.947000,7.918000,7.944000,51911.9700
LINKUSDT,2026.06.20,16:45:00,7.944000,7.961000,7.938000,7.959000,56279.6600
LINKUSDT,2026.06.20,17:00:00,7.959000,7.959000,7.926000,7.937000,83549.8900
LINKUSDT,2026.06.20,17:15:00,7.937000,7.937000,7.902000,7.917000,110983.1000
LINKUSDT,2026.06.20,17:30:00,7.916000,7.921000,7.860000,7.890000,171041.0900
LINKUSDT,2026.06.20,17:45:00,7.891000,7.907000,7.884000,7.899000,51034.4200
LINKUSDT,2026.06.20,18:00:00,7.899000,7.921000,7.898000,7.908000,46995.4200
LINKUSDT,2026.06.20,18:15:00,7.908000,7.920000,7.908000,7.920000,24627.5400
LINKUSDT,2026.06.20,18:30:00,7.920000,7.925000,7.892000,7.897000,28696.2500
LINKUSDT,2026.06.20,18:45:00,7.897000,7.901000,7.882000,7.889000,32214.0800
LINKUSDT,2026.06.20,19:00:00,7.888000,7.899000,7.882000,7.892000,57336.4500
LINKUSDT,2026.06.20,19:15:00,7.893000,7.894000,7.878000,7.886000,42899.1900
LINKUSDT,2026.06.20,19:30:00,7.886000,7.906000,7.884000,7.901000,25962.3200
LINKUSDT,2026.06.20,19:45:00,7.902000,7.903000,7.891000,7.896000,17974.9700
LINKUSDT,2026.06.20,20:00:00,7.897000,7.905000,7.893000,7.898000,24823.6900
LINKUSDT,2026.06.20,20:15:00,7.898000,7.906000,7.893000,7.898000,22771.1700
LINKUSDT,2026.06.20,20:30:00,7.897000,7.899000,7.884000,7.898000,21223.0300
LINKUSDT,2026.06.20,20:45:00,7.897000,7.909000,7.896000,7.902000,15973.7700
LINKUSDT,2026.06.20,21:00:00,7.903000,7.940000,7.899000,7.928000,50102.3100
LINKUSDT,2026.06.20,21:15:00,7.927000,7.928000,7.907000,7.908000,18675.2100
LINKUSDT,2026.06.20,21:30:00,7.909000,7.929000,7.906000,7.928000,32072.6000
LINKUSDT,2026.06.20,21:45:00,7.928000,7.937000,7.919000,7.928000,62265.8900
LINKUSDT,2026.06.20,22:00:00,7.927000,7.978000,7.914000,7.963000,130460.4700
LINKUSDT,2026.06.20,22:15:00,7.963000,7.997000,7.946000,7.990000,68875.2300
LINKUSDT,2026.06.20,22:30:00,7.990000,8.013000,7.976000,7.994000,100322.2700
LINKUSDT,2026.06.20,22:45:00,7.995000,8.003000,7.980000,7.985000,41450.8400
LINKUSDT,2026.06.20,23:00:00,7.985000,7.992000,7.979000,7.991000,42460.3600
LINKUSDT,2026.06.20,23:15:00,7.991000,8.009000,7.980000,7.982000,51510.3400
LINKUSDT,2026.06.20,23:30:00,7.982000,7.993000,7.977000,7.992000,30930.3700
LINKUSDT,2026.06.20,23:45:00,7.991000,7.991000,7.977000,7.983000,26787.6900
LINKUSDT,2026.06.21,00:00:00,7.984000,7.990000,7.969000,7.979000,63848.1200
LINKUSDT,2026.06.21,00:15:00,7.978000,7.987000,7.959000,7.967000,35596.6000
LINKUSDT,2026.06.21,00:30:00,7.966000,7.972000,7.959000,7.960000,33579.1600
LINKUSDT,2026.06.21,00:45:00,7.960000,7.971000,7.953000,7.971000,24108.5800
LINKUSDT,2026.06.21,01:00:00,7.970000,7.975000,7.952000,7.954000,43028.2700
LINKUSDT,2026.06.21,01:15:00,7.954000,7.962000,7.949000,7.951000,26808.3500
LINKUSDT,2026.06.21,01:30:00,7.950000,7.974000,7.946000,7.962000,43834.4500
LINKUSDT,2026.06.21,01:45:00,7.963000,7.971000,7.956000,7.958000,24565.6300
LINKUSDT,2026.06.21,02:00:00,7.958000,7.962000,7.942000,7.949000,33253.3400
LINKUSDT,2026.06.21,02:15:00,7.948000,7.950000,7.939000,7.946000,18538.9800
LINKUSDT,2026.06.21,02:30:00,7.946000,7.950000,7.934000,7.944000,22542.5700
LINKUSDT,2026.06.21,02:45:00,7.943000,7.956000,7.941000,7.945000,19560.0000
LINKUSDT,2026.06.21,03:00:00,7.945000,7.956000,7.932000,7.956000,31714.7300
LINKUSDT,2026.06.21,03:15:00,7.957000,7.984000,7.940000,7.956000,52211.9200
LINKUSDT,2026.06.21,03:30:00,7.955000,7.974000,7.947000,7.967000,40895.9200
LINKUSDT,2026.06.21,03:45:00,7.968000,7.971000,7.958000,7.967000,15416.0700
LINKUSDT,2026.06.21,04:00:00,7.967000,7.971000,7.956000,7.963000,31404.0000
LINKUSDT,2026.06.21,04:15:00,7.964000,7.978000,7.962000,7.968000,24454.8500
LINKUSDT,2026.06.21,04:30:00,7.968000,7.982000,7.961000,7.962000,25131.0000
LINKUSDT,2026.06.21,04:45:00,7.961000,7.962000,7.932000,7.937000,47841.1300
LINKUSDT,2026.06.21,05:00:00,7.938000,7.938000,7.921000,7.923000,58361.1100
LINKUSDT,2026.06.21,05:15:00,7.924000,7.934000,7.913000,7.932000,45476.3700
LINKUSDT,2026.06.21,05:30:00,7.933000,7.938000,7.924000,7.929000,23132.1700
LINKUSDT,2026.06.21,05:45:00,7.928000,7.928000,7.913000,7.922000,29820.8700
LINKUSDT,2026.06.21,06:00:00,7.921000,7.925000,7.917000,7.920000,35246.9100
LINKUSDT,2026.06.21,06:15:00,7.919000,7.931000,7.916000,7.929000,23747.9900
LINKUSDT,2026.06.21,06:30:00,7.928000,7.951000,7.923000,7.942000,40070.3900
LINKUSDT,2026.06.21,06:45:00,7.943000,7.944000,7.933000,7.936000,18427.4900
LINKUSDT,2026.06.21,07:00:00,7.937000,7.940000,7.930000,7.938000,19818.1700
LINKUSDT,2026.06.21,07:15:00,7.938000,7.942000,7.922000,7.933000,35197.3000
LINKUSDT,2026.06.21,07:30:00,7.933000,7.965000,7.931000,7.965000,53573.7000
LINKUSDT,2026.06.21,07:45:00,7.966000,7.969000,7.937000,7.945000,25162.8000
LINKUSDT,2026.06.21,08:00:00,7.946000,7.956000,7.941000,7.943000,43111.9000
LINKUSDT,2026.06.21,08:15:00,7.943000,7.948000,7.923000,7.927000,55992.5200
LINKUSDT,2026.06.21,08:30:00,7.927000,7.931000,7.891000,7.929000,124512.4300
LINKUSDT,2026.06.21,08:45:00,7.928000,7.940000,7.914000,7.939000,28255.7300
LINKUSDT,2026.06.21,09:00:00,7.939000,7.949000,7.930000,7.940000,58147.3300
LINKUSDT,2026.06.21,09:15:00,7.939000,7.964000,7.933000,7.955000,45439.1500
LINKUSDT,2026.06.21,09:30:00,7.956000,7.990000,7.955000,7.972000,112263.2200
LINKUSDT,2026.06.21,09:45:00,7.973000,7.986000,7.973000,7.981000,85462.2600
LINKUSDT,2026.06.21,10:00:00,7.981000,7.998000,7.973000,7.985000,71677.2900
LINKUSDT,2026.06.21,10:15:00,7.985000,8.009000,7.979000,7.992000,85934.6200
LINKUSDT,2026.06.21,10:30:00,7.993000,7.994000,7.982000,7.984000,40842.4700
LINKUSDT,2026.06.21,10:45:00,7.984000,7.992000,7.966000,7.972000,81806.7400
LINKUSDT,2026.06.21,11:00:00,7.972000,7.979000,7.953000,7.972000,56399.6500
LINKUSDT,2026.06.21,11:15:00,7.972000,7.972000,7.915000,7.953000,92722.7200
LINKUSDT,2026.06.21,11:30:00,7.953000,7.954000,7.932000,7.940000,40286.0500
LINKUSDT,2026.06.21,11:45:00,7.940000,7.948000,7.926000,7.931000,68977.7300
LINKUSDT,2026.06.21,12:00:00,7.931000,7.939000,7.912000,7.913000,65557.6200
LINKUSDT,2026.06.21,12:15:00,7.913000,7.913000,7.897000,7.903000,144750.2400
LINKUSDT,2026.06.21,12:30:00,7.903000,7.919000,7.897000,7.915000,57930.2800
LINKUSDT,2026.06.21,12:45:00,7.915000,7.941000,7.906000,7.936000,102701.7300
LINKUSDT,2026.06.21,13:00:00,7.935000,7.951000,7.924000,7.942000,70931.0300
LINKUSDT,2026.06.21,13:15:00,7.942000,7.957000,7.935000,7.947000,84744.9900
LINKUSDT,2026.06.21,13:30:00,7.947000,7.949000,7.926000,7.936000,41877.4000
LINKUSDT,2026.06.21,13:45:00,7.935000,7.953000,7.934000,7.952000,27346.5500
LINKUSDT,2026.06.21,14:00:00,7.952000,7.959000,7.937000,7.944000,39321.1500
LINKUSDT,2026.06.21,14:15:00,7.944000,7.958000,7.931000,7.940000,46866.2800
LINKUSDT,2026.06.21,14:30:00,7.940000,7.960000,7.938000,7.954000,44073.5700
LINKUSDT,2026.06.21,14:45:00,7.954000,7.962000,7.942000,7.962000,35751.3600
LINKUSDT,2026.06.21,15:00:00,7.963000,7.986000,7.957000,7.961000,80256.7600
LINKUSDT,2026.06.21,15:15:00,7.961000,7.973000,7.961000,7.970000,62963.5500
LINKUSDT,2026.06.21,15:30:00,7.969000,7.985000,7.961000,7.981000,90035.3800
LINKUSDT,2026.06.21,15:45:00,7.981000,7.987000,7.978000,7.984000,79762.9300
LINKUSDT,2026.06.21,16:00:00,7.983000,7.987000,7.952000,7.957000,102660.7900
LINKUSDT,2026.06.21,16:15:00,7.956000,7.959000,7.938000,7.941000,56426.5400
LINKUSDT,2026.06.21,16:30:00,7.942000,7.947000,7.912000,7.931000,84184.4500
LINKUSDT,2026.06.21,16:45:00,7.932000,7.962000,7.932000,7.948000,73439.9700
LINKUSDT,2026.06.21,17:00:00,7.948000,7.970000,7.939000,7.965000,49165.7800
LINKUSDT,2026.06.21,17:15:00,7.965000,7.968000,7.942000,7.944000,34355.5700
LINKUSDT,2026.06.21,17:30:00,7.944000,7.947000,7.928000,7.941000,71722.2700
LINKUSDT,2026.06.21,17:45:00,7.941000,7.954000,7.937000,7.938000,50661.1400
LINKUSDT,2026.06.21,18:00:00,7.937000,7.939000,7.903000,7.916000,83376.9400
LINKUSDT,2026.06.21,18:15:00,7.915000,7.930000,7.914000,7.927000,47568.4600
LINKUSDT,2026.06.21,18:30:00,7.928000,7.966000,7.924000,7.950000,103873.1200
LINKUSDT,2026.06.21,18:45:00,7.950000,7.959000,7.941000,7.954000,46063.5200
LINKUSDT,2026.06.21,19:00:00,7.953000,7.969000,7.948000,7.960000,49753.3500
LINKUSDT,2026.06.21,19:15:00,7.960000,7.962000,7.950000,7.955000,17620.2800
LINKUSDT,2026.06.21,19:30:00,7.955000,7.959000,7.946000,7.948000,15638.0500
LINKUSDT,2026.06.21,19:45:00,7.949000,7.952000,7.942000,7.949000,31703.0000
LINKUSDT,2026.06.21,20:00:00,7.950000,7.955000,7.936000,7.939000,78872.4900
LINKUSDT,2026.06.21,20:15:00,7.940000,7.942000,7.925000,7.934000,63261.3700
LINKUSDT,2026.06.21,20:30:00,7.934000,7.940000,7.910000,7.917000,72966.6700
LINKUSDT,2026.06.21,20:45:00,7.918000,7.919000,7.867000,7.884000,183005.3500
LINKUSDT,2026.06.21,21:00:00,7.884000,7.888000,7.770000,7.822000,437086.7800
LINKUSDT,2026.06.21,21:15:00,7.823000,7.846000,7.786000,7.826000,142584.1900
LINKUSDT,2026.06.21,21:30:00,7.826000,7.867000,7.825000,7.855000,63057.8300
LINKUSDT,2026.06.21,21:45:00,7.855000,7.867000,7.838000,7.846000,35783.1200
LINKUSDT,2026.06.21,22:00:00,7.845000,7.870000,7.818000,7.838000,131925.2400
LINKUSDT,2026.06.21,22:15:00,7.839000,7.853000,7.828000,7.831000,64265.2300
LINKUSDT,2026.06.21,22:30:00,7.830000,7.830000,7.800000,7.825000,87745.2700
LINKUSDT,2026.06.21,22:45:00,7.825000,7.842000,7.823000,7.832000,55774.5800
LINKUSDT,2026.06.21,23:00:00,7.831000,7.831000,7.796000,7.801000,105282.3000
LINKUSDT,2026.06.21,23:15:00,7.801000,7.825000,7.793000,7.805000,51332.1400
LINKUSDT,2026.06.21,23:30:00,7.805000,7.809000,7.762000,7.774000,146736.9900
LINKUSDT,2026.06.21,23:45:00,7.774000,7.787000,7.767000,7.778000,70259.8100
LINKUSDT,2026.06.22,00:00:00,7.777000,7.820000,7.775000,7.810000,156396.8800
LINKUSDT,2026.06.22,00:15:00,7.809000,7.848000,7.807000,7.844000,100537.3300
LINKUSDT,2026.06.22,00:30:00,7.845000,7.904000,7.840000,7.883000,209385.9700
LINKUSDT,2026.06.22,00:45:00,7.883000,7.893000,7.860000,7.882000,149861.3200
LINKUSDT,2026.06.22,01:00:00,7.882000,7.917000,7.862000,7.867000,154952.0300
LINKUSDT,2026.06.22,01:15:00,7.868000,8.018000,7.868000,7.985000,520996.8900
LINKUSDT,2026.06.22,01:30:00,7.985000,8.000000,7.934000,7.956000,176588.1500
LINKUSDT,2026.06.22,01:45:00,7.957000,7.967000,7.946000,7.958000,91914.9000
LINKUSDT,2026.06.22,02:00:00,7.958000,7.968000,7.924000,7.927000,113985.2500
LINKUSDT,2026.06.22,02:15:00,7.927000,7.954000,7.918000,7.936000,100140.3100
LINKUSDT,2026.06.22,02:30:00,7.936000,7.949000,7.924000,7.930000,62643.9400
LINKUSDT,2026.06.22,02:45:00,7.931000,7.935000,7.900000,7.901000,98212.8600
LINKUSDT,2026.06.22,03:00:00,7.901000,7.902000,7.856000,7.875000,136265.1800
LINKUSDT,2026.06.22,03:15:00,7.876000,7.923000,7.876000,7.903000,107295.0100
LINKUSDT,2026.06.22,03:30:00,7.903000,7.925000,7.886000,7.890000,71672.5100
LINKUSDT,2026.06.22,03:45:00,7.890000,7.893000,7.854000,7.863000,83147.7900
LINKUSDT,2026.06.22,04:00:00,7.863000,7.882000,7.850000,7.873000,66196.9200
LINKUSDT,2026.06.22,04:15:00,7.872000,7.886000,7.865000,7.883000,40023.1500
LINKUSDT,2026.06.22,04:30:00,7.884000,7.890000,7.868000,7.869000,70393.9100
LINKUSDT,2026.06.22,04:45:00,7.869000,7.899000,7.869000,7.896000,35426.9200
LINKUSDT,2026.06.22,05:00:00,7.896000,7.930000,7.891000,7.927000,141007.3700
LINKUSDT,2026.06.22,05:15:00,7.926000,7.946000,7.920000,7.938000,77870.7300
LINKUSDT,2026.06.22,05:30:00,7.938000,7.948000,7.930000,7.939000,133696.5100
LINKUSDT,2026.06.22,05:45:00,7.938000,7.942000,7.930000,7.942000,23794.2700
LINKUSDT,2026.06.22,06:00:00,7.942000,7.964000,7.926000,7.942000,125200.1800
LINKUSDT,2026.06.22,06:15:00,7.942000,7.953000,7.933000,7.939000,56344.6300
LINKUSDT,2026.06.22,06:30:00,7.939000,7.945000,7.916000,7.918000,158667.3100
LINKUSDT,2026.06.22,06:45:00,7.917000,7.921000,7.895000,7.905000,69708.0700
LINKUSDT,2026.06.22,07:00:00,7.906000,7.967000,7.901000,7.955000,120643.2100
LINKUSDT,2026.06.22,07:15:00,7.954000,7.981000,7.951000,7.975000,79056.6900
LINKUSDT,2026.06.22,07:30:00,7.975000,7.990000,7.960000,7.962000,96082.2800
LINKUSDT,2026.06.22,07:45:00,7.962000,7.973000,7.953000,7.961000,30188.0800
LINKUSDT,2026.06.22,08:00:00,7.961000,7.979000,7.942000,7.978000,102681.0800
LINKUSDT,2026.06.22,08:15:00,7.977000,7.980000,7.962000,7.967000,78154.4500
LINKUSDT,2026.06.22,08:30:00,7.966000,8.006000,7.960000,8.001000,122405.1100
LINKUSDT,2026.06.22,08:45:00,8.001000,8.009000,7.976000,7.984000,73678.6200
LINKUSDT,2026.06.22,09:00:00,7.983000,8.003000,7.972000,7.998000,90335.2900
LINKUSDT,2026.06.22,09:15:00,7.999000,8.006000,7.981000,7.983000,69805.7600
LINKUSDT,2026.06.22,09:30:00,7.983000,8.002000,7.974000,7.990000,44958.8700
LINKUSDT,2026.06.22,09:45:00,7.989000,7.990000,7.978000,7.982000,34301.2900
LINKUSDT,2026.06.22,10:00:00,7.981000,8.015000,7.977000,8.001000,114193.5500
LINKUSDT,2026.06.22,10:15:00,8.001000,8.009000,7.992000,7.996000,34327.3500
LINKUSDT,2026.06.22,10:30:00,7.996000,8.010000,7.974000,7.976000,60770.2900
LINKUSDT,2026.06.22,10:45:00,7.975000,8.000000,7.975000,7.994000,34778.6300
LINKUSDT,2026.06.22,11:00:00,7.994000,8.066000,7.983000,8.027000,297537.5700
LINKUSDT,2026.06.22,11:15:00,8.027000,8.048000,8.014000,8.032000,116288.1600
LINKUSDT,2026.06.22,11:30:00,8.033000,8.078000,8.033000,8.057000,258597.3000
LINKUSDT,2026.06.22,11:45:00,8.057000,8.094000,8.050000,8.084000,150407.6400
LINKUSDT,2026.06.22,12:00:00,8.084000,8.115000,8.076000,8.087000,274090.0800
LINKUSDT,2026.06.22,12:15:00,8.087000,8.122000,8.074000,8.113000,132763.0600
LINKUSDT,2026.06.22,12:30:00,8.113000,8.117000,8.085000,8.098000,102018.3900
LINKUSDT,2026.06.22,12:45:00,8.099000,8.125000,8.089000,8.108000,113840.8000
LINKUSDT,2026.06.22,13:00:00,8.109000,8.117000,8.090000,8.106000,128642.7300
LINKUSDT,2026.06.22,13:15:00,8.106000,8.112000,8.079000,8.088000,71219.1500
LINKUSDT,2026.06.22,13:30:00,8.089000,8.144000,8.080000,8.127000,243815.3600
LINKUSDT,2026.06.22,13:45:00,8.126000,8.153000,8.125000,8.144000,151358.9600
LINKUSDT,2026.06.22,14:00:00,8.144000,8.146000,8.084000,8.090000,170840.6200
LINKUSDT,2026.06.22,14:15:00,8.089000,8.092000,8.031000,8.033000,194484.5100
LINKUSDT,2026.06.22,14:30:00,8.034000,8.041000,7.995000,8.003000,208747.8600
LINKUSDT,2026.06.22,14:45:00,8.003000,8.030000,7.984000,8.015000,160988.8900
LINKUSDT,2026.06.22,15:00:00,8.015000,8.036000,7.989000,8.028000,109692.8200
LINKUSDT,2026.06.22,15:15:00,8.028000,8.036000,8.006000,8.031000,122518.3800
LINKUSDT,2026.06.22,15:30:00,8.030000,8.054000,8.027000,8.029000,130253.0900
LINKUSDT,2026.06.22,15:45:00,8.029000,8.032000,7.969000,7.983000,174935.0700
LINKUSDT,2026.06.22,16:00:00,7.983000,7.990000,7.948000,7.974000,244597.2600
LINKUSDT,2026.06.22,16:15:00,7.974000,7.995000,7.956000,7.978000,94714.4500
LINKUSDT,2026.06.22,16:30:00,7.978000,7.979000,7.951000,7.966000,83950.2800
LINKUSDT,2026.06.22,16:45:00,7.967000,7.994000,7.948000,7.983000,90266.6600
LINKUSDT,2026.06.22,17:00:00,7.983000,7.989000,7.961000,7.967000,52633.2900
LINKUSDT,2026.06.22,17:15:00,7.967000,7.975000,7.930000,7.935000,103366.4300
LINKUSDT,2026.06.22,17:30:00,7.934000,7.936000,7.907000,7.921000,243660.5300
LINKUSDT,2026.06.22,17:45:00,7.921000,7.959000,7.921000,7.953000,97956.3400
LINKUSDT,2026.06.22,18:00:00,7.952000,7.972000,7.951000,7.964000,68212.4100
LINKUSDT,2026.06.22,18:15:00,7.965000,7.975000,7.937000,7.942000,80909.7000
LINKUSDT,2026.06.22,18:30:00,7.943000,7.950000,7.936000,7.941000,37329.7500
LINKUSDT,2026.06.22,18:45:00,7.941000,7.944000,7.888000,7.899000,154143.2400
LINKUSDT,2026.06.22,19:00:00,7.900000,7.908000,7.881000,7.903000,102222.6100
LINKUSDT,2026.06.22,19:15:00,7.904000,7.914000,7.880000,7.892000,62130.4000
LINKUSDT,2026.06.22,19:30:00,7.892000,7.915000,7.890000,7.901000,48531.0400
LINKUSDT,2026.06.22,19:45:00,7.902000,7.916000,7.879000,7.909000,64825.4700
LINKUSDT,2026.06.22,20:00:00,7.909000,7.935000,7.909000,7.924000,71626.5900
LINKUSDT,2026.06.22,20:15:00,7.924000,7.926000,7.893000,7.907000,28747.3100
LINKUSDT,2026.06.22,20:30:00,7.908000,7.926000,7.907000,7.920000,41308.2500
LINKUSDT,2026.06.22,20:45:00,7.920000,7.923000,7.894000,7.915000,26579.1400
LINKUSDT,2026.06.22,21:00:00,7.915000,7.921000,7.900000,7.914000,44463.8500
LINKUSDT,2026.06.22,21:15:00,7.915000,7.915000,7.888000,7.894000,26030.5900
LINKUSDT,2026.06.22,21:30:00,7.893000,7.898000,7.863000,7.877000,72609.7400
LINKUSDT,2026.06.22,21:45:00,7.877000,7.903000,7.874000,7.896000,25037.7300
LINKUSDT,2026.06.22,22:00:00,7.896000,7.914000,7.890000,7.902000,62250.4700
LINKUSDT,2026.06.22,22:15:00,7.901000,7.904000,7.821000,7.843000,193891.1800
LINKUSDT,2026.06.22,22:30:00,7.842000,7.859000,7.815000,7.833000,162301.9000
LINKUSDT,2026.06.22,22:45:00,7.833000,7.859000,7.829000,7.853000,53373.2700
LINKUSDT,2026.06.22,23:00:00,7.853000,7.858000,7.843000,7.845000,84027.3300
LINKUSDT,2026.06.22,23:15:00,7.845000,7.878000,7.840000,7.873000,60849.2400
LINKUSDT,2026.06.22,23:30:00,7.873000,7.885000,7.861000,7.868000,39613.0900
LINKUSDT,2026.06.22,23:45:00,7.867000,7.874000,7.855000,7.868000,34737.3600
LINKUSDT,2026.06.23,00:00:00,7.867000,7.869000,7.850000,7.860000,71395.6900
LINKUSDT,2026.06.23,00:15:00,7.860000,7.869000,7.822000,7.828000,91737.7200
LINKUSDT,2026.06.23,00:30:00,7.828000,7.873000,7.828000,7.872000,51504.1200
LINKUSDT,2026.06.23,00:45:00,7.872000,7.872000,7.851000,7.866000,106935.6800
LINKUSDT,2026.06.23,01:00:00,7.866000,7.902000,7.861000,7.890000,329270.7300
LINKUSDT,2026.06.23,01:15:00,7.890000,7.912000,7.889000,7.904000,199793.6300
LINKUSDT,2026.06.23,01:30:00,7.904000,7.912000,7.867000,7.870000,76257.5900
LINKUSDT,2026.06.23,01:45:00,7.871000,7.883000,7.827000,7.878000,115511.2400
LINKUSDT,2026.06.23,02:00:00,7.879000,7.886000,7.853000,7.874000,70990.0500
LINKUSDT,2026.06.23,02:15:00,7.876000,7.896000,7.873000,7.881000,89328.5100
LINKUSDT,2026.06.23,02:30:00,7.881000,7.900000,7.873000,7.894000,43581.8300
LINKUSDT,2026.06.23,02:45:00,7.893000,7.910000,7.883000,7.899000,46829.5500
LINKUSDT,2026.06.23,03:00:00,7.899000,7.900000,7.857000,7.870000,81754.0200
LINKUSDT,2026.06.23,03:15:00,7.870000,7.889000,7.864000,7.883000,63727.6400
LINKUSDT,2026.06.23,03:30:00,7.882000,7.882000,7.866000,7.873000,47067.1800
LINKUSDT,2026.06.23,03:45:00,7.873000,7.900000,7.873000,7.898000,28928.3600
LINKUSDT,2026.06.23,04:00:00,7.899000,7.903000,7.876000,7.894000,41265.4600
LINKUSDT,2026.06.23,04:15:00,7.894000,7.894000,7.863000,7.891000,20171.7900
LINKUSDT,2026.06.23,04:30:00,7.891000,7.892000,7.852000,7.856000,56884.5700
LINKUSDT,2026.06.23,04:45:00,7.856000,7.863000,7.833000,7.836000,65768.7900
LINKUSDT,2026.06.23,05:00:00,7.836000,7.853000,7.828000,7.838000,89907.4700
LINKUSDT,2026.06.23,05:15:00,7.837000,7.845000,7.806000,7.824000,118826.9300
LINKUSDT,2026.06.23,05:30:00,7.824000,7.831000,7.810000,7.829000,64919.3600
LINKUSDT,2026.06.23,05:45:00,7.829000,7.837000,7.815000,7.830000,59345.5300
LINKUSDT,2026.06.23,06:00:00,7.830000,7.832000,7.775000,7.798000,307670.0700
LINKUSDT,2026.06.23,06:15:00,7.799000,7.803000,7.630000,7.678000,1277290.6600
LINKUSDT,2026.06.23,06:30:00,7.677000,7.705000,7.653000,7.685000,236697.9000
LINKUSDT,2026.06.23,06:45:00,7.685000,7.710000,7.680000,7.696000,95494.0200
LINKUSDT,2026.06.23,07:00:00,7.696000,7.714000,7.689000,7.711000,107876.5400
LINKUSDT,2026.06.23,07:15:00,7.710000,7.722000,7.705000,7.711000,95598.1500
LINKUSDT,2026.06.23,07:30:00,7.710000,7.710000,7.674000,7.683000,77000.4900
LINKUSDT,2026.06.23,07:45:00,7.683000,7.692000,7.651000,7.657000,161418.9500
LINKUSDT,2026.06.23,08:00:00,7.657000,7.665000,7.606000,7.620000,281880.8500
LINKUSDT,2026.06.23,08:15:00,7.621000,7.622000,7.474000,7.495000,1220829.4800
LINKUSDT,2026.06.23,08:30:00,7.494000,7.554000,7.491000,7.544000,312041.4000
LINKUSDT,2026.06.23,08:45:00,7.543000,7.544000,7.512000,7.522000,176283.1400
LINKUSDT,2026.06.23,09:00:00,7.522000,7.542000,7.516000,7.531000,136612.7300
LINKUSDT,2026.06.23,09:15:00,7.531000,7.549000,7.531000,7.544000,84485.7300
LINKUSDT,2026.06.23,09:30:00,7.545000,7.547000,7.518000,7.527000,64800.7600
LINKUSDT,2026.06.23,09:45:00,7.527000,7.551000,7.524000,7.537000,70934.1800
LINKUSDT,2026.06.23,10:00:00,7.537000,7.567000,7.537000,7.546000,90856.1700
LINKUSDT,2026.06.23,10:15:00,7.546000,7.553000,7.535000,7.535000,64513.6500
LINKUSDT,2026.06.23,10:30:00,7.535000,7.540000,7.523000,7.528000,77803.4000
LINKUSDT,2026.06.23,10:45:00,7.527000,7.542000,7.521000,7.541000,73512.9300
LINKUSDT,2026.06.23,11:00:00,7.542000,7.567000,7.533000,7.564000,109290.3200
LINKUSDT,2026.06.23,11:15:00,7.565000,7.604000,7.564000,7.595000,150611.1500
LINKUSDT,2026.06.23,11:30:00,7.596000,7.617000,7.593000,7.612000,169346.2000
LINKUSDT,2026.06.23,11:45:00,7.612000,7.624000,7.597000,7.610000,91723.8600
LINKUSDT,2026.06.23,12:00:00,7.611000,7.611000,7.590000,7.597000,91110.8500
LINKUSDT,2026.06.23,12:15:00,7.597000,7.605000,7.588000,7.603000,62312.2400
LINKUSDT,2026.06.23,12:30:00,7.603000,7.617000,7.580000,7.590000,82662.5400
LINKUSDT,2026.06.23,12:45:00,7.589000,7.589000,7.560000,7.579000,89103.0300
LINKUSDT,2026.06.23,13:00:00,7.579000,7.582000,7.560000,7.575000,125317.3800
LINKUSDT,2026.06.23,13:15:00,7.574000,7.574000,7.548000,7.557000,88281.9300
LINKUSDT,2026.06.23,13:30:00,7.557000,7.618000,7.540000,7.600000,334367.0100
LINKUSDT,2026.06.23,13:45:00,7.600000,7.633000,7.578000,7.621000,157879.6900
LINKUSDT,2026.06.23,14:00:00,7.620000,7.646000,7.585000,7.643000,208442.6800
LINKUSDT,2026.06.23,14:15:00,7.643000,7.664000,7.614000,7.633000,352689.5200
LINKUSDT,2026.06.23,14:30:00,7.633000,7.673000,7.622000,7.638000,115405.6800
LINKUSDT,2026.06.23,14:45:00,7.639000,7.648000,7.585000,7.606000,158534.3500
LINKUSDT,2026.06.23,15:00:00,7.608000,7.608000,7.566000,7.575000,130294.0700
LINKUSDT,2026.06.23,15:15:00,7.574000,7.577000,7.553000,7.562000,112922.5100
LINKUSDT,2026.06.23,15:30:00,7.562000,7.690000,7.561000,7.619000,1588888.3500
LINKUSDT,2026.06.23,15:45:00,7.619000,7.624000,7.572000,7.619000,401391.8900
LINKUSDT,2026.06.23,16:00:00,7.618000,7.664000,7.598000,7.649000,527002.4200
LINKUSDT,2026.06.23,16:15:00,7.650000,7.655000,7.603000,7.604000,146691.2500
LINKUSDT,2026.06.23,16:30:00,7.604000,7.633000,7.600000,7.624000,127693.5000
LINKUSDT,2026.06.23,16:45:00,7.624000,7.628000,7.596000,7.599000,97026.2500
LINKUSDT,2026.06.23,17:00:00,7.599000,7.601000,7.563000,7.575000,165173.4200
LINKUSDT,2026.06.23,17:15:00,7.575000,7.624000,7.575000,7.618000,56831.5200
LINKUSDT,2026.06.23,17:30:00,7.618000,7.626000,7.586000,7.591000,95676.3300
LINKUSDT,2026.06.23,17:45:00,7.590000,7.598000,7.563000,7.574000,52598.8800
LINKUSDT,2026.06.23,18:00:00,7.574000,7.586000,7.561000,7.579000,74707.3800
LINKUSDT,2026.06.23,18:15:00,7.579000,7.601000,7.575000,7.586000,92375.3000
LINKUSDT,2026.06.23,18:30:00,7.586000,7.586000,7.542000,7.547000,72103.0600
LINKUSDT,2026.06.23,18:45:00,7.546000,7.570000,7.541000,7.563000,45633.1400
LINKUSDT,2026.06.23,19:00:00,7.563000,7.598000,7.560000,7.583000,71879.6000
LINKUSDT,2026.06.23,19:15:00,7.582000,7.583000,7.560000,7.579000,274922.8600
LINKUSDT,2026.06.23,19:30:00,7.578000,7.585000,7.558000,7.559000,75663.8500
LINKUSDT,2026.06.23,19:45:00,7.558000,7.588000,7.557000,7.574000,158181.5500
LINKUSDT,2026.06.23,20:00:00,7.574000,7.600000,7.574000,7.585000,70947.4200
LINKUSDT,2026.06.23,20:15:00,7.585000,7.594000,7.576000,7.586000,45110.0800
LINKUSDT,2026.06.23,20:30:00,7.585000,7.586000,7.574000,7.578000,39045.7700
LINKUSDT,2026.06.23,20:45:00,7.577000,7.583000,7.567000,7.578000,50446.7300
LINKUSDT,2026.06.23,21:00:00,7.578000,7.604000,7.577000,7.588000,77019.8500
LINKUSDT,2026.06.23,21:15:00,7.587000,7.600000,7.585000,7.598000,66340.5300
LINKUSDT,2026.06.23,21:30:00,7.597000,7.609000,7.587000,7.607000,84728.3200
LINKUSDT,2026.06.23,21:45:00,7.606000,7.611000,7.599000,7.602000,27995.4500
LINKUSDT,2026.06.23,22:00:00,7.601000,7.641000,7.599000,7.634000,68093.9600
LINKUSDT,2026.06.23,22:15:00,7.634000,7.644000,7.600000,7.608000,95847.5200
LINKUSDT,2026.06.23,22:30:00,7.609000,7.617000,7.595000,7.600000,32202.4800
LINKUSDT,2026.06.23,22:45:00,7.601000,7.617000,7.597000,7.613000,24612.5600
LINKUSDT,2026.06.23,23:00:00,7.613000,7.614000,7.581000,7.587000,57093.5700
LINKUSDT,2026.06.23,23:15:00,7.587000,7.617000,7.587000,7.610000,22623.7500
LINKUSDT,2026.06.23,23:30:00,7.610000,7.616000,7.600000,7.607000,22448.3200
LINKUSDT,2026.06.23,23:45:00,7.607000,7.642000,7.607000,7.629000,53935.0400
LINKUSDT,2026.06.24,00:00:00,7.630000,7.655000,7.625000,7.647000,151945.0600
LINKUSDT,2026.06.24,00:15:00,7.646000,7.656000,7.634000,7.641000,85184.2600
LINKUSDT,2026.06.24,00:30:00,7.641000,7.660000,7.629000,7.632000,130470.9500
LINKUSDT,2026.06.24,00:45:00,7.631000,7.632000,7.603000,7.619000,170419.5500
LINKUSDT,2026.06.24,01:00:00,7.619000,7.626000,7.583000,7.623000,128042.9600
LINKUSDT,2026.06.24,01:15:00,7.624000,7.624000,7.591000,7.616000,58217.2300
LINKUSDT,2026.06.24,01:30:00,7.617000,7.662000,7.617000,7.644000,141934.5300
LINKUSDT,2026.06.24,01:45:00,7.644000,7.653000,7.625000,7.628000,56723.7700
LINKUSDT,2026.06.24,02:00:00,7.627000,7.633000,7.616000,7.631000,62896.9100
LINKUSDT,2026.06.24,02:15:00,7.630000,7.630000,7.597000,7.612000,66247.8300
LINKUSDT,2026.06.24,02:30:00,7.612000,7.620000,7.588000,7.607000,49470.9900
LINKUSDT,2026.06.24,02:45:00,7.606000,7.608000,7.578000,7.580000,50728.2100
LINKUSDT,2026.06.24,03:00:00,7.580000,7.588000,7.573000,7.576000,129670.6200
LINKUSDT,2026.06.24,03:15:00,7.576000,7.576000,7.545000,7.573000,71918.9700
LINKUSDT,2026.06.24,03:30:00,7.572000,7.601000,7.571000,7.593000,57262.0200
LINKUSDT,2026.06.24,03:45:00,7.593000,7.596000,7.580000,7.582000,28707.6900
LINKUSDT,2026.06.24,04:00:00,7.582000,7.585000,7.570000,7.579000,42207.2200
LINKUSDT,2026.06.24,04:15:00,7.578000,7.584000,7.525000,7.544000,112403.2900
LINKUSDT,2026.06.24,04:30:00,7.543000,7.573000,7.538000,7.569000,73312.8100
LINKUSDT,2026.06.24,04:45:00,7.569000,7.601000,7.569000,7.590000,54006.8400
LINKUSDT,2026.06.24,05:00:00,7.589000,7.616000,7.589000,7.609000,58867.8000
LINKUSDT,2026.06.24,05:15:00,7.609000,7.642000,7.608000,7.639000,66942.7100
LINKUSDT,2026.06.24,05:30:00,7.638000,7.668000,7.633000,7.648000,83733.6500
LINKUSDT,2026.06.24,05:45:00,7.648000,7.653000,7.633000,7.645000,34212.9300
LINKUSDT,2026.06.24,06:00:00,7.645000,7.651000,7.622000,7.645000,57680.1400
LINKUSDT,2026.06.24,06:15:00,7.644000,7.649000,7.630000,7.638000,45158.5300
LINKUSDT,2026.06.24,06:30:00,7.638000,7.652000,7.635000,7.640000,49256.7500
LINKUSDT,2026.06.24,06:45:00,7.639000,7.648000,7.629000,7.637000,28566.7900
LINKUSDT,2026.06.24,07:00:00,7.637000,7.646000,7.622000,7.639000,85415.8900
LINKUSDT,2026.06.24,07:15:00,7.639000,7.639000,7.612000,7.613000,61646.7700
LINKUSDT,2026.06.24,07:30:00,7.613000,7.627000,7.600000,7.616000,66303.6100
LINKUSDT,2026.06.24,07:45:00,7.615000,7.616000,7.593000,7.602000,56002.8600
LINKUSDT,2026.06.24,08:00:00,7.603000,7.609000,7.589000,7.601000,56497.1600
LINKUSDT,2026.06.24,08:15:00,7.601000,7.609000,7.593000,7.607000,38983.2000
LINKUSDT,2026.06.24,08:30:00,7.606000,7.626000,7.603000,7.618000,40418.0600
LINKUSDT,2026.06.24,08:45:00,7.618000,7.622000,7.606000,7.622000,30028.1200
LINKUSDT,2026.06.24,09:00:00,7.622000,7.624000,7.605000,7.618000,52220.6500
LINKUSDT,2026.06.24,09:15:00,7.617000,7.618000,7.602000,7.603000,35430.2300
LINKUSDT,2026.06.24,09:30:00,7.603000,7.609000,7.594000,7.601000,30170.5500
LINKUSDT,2026.06.24,09:45:00,7.600000,7.622000,7.594000,7.620000,66221.9300
LINKUSDT,2026.06.24,10:00:00,7.620000,7.624000,7.588000,7.599000,69404.7600
LINKUSDT,2026.06.24,10:15:00,7.599000,7.599000,7.570000,7.584000,131130.7100
LINKUSDT,2026.06.24,10:30:00,7.584000,7.591000,7.574000,7.589000,46500.2400
LINKUSDT,2026.06.24,10:45:00,7.588000,7.590000,7.571000,7.576000,26700.7800
LINKUSDT,2026.06.24,11:00:00,7.576000,7.586000,7.557000,7.557000,65704.7300
LINKUSDT,2026.06.24,11:15:00,7.558000,7.560000,7.533000,7.534000,154453.3600
LINKUSDT,2026.06.24,11:30:00,7.535000,7.587000,7.534000,7.570000,189503.5600
LINKUSDT,2026.06.24,11:45:00,7.569000,7.698000,7.568000,7.630000,373736.1900
LINKUSDT,2026.06.24,12:00:00,7.630000,7.637000,7.606000,7.615000,160045.6300
LINKUSDT,2026.06.24,12:15:00,7.615000,7.624000,7.603000,7.608000,129941.5600
LINKUSDT,2026.06.24,12:30:00,7.608000,7.620000,7.595000,7.606000,101034.4100
LINKUSDT,2026.06.24,12:45:00,7.606000,7.609000,7.576000,7.583000,95169.3100
LINKUSDT,2026.06.24,13:00:00,7.584000,7.590000,7.511000,7.521000,298489.9200
LINKUSDT,2026.06.24,13:15:00,7.522000,7.543000,7.462000,7.522000,454201.4400
LINKUSDT,2026.06.24,13:30:00,7.522000,7.578000,7.474000,7.487000,424247.3400
LINKUSDT,2026.06.24,13:45:00,7.486000,7.523000,7.453000,7.469000,400089.8000
LINKUSDT,2026.06.24,14:00:00,7.468000,7.497000,7.442000,7.479000,383266.7400
LINKUSDT,2026.06.24,14:15:00,7.478000,7.493000,7.445000,7.490000,282217.3800
LINKUSDT,2026.06.24,14:30:00,7.489000,7.529000,7.482000,7.506000,183047.3000
LINKUSDT,2026.06.24,14:45:00,7.507000,7.516000,7.479000,7.498000,75974.7200
LINKUSDT,2026.06.24,15:00:00,7.498000,7.500000,7.448000,7.460000,142715.9400
LINKUSDT,2026.06.24,15:15:00,7.460000,7.494000,7.455000,7.469000,115286.4300
LINKUSDT,2026.06.24,15:30:00,7.470000,7.471000,7.389000,7.398000,447278.3700
LINKUSDT,2026.06.24,15:45:00,7.399000,7.399000,7.359000,7.363000,391281.5900
LINKUSDT,2026.06.24,16:00:00,7.362000,7.423000,7.359000,7.418000,296683.3800
LINKUSDT,2026.06.24,16:15:00,7.417000,7.449000,7.410000,7.421000,160747.2200
LINKUSDT,2026.06.24,16:30:00,7.421000,7.422000,7.368000,7.379000,226687.2600
LINKUSDT,2026.06.24,16:45:00,7.378000,7.378000,7.204000,7.264000,1305998.6500
LINKUSDT,2026.06.24,17:00:00,7.263000,7.291000,7.238000,7.262000,334324.7000
LINKUSDT,2026.06.24,17:15:00,7.261000,7.271000,7.133000,7.180000,872022.4900
LINKUSDT,2026.06.24,17:30:00,7.180000,7.197000,7.144000,7.152000,322262.6300
LINKUSDT,2026.06.24,17:45:00,7.151000,7.171000,7.116000,7.134000,523283.3600
LINKUSDT,2026.06.24,18:00:00,7.134000,7.178000,7.118000,7.178000,265506.2200
LINKUSDT,2026.06.24,18:15:00,7.178000,7.260000,7.178000,7.234000,273168.2500
LINKUSDT,2026.06.24,18:30:00,7.234000,7.239000,7.193000,7.204000,97096.3700
LINKUSDT,2026.06.24,18:45:00,7.204000,7.205000,7.168000,7.186000,146625.1100
LINKUSDT,2026.06.24,19:00:00,7.186000,7.217000,7.167000,7.185000,138396.7100
LINKUSDT,2026.06.24,19:15:00,7.185000,7.222000,7.168000,7.216000,143541.1300
LINKUSDT,2026.06.24,19:30:00,7.215000,7.232000,7.196000,7.208000,81340.3400
LINKUSDT,2026.06.24,19:45:00,7.209000,7.247000,7.203000,7.238000,142489.7400
LINKUSDT,2026.06.24,20:00:00,7.238000,7.363000,7.228000,7.356000,427508.4100
LINKUSDT,2026.06.24,20:15:00,7.355000,7.388000,7.345000,7.376000,153423.0200
LINKUSDT,2026.06.24,20:30:00,7.377000,7.397000,7.365000,7.390000,120283.7300
LINKUSDT,2026.06.24,20:45:00,7.390000,7.425000,7.388000,7.392000,163642.0500
LINKUSDT,2026.06.24,21:00:00,7.393000,7.399000,7.359000,7.384000,106705.6900
LINKUSDT,2026.06.24,21:15:00,7.383000,7.395000,7.375000,7.395000,46153.3500
LINKUSDT,2026.06.24,21:30:00,7.395000,7.438000,7.390000,7.426000,100371.8800
LINKUSDT,2026.06.24,21:45:00,7.426000,7.449000,7.416000,7.446000,89944.7900
LINKUSDT,2026.06.24,22:00:00,7.446000,7.479000,7.442000,7.448000,202824.5100
LINKUSDT,2026.06.24,22:15:00,7.448000,7.449000,7.422000,7.424000,39137.3000
LINKUSDT,2026.06.24,22:30:00,7.424000,7.432000,7.397000,7.419000,214391.8200
LINKUSDT,2026.06.24,22:45:00,7.419000,7.419000,7.395000,7.405000,36662.7400
LINKUSDT,2026.06.24,23:00:00,7.404000,7.417000,7.393000,7.409000,51032.3400
LINKUSDT,2026.06.24,23:15:00,7.410000,7.429000,7.398000,7.417000,35035.0900
LINKUSDT,2026.06.24,23:30:00,7.416000,7.428000,7.406000,7.417000,60923.4200
LINKUSDT,2026.06.24,23:45:00,7.418000,7.428000,7.405000,7.422000,32884.4800
LINKUSDT,2026.06.25,00:00:00,7.422000,7.440000,7.415000,7.434000,65231.0600
LINKUSDT,2026.06.25,00:15:00,7.433000,7.433000,7.406000,7.409000,54839.0500
LINKUSDT,2026.06.25,00:30:00,7.409000,7.411000,7.396000,7.398000,63218.2800
LINKUSDT,2026.06.25,00:45:00,7.398000,7.410000,7.383000,7.396000,67916.6300
LINKUSDT,2026.06.25,01:00:00,7.396000,7.406000,7.384000,7.394000,51300.5900
LINKUSDT,2026.06.25,01:15:00,7.394000,7.410000,7.379000,7.396000,43879.2100
LINKUSDT,2026.06.25,01:30:00,7.395000,7.411000,7.392000,7.400000,32020.2900
LINKUSDT,2026.06.25,01:45:00,7.400000,7.413000,7.394000,7.404000,35661.3600
LINKUSDT,2026.06.25,02:00:00,7.404000,7.413000,7.398000,7.404000,61986.4300
LINKUSDT,2026.06.25,02:15:00,7.403000,7.420000,7.393000,7.420000,43304.4700
LINKUSDT,2026.06.25,02:30:00,7.419000,7.419000,7.386000,7.390000,55195.1200
LINKUSDT,2026.06.25,02:45:00,7.390000,7.408000,7.388000,7.406000,27832.0000
LINKUSDT,2026.06.25,03:00:00,7.406000,7.419000,7.398000,7.402000,84770.5100
LINKUSDT,2026.06.25,03:15:00,7.401000,7.405000,7.384000,7.399000,45764.4800
LINKUSDT,2026.06.25,03:30:00,7.398000,7.407000,7.388000,7.394000,27073.6100
LINKUSDT,2026.06.25,03:45:00,7.393000,7.404000,7.393000,7.400000,35424.3900
LINKUSDT,2026.06.25,04:00:00,7.400000,7.403000,7.388000,7.389000,43253.7000
LINKUSDT,2026.06.25,04:15:00,7.388000,7.396000,7.384000,7.389000,23374.5600
LINKUSDT,2026.06.25,04:30:00,7.388000,7.410000,7.377000,7.410000,27850.1100
LINKUSDT,2026.06.25,04:45:00,7.409000,7.475000,7.409000,7.464000,125212.2800
LINKUSDT,2026.06.25,05:00:00,7.464000,7.520000,7.454000,7.509000,261855.4400
LINKUSDT,2026.06.25,05:15:00,7.508000,7.535000,7.495000,7.516000,154214.9200
LINKUSDT,2026.06.25,05:30:00,7.516000,7.525000,7.504000,7.505000,52607.8400
LINKUSDT,2026.06.25,05:45:00,7.504000,7.518000,7.502000,7.509000,61462.9300
LINKUSDT,2026.06.25,06:00:00,7.509000,7.535000,7.509000,7.528000,144848.1800
LINKUSDT,2026.06.25,06:15:00,7.528000,7.548000,7.506000,7.509000,126812.4100
LINKUSDT,2026.06.25,06:30:00,7.509000,7.534000,7.503000,7.534000,75529.9900
LINKUSDT,2026.06.25,06:45:00,7.534000,7.538000,7.515000,7.521000,60198.8300
LINKUSDT,2026.06.25,07:00:00,7.521000,7.530000,7.499000,7.508000,176183.3700
LINKUSDT,2026.06.25,07:15:00,7.507000,7.531000,7.505000,7.523000,35788.5100
LINKUSDT,2026.06.25,07:30:00,7.522000,7.533000,7.520000,7.528000,71061.9700
LINKUSDT,2026.06.25,07:45:00,7.527000,7.534000,7.509000,7.532000,72062.7500
LINKUSDT,2026.06.25,08:00:00,7.532000,7.533000,7.518000,7.519000,69981.0900
LINKUSDT,2026.06.25,08:15:00,7.518000,7.520000,7.508000,7.517000,57065.5900
LINKUSDT,2026.06.25,08:30:00,7.516000,7.518000,7.507000,7.513000,36709.0100
LINKUSDT,2026.06.25,08:45:00,7.514000,7.517000,7.495000,7.505000,76099.4800
LINKUSDT,2026.06.25,09:00:00,7.505000,7.513000,7.501000,7.505000,29387.0300
LINKUSDT,2026.06.25,09:15:00,7.505000,7.508000,7.477000,7.485000,89032.7300
LINKUSDT,2026.06.25,09:30:00,7.484000,7.495000,7.479000,7.491000,38872.6800
LINKUSDT,2026.06.25,09:45:00,7.490000,7.495000,7.485000,7.489000,17191.4300
LINKUSDT,2026.06.25,10:00:00,7.488000,7.491000,7.477000,7.489000,30430.6500
LINKUSDT,2026.06.25,10:15:00,7.489000,7.494000,7.463000,7.466000,44619.6300
LINKUSDT,2026.06.25,10:30:00,7.466000,7.475000,7.453000,7.453000,88827.2100
LINKUSDT,2026.06.25,10:45:00,7.454000,7.463000,7.441000,7.445000,104840.9600
LINKUSDT,2026.06.25,11:00:00,7.445000,7.457000,7.419000,7.454000,171169.2700
LINKUSDT,2026.06.25,11:15:00,7.454000,7.460000,7.430000,7.434000,52123.1900
LINKUSDT,2026.06.25,11:30:00,7.435000,7.445000,7.431000,7.434000,34376.9600
LINKUSDT,2026.06.25,11:45:00,7.434000,7.437000,7.420000,7.436000,76395.8900
LINKUSDT,2026.06.25,12:00:00,7.436000,7.443000,7.423000,7.432000,123672.9500
LINKUSDT,2026.06.25,12:15:00,7.432000,7.433000,7.385000,7.389000,112076.0700
LINKUSDT,2026.06.25,12:30:00,7.389000,7.503000,7.389000,7.457000,418731.5300
LINKUSDT,2026.06.25,12:45:00,7.456000,7.467000,7.435000,7.447000,135298.4800
LINKUSDT,2026.06.25,13:00:00,7.446000,7.461000,7.434000,7.458000,81461.6700
LINKUSDT,2026.06.25,13:15:00,7.457000,7.466000,7.452000,7.456000,74669.5100
LINKUSDT,2026.06.25,13:30:00,7.456000,7.486000,7.283000,7.287000,698525.2100
LINKUSDT,2026.06.25,13:45:00,7.287000,7.310000,7.001000,7.024000,2182484.8400
LINKUSDT,2026.06.25,14:00:00,7.024000,7.229000,7.023000,7.192000,1102465.5500
LINKUSDT,2026.06.25,14:15:00,7.192000,7.219000,7.116000,7.171000,595956.6600
LINKUSDT,2026.06.25,14:30:00,7.171000,7.301000,7.155000,7.184000,628784.8200
LINKUSDT,2026.06.25,14:45:00,7.185000,7.234000,7.169000,7.185000,219896.6800
LINKUSDT,2026.06.25,15:00:00,7.185000,7.188000,7.124000,7.133000,393230.8900
LINKUSDT,2026.06.25,15:15:00,7.133000,7.171000,7.097000,7.156000,241997.7000
LINKUSDT,2026.06.25,15:30:00,7.157000,7.195000,7.144000,7.164000,157198.4900
LINKUSDT,2026.06.25,15:45:00,7.164000,7.229000,7.159000,7.211000,132920.5000
LINKUSDT,2026.06.25,16:00:00,7.212000,7.280000,7.198000,7.242000,233001.5400
LINKUSDT,2026.06.25,16:15:00,7.241000,7.251000,7.229000,7.245000,128116.9900
LINKUSDT,2026.06.25,16:30:00,7.244000,7.244000,7.176000,7.180000,137623.3500
LINKUSDT,2026.06.25,16:45:00,7.181000,7.195000,7.157000,7.193000,114500.6800
LINKUSDT,2026.06.25,17:00:00,7.193000,7.240000,7.181000,7.230000,246858.9100
LINKUSDT,2026.06.25,17:15:00,7.230000,7.277000,7.229000,7.261000,298148.0300
LINKUSDT,2026.06.25,17:30:00,7.261000,7.278000,7.247000,7.253000,77253.6700
LINKUSDT,2026.06.25,17:45:00,7.253000,7.276000,7.236000,7.276000,118032.4200
LINKUSDT,2026.06.25,18:00:00,7.275000,7.280000,7.222000,7.223000,95308.8900
LINKUSDT,2026.06.25,18:15:00,7.224000,7.283000,7.222000,7.231000,129744.4700
LINKUSDT,2026.06.25,18:30:00,7.231000,7.231000,7.172000,7.185000,109364.9700
LINKUSDT,2026.06.25,18:45:00,7.185000,7.208000,7.171000,7.198000,95764.9200
LINKUSDT,2026.06.25,19:00:00,7.198000,7.198000,7.157000,7.161000,76332.2900
LINKUSDT,2026.06.25,19:15:00,7.160000,7.167000,7.131000,7.162000,119773.5900
LINKUSDT,2026.06.25,19:30:00,7.162000,7.180000,7.151000,7.166000,55467.3200
LINKUSDT,2026.06.25,19:45:00,7.166000,7.177000,7.146000,7.177000,163363.4500
LINKUSDT,2026.06.25,20:00:00,7.177000,7.227000,7.176000,7.197000,132515.2600
LINKUSDT,2026.06.25,20:15:00,7.197000,7.225000,7.197000,7.216000,91295.3100
LINKUSDT,2026.06.25,20:30:00,7.216000,7.218000,7.187000,7.195000,60898.4800
LINKUSDT,2026.06.25,20:45:00,7.194000,7.198000,7.174000,7.187000,43672.8200
LINKUSDT,2026.06.25,21:00:00,7.187000,7.210000,7.182000,7.209000,65191.1100
LINKUSDT,2026.06.25,21:15:00,7.209000,7.230000,7.206000,7.230000,45982.1700
LINKUSDT,2026.06.25,21:30:00,7.229000,7.270000,7.228000,7.254000,139277.5500
LINKUSDT,2026.06.25,21:45:00,7.254000,7.278000,7.248000,7.278000,79720.7800
LINKUSDT,2026.06.25,22:00:00,7.277000,7.284000,7.240000,7.241000,120544.8600
LINKUSDT,2026.06.25,22:15:00,7.241000,7.261000,7.234000,7.237000,45309.6900
LINKUSDT,2026.06.25,22:30:00,7.236000,7.255000,7.235000,7.245000,37088.0800
LINKUSDT,2026.06.25,22:45:00,7.245000,7.254000,7.233000,7.237000,41819.3400
LINKUSDT,2026.06.25,23:00:00,7.237000,7.250000,7.225000,7.245000,39129.8000
LINKUSDT,2026.06.25,23:15:00,7.245000,7.288000,7.243000,7.280000,64653.4200
LINKUSDT,2026.06.25,23:30:00,7.280000,7.296000,7.257000,7.262000,74448.0600
LINKUSDT,2026.06.25,23:45:00,7.262000,7.262000,7.231000,7.244000,88788.4200
LINKUSDT,2026.06.26,00:00:00,7.245000,7.260000,7.232000,7.256000,99589.7000
LINKUSDT,2026.06.26,00:15:00,7.255000,7.262000,7.234000,7.251000,49910.3800
LINKUSDT,2026.06.26,00:30:00,7.251000,7.259000,7.237000,7.249000,39851.0800
LINKUSDT,2026.06.26,00:45:00,7.248000,7.250000,7.217000,7.229000,109888.0400
LINKUSDT,2026.06.26,01:00:00,7.229000,7.247000,7.203000,7.220000,66568.0500
LINKUSDT,2026.06.26,01:15:00,7.219000,7.228000,7.173000,7.173000,97531.1100
LINKUSDT,2026.06.26,01:30:00,7.172000,7.179000,7.159000,7.168000,81798.6900
LINKUSDT,2026.06.26,01:45:00,7.167000,7.184000,7.160000,7.173000,102200.3100
LINKUSDT,2026.06.26,02:00:00,7.173000,7.178000,7.039000,7.044000,374342.5500
LINKUSDT,2026.06.26,02:15:00,7.044000,7.096000,7.024000,7.093000,407658.4300
LINKUSDT,2026.06.26,02:30:00,7.093000,7.114000,7.069000,7.091000,133932.7100
LINKUSDT,2026.06.26,02:45:00,7.090000,7.093000,7.040000,7.055000,162157.0300
LINKUSDT,2026.06.26,03:00:00,7.056000,7.104000,7.009000,7.095000,294055.8200
LINKUSDT,2026.06.26,03:15:00,7.094000,7.112000,7.066000,7.096000,172705.8100
LINKUSDT,2026.06.26,03:30:00,7.095000,7.143000,7.078000,7.139000,141452.6100
LINKUSDT,2026.06.26,03:45:00,7.138000,7.220000,7.137000,7.201000,294157.3300
LINKUSDT,2026.06.26,04:00:00,7.201000,7.211000,7.182000,7.193000,178684.0300
LINKUSDT,2026.06.26,04:15:00,7.192000,7.224000,7.182000,7.199000,82326.4200
LINKUSDT,2026.06.26,04:30:00,7.199000,7.205000,7.182000,7.198000,86790.2300
LINKUSDT,2026.06.26,04:45:00,7.199000,7.200000,7.168000,7.174000,58275.4600
LINKUSDT,2026.06.26,05:00:00,7.175000,7.195000,7.164000,7.195000,51303.7800
LINKUSDT,2026.06.26,05:15:00,7.195000,7.207000,7.172000,7.205000,47130.3200
LINKUSDT,2026.06.26,05:30:00,7.205000,7.219000,7.190000,7.193000,86795.8400
LINKUSDT,2026.06.26,05:45:00,7.193000,7.202000,7.179000,7.193000,58473.9900
LINKUSDT,2026.06.26,06:00:00,7.192000,7.192000,7.152000,7.153000,110520.7300
LINKUSDT,2026.06.26,06:15:00,7.154000,7.225000,7.153000,7.216000,106220.1300
LINKUSDT,2026.06.26,06:30:00,7.217000,7.273000,7.204000,7.270000,148302.1000
LINKUSDT,2026.06.26,06:45:00,7.270000,7.278000,7.251000,7.273000,103084.0100
LINKUSDT,2026.06.26,07:00:00,7.273000,7.313000,7.266000,7.309000,151805.9600
LINKUSDT,2026.06.26,07:15:00,7.308000,7.326000,7.301000,7.310000,149111.3800
LINKUSDT,2026.06.26,07:30:00,7.310000,7.338000,7.302000,7.311000,100313.0000
LINKUSDT,2026.06.26,07:45:00,7.311000,7.328000,7.304000,7.322000,135158.7100
LINKUSDT,2026.06.26,08:00:00,7.322000,7.332000,7.277000,7.280000,251170.3100
LINKUSDT,2026.06.26,08:15:00,7.281000,7.286000,7.265000,7.270000,99511.6300
LINKUSDT,2026.06.26,08:30:00,7.271000,7.271000,7.243000,7.251000,70235.8400
LINKUSDT,2026.06.26,08:45:00,7.251000,7.260000,7.243000,7.255000,87090.0800
LINKUSDT,2026.06.26,09:00:00,7.255000,7.256000,7.233000,7.247000,73352.4800
LINKUSDT,2026.06.26,09:15:00,7.246000,7.247000,7.229000,7.245000,71462.0800
LINKUSDT,2026.06.26,09:30:00,7.244000,7.268000,7.233000,7.247000,175658.9600
LINKUSDT,2026.06.26,09:45:00,7.248000,7.249000,7.181000,7.186000,156196.1400
LINKUSDT,2026.06.26,10:00:00,7.186000,7.192000,7.164000,7.181000,147049.1300
LINKUSDT,2026.06.26,10:15:00,7.182000,7.196000,7.178000,7.188000,42421.4100
LINKUSDT,2026.06.26,10:30:00,7.189000,7.200000,7.150000,7.172000,74828.4300
LINKUSDT,2026.06.26,10:45:00,7.172000,7.177000,7.143000,7.155000,94596.5300
LINKUSDT,2026.06.26,11:00:00,7.156000,7.187000,7.151000,7.169000,79272.2200
LINKUSDT,2026.06.26,11:15:00,7.169000,7.169000,7.144000,7.149000,49670.3000
LINKUSDT,2026.06.26,11:30:00,7.149000,7.168000,7.146000,7.154000,45479.4500
LINKUSDT,2026.06.26,11:45:00,7.154000,7.157000,7.120000,7.145000,117479.4100
LINKUSDT,2026.06.26,12:00:00,7.145000,7.170000,7.143000,7.159000,121942.6600
LINKUSDT,2026.06.26,12:15:00,7.160000,7.195000,7.159000,7.195000,117072.8200
LINKUSDT,2026.06.26,12:30:00,7.194000,7.229000,7.083000,7.108000,398616.7700
LINKUSDT,2026.06.26,12:45:00,7.108000,7.167000,7.099000,7.123000,194737.3600
LINKUSDT,2026.06.26,13:00:00,7.124000,7.164000,7.109000,7.131000,134474.9900
LINKUSDT,2026.06.26,13:15:00,7.132000,7.140000,7.051000,7.109000,437870.0900
LINKUSDT,2026.06.26,13:30:00,7.108000,7.191000,7.097000,7.184000,344551.3300
LINKUSDT,2026.06.26,13:45:00,7.183000,7.271000,7.164000,7.266000,339507.9700
LINKUSDT,2026.06.26,14:00:00,7.266000,7.288000,7.211000,7.227000,478439.1000
LINKUSDT,2026.06.26,14:15:00,7.226000,7.278000,7.210000,7.256000,269418.8000
LINKUSDT,2026.06.26,14:30:00,7.257000,7.273000,7.202000,7.221000,273137.7200
LINKUSDT,2026.06.26,14:45:00,7.222000,7.275000,7.209000,7.227000,222694.6500
LINKUSDT,2026.06.26,15:00:00,7.227000,7.284000,7.216000,7.253000,150953.3100
LINKUSDT,2026.06.26,15:15:00,7.253000,7.329000,7.246000,7.301000,253265.4900
LINKUSDT,2026.06.26,15:30:00,7.302000,7.356000,7.301000,7.349000,280225.7000
LINKUSDT,2026.06.26,15:45:00,7.350000,7.353000,7.284000,7.333000,302455.3400
LINKUSDT,2026.06.26,16:00:00,7.333000,7.399000,7.333000,7.343000,268501.2100
LINKUSDT,2026.06.26,16:15:00,7.344000,7.360000,7.297000,7.333000,158821.1100
LINKUSDT,2026.06.26,16:30:00,7.333000,7.391000,7.333000,7.346000,148503.4100
LINKUSDT,2026.06.26,16:45:00,7.347000,7.369000,7.336000,7.344000,108610.8700
LINKUSDT,2026.06.26,17:00:00,7.344000,7.389000,7.340000,7.378000,187927.4200
LINKUSDT,2026.06.26,17:15:00,7.378000,7.387000,7.351000,7.380000,70755.6000
LINKUSDT,2026.06.26,17:30:00,7.380000,7.389000,7.349000,7.371000,79166.6300
LINKUSDT,2026.06.26,17:45:00,7.371000,7.385000,7.353000,7.363000,39433.6700
LINKUSDT,2026.06.26,18:00:00,7.363000,7.383000,7.360000,7.369000,89541.9300
LINKUSDT,2026.06.26,18:15:00,7.369000,7.374000,7.330000,7.334000,58348.2100
LINKUSDT,2026.06.26,18:30:00,7.333000,7.340000,7.314000,7.320000,83565.8100
LINKUSDT,2026.06.26,18:45:00,7.319000,7.319000,7.284000,7.297000,119056.1800
LINKUSDT,2026.06.26,19:00:00,7.297000,7.354000,7.284000,7.345000,121451.9200
LINKUSDT,2026.06.26,19:15:00,7.344000,7.345000,7.327000,7.338000,53594.1100
LINKUSDT,2026.06.26,19:30:00,7.339000,7.369000,7.338000,7.360000,61886.3500
LINKUSDT,2026.06.26,19:45:00,7.360000,7.366000,7.316000,7.323000,135560.8800
LINKUSDT,2026.06.26,20:00:00,7.323000,7.385000,7.323000,7.343000,220762.8000
LINKUSDT,2026.06.26,20:15:00,7.343000,7.361000,7.336000,7.359000,65253.5100
LINKUSDT,2026.06.26,20:30:00,7.360000,7.360000,7.304000,7.313000,101262.3400
LINKUSDT,2026.06.26,20:45:00,7.313000,7.328000,7.304000,7.310000,78849.6600
LINKUSDT,2026.06.26,21:00:00,7.309000,7.310000,7.290000,7.305000,73142.9500
LINKUSDT,2026.06.26,21:15:00,7.304000,7.317000,7.298000,7.316000,26157.7400
LINKUSDT,2026.06.26,21:30:00,7.315000,7.339000,7.314000,7.335000,37559.3900
LINKUSDT,2026.06.26,21:45:00,7.335000,7.338000,7.308000,7.309000,28958.6400
LINKUSDT,2026.06.26,22:00:00,7.308000,7.324000,7.285000,7.308000,84366.6200
LINKUSDT,2026.06.26,22:15:00,7.308000,7.312000,7.298000,7.304000,36698.9600
LINKUSDT,2026.06.26,22:30:00,7.304000,7.328000,7.294000,7.325000,112162.1000
LINKUSDT,2026.06.26,22:45:00,7.325000,7.354000,7.316000,7.350000,160700.1000
LINKUSDT,2026.06.26,23:00:00,7.350000,7.371000,7.348000,7.366000,172696.2700
LINKUSDT,2026.06.26,23:15:00,7.366000,7.366000,7.343000,7.344000,53780.3400
LINKUSDT,2026.06.26,23:30:00,7.344000,7.359000,7.343000,7.353000,28539.6200
LINKUSDT,2026.06.26,23:45:00,7.353000,7.356000,7.343000,7.349000,20450.6200
LINKUSDT,2026.06.27,00:00:00,7.349000,7.381000,7.349000,7.365000,86565.6800
LINKUSDT,2026.06.27,00:15:00,7.365000,7.367000,7.347000,7.349000,34139.1800
LINKUSDT,2026.06.27,00:30:00,7.349000,7.349000,7.319000,7.329000,66957.8500
LINKUSDT,2026.06.27,00:45:00,7.330000,7.353000,7.324000,7.349000,18292.9400
LINKUSDT,2026.06.27,01:00:00,7.348000,7.351000,7.335000,7.345000,32637.0700
LINKUSDT,2026.06.27,01:15:00,7.344000,7.357000,7.340000,7.356000,19479.1900
LINKUSDT,2026.06.27,01:30:00,7.355000,7.356000,7.341000,7.350000,33074.4600
LINKUSDT,2026.06.27,01:45:00,7.350000,7.355000,7.344000,7.352000,23616.1600
LINKUSDT,2026.06.27,02:00:00,7.352000,7.379000,7.343000,7.378000,54209.7300
LINKUSDT,2026.06.27,02:15:00,7.379000,7.411000,7.372000,7.400000,138098.8100
LINKUSDT,2026.06.27,02:30:00,7.399000,7.407000,7.383000,7.397000,74201.1800
LINKUSDT,2026.06.27,02:45:00,7.397000,7.411000,7.395000,7.396000,64744.2400
LINKUSDT,2026.06.27,03:00:00,7.396000,7.399000,7.363000,7.368000,107458.5600
LINKUSDT,2026.06.27,03:15:00,7.367000,7.391000,7.365000,7.373000,32786.9100
LINKUSDT,2026.06.27,03:30:00,7.374000,7.382000,7.364000,7.369000,58777.8300
LINKUSDT,2026.06.27,03:45:00,7.369000,7.371000,7.357000,7.361000,45993.6700
LINKUSDT,2026.06.27,04:00:00,7.362000,7.394000,7.361000,7.384000,49329.7400
LINKUSDT,2026.06.27,04:15:00,7.384000,7.396000,7.378000,7.378000,26338.4700
LINKUSDT,2026.06.27,04:30:00,7.378000,7.386000,7.371000,7.377000,19357.7100
LINKUSDT,2026.06.27,04:45:00,7.376000,7.378000,7.358000,7.361000,29478.3800
LINKUSDT,2026.06.27,05:00:00,7.361000,7.369000,7.346000,7.368000,63598.8900
LINKUSDT,2026.06.27,05:15:00,7.368000,7.368000,7.348000,7.351000,22522.8900
LINKUSDT,2026.06.27,05:30:00,7.351000,7.358000,7.340000,7.357000,41718.5600
LINKUSDT,2026.06.27,05:45:00,7.357000,7.372000,7.355000,7.368000,21123.2300
LINKUSDT,2026.06.27,06:00:00,7.368000,7.373000,7.347000,7.352000,49390.8600
LINKUSDT,2026.06.27,06:15:00,7.352000,7.367000,7.350000,7.363000,26928.1800
LINKUSDT,2026.06.27,06:30:00,7.362000,7.391000,7.361000,7.390000,70065.8800
LINKUSDT,2026.06.27,06:45:00,7.390000,7.402000,7.374000,7.378000,62693.9800
LINKUSDT,2026.06.27,07:00:00,7.379000,7.381000,7.359000,7.367000,47187.0800
LINKUSDT,2026.06.27,07:15:00,7.367000,7.385000,7.363000,7.383000,51747.2400
LINKUSDT,2026.06.27,07:30:00,7.382000,7.384000,7.372000,7.376000,24435.0700
LINKUSDT,2026.06.27,07:45:00,7.376000,7.389000,7.376000,7.381000,35797.5900
LINKUSDT,2026.06.27,08:00:00,7.382000,7.383000,7.371000,7.376000,43228.1800
LINKUSDT,2026.06.27,08:15:00,7.376000,7.383000,7.368000,7.372000,34466.2500
LINKUSDT,2026.06.27,08:30:00,7.372000,7.376000,7.356000,7.360000,21196.3900
LINKUSDT,2026.06.27,08:45:00,7.359000,7.378000,7.359000,7.369000,23993.5800
LINKUSDT,2026.06.27,09:00:00,7.370000,7.376000,7.351000,7.353000,73514.3800
LINKUSDT,2026.06.27,09:15:00,7.352000,7.355000,7.340000,7.347000,111180.5500
LINKUSDT,2026.06.27,09:30:00,7.347000,7.361000,7.346000,7.358000,30985.1100
LINKUSDT,2026.06.27,09:45:00,7.358000,7.379000,7.357000,7.374000,48807.0500
LINKUSDT,2026.06.27,10:00:00,7.373000,7.380000,7.361000,7.361000,28279.3500
LINKUSDT,2026.06.27,10:15:00,7.361000,7.364000,7.354000,7.359000,32822.4500
LINKUSDT,2026.06.27,10:30:00,7.359000,7.364000,7.351000,7.357000,85998.6100
LINKUSDT,2026.06.27,10:45:00,7.358000,7.367000,7.355000,7.365000,25723.3300
LINKUSDT,2026.06.27,11:00:00,7.365000,7.366000,7.344000,7.353000,33186.7600
LINKUSDT,2026.06.27,11:15:00,7.354000,7.354000,7.327000,7.332000,63012.5500
LINKUSDT,2026.06.27,11:30:00,7.332000,7.340000,7.327000,7.339000,22395.5600
LINKUSDT,2026.06.27,11:45:00,7.338000,7.356000,7.337000,7.353000,40259.2900
LINKUSDT,2026.06.27,12:00:00,7.353000,7.357000,7.336000,7.344000,45236.9500
LINKUSDT,2026.06.27,12:15:00,7.344000,7.357000,7.343000,7.349000,27347.0800
LINKUSDT,2026.06.27,12:30:00,7.349000,7.358000,7.342000,7.358000,25413.0700
LINKUSDT,2026.06.27,12:45:00,7.358000,7.374000,7.352000,7.373000,46738.3300
LINKUSDT,2026.06.27,13:00:00,7.373000,7.380000,7.367000,7.377000,126714.2100
LINKUSDT,2026.06.27,13:15:00,7.376000,7.382000,7.372000,7.373000,109425.8100
LINKUSDT,2026.06.27,13:30:00,7.372000,7.391000,7.368000,7.389000,174373.1000
LINKUSDT,2026.06.27,13:45:00,7.388000,7.392000,7.381000,7.387000,48374.8500
LINKUSDT,2026.06.27,14:00:00,7.387000,7.421000,7.378000,7.414000,115189.4300
LINKUSDT,2026.06.27,14:15:00,7.413000,7.414000,7.401000,7.408000,33585.8900
LINKUSDT,2026.06.27,14:30:00,7.408000,7.415000,7.398000,7.409000,65496.7700
LINKUSDT,2026.06.27,14:45:00,7.408000,7.414000,7.402000,7.408000,58130.0900
LINKUSDT,2026.06.27,15:00:00,7.409000,7.460000,7.407000,7.454000,176314.3700
LINKUSDT,2026.06.27,15:15:00,7.453000,7.454000,7.428000,7.445000,91865.0600
LINKUSDT,2026.06.27,15:30:00,7.445000,7.473000,7.440000,7.452000,78213.6700
LINKUSDT,2026.06.27,15:45:00,7.451000,7.452000,7.440000,7.451000,43367.0000
LINKUSDT,2026.06.27,16:00:00,7.451000,7.465000,7.441000,7.443000,95043.6300
LINKUSDT,2026.06.27,16:15:00,7.442000,7.443000,7.431000,7.440000,68814.0200
LINKUSDT,2026.06.27,16:30:00,7.440000,7.450000,7.437000,7.444000,31867.5900
LINKUSDT,2026.06.27,16:45:00,7.444000,7.454000,7.435000,7.449000,42697.9500
LINKUSDT,2026.06.27,17:00:00,7.448000,7.449000,7.361000,7.393000,446981.0300
LINKUSDT,2026.06.27,17:15:00,7.393000,7.397000,7.377000,7.389000,64757.6800
LINKUSDT,2026.06.27,17:30:00,7.389000,7.395000,7.375000,7.387000,56331.3800
LINKUSDT,2026.06.27,17:45:00,7.386000,7.395000,7.373000,7.373000,65262.8000
LINKUSDT,2026.06.27,18:00:00,7.373000,7.380000,7.359000,7.371000,67163.5300
LINKUSDT,2026.06.27,18:15:00,7.371000,7.381000,7.359000,7.375000,77845.3300
LINKUSDT,2026.06.27,18:30:00,7.374000,7.382000,7.372000,7.376000,22922.1600
LINKUSDT,2026.06.27,18:45:00,7.375000,7.386000,7.372000,7.383000,26748.1500
LINKUSDT,2026.06.27,19:00:00,7.383000,7.396000,7.382000,7.389000,35403.2100
LINKUSDT,2026.06.27,19:15:00,7.390000,7.390000,7.321000,7.341000,208434.5800
LINKUSDT,2026.06.27,19:30:00,7.342000,7.343000,7.300000,7.322000,185231.1400
LINKUSDT,2026.06.27,19:45:00,7.321000,7.332000,7.316000,7.321000,33551.4400
LINKUSDT,2026.06.27,20:00:00,7.322000,7.340000,7.319000,7.336000,38491.6300
LINKUSDT,2026.06.27,20:15:00,7.336000,7.344000,7.330000,7.332000,26583.9000
LINKUSDT,2026.06.27,20:30:00,7.332000,7.337000,7.321000,7.324000,45787.4900
LINKUSDT,2026.06.27,20:45:00,7.324000,7.334000,7.322000,7.334000,26466.7500
LINKUSDT,2026.06.27,21:00:00,7.334000,7.341000,7.329000,7.337000,37801.8300
LINKUSDT,2026.06.27,21:15:00,7.337000,7.342000,7.328000,7.336000,41833.3200
LINKUSDT,2026.06.27,21:30:00,7.336000,7.338000,7.298000,7.302000,102370.9000
LINKUSDT,2026.06.27,21:45:00,7.302000,7.309000,7.291000,7.303000,82859.0900
LINKUSDT,2026.06.27,22:00:00,7.302000,7.303000,7.285000,7.295000,45967.9700
LINKUSDT,2026.06.27,22:15:00,7.295000,7.305000,7.242000,7.294000,323971.5600
LINKUSDT,2026.06.27,22:30:00,7.294000,7.317000,7.291000,7.304000,192093.2400
LINKUSDT,2026.06.27,22:45:00,7.304000,7.324000,7.300000,7.322000,34557.3900
LINKUSDT,2026.06.27,23:00:00,7.322000,7.331000,7.295000,7.295000,49640.7800
LINKUSDT,2026.06.27,23:15:00,7.295000,7.305000,7.284000,7.289000,53535.7200
LINKUSDT,2026.06.27,23:30:00,7.289000,7.302000,7.285000,7.297000,20004.6300
LINKUSDT,2026.06.27,23:45:00,7.297000,7.300000,7.290000,7.291000,26781.2600
LINKUSDT,2026.06.28,00:00:00,7.291000,7.306000,7.285000,7.303000,58488.2600
LINKUSDT,2026.06.28,00:15:00,7.303000,7.314000,7.298000,7.312000,27740.6200
LINKUSDT,2026.06.28,00:30:00,7.312000,7.313000,7.299000,7.310000,25794.3500
LINKUSDT,2026.06.28,00:45:00,7.311000,7.314000,7.290000,7.293000,35527.1900
LINKUSDT,2026.06.28,01:00:00,7.292000,7.294000,7.277000,7.286000,75667.7100
LINKUSDT,2026.06.28,01:15:00,7.286000,7.302000,7.282000,7.293000,29939.5900
LINKUSDT,2026.06.28,01:30:00,7.293000,7.301000,7.288000,7.300000,32659.3200
LINKUSDT,2026.06.28,01:45:00,7.299000,7.300000,7.289000,7.292000,32089.4700
LINKUSDT,2026.06.28,02:00:00,7.291000,7.309000,7.291000,7.304000,35272.3700
LINKUSDT,2026.06.28,02:15:00,7.305000,7.312000,7.265000,7.277000,82404.1900
LINKUSDT,2026.06.28,02:30:00,7.276000,7.282000,7.271000,7.274000,25994.1300
LINKUSDT,2026.06.28,02:45:00,7.275000,7.282000,7.268000,7.271000,35410.9800
LINKUSDT,2026.06.28,03:00:00,7.271000,7.302000,7.271000,7.296000,37706.5500
LINKUSDT,2026.06.28,03:15:00,7.296000,7.297000,7.285000,7.297000,34469.7100
LINKUSDT,2026.06.28,03:30:00,7.296000,7.301000,7.285000,7.292000,51934.0000
LINKUSDT,2026.06.28,03:45:00,7.293000,7.306000,7.289000,7.303000,64377.1800
LINKUSDT,2026.06.28,04:00:00,7.303000,7.304000,7.290000,7.296000,77070.0900
LINKUSDT,2026.06.28,04:15:00,7.296000,7.299000,7.286000,7.289000,42342.0800
LINKUSDT,2026.06.28,04:30:00,7.289000,7.301000,7.273000,7.300000,36453.4000
LINKUSDT,2026.06.28,04:45:00,7.299000,7.307000,7.287000,7.290000,43699.5300
LINKUSDT,2026.06.28,05:00:00,7.290000,7.291000,7.262000,7.272000,69847.3600
LINKUSDT,2026.06.28,05:15:00,7.273000,7.279000,7.235000,7.245000,78421.3900
LINKUSDT,2026.06.28,05:30:00,7.245000,7.262000,7.236000,7.257000,55360.6300
LINKUSDT,2026.06.28,05:45:00,7.256000,7.268000,7.253000,7.262000,19858.4600
LINKUSDT,2026.06.28,06:00:00,7.263000,7.266000,7.223000,7.224000,67429.6200
LINKUSDT,2026.06.28,06:15:00,7.224000,7.241000,7.214000,7.233000,145073.5600
LINKUSDT,2026.06.28,06:30:00,7.232000,7.254000,7.231000,7.247000,85264.1200
LINKUSDT,2026.06.28,06:45:00,7.246000,7.262000,7.243000,7.251000,39450.7100
LINKUSDT,2026.06.28,07:00:00,7.251000,7.287000,7.251000,7.279000,79073.8000
LINKUSDT,2026.06.28,07:15:00,7.280000,7.282000,7.273000,7.275000,27611.5500
LINKUSDT,2026.06.28,07:30:00,7.275000,7.300000,7.272000,7.294000,74376.2600
LINKUSDT,2026.06.28,07:45:00,7.295000,7.302000,7.288000,7.300000,60766.8300
LINKUSDT,2026.06.28,08:00:00,7.300000,7.317000,7.290000,7.296000,77277.1000
LINKUSDT,2026.06.28,08:15:00,7.296000,7.304000,7.289000,7.293000,24835.2900
LINKUSDT,2026.06.28,08:30:00,7.293000,7.355000,7.293000,7.331000,147249.2800
LINKUSDT,2026.06.28,08:45:00,7.332000,7.342000,7.323000,7.323000,77332.0400
LINKUSDT,2026.06.28,09:00:00,7.322000,7.347000,7.314000,7.332000,61511.6000
LINKUSDT,2026.06.28,09:15:00,7.332000,7.335000,7.320000,7.322000,19200.3900
LINKUSDT,2026.06.28,09:30:00,7.323000,7.335000,7.317000,7.330000,35621.6200
LINKUSDT,2026.06.28,09:45:00,7.330000,7.333000,7.285000,7.287000,224556.4300
LINKUSDT,2026.06.28,10:00:00,7.287000,7.309000,7.282000,7.301000,50098.7300
LINKUSDT,2026.06.28,10:15:00,7.300000,7.303000,7.245000,7.249000,280590.7500
LINKUSDT,2026.06.28,10:30:00,7.249000,7.256000,7.228000,7.234000,239221.8300
LINKUSDT,2026.06.28,10:45:00,7.234000,7.247000,7.233000,7.247000,62702.1600
LINKUSDT,2026.06.28,11:00:00,7.247000,7.261000,7.236000,7.241000,59831.6200
LINKUSDT,2026.06.28,11:15:00,7.241000,7.282000,7.235000,7.273000,172722.7100
LINKUSDT,2026.06.28,11:30:00,7.273000,7.281000,7.261000,7.280000,63709.4500
LINKUSDT,2026.06.28,11:45:00,7.281000,7.289000,7.269000,7.286000,45866.4500
LINKUSDT,2026.06.28,12:00:00,7.286000,7.295000,7.271000,7.278000,67300.9700
LINKUSDT,2026.06.28,12:15:00,7.278000,7.296000,7.257000,7.295000,40482.5900
LINKUSDT,2026.06.28,12:30:00,7.294000,7.312000,7.267000,7.273000,68470.9400
LINKUSDT,2026.06.28,12:45:00,7.273000,7.287000,7.272000,7.283000,42793.2500
LINKUSDT,2026.06.28,13:00:00,7.282000,7.284000,7.237000,7.262000,129049.8600
LINKUSDT,2026.06.28,13:15:00,7.263000,7.269000,7.254000,7.262000,43317.1700
LINKUSDT,2026.06.28,13:30:00,7.261000,7.270000,7.251000,7.269000,41784.0900
LINKUSDT,2026.06.28,13:45:00,7.268000,7.270000,7.251000,7.253000,31399.2300
LINKUSDT,2026.06.28,14:00:00,7.254000,7.279000,7.253000,7.279000,39833.3100
LINKUSDT,2026.06.28,14:15:00,7.279000,7.310000,7.272000,7.298000,137807.8600
LINKUSDT,2026.06.28,14:30:00,7.298000,7.306000,7.290000,7.295000,46915.0500
LINKUSDT,2026.06.28,14:45:00,7.296000,7.309000,7.287000,7.287000,45206.5700
LINKUSDT,2026.06.28,15:00:00,7.287000,7.319000,7.280000,7.309000,98428.8600
LINKUSDT,2026.06.28,15:15:00,7.308000,7.320000,7.293000,7.309000,49245.1500
LINKUSDT,2026.06.28,15:30:00,7.309000,7.327000,7.289000,7.298000,91369.1600
LINKUSDT,2026.06.28,15:45:00,7.297000,7.315000,7.280000,7.313000,155063.1000
LINKUSDT,2026.06.28,16:00:00,7.314000,7.317000,7.289000,7.294000,78434.2700
LINKUSDT,2026.06.28,16:15:00,7.294000,7.301000,7.263000,7.272000,67469.7200
LINKUSDT,2026.06.28,16:30:00,7.271000,7.275000,7.224000,7.228000,241672.5300
LINKUSDT,2026.06.28,16:45:00,7.228000,7.246000,7.222000,7.241000,91146.7100
LINKUSDT,2026.06.28,17:00:00,7.241000,7.272000,7.227000,7.240000,64267.8100
LINKUSDT,2026.06.28,17:15:00,7.240000,7.244000,7.221000,7.223000,88811.0200
LINKUSDT,2026.06.28,17:30:00,7.223000,7.238000,7.201000,7.235000,134390.6100
LINKUSDT,2026.06.28,17:45:00,7.234000,7.254000,7.230000,7.249000,35796.5500
LINKUSDT,2026.06.28,18:00:00,7.249000,7.264000,7.249000,7.250000,153199.3400
LINKUSDT,2026.06.28,18:15:00,7.249000,7.250000,7.229000,7.230000,35590.1400
LINKUSDT,2026.06.28,18:30:00,7.231000,7.238000,7.220000,7.230000,26791.2000
LINKUSDT,2026.06.28,18:45:00,7.230000,7.249000,7.221000,7.245000,20043.7700
LINKUSDT,2026.06.28,19:00:00,7.244000,7.246000,7.222000,7.230000,41932.5200
LINKUSDT,2026.06.28,19:15:00,7.230000,7.239000,7.225000,7.238000,31932.8400
LINKUSDT,2026.06.28,19:30:00,7.237000,7.263000,7.223000,7.225000,44859.7400
LINKUSDT,2026.06.28,19:45:00,7.225000,7.229000,7.191000,7.225000,126212.7500
LINKUSDT,2026.06.28,20:00:00,7.224000,7.251000,7.221000,7.247000,62946.0200
LINKUSDT,2026.06.28,20:15:00,7.247000,7.277000,7.244000,7.261000,51836.0900
LINKUSDT,2026.06.28,20:30:00,7.261000,7.263000,7.246000,7.248000,29463.0400
LINKUSDT,2026.06.28,20:45:00,7.247000,7.255000,7.238000,7.249000,46529.9400
LINKUSDT,2026.06.28,21:00:00,7.248000,7.252000,7.237000,7.246000,30469.4400
LINKUSDT,2026.06.28,21:15:00,7.246000,7.246000,7.213000,7.214000,178856.3200
LINKUSDT,2026.06.28,21:30:00,7.214000,7.224000,7.213000,7.214000,99282.0700
LINKUSDT,2026.06.28,21:45:00,7.214000,7.217000,7.163000,7.190000,211563.7000
LINKUSDT,2026.06.28,22:00:00,7.190000,7.275000,7.190000,7.238000,195122.3700
LINKUSDT,2026.06.28,22:15:00,7.238000,7.243000,7.183000,7.218000,105530.3700
LINKUSDT,2026.06.28,22:30:00,7.219000,7.230000,7.195000,7.198000,65345.0000
LINKUSDT,2026.06.28,22:45:00,7.198000,7.217000,7.152000,7.189000,202629.9000
LINKUSDT,2026.06.28,23:00:00,7.189000,7.227000,7.181000,7.205000,71652.5100
LINKUSDT,2026.06.28,23:15:00,7.206000,7.246000,7.198000,7.239000,40364.7700
LINKUSDT,2026.06.28,23:30:00,7.239000,7.291000,7.238000,7.274000,78122.9200
LINKUSDT,2026.06.28,23:45:00,7.274000,7.286000,7.262000,7.266000,43899.7800
LINKUSDT,2026.06.29,00:00:00,7.265000,7.281000,7.222000,7.260000,142925.8900
LINKUSDT,2026.06.29,00:15:00,7.260000,7.264000,7.216000,7.217000,70899.2100
LINKUSDT,2026.06.29,00:30:00,7.216000,7.246000,7.190000,7.243000,122872.8700
LINKUSDT,2026.06.29,00:45:00,7.242000,7.278000,7.210000,7.274000,95234.5000
LINKUSDT,2026.06.29,01:00:00,7.274000,7.278000,7.247000,7.252000,60924.8300
LINKUSDT,2026.06.29,01:15:00,7.252000,7.258000,7.225000,7.228000,42800.0000
LINKUSDT,2026.06.29,01:30:00,7.227000,7.270000,7.216000,7.265000,59753.0300
LINKUSDT,2026.06.29,01:45:00,7.266000,7.275000,7.254000,7.255000,53008.4200
LINKUSDT,2026.06.29,02:00:00,7.256000,7.269000,7.172000,7.189000,99132.7000
LINKUSDT,2026.06.29,02:15:00,7.189000,7.278000,7.184000,7.271000,136197.7400
LINKUSDT,2026.06.29,02:30:00,7.271000,7.299000,7.264000,7.294000,136904.6200
LINKUSDT,2026.06.29,02:45:00,7.294000,7.304000,7.287000,7.298000,74239.0800
LINKUSDT,2026.06.29,03:00:00,7.298000,7.359000,7.298000,7.338000,213042.6800
LINKUSDT,2026.06.29,03:15:00,7.338000,7.364000,7.333000,7.358000,162624.3000
LINKUSDT,2026.06.29,03:30:00,7.359000,7.364000,7.306000,7.309000,123714.7400
LINKUSDT,2026.06.29,03:45:00,7.309000,7.335000,7.303000,7.327000,57139.8100
LINKUSDT,2026.06.29,04:00:00,7.328000,7.329000,7.296000,7.300000,126908.1300
LINKUSDT,2026.06.29,04:15:00,7.301000,7.320000,7.294000,7.312000,51953.1600
LINKUSDT,2026.06.29,04:30:00,7.313000,7.314000,7.273000,7.284000,54689.5400
LINKUSDT,2026.06.29,04:45:00,7.285000,7.298000,7.272000,7.279000,139872.9700
LINKUSDT,2026.06.29,05:00:00,7.280000,7.285000,7.216000,7.240000,177493.1000
LINKUSDT,2026.06.29,05:15:00,7.241000,7.260000,7.239000,7.250000,49014.3000
LINKUSDT,2026.06.29,05:30:00,7.251000,7.289000,7.243000,7.285000,68953.6600
LINKUSDT,2026.06.29,05:45:00,7.285000,7.306000,7.280000,7.306000,61482.4500
LINKUSDT,2026.06.29,06:00:00,7.307000,7.333000,7.305000,7.332000,94875.6000
LINKUSDT,2026.06.29,06:15:00,7.331000,7.349000,7.327000,7.329000,91239.5500
LINKUSDT,2026.06.29,06:30:00,7.329000,7.335000,7.302000,7.306000,104130.8200
LINKUSDT,2026.06.29,06:45:00,7.305000,7.315000,7.301000,7.309000,28543.8100
LINKUSDT,2026.06.29,07:00:00,7.309000,7.310000,7.282000,7.307000,44235.6400
LINKUSDT,2026.06.29,07:15:00,7.308000,7.328000,7.302000,7.317000,66856.6100
LINKUSDT,2026.06.29,07:30:00,7.317000,7.328000,7.308000,7.316000,40985.7000
LINKUSDT,2026.06.29,07:45:00,7.316000,7.330000,7.307000,7.317000,63875.6600
LINKUSDT,2026.06.29,08:00:00,7.318000,7.338000,7.312000,7.317000,59769.7000
LINKUSDT,2026.06.29,08:15:00,7.317000,7.329000,7.282000,7.286000,101129.3800
LINKUSDT,2026.06.29,08:30:00,7.286000,7.306000,7.273000,7.293000,81295.1100
LINKUSDT,2026.06.29,08:45:00,7.293000,7.306000,7.283000,7.283000,54760.7500
LINKUSDT,2026.06.29,09:00:00,7.283000,7.304000,7.281000,7.304000,57981.2300
LINKUSDT,2026.06.29,09:15:00,7.304000,7.330000,7.280000,7.307000,95061.4500
LINKUSDT,2026.06.29,09:30:00,7.308000,7.317000,7.297000,7.308000,80312.9000
LINKUSDT,2026.06.29,09:45:00,7.309000,7.320000,7.293000,7.320000,82162.2000
LINKUSDT,2026.06.29,10:00:00,7.320000,7.361000,7.320000,7.347000,92160.7700
LINKUSDT,2026.06.29,10:15:00,7.347000,7.353000,7.336000,7.341000,110310.9500
LINKUSDT,2026.06.29,10:30:00,7.341000,7.342000,7.321000,7.331000,86159.2600
LINKUSDT,2026.06.29,10:45:00,7.332000,7.335000,7.322000,7.331000,68093.0300
LINKUSDT,2026.06.29,11:00:00,7.332000,7.336000,7.299000,7.299000,76273.6400
LINKUSDT,2026.06.29,11:15:00,7.298000,7.312000,7.285000,7.305000,86550.8700
LINKUSDT,2026.06.29,11:30:00,7.306000,7.353000,7.293000,7.298000,150490.5200
LINKUSDT,2026.06.29,11:45:00,7.298000,7.308000,7.290000,7.302000,58478.7100
LINKUSDT,2026.06.29,12:00:00,7.303000,7.407000,7.259000,7.395000,481286.2600
LINKUSDT,2026.06.29,12:15:00,7.396000,7.406000,7.360000,7.379000,166690.8400
LINKUSDT,2026.06.29,12:30:00,7.379000,7.381000,7.301000,7.312000,187856.0400
LINKUSDT,2026.06.29,12:45:00,7.312000,7.330000,7.287000,7.315000,106593.5700
LINKUSDT,2026.06.29,13:00:00,7.316000,7.359000,7.316000,7.347000,135837.6100
LINKUSDT,2026.06.29,13:15:00,7.346000,7.353000,7.298000,7.298000,107049.9900
LINKUSDT,2026.06.29,13:30:00,7.297000,7.346000,7.257000,7.266000,317059.1400
LINKUSDT,2026.06.29,13:45:00,7.266000,7.289000,7.243000,7.281000,237980.6300
LINKUSDT,2026.06.29,14:00:00,7.282000,7.285000,7.219000,7.219000,306121.1400
LINKUSDT,2026.06.29,14:15:00,7.218000,7.263000,7.194000,7.254000,510278.8000
LINKUSDT,2026.06.29,14:30:00,7.253000,7.291000,7.234000,7.240000,161052.5300
LINKUSDT,2026.06.29,14:45:00,7.239000,7.293000,7.226000,7.282000,196248.0600
LINKUSDT,2026.06.29,15:00:00,7.283000,7.285000,7.216000,7.239000,201468.5300
LINKUSDT,2026.06.29,15:15:00,7.240000,7.289000,7.236000,7.289000,173440.5400
LINKUSDT,2026.06.29,15:30:00,7.289000,7.330000,7.287000,7.324000,272356.3500
LINKUSDT,2026.06.29,15:45:00,7.323000,7.342000,7.310000,7.323000,165645.4900
LINKUSDT,2026.06.29,16:00:00,7.324000,7.341000,7.310000,7.313000,120203.2600
LINKUSDT,2026.06.29,16:15:00,7.314000,7.323000,7.276000,7.282000,126262.6800
LINKUSDT,2026.06.29,16:30:00,7.283000,7.329000,7.283000,7.329000,185153.9000
LINKUSDT,2026.06.29,16:45:00,7.329000,7.351000,7.318000,7.332000,197811.8300
LINKUSDT,2026.06.29,17:00:00,7.333000,7.460000,7.331000,7.450000,505845.0400
LINKUSDT,2026.06.29,17:15:00,7.450000,7.497000,7.449000,7.477000,576588.8800
LINKUSDT,2026.06.29,17:30:00,7.476000,7.499000,7.447000,7.474000,194805.2000
LINKUSDT,2026.06.29,17:45:00,7.473000,7.492000,7.465000,7.468000,157536.4800
LINKUSDT,2026.06.29,18:00:00,7.469000,7.478000,7.453000,7.471000,110658.8200
LINKUSDT,2026.06.29,18:15:00,7.471000,7.474000,7.437000,7.437000,64211.9800
LINKUSDT,2026.06.29,18:30:00,7.438000,7.467000,7.435000,7.463000,76650.6400
LINKUSDT,2026.06.29,18:45:00,7.463000,7.465000,7.441000,7.447000,39411.3600
LINKUSDT,2026.06.29,19:00:00,7.448000,7.451000,7.431000,7.437000,69777.6000
LINKUSDT,2026.06.29,19:15:00,7.437000,7.478000,7.434000,7.473000,47603.0100
LINKUSDT,2026.06.29,19:30:00,7.473000,7.475000,7.455000,7.472000,46680.3400
LINKUSDT,2026.06.29,19:45:00,7.473000,7.480000,7.455000,7.468000,85380.7300
LINKUSDT,2026.06.29,20:00:00,7.469000,7.473000,7.455000,7.460000,69026.4700
LINKUSDT,2026.06.29,20:15:00,7.461000,7.473000,7.452000,7.460000,38495.6400
LINKUSDT,2026.06.29,20:30:00,7.461000,7.468000,7.452000,7.454000,61120.7800
LINKUSDT,2026.06.29,20:45:00,7.454000,7.455000,7.434000,7.434000,58012.6000
LINKUSDT,2026.06.29,21:00:00,7.435000,7.459000,7.418000,7.452000,108318.3300
LINKUSDT,2026.06.29,21:15:00,7.452000,7.452000,7.435000,7.446000,42079.9500
LINKUSDT,2026.06.29,21:30:00,7.447000,7.467000,7.447000,7.466000,69345.3300
LINKUSDT,2026.06.29,21:45:00,7.466000,7.472000,7.449000,7.450000,30070.3100
LINKUSDT,2026.06.29,22:00:00,7.451000,7.461000,7.437000,7.447000,37346.8900
LINKUSDT,2026.06.29,22:15:00,7.448000,7.451000,7.432000,7.433000,23091.3100
LINKUSDT,2026.06.29,22:30:00,7.433000,7.436000,7.418000,7.427000,44516.1800
LINKUSDT,2026.06.29,22:45:00,7.428000,7.431000,7.405000,7.406000,70986.2400
LINKUSDT,2026.06.29,23:00:00,7.406000,7.408000,7.390000,7.396000,90903.0900
LINKUSDT,2026.06.29,23:15:00,7.397000,7.399000,7.367000,7.371000,93187.5000
LINKUSDT,2026.06.29,23:30:00,7.370000,7.382000,7.367000,7.376000,159231.8100
LINKUSDT,2026.06.29,23:45:00,7.376000,7.388000,7.370000,7.377000,64810.5900
LINKUSDT,2026.06.30,00:00:00,7.376000,7.383000,7.364000,7.374000,141808.1500
LINKUSDT,2026.06.30,00:15:00,7.375000,7.393000,7.328000,7.330000,145046.3400
LINKUSDT,2026.06.30,00:30:00,7.329000,7.330000,7.290000,7.326000,308232.7500
LINKUSDT,2026.06.30,00:45:00,7.327000,7.334000,7.303000,7.304000,100642.5200
LINKUSDT,2026.06.30,01:00:00,7.305000,7.309000,7.267000,7.291000,179590.1200
LINKUSDT,2026.06.30,01:15:00,7.291000,7.328000,7.287000,7.327000,70796.2500
LINKUSDT,2026.06.30,01:30:00,7.327000,7.329000,7.289000,7.303000,66301.7000
LINKUSDT,2026.06.30,01:45:00,7.304000,7.311000,7.297000,7.300000,31468.6900
LINKUSDT,2026.06.30,02:00:00,7.300000,7.301000,7.274000,7.279000,105204.8400
LINKUSDT,2026.06.30,02:15:00,7.279000,7.304000,7.273000,7.299000,51836.6600
LINKUSDT,2026.06.30,02:30:00,7.299000,7.308000,7.294000,7.305000,38147.4800
LINKUSDT,2026.06.30,02:45:00,7.306000,7.315000,7.302000,7.304000,31317.1000
LINKUSDT,2026.06.30,03:00:00,7.305000,7.315000,7.302000,7.309000,34039.5300
LINKUSDT,2026.06.30,03:15:00,7.310000,7.327000,7.301000,7.309000,33041.7100
LINKUSDT,2026.06.30,03:30:00,7.309000,7.315000,7.299000,7.304000,67579.1600
LINKUSDT,2026.06.30,03:45:00,7.304000,7.306000,7.273000,7.287000,99452.1000
LINKUSDT,2026.06.30,04:00:00,7.287000,7.299000,7.264000,7.296000,95474.3200
LINKUSDT,2026.06.30,04:15:00,7.296000,7.297000,7.273000,7.292000,55782.1100
LINKUSDT,2026.06.30,04:30:00,7.292000,7.311000,7.292000,7.310000,104884.1600
LINKUSDT,2026.06.30,04:45:00,7.310000,7.310000,7.298000,7.301000,45327.5400
LINKUSDT,2026.06.30,05:00:00,7.301000,7.311000,7.297000,7.306000,65460.4100
LINKUSDT,2026.06.30,05:15:00,7.306000,7.306000,7.280000,7.284000,27021.9500
LINKUSDT,2026.06.30,05:30:00,7.285000,7.302000,7.275000,7.295000,65331.1200
LINKUSDT,2026.06.30,05:45:00,7.295000,7.309000,7.294000,7.308000,35530.4700
LINKUSDT,2026.06.30,06:00:00,7.309000,7.311000,7.292000,7.300000,56203.3700
LINKUSDT,2026.06.30,06:15:00,7.301000,7.322000,7.288000,7.319000,37033.1100
LINKUSDT,2026.06.30,06:30:00,7.319000,7.322000,7.304000,7.308000,42771.5400
LINKUSDT,2026.06.30,06:45:00,7.309000,7.314000,7.303000,7.306000,23238.5000
LINKUSDT,2026.06.30,07:00:00,7.306000,7.312000,7.290000,7.303000,96152.5400
LINKUSDT,2026.06.30,07:15:00,7.304000,7.313000,7.298000,7.299000,72147.9500
LINKUSDT,2026.06.30,07:30:00,7.300000,7.307000,7.290000,7.290000,40318.9100
LINKUSDT,2026.06.30,07:45:00,7.290000,7.302000,7.287000,7.297000,94284.0400
LINKUSDT,2026.06.30,08:00:00,7.297000,7.302000,7.282000,7.283000,77975.1600
LINKUSDT,2026.06.30,08:15:00,7.283000,7.284000,7.273000,7.283000,72784.7700
LINKUSDT,2026.06.30,08:30:00,7.283000,7.285000,7.247000,7.262000,202203.2500
LINKUSDT,2026.06.30,08:45:00,7.262000,7.273000,7.242000,7.263000,179348.3800
LINKUSDT,2026.06.30,09:00:00,7.264000,7.281000,7.261000,7.271000,62798.7000
LINKUSDT,2026.06.30,09:15:00,7.270000,7.272000,7.256000,7.261000,67681.6400
LINKUSDT,2026.06.30,09:30:00,7.261000,7.276000,7.252000,7.272000,34386.5300
LINKUSDT,2026.06.30,09:45:00,7.273000,7.285000,7.272000,7.280000,21971.3500
LINKUSDT,2026.06.30,10:00:00,7.280000,7.285000,7.266000,7.277000,55210.3500
LINKUSDT,2026.06.30,10:15:00,7.278000,7.283000,7.271000,7.274000,22283.8500
LINKUSDT,2026.06.30,10:30:00,7.275000,7.279000,7.266000,7.278000,25116.0500
LINKUSDT,2026.06.30,10:45:00,7.278000,7.289000,7.275000,7.276000,52791.4200
LINKUSDT,2026.06.30,11:00:00,7.277000,7.281000,7.271000,7.278000,43737.9800
LINKUSDT,2026.06.30,11:15:00,7.279000,7.281000,7.248000,7.252000,96796.2800
LINKUSDT,2026.06.30,11:30:00,7.253000,7.271000,7.239000,7.269000,105758.0800
LINKUSDT,2026.06.30,11:45:00,7.269000,7.282000,7.242000,7.253000,104387.3400
LINKUSDT,2026.06.30,12:00:00,7.253000,7.253000,7.218000,7.221000,184331.0300
LINKUSDT,2026.06.30,12:15:00,7.221000,7.227000,7.181000,7.187000,303260.5200
LINKUSDT,2026.06.30,12:30:00,7.187000,7.191000,7.167000,7.176000,513772.8100
LINKUSDT,2026.06.30,12:45:00,7.175000,7.178000,7.118000,7.121000,373825.9900
LINKUSDT,2026.06.30,13:00:00,7.120000,7.167000,7.116000,7.147000,282867.8200
LINKUSDT,2026.06.30,13:15:00,7.148000,7.171000,7.147000,7.158000,109631.5800
LINKUSDT,2026.06.30,13:30:00,7.159000,7.198000,7.125000,7.173000,266481.5300
LINKUSDT,2026.06.30,13:45:00,7.172000,7.213000,7.157000,7.210000,223281.3000
LINKUSDT,2026.06.30,14:00:00,7.210000,7.268000,7.199000,7.241000,330970.1300
LINKUSDT,2026.06.30,14:15:00,7.241000,7.257000,7.233000,7.244000,213234.7100
LINKUSDT,2026.06.30,14:30:00,7.243000,7.250000,7.196000,7.224000,115115.6100
LINKUSDT,2026.06.30,14:45:00,7.224000,7.224000,7.151000,7.166000,128587.0600
LINKUSDT,2026.06.30,15:00:00,7.166000,7.183000,7.140000,7.174000,194271.0000
LINKUSDT,2026.06.30,15:15:00,7.175000,7.186000,7.153000,7.172000,116345.9400
LINKUSDT,2026.06.30,15:30:00,7.171000,7.185000,7.164000,7.177000,92026.8800
LINKUSDT,2026.06.30,15:45:00,7.177000,7.212000,7.151000,7.153000,188003.6700
LINKUSDT,2026.06.30,16:00:00,7.154000,7.173000,7.140000,7.143000,201866.2300
LINKUSDT,2026.06.30,16:15:00,7.143000,7.150000,7.121000,7.132000,128096.7000
LINKUSDT,2026.06.30,16:30:00,7.133000,7.165000,7.119000,7.154000,132488.8300
LINKUSDT,2026.06.30,16:45:00,7.154000,7.194000,7.154000,7.185000,84772.0300
LINKUSDT,2026.06.30,17:00:00,7.185000,7.213000,7.179000,7.187000,86723.5400
LINKUSDT,2026.06.30,17:15:00,7.187000,7.196000,7.176000,7.179000,87313.6400
LINKUSDT,2026.06.30,17:30:00,7.179000,7.196000,7.170000,7.181000,50461.3800
LINKUSDT,2026.06.30,17:45:00,7.180000,7.187000,7.173000,7.175000,46495.2300
LINKUSDT,2026.06.30,18:00:00,7.175000,7.193000,7.165000,7.191000,160956.2600
LINKUSDT,2026.06.30,18:15:00,7.191000,7.232000,7.187000,7.201000,87179.5700
LINKUSDT,2026.06.30,18:30:00,7.201000,7.204000,7.184000,7.197000,45048.1600
LINKUSDT,2026.06.30,18:45:00,7.197000,7.225000,7.196000,7.217000,62353.8000
LINKUSDT,2026.06.30,19:00:00,7.216000,7.226000,7.204000,7.209000,49055.4100
LINKUSDT,2026.06.30,19:15:00,7.208000,7.212000,7.190000,7.212000,62996.7800
LINKUSDT,2026.06.30,19:30:00,7.211000,7.228000,7.202000,7.214000,41517.3300
LINKUSDT,2026.06.30,19:45:00,7.214000,7.215000,7.195000,7.208000,73514.0400
LINKUSDT,2026.06.30,20:00:00,7.207000,7.213000,7.195000,7.208000,65857.1000
LINKUSDT,2026.06.30,20:15:00,7.207000,7.207000,7.179000,7.183000,39394.5400
LINKUSDT,2026.06.30,20:30:00,7.182000,7.186000,7.169000,7.172000,39089.6900
LINKUSDT,2026.06.30,20:45:00,7.171000,7.190000,7.169000,7.179000,42821.6500
LINKUSDT,2026.06.30,21:00:00,7.178000,7.187000,7.147000,7.159000,101962.2300
LINKUSDT,2026.06.30,21:15:00,7.160000,7.170000,7.156000,7.167000,59323.7900
LINKUSDT,2026.06.30,21:30:00,7.167000,7.182000,7.166000,7.170000,57797.0200
LINKUSDT,2026.06.30,21:45:00,7.170000,7.176000,7.167000,7.176000,25136.8500
LINKUSDT,2026.06.30,22:00:00,7.176000,7.198000,7.176000,7.193000,43983.3500
LINKUSDT,2026.06.30,22:15:00,7.192000,7.203000,7.183000,7.184000,32078.9900
LINKUSDT,2026.06.30,22:30:00,7.183000,7.183000,7.162000,7.179000,48831.7800
LINKUSDT,2026.06.30,22:45:00,7.179000,7.184000,7.169000,7.174000,35851.2400
LINKUSDT,2026.06.30,23:00:00,7.174000,7.180000,7.166000,7.177000,31356.5000
LINKUSDT,2026.06.30,23:15:00,7.178000,7.192000,7.177000,7.186000,45589.5800
LINKUSDT,2026.06.30,23:30:00,7.185000,7.189000,7.178000,7.186000,33257.3700
LINKUSDT,2026.06.30,23:45:00,7.186000,7.199000,7.185000,7.196000,72495.8000
LINKUSDT,2026.07.01,00:00:00,7.197000,7.208000,7.190000,7.201000,104680.5100
LINKUSDT,2026.07.01,00:15:00,7.201000,7.204000,7.167000,7.179000,112391.8100
LINKUSDT,2026.07.01,00:30:00,7.180000,7.204000,7.180000,7.189000,41264.2000
LINKUSDT,2026.07.01,00:45:00,7.189000,7.206000,7.186000,7.197000,49785.2800
LINKUSDT,2026.07.01,01:00:00,7.197000,7.200000,7.070000,7.128000,663199.9000
LINKUSDT,2026.07.01,01:15:00,7.129000,7.169000,7.116000,7.163000,209366.1300
LINKUSDT,2026.07.01,01:30:00,7.163000,7.238000,7.159000,7.217000,219694.7300
LINKUSDT,2026.07.01,01:45:00,7.218000,7.231000,7.196000,7.208000,126282.1000
LINKUSDT,2026.07.01,02:00:00,7.209000,7.215000,7.184000,7.205000,113993.8500
LINKUSDT,2026.07.01,02:15:00,7.206000,7.237000,7.202000,7.231000,99533.2600
LINKUSDT,2026.07.01,02:30:00,7.232000,7.258000,7.228000,7.257000,159729.4900
LINKUSDT,2026.07.01,02:45:00,7.256000,7.258000,7.237000,7.253000,110218.7500
LINKUSDT,2026.07.01,03:00:00,7.254000,7.269000,7.244000,7.248000,127530.6200
LINKUSDT,2026.07.01,03:15:00,7.247000,7.248000,7.225000,7.235000,68486.1200
LINKUSDT,2026.07.01,03:30:00,7.235000,7.287000,7.224000,7.261000,154659.7100
LINKUSDT,2026.07.01,03:45:00,7.261000,7.305000,7.261000,7.287000,179380.3700
LINKUSDT,2026.07.01,04:00:00,7.288000,7.291000,7.277000,7.279000,113081.7400
LINKUSDT,2026.07.01,04:15:00,7.280000,7.301000,7.280000,7.299000,53260.7600
LINKUSDT,2026.07.01,04:30:00,7.300000,7.306000,7.282000,7.302000,98528.5500
LINKUSDT,2026.07.01,04:45:00,7.301000,7.340000,7.301000,7.311000,167689.6700
LINKUSDT,2026.07.01,05:00:00,7.311000,7.316000,7.290000,7.296000,104717.9100
LINKUSDT,2026.07.01,05:15:00,7.296000,7.303000,7.268000,7.271000,132469.2900
LINKUSDT,2026.07.01,05:30:00,7.272000,7.275000,7.262000,7.272000,55290.0400
LINKUSDT,2026.07.01,05:45:00,7.273000,7.279000,7.267000,7.276000,32661.9800
LINKUSDT,2026.07.01,06:00:00,7.275000,7.277000,7.250000,7.265000,95573.1800
LINKUSDT,2026.07.01,06:15:00,7.264000,7.266000,7.228000,7.246000,158493.1600
LINKUSDT,2026.07.01,06:30:00,7.245000,7.251000,7.186000,7.205000,286455.4100
LINKUSDT,2026.07.01,06:45:00,7.205000,7.205000,7.177000,7.196000,116540.3900
LINKUSDT,2026.07.01,07:00:00,7.197000,7.202000,7.174000,7.192000,94193.6600
LINKUSDT,2026.07.01,07:15:00,7.192000,7.203000,7.174000,7.188000,71303.8200
LINKUSDT,2026.07.01,07:30:00,7.188000,7.202000,7.175000,7.192000,82559.2000
LINKUSDT,2026.07.01,07:45:00,7.192000,7.211000,7.187000,7.202000,48830.8400
LINKUSDT,2026.07.01,08:00:00,7.201000,7.201000,7.176000,7.190000,113678.0200
LINKUSDT,2026.07.01,08:15:00,7.190000,7.198000,7.171000,7.183000,78397.7800
LINKUSDT,2026.07.01,08:30:00,7.183000,7.211000,7.170000,7.209000,88942.9700
LINKUSDT,2026.07.01,08:45:00,7.208000,7.244000,7.198000,7.243000,84468.7100
LINKUSDT,2026.07.01,09:00:00,7.243000,7.261000,7.230000,7.247000,165877.7400
LINKUSDT,2026.07.01,09:15:00,7.248000,7.260000,7.244000,7.252000,85166.6000
LINKUSDT,2026.07.01,09:30:00,7.252000,7.260000,7.247000,7.252000,71607.3500
LINKUSDT,2026.07.01,09:45:00,7.252000,7.261000,7.237000,7.254000,118931.1100
LINKUSDT,2026.07.01,10:00:00,7.254000,7.262000,7.229000,7.233000,165992.9500
LINKUSDT,2026.07.01,10:15:00,7.233000,7.237000,7.219000,7.230000,98069.2900
LINKUSDT,2026.07.01,10:30:00,7.231000,7.235000,7.218000,7.221000,47637.9800
LINKUSDT,2026.07.01,10:45:00,7.222000,7.236000,7.217000,7.220000,57218.3200
LINKUSDT,2026.07.01,11:00:00,7.220000,7.231000,7.198000,7.230000,91346.4500
LINKUSDT,2026.07.01,11:15:00,7.230000,7.238000,7.216000,7.223000,45989.6500
LINKUSDT,2026.07.01,11:30:00,7.222000,7.231000,7.210000,7.229000,45839.6800
LINKUSDT,2026.07.01,11:45:00,7.229000,7.232000,7.199000,7.217000,87023.3600
LINKUSDT,2026.07.01,12:00:00,7.218000,7.228000,7.190000,7.197000,126028.8800
LINKUSDT,2026.07.01,12:15:00,7.198000,7.218000,7.198000,7.213000,73665.6900
LINKUSDT,2026.07.01,12:30:00,7.212000,7.227000,7.192000,7.200000,154328.6700
LINKUSDT,2026.07.01,12:45:00,7.200000,7.206000,7.186000,7.199000,90261.4700
LINKUSDT,2026.07.01,13:00:00,7.200000,7.233000,7.200000,7.224000,100075.3500
LINKUSDT,2026.07.01,13:15:00,7.224000,7.258000,7.217000,7.253000,129548.3300
LINKUSDT,2026.07.01,13:30:00,7.252000,7.268000,7.186000,7.256000,365230.5000
LINKUSDT,2026.07.01,13:45:00,7.255000,7.310000,7.245000,7.306000,296880.3800
LINKUSDT,2026.07.01,14:00:00,7.305000,7.371000,7.284000,7.368000,348836.4000
LINKUSDT,2026.07.01,14:15:00,7.368000,7.395000,7.353000,7.357000,337692.4100
LINKUSDT,2026.07.01,14:30:00,7.358000,7.366000,7.316000,7.326000,219148.0500
LINKUSDT,2026.07.01,14:45:00,7.325000,7.355000,7.297000,7.344000,205766.7000
LINKUSDT,2026.07.01,15:00:00,7.344000,7.407000,7.344000,7.387000,188382.1800
LINKUSDT,2026.07.01,15:15:00,7.387000,7.461000,7.372000,7.428000,345241.0500
LINKUSDT,2026.07.01,15:30:00,7.429000,7.441000,7.400000,7.411000,175923.5300
LINKUSDT,2026.07.01,15:45:00,7.411000,7.415000,7.394000,7.411000,99004.7600
LINKUSDT,2026.07.01,16:00:00,7.411000,7.423000,7.397000,7.415000,101468.7500
LINKUSDT,2026.07.01,16:15:00,7.416000,7.445000,7.397000,7.428000,169059.9900
LINKUSDT,2026.07.01,16:30:00,7.428000,7.429000,7.398000,7.405000,49186.7300
LINKUSDT,2026.07.01,16:45:00,7.405000,7.405000,7.363000,7.371000,196192.0600
LINKUSDT,2026.07.01,17:00:00,7.371000,7.376000,7.346000,7.366000,99579.3100
LINKUSDT,2026.07.01,17:15:00,7.365000,7.402000,7.361000,7.389000,127669.5300
LINKUSDT,2026.07.01,17:30:00,7.388000,7.397000,7.380000,7.388000,76599.9200
LINKUSDT,2026.07.01,17:45:00,7.388000,7.407000,7.388000,7.399000,48662.0400
LINKUSDT,2026.07.01,18:00:00,7.398000,7.407000,7.369000,7.380000,70768.9400
LINKUSDT,2026.07.01,18:15:00,7.379000,7.396000,7.370000,7.375000,52906.5500
LINKUSDT,2026.07.01,18:30:00,7.375000,7.378000,7.358000,7.375000,64427.8200
LINKUSDT,2026.07.01,18:45:00,7.375000,7.377000,7.347000,7.367000,55765.9800
LINKUSDT,2026.07.01,19:00:00,7.366000,7.390000,7.364000,7.385000,46863.8400
LINKUSDT,2026.07.01,19:15:00,7.384000,7.391000,7.363000,7.365000,108029.4800
LINKUSDT,2026.07.01,19:30:00,7.365000,7.390000,7.365000,7.376000,135973.6300
LINKUSDT,2026.07.01,19:45:00,7.375000,7.383000,7.359000,7.375000,169667.6200
LINKUSDT,2026.07.01,20:00:00,7.376000,7.386000,7.358000,7.385000,99374.0400
LINKUSDT,2026.07.01,20:15:00,7.384000,7.388000,7.359000,7.377000,71949.1600
LINKUSDT,2026.07.01,20:30:00,7.378000,7.388000,7.370000,7.385000,46980.1300
LINKUSDT,2026.07.01,20:45:00,7.385000,7.407000,7.385000,7.406000,48272.7800
LINKUSDT,2026.07.01,21:00:00,7.406000,7.436000,7.404000,7.433000,89049.7000
LINKUSDT,2026.07.01,21:15:00,7.433000,7.446000,7.423000,7.439000,109865.2400
LINKUSDT,2026.07.01,21:30:00,7.439000,7.482000,7.438000,7.472000,201084.1800
LINKUSDT,2026.07.01,21:45:00,7.473000,7.498000,7.467000,7.476000,96670.5100
LINKUSDT,2026.07.01,22:00:00,7.475000,7.482000,7.460000,7.469000,305894.9600
LINKUSDT,2026.07.01,22:15:00,7.468000,7.533000,7.464000,7.465000,543391.8300
LINKUSDT,2026.07.01,22:30:00,7.465000,7.481000,7.452000,7.454000,171531.0000
LINKUSDT,2026.07.01,22:45:00,7.453000,7.457000,7.436000,7.442000,74659.8200
LINKUSDT,2026.07.01,23:00:00,7.442000,7.474000,7.411000,7.416000,433514.4600
LINKUSDT,2026.07.01,23:15:00,7.417000,7.425000,7.404000,7.409000,74076.3700
LINKUSDT,2026.07.01,23:30:00,7.409000,7.413000,7.378000,7.391000,105738.7400
LINKUSDT,2026.07.01,23:45:00,7.391000,7.393000,7.342000,7.355000,471238.2400
LINKUSDT,2026.07.02,00:00:00,7.355000,7.359000,7.334000,7.352000,126686.4800
LINKUSDT,2026.07.02,00:15:00,7.353000,7.356000,7.327000,7.330000,76789.9700
LINKUSDT,2026.07.02,00:30:00,7.330000,7.330000,7.301000,7.312000,124697.7300
LINKUSDT,2026.07.02,00:45:00,7.312000,7.343000,7.311000,7.339000,67149.7200
LINKUSDT,2026.07.02,01:00:00,7.340000,7.369000,7.336000,7.369000,111503.4900
LINKUSDT,2026.07.02,01:15:00,7.369000,7.396000,7.361000,7.392000,160571.8700
LINKUSDT,2026.07.02,01:30:00,7.393000,7.429000,7.386000,7.422000,544907.3500
LINKUSDT,2026.07.02,01:45:00,7.422000,7.426000,7.402000,7.424000,296863.7400
LINKUSDT,2026.07.02,02:00:00,7.425000,7.429000,7.401000,7.409000,92823.4300
LINKUSDT,2026.07.02,02:15:00,7.409000,7.415000,7.391000,7.401000,121125.4700
LINKUSDT,2026.07.02,02:30:00,7.401000,7.421000,7.397000,7.413000,110551.8200
LINKUSDT,2026.07.02,02:45:00,7.414000,7.420000,7.400000,7.408000,127663.1400
LINKUSDT,2026.07.02,03:00:00,7.408000,7.426000,7.407000,7.426000,57104.3900
LINKUSDT,2026.07.02,03:15:00,7.426000,7.478000,7.404000,7.465000,217924.0200
LINKUSDT,2026.07.02,03:30:00,7.464000,7.505000,7.453000,7.505000,134364.9000
LINKUSDT,2026.07.02,03:45:00,7.504000,7.544000,7.489000,7.534000,218974.8700
LINKUSDT,2026.07.02,04:00:00,7.535000,7.539000,7.507000,7.515000,122273.4000
LINKUSDT,2026.07.02,04:15:00,7.516000,7.519000,7.494000,7.506000,61544.5800
LINKUSDT,2026.07.02,04:30:00,7.505000,7.507000,7.487000,7.507000,86707.5000
LINKUSDT,2026.07.02,04:45:00,7.507000,7.514000,7.501000,7.509000,57144.7900
LINKUSDT,2026.07.02,05:00:00,7.509000,7.514000,7.490000,7.510000,54888.5000
LINKUSDT,2026.07.02,05:15:00,7.511000,7.515000,7.498000,7.501000,21546.1600
LINKUSDT,2026.07.02,05:30:00,7.500000,7.500000,7.468000,7.471000,66247.9700
LINKUSDT,2026.07.02,05:45:00,7.471000,7.482000,7.465000,7.478000,68685.8300
LINKUSDT,2026.07.02,06:00:00,7.478000,7.483000,7.460000,7.463000,50382.8800
LINKUSDT,2026.07.02,06:15:00,7.462000,7.487000,7.457000,7.462000,78795.6200
LINKUSDT,2026.07.02,06:30:00,7.463000,7.487000,7.461000,7.474000,43653.3400
LINKUSDT,2026.07.02,06:45:00,7.475000,7.475000,7.438000,7.442000,90401.7500
LINKUSDT,2026.07.02,07:00:00,7.442000,7.446000,7.429000,7.433000,99005.8700
LINKUSDT,2026.07.02,07:15:00,7.433000,7.442000,7.423000,7.434000,50920.1600
LINKUSDT,2026.07.02,07:30:00,7.434000,7.455000,7.431000,7.450000,78104.9300
LINKUSDT,2026.07.02,07:45:00,7.451000,7.456000,7.442000,7.450000,99061.2800
LINKUSDT,2026.07.02,08:00:00,7.449000,7.474000,7.444000,7.461000,159554.6900
LINKUSDT,2026.07.02,08:15:00,7.460000,7.479000,7.460000,7.473000,40328.3800
LINKUSDT,2026.07.02,08:30:00,7.472000,7.493000,7.467000,7.492000,84855.7000
LINKUSDT,2026.07.02,08:45:00,7.492000,7.503000,7.487000,7.501000,43019.0400
LINKUSDT,2026.07.02,09:00:00,7.500000,7.502000,7.481000,7.488000,78133.9800
LINKUSDT,2026.07.02,09:15:00,7.488000,7.511000,7.483000,7.510000,73423.3900
LINKUSDT,2026.07.02,09:30:00,7.510000,7.617000,7.509000,7.584000,582814.0700
LINKUSDT,2026.07.02,09:45:00,7.584000,7.606000,7.562000,7.586000,440728.2600
LINKUSDT,2026.07.02,10:00:00,7.585000,7.624000,7.576000,7.623000,203944.9100
LINKUSDT,2026.07.02,10:15:00,7.623000,7.650000,7.610000,7.636000,312215.9700
LINKUSDT,2026.07.02,10:30:00,7.636000,7.662000,7.627000,7.631000,219809.1100
LINKUSDT,2026.07.02,10:45:00,7.631000,7.647000,7.624000,7.631000,178356.4200
LINKUSDT,2026.07.02,11:00:00,7.631000,7.663000,7.620000,7.647000,171141.4100
LINKUSDT,2026.07.02,11:15:00,7.648000,7.662000,7.636000,7.650000,113355.5300
LINKUSDT,2026.07.02,11:30:00,7.649000,7.659000,7.637000,7.654000,108044.5800
LINKUSDT,2026.07.02,11:45:00,7.654000,7.660000,7.625000,7.655000,120577.7200
LINKUSDT,2026.07.02,12:00:00,7.654000,7.683000,7.642000,7.679000,146732.0500
LINKUSDT,2026.07.02,12:15:00,7.679000,7.686000,7.638000,7.681000,214387.2600
LINKUSDT,2026.07.02,12:30:00,7.682000,7.742000,7.670000,7.703000,532511.0700
LINKUSDT,2026.07.02,12:45:00,7.703000,7.750000,7.703000,7.737000,245986.5700
LINKUSDT,2026.07.02,13:00:00,7.737000,7.754000,7.722000,7.737000,245930.3300
LINKUSDT,2026.07.02,13:15:00,7.737000,7.804000,7.735000,7.775000,613185.2600
LINKUSDT,2026.07.02,13:30:00,7.775000,7.907000,7.751000,7.896000,1053695.8600
LINKUSDT,2026.07.02,13:45:00,7.895000,7.906000,7.868000,7.877000,316158.8100
LINKUSDT,2026.07.02,14:00:00,7.877000,7.941000,7.851000,7.910000,528828.4800
LINKUSDT,2026.07.02,14:15:00,7.909000,7.942000,7.840000,7.853000,529099.1800
LINKUSDT,2026.07.02,14:30:00,7.852000,7.874000,7.777000,7.786000,355652.2500
LINKUSDT,2026.07.02,14:45:00,7.785000,7.814000,7.771000,7.797000,314402.7300
LINKUSDT,2026.07.02,15:00:00,7.797000,7.803000,7.747000,7.773000,163753.2300
LINKUSDT,2026.07.02,15:15:00,7.773000,7.802000,7.750000,7.780000,188154.0000
LINKUSDT,2026.07.02,15:30:00,7.780000,7.808000,7.767000,7.803000,142171.9600
LINKUSDT,2026.07.02,15:45:00,7.802000,7.810000,7.771000,7.784000,118960.6800
LINKUSDT,2026.07.02,16:00:00,7.784000,7.818000,7.767000,7.802000,136100.3600
LINKUSDT,2026.07.02,16:15:00,7.802000,7.803000,7.720000,7.727000,270571.4700
LINKUSDT,2026.07.02,16:30:00,7.728000,7.775000,7.728000,7.768000,111737.6800
LINKUSDT,2026.07.02,16:45:00,7.768000,7.804000,7.763000,7.771000,109713.8200
LINKUSDT,2026.07.02,17:00:00,7.770000,7.781000,7.758000,7.773000,82803.9700
LINKUSDT,2026.07.02,17:15:00,7.773000,7.792000,7.767000,7.787000,95531.0200
LINKUSDT,2026.07.02,17:30:00,7.788000,7.795000,7.743000,7.766000,306490.5400
LINKUSDT,2026.07.02,17:45:00,7.767000,7.771000,7.748000,7.752000,77894.4700
LINKUSDT,2026.07.02,18:00:00,7.752000,7.775000,7.748000,7.769000,110968.2600
LINKUSDT,2026.07.02,18:15:00,7.768000,7.774000,7.749000,7.773000,73876.8200
LINKUSDT,2026.07.02,18:30:00,7.773000,7.775000,7.760000,7.773000,72781.0700
LINKUSDT,2026.07.02,18:45:00,7.773000,7.784000,7.751000,7.757000,86253.3300
LINKUSDT,2026.07.02,19:00:00,7.757000,7.765000,7.740000,7.755000,181844.2000
LINKUSDT,2026.07.02,19:15:00,7.754000,7.754000,7.720000,7.730000,116820.2300
LINKUSDT,2026.07.02,19:30:00,7.730000,7.742000,7.723000,7.738000,96722.0500
LINKUSDT,2026.07.02,19:45:00,7.739000,7.767000,7.735000,7.742000,192411.0000
LINKUSDT,2026.07.02,20:00:00,7.742000,7.745000,7.730000,7.737000,56173.1900
LINKUSDT,2026.07.02,20:15:00,7.738000,7.743000,7.714000,7.715000,101891.0400
LINKUSDT,2026.07.02,20:30:00,7.715000,7.729000,7.713000,7.721000,60336.0100
LINKUSDT,2026.07.02,20:45:00,7.721000,7.756000,7.721000,7.746000,145235.8300
LINKUSDT,2026.07.02,21:00:00,7.746000,7.750000,7.733000,7.745000,110792.7100
LINKUSDT,2026.07.02,21:15:00,7.745000,7.747000,7.732000,7.734000,48947.5500
LINKUSDT,2026.07.02,21:30:00,7.734000,7.740000,7.725000,7.727000,62840.6900
LINKUSDT,2026.07.02,21:45:00,7.728000,7.737000,7.719000,7.737000,55903.6800
LINKUSDT,2026.07.02,22:00:00,7.736000,7.738000,7.705000,7.706000,80188.6400
LINKUSDT,2026.07.02,22:15:00,7.707000,7.711000,7.696000,7.700000,79440.2500
LINKUSDT,2026.07.02,22:30:00,7.700000,7.705000,7.693000,7.696000,67898.4500
LINKUSDT,2026.07.02,22:45:00,7.697000,7.736000,7.691000,7.708000,103925.3800
LINKUSDT,2026.07.02,23:00:00,7.708000,7.709000,7.695000,7.700000,80252.7500
LINKUSDT,2026.07.02,23:15:00,7.700000,7.746000,7.698000,7.740000,85205.3300
LINKUSDT,2026.07.02,23:30:00,7.740000,7.753000,7.737000,7.745000,80041.8800
LINKUSDT,2026.07.02,23:45:00,7.745000,7.754000,7.742000,7.745000,72334.5400
LINKUSDT,2026.07.03,00:00:00,7.744000,7.756000,7.730000,7.747000,102331.5400
LINKUSDT,2026.07.03,00:15:00,7.748000,7.752000,7.727000,7.729000,47616.3100
LINKUSDT,2026.07.03,00:30:00,7.730000,7.746000,7.720000,7.729000,99759.4600
LINKUSDT,2026.07.03,00:45:00,7.728000,7.734000,7.720000,7.726000,36442.1900
LINKUSDT,2026.07.03,01:00:00,7.725000,7.794000,7.717000,7.787000,164397.9300
LINKUSDT,2026.07.03,01:15:00,7.787000,7.791000,7.761000,7.782000,143859.5700
LINKUSDT,2026.07.03,01:30:00,7.783000,7.829000,7.777000,7.812000,163710.1400
LINKUSDT,2026.07.03,01:45:00,7.813000,7.824000,7.804000,7.809000,89557.7000
LINKUSDT,2026.07.03,02:00:00,7.809000,7.817000,7.766000,7.766000,120059.1900
LINKUSDT,2026.07.03,02:15:00,7.766000,7.786000,7.754000,7.754000,134424.8100
LINKUSDT,2026.07.03,02:30:00,7.755000,7.778000,7.733000,7.761000,137500.7100
LINKUSDT,2026.07.03,02:45:00,7.761000,7.781000,7.748000,7.779000,89819.6900
LINKUSDT,2026.07.03,03:00:00,7.778000,7.779000,7.741000,7.745000,134150.6000
LINKUSDT,2026.07.03,03:15:00,7.744000,7.792000,7.744000,7.786000,57525.6200
LINKUSDT,2026.07.03,03:30:00,7.786000,7.798000,7.758000,7.760000,62261.1700
LINKUSDT,2026.07.03,03:45:00,7.760000,7.779000,7.759000,7.762000,76686.6200
LINKUSDT,2026.07.03,04:00:00,7.762000,7.766000,7.727000,7.743000,145329.4000
LINKUSDT,2026.07.03,04:15:00,7.743000,7.743000,7.726000,7.743000,48774.0700
LINKUSDT,2026.07.03,04:30:00,7.742000,7.750000,7.729000,7.750000,69731.6100
LINKUSDT,2026.07.03,04:45:00,7.750000,7.751000,7.729000,7.730000,45644.4800
LINKUSDT,2026.07.03,05:00:00,7.729000,7.746000,7.725000,7.737000,50368.3000
LINKUSDT,2026.07.03,05:15:00,7.736000,7.759000,7.731000,7.750000,84702.0900
LINKUSDT,2026.07.03,05:30:00,7.750000,7.794000,7.745000,7.764000,101853.5300
LINKUSDT,2026.07.03,05:45:00,7.764000,7.782000,7.756000,7.772000,53542.8000
LINKUSDT,2026.07.03,06:00:00,7.772000,7.807000,7.770000,7.793000,124856.7700
LINKUSDT,2026.07.03,06:15:00,7.792000,7.801000,7.776000,7.784000,52697.1800
LINKUSDT,2026.07.03,06:30:00,7.784000,7.789000,7.757000,7.769000,118235.4900
LINKUSDT,2026.07.03,06:45:00,7.768000,7.782000,7.767000,7.771000,28678.8400
LINKUSDT,2026.07.03,07:00:00,7.771000,7.775000,7.762000,7.769000,62915.4600
LINKUSDT,2026.07.03,07:15:00,7.770000,7.779000,7.769000,7.779000,54657.3500
LINKUSDT,2026.07.03,07:30:00,7.779000,7.787000,7.765000,7.783000,70733.5600
LINKUSDT,2026.07.03,07:45:00,7.782000,7.784000,7.764000,7.765000,111898.7900
LINKUSDT,2026.07.03,08:00:00,7.765000,7.784000,7.763000,7.768000,120683.1400
LINKUSDT,2026.07.03,08:15:00,7.768000,7.788000,7.765000,7.780000,86260.3100
LINKUSDT,2026.07.03,08:30:00,7.779000,7.824000,7.769000,7.816000,157756.2600
LINKUSDT,2026.07.03,08:45:00,7.815000,7.817000,7.771000,7.777000,83238.8100
LINKUSDT,2026.07.03,09:00:00,7.777000,7.810000,7.768000,7.808000,90267.1400
LINKUSDT,2026.07.03,09:15:00,7.809000,7.812000,7.782000,7.788000,59670.0000
LINKUSDT,2026.07.03,09:30:00,7.788000,7.788000,7.758000,7.775000,104782.3900
LINKUSDT,2026.07.03,09:45:00,7.775000,7.801000,7.775000,7.787000,83232.4900
LINKUSDT,2026.07.03,10:00:00,7.786000,7.823000,7.786000,7.809000,120735.9000
LINKUSDT,2026.07.03,10:15:00,7.809000,7.823000,7.798000,7.822000,62951.7200
LINKUSDT,2026.07.03,10:30:00,7.822000,7.878000,7.816000,7.874000,250306.1100
LINKUSDT,2026.07.03,10:45:00,7.874000,7.876000,7.841000,7.842000,127977.9100
LINKUSDT,2026.07.03,11:00:00,7.842000,7.867000,7.831000,7.863000,119834.6500
LINKUSDT,2026.07.03,11:15:00,7.863000,7.876000,7.849000,7.850000,74846.1700
LINKUSDT,2026.07.03,11:30:00,7.849000,7.861000,7.838000,7.846000,64988.5500
LINKUSDT,2026.07.03,11:45:00,7.847000,7.880000,7.847000,7.873000,129903.3800
LINKUSDT,2026.07.03,12:00:00,7.872000,7.892000,7.859000,7.871000,155270.2500
LINKUSDT,2026.07.03,12:15:00,7.871000,7.871000,7.830000,7.845000,138187.0400
LINKUSDT,2026.07.03,12:30:00,7.845000,7.845000,7.829000,7.835000,93886.2700
LINKUSDT,2026.07.03,12:45:00,7.836000,7.843000,7.832000,7.834000,40812.6300
LINKUSDT,2026.07.03,13:00:00,7.835000,7.847000,7.833000,7.839000,105910.0600
LINKUSDT,2026.07.03,13:15:00,7.839000,7.859000,7.835000,7.850000,77398.9500
LINKUSDT,2026.07.03,13:30:00,7.851000,7.872000,7.842000,7.863000,68839.1100
LINKUSDT,2026.07.03,13:45:00,7.863000,7.872000,7.847000,7.866000,92172.1400
LINKUSDT,2026.07.03,14:00:00,7.866000,7.866000,7.805000,7.814000,135471.8600
LINKUSDT,2026.07.03,14:15:00,7.813000,7.841000,7.806000,7.828000,169525.8600
LINKUSDT,2026.07.03,14:30:00,7.829000,7.853000,7.815000,7.847000,90893.6300
LINKUSDT,2026.07.03,14:45:00,7.847000,7.858000,7.836000,7.852000,79192.7900
LINKUSDT,2026.07.03,15:00:00,7.853000,7.893000,7.853000,7.864000,166686.2100
LINKUSDT,2026.07.03,15:15:00,7.864000,7.867000,7.824000,7.830000,158772.1300
LINKUSDT,2026.07.03,15:30:00,7.829000,7.844000,7.824000,7.841000,61343.7300
LINKUSDT,2026.07.03,15:45:00,7.840000,7.852000,7.832000,7.842000,95883.8400
LINKUSDT,2026.07.03,16:00:00,7.842000,7.847000,7.810000,7.815000,103843.8700
LINKUSDT,2026.07.03,16:15:00,7.814000,7.852000,7.814000,7.847000,87790.5500
LINKUSDT,2026.07.03,16:30:00,7.847000,7.862000,7.831000,7.859000,69262.9900
LINKUSDT,2026.07.03,16:45:00,7.859000,7.869000,7.847000,7.856000,113207.4700
LINKUSDT,2026.07.03,17:00:00,7.855000,7.879000,7.847000,7.868000,80983.6300
LINKUSDT,2026.07.03,17:15:00,7.867000,7.882000,7.864000,7.879000,49844.9200
LINKUSDT,2026.07.03,17:30:00,7.878000,7.895000,7.873000,7.890000,56164.2700
LINKUSDT,2026.07.03,17:45:00,7.890000,7.894000,7.872000,7.887000,90443.5200
LINKUSDT,2026.07.03,18:00:00,7.887000,7.888000,7.876000,7.883000,48959.6000
LINKUSDT,2026.07.03,18:15:00,7.883000,7.892000,7.880000,7.887000,49439.9200
LINKUSDT,2026.07.03,18:30:00,7.887000,7.907000,7.886000,7.907000,69505.8500
LINKUSDT,2026.07.03,18:45:00,7.907000,7.926000,7.902000,7.906000,104783.0300
LINKUSDT,2026.07.03,19:00:00,7.906000,7.919000,7.897000,7.912000,110804.5900
LINKUSDT,2026.07.03,19:15:00,7.912000,7.952000,7.912000,7.944000,197054.1900
LINKUSDT,2026.07.03,19:30:00,7.945000,7.973000,7.936000,7.950000,144650.0000
LINKUSDT,2026.07.03,19:45:00,7.949000,7.952000,7.938000,7.944000,64674.6300
LINKUSDT,2026.07.03,20:00:00,7.944000,7.975000,7.923000,7.969000,265631.6400
LINKUSDT,2026.07.03,20:15:00,7.969000,8.007000,7.963000,7.988000,306682.5400
LINKUSDT,2026.07.03,20:30:00,7.989000,8.037000,7.982000,8.010000,169928.2500
LINKUSDT,2026.07.03,20:45:00,8.011000,8.029000,7.997000,8.006000,119575.2000
LINKUSDT,2026.07.03,21:00:00,8.007000,8.029000,7.997000,8.002000,139054.5800
LINKUSDT,2026.07.03,21:15:00,8.003000,8.010000,7.983000,7.986000,103349.9700
LINKUSDT,2026.07.03,21:30:00,7.986000,7.986000,7.954000,7.968000,122674.2000
LINKUSDT,2026.07.03,21:45:00,7.968000,7.998000,7.968000,7.980000,43892.2300
LINKUSDT,2026.07.03,22:00:00,7.981000,7.988000,7.949000,7.953000,48350.4600
LINKUSDT,2026.07.03,22:15:00,7.952000,7.968000,7.951000,7.960000,75970.1700
LINKUSDT,2026.07.03,22:30:00,7.960000,7.963000,7.943000,7.955000,56773.7200
LINKUSDT,2026.07.03,22:45:00,7.955000,7.960000,7.941000,7.949000,41395.2500
LINKUSDT,2026.07.03,23:00:00,7.948000,7.952000,7.933000,7.941000,44016.0800
LINKUSDT,2026.07.03,23:15:00,7.942000,7.956000,7.936000,7.951000,41255.8200
LINKUSDT,2026.07.03,23:30:00,7.952000,7.965000,7.943000,7.962000,45524.0700
LINKUSDT,2026.07.03,23:45:00,7.963000,7.975000,7.956000,7.971000,40440.9200
LINKUSDT,2026.07.04,00:00:00,7.970000,7.988000,7.964000,7.976000,137374.0700
LINKUSDT,2026.07.04,00:15:00,7.976000,7.978000,7.946000,7.954000,57960.9800
LINKUSDT,2026.07.04,00:30:00,7.954000,7.959000,7.940000,7.944000,35820.9700
LINKUSDT,2026.07.04,00:45:00,7.944000,7.961000,7.943000,7.948000,42573.0200
LINKUSDT,2026.07.04,01:00:00,7.947000,7.947000,7.897000,7.910000,209804.8000
LINKUSDT,2026.07.04,01:15:00,7.910000,7.932000,7.905000,7.910000,128278.1800
LINKUSDT,2026.07.04,01:30:00,7.911000,7.921000,7.898000,7.902000,45372.0100
LINKUSDT,2026.07.04,01:45:00,7.902000,7.914000,7.892000,7.910000,57468.0900
LINKUSDT,2026.07.04,02:00:00,7.911000,7.925000,7.903000,7.918000,39753.0000
LINKUSDT,2026.07.04,02:15:00,7.917000,7.924000,7.906000,7.917000,62835.8600
LINKUSDT,2026.07.04,02:30:00,7.917000,7.920000,7.896000,7.920000,34527.9200
LINKUSDT,2026.07.04,02:45:00,7.921000,7.927000,7.904000,7.911000,94362.9000
LINKUSDT,2026.07.04,03:00:00,7.912000,7.919000,7.898000,7.912000,88768.6700
LINKUSDT,2026.07.04,03:15:00,7.911000,7.917000,7.906000,7.909000,43604.9700
LINKUSDT,2026.07.04,03:30:00,7.909000,7.937000,7.898000,7.924000,99551.3600
LINKUSDT,2026.07.04,03:45:00,7.925000,7.927000,7.908000,7.918000,56396.5000
LINKUSDT,2026.07.04,04:00:00,7.919000,7.943000,7.912000,7.926000,84593.7300
LINKUSDT,2026.07.04,04:15:00,7.926000,7.939000,7.916000,7.932000,59845.2900
LINKUSDT,2026.07.04,04:30:00,7.932000,7.974000,7.930000,7.952000,132728.6000
LINKUSDT,2026.07.04,04:45:00,7.953000,7.975000,7.951000,7.968000,127054.7000
LINKUSDT,2026.07.04,05:00:00,7.968000,7.968000,7.937000,7.940000,56433.2200
LINKUSDT,2026.07.04,05:15:00,7.941000,7.944000,7.911000,7.923000,37773.7200
LINKUSDT,2026.07.04,05:30:00,7.924000,7.930000,7.917000,7.929000,27465.6400
LINKUSDT,2026.07.04,05:45:00,7.930000,7.939000,7.913000,7.916000,94163.4200
LINKUSDT,2026.07.04,06:00:00,7.916000,7.948000,7.915000,7.920000,44388.9400
LINKUSDT,2026.07.04,06:15:00,7.921000,7.924000,7.887000,7.901000,128762.8900
LINKUSDT,2026.07.04,06:30:00,7.901000,7.915000,7.901000,7.904000,29002.5900
LINKUSDT,2026.07.04,06:45:00,7.904000,7.909000,7.899000,7.904000,36990.6200
LINKUSDT,2026.07.04,07:00:00,7.904000,7.916000,7.896000,7.903000,55955.9800
LINKUSDT,2026.07.04,07:15:00,7.902000,7.913000,7.894000,7.902000,41029.7200
LINKUSDT,2026.07.04,07:30:00,7.902000,7.909000,7.891000,7.894000,59665.8100
LINKUSDT,2026.07.04,07:45:00,7.893000,7.924000,7.891000,7.921000,51066.9200
LINKUSDT,2026.07.04,08:00:00,7.921000,7.939000,7.915000,7.933000,84060.7400
LINKUSDT,2026.07.04,08:15:00,7.933000,7.934000,7.912000,7.921000,62600.3800
LINKUSDT,2026.07.04,08:30:00,7.920000,7.937000,7.918000,7.925000,41334.8800
LINKUSDT,2026.07.04,08:45:00,7.925000,7.944000,7.922000,7.929000,56868.5100
LINKUSDT,2026.07.04,09:00:00,7.929000,7.934000,7.912000,7.926000,60816.2500
LINKUSDT,2026.07.04,09:15:00,7.925000,7.928000,7.909000,7.910000,55107.2400
LINKUSDT,2026.07.04,09:30:00,7.910000,7.910000,7.874000,7.885000,168529.8200
LINKUSDT,2026.07.04,09:45:00,7.884000,7.892000,7.883000,7.885000,44590.2200
LINKUSDT,2026.07.04,10:00:00,7.885000,7.898000,7.877000,7.895000,61023.3900
LINKUSDT,2026.07.04,10:15:00,7.894000,7.904000,7.889000,7.893000,42429.7200
LINKUSDT,2026.07.04,10:30:00,7.893000,7.894000,7.884000,7.894000,28151.0500
LINKUSDT,2026.07.04,10:45:00,7.894000,7.909000,7.893000,7.900000,34494.3500
LINKUSDT,2026.07.04,11:00:00,7.900000,7.910000,7.895000,7.906000,52270.1400
LINKUSDT,2026.07.04,11:15:00,7.906000,7.908000,7.894000,7.899000,28635.1900
LINKUSDT,2026.07.04,11:30:00,7.899000,7.916000,7.898000,7.911000,49369.6300
LINKUSDT,2026.07.04,11:45:00,7.912000,7.915000,7.907000,7.908000,42571.5600
LINKUSDT,2026.07.04,12:00:00,7.908000,7.931000,7.908000,7.929000,73292.7500
LINKUSDT,2026.07.04,12:15:00,7.929000,7.943000,7.923000,7.942000,60872.7500
LINKUSDT,2026.07.04,12:30:00,7.943000,7.952000,7.928000,7.936000,63935.2700
LINKUSDT,2026.07.04,12:45:00,7.936000,7.956000,7.930000,7.953000,94609.0800
LINKUSDT,2026.07.04,13:00:00,7.954000,7.957000,7.929000,7.933000,60559.8400
LINKUSDT,2026.07.04,13:15:00,7.933000,7.990000,7.932000,7.953000,192521.1500
LINKUSDT,2026.07.04,13:30:00,7.953000,7.953000,7.919000,7.924000,118501.9600
LINKUSDT,2026.07.04,13:45:00,7.923000,7.938000,7.916000,7.938000,56828.3500
LINKUSDT,2026.07.04,14:00:00,7.937000,7.981000,7.936000,7.975000,73019.6300
LINKUSDT,2026.07.04,14:15:00,7.975000,7.997000,7.957000,7.968000,122244.2500
LINKUSDT,2026.07.04,14:30:00,7.968000,7.997000,7.958000,7.989000,132822.4400
LINKUSDT,2026.07.04,14:45:00,7.988000,8.013000,7.975000,8.007000,262472.6900
LINKUSDT,2026.07.04,15:00:00,8.007000,8.085000,8.003000,8.044000,396138.2000
LINKUSDT,2026.07.04,15:15:00,8.044000,8.075000,8.035000,8.066000,139256.1400
LINKUSDT,2026.07.04,15:30:00,8.066000,8.079000,8.053000,8.072000,124784.7200
LINKUSDT,2026.07.04,15:45:00,8.072000,8.101000,8.058000,8.084000,343147.9000
LINKUSDT,2026.07.04,16:00:00,8.084000,8.088000,8.054000,8.062000,204987.4900
LINKUSDT,2026.07.04,16:15:00,8.062000,8.085000,8.059000,8.083000,83000.0600
LINKUSDT,2026.07.04,16:30:00,8.083000,8.099000,8.079000,8.088000,139434.1400
LINKUSDT,2026.07.04,16:45:00,8.088000,8.099000,8.074000,8.084000,90613.7600
LINKUSDT,2026.07.04,17:00:00,8.084000,8.084000,8.052000,8.065000,123664.7700
LINKUSDT,2026.07.04,17:15:00,8.065000,8.097000,8.062000,8.097000,86492.3900
LINKUSDT,2026.07.04,17:30:00,8.097000,8.118000,8.095000,8.111000,126597.7300
LINKUSDT,2026.07.04,17:45:00,8.112000,8.157000,8.108000,8.137000,239204.4200
LINKUSDT,2026.07.04,18:00:00,8.137000,8.174000,8.135000,8.163000,199935.6800
LINKUSDT,2026.07.04,18:15:00,8.164000,8.164000,8.090000,8.096000,222597.2200
LINKUSDT,2026.07.04,18:30:00,8.095000,8.095000,8.083000,8.084000,51323.9400
LINKUSDT,2026.07.04,18:45:00,8.084000,8.097000,8.077000,8.090000,43609.2000
LINKUSDT,2026.07.04,19:00:00,8.089000,8.098000,8.054000,8.058000,94692.2700
LINKUSDT,2026.07.04,19:15:00,8.057000,8.090000,8.057000,8.085000,74835.7100
LINKUSDT,2026.07.04,19:30:00,8.084000,8.093000,8.066000,8.092000,77540.5600
LINKUSDT,2026.07.04,19:45:00,8.091000,8.091000,8.065000,8.073000,22972.7800
LINKUSDT,2026.07.04,20:00:00,8.073000,8.087000,8.066000,8.086000,32537.3600
LINKUSDT,2026.07.04,20:15:00,8.085000,8.085000,8.030000,8.031000,122308.3000
LINKUSDT,2026.07.04,20:30:00,8.031000,8.056000,8.030000,8.055000,45377.6700
LINKUSDT,2026.07.04,20:45:00,8.056000,8.056000,8.046000,8.048000,63688.6500
LINKUSDT,2026.07.04,21:00:00,8.048000,8.059000,8.043000,8.058000,40862.8800
LINKUSDT,2026.07.04,21:15:00,8.058000,8.077000,8.055000,8.071000,56876.3300
LINKUSDT,2026.07.04,21:30:00,8.071000,8.080000,8.058000,8.058000,55341.7100
LINKUSDT,2026.07.04,21:45:00,8.057000,8.057000,8.042000,8.044000,27722.4000
LINKUSDT,2026.07.04,22:00:00,8.044000,8.050000,8.024000,8.034000,52333.3500
LINKUSDT,2026.07.04,22:15:00,8.034000,8.041000,8.021000,8.023000,72802.2400
LINKUSDT,2026.07.04,22:30:00,8.024000,8.027000,8.019000,8.022000,29436.9200
LINKUSDT,2026.07.04,22:45:00,8.021000,8.023000,8.007000,8.018000,30492.8900
LINKUSDT,2026.07.04,23:00:00,8.018000,8.029000,7.984000,7.985000,271967.4700
LINKUSDT,2026.07.04,23:15:00,7.986000,8.007000,7.968000,8.003000,91540.9100
LINKUSDT,2026.07.04,23:30:00,8.004000,8.013000,8.002000,8.012000,28901.0400
LINKUSDT,2026.07.04,23:45:00,8.012000,8.016000,7.995000,8.001000,44767.3900
LINKUSDT,2026.07.05,00:00:00,8.001000,8.006000,7.975000,7.982000,130873.8600
LINKUSDT,2026.07.05,00:15:00,7.981000,7.984000,7.957000,7.972000,97392.5000
LINKUSDT,2026.07.05,00:30:00,7.972000,7.979000,7.943000,7.972000,75488.4500
LINKUSDT,2026.07.05,00:45:00,7.972000,7.979000,7.943000,7.964000,61862.4600
LINKUSDT,2026.07.05,01:00:00,7.964000,7.976000,7.955000,7.956000,54472.6700
LINKUSDT,2026.07.05,01:15:00,7.956000,7.957000,7.923000,7.947000,157923.4000
LINKUSDT,2026.07.05,01:30:00,7.947000,7.947000,7.906000,7.932000,131316.3500
LINKUSDT,2026.07.05,01:45:00,7.932000,7.940000,7.925000,7.936000,31466.9300
LINKUSDT,2026.07.05,02:00:00,7.937000,7.940000,7.891000,7.892000,111336.8900
LINKUSDT,2026.07.05,02:15:00,7.893000,7.915000,7.876000,7.912000,140005.1700
LINKUSDT,2026.07.05,02:30:00,7.912000,7.920000,7.875000,7.876000,95295.7400
LINKUSDT,2026.07.05,02:45:00,7.878000,7.895000,7.870000,7.887000,93843.3800
LINKUSDT,2026.07.05,03:00:00,7.887000,7.914000,7.886000,7.911000,58486.4500
LINKUSDT,2026.07.05,03:15:00,7.911000,7.916000,7.875000,7.878000,286226.5700
LINKUSDT,2026.07.05,03:30:00,7.878000,7.893000,7.875000,7.884000,42653.1600
LINKUSDT,2026.07.05,03:45:00,7.884000,7.893000,7.882000,7.888000,58972.9100
LINKUSDT,2026.07.05,04:00:00,7.888000,7.896000,7.877000,7.893000,39789.6100
LINKUSDT,2026.07.05,04:15:00,7.894000,7.912000,7.894000,7.908000,64794.7600
LINKUSDT,2026.07.05,04:30:00,7.908000,7.926000,7.907000,7.915000,82122.0300
LINKUSDT,2026.07.05,04:45:00,7.914000,7.920000,7.896000,7.896000,61611.2300
LINKUSDT,2026.07.05,05:00:00,7.896000,7.898000,7.885000,7.894000,74992.0800
LINKUSDT,2026.07.05,05:15:00,7.894000,7.898000,7.882000,7.886000,28038.6900
LINKUSDT,2026.07.05,05:30:00,7.885000,7.893000,7.840000,7.854000,155653.7500
LINKUSDT,2026.07.05,05:45:00,7.854000,7.878000,7.852000,7.872000,66840.7100
LINKUSDT,2026.07.05,06:00:00,7.872000,7.873000,7.855000,7.870000,89168.0300
LINKUSDT,2026.07.05,06:15:00,7.871000,7.880000,7.866000,7.880000,30680.8900
LINKUSDT,2026.07.05,06:30:00,7.879000,7.889000,7.874000,7.881000,54477.5900
LINKUSDT,2026.07.05,06:45:00,7.880000,7.890000,7.877000,7.886000,47455.4300
LINKUSDT,2026.07.05,07:00:00,7.886000,7.892000,7.879000,7.880000,44237.6300
LINKUSDT,2026.07.05,07:15:00,7.879000,7.888000,7.871000,7.882000,68576.2400
LINKUSDT,2026.07.05,07:30:00,7.883000,7.912000,7.883000,7.909000,83707.7100
LINKUSDT,2026.07.05,07:45:00,7.909000,7.927000,7.903000,7.921000,124374.0500
LINKUSDT,2026.07.05,08:00:00,7.921000,7.935000,7.911000,7.925000,104246.4300
LINKUSDT,2026.07.05,08:15:00,7.925000,7.933000,7.913000,7.918000,52990.3900
LINKUSDT,2026.07.05,08:30:00,7.918000,7.935000,7.918000,7.926000,109710.3900
LINKUSDT,2026.07.05,08:45:00,7.925000,7.940000,7.925000,7.926000,48765.2900
LINKUSDT,2026.07.05,09:00:00,7.926000,7.930000,7.912000,7.913000,44739.1500
LINKUSDT,2026.07.05,09:15:00,7.913000,7.915000,7.888000,7.894000,72772.9000
LINKUSDT,2026.07.05,09:30:00,7.893000,7.901000,7.839000,7.854000,263375.2700
LINKUSDT,2026.07.05,09:45:00,7.855000,7.865000,7.846000,7.859000,92313.2100
LINKUSDT,2026.07.05,10:00:00,7.858000,7.870000,7.834000,7.860000,117641.2100
LINKUSDT,2026.07.05,10:15:00,7.859000,7.873000,7.854000,7.868000,73638.9100
LINKUSDT,2026.07.05,10:30:00,7.869000,7.881000,7.868000,7.875000,18553.0300
LINKUSDT,2026.07.05,10:45:00,7.876000,7.887000,7.875000,7.883000,30371.9200
LINKUSDT,2026.07.05,11:00:00,7.883000,7.898000,7.877000,7.885000,40036.7900
LINKUSDT,2026.07.05,11:15:00,7.884000,7.889000,7.874000,7.878000,26271.8100
LINKUSDT,2026.07.05,11:30:00,7.877000,7.900000,7.875000,7.896000,30048.3100
LINKUSDT,2026.07.05,11:45:00,7.895000,7.897000,7.879000,7.885000,32039.4400
LINKUSDT,2026.07.05,12:00:00,7.884000,7.887000,7.867000,7.886000,118713.6600
LINKUSDT,2026.07.05,12:15:00,7.885000,7.925000,7.883000,7.925000,56544.2800
LINKUSDT,2026.07.05,12:30:00,7.925000,7.943000,7.913000,7.914000,102777.5900
LINKUSDT,2026.07.05,12:45:00,7.915000,7.920000,7.909000,7.918000,44836.4700
LINKUSDT,2026.07.05,13:00:00,7.919000,7.934000,7.911000,7.922000,57476.9700
LINKUSDT,2026.07.05,13:15:00,7.922000,7.927000,7.901000,7.913000,54317.5500
LINKUSDT,2026.07.05,13:30:00,7.913000,7.924000,7.908000,7.924000,38737.1000
LINKUSDT,2026.07.05,13:45:00,7.924000,7.935000,7.924000,7.934000,63230.1700
LINKUSDT,2026.07.05,14:00:00,7.935000,7.944000,7.927000,7.934000,62760.6100
LINKUSDT,2026.07.05,14:15:00,7.933000,7.941000,7.925000,7.939000,43896.8900
LINKUSDT,2026.07.05,14:30:00,7.940000,7.965000,7.934000,7.953000,147779.1800
LINKUSDT,2026.07.05,14:45:00,7.952000,7.968000,7.941000,7.968000,59005.7500
LINKUSDT,2026.07.05,15:00:00,7.968000,8.008000,7.964000,7.970000,245528.9700
LINKUSDT,2026.07.05,15:15:00,7.969000,7.978000,7.950000,7.961000,87114.6200
LINKUSDT,2026.07.05,15:30:00,7.960000,7.982000,7.945000,7.947000,63247.9200
LINKUSDT,2026.07.05,15:45:00,7.947000,7.966000,7.943000,7.962000,31387.6400
LINKUSDT,2026.07.05,16:00:00,7.961000,7.976000,7.951000,7.960000,90252.9700
LINKUSDT,2026.07.05,16:15:00,7.959000,7.962000,7.946000,7.947000,34260.5100
LINKUSDT,2026.07.05,16:30:00,7.947000,7.955000,7.937000,7.943000,71424.5100
LINKUSDT,2026.07.05,16:45:00,7.943000,7.964000,7.943000,7.962000,40616.3400
LINKUSDT,2026.07.05,17:00:00,7.961000,7.979000,7.961000,7.974000,68857.8800
LINKUSDT,2026.07.05,17:15:00,7.975000,8.006000,7.968000,7.983000,96633.7400
LINKUSDT,2026.07.05,17:30:00,7.982000,7.987000,7.963000,7.965000,74860.9500
LINKUSDT,2026.07.05,17:45:00,7.965000,7.981000,7.964000,7.975000,46317.8200
LINKUSDT,2026.07.05,18:00:00,7.974000,7.994000,7.973000,7.983000,73503.8000
LINKUSDT,2026.07.05,18:15:00,7.983000,8.004000,7.983000,7.995000,77892.0500
LINKUSDT,2026.07.05,18:30:00,7.995000,8.008000,7.995000,8.008000,25112.9600
LINKUSDT,2026.07.05,18:45:00,8.008000,8.035000,8.000000,8.015000,86114.6900
LINKUSDT,2026.07.05,19:00:00,8.014000,8.029000,8.011000,8.023000,39445.0600
LINKUSDT,2026.07.05,19:15:00,8.022000,8.030000,7.997000,8.014000,45912.9600
LINKUSDT,2026.07.05,19:30:00,8.013000,8.027000,8.012000,8.019000,58070.0300
LINKUSDT,2026.07.05,19:45:00,8.019000,8.024000,8.005000,8.016000,59634.3400
LINKUSDT,2026.07.05,20:00:00,8.015000,8.028000,8.013000,8.020000,44230.1800
LINKUSDT,2026.07.05,20:15:00,8.020000,8.022000,7.988000,8.000000,62928.4900
LINKUSDT,2026.07.05,20:30:00,7.999000,8.005000,7.993000,8.003000,31246.9900
LINKUSDT,2026.07.05,20:45:00,8.003000,8.007000,7.999000,8.003000,29538.6600
LINKUSDT,2026.07.05,21:00:00,8.002000,8.003000,7.972000,7.982000,88135.2700
LINKUSDT,2026.07.05,21:15:00,7.981000,8.030000,7.979000,8.021000,64049.1000
LINKUSDT,2026.07.05,21:30:00,8.021000,8.053000,8.018000,8.028000,57375.4800
LINKUSDT,2026.07.05,21:45:00,8.028000,8.080000,8.022000,8.047000,107334.9200
LINKUSDT,2026.07.05,22:00:00,8.046000,8.081000,8.030000,8.077000,161893.8000
LINKUSDT,2026.07.05,22:15:00,8.077000,8.127000,8.069000,8.123000,210777.3000
LINKUSDT,2026.07.05,22:30:00,8.124000,8.149000,8.078000,8.082000,151535.2000
LINKUSDT,2026.07.05,22:45:00,8.083000,8.094000,8.062000,8.092000,99214.8300
LINKUSDT,2026.07.05,23:00:00,8.092000,8.124000,8.085000,8.124000,102511.2000
LINKUSDT,2026.07.05,23:15:00,8.124000,8.131000,8.075000,8.081000,73715.6500
LINKUSDT,2026.07.05,23:30:00,8.080000,8.087000,8.064000,8.080000,54409.2400
LINKUSDT,2026.07.05,23:45:00,8.079000,8.080000,8.047000,8.060000,73954.2200
LINKUSDT,2026.07.06,00:00:00,8.060000,8.069000,8.033000,8.053000,185984.6500
LINKUSDT,2026.07.06,00:15:00,8.053000,8.068000,8.010000,8.012000,134753.4300
LINKUSDT,2026.07.06,00:30:00,8.011000,8.062000,7.998000,8.062000,162512.0300
LINKUSDT,2026.07.06,00:45:00,8.062000,8.109000,8.060000,8.105000,161489.8500
LINKUSDT,2026.07.06,01:00:00,8.105000,8.127000,8.099000,8.119000,161151.0500
LINKUSDT,2026.07.06,01:15:00,8.119000,8.126000,8.076000,8.089000,125153.9800
LINKUSDT,2026.07.06,01:30:00,8.089000,8.132000,8.081000,8.097000,118243.7400
LINKUSDT,2026.07.06,01:45:00,8.097000,8.097000,8.052000,8.055000,88672.1100
LINKUSDT,2026.07.06,02:00:00,8.056000,8.067000,8.013000,8.021000,107516.6800
LINKUSDT,2026.07.06,02:15:00,8.022000,8.055000,8.010000,8.033000,121440.3000
LINKUSDT,2026.07.06,02:30:00,8.033000,8.041000,8.007000,8.012000,52277.4000
LINKUSDT,2026.07.06,02:45:00,8.012000,8.028000,8.007000,8.025000,63460.2000
LINKUSDT,2026.07.06,03:00:00,8.024000,8.031000,8.008000,8.013000,78747.0200
LINKUSDT,2026.07.06,03:15:00,8.013000,8.018000,7.977000,7.988000,249385.9800
LINKUSDT,2026.07.06,03:30:00,7.987000,8.011000,7.967000,7.978000,160583.4500
LINKUSDT,2026.07.06,03:45:00,7.977000,7.995000,7.976000,7.994000,76211.0600
LINKUSDT,2026.07.06,04:00:00,7.993000,8.002000,7.974000,7.999000,55517.7500
LINKUSDT,2026.07.06,04:15:00,7.998000,8.002000,7.971000,7.976000,43157.5800
LINKUSDT,2026.07.06,04:30:00,7.975000,8.001000,7.969000,7.993000,45736.3100
LINKUSDT,2026.07.06,04:45:00,7.992000,7.998000,7.975000,7.977000,29988.8800
LINKUSDT,2026.07.06,05:00:00,7.977000,7.977000,7.951000,7.960000,95861.8200
LINKUSDT,2026.07.06,05:15:00,7.960000,7.966000,7.907000,7.916000,210565.9200
LINKUSDT,2026.07.06,05:30:00,7.915000,7.945000,7.899000,7.935000,235258.2300
LINKUSDT,2026.07.06,05:45:00,7.935000,7.947000,7.928000,7.936000,83024.5000
LINKUSDT,2026.07.06,06:00:00,7.935000,7.946000,7.924000,7.935000,66058.7600
LINKUSDT,2026.07.06,06:15:00,7.934000,7.941000,7.917000,7.928000,49059.7300
LINKUSDT,2026.07.06,06:30:00,7.927000,7.935000,7.917000,7.934000,77812.8900
LINKUSDT,2026.07.06,06:45:00,7.934000,7.936000,7.919000,7.927000,45449.0100
LINKUSDT,2026.07.06,07:00:00,7.926000,7.936000,7.914000,7.922000,63976.5200
LINKUSDT,2026.07.06,07:15:00,7.922000,7.948000,7.920000,7.934000,54985.4100
LINKUSDT,2026.07.06,07:30:00,7.934000,7.950000,7.920000,7.950000,63855.0400
LINKUSDT,2026.07.06,07:45:00,7.950000,7.957000,7.945000,7.947000,45668.7600
LINKUSDT,2026.07.06,08:00:00,7.947000,7.971000,7.945000,7.953000,105846.0200
LINKUSDT,2026.07.06,08:15:00,7.953000,7.969000,7.940000,7.962000,53721.8300
LINKUSDT,2026.07.06,08:30:00,7.961000,7.964000,7.926000,7.936000,85865.4200
LINKUSDT,2026.07.06,08:45:00,7.937000,7.939000,7.926000,7.934000,33220.1400
LINKUSDT,2026.07.06,09:00:00,7.934000,7.936000,7.924000,7.927000,48038.5000
LINKUSDT,2026.07.06,09:15:00,7.926000,7.931000,7.907000,7.913000,99418.0100
LINKUSDT,2026.07.06,09:30:00,7.913000,7.913000,7.884000,7.892000,134891.7800
LINKUSDT,2026.07.06,09:45:00,7.891000,7.900000,7.880000,7.894000,104979.7200
LINKUSDT,2026.07.06,10:00:00,7.894000,7.924000,7.891000,7.921000,110625.0200
LINKUSDT,2026.07.06,10:15:00,7.921000,7.928000,7.916000,7.925000,37875.0800
LINKUSDT,2026.07.06,10:30:00,7.925000,7.964000,7.924000,7.963000,130742.2200
LINKUSDT,2026.07.06,10:45:00,7.962000,7.972000,7.959000,7.969000,92337.6600
LINKUSDT,2026.07.06,11:00:00,7.969000,7.975000,7.946000,7.949000,96803.8800
LINKUSDT,2026.07.06,11:15:00,7.949000,7.959000,7.943000,7.949000,63986.5000
LINKUSDT,2026.07.06,11:30:00,7.948000,7.985000,7.945000,7.976000,117271.0000
LINKUSDT,2026.07.06,11:45:00,7.975000,7.982000,7.917000,7.920000,129616.1700
LINKUSDT,2026.07.06,12:00:00,7.920000,7.921000,7.809000,7.857000,970034.8000
LINKUSDT,2026.07.06,12:15:00,7.858000,7.881000,7.854000,7.869000,169230.3600
LINKUSDT,2026.07.06,12:30:00,7.869000,7.879000,7.820000,7.822000,231039.5400
LINKUSDT,2026.07.06,12:45:00,7.821000,7.829000,7.797000,7.801000,267506.0500
LINKUSDT,2026.07.06,13:00:00,7.800000,7.804000,7.758000,7.770000,381968.9600
LINKUSDT,2026.07.06,13:15:00,7.770000,7.782000,7.757000,7.768000,219058.2200
LINKUSDT,2026.07.06,13:30:00,7.768000,7.829000,7.756000,7.820000,322795.3600
LINKUSDT,2026.07.06,13:45:00,7.819000,7.865000,7.816000,7.823000,321099.9500
LINKUSDT,2026.07.06,14:00:00,7.823000,7.847000,7.814000,7.839000,243843.3400
LINKUSDT,2026.07.06,14:15:00,7.839000,7.914000,7.820000,7.876000,241352.5200
LINKUSDT,2026.07.06,14:30:00,7.875000,7.885000,7.861000,7.869000,102393.9700
LINKUSDT,2026.07.06,14:45:00,7.870000,7.872000,7.837000,7.853000,121081.8200
LINKUSDT,2026.07.06,15:00:00,7.854000,7.916000,7.853000,7.901000,160945.5900
LINKUSDT,2026.07.06,15:15:00,7.900000,7.909000,7.880000,7.906000,115684.7300
LINKUSDT,2026.07.06,15:30:00,7.905000,7.972000,7.880000,7.962000,162291.6300
LINKUSDT,2026.07.06,15:45:00,7.962000,8.023000,7.944000,8.017000,412200.1200
LINKUSDT,2026.07.06,16:00:00,8.016000,8.082000,7.989000,8.073000,546455.8100
LINKUSDT,2026.07.06,16:15:00,8.073000,8.082000,8.009000,8.016000,298993.2500
LINKUSDT,2026.07.06,16:30:00,8.016000,8.065000,8.014000,8.057000,144481.6500
LINKUSDT,2026.07.06,16:45:00,8.057000,8.065000,8.027000,8.035000,106785.5200
LINKUSDT,2026.07.06,17:00:00,8.036000,8.056000,8.018000,8.038000,109408.5800
LINKUSDT,2026.07.06,17:15:00,8.039000,8.054000,8.022000,8.035000,53781.5600
LINKUSDT,2026.07.06,17:30:00,8.036000,8.039000,7.986000,7.997000,99046.3400
LINKUSDT,2026.07.06,17:45:00,7.997000,8.018000,7.987000,7.988000,67965.5500
LINKUSDT,2026.07.06,18:00:00,7.989000,8.002000,7.981000,7.986000,86791.4700
LINKUSDT,2026.07.06,18:15:00,7.987000,8.018000,7.982000,8.003000,52804.5400
LINKUSDT,2026.07.06,18:30:00,8.003000,8.024000,7.992000,8.016000,65492.6900
LINKUSDT,2026.07.06,18:45:00,8.015000,8.025000,8.000000,8.011000,64022.1900
LINKUSDT,2026.07.06,19:00:00,8.011000,8.015000,7.995000,8.008000,48138.9400
LINKUSDT,2026.07.06,19:15:00,8.008000,8.031000,8.004000,8.025000,45757.5100
LINKUSDT,2026.07.06,19:30:00,8.024000,8.024000,8.008000,8.013000,29735.8400
LINKUSDT,2026.07.06,19:45:00,8.013000,8.021000,7.996000,7.999000,66919.2100
LINKUSDT,2026.07.06,20:00:00,8.000000,8.003000,7.973000,7.976000,83213.5100
LINKUSDT,2026.07.06,20:15:00,7.977000,7.994000,7.968000,7.991000,63830.6400
LINKUSDT,2026.07.06,20:30:00,7.992000,8.014000,7.991000,7.996000,60597.8200
LINKUSDT,2026.07.06,20:45:00,7.996000,8.006000,7.986000,7.993000,33720.5700
LINKUSDT,2026.07.06,21:00:00,7.993000,8.172000,7.991000,8.099000,821819.2000
LINKUSDT,2026.07.06,21:15:00,8.099000,8.111000,8.070000,8.076000,218876.8300
LINKUSDT,2026.07.06,21:30:00,8.075000,8.078000,8.047000,8.064000,125219.6800
LINKUSDT,2026.07.06,21:45:00,8.065000,8.096000,8.057000,8.089000,72495.6400
LINKUSDT,2026.07.06,22:00:00,8.090000,8.096000,8.068000,8.078000,38217.5200
LINKUSDT,2026.07.06,22:15:00,8.078000,8.093000,8.064000,8.065000,35851.6200
LINKUSDT,2026.07.06,22:30:00,8.064000,8.067000,8.045000,8.053000,112689.0100
LINKUSDT,2026.07.06,22:45:00,8.053000,8.068000,8.043000,8.051000,36904.2400
LINKUSDT,2026.07.06,23:00:00,8.051000,8.069000,8.047000,8.059000,40393.6800
LINKUSDT,2026.07.06,23:15:00,8.060000,8.060000,8.034000,8.040000,32265.0500
LINKUSDT,2026.07.06,23:30:00,8.040000,8.045000,8.022000,8.024000,34866.2900
LINKUSDT,2026.07.06,23:45:00,8.024000,8.027000,8.009000,8.018000,48066.3000
LINKUSDT,2026.07.07,00:00:00,8.018000,8.027000,8.010000,8.020000,109570.0300
LINKUSDT,2026.07.07,00:15:00,8.020000,8.065000,8.012000,8.053000,70001.8800
LINKUSDT,2026.07.07,00:30:00,8.053000,8.064000,8.021000,8.026000,40622.7100
LINKUSDT,2026.07.07,00:45:00,8.026000,8.043000,8.021000,8.033000,46542.9000
LINKUSDT,2026.07.07,01:00:00,8.033000,8.034000,7.973000,7.998000,213598.7400
LINKUSDT,2026.07.07,01:15:00,7.998000,8.003000,7.963000,7.969000,55868.7600
LINKUSDT,2026.07.07,01:30:00,7.968000,7.978000,7.953000,7.978000,80792.1700
LINKUSDT,2026.07.07,01:45:00,7.978000,7.998000,7.974000,7.976000,37568.7800
LINKUSDT,2026.07.07,02:00:00,7.975000,7.984000,7.968000,7.969000,49598.2600
LINKUSDT,2026.07.07,02:15:00,7.968000,7.974000,7.930000,7.934000,98260.1300
LINKUSDT,2026.07.07,02:30:00,7.934000,7.938000,7.915000,7.937000,103161.1000
LINKUSDT,2026.07.07,02:45:00,7.937000,7.942000,7.904000,7.911000,48977.4300
LINKUSDT,2026.07.07,03:00:00,7.910000,7.920000,7.901000,7.901000,77987.6500
LINKUSDT,2026.07.07,03:15:00,7.901000,7.909000,7.883000,7.888000,73446.0000
LINKUSDT,2026.07.07,03:30:00,7.887000,7.902000,7.875000,7.884000,55083.7500
LINKUSDT,2026.07.07,03:45:00,7.883000,7.884000,7.872000,7.882000,38196.4900
LINKUSDT,2026.07.07,04:00:00,7.881000,7.885000,7.869000,7.871000,57769.9100
LINKUSDT,2026.07.07,04:15:00,7.871000,7.882000,7.861000,7.879000,29434.0100
LINKUSDT,2026.07.07,04:30:00,7.880000,7.880000,7.854000,7.855000,59011.6500
LINKUSDT,2026.07.07,04:45:00,7.854000,7.872000,7.850000,7.866000,66486.3700
LINKUSDT,2026.07.07,05:00:00,7.866000,7.867000,7.821000,7.827000,114501.9500
LINKUSDT,2026.07.07,05:15:00,7.827000,7.839000,7.807000,7.831000,282932.7200
LINKUSDT,2026.07.07,05:30:00,7.832000,7.882000,7.832000,7.877000,93019.7900
LINKUSDT,2026.07.07,05:45:00,7.877000,7.893000,7.872000,7.883000,80212.5000
LINKUSDT,2026.07.07,06:00:00,7.882000,7.898000,7.859000,7.867000,57644.3200
LINKUSDT,2026.07.07,06:15:00,7.868000,7.890000,7.868000,7.887000,39122.7400
LINKUSDT,2026.07.07,06:30:00,7.887000,7.919000,7.882000,7.918000,95346.5300
LINKUSDT,2026.07.07,06:45:00,7.918000,7.938000,7.915000,7.925000,114189.5800
LINKUSDT,2026.07.07,07:00:00,7.926000,7.940000,7.918000,7.938000,47668.1500
LINKUSDT,2026.07.07,07:15:00,7.937000,7.943000,7.928000,7.930000,42887.2300
LINKUSDT,2026.07.07,07:30:00,7.930000,7.932000,7.905000,7.924000,63741.6100
LINKUSDT,2026.07.07,07:45:00,7.923000,7.932000,7.902000,7.904000,50887.5400
LINKUSDT,2026.07.07,08:00:00,7.904000,7.919000,7.892000,7.906000,128646.7300
LINKUSDT,2026.07.07,08:15:00,7.906000,7.919000,7.898000,7.904000,31306.0000
LINKUSDT,2026.07.07,08:30:00,7.905000,7.907000,7.884000,7.896000,57899.3500
LINKUSDT,2026.07.07,08:45:00,7.897000,7.903000,7.888000,7.895000,38626.0400
LINKUSDT,2026.07.07,09:00:00,7.896000,7.914000,7.886000,7.914000,46224.5700
LINKUSDT,2026.07.07,09:15:00,7.914000,7.920000,7.903000,7.903000,56614.1900
LINKUSDT,2026.07.07,09:30:00,7.903000,7.918000,7.898000,7.914000,52764.1500
LINKUSDT,2026.07.07,09:45:00,7.914000,7.925000,7.899000,7.908000,56866.2800
LINKUSDT,2026.07.07,10:00:00,7.907000,7.941000,7.906000,7.929000,96490.2300
LINKUSDT,2026.07.07,10:15:00,7.928000,7.956000,7.928000,7.940000,81662.2600
LINKUSDT,2026.07.07,10:30:00,7.939000,7.939000,7.920000,7.922000,59427.1100
LINKUSDT,2026.07.07,10:45:00,7.922000,7.922000,7.902000,7.909000,57193.1400
LINKUSDT,2026.07.07,11:00:00,7.909000,7.909000,7.881000,7.888000,136802.5300
LINKUSDT,2026.07.07,11:15:00,7.887000,7.912000,7.886000,7.901000,30801.4900
LINKUSDT,2026.07.07,11:30:00,7.900000,7.911000,7.891000,7.910000,78694.5600
LINKUSDT,2026.07.07,11:45:00,7.910000,7.934000,7.910000,7.924000,69862.9600
LINKUSDT,2026.07.07,12:00:00,7.923000,7.984000,7.921000,7.980000,159312.7200
LINKUSDT,2026.07.07,12:15:00,7.980000,7.981000,7.959000,7.970000,87286.3100
LINKUSDT,2026.07.07,12:30:00,7.969000,7.970000,7.938000,7.953000,83487.0300
LINKUSDT,2026.07.07,12:45:00,7.952000,7.952000,7.926000,7.926000,38520.5100
LINKUSDT,2026.07.07,13:00:00,7.926000,7.926000,7.896000,7.906000,106745.9500
LINKUSDT,2026.07.07,13:15:00,7.906000,7.911000,7.877000,7.885000,114889.6100
LINKUSDT,2026.07.07,13:30:00,7.886000,7.911000,7.853000,7.884000,246074.5400
LINKUSDT,2026.07.07,13:45:00,7.883000,7.913000,7.849000,7.858000,141037.4700
LINKUSDT,2026.07.07,14:00:00,7.857000,7.890000,7.834000,7.842000,198345.1100
LINKUSDT,2026.07.07,14:15:00,7.842000,7.862000,7.826000,7.860000,158293.7300
LINKUSDT,2026.07.07,14:30:00,7.860000,7.878000,7.793000,7.839000,284543.6000
LINKUSDT,2026.07.07,14:45:00,7.840000,7.942000,7.840000,7.926000,186784.5300
LINKUSDT,2026.07.07,15:00:00,7.926000,7.937000,7.901000,7.914000,161043.3100
LINKUSDT,2026.07.07,15:15:00,7.914000,7.966000,7.908000,7.955000,156202.6500
LINKUSDT,2026.07.07,15:30:00,7.955000,7.983000,7.944000,7.972000,103937.6000
LINKUSDT,2026.07.07,15:45:00,7.973000,8.021000,7.973000,7.996000,207626.0100
LINKUSDT,2026.07.07,16:00:00,7.996000,8.021000,7.976000,7.986000,186562.4400
LINKUSDT,2026.07.07,16:15:00,7.987000,8.021000,7.975000,8.008000,136144.2700
LINKUSDT,2026.07.07,16:30:00,8.008000,8.031000,7.991000,8.027000,73384.7400
LINKUSDT,2026.07.07,16:45:00,8.026000,8.046000,8.008000,8.012000,123410.9500
LINKUSDT,2026.07.07,17:00:00,8.012000,8.023000,8.002000,8.011000,76021.1400
LINKUSDT,2026.07.07,17:15:00,8.012000,8.015000,7.985000,8.012000,78932.0300
LINKUSDT,2026.07.07,17:30:00,8.012000,8.016000,7.994000,8.016000,43064.5300
LINKUSDT,2026.07.07,17:45:00,8.016000,8.016000,7.995000,8.016000,51709.5100
LINKUSDT,2026.07.07,18:00:00,8.015000,8.016000,7.989000,7.993000,73296.5300
LINKUSDT,2026.07.07,18:15:00,7.994000,8.001000,7.970000,7.976000,140022.1300
LINKUSDT,2026.07.07,18:30:00,7.976000,8.006000,7.966000,8.006000,51691.5900
LINKUSDT,2026.07.07,18:45:00,8.006000,8.008000,7.915000,7.917000,183926.2400
LINKUSDT,2026.07.07,19:00:00,7.916000,7.923000,7.873000,7.876000,209757.5300
LINKUSDT,2026.07.07,19:15:00,7.876000,7.903000,7.856000,7.893000,169519.2800
LINKUSDT,2026.07.07,19:30:00,7.893000,7.926000,7.893000,7.924000,137258.8500
LINKUSDT,2026.07.07,19:45:00,7.923000,7.939000,7.916000,7.926000,60409.6400
LINKUSDT,2026.07.07,20:00:00,7.926000,7.938000,7.907000,7.922000,65530.1100
LINKUSDT,2026.07.07,20:15:00,7.921000,7.926000,7.900000,7.913000,55039.7200
LINKUSDT,2026.07.07,20:30:00,7.913000,7.915000,7.890000,7.890000,41881.1700
LINKUSDT,2026.07.07,20:45:00,7.890000,7.892000,7.878000,7.890000,36359.3400
LINKUSDT,2026.07.07,21:00:00,7.889000,7.912000,7.889000,7.908000,46049.7200
LINKUSDT,2026.07.07,21:15:00,7.908000,7.908000,7.852000,7.855000,171055.3100
LINKUSDT,2026.07.07,21:30:00,7.855000,7.863000,7.824000,7.851000,155215.6600
LINKUSDT,2026.07.07,21:45:00,7.851000,7.867000,7.839000,7.839000,73440.9200
LINKUSDT,2026.07.07,22:00:00,7.838000,7.853000,7.794000,7.849000,164020.5300
LINKUSDT,2026.07.07,22:15:00,7.849000,7.854000,7.831000,7.841000,41666.4500
LINKUSDT,2026.07.07,22:30:00,7.840000,7.874000,7.834000,7.868000,48377.3800
LINKUSDT,2026.07.07,22:45:00,7.867000,7.875000,7.859000,7.865000,30110.3500
LINKUSDT,2026.07.07,23:00:00,7.864000,7.886000,7.861000,7.879000,34340.4800
LINKUSDT,2026.07.07,23:15:00,7.878000,7.891000,7.877000,7.888000,21773.5100
LINKUSDT,2026.07.07,23:30:00,7.887000,7.891000,7.858000,7.858000,43786.1800
LINKUSDT,2026.07.07,23:45:00,7.858000,7.866000,7.847000,7.857000,44481.3100
LINKUSDT,2026.07.08,00:00:00,7.858000,7.870000,7.839000,7.847000,254687.2900
LINKUSDT,2026.07.08,00:15:00,7.847000,7.867000,7.831000,7.862000,97503.3300
LINKUSDT,2026.07.08,00:30:00,7.863000,7.893000,7.855000,7.881000,53063.1500
LINKUSDT,2026.07.08,00:45:00,7.881000,7.882000,7.872000,7.874000,53785.6000
LINKUSDT,2026.07.08,01:00:00,7.874000,7.880000,7.860000,7.874000,43712.6100
LINKUSDT,2026.07.08,01:15:00,7.874000,7.874000,7.832000,7.832000,48718.1400
LINKUSDT,2026.07.08,01:30:00,7.832000,7.836000,7.737000,7.773000,514258.3300
LINKUSDT,2026.07.08,01:45:00,7.773000,7.784000,7.731000,7.746000,145298.8600
LINKUSDT,2026.07.08,02:00:00,7.746000,7.746000,7.678000,7.688000,522672.6300
LINKUSDT,2026.07.08,02:15:00,7.687000,7.706000,7.675000,7.696000,174168.3400
LINKUSDT,2026.07.08,02:30:00,7.695000,7.718000,7.660000,7.715000,191534.0000
LINKUSDT,2026.07.08,02:45:00,7.715000,7.734000,7.709000,7.713000,77804.6000
LINKUSDT,2026.07.08,03:00:00,7.714000,7.739000,7.714000,7.735000,90362.5500
LINKUSDT,2026.07.08,03:15:00,7.734000,7.737000,7.723000,7.737000,42044.1600
LINKUSDT,2026.07.08,03:30:00,7.737000,7.738000,7.713000,7.714000,56747.6500
LINKUSDT,2026.07.08,03:45:00,7.715000,7.718000,7.683000,7.692000,118905.6900
LINKUSDT,2026.07.08,04:00:00,7.693000,7.704000,7.676000,7.694000,79177.4800
LINKUSDT,2026.07.08,04:15:00,7.695000,7.713000,7.692000,7.707000,36183.3800
LINKUSDT,2026.07.08,04:30:00,7.708000,7.713000,7.686000,7.689000,42992.9600
LINKUSDT,2026.07.08,04:45:00,7.689000,7.704000,7.679000,7.703000,47350.6500
LINKUSDT,2026.07.08,05:00:00,7.703000,7.719000,7.695000,7.712000,67605.1200
LINKUSDT,2026.07.08,05:15:00,7.712000,7.725000,7.701000,7.709000,43943.2000
LINKUSDT,2026.07.08,05:30:00,7.709000,7.710000,7.687000,7.689000,50490.0800
LINKUSDT,2026.07.08,05:45:00,7.690000,7.692000,7.670000,7.684000,86465.4500
LINKUSDT,2026.07.08,06:00:00,7.684000,7.689000,7.673000,7.680000,61619.8000
LINKUSDT,2026.07.08,06:15:00,7.680000,7.685000,7.652000,7.675000,122090.9500
LINKUSDT,2026.07.08,06:30:00,7.674000,7.676000,7.645000,7.654000,96278.2400
LINKUSDT,2026.07.08,06:45:00,7.653000,7.688000,7.649000,7.673000,82038.6100
LINKUSDT,2026.07.08,07:00:00,7.673000,7.682000,7.647000,7.677000,66976.7000
LINKUSDT,2026.07.08,07:15:00,7.677000,7.696000,7.668000,7.695000,60549.4100
LINKUSDT,2026.07.08,07:30:00,7.695000,7.708000,7.680000,7.698000,56104.0700
LINKUSDT,2026.07.08,07:45:00,7.699000,7.699000,7.687000,7.698000,53994.8300
LINKUSDT,2026.07.08,08:00:00,7.698000,7.719000,7.690000,7.709000,149808.5700
LINKUSDT,2026.07.08,08:15:00,7.709000,7.710000,7.579000,7.581000,701137.2200
LINKUSDT,2026.07.08,08:30:00,7.582000,7.598000,7.544000,7.575000,477280.4400
LINKUSDT,2026.07.08,08:45:00,7.575000,7.635000,7.571000,7.574000,323357.4100
LINKUSDT,2026.07.08,09:00:00,7.575000,7.580000,7.563000,7.563000,129477.3400
LINKUSDT,2026.07.08,09:15:00,7.563000,7.566000,7.541000,7.560000,178259.1500
LINKUSDT,2026.07.08,09:30:00,7.559000,7.600000,7.558000,7.594000,150918.4400
LINKUSDT,2026.07.08,09:45:00,7.594000,7.595000,7.569000,7.573000,61974.6000
LINKUSDT,2026.07.08,10:00:00,7.574000,7.584000,7.553000,7.570000,76798.8200
LINKUSDT,2026.07.08,10:15:00,7.570000,7.599000,7.562000,7.597000,138683.8500
LINKUSDT,2026.07.08,10:30:00,7.596000,7.614000,7.592000,7.607000,98069.3800
LINKUSDT,2026.07.08,10:45:00,7.608000,7.610000,7.594000,7.606000,43058.5600
LINKUSDT,2026.07.08,11:00:00,7.606000,7.611000,7.588000,7.595000,75466.8700
LINKUSDT,2026.07.08,11:15:00,7.595000,7.609000,7.591000,7.597000,37817.5200
LINKUSDT,2026.07.08,11:30:00,7.597000,7.648000,7.587000,7.633000,190379.2800
LINKUSDT,2026.07.08,11:45:00,7.633000,7.635000,7.617000,7.633000,81762.0800
LINKUSDT,2026.07.08,12:00:00,7.633000,7.638000,7.614000,7.626000,143149.4800
LINKUSDT,2026.07.08,12:15:00,7.627000,7.633000,7.620000,7.621000,44028.4700
LINKUSDT,2026.07.08,12:30:00,7.620000,7.622000,7.602000,7.609000,39393.6100
LINKUSDT,2026.07.08,12:45:00,7.609000,7.619000,7.584000,7.586000,203782.5100
LINKUSDT,2026.07.08,13:00:00,7.586000,7.599000,7.570000,7.591000,147258.4900
LINKUSDT,2026.07.08,13:15:00,7.590000,7.598000,7.564000,7.576000,66477.6800
LINKUSDT,2026.07.08,13:30:00,7.577000,7.636000,7.577000,7.621000,245138.4300
LINKUSDT,2026.07.08,13:45:00,7.621000,7.624000,7.580000,7.623000,201203.6200
LINKUSDT,2026.07.08,14:00:00,7.622000,7.638000,7.607000,7.619000,201105.0800
LINKUSDT,2026.07.08,14:15:00,7.619000,7.634000,7.586000,7.602000,134808.3900
LINKUSDT,2026.07.08,14:30:00,7.601000,7.612000,7.574000,7.579000,100764.2600
LINKUSDT,2026.07.08,14:45:00,7.578000,7.596000,7.548000,7.580000,173379.5500
LINKUSDT,2026.07.08,15:00:00,7.580000,7.584000,7.531000,7.533000,176379.4900
LINKUSDT,2026.07.08,15:15:00,7.533000,7.557000,7.517000,7.527000,186997.0600
LINKUSDT,2026.07.08,15:30:00,7.526000,7.557000,7.522000,7.532000,98458.8900
LINKUSDT,2026.07.08,15:45:00,7.531000,7.551000,7.525000,7.548000,69149.3600
LINKUSDT,2026.07.08,16:00:00,7.547000,7.573000,7.538000,7.562000,183138.3400
LINKUSDT,2026.07.08,16:15:00,7.562000,7.589000,7.555000,7.579000,57789.4800
LINKUSDT,2026.07.08,16:30:00,7.579000,7.606000,7.557000,7.602000,160841.1800
LINKUSDT,2026.07.08,16:45:00,7.602000,7.622000,7.596000,7.620000,97098.0600
LINKUSDT,2026.07.08,17:00:00,7.620000,7.633000,7.610000,7.614000,99349.5800
LINKUSDT,2026.07.08,17:15:00,7.613000,7.648000,7.612000,7.648000,143885.0700
LINKUSDT,2026.07.08,17:30:00,7.648000,7.658000,7.633000,7.633000,82893.0100
LINKUSDT,2026.07.08,17:45:00,7.633000,7.633000,7.599000,7.608000,108419.3800
LINKUSDT,2026.07.08,18:00:00,7.607000,7.631000,7.604000,7.626000,102444.6800
LINKUSDT,2026.07.08,18:15:00,7.627000,7.634000,7.616000,7.618000,99438.5600
LINKUSDT,2026.07.08,18:30:00,7.617000,7.617000,7.590000,7.602000,72076.1500
LINKUSDT,2026.07.08,18:45:00,7.602000,7.638000,7.598000,7.622000,39822.0100
LINKUSDT,2026.07.08,19:00:00,7.623000,7.635000,7.611000,7.616000,33864.2200
LINKUSDT,2026.07.08,19:15:00,7.615000,7.629000,7.608000,7.626000,29319.1000
LINKUSDT,2026.07.08,19:30:00,7.626000,7.638000,7.621000,7.638000,70886.2400
LINKUSDT,2026.07.08,19:45:00,7.637000,7.642000,7.616000,7.638000,72465.6700
LINKUSDT,2026.07.08,20:00:00,7.639000,7.648000,7.624000,7.633000,76792.5500
LINKUSDT,2026.07.08,20:15:00,7.633000,7.633000,7.616000,7.630000,33564.4800
LINKUSDT,2026.07.08,20:30:00,7.629000,7.631000,7.607000,7.614000,93402.9600
LINKUSDT,2026.07.08,20:45:00,7.614000,7.625000,7.606000,7.612000,44976.5100
LINKUSDT,2026.07.08,21:00:00,7.612000,7.614000,7.588000,7.595000,59554.3500
LINKUSDT,2026.07.08,21:15:00,7.594000,7.613000,7.588000,7.613000,27667.6200
LINKUSDT,2026.07.08,21:30:00,7.612000,7.628000,7.612000,7.617000,57030.1200
LINKUSDT,2026.07.08,21:45:00,7.617000,7.633000,7.617000,7.628000,20549.3300
LINKUSDT,2026.07.08,22:00:00,7.628000,7.660000,7.626000,7.640000,48485.0000
LINKUSDT,2026.07.08,22:15:00,7.640000,7.647000,7.625000,7.638000,24764.6000
LINKUSDT,2026.07.08,22:30:00,7.638000,7.645000,7.630000,7.635000,17552.6300
LINKUSDT,2026.07.08,22:45:00,7.634000,7.647000,7.633000,7.646000,19141.3900
LINKUSDT,2026.07.08,23:00:00,7.645000,7.647000,7.627000,7.629000,67433.1400
LINKUSDT,2026.07.08,23:15:00,7.628000,7.629000,7.613000,7.624000,45364.1600
LINKUSDT,2026.07.08,23:30:00,7.624000,7.625000,7.609000,7.622000,55441.9200
LINKUSDT,2026.07.08,23:45:00,7.621000,7.638000,7.613000,7.637000,39001.3700
LINKUSDT,2026.07.09,00:00:00,7.636000,7.641000,7.611000,7.623000,105807.9300
LINKUSDT,2026.07.09,00:15:00,7.622000,7.625000,7.610000,7.625000,67288.1700
LINKUSDT,2026.07.09,00:30:00,7.625000,7.636000,7.609000,7.613000,61449.2500
LINKUSDT,2026.07.09,00:45:00,7.612000,7.623000,7.601000,7.615000,66651.3700
LINKUSDT,2026.07.09,01:00:00,7.614000,7.708000,7.612000,7.671000,307090.7900
LINKUSDT,2026.07.09,01:15:00,7.671000,7.691000,7.659000,7.669000,90549.7000
LINKUSDT,2026.07.09,01:30:00,7.669000,7.672000,7.605000,7.617000,137260.1600
LINKUSDT,2026.07.09,01:45:00,7.617000,7.618000,7.582000,7.588000,117819.4600
LINKUSDT,2026.07.09,02:00:00,7.588000,7.634000,7.574000,7.634000,137492.0500
LINKUSDT,2026.07.09,02:15:00,7.633000,7.637000,7.615000,7.623000,41709.3200
LINKUSDT,2026.07.09,02:30:00,7.622000,7.623000,7.592000,7.592000,47065.9200
LINKUSDT,2026.07.09,02:45:00,7.591000,7.595000,7.566000,7.583000,96066.2500
LINKUSDT,2026.07.09,03:00:00,7.583000,7.595000,7.575000,7.593000,71496.8800
LINKUSDT,2026.07.09,03:15:00,7.593000,7.608000,7.567000,7.602000,46375.0200
LINKUSDT,2026.07.09,03:30:00,7.602000,7.623000,7.599000,7.620000,52678.9500
LINKUSDT,2026.07.09,03:45:00,7.620000,7.623000,7.609000,7.619000,26782.5200
LINKUSDT,2026.07.09,04:00:00,7.619000,7.627000,7.610000,7.614000,37020.7000
LINKUSDT,2026.07.09,04:15:00,7.614000,7.628000,7.613000,7.626000,28162.9300
LINKUSDT,2026.07.09,04:30:00,7.626000,7.669000,7.626000,7.661000,105730.9400
LINKUSDT,2026.07.09,04:45:00,7.661000,7.679000,7.653000,7.675000,51844.5800
LINKUSDT,2026.07.09,05:00:00,7.675000,7.716000,7.664000,7.690000,138572.9400
LINKUSDT,2026.07.09,05:15:00,7.690000,7.691000,7.653000,7.662000,80552.7200
LINKUSDT,2026.07.09,05:30:00,7.661000,7.681000,7.653000,7.681000,21690.8200
LINKUSDT,2026.07.09,05:45:00,7.680000,7.723000,7.679000,7.720000,121490.2300
LINKUSDT,2026.07.09,06:00:00,7.721000,7.741000,7.700000,7.705000,122050.1400
LINKUSDT,2026.07.09,06:15:00,7.705000,7.756000,7.699000,7.739000,154645.8100
LINKUSDT,2026.07.09,06:30:00,7.739000,7.750000,7.733000,7.748000,77381.2700
LINKUSDT,2026.07.09,06:45:00,7.747000,7.754000,7.737000,7.751000,73591.9100
LINKUSDT,2026.07.09,07:00:00,7.751000,7.782000,7.724000,7.732000,157083.7900
LINKUSDT,2026.07.09,07:15:00,7.732000,7.738000,7.711000,7.723000,52458.3300
LINKUSDT,2026.07.09,07:30:00,7.722000,7.740000,7.713000,7.740000,35044.6600
LINKUSDT,2026.07.09,07:45:00,7.740000,7.769000,7.720000,7.725000,56556.3100
LINKUSDT,2026.07.09,08:00:00,7.725000,7.749000,7.712000,7.746000,264779.5800
LINKUSDT,2026.07.09,08:15:00,7.746000,7.761000,7.738000,7.761000,56372.7300
LINKUSDT,2026.07.09,08:30:00,7.761000,7.769000,7.759000,7.766000,56399.9200
LINKUSDT,2026.07.09,08:45:00,7.766000,7.767000,7.748000,7.755000,48197.1300
LINKUSDT,2026.07.09,09:00:00,7.755000,7.759000,7.737000,7.744000,74754.8500
LINKUSDT,2026.07.09,09:15:00,7.743000,7.751000,7.735000,7.748000,44985.1900
LINKUSDT,2026.07.09,09:30:00,7.748000,7.755000,7.722000,7.726000,51835.8900
LINKUSDT,2026.07.09,09:45:00,7.725000,7.748000,7.721000,7.744000,31072.8700
LINKUSDT,2026.07.09,10:00:00,7.744000,7.752000,7.740000,7.744000,46413.2000
LINKUSDT,2026.07.09,10:15:00,7.744000,7.748000,7.723000,7.731000,54525.6200
LINKUSDT,2026.07.09,10:30:00,7.731000,7.741000,7.726000,7.740000,33563.8300
LINKUSDT,2026.07.09,10:45:00,7.739000,7.739000,7.701000,7.721000,89397.0200
LINKUSDT,2026.07.09,11:00:00,7.721000,7.733000,7.719000,7.733000,40982.2500
LINKUSDT,2026.07.09,11:15:00,7.733000,7.733000,7.707000,7.717000,67104.4000
LINKUSDT,2026.07.09,11:30:00,7.717000,7.730000,7.712000,7.724000,74673.9100
LINKUSDT,2026.07.09,11:45:00,7.723000,7.743000,7.721000,7.733000,80134.9300
LINKUSDT,2026.07.09,12:00:00,7.733000,7.737000,7.711000,7.718000,70485.5700
LINKUSDT,2026.07.09,12:15:00,7.717000,7.730000,7.709000,7.721000,208135.0300
LINKUSDT,2026.07.09,12:30:00,7.721000,7.747000,7.709000,7.715000,135900.0700
LINKUSDT,2026.07.09,12:45:00,7.714000,7.721000,7.693000,7.709000,103307.1100
LINKUSDT,2026.07.09,13:00:00,7.708000,7.759000,7.708000,7.754000,126401.8800
LINKUSDT,2026.07.09,13:15:00,7.753000,7.754000,7.716000,7.720000,66746.6700
LINKUSDT,2026.07.09,13:30:00,7.721000,7.740000,7.687000,7.740000,109224.0700
LINKUSDT,2026.07.09,13:45:00,7.739000,7.773000,7.720000,7.753000,65540.7600
LINKUSDT,2026.07.09,14:00:00,7.754000,7.766000,7.729000,7.736000,79498.0700
LINKUSDT,2026.07.09,14:15:00,7.736000,7.736000,7.672000,7.700000,432495.3500
LINKUSDT,2026.07.09,14:30:00,7.700000,7.721000,7.687000,7.704000,66917.3400
LINKUSDT,2026.07.09,14:45:00,7.703000,7.719000,7.687000,7.713000,79361.3700
LINKUSDT,2026.07.09,15:00:00,7.714000,7.729000,7.698000,7.726000,96206.0500
LINKUSDT,2026.07.09,15:15:00,7.725000,7.748000,7.715000,7.716000,105234.6000
LINKUSDT,2026.07.09,15:30:00,7.717000,7.721000,7.689000,7.699000,87592.0700
LINKUSDT,2026.07.09,15:45:00,7.699000,7.708000,7.687000,7.697000,32762.1500
LINKUSDT,2026.07.09,16:00:00,7.697000,7.722000,7.690000,7.694000,112621.6400
LINKUSDT,2026.07.09,16:15:00,7.693000,7.700000,7.668000,7.689000,75740.2600
LINKUSDT,2026.07.09,16:30:00,7.690000,7.709000,7.688000,7.701000,31174.5500
LINKUSDT,2026.07.09,16:45:00,7.700000,7.702000,7.679000,7.698000,29188.8100
LINKUSDT,2026.07.09,17:00:00,7.698000,7.710000,7.685000,7.687000,70284.8000
LINKUSDT,2026.07.09,17:15:00,7.686000,7.722000,7.686000,7.720000,37875.5300
LINKUSDT,2026.07.09,17:30:00,7.720000,7.757000,7.711000,7.757000,111948.0500
LINKUSDT,2026.07.09,17:45:00,7.757000,7.760000,7.735000,7.748000,51681.0600
LINKUSDT,2026.07.09,18:00:00,7.748000,7.804000,7.748000,7.793000,296507.7400
LINKUSDT,2026.07.09,18:15:00,7.793000,7.809000,7.779000,7.794000,101528.4700
LINKUSDT,2026.07.09,18:30:00,7.794000,7.803000,7.785000,7.792000,95614.3000
LINKUSDT,2026.07.09,18:45:00,7.791000,7.801000,7.772000,7.774000,100203.5400
LINKUSDT,2026.07.09,19:00:00,7.774000,7.777000,7.755000,7.767000,187732.4500
LINKUSDT,2026.07.09,19:15:00,7.766000,7.776000,7.757000,7.776000,47508.8700
LINKUSDT,2026.07.09,19:30:00,7.776000,7.800000,7.768000,7.797000,64036.5500
LINKUSDT,2026.07.09,19:45:00,7.797000,7.799000,7.765000,7.768000,63025.9800
LINKUSDT,2026.07.09,20:00:00,7.768000,7.769000,7.750000,7.753000,91756.2500
LINKUSDT,2026.07.09,20:15:00,7.753000,7.768000,7.752000,7.767000,20381.8200
LINKUSDT,2026.07.09,20:30:00,7.767000,7.781000,7.764000,7.776000,28654.0000
LINKUSDT,2026.07.09,20:45:00,7.776000,7.776000,7.760000,7.767000,24619.4800
LINKUSDT,2026.07.09,21:00:00,7.767000,7.782000,7.759000,7.767000,52300.7100
LINKUSDT,2026.07.09,21:15:00,7.767000,7.771000,7.754000,7.759000,29319.2500
LINKUSDT,2026.07.09,21:30:00,7.758000,7.768000,7.755000,7.760000,26898.8300
LINKUSDT,2026.07.09,21:45:00,7.759000,7.766000,7.756000,7.762000,21890.4300
LINKUSDT,2026.07.09,22:00:00,7.761000,7.768000,7.745000,7.748000,70461.3800
LINKUSDT,2026.07.09,22:15:00,7.748000,7.764000,7.747000,7.754000,19266.4600
LINKUSDT,2026.07.09,22:30:00,7.753000,7.765000,7.745000,7.758000,37036.1100
LINKUSDT,2026.07.09,22:45:00,7.758000,7.761000,7.748000,7.749000,31001.1300
LINKUSDT,2026.07.09,23:00:00,7.749000,7.765000,7.745000,7.749000,32564.8300
LINKUSDT,2026.07.09,23:15:00,7.749000,7.753000,7.719000,7.739000,77995.5700
LINKUSDT,2026.07.09,23:30:00,7.739000,7.739000,7.726000,7.734000,22311.7500
LINKUSDT,2026.07.09,23:45:00,7.735000,7.739000,7.725000,7.728000,20605.9800
LINKUSDT,2026.07.10,00:00:00,7.729000,7.737000,7.718000,7.736000,74268.6000
LINKUSDT,2026.07.10,00:15:00,7.736000,7.741000,7.712000,7.722000,39802.3600
LINKUSDT,2026.07.10,00:30:00,7.722000,7.739000,7.703000,7.727000,57981.6500
LINKUSDT,2026.07.10,00:45:00,7.726000,7.741000,7.712000,7.741000,37200.2500
LINKUSDT,2026.07.10,01:00:00,7.742000,7.749000,7.722000,7.747000,34106.5000
LINKUSDT,2026.07.10,01:15:00,7.748000,7.789000,7.746000,7.784000,58775.7100
LINKUSDT,2026.07.10,01:30:00,7.784000,7.793000,7.773000,7.783000,49105.5200
LINKUSDT,2026.07.10,01:45:00,7.783000,7.917000,7.783000,7.873000,681146.4700
LINKUSDT,2026.07.10,02:00:00,7.873000,7.898000,7.866000,7.894000,248049.7100
LINKUSDT,2026.07.10,02:15:00,7.893000,7.897000,7.878000,7.888000,159867.5100
LINKUSDT,2026.07.10,02:30:00,7.887000,7.912000,7.883000,7.904000,145484.6900
LINKUSDT,2026.07.10,02:45:00,7.904000,7.935000,7.899000,7.926000,125546.4500
LINKUSDT,2026.07.10,03:00:00,7.926000,7.929000,7.893000,7.905000,155240.1000
LINKUSDT,2026.07.10,03:15:00,7.905000,7.907000,7.883000,7.884000,44180.4500
LINKUSDT,2026.07.10,03:30:00,7.883000,7.904000,7.876000,7.903000,46336.9600
LINKUSDT,2026.07.10,03:45:00,7.903000,7.923000,7.899000,7.904000,67505.4200
LINKUSDT,2026.07.10,04:00:00,7.903000,7.913000,7.900000,7.909000,71386.1400
LINKUSDT,2026.07.10,04:15:00,7.909000,7.910000,7.881000,7.882000,49221.4000
LINKUSDT,2026.07.10,04:30:00,7.882000,7.899000,7.873000,7.888000,72508.2000
LINKUSDT,2026.07.10,04:45:00,7.888000,7.904000,7.887000,7.889000,52984.2400
LINKUSDT,2026.07.10,05:00:00,7.889000,7.894000,7.881000,7.893000,45655.2500
LINKUSDT,2026.07.10,05:15:00,7.893000,7.910000,7.888000,7.895000,62316.7200
LINKUSDT,2026.07.10,05:30:00,7.895000,7.922000,7.889000,7.921000,91850.9500
LINKUSDT,2026.07.10,05:45:00,7.920000,7.922000,7.906000,7.910000,47081.0300
LINKUSDT,2026.07.10,06:00:00,7.911000,7.921000,7.907000,7.919000,59461.6900
LINKUSDT,2026.07.10,06:15:00,7.919000,7.919000,7.883000,7.892000,66593.2800
LINKUSDT,2026.07.10,06:30:00,7.891000,7.899000,7.889000,7.891000,36628.1200
LINKUSDT,2026.07.10,06:45:00,7.891000,7.899000,7.884000,7.895000,35446.7400
LINKUSDT,2026.07.10,07:00:00,7.895000,7.905000,7.883000,7.905000,49238.8200
LINKUSDT,2026.07.10,07:15:00,7.905000,7.920000,7.899000,7.909000,45745.2700
LINKUSDT,2026.07.10,07:30:00,7.908000,7.908000,7.893000,7.895000,41118.8300
LINKUSDT,2026.07.10,07:45:00,7.895000,7.897000,7.886000,7.895000,29004.7800
LINKUSDT,2026.07.10,08:00:00,7.896000,7.915000,7.892000,7.915000,70795.4400
LINKUSDT,2026.07.10,08:15:00,7.915000,7.975000,7.915000,7.975000,234086.2700
LINKUSDT,2026.07.10,08:30:00,7.975000,7.980000,7.948000,7.956000,92798.5900
LINKUSDT,2026.07.10,08:45:00,7.956000,7.963000,7.948000,7.955000,48384.9700
LINKUSDT,2026.07.10,09:00:00,7.954000,7.958000,7.922000,7.926000,97231.1000
LINKUSDT,2026.07.10,09:15:00,7.925000,7.960000,7.921000,7.959000,57074.1400
LINKUSDT,2026.07.10,09:30:00,7.959000,7.981000,7.959000,7.981000,100553.2800
LINKUSDT,2026.07.10,09:45:00,7.980000,7.982000,7.964000,7.965000,76372.8000
LINKUSDT,2026.07.10,10:00:00,7.965000,7.973000,7.951000,7.958000,59155.0300
LINKUSDT,2026.07.10,10:15:00,7.958000,8.014000,7.958000,8.004000,213190.4800
LINKUSDT,2026.07.10,10:30:00,8.004000,8.007000,7.976000,7.996000,61193.4300
LINKUSDT,2026.07.10,10:45:00,7.996000,7.996000,7.975000,7.981000,63395.0900
LINKUSDT,2026.07.10,11:00:00,7.981000,7.993000,7.976000,7.989000,45387.4700
LINKUSDT,2026.07.10,11:15:00,7.989000,7.993000,7.965000,7.974000,38624.8900
LINKUSDT,2026.07.10,11:30:00,7.973000,7.981000,7.964000,7.980000,32403.1700
LINKUSDT,2026.07.10,11:45:00,7.980000,7.992000,7.974000,7.989000,60093.3200
LINKUSDT,2026.07.10,12:00:00,7.989000,8.016000,7.973000,8.002000,171987.8900
LINKUSDT,2026.07.10,12:15:00,8.001000,8.004000,7.981000,7.990000,59503.7200
LINKUSDT,2026.07.10,12:30:00,7.989000,7.990000,7.955000,7.958000,115771.0800
LINKUSDT,2026.07.10,12:45:00,7.957000,7.960000,7.938000,7.946000,75888.1900
LINKUSDT,2026.07.10,13:00:00,7.946000,7.961000,7.944000,7.953000,84119.2300
LINKUSDT,2026.07.10,13:15:00,7.952000,7.964000,7.947000,7.952000,41466.5300
LINKUSDT,2026.07.10,13:30:00,7.952000,7.982000,7.944000,7.971000,186163.4100
LINKUSDT,2026.07.10,13:45:00,7.972000,8.003000,7.972000,7.983000,256089.1100
LINKUSDT,2026.07.10,14:00:00,7.983000,7.988000,7.925000,7.929000,180082.3100
LINKUSDT,2026.07.10,14:15:00,7.929000,7.936000,7.885000,7.925000,211654.5500
LINKUSDT,2026.07.10,14:30:00,7.925000,7.943000,7.847000,7.902000,337709.9300
LINKUSDT,2026.07.10,14:45:00,7.901000,7.915000,7.885000,7.893000,71683.4000
LINKUSDT,2026.07.10,15:00:00,7.892000,7.909000,7.887000,7.905000,80839.2400
LINKUSDT,2026.07.10,15:15:00,7.905000,7.935000,7.905000,7.927000,84803.7800
LINKUSDT,2026.07.10,15:30:00,7.928000,7.933000,7.899000,7.902000,148790.1300
LINKUSDT,2026.07.10,15:45:00,7.903000,7.921000,7.894000,7.921000,46519.2100
LINKUSDT,2026.07.10,16:00:00,7.921000,7.934000,7.906000,7.931000,77901.7900
LINKUSDT,2026.07.10,16:15:00,7.930000,7.948000,7.914000,7.922000,50123.3200
LINKUSDT,2026.07.10,16:30:00,7.923000,7.937000,7.907000,7.933000,42227.2200
LINKUSDT,2026.07.10,16:45:00,7.932000,7.968000,7.927000,7.958000,85363.7100
LINKUSDT,2026.07.10,17:00:00,7.957000,7.968000,7.934000,7.937000,93676.6400
LINKUSDT,2026.07.10,17:15:00,7.937000,7.948000,7.928000,7.944000,31906.2700
LINKUSDT,2026.07.10,17:30:00,7.943000,7.943000,7.915000,7.918000,58592.9200
LINKUSDT,2026.07.10,17:45:00,7.917000,7.929000,7.912000,7.913000,35965.9300
LINKUSDT,2026.07.10,18:00:00,7.914000,7.947000,7.913000,7.918000,87326.8100
LINKUSDT,2026.07.10,18:15:00,7.917000,7.933000,7.909000,7.924000,68177.8600
LINKUSDT,2026.07.10,18:30:00,7.923000,7.926000,7.911000,7.912000,15329.2500
LINKUSDT,2026.07.10,18:45:00,7.912000,7.912000,7.883000,7.899000,84206.6400
LINKUSDT,2026.07.10,19:00:00,7.898000,7.921000,7.891000,7.919000,47040.0300
LINKUSDT,2026.07.10,19:15:00,7.919000,7.928000,7.907000,7.916000,42189.4200
LINKUSDT,2026.07.10,19:30:00,7.915000,7.943000,7.912000,7.939000,63122.9000
LINKUSDT,2026.07.10,19:45:00,7.938000,7.939000,7.912000,7.913000,53706.3200
LINKUSDT,2026.07.10,20:00:00,7.914000,7.916000,7.900000,7.910000,60811.4100
LINKUSDT,2026.07.10,20:15:00,7.909000,7.917000,7.892000,7.902000,61909.0200
LINKUSDT,2026.07.10,20:30:00,7.902000,7.920000,7.900000,7.917000,33112.6500
LINKUSDT,2026.07.10,20:45:00,7.916000,7.921000,7.907000,7.907000,21365.2300
LINKUSDT,2026.07.10,21:00:00,7.906000,7.934000,7.905000,7.925000,43445.8400
LINKUSDT,2026.07.10,21:15:00,7.924000,7.936000,7.923000,7.934000,28292.3200
LINKUSDT,2026.07.10,21:30:00,7.934000,7.951000,7.929000,7.940000,50603.7100
LINKUSDT,2026.07.10,21:45:00,7.939000,7.947000,7.939000,7.947000,24023.1000
LINKUSDT,2026.07.10,22:00:00,7.946000,7.959000,7.945000,7.958000,21206.8900
LINKUSDT,2026.07.10,22:15:00,7.958000,7.959000,7.950000,7.958000,29313.0200
LINKUSDT,2026.07.10,22:30:00,7.958000,7.961000,7.954000,7.954000,21189.7000
LINKUSDT,2026.07.10,22:45:00,7.954000,7.964000,7.950000,7.959000,27927.5300
LINKUSDT,2026.07.10,23:00:00,7.959000,7.963000,7.944000,7.955000,43052.9700
LINKUSDT,2026.07.10,23:15:00,7.955000,7.964000,7.952000,7.957000,28870.5900
LINKUSDT,2026.07.10,23:30:00,7.957000,7.965000,7.953000,7.965000,20802.7400
LINKUSDT,2026.07.10,23:45:00,7.964000,7.967000,7.958000,7.966000,23760.1700
LINKUSDT,2026.07.11,00:00:00,7.966000,7.967000,7.946000,7.951000,79806.1200
LINKUSDT,2026.07.11,00:15:00,7.951000,7.961000,7.935000,7.957000,56783.9100
LINKUSDT,2026.07.11,00:30:00,7.957000,7.965000,7.947000,7.965000,39194.5800
LINKUSDT,2026.07.11,00:45:00,7.964000,7.969000,7.954000,7.966000,26479.6800
LINKUSDT,2026.07.11,01:00:00,7.966000,7.971000,7.958000,7.968000,53243.5400
LINKUSDT,2026.07.11,01:15:00,7.969000,7.994000,7.969000,7.977000,53322.3600
LINKUSDT,2026.07.11,01:30:00,7.978000,7.992000,7.954000,7.958000,64471.5000
LINKUSDT,2026.07.11,01:45:00,7.957000,7.973000,7.951000,7.958000,48645.3500
LINKUSDT,2026.07.11,02:00:00,7.958000,7.970000,7.954000,7.958000,28731.1700
LINKUSDT,2026.07.11,02:15:00,7.959000,7.970000,7.955000,7.969000,36281.5800
LINKUSDT,2026.07.11,02:30:00,7.968000,7.982000,7.968000,7.977000,40748.5400
LINKUSDT,2026.07.11,02:45:00,7.978000,7.986000,7.976000,7.981000,26129.2300
LINKUSDT,2026.07.11,03:00:00,7.980000,7.987000,7.974000,7.984000,19346.6300
LINKUSDT,2026.07.11,03:15:00,7.984000,7.993000,7.967000,7.980000,89440.0900
LINKUSDT,2026.07.11,03:30:00,7.981000,8.004000,7.981000,7.992000,75059.6600
LINKUSDT,2026.07.11,03:45:00,7.992000,7.999000,7.989000,7.993000,34973.6500
LINKUSDT,2026.07.11,04:00:00,7.993000,7.999000,7.990000,7.992000,29036.8400
LINKUSDT,2026.07.11,04:15:00,7.993000,7.999000,7.982000,7.985000,86038.4700
LINKUSDT,2026.07.11,04:30:00,7.985000,8.001000,7.985000,7.991000,44241.6600
LINKUSDT,2026.07.11,04:45:00,7.992000,8.000000,7.988000,7.999000,32594.8300
LINKUSDT,2026.07.11,05:00:00,7.999000,8.003000,7.988000,7.995000,63589.5600
LINKUSDT,2026.07.11,05:15:00,7.995000,8.009000,7.988000,8.005000,48864.7500
LINKUSDT,2026.07.11,05:30:00,8.004000,8.011000,7.994000,7.997000,52026.0300
LINKUSDT,2026.07.11,05:45:00,7.997000,8.009000,7.991000,8.003000,21847.1500
LINKUSDT,2026.07.11,06:00:00,8.002000,8.003000,7.988000,7.999000,34619.4800
LINKUSDT,2026.07.11,06:15:00,8.000000,8.017000,7.997000,7.998000,54820.8200
LINKUSDT,2026.07.11,06:30:00,7.997000,8.012000,7.996000,8.005000,65223.9300
LINKUSDT,2026.07.11,06:45:00,8.004000,8.004000,7.977000,7.979000,55623.8200
LINKUSDT,2026.07.11,07:00:00,7.979000,7.983000,7.970000,7.977000,78223.4500
LINKUSDT,2026.07.11,07:15:00,7.976000,7.985000,7.973000,7.976000,34634.2400
LINKUSDT,2026.07.11,07:30:00,7.976000,7.982000,7.966000,7.974000,60158.9400
LINKUSDT,2026.07.11,07:45:00,7.973000,7.991000,7.973000,7.988000,26826.4200
LINKUSDT,2026.07.11,08:00:00,7.988000,8.006000,7.987000,8.002000,82817.6100
LINKUSDT,2026.07.11,08:15:00,8.002000,8.012000,8.001000,8.004000,35629.5200
LINKUSDT,2026.07.11,08:30:00,8.004000,8.011000,8.000000,8.004000,32303.7400
LINKUSDT,2026.07.11,08:45:00,8.003000,8.006000,7.995000,8.002000,76757.4100
LINKUSDT,2026.07.11,09:00:00,8.001000,8.010000,7.986000,7.988000,47425.8100
LINKUSDT,2026.07.11,09:15:00,7.988000,7.996000,7.983000,7.991000,52329.9900
LINKUSDT,2026.07.11,09:30:00,7.990000,7.995000,7.975000,7.991000,48322.9300
LINKUSDT,2026.07.11,09:45:00,7.990000,7.990000,7.971000,7.974000,39692.8400
LINKUSDT,2026.07.11,10:00:00,7.974000,7.980000,7.968000,7.980000,51160.5300
LINKUSDT,2026.07.11,10:15:00,7.979000,7.992000,7.970000,7.992000,28872.7900
LINKUSDT,2026.07.11,10:30:00,7.992000,7.993000,7.981000,7.981000,60838.4400
LINKUSDT,2026.07.11,10:45:00,7.980000,7.992000,7.977000,7.979000,30410.8600
LINKUSDT,2026.07.11,11:00:00,7.979000,7.990000,7.975000,7.986000,35178.1000
LINKUSDT,2026.07.11,11:15:00,7.986000,7.996000,7.981000,7.996000,15365.9500
LINKUSDT,2026.07.11,11:30:00,7.995000,8.003000,7.994000,7.998000,38358.4000
LINKUSDT,2026.07.11,11:45:00,7.998000,8.004000,7.996000,8.000000,21735.1600
LINKUSDT,2026.07.11,12:00:00,8.000000,8.007000,7.993000,8.003000,58743.7700
LINKUSDT,2026.07.11,12:15:00,8.003000,8.008000,7.999000,8.007000,25833.8200
LINKUSDT,2026.07.11,12:30:00,8.007000,8.013000,8.001000,8.009000,48753.5200
LINKUSDT,2026.07.11,12:45:00,8.008000,8.029000,8.007000,8.026000,76432.5300
LINKUSDT,2026.07.11,13:00:00,8.026000,8.027000,8.009000,8.017000,57726.8400
LINKUSDT,2026.07.11,13:15:00,8.016000,8.032000,8.013000,8.028000,45226.8000
LINKUSDT,2026.07.11,13:30:00,8.028000,8.058000,8.019000,8.026000,188957.9800
LINKUSDT,2026.07.11,13:45:00,8.027000,8.037000,8.018000,8.022000,47550.9600
LINKUSDT,2026.07.11,14:00:00,8.022000,8.056000,8.022000,8.044000,87727.4200
LINKUSDT,2026.07.11,14:15:00,8.044000,8.062000,8.043000,8.055000,97368.9300
LINKUSDT,2026.07.11,14:30:00,8.055000,8.089000,8.049000,8.065000,160097.1500
LINKUSDT,2026.07.11,14:45:00,8.064000,8.065000,8.041000,8.046000,61432.7800
LINKUSDT,2026.07.11,15:00:00,8.046000,8.089000,8.046000,8.077000,137869.5200
LINKUSDT,2026.07.11,15:15:00,8.078000,8.087000,8.066000,8.080000,67005.4900
LINKUSDT,2026.07.11,15:30:00,8.079000,8.087000,8.018000,8.045000,265956.0200
LINKUSDT,2026.07.11,15:45:00,8.045000,8.062000,8.031000,8.058000,82882.6400
LINKUSDT,2026.07.11,16:00:00,8.057000,8.062000,8.033000,8.054000,91158.9200
LINKUSDT,2026.07.11,16:15:00,8.054000,8.064000,8.042000,8.060000,70348.5500
LINKUSDT,2026.07.11,16:30:00,8.060000,8.069000,8.044000,8.046000,48913.3900
LINKUSDT,2026.07.11,16:45:00,8.045000,8.066000,8.038000,8.066000,25928.7200
LINKUSDT,2026.07.11,17:00:00,8.066000,8.070000,8.055000,8.067000,48382.7900
LINKUSDT,2026.07.11,17:15:00,8.066000,8.093000,8.064000,8.089000,79269.6500
LINKUSDT,2026.07.11,17:30:00,8.089000,8.117000,8.086000,8.103000,189908.2500
LINKUSDT,2026.07.11,17:45:00,8.102000,8.106000,8.084000,8.084000,39750.4000
LINKUSDT,2026.07.11,18:00:00,8.083000,8.097000,8.075000,8.091000,58402.9500
LINKUSDT,2026.07.11,18:15:00,8.090000,8.105000,8.088000,8.099000,29876.7100
LINKUSDT,2026.07.11,18:30:00,8.099000,8.102000,8.092000,8.096000,68641.2900
LINKUSDT,2026.07.11,18:45:00,8.096000,8.100000,8.091000,8.099000,37242.9500
LINKUSDT,2026.07.11,19:00:00,8.099000,8.102000,8.088000,8.096000,42441.3900
LINKUSDT,2026.07.11,19:15:00,8.096000,8.099000,8.067000,8.068000,45628.0300
LINKUSDT,2026.07.11,19:30:00,8.067000,8.072000,8.062000,8.068000,22069.5900
LINKUSDT,2026.07.11,19:45:00,8.068000,8.078000,8.067000,8.077000,14514.2400
LINKUSDT,2026.07.11,20:00:00,8.076000,8.078000,8.058000,8.068000,73512.4400
LINKUSDT,2026.07.11,20:15:00,8.067000,8.074000,8.066000,8.073000,22215.7800
LINKUSDT,2026.07.11,20:30:00,8.073000,8.079000,8.068000,8.074000,17411.3400
LINKUSDT,2026.07.11,20:45:00,8.074000,8.076000,8.064000,8.064000,9494.9200
LINKUSDT,2026.07.11,21:00:00,8.064000,8.080000,8.064000,8.072000,31444.4800
LINKUSDT,2026.07.11,21:15:00,8.071000,8.074000,8.059000,8.059000,25064.9300
LINKUSDT,2026.07.11,21:30:00,8.059000,8.065000,8.047000,8.057000,99919.5100
LINKUSDT,2026.07.11,21:45:00,8.057000,8.060000,8.044000,8.045000,53238.7900
LINKUSDT,2026.07.11,22:00:00,8.045000,8.046000,8.034000,8.039000,50332.3200
LINKUSDT,2026.07.11,22:15:00,8.038000,8.040000,7.997000,8.004000,119208.6300
LINKUSDT,2026.07.11,22:30:00,8.004000,8.019000,7.996000,8.003000,64625.1300
LINKUSDT,2026.07.11,22:45:00,8.002000,8.009000,7.998000,8.004000,45300.1100
LINKUSDT,2026.07.11,23:00:00,8.003000,8.007000,7.972000,7.979000,107355.1800
LINKUSDT,2026.07.11,23:15:00,7.979000,7.986000,7.916000,7.936000,298374.6300
LINKUSDT,2026.07.11,23:30:00,7.935000,7.935000,7.902000,7.930000,175925.5800
LINKUSDT,2026.07.11,23:45:00,7.930000,7.945000,7.907000,7.908000,76403.4300
LINKUSDT,2026.07.12,00:00:00,7.908000,7.923000,7.881000,7.891000,248147.7200
LINKUSDT,2026.07.12,00:15:00,7.890000,7.912000,7.886000,7.896000,136698.9900
LINKUSDT,2026.07.12,00:30:00,7.896000,7.896000,7.854000,7.885000,266162.7500
LINKUSDT,2026.07.12,00:45:00,7.885000,7.903000,7.876000,7.896000,60197.0600
LINKUSDT,2026.07.12,01:00:00,7.896000,7.929000,7.889000,7.913000,111127.7000
LINKUSDT,2026.07.12,01:15:00,7.913000,7.947000,7.909000,7.943000,103650.5600
LINKUSDT,2026.07.12,01:30:00,7.942000,7.965000,7.941000,7.961000,131755.5300
LINKUSDT,2026.07.12,01:45:00,7.961000,7.970000,7.956000,7.963000,67233.7500
LINKUSDT,2026.07.12,02:00:00,7.963000,7.963000,7.946000,7.951000,60841.8000
LINKUSDT,2026.07.12,02:15:00,7.951000,7.964000,7.950000,7.956000,54546.9800
LINKUSDT,2026.07.12,02:30:00,7.955000,7.966000,7.947000,7.966000,59754.4200
LINKUSDT,2026.07.12,02:45:00,7.966000,7.980000,7.962000,7.972000,43186.3900
LINKUSDT,2026.07.12,03:00:00,7.972000,7.982000,7.963000,7.978000,37312.4900
LINKUSDT,2026.07.12,03:15:00,7.978000,7.993000,7.976000,7.993000,73269.2900
LINKUSDT,2026.07.12,03:30:00,7.993000,8.031000,7.990000,8.022000,120801.8000
LINKUSDT,2026.07.12,03:45:00,8.022000,8.043000,8.020000,8.037000,48524.8900
LINKUSDT,2026.07.12,04:00:00,8.038000,8.038000,8.018000,8.025000,52380.6000
LINKUSDT,2026.07.12,04:15:00,8.024000,8.044000,8.019000,8.032000,67595.6500
LINKUSDT,2026.07.12,04:30:00,8.031000,8.035000,8.000000,8.019000,65070.8900
LINKUSDT,2026.07.12,04:45:00,8.019000,8.020000,7.994000,8.006000,51647.6800
LINKUSDT,2026.07.12,05:00:00,8.007000,8.023000,8.005000,8.009000,37147.8300
LINKUSDT,2026.07.12,05:15:00,8.008000,8.009000,7.978000,7.980000,60524.0700
LINKUSDT,2026.07.12,05:30:00,7.980000,7.988000,7.971000,7.985000,98773.9100
LINKUSDT,2026.07.12,05:45:00,7.986000,7.998000,7.984000,7.993000,17899.1900
LINKUSDT,2026.07.12,06:00:00,7.992000,7.992000,7.938000,7.945000,180434.4200
LINKUSDT,2026.07.12,06:15:00,7.944000,7.951000,7.926000,7.928000,115131.5500
LINKUSDT,2026.07.12,06:30:00,7.927000,7.959000,7.923000,7.951000,74138.4500
LINKUSDT,2026.07.12,06:45:00,7.951000,7.967000,7.949000,7.958000,37816.7800
LINKUSDT,2026.07.12,07:00:00,7.958000,7.973000,7.954000,7.973000,36897.4900
LINKUSDT,2026.07.12,07:15:00,7.972000,7.984000,7.969000,7.972000,59424.1000
LINKUSDT,2026.07.12,07:30:00,7.972000,7.978000,7.968000,7.978000,42035.6600
LINKUSDT,2026.07.12,07:45:00,7.977000,7.980000,7.967000,7.970000,37912.9600
LINKUSDT,2026.07.12,08:00:00,7.969000,8.026000,7.965000,8.008000,162222.6000
LINKUSDT,2026.07.12,08:15:00,8.008000,8.028000,8.006000,8.006000,76165.9100
LINKUSDT,2026.07.12,08:30:00,8.006000,8.008000,7.999000,8.007000,42507.5900
LINKUSDT,2026.07.12,08:45:00,8.007000,8.019000,7.996000,8.014000,57529.5000
LINKUSDT,2026.07.12,09:00:00,8.014000,8.023000,8.000000,8.000000,42528.6800
LINKUSDT,2026.07.12,09:15:00,8.000000,8.000000,7.974000,7.988000,78551.7400
LINKUSDT,2026.07.12,09:30:00,7.988000,8.029000,7.988000,8.021000,107577.0900
LINKUSDT,2026.07.12,09:45:00,8.022000,8.032000,8.018000,8.025000,75928.1400
LINKUSDT,2026.07.12,10:00:00,8.025000,8.025000,8.003000,8.010000,53980.6300
LINKUSDT,2026.07.12,10:15:00,8.010000,8.025000,8.006000,8.017000,32322.7700
LINKUSDT,2026.07.12,10:30:00,8.017000,8.022000,8.011000,8.016000,59033.3600
LINKUSDT,2026.07.12,10:45:00,8.016000,8.020000,8.010000,8.019000,41196.1300
LINKUSDT,2026.07.12,11:00:00,8.019000,8.027000,7.993000,8.003000,82349.1000
LINKUSDT,2026.07.12,11:15:00,8.003000,8.020000,8.003000,8.020000,28439.1400
LINKUSDT,2026.07.12,11:30:00,8.020000,8.031000,8.018000,8.029000,77243.7200
LINKUSDT,2026.07.12,11:45:00,8.028000,8.034000,8.021000,8.025000,46390.6800
LINKUSDT,2026.07.12,12:00:00,8.024000,8.038000,8.017000,8.038000,64679.7800
LINKUSDT,2026.07.12,12:15:00,8.038000,8.054000,8.031000,8.041000,77151.2000
LINKUSDT,2026.07.12,12:30:00,8.041000,8.044000,8.032000,8.037000,43998.8800
LINKUSDT,2026.07.12,12:45:00,8.036000,8.050000,8.036000,8.047000,44770.2300
LINKUSDT,2026.07.12,13:00:00,8.046000,8.061000,8.042000,8.056000,84486.7900
LINKUSDT,2026.07.12,13:15:00,8.055000,8.063000,8.042000,8.050000,67088.7500
LINKUSDT,2026.07.12,13:30:00,8.050000,8.055000,8.039000,8.046000,70755.2900
LINKUSDT,2026.07.12,13:45:00,8.046000,8.049000,8.028000,8.029000,68994.1100
LINKUSDT,2026.07.12,14:00:00,8.029000,8.035000,8.013000,8.013000,73913.0200
LINKUSDT,2026.07.12,14:15:00,8.013000,8.021000,8.010000,8.011000,66159.2100
LINKUSDT,2026.07.12,14:30:00,8.010000,8.030000,8.010000,8.029000,46070.4100
LINKUSDT,2026.07.12,14:45:00,8.029000,8.101000,8.028000,8.083000,386600.5800
LINKUSDT,2026.07.12,15:00:00,8.082000,8.086000,8.060000,8.074000,108884.2400
LINKUSDT,2026.07.12,15:15:00,8.074000,8.084000,8.054000,8.083000,86540.1400
LINKUSDT,2026.07.12,15:30:00,8.082000,8.087000,8.050000,8.060000,72089.1300
LINKUSDT,2026.07.12,15:45:00,8.059000,8.073000,8.058000,8.067000,55664.0600
LINKUSDT,2026.07.12,16:00:00,8.067000,8.074000,8.044000,8.047000,83775.9800
LINKUSDT,2026.07.12,16:15:00,8.047000,8.059000,8.047000,8.052000,61123.0500
LINKUSDT,2026.07.12,16:30:00,8.052000,8.052000,8.029000,8.034000,57969.8700
LINKUSDT,2026.07.12,16:45:00,8.034000,8.065000,8.028000,8.065000,82268.5100
LINKUSDT,2026.07.12,17:00:00,8.064000,8.076000,8.057000,8.058000,81699.4300
LINKUSDT,2026.07.12,17:15:00,8.057000,8.057000,8.041000,8.042000,52274.7300
LINKUSDT,2026.07.12,17:30:00,8.041000,8.056000,8.038000,8.051000,72735.6200
LINKUSDT,2026.07.12,17:45:00,8.050000,8.056000,8.016000,8.027000,84249.9700
LINKUSDT,2026.07.12,18:00:00,8.027000,8.038000,8.017000,8.022000,51618.4000
LINKUSDT,2026.07.12,18:15:00,8.022000,8.037000,8.016000,8.033000,34858.3000
LINKUSDT,2026.07.12,18:30:00,8.033000,8.045000,8.031000,8.041000,32857.5400
LINKUSDT,2026.07.12,18:45:00,8.040000,8.052000,8.040000,8.051000,21849.4600
LINKUSDT,2026.07.12,19:00:00,8.051000,8.060000,8.040000,8.041000,33073.8800
LINKUSDT,2026.07.12,19:15:00,8.041000,8.064000,8.040000,8.059000,38462.9800
LINKUSDT,2026.07.12,19:30:00,8.058000,8.058000,8.044000,8.052000,19245.7200
LINKUSDT,2026.07.12,19:45:00,8.052000,8.081000,8.051000,8.074000,47315.3600
LINKUSDT,2026.07.12,20:00:00,8.074000,8.084000,8.060000,8.068000,71314.5800
LINKUSDT,2026.07.12,20:15:00,8.067000,8.068000,8.060000,8.065000,24451.4300
LINKUSDT,2026.07.12,20:30:00,8.064000,8.082000,8.062000,8.079000,32793.7400
LINKUSDT,2026.07.12,20:45:00,8.078000,8.082000,8.071000,8.079000,20918.9000
LINKUSDT,2026.07.12,21:00:00,8.078000,8.099000,8.075000,8.088000,58458.1000
LINKUSDT,2026.07.12,21:15:00,8.087000,8.088000,8.062000,8.070000,38633.2700
LINKUSDT,2026.07.12,21:30:00,8.069000,8.069000,8.045000,8.059000,37627.6600
LINKUSDT,2026.07.12,21:45:00,8.059000,8.059000,8.038000,8.039000,31739.4500
LINKUSDT,2026.07.12,22:00:00,8.038000,8.038000,7.970000,7.971000,278100.8800
LINKUSDT,2026.07.12,22:15:00,7.970000,7.979000,7.945000,7.972000,134732.0400
LINKUSDT,2026.07.12,22:30:00,7.973000,7.981000,7.952000,7.957000,58605.5300
LINKUSDT,2026.07.12,22:45:00,7.956000,7.986000,7.941000,7.982000,73780.5200
LINKUSDT,2026.07.12,23:00:00,7.981000,7.981000,7.961000,7.971000,85225.8700
LINKUSDT,2026.07.12,23:15:00,7.970000,7.985000,7.967000,7.985000,29443.7700
LINKUSDT,2026.07.12,23:30:00,7.985000,7.998000,7.979000,7.989000,62402.0500
LINKUSDT,2026.07.12,23:45:00,7.989000,8.003000,7.972000,7.992000,52344.6100
LINKUSDT,2026.07.13,00:00:00,7.991000,8.133000,7.974000,8.114000,447041.7500
LINKUSDT,2026.07.13,00:15:00,8.114000,8.134000,8.101000,8.106000,239339.1300
LINKUSDT,2026.07.13,00:30:00,8.107000,8.113000,7.996000,8.033000,286617.5100
LINKUSDT,2026.07.13,00:45:00,8.033000,8.096000,8.031000,8.085000,138604.4000
LINKUSDT,2026.07.13,01:00:00,8.085000,8.089000,8.022000,8.077000,215258.5600
LINKUSDT,2026.07.13,01:15:00,8.077000,8.109000,8.045000,8.054000,200216.6300
LINKUSDT,2026.07.13,01:30:00,8.053000,8.067000,8.032000,8.056000,107450.1300
LINKUSDT,2026.07.13,01:45:00,8.056000,8.057000,7.966000,7.972000,256840.7200
LINKUSDT,2026.07.13,02:00:00,7.973000,7.992000,7.944000,7.991000,237289.6500
LINKUSDT,2026.07.13,02:15:00,7.992000,8.016000,7.988000,8.004000,120287.8400
LINKUSDT,2026.07.13,02:30:00,8.004000,8.006000,7.973000,7.996000,109598.7200
LINKUSDT,2026.07.13,02:45:00,7.995000,8.000000,7.973000,7.973000,42071.7100
LINKUSDT,2026.07.13,03:00:00,7.973000,7.975000,7.898000,7.917000,326369.7200
LINKUSDT,2026.07.13,03:15:00,7.917000,7.943000,7.890000,7.939000,142403.8100
LINKUSDT,2026.07.13,03:30:00,7.938000,7.938000,7.862000,7.900000,289675.7000
LINKUSDT,2026.07.13,03:45:00,7.900000,7.921000,7.896000,7.917000,58853.0400
LINKUSDT,2026.07.13,04:00:00,7.917000,7.927000,7.900000,7.918000,89381.3200
LINKUSDT,2026.07.13,04:15:00,7.918000,7.943000,7.917000,7.937000,69410.0300
LINKUSDT,2026.07.13,04:30:00,7.936000,7.939000,7.904000,7.907000,56850.1400
LINKUSDT,2026.07.13,04:45:00,7.907000,7.931000,7.902000,7.907000,168954.7000
LINKUSDT,2026.07.13,05:00:00,7.907000,7.953000,7.880000,7.941000,121972.7400
LINKUSDT,2026.07.13,05:15:00,7.942000,7.951000,7.920000,7.923000,65110.1800
LINKUSDT,2026.07.13,05:30:00,7.923000,7.957000,7.904000,7.953000,111838.3700
LINKUSDT,2026.07.13,05:45:00,7.952000,7.952000,7.937000,7.947000,58479.1800
LINKUSDT,2026.07.13,06:00:00,7.948000,7.962000,7.930000,7.932000,59252.1300
LINKUSDT,2026.07.13,06:15:00,7.933000,7.945000,7.926000,7.945000,48182.4600
LINKUSDT,2026.07.13,06:30:00,7.946000,7.953000,7.932000,7.943000,42545.5800
LINKUSDT,2026.07.13,06:45:00,7.942000,7.944000,7.931000,7.943000,31487.3400
LINKUSDT,2026.07.13,07:00:00,7.943000,7.962000,7.935000,7.953000,58942.0800
LINKUSDT,2026.07.13,07:15:00,7.953000,7.979000,7.945000,7.979000,87394.2200
LINKUSDT,2026.07.13,07:30:00,7.978000,7.991000,7.972000,7.974000,71449.1400
LINKUSDT,2026.07.13,07:45:00,7.974000,7.982000,7.965000,7.974000,43057.8200
LINKUSDT,2026.07.13,08:00:00,7.975000,7.992000,7.975000,7.991000,71718.7700
LINKUSDT,2026.07.13,08:15:00,7.991000,8.000000,7.980000,7.983000,54361.6900
LINKUSDT,2026.07.13,08:30:00,7.983000,7.989000,7.957000,7.983000,59121.7400
LINKUSDT,2026.07.13,08:45:00,7.983000,8.012000,7.981000,7.997000,61065.7900
LINKUSDT,2026.07.13,09:00:00,7.997000,7.998000,7.988000,7.992000,47910.8400
LINKUSDT,2026.07.13,09:15:00,7.991000,7.991000,7.979000,7.987000,41674.5200
LINKUSDT,2026.07.13,09:30:00,7.986000,7.995000,7.981000,7.984000,71182.5100
LINKUSDT,2026.07.13,09:45:00,7.983000,7.998000,7.979000,7.992000,59232.9700
LINKUSDT,2026.07.13,10:00:00,7.992000,7.994000,7.970000,7.976000,59546.8200
LINKUSDT,2026.07.13,10:15:00,7.976000,7.992000,7.975000,7.981000,32150.0100
LINKUSDT,2026.07.13,10:30:00,7.981000,7.992000,7.959000,7.959000,109725.8500
LINKUSDT,2026.07.13,10:45:00,7.960000,7.965000,7.943000,7.947000,105548.0800
LINKUSDT,2026.07.13,11:00:00,7.947000,7.971000,7.944000,7.953000,130625.7900
LINKUSDT,2026.07.13,11:15:00,7.954000,7.955000,7.935000,7.938000,59226.6500
LINKUSDT,2026.07.13,11:30:00,7.937000,7.939000,7.929000,7.936000,70788.1500
LINKUSDT,2026.07.13,11:45:00,7.935000,7.950000,7.926000,7.931000,78220.3200
LINKUSDT,2026.07.13,12:00:00,7.931000,7.942000,7.923000,7.930000,79775.1000
LINKUSDT,2026.07.13,12:15:00,7.930000,7.938000,7.910000,7.912000,80831.6900
LINKUSDT,2026.07.13,12:30:00,7.911000,7.916000,7.882000,7.889000,168048.3300
LINKUSDT,2026.07.13,12:45:00,7.889000,7.899000,7.889000,7.899000,66794.6900
LINKUSDT,2026.07.13,13:00:00,7.898000,7.902000,7.881000,7.881000,62499.5200
LINKUSDT,2026.07.13,13:15:00,7.881000,7.902000,7.865000,7.893000,135507.6200
LINKUSDT,2026.07.13,13:30:00,7.894000,7.928000,7.878000,7.901000,210077.8600
LINKUSDT,2026.07.13,13:45:00,7.900000,7.906000,7.876000,7.905000,204935.3100
LINKUSDT,2026.07.13,14:00:00,7.904000,7.930000,7.898000,7.928000,173703.1700
LINKUSDT,2026.07.13,14:15:00,7.927000,7.954000,7.845000,7.927000,543190.9800
LINKUSDT,2026.07.13,14:30:00,7.927000,7.952000,7.916000,7.946000,114995.5300
LINKUSDT,2026.07.13,14:45:00,7.945000,7.971000,7.940000,7.970000,124088.4300
LINKUSDT,2026.07.13,15:00:00,7.969000,7.983000,7.954000,7.955000,125179.1300
LINKUSDT,2026.07.13,15:15:00,7.955000,7.989000,7.954000,7.975000,81788.6100
LINKUSDT,2026.07.13,15:30:00,7.975000,7.985000,7.939000,7.949000,100370.3300
LINKUSDT,2026.07.13,15:45:00,7.949000,7.952000,7.931000,7.932000,76343.6000
LINKUSDT,2026.07.13,16:00:00,7.932000,7.951000,7.924000,7.932000,139479.5600
LINKUSDT,2026.07.13,16:15:00,7.931000,7.931000,7.898000,7.907000,81978.2600
LINKUSDT,2026.07.13,16:30:00,7.906000,7.915000,7.882000,7.912000,131110.2700
LINKUSDT,2026.07.13,16:45:00,7.912000,7.922000,7.885000,7.889000,59063.8300
LINKUSDT,2026.07.13,17:00:00,7.889000,7.902000,7.880000,7.892000,227965.6000
LINKUSDT,2026.07.13,17:15:00,7.892000,7.894000,7.873000,7.876000,62585.1000
LINKUSDT,2026.07.13,17:30:00,7.877000,7.880000,7.826000,7.855000,291205.9200
LINKUSDT,2026.07.13,17:45:00,7.854000,7.861000,7.791000,7.796000,306337.7200
LINKUSDT,2026.07.13,18:00:00,7.796000,7.833000,7.788000,7.817000,273076.8700
LINKUSDT,2026.07.13,18:15:00,7.816000,7.838000,7.802000,7.833000,158290.3900
LINKUSDT,2026.07.13,18:30:00,7.832000,7.847000,7.823000,7.845000,132619.9100
LINKUSDT,2026.07.13,18:45:00,7.845000,7.863000,7.834000,7.840000,46416.3900
LINKUSDT,2026.07.13,19:00:00,7.840000,7.856000,7.837000,7.854000,52606.8700
LINKUSDT,2026.07.13,19:15:00,7.854000,7.862000,7.848000,7.850000,82205.0200
LINKUSDT,2026.07.13,19:30:00,7.851000,7.891000,7.851000,7.891000,69240.6000
LINKUSDT,2026.07.13,19:45:00,7.890000,7.908000,7.884000,7.900000,139309.4100
LINKUSDT,2026.07.13,20:00:00,7.900000,7.909000,7.878000,7.879000,82904.0700
LINKUSDT,2026.07.13,20:15:00,7.880000,7.881000,7.856000,7.877000,95688.0100
LINKUSDT,2026.07.13,20:30:00,7.876000,7.882000,7.864000,7.865000,30069.2300
LINKUSDT,2026.07.13,20:45:00,7.866000,7.868000,7.845000,7.866000,80966.8000
LINKUSDT,2026.07.13,21:00:00,7.866000,7.866000,7.835000,7.844000,91038.6600
LINKUSDT,2026.07.13,21:15:00,7.844000,7.845000,7.827000,7.828000,67043.0600
LINKUSDT,2026.07.13,21:30:00,7.827000,7.832000,7.791000,7.809000,81174.6500
LINKUSDT,2026.07.13,21:45:00,7.808000,7.827000,7.792000,7.821000,73631.7000
LINKUSDT,2026.07.13,22:00:00,7.821000,7.849000,7.820000,7.846000,57052.2700
LINKUSDT,2026.07.13,22:15:00,7.845000,7.861000,7.845000,7.847000,29997.9100
LINKUSDT,2026.07.13,22:30:00,7.846000,7.851000,7.834000,7.845000,19703.8900
LINKUSDT,2026.07.13,22:45:00,7.845000,7.851000,7.825000,7.826000,32811.5700
LINKUSDT,2026.07.13,23:00:00,7.826000,7.841000,7.815000,7.839000,52250.3400
LINKUSDT,2026.07.13,23:15:00,7.839000,7.859000,7.838000,7.846000,40223.1800
LINKUSDT,2026.07.13,23:30:00,7.845000,7.851000,7.841000,7.845000,45095.1600
LINKUSDT,2026.07.13,23:45:00,7.844000,7.886000,7.843000,7.886000,83911.2000
LINKUSDT,2026.07.14,00:00:00,7.886000,7.911000,7.873000,7.903000,198200.5600
LINKUSDT,2026.07.14,00:15:00,7.902000,7.911000,7.893000,7.902000,80905.2100
LINKUSDT,2026.07.14,00:30:00,7.901000,7.920000,7.898000,7.904000,58847.6200
LINKUSDT,2026.07.14,00:45:00,7.904000,7.957000,7.904000,7.950000,129137.8800
LINKUSDT,2026.07.14,01:00:00,7.950000,7.957000,7.925000,7.927000,186823.3400
LINKUSDT,2026.07.14,01:15:00,7.927000,7.957000,7.923000,7.934000,82028.7800
LINKUSDT,2026.07.14,01:30:00,7.935000,7.937000,7.913000,7.927000,45064.8000
LINKUSDT,2026.07.14,01:45:00,7.927000,7.935000,7.921000,7.929000,29660.9500
LINKUSDT,2026.07.14,02:00:00,7.929000,7.947000,7.921000,7.929000,46350.8200
LINKUSDT,2026.07.14,02:15:00,7.928000,7.935000,7.891000,7.902000,134950.4100
LINKUSDT,2026.07.14,02:30:00,7.902000,7.932000,7.898000,7.930000,45311.2100
LINKUSDT,2026.07.14,02:45:00,7.929000,7.942000,7.913000,7.917000,33968.5400
LINKUSDT,2026.07.14,03:00:00,7.917000,7.922000,7.881000,7.883000,54019.0100
LINKUSDT,2026.07.14,03:15:00,7.883000,7.890000,7.860000,7.890000,71828.8900
LINKUSDT,2026.07.14,03:30:00,7.890000,7.915000,7.889000,7.902000,54683.9300
LINKUSDT,2026.07.14,03:45:00,7.901000,7.918000,7.898000,7.917000,31598.4100
LINKUSDT,2026.07.14,04:00:00,7.917000,7.934000,7.911000,7.915000,69873.0400
LINKUSDT,2026.07.14,04:15:00,7.914000,7.944000,7.910000,7.943000,40256.8400
LINKUSDT,2026.07.14,04:30:00,7.943000,7.964000,7.939000,7.950000,58003.6000
LINKUSDT,2026.07.14,04:45:00,7.950000,7.952000,7.935000,7.943000,39953.5600
LINKUSDT,2026.07.14,05:00:00,7.942000,7.978000,7.936000,7.977000,74748.4600
LINKUSDT,2026.07.14,05:15:00,7.977000,7.990000,7.968000,7.974000,65129.0800
LINKUSDT,2026.07.14,05:30:00,7.974000,7.982000,7.940000,7.953000,69996.2600
LINKUSDT,2026.07.14,05:45:00,7.953000,7.963000,7.941000,7.960000,56209.7300
LINKUSDT,2026.07.14,06:00:00,7.960000,7.962000,7.948000,7.953000,31064.3100
LINKUSDT,2026.07.14,06:15:00,7.953000,7.960000,7.944000,7.949000,37807.8900
LINKUSDT,2026.07.14,06:30:00,7.948000,7.956000,7.937000,7.952000,34208.1700
LINKUSDT,2026.07.14,06:45:00,7.952000,7.955000,7.925000,7.936000,52741.1700
LINKUSDT,2026.07.14,07:00:00,7.935000,7.935000,7.916000,7.929000,74617.6500
LINKUSDT,2026.07.14,07:15:00,7.929000,7.953000,7.925000,7.950000,45510.1300
LINKUSDT,2026.07.14,07:30:00,7.949000,7.949000,7.921000,7.926000,35754.7000
LINKUSDT,2026.07.14,07:45:00,7.926000,7.926000,7.912000,7.919000,43311.1600
LINKUSDT,2026.07.14,08:00:00,7.918000,7.924000,7.892000,7.903000,145430.4400
LINKUSDT,2026.07.14,08:15:00,7.903000,7.934000,7.903000,7.928000,46478.8300
LINKUSDT,2026.07.14,08:30:00,7.927000,7.950000,7.921000,7.945000,60840.6700
LINKUSDT,2026.07.14,08:45:00,7.944000,7.948000,7.929000,7.932000,26185.1800
LINKUSDT,2026.07.14,09:00:00,7.933000,7.944000,7.929000,7.939000,30218.7300
LINKUSDT,2026.07.14,09:15:00,7.939000,7.946000,7.924000,7.924000,21661.4100
LINKUSDT,2026.07.14,09:30:00,7.923000,7.926000,7.908000,7.920000,40451.2500
LINKUSDT,2026.07.14,09:45:00,7.919000,7.928000,7.913000,7.919000,25409.7300
LINKUSDT,2026.07.14,10:00:00,7.919000,7.942000,7.917000,7.937000,42181.0000
LINKUSDT,2026.07.14,10:15:00,7.937000,7.939000,7.924000,7.925000,30894.0200
LINKUSDT,2026.07.14,10:30:00,7.925000,7.947000,7.911000,7.946000,86213.7500
LINKUSDT,2026.07.14,10:45:00,7.947000,7.978000,7.945000,7.965000,85719.9500
LINKUSDT,2026.07.14,11:00:00,7.965000,7.968000,7.947000,7.968000,31789.8900
LINKUSDT,2026.07.14,11:15:00,7.967000,7.978000,7.960000,7.977000,55107.8600
LINKUSDT,2026.07.14,11:30:00,7.976000,7.981000,7.971000,7.978000,45463.8400
LINKUSDT,2026.07.14,11:45:00,7.977000,7.994000,7.974000,7.988000,121777.7600
LINKUSDT,2026.07.14,12:00:00,7.988000,7.991000,7.945000,7.954000,127925.6400
LINKUSDT,2026.07.14,12:15:00,7.953000,7.992000,7.951000,7.973000,81164.5200
LINKUSDT,2026.07.14,12:30:00,7.973000,8.091000,7.969000,8.063000,755341.7100
LINKUSDT,2026.07.14,12:45:00,8.064000,8.210000,8.064000,8.184000,853178.2000
LINKUSDT,2026.07.14,13:00:00,8.185000,8.225000,8.169000,8.180000,385327.1200
LINKUSDT,2026.07.14,13:15:00,8.180000,8.330000,8.180000,8.296000,643775.3200
LINKUSDT,2026.07.14,13:30:00,8.296000,8.302000,8.241000,8.254000,301703.1200
LINKUSDT,2026.07.14,13:45:00,8.254000,8.304000,8.239000,8.301000,217347.3900
LINKUSDT,2026.07.14,14:00:00,8.302000,8.306000,8.250000,8.297000,220306.8200
LINKUSDT,2026.07.14,14:15:00,8.296000,8.308000,8.268000,8.305000,333708.8700
LINKUSDT,2026.07.14,14:30:00,8.305000,8.350000,8.293000,8.299000,402167.1200
LINKUSDT,2026.07.14,14:45:00,8.298000,8.351000,8.286000,8.334000,159017.1300
LINKUSDT,2026.07.14,15:00:00,8.335000,8.346000,8.313000,8.323000,196011.6100
LINKUSDT,2026.07.14,15:15:00,8.324000,8.371000,8.316000,8.367000,145696.4700
LINKUSDT,2026.07.14,15:30:00,8.368000,8.408000,8.312000,8.330000,378003.3000
LINKUSDT,2026.07.14,15:45:00,8.329000,8.342000,8.288000,8.295000,137217.5300
LINKUSDT,2026.07.14,16:00:00,8.296000,8.306000,8.265000,8.281000,351551.4400
LINKUSDT,2026.07.14,16:15:00,8.281000,8.315000,8.261000,8.306000,231567.4700
LINKUSDT,2026.07.14,16:30:00,8.307000,8.311000,8.280000,8.281000,61117.5700
LINKUSDT,2026.07.14,16:45:00,8.282000,8.286000,8.266000,8.268000,60829.9200
LINKUSDT,2026.07.14,17:00:00,8.269000,8.270000,8.197000,8.240000,260021.2400
LINKUSDT,2026.07.14,17:15:00,8.239000,8.254000,8.221000,8.246000,111702.8400
LINKUSDT,2026.07.14,17:30:00,8.246000,8.252000,8.234000,8.250000,55214.9700
LINKUSDT,2026.07.14,17:45:00,8.250000,8.280000,8.242000,8.260000,80666.4100
LINKUSDT,2026.07.14,18:00:00,8.260000,8.271000,8.236000,8.238000,76924.1600
LINKUSDT,2026.07.14,18:15:00,8.239000,8.253000,8.239000,8.248000,26574.9600
LINKUSDT,2026.07.14,18:30:00,8.248000,8.264000,8.238000,8.248000,94640.8700
LINKUSDT,2026.07.14,18:45:00,8.249000,8.269000,8.249000,8.266000,33949.3900
LINKUSDT,2026.07.14,19:00:00,8.266000,8.284000,8.264000,8.283000,43778.4100
LINKUSDT,2026.07.14,19:15:00,8.283000,8.293000,8.264000,8.271000,47190.7400
LINKUSDT,2026.07.14,19:30:00,8.271000,8.278000,8.254000,8.276000,48532.2100
LINKUSDT,2026.07.14,19:45:00,8.277000,8.295000,8.277000,8.288000,92162.6600
LINKUSDT,2026.07.14,20:00:00,8.289000,8.295000,8.281000,8.281000,46232.5400
LINKUSDT,2026.07.14,20:15:00,8.280000,8.294000,8.278000,8.291000,26725.5100
LINKUSDT,2026.07.14,20:30:00,8.291000,8.295000,8.284000,8.291000,26710.0800
LINKUSDT,2026.07.14,20:45:00,8.291000,8.292000,8.277000,8.283000,25739.2900
LINKUSDT,2026.07.14,21:00:00,8.283000,8.293000,8.279000,8.289000,36090.8800
LINKUSDT,2026.07.14,21:15:00,8.289000,8.297000,8.285000,8.293000,41937.9100
LINKUSDT,2026.07.14,21:30:00,8.293000,8.303000,8.286000,8.287000,37233.1300
LINKUSDT,2026.07.14,21:45:00,8.286000,8.286000,8.265000,8.266000,40571.2500
LINKUSDT,2026.07.14,22:00:00,8.266000,8.269000,8.248000,8.251000,71341.7300
LINKUSDT,2026.07.14,22:15:00,8.251000,8.302000,8.246000,8.282000,110909.1600
LINKUSDT,2026.07.14,22:30:00,8.283000,8.326000,8.282000,8.297000,147049.4400
LINKUSDT,2026.07.14,22:45:00,8.298000,8.304000,8.284000,8.285000,45267.4900
LINKUSDT,2026.07.14,23:00:00,8.285000,8.319000,8.274000,8.309000,77393.9200
LINKUSDT,2026.07.14,23:15:00,8.309000,8.315000,8.297000,8.315000,39021.1400
LINKUSDT,2026.07.14,23:30:00,8.315000,8.335000,8.315000,8.333000,58306.2700
LINKUSDT,2026.07.14,23:45:00,8.334000,8.349000,8.334000,8.342000,75488.2500
LINKUSDT,2026.07.15,00:00:00,8.343000,8.355000,8.321000,8.331000,115916.3400
LINKUSDT,2026.07.15,00:15:00,8.330000,8.332000,8.305000,8.319000,68449.9100
LINKUSDT,2026.07.15,00:30:00,8.318000,8.324000,8.302000,8.322000,77131.2800
LINKUSDT,2026.07.15,00:45:00,8.323000,8.350000,8.323000,8.350000,39925.9500
LINKUSDT,2026.07.15,01:00:00,8.351000,8.353000,8.318000,8.334000,62940.5000
LINKUSDT,2026.07.15,01:15:00,8.334000,8.347000,8.328000,8.339000,59994.4500
LINKUSDT,2026.07.15,01:30:00,8.339000,8.342000,8.309000,8.317000,73413.7000
LINKUSDT,2026.07.15,01:45:00,8.318000,8.319000,8.302000,8.310000,76239.4000
LINKUSDT,2026.07.15,02:00:00,8.310000,8.310000,8.292000,8.296000,58774.9300
LINKUSDT,2026.07.15,02:15:00,8.296000,8.296000,8.266000,8.267000,62573.2600
LINKUSDT,2026.07.15,02:30:00,8.267000,8.280000,8.264000,8.274000,48286.4800
LINKUSDT,2026.07.15,02:45:00,8.275000,8.279000,8.269000,8.273000,28750.4100
LINKUSDT,2026.07.15,03:00:00,8.273000,8.291000,8.264000,8.289000,86664.4000
LINKUSDT,2026.07.15,03:15:00,8.288000,8.288000,8.274000,8.275000,27694.6800
LINKUSDT,2026.07.15,03:30:00,8.275000,8.306000,8.271000,8.299000,163984.2900
LINKUSDT,2026.07.15,03:45:00,8.300000,8.334000,8.300000,8.317000,87736.6600
LINKUSDT,2026.07.15,04:00:00,8.317000,8.357000,8.314000,8.342000,218292.1700
LINKUSDT,2026.07.15,04:15:00,8.342000,8.347000,8.319000,8.319000,37162.4300
LINKUSDT,2026.07.15,04:30:00,8.319000,8.333000,8.309000,8.325000,49752.4900
LINKUSDT,2026.07.15,04:45:00,8.326000,8.340000,8.322000,8.326000,34247.4500
LINKUSDT,2026.07.15,05:00:00,8.327000,8.338000,8.311000,8.318000,46940.4200
LINKUSDT,2026.07.15,05:15:00,8.317000,8.334000,8.312000,8.312000,59492.2800
LINKUSDT,2026.07.15,05:30:00,8.313000,8.346000,8.313000,8.336000,30911.6100
LINKUSDT,2026.07.15,05:45:00,8.337000,8.384000,8.336000,8.381000,52998.3600
LINKUSDT,2026.07.15,06:00:00,8.380000,8.397000,8.368000,8.384000,103974.6500
LINKUSDT,2026.07.15,06:15:00,8.384000,8.393000,8.375000,8.381000,57217.0300
LINKUSDT,2026.07.15,06:30:00,8.381000,8.407000,8.378000,8.393000,187705.8800
LINKUSDT,2026.07.15,06:45:00,8.393000,8.398000,8.359000,8.359000,66467.8000
LINKUSDT,2026.07.15,07:00:00,8.360000,8.364000,8.349000,8.361000,74856.2000
LINKUSDT,2026.07.15,07:15:00,8.361000,8.362000,8.306000,8.312000,120744.0200
LINKUSDT,2026.07.15,07:30:00,8.312000,8.331000,8.308000,8.331000,58566.1900
LINKUSDT,2026.07.15,07:45:00,8.332000,8.337000,8.324000,8.329000,32964.8500
LINKUSDT,2026.07.15,08:00:00,8.330000,8.362000,8.325000,8.352000,249539.3500
LINKUSDT,2026.07.15,08:15:00,8.353000,8.377000,8.352000,8.374000,47651.1400
LINKUSDT,2026.07.15,08:30:00,8.375000,8.395000,8.371000,8.394000,110417.1200
LINKUSDT,2026.07.15,08:45:00,8.395000,8.396000,8.364000,8.376000,80697.5800
LINKUSDT,2026.07.15,09:00:00,8.376000,8.391000,8.373000,8.384000,66835.8700
LINKUSDT,2026.07.15,09:15:00,8.384000,8.435000,8.384000,8.393000,248547.3400
LINKUSDT,2026.07.15,09:30:00,8.392000,8.393000,8.373000,8.375000,53178.6700
LINKUSDT,2026.07.15,09:45:00,8.375000,8.375000,8.362000,8.366000,57361.5400
LINKUSDT,2026.07.15,10:00:00,8.366000,8.381000,8.357000,8.358000,73664.3500
LINKUSDT,2026.07.15,10:15:00,8.358000,8.361000,8.326000,8.329000,184905.2400
LINKUSDT,2026.07.15,10:30:00,8.330000,8.379000,8.330000,8.356000,166873.2700
LINKUSDT,2026.07.15,10:45:00,8.357000,8.359000,8.326000,8.330000,79590.4000
LINKUSDT,2026.07.15,11:00:00,8.329000,8.363000,8.325000,8.353000,158318.8300
LINKUSDT,2026.07.15,11:15:00,8.353000,8.360000,8.350000,8.354000,34020.2600
LINKUSDT,2026.07.15,11:30:00,8.355000,8.382000,8.355000,8.382000,66151.6800
LINKUSDT,2026.07.15,11:45:00,8.382000,8.428000,8.382000,8.420000,227856.0800
LINKUSDT,2026.07.15,12:00:00,8.420000,8.425000,8.397000,8.417000,96046.1700
LINKUSDT,2026.07.15,12:15:00,8.418000,8.439000,8.402000,8.427000,174923.4300
LINKUSDT,2026.07.15,12:30:00,8.426000,8.477000,8.422000,8.456000,331377.5800
LINKUSDT,2026.07.15,12:45:00,8.457000,8.573000,8.437000,8.573000,572580.0600
LINKUSDT,2026.07.15,13:00:00,8.572000,8.632000,8.564000,8.581000,442221.6900
LINKUSDT,2026.07.15,13:15:00,8.580000,8.611000,8.563000,8.588000,258900.6500
LINKUSDT,2026.07.15,13:30:00,8.588000,8.614000,8.540000,8.540000,238699.5500
LINKUSDT,2026.07.15,13:45:00,8.540000,8.540000,8.480000,8.506000,275791.1100
LINKUSDT,2026.07.15,14:00:00,8.507000,8.555000,8.502000,8.528000,165577.7900
LINKUSDT,2026.07.15,14:15:00,8.529000,8.552000,8.485000,8.520000,187256.5700
LINKUSDT,2026.07.15,14:30:00,8.520000,8.552000,8.502000,8.526000,253736.7800
LINKUSDT,2026.07.15,14:45:00,8.525000,8.556000,8.510000,8.554000,85548.5600
LINKUSDT,2026.07.15,15:00:00,8.554000,8.612000,8.537000,8.564000,237934.2500
LINKUSDT,2026.07.15,15:15:00,8.565000,8.574000,8.539000,8.565000,115444.4400
LINKUSDT,2026.07.15,15:30:00,8.565000,8.581000,8.553000,8.562000,80908.2100
LINKUSDT,2026.07.15,15:45:00,8.562000,8.571000,8.542000,8.549000,81167.1400
LINKUSDT,2026.07.15,16:00:00,8.550000,8.556000,8.484000,8.493000,351628.4300
LINKUSDT,2026.07.15,16:15:00,8.493000,8.503000,8.463000,8.495000,132422.9000
LINKUSDT,2026.07.15,16:30:00,8.496000,8.498000,8.420000,8.450000,281737.0300
LINKUSDT,2026.07.15,16:45:00,8.450000,8.486000,8.443000,8.475000,148074.6100
LINKUSDT,2026.07.15,17:00:00,8.475000,8.502000,8.473000,8.488000,114406.2500
LINKUSDT,2026.07.15,17:15:00,8.487000,8.518000,8.482000,8.517000,117321.9300
LINKUSDT,2026.07.15,17:30:00,8.517000,8.538000,8.511000,8.533000,102823.9600
LINKUSDT,2026.07.15,17:45:00,8.534000,8.565000,8.516000,8.542000,144723.2800
LINKUSDT,2026.07.15,18:00:00,8.541000,8.560000,8.525000,8.557000,77179.4500
LINKUSDT,2026.07.15,18:15:00,8.556000,8.559000,8.526000,8.528000,66254.5800
LINKUSDT,2026.07.15,18:30:00,8.528000,8.550000,8.514000,8.515000,45513.3600
LINKUSDT,2026.07.15,18:45:00,8.516000,8.525000,8.488000,8.500000,80981.2900
LINKUSDT,2026.07.15,19:00:00,8.500000,8.526000,8.498000,8.515000,53401.5000
LINKUSDT,2026.07.15,19:15:00,8.515000,8.517000,8.482000,8.506000,69484.3800
LINKUSDT,2026.07.15,19:30:00,8.506000,8.521000,8.502000,8.512000,39571.4000
LINKUSDT,2026.07.15,19:45:00,8.511000,8.519000,8.484000,8.499000,59854.3800
LINKUSDT,2026.07.15,20:00:00,8.500000,8.513000,8.484000,8.496000,59745.8800
LINKUSDT,2026.07.15,20:15:00,8.495000,8.519000,8.494000,8.509000,21750.6300
LINKUSDT,2026.07.15,20:30:00,8.510000,8.535000,8.510000,8.522000,59305.6700
LINKUSDT,2026.07.15,20:45:00,8.522000,8.527000,8.506000,8.509000,46356.6900
LINKUSDT,2026.07.15,21:00:00,8.509000,8.525000,8.497000,8.512000,41509.8200
LINKUSDT,2026.07.15,21:15:00,8.511000,8.539000,8.508000,8.523000,62200.6200
LINKUSDT,2026.07.15,21:30:00,8.523000,8.530000,8.504000,8.523000,57710.6600
LINKUSDT,2026.07.15,21:45:00,8.522000,8.537000,8.512000,8.536000,39884.8400
LINKUSDT,2026.07.15,22:00:00,8.536000,8.548000,8.517000,8.531000,65103.2000
LINKUSDT,2026.07.15,22:15:00,8.531000,8.557000,8.525000,8.556000,41277.9000
LINKUSDT,2026.07.15,22:30:00,8.557000,8.570000,8.551000,8.553000,111923.2900
LINKUSDT,2026.07.15,22:45:00,8.553000,8.580000,8.532000,8.544000,157091.1000
LINKUSDT,2026.07.15,23:00:00,8.544000,8.563000,8.542000,8.552000,48852.6800
LINKUSDT,2026.07.15,23:15:00,8.552000,8.558000,8.536000,8.544000,32815.0500
LINKUSDT,2026.07.15,23:30:00,8.544000,8.549000,8.514000,8.528000,61655.7100
LINKUSDT,2026.07.15,23:45:00,8.528000,8.543000,8.517000,8.535000,49953.2100
LINKUSDT,2026.07.16,00:00:00,8.535000,8.559000,8.509000,8.559000,246045.2500
LINKUSDT,2026.07.16,00:15:00,8.559000,8.561000,8.503000,8.509000,124403.0100
LINKUSDT,2026.07.16,00:30:00,8.510000,8.515000,8.490000,8.493000,62650.3700
LINKUSDT,2026.07.16,00:45:00,8.493000,8.501000,8.478000,8.483000,54989.3100
LINKUSDT,2026.07.16,01:00:00,8.482000,8.495000,8.468000,8.471000,85010.5600
LINKUSDT,2026.07.16,01:15:00,8.471000,8.479000,8.447000,8.470000,125206.7300
LINKUSDT,2026.07.16,01:30:00,8.471000,8.502000,8.470000,8.477000,81842.9600
LINKUSDT,2026.07.16,01:45:00,8.478000,8.517000,8.475000,8.512000,76790.8300
LINKUSDT,2026.07.16,02:00:00,8.511000,8.532000,8.508000,8.512000,111927.9200
LINKUSDT,2026.07.16,02:15:00,8.512000,8.515000,8.495000,8.514000,61323.9800
LINKUSDT,2026.07.16,02:30:00,8.514000,8.520000,8.500000,8.502000,41081.7000
LINKUSDT,2026.07.16,02:45:00,8.503000,8.530000,8.501000,8.526000,29740.2500
LINKUSDT,2026.07.16,03:00:00,8.526000,8.545000,8.520000,8.533000,110678.8700
LINKUSDT,2026.07.16,03:15:00,8.533000,8.534000,8.513000,8.526000,55168.5200
LINKUSDT,2026.07.16,03:30:00,8.526000,8.540000,8.524000,8.524000,31916.6800
LINKUSDT,2026.07.16,03:45:00,8.525000,8.528000,8.510000,8.526000,41601.7500
LINKUSDT,2026.07.16,04:00:00,8.526000,8.553000,8.520000,8.549000,69304.3000
LINKUSDT,2026.07.16,04:15:00,8.550000,8.550000,8.511000,8.543000,43846.5800
LINKUSDT,2026.07.16,04:30:00,8.543000,8.552000,8.533000,8.551000,26300.6300
LINKUSDT,2026.07.16,04:45:00,8.551000,8.555000,8.537000,8.544000,53671.3800
LINKUSDT,2026.07.16,05:00:00,8.545000,8.560000,8.526000,8.539000,130482.3500
LINKUSDT,2026.07.16,05:15:00,8.540000,8.564000,8.539000,8.547000,128578.6500
LINKUSDT,2026.07.16,05:30:00,8.548000,8.559000,8.536000,8.547000,85849.5300
LINKUSDT,2026.07.16,05:45:00,8.548000,8.551000,8.527000,8.534000,57808.7000
LINKUSDT,2026.07.16,06:00:00,8.534000,8.545000,8.513000,8.524000,107763.2700
LINKUSDT,2026.07.16,06:15:00,8.525000,8.525000,8.502000,8.508000,61105.1500
LINKUSDT,2026.07.16,06:30:00,8.509000,8.509000,8.477000,8.501000,87401.1200
LINKUSDT,2026.07.16,06:45:00,8.502000,8.526000,8.494000,8.526000,62101.3000
LINKUSDT,2026.07.16,07:00:00,8.526000,8.538000,8.515000,8.536000,43011.4100
LINKUSDT,2026.07.16,07:15:00,8.536000,8.548000,8.529000,8.534000,81039.5500
LINKUSDT,2026.07.16,07:30:00,8.534000,8.535000,8.461000,8.463000,233313.4700
LINKUSDT,2026.07.16,07:45:00,8.464000,8.513000,8.457000,8.513000,200887.8800
LINKUSDT,2026.07.16,08:00:00,8.512000,8.517000,8.406000,8.412000,559313.0900
LINKUSDT,2026.07.16,08:15:00,8.412000,8.452000,8.393000,8.452000,298466.4100
LINKUSDT,2026.07.16,08:30:00,8.452000,8.467000,8.431000,8.433000,117442.9600
LINKUSDT,2026.07.16,08:45:00,8.433000,8.464000,8.423000,8.436000,136689.9200
LINKUSDT,2026.07.16,09:00:00,8.436000,8.450000,8.432000,8.438000,75077.4300
LINKUSDT,2026.07.16,09:15:00,8.439000,8.443000,8.412000,8.414000,62256.9000
LINKUSDT,2026.07.16,09:30:00,8.413000,8.430000,8.407000,8.421000,75555.2200
LINKUSDT,2026.07.16,09:45:00,8.421000,8.428000,8.403000,8.407000,135808.2700
LINKUSDT,2026.07.16,10:00:00,8.408000,8.436000,8.400000,8.430000,80776.1600
LINKUSDT,2026.07.16,10:15:00,8.430000,8.436000,8.420000,8.429000,44150.5000
LINKUSDT,2026.07.16,10:30:00,8.428000,8.441000,8.421000,8.424000,44083.2200
LINKUSDT,2026.07.16,10:45:00,8.424000,8.439000,8.412000,8.437000,52147.6000
LINKUSDT,2026.07.16,11:00:00,8.438000,8.445000,8.421000,8.443000,121043.3900
LINKUSDT,2026.07.16,11:15:00,8.443000,8.450000,8.426000,8.427000,42033.7200
LINKUSDT,2026.07.16,11:30:00,8.427000,8.448000,8.420000,8.444000,60105.4800
LINKUSDT,2026.07.16,11:45:00,8.444000,8.447000,8.407000,8.442000,124666.1400
LINKUSDT,2026.07.16,12:00:00,8.443000,8.446000,8.413000,8.422000,156821.6700
LINKUSDT,2026.07.16,12:15:00,8.421000,8.431000,8.404000,8.431000,80253.7200
LINKUSDT,2026.07.16,12:30:00,8.432000,8.438000,8.372000,8.375000,218284.0300
LINKUSDT,2026.07.16,12:45:00,8.375000,8.408000,8.368000,8.384000,91508.9400
LINKUSDT,2026.07.16,13:00:00,8.384000,8.408000,8.378000,8.404000,119563.7900
LINKUSDT,2026.07.16,13:15:00,8.403000,8.456000,8.402000,8.456000,219627.4100
LINKUSDT,2026.07.16,13:30:00,8.456000,8.488000,8.445000,8.448000,471197.8500
LINKUSDT,2026.07.16,13:45:00,8.449000,8.468000,8.432000,8.445000,167420.5600
LINKUSDT,2026.07.16,14:00:00,8.445000,8.492000,8.440000,8.471000,124879.8900
LINKUSDT,2026.07.16,14:15:00,8.471000,8.491000,8.446000,8.469000,82959.8200
LINKUSDT,2026.07.16,14:30:00,8.469000,8.477000,8.449000,8.455000,47448.6100
LINKUSDT,2026.07.16,14:45:00,8.456000,8.457000,8.404000,8.442000,120455.1400
LINKUSDT,2026.07.16,15:00:00,8.442000,8.446000,8.383000,8.392000,81669.3800
LINKUSDT,2026.07.16,15:15:00,8.393000,8.473000,8.386000,8.460000,123659.3500
LINKUSDT,2026.07.16,15:30:00,8.460000,8.460000,8.432000,8.441000,87773.4900
LINKUSDT,2026.07.16,15:45:00,8.440000,8.464000,8.428000,8.440000,62005.8500
LINKUSDT,2026.07.16,16:00:00,8.440000,8.442000,8.386000,8.395000,234846.9900
LINKUSDT,2026.07.16,16:15:00,8.394000,8.431000,8.390000,8.426000,111037.5800
LINKUSDT,2026.07.16,16:30:00,8.426000,8.450000,8.420000,8.421000,284362.7200
LINKUSDT,2026.07.16,16:45:00,8.421000,8.433000,8.409000,8.420000,50423.8300
LINKUSDT,2026.07.16,17:00:00,8.420000,8.421000,8.364000,8.366000,199030.4800
LINKUSDT,2026.07.16,17:15:00,8.366000,8.398000,8.354000,8.386000,312992.2400
LINKUSDT,2026.07.16,17:30:00,8.387000,8.412000,8.384000,8.401000,77498.4900
LINKUSDT,2026.07.16,17:45:00,8.401000,8.401000,8.351000,8.374000,96958.0400
LINKUSDT,2026.07.16,18:00:00,8.374000,8.401000,8.367000,8.389000,105210.1000
LINKUSDT,2026.07.16,18:15:00,8.389000,8.411000,8.384000,8.392000,45746.0800
LINKUSDT,2026.07.16,18:30:00,8.391000,8.393000,8.365000,8.376000,62947.4800
LINKUSDT,2026.07.16,18:45:00,8.376000,8.398000,8.374000,8.389000,32580.2800
LINKUSDT,2026.07.16,19:00:00,8.388000,8.400000,8.380000,8.380000,46726.0700
LINKUSDT,2026.07.16,19:15:00,8.380000,8.389000,8.371000,8.384000,36547.5400
LINKUSDT,2026.07.16,19:30:00,8.383000,8.391000,8.374000,8.383000,113910.4600
LINKUSDT,2026.07.16,19:45:00,8.382000,8.410000,8.371000,8.401000,67487.5100
LINKUSDT,2026.07.16,20:00:00,8.401000,8.405000,8.392000,8.393000,35633.1700
LINKUSDT,2026.07.16,20:15:00,8.392000,8.418000,8.385000,8.411000,46202.7600
LINKUSDT,2026.07.16,20:30:00,8.412000,8.421000,8.403000,8.419000,25579.8900
LINKUSDT,2026.07.16,20:45:00,8.418000,8.421000,8.407000,8.409000,23749.0200
LINKUSDT,2026.07.16,21:00:00,8.409000,8.456000,8.406000,8.434000,78761.1200
LINKUSDT,2026.07.16,21:15:00,8.433000,8.454000,8.430000,8.448000,53488.3900
LINKUSDT,2026.07.16,21:30:00,8.448000,8.454000,8.434000,8.441000,66009.3500
LINKUSDT,2026.07.16,21:45:00,8.442000,8.442000,8.427000,8.434000,40757.1400
LINKUSDT,2026.07.16,22:00:00,8.434000,8.449000,8.431000,8.441000,40676.4400
LINKUSDT,2026.07.16,22:15:00,8.441000,8.441000,8.397000,8.397000,85320.5800
LINKUSDT,2026.07.16,22:30:00,8.397000,8.414000,8.376000,8.388000,74797.7100
LINKUSDT,2026.07.16,22:45:00,8.388000,8.391000,8.367000,8.376000,55297.9700
LINKUSDT,2026.07.16,23:00:00,8.375000,8.379000,8.351000,8.357000,70912.2000
LINKUSDT,2026.07.16,23:15:00,8.356000,8.356000,8.310000,8.321000,263263.6600
LINKUSDT,2026.07.16,23:30:00,8.321000,8.326000,8.305000,8.323000,114312.7000
LINKUSDT,2026.07.16,23:45:00,8.323000,8.343000,8.312000,8.338000,57696.7400
LINKUSDT,2026.07.17,00:00:00,8.337000,8.343000,8.313000,8.322000,238462.1200
LINKUSDT,2026.07.17,00:15:00,8.323000,8.343000,8.315000,8.315000,56759.8500
LINKUSDT,2026.07.17,00:30:00,8.315000,8.316000,8.253000,8.289000,326101.2600
LINKUSDT,2026.07.17,00:45:00,8.289000,8.343000,8.289000,8.343000,95676.7900
LINKUSDT,2026.07.17,01:00:00,8.343000,8.364000,8.337000,8.351000,125391.6600
LINKUSDT,2026.07.17,01:15:00,8.352000,8.355000,8.317000,8.336000,76314.5300
LINKUSDT,2026.07.17,01:30:00,8.337000,8.337000,8.300000,8.301000,59474.9100
LINKUSDT,2026.07.17,01:45:00,8.301000,8.303000,8.254000,8.282000,142783.8700
LINKUSDT,2026.07.17,02:00:00,8.281000,8.303000,8.258000,8.302000,109321.1400
LINKUSDT,2026.07.17,02:15:00,8.301000,8.306000,8.265000,8.274000,72998.6800
LINKUSDT,2026.07.17,02:30:00,8.273000,8.279000,8.251000,8.265000,59034.5500
LINKUSDT,2026.07.17,02:45:00,8.266000,8.270000,8.251000,8.265000,102311.3300
LINKUSDT,2026.07.17,03:00:00,8.266000,8.298000,8.257000,8.292000,41846.5000
LINKUSDT,2026.07.17,03:15:00,8.291000,8.329000,8.286000,8.317000,76713.5800
LINKUSDT,2026.07.17,03:30:00,8.318000,8.319000,8.296000,8.298000,35168.6200
LINKUSDT,2026.07.17,03:45:00,8.297000,8.298000,8.276000,8.276000,42817.1800
LINKUSDT,2026.07.17,04:00:00,8.275000,8.275000,8.259000,8.266000,42063.6500
LINKUSDT,2026.07.17,04:15:00,8.266000,8.274000,8.237000,8.252000,102304.7200
LINKUSDT,2026.07.17,04:30:00,8.252000,8.287000,8.250000,8.283000,56228.9600
LINKUSDT,2026.07.17,04:45:00,8.284000,8.300000,8.280000,8.281000,30005.4900
LINKUSDT,2026.07.17,05:00:00,8.280000,8.294000,8.265000,8.292000,45716.8100
LINKUSDT,2026.07.17,05:15:00,8.292000,8.293000,8.241000,8.241000,101383.3900
LINKUSDT,2026.07.17,05:30:00,8.241000,8.254000,8.218000,8.224000,153246.1300
LINKUSDT,2026.07.17,05:45:00,8.225000,8.225000,8.165000,8.178000,363923.2900
LINKUSDT,2026.07.17,06:00:00,8.178000,8.196000,8.147000,8.181000,384438.9200
LINKUSDT,2026.07.17,06:15:00,8.182000,8.210000,8.173000,8.208000,102130.9500
LINKUSDT,2026.07.17,06:30:00,8.208000,8.208000,8.181000,8.189000,117752.1600
LINKUSDT,2026.07.17,06:45:00,8.189000,8.189000,8.168000,8.176000,59036.6200
LINKUSDT,2026.07.17,07:00:00,8.176000,8.185000,8.168000,8.183000,63615.6300
LINKUSDT,2026.07.17,07:15:00,8.183000,8.189000,8.165000,8.182000,132030.3100
LINKUSDT,2026.07.17,07:30:00,8.181000,8.190000,8.160000,8.173000,89355.8000
LINKUSDT,2026.07.17,07:45:00,8.173000,8.183000,8.165000,8.165000,38790.9000
LINKUSDT,2026.07.17,08:00:00,8.166000,8.181000,8.159000,8.180000,101291.9000
LINKUSDT,2026.07.17,08:15:00,8.180000,8.180000,8.140000,8.158000,238432.7200
LINKUSDT,2026.07.17,08:30:00,8.159000,8.169000,8.128000,8.165000,129861.0600
LINKUSDT,2026.07.17,08:45:00,8.165000,8.184000,8.160000,8.171000,90719.4100
LINKUSDT,2026.07.17,09:00:00,8.171000,8.189000,8.167000,8.188000,61081.2500
LINKUSDT,2026.07.17,09:15:00,8.187000,8.207000,8.175000,8.206000,63228.0800
LINKUSDT,2026.07.17,09:30:00,8.206000,8.216000,8.182000,8.192000,147221.6700
LINKUSDT,2026.07.17,09:45:00,8.191000,8.196000,8.182000,8.194000,74283.7100
LINKUSDT,2026.07.17,10:00:00,8.195000,8.220000,8.190000,8.204000,110790.2500
LINKUSDT,2026.07.17,10:15:00,8.204000,8.209000,8.196000,8.202000,45520.3300
LINKUSDT,2026.07.17,10:30:00,8.202000,8.208000,8.195000,8.202000,29767.6100
LINKUSDT,2026.07.17,10:45:00,8.202000,8.207000,8.184000,8.185000,41936.9200
LINKUSDT,2026.07.17,11:00:00,8.186000,8.195000,8.172000,8.173000,57524.4300
LINKUSDT,2026.07.17,11:15:00,8.172000,8.191000,8.161000,8.189000,67555.8500
LINKUSDT,2026.07.17,11:30:00,8.189000,8.207000,8.181000,8.202000,56549.0600
LINKUSDT,2026.07.17,11:45:00,8.201000,8.210000,8.194000,8.201000,97757.5000
LINKUSDT,2026.07.17,12:00:00,8.201000,8.205000,8.184000,8.186000,89084.8700
LINKUSDT,2026.07.17,12:15:00,8.187000,8.189000,8.174000,8.182000,46435.8100
LINKUSDT,2026.07.17,12:30:00,8.183000,8.183000,8.154000,8.166000,75660.3400
LINKUSDT,2026.07.17,12:45:00,8.166000,8.170000,8.150000,8.150000,68382.2700
LINKUSDT,2026.07.17,13:00:00,8.150000,8.151000,8.034000,8.059000,778847.4100
LINKUSDT,2026.07.17,13:15:00,8.058000,8.071000,8.026000,8.044000,425692.4100
LINKUSDT,2026.07.17,13:30:00,8.044000,8.063000,8.001000,8.021000,394970.8100
LINKUSDT,2026.07.17,13:45:00,8.020000,8.113000,8.010000,8.111000,163455.5500
LINKUSDT,2026.07.17,14:00:00,8.110000,8.169000,8.106000,8.150000,299330.3800
LINKUSDT,2026.07.17,14:15:00,8.150000,8.158000,8.113000,8.119000,123160.1000
LINKUSDT,2026.07.17,14:30:00,8.119000,8.141000,8.094000,8.119000,140616.2000
LINKUSDT,2026.07.17,14:45:00,8.118000,8.122000,8.083000,8.106000,128945.2000
LINKUSDT,2026.07.17,15:00:00,8.105000,8.105000,8.061000,8.070000,132809.3800
LINKUSDT,2026.07.17,15:15:00,8.069000,8.121000,8.066000,8.119000,114372.6700
LINKUSDT,2026.07.17,15:30:00,8.119000,8.147000,8.095000,8.130000,162857.7900
LINKUSDT,2026.07.17,15:45:00,8.130000,8.164000,8.114000,8.163000,83181.8300
LINKUSDT,2026.07.17,16:00:00,8.164000,8.185000,8.138000,8.178000,195661.4300
LINKUSDT,2026.07.17,16:15:00,8.177000,8.204000,8.172000,8.203000,123878.6600
LINKUSDT,2026.07.17,16:30:00,8.203000,8.225000,8.191000,8.220000,121150.2700
LINKUSDT,2026.07.17,16:45:00,8.220000,8.234000,8.212000,8.223000,107032.3600
LINKUSDT,2026.07.17,17:00:00,8.223000,8.285000,8.223000,8.247000,185607.9700
LINKUSDT,2026.07.17,17:15:00,8.246000,8.263000,8.230000,8.252000,84698.4100
LINKUSDT,2026.07.17,17:30:00,8.251000,8.259000,8.221000,8.236000,60062.6300
LINKUSDT,2026.07.17,17:45:00,8.235000,8.246000,8.216000,8.231000,72307.6600
LINKUSDT,2026.07.17,18:00:00,8.231000,8.238000,8.216000,8.234000,61008.8900
LINKUSDT,2026.07.17,18:15:00,8.234000,8.235000,8.206000,8.219000,41511.8600
LINKUSDT,2026.07.17,18:30:00,8.218000,8.225000,8.201000,8.221000,57050.9200
LINKUSDT,2026.07.17,18:45:00,8.221000,8.260000,8.220000,8.243000,59232.0800
LINKUSDT,2026.07.17,19:00:00,8.242000,8.246000,8.209000,8.211000,48454.3300
LINKUSDT,2026.07.17,19:15:00,8.210000,8.216000,8.190000,8.214000,40957.1600
LINKUSDT,2026.07.17,19:30:00,8.214000,8.249000,8.211000,8.247000,56415.8200
LINKUSDT,2026.07.17,19:45:00,8.247000,8.252000,8.235000,8.244000,70571.1300
LINKUSDT,2026.07.17,20:00:00,8.243000,8.244000,8.212000,8.223000,61048.1500
LINKUSDT,2026.07.17,20:15:00,8.223000,8.229000,8.219000,8.225000,23824.0800
LINKUSDT,2026.07.17,20:30:00,8.224000,8.234000,8.214000,8.234000,57696.2800
LINKUSDT,2026.07.17,20:45:00,8.234000,8.250000,8.222000,8.243000,39062.8100
LINKUSDT,2026.07.17,21:00:00,8.243000,8.265000,8.243000,8.262000,80714.6500
LINKUSDT,2026.07.17,21:15:00,8.262000,8.280000,8.255000,8.262000,97080.5200
LINKUSDT,2026.07.17,21:30:00,8.261000,8.261000,8.248000,8.250000,40280.9700
LINKUSDT,2026.07.17,21:45:00,8.249000,8.250000,8.232000,8.237000,36798.5600
LINKUSDT,2026.07.17,22:00:00,8.236000,8.244000,8.223000,8.233000,49468.1700
LINKUSDT,2026.07.17,22:15:00,8.232000,8.251000,8.221000,8.239000,43636.2400
LINKUSDT,2026.07.17,22:30:00,8.238000,8.239000,8.222000,8.227000,22137.1200
LINKUSDT,2026.07.17,22:45:00,8.227000,8.245000,8.225000,8.239000,15481.1500
LINKUSDT,2026.07.17,23:00:00,8.239000,8.240000,8.212000,8.225000,49870.1000
LINKUSDT,2026.07.17,23:15:00,8.226000,8.247000,8.223000,8.247000,20513.5100
LINKUSDT,2026.07.17,23:30:00,8.246000,8.265000,8.246000,8.261000,38559.3700
LINKUSDT,2026.07.17,23:45:00,8.261000,8.269000,8.248000,8.250000,43219.7700
LINKUSDT,2026.07.18,00:00:00,8.251000,8.269000,8.246000,8.267000,55446.3100
LINKUSDT,2026.07.18,00:15:00,8.267000,8.272000,8.261000,8.269000,36793.5500
LINKUSDT,2026.07.18,00:30:00,8.269000,8.269000,8.252000,8.259000,19081.5400
LINKUSDT,2026.07.18,00:45:00,8.259000,8.270000,8.248000,8.250000,23550.5500
LINKUSDT,2026.07.18,01:00:00,8.249000,8.250000,8.238000,8.245000,59110.5500
LINKUSDT,2026.07.18,01:15:00,8.245000,8.250000,8.236000,8.247000,34083.7400
LINKUSDT,2026.07.18,01:30:00,8.246000,8.254000,8.232000,8.254000,51454.6100
LINKUSDT,2026.07.18,01:45:00,8.254000,8.259000,8.252000,8.253000,21908.2400
LINKUSDT,2026.07.18,02:00:00,8.252000,8.268000,8.252000,8.263000,49535.7800
LINKUSDT,2026.07.18,02:15:00,8.264000,8.282000,8.264000,8.277000,36894.5900
LINKUSDT,2026.07.18,02:30:00,8.277000,8.296000,8.266000,8.266000,63302.9900
LINKUSDT,2026.07.18,02:45:00,8.265000,8.272000,8.262000,8.263000,29286.1300
LINKUSDT,2026.07.18,03:00:00,8.263000,8.293000,8.262000,8.276000,55460.3000
LINKUSDT,2026.07.18,03:15:00,8.275000,8.279000,8.255000,8.259000,31102.3800
LINKUSDT,2026.07.18,03:30:00,8.260000,8.266000,8.255000,8.255000,23898.1000
LINKUSDT,2026.07.18,03:45:00,8.254000,8.280000,8.248000,8.280000,50720.5600
LINKUSDT,2026.07.18,04:00:00,8.280000,8.284000,8.266000,8.267000,36019.1400
LINKUSDT,2026.07.18,04:15:00,8.267000,8.267000,8.251000,8.261000,23897.6100
LINKUSDT,2026.07.18,04:30:00,8.261000,8.266000,8.250000,8.259000,27585.0500
LINKUSDT,2026.07.18,04:45:00,8.259000,8.261000,8.253000,8.254000,22548.0800
LINKUSDT,2026.07.18,05:00:00,8.253000,8.254000,8.237000,8.238000,47739.8800
LINKUSDT,2026.07.18,05:15:00,8.238000,8.256000,8.237000,8.247000,38544.1600
LINKUSDT,2026.07.18,05:30:00,8.247000,8.256000,8.244000,8.250000,29613.9200
LINKUSDT,2026.07.18,05:45:00,8.249000,8.260000,8.232000,8.245000,39950.3200
LINKUSDT,2026.07.18,06:00:00,8.244000,8.246000,8.235000,8.238000,30062.3500
LINKUSDT,2026.07.18,06:15:00,8.237000,8.259000,8.237000,8.252000,23748.2300
LINKUSDT,2026.07.18,06:30:00,8.252000,8.252000,8.238000,8.245000,16068.8000
LINKUSDT,2026.07.18,06:45:00,8.244000,8.250000,8.243000,8.246000,23337.1800
LINKUSDT,2026.07.18,07:00:00,8.246000,8.248000,8.234000,8.242000,28954.2300
LINKUSDT,2026.07.18,07:15:00,8.242000,8.249000,8.239000,8.244000,19062.0900
LINKUSDT,2026.07.18,07:30:00,8.243000,8.250000,8.241000,8.250000,19223.8800
LINKUSDT,2026.07.18,07:45:00,8.251000,8.254000,8.239000,8.246000,34742.3900
LINKUSDT,2026.07.18,08:00:00,8.246000,8.246000,8.232000,8.244000,32962.3000
LINKUSDT,2026.07.18,08:15:00,8.243000,8.254000,8.243000,8.253000,18765.9400
LINKUSDT,2026.07.18,08:30:00,8.253000,8.264000,8.252000,8.254000,31193.5000
LINKUSDT,2026.07.18,08:45:00,8.254000,8.261000,8.251000,8.255000,24516.2800
LINKUSDT,2026.07.18,09:00:00,8.255000,8.257000,8.227000,8.233000,100693.1100
LINKUSDT,2026.07.18,09:15:00,8.232000,8.233000,8.206000,8.207000,88872.0100
LINKUSDT,2026.07.18,09:30:00,8.206000,8.217000,8.206000,8.212000,38459.2200
LINKUSDT,2026.07.18,09:45:00,8.211000,8.226000,8.211000,8.226000,30435.1900
LINKUSDT,2026.07.18,10:00:00,8.225000,8.248000,8.223000,8.241000,47178.9400
LINKUSDT,2026.07.18,10:15:00,8.242000,8.266000,8.240000,8.266000,53436.4900
LINKUSDT,2026.07.18,10:30:00,8.266000,8.268000,8.244000,8.252000,60819.2800
LINKUSDT,2026.07.18,10:45:00,8.251000,8.264000,8.251000,8.262000,35553.9500
LINKUSDT,2026.07.18,11:00:00,8.262000,8.277000,8.260000,8.275000,70855.2600
LINKUSDT,2026.07.18,11:15:00,8.275000,8.279000,8.259000,8.269000,47241.5300
LINKUSDT,2026.07.18,11:30:00,8.269000,8.269000,8.252000,8.260000,35748.4200
LINKUSDT,2026.07.18,11:45:00,8.260000,8.291000,8.258000,8.283000,58475.6300
LINKUSDT,2026.07.18,12:00:00,8.282000,8.323000,8.280000,8.304000,200841.0000
LINKUSDT,2026.07.18,12:15:00,8.304000,8.308000,8.276000,8.286000,161867.9600
LINKUSDT,2026.07.18,12:30:00,8.287000,8.320000,8.280000,8.313000,139528.3900
LINKUSDT,2026.07.18,12:45:00,8.314000,8.326000,8.302000,8.307000,71007.2800
LINKUSDT,2026.07.18,13:00:00,8.308000,8.308000,8.267000,8.269000,99921.5700
LINKUSDT,2026.07.18,13:15:00,8.270000,8.281000,8.246000,8.263000,92767.9500
LINKUSDT,2026.07.18,13:30:00,8.263000,8.270000,8.252000,8.260000,48511.0300
LINKUSDT,2026.07.18,13:45:00,8.261000,8.265000,8.255000,8.259000,67932.9800
LINKUSDT,2026.07.18,14:00:00,8.260000,8.284000,8.251000,8.280000,79390.7300
LINKUSDT,2026.07.18,14:15:00,8.280000,8.292000,8.272000,8.291000,41529.1600
LINKUSDT,2026.07.18,14:30:00,8.292000,8.316000,8.291000,8.315000,54125.8100
LINKUSDT,2026.07.18,14:45:00,8.316000,8.336000,8.309000,8.315000,101608.2600
LINKUSDT,2026.07.18,15:00:00,8.316000,8.316000,8.285000,8.292000,68274.3800
LINKUSDT,2026.07.18,15:15:00,8.291000,8.299000,8.272000,8.272000,107632.0400
LINKUSDT,2026.07.18,15:30:00,8.271000,8.274000,8.265000,8.272000,65987.9800
LINKUSDT,2026.07.18,15:45:00,8.272000,8.285000,8.266000,8.270000,75060.0100
LINKUSDT,2026.07.18,16:00:00,8.270000,8.274000,8.255000,8.272000,74360.9800
LINKUSDT,2026.07.18,16:15:00,8.271000,8.274000,8.257000,8.267000,21283.3700
LINKUSDT,2026.07.18,16:30:00,8.266000,8.274000,8.257000,8.257000,20487.2000
LINKUSDT,2026.07.18,16:45:00,8.257000,8.295000,8.257000,8.285000,94861.6000
LINKUSDT,2026.07.18,17:00:00,8.284000,8.290000,8.279000,8.286000,75755.1700
LINKUSDT,2026.07.18,17:15:00,8.286000,8.290000,8.269000,8.274000,107750.3200
LINKUSDT,2026.07.18,17:30:00,8.274000,8.301000,8.273000,8.296000,59867.7600
LINKUSDT,2026.07.18,17:45:00,8.295000,8.302000,8.289000,8.296000,58217.7400
LINKUSDT,2026.07.18,18:00:00,8.295000,8.300000,8.289000,8.296000,75115.2700
LINKUSDT,2026.07.18,18:15:00,8.296000,8.362000,8.289000,8.327000,139214.1400
LINKUSDT,2026.07.18,18:30:00,8.327000,8.329000,8.305000,8.306000,34296.8600
LINKUSDT,2026.07.18,18:45:00,8.306000,8.321000,8.305000,8.315000,37548.3600
LINKUSDT,2026.07.18,19:00:00,8.315000,8.323000,8.312000,8.322000,74194.3600
LINKUSDT,2026.07.18,19:15:00,8.323000,8.336000,8.310000,8.311000,28083.7000
LINKUSDT,2026.07.18,19:30:00,8.312000,8.327000,8.310000,8.325000,16282.4300
LINKUSDT,2026.07.18,19:45:00,8.325000,8.335000,8.323000,8.331000,18115.3700
LINKUSDT,2026.07.18,20:00:00,8.332000,8.344000,8.321000,8.340000,51224.9200
LINKUSDT,2026.07.18,20:15:00,8.340000,8.360000,8.340000,8.347000,50749.6200
LINKUSDT,2026.07.18,20:30:00,8.347000,8.354000,8.340000,8.351000,38203.2100
LINKUSDT,2026.07.18,20:45:00,8.352000,8.353000,8.339000,8.348000,28880.3400
LINKUSDT,2026.07.18,21:00:00,8.349000,8.370000,8.349000,8.370000,85225.5000
LINKUSDT,2026.07.18,21:15:00,8.370000,8.374000,8.344000,8.344000,56461.4100
LINKUSDT,2026.07.18,21:30:00,8.344000,8.347000,8.336000,8.337000,31979.2400
LINKUSDT,2026.07.18,21:45:00,8.338000,8.350000,8.334000,8.339000,39961.4500
LINKUSDT,2026.07.18,22:00:00,8.340000,8.357000,8.338000,8.341000,58887.1500
LINKUSDT,2026.07.18,22:15:00,8.341000,8.356000,8.341000,8.343000,18753.4900
LINKUSDT,2026.07.18,22:30:00,8.343000,8.355000,8.341000,8.353000,25559.9500
LINKUSDT,2026.07.18,22:45:00,8.353000,8.365000,8.347000,8.363000,38041.8300
LINKUSDT,2026.07.18,23:00:00,8.364000,8.370000,8.337000,8.339000,36945.0800
LINKUSDT,2026.07.18,23:15:00,8.339000,8.351000,8.338000,8.348000,21664.3500
LINKUSDT,2026.07.18,23:30:00,8.348000,8.350000,8.341000,8.347000,17786.6900
LINKUSDT,2026.07.18,23:45:00,8.347000,8.351000,8.341000,8.343000,15945.3200
LINKUSDT,2026.07.19,00:00:00,8.343000,8.349000,8.337000,8.342000,81256.9800
LINKUSDT,2026.07.19,00:15:00,8.343000,8.354000,8.333000,8.335000,42693.8400
LINKUSDT,2026.07.19,00:30:00,8.335000,8.340000,8.330000,8.333000,30259.9900
LINKUSDT,2026.07.19,00:45:00,8.334000,8.351000,8.332000,8.349000,21928.4900
LINKUSDT,2026.07.19,01:00:00,8.350000,8.350000,8.336000,8.338000,22628.8100
LINKUSDT,2026.07.19,01:15:00,8.338000,8.343000,8.335000,8.336000,18863.2600
LINKUSDT,2026.07.19,01:30:00,8.335000,8.338000,8.329000,8.330000,19882.8200
LINKUSDT,2026.07.19,01:45:00,8.330000,8.334000,8.325000,8.328000,24970.0600
LINKUSDT,2026.07.19,02:00:00,8.328000,8.390000,8.327000,8.369000,136416.7900
LINKUSDT,2026.07.19,02:15:00,8.370000,8.379000,8.354000,8.357000,66382.2500
LINKUSDT,2026.07.19,02:30:00,8.358000,8.390000,8.358000,8.369000,65812.3800
LINKUSDT,2026.07.19,02:45:00,8.369000,8.377000,8.365000,8.368000,50043.9000
LINKUSDT,2026.07.19,03:00:00,8.367000,8.374000,8.346000,8.348000,37148.5700
LINKUSDT,2026.07.19,03:15:00,8.347000,8.347000,8.327000,8.334000,69331.2500
LINKUSDT,2026.07.19,03:30:00,8.333000,8.345000,8.333000,8.336000,21616.3900
LINKUSDT,2026.07.19,03:45:00,8.335000,8.343000,8.332000,8.343000,18542.1700
LINKUSDT,2026.07.19,04:00:00,8.344000,8.351000,8.326000,8.329000,65767.9300
LINKUSDT,2026.07.19,04:15:00,8.328000,8.345000,8.328000,8.344000,17824.4200
LINKUSDT,2026.07.19,04:30:00,8.344000,8.365000,8.341000,8.354000,19942.1000
LINKUSDT,2026.07.19,04:45:00,8.354000,8.361000,8.344000,8.347000,19778.2000
LINKUSDT,2026.07.19,05:00:00,8.347000,8.356000,8.347000,8.350000,21676.0200
LINKUSDT,2026.07.19,05:15:00,8.350000,8.352000,8.340000,8.341000,20147.3600
LINKUSDT,2026.07.19,05:30:00,8.340000,8.341000,8.333000,8.338000,12672.5000
LINKUSDT,2026.07.19,05:45:00,8.338000,8.348000,8.338000,8.340000,18914.9800
LINKUSDT,2026.07.19,06:00:00,8.339000,8.345000,8.333000,8.344000,27802.3900
LINKUSDT,2026.07.19,06:15:00,8.344000,8.353000,8.343000,8.351000,33299.2400
LINKUSDT,2026.07.19,06:30:00,8.351000,8.359000,8.346000,8.350000,22868.6200
LINKUSDT,2026.07.19,06:45:00,8.350000,8.353000,8.342000,8.352000,20829.3900
LINKUSDT,2026.07.19,07:00:00,8.352000,8.355000,8.347000,8.349000,21105.9100
LINKUSDT,2026.07.19,07:15:00,8.350000,8.364000,8.349000,8.363000,20266.5000
LINKUSDT,2026.07.19,07:30:00,8.363000,8.378000,8.362000,8.375000,37289.1500
LINKUSDT,2026.07.19,07:45:00,8.376000,8.377000,8.360000,8.365000,35607.8800
LINKUSDT,2026.07.19,08:00:00,8.366000,8.374000,8.351000,8.370000,108180.9000
LINKUSDT,2026.07.19,08:15:00,8.370000,8.370000,8.345000,8.352000,30180.3500
LINKUSDT,2026.07.19,08:30:00,8.352000,8.365000,8.347000,8.364000,21568.4600
LINKUSDT,2026.07.19,08:45:00,8.363000,8.377000,8.363000,8.369000,37210.0300
LINKUSDT,2026.07.19,09:00:00,8.370000,8.376000,8.355000,8.357000,25117.4600
LINKUSDT,2026.07.19,09:15:00,8.356000,8.356000,8.332000,8.340000,39722.3600
LINKUSDT,2026.07.19,09:30:00,8.340000,8.347000,8.331000,8.334000,34270.6900
LINKUSDT,2026.07.19,09:45:00,8.334000,8.337000,8.328000,8.330000,27443.1700
LINKUSDT,2026.07.19,10:00:00,8.329000,8.342000,8.317000,8.329000,47894.9500
LINKUSDT,2026.07.19,10:15:00,8.329000,8.337000,8.329000,8.337000,23774.0800
LINKUSDT,2026.07.19,10:30:00,8.336000,8.354000,8.331000,8.353000,27162.7500
LINKUSDT,2026.07.19,10:45:00,8.353000,8.380000,8.353000,8.365000,52338.1200
LINKUSDT,2026.07.19,11:00:00,8.365000,8.376000,8.354000,8.367000,43016.7700
LINKUSDT,2026.07.19,11:15:00,8.367000,8.381000,8.360000,8.368000,37461.5900
LINKUSDT,2026.07.19,11:30:00,8.368000,8.374000,8.362000,8.366000,18392.0000
LINKUSDT,2026.07.19,11:45:00,8.366000,8.367000,8.352000,8.354000,23396.0600
LINKUSDT,2026.07.19,12:00:00,8.353000,8.353000,8.318000,8.318000,77040.1700
LINKUSDT,2026.07.19,12:15:00,8.317000,8.361000,8.317000,8.336000,51566.5300
LINKUSDT,2026.07.19,12:30:00,8.337000,8.362000,8.333000,8.353000,47604.1400
LINKUSDT,2026.07.19,12:45:00,8.352000,8.353000,8.340000,8.344000,13207.5500
LINKUSDT,2026.07.19,13:00:00,8.345000,8.347000,8.320000,8.320000,52673.7200
LINKUSDT,2026.07.19,13:15:00,8.321000,8.335000,8.316000,8.327000,62915.2600
LINKUSDT,2026.07.19,13:30:00,8.328000,8.340000,8.327000,8.336000,37400.3500
LINKUSDT,2026.07.19,13:45:00,8.335000,8.349000,8.334000,8.340000,27440.2800
LINKUSDT,2026.07.19,14:00:00,8.340000,8.352000,8.338000,8.349000,44923.2600
LINKUSDT,2026.07.19,14:15:00,8.348000,8.349000,8.323000,8.340000,44091.1800
LINKUSDT,2026.07.19,14:30:00,8.341000,8.362000,8.340000,8.359000,41334.8200
LINKUSDT,2026.07.19,14:45:00,8.358000,8.388000,8.357000,8.366000,66421.4700
LINKUSDT,2026.07.19,15:00:00,8.365000,8.375000,8.353000,8.364000,42148.1600
LINKUSDT,2026.07.19,15:15:00,8.365000,8.367000,8.340000,8.341000,60115.4900
LINKUSDT,2026.07.19,15:30:00,8.341000,8.362000,8.340000,8.356000,19943.9800
LINKUSDT,2026.07.19,15:45:00,8.356000,8.359000,8.345000,8.353000,16913.2400
LINKUSDT,2026.07.19,16:00:00,8.353000,8.376000,8.340000,8.359000,114425.0500
LINKUSDT,2026.07.19,16:15:00,8.359000,8.365000,8.348000,8.353000,27568.9400
LINKUSDT,2026.07.19,16:30:00,8.353000,8.353000,8.342000,8.347000,16896.7000
LINKUSDT,2026.07.19,16:45:00,8.347000,8.350000,8.331000,8.331000,32356.6600
LINKUSDT,2026.07.19,17:00:00,8.331000,8.362000,8.292000,8.362000,157565.9900
LINKUSDT,2026.07.19,17:15:00,8.361000,8.368000,8.340000,8.344000,51673.1200
LINKUSDT,2026.07.19,17:30:00,8.343000,8.355000,8.333000,8.336000,36105.1200
LINKUSDT,2026.07.19,17:45:00,8.336000,8.337000,8.326000,8.329000,30549.9900
LINKUSDT,2026.07.19,18:00:00,8.328000,8.330000,8.279000,8.308000,132460.8500
LINKUSDT,2026.07.19,18:15:00,8.308000,8.310000,8.291000,8.292000,46282.9100
LINKUSDT,2026.07.19,18:30:00,8.292000,8.315000,8.282000,8.313000,108685.5800
LINKUSDT,2026.07.19,18:45:00,8.313000,8.317000,8.301000,8.315000,31497.2400
LINKUSDT,2026.07.19,19:00:00,8.315000,8.317000,8.297000,8.313000,28879.2400
LINKUSDT,2026.07.19,19:15:00,8.313000,8.319000,8.311000,8.313000,23592.6200
LINKUSDT,2026.07.19,19:30:00,8.313000,8.316000,8.305000,8.314000,17112.0000
LINKUSDT,2026.07.19,19:45:00,8.314000,8.334000,8.312000,8.333000,18085.7600
LINKUSDT,2026.07.19,20:00:00,8.333000,8.351000,8.333000,8.340000,50100.8800
LINKUSDT,2026.07.19,20:15:00,8.340000,8.346000,8.329000,8.343000,17305.6300
LINKUSDT,2026.07.19,20:30:00,8.342000,8.357000,8.340000,8.355000,24627.0100
LINKUSDT,2026.07.19,20:45:00,8.354000,8.364000,8.349000,8.364000,21287.5700
LINKUSDT,2026.07.19,21:00:00,8.363000,8.385000,8.363000,8.368000,133331.2100
LINKUSDT,2026.07.19,21:15:00,8.369000,8.370000,8.349000,8.363000,31204.2600
LINKUSDT,2026.07.19,21:30:00,8.364000,8.364000,8.339000,8.343000,38284.1600
LINKUSDT,2026.07.19,21:45:00,8.343000,8.346000,8.323000,8.332000,31611.2800
LINKUSDT,2026.07.19,22:00:00,8.331000,8.370000,8.313000,8.361000,109884.4900
LINKUSDT,2026.07.19,22:15:00,8.361000,8.408000,8.361000,8.375000,194323.4900
LINKUSDT,2026.07.19,22:30:00,8.375000,8.383000,8.356000,8.381000,87891.8600
LINKUSDT,2026.07.19,22:45:00,8.380000,8.380000,8.363000,8.370000,48537.6100
LINKUSDT,2026.07.19,23:00:00,8.370000,8.371000,8.338000,8.354000,55508.0200
LINKUSDT,2026.07.19,23:15:00,8.355000,8.372000,8.348000,8.363000,36910.5200
LINKUSDT,2026.07.19,23:30:00,8.363000,8.383000,8.359000,8.379000,40377.6800
LINKUSDT,2026.07.19,23:45:00,8.379000,8.385000,8.362000,8.381000,43712.1800
LINKUSDT,2026.07.20,00:00:00,8.381000,8.468000,8.359000,8.460000,325759.5400
LINKUSDT,2026.07.20,00:15:00,8.459000,8.476000,8.419000,8.437000,181330.2800
LINKUSDT,2026.07.20,00:30:00,8.437000,8.465000,8.416000,8.447000,65975.4100
LINKUSDT,2026.07.20,00:45:00,8.446000,8.447000,8.369000,8.407000,117592.6300
LINKUSDT,2026.07.20,01:00:00,8.407000,8.531000,8.395000,8.461000,299881.3700
LINKUSDT,2026.07.20,01:15:00,8.460000,8.475000,8.406000,8.452000,135747.5000
LINKUSDT,2026.07.20,01:30:00,8.451000,8.458000,8.411000,8.431000,91937.5000
LINKUSDT,2026.07.20,01:45:00,8.430000,8.446000,8.399000,8.417000,85604.0400
LINKUSDT,2026.07.20,02:00:00,8.416000,8.482000,8.415000,8.454000,88091.3800
LINKUSDT,2026.07.20,02:15:00,8.455000,8.458000,8.419000,8.431000,64433.0400
LINKUSDT,2026.07.20,02:30:00,8.431000,8.477000,8.430000,8.460000,64803.3000
LINKUSDT,2026.07.20,02:45:00,8.460000,8.490000,8.460000,8.467000,93809.8300
LINKUSDT,2026.07.20,03:00:00,8.467000,8.482000,8.453000,8.464000,52028.4600
LINKUSDT,2026.07.20,03:15:00,8.464000,8.469000,8.423000,8.430000,44241.1500
LINKUSDT,2026.07.20,03:30:00,8.429000,8.450000,8.425000,8.450000,36907.1200
LINKUSDT,2026.07.20,03:45:00,8.451000,8.457000,8.436000,8.453000,56104.0300
LINKUSDT,2026.07.20,04:00:00,8.453000,8.456000,8.423000,8.428000,76062.7200
LINKUSDT,2026.07.20,04:15:00,8.428000,8.444000,8.409000,8.439000,61575.7900
LINKUSDT,2026.07.20,04:30:00,8.439000,8.468000,8.434000,8.453000,41646.9100
LINKUSDT,2026.07.20,04:45:00,8.453000,8.455000,8.415000,8.416000,71872.9400
LINKUSDT,2026.07.20,05:00:00,8.417000,8.419000,8.318000,8.361000,217729.6100
LINKUSDT,2026.07.20,05:15:00,8.361000,8.383000,8.329000,8.346000,186148.9700
LINKUSDT,2026.07.20,05:30:00,8.345000,8.349000,8.324000,8.335000,181092.5400
LINKUSDT,2026.07.20,05:45:00,8.336000,8.339000,8.318000,8.330000,95016.2400
LINKUSDT,2026.07.20,06:00:00,8.331000,8.346000,8.320000,8.344000,106555.4500
LINKUSDT,2026.07.20,06:15:00,8.343000,8.360000,8.336000,8.351000,64793.3500
LINKUSDT,2026.07.20,06:30:00,8.351000,8.358000,8.283000,8.315000,285705.8900
LINKUSDT,2026.07.20,06:45:00,8.315000,8.323000,8.294000,8.304000,77747.0700
LINKUSDT,2026.07.20,07:00:00,8.305000,8.319000,8.305000,8.311000,88566.4300
LINKUSDT,2026.07.20,07:15:00,8.311000,8.342000,8.290000,8.342000,88136.7300
LINKUSDT,2026.07.20,07:30:00,8.341000,8.353000,8.335000,8.353000,54434.7200
LINKUSDT,2026.07.20,07:45:00,8.353000,8.362000,8.340000,8.356000,76277.0800
LINKUSDT,2026.07.20,08:00:00,8.355000,8.370000,8.343000,8.366000,78202.1300
LINKUSDT,2026.07.20,08:15:00,8.365000,8.375000,8.342000,8.353000,71272.4500
LINKUSDT,2026.07.20,08:30:00,8.352000,8.356000,8.297000,8.306000,291714.8600
LINKUSDT,2026.07.20,08:45:00,8.307000,8.340000,8.307000,8.331000,56392.5200
LINKUSDT,2026.07.20,09:00:00,8.331000,8.339000,8.322000,8.328000,53943.7100
LINKUSDT,2026.07.20,09:15:00,8.329000,8.357000,8.329000,8.357000,42190.0600
LINKUSDT,2026.07.20,09:30:00,8.356000,8.393000,8.355000,8.393000,93590.4800
LINKUSDT,2026.07.20,09:45:00,8.392000,8.418000,8.392000,8.399000,153281.9100
LINKUSDT,2026.07.20,10:00:00,8.399000,8.404000,8.384000,8.391000,41940.0200
LINKUSDT,2026.07.20,10:15:00,8.390000,8.417000,8.385000,8.408000,55512.8200
LINKUSDT,2026.07.20,10:30:00,8.407000,8.409000,8.391000,8.408000,57987.3900
LINKUSDT,2026.07.20,10:45:00,8.407000,8.407000,8.393000,8.394000,41976.1900
LINKUSDT,2026.07.20,11:00:00,8.394000,8.414000,8.383000,8.405000,84255.8400
LINKUSDT,2026.07.20,11:15:00,8.405000,8.418000,8.402000,8.403000,82792.4300
LINKUSDT,2026.07.20,11:30:00,8.402000,8.493000,8.402000,8.477000,300684.6400
LINKUSDT,2026.07.20,11:45:00,8.477000,8.516000,8.477000,8.507000,156452.2500
LINKUSDT,2026.07.20,12:00:00,8.507000,8.508000,8.454000,8.473000,364774.6100
LINKUSDT,2026.07.20,12:15:00,8.474000,8.478000,8.456000,8.463000,52084.3500
LINKUSDT,2026.07.20,12:30:00,8.464000,8.469000,8.439000,8.441000,74774.0900
LINKUSDT,2026.07.20,12:45:00,8.441000,8.459000,8.437000,8.448000,55173.8600
LINKUSDT,2026.07.20,13:00:00,8.448000,8.465000,8.445000,8.450000,69857.1700
LINKUSDT,2026.07.20,13:15:00,8.451000,8.460000,8.438000,8.443000,62648.6100
LINKUSDT,2026.07.20,13:30:00,8.442000,8.475000,8.426000,8.447000,235256.7400
LINKUSDT,2026.07.20,13:45:00,8.447000,8.448000,8.340000,8.363000,433901.2600
LINKUSDT,2026.07.20,14:00:00,8.363000,8.382000,8.340000,8.347000,190613.9800
LINKUSDT,2026.07.20,14:15:00,8.348000,8.377000,8.303000,8.377000,325872.2500
LINKUSDT,2026.07.20,14:30:00,8.377000,8.380000,8.349000,8.361000,110422.0200
LINKUSDT,2026.07.20,14:45:00,8.361000,8.386000,8.344000,8.361000,110784.5500
LINKUSDT,2026.07.20,15:00:00,8.361000,8.500000,8.358000,8.496000,331534.8600
LINKUSDT,2026.07.20,15:15:00,8.495000,8.502000,8.468000,8.483000,197901.9900
LINKUSDT,2026.07.20,15:30:00,8.484000,8.521000,8.459000,8.507000,175417.1900
LINKUSDT,2026.07.20,15:45:00,8.508000,8.566000,8.505000,8.552000,252200.8900
LINKUSDT,2026.07.20,16:00:00,8.552000,8.579000,8.529000,8.572000,228042.3600
LINKUSDT,2026.07.20,16:15:00,8.572000,8.574000,8.525000,8.537000,115726.0500
LINKUSDT,2026.07.20,16:30:00,8.537000,8.546000,8.504000,8.523000,136709.5400
LINKUSDT,2026.07.20,16:45:00,8.523000,8.549000,8.523000,8.531000,95948.5400
LINKUSDT,2026.07.20,17:00:00,8.531000,8.547000,8.516000,8.532000,90540.8600
LINKUSDT,2026.07.20,17:15:00,8.532000,8.539000,8.519000,8.539000,48516.5700
LINKUSDT,2026.07.20,17:30:00,8.539000,8.542000,8.519000,8.522000,61024.1200
LINKUSDT,2026.07.20,17:45:00,8.523000,8.591000,8.523000,8.574000,160999.7500
LINKUSDT,2026.07.20,18:00:00,8.573000,8.644000,8.569000,8.628000,348763.4900
LINKUSDT,2026.07.20,18:15:00,8.628000,8.643000,8.601000,8.604000,152149.1500
LINKUSDT,2026.07.20,18:30:00,8.604000,8.604000,8.573000,8.573000,62067.5900
LINKUSDT,2026.07.20,18:45:00,8.574000,8.575000,8.548000,8.552000,104166.7000
LINKUSDT,2026.07.20,19:00:00,8.552000,8.559000,8.526000,8.527000,68198.7100
LINKUSDT,2026.07.20,19:15:00,8.527000,8.567000,8.520000,8.560000,105914.0000
LINKUSDT,2026.07.20,19:30:00,8.559000,8.563000,8.509000,8.542000,84362.1900
LINKUSDT,2026.07.20,19:45:00,8.543000,8.559000,8.532000,8.554000,78400.0500
LINKUSDT,2026.07.20,20:00:00,8.555000,8.562000,8.534000,8.555000,76608.7300
LINKUSDT,2026.07.20,20:15:00,8.555000,8.562000,8.547000,8.558000,67630.7500
LINKUSDT,2026.07.20,20:30:00,8.558000,8.583000,8.549000,8.557000,43006.7000
LINKUSDT,2026.07.20,20:45:00,8.558000,8.567000,8.546000,8.564000,38504.7200
LINKUSDT,2026.07.20,21:00:00,8.564000,8.586000,8.558000,8.575000,49566.6000
LINKUSDT,2026.07.20,21:15:00,8.575000,8.609000,8.572000,8.588000,74633.7600
LINKUSDT,2026.07.20,21:30:00,8.589000,8.612000,8.588000,8.590000,53823.7900
LINKUSDT,2026.07.20,21:45:00,8.590000,8.595000,8.563000,8.563000,30590.1800
LINKUSDT,2026.07.20,22:00:00,8.563000,8.567000,8.537000,8.537000,149907.5100
LINKUSDT,2026.07.20,22:15:00,8.536000,8.546000,8.526000,8.539000,49325.8300
LINKUSDT,2026.07.20,22:30:00,8.539000,8.545000,8.524000,8.529000,42726.2100
LINKUSDT,2026.07.20,22:45:00,8.529000,8.534000,8.517000,8.530000,37430.1300
LINKUSDT,2026.07.20,23:00:00,8.530000,8.569000,8.530000,8.554000,53354.4800
LINKUSDT,2026.07.20,23:15:00,8.554000,8.595000,8.554000,8.592000,57837.1600
LINKUSDT,2026.07.20,23:30:00,8.593000,8.598000,8.579000,8.587000,39320.1200
LINKUSDT,2026.07.20,23:45:00,8.588000,8.593000,8.566000,8.587000,85565.9600
LINKUSDT,2026.07.21,00:00:00,8.588000,8.589000,8.562000,8.569000,80043.4500
LINKUSDT,2026.07.21,00:15:00,8.569000,8.617000,8.564000,8.595000,84602.1800
LINKUSDT,2026.07.21,00:30:00,8.595000,8.638000,8.595000,8.623000,178964.3800
LINKUSDT,2026.07.21,00:45:00,8.623000,8.630000,8.607000,8.607000,68943.5600
LINKUSDT,2026.07.21,01:00:00,8.606000,8.634000,8.599000,8.624000,76720.9400
LINKUSDT,2026.07.21,01:15:00,8.624000,8.625000,8.602000,8.607000,72917.8100
LINKUSDT,2026.07.21,01:30:00,8.607000,8.623000,8.595000,8.611000,53676.3300
LINKUSDT,2026.07.21,01:45:00,8.610000,8.615000,8.587000,8.588000,91303.8600
LINKUSDT,2026.07.21,02:00:00,8.588000,8.621000,8.578000,8.585000,71891.3200
LINKUSDT,2026.07.21,02:15:00,8.584000,8.592000,8.566000,8.579000,25567.6200
LINKUSDT,2026.07.21,02:30:00,8.578000,8.594000,8.577000,8.587000,33672.1600
LINKUSDT,2026.07.21,02:45:00,8.587000,8.625000,8.577000,8.599000,77377.8200
LINKUSDT,2026.07.21,03:00:00,8.598000,8.652000,8.598000,8.625000,191510.0300
LINKUSDT,2026.07.21,03:15:00,8.626000,8.630000,8.604000,8.612000,118167.2600
LINKUSDT,2026.07.21,03:30:00,8.612000,8.620000,8.601000,8.616000,55074.3300
LINKUSDT,2026.07.21,03:45:00,8.616000,8.649000,8.610000,8.635000,144583.2500
LINKUSDT,2026.07.21,04:00:00,8.634000,8.675000,8.632000,8.639000,261412.1100
LINKUSDT,2026.07.21,04:15:00,8.640000,8.656000,8.620000,8.628000,80065.7200
LINKUSDT,2026.07.21,04:30:00,8.628000,8.663000,8.627000,8.661000,58897.7500
LINKUSDT,2026.07.21,04:45:00,8.661000,8.754000,8.656000,8.714000,566175.1000
LINKUSDT,2026.07.21,05:00:00,8.713000,8.734000,8.700000,8.725000,179662.8600
LINKUSDT,2026.07.21,05:15:00,8.724000,8.745000,8.695000,8.707000,334641.5800
LINKUSDT,2026.07.21,05:30:00,8.706000,8.714000,8.697000,8.714000,71448.4800
LINKUSDT,2026.07.21,05:45:00,8.715000,8.755000,8.712000,8.723000,170823.7200
LINKUSDT,2026.07.21,06:00:00,8.723000,8.747000,8.702000,8.711000,130543.2000
LINKUSDT,2026.07.21,06:15:00,8.711000,8.716000,8.689000,8.710000,63190.5700
LINKUSDT,2026.07.21,06:30:00,8.710000,8.735000,8.708000,8.711000,158848.9100
LINKUSDT,2026.07.21,06:45:00,8.710000,8.711000,8.696000,8.697000,42300.1100
LINKUSDT,2026.07.21,07:00:00,8.697000,8.706000,8.686000,8.702000,89882.9500
LINKUSDT,2026.07.21,07:15:00,8.701000,8.710000,8.680000,8.698000,84282.2900
LINKUSDT,2026.07.21,07:30:00,8.698000,8.735000,8.692000,8.720000,91094.3400
LINKUSDT,2026.07.21,07:45:00,8.720000,8.743000,8.717000,8.735000,124063.9300
LINKUSDT,2026.07.21,08:00:00,8.735000,8.756000,8.719000,8.743000,141403.1800
LINKUSDT,2026.07.21,08:15:00,8.743000,8.755000,8.703000,8.711000,131237.3900
LINKUSDT,2026.07.21,08:30:00,8.711000,8.722000,8.708000,8.721000,56863.7900
LINKUSDT,2026.07.21,08:45:00,8.722000,8.726000,8.700000,8.700000,68193.8200
LINKUSDT,2026.07.21,09:00:00,8.699000,8.699000,8.681000,8.689000,93815.1300
LINKUSDT,2026.07.21,09:15:00,8.689000,8.703000,8.681000,8.687000,77006.5100
LINKUSDT,2026.07.21,09:30:00,8.687000,8.728000,8.687000,8.728000,71445.3900
LINKUSDT,2026.07.21,09:45:00,8.728000,8.736000,8.715000,8.722000,71269.2900
LINKUSDT,2026.07.21,10:00:00,8.723000,8.731000,8.707000,8.709000,87664.1300
LINKUSDT,2026.07.21,10:15:00,8.709000,8.733000,8.704000,8.719000,82083.9500
LINKUSDT,2026.07.21,10:30:00,8.719000,8.730000,8.710000,8.716000,83315.1300
LINKUSDT,2026.07.21,10:45:00,8.716000,8.730000,8.696000,8.707000,79414.8300
LINKUSDT,2026.07.21,11:00:00,8.706000,8.710000,8.686000,8.698000,77830.8700
LINKUSDT,2026.07.21,11:15:00,8.697000,8.703000,8.688000,8.693000,71699.4300
LINKUSDT,2026.07.21,11:30:00,8.692000,8.709000,8.691000,8.707000,42106.6400
LINKUSDT,2026.07.21,11:45:00,8.707000,8.721000,8.699000,8.702000,58864.3800
LINKUSDT,2026.07.21,12:00:00,8.702000,8.709000,8.689000,8.696000,66109.0500
LINKUSDT,2026.07.21,12:15:00,8.696000,8.719000,8.686000,8.706000,87707.7000
LINKUSDT,2026.07.21,12:30:00,8.707000,8.714000,8.692000,8.698000,69472.4200
LINKUSDT,2026.07.21,12:45:00,8.699000,8.707000,8.694000,8.704000,42737.4500
LINKUSDT,2026.07.21,13:00:00,8.705000,8.734000,8.699000,8.727000,89462.7200
LINKUSDT,2026.07.21,13:15:00,8.728000,8.733000,8.703000,8.716000,77715.9700
LINKUSDT,2026.07.21,13:30:00,8.716000,8.721000,8.673000,8.676000,143788.9100
LINKUSDT,2026.07.21,13:45:00,8.676000,8.729000,8.674000,8.724000,121988.7900
LINKUSDT,2026.07.21,14:00:00,8.724000,8.737000,8.707000,8.715000,126604.6600
LINKUSDT,2026.07.21,14:15:00,8.715000,8.715000,8.677000,8.682000,111943.6300
LINKUSDT,2026.07.21,14:30:00,8.681000,8.702000,8.675000,8.699000,74474.7700
LINKUSDT,2026.07.21,14:45:00,8.699000,8.713000,8.678000,8.680000,74234.7300
LINKUSDT,2026.07.21,15:00:00,8.679000,8.680000,8.660000,8.665000,199421.9600
LINKUSDT,2026.07.21,15:15:00,8.665000,8.695000,8.665000,8.673000,53365.6300
LINKUSDT,2026.07.21,15:30:00,8.672000,8.683000,8.643000,8.667000,158609.1100
LINKUSDT,2026.07.21,15:45:00,8.667000,8.693000,8.664000,8.687000,70076.4400
LINKUSDT,2026.07.21,16:00:00,8.687000,8.700000,8.672000,8.683000,83224.5300
LINKUSDT,2026.07.21,16:15:00,8.683000,8.683000,8.664000,8.666000,58493.1600
LINKUSDT,2026.07.21,16:30:00,8.666000,8.681000,8.656000,8.668000,52164.7300
LINKUSDT,2026.07.21,16:45:00,8.667000,8.680000,8.661000,8.673000,49707.1900
LINKUSDT,2026.07.21,17:00:00,8.672000,8.680000,8.659000,8.662000,53014.5900
LINKUSDT,2026.07.21,17:15:00,8.661000,8.663000,8.639000,8.642000,84877.1700
LINKUSDT,2026.07.21,17:30:00,8.641000,8.647000,8.634000,8.643000,71296.8100
LINKUSDT,2026.07.21,17:45:00,8.643000,8.646000,8.589000,8.619000,300721.8800
LINKUSDT,2026.07.21,18:00:00,8.618000,8.639000,8.604000,8.616000,95900.4200
LINKUSDT,2026.07.21,18:15:00,8.616000,8.636000,8.610000,8.618000,59761.1300
LINKUSDT,2026.07.21,18:30:00,8.618000,8.621000,8.598000,8.621000,46726.2800
LINKUSDT,2026.07.21,18:45:00,8.620000,8.626000,8.609000,8.617000,37070.9500
LINKUSDT,2026.07.21,19:00:00,8.617000,8.623000,8.604000,8.607000,44434.0800
LINKUSDT,2026.07.21,19:15:00,8.606000,8.624000,8.603000,8.619000,40109.6300
LINKUSDT,2026.07.21,19:30:00,8.619000,8.624000,8.608000,8.616000,32373.9900
LINKUSDT,2026.07.21,19:45:00,8.616000,8.624000,8.608000,8.621000,40883.3500
LINKUSDT,2026.07.21,20:00:00,8.621000,8.626000,8.614000,8.620000,48412.5800
LINKUSDT,2026.07.21,20:15:00,8.619000,8.622000,8.610000,8.614000,20079.5600
LINKUSDT,2026.07.21,20:30:00,8.613000,8.637000,8.613000,8.632000,32592.7900
LINKUSDT,2026.07.21,20:45:00,8.632000,8.633000,8.623000,8.627000,16098.7700
LINKUSDT,2026.07.21,21:00:00,8.626000,8.640000,8.620000,8.638000,40854.5400
LINKUSDT,2026.07.21,21:15:00,8.637000,8.639000,8.628000,8.629000,18177.7800
LINKUSDT,2026.07.21,21:30:00,8.628000,8.640000,8.620000,8.636000,24774.5900
LINKUSDT,2026.07.21,21:45:00,8.635000,8.635000,8.620000,8.626000,26745.1700
LINKUSDT,2026.07.21,22:00:00,8.625000,8.625000,8.608000,8.615000,46060.4800
LINKUSDT,2026.07.21,22:15:00,8.614000,8.617000,8.594000,8.611000,69521.0200
LINKUSDT,2026.07.21,22:30:00,8.610000,8.631000,8.604000,8.622000,122380.0500
LINKUSDT,2026.07.21,22:45:00,8.622000,8.626000,8.613000,8.623000,31764.3100
LINKUSDT,2026.07.21,23:00:00,8.622000,8.623000,8.608000,8.621000,36493.2000
LINKUSDT,2026.07.21,23:15:00,8.621000,8.639000,8.620000,8.639000,48432.0700
LINKUSDT,2026.07.21,23:30:00,8.638000,8.650000,8.633000,8.648000,38750.7100
LINKUSDT,2026.07.21,23:45:00,8.648000,8.661000,8.639000,8.655000,50726.5600
LINKUSDT,2026.07.22,00:00:00,8.655000,8.693000,8.648000,8.693000,156617.6200
LINKUSDT,2026.07.22,00:15:00,8.693000,8.716000,8.691000,8.698000,132695.3600
LINKUSDT,2026.07.22,00:30:00,8.698000,8.719000,8.692000,8.715000,65375.9000
LINKUSDT,2026.07.22,00:45:00,8.714000,8.721000,8.697000,8.706000,54935.4700
LINKUSDT,2026.07.22,01:00:00,8.706000,8.715000,8.693000,8.694000,51158.6900
LINKUSDT,2026.07.22,01:15:00,8.695000,8.704000,8.679000,8.695000,52155.6600
LINKUSDT,2026.07.22,01:30:00,8.696000,8.710000,8.690000,8.701000,34394.8400
LINKUSDT,2026.07.22,01:45:00,8.701000,8.722000,8.699000,8.705000,38475.4700
LINKUSDT,2026.07.22,02:00:00,8.706000,8.709000,8.691000,8.709000,50628.4200
LINKUSDT,2026.07.22,02:15:00,8.709000,8.722000,8.708000,8.716000,52364.2000
LINKUSDT,2026.07.22,02:30:00,8.716000,8.716000,8.687000,8.697000,50151.7700
LINKUSDT,2026.07.22,02:45:00,8.697000,8.710000,8.682000,8.690000,50192.4900
LINKUSDT,2026.07.22,03:00:00,8.689000,8.706000,8.671000,8.675000,106904.0200
LINKUSDT,2026.07.22,03:15:00,8.675000,8.710000,8.675000,8.708000,41146.4400
LINKUSDT,2026.07.22,03:30:00,8.707000,8.710000,8.687000,8.695000,47059.7800
LINKUSDT,2026.07.22,03:45:00,8.695000,8.712000,8.673000,8.681000,47333.8100
LINKUSDT,2026.07.22,04:00:00,8.680000,8.716000,8.677000,8.716000,49208.9700
LINKUSDT,2026.07.22,04:15:00,8.716000,8.742000,8.715000,8.728000,89471.9800
LINKUSDT,2026.07.22,04:30:00,8.728000,8.744000,8.720000,8.741000,59627.7700
LINKUSDT,2026.07.22,04:45:00,8.741000,8.743000,8.721000,8.726000,34065.5100
LINKUSDT,2026.07.22,05:00:00,8.726000,8.726000,8.685000,8.688000,72089.7800
LINKUSDT,2026.07.22,05:15:00,8.688000,8.688000,8.636000,8.641000,179626.5400
LINKUSDT,2026.07.22,05:30:00,8.641000,8.658000,8.629000,8.641000,102561.4100
LINKUSDT,2026.07.22,05:45:00,8.641000,8.654000,8.626000,8.628000,47836.2700
LINKUSDT,2026.07.22,06:00:00,8.627000,8.639000,8.623000,8.634000,67651.6200
LINKUSDT,2026.07.22,06:15:00,8.634000,8.634000,8.601000,8.606000,103101.3900
LINKUSDT,2026.07.22,06:30:00,8.605000,8.636000,8.601000,8.622000,51978.3100
LINKUSDT,2026.07.22,06:45:00,8.622000,8.622000,8.600000,8.614000,64449.2000
LINKUSDT,2026.07.22,07:00:00,8.614000,8.619000,8.602000,8.608000,69576.6800
LINKUSDT,2026.07.22,07:15:00,8.608000,8.621000,8.603000,8.617000,60699.7000
LINKUSDT,2026.07.22,07:30:00,8.616000,8.619000,8.573000,8.588000,187842.8300
LINKUSDT,2026.07.22,07:45:00,8.588000,8.588000,8.568000,8.580000,91155.5200
LINKUSDT,2026.07.22,08:00:00,8.580000,8.616000,8.574000,8.601000,111721.7500
LINKUSDT,2026.07.22,08:15:00,8.601000,8.621000,8.597000,8.604000,75034.4100
LINKUSDT,2026.07.22,08:30:00,8.605000,8.617000,8.597000,8.597000,42331.2000
LINKUSDT,2026.07.22,08:45:00,8.598000,8.615000,8.598000,8.609000,41438.8300
LINKUSDT,2026.07.22,09:00:00,8.608000,8.630000,8.607000,8.616000,69432.6700
LINKUSDT,2026.07.22,09:15:00,8.616000,8.625000,8.606000,8.610000,54686.8600
LINKUSDT,2026.07.22,09:30:00,8.611000,8.616000,8.598000,8.600000,54840.9500
LINKUSDT,2026.07.22,09:45:00,8.600000,8.614000,8.591000,8.613000,65402.6500
LINKUSDT,2026.07.22,10:00:00,8.613000,8.623000,8.604000,8.610000,54571.1200
LINKUSDT,2026.07.22,10:15:00,8.610000,8.640000,8.604000,8.636000,55828.2100
LINKUSDT,2026.07.22,10:30:00,8.636000,8.675000,8.633000,8.672000,128839.9100
LINKUSDT,2026.07.22,10:45:00,8.672000,8.680000,8.658000,8.660000,134441.8700
LINKUSDT,2026.07.22,11:00:00,8.660000,8.669000,8.641000,8.643000,57166.6500
LINKUSDT,2026.07.22,11:15:00,8.642000,8.655000,8.629000,8.634000,88541.4500
LINKUSDT,2026.07.22,11:30:00,8.633000,8.637000,8.612000,8.617000,103974.4800
LINKUSDT,2026.07.22,11:45:00,8.617000,8.639000,8.615000,8.636000,40873.6300
LINKUSDT,2026.07.22,12:00:00,8.636000,8.641000,8.614000,8.622000,62593.0500
LINKUSDT,2026.07.22,12:15:00,8.622000,8.628000,8.606000,8.609000,60950.1800
LINKUSDT,2026.07.22,12:30:00,8.609000,8.617000,8.596000,8.599000,83667.3500
LINKUSDT,2026.07.22,12:45:00,8.599000,8.608000,8.563000,8.601000,213471.3600
LINKUSDT,2026.07.22,13:00:00,8.602000,8.612000,8.596000,8.600000,50740.0500
LINKUSDT,2026.07.22,13:15:00,8.600000,8.607000,8.595000,8.604000,48279.8500
LINKUSDT,2026.07.22,13:30:00,8.604000,8.663000,8.603000,8.657000,169719.0400
LINKUSDT,2026.07.22,13:45:00,8.658000,8.686000,8.656000,8.683000,181614.4000
LINKUSDT,2026.07.22,14:00:00,8.683000,8.760000,8.675000,8.696000,486697.0300
LINKUSDT,2026.07.22,14:15:00,8.695000,8.695000,8.627000,8.635000,176767.9900
LINKUSDT,2026.07.22,14:30:00,8.635000,8.665000,8.628000,8.636000,130687.7100
LINKUSDT,2026.07.22,14:45:00,8.635000,8.650000,8.627000,8.650000,98351.6400
LINKUSDT,2026.07.22,15:00:00,8.650000,8.693000,8.650000,8.688000,86876.1200
LINKUSDT,2026.07.22,15:15:00,8.687000,8.727000,8.681000,8.715000,206875.7800
LINKUSDT,2026.07.22,15:30:00,8.715000,8.720000,8.673000,8.695000,113160.3200
LINKUSDT,2026.07.22,15:45:00,8.695000,8.711000,8.672000,8.685000,112449.2600
LINKUSDT,2026.07.22,16:00:00,8.685000,8.697000,8.667000,8.683000,104956.3100
LINKUSDT,2026.07.22,16:15:00,8.682000,8.684000,8.648000,8.667000,127678.4600
LINKUSDT,2026.07.22,16:30:00,8.666000,8.733000,8.664000,8.720000,167640.8900
LINKUSDT,2026.07.22,16:45:00,8.720000,8.729000,8.696000,8.703000,74914.4400
LINKUSDT,2026.07.22,17:00:00,8.702000,8.716000,8.691000,8.692000,67932.3300
LINKUSDT,2026.07.22,17:15:00,8.692000,8.692000,8.654000,8.659000,97897.8700
LINKUSDT,2026.07.22,17:30:00,8.658000,8.675000,8.654000,8.672000,69446.9100
LINKUSDT,2026.07.22,17:45:00,8.672000,8.678000,8.635000,8.638000,172449.1800
LINKUSDT,2026.07.22,18:00:00,8.639000,8.649000,8.624000,8.638000,115337.0400
LINKUSDT,2026.07.22,18:15:00,8.638000,8.650000,8.616000,8.621000,101641.7700
LINKUSDT,2026.07.22,18:30:00,8.621000,8.621000,8.586000,8.603000,162475.7900
LINKUSDT,2026.07.22,18:45:00,8.603000,8.633000,8.601000,8.621000,45917.2600
LINKUSDT,2026.07.22,19:00:00,8.621000,8.625000,8.578000,8.594000,94066.6100
LINKUSDT,2026.07.22,19:15:00,8.593000,8.617000,8.592000,8.610000,54058.5700
LINKUSDT,2026.07.22,19:30:00,8.610000,8.619000,8.601000,8.605000,34987.6700
LINKUSDT,2026.07.22,19:45:00,8.605000,8.646000,8.600000,8.622000,351688.5400
LINKUSDT,2026.07.22,20:00:00,8.623000,8.655000,8.615000,8.649000,216764.5300
LINKUSDT,2026.07.22,20:15:00,8.649000,8.658000,8.643000,8.650000,61880.8300
LINKUSDT,2026.07.22,20:30:00,8.650000,8.655000,8.641000,8.646000,29309.7700
LINKUSDT,2026.07.22,20:45:00,8.645000,8.645000,8.636000,8.640000,43899.5500
LINKUSDT,2026.07.22,21:00:00,8.639000,8.644000,8.624000,8.628000,65692.3900
LINKUSDT,2026.07.22,21:15:00,8.628000,8.634000,8.615000,8.616000,34120.1400
LINKUSDT,2026.07.22,21:30:00,8.615000,8.649000,8.614000,8.643000,47847.4500
LINKUSDT,2026.07.22,21:45:00,8.643000,8.651000,8.639000,8.649000,30629.0200
LINKUSDT,2026.07.22,22:00:00,8.649000,8.654000,8.630000,8.637000,93852.8100
LINKUSDT,2026.07.22,22:15:00,8.637000,8.638000,8.622000,8.636000,41334.3300
LINKUSDT,2026.07.22,22:30:00,8.636000,8.636000,8.611000,8.617000,64845.6400
LINKUSDT,2026.07.22,22:45:00,8.616000,8.639000,8.615000,8.637000,37513.6500
LINKUSDT,2026.07.22,23:00:00,8.637000,8.638000,8.587000,8.593000,104146.8600
LINKUSDT,2026.07.22,23:15:00,8.594000,8.608000,8.581000,8.601000,63319.1900
LINKUSDT,2026.07.22,23:30:00,8.600000,8.609000,8.598000,8.609000,31241.5000
LINKUSDT,2026.07.22,23:45:00,8.608000,8.629000,8.608000,8.628000,54981.6000
LINKUSDT,2026.07.23,00:00:00,8.628000,8.638000,8.616000,8.634000,90506.4700
LINKUSDT,2026.07.23,00:15:00,8.634000,8.680000,8.625000,8.660000,111718.9700
LINKUSDT,2026.07.23,00:30:00,8.660000,8.664000,8.646000,8.647000,49286.3900
LINKUSDT,2026.07.23,00:45:00,8.646000,8.661000,8.636000,8.637000,55930.6600
LINKUSDT,2026.07.23,01:00:00,8.637000,8.657000,8.634000,8.642000,44373.3500
LINKUSDT,2026.07.23,01:15:00,8.642000,8.642000,8.617000,8.633000,84599.7800
LINKUSDT,2026.07.23,01:30:00,8.633000,8.635000,8.602000,8.604000,66195.4900
LINKUSDT,2026.07.23,01:45:00,8.604000,8.615000,8.603000,8.609000,31257.1900
LINKUSDT,2026.07.23,02:00:00,8.610000,8.612000,8.594000,8.600000,54887.1700
LINKUSDT,2026.07.23,02:15:00,8.600000,8.609000,8.586000,8.597000,64425.3100
LINKUSDT,2026.07.23,02:30:00,8.598000,8.612000,8.596000,8.607000,54461.2000
LINKUSDT,2026.07.23,02:45:00,8.608000,8.627000,8.608000,8.626000,41399.6700
LINKUSDT,2026.07.23,03:00:00,8.627000,8.630000,8.591000,8.599000,72100.6100
LINKUSDT,2026.07.23,03:15:00,8.599000,8.604000,8.588000,8.597000,67314.7700
LINKUSDT,2026.07.23,03:30:00,8.597000,8.605000,8.592000,8.598000,38295.9900
LINKUSDT,2026.07.23,03:45:00,8.598000,8.603000,8.581000,8.585000,72606.6100
LINKUSDT,2026.07.23,04:00:00,8.584000,8.602000,8.578000,8.602000,115443.7700
LINKUSDT,2026.07.23,04:15:00,8.602000,8.617000,8.596000,8.608000,40287.1700
LINKUSDT,2026.07.23,04:30:00,8.608000,8.609000,8.584000,8.591000,55943.3700
LINKUSDT,2026.07.23,04:45:00,8.591000,8.597000,8.572000,8.576000,56125.7000
LINKUSDT,2026.07.23,05:00:00,8.577000,8.577000,8.549000,8.552000,135553.3900
LINKUSDT,2026.07.23,05:15:00,8.552000,8.579000,8.541000,8.578000,67588.1100
LINKUSDT,2026.07.23,05:30:00,8.578000,8.593000,8.573000,8.575000,45206.7700
LINKUSDT,2026.07.23,05:45:00,8.576000,8.578000,8.556000,8.574000,41697.5600
LINKUSDT,2026.07.23,06:00:00,8.573000,8.582000,8.563000,8.574000,60406.3000
LINKUSDT,2026.07.23,06:15:00,8.574000,8.587000,8.565000,8.584000,35274.1300
LINKUSDT,2026.07.23,06:30:00,8.583000,8.587000,8.578000,8.582000,27764.1100
LINKUSDT,2026.07.23,06:45:00,8.583000,8.583000,8.568000,8.580000,29323.5000
LINKUSDT,2026.07.23,07:00:00,8.580000,8.580000,8.520000,8.541000,203384.5700
LINKUSDT,2026.07.23,07:15:00,8.540000,8.542000,8.528000,8.536000,55928.2100
LINKUSDT,2026.07.23,07:30:00,8.536000,8.546000,8.526000,8.526000,98808.3100
LINKUSDT,2026.07.23,07:45:00,8.527000,8.538000,8.526000,8.530000,71208.4500
LINKUSDT,2026.07.23,08:00:00,8.530000,8.548000,8.518000,8.543000,98097.2500
LINKUSDT,2026.07.23,08:15:00,8.543000,8.559000,8.534000,8.559000,83177.7000
LINKUSDT,2026.07.23,08:30:00,8.559000,8.571000,8.557000,8.567000,59338.7500
LINKUSDT,2026.07.23,08:45:00,8.567000,8.597000,8.563000,8.592000,76094.3900
LINKUSDT,2026.07.23,09:00:00,8.593000,8.644000,8.585000,8.623000,326687.4600
LINKUSDT,2026.07.23,09:15:00,8.623000,8.639000,8.617000,8.621000,78381.5000
LINKUSDT,2026.07.23,09:30:00,8.622000,8.630000,8.617000,8.626000,58024.8400
LINKUSDT,2026.07.23,09:45:00,8.627000,8.630000,8.609000,8.612000,61114.1500
LINKUSDT,2026.07.23,10:00:00,8.612000,8.628000,8.607000,8.628000,45292.6300
LINKUSDT,2026.07.23,10:15:00,8.628000,8.644000,8.623000,8.643000,44249.6800
LINKUSDT,2026.07.23,10:30:00,8.643000,8.657000,8.636000,8.639000,86023.8000
LINKUSDT,2026.07.23,10:45:00,8.639000,8.639000,8.624000,8.626000,68208.6100
LINKUSDT,2026.07.23,11:00:00,8.625000,8.632000,8.605000,8.632000,69601.4900
LINKUSDT,2026.07.23,11:15:00,8.631000,8.640000,8.622000,8.631000,50225.5100
LINKUSDT,2026.07.23,11:30:00,8.631000,8.641000,8.621000,8.633000,58735.3600
LINKUSDT,2026.07.23,11:45:00,8.633000,8.643000,8.621000,8.635000,66374.3600
LINKUSDT,2026.07.23,12:00:00,8.635000,8.637000,8.618000,8.629000,36804.1300
LINKUSDT,2026.07.23,12:15:00,8.628000,8.639000,8.598000,8.609000,100037.2900
LINKUSDT,2026.07.23,12:30:00,8.609000,8.610000,8.543000,8.551000,282868.9100
LINKUSDT,2026.07.23,12:45:00,8.551000,8.562000,8.505000,8.538000,291250.8800
LINKUSDT,2026.07.23,13:00:00,8.538000,8.545000,8.507000,8.513000,158310.5000
LINKUSDT,2026.07.23,13:15:00,8.514000,8.517000,8.481000,8.490000,267867.0500
LINKUSDT,2026.07.23,13:30:00,8.489000,8.533000,8.478000,8.527000,195479.0500
LINKUSDT,2026.07.23,13:45:00,8.526000,8.544000,8.478000,8.478000,252928.3900
LINKUSDT,2026.07.23,14:00:00,8.478000,8.522000,8.466000,8.507000,247763.8100
LINKUSDT,2026.07.23,14:15:00,8.506000,8.524000,8.498000,8.511000,97500.0600
LINKUSDT,2026.07.23,14:30:00,8.511000,8.524000,8.495000,8.496000,71161.2300
LINKUSDT,2026.07.23,14:45:00,8.495000,8.503000,8.462000,8.470000,202715.2200
LINKUSDT,2026.07.23,15:00:00,8.470000,8.470000,8.410000,8.418000,426314.1700
LINKUSDT,2026.07.23,15:15:00,8.417000,8.479000,8.412000,8.467000,232928.8400
LINKUSDT,2026.07.23,15:30:00,8.466000,8.480000,8.451000,8.469000,74721.4900
LINKUSDT,2026.07.23,15:45:00,8.468000,8.501000,8.462000,8.493000,74589.2500
LINKUSDT,2026.07.23,16:00:00,8.493000,8.495000,8.453000,8.482000,159120.6800
LINKUSDT,2026.07.23,16:15:00,8.483000,8.488000,8.455000,8.488000,68692.0500
LINKUSDT,2026.07.23,16:30:00,8.488000,8.493000,8.463000,8.483000,68585.6100
LINKUSDT,2026.07.23,16:45:00,8.483000,8.500000,8.482000,8.487000,74261.6200
LINKUSDT,2026.07.23,17:00:00,8.486000,8.493000,8.468000,8.488000,67590.3900
LINKUSDT,2026.07.23,17:15:00,8.487000,8.504000,8.485000,8.501000,45114.1500
LINKUSDT,2026.07.23,17:30:00,8.501000,8.508000,8.489000,8.494000,59946.0600
LINKUSDT,2026.07.23,17:45:00,8.493000,8.498000,8.441000,8.454000,104771.7400
LINKUSDT,2026.07.23,18:00:00,8.453000,8.466000,8.443000,8.459000,102728.7200
LINKUSDT,2026.07.23,18:15:00,8.458000,8.476000,8.444000,8.474000,93591.6400
LINKUSDT,2026.07.23,18:30:00,8.474000,8.486000,8.454000,8.465000,35360.3200
LINKUSDT,2026.07.23,18:45:00,8.466000,8.480000,8.466000,8.478000,31667.9200
LINKUSDT,2026.07.23,19:00:00,8.478000,8.484000,8.451000,8.457000,41374.0400
LINKUSDT,2026.07.23,19:15:00,8.456000,8.480000,8.456000,8.479000,25134.5500
LINKUSDT,2026.07.23,19:30:00,8.479000,8.489000,8.452000,8.455000,40544.5300
LINKUSDT,2026.07.23,19:45:00,8.455000,8.458000,8.428000,8.456000,103662.6800
LINKUSDT,2026.07.23,20:00:00,8.455000,8.498000,8.451000,8.496000,77421.9500
LINKUSDT,2026.07.23,20:15:00,8.496000,8.520000,8.492000,8.517000,80020.4600
LINKUSDT,2026.07.23,20:30:00,8.517000,8.517000,8.496000,8.498000,50759.4800
LINKUSDT,2026.07.23,20:45:00,8.497000,8.509000,8.495000,8.505000,27455.0100
LINKUSDT,2026.07.23,21:00:00,8.505000,8.525000,8.490000,8.491000,71402.4800
LINKUSDT,2026.07.23,21:15:00,8.491000,8.500000,8.477000,8.491000,48571.5200
LINKUSDT,2026.07.23,21:30:00,8.492000,8.502000,8.487000,8.488000,27107.9300
LINKUSDT,2026.07.23,21:45:00,8.488000,8.494000,8.472000,8.477000,16206.1300
LINKUSDT,2026.07.23,22:00:00,8.477000,8.479000,8.456000,8.458000,77642.3300
LINKUSDT,2026.07.23,22:15:00,8.459000,8.478000,8.442000,8.470000,62856.3300
LINKUSDT,2026.07.23,22:30:00,8.471000,8.487000,8.471000,8.479000,26947.4500
LINKUSDT,2026.07.23,22:45:00,8.479000,8.482000,8.468000,8.473000,22258.0600
LINKUSDT,2026.07.23,23:00:00,8.473000,8.481000,8.467000,8.469000,53650.0000
LINKUSDT,2026.07.23,23:15:00,8.469000,8.485000,8.468000,8.477000,31374.8400
LINKUSDT,2026.07.23,23:30:00,8.477000,8.481000,8.469000,8.474000,20461.0600
LINKUSDT,2026.07.23,23:45:00,8.473000,8.475000,8.458000,8.466000,34489.7400
LINKUSDT,2026.07.24,00:00:00,8.465000,8.468000,8.437000,8.450000,86162.6100
LINKUSDT,2026.07.24,00:15:00,8.449000,8.458000,8.437000,8.439000,45426.1300
LINKUSDT,2026.07.24,00:30:00,8.439000,8.442000,8.400000,8.420000,157196.9500
LINKUSDT,2026.07.24,00:45:00,8.420000,8.438000,8.412000,8.436000,70705.5800
LINKUSDT,2026.07.24,01:00:00,8.436000,8.453000,8.427000,8.435000,61535.4400
LINKUSDT,2026.07.24,01:15:00,8.435000,8.449000,8.426000,8.427000,41454.8900
LINKUSDT,2026.07.24,01:30:00,8.427000,8.457000,8.422000,8.452000,52103.0200
LINKUSDT,2026.07.24,01:45:00,8.453000,8.456000,8.431000,8.432000,48576.7900
LINKUSDT,2026.07.24,02:00:00,8.433000,8.445000,8.423000,8.439000,44840.2400
LINKUSDT,2026.07.24,02:15:00,8.439000,8.440000,8.419000,8.432000,42903.7900
LINKUSDT,2026.07.24,02:30:00,8.431000,8.432000,8.394000,8.412000,81681.4400
LINKUSDT,2026.07.24,02:45:00,8.412000,8.414000,8.389000,8.413000,85978.7900
LINKUSDT,2026.07.24,03:00:00,8.413000,8.456000,8.407000,8.456000,97163.3700
LINKUSDT,2026.07.24,03:15:00,8.455000,8.469000,8.455000,8.461000,63695.2800
LINKUSDT,2026.07.24,03:30:00,8.461000,8.469000,8.450000,8.460000,43165.9700
LINKUSDT,2026.07.24,03:45:00,8.459000,8.463000,8.448000,8.451000,42883.2100
LINKUSDT,2026.07.24,04:00:00,8.451000,8.453000,8.437000,8.438000,68128.6200
LINKUSDT,2026.07.24,04:15:00,8.437000,8.452000,8.431000,8.450000,36506.3400
LINKUSDT,2026.07.24,04:30:00,8.449000,8.450000,8.428000,8.434000,31237.9900
LINKUSDT,2026.07.24,04:45:00,8.434000,8.437000,8.414000,8.424000,114322.9000
LINKUSDT,2026.07.24,05:00:00,8.425000,8.451000,8.418000,8.443000,50718.6100
LINKUSDT,2026.07.24,05:15:00,8.443000,8.454000,8.440000,8.443000,44362.9700
LINKUSDT,2026.07.24,05:30:00,8.443000,8.449000,8.431000,8.447000,47234.7700
LINKUSDT,2026.07.24,05:45:00,8.446000,8.452000,8.434000,8.438000,30439.3800
LINKUSDT,2026.07.24,06:00:00,8.438000,8.454000,8.434000,8.453000,58657.2900
LINKUSDT,2026.07.24,06:15:00,8.453000,8.479000,8.448000,8.465000,84183.4700
LINKUSDT,2026.07.24,06:30:00,8.464000,8.478000,8.455000,8.463000,32559.6000
LINKUSDT,2026.07.24,06:45:00,8.462000,8.471000,8.457000,8.470000,14439.1500
LINKUSDT,2026.07.24,07:00:00,8.471000,8.562000,8.471000,8.555000,214060.0100
LINKUSDT,2026.07.24,07:15:00,8.555000,8.579000,8.540000,8.549000,195044.0600
LINKUSDT,2026.07.24,07:30:00,8.549000,8.562000,8.503000,8.516000,136510.0100
LINKUSDT,2026.07.24,07:45:00,8.516000,8.558000,8.516000,8.558000,70391.5400
LINKUSDT,2026.07.24,08:00:00,8.558000,8.559000,8.527000,8.535000,97327.9100
LINKUSDT,2026.07.24,08:15:00,8.535000,8.543000,8.507000,8.520000,81010.5200
LINKUSDT,2026.07.24,08:30:00,8.520000,8.543000,8.519000,8.542000,42422.2000
LINKUSDT,2026.07.24,08:45:00,8.542000,8.543000,8.522000,8.523000,25098.3700
LINKUSDT,2026.07.24,09:00:00,8.523000,8.531000,8.494000,8.496000,71691.3900
LINKUSDT,2026.07.24,09:15:00,8.495000,8.509000,8.481000,8.503000,49459.7400
LINKUSDT,2026.07.24,09:30:00,8.504000,8.528000,8.497000,8.522000,57581.2500
LINKUSDT,2026.07.24,09:45:00,8.522000,8.533000,8.511000,8.518000,26469.4900
LINKUSDT,2026.07.24,10:00:00,8.518000,8.519000,8.473000,8.476000,69279.3500
LINKUSDT,2026.07.24,10:15:00,8.475000,8.482000,8.468000,8.476000,52884.5900
LINKUSDT,2026.07.24,10:30:00,8.476000,8.484000,8.468000,8.469000,31345.4800
LINKUSDT,2026.07.24,10:45:00,8.470000,8.472000,8.453000,8.471000,71234.0800
LINKUSDT,2026.07.24,11:00:00,8.471000,8.471000,8.454000,8.457000,36053.1400
LINKUSDT,2026.07.24,11:15:00,8.457000,8.471000,8.455000,8.461000,32815.9100
LINKUSDT,2026.07.24,11:30:00,8.460000,8.462000,8.441000,8.444000,61404.3200
LINKUSDT,2026.07.24,11:45:00,8.444000,8.467000,8.425000,8.460000,191731.4500
LINKUSDT,2026.07.24,12:00:00,8.459000,8.462000,8.442000,8.458000,55536.6400
LINKUSDT,2026.07.24,12:15:00,8.458000,8.485000,8.455000,8.470000,54913.7600
LINKUSDT,2026.07.24,12:30:00,8.470000,8.472000,8.448000,8.449000,28094.0700
LINKUSDT,2026.07.24,12:45:00,8.450000,8.455000,8.417000,8.417000,106534.8000
LINKUSDT,2026.07.24,13:00:00,8.416000,8.423000,8.339000,8.354000,561647.7400
LINKUSDT,2026.07.24,13:15:00,8.353000,8.384000,8.348000,8.362000,137982.7700
LINKUSDT,2026.07.24,13:30:00,8.361000,8.375000,8.328000,8.361000,201395.3000
LINKUSDT,2026.07.24,13:45:00,8.360000,8.365000,8.286000,8.324000,340754.4300
LINKUSDT,2026.07.24,14:00:00,8.325000,8.338000,8.302000,8.318000,184669.5000
LINKUSDT,2026.07.24,14:15:00,8.318000,8.327000,8.290000,8.326000,126853.2000
LINKUSDT,2026.07.24,14:30:00,8.326000,8.332000,8.307000,8.308000,90018.3500
LINKUSDT,2026.07.24,14:45:00,8.308000,8.352000,8.294000,8.352000,133734.7900
LINKUSDT,2026.07.24,15:00:00,8.351000,8.372000,8.317000,8.370000,125526.6200
LINKUSDT,2026.07.24,15:15:00,8.369000,8.383000,8.354000,8.372000,114203.5700
LINKUSDT,2026.07.24,15:30:00,8.371000,8.399000,8.364000,8.378000,96922.0700
LINKUSDT,2026.07.24,15:45:00,8.377000,8.383000,8.361000,8.365000,50377.4100
LINKUSDT,2026.07.24,16:00:00,8.365000,8.370000,8.339000,8.345000,158485.2800
LINKUSDT,2026.07.24,16:15:00,8.344000,8.349000,8.332000,8.336000,42786.2200
LINKUSDT,2026.07.24,16:30:00,8.335000,8.335000,8.318000,8.318000,53786.6100
LINKUSDT,2026.07.24,16:45:00,8.318000,8.334000,8.306000,8.325000,60996.1100
LINKUSDT,2026.07.24,17:00:00,8.324000,8.334000,8.311000,8.323000,68294.0600
LINKUSDT,2026.07.24,17:15:00,8.322000,8.360000,8.320000,8.353000,52268.5300
LINKUSDT,2026.07.24,17:30:00,8.352000,8.365000,8.343000,8.346000,33951.7800
LINKUSDT,2026.07.24,17:45:00,8.346000,8.359000,8.342000,8.355000,40040.4200
LINKUSDT,2026.07.24,18:00:00,8.354000,8.357000,8.347000,8.355000,33049.1400
LINKUSDT,2026.07.24,18:15:00,8.354000,8.355000,8.329000,8.334000,22512.7500
LINKUSDT,2026.07.24,18:30:00,8.333000,8.345000,8.331000,8.342000,50942.0700
LINKUSDT,2026.07.24,18:45:00,8.341000,8.359000,8.340000,8.351000,26969.0700
LINKUSDT,2026.07.24,19:00:00,8.351000,8.357000,8.334000,8.339000,36354.8000
LINKUSDT,2026.07.24,19:15:00,8.339000,8.352000,8.339000,8.349000,21048.9500
LINKUSDT,2026.07.24,19:30:00,8.348000,8.362000,8.347000,8.354000,39779.0000
LINKUSDT,2026.07.24,19:45:00,8.354000,8.357000,8.338000,8.357000,56197.4500
LINKUSDT,2026.07.24,20:00:00,8.357000,8.363000,8.345000,8.355000,42748.9100
LINKUSDT,2026.07.24,20:15:00,8.355000,8.364000,8.351000,8.355000,20981.8500
LINKUSDT,2026.07.24,20:30:00,8.354000,8.354000,8.332000,8.336000,43772.6200
LINKUSDT,2026.07.24,20:45:00,8.336000,8.338000,8.316000,8.332000,83709.2600
LINKUSDT,2026.07.24,21:00:00,8.331000,8.336000,8.306000,8.312000,65420.1900
LINKUSDT,2026.07.24,21:15:00,8.311000,8.330000,8.310000,8.326000,38221.0900
LINKUSDT,2026.07.24,21:30:00,8.326000,8.334000,8.311000,8.312000,37206.5900
LINKUSDT,2026.07.24,21:45:00,8.311000,8.317000,8.290000,8.301000,52988.9400
LINKUSDT,2026.07.24,22:00:00,8.300000,8.322000,8.299000,8.317000,44503.7600
LINKUSDT,2026.07.24,22:15:00,8.317000,8.321000,8.314000,8.321000,29772.6000
LINKUSDT,2026.07.24,22:30:00,8.321000,8.335000,8.319000,8.331000,39787.6200
LINKUSDT,2026.07.24,22:45:00,8.330000,8.331000,8.323000,8.329000,19406.9200
LINKUSDT,2026.07.24,23:00:00,8.328000,8.341000,8.325000,8.330000,29922.6700
LINKUSDT,2026.07.24,23:15:00,8.330000,8.334000,8.325000,8.332000,26522.4100
LINKUSDT,2026.07.24,23:30:00,8.331000,8.339000,8.325000,8.334000,24029.3800
LINKUSDT,2026.07.24,23:45:00,8.333000,8.338000,8.330000,8.336000,18542.1200
LINKUSDT,2026.07.25,00:00:00,8.337000,8.338000,8.319000,8.334000,86425.7000
LINKUSDT,2026.07.25,00:15:00,8.333000,8.353000,8.328000,8.350000,69560.3200
LINKUSDT,2026.07.25,00:30:00,8.349000,8.359000,8.326000,8.329000,60137.2000
LINKUSDT,2026.07.25,00:45:00,8.328000,8.338000,8.319000,8.338000,52022.7500
LINKUSDT,2026.07.25,01:00:00,8.337000,8.349000,8.328000,8.333000,51371.8200
LINKUSDT,2026.07.25,01:15:00,8.333000,8.334000,8.320000,8.327000,27196.7300
LINKUSDT,2026.07.25,01:30:00,8.326000,8.338000,8.321000,8.333000,48783.7000
LINKUSDT,2026.07.25,01:45:00,8.334000,8.334000,8.322000,8.324000,21586.2100
LINKUSDT,2026.07.25,02:00:00,8.323000,8.329000,8.317000,8.320000,35378.4400
LINKUSDT,2026.07.25,02:15:00,8.319000,8.334000,8.311000,8.334000,25574.9400
LINKUSDT,2026.07.25,02:30:00,8.333000,8.338000,8.325000,8.334000,26697.5400
LINKUSDT,2026.07.25,02:45:00,8.333000,8.336000,8.324000,8.335000,16079.2600
LINKUSDT,2026.07.25,03:00:00,8.335000,8.341000,8.328000,8.336000,48861.5900
LINKUSDT,2026.07.25,03:15:00,8.335000,8.344000,8.331000,8.339000,21193.0000
LINKUSDT,2026.07.25,03:30:00,8.338000,8.345000,8.333000,8.343000,15162.6100
LINKUSDT,2026.07.25,03:45:00,8.344000,8.344000,8.328000,8.338000,22960.8500
LINKUSDT,2026.07.25,04:00:00,8.338000,8.349000,8.337000,8.349000,24591.7900
LINKUSDT,2026.07.25,04:15:00,8.350000,8.354000,8.340000,8.341000,25317.3300
LINKUSDT,2026.07.25,04:30:00,8.341000,8.352000,8.330000,8.346000,29861.5700
LINKUSDT,2026.07.25,04:45:00,8.345000,8.349000,8.333000,8.335000,29765.1300
LINKUSDT,2026.07.25,05:00:00,8.335000,8.342000,8.327000,8.329000,45278.9100
LINKUSDT,2026.07.25,05:15:00,8.329000,8.330000,8.325000,8.328000,17253.5700
LINKUSDT,2026.07.25,05:30:00,8.327000,8.328000,8.310000,8.314000,34319.2300
LINKUSDT,2026.07.25,05:45:00,8.313000,8.319000,8.309000,8.318000,32711.3100
LINKUSDT,2026.07.25,06:00:00,8.317000,8.325000,8.316000,8.324000,19499.3900
LINKUSDT,2026.07.25,06:15:00,8.324000,8.325000,8.298000,8.301000,50519.2400
LINKUSDT,2026.07.25,06:30:00,8.300000,8.300000,8.289000,8.290000,43717.7000
LINKUSDT,2026.07.25,06:45:00,8.291000,8.314000,8.286000,8.314000,47950.3300
LINKUSDT,2026.07.25,07:00:00,8.313000,8.313000,8.297000,8.298000,24070.8500
LINKUSDT,2026.07.25,07:15:00,8.298000,8.300000,8.291000,8.296000,34274.2300
LINKUSDT,2026.07.25,07:30:00,8.296000,8.300000,8.292000,8.295000,20353.6400
LINKUSDT,2026.07.25,07:45:00,8.295000,8.300000,8.293000,8.294000,23240.8100
LINKUSDT,2026.07.25,08:00:00,8.293000,8.293000,8.272000,8.287000,123305.4800
LINKUSDT,2026.07.25,08:15:00,8.286000,8.299000,8.286000,8.296000,57988.3600
LINKUSDT,2026.07.25,08:30:00,8.296000,8.298000,8.280000,8.281000,18963.4300
LINKUSDT,2026.07.25,08:45:00,8.281000,8.282000,8.262000,8.275000,78838.6100
LINKUSDT,2026.07.25,09:00:00,8.275000,8.279000,8.269000,8.277000,40254.3000
LINKUSDT,2026.07.25,09:15:00,8.276000,8.284000,8.266000,8.284000,40689.4000
LINKUSDT,2026.07.25,09:30:00,8.283000,8.289000,8.279000,8.283000,46890.2100
LINKUSDT,2026.07.25,09:45:00,8.282000,8.296000,8.282000,8.289000,41498.0300
LINKUSDT,2026.07.25,10:00:00,8.289000,8.301000,8.287000,8.300000,30218.3500
LINKUSDT,2026.07.25,10:15:00,8.301000,8.309000,8.301000,8.304000,28661.5600
LINKUSDT,2026.07.25,10:30:00,8.303000,8.304000,8.297000,8.300000,17035.6900
LINKUSDT,2026.07.25,10:45:00,8.301000,8.310000,8.298000,8.309000,13988.5000
LINKUSDT,2026.07.25,11:00:00,8.309000,8.314000,8.306000,8.310000,25889.7200
LINKUSDT,2026.07.25,11:15:00,8.310000,8.312000,8.304000,8.305000,23242.0100
LINKUSDT,2026.07.25,11:30:00,8.304000,8.311000,8.295000,8.305000,22943.4300
LINKUSDT,2026.07.25,11:45:00,8.305000,8.315000,8.303000,8.314000,25059.6500
LINKUSDT,2026.07.25,12:00:00,8.313000,8.314000,8.306000,8.311000,36883.6000
LINKUSDT,2026.07.25,12:15:00,8.312000,8.315000,8.307000,8.314000,11900.6800
LINKUSDT,2026.07.25,12:30:00,8.314000,8.330000,8.310000,8.327000,59785.2400
LINKUSDT,2026.07.25,12:45:00,8.327000,8.370000,8.324000,8.368000,242865.6200
LINKUSDT,2026.07.25,13:00:00,8.368000,8.375000,8.360000,8.361000,133426.9700
LINKUSDT,2026.07.25,13:15:00,8.360000,8.372000,8.357000,8.364000,75143.1600
LINKUSDT,2026.07.25,13:30:00,8.364000,8.390000,8.352000,8.387000,107699.4100
LINKUSDT,2026.07.25,13:45:00,8.386000,8.396000,8.348000,8.356000,129906.0700
LINKUSDT,2026.07.25,14:00:00,8.356000,8.357000,8.338000,8.352000,95535.0400
LINKUSDT,2026.07.25,14:15:00,8.352000,8.355000,8.341000,8.346000,51728.1100
LINKUSDT,2026.07.25,14:30:00,8.346000,8.356000,8.343000,8.354000,36091.5200
LINKUSDT,2026.07.25,14:45:00,8.354000,8.355000,8.348000,8.352000,12920.4600
LINKUSDT,2026.07.25,15:00:00,8.352000,8.368000,8.348000,8.363000,57189.7100
LINKUSDT,2026.07.25,15:15:00,8.363000,8.393000,8.360000,8.378000,131567.4300
LINKUSDT,2026.07.25,15:30:00,8.378000,8.387000,8.369000,8.385000,96102.4700
LINKUSDT,2026.07.25,15:45:00,8.385000,8.388000,8.373000,8.383000,40312.5400
LINKUSDT,2026.07.25,16:00:00,8.383000,8.393000,8.371000,8.388000,93957.6700
LINKUSDT,2026.07.25,16:15:00,8.388000,8.389000,8.370000,8.372000,62785.8900
LINKUSDT,2026.07.25,16:30:00,8.372000,8.409000,8.370000,8.403000,129165.0600
LINKUSDT,2026.07.25,16:45:00,8.403000,8.414000,8.389000,8.400000,79165.6800
LINKUSDT,2026.07.25,17:00:00,8.400000,8.409000,8.394000,8.397000,61708.2800
LINKUSDT,2026.07.25,17:15:00,8.397000,8.401000,8.391000,8.394000,32986.2100
LINKUSDT,2026.07.25,17:30:00,8.394000,8.413000,8.393000,8.411000,54974.7400
LINKUSDT,2026.07.25,17:45:00,8.411000,8.417000,8.398000,8.406000,56577.1500
LINKUSDT,2026.07.25,18:00:00,8.407000,8.434000,8.407000,8.410000,108557.4700
LINKUSDT,2026.07.25,18:15:00,8.411000,8.420000,8.409000,8.416000,20624.5700
LINKUSDT,2026.07.25,18:30:00,8.416000,8.428000,8.413000,8.416000,23907.0500
LINKUSDT,2026.07.25,18:45:00,8.416000,8.423000,8.414000,8.415000,29340.5400
LINKUSDT,2026.07.25,19:00:00,8.416000,8.424000,8.404000,8.413000,50028.6000
LINKUSDT,2026.07.25,19:15:00,8.412000,8.412000,8.396000,8.403000,54257.2200
LINKUSDT,2026.07.25,19:30:00,8.402000,8.403000,8.393000,8.396000,43597.0700
LINKUSDT,2026.07.25,19:45:00,8.396000,8.408000,8.392000,8.399000,22072.1600
LINKUSDT,2026.07.25,20:00:00,8.400000,8.402000,8.389000,8.394000,28293.0900
LINKUSDT,2026.07.25,20:15:00,8.393000,8.397000,8.387000,8.390000,13885.1000
LINKUSDT,2026.07.25,20:30:00,8.391000,8.392000,8.376000,8.380000,38522.7000
LINKUSDT,2026.07.25,20:45:00,8.380000,8.382000,8.376000,8.381000,17179.7200
LINKUSDT,2026.07.25,21:00:00,8.382000,8.383000,8.352000,8.366000,82534.5300
LINKUSDT,2026.07.25,21:15:00,8.366000,8.368000,8.357000,8.362000,34611.8300
LINKUSDT,2026.07.25,21:30:00,8.363000,8.373000,8.360000,8.367000,33505.0600
LINKUSDT,2026.07.25,21:45:00,8.368000,8.381000,8.364000,8.370000,45430.1300
LINKUSDT,2026.07.25,22:00:00,8.370000,8.376000,8.368000,8.375000,20533.0100
LINKUSDT,2026.07.25,22:15:00,8.375000,8.380000,8.373000,8.380000,16785.5200
LINKUSDT,2026.07.25,22:30:00,8.379000,8.381000,8.372000,8.380000,23252.1500
LINKUSDT,2026.07.25,22:45:00,8.381000,8.384000,8.373000,8.380000,33697.1500
LINKUSDT,2026.07.25,23:00:00,8.380000,8.380000,8.371000,8.372000,24889.7800
LINKUSDT,2026.07.25,23:15:00,8.371000,8.372000,8.366000,8.370000,27885.9700
LINKUSDT,2026.07.25,23:30:00,8.371000,8.378000,8.369000,8.374000,24294.0500
LINKUSDT,2026.07.25,23:45:00,8.373000,8.381000,8.372000,8.379000,15826.9400
LINKUSDT,2026.07.26,00:00:00,8.380000,8.388000,8.374000,8.381000,59642.2300
LINKUSDT,2026.07.26,00:15:00,8.381000,8.405000,8.381000,8.397000,82912.8000
LINKUSDT,2026.07.26,00:30:00,8.397000,8.397000,8.377000,8.382000,34275.5300
LINKUSDT,2026.07.26,00:45:00,8.382000,8.397000,8.379000,8.396000,26181.4300
LINKUSDT,2026.07.26,01:00:00,8.397000,8.399000,8.384000,8.398000,23504.8100
LINKUSDT,2026.07.26,01:15:00,8.398000,8.402000,8.389000,8.391000,25766.6300
LINKUSDT,2026.07.26,01:30:00,8.391000,8.397000,8.389000,8.392000,13652.0700
LINKUSDT,2026.07.26,01:45:00,8.393000,8.394000,8.388000,8.390000,19422.6300
LINKUSDT,2026.07.26,02:00:00,8.391000,8.396000,8.376000,8.396000,24838.3000
LINKUSDT,2026.07.26,02:15:00,8.396000,8.399000,8.389000,8.397000,27218.0700
LINKUSDT,2026.07.26,02:30:00,8.398000,8.398000,8.390000,8.393000,15605.7200
LINKUSDT,2026.07.26,02:45:00,8.393000,8.417000,8.393000,8.417000,52824.6900
LINKUSDT,2026.07.26,03:00:00,8.417000,8.422000,8.402000,8.420000,64078.6700
LINKUSDT,2026.07.26,03:15:00,8.421000,8.421000,8.409000,8.411000,16422.5600
LINKUSDT,2026.07.26,03:30:00,8.411000,8.425000,8.409000,8.417000,29446.5600
LINKUSDT,2026.07.26,03:45:00,8.417000,8.424000,8.417000,8.423000,23879.0600
LINKUSDT,2026.07.26,04:00:00,8.423000,8.425000,8.410000,8.413000,48822.8800
LINKUSDT,2026.07.26,04:15:00,8.413000,8.430000,8.410000,8.428000,80266.5900
LINKUSDT,2026.07.26,04:30:00,8.429000,8.467000,8.425000,8.466000,189248.8800
LINKUSDT,2026.07.26,04:45:00,8.465000,8.473000,8.445000,8.450000,81126.7400
LINKUSDT,2026.07.26,05:00:00,8.451000,8.456000,8.438000,8.456000,62408.7100
LINKUSDT,2026.07.26,05:15:00,8.456000,8.456000,8.429000,8.435000,81870.2200
LINKUSDT,2026.07.26,05:30:00,8.435000,8.450000,8.425000,8.448000,49036.2500
LINKUSDT,2026.07.26,05:45:00,8.448000,8.448000,8.435000,8.438000,35904.6400
LINKUSDT,2026.07.26,06:00:00,8.438000,8.442000,8.418000,8.418000,63372.5000
LINKUSDT,2026.07.26,06:15:00,8.419000,8.422000,8.398000,8.404000,90201.0800
LINKUSDT,2026.07.26,06:30:00,8.404000,8.425000,8.401000,8.418000,52881.5000
LINKUSDT,2026.07.26,06:45:00,8.419000,8.443000,8.418000,8.441000,62140.4700
LINKUSDT,2026.07.26,07:00:00,8.441000,8.447000,8.430000,8.440000,42199.8600
LINKUSDT,2026.07.26,07:15:00,8.440000,8.444000,8.421000,8.421000,36024.4000
LINKUSDT,2026.07.26,07:30:00,8.421000,8.421000,8.406000,8.408000,48436.1900
LINKUSDT,2026.07.26,07:45:00,8.409000,8.420000,8.407000,8.419000,20531.5400
LINKUSDT,2026.07.26,08:00:00,8.419000,8.419000,8.409000,8.412000,43353.8500
LINKUSDT,2026.07.26,08:15:00,8.413000,8.414000,8.406000,8.412000,26815.7000
LINKUSDT,2026.07.26,08:30:00,8.412000,8.413000,8.400000,8.404000,25905.9300
LINKUSDT,2026.07.26,08:45:00,8.404000,8.410000,8.403000,8.405000,24165.7800
LINKUSDT,2026.07.26,09:00:00,8.405000,8.415000,8.402000,8.407000,32569.2800
LINKUSDT,2026.07.26,09:15:00,8.408000,8.429000,8.408000,8.428000,42699.9200
LINKUSDT,2026.07.26,09:30:00,8.428000,8.438000,8.418000,8.434000,43654.4100
LINKUSDT,2026.07.26,09:45:00,8.435000,8.435000,8.410000,8.410000,33397.0000
LINKUSDT,2026.07.26,10:00:00,8.411000,8.422000,8.402000,8.420000,38291.7700
LINKUSDT,2026.07.26,10:15:00,8.419000,8.425000,8.410000,8.420000,26056.8400
LINKUSDT,2026.07.26,10:30:00,8.421000,8.427000,8.417000,8.426000,50083.4000
LINKUSDT,2026.07.26,10:45:00,8.426000,8.434000,8.416000,8.425000,47678.3100
LINKUSDT,2026.07.26,11:00:00,8.425000,8.429000,8.417000,8.422000,26996.0100
LINKUSDT,2026.07.26,11:15:00,8.423000,8.433000,8.418000,8.432000,17679.5100
LINKUSDT,2026.07.26,11:30:00,8.433000,8.434000,8.425000,8.426000,27213.5800
LINKUSDT,2026.07.26,11:45:00,8.427000,8.438000,8.422000,8.430000,30327.5600
LINKUSDT,2026.07.26,12:00:00,8.431000,8.465000,8.430000,8.464000,103466.2400
LINKUSDT,2026.07.26,12:15:00,8.465000,8.493000,8.455000,8.477000,176305.0900
LINKUSDT,2026.07.26,12:30:00,8.478000,8.480000,8.450000,8.451000,49909.1800
LINKUSDT,2026.07.26,12:45:00,8.451000,8.454000,8.436000,8.439000,58363.4500
LINKUSDT,2026.07.26,13:00:00,8.439000,8.445000,8.418000,8.420000,92380.0600
LINKUSDT,2026.07.26,13:15:00,8.420000,8.460000,8.420000,8.443000,60174.1400
LINKUSDT,2026.07.26,13:30:00,8.442000,8.459000,8.434000,8.457000,55120.4800
LINKUSDT,2026.07.26,13:45:00,8.457000,8.464000,8.443000,8.454000,101703.8400
LINKUSDT,2026.07.26,14:00:00,8.453000,8.498000,8.451000,8.482000,168580.7100
LINKUSDT,2026.07.26,14:15:00,8.481000,8.481000,8.451000,8.456000,60321.2400
LINKUSDT,2026.07.26,14:30:00,8.457000,8.478000,8.449000,8.468000,55400.3300
LINKUSDT,2026.07.26,14:45:00,8.469000,8.490000,8.469000,8.489000,64914.5600
LINKUSDT,2026.07.26,15:00:00,8.489000,8.502000,8.482000,8.485000,135261.4000
LINKUSDT,2026.07.26,15:15:00,8.485000,8.530000,8.485000,8.517000,182413.0500
LINKUSDT,2026.07.26,15:30:00,8.517000,8.556000,8.510000,8.545000,147021.6900
LINKUSDT,2026.07.26,15:45:00,8.546000,8.598000,8.532000,8.594000,265224.7600
LINKUSDT,2026.07.26,16:00:00,8.593000,8.623000,8.567000,8.576000,361951.1100
LINKUSDT,2026.07.26,16:15:00,8.577000,8.665000,8.576000,8.648000,299863.7600
LINKUSDT,2026.07.26,16:30:00,8.648000,8.663000,8.613000,8.616000,213930.4400
LINKUSDT,2026.07.26,16:45:00,8.616000,8.657000,8.609000,8.644000,151596.0600
LINKUSDT,2026.07.26,17:00:00,8.644000,8.645000,8.587000,8.594000,198586.6700
LINKUSDT,2026.07.26,17:15:00,8.594000,8.601000,8.565000,8.579000,109269.7700
LINKUSDT,2026.07.26,17:30:00,8.578000,8.607000,8.576000,8.596000,73414.7300
LINKUSDT,2026.07.26,17:45:00,8.595000,8.612000,8.580000,8.582000,73825.5300
LINKUSDT,2026.07.26,18:00:00,8.583000,8.599000,8.556000,8.556000,134984.0200
LINKUSDT,2026.07.26,18:15:00,8.555000,8.577000,8.555000,8.570000,47799.8000
LINKUSDT,2026.07.26,18:30:00,8.570000,8.581000,8.566000,8.574000,37157.7400
LINKUSDT,2026.07.26,18:45:00,8.574000,8.604000,8.573000,8.603000,40707.9800
LINKUSDT,2026.07.26,19:00:00,8.604000,8.613000,8.585000,8.586000,65102.9800
LINKUSDT,2026.07.26,19:15:00,8.586000,8.609000,8.586000,8.597000,43832.6500
LINKUSDT,2026.07.26,19:30:00,8.597000,8.612000,8.587000,8.589000,50637.0600
LINKUSDT,2026.07.26,19:45:00,8.588000,8.590000,8.577000,8.580000,38297.4100
LINKUSDT,2026.07.26,20:00:00,8.579000,8.590000,8.575000,8.580000,58917.8200
LINKUSDT,2026.07.26,20:15:00,8.580000,8.581000,8.565000,8.575000,35924.3800
LINKUSDT,2026.07.26,20:30:00,8.575000,8.579000,8.570000,8.575000,17585.8600
LINKUSDT,2026.07.26,20:45:00,8.575000,8.577000,8.568000,8.576000,17149.0000
LINKUSDT,2026.07.26,21:00:00,8.577000,8.586000,8.572000,8.572000,43606.2100
LINKUSDT,2026.07.26,21:15:00,8.572000,8.613000,8.568000,8.603000,47707.2700
LINKUSDT,2026.07.26,21:30:00,8.604000,8.627000,8.600000,8.617000,54060.7500
LINKUSDT,2026.07.26,21:45:00,8.617000,8.636000,8.616000,8.617000,40466.5800
LINKUSDT,2026.07.26,22:00:00,8.617000,8.749000,8.617000,8.709000,768579.9200
LINKUSDT,2026.07.26,22:15:00,8.709000,8.732000,8.706000,8.732000,147101.2300
LINKUSDT,2026.07.26,22:30:00,8.731000,8.780000,8.729000,8.767000,396443.2300
LINKUSDT,2026.07.26,22:45:00,8.767000,8.805000,8.758000,8.787000,430074.0000
LINKUSDT,2026.07.26,23:00:00,8.787000,8.835000,8.772000,8.775000,482482.2200
LINKUSDT,2026.07.26,23:15:00,8.776000,8.804000,8.776000,8.797000,226355.9600
LINKUSDT,2026.07.26,23:30:00,8.797000,8.816000,8.772000,8.807000,189144.9800
LINKUSDT,2026.07.26,23:45:00,8.807000,8.841000,8.801000,8.823000,183401.4000
LINKUSDT,2026.07.27,00:00:00,8.823000,8.829000,8.787000,8.788000,220274.0500
LINKUSDT,2026.07.27,00:15:00,8.789000,8.789000,8.749000,8.775000,160612.7000
LINKUSDT,2026.07.27,00:30:00,8.775000,8.775000,8.751000,8.769000,73947.5400
LINKUSDT,2026.07.27,00:45:00,8.770000,8.787000,8.752000,8.766000,90270.5000
LINKUSDT,2026.07.27,01:00:00,8.765000,8.793000,8.756000,8.759000,90291.2400
LINKUSDT,2026.07.27,01:15:00,8.758000,8.785000,8.743000,8.770000,156356.0400
LINKUSDT,2026.07.27,01:30:00,8.770000,8.798000,8.743000,8.764000,145072.8800
LINKUSDT,2026.07.27,01:45:00,8.764000,8.793000,8.752000,8.784000,138783.9400
LINKUSDT,2026.07.27,02:00:00,8.785000,8.789000,8.754000,8.755000,63158.2100
LINKUSDT,2026.07.27,02:15:00,8.755000,8.768000,8.742000,8.755000,76333.3100
LINKUSDT,2026.07.27,02:30:00,8.755000,8.759000,8.734000,8.752000,83974.6700
LINKUSDT,2026.07.27,02:45:00,8.752000,8.755000,8.724000,8.733000,83604.8800
LINKUSDT,2026.07.27,03:00:00,8.734000,8.749000,8.718000,8.741000,122479.0900
LINKUSDT,2026.07.27,03:15:00,8.742000,8.752000,8.734000,8.740000,50629.7800
LINKUSDT,2026.07.27,03:30:00,8.740000,8.771000,8.729000,8.767000,60969.8000
LINKUSDT,2026.07.27,03:45:00,8.767000,8.781000,8.763000,8.774000,92251.2600
LINKUSDT,2026.07.27,04:00:00,8.775000,8.798000,8.759000,8.777000,104917.1900
LINKUSDT,2026.07.27,04:15:00,8.777000,8.811000,8.766000,8.775000,96701.5900
LINKUSDT,2026.07.27,04:30:00,8.775000,8.795000,8.758000,8.790000,42484.0400
LINKUSDT,2026.07.27,04:45:00,8.790000,8.790000,8.769000,8.769000,35679.6100
LINKUSDT,2026.07.27,05:00:00,8.769000,8.786000,8.764000,8.779000,72916.7900
LINKUSDT,2026.07.27,05:15:00,8.779000,8.797000,8.770000,8.797000,61626.3000
LINKUSDT,2026.07.27,05:30:00,8.798000,8.812000,8.793000,8.806000,68529.7500
LINKUSDT,2026.07.27,05:45:00,8.806000,8.877000,8.803000,8.850000,230186.8300
LINKUSDT,2026.07.27,06:00:00,8.850000,8.920000,8.820000,8.854000,345525.5800
LINKUSDT,2026.07.27,06:15:00,8.853000,8.872000,8.827000,8.830000,97743.3200
LINKUSDT,2026.07.27,06:30:00,8.829000,8.863000,8.823000,8.846000,56908.3800
LINKUSDT,2026.07.27,06:45:00,8.847000,8.851000,8.825000,8.849000,60167.3800
LINKUSDT,2026.07.27,07:00:00,8.849000,8.853000,8.813000,8.839000,93109.9600
LINKUSDT,2026.07.27,07:15:00,8.839000,8.855000,8.827000,8.827000,48277.5700
LINKUSDT,2026.07.27,07:30:00,8.828000,8.835000,8.803000,8.815000,94646.1300
LINKUSDT,2026.07.27,07:45:00,8.815000,8.828000,8.808000,8.809000,71456.8500
LINKUSDT,2026.07.27,08:00:00,8.808000,8.816000,8.792000,8.806000,118425.9600
LINKUSDT,2026.07.27,08:15:00,8.805000,8.816000,8.792000,8.815000,51263.0000
LINKUSDT,2026.07.27,08:30:00,8.815000,8.819000,8.800000,8.804000,39391.5500
LINKUSDT,2026.07.27,08:45:00,8.805000,8.822000,8.787000,8.794000,72037.8000
LINKUSDT,2026.07.27,09:00:00,8.794000,8.794000,8.758000,8.762000,146803.9800
LINKUSDT,2026.07.27,09:15:00,8.762000,8.779000,8.762000,8.776000,68128.1100
LINKUSDT,2026.07.27,09:30:00,8.776000,8.803000,8.772000,8.796000,118767.2500
LINKUSDT,2026.07.27,09:45:00,8.796000,8.815000,8.788000,8.791000,64618.5600
LINKUSDT,2026.07.27,10:00:00,8.791000,8.800000,8.781000,8.781000,52434.2800
LINKUSDT,2026.07.27,10:15:00,8.781000,8.804000,8.774000,8.790000,47917.0800
LINKUSDT,2026.07.27,10:30:00,8.791000,8.816000,8.787000,8.814000,50487.5500
LINKUSDT,2026.07.27,10:45:00,8.814000,8.821000,8.792000,8.793000,74283.8000
LINKUSDT,2026.07.27,11:00:00,8.793000,8.794000,8.769000,8.784000,64553.0800
LINKUSDT,2026.07.27,11:15:00,8.783000,8.784000,8.747000,8.749000,60500.6700
LINKUSDT,2026.07.27,11:30:00,8.749000,8.769000,8.747000,8.764000,69243.1600
LINKUSDT,2026.07.27,11:45:00,8.763000,8.765000,8.750000,8.752000,70438.7800
LINKUSDT,2026.07.27,12:00:00,8.752000,8.783000,8.736000,8.747000,125690.3600
LINKUSDT,2026.07.27,12:15:00,8.746000,8.759000,8.729000,8.736000,104325.8400
LINKUSDT,2026.07.27,12:30:00,8.737000,8.755000,8.706000,8.752000,135730.2300
LINKUSDT,2026.07.27,12:45:00,8.752000,8.767000,8.739000,8.750000,123355.3000
LINKUSDT,2026.07.27,13:00:00,8.751000,8.757000,8.726000,8.726000,85852.0100
LINKUSDT,2026.07.27,13:15:00,8.726000,8.742000,8.715000,8.718000,108240.0600
LINKUSDT,2026.07.27,13:30:00,8.719000,8.818000,8.702000,8.806000,390019.8200
LINKUSDT,2026.07.27,13:45:00,8.806000,8.815000,8.751000,8.767000,196314.1100
LINKUSDT,2026.07.27,14:00:00,8.768000,8.777000,8.736000,8.768000,153222.7000
LINKUSDT,2026.07.27,14:15:00,8.768000,8.773000,8.661000,8.665000,352922.9200
LINKUSDT,2026.07.27,14:30:00,8.665000,8.665000,8.533000,8.539000,970153.8500
LINKUSDT,2026.07.27,14:45:00,8.539000,8.609000,8.530000,8.595000,355425.0300
LINKUSDT,2026.07.27,15:00:00,8.595000,8.621000,8.574000,8.608000,208129.9800
LINKUSDT,2026.07.27,15:15:00,8.608000,8.620000,8.577000,8.590000,128386.1800
LINKUSDT,2026.07.27,15:30:00,8.590000,8.608000,8.555000,8.587000,120722.6100
LINKUSDT,2026.07.27,15:45:00,8.588000,8.594000,8.570000,8.570000,69492.0200
LINKUSDT,2026.07.27,16:00:00,8.571000,8.588000,8.558000,8.566000,150745.1100
LINKUSDT,2026.07.27,16:15:00,8.566000,8.625000,8.549000,8.617000,241754.2200
LINKUSDT,2026.07.27,16:30:00,8.618000,8.643000,8.617000,8.643000,161360.5900
LINKUSDT,2026.07.27,16:45:00,8.643000,8.654000,8.623000,8.639000,91308.9600
LINKUSDT,2026.07.27,17:00:00,8.639000,8.645000,8.610000,8.626000,47367.9000
LINKUSDT,2026.07.27,17:15:00,8.625000,8.651000,8.619000,8.626000,58229.0200
LINKUSDT,2026.07.27,17:30:00,8.626000,8.643000,8.622000,8.627000,49334.7600
LINKUSDT,2026.07.27,17:45:00,8.627000,8.628000,8.608000,8.622000,44537.6200
LINKUSDT,2026.07.27,18:00:00,8.623000,8.629000,8.609000,8.611000,63449.0900
LINKUSDT,2026.07.27,18:15:00,8.611000,8.611000,8.587000,8.595000,58141.9200
LINKUSDT,2026.07.27,18:30:00,8.596000,8.597000,8.558000,8.574000,174118.1800
LINKUSDT,2026.07.27,18:45:00,8.574000,8.595000,8.560000,8.592000,53616.8700
LINKUSDT,2026.07.27,19:00:00,8.593000,8.641000,8.584000,8.626000,87626.6100
LINKUSDT,2026.07.27,19:15:00,8.626000,8.644000,8.621000,8.632000,44415.4100
LINKUSDT,2026.07.27,19:30:00,8.633000,8.658000,8.627000,8.637000,69332.1800
LINKUSDT,2026.07.27,19:45:00,8.637000,8.646000,8.626000,8.632000,51961.9900
LINKUSDT,2026.07.27,20:00:00,8.632000,8.643000,8.617000,8.620000,40145.3800
LINKUSDT,2026.07.27,20:15:00,8.620000,8.641000,8.614000,8.637000,35759.5800
LINKUSDT,2026.07.27,20:30:00,8.637000,8.637000,8.608000,8.608000,41957.4200
LINKUSDT,2026.07.27,20:45:00,8.609000,8.620000,8.601000,8.619000,38955.8900
LINKUSDT,2026.07.27,21:00:00,8.619000,8.622000,8.607000,8.612000,44245.8600
LINKUSDT,2026.07.27,21:15:00,8.612000,8.616000,8.585000,8.588000,53208.0900
LINKUSDT,2026.07.27,21:30:00,8.587000,8.595000,8.582000,8.590000,50137.1700
LINKUSDT,2026.07.27,21:45:00,8.591000,8.591000,8.578000,8.578000,19947.5100
LINKUSDT,2026.07.27,22:00:00,8.578000,8.582000,8.547000,8.574000,101077.9000
LINKUSDT,2026.07.27,22:15:00,8.574000,8.579000,8.547000,8.558000,69428.2400
LINKUSDT,2026.07.27,22:30:00,8.557000,8.570000,8.505000,8.514000,307088.2100
LINKUSDT,2026.07.27,22:45:00,8.513000,8.513000,8.413000,8.428000,819647.3500
LINKUSDT,2026.07.27,23:00:00,8.428000,8.430000,8.372000,8.399000,583151.9700
LINKUSDT,2026.07.27,23:15:00,8.399000,8.423000,8.381000,8.386000,214527.5600
LINKUSDT,2026.07.27,23:30:00,8.386000,8.396000,8.343000,8.344000,327098.6000
LINKUSDT,2026.07.27,23:45:00,8.344000,8.377000,8.341000,8.377000,152090.3700
LINKUSDT,2026.07.28,00:00:00,8.376000,8.377000,8.337000,8.360000,197186.2300
LINKUSDT,2026.07.28,00:15:00,8.361000,8.382000,8.323000,8.352000,134841.9000
LINKUSDT,2026.07.28,00:30:00,8.352000,8.371000,8.329000,8.353000,73515.3900
LINKUSDT,2026.07.28,00:45:00,8.354000,8.362000,8.339000,8.343000,101266.5500
LINKUSDT,2026.07.28,01:00:00,8.343000,8.350000,8.273000,8.325000,356529.0900
LINKUSDT,2026.07.28,01:15:00,8.325000,8.344000,8.287000,8.335000,115332.4300
LINKUSDT,2026.07.28,01:30:00,8.335000,8.359000,8.320000,8.328000,108655.6100
LINKUSDT,2026.07.28,01:45:00,8.329000,8.333000,8.309000,8.321000,55369.2900
LINKUSDT,2026.07.28,02:00:00,8.321000,8.334000,8.308000,8.332000,80254.3100
LINKUSDT,2026.07.28,02:15:00,8.332000,8.348000,8.324000,8.333000,46334.2300
LINKUSDT,2026.07.28,02:30:00,8.334000,8.336000,8.314000,8.318000,48378.7000
LINKUSDT,2026.07.28,02:45:00,8.318000,8.334000,8.309000,8.318000,57781.0100
LINKUSDT,2026.07.28,03:00:00,8.317000,8.328000,8.308000,8.318000,109692.8800
LINKUSDT,2026.07.28,03:15:00,8.318000,8.338000,8.310000,8.327000,60289.6800
LINKUSDT,2026.07.28,03:30:00,8.327000,8.340000,8.316000,8.339000,50984.8700
LINKUSDT,2026.07.28,03:45:00,8.340000,8.344000,8.323000,8.330000,47959.2400
LINKUSDT,2026.07.28,04:00:00,8.331000,8.347000,8.327000,8.345000,71822.8200
LINKUSDT,2026.07.28,04:15:00,8.346000,8.355000,8.341000,8.345000,42077.4800
LINKUSDT,2026.07.28,04:30:00,8.345000,8.346000,8.327000,8.336000,31601.2300
LINKUSDT,2026.07.28,04:45:00,8.336000,8.359000,8.335000,8.345000,70957.1200
LINKUSDT,2026.07.28,05:00:00,8.346000,8.367000,8.342000,8.357000,152697.7700
LINKUSDT,2026.07.28,05:15:00,8.357000,8.377000,8.349000,8.354000,73634.4400
LINKUSDT,2026.07.28,05:30:00,8.355000,8.356000,8.326000,8.353000,90832.6700
LINKUSDT,2026.07.28,05:45:00,8.354000,8.357000,8.334000,8.335000,61039.2400
LINKUSDT,2026.07.28,06:00:00,8.336000,8.337000,8.313000,8.317000,71055.8800
LINKUSDT,2026.07.28,06:15:00,8.317000,8.350000,8.317000,8.343000,58580.5300
LINKUSDT,2026.07.28,06:30:00,8.343000,8.349000,8.340000,8.345000,52931.8800
LINKUSDT,2026.07.28,06:45:00,8.345000,8.348000,8.334000,8.347000,85229.2500
LINKUSDT,2026.07.28,07:00:00,8.348000,8.349000,8.328000,8.333000,53372.4900
LINKUSDT,2026.07.28,07:15:00,8.333000,8.337000,8.322000,8.325000,51143.1900
LINKUSDT,2026.07.28,07:30:00,8.325000,8.331000,8.312000,8.313000,51517.5800
LINKUSDT,2026.07.28,07:45:00,8.313000,8.319000,8.298000,8.314000,61393.0500
LINKUSDT,2026.07.28,08:00:00,8.315000,8.322000,8.304000,8.307000,56321.1100
LINKUSDT,2026.07.28,08:15:00,8.308000,8.325000,8.305000,8.321000,36387.7700
LINKUSDT,2026.07.28,08:30:00,8.322000,8.330000,8.299000,8.329000,157082.3100
LINKUSDT,2026.07.28,08:45:00,8.329000,8.330000,8.312000,8.318000,33453.5000
LINKUSDT,2026.07.28,09:00:00,8.319000,8.322000,8.307000,8.308000,59478.1800
LINKUSDT,2026.07.28,09:15:00,8.309000,8.315000,8.302000,8.312000,37016.8500
LINKUSDT,2026.07.28,09:30:00,8.313000,8.323000,8.303000,8.318000,52835.4300
LINKUSDT,2026.07.28,09:45:00,8.319000,8.321000,8.290000,8.299000,69614.7800
LINKUSDT,2026.07.28,10:00:00,8.299000,8.308000,8.296000,8.301000,32722.2300
LINKUSDT,2026.07.28,10:15:00,8.301000,8.316000,8.288000,8.299000,30883.6700
LINKUSDT,2026.07.28,10:30:00,8.299000,8.314000,8.296000,8.301000,119299.1100
LINKUSDT,2026.07.28,10:45:00,8.302000,8.309000,8.300000,8.302000,36821.6200
LINKUSDT,2026.07.28,11:00:00,8.302000,8.306000,8.263000,8.273000,142184.1100
LINKUSDT,2026.07.28,11:15:00,8.273000,8.316000,8.271000,8.289000,153522.1200
LINKUSDT,2026.07.28,11:30:00,8.289000,8.312000,8.274000,8.278000,76830.9800
LINKUSDT,2026.07.28,11:45:00,8.278000,8.293000,8.277000,8.284000,45493.8100
LINKUSDT,2026.07.28,12:00:00,8.284000,8.299000,8.278000,8.297000,44605.3700
LINKUSDT,2026.07.28,12:15:00,8.298000,8.307000,8.290000,8.305000,37766.5300
LINKUSDT,2026.07.28,12:30:00,8.305000,8.317000,8.293000,8.314000,80105.5500
LINKUSDT,2026.07.28,12:45:00,8.314000,8.340000,8.305000,8.335000,154330.5900
LINKUSDT,2026.07.28,13:00:00,8.335000,8.345000,8.320000,8.327000,74732.6400
LINKUSDT,2026.07.28,13:15:00,8.327000,8.328000,8.298000,8.299000,66724.4500
LINKUSDT,2026.07.28,13:30:00,8.298000,8.310000,8.192000,8.223000,727559.9700
LINKUSDT,2026.07.28,13:45:00,8.223000,8.240000,8.188000,8.233000,256854.1800
LINKUSDT,2026.07.28,14:00:00,8.233000,8.281000,8.232000,8.248000,190811.5400
LINKUSDT,2026.07.28,14:15:00,8.248000,8.277000,8.223000,8.272000,130946.1700
LINKUSDT,2026.07.28,14:30:00,8.272000,8.306000,8.271000,8.295000,104035.7100
LINKUSDT,2026.07.28,14:45:00,8.295000,8.331000,8.285000,8.287000,177491.3700
LINKUSDT,2026.07.28,15:00:00,8.287000,8.311000,8.279000,8.301000,207613.8600
LINKUSDT,2026.07.28,15:15:00,8.300000,8.398000,8.288000,8.357000,541587.1700
LINKUSDT,2026.07.28,15:30:00,8.357000,8.384000,8.349000,8.372000,155633.9100
LINKUSDT,2026.07.28,15:45:00,8.371000,8.389000,8.352000,8.379000,167766.7600
LINKUSDT,2026.07.28,16:00:00,8.379000,8.384000,8.366000,8.372000,83118.5200
LINKUSDT,2026.07.28,16:15:00,8.373000,8.414000,8.373000,8.383000,205185.9500
LINKUSDT,2026.07.28,16:30:00,8.382000,8.401000,8.370000,8.393000,98258.1200
LINKUSDT,2026.07.28,16:45:00,8.393000,8.415000,8.376000,8.405000,92588.8000
LINKUSDT,2026.07.28,17:00:00,8.404000,8.405000,8.350000,8.356000,94548.2100
LINKUSDT,2026.07.28,17:15:00,8.355000,8.361000,8.336000,8.346000,92295.1800
LINKUSDT,2026.07.28,17:30:00,8.345000,8.346000,8.304000,8.315000,150726.5100
LINKUSDT,2026.07.28,17:45:00,8.314000,8.333000,8.309000,8.328000,52305.3200
LINKUSDT,2026.07.28,18:00:00,8.328000,8.358000,8.325000,8.327000,67275.4500
LINKUSDT,2026.07.28,18:15:00,8.327000,8.336000,8.326000,8.328000,16656.4600
LINKUSDT,2026.07.28,18:30:00,8.328000,8.340000,8.324000,8.337000,22488.9300
LINKUSDT,2026.07.28,18:45:00,8.337000,8.343000,8.328000,8.336000,32075.5600
LINKUSDT,2026.07.28,19:00:00,8.336000,8.355000,8.336000,8.344000,30217.8500
LINKUSDT,2026.07.28,19:15:00,8.343000,8.354000,8.337000,8.352000,21418.3800
LINKUSDT,2026.07.28,19:30:00,8.352000,8.371000,8.346000,8.355000,52212.6700
LINKUSDT,2026.07.28,19:45:00,8.355000,8.383000,8.351000,8.381000,50149.9700
LINKUSDT,2026.07.28,20:00:00,8.381000,8.390000,8.364000,8.383000,107512.1500
LINKUSDT,2026.07.28,20:15:00,8.383000,8.389000,8.375000,8.376000,39976.1500
LINKUSDT,2026.07.28,20:30:00,8.376000,8.381000,8.364000,8.381000,53305.6000
LINKUSDT,2026.07.28,20:45:00,8.381000,8.388000,8.374000,8.386000,26304.4100
LINKUSDT,2026.07.28,21:00:00,8.385000,8.405000,8.378000,8.383000,76998.7400
LINKUSDT,2026.07.28,21:15:00,8.382000,8.385000,8.364000,8.378000,53822.6100
LINKUSDT,2026.07.28,21:30:00,8.378000,8.407000,8.377000,8.402000,38652.5000
LINKUSDT,2026.07.28,21:45:00,8.403000,8.444000,8.399000,8.434000,140724.4000
LINKUSDT,2026.07.28,22:00:00,8.434000,8.451000,8.423000,8.428000,90341.3500
LINKUSDT,2026.07.28,22:15:00,8.428000,8.445000,8.415000,8.416000,58194.2200
LINKUSDT,2026.07.28,22:30:00,8.415000,8.415000,8.393000,8.402000,52640.6400
LINKUSDT,2026.07.28,22:45:00,8.401000,8.406000,8.372000,8.373000,211709.4800
LINKUSDT,2026.07.28,23:00:00,8.372000,8.376000,8.353000,8.374000,88778.1200
LINKUSDT,2026.07.28,23:15:00,8.373000,8.384000,8.362000,8.382000,28567.4300
LINKUSDT,2026.07.28,23:30:00,8.382000,8.426000,8.382000,8.426000,66931.5900
LINKUSDT,2026.07.28,23:45:00,8.426000,8.446000,8.421000,8.442000,124465.3300
LINKUSDT,2026.07.29,00:00:00,8.442000,8.512000,8.442000,8.475000,314359.2100
LINKUSDT,2026.07.29,00:15:00,8.475000,8.500000,8.468000,8.479000,125685.5900
LINKUSDT,2026.07.29,00:30:00,8.478000,8.493000,8.462000,8.487000,88620.9100
LINKUSDT,2026.07.29,00:45:00,8.487000,8.507000,8.469000,8.471000,48582.2000
LINKUSDT,2026.07.29,01:00:00,8.471000,8.480000,8.446000,8.448000,82614.1100
LINKUSDT,2026.07.29,01:15:00,8.449000,8.463000,8.439000,8.454000,56240.9500
LINKUSDT,2026.07.29,01:30:00,8.454000,8.455000,8.405000,8.408000,159998.1100
LINKUSDT,2026.07.29,01:45:00,8.408000,8.416000,8.383000,8.388000,99642.5900
LINKUSDT,2026.07.29,02:00:00,8.389000,8.408000,8.361000,8.400000,141931.5300
LINKUSDT,2026.07.29,02:15:00,8.399000,8.435000,8.371000,8.434000,68695.0800
LINKUSDT,2026.07.29,02:30:00,8.434000,8.456000,8.427000,8.441000,84154.7600
LINKUSDT,2026.07.29,02:45:00,8.441000,8.442000,8.414000,8.423000,40607.8100
LINKUSDT,2026.07.29,03:00:00,8.424000,8.437000,8.401000,8.418000,52320.7600
LINKUSDT,2026.07.29,03:15:00,8.418000,8.425000,8.379000,8.380000,43844.3200
LINKUSDT,2026.07.29,03:30:00,8.380000,8.380000,8.342000,8.348000,120048.9600
LINKUSDT,2026.07.29,03:45:00,8.348000,8.352000,8.325000,8.332000,134051.2200
LINKUSDT,2026.07.29,04:00:00,8.332000,8.344000,8.288000,8.324000,309191.5700
LINKUSDT,2026.07.29,04:15:00,8.324000,8.339000,8.283000,8.332000,109102.0900
LINKUSDT,2026.07.29,04:30:00,8.332000,8.372000,8.326000,8.342000,69831.2000
LINKUSDT,2026.07.29,04:45:00,8.343000,8.365000,8.339000,8.356000,61150.9400
LINKUSDT,2026.07.29,05:00:00,8.356000,8.387000,8.355000,8.386000,126922.0100
LINKUSDT,2026.07.29,05:15:00,8.385000,8.386000,8.353000,8.375000,73543.3900
LINKUSDT,2026.07.29,05:30:00,8.375000,8.398000,8.367000,8.391000,44373.0000
LINKUSDT,2026.07.29,05:45:00,8.391000,8.407000,8.387000,8.397000,68709.6400
LINKUSDT,2026.07.29,06:00:00,8.396000,8.402000,8.375000,8.397000,50416.5700
LINKUSDT,2026.07.29,06:15:00,8.396000,8.427000,8.388000,8.424000,63334.0400
LINKUSDT,2026.07.29,06:30:00,8.424000,8.438000,8.417000,8.428000,85639.6800
LINKUSDT,2026.07.29,06:45:00,8.427000,8.429000,8.415000,8.422000,36257.4100
LINKUSDT,2026.07.29,07:00:00,8.422000,8.430000,8.413000,8.419000,38840.5200
LINKUSDT,2026.07.29,07:15:00,8.419000,8.426000,8.412000,8.425000,28046.8200
LINKUSDT,2026.07.29,07:30:00,8.425000,8.426000,8.399000,8.404000,32345.7000
LINKUSDT,2026.07.29,07:45:00,8.404000,8.439000,8.397000,8.438000,66750.8600
LINKUSDT,2026.07.29,08:00:00,8.438000,8.443000,8.400000,8.401000,106846.8500
LINKUSDT,2026.07.29,08:15:00,8.400000,8.406000,8.378000,8.384000,42881.7500
LINKUSDT,2026.07.29,08:30:00,8.384000,8.427000,8.379000,8.426000,64500.8200
LINKUSDT,2026.07.29,08:45:00,8.425000,8.452000,8.420000,8.424000,74040.9700
LINKUSDT,2026.07.29,09:00:00,8.424000,8.451000,8.423000,8.450000,44241.8200
LINKUSDT,2026.07.29,09:15:00,8.451000,8.452000,8.439000,8.447000,31493.9600
LINKUSDT,2026.07.29,09:30:00,8.447000,8.479000,8.447000,8.460000,116396.1500
LINKUSDT,2026.07.29,09:45:00,8.461000,8.468000,8.448000,8.462000,65579.9100
LINKUSDT,2026.07.29,10:00:00,8.463000,8.466000,8.446000,8.451000,71569.9200
LINKUSDT,2026.07.29,10:15:00,8.451000,8.452000,8.437000,8.438000,30852.2300
LINKUSDT,2026.07.29,10:30:00,8.439000,8.448000,8.426000,8.441000,51902.9800
LINKUSDT,2026.07.29,10:45:00,8.441000,8.441000,8.384000,8.397000,148230.6500
LINKUSDT,2026.07.29,11:00:00,8.398000,8.410000,8.386000,8.405000,39995.4900
LINKUSDT,2026.07.29,11:15:00,8.405000,8.412000,8.391000,8.391000,44306.2400
LINKUSDT,2026.07.29,11:30:00,8.390000,8.394000,8.373000,8.374000,49523.0900
LINKUSDT,2026.07.29,11:45:00,8.375000,8.405000,8.373000,8.402000,34481.3300
LINKUSDT,2026.07.29,12:00:00,8.401000,8.403000,8.374000,8.378000,65022.6200
LINKUSDT,2026.07.29,12:15:00,8.377000,8.377000,8.339000,8.350000,89672.0800
LINKUSDT,2026.07.29,12:30:00,8.350000,8.358000,8.335000,8.345000,92070.9500
LINKUSDT,2026.07.29,12:45:00,8.346000,8.349000,8.326000,8.334000,42461.1500
LINKUSDT,2026.07.29,13:00:00,8.334000,8.344000,8.325000,8.338000,65381.3400
LINKUSDT,2026.07.29,13:15:00,8.339000,8.339000,8.315000,8.330000,62213.9800
LINKUSDT,2026.07.29,13:30:00,8.330000,8.357000,8.317000,8.340000,166836.5100
LINKUSDT,2026.07.29,13:45:00,8.340000,8.344000,8.293000,8.343000,139435.2200
LINKUSDT,2026.07.29,14:00:00,8.344000,8.352000,8.291000,8.295000,106059.2600
LINKUSDT,2026.07.29,14:15:00,8.296000,8.316000,8.266000,8.286000,139022.0600
LINKUSDT,2026.07.29,14:30:00,8.285000,8.302000,8.255000,8.269000,163413.3100
LINKUSDT,2026.07.29,14:45:00,8.268000,8.285000,8.261000,8.264000,83341.7500
LINKUSDT,2026.07.29,15:00:00,8.264000,8.282000,8.255000,8.275000,84720.4100
LINKUSDT,2026.07.29,15:15:00,8.275000,8.285000,8.242000,8.275000,195159.6600
LINKUSDT,2026.07.29,15:30:00,8.275000,8.296000,8.261000,8.263000,112346.4600
LINKUSDT,2026.07.29,15:45:00,8.262000,8.275000,8.237000,8.273000,194628.5500
LINKUSDT,2026.07.29,16:00:00,8.273000,8.282000,8.251000,8.274000,221045.5100
LINKUSDT,2026.07.29,16:15:00,8.273000,8.295000,8.250000,8.276000,285750.0600
LINKUSDT,2026.07.29,16:30:00,8.275000,8.279000,8.241000,8.252000,125265.0800
LINKUSDT,2026.07.29,16:45:00,8.251000,8.288000,8.248000,8.281000,134266.0800
LINKUSDT,2026.07.29,17:00:00,8.281000,8.297000,8.276000,8.293000,73926.4000
LINKUSDT,2026.07.29,17:15:00,8.293000,8.295000,8.273000,8.278000,60656.9900
LINKUSDT,2026.07.29,17:30:00,8.278000,8.296000,8.273000,8.294000,99546.0800
LINKUSDT,2026.07.29,17:45:00,8.294000,8.343000,8.287000,8.340000,175594.3400
LINKUSDT,2026.07.29,18:00:00,8.339000,8.417000,8.331000,8.381000,474929.8600
LINKUSDT,2026.07.29,18:15:00,8.381000,8.394000,8.338000,8.358000,190252.7500
LINKUSDT,2026.07.29,18:30:00,8.358000,8.412000,8.301000,8.405000,264380.7800
LINKUSDT,2026.07.29,18:45:00,8.404000,8.441000,8.392000,8.400000,226292.1500
LINKUSDT,2026.07.29,19:00:00,8.400000,8.414000,8.339000,8.355000,143460.9200
LINKUSDT,2026.07.29,19:15:00,8.356000,8.361000,8.283000,8.299000,157790.4600
LINKUSDT,2026.07.29,19:30:00,8.300000,8.309000,8.262000,8.272000,165387.2500
LINKUSDT,2026.07.29,19:45:00,8.273000,8.276000,8.222000,8.230000,300223.8700
LINKUSDT,2026.07.29,20:00:00,8.230000,8.239000,8.194000,8.227000,338279.8000
LINKUSDT,2026.07.29,20:15:00,8.227000,8.244000,8.167000,8.205000,210300.3900
LINKUSDT,2026.07.29,20:30:00,8.206000,8.248000,8.194000,8.225000,65304.3500
LINKUSDT,2026.07.29,20:45:00,8.226000,8.229000,8.186000,8.188000,45731.2400
LINKUSDT,2026.07.29,21:00:00,8.188000,8.206000,8.158000,8.206000,226651.2600
LINKUSDT,2026.07.29,21:15:00,8.206000,8.230000,8.188000,8.228000,65028.3000
LINKUSDT,2026.07.29,21:30:00,8.227000,8.235000,8.218000,8.227000,86963.3800
LINKUSDT,2026.07.29,21:45:00,8.228000,8.250000,8.220000,8.245000,42442.1500
LINKUSDT,2026.07.29,22:00:00,8.245000,8.307000,8.244000,8.291000,146992.5800
LINKUSDT,2026.07.29,22:15:00,8.290000,8.312000,8.283000,8.306000,58138.8200
LINKUSDT,2026.07.29,22:30:00,8.305000,8.306000,8.284000,8.300000,60569.7200
LINKUSDT,2026.07.29,22:45:00,8.300000,8.302000,8.286000,8.297000,29525.5700
LINKUSDT,2026.07.29,23:00:00,8.298000,8.300000,8.281000,8.285000,53664.8100
LINKUSDT,2026.07.29,23:15:00,8.285000,8.313000,8.283000,8.301000,40060.3800
LINKUSDT,2026.07.29,23:30:00,8.302000,8.327000,8.299000,8.325000,39995.0000
LINKUSDT,2026.07.29,23:45:00,8.325000,8.338000,8.322000,8.330000,72342.4600
LINKUSDT,2026.07.30,00:00:00,8.330000,8.348000,8.323000,8.336000,68856.5700
LINKUSDT,2026.07.30,00:15:00,8.337000,8.350000,8.334000,8.344000,44511.4600
LINKUSDT,2026.07.30,00:30:00,8.344000,8.345000,8.294000,8.295000,96571.1000
LINKUSDT,2026.07.30,00:45:00,8.295000,8.308000,8.273000,8.298000,102102.2000
LINKUSDT,2026.07.30,01:00:00,8.299000,8.363000,8.293000,8.309000,124217.8100
LINKUSDT,2026.07.30,01:15:00,8.309000,8.342000,8.308000,8.338000,35702.3100
LINKUSDT,2026.07.30,01:30:00,8.338000,8.384000,8.337000,8.368000,83778.6300
LINKUSDT,2026.07.30,01:45:00,8.369000,8.395000,8.363000,8.379000,84458.7400
LINKUSDT,2026.07.30,02:00:00,8.380000,8.394000,8.375000,8.382000,56126.2600
LINKUSDT,2026.07.30,02:15:00,8.381000,8.393000,8.372000,8.377000,44425.5000
LINKUSDT,2026.07.30,02:30:00,8.377000,8.378000,8.352000,8.377000,49992.0000
LINKUSDT,2026.07.30,02:45:00,8.377000,8.378000,8.342000,8.348000,61500.9600
LINKUSDT,2026.07.30,03:00:00,8.347000,8.366000,8.326000,8.340000,57402.1700
LINKUSDT,2026.07.30,03:15:00,8.340000,8.363000,8.337000,8.355000,71150.2900
LINKUSDT,2026.07.30,03:30:00,8.354000,8.354000,8.331000,8.339000,23732.7500
LINKUSDT,2026.07.30,03:45:00,8.339000,8.346000,8.333000,8.333000,15749.1800
LINKUSDT,2026.07.30,04:00:00,8.334000,8.338000,8.312000,8.316000,33520.1900
LINKUSDT,2026.07.30,04:15:00,8.316000,8.326000,8.301000,8.318000,33160.9600
LINKUSDT,2026.07.30,04:30:00,8.317000,8.329000,8.299000,8.306000,44085.7800
LINKUSDT,2026.07.30,04:45:00,8.306000,8.318000,8.290000,8.294000,33822.4200
LINKUSDT,2026.07.30,05:00:00,8.294000,8.298000,8.282000,8.292000,69657.3500
LINKUSDT,2026.07.30,05:15:00,8.292000,8.302000,8.275000,8.281000,67334.5400
LINKUSDT,2026.07.30,05:30:00,8.282000,8.307000,8.281000,8.291000,48000.1300
LINKUSDT,2026.07.30,05:45:00,8.292000,8.304000,8.276000,8.288000,46412.0800
LINKUSDT,2026.07.30,06:00:00,8.287000,8.294000,8.278000,8.281000,31778.8000
LINKUSDT,2026.07.30,06:15:00,8.281000,8.291000,8.275000,8.285000,19094.6100
LINKUSDT,2026.07.30,06:30:00,8.286000,8.290000,8.275000,8.275000,38800.4400
LINKUSDT,2026.07.30,06:45:00,8.275000,8.278000,8.257000,8.265000,64190.4700
LINKUSDT,2026.07.30,07:00:00,8.265000,8.304000,8.264000,8.279000,89775.1200
LINKUSDT,2026.07.30,07:15:00,8.280000,8.302000,8.272000,8.291000,48048.6200
LINKUSDT,2026.07.30,07:30:00,8.292000,8.298000,8.271000,8.295000,41129.2600
LINKUSDT,2026.07.30,07:45:00,8.295000,8.299000,8.283000,8.285000,20298.7300
LINKUSDT,2026.07.30,08:00:00,8.286000,8.298000,8.271000,8.289000,86871.9600
LINKUSDT,2026.07.30,08:15:00,8.289000,8.344000,8.285000,8.330000,81658.1300
LINKUSDT,2026.07.30,08:30:00,8.330000,8.347000,8.330000,8.345000,62484.3000
LINKUSDT,2026.07.30,08:45:00,8.344000,8.346000,8.327000,8.330000,37308.6200
LINKUSDT,2026.07.30,09:00:00,8.330000,8.337000,8.316000,8.332000,98157.7300
LINKUSDT,2026.07.30,09:15:00,8.331000,8.379000,8.329000,8.371000,431877.5300
LINKUSDT,2026.07.30,09:30:00,8.372000,8.384000,8.361000,8.375000,101805.9500
LINKUSDT,2026.07.30,09:45:00,8.376000,8.379000,8.355000,8.357000,76643.2900
LINKUSDT,2026.07.30,10:00:00,8.357000,8.375000,8.353000,8.361000,54691.3600
LINKUSDT,2026.07.30,10:15:00,8.361000,8.372000,8.360000,8.368000,52058.0400
LINKUSDT,2026.07.30,10:30:00,8.369000,8.375000,8.359000,8.372000,40072.6000
LINKUSDT,2026.07.30,10:45:00,8.373000,8.379000,8.362000,8.377000,50952.2400
LINKUSDT,2026.07.30,11:00:00,8.378000,8.409000,8.374000,8.402000,148051.0300
LINKUSDT,2026.07.30,11:15:00,8.402000,8.420000,8.399000,8.410000,189020.9400
LINKUSDT,2026.07.30,11:30:00,8.411000,8.440000,8.405000,8.432000,146568.4100
LINKUSDT,2026.07.30,11:45:00,8.433000,8.468000,8.419000,8.459000,244445.3900
LINKUSDT,2026.07.30,12:00:00,8.460000,8.502000,8.448000,8.475000,252690.7100
LINKUSDT,2026.07.30,12:15:00,8.476000,8.485000,8.450000,8.463000,162106.2400
LINKUSDT,2026.07.30,12:30:00,8.464000,8.489000,8.434000,8.439000,121819.8000
LINKUSDT,2026.07.30,12:45:00,8.440000,8.460000,8.438000,8.448000,65957.9500
LINKUSDT,2026.07.30,13:00:00,8.448000,8.462000,8.440000,8.448000,92315.0700
LINKUSDT,2026.07.30,13:15:00,8.448000,8.452000,8.433000,8.439000,83649.8100
LINKUSDT,2026.07.30,13:30:00,8.439000,8.470000,8.415000,8.464000,174202.5800
LINKUSDT,2026.07.30,13:45:00,8.465000,8.538000,8.461000,8.516000,418398.2200
LINKUSDT,2026.07.30,14:00:00,8.516000,8.521000,8.473000,8.476000,236013.1000
LINKUSDT,2026.07.30,14:15:00,8.476000,8.494000,8.436000,8.474000,124633.1400
LINKUSDT,2026.07.30,14:30:00,8.474000,8.495000,8.468000,8.488000,82882.0000
LINKUSDT,2026.07.30,14:45:00,8.488000,8.501000,8.469000,8.489000,121464.6400
LINKUSDT,2026.07.30,15:00:00,8.489000,8.509000,8.470000,8.474000,73567.1700
LINKUSDT,2026.07.30,15:15:00,8.474000,8.501000,8.453000,8.453000,97021.3000
LINKUSDT,2026.07.30,15:30:00,8.453000,8.487000,8.447000,8.481000,34757.1400
LINKUSDT,2026.07.30,15:45:00,8.482000,8.492000,8.456000,8.479000,64015.1700
LINKUSDT,2026.07.30,16:00:00,8.479000,8.508000,8.479000,8.495000,62080.2100
LINKUSDT,2026.07.30,16:15:00,8.496000,8.501000,8.478000,8.488000,45157.0200
LINKUSDT,2026.07.30,16:30:00,8.488000,8.492000,8.469000,8.471000,25105.1500
LINKUSDT,2026.07.30,16:45:00,8.472000,8.502000,8.471000,8.491000,40287.7100
LINKUSDT,2026.07.30,17:00:00,8.492000,8.495000,8.448000,8.456000,58600.0400
LINKUSDT,2026.07.30,17:15:00,8.456000,8.485000,8.453000,8.473000,52323.9100
LINKUSDT,2026.07.30,17:30:00,8.474000,8.496000,8.461000,8.490000,36096.7400
LINKUSDT,2026.07.30,17:45:00,8.490000,8.499000,8.482000,8.482000,28365.9700
LINKUSDT,2026.07.30,18:00:00,8.482000,8.517000,8.482000,8.492000,66279.3000
LINKUSDT,2026.07.30,18:15:00,8.492000,8.508000,8.485000,8.498000,69326.3800
LINKUSDT,2026.07.30,18:30:00,8.499000,8.509000,8.484000,8.496000,49963.0300
LINKUSDT,2026.07.30,18:45:00,8.497000,8.513000,8.481000,8.486000,103465.9500
LINKUSDT,2026.07.30,19:00:00,8.487000,8.513000,8.486000,8.504000,67294.0500
LINKUSDT,2026.07.30,19:15:00,8.505000,8.515000,8.490000,8.497000,38918.3100
LINKUSDT,2026.07.30,19:30:00,8.497000,8.499000,8.479000,8.486000,41026.8700
LINKUSDT,2026.07.30,19:45:00,8.486000,8.497000,8.473000,8.488000,45664.0700
LINKUSDT,2026.07.30,20:00:00,8.488000,8.512000,8.464000,8.471000,144325.5500
LINKUSDT,2026.07.30,20:15:00,8.471000,8.474000,8.458000,8.458000,32024.8000
LINKUSDT,2026.07.30,20:30:00,8.459000,8.474000,8.447000,8.467000,110289.0200
LINKUSDT,2026.07.30,20:45:00,8.468000,8.469000,8.450000,8.450000,17072.7000
LINKUSDT,2026.07.30,21:00:00,8.450000,8.464000,8.450000,8.458000,32974.5800
LINKUSDT,2026.07.30,21:15:00,8.459000,8.471000,8.459000,8.466000,25608.1500
LINKUSDT,2026.07.30,21:30:00,8.466000,8.487000,8.466000,8.477000,27158.2400
LINKUSDT,2026.07.30,21:45:00,8.477000,8.479000,8.460000,8.470000,54449.0400
LINKUSDT,2026.07.30,22:00:00,8.470000,8.491000,8.451000,8.479000,62292.0500
LINKUSDT,2026.07.30,22:15:00,8.480000,8.503000,8.476000,8.497000,50504.5000
LINKUSDT,2026.07.30,22:30:00,8.498000,8.502000,8.481000,8.487000,36823.6600
LINKUSDT,2026.07.30,22:45:00,8.488000,8.489000,8.465000,8.468000,59073.8500
LINKUSDT,2026.07.30,23:00:00,8.468000,8.498000,8.463000,8.496000,46857.3900
LINKUSDT,2026.07.30,23:15:00,8.496000,8.499000,8.485000,8.494000,36215.0500
LINKUSDT,2026.07.30,23:30:00,8.494000,8.524000,8.470000,8.473000,121615.8800
LINKUSDT,2026.07.30,23:45:00,8.474000,8.479000,8.446000,8.447000,111904.8600
LINKUSDT,2026.07.31,00:00:00,8.448000,8.470000,8.427000,8.444000,121701.8300
LINKUSDT,2026.07.31,00:15:00,8.444000,8.444000,8.428000,8.435000,55753.2700
LINKUSDT,2026.07.31,00:30:00,8.436000,8.443000,8.425000,8.436000,61439.6600
LINKUSDT,2026.07.31,00:45:00,8.436000,8.437000,8.421000,8.432000,39036.5700
LINKUSDT,2026.07.31,01:00:00,8.433000,8.513000,8.433000,8.488000,201089.7400
LINKUSDT,2026.07.31,01:15:00,8.489000,8.491000,8.462000,8.477000,71666.5700
LINKUSDT,2026.07.31,01:30:00,8.476000,8.478000,8.430000,8.432000,103524.2900
LINKUSDT,2026.07.31,01:45:00,8.432000,8.437000,8.388000,8.399000,191608.9700
LINKUSDT,2026.07.31,02:00:00,8.400000,8.423000,8.381000,8.398000,108708.5400
LINKUSDT,2026.07.31,02:15:00,8.398000,8.398000,8.381000,8.383000,86113.3200
LINKUSDT,2026.07.31,02:30:00,8.384000,8.389000,8.359000,8.362000,112845.1800
LINKUSDT,2026.07.31,02:45:00,8.362000,8.370000,8.345000,8.356000,109051.2500
LINKUSDT,2026.07.31,03:00:00,8.356000,8.357000,8.316000,8.334000,238682.2700
LINKUSDT,2026.07.31,03:15:00,8.335000,8.364000,8.330000,8.358000,78415.8200
LINKUSDT,2026.07.31,03:30:00,8.358000,8.372000,8.355000,8.368000,74211.7900
LINKUSDT,2026.07.31,03:45:00,8.369000,8.384000,8.362000,8.362000,82313.9200
LINKUSDT,2026.07.31,04:00:00,8.361000,8.372000,8.344000,8.348000,60735.9500
LINKUSDT,2026.07.31,04:15:00,8.349000,8.355000,8.337000,8.353000,45610.3800
LINKUSDT,2026.07.31,04:30:00,8.354000,8.357000,8.343000,8.354000,20526.0900
LINKUSDT,2026.07.31,04:45:00,8.355000,8.358000,8.342000,8.343000,42323.3600
LINKUSDT,2026.07.31,05:00:00,8.344000,8.371000,8.343000,8.364000,60894.4600
LINKUSDT,2026.07.31,05:15:00,8.365000,8.371000,8.348000,8.350000,29990.1400
LINKUSDT,2026.07.31,05:30:00,8.350000,8.355000,8.341000,8.344000,30975.4500
LINKUSDT,2026.07.31,05:45:00,8.345000,8.369000,8.344000,8.368000,38230.1900
LINKUSDT,2026.07.31,06:00:00,8.368000,8.370000,8.354000,8.369000,56941.6700
LINKUSDT,2026.07.31,06:15:00,8.369000,8.383000,8.360000,8.383000,25795.8000
LINKUSDT,2026.07.31,06:30:00,8.383000,8.384000,8.340000,8.340000,99955.7600
LINKUSDT,2026.07.31,06:45:00,8.341000,8.365000,8.332000,8.348000,56636.1700
LINKUSDT,2026.07.31,07:00:00,8.347000,8.347000,8.273000,8.276000,383213.6400
LINKUSDT,2026.07.31,07:15:00,8.276000,8.276000,8.246000,8.249000,252047.8200
LINKUSDT,2026.07.31,07:30:00,8.250000,8.286000,8.242000,8.277000,166924.9000
LINKUSDT,2026.07.31,07:45:00,8.278000,8.305000,8.278000,8.294000,80130.4000
LINKUSDT,2026.07.31,08:00:00,8.294000,8.324000,8.287000,8.319000,153031.2800
LINKUSDT,2026.07.31,08:15:00,8.320000,8.327000,8.306000,8.319000,75497.1700
LINKUSDT,2026.07.31,08:30:00,8.319000,8.321000,8.301000,8.314000,66742.6000
LINKUSDT,2026.07.31,08:45:00,8.314000,8.330000,8.312000,8.321000,62519.7800
LINKUSDT,2026.07.31,09:00:00,8.322000,8.325000,8.306000,8.312000,36691.9800
LINKUSDT,2026.07.31,09:15:00,8.312000,8.312000,8.256000,8.274000,212607.1200
LINKUSDT,2026.07.31,09:30:00,8.274000,8.280000,8.257000,8.260000,63390.7300
LINKUSDT,2026.07.31,09:45:00,8.261000,8.264000,8.244000,8.248000,69314.7400
LINKUSDT,2026.07.31,10:00:00,8.247000,8.253000,8.210000,8.236000,291710.4400
LINKUSDT,2026.07.31,10:15:00,8.235000,8.259000,8.226000,8.252000,115190.9400
LINKUSDT,2026.07.31,10:30:00,8.253000,8.272000,8.252000,8.266000,98992.6900
LINKUSDT,2026.07.31,10:45:00,8.265000,8.271000,8.248000,8.257000,52087.2700
LINKUSDT,2026.07.31,11:00:00,8.257000,8.275000,8.255000,8.256000,66159.3700
LINKUSDT,2026.07.31,11:15:00,8.256000,8.277000,8.243000,8.261000,54742.2700
LINKUSDT,2026.07.31,11:30:00,8.262000,8.264000,8.246000,8.260000,33794.0100
LINKUSDT,2026.07.31,11:45:00,8.261000,8.270000,8.255000,8.261000,30205.1400
LINKUSDT,2026.07.31,12:00:00,8.262000,8.262000,8.217000,8.236000,139926.0900
LINKUSDT,2026.07.31,12:15:00,8.235000,8.257000,8.231000,8.252000,73971.9000
LINKUSDT,2026.07.31,12:30:00,8.252000,8.252000,8.229000,8.244000,130048.3800
LINKUSDT,2026.07.31,12:45:00,8.244000,8.262000,8.241000,8.258000,36311.2500
LINKUSDT,2026.07.31,13:00:00,8.259000,8.271000,8.254000,8.262000,51656.3400
LINKUSDT,2026.07.31,13:15:00,8.262000,8.271000,8.258000,8.270000,58205.9300
LINKUSDT,2026.07.31,13:30:00,8.270000,8.273000,8.190000,8.192000,330616.4700
LINKUSDT,2026.07.31,13:45:00,8.192000,8.192000,8.120000,8.132000,740934.2800
LINKUSDT,2026.07.31,14:00:00,8.132000,8.141000,8.015000,8.088000,1178130.0700
LINKUSDT,2026.07.31,14:15:00,8.087000,8.116000,8.072000,8.095000,481177.1400
LINKUSDT,2026.07.31,14:30:00,8.094000,8.143000,8.093000,8.109000,282123.3000
LINKUSDT,2026.07.31,14:45:00,8.110000,8.137000,8.084000,8.125000,252875.5100
LINKUSDT,2026.07.31,15:00:00,8.126000,8.129000,8.094000,8.100000,174926.4100
LINKUSDT,2026.07.31,15:15:00,8.100000,8.122000,8.084000,8.099000,194511.9600
LINKUSDT,2026.07.31,15:30:00,8.100000,8.131000,8.090000,8.100000,172197.8400
LINKUSDT,2026.07.31,15:45:00,8.099000,8.118000,8.083000,8.107000,96066.5300
LINKUSDT,2026.07.31,16:00:00,8.107000,8.123000,8.103000,8.114000,82922.7000
LINKUSDT,2026.07.31,16:15:00,8.114000,8.130000,8.095000,8.124000,55155.7700
LINKUSDT,2026.07.31,16:30:00,8.125000,8.129000,8.111000,8.127000,39902.6600
LINKUSDT,2026.07.31,16:45:00,8.126000,8.148000,8.124000,8.146000,62733.2300
LINKUSDT,2026.07.31,17:00:00,8.145000,8.158000,8.134000,8.147000,78060.7300
LINKUSDT,2026.07.31,17:15:00,8.147000,8.183000,8.140000,8.181000,148047.0700
LINKUSDT,2026.07.31,17:30:00,8.181000,8.200000,8.176000,8.185000,161332.0800
LINKUSDT,2026.07.31,17:45:00,8.185000,8.200000,8.181000,8.183000,72136.4400
LINKUSDT,2026.07.31,18:00:00,8.183000,8.195000,8.165000,8.167000,82554.5100
LINKUSDT,2026.07.31,18:15:00,8.167000,8.181000,8.163000,8.164000,46360.3800
LINKUSDT,2026.07.31,18:30:00,8.163000,8.180000,8.159000,8.171000,96714.3700
LINKUSDT,2026.07.31,18:45:00,8.170000,8.190000,8.170000,8.176000,32170.0300
LINKUSDT,2026.07.31,19:00:00,8.175000,8.186000,8.164000,8.175000,64930.0900
LINKUSDT,2026.07.31,19:15:00,8.175000,8.177000,8.166000,8.174000,39102.7200
LINKUSDT,2026.07.31,19:30:00,8.173000,8.173000,8.156000,8.172000,51267.2200
LINKUSDT,2026.07.31,19:45:00,8.171000,8.182000,8.166000,8.168000,47563.1600
LINKUSDT,2026.07.31,20:00:00,8.168000,8.170000,8.157000,8.169000,47178.2600
LINKUSDT,2026.07.31,20:15:00,8.169000,8.179000,8.166000,8.175000,35845.1300
LINKUSDT,2026.07.31,20:30:00,8.175000,8.178000,8.150000,8.163000,62546.6400
LINKUSDT,2026.07.31,20:45:00,8.162000,8.167000,8.139000,8.149000,120756.1300
LINKUSDT,2026.07.31,21:00:00,8.149000,8.161000,8.124000,8.155000,111776.7600
LINKUSDT,2026.07.31,21:15:00,8.154000,8.166000,8.152000,8.159000,25486.4800
LINKUSDT,2026.07.31,21:30:00,8.159000,8.165000,8.148000,8.159000,41033.9200
LINKUSDT,2026.07.31,21:45:00,8.160000,8.166000,8.133000,8.141000,34945.5100
LINKUSDT,2026.07.31,22:00:00,8.141000,8.167000,8.135000,8.167000,39121.3900
LINKUSDT,2026.07.31,22:15:00,8.166000,8.172000,8.160000,8.167000,24093.6500
LINKUSDT,2026.07.31,22:30:00,8.166000,8.172000,8.159000,8.162000,23803.2900
LINKUSDT,2026.07.31,22:45:00,8.163000,8.164000,8.151000,8.155000,21917.6500
LINKUSDT,2026.07.31,23:00:00,8.155000,8.168000,8.154000,8.158000,45929.7000
LINKUSDT,2026.07.31,23:15:00,8.158000,8.164000,8.156000,8.164000,28474.5600
LINKUSDT,2026.07.31,23:30:00,8.163000,8.168000,8.157000,8.157000,35557.7300
LINKUSDT,2026.07.31,23:45:00,8.158000,8.170000,8.156000,8.167000,58160.2600
LINKUSDT,2026.08.01,00:00:00,8.167000,8.186000,8.167000,8.183000,65227.2300
LINKUSDT,2026.08.01,00:15:00,8.182000,8.185000,8.174000,8.174000,46432.8300
LINKUSDT,2026.08.01,00:30:00,8.174000,8.188000,8.170000,8.188000,38718.5600
LINKUSDT,2026.08.01,00:45:00,8.188000,8.194000,8.167000,8.178000,62316.5600
LINKUSDT,2026.08.01,01:00:00,8.179000,8.190000,8.176000,8.185000,53326.1700
LINKUSDT,2026.08.01,01:15:00,8.186000,8.191000,8.183000,8.188000,59078.4200
LINKUSDT,2026.08.01,01:30:00,8.188000,8.196000,8.185000,8.195000,31945.9900
LINKUSDT,2026.08.01,01:45:00,8.195000,8.212000,8.186000,8.207000,83995.6000
LINKUSDT,2026.08.01,02:00:00,8.208000,8.232000,8.207000,8.224000,188820.1900
LINKUSDT,2026.08.01,02:15:00,8.224000,8.244000,8.224000,8.240000,59248.6500
LINKUSDT,2026.08.01,02:30:00,8.241000,8.244000,8.215000,8.217000,91468.1900
LINKUSDT,2026.08.01,02:45:00,8.217000,8.226000,8.213000,8.215000,44267.1700
LINKUSDT,2026.08.01,03:00:00,8.215000,8.234000,8.215000,8.219000,74721.5900
LINKUSDT,2026.08.01,03:15:00,8.218000,8.218000,8.205000,8.205000,33626.4200
LINKUSDT,2026.08.01,03:30:00,8.206000,8.206000,8.191000,8.202000,55111.6500
LINKUSDT,2026.08.01,03:45:00,8.202000,8.207000,8.194000,8.207000,63097.9400
LINKUSDT,2026.08.01,04:00:00,8.207000,8.217000,8.198000,8.208000,71000.8000
LINKUSDT,2026.08.01,04:15:00,8.208000,8.214000,8.202000,8.207000,21898.8600
LINKUSDT,2026.08.01,04:30:00,8.206000,8.211000,8.204000,8.209000,14895.6900
LINKUSDT,2026.08.01,04:45:00,8.209000,8.231000,8.205000,8.227000,41053.1800
LINKUSDT,2026.08.01,05:00:00,8.227000,8.240000,8.227000,8.235000,46582.0600
LINKUSDT,2026.08.01,05:15:00,8.235000,8.236000,8.219000,8.223000,38940.7400
LINKUSDT,2026.08.01,05:30:00,8.222000,8.229000,8.198000,8.200000,55806.3300
LINKUSDT,2026.08.01,05:45:00,8.199000,8.203000,8.184000,8.201000,94568.5500
LINKUSDT,2026.08.01,06:00:00,8.201000,8.201000,8.164000,8.173000,176062.8700
LINKUSDT,2026.08.01,06:15:00,8.173000,8.176000,8.159000,8.168000,57813.0600
LINKUSDT,2026.08.01,06:30:00,8.168000,8.171000,8.164000,8.166000,36410.3200
LINKUSDT,2026.08.01,06:45:00,8.167000,8.190000,8.164000,8.186000,54169.1200
LINKUSDT,2026.08.01,07:00:00,8.185000,8.196000,8.185000,8.186000,43828.3600
LINKUSDT,2026.08.01,07:15:00,8.186000,8.189000,8.155000,8.156000,75366.0100
LINKUSDT,2026.08.01,07:30:00,8.155000,8.157000,8.138000,8.143000,91071.5900
LINKUSDT,2026.08.01,07:45:00,8.142000,8.142000,8.128000,8.135000,74974.1800
LINKUSDT,2026.08.01,08:00:00,8.134000,8.136000,8.126000,8.131000,71675.1800
LINKUSDT,2026.08.01,08:15:00,8.130000,8.140000,8.116000,8.122000,111979.4300
LINKUSDT,2026.08.01,08:30:00,8.122000,8.132000,8.118000,8.124000,86162.2400
LINKUSDT,2026.08.01,08:45:00,8.124000,8.124000,8.116000,8.120000,42255.7300
LINKUSDT,2026.08.01,09:00:00,8.119000,8.122000,8.109000,8.110000,66224.7500
LINKUSDT,2026.08.01,09:15:00,8.110000,8.115000,8.100000,8.103000,83392.3500
LINKUSDT,2026.08.01,09:30:00,8.102000,8.107000,8.096000,8.103000,70147.1300
LINKUSDT,2026.08.01,09:45:00,8.102000,8.106000,8.095000,8.096000,63703.3900
LINKUSDT,2026.08.01,10:00:00,8.096000,8.101000,8.082000,8.096000,73534.1500
LINKUSDT,2026.08.01,10:15:00,8.095000,8.108000,8.088000,8.092000,55204.5000
LINKUSDT,2026.08.01,10:30:00,8.091000,8.103000,8.089000,8.098000,46992.4600
LINKUSDT,2026.08.01,10:45:00,8.098000,8.098000,8.090000,8.095000,36213.3600
LINKUSDT,2026.08.01,11:00:00,8.094000,8.095000,8.087000,8.093000,51734.2700
LINKUSDT,2026.08.01,11:15:00,8.093000,8.096000,8.085000,8.087000,47673.7100
LINKUSDT,2026.08.01,11:30:00,8.086000,8.097000,8.076000,8.088000,64193.3600
LINKUSDT,2026.08.01,11:45:00,8.088000,8.089000,8.082000,8.085000,33781.2600
LINKUSDT,2026.08.01,12:00:00,8.086000,8.092000,8.081000,8.085000,67855.0300
LINKUSDT,2026.08.01,12:15:00,8.086000,8.105000,8.084000,8.098000,89055.5700
LINKUSDT,2026.08.01,12:30:00,8.097000,8.101000,8.087000,8.090000,41028.9800
LINKUSDT,2026.08.01,12:45:00,8.090000,8.110000,8.089000,8.103000,68733.3600
LINKUSDT,2026.08.01,13:00:00,8.103000,8.108000,8.094000,8.100000,46147.7700
LINKUSDT,2026.08.01,13:15:00,8.100000,8.100000,8.089000,8.089000,31236.3700
LINKUSDT,2026.08.01,13:30:00,8.090000,8.102000,8.090000,8.101000,40344.9400
LINKUSDT,2026.08.01,13:45:00,8.100000,8.101000,8.091000,8.094000,40760.0900
LINKUSDT,2026.08.01,14:00:00,8.093000,8.115000,8.093000,8.095000,45761.5900
LINKUSDT,2026.08.01,14:15:00,8.096000,8.103000,8.094000,8.099000,29074.1900
LINKUSDT,2026.08.01,14:30:00,8.099000,8.108000,8.098000,8.105000,43092.7000
LINKUSDT,2026.08.01,14:45:00,8.104000,8.110000,8.100000,8.104000,53087.7800
LINKUSDT,2026.08.01,15:00:00,8.103000,8.111000,8.097000,8.105000,58580.9800
LINKUSDT,2026.08.01,15:15:00,8.104000,8.105000,8.086000,8.094000,36399.0900
LINKUSDT,2026.08.01,15:30:00,8.093000,8.103000,8.087000,8.102000,49584.1500
LINKUSDT,2026.08.01,15:45:00,8.102000,8.107000,8.096000,8.097000,41301.3100
LINKUSDT,2026.08.01,16:00:00,8.097000,8.103000,8.071000,8.078000,129701.3300
LINKUSDT,2026.08.01,16:15:00,8.078000,8.096000,8.078000,8.093000,35196.6300
LINKUSDT,2026.08.01,16:30:00,8.092000,8.110000,8.090000,8.092000,40309.2800
LINKUSDT,2026.08.01,16:45:00,8.091000,8.094000,8.072000,8.086000,60117.3400
LINKUSDT,2026.08.01,17:00:00,8.086000,8.098000,8.073000,8.078000,45161.5000
LINKUSDT,2026.08.01,17:15:00,8.077000,8.084000,8.057000,8.068000,123589.1400
LINKUSDT,2026.08.01,17:30:00,8.067000,8.068000,8.041000,8.060000,161956.6000
LINKUSDT,2026.08.01,17:45:00,8.059000,8.059000,8.022000,8.043000,154172.3200
LINKUSDT,2026.08.01,18:00:00,8.042000,8.043000,8.029000,8.037000,61013.4800
LINKUSDT,2026.08.01,18:15:00,8.036000,8.038000,8.001000,8.019000,216691.7800
LINKUSDT,2026.08.01,18:30:00,8.018000,8.018000,7.921000,7.929000,914713.6000
LINKUSDT,2026.08.01,18:45:00,7.930000,7.959000,7.882000,7.959000,567320.8500
LINKUSDT,2026.08.01,19:00:00,7.959000,8.024000,7.955000,7.999000,587873.0100
LINKUSDT,2026.08.01,19:15:00,7.999000,8.008000,7.989000,7.998000,68287.6600
LINKUSDT,2026.08.01,19:30:00,7.998000,8.005000,7.987000,7.998000,70289.1700
LINKUSDT,2026.08.01,19:45:00,7.998000,8.016000,7.997000,7.999000,89742.3300
LINKUSDT,2026.08.01,20:00:00,7.999000,8.007000,7.989000,8.005000,72758.7000
LINKUSDT,2026.08.01,20:15:00,8.004000,8.022000,8.000000,8.002000,49720.8300
LINKUSDT,2026.08.01,20:30:00,8.003000,8.021000,7.998000,8.010000,115840.9400
LINKUSDT,2026.08.01,20:45:00,8.010000,8.034000,8.007000,8.022000,110485.6700
LINKUSDT,2026.08.01,21:00:00,8.022000,8.050000,8.022000,8.038000,81426.2600
LINKUSDT,2026.08.01,21:15:00,8.039000,8.055000,8.031000,8.040000,92574.6100
LINKUSDT,2026.08.01,21:30:00,8.040000,8.058000,8.040000,8.057000,45358.1400
LINKUSDT,2026.08.01,21:45:00,8.057000,8.062000,8.052000,8.061000,30135.7800
LINKUSDT,2026.08.01,22:00:00,8.062000,8.073000,8.054000,8.067000,35849.3700
LINKUSDT,2026.08.01,22:15:00,8.067000,8.078000,8.064000,8.077000,24844.3200
LINKUSDT,2026.08.01,22:30:00,8.077000,8.078000,8.067000,8.073000,34596.3600
LINKUSDT,2026.08.01,22:45:00,8.073000,8.075000,8.065000,8.065000,15160.0100
LINKUSDT,2026.08.01,23:00:00,8.065000,8.082000,8.065000,8.075000,38798.8300
LINKUSDT,2026.08.01,23:15:00,8.076000,8.076000,8.051000,8.054000,34396.7800
LINKUSDT,2026.08.01,23:30:00,8.054000,8.059000,8.051000,8.059000,42928.8000
LINKUSDT,2026.08.01,23:45:00,8.059000,8.065000,8.056000,8.064000,18555.8600
LINKUSDT,2026.08.02,00:00:00,8.064000,8.076000,8.058000,8.058000,94126.2000
LINKUSDT,2026.08.02,00:15:00,8.059000,8.066000,8.051000,8.057000,45199.1700
LINKUSDT,2026.08.02,00:30:00,8.057000,8.068000,8.052000,8.064000,33065.8600
LINKUSDT,2026.08.02,00:45:00,8.064000,8.069000,8.054000,8.069000,61342.6900
LINKUSDT,2026.08.02,01:00:00,8.069000,8.128000,8.069000,8.126000,338532.2900
LINKUSDT,2026.08.02,01:15:00,8.127000,8.152000,8.116000,8.150000,206178.1200
LINKUSDT,2026.08.02,01:30:00,8.151000,8.167000,8.149000,8.160000,174345.3300
LINKUSDT,2026.08.02,01:45:00,8.161000,8.164000,8.153000,8.153000,49209.6800
LINKUSDT,2026.08.02,02:00:00,8.154000,8.257000,8.147000,8.233000,504924.3600
LINKUSDT,2026.08.02,02:15:00,8.234000,8.287000,8.231000,8.260000,392404.9000
LINKUSDT,2026.08.02,02:30:00,8.260000,8.263000,8.219000,8.237000,127797.3800
LINKUSDT,2026.08.02,02:45:00,8.236000,8.276000,8.228000,8.269000,204020.5200
LINKUSDT,2026.08.02,03:00:00,8.269000,8.287000,8.261000,8.264000,106862.7300
LINKUSDT,2026.08.02,03:15:00,8.264000,8.283000,8.254000,8.266000,102447.1200
LINKUSDT,2026.08.02,03:30:00,8.266000,8.309000,8.263000,8.283000,120523.3100
LINKUSDT,2026.08.02,03:45:00,8.284000,8.290000,8.274000,8.289000,58414.8000
LINKUSDT,2026.08.02,04:00:00,8.289000,8.304000,8.277000,8.290000,100731.9200
LINKUSDT,2026.08.02,04:15:00,8.290000,8.320000,8.290000,8.317000,132322.9800
LINKUSDT,2026.08.02,04:30:00,8.317000,8.383000,8.314000,8.356000,428336.0100
LINKUSDT,2026.08.02,04:45:00,8.356000,8.381000,8.355000,8.377000,117700.4900
LINKUSDT,2026.08.02,05:00:00,8.376000,8.416000,8.375000,8.389000,349729.0300
LINKUSDT,2026.08.02,05:15:00,8.389000,8.398000,8.359000,8.361000,126113.0200
LINKUSDT,2026.08.02,05:30:00,8.361000,8.376000,8.349000,8.371000,94403.5500
LINKUSDT,2026.08.02,05:45:00,8.371000,8.391000,8.366000,8.378000,63714.6600
LINKUSDT,2026.08.02,06:00:00,8.379000,8.389000,8.354000,8.355000,89251.8800
LINKUSDT,2026.08.02,06:15:00,8.355000,8.376000,8.347000,8.368000,66633.5500
LINKUSDT,2026.08.02,06:30:00,8.369000,8.370000,8.355000,8.363000,44604.3600
LINKUSDT,2026.08.02,06:45:00,8.363000,8.374000,8.359000,8.368000,35568.1500
LINKUSDT,2026.08.02,07:00:00,8.367000,8.380000,8.353000,8.362000,137948.6900
LINKUSDT,2026.08.02,07:15:00,8.363000,8.395000,8.361000,8.389000,59084.4900
LINKUSDT,2026.08.02,07:30:00,8.389000,8.396000,8.379000,8.393000,47677.1100
LINKUSDT,2026.08.02,07:45:00,8.394000,8.394000,8.371000,8.376000,41094.2200
LINKUSDT,2026.08.02,08:00:00,8.376000,8.387000,8.366000,8.366000,83340.4600
LINKUSDT,2026.08.02,08:15:00,8.366000,8.369000,8.344000,8.346000,60749.5700
LINKUSDT,2026.08.02,08:30:00,8.346000,8.360000,8.310000,8.336000,197081.3500
LINKUSDT,2026.08.02,08:45:00,8.336000,8.343000,8.326000,8.329000,68886.7300
LINKUSDT,2026.08.02,09:00:00,8.329000,8.351000,8.311000,8.344000,118899.1900
LINKUSDT,2026.08.02,09:15:00,8.345000,8.377000,8.345000,8.364000,89544.3100
LINKUSDT,2026.08.02,09:30:00,8.363000,8.389000,8.352000,8.353000,147919.9300
LINKUSDT,2026.08.02,09:45:00,8.352000,8.353000,8.338000,8.342000,77196.1900
LINKUSDT,2026.08.02,10:00:00,8.343000,8.343000,8.321000,8.321000,56236.0900
LINKUSDT,2026.08.02,10:15:00,8.322000,8.332000,8.303000,8.311000,79955.6900
LINKUSDT,2026.08.02,10:30:00,8.311000,8.322000,8.309000,8.312000,39894.3200
LINKUSDT,2026.08.02,10:45:00,8.313000,8.317000,8.301000,8.306000,29596.7900
LINKUSDT,2026.08.02,11:00:00,8.306000,8.313000,8.292000,8.305000,76449.6500
LINKUSDT,2026.08.02,11:15:00,8.306000,8.315000,8.296000,8.296000,37681.6200
LINKUSDT,2026.08.02,11:30:00,8.295000,8.296000,8.262000,8.271000,139012.0700
LINKUSDT,2026.08.02,11:45:00,8.271000,8.288000,8.263000,8.275000,89960.9300
LINKUSDT,2026.08.02,12:00:00,8.274000,8.289000,8.272000,8.282000,71418.9400
LINKUSDT,2026.08.02,12:15:00,8.282000,8.295000,8.278000,8.283000,101356.9000
LINKUSDT,2026.08.02,12:30:00,8.283000,8.294000,8.273000,8.283000,58463.9900
LINKUSDT,2026.08.02,12:45:00,8.284000,8.296000,8.277000,8.290000,48210.2200
LINKUSDT,2026.08.02,13:00:00,8.290000,8.306000,8.288000,8.300000,65511.1100
LINKUSDT,2026.08.02,13:15:00,8.300000,8.303000,8.293000,8.295000,51558.6800
LINKUSDT,2026.08.02,13:30:00,8.296000,8.305000,8.282000,8.295000,72514.6400
LINKUSDT,2026.08.02,13:45:00,8.294000,8.309000,8.279000,8.281000,57288.3100
LINKUSDT,2026.08.02,14:00:00,8.281000,8.283000,8.264000,8.269000,64686.6200
LINKUSDT,2026.08.02,14:15:00,8.268000,8.284000,8.265000,8.283000,48014.2100
LINKUSDT,2026.08.02,14:30:00,8.283000,8.309000,8.273000,8.305000,88282.1700
LINKUSDT,2026.08.02,14:45:00,8.305000,8.308000,8.285000,8.286000,49137.5700
LINKUSDT,2026.08.02,15:00:00,8.286000,8.300000,8.282000,8.293000,76065.8200
LINKUSDT,2026.08.02,15:15:00,8.294000,8.295000,8.283000,8.283000,20829.8600
LINKUSDT,2026.08.02,15:30:00,8.283000,8.296000,8.278000,8.278000,32976.9200
LINKUSDT,2026.08.02,15:45:00,8.278000,8.280000,8.269000,8.273000,24226.9400
LINKUSDT,2026.08.02,16:00:00,8.273000,8.273000,8.244000,8.251000,159304.4100
LINKUSDT,2026.08.02,16:15:00,8.252000,8.258000,8.245000,8.253000,74467.4800
LINKUSDT,2026.08.02,16:30:00,8.254000,8.288000,8.253000,8.281000,76299.1300
LINKUSDT,2026.08.02,16:45:00,8.281000,8.287000,8.272000,8.276000,50060.2000
LINKUSDT,2026.08.02,17:00:00,8.276000,8.297000,8.273000,8.297000,39130.6400
LINKUSDT,2026.08.02,17:15:00,8.297000,8.320000,8.292000,8.307000,66629.7000
LINKUSDT,2026.08.02,17:30:00,8.307000,8.328000,8.307000,8.327000,44591.9500
LINKUSDT,2026.08.02,17:45:00,8.328000,8.341000,8.326000,8.330000,107318.5200
LINKUSDT,2026.08.02,18:00:00,8.330000,8.338000,8.317000,8.319000,36851.5000
LINKUSDT,2026.08.02,18:15:00,8.320000,8.328000,8.318000,8.319000,20028.3300
LINKUSDT,2026.08.02,18:30:00,8.319000,8.371000,8.313000,8.348000,172163.6200
LINKUSDT,2026.08.02,18:45:00,8.348000,8.351000,8.312000,8.312000,56695.4800
LINKUSDT,2026.08.02,19:00:00,8.312000,8.322000,8.308000,8.316000,46201.2300
LINKUSDT,2026.08.02,19:15:00,8.315000,8.323000,8.309000,8.309000,29277.2800
LINKUSDT,2026.08.02,19:30:00,8.309000,8.324000,8.309000,8.321000,27520.6400
LINKUSDT,2026.08.02,19:45:00,8.322000,8.343000,8.321000,8.328000,72952.0300
LINKUSDT,2026.08.02,20:00:00,8.328000,8.337000,8.315000,8.336000,42834.0400
LINKUSDT,2026.08.02,20:15:00,8.336000,8.351000,8.328000,8.330000,66206.3800
LINKUSDT,2026.08.02,20:30:00,8.330000,8.344000,8.330000,8.340000,28365.1100
LINKUSDT,2026.08.02,20:45:00,8.341000,8.351000,8.336000,8.337000,26851.9000
LINKUSDT,2026.08.02,21:00:00,8.337000,8.357000,8.337000,8.354000,39547.8500
LINKUSDT,2026.08.02,21:15:00,8.355000,8.371000,8.350000,8.367000,45494.4100
LINKUSDT,2026.08.02,21:30:00,8.366000,8.387000,8.353000,8.377000,120135.6700
LINKUSDT,2026.08.02,21:45:00,8.378000,8.393000,8.353000,8.371000,64434.5300
LINKUSDT,2026.08.02,22:00:00,8.372000,8.415000,8.372000,8.401000,180510.3400
LINKUSDT,2026.08.02,22:15:00,8.400000,8.453000,8.373000,8.389000,285452.9600
LINKUSDT,2026.08.02,22:30:00,8.389000,8.393000,8.355000,8.390000,93926.9000
LINKUSDT,2026.08.02,22:45:00,8.391000,8.403000,8.388000,8.392000,125386.6400
LINKUSDT,2026.08.02,23:00:00,8.391000,8.400000,8.349000,8.354000,123493.4900
LINKUSDT,2026.08.02,23:15:00,8.354000,8.376000,8.349000,8.370000,41571.4200
LINKUSDT,2026.08.02,23:30:00,8.369000,8.378000,8.362000,8.374000,32967.7500
LINKUSDT,2026.08.02,23:45:00,8.374000,8.381000,8.367000,8.379000,26742.2200
LINKUSDT,2026.08.03,00:00:00,8.380000,8.388000,8.350000,8.368000,106395.7500
LINKUSDT,2026.08.03,00:15:00,8.367000,8.372000,8.333000,8.345000,81062.4900
LINKUSDT,2026.08.03,00:30:00,8.345000,8.361000,8.335000,8.349000,42207.7100
LINKUSDT,2026.08.03,00:45:00,8.348000,8.357000,8.332000,8.350000,54657.4800
LINKUSDT,2026.08.03,01:00:00,8.349000,8.370000,8.337000,8.353000,157067.6200
LINKUSDT,2026.08.03,01:15:00,8.352000,8.364000,8.338000,8.356000,102225.9100
LINKUSDT,2026.08.03,01:30:00,8.355000,8.368000,8.334000,8.345000,81876.2800
LINKUSDT,2026.08.03,01:45:00,8.345000,8.350000,8.320000,8.330000,84600.8900
LINKUSDT,2026.08.03,02:00:00,8.331000,8.331000,8.288000,8.305000,117013.8700
LINKUSDT,2026.08.03,02:15:00,8.306000,8.336000,8.290000,8.306000,113260.5400
LINKUSDT,2026.08.03,02:30:00,8.306000,8.320000,8.301000,8.313000,33342.1000
LINKUSDT,2026.08.03,02:45:00,8.313000,8.317000,8.295000,8.302000,32654.9000
LINKUSDT,2026.08.03,03:00:00,8.301000,8.307000,8.283000,8.290000,80137.5300
LINKUSDT,2026.08.03,03:15:00,8.291000,8.302000,8.287000,8.292000,47144.0700
LINKUSDT,2026.08.03,03:30:00,8.291000,8.295000,8.281000,8.293000,57266.6600
LINKUSDT,2026.08.03,03:45:00,8.292000,8.292000,8.224000,8.249000,322813.1900
LINKUSDT,2026.08.03,04:00:00,8.248000,8.274000,8.244000,8.261000,83964.7700
LINKUSDT,2026.08.03,04:15:00,8.261000,8.278000,8.260000,8.275000,29334.6800
LINKUSDT,2026.08.03,04:30:00,8.274000,8.282000,8.267000,8.276000,46480.1700
LINKUSDT,2026.08.03,04:45:00,8.275000,8.275000,8.232000,8.235000,49021.3400
LINKUSDT,2026.08.03,05:00:00,8.234000,8.259000,8.230000,8.256000,47422.7700
LINKUSDT,2026.08.03,05:15:00,8.256000,8.257000,8.242000,8.245000,74865.5800
LINKUSDT,2026.08.03,05:30:00,8.244000,8.264000,8.241000,8.255000,65448.8900
LINKUSDT,2026.08.03,05:45:00,8.256000,8.270000,8.254000,8.261000,32079.3500
LINKUSDT,2026.08.03,06:00:00,8.261000,8.270000,8.254000,8.263000,36809.6000
LINKUSDT,2026.08.03,06:15:00,8.264000,8.268000,8.255000,8.260000,28526.2100
LINKUSDT,2026.08.03,06:30:00,8.259000,8.268000,8.216000,8.222000,88714.8200
LINKUSDT,2026.08.03,06:45:00,8.223000,8.244000,8.221000,8.226000,89659.1700
LINKUSDT,2026.08.03,07:00:00,8.226000,8.243000,8.215000,8.227000,75732.2900
LINKUSDT,2026.08.03,07:15:00,8.228000,8.246000,8.208000,8.244000,100754.9100
LINKUSDT,2026.08.03,07:30:00,8.244000,8.249000,8.214000,8.216000,36764.7500
LINKUSDT,2026.08.03,07:45:00,8.216000,8.223000,8.211000,8.215000,43091.0000
LINKUSDT,2026.08.03,08:00:00,8.215000,8.219000,8.205000,8.211000,96056.1900
LINKUSDT,2026.08.03,08:15:00,8.210000,8.211000,8.157000,8.169000,317279.2200
LINKUSDT,2026.08.03,08:30:00,8.169000,8.196000,8.158000,8.191000,98993.2300
LINKUSDT,2026.08.03,08:45:00,8.191000,8.225000,8.190000,8.219000,90954.8200
LINKUSDT,2026.08.03,09:00:00,8.219000,8.223000,8.215000,8.216000,33917.6400
LINKUSDT,2026.08.03,09:15:00,8.216000,8.228000,8.212000,8.222000,72365.2400
LINKUSDT,2026.08.03,09:30:00,8.223000,8.234000,8.220000,8.228000,43119.3200
LINKUSDT,2026.08.03,09:45:00,8.229000,8.264000,8.228000,8.249000,89852.8200
LINKUSDT,2026.08.03,10:00:00,8.250000,8.257000,8.226000,8.227000,56742.4700
LINKUSDT,2026.08.03,10:15:00,8.228000,8.235000,8.224000,8.225000,36760.6600
LINKUSDT,2026.08.03,10:30:00,8.224000,8.224000,8.213000,8.216000,23357.4000
LINKUSDT,2026.08.03,10:45:00,8.215000,8.216000,8.193000,8.207000,49563.0200
LINKUSDT,2026.08.03,11:00:00,8.207000,8.209000,8.180000,8.188000,45816.7000
LINKUSDT,2026.08.03,11:15:00,8.187000,8.215000,8.185000,8.196000,43286.8400
LINKUSDT,2026.08.03,11:30:00,8.196000,8.217000,8.194000,8.211000,42966.9800
LINKUSDT,2026.08.03,11:45:00,8.211000,8.211000,8.181000,8.185000,38566.1400
LINKUSDT,2026.08.03,12:00:00,8.185000,8.188000,8.158000,8.178000,122787.4900
LINKUSDT,2026.08.03,12:15:00,8.178000,8.196000,8.172000,8.175000,50157.6600
LINKUSDT,2026.08.03,12:30:00,8.175000,8.189000,8.167000,8.189000,67764.3100
LINKUSDT,2026.08.03,12:45:00,8.189000,8.193000,8.175000,8.177000,56374.8900
LINKUSDT,2026.08.03,13:00:00,8.177000,8.187000,8.172000,8.186000,48084.9800
LINKUSDT,2026.08.03,13:15:00,8.187000,8.249000,8.187000,8.213000,206062.8700
LINKUSDT,2026.08.03,13:30:00,8.214000,8.251000,8.181000,8.243000,128012.6500
LINKUSDT,2026.08.03,13:45:00,8.242000,8.290000,8.220000,8.282000,196826.5800
LINKUSDT,2026.08.03,14:00:00,8.282000,8.299000,8.259000,8.278000,280770.1100
LINKUSDT,2026.08.03,14:15:00,8.278000,8.312000,8.246000,8.301000,173449.0800
LINKUSDT,2026.08.03,14:30:00,8.300000,8.316000,8.284000,8.293000,148905.8700
LINKUSDT,2026.08.03,14:45:00,8.292000,8.309000,8.275000,8.304000,111324.9900
LINKUSDT,2026.08.03,15:00:00,8.304000,8.307000,8.257000,8.269000,114317.5700
LINKUSDT,2026.08.03,15:15:00,8.269000,8.277000,8.244000,8.253000,148723.1600
LINKUSDT,2026.08.03,15:30:00,8.253000,8.272000,8.240000,8.253000,106457.0600
LINKUSDT,2026.08.03,15:45:00,8.253000,8.263000,8.236000,8.245000,65801.5400
LINKUSDT,2026.08.03,16:00:00,8.245000,8.272000,8.235000,8.252000,84199.7200
LINKUSDT,2026.08.03,16:15:00,8.252000,8.283000,8.252000,8.271000,89348.9600
LINKUSDT,2026.08.03,16:30:00,8.270000,8.270000,8.227000,8.246000,69185.3000
LINKUSDT,2026.08.03,16:45:00,8.247000,8.264000,8.233000,8.242000,52266.0000
LINKUSDT,2026.08.03,17:00:00,8.242000,8.270000,8.234000,8.252000,121995.7900
LINKUSDT,2026.08.03,17:15:00,8.252000,8.273000,8.240000,8.245000,77930.2800
LINKUSDT,2026.08.03,17:30:00,8.244000,8.257000,8.236000,8.248000,59012.2800
LINKUSDT,2026.08.03,17:45:00,8.248000,8.260000,8.234000,8.247000,61534.8000
LINKUSDT,2026.08.03,18:00:00,8.246000,8.263000,8.242000,8.260000,46525.3000
LINKUSDT,2026.08.03,18:15:00,8.260000,8.263000,8.223000,8.232000,47190.4200
LINKUSDT,2026.08.03,18:30:00,8.231000,8.242000,8.224000,8.232000,36735.6000
LINKUSDT,2026.08.03,18:45:00,8.233000,8.242000,8.221000,8.234000,42968.0900
LINKUSDT,2026.08.03,19:00:00,8.235000,8.244000,8.229000,8.239000,24329.3000
LINKUSDT,2026.08.03,19:15:00,8.240000,8.266000,8.239000,8.259000,36542.9200
LINKUSDT,2026.08.03,19:30:00,8.260000,8.275000,8.238000,8.251000,94263.6400
LINKUSDT,2026.08.03,19:45:00,8.251000,8.255000,8.229000,8.230000,32897.4100
LINKUSDT,2026.08.03,20:00:00,8.230000,8.248000,8.223000,8.241000,52659.6300
LINKUSDT,2026.08.03,20:15:00,8.240000,8.262000,8.240000,8.244000,31185.2900
LINKUSDT,2026.08.03,20:30:00,8.244000,8.246000,8.233000,8.238000,43554.7400
LINKUSDT,2026.08.03,20:45:00,8.238000,8.238000,8.210000,8.220000,70384.1900
LINKUSDT,2026.08.03,21:00:00,8.219000,8.220000,8.206000,8.214000,59108.1300
LINKUSDT,2026.08.03,21:15:00,8.215000,8.225000,8.210000,8.221000,38436.5400
LINKUSDT,2026.08.03,21:30:00,8.221000,8.229000,8.214000,8.228000,24431.7400
LINKUSDT,2026.08.03,21:45:00,8.228000,8.228000,8.206000,8.208000,20108.1900
LINKUSDT,2026.08.03,22:00:00,8.207000,8.212000,8.176000,8.203000,88805.3400
LINKUSDT,2026.08.03,22:15:00,8.202000,8.217000,8.192000,8.198000,32084.3700
LINKUSDT,2026.08.03,22:30:00,8.197000,8.197000,8.183000,8.185000,26065.6100
LINKUSDT,2026.08.03,22:45:00,8.185000,8.199000,8.182000,8.192000,27352.2100
LINKUSDT,2026.08.03,23:00:00,8.192000,8.192000,8.168000,8.171000,59445.8700
LINKUSDT,2026.08.03,23:15:00,8.172000,8.183000,8.170000,8.175000,58246.7600
LINKUSDT,2026.08.03,23:30:00,8.175000,8.178000,8.163000,8.174000,33106.5000
LINKUSDT,2026.08.03,23:45:00,8.174000,8.185000,8.169000,8.184000,41014.0900
LINKUSDT,2026.08.04,00:00:00,8.185000,8.191000,8.164000,8.165000,109786.8400
LINKUSDT,2026.08.04,00:15:00,8.165000,8.170000,8.127000,8.144000,242249.6600
LINKUSDT,2026.08.04,00:30:00,8.144000,8.144000,8.115000,8.123000,127478.1700
LINKUSDT,2026.08.04,00:45:00,8.122000,8.140000,8.112000,8.120000,83601.8100
LINKUSDT,2026.08.04,01:00:00,8.119000,8.129000,8.112000,8.128000,102664.8800
LINKUSDT,2026.08.04,01:15:00,8.128000,8.159000,8.124000,8.147000,87987.5700
LINKUSDT,2026.08.04,01:30:00,8.147000,8.219000,8.147000,8.204000,197792.7800
LINKUSDT,2026.08.04,01:45:00,8.204000,8.228000,8.204000,8.213000,130432.8000
LINKUSDT,2026.08.04,02:00:00,8.214000,8.218000,8.193000,8.193000,107831.0700
LINKUSDT,2026.08.04,02:15:00,8.193000,8.197000,8.176000,8.189000,95416.1000
LINKUSDT,2026.08.04,02:30:00,8.189000,8.231000,8.188000,8.208000,64260.0000
LINKUSDT,2026.08.04,02:45:00,8.207000,8.210000,8.191000,8.198000,33733.4500
LINKUSDT,2026.08.04,03:00:00,8.197000,8.205000,8.175000,8.175000,52100.8700
LINKUSDT,2026.08.04,03:15:00,8.174000,8.181000,8.160000,8.177000,45811.5200
LINKUSDT,2026.08.04,03:30:00,8.177000,8.197000,8.177000,8.194000,33237.6400
LINKUSDT,2026.08.04,03:45:00,8.194000,8.202000,8.191000,8.191000,52465.7100
LINKUSDT,2026.08.04,04:00:00,8.192000,8.193000,8.172000,8.177000,73860.6000
LINKUSDT,2026.08.04,04:15:00,8.177000,8.198000,8.176000,8.187000,24098.0300
LINKUSDT,2026.08.04,04:30:00,8.188000,8.234000,8.187000,8.232000,139845.6000
LINKUSDT,2026.08.04,04:45:00,8.233000,8.262000,8.219000,8.220000,123246.4900
LINKUSDT,2026.08.04,05:00:00,8.220000,8.227000,8.191000,8.191000,34323.8600
LINKUSDT,2026.08.04,05:15:00,8.191000,8.195000,8.187000,8.189000,28155.9200
LINKUSDT,2026.08.04,05:30:00,8.189000,8.195000,8.187000,8.188000,24198.1900
LINKUSDT,2026.08.04,05:45:00,8.188000,8.188000,8.174000,8.184000,32669.1900
LINKUSDT,2026.08.04,06:00:00,8.184000,8.185000,8.174000,8.177000,28495.9500
LINKUSDT,2026.08.04,06:15:00,8.178000,8.200000,8.171000,8.173000,58565.9600
LINKUSDT,2026.08.04,06:30:00,8.173000,8.176000,8.132000,8.136000,212967.4100
LINKUSDT,2026.08.04,06:45:00,8.136000,8.142000,8.126000,8.141000,81080.1700
LINKUSDT,2026.08.04,07:00:00,8.142000,8.156000,8.124000,8.129000,126021.0600
LINKUSDT,2026.08.04,07:15:00,8.129000,8.142000,8.117000,8.141000,125579.3700
LINKUSDT,2026.08.04,07:30:00,8.141000,8.164000,8.140000,8.151000,79074.4800
LINKUSDT,2026.08.04,07:45:00,8.152000,8.173000,8.151000,8.169000,78510.8900
LINKUSDT,2026.08.04,08:00:00,8.170000,8.185000,8.162000,8.162000,70791.5800
LINKUSDT,2026.08.04,08:15:00,8.163000,8.170000,8.153000,8.159000,93066.7900
LINKUSDT,2026.08.04,08:30:00,8.159000,8.159000,8.130000,8.153000,64364.3200
LINKUSDT,2026.08.04,08:45:00,8.153000,8.153000,8.138000,8.146000,25854.4800
LINKUSDT,2026.08.04,09:00:00,8.146000,8.147000,8.131000,8.137000,49059.9200
LINKUSDT,2026.08.04,09:15:00,8.136000,8.142000,8.121000,8.140000,73676.1600
LINKUSDT,2026.08.04,09:30:00,8.140000,8.146000,8.131000,8.145000,91594.7600
LINKUSDT,2026.08.04,09:45:00,8.145000,8.156000,8.141000,8.155000,51985.9100
LINKUSDT,2026.08.04,10:00:00,8.156000,8.178000,8.148000,8.161000,149133.4600
LINKUSDT,2026.08.04,10:15:00,8.161000,8.179000,8.147000,8.148000,58720.7100
LINKUSDT,2026.08.04,10:30:00,8.147000,8.184000,8.130000,8.177000,100500.5500
LINKUSDT,2026.08.04,10:45:00,8.176000,8.221000,8.167000,8.192000,287804.2900
LINKUSDT,2026.08.04,11:00:00,8.192000,8.202000,8.187000,8.196000,84429.6000
LINKUSDT,2026.08.04,11:15:00,8.195000,8.201000,8.181000,8.188000,75100.3100
LINKUSDT,2026.08.04,11:30:00,8.187000,8.206000,8.173000,8.203000,181913.6000
LINKUSDT,2026.08.04,11:45:00,8.203000,8.220000,8.200000,8.212000,213427.5800
LINKUSDT,2026.08.04,12:00:00,8.211000,8.216000,8.185000,8.186000,84231.6400
LINKUSDT,2026.08.04,12:15:00,8.186000,8.197000,8.181000,8.197000,27313.2100
LINKUSDT,2026.08.04,12:30:00,8.197000,8.233000,8.191000,8.221000,82985.1900
LINKUSDT,2026.08.04,12:45:00,8.220000,8.221000,8.203000,8.204000,46971.6700
LINKUSDT,2026.08.04,13:00:00,8.205000,8.214000,8.192000,8.205000,73408.0500
LINKUSDT,2026.08.04,13:15:00,8.205000,8.217000,8.167000,8.167000,163758.7800
LINKUSDT,2026.08.04,13:30:00,8.168000,8.238000,8.158000,8.193000,239571.7600
LINKUSDT,2026.08.04,13:45:00,8.194000,8.198000,8.159000,8.178000,273369.5800
LINKUSDT,2026.08.04,14:00:00,8.179000,8.215000,8.153000,8.201000,157911.9900
LINKUSDT,2026.08.04,14:15:00,8.202000,8.204000,8.166000,8.196000,120802.6900
LINKUSDT,2026.08.04,14:30:00,8.196000,8.262000,8.187000,8.253000,206935.4800
LINKUSDT,2026.08.04,14:45:00,8.253000,8.255000,8.196000,8.234000,229191.2200
LINKUSDT,2026.08.04,15:00:00,8.235000,8.248000,8.195000,8.205000,89815.5700
LINKUSDT,2026.08.04,15:15:00,8.204000,8.208000,8.154000,8.169000,260422.2900
LINKUSDT,2026.08.04,15:30:00,8.169000,8.195000,8.135000,8.190000,195311.9400
LINKUSDT,2026.08.04,15:45:00,8.189000,8.219000,8.184000,8.191000,275249.4700
LINKUSDT,2026.08.04,16:00:00,8.191000,8.193000,8.175000,8.178000,97062.5100
LINKUSDT,2026.08.04,16:15:00,8.179000,8.196000,8.170000,8.171000,107905.2500
LINKUSDT,2026.08.04,16:30:00,8.170000,8.184000,8.166000,8.182000,63739.1500
LINKUSDT,2026.08.04,16:45:00,8.182000,8.187000,8.163000,8.183000,97531.5500
LINKUSDT,2026.08.04,17:00:00,8.184000,8.215000,8.180000,8.194000,91507.3900
LINKUSDT,2026.08.04,17:15:00,8.194000,8.205000,8.181000,8.204000,54841.4500
LINKUSDT,2026.08.04,17:30:00,8.204000,8.204000,8.184000,8.191000,53798.1400
LINKUSDT,2026.08.04,17:45:00,8.191000,8.194000,8.158000,8.172000,44598.2200
LINKUSDT,2026.08.04,18:00:00,8.172000,8.232000,8.168000,8.231000,99762.7500
LINKUSDT,2026.08.04,18:15:00,8.230000,8.250000,8.222000,8.236000,124414.0600
LINKUSDT,2026.08.04,18:30:00,8.237000,8.240000,8.211000,8.224000,55634.9300
LINKUSDT,2026.08.04,18:45:00,8.224000,8.227000,8.216000,8.222000,31812.3400
LINKUSDT,2026.08.04,19:00:00,8.222000,8.242000,8.219000,8.241000,56788.4900
LINKUSDT,2026.08.04,19:15:00,8.241000,8.243000,8.216000,8.221000,35641.6700
LINKUSDT,2026.08.04,19:30:00,8.221000,8.240000,8.213000,8.223000,100544.1500
LINKUSDT,2026.08.04,19:45:00,8.222000,8.223000,8.202000,8.213000,55363.7300
LINKUSDT,2026.08.04,20:00:00,8.212000,8.216000,8.178000,8.184000,122267.4000
LINKUSDT,2026.08.04,20:15:00,8.183000,8.186000,8.145000,8.185000,229224.6900
LINKUSDT,2026.08.04,20:30:00,8.184000,8.220000,8.179000,8.207000,125016.3100
LINKUSDT,2026.08.04,20:45:00,8.206000,8.211000,8.192000,8.205000,68571.0000
LINKUSDT,2026.08.04,21:00:00,8.204000,8.207000,8.186000,8.188000,41074.9900
LINKUSDT,2026.08.04,21:15:00,8.188000,8.208000,8.184000,8.197000,21894.5500
LINKUSDT,2026.08.04,21:30:00,8.197000,8.200000,8.191000,8.197000,34583.5500
LINKUSDT,2026.08.04,21:45:00,8.196000,8.198000,8.181000,8.182000,23190.9800
LINKUSDT,2026.08.04,22:00:00,8.182000,8.191000,8.158000,8.176000,68135.2200
LINKUSDT,2026.08.04,22:15:00,8.176000,8.186000,8.169000,8.178000,24536.1300
LINKUSDT,2026.08.04,22:30:00,8.177000,8.180000,8.163000,8.166000,17070.0800
LINKUSDT,2026.08.04,22:45:00,8.166000,8.175000,8.163000,8.175000,35227.1000
LINKUSDT,2026.08.04,23:00:00,8.175000,8.194000,8.161000,8.190000,55284.7500
LINKUSDT,2026.08.04,23:15:00,8.189000,8.197000,8.147000,8.149000,74791.3500
LINKUSDT,2026.08.04,23:30:00,8.148000,8.167000,8.144000,8.155000,43481.4300
LINKUSDT,2026.08.04,23:45:00,8.154000,8.156000,8.138000,8.144000,33603.8000
LINKUSDT,2026.08.05,00:00:00,8.144000,8.147000,8.118000,8.130000,199140.2200
LINKUSDT,2026.08.05,00:15:00,8.129000,8.142000,8.127000,8.141000,101824.5800
LINKUSDT,2026.08.05,00:30:00,8.141000,8.163000,8.121000,8.123000,90719.3000
LINKUSDT,2026.08.05,00:45:00,8.122000,8.127000,8.113000,8.120000,72365.3900
LINKUSDT,2026.08.05,01:00:00,8.120000,8.123000,8.097000,8.116000,159587.9800
LINKUSDT,2026.08.05,01:15:00,8.115000,8.133000,8.108000,8.133000,43619.9400
LINKUSDT,2026.08.05,01:30:00,8.132000,8.180000,8.131000,8.156000,130562.8500
LINKUSDT,2026.08.05,01:45:00,8.155000,8.178000,8.154000,8.175000,41768.6100
LINKUSDT,2026.08.05,02:00:00,8.174000,8.196000,8.162000,8.176000,116447.8700
LINKUSDT,2026.08.05,02:15:00,8.176000,8.177000,8.155000,8.166000,76419.7800
LINKUSDT,2026.08.05,02:30:00,8.165000,8.189000,8.163000,8.189000,45997.9700
LINKUSDT,2026.08.05,02:45:00,8.189000,8.190000,8.168000,8.170000,45206.1700
LINKUSDT,2026.08.05,03:00:00,8.169000,8.179000,8.144000,8.144000,83432.5200
LINKUSDT,2026.08.05,03:15:00,8.144000,8.144000,8.103000,8.104000,139406.4900
LINKUSDT,2026.08.05,03:30:00,8.103000,8.119000,8.087000,8.112000,143549.9100
LINKUSDT,2026.08.05,03:45:00,8.112000,8.128000,8.111000,8.121000,45889.4400
LINKUSDT,2026.08.05,04:00:00,8.121000,8.141000,8.118000,8.131000,82851.4200
LINKUSDT,2026.08.05,04:15:00,8.131000,8.140000,8.122000,8.131000,39770.9000
LINKUSDT,2026.08.05,04:30:00,8.131000,8.136000,8.126000,8.127000,15583.9700
LINKUSDT,2026.08.05,04:45:00,8.128000,8.130000,8.119000,8.128000,13484.9000
LINKUSDT,2026.08.05,05:00:00,8.128000,8.160000,8.123000,8.152000,62531.8100
LINKUSDT,2026.08.05,05:15:00,8.152000,8.185000,8.148000,8.169000,68908.2500
LINKUSDT,2026.08.05,05:30:00,8.169000,8.171000,8.155000,8.171000,78573.7600
LINKUSDT,2026.08.05,05:45:00,8.170000,8.181000,8.167000,8.175000,58686.8000
LINKUSDT,2026.08.05,06:00:00,8.174000,8.181000,8.160000,8.172000,50174.0300
LINKUSDT,2026.08.05,06:15:00,8.171000,8.176000,8.162000,8.171000,70978.3700
LINKUSDT,2026.08.05,06:30:00,8.171000,8.201000,8.166000,8.168000,56986.6600
LINKUSDT,2026.08.05,06:45:00,8.167000,8.179000,8.161000,8.178000,30767.9800
LINKUSDT,2026.08.05,07:00:00,8.177000,8.178000,8.154000,8.162000,51518.4400
LINKUSDT,2026.08.05,07:15:00,8.161000,8.161000,8.133000,8.144000,104676.8400
LINKUSDT,2026.08.05,07:30:00,8.143000,8.161000,8.139000,8.151000,42730.3300
LINKUSDT,2026.08.05,07:45:00,8.152000,8.183000,8.152000,8.183000,98334.0100
LINKUSDT,2026.08.05,08:00:00,8.183000,8.200000,8.179000,8.179000,96828.2000
LINKUSDT,2026.08.05,08:15:00,8.179000,8.200000,8.169000,8.199000,40345.7400
LINKUSDT,2026.08.05,08:30:00,8.198000,8.200000,8.182000,8.188000,35820.5900
LINKUSDT,2026.08.05,08:45:00,8.188000,8.188000,8.175000,8.178000,34142.8800
LINKUSDT,2026.08.05,09:00:00,8.177000,8.185000,8.173000,8.184000,28460.2500
LINKUSDT,2026.08.05,09:15:00,8.185000,8.199000,8.184000,8.189000,41365.4300
LINKUSDT,2026.08.05,09:30:00,8.189000,8.198000,8.189000,8.193000,42329.0000
LINKUSDT,2026.08.05,09:45:00,8.192000,8.199000,8.181000,8.184000,38316.1500
LINKUSDT,2026.08.05,10:00:00,8.183000,8.184000,8.162000,8.167000,40436.5200
LINKUSDT,2026.08.05,10:15:00,8.166000,8.179000,8.154000,8.170000,66503.4300
LINKUSDT,2026.08.05,10:30:00,8.170000,8.182000,8.159000,8.173000,33160.7800
LINKUSDT,2026.08.05,10:45:00,8.173000,8.176000,8.141000,8.150000,96503.1000
LINKUSDT,2026.08.05,11:00:00,8.150000,8.175000,8.143000,8.169000,69175.6200
LINKUSDT,2026.08.05,11:15:00,8.168000,8.173000,8.151000,8.151000,42186.2200
LINKUSDT,2026.08.05,11:30:00,8.151000,8.166000,8.148000,8.153000,38546.3300
LINKUSDT,2026.08.05,11:45:00,8.153000,8.153000,8.141000,8.147000,36909.6300
LINKUSDT,2026.08.05,12:00:00,8.147000,8.173000,8.140000,8.159000,79368.2600
LINKUSDT,2026.08.05,12:15:00,8.160000,8.226000,8.155000,8.211000,253821.4600
LINKUSDT,2026.08.05,12:30:00,8.212000,8.215000,8.185000,8.189000,76324.2300
LINKUSDT,2026.08.05,12:45:00,8.189000,8.191000,8.159000,8.169000,101960.9200
LINKUSDT,2026.08.05,13:00:00,8.168000,8.174000,8.126000,8.148000,117992.6400
LINKUSDT,2026.08.05,13:15:00,8.147000,8.154000,8.132000,8.135000,62109.4300
LINKUSDT,2026.08.05,13:30:00,8.136000,8.136000,8.062000,8.119000,519654.9600
LINKUSDT,2026.08.05,13:45:00,8.119000,8.160000,8.101000,8.148000,285935.4000
LINKUSDT,2026.08.05,14:00:00,8.148000,8.176000,8.133000,8.165000,127969.1900
LINKUSDT,2026.08.05,14:15:00,8.166000,8.173000,8.129000,8.129000,92279.5300
LINKUSDT,2026.08.05,14:30:00,8.129000,8.142000,8.114000,8.138000,92062.9600
LINKUSDT,2026.08.05,14:45:00,8.138000,8.157000,8.117000,8.151000,122684.4800
LINKUSDT,2026.08.05,15:00:00,8.150000,8.202000,8.146000,8.174000,260137.8500
LINKUSDT,2026.08.05,15:15:00,8.175000,8.177000,8.145000,8.147000,123709.6800
LINKUSDT,2026.08.05,15:30:00,8.147000,8.167000,8.135000,8.136000,52749.1900
LINKUSDT,2026.08.05,15:45:00,8.135000,8.143000,8.105000,8.107000,142526.4200
LINKUSDT,2026.08.05,16:00:00,8.107000,8.161000,8.102000,8.160000,106541.4000
LINKUSDT,2026.08.05,16:15:00,8.159000,8.218000,8.151000,8.210000,274525.4300
LINKUSDT,2026.08.05,16:30:00,8.209000,8.223000,8.188000,8.189000,109279.1500
LINKUSDT,2026.08.05,16:45:00,8.189000,8.200000,8.175000,8.196000,78499.7800
LINKUSDT,2026.08.05,17:00:00,8.196000,8.208000,8.181000,8.190000,75420.7200
LINKUSDT,2026.08.05,17:15:00,8.189000,8.189000,8.172000,8.178000,37275.3200
LINKUSDT,2026.08.05,17:30:00,8.177000,8.232000,8.176000,8.218000,130928.0900
LINKUSDT,2026.08.05,17:45:00,8.218000,8.246000,8.214000,8.236000,192504.7400
LINKUSDT,2026.08.05,18:00:00,8.235000,8.247000,8.225000,8.242000,101158.9700
LINKUSDT,2026.08.05,18:15:00,8.242000,8.253000,8.217000,8.219000,96598.6500
LINKUSDT,2026.08.05,18:30:00,8.218000,8.236000,8.207000,8.236000,51964.1900
LINKUSDT,2026.08.05,18:45:00,8.236000,8.237000,8.203000,8.217000,97235.3400
LINKUSDT,2026.08.05,19:00:00,8.217000,8.226000,8.209000,8.215000,53985.3000
LINKUSDT,2026.08.05,19:15:00,8.214000,8.216000,8.205000,8.211000,27527.7300
LINKUSDT,2026.08.05,19:30:00,8.210000,8.213000,8.194000,8.207000,44747.2400
LINKUSDT,2026.08.05,19:45:00,8.206000,8.208000,8.182000,8.184000,63266.4100
LINKUSDT,2026.08.05,20:00:00,8.184000,8.212000,8.174000,8.208000,101963.5900
LINKUSDT,2026.08.05,20:15:00,8.207000,8.223000,8.195000,8.205000,101512.9000
LINKUSDT,2026.08.05,20:30:00,8.205000,8.214000,8.198000,8.212000,54085.0700
LINKUSDT,2026.08.05,20:45:00,8.212000,8.213000,8.189000,8.190000,33749.1000
LINKUSDT,2026.08.05,21:00:00,8.190000,8.191000,8.170000,8.182000,65377.0600
LINKUSDT,2026.08.05,21:15:00,8.182000,8.182000,8.149000,8.154000,43014.8500
LINKUSDT,2026.08.05,21:30:00,8.153000,8.159000,8.125000,8.149000,111952.6200
LINKUSDT,2026.08.05,21:45:00,8.150000,8.162000,8.146000,8.154000,27463.8600
LINKUSDT,2026.08.05,22:00:00,8.155000,8.169000,8.147000,8.152000,63023.8200
LINKUSDT,2026.08.05,22:15:00,8.151000,8.163000,8.150000,8.160000,20039.6400
LINKUSDT,2026.08.05,22:30:00,8.160000,8.164000,8.154000,8.157000,25479.2800
LINKUSDT,2026.08.05,22:45:00,8.158000,8.160000,8.143000,8.143000,29470.1700
LINKUSDT,2026.08.05,23:00:00,8.143000,8.145000,8.125000,8.144000,57772.2000
LINKUSDT,2026.08.05,23:15:00,8.143000,8.154000,8.141000,8.150000,19430.8700
LINKUSDT,2026.08.05,23:30:00,8.150000,8.165000,8.147000,8.155000,42661.1300
LINKUSDT,2026.08.05,23:45:00,8.154000,8.158000,8.143000,8.156000,35759.0100
LINKUSDT,2026.08.06,00:00:00,8.155000,8.174000,8.153000,8.169000,71512.7100
LINKUSDT,2026.08.06,00:15:00,8.168000,8.194000,8.166000,8.177000,80012.6600
LINKUSDT,2026.08.06,00:30:00,8.177000,8.179000,8.156000,8.157000,67220.7900
LINKUSDT,2026.08.06,00:45:00,8.156000,8.179000,8.153000,8.169000,38999.4900
LINKUSDT,2026.08.06,01:00:00,8.169000,8.178000,8.163000,8.171000,62546.1800
LINKUSDT,2026.08.06,01:15:00,8.170000,8.174000,8.146000,8.148000,70267.9700
LINKUSDT,2026.08.06,01:30:00,8.147000,8.150000,8.129000,8.132000,108807.9600
LINKUSDT,2026.08.06,01:45:00,8.131000,8.154000,8.124000,8.129000,62323.5200
LINKUSDT,2026.08.06,02:00:00,8.128000,8.148000,8.117000,8.124000,90738.0600
LINKUSDT,2026.08.06,02:15:00,8.123000,8.127000,8.093000,8.100000,220448.1300
LINKUSDT,2026.08.06,02:30:00,8.100000,8.117000,8.094000,8.117000,53113.8400
LINKUSDT,2026.08.06,02:45:00,8.117000,8.124000,8.107000,8.109000,53131.5700
LINKUSDT,2026.08.06,03:00:00,8.108000,8.123000,8.097000,8.122000,43986.8800
LINKUSDT,2026.08.06,03:15:00,8.122000,8.126000,8.111000,8.125000,37488.5900
LINKUSDT,2026.08.06,03:30:00,8.124000,8.126000,8.106000,8.107000,26942.9800
LINKUSDT,2026.08.06,03:45:00,8.107000,8.117000,8.100000,8.112000,40249.5100
LINKUSDT,2026.08.06,04:00:00,8.113000,8.132000,8.100000,8.129000,37669.6400
LINKUSDT,2026.08.06,04:15:00,8.129000,8.175000,8.129000,8.169000,115122.7800
LINKUSDT,2026.08.06,04:30:00,8.169000,8.187000,8.165000,8.175000,149342.9700
LINKUSDT,2026.08.06,04:45:00,8.175000,8.186000,8.161000,8.183000,67614.0400
LINKUSDT,2026.08.06,05:00:00,8.184000,8.218000,8.184000,8.208000,224725.3500
LINKUSDT,2026.08.06,05:15:00,8.208000,8.225000,8.192000,8.195000,130635.6300
LINKUSDT,2026.08.06,05:30:00,8.194000,8.196000,8.175000,8.189000,59779.5300
LINKUSDT,2026.08.06,05:45:00,8.190000,8.194000,8.176000,8.194000,36116.2200
LINKUSDT,2026.08.06,06:00:00,8.194000,8.194000,8.177000,8.180000,75873.8200
LINKUSDT,2026.08.06,06:15:00,8.180000,8.197000,8.167000,8.189000,56511.3300
LINKUSDT,2026.08.06,06:30:00,8.190000,8.198000,8.180000,8.198000,34889.8600
LINKUSDT,2026.08.06,06:45:00,8.197000,8.201000,8.190000,8.195000,19293.9400
LINKUSDT,2026.08.06,07:00:00,8.195000,8.199000,8.183000,8.197000,36278.0600
LINKUSDT,2026.08.06,07:15:00,8.197000,8.199000,8.184000,8.184000,43154.7300
LINKUSDT,2026.08.06,07:30:00,8.185000,8.194000,8.181000,8.185000,26249.2300
LINKUSDT,2026.08.06,07:45:00,8.185000,8.196000,8.182000,8.185000,29811.7900
LINKUSDT,2026.08.06,08:00:00,8.185000,8.192000,8.175000,8.175000,50268.4600
LINKUSDT,2026.08.06,08:15:00,8.175000,8.188000,8.170000,8.188000,24368.2800
LINKUSDT,2026.08.06,08:30:00,8.188000,8.196000,8.178000,8.189000,44527.5900
LINKUSDT,2026.08.06,08:45:00,8.189000,8.207000,8.183000,8.186000,64875.9600
LINKUSDT,2026.08.06,09:00:00,8.185000,8.187000,8.094000,8.105000,435277.3900
LINKUSDT,2026.08.06,09:15:00,8.105000,8.117000,8.068000,8.111000,459438.5600
LINKUSDT,2026.08.06,09:30:00,8.112000,8.112000,8.062000,8.067000,287108.2700
LINKUSDT,2026.08.06,09:45:00,8.067000,8.100000,8.062000,8.097000,289683.6400
LINKUSDT,2026.08.06,10:00:00,8.097000,8.098000,8.079000,8.081000,120437.5200
LINKUSDT,2026.08.06,10:15:00,8.081000,8.104000,8.076000,8.100000,98477.5300
LINKUSDT,2026.08.06,10:30:00,8.100000,8.101000,8.082000,8.083000,48184.9000
LINKUSDT,2026.08.06,10:45:00,8.084000,8.090000,8.078000,8.089000,67639.4200
LINKUSDT,2026.08.06,11:00:00,8.090000,8.123000,8.084000,8.117000,210844.5000
LINKUSDT,2026.08.06,11:15:00,8.118000,8.144000,8.118000,8.137000,104317.5000
LINKUSDT,2026.08.06,11:30:00,8.137000,8.185000,8.137000,8.176000,172951.3800
LINKUSDT,2026.08.06,11:45:00,8.175000,8.177000,8.149000,8.158000,137756.5900
LINKUSDT,2026.08.06,12:00:00,8.158000,8.158000,8.132000,8.139000,94187.6500
LINKUSDT,2026.08.06,12:15:00,8.139000,8.156000,8.131000,8.156000,67505.8500
LINKUSDT,2026.08.06,12:30:00,8.155000,8.160000,8.140000,8.144000,45264.2600
LINKUSDT,2026.08.06,12:45:00,8.144000,8.145000,8.119000,8.125000,57142.7800
LINKUSDT,2026.08.06,13:00:00,8.126000,8.137000,8.100000,8.115000,177397.2800
LINKUSDT,2026.08.06,13:15:00,8.116000,8.124000,8.098000,8.116000,65373.2100
LINKUSDT,2026.08.06,13:30:00,8.116000,8.144000,8.101000,8.134000,127774.7600
LINKUSDT,2026.08.06,13:45:00,8.133000,8.145000,8.123000,8.140000,86113.2800
LINKUSDT,2026.08.06,14:00:00,8.140000,8.170000,8.137000,8.157000,142204.7100
LINKUSDT,2026.08.06,14:15:00,8.156000,8.174000,8.148000,8.155000,92131.1900
LINKUSDT,2026.08.06,14:30:00,8.154000,8.247000,8.146000,8.221000,447200.3100
LINKUSDT,2026.08.06,14:45:00,8.221000,8.230000,8.193000,8.211000,156100.0600
LINKUSDT,2026.08.06,15:00:00,8.211000,8.238000,8.210000,8.223000,173381.1400
LINKUSDT,2026.08.06,15:15:00,8.223000,8.240000,8.213000,8.238000,160570.4500
LINKUSDT,2026.08.06,15:30:00,8.238000,8.269000,8.227000,8.230000,332414.8100
LINKUSDT,2026.08.06,15:45:00,8.230000,8.271000,8.219000,8.222000,196278.7500
LINKUSDT,2026.08.06,16:00:00,8.222000,8.246000,8.207000,8.213000,134928.3700
LINKUSDT,2026.08.06,16:15:00,8.212000,8.249000,8.211000,8.238000,112664.9300
LINKUSDT,2026.08.06,16:30:00,8.238000,8.256000,8.237000,8.252000,100218.7100
LINKUSDT,2026.08.06,16:45:00,8.252000,8.264000,8.227000,8.243000,184461.7100
LINKUSDT,2026.08.06,17:00:00,8.242000,8.289000,8.241000,8.274000,200505.1200
LINKUSDT,2026.08.06,17:15:00,8.274000,8.305000,8.259000,8.294000,280988.0600
LINKUSDT,2026.08.06,17:30:00,8.294000,8.339000,8.279000,8.295000,446183.8500
LINKUSDT,2026.08.06,17:45:00,8.294000,8.335000,8.294000,8.333000,262210.6100
LINKUSDT,2026.08.06,18:00:00,8.333000,8.335000,8.278000,8.305000,233822.0300
LINKUSDT,2026.08.06,18:15:00,8.305000,8.315000,8.277000,8.280000,101811.7900
LINKUSDT,2026.08.06,18:30:00,8.279000,8.280000,8.245000,8.251000,119286.6800
LINKUSDT,2026.08.06,18:45:00,8.250000,8.264000,8.229000,8.247000,157554.2500
LINKUSDT,2026.08.06,19:00:00,8.247000,8.259000,8.230000,8.241000,82934.3200
LINKUSDT,2026.08.06,19:15:00,8.240000,8.244000,8.217000,8.221000,118674.8600
LINKUSDT,2026.08.06,19:30:00,8.221000,8.227000,8.175000,8.210000,383787.9700
LINKUSDT,2026.08.06,19:45:00,8.210000,8.214000,8.183000,8.193000,172283.3900
LINKUSDT,2026.08.06,20:00:00,8.192000,8.223000,8.190000,8.209000,144191.5300
LINKUSDT,2026.08.06,20:15:00,8.209000,8.213000,8.188000,8.195000,90812.9400
LINKUSDT,2026.08.06,20:30:00,8.194000,8.222000,8.185000,8.214000,66837.5900
LINKUSDT,2026.08.06,20:45:00,8.213000,8.216000,8.198000,8.200000,49297.7500
LINKUSDT,2026.08.06,21:00:00,8.199000,8.221000,8.198000,8.207000,63826.9200
LINKUSDT,2026.08.06,21:15:00,8.207000,8.221000,8.202000,8.213000,56565.6300
LINKUSDT,2026.08.06,21:30:00,8.213000,8.234000,8.212000,8.227000,52873.6500
LINKUSDT,2026.08.06,21:45:00,8.226000,8.235000,8.217000,8.222000,32211.3600
LINKUSDT,2026.08.06,22:00:00,8.223000,8.235000,8.210000,8.224000,52404.0500
LINKUSDT,2026.08.06,22:15:00,8.225000,8.225000,8.200000,8.201000,48107.4100
LINKUSDT,2026.08.06,22:30:00,8.201000,8.204000,8.177000,8.183000,65917.9300
LINKUSDT,2026.08.06,22:45:00,8.182000,8.196000,8.179000,8.196000,57071.5200
LINKUSDT,2026.08.06,23:00:00,8.195000,8.199000,8.184000,8.195000,33884.7200
LINKUSDT,2026.08.06,23:15:00,8.195000,8.195000,8.156000,8.163000,142749.9000
LINKUSDT,2026.08.06,23:30:00,8.162000,8.175000,8.156000,8.172000,74866.8800
LINKUSDT,2026.08.06,23:45:00,8.171000,8.193000,8.158000,8.192000,82602.3300
LINKUSDT,2026.08.07,00:00:00,8.192000,8.218000,8.185000,8.203000,102447.9600
LINKUSDT,2026.08.07,00:15:00,8.203000,8.203000,8.181000,8.191000,48268.4000
LINKUSDT,2026.08.07,00:30:00,8.191000,8.208000,8.179000,8.196000,48054.4900
LINKUSDT,2026.08.07,00:45:00,8.195000,8.209000,8.188000,8.203000,64233.2500
LINKUSDT,2026.08.07,01:00:00,8.204000,8.224000,8.204000,8.212000,53497.9700
LINKUSDT,2026.08.07,01:15:00,8.212000,8.225000,8.205000,8.224000,35292.6000
LINKUSDT,2026.08.07,01:30:00,8.223000,8.245000,8.205000,8.226000,124971.2900
LINKUSDT,2026.08.07,01:45:00,8.226000,8.237000,8.213000,8.222000,42944.4300
LINKUSDT,2026.08.07,02:00:00,8.221000,8.224000,8.169000,8.211000,84296.6300
LINKUSDT,2026.08.07,02:15:00,8.212000,8.243000,8.193000,8.195000,200040.6600
LINKUSDT,2026.08.07,02:30:00,8.194000,8.202000,8.184000,8.195000,67926.5900
LINKUSDT,2026.08.07,02:45:00,8.194000,8.201000,8.189000,8.189000,47854.4900
LINKUSDT,2026.08.07,03:00:00,8.189000,8.198000,8.176000,8.179000,81891.3300
LINKUSDT,2026.08.07,03:15:00,8.179000,8.203000,8.174000,8.192000,42782.1100
LINKUSDT,2026.08.07,03:30:00,8.191000,8.205000,8.181000,8.181000,43089.9700
LINKUSDT,2026.08.07,03:45:00,8.181000,8.182000,8.134000,8.135000,259215.6200
LINKUSDT,2026.08.07,04:00:00,8.134000,8.142000,8.101000,8.138000,343865.0700
LINKUSDT,2026.08.07,04:15:00,8.138000,8.162000,8.135000,8.144000,93491.1800
LINKUSDT,2026.08.07,04:30:00,8.143000,8.152000,8.133000,8.144000,68369.2700
LINKUSDT,2026.08.07,04:45:00,8.143000,8.147000,8.118000,8.137000,108662.0600
LINKUSDT,2026.08.07,05:00:00,8.136000,8.154000,8.136000,8.150000,67776.1500
LINKUSDT,2026.08.07,05:15:00,8.149000,8.154000,8.130000,8.131000,64217.7400
LINKUSDT,2026.08.07,05:30:00,8.131000,8.131000,8.118000,8.128000,60566.3400
LINKUSDT,2026.08.07,05:45:00,8.128000,8.157000,8.126000,8.152000,58426.3100
LINKUSDT,2026.08.07,06:00:00,8.151000,8.177000,8.146000,8.174000,153071.2700
LINKUSDT,2026.08.07,06:15:00,8.174000,8.207000,8.174000,8.190000,127742.3100
LINKUSDT,2026.08.07,06:30:00,8.189000,8.195000,8.180000,8.191000,55079.0500
LINKUSDT,2026.08.07,06:45:00,8.190000,8.190000,8.165000,8.183000,127340.2400
LINKUSDT,2026.08.07,07:00:00,8.183000,8.202000,8.170000,8.199000,64350.9600
LINKUSDT,2026.08.07,07:15:00,8.200000,8.208000,8.189000,8.191000,96840.6800
LINKUSDT,2026.08.07,07:30:00,8.192000,8.202000,8.183000,8.183000,79853.9200
LINKUSDT,2026.08.07,07:45:00,8.183000,8.192000,8.181000,8.184000,22620.9900
LINKUSDT,2026.08.07,08:00:00,8.184000,8.199000,8.182000,8.196000,53924.1400
LINKUSDT,2026.08.07,08:15:00,8.196000,8.203000,8.186000,8.196000,44063.0800
LINKUSDT,2026.08.07,08:30:00,8.196000,8.242000,8.196000,8.235000,93097.0800
LINKUSDT,2026.08.07,08:45:00,8.235000,8.238000,8.205000,8.212000,161550.1000
LINKUSDT,2026.08.07,09:00:00,8.212000,8.243000,8.212000,8.227000,107627.9800
LINKUSDT,2026.08.07,09:15:00,8.228000,8.244000,8.221000,8.222000,150303.9600
LINKUSDT,2026.08.07,09:30:00,8.221000,8.238000,8.215000,8.226000,55150.4200
LINKUSDT,2026.08.07,09:45:00,8.225000,8.226000,8.206000,8.216000,70242.9200
LINKUSDT,2026.08.07,10:00:00,8.216000,8.228000,8.211000,8.221000,49425.0500
LINKUSDT,2026.08.07,10:15:00,8.222000,8.226000,8.215000,8.224000,41159.9400
LINKUSDT,2026.08.07,10:30:00,8.224000,8.225000,8.216000,8.223000,33352.9900
LINKUSDT,2026.08.07,10:45:00,8.223000,8.227000,8.193000,8.200000,110046.5100
LINKUSDT,2026.08.07,11:00:00,8.199000,8.213000,8.199000,8.207000,42520.1600
LINKUSDT,2026.08.07,11:15:00,8.208000,8.239000,8.205000,8.223000,164871.5300
LINKUSDT,2026.08.07,11:30:00,8.223000,8.230000,8.212000,8.216000,31001.1400
LINKUSDT,2026.08.07,11:45:00,8.216000,8.217000,8.204000,8.214000,28672.5300
LINKUSDT,2026.08.07,12:00:00,8.214000,8.278000,8.213000,8.262000,332899.3800
LINKUSDT,2026.08.07,12:15:00,8.262000,8.268000,8.246000,8.268000,174588.4100
LINKUSDT,2026.08.07,12:30:00,8.268000,8.308000,8.215000,8.252000,313582.2000
LINKUSDT,2026.08.07,12:45:00,8.252000,8.282000,8.252000,8.277000,170581.4900
LINKUSDT,2026.08.07,13:00:00,8.278000,8.305000,8.246000,8.248000,267658.5000
LINKUSDT,2026.08.07,13:15:00,8.248000,8.278000,8.236000,8.278000,158713.6200
LINKUSDT,2026.08.07,13:30:00,8.278000,8.306000,8.266000,8.300000,198419.4800
LINKUSDT,2026.08.07,13:45:00,8.300000,8.305000,8.270000,8.278000,150308.9500
LINKUSDT,2026.08.07,14:00:00,8.278000,8.288000,8.219000,8.232000,253573.2800
LINKUSDT,2026.08.07,14:15:00,8.232000,8.292000,8.225000,8.291000,102943.3200
LINKUSDT,2026.08.07,14:30:00,8.291000,8.296000,8.255000,8.258000,112214.6700
LINKUSDT,2026.08.07,14:45:00,8.258000,8.266000,8.214000,8.230000,133140.1700
LINKUSDT,2026.08.07,15:00:00,8.230000,8.280000,8.224000,8.263000,108043.9500
LINKUSDT,2026.08.07,15:15:00,8.262000,8.271000,8.248000,8.260000,82485.2700
LINKUSDT,2026.08.07,15:30:00,8.259000,8.288000,8.257000,8.283000,59691.5600
LINKUSDT,2026.08.07,15:45:00,8.283000,8.292000,8.264000,8.277000,85008.1300
LINKUSDT,2026.08.07,16:00:00,8.277000,8.315000,8.277000,8.307000,175477.0100
LINKUSDT,2026.08.07,16:15:00,8.307000,8.314000,8.266000,8.274000,240566.6900
LINKUSDT,2026.08.07,16:30:00,8.275000,8.276000,8.255000,8.260000,64991.0000
LINKUSDT,2026.08.07,16:45:00,8.260000,8.262000,8.228000,8.230000,74137.7700
LINKUSDT,2026.08.07,17:00:00,8.230000,8.249000,8.206000,8.214000,132387.8800
LINKUSDT,2026.08.07,17:15:00,8.214000,8.226000,8.191000,8.195000,137671.9500
LINKUSDT,2026.08.07,17:30:00,8.195000,8.206000,8.163000,8.197000,183882.0300
LINKUSDT,2026.08.07,17:45:00,8.197000,8.199000,8.168000,8.197000,84419.1500
LINKUSDT,2026.08.07,18:00:00,8.197000,8.213000,8.194000,8.206000,72061.7200
LINKUSDT,2026.08.07,18:15:00,8.206000,8.207000,8.193000,8.194000,34210.5900
LINKUSDT,2026.08.07,18:30:00,8.195000,8.207000,8.170000,8.171000,57813.1500
LINKUSDT,2026.08.07,18:45:00,8.171000,8.182000,8.160000,8.174000,67979.0200
LINKUSDT,2026.08.07,19:00:00,8.175000,8.203000,8.172000,8.203000,68298.1900
LINKUSDT,2026.08.07,19:15:00,8.203000,8.240000,8.203000,8.217000,134201.9700
LINKUSDT,2026.08.07,19:30:00,8.216000,8.223000,8.205000,8.212000,38196.0400
LINKUSDT,2026.08.07,19:45:00,8.211000,8.218000,8.205000,8.211000,43576.4700
LINKUSDT,2026.08.07,20:00:00,8.211000,8.219000,8.205000,8.211000,33607.4300
LINKUSDT,2026.08.07,20:15:00,8.210000,8.214000,8.201000,8.202000,41660.6600
LINKUSDT,2026.08.07,20:30:00,8.201000,8.201000,8.184000,8.197000,45176.5700
LINKUSDT,2026.08.07,20:45:00,8.196000,8.205000,8.194000,8.198000,19439.5900
LINKUSDT,2026.08.07,21:00:00,8.197000,8.216000,8.196000,8.208000,25990.8500
LINKUSDT,2026.08.07,21:15:00,8.208000,8.212000,8.194000,8.198000,27733.2800
LINKUSDT,2026.08.07,21:30:00,8.198000,8.211000,8.192000,8.202000,35685.3900
LINKUSDT,2026.08.07,21:45:00,8.201000,8.201000,8.177000,8.180000,32241.5500
LINKUSDT,2026.08.07,22:00:00,8.179000,8.188000,8.173000,8.187000,34556.7000
LINKUSDT,2026.08.07,22:15:00,8.187000,8.190000,8.168000,8.169000,23848.8100
LINKUSDT,2026.08.07,22:30:00,8.169000,8.172000,8.151000,8.163000,72443.2400
LINKUSDT,2026.08.07,22:45:00,8.163000,8.176000,8.162000,8.174000,38781.1100
LINKUSDT,2026.08.07,23:00:00,8.174000,8.188000,8.173000,8.188000,19992.0400
LINKUSDT,2026.08.07,23:15:00,8.188000,8.193000,8.165000,8.172000,31873.9400
LINKUSDT,2026.08.07,23:30:00,8.171000,8.180000,8.170000,8.180000,18397.2200
LINKUSDT,2026.08.07,23:45:00,8.180000,8.185000,8.177000,8.185000,13238.5200
LINKUSDT,2026.08.08,00:00:00,8.184000,8.185000,8.163000,8.169000,72408.8300
LINKUSDT,2026.08.08,00:15:00,8.169000,8.170000,8.163000,8.170000,27234.0000
LINKUSDT,2026.08.08,00:30:00,8.170000,8.170000,8.162000,8.166000,23159.0300
LINKUSDT,2026.08.08,00:45:00,8.165000,8.174000,8.162000,8.172000,19730.5300
LINKUSDT,2026.08.08,01:00:00,8.171000,8.183000,8.167000,8.172000,32747.5500
LINKUSDT,2026.08.08,01:15:00,8.173000,8.187000,8.168000,8.178000,56725.2500
LINKUSDT,2026.08.08,01:30:00,8.178000,8.192000,8.175000,8.190000,56056.4600
LINKUSDT,2026.08.08,01:45:00,8.190000,8.193000,8.182000,8.185000,52993.3500
LINKUSDT,2026.08.08,02:00:00,8.185000,8.191000,8.185000,8.190000,30351.6700
LINKUSDT,2026.08.08,02:15:00,8.190000,8.190000,8.176000,8.184000,48291.4300
LINKUSDT,2026.08.08,02:30:00,8.184000,8.188000,8.179000,8.183000,24065.6300
LINKUSDT,2026.08.08,02:45:00,8.183000,8.184000,8.172000,8.176000,22425.2500
LINKUSDT,2026.08.08,03:00:00,8.175000,8.207000,8.173000,8.199000,67307.9300
LINKUSDT,2026.08.08,03:15:00,8.200000,8.226000,8.197000,8.221000,86876.2300
LINKUSDT,2026.08.08,03:30:00,8.221000,8.254000,8.221000,8.236000,114847.8700
LINKUSDT,2026.08.08,03:45:00,8.236000,8.272000,8.235000,8.259000,93907.4000
LINKUSDT,2026.08.08,04:00:00,8.258000,8.272000,8.242000,8.254000,90053.0400
LINKUSDT,2026.08.08,04:15:00,8.253000,8.268000,8.236000,8.250000,100719.6500
LINKUSDT,2026.08.08,04:30:00,8.249000,8.270000,8.248000,8.268000,26457.3000
LINKUSDT,2026.08.08,04:45:00,8.269000,8.279000,8.250000,8.258000,67041.4900
LINKUSDT,2026.08.08,05:00:00,8.258000,8.277000,8.252000,8.260000,78991.6300
LINKUSDT,2026.08.08,05:15:00,8.259000,8.271000,8.257000,8.271000,26806.8800
LINKUSDT,2026.08.08,05:30:00,8.270000,8.312000,8.269000,8.278000,298796.6500
LINKUSDT,2026.08.08,05:45:00,8.277000,8.277000,8.256000,8.263000,55937.4600
LINKUSDT,2026.08.08,06:00:00,8.263000,8.267000,8.253000,8.261000,36313.9500
LINKUSDT,2026.08.08,06:15:00,8.260000,8.265000,8.255000,8.259000,27962.0600
LINKUSDT,2026.08.08,06:30:00,8.259000,8.259000,8.250000,8.257000,20605.0700
LINKUSDT,2026.08.08,06:45:00,8.257000,8.264000,8.249000,8.250000,41241.9400
LINKUSDT,2026.08.08,07:00:00,8.250000,8.257000,8.241000,8.248000,43635.1200
LINKUSDT,2026.08.08,07:15:00,8.247000,8.253000,8.244000,8.246000,23944.3700
LINKUSDT,2026.08.08,07:30:00,8.245000,8.250000,8.235000,8.249000,44891.5000
LINKUSDT,2026.08.08,07:45:00,8.249000,8.259000,8.248000,8.259000,24847.2300
LINKUSDT,2026.08.08,08:00:00,8.259000,8.263000,8.253000,8.259000,29836.3500
LINKUSDT,2026.08.08,08:15:00,8.259000,8.261000,8.251000,8.261000,10474.9400
LINKUSDT,2026.08.08,08:30:00,8.261000,8.271000,8.258000,8.270000,70035.9000
LINKUSDT,2026.08.08,08:45:00,8.270000,8.270000,8.257000,8.263000,24177.7400
LINKUSDT,2026.08.08,09:00:00,8.262000,8.276000,8.260000,8.271000,47193.2000
LINKUSDT,2026.08.08,09:15:00,8.272000,8.287000,8.272000,8.279000,42633.8000
LINKUSDT,2026.08.08,09:30:00,8.278000,8.309000,8.278000,8.294000,141772.2100
LINKUSDT,2026.08.08,09:45:00,8.294000,8.301000,8.287000,8.293000,375540.0200
LINKUSDT,2026.08.08,10:00:00,8.292000,8.317000,8.292000,8.302000,101089.1400
LINKUSDT,2026.08.08,10:15:00,8.302000,8.328000,8.301000,8.318000,110064.7100
LINKUSDT,2026.08.08,10:30:00,8.317000,8.357000,8.316000,8.341000,230147.9700
LINKUSDT,2026.08.08,10:45:00,8.341000,8.352000,8.339000,8.343000,75836.6300
LINKUSDT,2026.08.08,11:00:00,8.343000,8.356000,8.334000,8.347000,88311.3900
LINKUSDT,2026.08.08,11:15:00,8.347000,8.356000,8.336000,8.340000,91778.3200
LINKUSDT,2026.08.08,11:30:00,8.339000,8.340000,8.316000,8.318000,68556.0800
LINKUSDT,2026.08.08,11:45:00,8.317000,8.334000,8.312000,8.326000,60959.6800
LINKUSDT,2026.08.08,12:00:00,8.325000,8.340000,8.315000,8.340000,64307.5000
LINKUSDT,2026.08.08,12:15:00,8.339000,8.339000,8.316000,8.321000,32824.0100
LINKUSDT,2026.08.08,12:30:00,8.320000,8.328000,8.314000,8.318000,52164.3400
LINKUSDT,2026.08.08,12:45:00,8.318000,8.321000,8.306000,8.309000,26137.2900
LINKUSDT,2026.08.08,13:00:00,8.309000,8.315000,8.300000,8.302000,57383.4100
LINKUSDT,2026.08.08,13:15:00,8.301000,8.326000,8.301000,8.324000,34214.0200
LINKUSDT,2026.08.08,13:30:00,8.323000,8.329000,8.318000,8.328000,22408.5800
LINKUSDT,2026.08.08,13:45:00,8.328000,8.334000,8.321000,8.326000,31726.9600
LINKUSDT,2026.08.08,14:00:00,8.325000,8.345000,8.324000,8.332000,114355.8600
LINKUSDT,2026.08.08,14:15:00,8.332000,8.349000,8.327000,8.347000,90904.0100
LINKUSDT,2026.08.08,14:30:00,8.347000,8.376000,8.343000,8.350000,183215.5400
LINKUSDT,2026.08.08,14:45:00,8.350000,8.372000,8.350000,8.360000,92534.4800
LINKUSDT,2026.08.08,15:00:00,8.360000,8.397000,8.358000,8.383000,203251.6500
LINKUSDT,2026.08.08,15:15:00,8.383000,8.384000,8.337000,8.341000,185930.7900
LINKUSDT,2026.08.08,15:30:00,8.340000,8.340000,8.330000,8.335000,62876.6600
LINKUSDT,2026.08.08,15:45:00,8.335000,8.347000,8.329000,8.340000,55525.1900
LINKUSDT,2026.08.08,16:00:00,8.339000,8.364000,8.337000,8.359000,67485.9900
LINKUSDT,2026.08.08,16:15:00,8.358000,8.361000,8.331000,8.337000,99713.5300
LINKUSDT,2026.08.08,16:30:00,8.337000,8.337000,8.329000,8.333000,29157.4500
LINKUSDT,2026.08.08,16:45:00,8.333000,8.339000,8.332000,8.339000,24813.8000
LINKUSDT,2026.08.08,17:00:00,8.339000,8.344000,8.328000,8.340000,41463.0700
LINKUSDT,2026.08.08,17:15:00,8.339000,8.343000,8.331000,8.340000,19743.5600
LINKUSDT,2026.08.08,17:30:00,8.339000,8.349000,8.338000,8.343000,22091.0100
LINKUSDT,2026.08.08,17:45:00,8.342000,8.346000,8.332000,8.333000,27249.7100
LINKUSDT,2026.08.08,18:00:00,8.332000,8.335000,8.327000,8.335000,16248.9100
LINKUSDT,2026.08.08,18:15:00,8.334000,8.335000,8.318000,8.324000,77455.8400
LINKUSDT,2026.08.08,18:30:00,8.323000,8.332000,8.320000,8.331000,19969.2700
LINKUSDT,2026.08.08,18:45:00,8.331000,8.331000,8.324000,8.326000,17327.5900
LINKUSDT,2026.08.08,19:00:00,8.325000,8.329000,8.320000,8.325000,25402.5700
LINKUSDT,2026.08.08,19:15:00,8.324000,8.324000,8.320000,8.321000,17523.2600
LINKUSDT,2026.08.08,19:30:00,8.320000,8.327000,8.319000,8.327000,12696.4800
LINKUSDT,2026.08.08,19:45:00,8.327000,8.334000,8.326000,8.327000,23295.7400
LINKUSDT,2026.08.08,20:00:00,8.326000,8.336000,8.325000,8.336000,12851.9400
LINKUSDT,2026.08.08,20:15:00,8.335000,8.342000,8.331000,8.333000,29079.5200
LINKUSDT,2026.08.08,20:30:00,8.333000,8.342000,8.333000,8.341000,32354.0700
LINKUSDT,2026.08.08,20:45:00,8.341000,8.341000,8.334000,8.339000,22103.5400
LINKUSDT,2026.08.08,21:00:00,8.338000,8.345000,8.336000,8.337000,41936.9500
LINKUSDT,2026.08.08,21:15:00,8.337000,8.342000,8.335000,8.338000,20462.4200
LINKUSDT,2026.08.08,21:30:00,8.337000,8.342000,8.334000,8.341000,25184.1800
LINKUSDT,2026.08.08,21:45:00,8.341000,8.342000,8.330000,8.341000,20063.3400
LINKUSDT,2026.08.08,22:00:00,8.342000,8.346000,8.330000,8.332000,35776.5300
LINKUSDT,2026.08.08,22:15:00,8.331000,8.337000,8.331000,8.336000,18141.2600
LINKUSDT,2026.08.08,22:30:00,8.335000,8.335000,8.313000,8.321000,92735.6800
LINKUSDT,2026.08.08,22:45:00,8.321000,8.321000,8.293000,8.299000,100392.1600
LINKUSDT,2026.08.08,23:00:00,8.299000,8.303000,8.292000,8.296000,53234.7800
LINKUSDT,2026.08.08,23:15:00,8.296000,8.301000,8.289000,8.297000,45005.7200
LINKUSDT,2026.08.08,23:30:00,8.296000,8.309000,8.293000,8.307000,29191.6300
LINKUSDT,2026.08.08,23:45:00,8.306000,8.308000,8.301000,8.301000,26489.7400
LINKUSDT,2026.08.09,00:00:00,8.301000,8.315000,8.300000,8.303000,78771.1400
LINKUSDT,2026.08.09,00:15:00,8.303000,8.314000,8.301000,8.312000,35575.0800
LINKUSDT,2026.08.09,00:30:00,8.311000,8.316000,8.310000,8.314000,23783.0300
LINKUSDT,2026.08.09,00:45:00,8.313000,8.326000,8.307000,8.321000,82123.7700
LINKUSDT,2026.08.09,01:00:00,8.320000,8.333000,8.318000,8.321000,41034.1500
LINKUSDT,2026.08.09,01:15:00,8.321000,8.321000,8.296000,8.299000,63584.9500
LINKUSDT,2026.08.09,01:30:00,8.298000,8.308000,8.295000,8.305000,50362.5200
LINKUSDT,2026.08.09,01:45:00,8.304000,8.305000,8.293000,8.300000,42649.6000
LINKUSDT,2026.08.09,02:00:00,8.299000,8.301000,8.291000,8.300000,38474.1900
LINKUSDT,2026.08.09,02:15:00,8.299000,8.308000,8.294000,8.305000,29097.2000
LINKUSDT,2026.08.09,02:30:00,8.304000,8.305000,8.290000,8.291000,30205.1400
LINKUSDT,2026.08.09,02:45:00,8.290000,8.295000,8.279000,8.290000,73246.0000
LINKUSDT,2026.08.09,03:00:00,8.290000,8.290000,8.262000,8.264000,131715.3600
LINKUSDT,2026.08.09,03:15:00,8.263000,8.289000,8.262000,8.289000,25409.5300
LINKUSDT,2026.08.09,03:30:00,8.289000,8.292000,8.281000,8.283000,23431.0700
LINKUSDT,2026.08.09,03:45:00,8.282000,8.286000,8.280000,8.282000,12001.4100
LINKUSDT,2026.08.09,04:00:00,8.281000,8.307000,8.278000,8.304000,57476.7900
LINKUSDT,2026.08.09,04:15:00,8.303000,8.310000,8.299000,8.308000,27760.4000
LINKUSDT,2026.08.09,04:30:00,8.307000,8.308000,8.292000,8.293000,47852.5000
LINKUSDT,2026.08.09,04:45:00,8.292000,8.293000,8.283000,8.286000,23274.4400
LINKUSDT,2026.08.09,05:00:00,8.285000,8.298000,8.284000,8.288000,32354.0000
LINKUSDT,2026.08.09,05:15:00,8.287000,8.289000,8.269000,8.271000,51148.4300
LINKUSDT,2026.08.09,05:30:00,8.271000,8.273000,8.264000,8.265000,44964.9900
LINKUSDT,2026.08.09,05:45:00,8.264000,8.276000,8.256000,8.276000,102519.0900
LINKUSDT,2026.08.09,06:00:00,8.275000,8.282000,8.270000,8.282000,39259.0700
LINKUSDT,2026.08.09,06:15:00,8.281000,8.299000,8.281000,8.298000,58277.1800
LINKUSDT,2026.08.09,06:30:00,8.298000,8.323000,8.295000,8.323000,54585.8600
LINKUSDT,2026.08.09,06:45:00,8.323000,8.347000,8.320000,8.341000,92047.9200
LINKUSDT,2026.08.09,07:00:00,8.342000,8.349000,8.329000,8.346000,138446.7400
LINKUSDT,2026.08.09,07:15:00,8.346000,8.350000,8.335000,8.343000,74246.9900
LINKUSDT,2026.08.09,07:30:00,8.343000,8.346000,8.329000,8.334000,32045.7900
LINKUSDT,2026.08.09,07:45:00,8.334000,8.339000,8.326000,8.338000,29694.2500
LINKUSDT,2026.08.09,08:00:00,8.338000,8.356000,8.325000,8.326000,60724.1600
LINKUSDT,2026.08.09,08:15:00,8.325000,8.330000,8.316000,8.317000,27784.1600
LINKUSDT,2026.08.09,08:30:00,8.317000,8.322000,8.296000,8.297000,95980.8400
LINKUSDT,2026.08.09,08:45:00,8.297000,8.318000,8.295000,8.314000,42257.5000
LINKUSDT,2026.08.09,09:00:00,8.314000,8.319000,8.305000,8.309000,31592.3300
LINKUSDT,2026.08.09,09:15:00,8.309000,8.312000,8.291000,8.292000,28490.5300
LINKUSDT,2026.08.09,09:30:00,8.292000,8.306000,8.290000,8.304000,32559.8600
LINKUSDT,2026.08.09,09:45:00,8.303000,8.315000,8.297000,8.315000,37930.9200
LINKUSDT,2026.08.09,10:00:00,8.315000,8.323000,8.308000,8.319000,35689.0400
LINKUSDT,2026.08.09,10:15:00,8.319000,8.330000,8.309000,8.310000,40745.2200
LINKUSDT,2026.08.09,10:30:00,8.310000,8.310000,8.298000,8.300000,18583.6700
LINKUSDT,2026.08.09,10:45:00,8.301000,8.302000,8.294000,8.296000,24916.7500
LINKUSDT,2026.08.09,11:00:00,8.296000,8.299000,8.290000,8.293000,28778.6200
LINKUSDT,2026.08.09,11:15:00,8.293000,8.301000,8.288000,8.300000,29346.5600
LINKUSDT,2026.08.09,11:30:00,8.300000,8.302000,8.291000,8.293000,21838.5900
LINKUSDT,2026.08.09,11:45:00,8.294000,8.301000,8.290000,8.294000,42611.2700
LINKUSDT,2026.08.09,12:00:00,8.294000,8.295000,8.282000,8.286000,46607.3300
LINKUSDT,2026.08.09,12:15:00,8.285000,8.288000,8.281000,8.286000,16254.7800
LINKUSDT,2026.08.09,12:30:00,8.286000,8.287000,8.274000,8.282000,40571.0600
LINKUSDT,2026.08.09,12:45:00,8.282000,8.286000,8.278000,8.283000,29278.8500
LINKUSDT,2026.08.09,13:00:00,8.283000,8.298000,8.280000,8.296000,36886.1800
LINKUSDT,2026.08.09,13:15:00,8.297000,8.320000,8.296000,8.315000,67518.0400
LINKUSDT,2026.08.09,13:30:00,8.315000,8.318000,8.297000,8.306000,86887.7100
LINKUSDT,2026.08.09,13:45:00,8.305000,8.306000,8.293000,8.295000,34313.8800
LINKUSDT,2026.08.09,14:00:00,8.296000,8.326000,8.295000,8.324000,108810.9000
LINKUSDT,2026.08.09,14:15:00,8.324000,8.346000,8.313000,8.315000,179526.1000
LINKUSDT,2026.08.09,14:30:00,8.316000,8.325000,8.300000,8.302000,139771.8600
LINKUSDT,2026.08.09,14:45:00,8.302000,8.307000,8.293000,8.303000,93191.0300
LINKUSDT,2026.08.09,15:00:00,8.303000,8.317000,8.299000,8.313000,147388.0800
LINKUSDT,2026.08.09,15:15:00,8.312000,8.335000,8.311000,8.323000,96429.6000
LINKUSDT,2026.08.09,15:30:00,8.323000,8.364000,8.319000,8.353000,94979.5200
LINKUSDT,2026.08.09,15:45:00,8.354000,8.354000,8.326000,8.350000,169439.2900
LINKUSDT,2026.08.09,16:00:00,8.350000,8.355000,8.330000,8.334000,89982.3800
LINKUSDT,2026.08.09,16:15:00,8.333000,8.346000,8.320000,8.328000,89395.2300
LINKUSDT,2026.08.09,16:30:00,8.327000,8.341000,8.327000,8.340000,27581.6900
LINKUSDT,2026.08.09,16:45:00,8.340000,8.348000,8.337000,8.340000,39394.9400
LINKUSDT,2026.08.09,17:00:00,8.339000,8.350000,8.331000,8.339000,91410.2400
LINKUSDT,2026.08.09,17:15:00,8.338000,8.345000,8.329000,8.333000,58384.2100
LINKUSDT,2026.08.09,17:30:00,8.332000,8.335000,8.321000,8.322000,51905.5200
LINKUSDT,2026.08.09,17:45:00,8.322000,8.323000,8.307000,8.311000,48292.8000
LINKUSDT,2026.08.09,18:00:00,8.311000,8.331000,8.311000,8.326000,60948.0900
LINKUSDT,2026.08.09,18:15:00,8.325000,8.334000,8.316000,8.333000,47177.6400
LINKUSDT,2026.08.09,18:30:00,8.334000,8.335000,8.321000,8.323000,13250.7000
LINKUSDT,2026.08.09,18:45:00,8.323000,8.330000,8.320000,8.324000,37160.7900
LINKUSDT,2026.08.09,19:00:00,8.323000,8.325000,8.306000,8.307000,33182.2900
LINKUSDT,2026.08.09,19:15:00,8.306000,8.317000,8.305000,8.311000,28171.2200
LINKUSDT,2026.08.09,19:30:00,8.310000,8.318000,8.309000,8.316000,22550.3200
LINKUSDT,2026.08.09,19:45:00,8.315000,8.318000,8.311000,8.316000,12232.1500
LINKUSDT,2026.08.09,20:00:00,8.315000,8.319000,8.309000,8.311000,22004.1200
LINKUSDT,2026.08.09,20:15:00,8.310000,8.332000,8.309000,8.329000,18117.3100
LINKUSDT,2026.08.09,20:30:00,8.329000,8.334000,8.327000,8.330000,15709.1600
LINKUSDT,2026.08.09,20:45:00,8.330000,8.332000,8.325000,8.326000,17870.9100
LINKUSDT,2026.08.09,21:00:00,8.326000,8.336000,8.319000,8.326000,44188.0900
LINKUSDT,2026.08.09,21:15:00,8.325000,8.338000,8.325000,8.338000,38070.0200
LINKUSDT,2026.08.09,21:30:00,8.338000,8.347000,8.334000,8.339000,34869.7900
LINKUSDT,2026.08.09,21:45:00,8.340000,8.342000,8.330000,8.337000,16112.2000
LINKUSDT,2026.08.09,22:00:00,8.337000,8.378000,8.337000,8.374000,122307.4000
LINKUSDT,2026.08.09,22:15:00,8.374000,8.388000,8.339000,8.340000,121592.6200
LINKUSDT,2026.08.09,22:30:00,8.340000,8.342000,8.281000,8.290000,166531.8100
LINKUSDT,2026.08.09,22:45:00,8.290000,8.290000,8.211000,8.257000,487191.1100
LINKUSDT,2026.08.09,23:00:00,8.256000,8.257000,8.233000,8.240000,117905.6600
LINKUSDT,2026.08.09,23:15:00,8.239000,8.239000,8.195000,8.208000,165954.0100
LINKUSDT,2026.08.09,23:30:00,8.208000,8.208000,8.174000,8.191000,266316.3800
LINKUSDT,2026.08.09,23:45:00,8.191000,8.197000,8.168000,8.181000,122969.3600
LINKUSDT,2026.08.10,00:00:00,8.182000,8.252000,8.167000,8.226000,332729.5900
LINKUSDT,2026.08.10,00:15:00,8.226000,8.235000,8.192000,8.194000,137392.6900
LINKUSDT,2026.08.10,00:30:00,8.193000,8.199000,8.160000,8.167000,121031.8200
LINKUSDT,2026.08.10,00:45:00,8.167000,8.205000,8.164000,8.183000,114372.0300
LINKUSDT,2026.08.10,01:00:00,8.183000,8.204000,8.178000,8.198000,109248.0300
LINKUSDT,2026.08.10,01:15:00,8.197000,8.208000,8.185000,8.185000,51318.5700
LINKUSDT,2026.08.10,01:30:00,8.184000,8.191000,8.165000,8.183000,313268.4000
LINKUSDT,2026.08.10,01:45:00,8.184000,8.258000,8.183000,8.236000,222641.1800
LINKUSDT,2026.08.10,02:00:00,8.236000,8.241000,8.205000,8.217000,106150.9300
LINKUSDT,2026.08.10,02:15:00,8.216000,8.216000,8.172000,8.180000,122267.5400
LINKUSDT,2026.08.10,02:30:00,8.181000,8.233000,8.178000,8.231000,88956.7100
LINKUSDT,2026.08.10,02:45:00,8.231000,8.231000,8.210000,8.219000,70344.3100
LINKUSDT,2026.08.10,03:00:00,8.218000,8.225000,8.170000,8.175000,124089.0200
LINKUSDT,2026.08.10,03:15:00,8.175000,8.212000,8.168000,8.183000,108492.5800
LINKUSDT,2026.08.10,03:30:00,8.183000,8.201000,8.181000,8.188000,41648.3800
LINKUSDT,2026.08.10,03:45:00,8.188000,8.193000,8.174000,8.182000,77748.9300
LINKUSDT,2026.08.10,04:00:00,8.182000,8.196000,8.178000,8.196000,50296.2300
LINKUSDT,2026.08.10,04:15:00,8.195000,8.209000,8.194000,8.195000,41811.3700
LINKUSDT,2026.08.10,04:30:00,8.194000,8.200000,8.174000,8.195000,59598.1800
LINKUSDT,2026.08.10,04:45:00,8.196000,8.206000,8.178000,8.186000,39285.7800
LINKUSDT,2026.08.10,05:00:00,8.186000,8.201000,8.184000,8.190000,44487.8300
LINKUSDT,2026.08.10,05:15:00,8.190000,8.214000,8.189000,8.214000,48903.3300
LINKUSDT,2026.08.10,05:30:00,8.213000,8.217000,8.204000,8.216000,44164.4000
LINKUSDT,2026.08.10,05:45:00,8.215000,8.234000,8.211000,8.223000,112457.5100
LINKUSDT,2026.08.10,06:00:00,8.222000,8.244000,8.221000,8.230000,74613.2900
LINKUSDT,2026.08.10,06:15:00,8.229000,8.241000,8.220000,8.224000,114921.9600
LINKUSDT,2026.08.10,06:30:00,8.224000,8.240000,8.220000,8.238000,46331.2900
LINKUSDT,2026.08.10,06:45:00,8.237000,8.238000,8.220000,8.233000,37495.5700
LINKUSDT,2026.08.10,07:00:00,8.233000,8.235000,8.224000,8.227000,31325.2900
LINKUSDT,2026.08.10,07:15:00,8.226000,8.238000,8.222000,8.236000,29142.3200
LINKUSDT,2026.08.10,07:30:00,8.235000,8.240000,8.227000,8.229000,50168.8400
LINKUSDT,2026.08.10,07:45:00,8.229000,8.229000,8.212000,8.219000,34768.5800
LINKUSDT,2026.08.10,08:00:00,8.219000,8.240000,8.216000,8.220000,47671.7100
LINKUSDT,2026.08.10,08:15:00,8.220000,8.230000,8.212000,8.221000,33606.3000
LINKUSDT,2026.08.10,08:30:00,8.221000,8.222000,8.198000,8.202000,49320.5900
LINKUSDT,2026.08.10,08:45:00,8.203000,8.217000,8.195000,8.214000,50503.5000
LINKUSDT,2026.08.10,09:00:00,8.213000,8.231000,8.206000,8.228000,99811.2600
LINKUSDT,2026.08.10,09:15:00,8.229000,8.252000,8.208000,8.208000,178970.0100
LINKUSDT,2026.08.10,09:30:00,8.207000,8.240000,8.196000,8.232000,264930.7000
LINKUSDT,2026.08.10,09:45:00,8.232000,8.248000,8.223000,8.235000,232879.3600
LINKUSDT,2026.08.10,10:00:00,8.235000,8.271000,8.232000,8.248000,164080.8400
LINKUSDT,2026.08.10,10:15:00,8.248000,8.300000,8.247000,8.278000,319698.0300
LINKUSDT,2026.08.10,10:30:00,8.278000,8.305000,8.265000,8.271000,152042.9500
LINKUSDT,2026.08.10,10:45:00,8.272000,8.290000,8.265000,8.273000,100752.1200
LINKUSDT,2026.08.10,11:00:00,8.274000,8.292000,8.262000,8.288000,116721.4900
LINKUSDT,2026.08.10,11:15:00,8.288000,8.317000,8.287000,8.308000,105514.1700
LINKUSDT,2026.08.10,11:30:00,8.308000,8.322000,8.301000,8.312000,128970.9700
LINKUSDT,2026.08.10,11:45:00,8.312000,8.312000,8.290000,8.306000,120067.2200
LINKUSDT,2026.08.10,12:00:00,8.306000,8.370000,8.304000,8.339000,384072.4300
LINKUSDT,2026.08.10,12:15:00,8.339000,8.339000,8.322000,8.326000,133599.5500
LINKUSDT,2026.08.10,12:30:00,8.325000,8.335000,8.296000,8.321000,121689.6000
LINKUSDT,2026.08.10,12:45:00,8.320000,8.321000,8.269000,8.282000,256287.0400
LINKUSDT,2026.08.10,13:00:00,8.282000,8.307000,8.270000,8.306000,112238.6900
LINKUSDT,2026.08.10,13:15:00,8.305000,8.312000,8.290000,8.303000,83716.4500
LINKUSDT,2026.08.10,13:30:00,8.303000,8.304000,8.241000,8.268000,321591.6600
LINKUSDT,2026.08.10,13:45:00,8.267000,8.286000,8.246000,8.280000,161297.2500
LINKUSDT,2026.08.10,14:00:00,8.280000,8.315000,8.277000,8.312000,159171.5000
LINKUSDT,2026.08.10,14:15:00,8.312000,8.325000,8.300000,8.310000,78874.0700
LINKUSDT,2026.08.10,14:30:00,8.309000,8.340000,8.303000,8.328000,76951.0500
LINKUSDT,2026.08.10,14:45:00,8.327000,8.340000,8.289000,8.301000,240490.0400
LINKUSDT,2026.08.10,15:00:00,8.300000,8.325000,8.267000,8.271000,252749.0300
LINKUSDT,2026.08.10,15:15:00,8.270000,8.291000,8.258000,8.291000,241687.4800
LINKUSDT,2026.08.10,15:30:00,8.291000,8.309000,8.259000,8.298000,129160.2900
LINKUSDT,2026.08.10,15:45:00,8.298000,8.307000,8.275000,8.300000,110442.4000
LINKUSDT,2026.08.10,16:00:00,8.299000,8.311000,8.285000,8.291000,103669.4800
LINKUSDT,2026.08.10,16:15:00,8.291000,8.293000,8.243000,8.269000,169305.8800
LINKUSDT,2026.08.10,16:30:00,8.268000,8.287000,8.248000,8.251000,162017.2600
LINKUSDT,2026.08.10,16:45:00,8.251000,8.253000,8.217000,8.232000,299718.9600
LINKUSDT,2026.08.10,17:00:00,8.232000,8.257000,8.209000,8.251000,165495.8200
LINKUSDT,2026.08.10,17:15:00,8.250000,8.277000,8.247000,8.256000,96520.7400
LINKUSDT,2026.08.10,17:30:00,8.256000,8.287000,8.255000,8.268000,75535.8400
LINKUSDT,2026.08.10,17:45:00,8.267000,8.267000,8.242000,8.246000,73448.9400
LINKUSDT,2026.08.10,18:00:00,8.245000,8.253000,8.233000,8.234000,67958.1800
LINKUSDT,2026.08.10,18:15:00,8.233000,8.233000,8.218000,8.221000,85932.7900
LINKUSDT,2026.08.10,18:30:00,8.221000,8.233000,8.203000,8.229000,137707.6500
LINKUSDT,2026.08.10,18:45:00,8.228000,8.239000,8.205000,8.234000,83598.2800
LINKUSDT,2026.08.10,19:00:00,8.233000,8.247000,8.231000,8.246000,68457.8500
LINKUSDT,2026.08.10,19:15:00,8.245000,8.283000,8.244000,8.282000,169648.5600
LINKUSDT,2026.08.10,19:30:00,8.282000,8.313000,8.281000,8.293000,175479.3000
LINKUSDT,2026.08.10,19:45:00,8.293000,8.298000,8.264000,8.271000,65889.0900
LINKUSDT,2026.08.10,20:00:00,8.270000,8.284000,8.266000,8.272000,47436.0700
LINKUSDT,2026.08.10,20:15:00,8.271000,8.297000,8.269000,8.294000,35153.2200
LINKUSDT,2026.08.10,20:30:00,8.293000,8.296000,8.282000,8.293000,24314.4500
LINKUSDT,2026.08.10,20:45:00,8.292000,8.296000,8.283000,8.286000,47809.7300
LINKUSDT,2026.08.10,21:00:00,8.286000,8.309000,8.283000,8.294000,54570.1600
LINKUSDT,2026.08.10,21:15:00,8.294000,8.313000,8.289000,8.313000,85991.1600
LINKUSDT,2026.08.10,21:30:00,8.312000,8.319000,8.303000,8.307000,34145.8600
LINKUSDT,2026.08.10,21:45:00,8.306000,8.307000,8.272000,8.272000,24311.7600
LINKUSDT,2026.08.10,22:00:00,8.272000,8.293000,8.251000,8.293000,135466.8500
LINKUSDT,2026.08.10,22:15:00,8.293000,8.299000,8.275000,8.289000,40096.2000
LINKUSDT,2026.08.10,22:30:00,8.288000,8.294000,8.273000,8.283000,41813.1500
LINKUSDT,2026.08.10,22:45:00,8.283000,8.316000,8.281000,8.309000,69699.2100
LINKUSDT,2026.08.10,23:00:00,8.310000,8.313000,8.298000,8.310000,74786.7300
LINKUSDT,2026.08.10,23:15:00,8.310000,8.315000,8.285000,8.294000,52624.4600
LINKUSDT,2026.08.10,23:30:00,8.293000,8.300000,8.280000,8.300000,24413.3100
LINKUSDT,2026.08.10,23:45:00,8.299000,8.299000,8.284000,8.297000,56844.8500
LINKUSDT,2026.08.11,00:00:00,8.296000,8.321000,8.287000,8.316000,175247.7600
LINKUSDT,2026.08.11,00:15:00,8.316000,8.336000,8.303000,8.332000,131633.7700
LINKUSDT,2026.08.11,00:30:00,8.333000,8.336000,8.314000,8.332000,72998.8600
LINKUSDT,2026.08.11,00:45:00,8.331000,8.335000,8.318000,8.331000,57084.3000
LINKUSDT,2026.08.11,01:00:00,8.331000,8.376000,8.320000,8.354000,226009.4400
LINKUSDT,2026.08.11,01:15:00,8.353000,8.442000,8.343000,8.427000,535893.8300
LINKUSDT,2026.08.11,01:30:00,8.428000,8.446000,8.392000,8.429000,284211.9700
LINKUSDT,2026.08.11,01:45:00,8.429000,8.463000,8.419000,8.424000,286794.9000
LINKUSDT,2026.08.11,02:00:00,8.424000,8.459000,8.420000,8.436000,173903.7500
LINKUSDT,2026.08.11,02:15:00,8.436000,8.446000,8.401000,8.414000,154847.2400
LINKUSDT,2026.08.11,02:30:00,8.414000,8.434000,8.402000,8.411000,206656.4400
LINKUSDT,2026.08.11,02:45:00,8.411000,8.411000,8.397000,8.409000,75103.8100
LINKUSDT,2026.08.11,03:00:00,8.409000,8.430000,8.405000,8.425000,76593.8300
LINKUSDT,2026.08.11,03:15:00,8.425000,8.431000,8.402000,8.414000,82753.9400
LINKUSDT,2026.08.11,03:30:00,8.413000,8.415000,8.396000,8.397000,45825.4100
LINKUSDT,2026.08.11,03:45:00,8.397000,8.402000,8.385000,8.389000,85530.4000
LINKUSDT,2026.08.11,04:00:00,8.389000,8.407000,8.387000,8.406000,76315.9100
LINKUSDT,2026.08.11,04:15:00,8.406000,8.406000,8.385000,8.387000,61074.0700
LINKUSDT,2026.08.11,04:30:00,8.388000,8.391000,8.362000,8.371000,164033.1500
LINKUSDT,2026.08.11,04:45:00,8.370000,8.377000,8.364000,8.377000,65364.9500
LINKUSDT,2026.08.11,05:00:00,8.378000,8.392000,8.369000,8.392000,59382.6500
LINKUSDT,2026.08.11,05:15:00,8.391000,8.411000,8.380000,8.391000,122337.9400
LINKUSDT,2026.08.11,05:30:00,8.392000,8.420000,8.388000,8.407000,102272.7100
LINKUSDT,2026.08.11,05:45:00,8.408000,8.428000,8.404000,8.414000,206686.7500
LINKUSDT,2026.08.11,06:00:00,8.413000,8.434000,8.399000,8.427000,179944.2900
LINKUSDT,2026.08.11,06:15:00,8.428000,8.441000,8.411000,8.416000,306682.0900
LINKUSDT,2026.08.11,06:30:00,8.417000,8.444000,8.411000,8.422000,125715.3000
LINKUSDT,2026.08.11,06:45:00,8.421000,8.433000,8.404000,8.433000,97839.3600
LINKUSDT,2026.08.11,07:00:00,8.433000,8.445000,8.421000,8.422000,89897.2900
LINKUSDT,2026.08.11,07:15:00,8.421000,8.427000,8.409000,8.421000,84655.9900
LINKUSDT,2026.08.11,07:30:00,8.421000,8.454000,8.420000,8.449000,84838.3000
LINKUSDT,2026.08.11,07:45:00,8.449000,8.476000,8.447000,8.473000,184504.1200
LINKUSDT,2026.08.11,08:00:00,8.473000,8.523000,8.462000,8.466000,458807.6600
LINKUSDT,2026.08.11,08:15:00,8.466000,8.476000,8.440000,8.468000,138312.5100
LINKUSDT,2026.08.11,08:30:00,8.468000,8.506000,8.461000,8.506000,109524.2700
LINKUSDT,2026.08.11,08:45:00,8.506000,8.522000,8.497000,8.522000,164857.0000
LINKUSDT,2026.08.11,09:00:00,8.522000,8.565000,8.495000,8.547000,488576.0800
LINKUSDT,2026.08.11,09:15:00,8.547000,8.714000,8.535000,8.657000,1457537.3800
LINKUSDT,2026.08.11,09:30:00,8.657000,8.674000,8.605000,8.674000,591476.7300
LINKUSDT,2026.08.11,09:45:00,8.674000,8.688000,8.656000,8.676000,379539.7700
LINKUSDT,2026.08.11,10:00:00,8.675000,8.681000,8.636000,8.643000,359162.9100
LINKUSDT,2026.08.11,10:15:00,8.643000,8.676000,8.631000,8.663000,250414.4900
LINKUSDT,2026.08.11,10:30:00,8.663000,8.668000,8.622000,8.629000,180493.7900
LINKUSDT,2026.08.11,10:45:00,8.629000,8.707000,8.629000,8.666000,558882.2600
LINKUSDT,2026.08.11,11:00:00,8.665000,8.694000,8.656000,8.685000,250724.0900
LINKUSDT,2026.08.11,11:15:00,8.685000,8.702000,8.657000,8.689000,161520.5100
LINKUSDT,2026.08.11,11:30:00,8.688000,8.702000,8.654000,8.656000,167891.4500
LINKUSDT,2026.08.11,11:45:00,8.656000,8.691000,8.654000,8.678000,142086.6800
LINKUSDT,2026.08.11,12:00:00,8.678000,8.685000,8.659000,8.680000,153629.1300
LINKUSDT,2026.08.11,12:15:00,8.679000,8.680000,8.632000,8.639000,253515.0000
LINKUSDT,2026.08.11,12:30:00,8.639000,8.680000,8.630000,8.680000,141197.7400
LINKUSDT,2026.08.11,12:45:00,8.680000,8.683000,8.645000,8.659000,152763.7000
LINKUSDT,2026.08.11,13:00:00,8.658000,8.699000,8.643000,8.680000,210761.9900
LINKUSDT,2026.08.11,13:15:00,8.680000,8.680000,8.638000,8.649000,215672.8100
LINKUSDT,2026.08.11,13:30:00,8.648000,8.656000,8.613000,8.643000,387854.0200
LINKUSDT,2026.08.11,13:45:00,8.642000,8.664000,8.628000,8.651000,202337.3600
LINKUSDT,2026.08.11,14:00:00,8.651000,8.680000,8.638000,8.668000,214921.6600
LINKUSDT,2026.08.11,14:15:00,8.669000,8.683000,8.623000,8.625000,227669.7900
LINKUSDT,2026.08.11,14:30:00,8.624000,8.624000,8.567000,8.579000,353253.6000
LINKUSDT,2026.08.11,14:45:00,8.578000,8.581000,8.525000,8.550000,535314.3000
LINKUSDT,2026.08.11,15:00:00,8.550000,8.557000,8.523000,8.534000,343272.9800
LINKUSDT,2026.08.11,15:15:00,8.533000,8.613000,8.522000,8.611000,333813.9800
LINKUSDT,2026.08.11,15:30:00,8.610000,8.611000,8.492000,8.543000,531433.1900
LINKUSDT,2026.08.11,15:45:00,8.542000,8.576000,8.521000,8.562000,285305.2500
LINKUSDT,2026.08.11,16:00:00,8.562000,8.624000,8.540000,8.591000,610785.3500
LINKUSDT,2026.08.11,16:15:00,8.591000,8.610000,8.562000,8.563000,166758.9700
LINKUSDT,2026.08.11,16:30:00,8.563000,8.586000,8.552000,8.560000,161220.3300
LINKUSDT,2026.08.11,16:45:00,8.560000,8.566000,8.550000,8.554000,101595.3100
LINKUSDT,2026.08.11,17:00:00,8.554000,8.577000,8.546000,8.558000,133435.4700
LINKUSDT,2026.08.11,17:15:00,8.558000,8.590000,8.558000,8.586000,88284.3900
LINKUSDT,2026.08.11,17:30:00,8.585000,8.598000,8.567000,8.593000,96054.6500
LINKUSDT,2026.08.11,17:45:00,8.592000,8.604000,8.577000,8.588000,108091.3900
LINKUSDT,2026.08.11,18:00:00,8.587000,8.605000,8.577000,8.580000,123057.2400
LINKUSDT,2026.08.11,18:15:00,8.579000,8.600000,8.548000,8.555000,124224.1400
LINKUSDT,2026.08.11,18:30:00,8.554000,8.575000,8.529000,8.562000,139509.1600
LINKUSDT,2026.08.11,18:45:00,8.561000,8.570000,8.553000,8.566000,80214.9000
LINKUSDT,2026.08.11,19:00:00,8.565000,8.566000,8.541000,8.541000,69922.1400
LINKUSDT,2026.08.11,19:15:00,8.541000,8.570000,8.537000,8.564000,99793.1700
LINKUSDT,2026.08.11,19:30:00,8.563000,8.582000,8.557000,8.575000,43114.4300
LINKUSDT,2026.08.11,19:45:00,8.575000,8.615000,8.569000,8.612000,161311.2100
LINKUSDT,2026.08.11,20:00:00,8.613000,8.697000,8.613000,8.679000,600497.5300
LINKUSDT,2026.08.11,20:15:00,8.679000,8.686000,8.662000,8.686000,116938.2700
LINKUSDT,2026.08.11,20:30:00,8.686000,8.699000,8.668000,8.690000,99684.6200
LINKUSDT,2026.08.11,20:45:00,8.690000,8.729000,8.679000,8.693000,325213.0500
LINKUSDT,2026.08.11,21:00:00,8.692000,8.783000,8.692000,8.770000,474947.1400
LINKUSDT,2026.08.11,21:15:00,8.770000,8.778000,8.746000,8.748000,385599.4700
LINKUSDT,2026.08.11,21:30:00,8.747000,8.809000,8.747000,8.770000,237311.1700
LINKUSDT,2026.08.11,21:45:00,8.770000,8.780000,8.757000,8.767000,154284.9300
LINKUSDT,2026.08.11,22:00:00,8.768000,8.787000,8.753000,8.766000,237334.6600
LINKUSDT,2026.08.11,22:15:00,8.765000,8.772000,8.753000,8.763000,86355.9800
LINKUSDT,2026.08.11,22:30:00,8.763000,8.788000,8.763000,8.771000,91130.3100
LINKUSDT,2026.08.11,22:45:00,8.770000,8.787000,8.750000,8.782000,94057.4100
LINKUSDT,2026.08.11,23:00:00,8.781000,8.783000,8.751000,8.756000,132247.6100
LINKUSDT,2026.08.11,23:15:00,8.755000,8.768000,8.754000,8.759000,76329.2400
LINKUSDT,2026.08.11,23:30:00,8.758000,8.785000,8.755000,8.780000,59933.0200
LINKUSDT,2026.08.11,23:45:00,8.780000,8.788000,8.770000,8.777000,84273.2500
LINKUSDT,2026.08.12,00:00:00,8.777000,8.786000,8.751000,8.763000,180784.7000
LINKUSDT,2026.08.12,00:15:00,8.762000,8.771000,8.747000,8.763000,114528.0200
LINKUSDT,2026.08.12,00:30:00,8.762000,8.791000,8.761000,8.762000,234243.5900
LINKUSDT,2026.08.12,00:45:00,8.761000,8.775000,8.736000,8.760000,176999.8100
LINKUSDT,2026.08.12,01:00:00,8.759000,8.810000,8.759000,8.799000,188767.5900
LINKUSDT,2026.08.12,01:15:00,8.799000,8.810000,8.758000,8.763000,152966.6300
LINKUSDT,2026.08.12,01:30:00,8.762000,8.801000,8.753000,8.797000,113104.1000
LINKUSDT,2026.08.12,01:45:00,8.797000,8.823000,8.776000,8.787000,319769.6500
LINKUSDT,2026.08.12,02:00:00,8.787000,8.799000,8.767000,8.768000,144126.7100
LINKUSDT,2026.08.12,02:15:00,8.767000,8.777000,8.751000,8.767000,103681.1300
LINKUSDT,2026.08.12,02:30:00,8.768000,8.782000,8.761000,8.763000,114248.0600
LINKUSDT,2026.08.12,02:45:00,8.764000,8.776000,8.740000,8.742000,97909.7400
LINKUSDT,2026.08.12,03:00:00,8.742000,8.751000,8.723000,8.726000,159410.9500
LINKUSDT,2026.08.12,03:15:00,8.725000,8.747000,8.721000,8.741000,178736.0400
LINKUSDT,2026.08.12,03:30:00,8.741000,8.745000,8.726000,8.732000,91917.9400
LINKUSDT,2026.08.12,03:45:00,8.731000,8.732000,8.707000,8.722000,137046.5800
LINKUSDT,2026.08.12,04:00:00,8.723000,8.725000,8.710000,8.724000,75917.2100
LINKUSDT,2026.08.12,04:15:00,8.725000,8.747000,8.724000,8.725000,90858.5500
LINKUSDT,2026.08.12,04:30:00,8.725000,8.725000,8.713000,8.720000,63992.1000
LINKUSDT,2026.08.12,04:45:00,8.721000,8.729000,8.716000,8.719000,41807.9000
LINKUSDT,2026.08.12,05:00:00,8.720000,8.721000,8.701000,8.718000,89896.3100
LINKUSDT,2026.08.12,05:15:00,8.717000,8.730000,8.712000,8.721000,58313.8000
LINKUSDT,2026.08.12,05:30:00,8.721000,8.731000,8.715000,8.717000,77405.4300
LINKUSDT,2026.08.12,05:45:00,8.717000,8.719000,8.710000,8.712000,64966.4000
LINKUSDT,2026.08.12,06:00:00,8.711000,8.712000,8.688000,8.690000,158800.2400
LINKUSDT,2026.08.12,06:15:00,8.690000,8.699000,8.681000,8.691000,85930.9500
LINKUSDT,2026.08.12,06:30:00,8.690000,8.720000,8.675000,8.708000,197908.0300
LINKUSDT,2026.08.12,06:45:00,8.708000,8.735000,8.707000,8.730000,99279.3600
LINKUSDT,2026.08.12,07:00:00,8.730000,8.760000,8.727000,8.744000,185058.9800
LINKUSDT,2026.08.12,07:15:00,8.744000,8.764000,8.741000,8.746000,93486.4900
LINKUSDT,2026.08.12,07:30:00,8.747000,8.763000,8.734000,8.735000,62574.5500
LINKUSDT,2026.08.12,07:45:00,8.734000,8.752000,8.720000,8.752000,151616.7700
LINKUSDT,2026.08.12,08:00:00,8.751000,8.767000,8.743000,8.764000,140965.7800
LINKUSDT,2026.08.12,08:15:00,8.764000,8.774000,8.759000,8.767000,63114.9200
LINKUSDT,2026.08.12,08:30:00,8.767000,8.768000,8.751000,8.752000,64174.5400
LINKUSDT,2026.08.12,08:45:00,8.752000,8.755000,8.740000,8.743000,78757.5900
LINKUSDT,2026.08.12,09:00:00,8.743000,8.755000,8.735000,8.735000,94485.2700
LINKUSDT,2026.08.12,09:15:00,8.736000,8.787000,8.736000,8.767000,162138.3900
LINKUSDT,2026.08.12,09:30:00,8.768000,8.793000,8.764000,8.792000,158241.9100
LINKUSDT,2026.08.12,09:45:00,8.793000,8.800000,8.787000,8.798000,104384.4100
LINKUSDT,2026.08.12,10:00:00,8.799000,8.817000,8.787000,8.794000,178425.1800
LINKUSDT,2026.08.12,10:15:00,8.794000,8.807000,8.790000,8.798000,95867.3000
LINKUSDT,2026.08.12,10:30:00,8.797000,8.875000,8.794000,8.853000,540306.8600
LINKUSDT,2026.08.12,10:45:00,8.852000,8.876000,8.800000,8.805000,347180.6700
LINKUSDT,2026.08.12,11:00:00,8.804000,8.820000,8.793000,8.820000,100566.2600
LINKUSDT,2026.08.12,11:15:00,8.820000,8.849000,8.819000,8.846000,215231.2700
LINKUSDT,2026.08.12,11:30:00,8.846000,8.880000,8.846000,8.873000,307101.3200
LINKUSDT,2026.08.12,11:45:00,8.874000,8.876000,8.853000,8.875000,170166.0300
LINKUSDT,2026.08.12,12:00:00,8.875000,8.880000,8.854000,8.856000,153961.9800
LINKUSDT,2026.08.12,12:15:00,8.856000,8.890000,8.836000,8.880000,323845.3400
LINKUSDT,2026.08.12,12:30:00,8.879000,8.895000,8.797000,8.817000,794486.2000
LINKUSDT,2026.08.12,12:45:00,8.817000,8.857000,8.810000,8.847000,286888.8600
LINKUSDT,2026.08.12,13:00:00,8.846000,8.849000,8.809000,8.821000,226748.6400
LINKUSDT,2026.08.12,13:15:00,8.821000,8.830000,8.804000,8.818000,151552.7800
LINKUSDT,2026.08.12,13:30:00,8.819000,8.823000,8.785000,8.804000,168341.5600
LINKUSDT,2026.08.12,13:45:00,8.804000,8.836000,8.783000,8.824000,276937.8900
LINKUSDT,2026.08.12,14:00:00,8.823000,8.823000,8.754000,8.769000,499506.1900
LINKUSDT,2026.08.12,14:15:00,8.768000,8.780000,8.716000,8.722000,313504.1900
LINKUSDT,2026.08.12,14:30:00,8.721000,8.736000,8.688000,8.727000,396123.9300
LINKUSDT,2026.08.12,14:45:00,8.727000,8.753000,8.720000,8.722000,266268.0600
LINKUSDT,2026.08.12,15:00:00,8.722000,8.769000,8.717000,8.762000,247556.0700
LINKUSDT,2026.08.12,15:15:00,8.762000,8.778000,8.749000,8.765000,108848.3500
LINKUSDT,2026.08.12,15:30:00,8.766000,8.787000,8.757000,8.774000,109398.4900
LINKUSDT,2026.08.12,15:45:00,8.774000,8.783000,8.756000,8.778000,103456.0100
LINKUSDT,2026.08.12,16:00:00,8.778000,8.778000,8.751000,8.766000,127169.4900
LINKUSDT,2026.08.12,16:15:00,8.767000,8.778000,8.757000,8.769000,56303.4300
LINKUSDT,2026.08.12,16:30:00,8.769000,8.769000,8.735000,8.735000,127475.8600
LINKUSDT,2026.08.12,16:45:00,8.736000,8.755000,8.725000,8.754000,90902.0200
LINKUSDT,2026.08.12,17:00:00,8.753000,8.777000,8.751000,8.764000,100210.7400
LINKUSDT,2026.08.12,17:15:00,8.764000,8.767000,8.745000,8.759000,135549.7900
LINKUSDT,2026.08.12,17:30:00,8.760000,8.775000,8.751000,8.769000,114630.8100
LINKUSDT,2026.08.12,17:45:00,8.770000,8.774000,8.761000,8.769000,90751.1700
LINKUSDT,2026.08.12,18:00:00,8.769000,8.789000,8.764000,8.775000,114743.8900
LINKUSDT,2026.08.12,18:15:00,8.775000,8.781000,8.757000,8.779000,78256.8600
LINKUSDT,2026.08.12,18:30:00,8.780000,8.784000,8.765000,8.774000,98841.7700
LINKUSDT,2026.08.12,18:45:00,8.774000,8.775000,8.746000,8.759000,49154.4100
LINKUSDT,2026.08.12,19:00:00,8.760000,8.765000,8.736000,8.737000,78942.5300
LINKUSDT,2026.08.12,19:15:00,8.738000,8.753000,8.720000,8.736000,64836.2500
LINKUSDT,2026.08.12,19:30:00,8.736000,8.737000,8.715000,8.718000,77022.0200
LINKUSDT,2026.08.12,19:45:00,8.718000,8.742000,8.713000,8.740000,116214.3000
LINKUSDT,2026.08.12,20:00:00,8.740000,8.757000,8.731000,8.732000,98622.3600
LINKUSDT,2026.08.12,20:15:00,8.733000,8.749000,8.723000,8.746000,36886.9800
LINKUSDT,2026.08.12,20:30:00,8.746000,8.767000,8.746000,8.762000,50245.4700
LINKUSDT,2026.08.12,20:45:00,8.762000,8.778000,8.756000,8.761000,46035.1400
LINKUSDT,2026.08.12,21:00:00,8.761000,8.770000,8.742000,8.744000,39984.8600
LINKUSDT,2026.08.12,21:15:00,8.744000,8.747000,8.612000,8.680000,537359.2000
LINKUSDT,2026.08.12,21:30:00,8.680000,8.681000,8.593000,8.669000,620898.2400
LINKUSDT,2026.08.12,21:45:00,8.669000,8.678000,8.631000,8.643000,114972.2400
LINKUSDT,2026.08.12,22:00:00,8.644000,8.688000,8.628000,8.674000,146782.0000
LINKUSDT,2026.08.12,22:15:00,8.674000,8.676000,8.662000,8.664000,68883.6100
LINKUSDT,2026.08.12,22:30:00,8.663000,8.666000,8.653000,8.665000,60872.7300
LINKUSDT,2026.08.12,22:45:00,8.665000,8.671000,8.658000,8.665000,61343.1400
LINKUSDT,2026.08.12,23:00:00,8.665000,8.670000,8.650000,8.667000,74355.6800
LINKUSDT,2026.08.12,23:15:00,8.667000,8.674000,8.658000,8.670000,70929.3700
LINKUSDT,2026.08.12,23:30:00,8.670000,8.689000,8.670000,8.680000,89276.2300
LINKUSDT,2026.08.12,23:45:00,8.679000,8.684000,8.665000,8.670000,64591.0300
LINKUSDT,2026.08.13,00:00:00,8.670000,8.704000,8.660000,8.701000,130707.5400
LINKUSDT,2026.08.13,00:15:00,8.702000,8.710000,8.680000,8.684000,91606.6100
LINKUSDT,2026.08.13,00:30:00,8.684000,8.685000,8.645000,8.647000,104528.8100
LINKUSDT,2026.08.13,00:45:00,8.647000,8.661000,8.642000,8.649000,71654.6800
LINKUSDT,2026.08.13,01:00:00,8.649000,8.668000,8.644000,8.667000,62357.6600
LINKUSDT,2026.08.13,01:15:00,8.667000,8.667000,8.631000,8.636000,99754.6200
LINKUSDT,2026.08.13,01:30:00,8.636000,8.652000,8.623000,8.624000,78807.2600
LINKUSDT,2026.08.13,01:45:00,8.624000,8.643000,8.618000,8.631000,159681.6600
LINKUSDT,2026.08.13,02:00:00,8.631000,8.646000,8.631000,8.638000,77619.0300
LINKUSDT,2026.08.13,02:15:00,8.639000,8.642000,8.624000,8.624000,44805.2800
LINKUSDT,2026.08.13,02:30:00,8.624000,8.642000,8.615000,8.642000,118127.8900
LINKUSDT,2026.08.13,02:45:00,8.642000,8.685000,8.633000,8.684000,133809.9200
LINKUSDT,2026.08.13,03:00:00,8.684000,8.729000,8.683000,8.724000,210433.2600
LINKUSDT,2026.08.13,03:15:00,8.725000,8.730000,8.700000,8.702000,361123.1100
LINKUSDT,2026.08.13,03:30:00,8.702000,8.714000,8.699000,8.707000,53312.6600
LINKUSDT,2026.08.13,03:45:00,8.707000,8.733000,8.707000,8.722000,166845.5100
LINKUSDT,2026.08.13,04:00:00,8.723000,8.747000,8.723000,8.735000,110346.1300
LINKUSDT,2026.08.13,04:15:00,8.736000,8.742000,8.727000,8.734000,79906.9200
LINKUSDT,2026.08.13,04:30:00,8.735000,8.772000,8.733000,8.754000,167487.8600
LINKUSDT,2026.08.13,04:45:00,8.755000,8.767000,8.741000,8.751000,96911.3100
LINKUSDT,2026.08.13,05:00:00,8.752000,8.788000,8.748000,8.784000,167572.5100
LINKUSDT,2026.08.13,05:15:00,8.785000,8.813000,8.777000,8.793000,276534.6200
LINKUSDT,2026.08.13,05:30:00,8.794000,8.803000,8.787000,8.796000,117473.5600
LINKUSDT,2026.08.13,05:45:00,8.797000,8.807000,8.786000,8.795000,80713.2100
LINKUSDT,2026.08.13,06:00:00,8.794000,8.798000,8.762000,8.764000,138108.8700
LINKUSDT,2026.08.13,06:15:00,8.765000,8.767000,8.753000,8.760000,47867.0400
LINKUSDT,2026.08.13,06:30:00,8.760000,8.761000,8.740000,8.742000,61276.0800
LINKUSDT,2026.08.13,06:45:00,8.743000,8.769000,8.740000,8.768000,86672.0900
LINKUSDT,2026.08.13,07:00:00,8.768000,8.770000,8.755000,8.764000,55203.6600
LINKUSDT,2026.08.13,07:15:00,8.765000,8.768000,8.752000,8.758000,60557.6900
LINKUSDT,2026.08.13,07:30:00,8.758000,8.760000,8.751000,8.755000,48145.1500
LINKUSDT,2026.08.13,07:45:00,8.756000,8.774000,8.751000,8.751000,92572.9200
LINKUSDT,2026.08.13,08:00:00,8.752000,8.753000,8.725000,8.726000,105851.3500
LINKUSDT,2026.08.13,08:15:00,8.726000,8.754000,8.724000,8.747000,44048.6900
LINKUSDT,2026.08.13,08:30:00,8.748000,8.763000,8.742000,8.756000,34499.9500
LINKUSDT,2026.08.13,08:45:00,8.756000,8.759000,8.742000,8.742000,56100.5000
LINKUSDT,2026.08.13,09:00:00,8.742000,8.742000,8.696000,8.699000,107416.3500
LINKUSDT,2026.08.13,09:15:00,8.699000,8.708000,8.695000,8.701000,68019.7500
LINKUSDT,2026.08.13,09:30:00,8.701000,8.714000,8.701000,8.702000,91026.2600
LINKUSDT,2026.08.13,09:45:00,8.703000,8.716000,8.698000,8.706000,59831.5300
LINKUSDT,2026.08.13,10:00:00,8.706000,8.720000,8.686000,8.717000,178196.3000
LINKUSDT,2026.08.13,10:15:00,8.718000,8.732000,8.716000,8.724000,67400.4000
LINKUSDT,2026.08.13,10:30:00,8.725000,8.730000,8.718000,8.724000,47828.7500
LINKUSDT,2026.08.13,10:45:00,8.724000,8.737000,8.716000,8.737000,106077.6200
LINKUSDT,2026.08.13,11:00:00,8.737000,8.751000,8.698000,8.704000,417689.1600
LINKUSDT,2026.08.13,11:15:00,8.704000,8.704000,8.671000,8.685000,132635.5800
LINKUSDT,2026.08.13,11:30:00,8.685000,8.694000,8.671000,8.679000,108346.1200
LINKUSDT,2026.08.13,11:45:00,8.679000,8.689000,8.674000,8.687000,58394.2700
LINKUSDT,2026.08.13,12:00:00,8.688000,8.727000,8.675000,8.717000,191556.7900
LINKUSDT,2026.08.13,12:15:00,8.718000,8.745000,8.706000,8.736000,101394.0600
LINKUSDT,2026.08.13,12:30:00,8.736000,8.784000,8.729000,8.766000,241476.2400
LINKUSDT,2026.08.13,12:45:00,8.766000,8.787000,8.754000,8.777000,213628.7400
LINKUSDT,2026.08.13,13:00:00,8.777000,8.808000,8.776000,8.792000,194321.1400
LINKUSDT,2026.08.13,13:15:00,8.793000,8.799000,8.764000,8.772000,102109.9200
LINKUSDT,2026.08.13,13:30:00,8.771000,8.840000,8.757000,8.809000,418176.6100
LINKUSDT,2026.08.13,13:45:00,8.809000,8.828000,8.794000,8.799000,218960.2800
LINKUSDT,2026.08.13,14:00:00,8.799000,8.830000,8.790000,8.820000,165404.8900
LINKUSDT,2026.08.13,14:15:00,8.821000,8.822000,8.803000,8.810000,89734.4900
LINKUSDT,2026.08.13,14:30:00,8.810000,8.846000,8.794000,8.835000,215187.9500
LINKUSDT,2026.08.13,14:45:00,8.835000,8.854000,8.824000,8.844000,240367.9900
LINKUSDT,2026.08.13,15:00:00,8.845000,8.865000,8.818000,8.820000,265271.5600
LINKUSDT,2026.08.13,15:15:00,8.820000,8.840000,8.777000,8.789000,209536.3900
LINKUSDT,2026.08.13,15:30:00,8.788000,8.804000,8.775000,8.796000,121699.9200
LINKUSDT,2026.08.13,15:45:00,8.797000,8.798000,8.717000,8.742000,542997.2700
LINKUSDT,2026.08.13,16:00:00,8.742000,8.747000,8.710000,8.719000,317215.1000
LINKUSDT,2026.08.13,16:15:00,8.719000,8.737000,8.704000,8.714000,193236.1700
LINKUSDT,2026.08.13,16:30:00,8.714000,8.724000,8.676000,8.712000,391257.0900
LINKUSDT,2026.08.13,16:45:00,8.712000,8.746000,8.695000,8.720000,289862.6500
LINKUSDT,2026.08.13,17:00:00,8.720000,8.753000,8.714000,8.749000,123588.4800
LINKUSDT,2026.08.13,17:15:00,8.749000,8.773000,8.743000,8.762000,144306.4600
LINKUSDT,2026.08.13,17:30:00,8.763000,8.780000,8.754000,8.768000,79923.4100
LINKUSDT,2026.08.13,17:45:00,8.768000,8.780000,8.758000,8.761000,106861.2400
LINKUSDT,2026.08.13,18:00:00,8.760000,8.785000,8.759000,8.770000,66984.5200
LINKUSDT,2026.08.13,18:15:00,8.771000,8.787000,8.768000,8.770000,36231.9400
LINKUSDT,2026.08.13,18:30:00,8.770000,8.793000,8.769000,8.788000,71316.2800
LINKUSDT,2026.08.13,18:45:00,8.789000,8.817000,8.786000,8.808000,121631.1500
LINKUSDT,2026.08.13,19:00:00,8.809000,8.829000,8.809000,8.821000,96768.7600
LINKUSDT,2026.08.13,19:15:00,8.821000,8.829000,8.779000,8.798000,154327.4300
LINKUSDT,2026.08.13,19:30:00,8.797000,8.820000,8.793000,8.814000,91979.4000
LINKUSDT,2026.08.13,19:45:00,8.814000,8.825000,8.807000,8.821000,92414.6600
LINKUSDT,2026.08.13,20:00:00,8.822000,8.855000,8.814000,8.844000,299947.1900
LINKUSDT,2026.08.13,20:15:00,8.844000,8.851000,8.830000,8.837000,62875.1100
LINKUSDT,2026.08.13,20:30:00,8.837000,8.845000,8.827000,8.829000,97103.5500
LINKUSDT,2026.08.13,20:45:00,8.829000,8.842000,8.822000,8.836000,64436.1200
LINKUSDT,2026.08.13,21:00:00,8.836000,8.858000,8.836000,8.847000,107253.2900
LINKUSDT,2026.08.13,21:15:00,8.847000,8.858000,8.836000,8.855000,113330.4900
LINKUSDT,2026.08.13,21:30:00,8.855000,8.883000,8.854000,8.867000,163982.9200
LINKUSDT,2026.08.13,21:45:00,8.866000,8.875000,8.850000,8.869000,98680.9300
LINKUSDT,2026.08.13,22:00:00,8.869000,8.904000,8.868000,8.879000,271483.8100
LINKUSDT,2026.08.13,22:15:00,8.880000,8.882000,8.854000,8.865000,118365.0600
LINKUSDT,2026.08.13,22:30:00,8.864000,8.874000,8.853000,8.856000,175830.6400
LINKUSDT,2026.08.13,22:45:00,8.855000,8.857000,8.833000,8.840000,134321.9000
LINKUSDT,2026.08.13,23:00:00,8.840000,8.862000,8.837000,8.839000,122870.9100
LINKUSDT,2026.08.13,23:15:00,8.839000,8.851000,8.832000,8.850000,93850.9600
LINKUSDT,2026.08.13,23:30:00,8.850000,8.864000,8.850000,8.860000,48498.7300
LINKUSDT,2026.08.13,23:45:00,8.859000,8.892000,8.856000,8.884000,344655.8200
LINKUSDT,2026.08.14,00:00:00,8.884000,8.887000,8.860000,8.867000,114928.1600
LINKUSDT,2026.08.14,00:15:00,8.866000,8.877000,8.852000,8.858000,75088.0900
LINKUSDT,2026.08.14,00:30:00,8.857000,8.876000,8.849000,8.875000,73050.3800
LINKUSDT,2026.08.14,00:45:00,8.875000,8.875000,8.856000,8.869000,55133.2200
LINKUSDT,2026.08.14,01:00:00,8.868000,8.877000,8.853000,8.858000,87917.8200
LINKUSDT,2026.08.14,01:15:00,8.858000,8.874000,8.848000,8.872000,77870.5700
LINKUSDT,2026.08.14,01:30:00,8.871000,8.872000,8.848000,8.856000,72141.1200
LINKUSDT,2026.08.14,01:45:00,8.855000,8.856000,8.829000,8.852000,119188.6400
LINKUSDT,2026.08.14,02:00:00,8.851000,8.869000,8.844000,8.855000,76220.0000
LINKUSDT,2026.08.14,02:15:00,8.854000,8.858000,8.821000,8.827000,101032.1600
LINKUSDT,2026.08.14,02:30:00,8.826000,8.840000,8.826000,8.829000,63369.9700
LINKUSDT,2026.08.14,02:45:00,8.829000,8.836000,8.826000,8.832000,44297.7100
LINKUSDT,2026.08.14,03:00:00,8.832000,8.832000,8.812000,8.825000,120506.1800
LINKUSDT,2026.08.14,03:15:00,8.824000,8.848000,8.821000,8.840000,51246.7500
LINKUSDT,2026.08.14,03:30:00,8.840000,8.840000,8.822000,8.831000,47941.2300
LINKUSDT,2026.08.14,03:45:00,8.830000,8.832000,8.813000,8.817000,49385.4000
LINKUSDT,2026.08.14,04:00:00,8.816000,8.835000,8.814000,8.821000,44774.8000
LINKUSDT,2026.08.14,04:15:00,8.820000,8.833000,8.805000,8.806000,79116.2800
LINKUSDT,2026.08.14,04:30:00,8.805000,8.811000,8.801000,8.802000,41979.6900
LINKUSDT,2026.08.14,04:45:00,8.801000,8.809000,8.785000,8.792000,102032.7500
LINKUSDT,2026.08.14,05:00:00,8.791000,8.794000,8.779000,8.781000,87977.6800
LINKUSDT,2026.08.14,05:15:00,8.781000,8.797000,8.773000,8.791000,88365.0800
LINKUSDT,2026.08.14,05:30:00,8.790000,8.804000,8.787000,8.797000,63203.2600
LINKUSDT,2026.08.14,05:45:00,8.796000,8.798000,8.787000,8.793000,51529.7100
LINKUSDT,2026.08.14,06:00:00,8.792000,8.792000,8.772000,8.776000,77983.7200
LINKUSDT,2026.08.14,06:15:00,8.776000,8.778000,8.764000,8.765000,72291.1000
LINKUSDT,2026.08.14,06:30:00,8.765000,8.778000,8.756000,8.758000,89544.5400
LINKUSDT,2026.08.14,06:45:00,8.757000,8.766000,8.743000,8.760000,179857.4500
LINKUSDT,2026.08.14,07:00:00,8.760000,8.775000,8.754000,8.762000,108442.8700
LINKUSDT,2026.08.14,07:15:00,8.762000,8.770000,8.762000,8.766000,32848.3500
LINKUSDT,2026.08.14,07:30:00,8.765000,8.773000,8.757000,8.764000,60258.5000
LINKUSDT,2026.08.14,07:45:00,8.763000,8.774000,8.760000,8.766000,53242.0100
LINKUSDT,2026.08.14,08:00:00,8.765000,8.769000,8.754000,8.757000,58492.9100
LINKUSDT,2026.08.14,08:15:00,8.757000,8.763000,8.726000,8.733000,128243.8400
LINKUSDT,2026.08.14,08:30:00,8.733000,8.759000,8.721000,8.747000,123921.3900
LINKUSDT,2026.08.14,08:45:00,8.747000,8.822000,8.745000,8.820000,282785.2700
LINKUSDT,2026.08.14,09:00:00,8.820000,8.821000,8.790000,8.801000,181046.1800
LINKUSDT,2026.08.14,09:15:00,8.800000,8.802000,8.782000,8.782000,56153.4500
LINKUSDT,2026.08.14,09:30:00,8.782000,8.786000,8.775000,8.786000,102938.8400
LINKUSDT,2026.08.14,09:45:00,8.786000,8.830000,8.785000,8.818000,217104.6200
LINKUSDT,2026.08.14,10:00:00,8.817000,8.880000,8.814000,8.836000,496713.3700
LINKUSDT,2026.08.14,10:15:00,8.836000,8.837000,8.784000,8.810000,228481.3100
LINKUSDT,2026.08.14,10:30:00,8.809000,8.811000,8.792000,8.797000,72141.4700
LINKUSDT,2026.08.14,10:45:00,8.797000,8.812000,8.782000,8.786000,131167.7500
LINKUSDT,2026.08.14,11:00:00,8.787000,8.811000,8.786000,8.787000,80218.3500
LINKUSDT,2026.08.14,11:15:00,8.787000,8.875000,8.783000,8.836000,403239.5600
LINKUSDT,2026.08.14,11:30:00,8.836000,8.837000,8.814000,8.832000,67404.0500
LINKUSDT,2026.08.14,11:45:00,8.832000,8.838000,8.819000,8.828000,85208.5000
LINKUSDT,2026.08.14,12:00:00,8.829000,8.851000,8.807000,8.815000,166501.6500
LINKUSDT,2026.08.14,12:15:00,8.814000,8.858000,8.804000,8.858000,102507.5300
LINKUSDT,2026.08.14,12:30:00,8.858000,8.882000,8.844000,8.866000,186652.7900
LINKUSDT,2026.08.14,12:45:00,8.866000,8.873000,8.823000,8.832000,164295.6300
LINKUSDT,2026.08.14,13:00:00,8.832000,8.841000,8.794000,8.810000,172384.7400
LINKUSDT,2026.08.14,13:15:00,8.809000,8.824000,8.792000,8.812000,161426.6700
LINKUSDT,2026.08.14,13:30:00,8.812000,8.832000,8.803000,8.822000,118542.9500
LINKUSDT,2026.08.14,13:45:00,8.821000,8.836000,8.803000,8.836000,133160.9000
LINKUSDT,2026.08.14,14:00:00,8.835000,8.843000,8.821000,8.822000,130728.2600
LINKUSDT,2026.08.14,14:15:00,8.823000,8.840000,8.789000,8.803000,100678.5300
LINKUSDT,2026.08.14,14:30:00,8.804000,8.832000,8.777000,8.795000,181274.5500
LINKUSDT,2026.08.14,14:45:00,8.795000,8.799000,8.760000,8.768000,127433.2900
LINKUSDT,2026.08.14,15:00:00,8.768000,8.780000,8.757000,8.776000,95507.6000
LINKUSDT,2026.08.14,15:15:00,8.776000,8.836000,8.776000,8.835000,113841.7100
LINKUSDT,2026.08.14,15:30:00,8.835000,8.876000,8.824000,8.870000,243378.3000
LINKUSDT,2026.08.14,15:45:00,8.871000,8.872000,8.848000,8.853000,127336.1300
LINKUSDT,2026.08.14,16:00:00,8.853000,8.877000,8.826000,8.838000,149003.8900
LINKUSDT,2026.08.14,16:15:00,8.838000,8.861000,8.835000,8.857000,56678.6200
LINKUSDT,2026.08.14,16:30:00,8.858000,8.893000,8.839000,8.852000,278147.4500
LINKUSDT,2026.08.14,16:45:00,8.852000,8.883000,8.836000,8.872000,180666.1900
LINKUSDT,2026.08.14,17:00:00,8.871000,8.892000,8.867000,8.892000,100618.6700
LINKUSDT,2026.08.14,17:15:00,8.892000,8.947000,8.890000,8.892000,518916.4500
LINKUSDT,2026.08.14,17:30:00,8.891000,8.945000,8.891000,8.932000,264690.1200
LINKUSDT,2026.08.14,17:45:00,8.933000,8.955000,8.902000,8.915000,303081.1100
LINKUSDT,2026.08.14,18:00:00,8.915000,8.920000,8.881000,8.888000,153498.6100
LINKUSDT,2026.08.14,18:15:00,8.888000,8.910000,8.882000,8.896000,100868.8700
LINKUSDT,2026.08.14,18:30:00,8.896000,8.971000,8.883000,8.959000,386481.8000
LINKUSDT,2026.08.14,18:45:00,8.960000,8.988000,8.915000,8.943000,353063.3000
LINKUSDT,2026.08.14,19:00:00,8.942000,8.969000,8.927000,8.928000,176729.0800
LINKUSDT,2026.08.14,19:15:00,8.928000,8.964000,8.926000,8.949000,135277.2900
LINKUSDT,2026.08.14,19:30:00,8.950000,8.995000,8.941000,8.993000,164837.6100
LINKUSDT,2026.08.14,19:45:00,8.993000,9.017000,8.966000,8.984000,305025.6800
LINKUSDT,2026.08.14,20:00:00,8.984000,8.988000,8.969000,8.976000,148179.7400
LINKUSDT,2026.08.14,20:15:00,8.975000,8.978000,8.943000,8.943000,155124.9900
LINKUSDT,2026.08.14,20:30:00,8.944000,8.967000,8.941000,8.959000,62376.5100
LINKUSDT,2026.08.14,20:45:00,8.959000,8.980000,8.942000,8.979000,83691.9000
LINKUSDT,2026.08.14,21:00:00,8.980000,8.981000,8.953000,8.961000,100224.9000
LINKUSDT,2026.08.14,21:15:00,8.960000,8.967000,8.935000,8.957000,69549.3300
LINKUSDT,2026.08.14,21:30:00,8.956000,8.956000,8.929000,8.937000,87447.3700
LINKUSDT,2026.08.14,21:45:00,8.936000,8.949000,8.921000,8.947000,84406.7000
LINKUSDT,2026.08.14,22:00:00,8.946000,8.966000,8.937000,8.942000,113640.8800
LINKUSDT,2026.08.14,22:15:00,8.942000,8.946000,8.924000,8.924000,66215.9300
LINKUSDT,2026.08.14,22:30:00,8.924000,8.955000,8.923000,8.942000,120157.7400
LINKUSDT,2026.08.14,22:45:00,8.941000,8.942000,8.923000,8.939000,50147.0500
LINKUSDT,2026.08.14,23:00:00,8.939000,8.995000,8.936000,8.992000,92949.2300
LINKUSDT,2026.08.14,23:15:00,8.992000,9.007000,8.980000,8.995000,174896.5300
LINKUSDT,2026.08.14,23:30:00,8.995000,9.006000,8.980000,8.984000,170766.4900
LINKUSDT,2026.08.14,23:45:00,8.984000,8.985000,8.960000,8.966000,100971.2700
LINKUSDT,2026.08.15,00:00:00,8.967000,9.008000,8.964000,9.001000,194467.4200
LINKUSDT,2026.08.15,00:15:00,9.000000,9.052000,9.000000,9.039000,354777.2600
LINKUSDT,2026.08.15,00:30:00,9.039000,9.067000,9.014000,9.063000,242320.6700
LINKUSDT,2026.08.15,00:45:00,9.064000,9.093000,9.059000,9.084000,266814.2000
LINKUSDT,2026.08.15,01:00:00,9.083000,9.154000,9.074000,9.153000,495795.9100
LINKUSDT,2026.08.15,01:15:00,9.153000,9.245000,9.124000,9.182000,984869.5900
LINKUSDT,2026.08.15,01:30:00,9.182000,9.220000,9.155000,9.208000,324938.9900
LINKUSDT,2026.08.15,01:45:00,9.207000,9.340000,9.199000,9.318000,916695.0900
LINKUSDT,2026.08.15,02:00:00,9.318000,9.498000,9.317000,9.477000,1484463.4800
LINKUSDT,2026.08.15,02:15:00,9.477000,9.634000,9.475000,9.552000,1633887.7900
LINKUSDT,2026.08.15,02:30:00,9.551000,9.759000,9.549000,9.645000,1271892.7100
LINKUSDT,2026.08.15,02:45:00,9.646000,9.730000,9.645000,9.723000,673500.4000
LINKUSDT,2026.08.15,03:00:00,9.722000,9.749000,9.660000,9.672000,713194.8000
LINKUSDT,2026.08.15,03:15:00,9.672000,9.720000,9.571000,9.584000,934385.8000
LINKUSDT,2026.08.15,03:30:00,9.585000,9.637000,9.570000,9.617000,540706.7800
LINKUSDT,2026.08.15,03:45:00,9.616000,9.634000,9.557000,9.578000,376264.4600
LINKUSDT,2026.08.15,04:00:00,9.579000,9.606000,9.481000,9.491000,654376.2400
LINKUSDT,2026.08.15,04:15:00,9.490000,9.535000,9.467000,9.499000,320982.0200
LINKUSDT,2026.08.15,04:30:00,9.498000,9.498000,9.456000,9.460000,264144.8800
LINKUSDT,2026.08.15,04:45:00,9.459000,9.479000,9.440000,9.453000,290231.2400
LINKUSDT,2026.08.15,05:00:00,9.453000,9.532000,9.452000,9.489000,499434.6800
LINKUSDT,2026.08.15,05:15:00,9.488000,9.500000,9.452000,9.471000,182160.7100
LINKUSDT,2026.08.15,05:30:00,9.470000,9.507000,9.451000,9.491000,258490.5300
LINKUSDT,2026.08.15,05:45:00,9.491000,9.502000,9.444000,9.478000,167827.7700
LINKUSDT,2026.08.15,06:00:00,9.478000,9.479000,9.420000,9.437000,256506.2400
LINKUSDT,2026.08.15,06:15:00,9.438000,9.471000,9.435000,9.444000,148892.5800
LINKUSDT,2026.08.15,06:30:00,9.444000,9.450000,9.368000,9.397000,364187.5200
LINKUSDT,2026.08.15,06:45:00,9.397000,9.435000,9.392000,9.416000,181821.3500
LINKUSDT,2026.08.15,07:00:00,9.416000,9.416000,9.356000,9.398000,256462.6500
LINKUSDT,2026.08.15,07:15:00,9.398000,9.401000,9.363000,9.379000,171304.7400
LINKUSDT,2026.08.15,07:30:00,9.379000,9.398000,9.352000,9.359000,176429.6800
LINKUSDT,2026.08.15,07:45:00,9.359000,9.364000,9.313000,9.337000,325082.1500
LINKUSDT,2026.08.15,08:00:00,9.336000,9.339000,9.302000,9.323000,286445.4000
LINKUSDT,2026.08.15,08:15:00,9.323000,9.346000,9.313000,9.323000,117415.1700
LINKUSDT,2026.08.15,08:30:00,9.323000,9.336000,9.254000,9.287000,506168.2300
LINKUSDT,2026.08.15,08:45:00,9.288000,9.299000,9.268000,9.281000,217307.8100
LINKUSDT,2026.08.15,09:00:00,9.281000,9.293000,9.258000,9.266000,124008.6000
LINKUSDT,2026.08.15,09:15:00,9.267000,9.267000,9.232000,9.248000,233379.1800
LINKUSDT,2026.08.15,09:30:00,9.249000,9.259000,9.222000,9.227000,242936.5100
LINKUSDT,2026.08.15,09:45:00,9.227000,9.316000,9.221000,9.315000,399379.1000
LINKUSDT,2026.08.15,10:00:00,9.315000,9.363000,9.301000,9.340000,626126.9400
LINKUSDT,2026.08.15,10:15:00,9.341000,9.355000,9.323000,9.347000,189104.5100
LINKUSDT,2026.08.15,10:30:00,9.347000,9.355000,9.322000,9.342000,128514.0100
LINKUSDT,2026.08.15,10:45:00,9.342000,9.349000,9.316000,9.335000,195462.2700
LINKUSDT,2026.08.15,11:00:00,9.335000,9.385000,9.322000,9.347000,268699.8500
LINKUSDT,2026.08.15,11:15:00,9.347000,9.361000,9.315000,9.316000,93769.8900
LINKUSDT,2026.08.15,11:30:00,9.316000,9.324000,9.269000,9.276000,274947.8200
LINKUSDT,2026.08.15,11:45:00,9.277000,9.313000,9.275000,9.307000,231463.7100
LINKUSDT,2026.08.15,12:00:00,9.307000,9.357000,9.301000,9.335000,245591.7400
LINKUSDT,2026.08.15,12:15:00,9.334000,9.435000,9.327000,9.396000,520295.2900
LINKUSDT,2026.08.15,12:30:00,9.396000,9.446000,9.383000,9.432000,289272.8000
LINKUSDT,2026.08.15,12:45:00,9.432000,9.466000,9.429000,9.458000,349068.6800
LINKUSDT,2026.08.15,13:00:00,9.458000,9.488000,9.434000,9.474000,233772.7700
LINKUSDT,2026.08.15,13:15:00,9.474000,9.485000,9.438000,9.457000,217900.8200
LINKUSDT,2026.08.15,13:30:00,9.457000,9.474000,9.422000,9.473000,247783.4900
LINKUSDT,2026.08.15,13:45:00,9.473000,9.485000,9.455000,9.468000,188326.6400
LINKUSDT,2026.08.15,14:00:00,9.468000,9.504000,9.444000,9.492000,227428.1200
LINKUSDT,2026.08.15,14:15:00,9.491000,9.531000,9.466000,9.491000,348945.1900
LINKUSDT,2026.08.15,14:30:00,9.490000,9.503000,9.462000,9.476000,155389.9100
LINKUSDT,2026.08.15,14:45:00,9.475000,9.496000,9.456000,9.482000,166813.0100
LINKUSDT,2026.08.15,15:00:00,9.482000,9.490000,9.430000,9.430000,208207.2600
LINKUSDT,2026.08.15,15:15:00,9.431000,9.459000,9.414000,9.457000,215573.8700
LINKUSDT,2026.08.15,15:30:00,9.457000,9.513000,9.420000,9.504000,251290.4800
LINKUSDT,2026.08.15,15:45:00,9.504000,9.509000,9.474000,9.509000,171368.8500
LINKUSDT,2026.08.15,16:00:00,9.509000,9.582000,9.490000,9.505000,377409.7400
LINKUSDT,2026.08.15,16:15:00,9.505000,9.569000,9.486000,9.552000,212558.7900
LINKUSDT,2026.08.15,16:30:00,9.552000,9.594000,9.531000,9.579000,316956.8700
LINKUSDT,2026.08.15,16:45:00,9.579000,9.613000,9.557000,9.609000,285167.8900
LINKUSDT,2026.08.15,17:00:00,9.610000,9.620000,9.577000,9.605000,279213.0600
LINKUSDT,2026.08.15,17:15:00,9.605000,9.630000,9.570000,9.572000,240439.9300
LINKUSDT,2026.08.15,17:30:00,9.572000,9.616000,9.572000,9.587000,147222.7900
LINKUSDT,2026.08.15,17:45:00,9.587000,9.604000,9.541000,9.553000,193116.4200
LINKUSDT,2026.08.15,18:00:00,9.552000,9.573000,9.548000,9.556000,119960.2500
LINKUSDT,2026.08.15,18:15:00,9.557000,9.566000,9.533000,9.553000,140775.7700
LINKUSDT,2026.08.15,18:30:00,9.553000,9.589000,9.493000,9.563000,655944.2400
LINKUSDT,2026.08.15,18:45:00,9.563000,9.574000,9.542000,9.542000,212617.6600
LINKUSDT,2026.08.15,19:00:00,9.542000,9.579000,9.528000,9.572000,123895.4300
LINKUSDT,2026.08.15,19:15:00,9.573000,9.585000,9.555000,9.571000,91355.4900
LINKUSDT,2026.08.15,19:30:00,9.570000,9.590000,9.558000,9.581000,79035.7800
LINKUSDT,2026.08.15,19:45:00,9.582000,9.585000,9.565000,9.579000,82251.4400
LINKUSDT,2026.08.15,20:00:00,9.579000,9.589000,9.549000,9.554000,108421.5800
LINKUSDT,2026.08.15,20:15:00,9.555000,9.566000,9.544000,9.564000,91980.4600
LINKUSDT,2026.08.15,20:30:00,9.564000,9.585000,9.552000,9.584000,93964.6800
LINKUSDT,2026.08.15,20:45:00,9.585000,9.593000,9.557000,9.558000,105688.2500
LINKUSDT,2026.08.15,21:00:00,9.558000,9.568000,9.536000,9.555000,106621.9400
LINKUSDT,2026.08.15,21:15:00,9.556000,9.569000,9.541000,9.561000,47571.3800
LINKUSDT,2026.08.15,21:30:00,9.562000,9.580000,9.552000,9.568000,41814.9300
LINKUSDT,2026.08.15,21:45:00,9.568000,9.580000,9.564000,9.570000,51559.0600
LINKUSDT,2026.08.15,22:00:00,9.569000,9.584000,9.552000,9.564000,82359.7500
LINKUSDT,2026.08.15,22:15:00,9.563000,9.578000,9.545000,9.575000,94672.2700
LINKUSDT,2026.08.15,22:30:00,9.575000,9.583000,9.517000,9.521000,127883.0600
LINKUSDT,2026.08.15,22:45:00,9.521000,9.538000,9.514000,9.527000,152122.3200
LINKUSDT,2026.08.15,23:00:00,9.528000,9.536000,9.495000,9.514000,167064.1300
LINKUSDT,2026.08.15,23:15:00,9.514000,9.526000,9.463000,9.489000,267109.0300
LINKUSDT,2026.08.15,23:30:00,9.489000,9.490000,9.460000,9.466000,181881.5600
LINKUSDT,2026.08.15,23:45:00,9.466000,9.478000,9.460000,9.465000,87265.3400
LINKUSDT,2026.08.16,00:00:00,9.466000,9.478000,9.443000,9.446000,176767.5900
LINKUSDT,2026.08.16,00:15:00,9.446000,9.447000,9.379000,9.445000,445798.8900
LINKUSDT,2026.08.16,00:30:00,9.445000,9.446000,9.416000,9.435000,147466.8900
LINKUSDT,2026.08.16,00:45:00,9.435000,9.447000,9.415000,9.433000,129090.7800
LINKUSDT,2026.08.16,01:00:00,9.433000,9.464000,9.421000,9.457000,157764.1800
LINKUSDT,2026.08.16,01:15:00,9.458000,9.470000,9.450000,9.460000,111113.0300
LINKUSDT,2026.08.16,01:30:00,9.460000,9.476000,9.450000,9.475000,182816.1300
LINKUSDT,2026.08.16,01:45:00,9.474000,9.500000,9.463000,9.494000,249213.4600
LINKUSDT,2026.08.16,02:00:00,9.495000,9.495000,9.443000,9.450000,95411.5000
LINKUSDT,2026.08.16,02:15:00,9.449000,9.499000,9.447000,9.483000,99626.6100
LINKUSDT,2026.08.16,02:30:00,9.483000,9.507000,9.480000,9.502000,86582.7800
LINKUSDT,2026.08.16,02:45:00,9.502000,9.505000,9.474000,9.477000,62328.6300
LINKUSDT,2026.08.16,03:00:00,9.477000,9.489000,9.466000,9.474000,101622.3800
LINKUSDT,2026.08.16,03:15:00,9.473000,9.483000,9.426000,9.426000,171324.2600
LINKUSDT,2026.08.16,03:30:00,9.426000,9.442000,9.419000,9.431000,79401.0800
LINKUSDT,2026.08.16,03:45:00,9.431000,9.435000,9.392000,9.397000,158360.7400
LINKUSDT,2026.08.16,04:00:00,9.397000,9.406000,9.386000,9.396000,143852.4300
LINKUSDT,2026.08.16,04:15:00,9.395000,9.398000,9.360000,9.364000,328327.3500
LINKUSDT,2026.08.16,04:30:00,9.365000,9.369000,9.341000,9.360000,186434.6300
LINKUSDT,2026.08.16,04:45:00,9.360000,9.384000,9.359000,9.384000,112047.4700
LINKUSDT,2026.08.16,05:00:00,9.383000,9.398000,9.381000,9.390000,93151.3500
LINKUSDT,2026.08.16,05:15:00,9.390000,9.391000,9.366000,9.368000,133231.1500
LINKUSDT,2026.08.16,05:30:00,9.367000,9.388000,9.352000,9.379000,135470.5100
LINKUSDT,2026.08.16,05:45:00,9.379000,9.380000,9.352000,9.365000,110308.2600
LINKUSDT,2026.08.16,06:00:00,9.364000,9.382000,9.360000,9.375000,67570.4900
LINKUSDT,2026.08.16,06:15:00,9.375000,9.375000,9.351000,9.361000,96752.7800
LINKUSDT,2026.08.16,06:30:00,9.361000,9.362000,9.323000,9.346000,230671.2400
LINKUSDT,2026.08.16,06:45:00,9.346000,9.346000,9.332000,9.333000,87441.2800
LINKUSDT,2026.08.16,07:00:00,9.332000,9.357000,9.305000,9.340000,190542.4800
LINKUSDT,2026.08.16,07:15:00,9.340000,9.354000,9.339000,9.353000,71257.1800
LINKUSDT,2026.08.16,07:30:00,9.354000,9.365000,9.348000,9.358000,102573.9500
LINKUSDT,2026.08.16,07:45:00,9.357000,9.374000,9.352000,9.372000,82751.2900
LINKUSDT,2026.08.16,08:00:00,9.371000,9.390000,9.366000,9.384000,136761.2000
LINKUSDT,2026.08.16,08:15:00,9.385000,9.409000,9.383000,9.396000,158541.2200
LINKUSDT,2026.08.16,08:30:00,9.397000,9.417000,9.396000,9.407000,128324.2400
LINKUSDT,2026.08.16,08:45:00,9.406000,9.435000,9.398000,9.432000,113982.7200
LINKUSDT,2026.08.16,09:00:00,9.433000,9.437000,9.421000,9.432000,118498.6300
LINKUSDT,2026.08.16,09:15:00,9.433000,9.433000,9.398000,9.414000,93029.7200
LINKUSDT,2026.08.16,09:30:00,9.414000,9.454000,9.410000,9.421000,203722.2600
LINKUSDT,2026.08.16,09:45:00,9.421000,9.430000,9.396000,9.404000,145502.4200
LINKUSDT,2026.08.16,10:00:00,9.404000,9.411000,9.393000,9.400000,98455.1200
LINKUSDT,2026.08.16,10:15:00,9.399000,9.418000,9.378000,9.409000,107433.7100
LINKUSDT,2026.08.16,10:30:00,9.409000,9.411000,9.389000,9.395000,84807.3000
LINKUSDT,2026.08.16,10:45:00,9.394000,9.401000,9.392000,9.397000,35435.7000
LINKUSDT,2026.08.16,11:00:00,9.397000,9.434000,9.397000,9.426000,220549.3900
LINKUSDT,2026.08.16,11:15:00,9.426000,9.454000,9.417000,9.441000,143339.5100
LINKUSDT,2026.08.16,11:30:00,9.440000,9.448000,9.424000,9.436000,145102.5300
LINKUSDT,2026.08.16,11:45:00,9.435000,9.437000,9.408000,9.409000,74260.7500
LINKUSDT,2026.08.16,12:00:00,9.410000,9.415000,9.350000,9.358000,404438.2500
LINKUSDT,2026.08.16,12:15:00,9.357000,9.365000,9.341000,9.352000,112842.1100
LINKUSDT,2026.08.16,12:30:00,9.352000,9.353000,9.310000,9.323000,214452.4700
LINKUSDT,2026.08.16,12:45:00,9.322000,9.338000,9.310000,9.332000,225670.1400
LINKUSDT,2026.08.16,13:00:00,9.332000,9.353000,9.332000,9.345000,158049.5200
LINKUSDT,2026.08.16,13:15:00,9.346000,9.355000,9.334000,9.351000,76863.6300
LINKUSDT,2026.08.16,13:30:00,9.351000,9.354000,9.331000,9.331000,58742.7100
LINKUSDT,2026.08.16,13:45:00,9.331000,9.332000,9.312000,9.322000,163587.1400
LINKUSDT,2026.08.16,14:00:00,9.322000,9.324000,9.289000,9.302000,223647.6100
LINKUSDT,2026.08.16,14:15:00,9.302000,9.363000,9.297000,9.329000,470518.3700
LINKUSDT,2026.08.16,14:30:00,9.329000,9.350000,9.327000,9.346000,78726.0800
LINKUSDT,2026.08.16,14:45:00,9.345000,9.360000,9.341000,9.349000,96117.6800
LINKUSDT,2026.08.16,15:00:00,9.348000,9.356000,9.344000,9.350000,107352.3500
LINKUSDT,2026.08.16,15:15:00,9.351000,9.372000,9.339000,9.368000,155189.6300
LINKUSDT,2026.08.16,15:30:00,9.368000,9.379000,9.355000,9.360000,131029.1200
LINKUSDT,2026.08.16,15:45:00,9.360000,9.396000,9.360000,9.388000,125524.0500
LINKUSDT,2026.08.16,16:00:00,9.388000,9.414000,9.373000,9.407000,322139.7900
LINKUSDT,2026.08.16,16:15:00,9.406000,9.413000,9.364000,9.365000,296300.5200
LINKUSDT,2026.08.16,16:30:00,9.366000,9.394000,9.366000,9.393000,104417.4900
LINKUSDT,2026.08.16,16:45:00,9.393000,9.393000,9.366000,9.385000,75286.9100
LINKUSDT,2026.08.16,17:00:00,9.385000,9.442000,9.372000,9.408000,362679.2000
LINKUSDT,2026.08.16,17:15:00,9.408000,9.483000,9.402000,9.421000,571497.8100
LINKUSDT,2026.08.16,17:30:00,9.421000,9.427000,9.394000,9.409000,153015.7300
LINKUSDT,2026.08.16,17:45:00,9.408000,9.439000,9.406000,9.435000,167111.8900
LINKUSDT,2026.08.16,18:00:00,9.435000,9.435000,9.395000,9.418000,116833.9400
LINKUSDT,2026.08.16,18:15:00,9.418000,9.424000,9.391000,9.396000,61612.4800
LINKUSDT,2026.08.16,18:30:00,9.397000,9.401000,9.383000,9.392000,55593.9700
LINKUSDT,2026.08.16,18:45:00,9.392000,9.407000,9.385000,9.397000,62594.4300
LINKUSDT,2026.08.16,19:00:00,9.398000,9.426000,9.396000,9.412000,54351.9000
LINKUSDT,2026.08.16,19:15:00,9.412000,9.437000,9.409000,9.435000,46693.1800
LINKUSDT,2026.08.16,19:30:00,9.434000,9.459000,9.427000,9.439000,92487.4900
LINKUSDT,2026.08.16,19:45:00,9.439000,9.467000,9.427000,9.459000,124004.1100
LINKUSDT,2026.08.16,20:00:00,9.460000,9.489000,9.449000,9.471000,149634.8100
LINKUSDT,2026.08.16,20:15:00,9.471000,9.479000,9.460000,9.460000,130025.6500
LINKUSDT,2026.08.16,20:30:00,9.460000,9.474000,9.454000,9.471000,68685.0300
LINKUSDT,2026.08.16,20:45:00,9.472000,9.481000,9.433000,9.440000,82867.4900
LINKUSDT,2026.08.16,21:00:00,9.439000,9.448000,9.411000,9.425000,115471.6900
LINKUSDT,2026.08.16,21:15:00,9.424000,9.433000,9.399000,9.413000,60845.3800
LINKUSDT,2026.08.16,21:30:00,9.413000,9.434000,9.334000,9.375000,225083.8200
LINKUSDT,2026.08.16,21:45:00,9.374000,9.402000,9.352000,9.388000,73007.0400
LINKUSDT,2026.08.16,22:00:00,9.388000,9.392000,9.360000,9.382000,100822.0800
LINKUSDT,2026.08.16,22:15:00,9.381000,9.389000,9.357000,9.374000,180639.1200
LINKUSDT,2026.08.16,22:30:00,9.373000,9.377000,9.345000,9.362000,134123.4600
LINKUSDT,2026.08.16,22:45:00,9.362000,9.374000,9.350000,9.374000,62960.4000
LINKUSDT,2026.08.16,23:00:00,9.374000,9.439000,9.365000,9.396000,186532.8900
LINKUSDT,2026.08.16,23:15:00,9.397000,9.412000,9.374000,9.380000,106760.1600
LINKUSDT,2026.08.16,23:30:00,9.379000,9.402000,9.376000,9.390000,52888.4300
LINKUSDT,2026.08.16,23:45:00,9.389000,9.393000,9.383000,9.385000,82186.2600
LINKUSDT,2026.08.17,00:00:00,9.385000,9.389000,9.356000,9.375000,121013.6200
LINKUSDT,2026.08.17,00:15:00,9.374000,9.389000,9.354000,9.389000,72236.9700
LINKUSDT,2026.08.17,00:30:00,9.389000,9.415000,9.371000,9.411000,158207.5800
LINKUSDT,2026.08.17,00:45:00,9.411000,9.412000,9.384000,9.406000,66177.7000
LINKUSDT,2026.08.17,01:00:00,9.405000,9.485000,9.401000,9.435000,306892.0000
LINKUSDT,2026.08.17,01:15:00,9.435000,9.534000,9.428000,9.514000,366787.5200
LINKUSDT,2026.08.17,01:30:00,9.515000,9.556000,9.504000,9.517000,262748.8000
LINKUSDT,2026.08.17,01:45:00,9.516000,9.523000,9.482000,9.485000,96104.8500
LINKUSDT,2026.08.17,02:00:00,9.485000,9.512000,9.447000,9.457000,174403.2000
LINKUSDT,2026.08.17,02:15:00,9.456000,9.485000,9.442000,9.471000,97720.7700
LINKUSDT,2026.08.17,02:30:00,9.470000,9.508000,9.457000,9.493000,137166.0600
LINKUSDT,2026.08.17,02:45:00,9.492000,9.528000,9.487000,9.528000,117660.7200
LINKUSDT,2026.08.17,03:00:00,9.527000,9.565000,9.515000,9.518000,244645.9000
LINKUSDT,2026.08.17,03:15:00,9.519000,9.522000,9.489000,9.489000,83090.2200
LINKUSDT,2026.08.17,03:30:00,9.489000,9.505000,9.483000,9.497000,61934.7700
LINKUSDT,2026.08.17,03:45:00,9.497000,9.504000,9.481000,9.486000,47948.7300
LINKUSDT,2026.08.17,04:00:00,9.486000,9.503000,9.486000,9.497000,56204.0100
LINKUSDT,2026.08.17,04:15:00,9.496000,9.498000,9.461000,9.470000,110834.7700
LINKUSDT,2026.08.17,04:30:00,9.469000,9.478000,9.462000,9.462000,51522.7800
LINKUSDT,2026.08.17,04:45:00,9.463000,9.473000,9.454000,9.462000,52167.1600
LINKUSDT,2026.08.17,05:00:00,9.462000,9.463000,9.434000,9.440000,102112.8100
LINKUSDT,2026.08.17,05:15:00,9.439000,9.460000,9.435000,9.435000,52594.2200
LINKUSDT,2026.08.17,05:30:00,9.435000,9.440000,9.426000,9.432000,51905.2400
LINKUSDT,2026.08.17,05:45:00,9.431000,9.432000,9.405000,9.405000,117775.1300
LINKUSDT,2026.08.17,06:00:00,9.405000,9.457000,9.402000,9.456000,307345.4900
LINKUSDT,2026.08.17,06:15:00,9.456000,9.476000,9.429000,9.430000,121938.0400
LINKUSDT,2026.08.17,06:30:00,9.430000,9.450000,9.425000,9.449000,68524.2200
LINKUSDT,2026.08.17,06:45:00,9.449000,9.473000,9.445000,9.457000,124490.8500
LINKUSDT,2026.08.17,07:00:00,9.458000,9.490000,9.458000,9.472000,169224.2500
LINKUSDT,2026.08.17,07:15:00,9.471000,9.481000,9.455000,9.468000,71274.0800
LINKUSDT,2026.08.17,07:30:00,9.469000,9.469000,9.405000,9.418000,137345.1300
LINKUSDT,2026.08.17,07:45:00,9.418000,9.421000,9.404000,9.404000,95391.9000
LINKUSDT,2026.08.17,08:00:00,9.403000,9.407000,9.368000,9.385000,254694.5500
LINKUSDT,2026.08.17,08:15:00,9.383000,9.392000,9.364000,9.392000,133199.8300
LINKUSDT,2026.08.17,08:30:00,9.392000,9.418000,9.392000,9.401000,140307.1800
LINKUSDT,2026.08.17,08:45:00,9.401000,9.402000,9.381000,9.388000,69737.3800
LINKUSDT,2026.08.17,09:00:00,9.388000,9.419000,9.385000,9.402000,107382.1900
LINKUSDT,2026.08.17,09:15:00,9.401000,9.408000,9.388000,9.403000,85138.4000
LINKUSDT,2026.08.17,09:30:00,9.403000,9.409000,9.395000,9.404000,42392.0600
LINKUSDT,2026.08.17,09:45:00,9.404000,9.424000,9.399000,9.418000,48004.6300
LINKUSDT,2026.08.17,10:00:00,9.418000,9.429000,9.414000,9.425000,73951.2100
LINKUSDT,2026.08.17,10:15:00,9.424000,9.452000,9.413000,9.452000,119600.2700
LINKUSDT,2026.08.17,10:30:00,9.451000,9.522000,9.432000,9.507000,263737.5600
LINKUSDT,2026.08.17,10:45:00,9.508000,9.525000,9.481000,9.499000,184788.8200
LINKUSDT,2026.08.17,11:00:00,9.499000,9.510000,9.487000,9.503000,132319.6100
LINKUSDT,2026.08.17,11:15:00,9.502000,9.512000,9.486000,9.497000,81511.2000
LINKUSDT,2026.08.17,11:30:00,9.497000,9.498000,9.470000,9.488000,95850.4500
LINKUSDT,2026.08.17,11:45:00,9.487000,9.559000,9.487000,9.510000,371599.0500
LINKUSDT,2026.08.17,12:00:00,9.510000,9.570000,9.503000,9.542000,252727.3400
LINKUSDT,2026.08.17,12:15:00,9.542000,9.570000,9.521000,9.525000,255666.9100
LINKUSDT,2026.08.17,12:30:00,9.525000,9.540000,9.517000,9.531000,98821.5400
LINKUSDT,2026.08.17,12:45:00,9.531000,9.567000,9.525000,9.542000,175792.6700
LINKUSDT,2026.08.17,13:00:00,9.542000,9.547000,9.517000,9.527000,112242.6000
LINKUSDT,2026.08.17,13:15:00,9.526000,9.526000,9.496000,9.506000,96354.7000
LINKUSDT,2026.08.17,13:30:00,9.507000,9.557000,9.497000,9.515000,187322.1100
LINKUSDT,2026.08.17,13:45:00,9.514000,9.521000,9.473000,9.486000,170446.5100
LINKUSDT,2026.08.17,14:00:00,9.486000,9.501000,9.468000,9.484000,134175.2500
LINKUSDT,2026.08.17,14:15:00,9.484000,9.495000,9.436000,9.444000,238406.4900
LINKUSDT,2026.08.17,14:30:00,9.443000,9.498000,9.437000,9.496000,122651.0100
LINKUSDT,2026.08.17,14:45:00,9.496000,9.557000,9.491000,9.529000,256151.2900
LINKUSDT,2026.08.17,15:00:00,9.529000,9.559000,9.502000,9.511000,197967.1800
LINKUSDT,2026.08.17,15:15:00,9.510000,9.525000,9.493000,9.517000,96481.7200
LINKUSDT,2026.08.17,15:30:00,9.517000,9.526000,9.499000,9.511000,99743.9500
LINKUSDT,2026.08.17,15:45:00,9.511000,9.544000,9.503000,9.516000,262781.7500
LINKUSDT,2026.08.17,16:00:00,9.516000,9.523000,9.474000,9.488000,199225.1200
LINKUSDT,2026.08.17,16:15:00,9.487000,9.549000,9.485000,9.529000,165596.6800
LINKUSDT,2026.08.17,16:30:00,9.529000,9.565000,9.528000,9.537000,218096.4300
LINKUSDT,2026.08.17,16:45:00,9.537000,9.568000,9.534000,9.558000,107656.4400
LINKUSDT,2026.08.17,17:00:00,9.559000,9.560000,9.483000,9.487000,169181.8100
LINKUSDT,2026.08.17,17:15:00,9.487000,9.525000,9.478000,9.501000,178510.1100
LINKUSDT,2026.08.17,17:30:00,9.500000,9.519000,9.497000,9.504000,71791.8400
LINKUSDT,2026.08.17,17:45:00,9.504000,9.538000,9.494000,9.495000,120704.1000
LINKUSDT,2026.08.17,18:00:00,9.495000,9.528000,9.494000,9.523000,75716.8500
LINKUSDT,2026.08.17,18:15:00,9.522000,9.558000,9.519000,9.540000,232713.5200
LINKUSDT,2026.08.17,18:30:00,9.540000,9.545000,9.511000,9.515000,73699.2200
LINKUSDT,2026.08.17,18:45:00,9.515000,9.521000,9.467000,9.474000,137779.6200
LINKUSDT,2026.08.17,19:00:00,9.474000,9.483000,9.460000,9.464000,109222.4400
LINKUSDT,2026.08.17,19:15:00,9.464000,9.480000,9.462000,9.472000,60730.5900
LINKUSDT,2026.08.17,19:30:00,9.471000,9.481000,9.456000,9.470000,79882.5000
LINKUSDT,2026.08.17,19:45:00,9.470000,9.491000,9.470000,9.491000,67727.6800
LINKUSDT,2026.08.17,20:00:00,9.491000,9.502000,9.480000,9.485000,87095.3300
LINKUSDT,2026.08.17,20:15:00,9.485000,9.486000,9.465000,9.481000,35992.2500
LINKUSDT,2026.08.17,20:30:00,9.481000,9.520000,9.473000,9.520000,59594.9300
LINKUSDT,2026.08.17,20:45:00,9.520000,9.528000,9.501000,9.508000,105496.1100
LINKUSDT,2026.08.17,21:00:00,9.508000,9.528000,9.501000,9.518000,57826.5300
LINKUSDT,2026.08.17,21:15:00,9.518000,9.527000,9.500000,9.501000,26442.0600
LINKUSDT,2026.08.17,21:30:00,9.501000,9.510000,9.498000,9.506000,30152.7800
LINKUSDT,2026.08.17,21:45:00,9.505000,9.507000,9.474000,9.484000,39095.4400
LINKUSDT,2026.08.17,22:00:00,9.485000,9.495000,9.471000,9.485000,46959.5700
LINKUSDT,2026.08.17,22:15:00,9.484000,9.492000,9.472000,9.481000,52452.0800
LINKUSDT,2026.08.17,22:30:00,9.480000,9.483000,9.472000,9.477000,35124.7600
LINKUSDT,2026.08.17,22:45:00,9.477000,9.490000,9.476000,9.490000,27769.7600
LINKUSDT,2026.08.17,23:00:00,9.490000,9.504000,9.480000,9.491000,58086.2700
LINKUSDT,2026.08.17,23:15:00,9.491000,9.525000,9.487000,9.522000,83792.2800
LINKUSDT,2026.08.17,23:30:00,9.523000,9.544000,9.515000,9.528000,122590.3900
LINKUSDT,2026.08.17,23:45:00,9.528000,9.553000,9.525000,9.538000,53213.6400
LINKUSDT,2026.08.18,00:00:00,9.538000,9.546000,9.505000,9.508000,143866.1300
LINKUSDT,2026.08.18,00:15:00,9.507000,9.542000,9.501000,9.516000,132242.1400
LINKUSDT,2026.08.18,00:30:00,9.515000,9.516000,9.476000,9.484000,109253.8500
LINKUSDT,2026.08.18,00:45:00,9.483000,9.507000,9.467000,9.507000,123571.7000
LINKUSDT,2026.08.18,01:00:00,9.507000,9.511000,9.484000,9.498000,67812.5600
LINKUSDT,2026.08.18,01:15:00,9.498000,9.503000,9.487000,9.493000,39245.6500
LINKUSDT,2026.08.18,01:30:00,9.493000,9.493000,9.464000,9.473000,82499.0400
LINKUSDT,2026.08.18,01:45:00,9.473000,9.476000,9.423000,9.437000,256014.5900
LINKUSDT,2026.08.18,02:00:00,9.437000,9.461000,9.425000,9.445000,105490.8700
LINKUSDT,2026.08.18,02:15:00,9.444000,9.446000,9.393000,9.395000,305046.7700
LINKUSDT,2026.08.18,02:30:00,9.394000,9.410000,9.375000,9.383000,175763.1800
LINKUSDT,2026.08.18,02:45:00,9.383000,9.388000,9.318000,9.362000,561667.6300
LINKUSDT,2026.08.18,03:00:00,9.360000,9.382000,9.357000,9.374000,128008.8900
LINKUSDT,2026.08.18,03:15:00,9.374000,9.390000,9.362000,9.373000,89537.1300
LINKUSDT,2026.08.18,03:30:00,9.373000,9.395000,9.357000,9.386000,114538.2900
LINKUSDT,2026.08.18,03:45:00,9.386000,9.422000,9.378000,9.416000,167788.2600
LINKUSDT,2026.08.18,04:00:00,9.416000,9.418000,9.397000,9.414000,79023.2600
LINKUSDT,2026.08.18,04:15:00,9.414000,9.420000,9.402000,9.420000,21578.2100
LINKUSDT,2026.08.18,04:30:00,9.420000,9.448000,9.420000,9.432000,72715.9200
LINKUSDT,2026.08.18,04:45:00,9.432000,9.437000,9.416000,9.419000,38707.4400
LINKUSDT,2026.08.18,05:00:00,9.419000,9.449000,9.408000,9.441000,66251.1900
LINKUSDT,2026.08.18,05:15:00,9.441000,9.461000,9.439000,9.448000,88517.5700
LINKUSDT,2026.08.18,05:30:00,9.448000,9.473000,9.415000,9.466000,113905.5000
LINKUSDT,2026.08.18,05:45:00,9.466000,9.466000,9.424000,9.430000,73658.1300
LINKUSDT,2026.08.18,06:00:00,9.430000,9.438000,9.402000,9.436000,94745.2300
LINKUSDT,2026.08.18,06:15:00,9.435000,9.508000,9.433000,9.501000,149896.1900
LINKUSDT,2026.08.18,06:30:00,9.501000,9.526000,9.495000,9.499000,181893.0000
LINKUSDT,2026.08.18,06:45:00,9.500000,9.506000,9.433000,9.438000,228836.6500
LINKUSDT,2026.08.18,07:00:00,9.438000,9.448000,9.408000,9.424000,159173.3600
LINKUSDT,2026.08.18,07:15:00,9.424000,9.424000,9.387000,9.389000,80312.9300
LINKUSDT,2026.08.18,07:30:00,9.388000,9.402000,9.385000,9.395000,89226.4400
LINKUSDT,2026.08.18,07:45:00,9.395000,9.430000,9.388000,9.426000,80753.6500
LINKUSDT,2026.08.18,08:00:00,9.426000,9.429000,9.375000,9.403000,161421.1300
LINKUSDT,2026.08.18,08:15:00,9.403000,9.409000,9.387000,9.400000,62612.1900
LINKUSDT,2026.08.18,08:30:00,9.400000,9.441000,9.396000,9.432000,166121.7700
LINKUSDT,2026.08.18,08:45:00,9.431000,9.452000,9.428000,9.451000,222675.6900
LINKUSDT,2026.08.18,09:00:00,9.450000,9.457000,9.441000,9.456000,102470.4800
LINKUSDT,2026.08.18,09:15:00,9.456000,9.464000,9.445000,9.463000,122664.9000
LINKUSDT,2026.08.18,09:30:00,9.464000,9.470000,9.426000,9.443000,204748.2400
LINKUSDT,2026.08.18,09:45:00,9.443000,9.464000,9.431000,9.462000,120868.6000
LINKUSDT,2026.08.18,10:00:00,9.462000,9.473000,9.452000,9.456000,89856.2000
LINKUSDT,2026.08.18,10:15:00,9.457000,9.479000,9.447000,9.478000,70084.0200
LINKUSDT,2026.08.18,10:30:00,9.478000,9.492000,9.469000,9.474000,110742.5900
LINKUSDT,2026.08.18,10:45:00,9.474000,9.491000,9.452000,9.455000,142651.2400
LINKUSDT,2026.08.18,11:00:00,9.456000,9.484000,9.450000,9.481000,115076.0500
LINKUSDT,2026.08.18,11:15:00,9.481000,9.486000,9.459000,9.459000,49612.9900
LINKUSDT,2026.08.18,11:30:00,9.459000,9.467000,9.439000,9.447000,60680.5400
LINKUSDT,2026.08.18,11:45:00,9.446000,9.459000,9.437000,9.439000,40568.3000
LINKUSDT,2026.08.18,12:00:00,9.438000,9.447000,9.418000,9.422000,74130.1600
LINKUSDT,2026.08.18,12:15:00,9.421000,9.435000,9.403000,9.429000,277944.3300
LINKUSDT,2026.08.18,12:30:00,9.428000,9.434000,9.418000,9.428000,48346.0500
LINKUSDT,2026.08.18,12:45:00,9.427000,9.447000,9.423000,9.427000,98444.0500
LINKUSDT,2026.08.18,13:00:00,9.427000,9.427000,9.406000,9.422000,117865.8900
LINKUSDT,2026.08.18,13:15:00,9.421000,9.433000,9.414000,9.423000,77002.9400
LINKUSDT,2026.08.18,13:30:00,9.423000,9.441000,9.409000,9.423000,104479.1800
LINKUSDT,2026.08.18,13:45:00,9.422000,9.423000,9.393000,9.422000,85821.2400
LINKUSDT,2026.08.18,14:00:00,9.421000,9.440000,9.408000,9.416000,104341.1000
LINKUSDT,2026.08.18,14:15:00,9.416000,9.507000,9.416000,9.503000,257688.6800
LINKUSDT,2026.08.18,14:30:00,9.503000,9.520000,9.459000,9.463000,319649.4200
LINKUSDT,2026.08.18,14:45:00,9.462000,9.487000,9.446000,9.456000,202294.8900
LINKUSDT,2026.08.18,15:00:00,9.455000,9.512000,9.455000,9.510000,182409.9000
LINKUSDT,2026.08.18,15:15:00,9.509000,9.535000,9.483000,9.506000,167622.0200
LINKUSDT,2026.08.18,15:30:00,9.505000,9.558000,9.503000,9.504000,361698.0500
LINKUSDT,2026.08.18,15:45:00,9.503000,9.528000,9.465000,9.475000,335697.8400
LINKUSDT,2026.08.18,16:00:00,9.475000,9.504000,9.472000,9.489000,151921.0900
LINKUSDT,2026.08.18,16:15:00,9.488000,9.509000,9.479000,9.497000,103909.5300
LINKUSDT,2026.08.18,16:30:00,9.496000,9.539000,9.475000,9.533000,134242.5800
LINKUSDT,2026.08.18,16:45:00,9.533000,9.542000,9.517000,9.518000,109301.0100
LINKUSDT,2026.08.18,17:00:00,9.518000,9.519000,9.457000,9.471000,128244.5100
LINKUSDT,2026.08.18,17:15:00,9.470000,9.486000,9.452000,9.485000,83777.3900
LINKUSDT,2026.08.18,17:30:00,9.485000,9.486000,9.450000,9.452000,58067.9800
LINKUSDT,2026.08.18,17:45:00,9.451000,9.470000,9.446000,9.454000,65036.4500
LINKUSDT,2026.08.18,18:00:00,9.453000,9.481000,9.452000,9.476000,61614.5900
LINKUSDT,2026.08.18,18:15:00,9.475000,9.507000,9.472000,9.504000,67059.9500
LINKUSDT,2026.08.18,18:30:00,9.504000,9.510000,9.488000,9.494000,53283.2100
LINKUSDT,2026.08.18,18:45:00,9.493000,9.527000,9.491000,9.512000,136528.0700
LINKUSDT,2026.08.18,19:00:00,9.512000,9.518000,9.499000,9.504000,44913.1100
LINKUSDT,2026.08.18,19:15:00,9.503000,9.524000,9.496000,9.517000,55004.8200
LINKUSDT,2026.08.18,19:30:00,9.517000,9.522000,9.496000,9.499000,58793.9700
LINKUSDT,2026.08.18,19:45:00,9.498000,9.504000,9.492000,9.499000,46404.4800
LINKUSDT,2026.08.18,20:00:00,9.499000,9.506000,9.488000,9.490000,51533.9900
LINKUSDT,2026.08.18,20:15:00,9.489000,9.493000,9.475000,9.491000,71944.3000
LINKUSDT,2026.08.18,20:30:00,9.490000,9.495000,9.476000,9.481000,43339.2100
LINKUSDT,2026.08.18,20:45:00,9.481000,9.482000,9.460000,9.470000,50393.9900
LINKUSDT,2026.08.18,21:00:00,9.469000,9.559000,9.469000,9.520000,216565.4300
LINKUSDT,2026.08.18,21:15:00,9.520000,9.523000,9.501000,9.509000,70312.8400
LINKUSDT,2026.08.18,21:30:00,9.509000,9.509000,9.490000,9.500000,32470.4100
