2021.11.03,00:00:00,32.298000,32.834000,31.912000,32.148000,2156154.9200
2021.11.03,04:00:00,32.148000,32.331000,31.823000,32.321000,1882922.8700
2021.11.03,08:00:00,32.321000,32.345000,31.900000,31.972000,1681125.1700
2021.11.03,12:00:00,31.971000,32.004000,30.572000,31.369000,3848854.1600
2021.11.03,16:00:00,31.373000,32.058000,30.828000,31.685000,2369373.6400
2021.11.03,20:00:00,31.686000,32.047000,31.651000,31.983000,1180540.8100
2021.11.04,00:00:00,31.983000,32.148000,31.479000,31.626000,1346623.0800
2021.11.04,04:00:00,31.625000,31.874000,30.851000,30.882000,1409962.2300
2021.11.04,08:00:00,30.882000,31.183000,30.652000,30.806000,1793612.1100
2021.11.04,12:00:00,30.806000,31.378000,30.216000,30.427000,2505296.3800
2021.11.04,16:00:00,30.427000,30.789000,30.250000,30.714000,1628543.3100
2021.11.04,20:00:00,30.719000,31.223000,30.529000,31.004000,1213947.6700
2021.11.05,00:00:00,31.003000,31.562000,30.672000,31.498000,1518597.9200
2021.11.05,04:00:00,31.499000,31.927000,31.303000,31.652000,1463982.9400
2021.11.05,08:00:00,31.652000,32.128000,31.369000,31.692000,2433341.8900
2021.11.05,12:00:00,31.680000,33.750000,31.650000,32.822000,7925281.3800
2021.11.05,16:00:00,32.834000,33.620000,32.802000,33.132000,3473614.5600
2021.11.05,20:00:00,33.131000,33.219000,32.581000,32.890000,1923447.4000
2021.11.06,00:00:00,32.891000,33.249000,32.411000,32.616000,1830568.2900
2021.11.06,04:00:00,32.616000,32.645000,31.709000,32.152000,1782019.1500
2021.11.06,08:00:00,32.154000,32.300000,30.843000,31.148000,2891608.3700
2021.11.06,12:00:00,31.148000,31.427000,30.729000,31.357000,2199764.2400
2021.11.06,16:00:00,31.358000,31.830000,31.231000,31.765000,1482359.5000
2021.11.06,20:00:00,31.766000,32.050000,31.621000,32.044000,1065294.5600
2021.11.07,00:00:00,32.048000,32.261000,31.707000,32.132000,1446847.0300
2021.11.07,04:00:00,32.133000,32.446000,32.055000,32.120000,1126206.6800
2021.11.07,08:00:00,32.123000,32.630000,31.835000,32.303000,1820593.9500
2021.11.07,12:00:00,32.303000,32.461000,32.021000,32.190000,1187141.1300
2021.11.07,16:00:00,32.180000,32.394000,31.906000,32.321000,1068898.6000
2021.11.07,20:00:00,32.319000,32.477000,32.146000,32.370000,952287.9400
2021.11.08,00:00:00,32.369000,33.372000,32.213000,33.362000,2937213.2900
2021.11.08,04:00:00,33.353000,33.735000,33.166000,33.391000,2374247.4900
2021.11.08,08:00:00,33.392000,34.397000,33.018000,34.240000,4065307.2500
2021.11.08,12:00:00,34.240000,34.600000,33.735000,34.398000,3465101.9800
2021.11.08,16:00:00,34.398000,34.863000,34.065000,34.300000,2279771.9200
2021.11.08,20:00:00,34.300000,34.627000,34.000000,34.509000,1857166.0400
2021.11.09,00:00:00,34.520000,34.830000,34.075000,34.404000,2404331.5400
2021.11.09,04:00:00,34.411000,35.660000,34.360000,35.187000,3283027.1500
2021.11.09,08:00:00,35.188000,35.443000,34.008000,34.589000,2706559.4200
2021.11.09,12:00:00,34.595000,34.960000,33.562000,34.093000,3814317.6300
2021.11.09,16:00:00,34.093000,34.266000,33.346000,34.058000,2669613.8600
2021.11.09,20:00:00,34.057000,34.295000,33.726000,33.855000,1438641.0800
2021.11.10,00:00:00,33.856000,34.528000,33.549000,33.751000,2187985.4700
2021.11.10,04:00:00,33.751000,34.616000,33.551000,34.444000,1566673.3400
2021.11.10,08:00:00,34.445000,35.443000,34.428000,35.035000,2851517.6500
2021.11.10,12:00:00,35.031000,38.376000,34.713000,38.164000,10526483.6400
2021.11.10,16:00:00,38.165000,38.280000,35.726000,35.831000,5916068.1700
2021.11.10,20:00:00,35.821000,36.429000,31.500000,34.234000,14639274.8600
2021.11.11,00:00:00,34.234000,34.589000,33.371000,34.512000,4707511.7800
2021.11.11,04:00:00,34.509000,36.504000,33.908000,36.184000,4420568.6900
2021.11.11,08:00:00,36.186000,36.969000,35.516000,36.439000,6044195.3800
2021.11.11,12:00:00,36.437000,36.636000,35.035000,35.497000,4694143.6100
2021.11.11,16:00:00,35.487000,35.929000,34.801000,35.416000,2541356.7200
2021.11.11,20:00:00,35.417000,35.473000,34.671000,34.690000,1866644.1000
2021.11.12,00:00:00,34.688000,35.517000,34.002000,34.630000,4274363.0900
2021.11.12,04:00:00,34.630000,34.819000,33.501000,33.783000,2376885.8400
2021.11.12,08:00:00,33.782000,34.272000,33.000000,33.467000,4242361.0000
2021.11.12,12:00:00,33.468000,34.038000,33.106000,33.407000,3260130.4600
2021.11.12,16:00:00,33.410000,34.577000,32.670000,34.127000,3269615.4000
2021.11.12,20:00:00,34.127000,34.754000,34.046000,34.272000,1612692.9100
2021.11.13,00:00:00,34.272000,34.616000,33.646000,33.838000,1521687.2900
2021.11.13,04:00:00,33.837000,34.025000,33.524000,33.950000,1058633.4000
2021.11.13,08:00:00,33.951000,33.980000,33.229000,33.450000,1346017.5800
2021.11.13,12:00:00,33.449000,34.282000,33.198000,33.941000,2679876.4700
2021.11.13,16:00:00,33.935000,34.420000,33.692000,33.861000,1987233.7100
2021.11.13,20:00:00,33.860000,34.244000,33.850000,34.010000,936214.8000
2021.11.14,00:00:00,34.010000,34.442000,33.750000,33.801000,1415071.1900
2021.11.14,04:00:00,33.801000,34.100000,33.608000,33.685000,995386.1200
2021.11.14,08:00:00,33.684000,33.878000,33.340000,33.793000,1252828.2700
2021.11.14,12:00:00,33.793000,33.915000,33.126000,33.192000,1500585.3900
2021.11.14,16:00:00,33.192000,33.246000,32.522000,33.076000,2125169.6600
2021.11.14,20:00:00,33.073000,33.820000,32.956000,33.770000,1460461.7200
2021.11.15,00:00:00,33.770000,34.500000,33.766000,34.070000,2085190.6500
2021.11.15,04:00:00,34.069000,34.538000,33.982000,34.250000,1144720.5100
2021.11.15,08:00:00,34.250000,34.517000,33.852000,33.906000,1665160.9800
2021.11.15,12:00:00,33.904000,34.160000,33.040000,33.172000,2252600.3600
2021.11.15,16:00:00,33.171000,33.322000,32.648000,32.874000,2073349.1800
2021.11.15,20:00:00,32.877000,32.882000,32.003000,32.090000,2040344.5100
2021.11.16,00:00:00,32.081000,32.091000,29.005000,29.957000,7543389.0000
2021.11.16,04:00:00,29.961000,30.461000,29.549000,30.338000,3037648.6400
2021.11.16,08:00:00,30.337000,30.662000,27.520000,29.995000,6608388.3400
2021.11.16,12:00:00,29.996000,30.451000,29.317000,29.726000,3253136.2000
2021.11.16,16:00:00,29.726000,30.032000,29.085000,29.651000,2318915.9200
2021.11.16,20:00:00,29.651000,29.917000,28.651000,29.164000,2416867.3900
2021.11.17,00:00:00,29.164000,29.430000,28.028000,28.478000,2814743.3200
2021.11.17,04:00:00,28.478000,29.211000,28.155000,28.857000,1897987.5900
2021.11.17,08:00:00,28.867000,29.636000,28.122000,29.602000,2691383.3200
2021.11.17,12:00:00,29.599000,29.743000,28.769000,29.010000,1913207.1800
2021.11.17,16:00:00,29.010000,29.442000,28.770000,29.099000,1605126.4600
2021.11.17,20:00:00,29.104000,29.335000,28.781000,29.215000,1270099.4800
2021.11.18,00:00:00,29.214000,29.722000,29.003000,29.013000,1744129.4400
2021.11.18,04:00:00,29.013000,29.219000,28.317000,28.581000,2140261.1700
2021.11.18,08:00:00,28.581000,28.734000,27.765000,28.126000,2779914.3400
2021.11.18,12:00:00,28.127000,28.548000,26.751000,27.146000,5188014.6800
2021.11.18,16:00:00,27.149000,27.380000,25.800000,27.197000,5474280.6300
2021.11.18,20:00:00,27.201000,27.281000,26.200000,26.547000,2806682.4400
2021.11.19,00:00:00,26.555000,27.239000,26.083000,26.417000,3014738.2300
2021.11.19,04:00:00,26.417000,27.377000,26.347000,26.955000,1840616.7700
2021.11.19,08:00:00,26.951000,28.551000,26.943000,27.862000,3282826.7100
2021.11.19,12:00:00,27.862000,28.730000,27.811000,28.481000,2628012.9300
2021.11.19,16:00:00,28.480000,28.849000,28.358000,28.555000,1762980.1400
2021.11.19,20:00:00,28.554000,28.616000,28.101000,28.278000,1271882.6500
2021.11.20,00:00:00,28.279000,28.737000,28.076000,28.167000,1579449.7200
2021.11.20,04:00:00,28.166000,28.428000,27.961000,28.260000,1135227.4600
2021.11.20,08:00:00,28.260000,28.544000,28.200000,28.451000,1194424.6200
2021.11.20,12:00:00,28.451000,28.650000,27.638000,27.639000,2208311.4200
2021.11.20,16:00:00,27.638000,28.384000,27.280000,28.053000,3135506.2000
2021.11.20,20:00:00,28.055000,28.386000,28.000000,28.383000,1202391.4700
2021.11.21,00:00:00,28.383000,28.441000,27.804000,27.946000,1577905.8700
2021.11.21,04:00:00,27.950000,28.510000,27.884000,28.308000,1137286.0200
2021.11.21,08:00:00,28.309000,28.470000,27.835000,27.990000,1496245.5800
2021.11.21,12:00:00,27.988000,28.118000,27.708000,28.028000,1364154.0600
2021.11.21,16:00:00,28.029000,28.558000,27.916000,28.153000,1895752.9800
2021.11.21,20:00:00,28.151000,29.259000,28.148000,29.004000,2643423.3800
2021.11.22,00:00:00,29.005000,29.095000,27.321000,27.489000,3081004.6400
2021.11.22,04:00:00,27.489000,27.596000,26.919000,27.134000,2155802.1800
2021.11.22,08:00:00,27.134000,27.566000,27.100000,27.310000,1314008.1800
2021.11.22,12:00:00,27.310000,28.022000,26.832000,27.551000,2908713.2300
2021.11.22,16:00:00,27.550000,27.575000,26.338000,26.424000,1996917.3800
2021.11.22,20:00:00,26.429000,27.045000,26.300000,26.767000,1657703.0300
2021.11.23,00:00:00,26.766000,27.161000,26.578000,26.916000,1439726.9200
2021.11.23,04:00:00,26.915000,27.012000,26.463000,26.623000,1109491.2100
2021.11.23,08:00:00,26.618000,27.252000,26.141000,26.594000,3324014.3900
2021.11.23,12:00:00,26.593000,27.482000,26.359000,27.228000,2246213.5300
2021.11.23,16:00:00,27.227000,27.591000,27.000000,27.123000,1834981.5000
2021.11.23,20:00:00,27.123000,27.148000,26.861000,26.963000,1258456.9000
2021.11.24,00:00:00,26.964000,27.178000,26.218000,26.295000,2080081.3800
2021.11.24,04:00:00,26.295000,26.645000,26.179000,26.583000,1303479.3500
2021.11.24,08:00:00,26.582000,26.868000,26.282000,26.438000,1435275.4000
2021.11.24,12:00:00,26.439000,26.524000,25.531000,25.790000,2756577.0200
2021.11.24,16:00:00,25.790000,25.863000,25.261000,25.338000,1791630.0300
2021.11.24,20:00:00,25.342000,25.760000,25.177000,25.601000,1507540.9000
2021.11.25,00:00:00,25.601000,26.567000,25.400000,26.545000,2039079.3700
2021.11.25,04:00:00,26.541000,26.600000,26.119000,26.222000,1138832.3500
2021.11.25,08:00:00,26.222000,26.999000,25.925000,26.743000,2371511.4000
2021.11.25,12:00:00,26.742000,27.625000,26.714000,27.353000,2625786.0900
2021.11.25,16:00:00,27.357000,27.531000,26.690000,26.774000,1970367.1500
2021.11.25,20:00:00,26.773000,26.892000,26.158000,26.439000,1744951.6200
2021.11.26,00:00:00,26.439000,26.617000,26.172000,26.195000,1972373.4800
2021.11.26,04:00:00,26.194000,26.367000,25.380000,25.691000,2774770.6700
2021.11.26,08:00:00,25.690000,25.692000,22.800000,23.307000,10815407.6400
2021.11.26,12:00:00,23.308000,24.220000,23.028000,23.705000,3867463.7400
2021.11.26,16:00:00,23.711000,24.418000,23.501000,24.315000,2182838.1600
2021.11.26,20:00:00,24.312000,24.561000,23.818000,23.965000,2143063.2000
2021.11.27,00:00:00,23.962000,24.622000,23.870000,24.500000,2074318.6500
2021.11.27,04:00:00,24.501000,24.751000,24.330000,24.412000,1529493.6900
2021.11.27,08:00:00,24.410000,25.002000,24.212000,24.462000,2143711.5200
2021.11.27,12:00:00,24.460000,24.746000,24.274000,24.437000,1298122.2400
2021.11.27,16:00:00,24.436000,24.762000,24.358000,24.505000,1133658.8500
2021.11.27,20:00:00,24.503000,24.634000,23.778000,24.103000,1970226.1600
2021.11.28,00:00:00,24.100000,24.322000,23.125000,23.430000,2469168.8600
2021.11.28,04:00:00,23.431000,23.730000,23.161000,23.658000,1468049.8500
2021.11.28,08:00:00,23.659000,23.884000,23.204000,23.646000,1529870.3500
2021.11.28,12:00:00,23.646000,23.809000,23.402000,23.609000,1046557.5400
2021.11.28,16:00:00,23.608000,23.779000,22.603000,23.653000,2585785.6000
2021.11.28,20:00:00,23.654000,25.000000,23.654000,24.769000,3018338.8500
2021.11.29,00:00:00,24.772000,25.127000,24.714000,24.904000,2025271.9100
2021.11.29,04:00:00,24.904000,25.220000,24.860000,25.109000,1275320.7200
2021.11.29,08:00:00,25.110000,25.219000,24.511000,24.719000,1780411.1700
2021.11.29,12:00:00,24.718000,25.320000,24.665000,24.883000,1640667.3900
2021.11.29,16:00:00,24.885000,25.606000,24.680000,24.743000,2322495.4900
2021.11.29,20:00:00,24.737000,25.203000,24.673000,25.004000,1642079.2800
2021.11.30,00:00:00,25.003000,25.260000,24.602000,24.858000,1998034.1100
2021.11.30,04:00:00,24.859000,25.082000,24.152000,24.543000,1940595.5600
2021.11.30,08:00:00,24.545000,25.250000,24.159000,25.215000,2137415.6500
2021.11.30,12:00:00,25.218000,26.525000,25.217000,25.922000,4192931.6100
2021.11.30,16:00:00,25.913000,26.319000,25.592000,26.008000,3219500.6100
2021.11.30,20:00:00,26.007000,26.100000,25.269000,25.342000,1635338.3000
2021.12.01,00:00:00,25.343000,26.085000,25.125000,26.047000,2107956.0400
2021.12.01,04:00:00,26.048000,26.164000,25.713000,26.142000,1306366.2900
2021.12.01,08:00:00,26.146000,26.434000,25.832000,26.222000,2098574.9700
2021.12.01,12:00:00,26.220000,26.916000,26.173000,26.506000,2542588.1300
2021.12.01,16:00:00,26.509000,26.767000,25.761000,25.936000,1977672.0100
2021.12.01,20:00:00,25.939000,25.952000,24.966000,25.347000,2407800.8000
2021.12.02,00:00:00,25.348000,25.363000,24.167000,24.550000,3192791.2300
2021.12.02,04:00:00,24.553000,24.879000,24.512000,24.834000,1322326.8100
2021.12.02,08:00:00,24.833000,24.989000,24.510000,24.816000,1500582.3500
2021.12.02,12:00:00,24.810000,25.187000,24.464000,24.763000,1926901.9300
2021.12.02,16:00:00,24.764000,24.942000,24.502000,24.768000,1274925.6900
2021.12.02,20:00:00,24.770000,24.911000,24.511000,24.551000,919187.5900
2021.12.03,00:00:00,24.552000,24.810000,24.309000,24.519000,1180494.3200
2021.12.03,04:00:00,24.518000,25.213000,24.406000,25.068000,1414429.1300
2021.12.03,08:00:00,25.067000,25.700000,25.027000,25.591000,2327432.3000
2021.12.03,12:00:00,25.592000,25.850000,24.843000,24.884000,2562737.3200
2021.12.03,16:00:00,24.880000,24.884000,23.371000,23.486000,4160829.8900
2021.12.03,20:00:00,23.488000,23.666000,22.192000,23.302000,4419728.9600
2021.12.04,00:00:00,23.299000,23.366000,21.913000,21.913000,3072562.2900
2021.12.04,04:00:00,21.931000,22.568000,15.033000,19.044000,27347173.2300
2021.12.04,08:00:00,19.040000,19.632000,18.525000,18.874000,6638777.8000
2021.12.04,12:00:00,18.875000,20.346000,18.875000,19.990000,4090641.2700
2021.12.04,16:00:00,19.993000,20.750000,19.514000,20.634000,3022380.3700
2021.12.04,20:00:00,20.638000,20.845000,20.378000,20.637000,2060594.2700
2021.12.05,00:00:00,20.637000,20.953000,20.067000,20.302000,2478088.2400
2021.12.05,04:00:00,20.299000,20.345000,19.855000,20.055000,2440522.3800
2021.12.05,08:00:00,20.056000,20.120000,19.530000,19.750000,2223833.7600
2021.12.05,12:00:00,19.743000,20.129000,18.438000,18.815000,4561936.7700
2021.12.05,16:00:00,18.809000,19.387000,18.742000,19.132000,3873564.5100
2021.12.05,20:00:00,19.128000,19.558000,18.823000,19.481000,2459517.0300
2021.12.06,00:00:00,19.485000,19.523000,18.526000,19.109000,3187035.9800
2021.12.06,04:00:00,19.112000,19.283000,17.838000,18.191000,2812636.7400
2021.12.06,08:00:00,18.194000,18.724000,17.215000,18.041000,5811501.5000
2021.12.06,12:00:00,18.035000,18.535000,17.677000,18.506000,3748697.5000
2021.12.06,16:00:00,18.506000,18.787000,18.337000,18.419000,2747178.9000
2021.12.06,20:00:00,18.422000,19.912000,18.368000,19.782000,3327287.5200
2021.12.07,00:00:00,19.778000,20.198000,19.686000,20.004000,2800631.6000
2021.12.07,04:00:00,20.005000,20.124000,19.830000,19.934000,1797525.5000
2021.12.07,08:00:00,19.934000,20.433000,19.799000,20.330000,2453178.5600
2021.12.07,12:00:00,20.328000,20.780000,19.710000,20.546000,4390523.5400
2021.12.07,16:00:00,20.548000,21.175000,20.247000,20.468000,5129896.4200
2021.12.07,20:00:00,20.471000,21.090000,20.091000,21.080000,3133368.4000
2021.12.08,00:00:00,21.079000,22.100000,20.736000,21.528000,5142500.8000
2021.12.08,04:00:00,21.527000,22.301000,21.517000,22.167000,3843126.2200
2021.12.08,08:00:00,22.167000,22.655000,21.115000,21.623000,7889995.9100
2021.12.08,12:00:00,21.621000,23.200000,21.271000,22.841000,8558511.6600
2021.12.08,16:00:00,22.843000,22.871000,22.024000,22.414000,3917509.0900
2021.12.08,20:00:00,22.410000,22.915000,22.047000,22.909000,2784268.2300
2021.12.09,00:00:00,22.913000,23.049000,21.433000,21.680000,4414729.0500
2021.12.09,04:00:00,21.674000,22.204000,21.501000,22.004000,2990335.8000
2021.12.09,08:00:00,22.005000,22.009000,21.338000,21.527000,3203133.4300
2021.12.09,12:00:00,21.526000,21.737000,20.529000,21.018000,5035099.8900
2021.12.09,16:00:00,21.020000,21.350000,20.592000,20.835000,3997580.2000
2021.12.09,20:00:00,20.835000,20.999000,20.233000,20.257000,3064898.3700
2021.12.10,00:00:00,20.255000,20.880000,20.150000,20.218000,3003227.0200
2021.12.10,04:00:00,20.218000,20.294000,19.269000,19.459000,3796497.9300
2021.12.10,08:00:00,19.457000,20.170000,19.344000,20.089000,3084751.3500
2021.12.10,12:00:00,20.089000,20.754000,19.414000,19.521000,5207812.3400
2021.12.10,16:00:00,19.521000,19.526000,18.850000,19.341000,4132415.0900
2021.12.10,20:00:00,19.340000,19.553000,18.448000,18.532000,3288250.1900
2021.12.11,00:00:00,18.536000,19.242000,18.147000,18.999000,3792298.8200
2021.12.11,04:00:00,19.002000,19.372000,18.902000,19.135000,2123126.6500
2021.12.11,08:00:00,19.133000,19.561000,19.007000,19.411000,2255624.7900
2021.12.11,12:00:00,19.409000,20.044000,19.345000,20.024000,2428492.2200
2021.12.11,16:00:00,20.025000,20.199000,19.367000,19.429000,2087569.1600
2021.12.11,20:00:00,19.428000,20.090000,19.390000,19.967000,1693943.4500
2021.12.12,00:00:00,19.962000,20.002000,19.586000,19.721000,1641982.9300
2021.12.12,04:00:00,19.722000,19.869000,19.421000,19.865000,1376418.6800
2021.12.12,08:00:00,19.866000,19.878000,19.209000,19.501000,1547920.4300
2021.12.12,12:00:00,19.497000,19.784000,19.390000,19.545000,1737880.5100
2021.12.12,16:00:00,19.545000,20.676000,19.465000,20.383000,2751662.3500
2021.12.12,20:00:00,20.385000,20.778000,20.358000,20.402000,2295131.6600
2021.12.13,00:00:00,20.404000,20.556000,19.470000,19.575000,3064634.8100
2021.12.13,04:00:00,19.572000,19.637000,18.963000,19.045000,2660696.5400
2021.12.13,08:00:00,19.045000,19.341000,18.845000,19.162000,2367303.4400
2021.12.13,12:00:00,19.160000,19.321000,17.814000,18.026000,4730468.7200
2021.12.13,16:00:00,18.025000,18.422000,17.289000,17.854000,5627823.4000
2021.12.13,20:00:00,17.852000,18.170000,17.511000,17.764000,4850634.8500
2021.12.14,00:00:00,17.764000,18.150000,17.565000,17.986000,2775721.7000
2021.12.14,04:00:00,17.989000,18.090000,17.513000,18.047000,2625543.4300
2021.12.14,08:00:00,18.046000,18.458000,17.860000,18.411000,2970071.6900
2021.12.14,12:00:00,18.411000,18.606000,17.846000,17.965000,3269741.9700
2021.12.14,16:00:00,17.967000,18.130000,17.419000,17.680000,3249047.6300
2021.12.14,20:00:00,17.673000,18.575000,17.616000,18.421000,3937292.5000
2021.12.15,00:00:00,18.419000,18.569000,18.101000,18.283000,2204432.8700
2021.12.15,04:00:00,18.280000,18.530000,18.059000,18.481000,2093908.5500
2021.12.15,08:00:00,18.484000,18.772000,18.309000,18.331000,2429058.9600
2021.12.15,12:00:00,18.331000,18.450000,17.250000,17.261000,3612056.7500
2021.12.15,16:00:00,17.266000,18.969000,17.250000,18.872000,6100591.3400
2021.12.15,20:00:00,18.876000,19.981000,18.838000,19.679000,5612071.9500
2021.12.16,00:00:00,19.681000,20.074000,19.675000,19.869000,2066743.9900
2021.12.16,04:00:00,19.865000,19.929000,19.463000,19.801000,1916779.5200
2021.12.16,08:00:00,19.798000,20.338000,19.643000,20.238000,1962508.4500
2021.12.16,12:00:00,20.239000,20.242000,19.600000,19.810000,2600504.5600
2021.12.16,16:00:00,19.810000,19.883000,18.926000,18.991000,2772195.1000
2021.12.16,20:00:00,18.986000,19.287000,18.683000,18.758000,2640761.8600
2021.12.17,00:00:00,18.762000,19.090000,18.685000,19.017000,2113774.6500
2021.12.17,04:00:00,19.018000,19.182000,18.700000,18.966000,1998543.2400
2021.12.17,08:00:00,18.966000,19.218000,18.624000,18.917000,2338924.4200
2021.12.17,12:00:00,18.915000,18.990000,17.728000,18.415000,4763686.8600
2021.12.17,16:00:00,18.415000,18.917000,18.130000,18.252000,3103934.4500
2021.12.17,20:00:00,18.252000,18.546000,17.900000,18.250000,2910198.6600
2021.12.18,00:00:00,18.250000,18.616000,17.795000,18.413000,2861085.9100
2021.12.18,04:00:00,18.405000,19.600000,18.285000,19.424000,4682756.0000
2021.12.18,08:00:00,19.419000,19.855000,19.413000,19.787000,2538355.1800
2021.12.18,12:00:00,19.788000,19.988000,19.514000,19.579000,3001158.2400
2021.12.18,16:00:00,19.580000,19.626000,19.162000,19.361000,2103048.8200
2021.12.18,20:00:00,19.361000,19.636000,19.228000,19.532000,1876395.4000
2021.12.19,00:00:00,19.533000,20.145000,19.173000,20.123000,3105644.7100
2021.12.19,04:00:00,20.121000,20.390000,19.820000,19.836000,3032605.0000
2021.12.19,08:00:00,19.835000,19.893000,19.460000,19.806000,2160808.0000
2021.12.19,12:00:00,19.804000,20.192000,19.566000,19.624000,2793965.9900
2021.12.19,16:00:00,19.621000,19.833000,18.867000,18.907000,2704115.6500
2021.12.19,20:00:00,18.907000,19.220000,18.795000,18.864000,2419549.9700
2021.12.20,00:00:00,18.864000,19.194000,18.558000,18.872000,2592885.5900
2021.12.20,04:00:00,18.872000,18.991000,18.362000,18.545000,2300582.5300
2021.12.20,08:00:00,18.549000,18.646000,18.140000,18.554000,2201163.1700
2021.12.20,12:00:00,18.551000,18.598000,18.020000,18.430000,3180064.0000
2021.12.20,16:00:00,18.430000,18.830000,18.345000,18.695000,2187832.5800
2021.12.20,20:00:00,18.700000,19.120000,18.604000,18.779000,2411067.0600
2021.12.21,00:00:00,18.779000,18.846000,18.362000,18.734000,2343387.3000
2021.12.21,04:00:00,18.735000,19.171000,18.735000,19.016000,2389424.7300
2021.12.21,08:00:00,19.016000,19.283000,18.963000,19.174000,1744185.5900
2021.12.21,12:00:00,19.173000,19.396000,18.858000,18.968000,2195240.0200
2021.12.21,16:00:00,18.968000,19.119000,18.909000,19.110000,1408833.9200
2021.12.21,20:00:00,19.111000,19.660000,18.983000,19.415000,2249810.1400
2021.12.22,00:00:00,19.418000,19.938000,19.194000,19.753000,2241381.5500
2021.12.22,04:00:00,19.754000,20.079000,19.673000,20.018000,1910754.2900
2021.12.22,08:00:00,20.017000,20.291000,19.693000,20.254000,2489745.7900
2021.12.22,12:00:00,20.258000,20.507000,19.695000,20.479000,3487402.1500
2021.12.22,16:00:00,20.480000,20.829000,19.953000,20.310000,3112886.8000
2021.12.22,20:00:00,20.311000,20.406000,19.847000,19.922000,1754883.4700
2021.12.23,00:00:00,19.923000,20.689000,19.557000,20.555000,3406419.0300
2021.12.23,04:00:00,20.555000,20.910000,20.200000,20.412000,2810656.0300
2021.12.23,08:00:00,20.416000,21.401000,20.306000,21.214000,4675449.8300
2021.12.23,12:00:00,21.214000,21.489000,20.835000,21.066000,3344637.2900
2021.12.23,16:00:00,21.066000,21.999000,20.847000,21.830000,4378052.6700
2021.12.23,20:00:00,21.832000,22.214000,21.455000,22.166000,2581190.2200
2021.12.24,00:00:00,22.166000,22.619000,21.860000,22.106000,2947629.3000
2021.12.24,04:00:00,22.107000,22.200000,21.807000,22.174000,1620735.7200
2021.12.24,08:00:00,22.175000,22.395000,21.947000,22.032000,1644770.2000
2021.12.24,12:00:00,22.034000,22.158000,21.360000,21.862000,2807720.3600
2021.12.24,16:00:00,21.859000,22.664000,21.815000,22.012000,4207940.3100
2021.12.24,20:00:00,22.006000,22.264000,21.200000,21.480000,2771198.6800
2021.12.25,00:00:00,21.483000,21.843000,21.284000,21.526000,1950390.5100
2021.12.25,04:00:00,21.525000,21.773000,21.345000,21.710000,1386382.7500
2021.12.25,08:00:00,21.710000,21.811000,21.463000,21.625000,1344103.9800
2021.12.25,12:00:00,21.625000,22.038000,21.625000,21.854000,1585171.8500
2021.12.25,16:00:00,21.856000,22.100000,21.424000,21.980000,2211573.2900
2021.12.25,20:00:00,21.981000,22.389000,21.910000,22.117000,1997136.1300
2021.12.26,00:00:00,22.117000,22.148000,21.122000,21.211000,2776056.2800
2021.12.26,04:00:00,21.210000,21.485000,21.111000,21.417000,1864774.0500
2021.12.26,08:00:00,21.417000,22.550000,21.369000,22.250000,3876620.8800
2021.12.26,12:00:00,22.255000,22.492000,22.057000,22.394000,3093747.9200
2021.12.26,16:00:00,22.395000,23.588000,22.305000,23.301000,5504627.6700
2021.12.26,20:00:00,23.300000,23.355000,22.854000,22.986000,2908656.8400
2021.12.27,00:00:00,22.986000,23.279000,22.950000,23.038000,2178620.4300
2021.12.27,04:00:00,23.037000,23.442000,22.944000,23.129000,2229854.6600
2021.12.27,08:00:00,23.132000,23.613000,22.745000,23.537000,3537412.6500
2021.12.27,12:00:00,23.540000,24.397000,23.242000,24.219000,4780994.3500
2021.12.27,16:00:00,24.218000,24.493000,24.024000,24.190000,3605770.8100
2021.12.27,20:00:00,24.191000,24.335000,22.951000,23.016000,3684330.0300
2021.12.28,00:00:00,23.017000,23.022000,22.019000,22.332000,5382491.6100
2021.12.28,04:00:00,22.331000,22.331000,21.583000,21.948000,3621915.3200
2021.12.28,08:00:00,21.946000,22.469000,21.857000,22.457000,2834996.9700
2021.12.28,12:00:00,22.459000,22.601000,21.475000,22.064000,4217820.0600
2021.12.28,16:00:00,22.065000,22.120000,20.577000,21.011000,6190586.0100
2021.12.28,20:00:00,21.013000,21.259000,20.295000,20.379000,3778848.6800
2021.12.29,00:00:00,20.377000,20.960000,20.240000,20.849000,3246874.7500
2021.12.29,04:00:00,20.851000,20.931000,20.414000,20.561000,2380233.1700
2021.12.29,08:00:00,20.562000,20.857000,20.402000,20.734000,2784318.2000
2021.12.29,12:00:00,20.731000,20.767000,19.610000,20.706000,5794584.8900
2021.12.29,16:00:00,20.706000,20.724000,20.040000,20.243000,2900340.6000
2021.12.29,20:00:00,20.244000,20.450000,19.504000,19.734000,4036789.7900
2021.12.30,00:00:00,19.736000,19.810000,19.148000,19.213000,4227010.9600
2021.12.30,04:00:00,19.213000,20.007000,19.199000,19.862000,2438978.7400
2021.12.30,08:00:00,19.864000,20.234000,19.653000,20.158000,2547730.5200
2021.12.30,12:00:00,20.159000,20.430000,19.909000,19.983000,3047331.6400
2021.12.30,16:00:00,19.990000,20.302000,19.943000,20.052000,1929198.4000
2021.12.30,20:00:00,20.052000,20.099000,19.661000,19.930000,2146732.9300
2021.12.31,00:00:00,19.926000,20.054000,19.667000,20.032000,2293054.6900
2021.12.31,04:00:00,20.032000,20.221000,19.683000,19.922000,1874362.0000
2021.12.31,08:00:00,19.923000,20.632000,19.854000,20.318000,3327860.8300
2021.12.31,12:00:00,20.318000,20.548000,20.221000,20.392000,1826148.4000
2021.12.31,16:00:00,20.392000,20.471000,19.021000,19.069000,4071021.0100
2021.12.31,20:00:00,19.068000,19.758000,19.030000,19.514000,2216667.8300
2022.01.01,00:00:00,19.514000,20.214000,19.508000,19.770000,2351147.4100
2022.01.01,04:00:00,19.767000,20.001000,19.546000,19.800000,1651686.5200
2022.01.01,08:00:00,19.800000,19.934000,19.536000,19.608000,1486457.2200
2022.01.01,12:00:00,19.607000,20.103000,19.606000,20.042000,1414697.1800
2022.01.01,16:00:00,20.037000,20.383000,19.963000,20.201000,1750887.6300
2022.01.01,20:00:00,20.201000,20.791000,20.193000,20.736000,2827413.2700
2022.01.02,00:00:00,20.738000,21.293000,20.559000,21.031000,2934094.5800
2022.01.02,04:00:00,21.025000,21.147000,20.628000,20.742000,2101932.1000
2022.01.02,08:00:00,20.742000,21.164000,20.700000,21.060000,1892346.3400
2022.01.02,12:00:00,21.059000,21.447000,20.902000,21.405000,2827344.6900
2022.01.02,16:00:00,21.406000,22.193000,21.398000,21.974000,6308781.9400
2022.01.02,20:00:00,21.977000,22.091000,21.657000,21.854000,2424695.3900
2022.01.03,00:00:00,21.852000,21.929000,21.237000,21.373000,2833466.1000
2022.01.03,04:00:00,21.372000,21.705000,21.288000,21.666000,1917741.0300
2022.01.03,08:00:00,21.669000,22.713000,21.663000,22.461000,4102883.2200
2022.01.03,12:00:00,22.460000,23.227000,22.245000,22.664000,6353971.8900
2022.01.03,16:00:00,22.662000,23.399000,22.066000,22.857000,7332721.8000
2022.01.03,20:00:00,22.857000,23.745000,22.364000,23.697000,6274203.8000
2022.01.04,00:00:00,23.699000,23.887000,22.798000,23.072000,5097035.4100
2022.01.04,04:00:00,23.070000,23.550000,22.773000,23.545000,3754832.1500
2022.01.04,08:00:00,23.546000,24.170000,23.354000,24.050000,4158555.0500
2022.01.04,12:00:00,24.051000,24.194000,23.622000,23.726000,4333515.5300
2022.01.04,16:00:00,23.722000,24.472000,23.240000,23.661000,8640389.5900
2022.01.04,20:00:00,23.660000,24.409000,23.414000,23.426000,4665808.3300
2022.01.05,00:00:00,23.426000,25.710000,23.292000,25.584000,9104671.8800
2022.01.05,04:00:00,25.581000,26.049000,25.306000,25.525000,5806081.7400
2022.01.05,08:00:00,25.523000,26.074000,25.305000,25.577000,5808965.4300
2022.01.05,12:00:00,25.577000,27.189000,25.250000,27.079000,12914995.3100
2022.01.05,16:00:00,27.080000,27.457000,25.220000,25.295000,17452348.6800
2022.01.05,20:00:00,25.295000,26.025000,22.336000,25.222000,31189967.5000
2022.01.06,00:00:00,25.218000,25.635000,23.348000,23.532000,15795540.6900
2022.01.06,04:00:00,23.532000,24.955000,23.323000,24.758000,11765093.6600
2022.01.06,08:00:00,24.764000,24.814000,23.680000,24.109000,11659611.3100
2022.01.06,12:00:00,24.106000,24.569000,23.568000,24.061000,9381708.2400
2022.01.06,16:00:00,24.062000,25.961000,23.875000,25.754000,8842998.5300
2022.01.06,20:00:00,25.756000,25.963000,24.710000,25.379000,6024589.5800
2022.01.07,00:00:00,25.379000,25.479000,23.120000,23.509000,9464823.1100
2022.01.07,04:00:00,23.508000,24.089000,22.626000,23.487000,11210901.9100
2022.01.07,08:00:00,23.489000,25.640000,23.383000,25.329000,10100749.6200
2022.01.07,12:00:00,25.329000,25.847000,23.865000,25.153000,18057243.0700
2022.01.07,16:00:00,25.156000,27.328000,24.488000,26.550000,18241727.9600
2022.01.07,20:00:00,26.551000,26.961000,25.587000,25.975000,7326748.3500
2022.01.08,00:00:00,25.979000,27.130000,25.734000,26.416000,7920082.3600
2022.01.08,04:00:00,26.418000,27.330000,26.305000,26.643000,7267619.5600
2022.01.08,08:00:00,26.643000,26.888000,25.607000,25.885000,6338699.9000
2022.01.08,12:00:00,25.882000,26.206000,24.800000,25.090000,8637642.5000
2022.01.08,16:00:00,25.095000,25.150000,23.500000,24.036000,12767588.9600
2022.01.08,20:00:00,24.037000,26.363000,23.886000,25.306000,11212463.1100
2022.01.09,00:00:00,25.312000,27.321000,25.088000,26.915000,10158738.9900
2022.01.09,04:00:00,26.914000,27.652000,26.811000,26.897000,7514899.8900
2022.01.09,08:00:00,26.890000,27.339000,26.033000,27.032000,10486579.1100
2022.01.09,12:00:00,27.033000,27.512000,26.324000,27.132000,11065122.5700
2022.01.09,16:00:00,27.132000,28.691000,26.967000,27.858000,15057883.0500
2022.01.09,20:00:00,27.862000,28.448000,27.250000,27.538000,9352960.8500
2022.01.10,00:00:00,27.536000,28.398000,27.321000,27.614000,9355901.0700
2022.01.10,04:00:00,27.613000,28.500000,27.561000,28.255000,6321124.9700
2022.01.10,08:00:00,28.251000,28.316000,26.475000,26.623000,9711362.6500
2022.01.10,12:00:00,26.623000,27.068000,25.071000,26.492000,20793293.8900
2022.01.10,16:00:00,26.491000,27.905000,26.220000,26.894000,14735120.4600
2022.01.10,20:00:00,26.894000,28.049000,26.650000,27.974000,7098262.2500
2022.01.11,00:00:00,27.975000,28.688000,27.521000,28.177000,7238047.2000
2022.01.11,04:00:00,28.176000,28.287000,27.413000,27.606000,5029647.2100
2022.01.11,08:00:00,27.608000,27.762000,26.643000,26.785000,6660220.3500
2022.01.11,12:00:00,26.786000,27.270000,25.837000,26.216000,9805737.9600
2022.01.11,16:00:00,26.221000,27.266000,26.210000,26.610000,10346166.7700
2022.01.11,20:00:00,26.609000,27.150000,26.230000,26.582000,5163291.0100
2022.01.12,00:00:00,26.578000,26.906000,26.304000,26.645000,4077746.5200
2022.01.12,04:00:00,26.645000,26.745000,25.571000,25.902000,5616728.7400
2022.01.12,08:00:00,25.900000,26.481000,25.791000,26.212000,5739159.7000
2022.01.12,12:00:00,26.210000,27.231000,26.122000,26.485000,8862532.7200
2022.01.12,16:00:00,26.489000,26.809000,26.090000,26.767000,4655464.1500
2022.01.12,20:00:00,26.770000,26.995000,26.536000,26.751000,3817404.7800
2022.01.13,00:00:00,26.745000,26.758000,26.000000,26.073000,3596897.8400
2022.01.13,04:00:00,26.073000,26.534000,26.032000,26.336000,2704969.5900
2022.01.13,08:00:00,26.336000,26.537000,25.724000,25.813000,4287906.4800
2022.01.13,12:00:00,25.816000,26.489000,25.149000,25.476000,7625318.3200
2022.01.13,16:00:00,25.476000,25.567000,24.426000,24.684000,6761498.2000
2022.01.13,20:00:00,24.683000,25.167000,24.451000,24.852000,3589255.1900
2022.01.14,00:00:00,24.858000,25.314000,24.670000,25.152000,2903056.7200
2022.01.14,04:00:00,25.151000,25.259000,24.770000,24.954000,2800714.1100
2022.01.14,08:00:00,24.955000,24.987000,23.900000,24.228000,4835825.7400
2022.01.14,12:00:00,24.227000,25.079000,23.960000,24.782000,5240924.9100
2022.01.14,16:00:00,24.776000,24.955000,24.540000,24.870000,2361311.2400
2022.01.14,20:00:00,24.871000,25.862000,24.789000,25.706000,3413449.5000
2022.01.15,00:00:00,25.704000,26.198000,25.245000,25.919000,3858187.3400
2022.01.15,04:00:00,25.920000,26.000000,25.526000,25.611000,2521534.8600
2022.01.15,08:00:00,25.612000,25.988000,25.351000,25.694000,2658458.9700
2022.01.15,12:00:00,25.690000,25.882000,25.258000,25.732000,3369747.4200
2022.01.15,16:00:00,25.732000,26.070000,25.368000,25.672000,3091780.8400
2022.01.15,20:00:00,25.672000,25.744000,25.097000,25.167000,2328637.5400
2022.01.16,00:00:00,25.166000,25.264000,24.629000,24.917000,2605036.1100
2022.01.16,04:00:00,24.916000,25.535000,24.858000,25.445000,1992715.4900
2022.01.16,08:00:00,25.445000,26.150000,25.307000,25.828000,3982791.7700
2022.01.16,12:00:00,25.832000,26.100000,25.454000,25.928000,3832305.7700
2022.01.16,16:00:00,25.931000,26.341000,25.560000,25.618000,3277371.5500
2022.01.16,20:00:00,25.615000,25.749000,25.442000,25.498000,1584224.6700
2022.01.17,00:00:00,25.500000,25.621000,24.824000,24.845000,3061897.4600
2022.01.17,04:00:00,24.845000,25.143000,24.662000,25.006000,2309195.5800
2022.01.17,08:00:00,25.006000,25.076000,24.562000,24.690000,2258673.3900
2022.01.17,12:00:00,24.691000,24.696000,24.125000,24.212000,2862657.6200
2022.01.17,16:00:00,24.213000,24.332000,23.565000,23.784000,4193903.3300
2022.01.17,20:00:00,23.782000,23.902000,23.258000,23.771000,3414802.7100
2022.01.18,00:00:00,23.773000,24.328000,23.612000,23.686000,2825054.2200
2022.01.18,04:00:00,23.686000,23.838000,23.334000,23.596000,2587432.7800
2022.01.18,08:00:00,23.596000,23.598000,22.695000,23.216000,3655221.6900
2022.01.18,12:00:00,23.214000,23.281000,22.337000,22.488000,4827607.3200
2022.01.18,16:00:00,22.489000,22.700000,22.041000,22.379000,3843886.3700
2022.01.18,20:00:00,22.381000,23.333000,22.221000,22.951000,3645279.7400
2022.01.19,00:00:00,22.951000,23.140000,22.154000,22.337000,4071361.3900
2022.01.19,04:00:00,22.339000,22.476000,21.336000,21.511000,4359265.3000
2022.01.19,08:00:00,21.512000,22.102000,21.204000,22.083000,4412175.9900
2022.01.19,12:00:00,22.083000,22.559000,21.728000,21.945000,4563591.0100
2022.01.19,16:00:00,21.946000,22.270000,21.668000,21.892000,3198110.6000
2022.01.19,20:00:00,21.893000,21.981000,21.458000,21.541000,2470088.2300
2022.01.20,00:00:00,21.535000,21.831000,21.311000,21.796000,2697105.0000
2022.01.20,04:00:00,21.799000,22.419000,21.673000,22.329000,2525736.7200
2022.01.20,08:00:00,22.329000,22.476000,21.978000,22.317000,2490679.2300
2022.01.20,12:00:00,22.322000,22.964000,22.029000,22.686000,4680356.7300
2022.01.20,16:00:00,22.689000,22.822000,22.127000,22.277000,2889519.2000
2022.01.20,20:00:00,22.276000,22.339000,20.031000,20.164000,7231450.5400
2022.01.21,00:00:00,20.164000,20.496000,19.000000,19.166000,10393703.3900
2022.01.21,04:00:00,19.166000,19.605000,19.103000,19.544000,3430019.1500
2022.01.21,08:00:00,19.544000,19.699000,19.300000,19.408000,3500913.6000
2022.01.21,12:00:00,19.409000,19.768000,18.338000,19.523000,9627676.7000
2022.01.21,16:00:00,19.523000,19.754000,18.790000,18.816000,4352954.0900
2022.01.21,20:00:00,18.814000,19.152000,17.100000,17.414000,12955769.8100
2022.01.22,00:00:00,17.411000,17.813000,17.102000,17.326000,5688126.4400
2022.01.22,04:00:00,17.326000,17.424000,15.139000,15.392000,10890711.2200
2022.01.22,08:00:00,15.396000,15.892000,14.230000,15.580000,14580922.9700
2022.01.22,12:00:00,15.583000,16.437000,15.226000,15.286000,7597801.7600
2022.01.22,16:00:00,15.287000,16.049000,15.058000,15.284000,7390017.5800
2022.01.22,20:00:00,15.282000,16.311000,15.143000,15.844000,5262241.4800
2022.01.23,00:00:00,15.850000,16.339000,15.366000,15.676000,4159936.3300
2022.01.23,04:00:00,15.676000,16.387000,15.587000,16.251000,3821970.6200
2022.01.23,08:00:00,16.248000,16.878000,16.018000,16.129000,5573844.2800
2022.01.23,12:00:00,16.132000,16.444000,15.420000,15.709000,4901064.0800
2022.01.23,16:00:00,15.708000,15.923000,15.151000,15.227000,4224286.0500
2022.01.23,20:00:00,15.222000,16.643000,15.146000,16.622000,5061429.3800
2022.01.24,00:00:00,16.621000,16.630000,15.661000,16.017000,3907673.8900
2022.01.24,04:00:00,16.017000,16.186000,15.183000,15.241000,3816924.9300
2022.01.24,08:00:00,15.245000,15.536000,13.784000,13.970000,11102037.2100
2022.01.24,12:00:00,13.969000,14.610000,13.481000,14.536000,11697279.4000
2022.01.24,16:00:00,14.536000,15.345000,14.107000,15.151000,10014664.0200
2022.01.24,20:00:00,15.150000,15.937000,15.113000,15.568000,5033918.9800
2022.01.25,00:00:00,15.567000,15.593000,15.103000,15.394000,3439283.9800
2022.01.25,04:00:00,15.397000,15.447000,14.583000,14.960000,4045136.4600
2022.01.25,08:00:00,14.957000,15.604000,14.863000,15.236000,4823718.7000
2022.01.25,12:00:00,15.230000,15.686000,14.855000,15.286000,6367588.9900
2022.01.25,16:00:00,15.285000,16.016000,15.270000,15.708000,4125839.3200
2022.01.25,20:00:00,15.711000,15.741000,15.153000,15.487000,3462293.3800
2022.01.26,00:00:00,15.489000,15.639000,15.188000,15.562000,3012819.1500
2022.01.26,04:00:00,15.562000,16.014000,15.536000,15.731000,3017749.5300
2022.01.26,08:00:00,15.731000,16.145000,15.726000,16.073000,3360378.1000
2022.01.26,12:00:00,16.075000,16.608000,15.887000,16.099000,5568232.8400
2022.01.26,16:00:00,16.098000,16.800000,15.450000,15.904000,9241291.3400
2022.01.26,20:00:00,15.903000,15.903000,14.664000,15.224000,6812985.7100
2022.01.27,00:00:00,15.222000,15.371000,14.281000,14.460000,4205679.3100
2022.01.27,04:00:00,14.457000,15.102000,14.401000,14.889000,3526065.0200
2022.01.27,08:00:00,14.890000,15.173000,14.626000,15.115000,3804661.2600
2022.01.27,12:00:00,15.115000,15.700000,15.090000,15.336000,5366107.9800
2022.01.27,16:00:00,15.337000,15.613000,14.701000,14.818000,5455581.7700
2022.01.27,20:00:00,14.818000,15.283000,14.420000,15.209000,5571818.2300
2022.01.28,00:00:00,15.208000,15.459000,14.794000,15.337000,3674349.6000
2022.01.28,04:00:00,15.338000,15.525000,15.035000,15.066000,2425097.6900
2022.01.28,08:00:00,15.064000,15.278000,14.763000,14.933000,3776813.6800
2022.01.28,12:00:00,14.933000,15.596000,14.719000,15.539000,4749356.1400
2022.01.28,16:00:00,15.540000,15.918000,15.520000,15.754000,5349086.2300
2022.01.28,20:00:00,15.748000,16.275000,15.659000,16.133000,3805002.7000
2022.01.29,00:00:00,16.132000,16.392000,15.948000,16.083000,2655740.9500
2022.01.29,04:00:00,16.082000,16.466000,16.001000,16.359000,2333800.6900
2022.01.29,08:00:00,16.357000,16.402000,16.105000,16.217000,2433013.8000
2022.01.29,12:00:00,16.218000,16.669000,16.026000,16.193000,4506901.7300
2022.01.29,16:00:00,16.186000,16.475000,16.054000,16.328000,2538717.3100
2022.01.29,20:00:00,16.329000,16.750000,16.097000,16.217000,3298745.7000
2022.01.30,00:00:00,16.217000,16.473000,16.004000,16.380000,2496115.1000
2022.01.30,04:00:00,16.381000,17.693000,16.376000,17.609000,6503325.2400
2022.01.30,08:00:00,17.609000,17.800000,17.500000,17.673000,4858989.9400
2022.01.30,12:00:00,17.670000,17.690000,17.144000,17.256000,4390089.3400
2022.01.30,16:00:00,17.256000,17.651000,16.814000,17.026000,5452810.6400
2022.01.30,20:00:00,17.022000,18.121000,16.854000,17.754000,7825502.6600
2022.01.31,00:00:00,17.752000,17.875000,16.429000,16.866000,8834112.0000
2022.01.31,04:00:00,16.867000,16.955000,16.510000,16.951000,3592749.9200
2022.01.31,08:00:00,16.950000,17.284000,16.753000,17.027000,4283966.2600
2022.01.31,12:00:00,17.027000,17.648000,16.596000,17.495000,5750547.8600
2022.01.31,16:00:00,17.496000,17.680000,16.972000,17.031000,6159965.4600
2022.01.31,20:00:00,17.031000,17.331000,16.907000,17.143000,2962510.6600
2022.02.01,00:00:00,17.145000,17.562000,17.043000,17.418000,3545574.3000
2022.02.01,04:00:00,17.417000,17.557000,17.101000,17.417000,2743176.2900
2022.02.01,08:00:00,17.420000,17.877000,16.952000,17.232000,5333249.5500
2022.02.01,12:00:00,17.226000,17.485000,16.920000,17.165000,4971924.7500
2022.02.01,16:00:00,17.165000,17.445000,16.810000,16.824000,3737726.7400
2022.02.01,20:00:00,16.824000,17.140000,16.814000,16.974000,2524836.2400
2022.02.02,00:00:00,16.974000,17.145000,16.733000,17.021000,2519753.4000
2022.02.02,04:00:00,17.022000,17.342000,16.959000,16.979000,2865127.6400
2022.02.02,08:00:00,16.979000,17.221000,16.879000,17.206000,2114155.8700
2022.02.02,12:00:00,17.207000,17.369000,16.158000,16.327000,5998010.1600
2022.02.02,16:00:00,16.324000,16.489000,16.055000,16.434000,3472661.1100
2022.02.02,20:00:00,16.434000,16.472000,15.510000,15.772000,4680209.4500
2022.02.03,00:00:00,15.773000,15.944000,15.500000,15.647000,2805504.1800
2022.02.03,04:00:00,15.644000,15.849000,15.547000,15.808000,1941324.2600
2022.02.03,08:00:00,15.808000,15.909000,15.245000,15.636000,4045944.4100
2022.02.03,12:00:00,15.636000,15.975000,15.300000,15.936000,4219020.2700
2022.02.03,16:00:00,15.937000,16.167000,15.666000,15.767000,4423033.1700
2022.02.03,20:00:00,15.769000,16.324000,15.626000,16.290000,3741793.3900
2022.02.04,00:00:00,16.285000,16.293000,15.996000,16.058000,1926325.0700
2022.02.04,04:00:00,16.058000,16.523000,16.026000,16.306000,3430652.3500
2022.02.04,08:00:00,16.307000,16.591000,16.303000,16.400000,2734429.3500
2022.02.04,12:00:00,16.403000,16.939000,16.047000,16.714000,6380824.5500
2022.02.04,16:00:00,16.713000,17.175000,16.698000,17.102000,4754451.3300
2022.02.04,20:00:00,17.102000,17.540000,17.003000,17.500000,3067697.7700
2022.02.05,00:00:00,17.497000,17.921000,17.403000,17.920000,3936551.4900
2022.02.05,04:00:00,17.920000,18.317000,17.850000,17.905000,4413750.0200
2022.02.05,08:00:00,17.907000,18.119000,17.858000,17.954000,3159702.4100
2022.02.05,12:00:00,17.954000,18.146000,17.794000,18.022000,3283992.5100
2022.02.05,16:00:00,18.021000,18.254000,17.435000,17.706000,4761572.5800
2022.02.05,20:00:00,17.707000,17.948000,17.620000,17.747000,1898629.7500
2022.02.06,00:00:00,17.746000,18.167000,17.708000,17.943000,2296016.9000
2022.02.06,04:00:00,17.942000,18.019000,17.672000,17.852000,2387857.8600
2022.02.06,08:00:00,17.849000,17.994000,17.703000,17.741000,2007244.6800
2022.02.06,12:00:00,17.740000,17.989000,17.151000,17.450000,4452423.7100
2022.02.06,16:00:00,17.450000,17.633000,17.350000,17.592000,1795801.8400
2022.02.06,20:00:00,17.592000,18.085000,17.491000,18.064000,2664533.0000
2022.02.07,00:00:00,18.064000,18.546000,17.633000,18.468000,4427855.3800
2022.02.07,04:00:00,18.469000,18.940000,18.421000,18.653000,3011529.0900
2022.02.07,08:00:00,18.653000,18.711000,18.323000,18.470000,2640090.3700
2022.02.07,12:00:00,18.470000,19.078000,18.335000,19.031000,4371441.9200
2022.02.07,16:00:00,19.032000,19.393000,18.888000,19.165000,5053315.9800
2022.02.07,20:00:00,19.165000,19.243000,18.754000,18.874000,2866007.3000
2022.02.08,00:00:00,18.875000,19.021000,18.523000,18.997000,3362917.5700
2022.02.08,04:00:00,18.997000,19.533000,18.857000,18.912000,4989286.9600
2022.02.08,08:00:00,18.909000,18.954000,18.000000,18.271000,4883050.4200
2022.02.08,12:00:00,18.271000,18.271000,17.675000,17.985000,4953244.2700
2022.02.08,16:00:00,17.986000,18.234000,17.747000,18.028000,3557681.1100
2022.02.08,20:00:00,18.027000,18.533000,17.969000,18.367000,2574840.7800
2022.02.09,00:00:00,18.372000,18.498000,17.865000,17.920000,2741452.0800
2022.02.09,04:00:00,17.919000,18.208000,17.730000,18.133000,2136422.8600
2022.02.09,08:00:00,18.133000,18.380000,17.920000,18.332000,2122967.6400
2022.02.09,12:00:00,18.333000,18.628000,18.257000,18.463000,3166044.8400
2022.02.09,16:00:00,18.465000,18.713000,18.354000,18.653000,2246114.7800
2022.02.09,20:00:00,18.653000,18.739000,18.545000,18.664000,1676500.6900
2022.02.10,00:00:00,18.664000,18.684000,17.958000,18.070000,2808153.2800
2022.02.10,04:00:00,18.071000,18.240000,17.986000,18.239000,1937041.0100
2022.02.10,08:00:00,18.238000,18.749000,18.195000,18.629000,2965234.2100
2022.02.10,12:00:00,18.629000,18.682000,17.344000,18.157000,9013706.9100
2022.02.10,16:00:00,18.157000,18.442000,17.682000,17.713000,4173221.4500
2022.02.10,20:00:00,17.715000,17.834000,17.319000,17.486000,3515593.0500
2022.02.11,00:00:00,17.486000,17.526000,17.124000,17.297000,3318269.9400
2022.02.11,04:00:00,17.296000,17.522000,17.150000,17.482000,1716331.0600
2022.02.11,08:00:00,17.482000,17.628000,17.212000,17.572000,1919606.0400
2022.02.11,12:00:00,17.572000,17.799000,17.510000,17.690000,2938518.6400
2022.02.11,16:00:00,17.687000,17.722000,16.750000,16.791000,4261853.5800
2022.02.11,20:00:00,16.794000,16.839000,15.899000,16.189000,4413175.9200
2022.02.12,00:00:00,16.189000,16.306000,16.000000,16.124000,2348442.4400
2022.02.12,04:00:00,16.123000,16.233000,15.583000,15.892000,2915917.3400
2022.02.12,08:00:00,15.894000,16.148000,15.680000,16.105000,2582288.1400
2022.02.12,12:00:00,16.104000,16.145000,15.556000,15.847000,3359159.9200
2022.02.12,16:00:00,15.848000,16.371000,15.737000,16.206000,3423186.5400
2022.02.12,20:00:00,16.206000,16.329000,15.656000,15.949000,2890352.2700
2022.02.13,00:00:00,15.952000,16.191000,15.838000,15.943000,1435484.4600
2022.02.13,04:00:00,15.942000,16.184000,15.821000,16.161000,1569058.2400
2022.02.13,08:00:00,16.161000,16.320000,16.110000,16.213000,2218718.7700
2022.02.13,12:00:00,16.214000,16.309000,15.954000,16.053000,2272304.0100
2022.02.13,16:00:00,16.055000,16.070000,15.510000,15.641000,2894179.7000
2022.02.13,20:00:00,15.641000,15.917000,15.566000,15.601000,1882751.1200
2022.02.14,00:00:00,15.601000,15.701000,15.201000,15.345000,2948131.2900
2022.02.14,04:00:00,15.346000,15.653000,15.274000,15.640000,1814899.8300
2022.02.14,08:00:00,15.640000,15.746000,15.453000,15.537000,2104491.5800
2022.02.14,12:00:00,15.539000,16.116000,15.427000,15.794000,3699637.5800
2022.02.14,16:00:00,15.795000,15.981000,15.188000,15.322000,3693322.9800
2022.02.14,20:00:00,15.321000,16.023000,15.256000,15.896000,2837787.8100
2022.02.15,00:00:00,15.896000,16.530000,15.805000,16.403000,4274757.9400
2022.02.15,04:00:00,16.403000,16.462000,16.263000,16.403000,1757216.2800
2022.02.15,08:00:00,16.403000,16.900000,16.396000,16.739000,3459414.1200
2022.02.15,12:00:00,16.734000,17.040000,16.715000,16.947000,3123373.8100
2022.02.15,16:00:00,16.949000,17.084000,16.808000,16.915000,2335837.9500
2022.02.15,20:00:00,16.914000,17.451000,16.700000,17.339000,2748502.9200
2022.02.16,00:00:00,17.336000,17.399000,16.900000,16.993000,2220566.9100
2022.02.16,04:00:00,16.993000,17.215000,16.766000,17.181000,1938095.3600
2022.02.16,08:00:00,17.181000,17.324000,17.000000,17.088000,2167149.2700
2022.02.16,12:00:00,17.084000,17.139000,16.503000,16.660000,4069082.1600
2022.02.16,16:00:00,16.661000,17.279000,16.504000,17.249000,3632074.3600
2022.02.16,20:00:00,17.250000,17.374000,17.062000,17.110000,2233795.8700
2022.02.17,00:00:00,17.108000,17.440000,17.083000,17.089000,2155368.8400
2022.02.17,04:00:00,17.092000,17.095000,16.703000,16.982000,2854295.3400
2022.02.17,08:00:00,16.983000,17.046000,16.400000,16.532000,3002727.9300
2022.02.17,12:00:00,16.533000,16.632000,16.012000,16.142000,4254792.7500
2022.02.17,16:00:00,16.142000,16.245000,15.453000,15.756000,4020857.4800
2022.02.17,20:00:00,15.757000,15.836000,15.424000,15.582000,3176036.9700
2022.02.18,00:00:00,15.581000,15.885000,15.451000,15.839000,2210641.6500
2022.02.18,04:00:00,15.840000,16.020000,15.720000,15.868000,1754153.1300
2022.02.18,08:00:00,15.868000,16.040000,15.606000,15.630000,2122357.0900
2022.02.18,12:00:00,15.630000,15.764000,15.100000,15.211000,4853273.6000
2022.02.18,16:00:00,15.208000,15.482000,15.015000,15.340000,4080420.6700
2022.02.18,20:00:00,15.341000,15.381000,15.095000,15.174000,1697169.0900
2022.02.19,00:00:00,15.173000,15.487000,15.111000,15.353000,1386674.4500
2022.02.19,04:00:00,15.357000,15.540000,15.302000,15.471000,1154925.2000
2022.02.19,08:00:00,15.473000,15.502000,14.876000,14.994000,2570479.8000
2022.02.19,12:00:00,14.994000,15.386000,14.819000,15.349000,2941203.6900
2022.02.19,16:00:00,15.348000,15.680000,15.216000,15.303000,3102027.4600
2022.02.19,20:00:00,15.303000,15.559000,15.275000,15.507000,1944971.8800
2022.02.20,00:00:00,15.508000,15.523000,14.960000,14.981000,2497882.3400
2022.02.20,04:00:00,14.981000,15.003000,14.389000,14.728000,4309054.7700
2022.02.20,08:00:00,14.729000,14.779000,14.426000,14.758000,2748714.5400
2022.02.20,12:00:00,14.759000,14.965000,14.399000,14.667000,2809997.6000
2022.02.20,16:00:00,14.665000,14.900000,14.565000,14.801000,2017904.1500
2022.02.20,20:00:00,14.804000,14.909000,14.457000,14.601000,2570640.5300
2022.02.21,00:00:00,14.603000,15.248000,14.506000,15.012000,3146616.4400
2022.02.21,04:00:00,15.012000,15.303000,15.007000,15.178000,2078147.0100
2022.02.21,08:00:00,15.176000,15.272000,14.096000,14.266000,5244345.0300
2022.02.21,12:00:00,14.265000,15.048000,13.917000,14.736000,9071868.8400
2022.02.21,16:00:00,14.735000,14.842000,13.988000,14.258000,6039586.2300
2022.02.21,20:00:00,14.257000,14.383000,13.356000,13.492000,6611166.9200
2022.02.22,00:00:00,13.492000,13.793000,12.988000,13.196000,5747624.2900
2022.02.22,04:00:00,13.197000,13.548000,13.114000,13.284000,3687552.5000
2022.02.22,08:00:00,13.281000,13.856000,13.271000,13.775000,4233586.8400
2022.02.22,12:00:00,13.776000,14.175000,13.622000,13.953000,4625214.9600
2022.02.22,16:00:00,13.952000,14.074000,13.750000,14.028000,3095914.3400
2022.02.22,20:00:00,14.030000,14.126000,13.823000,13.983000,2447309.1400
2022.02.23,00:00:00,13.984000,14.141000,13.718000,13.838000,2590723.1600
2022.02.23,04:00:00,13.837000,14.230000,13.796000,14.170000,2422876.5800
2022.02.23,08:00:00,14.170000,14.571000,14.130000,14.408000,3523108.8300
2022.02.23,12:00:00,14.408000,14.607000,14.152000,14.171000,3353463.3000
2022.02.23,16:00:00,14.170000,14.654000,13.726000,13.794000,4603614.4600
2022.02.23,20:00:00,13.794000,13.860000,13.288000,13.340000,3088411.3000
2022.02.24,00:00:00,13.340000,13.454000,12.147000,12.273000,8752339.7200
2022.02.24,04:00:00,12.274000,12.405000,11.388000,11.791000,11987175.2400
2022.02.24,08:00:00,11.787000,12.047000,11.524000,11.810000,7711451.9600
2022.02.24,12:00:00,11.808000,12.356000,11.560000,12.301000,8891739.4600
2022.02.24,16:00:00,12.302000,13.095000,12.146000,13.071000,8512549.3600
2022.02.24,20:00:00,13.070000,14.105000,12.960000,13.261000,9007251.6500
2022.02.25,00:00:00,13.261000,13.504000,13.106000,13.345000,3499823.8900
2022.02.25,04:00:00,13.351000,13.438000,13.063000,13.364000,2483977.0800
2022.02.25,08:00:00,13.364000,13.647000,13.141000,13.611000,3704141.5800
2022.02.25,12:00:00,13.612000,14.109000,13.592000,14.054000,6198005.5500
2022.02.25,16:00:00,14.051000,14.160000,13.740000,13.759000,3557183.5900
2022.02.25,20:00:00,13.760000,14.482000,13.701000,14.359000,3501858.7500
2022.02.26,00:00:00,14.358000,15.358000,14.270000,14.517000,4853145.7000
2022.02.26,04:00:00,14.515000,14.617000,14.217000,14.485000,2042055.0100
2022.02.26,08:00:00,14.485000,14.588000,14.069000,14.412000,3143124.9800
2022.02.26,12:00:00,14.411000,14.823000,14.249000,14.633000,3027170.1200
2022.02.26,16:00:00,14.633000,14.753000,14.317000,14.567000,2338659.4500
2022.02.26,20:00:00,14.566000,14.935000,14.490000,14.706000,2167092.1000
2022.02.27,00:00:00,14.706000,14.793000,14.055000,14.126000,3306822.1400
2022.02.27,04:00:00,14.125000,14.293000,13.939000,14.250000,1861447.0900
2022.02.27,08:00:00,14.250000,14.681000,14.150000,14.640000,2509350.7100
2022.02.27,12:00:00,14.640000,14.847000,14.160000,14.566000,5258010.8600
2022.02.27,16:00:00,14.568000,14.574000,13.580000,13.669000,4218280.8000
2022.02.27,20:00:00,13.667000,14.005000,13.452000,13.635000,4575795.7000
2022.02.28,00:00:00,13.636000,13.823000,13.415000,13.560000,3529558.5800
2022.02.28,04:00:00,13.560000,13.800000,13.300000,13.744000,2795304.4800
2022.02.28,08:00:00,13.745000,13.878000,13.600000,13.781000,2365194.3800
2022.02.28,12:00:00,13.778000,14.760000,13.604000,14.661000,6286881.4300
2022.02.28,16:00:00,14.663000,14.828000,14.510000,14.679000,3757654.5200
2022.02.28,20:00:00,14.672000,15.152000,14.566000,15.117000,4733326.1300
2022.03.01,00:00:00,15.117000,15.324000,14.864000,14.916000,3113776.0100
2022.03.01,04:00:00,14.916000,15.143000,14.851000,15.099000,2015862.7100
2022.03.01,08:00:00,15.099000,15.187000,14.693000,15.051000,3448367.0500
2022.03.01,12:00:00,15.052000,15.726000,14.970000,15.369000,6556718.7100
2022.03.01,16:00:00,15.369000,15.506000,15.035000,15.175000,3126392.6800
2022.03.01,20:00:00,15.177000,15.412000,15.057000,15.343000,2002284.3800
2022.03.02,00:00:00,15.346000,15.578000,14.901000,15.522000,3325319.1400
2022.03.02,04:00:00,15.522000,15.660000,15.220000,15.275000,2663932.7000
2022.03.02,08:00:00,15.271000,15.799000,15.097000,15.680000,3537111.7400
2022.03.02,12:00:00,15.676000,15.865000,15.150000,15.429000,6170600.1600
2022.03.02,16:00:00,15.429000,15.650000,15.134000,15.261000,2752085.0100
2022.03.02,20:00:00,15.260000,15.529000,15.217000,15.276000,1489625.6100
2022.03.03,00:00:00,15.276000,15.368000,14.925000,15.088000,2277783.8600
2022.03.03,04:00:00,15.087000,15.269000,14.910000,15.161000,1621242.1700
2022.03.03,08:00:00,15.164000,15.235000,14.972000,15.100000,1620212.1400
2022.03.03,12:00:00,15.098000,15.306000,14.578000,14.689000,3408899.8700
2022.03.03,16:00:00,14.690000,14.836000,14.439000,14.625000,2666065.9500
2022.03.03,20:00:00,14.627000,15.014000,14.531000,14.881000,2278901.1500
2022.03.04,00:00:00,14.881000,14.966000,14.160000,14.299000,3684103.6100
2022.03.04,04:00:00,14.300000,14.345000,14.135000,14.332000,1514554.5800
2022.03.04,08:00:00,14.331000,14.596000,14.095000,14.519000,2112986.6700
2022.03.04,12:00:00,14.518000,14.586000,14.093000,14.128000,4088656.9200
2022.03.04,16:00:00,14.127000,14.267000,13.697000,13.744000,3037781.1000
2022.03.04,20:00:00,13.746000,13.869000,13.533000,13.727000,3642304.8900
2022.03.05,00:00:00,13.727000,13.740000,13.400000,13.706000,1945554.5100
2022.03.05,04:00:00,13.707000,13.974000,13.605000,13.895000,1422686.7500
2022.03.05,08:00:00,13.894000,14.075000,13.851000,14.011000,1810954.5100
2022.03.05,12:00:00,14.014000,14.148000,13.870000,14.019000,1840646.1600
2022.03.05,16:00:00,14.018000,14.273000,13.940000,14.064000,1812939.9800
2022.03.05,20:00:00,14.063000,14.116000,13.890000,14.017000,1139727.7900
2022.03.06,00:00:00,14.014000,14.115000,13.740000,13.781000,1338295.6900
2022.03.06,04:00:00,13.781000,13.955000,13.595000,13.817000,1769123.8500
2022.03.06,08:00:00,13.817000,13.849000,13.396000,13.585000,2499609.8700
2022.03.06,12:00:00,13.585000,13.773000,13.533000,13.663000,1717504.9500
2022.03.06,16:00:00,13.664000,13.870000,13.567000,13.598000,1912168.3200
2022.03.06,20:00:00,13.598000,13.852000,13.234000,13.315000,2991248.3800
2022.03.07,00:00:00,13.315000,13.316000,12.757000,12.824000,4520426.5900
2022.03.07,04:00:00,12.823000,13.061000,12.717000,12.903000,2651133.8900
2022.03.07,08:00:00,12.903000,13.095000,12.776000,13.066000,2041725.5400
2022.03.07,12:00:00,13.065000,13.638000,13.063000,13.553000,4290859.7300
2022.03.07,16:00:00,13.553000,13.662000,12.460000,12.563000,5077555.6700
2022.03.07,20:00:00,12.564000,12.868000,12.413000,12.664000,3821916.5400
2022.03.08,00:00:00,12.664000,13.038000,12.561000,12.920000,2542904.3600
2022.03.08,04:00:00,12.922000,13.170000,12.801000,13.083000,2659686.1000
2022.03.08,08:00:00,13.084000,13.545000,13.038000,13.390000,3654013.8900
2022.03.08,12:00:00,13.390000,13.449000,13.042000,13.159000,3541935.8500
2022.03.08,16:00:00,13.163000,13.520000,12.992000,13.166000,3978059.3200
2022.03.08,20:00:00,13.168000,13.229000,12.862000,13.085000,2107506.5300
2022.03.09,00:00:00,13.085000,13.909000,13.048000,13.828000,3839400.7800
2022.03.09,04:00:00,13.830000,14.027000,13.730000,13.879000,2974272.1700
2022.03.09,08:00:00,13.878000,14.107000,13.783000,14.034000,3456868.7800
2022.03.09,12:00:00,14.034000,14.350000,13.888000,14.306000,4242245.1500
2022.03.09,16:00:00,14.305000,14.447000,13.827000,13.935000,3276187.6500
2022.03.09,20:00:00,13.936000,14.036000,13.793000,14.000000,1437671.8700
2022.03.10,00:00:00,14.001000,14.109000,13.640000,13.699000,2816280.1500
2022.03.10,04:00:00,13.701000,13.736000,12.989000,13.114000,4267484.2500
2022.03.10,08:00:00,13.113000,13.211000,12.987000,13.185000,1957826.4500
2022.03.10,12:00:00,13.185000,13.440000,12.939000,13.262000,4576368.5500
2022.03.10,16:00:00,13.260000,13.338000,13.105000,13.319000,2020018.6100
2022.03.10,20:00:00,13.318000,13.330000,13.078000,13.173000,1289314.1400
2022.03.11,00:00:00,13.174000,13.202000,12.793000,12.957000,2457865.2800
2022.03.11,04:00:00,12.958000,13.373000,12.805000,13.318000,2316083.9500
2022.03.11,08:00:00,13.316000,13.615000,13.128000,13.512000,2882663.8200
2022.03.11,12:00:00,13.514000,13.646000,13.125000,13.198000,3238022.3000
2022.03.11,16:00:00,13.200000,13.213000,12.971000,13.005000,1883078.5500
2022.03.11,20:00:00,13.002000,13.223000,12.900000,13.038000,1860083.1700
2022.03.12,00:00:00,13.038000,13.445000,13.008000,13.301000,1959429.2500
2022.03.12,04:00:00,13.301000,13.405000,13.222000,13.252000,1278837.5800
2022.03.12,08:00:00,13.253000,13.315000,13.102000,13.180000,1477560.0300
2022.03.12,12:00:00,13.180000,13.289000,13.070000,13.188000,1568070.2900
2022.03.12,16:00:00,13.188000,13.450000,13.157000,13.326000,1841906.3500
2022.03.12,20:00:00,13.325000,13.373000,13.104000,13.138000,1342735.9800
2022.03.13,00:00:00,13.136000,13.376000,13.067000,13.365000,1662588.1600
2022.03.13,04:00:00,13.366000,13.431000,13.305000,13.326000,1246426.6300
2022.03.13,08:00:00,13.326000,13.348000,13.097000,13.143000,1880887.8900
2022.03.13,12:00:00,13.142000,13.201000,12.974000,13.172000,2557530.9100
2022.03.13,16:00:00,13.171000,13.297000,13.108000,13.178000,1658210.3600
2022.03.13,20:00:00,13.177000,13.177000,12.565000,12.696000,3269681.1200
2022.03.14,00:00:00,12.695000,12.818000,12.587000,12.694000,2112504.8700
2022.03.14,04:00:00,12.694000,13.310000,12.693000,13.233000,4000348.8800
2022.03.14,08:00:00,13.234000,13.350000,13.138000,13.167000,2337677.1300
2022.03.14,12:00:00,13.166000,13.276000,13.050000,13.121000,2327005.7200
2022.03.14,16:00:00,13.118000,13.209000,12.732000,12.900000,3159427.8700
2022.03.14,20:00:00,12.901000,13.439000,12.869000,13.398000,3142718.7600
2022.03.15,00:00:00,13.398000,13.594000,13.195000,13.224000,3698528.0400
2022.03.15,04:00:00,13.221000,13.276000,12.865000,12.978000,2740331.8500
2022.03.15,08:00:00,12.977000,13.080000,12.880000,13.046000,1708017.7200
2022.03.15,12:00:00,13.046000,13.336000,12.941000,13.256000,2743647.0400
2022.03.15,16:00:00,13.257000,13.689000,13.209000,13.563000,3458124.0500
2022.03.15,20:00:00,13.561000,13.798000,13.412000,13.694000,2575952.6900
2022.03.16,00:00:00,13.693000,14.260000,13.654000,13.799000,5874565.5600
2022.03.16,04:00:00,13.799000,13.981000,13.686000,13.981000,2270633.7200
2022.03.16,08:00:00,13.980000,14.224000,13.944000,14.059000,2992279.1600
2022.03.16,12:00:00,14.060000,14.226000,13.898000,14.140000,2748267.0300
2022.03.16,16:00:00,14.139000,14.463000,13.719000,14.452000,6197671.2200
2022.03.16,20:00:00,14.452000,14.780000,14.381000,14.661000,2849415.6400
2022.03.17,00:00:00,14.662000,14.784000,14.554000,14.648000,2114432.1300
2022.03.17,04:00:00,14.646000,14.665000,14.215000,14.351000,3483030.3500
2022.03.17,08:00:00,14.350000,14.872000,14.340000,14.819000,3571545.7800
2022.03.17,12:00:00,14.818000,14.926000,14.500000,14.540000,3158885.8200
2022.03.17,16:00:00,14.541000,14.616000,14.423000,14.547000,1638681.1800
2022.03.17,20:00:00,14.548000,14.588000,14.360000,14.404000,1572829.2600
2022.03.18,00:00:00,14.404000,14.492000,14.115000,14.178000,2583539.5200
2022.03.18,04:00:00,14.177000,14.544000,14.143000,14.414000,1686671.0100
2022.03.18,08:00:00,14.413000,14.699000,14.357000,14.666000,3001636.1200
2022.03.18,12:00:00,14.664000,15.088000,14.560000,15.068000,4670571.9900
2022.03.18,16:00:00,15.068000,15.273000,14.920000,15.060000,3582379.6600
2022.03.18,20:00:00,15.061000,15.147000,14.881000,15.005000,1716964.2600
2022.03.19,00:00:00,15.005000,15.203000,14.820000,14.923000,1918739.9400
2022.03.19,04:00:00,14.922000,15.028000,14.857000,14.984000,1374955.3000
2022.03.19,08:00:00,14.985000,15.093000,14.903000,15.036000,1419729.4200
2022.03.19,12:00:00,15.036000,15.366000,14.990000,15.335000,3007191.5600
2022.03.19,16:00:00,15.336000,15.401000,15.082000,15.106000,2168788.2400
2022.03.19,20:00:00,15.106000,15.235000,14.834000,14.994000,2846018.4700
2022.03.20,00:00:00,14.995000,15.135000,14.852000,14.929000,1852331.0200
2022.03.20,04:00:00,14.931000,15.089000,14.874000,14.997000,1139964.7800
2022.03.20,08:00:00,14.994000,14.996000,14.708000,14.729000,1719748.4500
2022.03.20,12:00:00,14.729000,14.755000,14.557000,14.663000,2333742.9000
2022.03.20,16:00:00,14.664000,14.776000,14.423000,14.634000,2045945.4100
2022.03.20,20:00:00,14.635000,14.749000,14.511000,14.546000,1441979.9100
2022.03.21,00:00:00,14.545000,14.640000,14.280000,14.469000,1876423.7900
2022.03.21,04:00:00,14.471000,14.973000,14.432000,14.953000,1920210.2000
2022.03.21,08:00:00,14.953000,15.187000,14.883000,15.072000,2675759.2600
2022.03.21,12:00:00,15.074000,15.273000,14.915000,15.058000,3212580.7800
2022.03.21,16:00:00,15.058000,15.069000,14.708000,14.862000,2333079.9500
2022.03.21,20:00:00,14.861000,15.044000,14.810000,14.986000,1403139.1200
2022.03.22,00:00:00,14.987000,15.592000,14.978000,15.531000,3521790.2700
2022.03.22,04:00:00,15.532000,15.773000,15.452000,15.499000,3333222.0700
2022.03.22,08:00:00,15.499000,15.842000,15.434000,15.833000,2537062.8400
2022.03.22,12:00:00,15.833000,15.852000,15.506000,15.517000,2441413.3500
2022.03.22,16:00:00,15.516000,15.692000,15.404000,15.413000,1433256.7700
2022.03.22,20:00:00,15.413000,15.647000,15.377000,15.427000,1638709.8600
2022.03.23,00:00:00,15.427000,15.508000,15.199000,15.248000,2264338.7000
2022.03.23,04:00:00,15.246000,15.450000,15.118000,15.405000,1879789.6600
2022.03.23,08:00:00,15.405000,15.456000,15.220000,15.310000,1775938.9700
2022.03.23,12:00:00,15.311000,15.887000,15.238000,15.793000,3183824.0300
2022.03.23,16:00:00,15.797000,15.952000,15.519000,15.548000,2895051.5600
2022.03.23,20:00:00,15.550000,15.837000,15.529000,15.828000,1464697.2900
2022.03.24,00:00:00,15.828000,15.999000,15.601000,15.620000,2631079.9200
2022.03.24,04:00:00,15.621000,15.960000,15.596000,15.912000,2137525.4900
2022.03.24,08:00:00,15.912000,16.213000,15.846000,16.172000,3842009.5900
2022.03.24,12:00:00,16.172000,16.389000,15.777000,16.347000,5262731.0900
2022.03.24,16:00:00,16.346000,16.439000,16.143000,16.159000,2547168.1500
2022.03.24,20:00:00,16.159000,16.250000,16.085000,16.157000,1350229.8000
2022.03.25,00:00:00,16.160000,16.188000,15.922000,16.007000,2113943.5100
2022.03.25,04:00:00,16.007000,16.278000,15.984000,16.019000,1932395.8500
2022.03.25,08:00:00,16.020000,16.396000,15.800000,16.353000,3183751.3900
2022.03.25,12:00:00,16.353000,16.454000,15.826000,15.896000,4373820.7900
2022.03.25,16:00:00,15.896000,15.998000,15.461000,15.609000,4157667.1400
2022.03.25,20:00:00,15.609000,15.680000,15.449000,15.585000,1479298.1500
2022.03.26,00:00:00,15.584000,15.733000,15.472000,15.683000,1490421.5900
2022.03.26,04:00:00,15.683000,15.912000,15.662000,15.860000,1499666.5000
2022.03.26,08:00:00,15.860000,15.953000,15.717000,15.819000,1518042.4300
2022.03.26,12:00:00,15.819000,15.866000,15.543000,15.594000,2250663.5500
2022.03.26,16:00:00,15.594000,15.797000,15.538000,15.740000,1810339.9800
2022.03.26,20:00:00,15.740000,15.885000,15.698000,15.831000,1770608.1500
2022.03.27,00:00:00,15.830000,16.097000,15.788000,16.011000,2161511.3000
2022.03.27,04:00:00,16.011000,16.162000,15.911000,16.139000,1593715.6900
2022.03.27,08:00:00,16.139000,16.144000,15.869000,15.912000,1796570.7600
2022.03.27,12:00:00,15.912000,16.067000,15.612000,16.047000,2887174.9400
2022.03.27,16:00:00,16.049000,16.308000,16.023000,16.207000,3069962.3100
2022.03.27,20:00:00,16.207000,16.900000,16.149000,16.855000,5116170.6900
2022.03.28,00:00:00,16.854000,16.948000,16.631000,16.796000,2690030.5400
2022.03.28,04:00:00,16.796000,17.122000,16.720000,17.033000,2896212.6200
2022.03.28,08:00:00,17.033000,17.286000,16.892000,17.084000,2823164.8700
2022.03.28,12:00:00,17.084000,17.365000,16.973000,16.978000,3791027.8200
2022.03.28,16:00:00,16.977000,17.244000,16.902000,17.091000,2974307.8100
2022.03.28,20:00:00,17.090000,17.219000,16.324000,16.496000,3495186.3600
2022.03.29,00:00:00,16.495000,17.169000,16.460000,16.872000,3032847.1300
2022.03.29,04:00:00,16.873000,17.154000,16.851000,16.877000,1996731.7900
2022.03.29,08:00:00,16.877000,17.242000,16.864000,17.213000,2112655.6600
2022.03.29,12:00:00,17.216000,17.527000,16.961000,16.993000,4824029.0200
2022.03.29,16:00:00,16.993000,17.080000,16.652000,16.976000,3375504.2400
2022.03.29,20:00:00,16.975000,17.020000,16.555000,16.971000,2660385.8500
2022.03.30,00:00:00,16.970000,17.395000,16.516000,17.351000,3642768.3000
2022.03.30,04:00:00,17.350000,17.465000,17.056000,17.317000,2582544.5700
2022.03.30,08:00:00,17.314000,17.392000,17.116000,17.274000,2121304.1900
2022.03.30,12:00:00,17.276000,17.459000,16.863000,17.276000,3925049.9500
2022.03.30,16:00:00,17.276000,17.580000,17.029000,17.186000,3895730.2900
2022.03.30,20:00:00,17.190000,17.290000,17.029000,17.214000,1702157.4700
2022.03.31,00:00:00,17.214000,17.567000,17.155000,17.305000,2018411.3000
2022.03.31,04:00:00,17.304000,17.554000,17.220000,17.513000,1712407.4500
2022.03.31,08:00:00,17.513000,18.058000,17.485000,17.850000,4277496.9600
2022.03.31,12:00:00,17.854000,17.995000,16.953000,17.173000,5942317.2200
2022.03.31,16:00:00,17.175000,17.220000,16.645000,16.856000,3813372.9100
2022.03.31,20:00:00,16.856000,17.095000,16.735000,16.920000,1991935.0200
2022.04.01,00:00:00,16.922000,17.085000,16.151000,16.454000,3668485.1000
2022.04.01,04:00:00,16.452000,16.839000,16.416000,16.825000,1569863.5300
2022.04.01,08:00:00,16.826000,16.923000,16.701000,16.725000,1811259.6100
2022.04.01,12:00:00,16.726000,17.376000,16.459000,17.291000,4045563.3800
2022.04.01,16:00:00,17.290000,17.344000,17.081000,17.232000,1672898.2800
2022.04.01,20:00:00,17.228000,17.368000,17.045000,17.352000,1324166.1000
2022.04.02,00:00:00,17.353000,17.596000,17.191000,17.301000,2257809.1600
2022.04.02,04:00:00,17.304000,17.496000,17.279000,17.434000,1183589.4300
2022.04.02,08:00:00,17.434000,17.734000,17.364000,17.639000,1836853.3800
2022.04.02,12:00:00,17.633000,17.865000,17.221000,17.323000,4016405.4300
2022.04.02,16:00:00,17.322000,17.540000,17.091000,17.398000,2763691.6000
2022.04.02,20:00:00,17.393000,17.675000,17.322000,17.407000,1850642.1300
2022.04.03,00:00:00,17.410000,17.707000,17.150000,17.479000,2634852.0600
2022.04.03,04:00:00,17.479000,17.974000,17.448000,17.812000,3055068.2700
2022.04.03,08:00:00,17.814000,17.866000,17.600000,17.779000,1617378.5400
2022.04.03,12:00:00,17.778000,17.930000,17.638000,17.894000,1813895.9300
2022.04.03,16:00:00,17.892000,18.273000,17.805000,17.955000,3293410.2200
2022.04.03,20:00:00,17.958000,18.324000,17.888000,18.082000,2433414.1300
2022.04.04,00:00:00,18.081000,18.086000,17.555000,17.636000,2761814.2400
2022.04.04,04:00:00,17.636000,17.955000,17.583000,17.859000,1647956.1000
2022.04.04,08:00:00,17.859000,17.891000,17.303000,17.509000,2996366.9600
2022.04.04,12:00:00,17.508000,17.543000,16.945000,17.016000,3110285.7500
2022.04.04,16:00:00,17.016000,17.254000,16.810000,17.226000,2711633.7200
2022.04.04,20:00:00,17.227000,17.575000,17.142000,17.506000,1916934.1100
2022.04.05,00:00:00,17.506000,17.662000,17.362000,17.558000,1329224.1000
2022.04.05,04:00:00,17.558000,17.600000,17.302000,17.396000,1076155.0900
2022.04.05,08:00:00,17.396000,17.416000,17.200000,17.369000,1705866.8200
2022.04.05,12:00:00,17.369000,17.565000,16.960000,17.120000,3246089.0500
2022.04.05,16:00:00,17.120000,17.244000,16.936000,17.130000,1901566.4400
2022.04.05,20:00:00,17.126000,17.173000,16.650000,16.736000,1915083.8600
2022.04.06,00:00:00,16.737000,16.777000,16.006000,16.385000,3687070.0200
2022.04.06,04:00:00,16.384000,16.655000,16.280000,16.533000,1805292.1200
2022.04.06,08:00:00,16.528000,16.584000,16.025000,16.140000,2182224.6300
2022.04.06,12:00:00,16.140000,16.282000,15.494000,15.732000,4549434.5900
2022.04.06,16:00:00,15.731000,15.800000,15.313000,15.622000,3331224.5500
2022.04.06,20:00:00,15.624000,15.799000,15.260000,15.399000,2171521.8100
2022.04.07,00:00:00,15.397000,15.644000,15.086000,15.361000,2799225.5700
2022.04.07,04:00:00,15.364000,15.667000,15.318000,15.606000,1384019.2000
2022.04.07,08:00:00,15.605000,15.851000,15.432000,15.797000,1769417.8800
2022.04.07,12:00:00,15.796000,15.872000,15.280000,15.485000,2870014.4400
2022.04.07,16:00:00,15.482000,15.720000,15.349000,15.604000,1792101.9500
2022.04.07,20:00:00,15.605000,15.869000,15.570000,15.733000,1255646.7700
2022.04.08,00:00:00,15.731000,15.903000,15.629000,15.870000,1213355.2900
2022.04.08,04:00:00,15.870000,15.892000,15.618000,15.770000,1301023.0800
2022.04.08,08:00:00,15.769000,15.843000,15.422000,15.453000,1668323.9300
2022.04.08,12:00:00,15.453000,15.784000,15.183000,15.653000,2770428.1700
2022.04.08,16:00:00,15.653000,15.740000,15.330000,15.404000,2063312.5000
2022.04.08,20:00:00,15.404000,15.478000,15.006000,15.115000,1888145.5800
2022.04.09,00:00:00,15.115000,15.464000,15.107000,15.328000,1612242.2900
2022.04.09,04:00:00,15.328000,15.411000,15.238000,15.347000,1014590.3900
2022.04.09,08:00:00,15.345000,15.377000,15.183000,15.300000,956723.8100
2022.04.09,12:00:00,15.299000,15.453000,15.160000,15.185000,1414722.4700
2022.04.09,16:00:00,15.186000,15.383000,15.171000,15.275000,887875.5400
2022.04.09,20:00:00,15.274000,15.458000,15.214000,15.422000,1028988.7800
2022.04.10,00:00:00,15.422000,15.570000,15.344000,15.520000,1018056.2300
2022.04.10,04:00:00,15.521000,15.630000,15.402000,15.438000,930386.0700
2022.04.10,08:00:00,15.437000,15.497000,15.227000,15.331000,1218054.5900
2022.04.10,12:00:00,15.331000,15.492000,15.299000,15.471000,1335049.2100
2022.04.10,16:00:00,15.470000,15.906000,15.453000,15.845000,2406909.3900
2022.04.10,20:00:00,15.846000,15.921000,15.139000,15.226000,2906372.7700
2022.04.11,00:00:00,15.226000,15.267000,14.757000,14.886000,2989624.3000
2022.04.11,04:00:00,14.885000,14.994000,14.848000,14.937000,1595463.9900
2022.04.11,08:00:00,14.938000,14.961000,14.108000,14.176000,4696402.0500
2022.04.11,12:00:00,14.177000,14.265000,13.919000,13.952000,3189439.1400
2022.04.11,16:00:00,13.953000,14.149000,13.810000,13.897000,2647600.6500
2022.04.11,20:00:00,13.895000,13.944000,13.500000,13.755000,3152726.3500
2022.04.12,00:00:00,13.754000,13.910000,13.684000,13.782000,1600088.5500
2022.04.12,04:00:00,13.781000,14.080000,13.759000,14.031000,1868465.5300
2022.04.12,08:00:00,14.029000,14.173000,13.892000,14.143000,1945577.9600
2022.04.12,12:00:00,14.144000,14.320000,13.894000,14.016000,3545248.6500
2022.04.12,16:00:00,14.017000,14.100000,13.627000,13.655000,2095704.8200
2022.04.12,20:00:00,13.654000,14.008000,13.637000,13.970000,1609139.7200
2022.04.13,00:00:00,13.970000,14.091000,13.840000,13.985000,1884201.9200
2022.04.13,04:00:00,13.986000,14.097000,13.949000,14.021000,1065648.2000
2022.04.13,08:00:00,14.023000,14.054000,13.742000,13.756000,1691599.5300
2022.04.13,12:00:00,13.756000,14.172000,13.673000,14.090000,4163356.3900
2022.04.13,16:00:00,14.090000,14.217000,13.985000,14.051000,2026391.6400
2022.04.13,20:00:00,14.052000,14.204000,14.031000,14.187000,1084121.1400
2022.04.14,00:00:00,14.187000,14.325000,14.094000,14.173000,1492572.4400
2022.04.14,04:00:00,14.173000,14.231000,14.062000,14.181000,1269555.8700
2022.04.14,08:00:00,14.181000,14.222000,13.864000,13.895000,2238404.3900
2022.04.14,12:00:00,13.896000,14.086000,13.470000,13.503000,3599657.9500
2022.04.14,16:00:00,13.501000,13.703000,13.318000,13.585000,3706761.9800
2022.04.14,20:00:00,13.584000,13.685000,13.514000,13.636000,1169592.0100
2022.04.15,00:00:00,13.636000,13.889000,13.617000,13.889000,1329501.8200
2022.04.15,04:00:00,13.888000,14.049000,13.781000,13.914000,2009451.8300
2022.04.15,08:00:00,13.913000,14.044000,13.853000,13.911000,1541290.9700
2022.04.15,12:00:00,13.911000,14.044000,13.694000,13.893000,2116089.3600
2022.04.15,16:00:00,13.893000,14.013000,13.806000,13.947000,1355088.0300
2022.04.15,20:00:00,13.946000,14.193000,13.910000,14.099000,1741242.7800
2022.04.16,00:00:00,14.099000,14.267000,14.040000,14.053000,2253035.1200
2022.04.16,04:00:00,14.051000,14.138000,13.978000,13.991000,1409145.6400
2022.04.16,08:00:00,13.992000,14.159000,13.960000,14.090000,2184444.8600
2022.04.16,12:00:00,14.090000,14.227000,13.823000,13.870000,2467537.5900
2022.04.16,16:00:00,13.868000,14.017000,13.840000,13.912000,943283.1600
2022.04.16,20:00:00,13.913000,14.198000,13.849000,14.146000,1387720.0200
2022.04.17,00:00:00,14.145000,14.398000,13.987000,14.260000,1922600.5700
2022.04.17,04:00:00,14.260000,14.576000,14.254000,14.489000,3073094.8800
2022.04.17,08:00:00,14.488000,14.599000,14.403000,14.589000,6924238.0000
2022.04.17,12:00:00,14.588000,14.619000,14.379000,14.469000,4116769.7200
2022.04.17,16:00:00,14.469000,14.528000,14.044000,14.185000,2674959.5500
2022.04.17,20:00:00,14.185000,14.209000,13.635000,13.714000,2627189.8700
2022.04.18,00:00:00,13.713000,13.837000,13.666000,13.804000,1563032.7200
2022.04.18,04:00:00,13.803000,13.834000,13.135000,13.195000,4644181.8100
2022.04.18,08:00:00,13.196000,13.370000,13.164000,13.324000,1819395.3100
2022.04.18,12:00:00,13.324000,13.556000,13.253000,13.311000,2888948.8000
2022.04.18,16:00:00,13.312000,13.876000,13.209000,13.827000,3921612.2000
2022.04.18,20:00:00,13.828000,14.059000,13.825000,14.047000,1702065.7900
2022.04.19,00:00:00,14.046000,14.203000,13.837000,13.889000,1939681.6200
2022.04.19,04:00:00,13.889000,13.991000,13.850000,13.890000,1178289.8000
2022.04.19,08:00:00,13.890000,14.224000,13.828000,14.057000,2354340.3400
2022.04.19,12:00:00,14.056000,14.405000,14.022000,14.283000,2797515.7000
2022.04.19,16:00:00,14.282000,14.369000,14.075000,14.122000,1843458.3600
2022.04.19,20:00:00,14.120000,14.287000,14.010000,14.239000,1625716.3300
2022.04.20,00:00:00,14.239000,14.265000,13.999000,14.186000,1398916.5100
2022.04.20,04:00:00,14.185000,14.413000,14.093000,14.287000,1851760.7200
2022.04.20,08:00:00,14.287000,14.484000,14.238000,14.423000,2534685.7400
2022.04.20,12:00:00,14.425000,14.488000,13.826000,13.913000,4034500.7900
2022.04.20,16:00:00,13.913000,13.953000,13.698000,13.928000,2830283.0500
2022.04.20,20:00:00,13.927000,14.122000,13.909000,14.021000,1777058.1100
2022.04.21,00:00:00,14.022000,14.257000,14.001000,14.174000,1450420.7800
2022.04.21,04:00:00,14.174000,14.236000,13.907000,14.065000,1620267.1000
2022.04.21,08:00:00,14.065000,14.350000,13.895000,14.258000,2745330.6700
2022.04.21,12:00:00,14.258000,14.373000,14.076000,14.094000,2477627.0400
2022.04.21,16:00:00,14.094000,14.128000,13.727000,13.766000,2702530.3100
2022.04.21,20:00:00,13.764000,13.798000,13.346000,13.568000,3141828.9800
2022.04.22,00:00:00,13.567000,13.787000,13.493000,13.746000,1760056.1000
2022.04.22,04:00:00,13.747000,13.879000,13.614000,13.811000,1783238.4100
2022.04.22,08:00:00,13.811000,13.837000,13.624000,13.813000,1567485.7700
2022.04.22,12:00:00,13.811000,13.845000,13.461000,13.518000,2557875.3200
2022.04.22,16:00:00,13.519000,13.842000,13.465000,13.692000,2062069.0600
2022.04.22,20:00:00,13.691000,13.763000,13.550000,13.577000,1063349.5700
2022.04.23,00:00:00,13.577000,13.684000,13.366000,13.436000,1643158.2500
2022.04.23,04:00:00,13.437000,13.523000,13.260000,13.486000,1427822.5900
2022.04.23,08:00:00,13.485000,13.608000,13.435000,13.577000,909343.4600
2022.04.23,12:00:00,13.577000,13.628000,13.466000,13.550000,1153651.5600
2022.04.23,16:00:00,13.551000,13.614000,13.333000,13.387000,1497559.6700
2022.04.23,20:00:00,13.387000,13.480000,13.202000,13.310000,1167931.5200
2022.04.24,00:00:00,13.308000,13.584000,13.293000,13.551000,1299052.2500
2022.04.24,04:00:00,13.551000,13.638000,13.504000,13.515000,941700.0500
2022.04.24,08:00:00,13.515000,13.535000,13.335000,13.368000,1049214.7500
2022.04.24,12:00:00,13.367000,13.550000,13.261000,13.452000,1834765.8800
2022.04.24,16:00:00,13.452000,13.485000,13.200000,13.457000,2059920.2100
2022.04.24,20:00:00,13.454000,13.477000,13.233000,13.257000,1630629.5400
2022.04.25,00:00:00,13.257000,13.298000,12.801000,13.092000,4114475.8400
2022.04.25,04:00:00,13.093000,13.129000,12.527000,12.579000,3511854.3600
2022.04.25,08:00:00,12.580000,12.901000,12.520000,12.885000,2787252.4500
2022.04.25,12:00:00,12.884000,13.159000,12.813000,12.977000,3414723.3100
2022.04.25,16:00:00,12.976000,13.385000,12.953000,13.366000,2534150.7800
2022.04.25,20:00:00,13.364000,13.504000,13.327000,13.427000,1453878.1700
2022.04.26,00:00:00,13.428000,13.498000,13.282000,13.331000,1408611.8700
2022.04.26,04:00:00,13.330000,13.388000,13.242000,13.351000,1237666.5300
2022.04.26,08:00:00,13.351000,13.480000,13.204000,13.320000,1299723.5900
2022.04.26,12:00:00,13.321000,13.378000,12.621000,12.645000,3707979.7000
2022.04.26,16:00:00,12.645000,12.789000,12.363000,12.505000,3373430.7700
2022.04.26,20:00:00,12.505000,12.580000,12.127000,12.359000,2946157.4500
2022.04.27,00:00:00,12.359000,12.579000,12.292000,12.523000,1553224.1000
2022.04.27,04:00:00,12.520000,12.692000,12.487000,12.692000,1355147.6600
2022.04.27,08:00:00,12.693000,12.720000,12.406000,12.549000,2345330.3500
2022.04.27,12:00:00,12.548000,12.762000,12.347000,12.608000,3055208.8600
2022.04.27,16:00:00,12.607000,12.797000,12.504000,12.592000,2742390.3300
2022.04.27,20:00:00,12.592000,12.770000,12.589000,12.731000,1007786.5200
2022.04.28,00:00:00,12.732000,12.832000,12.563000,12.613000,1673193.9500
2022.04.28,04:00:00,12.612000,12.801000,12.547000,12.762000,1276266.9800
2022.04.28,08:00:00,12.762000,12.984000,12.745000,12.773000,2690291.2600
2022.04.28,12:00:00,12.773000,12.856000,12.392000,12.505000,4667079.1300
2022.04.28,16:00:00,12.503000,12.795000,12.407000,12.670000,2536316.5400
2022.04.28,20:00:00,12.668000,12.793000,12.527000,12.652000,1895088.6800
2022.04.29,00:00:00,12.653000,12.729000,12.439000,12.528000,1227863.9600
2022.04.29,04:00:00,12.530000,12.642000,12.434000,12.616000,1017843.6200
2022.04.29,08:00:00,12.615000,12.631000,12.066000,12.165000,2492598.2700
2022.04.29,12:00:00,12.166000,12.424000,12.098000,12.295000,2077990.6100
2022.04.29,16:00:00,12.296000,12.300000,11.824000,11.915000,2747866.2300
2022.04.29,20:00:00,11.917000,12.031000,11.829000,11.968000,1196198.1700
2022.04.30,00:00:00,11.970000,12.192000,11.940000,12.130000,1019401.7700
2022.04.30,04:00:00,12.131000,12.239000,12.076000,12.100000,902247.5000
2022.04.30,08:00:00,12.101000,12.135000,11.964000,12.046000,1123657.8000
2022.04.30,12:00:00,12.046000,12.092000,11.625000,11.794000,2146589.8700
2022.04.30,16:00:00,11.793000,11.850000,11.498000,11.678000,2518251.9700
2022.04.30,20:00:00,11.677000,11.697000,10.633000,10.951000,6359644.3000
2022.05.01,00:00:00,10.951000,11.220000,10.802000,11.123000,3711888.3900
2022.05.01,04:00:00,11.124000,11.232000,10.987000,11.090000,2094186.2200
2022.05.01,08:00:00,11.090000,11.193000,11.066000,11.072000,1470223.0100
2022.05.01,12:00:00,11.071000,11.370000,10.961000,11.311000,2275140.6600
2022.05.01,16:00:00,11.312000,11.476000,10.883000,10.974000,2633707.7500
2022.05.01,20:00:00,10.973000,11.370000,10.921000,11.293000,1988187.2000
2022.05.02,00:00:00,11.292000,11.435000,11.193000,11.206000,1600191.5300
2022.05.02,04:00:00,11.206000,11.362000,11.181000,11.241000,1582198.7600
2022.05.02,08:00:00,11.242000,11.280000,10.870000,10.900000,2145002.3700
2022.05.02,12:00:00,10.900000,11.284000,10.861000,11.177000,3314084.5500
2022.05.02,16:00:00,11.177000,11.206000,10.750000,11.081000,3253398.7500
2022.05.02,20:00:00,11.083000,11.389000,11.028000,11.168000,2079167.0900
2022.05.03,00:00:00,11.168000,11.319000,11.043000,11.288000,1536395.6800
2022.05.03,04:00:00,11.286000,11.348000,11.218000,11.330000,1432087.9100
2022.05.03,08:00:00,11.330000,11.495000,11.129000,11.401000,1927893.6200
2022.05.03,12:00:00,11.402000,11.431000,11.127000,11.239000,2584139.7600
2022.05.03,16:00:00,11.239000,11.291000,10.805000,10.873000,3304060.2800
2022.05.03,20:00:00,10.874000,11.153000,10.785000,11.117000,1937764.6500
2022.05.04,00:00:00,11.117000,11.330000,11.078000,11.223000,2395992.5400
2022.05.04,04:00:00,11.223000,11.337000,11.140000,11.331000,1493001.1100
2022.05.04,08:00:00,11.332000,11.520000,11.280000,11.450000,2907907.4100
2022.05.04,12:00:00,11.450000,11.494000,11.102000,11.218000,2576775.1200
2022.05.04,16:00:00,11.215000,12.095000,11.157000,12.016000,5961209.0100
2022.05.04,20:00:00,12.019000,12.208000,11.989000,12.193000,2018482.6300
2022.05.05,00:00:00,12.193000,12.288000,12.086000,12.147000,1699869.8100
2022.05.05,04:00:00,12.147000,12.156000,11.902000,11.985000,1571089.1900
2022.05.05,08:00:00,11.986000,12.080000,11.839000,11.912000,1898508.0400
2022.05.05,12:00:00,11.912000,12.023000,10.785000,10.897000,7627294.3800
2022.05.05,16:00:00,10.895000,11.046000,10.559000,10.847000,6905199.9000
2022.05.05,20:00:00,10.847000,10.945000,10.741000,10.907000,2410268.2100
2022.05.06,00:00:00,10.906000,11.015000,10.788000,10.978000,1787189.4800
2022.05.06,04:00:00,10.979000,11.019000,10.612000,10.821000,2900066.8500
2022.05.06,08:00:00,10.821000,10.922000,10.481000,10.597000,3211952.4900
2022.05.06,12:00:00,10.598000,10.907000,10.384000,10.699000,5564605.0400
2022.05.06,16:00:00,10.697000,10.804000,10.572000,10.761000,2656708.3700
2022.05.06,20:00:00,10.761000,10.877000,10.697000,10.781000,1170386.0200
2022.05.07,00:00:00,10.781000,10.831000,10.610000,10.640000,1966100.4800
2022.05.07,04:00:00,10.643000,10.753000,10.515000,10.727000,2062242.8100
2022.05.07,08:00:00,10.731000,10.842000,10.691000,10.770000,1914106.3200
2022.05.07,12:00:00,10.771000,10.809000,10.632000,10.716000,2031334.4800
2022.05.07,16:00:00,10.716000,10.743000,10.559000,10.654000,2517947.8200
2022.05.07,20:00:00,10.654000,10.658000,9.971000,10.205000,4807690.9400
2022.05.08,00:00:00,10.205000,10.309000,9.866000,10.037000,4362289.0300
2022.05.08,04:00:00,10.037000,10.217000,10.002000,10.147000,2074615.8300
2022.05.08,08:00:00,10.146000,10.371000,10.092000,10.278000,2108845.3600
2022.05.08,12:00:00,10.278000,10.308000,9.965000,10.080000,3299204.8500
2022.05.08,16:00:00,10.080000,10.265000,9.830000,10.222000,4054633.3400
2022.05.08,20:00:00,10.222000,10.245000,9.930000,9.990000,2133501.4000
2022.05.09,00:00:00,9.990000,10.160000,9.662000,9.797000,4168626.2600
2022.05.09,04:00:00,9.797000,9.923000,9.579000,9.670000,2906418.4100
2022.05.09,08:00:00,9.671000,9.745000,9.069000,9.391000,8818235.5400
2022.05.09,12:00:00,9.390000,9.485000,8.983000,9.111000,6848503.8300
2022.05.09,16:00:00,9.110000,9.191000,8.239000,8.582000,14628827.8600
2022.05.09,20:00:00,8.583000,8.909000,7.983000,8.081000,9998611.6800
2022.05.10,00:00:00,8.081000,8.560000,7.875000,8.305000,14991799.2700
2022.05.10,04:00:00,8.305000,9.153000,8.261000,8.805000,10102826.7100
2022.05.10,08:00:00,8.805000,9.133000,8.772000,9.107000,5246332.0300
2022.05.10,12:00:00,9.106000,9.318000,8.659000,8.905000,8799317.5800
2022.05.10,16:00:00,8.906000,9.117000,8.662000,8.696000,5693862.2300
2022.05.10,20:00:00,8.697000,8.733000,8.200000,8.577000,7009680.1200
2022.05.11,00:00:00,8.576000,8.811000,8.373000,8.631000,5707931.3100
2022.05.11,04:00:00,8.631000,8.844000,7.880000,8.141000,9893970.7500
2022.05.11,08:00:00,8.141000,8.731000,8.034000,8.210000,8442492.5600
2022.05.11,12:00:00,8.210000,8.389000,6.900000,7.662000,21461800.3300
2022.05.11,16:00:00,7.665000,7.757000,6.931000,6.965000,10293657.3900
2022.05.11,20:00:00,6.965000,7.125000,6.528000,6.936000,11412636.2700
2022.05.12,00:00:00,6.936000,7.414000,6.409000,6.414000,13387324.4200
2022.05.12,04:00:00,6.413000,6.472000,5.519000,6.156000,18919775.4400
2022.05.12,08:00:00,6.158000,6.540000,5.968000,6.309000,12698353.9800
2022.05.12,12:00:00,6.306000,6.877000,6.025000,6.531000,10108318.5000
2022.05.12,16:00:00,6.531000,6.981000,6.357000,6.597000,7297061.4500
2022.05.12,20:00:00,6.596000,6.648000,6.278000,6.562000,4491623.3000
2022.05.13,00:00:00,6.562000,7.245000,6.471000,7.154000,6556235.5200
2022.05.13,04:00:00,7.154000,7.490000,7.097000,7.112000,5402803.0600
2022.05.13,08:00:00,7.110000,7.586000,7.109000,7.580000,4688326.5400
2022.05.13,12:00:00,7.580000,7.702000,7.251000,7.293000,5816212.7200
2022.05.13,16:00:00,7.295000,7.399000,7.009000,7.235000,5596829.3300
2022.05.13,20:00:00,7.238000,7.379000,7.005000,7.146000,3492788.2500
2022.05.14,00:00:00,7.145000,7.440000,7.054000,7.276000,3235973.4900
2022.05.14,04:00:00,7.276000,7.283000,6.962000,7.012000,2788822.0700
2022.05.14,08:00:00,7.012000,7.136000,6.697000,6.777000,3706781.7400
2022.05.14,12:00:00,6.779000,6.844000,6.624000,6.665000,3139045.4500
2022.05.14,16:00:00,6.666000,7.138000,6.635000,6.980000,3958888.6900
2022.05.14,20:00:00,6.983000,7.321000,6.971000,7.246000,2543148.6600
2022.05.15,00:00:00,7.248000,7.361000,7.006000,7.100000,2677600.2800
2022.05.15,04:00:00,7.100000,7.375000,7.047000,7.242000,2057096.3700
2022.05.15,08:00:00,7.242000,7.574000,7.101000,7.562000,2444241.9100
2022.05.15,12:00:00,7.562000,7.671000,7.344000,7.527000,4834119.2600
2022.05.15,16:00:00,7.525000,7.728000,7.494000,7.701000,2714127.7300
2022.05.15,20:00:00,7.699000,7.985000,7.665000,7.960000,3045838.3000
2022.05.16,00:00:00,7.959000,7.963000,7.479000,7.564000,3725913.0700
2022.05.16,04:00:00,7.564000,7.571000,7.161000,7.290000,3680738.7300
2022.05.16,08:00:00,7.290000,7.502000,7.152000,7.353000,3334883.5300
2022.05.16,12:00:00,7.354000,7.538000,7.205000,7.342000,5633538.3200
2022.05.16,16:00:00,7.342000,7.490000,7.220000,7.391000,3212015.9300
2022.05.16,20:00:00,7.390000,7.611000,7.371000,7.418000,2847393.3000
2022.05.17,00:00:00,7.418000,7.750000,7.384000,7.717000,2609778.9200
2022.05.17,04:00:00,7.715000,7.851000,7.671000,7.701000,1934802.6800
2022.05.17,08:00:00,7.701000,7.875000,7.648000,7.715000,2726347.0900
2022.05.17,12:00:00,7.714000,7.969000,7.522000,7.603000,4307297.3900
2022.05.17,16:00:00,7.602000,7.613000,7.288000,7.525000,4346846.5800
2022.05.17,20:00:00,7.525000,7.766000,7.504000,7.710000,1779150.7600
2022.05.18,00:00:00,7.707000,7.808000,7.407000,7.438000,2055898.5000
2022.05.18,04:00:00,7.438000,7.586000,7.419000,7.502000,1712749.0300
2022.05.18,08:00:00,7.503000,7.548000,7.410000,7.485000,1757852.2500
2022.05.18,12:00:00,7.484000,7.492000,6.913000,6.954000,5611278.6100
2022.05.18,16:00:00,6.953000,7.116000,6.855000,7.078000,4526060.9200
2022.05.18,20:00:00,7.077000,7.086000,6.774000,6.798000,3908257.0900
2022.05.19,00:00:00,6.803000,6.945000,6.637000,6.894000,4037615.5500
2022.05.19,04:00:00,6.894000,6.980000,6.803000,6.830000,2085222.5200
2022.05.19,08:00:00,6.830000,6.996000,6.676000,6.969000,3228660.1100
2022.05.19,12:00:00,6.970000,7.249000,6.866000,7.203000,5135064.9500
2022.05.19,16:00:00,7.205000,7.219000,7.061000,7.062000,2911814.3600
2022.05.19,20:00:00,7.062000,7.257000,7.021000,7.218000,2187241.9400
2022.05.20,00:00:00,7.218000,7.363000,7.081000,7.109000,3165722.4200
2022.05.20,04:00:00,7.109000,7.159000,6.945000,7.052000,2930336.1900
2022.05.20,08:00:00,7.052000,7.317000,7.017000,7.285000,3598687.4200
2022.05.20,12:00:00,7.285000,7.299000,6.830000,6.854000,5667293.1700
2022.05.20,16:00:00,6.853000,6.983000,6.743000,6.972000,4124968.5100
2022.05.20,20:00:00,6.971000,7.007000,6.847000,6.864000,2152080.1700
2022.05.21,00:00:00,6.864000,6.977000,6.760000,6.970000,2190061.4700
2022.05.21,04:00:00,6.971000,7.042000,6.872000,7.007000,1798156.9400
2022.05.21,08:00:00,7.006000,7.043000,6.921000,6.981000,1576694.4300
2022.05.21,12:00:00,6.981000,7.073000,6.922000,7.061000,2463004.5700
2022.05.21,16:00:00,7.061000,7.118000,7.008000,7.049000,1922915.7500
2022.05.21,20:00:00,7.049000,7.106000,6.979000,7.050000,1456369.2100
2022.05.22,00:00:00,7.051000,7.106000,6.997000,7.023000,1482472.3700
2022.05.22,04:00:00,7.023000,7.062000,6.908000,7.044000,1790080.5100
2022.05.22,08:00:00,7.044000,7.400000,7.029000,7.264000,6816114.5900
2022.05.22,12:00:00,7.262000,7.388000,7.186000,7.241000,2907651.3400
2022.05.22,16:00:00,7.243000,7.335000,7.161000,7.223000,1824180.5500
2022.05.22,20:00:00,7.223000,7.403000,7.187000,7.319000,2381009.2900
2022.05.23,00:00:00,7.317000,7.414000,7.196000,7.269000,2247952.9200
2022.05.23,04:00:00,7.269000,7.539000,7.259000,7.515000,2918556.2800
2022.05.23,08:00:00,7.515000,7.604000,7.423000,7.556000,2992067.5000
2022.05.23,12:00:00,7.556000,7.624000,7.420000,7.569000,4524743.9000
2022.05.23,16:00:00,7.569000,7.675000,7.169000,7.182000,4953292.2500
2022.05.23,20:00:00,7.182000,7.325000,6.970000,7.022000,4505379.4500
2022.05.24,00:00:00,7.021000,7.102000,6.984000,7.065000,2905611.1600
2022.05.24,04:00:00,7.064000,7.119000,7.000000,7.113000,2255704.5700
2022.05.24,08:00:00,7.113000,7.182000,6.855000,6.994000,5037592.1500
2022.05.24,12:00:00,6.993000,7.137000,6.708000,7.068000,6556150.2600
2022.05.24,16:00:00,7.067000,7.148000,6.909000,7.072000,4041872.8000
2022.05.24,20:00:00,7.072000,7.300000,7.021000,7.230000,4039916.7000
2022.05.25,00:00:00,7.230000,7.394000,7.128000,7.328000,2958747.2000
2022.05.25,04:00:00,7.328000,7.335000,7.101000,7.129000,2431106.3700
2022.05.25,08:00:00,7.129000,7.177000,6.954000,6.985000,3327688.8700
2022.05.25,12:00:00,6.983000,7.200000,6.948000,7.058000,5395192.5000
2022.05.25,16:00:00,7.058000,7.107000,6.936000,6.992000,3471062.8800
2022.05.25,20:00:00,6.991000,7.077000,6.938000,6.951000,1969597.8200
2022.05.26,00:00:00,6.951000,7.089000,6.918000,7.006000,2491875.2000
2022.05.26,04:00:00,7.006000,7.012000,6.700000,6.833000,4305741.6800
2022.05.26,08:00:00,6.833000,6.854000,6.377000,6.437000,4254295.9800
2022.05.26,12:00:00,6.437000,6.753000,6.204000,6.704000,9807269.5000
2022.05.26,16:00:00,6.702000,6.889000,6.591000,6.597000,4591222.5300
2022.05.26,20:00:00,6.597000,6.774000,6.550000,6.565000,3251344.5000
2022.05.27,00:00:00,6.563000,6.648000,6.286000,6.497000,5723307.4800
2022.05.27,04:00:00,6.496000,6.562000,6.221000,6.449000,5950930.0900
2022.05.27,08:00:00,6.448000,6.637000,6.383000,6.553000,5334866.1500
2022.05.27,12:00:00,6.553000,6.702000,6.406000,6.477000,6346353.6300
2022.05.27,16:00:00,6.477000,6.498000,6.213000,6.373000,5856078.7800
2022.05.27,20:00:00,6.370000,6.449000,6.207000,6.283000,2683905.8900
2022.05.28,00:00:00,6.284000,6.452000,6.203000,6.369000,3499698.5700
2022.05.28,04:00:00,6.369000,6.473000,6.328000,6.398000,2474657.7100
2022.05.28,08:00:00,6.398000,6.487000,6.334000,6.436000,2750835.5700
2022.05.28,12:00:00,6.434000,6.573000,6.422000,6.545000,4325414.2800
2022.05.28,16:00:00,6.544000,6.580000,6.435000,6.532000,2459327.2700
2022.05.28,20:00:00,6.532000,6.651000,6.404000,6.564000,3542089.8400
2022.05.29,00:00:00,6.564000,6.573000,6.329000,6.397000,3229957.4000
2022.05.29,04:00:00,6.397000,6.470000,6.360000,6.454000,1819550.8200
2022.05.29,08:00:00,6.452000,6.600000,6.432000,6.588000,2633610.6600
2022.05.29,12:00:00,6.588000,6.743000,6.577000,6.650000,3303643.5800
2022.05.29,16:00:00,6.650000,6.697000,6.620000,6.667000,1929069.6600
2022.05.29,20:00:00,6.667000,6.727000,6.620000,6.709000,2679769.4200
2022.05.30,00:00:00,6.708000,7.093000,6.645000,6.991000,5245123.9200
2022.05.30,04:00:00,6.990000,7.288000,6.990000,7.260000,4239904.3900
2022.05.30,08:00:00,7.260000,7.311000,7.123000,7.167000,3407378.9300
2022.05.30,12:00:00,7.168000,7.251000,7.052000,7.188000,3712774.6300
2022.05.30,16:00:00,7.186000,7.304000,7.139000,7.181000,2895245.8300
2022.05.30,20:00:00,7.182000,7.516000,7.135000,7.452000,4571508.2700
2022.05.31,00:00:00,7.452000,7.643000,7.366000,7.534000,4102903.1200
2022.05.31,04:00:00,7.534000,7.619000,7.414000,7.465000,3734956.0900
2022.05.31,08:00:00,7.464000,7.513000,7.360000,7.450000,2704528.5100
2022.05.31,12:00:00,7.451000,7.623000,7.168000,7.592000,5888119.3100
2022.05.31,16:00:00,7.593000,7.655000,7.346000,7.378000,4606322.9000
2022.05.31,20:00:00,7.379000,7.728000,7.377000,7.587000,2891989.9800
2022.06.01,00:00:00,7.588000,7.764000,7.451000,7.478000,3997143.6000
2022.06.01,04:00:00,7.476000,7.631000,7.407000,7.467000,2529392.8300
2022.06.01,08:00:00,7.467000,7.606000,7.408000,7.483000,2479266.2700
2022.06.01,12:00:00,7.483000,7.658000,7.175000,7.197000,6733471.3900
2022.06.01,16:00:00,7.196000,7.245000,6.957000,7.016000,5839424.8000
2022.06.01,20:00:00,7.016000,7.030000,6.743000,6.926000,3964161.9700
2022.06.02,00:00:00,6.926000,6.948000,6.809000,6.859000,2381900.4400
2022.06.02,04:00:00,6.859000,7.008000,6.807000,6.951000,2479751.9400
2022.06.02,08:00:00,6.952000,7.080000,6.915000,7.061000,2222360.7900
2022.06.02,12:00:00,7.061000,7.080000,6.822000,7.015000,4745420.1700
2022.06.02,16:00:00,7.016000,7.123000,6.978000,7.061000,2344231.2800
2022.06.02,20:00:00,7.060000,7.241000,7.045000,7.192000,1864312.9600
2022.06.03,00:00:00,7.192000,7.215000,7.051000,7.085000,2505420.0300
2022.06.03,04:00:00,7.084000,7.091000,6.993000,7.020000,2029850.4200
2022.06.03,08:00:00,7.019000,7.041000,6.684000,6.773000,4708162.5100
2022.06.03,12:00:00,6.772000,6.875000,6.682000,6.827000,4935006.6200
2022.06.03,16:00:00,6.826000,6.892000,6.763000,6.781000,2123332.6300
2022.06.03,20:00:00,6.780000,6.943000,6.763000,6.850000,1640807.1700
2022.06.04,00:00:00,6.849000,6.881000,6.675000,6.740000,2360703.0800
2022.06.04,04:00:00,6.740000,6.898000,6.726000,6.890000,2056585.6500
2022.06.04,08:00:00,6.890000,6.970000,6.859000,6.902000,1810392.5400
2022.06.04,12:00:00,6.900000,7.004000,6.736000,6.979000,3681484.9700
2022.06.04,16:00:00,6.979000,7.097000,6.914000,7.003000,2276395.6600
2022.06.04,20:00:00,7.003000,7.438000,6.998000,7.406000,6486054.5000
2022.06.05,00:00:00,7.405000,7.481000,7.300000,7.359000,7132233.5500
2022.06.05,04:00:00,7.360000,7.390000,7.272000,7.283000,4126356.7700
2022.06.05,08:00:00,7.281000,7.346000,7.242000,7.328000,4162492.8100
2022.06.05,12:00:00,7.326000,7.569000,7.311000,7.557000,13996004.8900
2022.06.05,16:00:00,7.560000,7.640000,7.457000,7.576000,13604050.1900
2022.06.05,20:00:00,7.576000,7.894000,7.575000,7.642000,10400912.7500
2022.06.06,00:00:00,7.643000,8.050000,7.619000,7.990000,11090231.2400
2022.06.06,04:00:00,7.990000,8.095000,7.867000,7.916000,6478717.8800
2022.06.06,08:00:00,7.917000,8.199000,7.893000,7.963000,8204708.1600
2022.06.06,12:00:00,7.963000,8.038000,7.761000,7.904000,9206567.0300
2022.06.06,16:00:00,7.904000,7.909000,7.722000,7.811000,4813624.3900
2022.06.06,20:00:00,7.811000,7.991000,7.703000,7.972000,3874890.2500
2022.06.07,00:00:00,7.972000,7.981000,7.305000,7.567000,12085168.0000
2022.06.07,04:00:00,7.567000,7.697000,7.487000,7.688000,3593957.6700
2022.06.07,08:00:00,7.689000,7.708000,7.460000,7.523000,4246570.4000
2022.06.07,12:00:00,7.523000,7.839000,7.414000,7.768000,6882646.6100
2022.06.07,16:00:00,7.769000,8.509000,7.705000,8.401000,12705676.9000
2022.06.07,20:00:00,8.400000,8.994000,8.366000,8.704000,18464860.6800
2022.06.08,00:00:00,8.708000,8.846000,8.281000,8.345000,12240453.5200
2022.06.08,04:00:00,8.345000,8.572000,8.223000,8.417000,6858719.1600
2022.06.08,08:00:00,8.417000,8.583000,8.251000,8.445000,6525484.6900
2022.06.08,12:00:00,8.446000,8.702000,8.346000,8.560000,10300923.6300
2022.06.08,16:00:00,8.559000,8.847000,8.417000,8.698000,9020569.7800
2022.06.08,20:00:00,8.693000,8.980000,8.600000,8.700000,6656041.8400
2022.06.09,00:00:00,8.701000,8.856000,8.546000,8.637000,6084233.7900
2022.06.09,04:00:00,8.637000,8.810000,8.485000,8.791000,5945160.0000
2022.06.09,08:00:00,8.793000,9.414000,8.682000,9.184000,14164800.9400
2022.06.09,12:00:00,9.184000,9.567000,9.086000,9.431000,20635748.7100
2022.06.09,16:00:00,9.431000,9.672000,9.110000,9.125000,24481251.3000
2022.06.09,20:00:00,9.125000,9.379000,9.108000,9.265000,6722980.6800
2022.06.10,00:00:00,9.266000,9.539000,9.013000,9.365000,11184129.7900
2022.06.10,04:00:00,9.364000,9.377000,9.020000,9.054000,9981547.1600
2022.06.10,08:00:00,9.054000,9.115000,8.735000,8.858000,11745915.1400
2022.06.10,12:00:00,8.859000,9.088000,8.400000,8.607000,23174295.8100
2022.06.10,16:00:00,8.606000,8.623000,8.218000,8.289000,11147948.3400
2022.06.10,20:00:00,8.289000,8.437000,7.986000,8.033000,6785950.5800
2022.06.11,00:00:00,8.033000,8.341000,8.018000,8.290000,6257329.5300
2022.06.11,04:00:00,8.290000,8.419000,8.166000,8.248000,6079614.1700
2022.06.11,08:00:00,8.248000,8.268000,7.471000,7.572000,19479122.1300
2022.06.11,12:00:00,7.572000,7.712000,7.030000,7.149000,22104069.1100
2022.06.11,16:00:00,7.152000,7.325000,7.073000,7.156000,12861657.8100
2022.06.11,20:00:00,7.156000,7.245000,6.928000,7.040000,6374661.6500
2022.06.12,00:00:00,7.041000,7.138000,6.464000,6.605000,15926020.4200
2022.06.12,04:00:00,6.606000,6.778000,6.428000,6.758000,10816445.6100
2022.06.12,08:00:00,6.760000,6.878000,6.522000,6.668000,12370586.0100
2022.06.12,12:00:00,6.669000,7.134000,6.480000,7.005000,14908991.3100
2022.06.12,16:00:00,7.003000,7.036000,6.712000,6.726000,6740204.9900
2022.06.12,20:00:00,6.724000,6.788000,6.250000,6.264000,10029270.8500
2022.06.13,00:00:00,6.261000,6.336000,5.693000,5.937000,24761775.8100
2022.06.13,04:00:00,5.936000,6.289000,5.565000,5.671000,25877188.0100
2022.06.13,08:00:00,5.670000,5.716000,5.288000,5.452000,28648702.9600
2022.06.13,12:00:00,5.452000,5.834000,5.314000,5.731000,22971695.7700
2022.06.13,16:00:00,5.730000,6.070000,5.661000,5.884000,23571228.4800
2022.06.13,20:00:00,5.884000,6.250000,5.607000,5.922000,15413898.7800
2022.06.14,00:00:00,5.922000,6.376000,5.385000,6.287000,24311241.5300
2022.06.14,04:00:00,6.289000,6.471000,6.008000,6.384000,19645320.6500
2022.06.14,08:00:00,6.385000,6.407000,6.005000,6.169000,11347895.0700
2022.06.14,12:00:00,6.170000,6.470000,5.976000,6.395000,19868530.5900
2022.06.14,16:00:00,6.395000,6.763000,6.344000,6.584000,19059569.6200
2022.06.14,20:00:00,6.586000,6.876000,6.248000,6.726000,16441936.9200
2022.06.15,00:00:00,6.728000,6.904000,6.480000,6.520000,15397321.5400
2022.06.15,04:00:00,6.519000,6.532000,6.120000,6.209000,19671213.9300
2022.06.15,08:00:00,6.210000,6.495000,5.828000,6.446000,27044916.0900
2022.06.15,12:00:00,6.445000,6.596000,6.258000,6.447000,18787891.5400
2022.06.15,16:00:00,6.446000,7.275000,6.050000,6.915000,34805821.1000
2022.06.15,20:00:00,6.914000,7.369000,6.855000,7.319000,11300380.0100
2022.06.16,00:00:00,7.319000,7.502000,6.977000,6.989000,8839014.3700
2022.06.16,04:00:00,6.988000,7.090000,6.634000,6.695000,7553099.3300
2022.06.16,08:00:00,6.695000,6.785000,6.238000,6.312000,13150108.9200
2022.06.16,12:00:00,6.313000,6.720000,6.202000,6.573000,18164113.3500
2022.06.16,16:00:00,6.573000,6.823000,6.423000,6.507000,11954351.1700
2022.06.16,20:00:00,6.507000,6.760000,6.239000,6.355000,9702054.6300
2022.06.17,00:00:00,6.354000,6.734000,6.252000,6.421000,10000148.1600
2022.06.17,04:00:00,6.421000,6.651000,6.396000,6.579000,7335224.5500
2022.06.17,08:00:00,6.581000,6.635000,6.382000,6.447000,7374521.4800
2022.06.17,12:00:00,6.447000,6.523000,6.283000,6.417000,11274128.5200
2022.06.17,16:00:00,6.416000,6.467000,6.330000,6.368000,6607175.3500
2022.06.17,20:00:00,6.368000,6.477000,6.305000,6.357000,4441860.0600
2022.06.18,00:00:00,6.358000,6.464000,6.045000,6.110000,8372047.9600
2022.06.18,04:00:00,6.110000,6.209000,5.700000,5.793000,13457063.3300
2022.06.18,08:00:00,5.793000,5.961000,5.654000,5.841000,11700955.3300
2022.06.18,12:00:00,5.841000,5.910000,5.713000,5.742000,7850106.6100
2022.06.18,16:00:00,5.743000,5.854000,5.530000,5.548000,12850483.8100
2022.06.18,20:00:00,5.549000,6.035000,5.391000,5.921000,16518116.3600
2022.06.19,00:00:00,5.920000,6.223000,5.822000,5.992000,13268204.3200
2022.06.19,04:00:00,5.992000,6.175000,5.873000,6.059000,10608188.2100
2022.06.19,08:00:00,6.060000,6.457000,6.013000,6.326000,12369137.7300
2022.06.19,12:00:00,6.327000,6.453000,6.200000,6.424000,8343942.1100
2022.06.19,16:00:00,6.424000,6.731000,6.314000,6.606000,9160284.7900
2022.06.19,20:00:00,6.606000,6.812000,6.535000,6.601000,7514583.8200
2022.06.20,00:00:00,6.598000,6.660000,6.307000,6.430000,7118557.5800
2022.06.20,04:00:00,6.431000,6.492000,6.310000,6.398000,5067298.4100
2022.06.20,08:00:00,6.397000,7.044000,6.386000,6.978000,12143024.0800
2022.06.20,12:00:00,6.979000,7.285000,6.773000,7.122000,13667405.0000
2022.06.20,16:00:00,7.121000,7.154000,6.812000,6.896000,8193203.0600
2022.06.20,20:00:00,6.896000,7.076000,6.766000,6.980000,5831758.0800
2022.06.21,00:00:00,6.980000,7.313000,6.833000,7.266000,7874342.0700
2022.06.21,04:00:00,7.266000,7.459000,7.185000,7.295000,8917763.8400
2022.06.21,08:00:00,7.294000,7.565000,7.195000,7.222000,9640365.4300
2022.06.21,12:00:00,7.222000,7.455000,7.183000,7.330000,8604542.2100
2022.06.21,16:00:00,7.329000,7.447000,6.783000,6.788000,8502009.3800
2022.06.21,20:00:00,6.788000,6.971000,6.746000,6.854000,6204361.5900
2022.06.22,00:00:00,6.856000,6.939000,6.619000,6.641000,7958452.0800
2022.06.22,04:00:00,6.639000,6.820000,6.553000,6.632000,5830848.8100
2022.06.22,08:00:00,6.632000,6.924000,6.574000,6.842000,5873389.1900
2022.06.22,12:00:00,6.842000,7.029000,6.662000,6.713000,9673519.1200
2022.06.22,16:00:00,6.713000,6.798000,6.511000,6.587000,7879677.2700
2022.06.22,20:00:00,6.587000,6.758000,6.455000,6.620000,7054749.9300
2022.06.23,00:00:00,6.619000,6.862000,6.599000,6.772000,6632005.0300
2022.06.23,04:00:00,6.771000,7.062000,6.727000,6.899000,5536957.8200
2022.06.23,08:00:00,6.898000,7.080000,6.838000,6.998000,6658988.1700
2022.06.23,12:00:00,6.998000,7.092000,6.683000,6.757000,7772051.2000
2022.06.23,16:00:00,6.757000,6.934000,6.647000,6.918000,5254314.1700
2022.06.23,20:00:00,6.918000,7.048000,6.864000,6.985000,5955379.4100
2022.06.24,00:00:00,6.986000,7.260000,6.944000,7.122000,5861255.9400
2022.06.24,04:00:00,7.120000,7.193000,6.960000,7.070000,4409503.1300
2022.06.24,08:00:00,7.069000,7.269000,7.016000,7.190000,5213782.6900
2022.06.24,12:00:00,7.190000,7.312000,6.969000,7.057000,7381859.7000
2022.06.24,16:00:00,7.056000,7.235000,6.957000,7.221000,4960283.3500
2022.06.24,20:00:00,7.221000,7.436000,7.172000,7.259000,5063630.6200
2022.06.25,00:00:00,7.260000,7.351000,7.113000,7.213000,4910207.3000
2022.06.25,04:00:00,7.214000,7.374000,7.150000,7.336000,4127714.3900
2022.06.25,08:00:00,7.336000,7.370000,7.130000,7.142000,3902805.8400
2022.06.25,12:00:00,7.143000,7.163000,6.789000,6.829000,7436251.4000
2022.06.25,16:00:00,6.828000,6.996000,6.811000,6.945000,3927150.1500
2022.06.25,20:00:00,6.944000,7.300000,6.928000,7.259000,4941489.7400
2022.06.26,00:00:00,7.257000,7.335000,7.100000,7.168000,3668817.6300
2022.06.26,04:00:00,7.169000,7.314000,7.118000,7.219000,3047084.9500
2022.06.26,08:00:00,7.220000,7.364000,7.107000,7.352000,3888358.6400
2022.06.26,12:00:00,7.353000,7.495000,6.991000,7.059000,8448075.5300
2022.06.26,16:00:00,7.058000,7.094000,6.855000,6.993000,4874544.9500
2022.06.26,20:00:00,6.992000,7.193000,6.681000,6.693000,6656238.3700
2022.06.27,00:00:00,6.693000,6.917000,6.657000,6.908000,4908759.4200
2022.06.27,04:00:00,6.907000,6.954000,6.773000,6.924000,4313290.2700
2022.06.27,08:00:00,6.924000,6.992000,6.823000,6.840000,3955786.4300
2022.06.27,12:00:00,6.839000,6.873000,6.542000,6.589000,7912839.0200
2022.06.27,16:00:00,6.588000,6.682000,6.392000,6.521000,7291335.2600
2022.06.27,20:00:00,6.521000,6.656000,6.462000,6.553000,4308386.8500
2022.06.28,00:00:00,6.553000,6.649000,6.300000,6.477000,6177860.5800
2022.06.28,04:00:00,6.478000,6.627000,6.448000,6.574000,4057343.0000
2022.06.28,08:00:00,6.574000,6.739000,6.548000,6.662000,6575279.3100
2022.06.28,12:00:00,6.661000,7.260000,6.517000,6.533000,34409234.5900
2022.06.28,16:00:00,6.534000,6.616000,6.350000,6.417000,9105753.1800
2022.06.28,20:00:00,6.415000,6.510000,6.264000,6.314000,6096561.1400
2022.06.29,00:00:00,6.314000,6.487000,6.256000,6.380000,6327652.8400
2022.06.29,04:00:00,6.379000,6.429000,6.173000,6.338000,6788964.6200
2022.06.29,08:00:00,6.338000,6.469000,6.219000,6.345000,7984929.2600
2022.06.29,12:00:00,6.345000,6.427000,6.183000,6.344000,9316278.8500
2022.06.29,16:00:00,6.343000,6.388000,6.126000,6.385000,9091725.1600
2022.06.29,20:00:00,6.384000,6.447000,6.150000,6.233000,6215815.1500
2022.06.30,00:00:00,6.231000,6.271000,6.055000,6.192000,6406754.8600
2022.06.30,04:00:00,6.193000,6.302000,5.985000,6.042000,8770920.9400
2022.06.30,08:00:00,6.041000,6.046000,5.881000,5.979000,8729105.6300
2022.06.30,12:00:00,5.978000,6.175000,5.870000,6.094000,10600341.7100
2022.06.30,16:00:00,6.094000,6.199000,5.982000,6.045000,5895842.6200
2022.06.30,20:00:00,6.048000,6.318000,5.910000,6.270000,8975239.6800
2022.07.01,00:00:00,6.270000,6.427000,6.173000,6.179000,10964481.3000
2022.07.01,04:00:00,6.179000,6.189000,5.987000,6.113000,7601656.5100
2022.07.01,08:00:00,6.112000,6.163000,5.927000,6.004000,6127550.5200
2022.07.01,12:00:00,6.003000,6.139000,5.961000,6.000000,6402168.6900
2022.07.01,16:00:00,6.000000,6.125000,5.986000,6.108000,5006028.4900
2022.07.01,20:00:00,6.107000,6.234000,6.032000,6.075000,4593145.5600
2022.07.02,00:00:00,6.076000,6.150000,5.974000,6.006000,5074397.3500
2022.07.02,04:00:00,6.006000,6.168000,5.997000,6.103000,3899186.5400
2022.07.02,08:00:00,6.104000,6.180000,6.024000,6.139000,4207676.5100
2022.07.02,12:00:00,6.140000,6.214000,6.047000,6.111000,5475766.6800
2022.07.02,16:00:00,6.112000,6.262000,6.090000,6.196000,4100490.3700
2022.07.02,20:00:00,6.195000,6.284000,6.171000,6.220000,2708240.6800
2022.07.03,00:00:00,6.221000,6.223000,6.086000,6.144000,3149042.1100
2022.07.03,04:00:00,6.146000,6.212000,6.008000,6.102000,5450121.3200
2022.07.03,08:00:00,6.102000,6.137000,6.020000,6.112000,3340571.8500
2022.07.03,12:00:00,6.112000,6.135000,6.018000,6.067000,3160418.9800
2022.07.03,16:00:00,6.067000,6.232000,6.040000,6.196000,3724623.0200
2022.07.03,20:00:00,6.197000,6.246000,6.153000,6.216000,3696815.5200
2022.07.04,00:00:00,6.217000,6.245000,6.011000,6.030000,4600432.6400
2022.07.04,04:00:00,6.029000,6.146000,6.026000,6.091000,3223956.0600
2022.07.04,08:00:00,6.091000,6.348000,6.066000,6.330000,6341189.7000
2022.07.04,12:00:00,6.331000,6.400000,6.186000,6.260000,8175479.3800
2022.07.04,16:00:00,6.260000,6.346000,6.236000,6.282000,3255495.6900
2022.07.04,20:00:00,6.281000,6.456000,6.242000,6.429000,4539575.8300
2022.07.05,00:00:00,6.428000,6.455000,6.308000,6.416000,4637599.7500
2022.07.05,04:00:00,6.416000,6.556000,6.367000,6.453000,5765631.5500
2022.07.05,08:00:00,6.454000,6.455000,6.155000,6.178000,7976991.1000
2022.07.05,12:00:00,6.178000,6.182000,6.047000,6.139000,7751035.6600
2022.07.05,16:00:00,6.139000,6.396000,6.106000,6.347000,6527720.2400
2022.07.05,20:00:00,6.345000,6.445000,6.289000,6.305000,4927467.5500
2022.07.06,00:00:00,6.305000,6.405000,6.164000,6.255000,6080343.6700
2022.07.06,04:00:00,6.255000,6.368000,6.240000,6.304000,4489520.0000
2022.07.06,08:00:00,6.304000,6.383000,6.249000,6.258000,3859910.8000
2022.07.06,12:00:00,6.258000,6.312000,6.192000,6.227000,4730808.5700
2022.07.06,16:00:00,6.227000,6.346000,6.215000,6.282000,4527819.4500
2022.07.06,20:00:00,6.283000,6.420000,6.269000,6.335000,3834630.6700
2022.07.07,00:00:00,6.334000,6.439000,6.304000,6.380000,4086040.0500
2022.07.07,04:00:00,6.380000,6.420000,6.341000,6.402000,2739245.2500
2022.07.07,08:00:00,6.403000,6.529000,6.396000,6.497000,4848956.9400
2022.07.07,12:00:00,6.497000,6.688000,6.462000,6.597000,8862791.3200
2022.07.07,16:00:00,6.598000,6.750000,6.583000,6.730000,5366811.3300
2022.07.07,20:00:00,6.731000,6.738000,6.550000,6.635000,3589768.0700
2022.07.08,00:00:00,6.635000,6.838000,6.574000,6.715000,4690488.5000
2022.07.08,04:00:00,6.716000,6.817000,6.532000,6.573000,7953371.4300
2022.07.08,08:00:00,6.575000,6.596000,6.401000,6.449000,5990378.5800
2022.07.08,12:00:00,6.448000,6.560000,6.327000,6.414000,10652119.9200
2022.07.08,16:00:00,6.413000,6.475000,6.342000,6.447000,4620678.1200
2022.07.08,20:00:00,6.447000,6.508000,6.330000,6.349000,3126226.6300
2022.07.09,00:00:00,6.348000,6.454000,6.342000,6.412000,3624821.1400
2022.07.09,04:00:00,6.412000,6.505000,6.388000,6.482000,2672157.6900
2022.07.09,08:00:00,6.482000,6.528000,6.373000,6.393000,3247137.6000
2022.07.09,12:00:00,6.394000,6.462000,6.376000,6.429000,3040392.5100
2022.07.09,16:00:00,6.428000,6.580000,6.424000,6.508000,3493819.9000
2022.07.09,20:00:00,6.509000,6.530000,6.466000,6.481000,1826133.5200
2022.07.10,00:00:00,6.482000,6.487000,6.308000,6.348000,4006553.8400
2022.07.10,04:00:00,6.346000,6.394000,6.326000,6.355000,2009479.8900
2022.07.10,08:00:00,6.355000,6.380000,6.248000,6.297000,3161109.1400
2022.07.10,12:00:00,6.297000,6.327000,6.115000,6.152000,5688730.0000
2022.07.10,16:00:00,6.152000,6.213000,6.096000,6.198000,3099387.3800
2022.07.10,20:00:00,6.196000,6.219000,6.120000,6.190000,3462128.5200
2022.07.11,00:00:00,6.191000,6.238000,6.041000,6.189000,5348036.1900
2022.07.11,04:00:00,6.188000,6.284000,6.123000,6.270000,6268215.3800
2022.07.11,08:00:00,6.271000,6.332000,6.195000,6.200000,5401758.5000
2022.07.11,12:00:00,6.200000,6.317000,6.141000,6.300000,8067607.3600
2022.07.11,16:00:00,6.300000,6.435000,6.279000,6.305000,7485003.1900
2022.07.11,20:00:00,6.305000,6.336000,5.977000,6.039000,8326264.0400
2022.07.12,00:00:00,6.038000,6.174000,5.996000,6.121000,6662687.4300
2022.07.12,04:00:00,6.121000,6.229000,6.104000,6.162000,4789274.3900
2022.07.12,08:00:00,6.163000,6.187000,6.037000,6.146000,4869026.4600
2022.07.12,12:00:00,6.145000,6.213000,6.114000,6.175000,4390322.0600
2022.07.12,16:00:00,6.175000,6.237000,6.032000,6.061000,5159541.7900
2022.07.12,20:00:00,6.061000,6.107000,5.916000,5.945000,4975309.4700
2022.07.13,00:00:00,5.943000,6.045000,5.914000,6.002000,3346766.4500
2022.07.13,04:00:00,6.001000,6.121000,5.983000,6.099000,5041266.1700
2022.07.13,08:00:00,6.099000,6.163000,6.039000,6.104000,5929658.9200
2022.07.13,12:00:00,6.104000,6.170000,5.677000,5.926000,15536181.7600
2022.07.13,16:00:00,5.925000,6.099000,5.884000,6.001000,5577103.0600
2022.07.13,20:00:00,6.000000,6.200000,5.970000,6.170000,4419038.7600
2022.07.14,00:00:00,6.169000,6.284000,6.124000,6.193000,4676926.7300
2022.07.14,04:00:00,6.194000,6.223000,6.109000,6.134000,2990524.3900
2022.07.14,08:00:00,6.134000,6.155000,6.002000,6.027000,3851826.1200
2022.07.14,12:00:00,6.026000,6.247000,5.987000,6.216000,6785069.0400
2022.07.14,16:00:00,6.217000,6.390000,6.188000,6.294000,9045156.4300
2022.07.14,20:00:00,6.294000,6.323000,6.173000,6.271000,4473648.4800
2022.07.15,00:00:00,6.271000,6.367000,6.213000,6.289000,4606025.4000
2022.07.15,04:00:00,6.290000,6.324000,6.202000,6.284000,3622828.1100
2022.07.15,08:00:00,6.284000,6.387000,6.233000,6.237000,4385195.6800
2022.07.15,12:00:00,6.237000,6.339000,6.201000,6.222000,6304342.0600
2022.07.15,16:00:00,6.221000,6.416000,6.112000,6.398000,7079628.8700
2022.07.15,20:00:00,6.398000,6.457000,6.258000,6.321000,5551020.3100
2022.07.16,00:00:00,6.321000,6.367000,6.184000,6.264000,4081121.4700
2022.07.16,04:00:00,6.265000,6.291000,6.138000,6.164000,3633678.5800
2022.07.16,08:00:00,6.163000,6.217000,6.155000,6.184000,2194143.4800
2022.07.16,12:00:00,6.182000,6.322000,6.164000,6.320000,3555151.8300
2022.07.16,16:00:00,6.319000,6.539000,6.315000,6.479000,8091026.0700
2022.07.16,20:00:00,6.478000,6.614000,6.423000,6.594000,4082769.5300
2022.07.17,00:00:00,6.593000,6.618000,6.448000,6.536000,3255556.0300
2022.07.17,04:00:00,6.537000,6.711000,6.499000,6.595000,3708740.9100
2022.07.17,08:00:00,6.596000,6.645000,6.476000,6.532000,3753109.6000
2022.07.17,12:00:00,6.534000,6.547000,6.406000,6.447000,3524370.3000
2022.07.17,16:00:00,6.448000,6.532000,6.308000,6.421000,4040669.2900
2022.07.17,20:00:00,6.420000,6.466000,6.314000,6.345000,2909252.9600
2022.07.18,00:00:00,6.345000,6.577000,6.325000,6.545000,4752250.7300
2022.07.18,04:00:00,6.545000,6.812000,6.499000,6.779000,6738727.6300
2022.07.18,08:00:00,6.779000,7.067000,6.760000,6.938000,8791619.2900
2022.07.18,12:00:00,6.938000,7.146000,6.861000,7.113000,7756092.9200
2022.07.18,16:00:00,7.116000,7.124000,6.704000,6.759000,8363803.1400
2022.07.18,20:00:00,6.763000,7.085000,6.745000,7.033000,4858506.2900
2022.07.19,00:00:00,7.034000,7.230000,6.793000,6.815000,11445804.9900
2022.07.19,04:00:00,6.816000,6.930000,6.730000,6.828000,5150332.8900
2022.07.19,08:00:00,6.828000,7.024000,6.806000,6.969000,4608316.5700
2022.07.19,12:00:00,6.968000,7.205000,6.963000,7.149000,9061455.9300
2022.07.19,16:00:00,7.150000,7.384000,7.125000,7.271000,7966725.9900
2022.07.19,20:00:00,7.272000,7.367000,7.210000,7.249000,3692166.2300
2022.07.20,00:00:00,7.251000,7.482000,7.147000,7.438000,7728723.7100
2022.07.20,04:00:00,7.436000,7.580000,7.350000,7.351000,5719362.5100
2022.07.20,08:00:00,7.352000,7.496000,7.238000,7.324000,5636260.7700
2022.07.20,12:00:00,7.326000,7.428000,7.211000,7.327000,6141120.9700
2022.07.20,16:00:00,7.327000,7.341000,7.038000,7.062000,6213704.2400
2022.07.20,20:00:00,7.063000,7.106000,6.819000,6.862000,7843219.1900
2022.07.21,00:00:00,6.861000,6.948000,6.664000,6.708000,6240183.7700
2022.07.21,04:00:00,6.709000,6.848000,6.636000,6.801000,4061722.1600
2022.07.21,08:00:00,6.802000,6.843000,6.685000,6.761000,3762041.4200
2022.07.21,12:00:00,6.760000,6.926000,6.727000,6.835000,6048005.6700
2022.07.21,16:00:00,6.834000,7.037000,6.826000,7.013000,4829175.1300
2022.07.21,20:00:00,7.013000,7.050000,6.927000,6.989000,3359897.1400
2022.07.22,00:00:00,6.989000,7.135000,6.938000,6.952000,3535570.4300
2022.07.22,04:00:00,6.953000,7.093000,6.901000,7.032000,3191376.5500
2022.07.22,08:00:00,7.030000,7.284000,7.011000,7.212000,4957416.8900
2022.07.22,12:00:00,7.211000,7.270000,6.932000,6.957000,6720716.6600
2022.07.22,16:00:00,6.958000,7.038000,6.753000,6.776000,5028605.3900
2022.07.22,20:00:00,6.775000,6.858000,6.737000,6.780000,2775367.3800
2022.07.23,00:00:00,6.780000,6.914000,6.701000,6.862000,2488830.3200
2022.07.23,04:00:00,6.865000,6.997000,6.857000,6.961000,2387498.9100
2022.07.23,08:00:00,6.963000,7.025000,6.683000,6.696000,4091875.8100
2022.07.23,12:00:00,6.697000,6.788000,6.621000,6.739000,2975754.8700
2022.07.23,16:00:00,6.740000,6.772000,6.603000,6.747000,3502842.8000
2022.07.23,20:00:00,6.747000,6.892000,6.735000,6.841000,3013416.7300
2022.07.24,00:00:00,6.841000,6.948000,6.835000,6.883000,3571701.7400
2022.07.24,04:00:00,6.883000,7.084000,6.860000,7.020000,3665137.8900
2022.07.24,08:00:00,7.020000,7.164000,6.941000,7.074000,3871970.1600
2022.07.24,12:00:00,7.073000,7.132000,6.962000,7.100000,3621110.2000
2022.07.24,16:00:00,7.101000,7.109000,7.002000,7.055000,2358402.0800
2022.07.24,20:00:00,7.052000,7.249000,7.013000,7.091000,4554292.2800
2022.07.25,00:00:00,7.091000,7.143000,6.670000,6.710000,5770907.6000
2022.07.25,04:00:00,6.710000,6.830000,6.667000,6.804000,3367043.3300
2022.07.25,08:00:00,6.804000,6.843000,6.745000,6.795000,2670792.3500
2022.07.25,12:00:00,6.794000,6.814000,6.646000,6.765000,4208216.2500
2022.07.25,16:00:00,6.765000,6.820000,6.564000,6.653000,4069609.6900
2022.07.25,20:00:00,6.654000,6.772000,6.393000,6.425000,6448060.7800
2022.07.26,00:00:00,6.425000,6.444000,6.258000,6.386000,5949278.0700
2022.07.26,04:00:00,6.386000,6.424000,6.262000,6.284000,2702661.9800
2022.07.26,08:00:00,6.284000,6.348000,6.221000,6.289000,2493876.1900
2022.07.26,12:00:00,6.290000,6.358000,6.129000,6.147000,5394406.6600
2022.07.26,16:00:00,6.147000,6.255000,6.071000,6.134000,3617119.2400
2022.07.26,20:00:00,6.134000,6.353000,6.099000,6.337000,3922636.0900
2022.07.27,00:00:00,6.338000,6.350000,6.182000,6.203000,2616488.1300
2022.07.27,04:00:00,6.203000,6.371000,6.200000,6.327000,3040509.5000
2022.07.27,08:00:00,6.327000,6.364000,6.210000,6.228000,2332926.0400
2022.07.27,12:00:00,6.227000,6.375000,6.202000,6.341000,3136716.1600
2022.07.27,16:00:00,6.340000,6.789000,6.259000,6.742000,9877401.6400
2022.07.27,20:00:00,6.743000,6.864000,6.716000,6.853000,3467990.7900
2022.07.28,00:00:00,6.853000,6.966000,6.780000,6.862000,4215128.9200
2022.07.28,04:00:00,6.863000,6.922000,6.786000,6.806000,2373929.8000
2022.07.28,08:00:00,6.807000,6.904000,6.769000,6.874000,2512921.6200
2022.07.28,12:00:00,6.875000,7.135000,6.669000,7.066000,8412717.3900
2022.07.28,16:00:00,7.067000,7.224000,7.042000,7.133000,5208260.0200
2022.07.28,20:00:00,7.133000,7.296000,7.129000,7.216000,4085740.4300
2022.07.29,00:00:00,7.218000,7.672000,7.106000,7.626000,7599891.1800
2022.07.29,04:00:00,7.627000,7.793000,7.524000,7.592000,5679680.1700
2022.07.29,08:00:00,7.593000,7.880000,7.476000,7.494000,8236298.5700
2022.07.29,12:00:00,7.495000,8.089000,7.381000,7.913000,12171190.5300
2022.07.29,16:00:00,7.913000,8.088000,7.712000,7.986000,10049678.0800
2022.07.29,20:00:00,7.984000,8.122000,7.840000,7.882000,7927327.5700
2022.07.30,00:00:00,7.884000,8.113000,7.704000,7.774000,7633042.4400
2022.07.30,04:00:00,7.774000,7.899000,7.670000,7.839000,4087311.6000
2022.07.30,08:00:00,7.840000,7.954000,7.700000,7.819000,5189942.9500
2022.07.30,12:00:00,7.819000,8.209000,7.767000,8.190000,6896698.1000
2022.07.30,16:00:00,8.191000,8.191000,7.858000,7.879000,4742283.9600
2022.07.30,20:00:00,7.879000,7.926000,7.697000,7.819000,4652958.2600
2022.07.31,00:00:00,7.819000,8.087000,7.745000,7.916000,3500598.5800
2022.07.31,04:00:00,7.916000,7.964000,7.781000,7.791000,1858770.9900
2022.07.31,08:00:00,7.791000,7.872000,7.698000,7.814000,3244021.3100
2022.07.31,12:00:00,7.813000,7.929000,7.704000,7.834000,4606706.9300
2022.07.31,16:00:00,7.834000,8.063000,7.714000,7.919000,7861156.3400
2022.07.31,20:00:00,7.919000,7.983000,7.573000,7.650000,5190014.5500
2022.08.01,00:00:00,7.649000,7.882000,7.617000,7.760000,3201458.6400
2022.08.01,04:00:00,7.760000,7.804000,7.578000,7.699000,2554531.0600
2022.08.01,08:00:00,7.700000,7.742000,7.480000,7.602000,3651971.4800
2022.08.01,12:00:00,7.604000,7.782000,7.456000,7.669000,5382234.3200
2022.08.01,16:00:00,7.670000,7.700000,7.406000,7.474000,4647021.7800
2022.08.01,20:00:00,7.474000,7.600000,7.433000,7.567000,2431214.7500
2022.08.02,00:00:00,7.568000,7.665000,7.050000,7.115000,6081220.7300
2022.08.02,04:00:00,7.115000,7.172000,7.014000,7.161000,3369615.2600
2022.08.02,08:00:00,7.161000,7.226000,7.039000,7.178000,3320987.6600
2022.08.02,12:00:00,7.178000,7.345000,7.064000,7.290000,5728861.8500
2022.08.02,16:00:00,7.291000,7.473000,7.210000,7.275000,4376276.6300
2022.08.02,20:00:00,7.276000,7.333000,7.150000,7.173000,2638201.5100
2022.08.03,00:00:00,7.174000,7.231000,7.043000,7.188000,3584000.0100
2022.08.03,04:00:00,7.189000,7.439000,7.175000,7.421000,3337091.2500
2022.08.03,08:00:00,7.422000,7.581000,7.421000,7.562000,3896726.4100
2022.08.03,12:00:00,7.563000,7.636000,7.423000,7.510000,4682760.5300
2022.08.03,16:00:00,7.510000,7.589000,7.482000,7.532000,2465675.8500
2022.08.03,20:00:00,7.533000,7.542000,7.226000,7.277000,3335785.5100
2022.08.04,00:00:00,7.278000,7.497000,7.260000,7.415000,3278414.0500
2022.08.04,04:00:00,7.416000,7.538000,7.317000,7.383000,3132376.6800
2022.08.04,08:00:00,7.384000,7.425000,7.315000,7.357000,2774532.9300
2022.08.04,12:00:00,7.357000,7.467000,7.247000,7.352000,4545996.1500
2022.08.04,16:00:00,7.353000,7.400000,7.165000,7.263000,3952437.1200
2022.08.04,20:00:00,7.263000,7.377000,7.235000,7.359000,2181164.0500
2022.08.05,00:00:00,7.358000,7.634000,7.343000,7.627000,3903634.8700
2022.08.05,04:00:00,7.628000,7.799000,7.628000,7.706000,3925260.2900
2022.08.05,08:00:00,7.706000,7.838000,7.639000,7.796000,3815597.0100
2022.08.05,12:00:00,7.797000,7.896000,7.634000,7.710000,7359680.5500
2022.08.05,16:00:00,7.711000,7.748000,7.586000,7.639000,3905210.3700
2022.08.05,20:00:00,7.639000,7.888000,7.616000,7.874000,2692698.7200
2022.08.06,00:00:00,7.875000,7.890000,7.759000,7.774000,2218963.3300
2022.08.06,04:00:00,7.775000,7.976000,7.764000,7.947000,2907137.9800
2022.08.06,08:00:00,7.947000,8.113000,7.915000,7.927000,4229173.2400
2022.08.06,12:00:00,7.927000,7.977000,7.862000,7.878000,2406479.4600
2022.08.06,16:00:00,7.878000,7.893000,7.732000,7.843000,2936648.3500
2022.08.06,20:00:00,7.844000,7.897000,7.744000,7.788000,2050579.1500
2022.08.07,00:00:00,7.789000,7.853000,7.651000,7.732000,3053103.3200
2022.08.07,04:00:00,7.732000,7.770000,7.696000,7.744000,1823343.6800
2022.08.07,08:00:00,7.743000,7.808000,7.680000,7.808000,2277913.8700
2022.08.07,12:00:00,7.808000,7.886000,7.782000,7.841000,2525590.2500
2022.08.07,16:00:00,7.840000,8.226000,7.826000,8.224000,5694429.0000
2022.08.07,20:00:00,8.221000,8.380000,8.205000,8.341000,7155355.5400
2022.08.08,00:00:00,8.342000,8.500000,8.220000,8.404000,9217304.5500
2022.08.08,04:00:00,8.404000,8.525000,8.354000,8.449000,4666526.1400
2022.08.08,08:00:00,8.449000,8.744000,8.437000,8.683000,7609117.0400
2022.08.08,12:00:00,8.682000,8.756000,8.512000,8.671000,7786930.0200
2022.08.08,16:00:00,8.671000,8.790000,8.500000,8.540000,9703906.2300
2022.08.08,20:00:00,8.539000,8.695000,8.376000,8.604000,6013018.2300
2022.08.09,00:00:00,8.604000,8.955000,8.529000,8.709000,6539744.0300
2022.08.09,04:00:00,8.711000,8.774000,8.483000,8.615000,5304901.9700
2022.08.09,08:00:00,8.616000,8.629000,8.390000,8.423000,7644133.7200
2022.08.09,12:00:00,8.424000,8.683000,8.266000,8.585000,9211530.8800
2022.08.09,16:00:00,8.586000,8.899000,8.508000,8.623000,12092108.9400
2022.08.09,20:00:00,8.623000,8.871000,8.615000,8.738000,4754904.2400
2022.08.10,00:00:00,8.738000,8.738000,8.340000,8.404000,8757742.8100
2022.08.10,04:00:00,8.407000,8.480000,8.290000,8.386000,4003243.8200
2022.08.10,08:00:00,8.386000,8.470000,8.338000,8.419000,3494220.9000
2022.08.10,12:00:00,8.419000,9.282000,8.372000,9.209000,18225016.0600
2022.08.10,16:00:00,9.208000,9.299000,9.027000,9.039000,8811527.3000
2022.08.10,20:00:00,9.040000,9.113000,8.973000,9.050000,5112543.9200
2022.08.11,00:00:00,9.049000,9.224000,8.927000,9.079000,7065679.3900
2022.08.11,04:00:00,9.079000,9.149000,8.896000,8.971000,4364636.0200
2022.08.11,08:00:00,8.970000,9.055000,8.926000,9.018000,3048642.2400
2022.08.11,12:00:00,9.018000,9.219000,8.810000,8.861000,8112940.8800
2022.08.11,16:00:00,8.861000,9.160000,8.850000,9.115000,5222609.9300
2022.08.11,20:00:00,9.115000,9.143000,8.903000,8.957000,4350332.7300
2022.08.12,00:00:00,8.956000,9.087000,8.793000,9.047000,4753547.9700
2022.08.12,04:00:00,9.046000,9.081000,8.866000,9.047000,2359760.2700
2022.08.12,08:00:00,9.047000,9.315000,8.936000,9.053000,10042603.5500
2022.08.12,12:00:00,9.053000,9.503000,9.048000,9.284000,16273688.3300
2022.08.12,16:00:00,9.283000,9.316000,9.144000,9.204000,5766408.6500
2022.08.12,20:00:00,9.204000,9.366000,9.115000,9.317000,3897739.1000
2022.08.13,00:00:00,9.319000,9.368000,9.193000,9.332000,4016195.7900
2022.08.13,04:00:00,9.333000,9.480000,9.222000,9.229000,4707240.4600
2022.08.13,08:00:00,9.230000,9.293000,9.060000,9.137000,4267753.7100
2022.08.13,12:00:00,9.137000,9.210000,9.050000,9.171000,3225978.9800
2022.08.13,16:00:00,9.172000,9.206000,9.087000,9.115000,2443565.4300
2022.08.13,20:00:00,9.115000,9.217000,9.074000,9.141000,1921615.4400
2022.08.14,00:00:00,9.140000,9.209000,8.960000,9.172000,3767035.4400
2022.08.14,04:00:00,9.172000,9.357000,9.107000,9.344000,3265696.9100
2022.08.14,08:00:00,9.344000,9.365000,9.113000,9.122000,3114450.1400
2022.08.14,12:00:00,9.121000,9.123000,8.850000,8.987000,5924449.8000
2022.08.14,16:00:00,8.986000,8.995000,8.660000,8.826000,5142125.6500
2022.08.14,20:00:00,8.826000,8.857000,8.701000,8.764000,2789324.4100
2022.08.15,00:00:00,8.764000,9.054000,8.535000,8.962000,7348964.4000
2022.08.15,04:00:00,8.962000,8.984000,8.502000,8.569000,6297892.1700
2022.08.15,08:00:00,8.569000,8.692000,8.490000,8.611000,4359530.1200
2022.08.15,12:00:00,8.612000,8.781000,8.523000,8.779000,4304095.6100
2022.08.15,16:00:00,8.779000,8.849000,8.609000,8.666000,3543853.8100
2022.08.15,20:00:00,8.669000,8.741000,8.485000,8.641000,3622784.9500
2022.08.16,00:00:00,8.640000,8.819000,8.481000,8.672000,6154817.7200
2022.08.16,04:00:00,8.674000,8.705000,8.508000,8.627000,2850983.7300
2022.08.16,08:00:00,8.626000,8.715000,8.580000,8.642000,3256410.3300
2022.08.16,12:00:00,8.641000,8.667000,8.366000,8.522000,6362657.9400
2022.08.16,16:00:00,8.521000,8.573000,8.373000,8.488000,3320645.1200
2022.08.16,20:00:00,8.489000,8.547000,8.397000,8.444000,1983696.9300
2022.08.17,00:00:00,8.444000,8.639000,8.426000,8.625000,3676964.4000
2022.08.17,04:00:00,8.626000,8.739000,8.421000,8.436000,4135495.5400
2022.08.17,08:00:00,8.435000,8.542000,8.385000,8.422000,2710309.8300
2022.08.17,12:00:00,8.422000,8.423000,8.040000,8.088000,7019277.6400
2022.08.17,16:00:00,8.087000,8.229000,8.061000,8.130000,3619202.8800
2022.08.17,20:00:00,8.132000,8.199000,7.981000,8.057000,3880495.6400
2022.08.18,00:00:00,8.058000,8.134000,7.936000,8.108000,3544702.4500
2022.08.18,04:00:00,8.109000,8.203000,8.031000,8.186000,3572831.3200
2022.08.18,08:00:00,8.186000,8.234000,8.118000,8.217000,2790217.7700
2022.08.18,12:00:00,8.218000,8.235000,8.058000,8.126000,3359868.0800
2022.08.18,16:00:00,8.126000,8.131000,7.939000,8.001000,4039056.4100
2022.08.18,20:00:00,8.001000,8.063000,7.596000,7.644000,7038259.2200
2022.08.19,00:00:00,7.643000,7.695000,7.373000,7.456000,9191363.0700
2022.08.19,04:00:00,7.456000,7.476000,6.910000,7.123000,10370522.7000
2022.08.19,08:00:00,7.122000,7.155000,6.920000,7.053000,8609710.7800
2022.08.19,12:00:00,7.052000,7.137000,6.954000,7.111000,5373763.9600
2022.08.19,16:00:00,7.110000,7.213000,7.010000,7.106000,5886879.2000
2022.08.19,20:00:00,7.105000,7.142000,6.810000,6.894000,7886257.6300
2022.08.20,00:00:00,6.893000,7.119000,6.883000,7.062000,5864610.5000
2022.08.20,04:00:00,7.063000,7.202000,7.035000,7.148000,5597300.9700
2022.08.20,08:00:00,7.147000,7.149000,7.028000,7.067000,2946495.3600
2022.08.20,12:00:00,7.066000,7.074000,6.934000,7.014000,4122105.1800
2022.08.20,16:00:00,7.014000,7.029000,6.688000,6.721000,7168717.6900
2022.08.20,20:00:00,6.722000,6.933000,6.658000,6.893000,5544504.5000
2022.08.21,00:00:00,6.892000,6.972000,6.871000,6.911000,2866406.8400
2022.08.21,04:00:00,6.912000,7.049000,6.871000,7.037000,3546562.9800
2022.08.21,08:00:00,7.038000,7.142000,7.009000,7.108000,4335911.1200
2022.08.21,12:00:00,7.108000,7.156000,6.999000,7.038000,3077435.8400
2022.08.21,16:00:00,7.038000,7.112000,6.996000,7.081000,2382953.6600
2022.08.21,20:00:00,7.081000,7.163000,6.929000,7.076000,4850875.1400
2022.08.22,00:00:00,7.075000,7.083000,6.971000,7.008000,3055042.0400
2022.08.22,04:00:00,7.008000,7.038000,6.747000,6.762000,4626536.7300
2022.08.22,08:00:00,6.761000,6.883000,6.670000,6.831000,4818480.2300
2022.08.22,12:00:00,6.831000,6.892000,6.708000,6.879000,4989889.9700
2022.08.22,16:00:00,6.879000,6.914000,6.770000,6.836000,2801070.6400
2022.08.22,20:00:00,6.836000,7.048000,6.834000,7.036000,3662525.2500
2022.08.23,00:00:00,7.036000,7.126000,7.031000,7.042000,3330923.6700
2022.08.23,04:00:00,7.043000,7.060000,6.767000,6.935000,4538863.4200
2022.08.23,08:00:00,6.935000,7.092000,6.934000,7.082000,4067669.8400
2022.08.23,12:00:00,7.081000,7.257000,6.981000,7.232000,6792111.5200
2022.08.23,16:00:00,7.232000,7.350000,7.127000,7.227000,3916227.6300
2022.08.23,20:00:00,7.228000,7.284000,7.179000,7.236000,2601327.0800
2022.08.24,00:00:00,7.236000,7.247000,7.012000,7.033000,3620944.1900
2022.08.24,04:00:00,7.033000,7.165000,7.009000,7.069000,3012139.2500
2022.08.24,08:00:00,7.069000,7.190000,7.064000,7.176000,2612209.1000
2022.08.24,12:00:00,7.177000,7.297000,7.085000,7.288000,4365855.6500
2022.08.24,16:00:00,7.287000,7.376000,7.237000,7.272000,3181063.2200
2022.08.24,20:00:00,7.272000,7.295000,7.102000,7.119000,2684923.6400
2022.08.25,00:00:00,7.118000,7.292000,7.110000,7.183000,2984776.0200
2022.08.25,04:00:00,7.184000,7.369000,7.178000,7.349000,2786554.0400
2022.08.25,08:00:00,7.348000,7.368000,7.240000,7.263000,2609368.2100
2022.08.25,12:00:00,7.264000,7.299000,7.018000,7.083000,5207002.0300
2022.08.25,16:00:00,7.082000,7.151000,7.000000,7.133000,3375879.3600
2022.08.25,20:00:00,7.133000,7.173000,7.067000,7.120000,2204635.0100
2022.08.26,00:00:00,7.119000,7.142000,7.015000,7.107000,2258555.9700
2022.08.26,04:00:00,7.107000,7.131000,6.893000,6.974000,3279544.5600
2022.08.26,08:00:00,6.974000,7.004000,6.809000,6.878000,3296693.7000
2022.08.26,12:00:00,6.877000,7.183000,6.709000,6.759000,12068342.2000
2022.08.26,16:00:00,6.759000,6.773000,6.561000,6.650000,5856616.5400
2022.08.26,20:00:00,6.650000,6.708000,6.393000,6.497000,5813370.6400
2022.08.27,00:00:00,6.497000,6.579000,6.447000,6.542000,3917129.9000
2022.08.27,04:00:00,6.542000,6.604000,6.404000,6.597000,3444552.0900
2022.08.27,08:00:00,6.597000,6.613000,6.534000,6.579000,2745942.1500
2022.08.27,12:00:00,6.578000,6.602000,6.433000,6.499000,3786287.9300
2022.08.27,16:00:00,6.499000,6.533000,6.405000,6.493000,3259918.7900
2022.08.27,20:00:00,6.493000,6.567000,6.429000,6.526000,2393607.1900
2022.08.28,00:00:00,6.525000,6.571000,6.426000,6.484000,2422662.4100
2022.08.28,04:00:00,6.485000,6.556000,6.427000,6.537000,2281274.5900
2022.08.28,08:00:00,6.538000,6.565000,6.465000,6.506000,2738820.2300
2022.08.28,12:00:00,6.506000,6.579000,6.401000,6.571000,3807871.3800
2022.08.28,16:00:00,6.572000,6.628000,6.491000,6.499000,2611788.4700
2022.08.28,20:00:00,6.498000,6.530000,6.218000,6.250000,5946118.2700
2022.08.29,00:00:00,6.250000,6.402000,6.185000,6.357000,4429275.8300
2022.08.29,04:00:00,6.356000,6.373000,6.273000,6.347000,2234193.8900
2022.08.29,08:00:00,6.348000,6.366000,6.309000,6.361000,1880966.8000
2022.08.29,12:00:00,6.361000,6.645000,6.356000,6.559000,6604080.7400
2022.08.29,16:00:00,6.560000,6.603000,6.516000,6.558000,2821411.6300
2022.08.29,20:00:00,6.559000,6.726000,6.544000,6.693000,3237093.7300
2022.08.30,00:00:00,6.692000,6.710000,6.600000,6.658000,2295501.8800
2022.08.30,04:00:00,6.659000,6.824000,6.656000,6.778000,3625484.8800
2022.08.30,08:00:00,6.779000,6.811000,6.716000,6.738000,2611547.6700
2022.08.30,12:00:00,6.738000,6.768000,6.442000,6.510000,6675223.6400
2022.08.30,16:00:00,6.509000,6.655000,6.361000,6.589000,4474862.7700
2022.08.30,20:00:00,6.588000,6.663000,6.520000,6.555000,2846748.5700
2022.08.31,00:00:00,6.555000,6.829000,6.553000,6.782000,3828118.8700
2022.08.31,04:00:00,6.781000,6.896000,6.716000,6.746000,3637784.4100
2022.08.31,08:00:00,6.746000,6.856000,6.680000,6.799000,2825808.5800
2022.08.31,12:00:00,6.797000,6.850000,6.585000,6.683000,5250057.9700
2022.08.31,16:00:00,6.683000,6.708000,6.540000,6.646000,3784832.0000
2022.08.31,20:00:00,6.646000,6.758000,6.572000,6.620000,3109029.5600
2022.09.01,00:00:00,6.620000,6.686000,6.507000,6.553000,2838915.8400
2022.09.01,04:00:00,6.556000,6.632000,6.464000,6.512000,2549031.3500
2022.09.01,08:00:00,6.512000,6.746000,6.457000,6.734000,3576277.9700
2022.09.01,12:00:00,6.735000,6.769000,6.441000,6.542000,6605717.7800
2022.09.01,16:00:00,6.542000,6.683000,6.499000,6.656000,3538394.0100
2022.09.01,20:00:00,6.655000,6.955000,6.641000,6.920000,4411606.0600
2022.09.02,00:00:00,6.920000,6.980000,6.821000,6.929000,3711394.4400
2022.09.02,04:00:00,6.930000,6.989000,6.831000,6.877000,2425542.5700
2022.09.02,08:00:00,6.877000,6.955000,6.834000,6.925000,3558117.9100
2022.09.02,12:00:00,6.926000,7.211000,6.883000,7.180000,9740827.4200
2022.09.02,16:00:00,7.180000,7.248000,6.783000,6.830000,7299025.5400
2022.09.02,20:00:00,6.831000,6.955000,6.811000,6.922000,2525422.3800
2022.09.03,00:00:00,6.921000,6.963000,6.842000,6.875000,2085748.4000
2022.09.03,04:00:00,6.874000,6.929000,6.752000,6.819000,2208900.1800
2022.09.03,08:00:00,6.819000,6.867000,6.788000,6.827000,2086823.9000
2022.09.03,12:00:00,6.826000,6.884000,6.790000,6.810000,1766460.3300
2022.09.03,16:00:00,6.809000,6.839000,6.714000,6.786000,2451259.4600
2022.09.03,20:00:00,6.784000,6.856000,6.767000,6.852000,1264365.6200
2022.09.04,00:00:00,6.853000,6.929000,6.827000,6.860000,3006602.1300
2022.09.04,04:00:00,6.860000,6.923000,6.812000,6.816000,2100097.4300
2022.09.04,08:00:00,6.816000,7.063000,6.783000,7.061000,3484343.2200
2022.09.04,12:00:00,7.062000,7.232000,7.030000,7.188000,12242997.5900
2022.09.04,16:00:00,7.188000,7.280000,7.152000,7.161000,7159486.0000
2022.09.04,20:00:00,7.161000,7.190000,7.069000,7.149000,4034996.0800
2022.09.05,00:00:00,7.148000,7.285000,7.116000,7.192000,4636775.9200
2022.09.05,04:00:00,7.192000,7.277000,7.114000,7.220000,7801040.2800
2022.09.05,08:00:00,7.219000,7.222000,7.088000,7.141000,6947929.2200
2022.09.05,12:00:00,7.141000,7.393000,7.107000,7.283000,8313478.9900
2022.09.05,16:00:00,7.282000,7.333000,7.180000,7.218000,4074237.8600
2022.09.05,20:00:00,7.217000,7.430000,7.216000,7.371000,4005151.1200
2022.09.06,00:00:00,7.372000,7.583000,7.203000,7.277000,8938606.5100
2022.09.06,04:00:00,7.278000,7.388000,7.239000,7.331000,2678969.4200
2022.09.06,08:00:00,7.330000,7.360000,7.230000,7.303000,2636074.6100
2022.09.06,12:00:00,7.303000,7.349000,7.093000,7.183000,5538180.9700
2022.09.06,16:00:00,7.184000,7.203000,6.646000,6.681000,10526040.1900
2022.09.06,20:00:00,6.681000,6.743000,6.567000,6.652000,5566897.0300
2022.09.07,00:00:00,6.652000,6.761000,6.570000,6.630000,6714868.9100
2022.09.07,04:00:00,6.629000,6.711000,6.600000,6.704000,2426213.5200
2022.09.07,08:00:00,6.705000,6.770000,6.680000,6.750000,2612732.2200
2022.09.07,12:00:00,6.752000,6.824000,6.667000,6.778000,3930651.2400
2022.09.07,16:00:00,6.779000,6.960000,6.767000,6.907000,3698762.3600
2022.09.07,20:00:00,6.907000,7.143000,6.904000,7.081000,4860537.3500
2022.09.08,00:00:00,7.083000,7.129000,7.003000,7.048000,2328614.4100
2022.09.08,04:00:00,7.048000,7.158000,7.000000,7.054000,3537373.1900
2022.09.08,08:00:00,7.055000,7.318000,7.032000,7.251000,5071530.5500
2022.09.08,12:00:00,7.250000,7.441000,7.148000,7.358000,9503623.6700
2022.09.08,16:00:00,7.357000,7.498000,7.281000,7.493000,6507468.1900
2022.09.08,20:00:00,7.493000,7.504000,7.370000,7.401000,3103575.5400
2022.09.09,00:00:00,7.403000,7.760000,7.386000,7.756000,8427462.1500
2022.09.09,04:00:00,7.756000,7.900000,7.713000,7.855000,7507129.9800
2022.09.09,08:00:00,7.854000,8.044000,7.854000,7.951000,8546499.7200
2022.09.09,12:00:00,7.951000,8.099000,7.823000,7.829000,6758881.1500
2022.09.09,16:00:00,7.828000,7.837000,7.652000,7.721000,5172233.5400
2022.09.09,20:00:00,7.721000,7.824000,7.624000,7.736000,3211807.1600
2022.09.10,00:00:00,7.737000,7.833000,7.655000,7.755000,3172857.5000
2022.09.10,04:00:00,7.754000,7.826000,7.610000,7.642000,3609128.0000
2022.09.10,08:00:00,7.641000,7.794000,7.638000,7.770000,2578038.6000
2022.09.10,12:00:00,7.770000,7.816000,7.670000,7.730000,3510500.3800
2022.09.10,16:00:00,7.730000,8.027000,7.724000,7.932000,7786898.3200
2022.09.10,20:00:00,7.932000,7.994000,7.816000,7.898000,3348845.3100
2022.09.11,00:00:00,7.899000,7.974000,7.852000,7.876000,1926292.4200
2022.09.11,04:00:00,7.877000,7.978000,7.723000,7.934000,3334497.7200
2022.09.11,08:00:00,7.934000,8.173000,7.921000,7.987000,4681547.7600
2022.09.11,12:00:00,7.987000,8.018000,7.834000,7.854000,3872270.9000
2022.09.11,16:00:00,7.854000,7.995000,7.838000,7.961000,3063560.9900
2022.09.11,20:00:00,7.960000,8.072000,7.770000,8.022000,5841562.3300
2022.09.12,00:00:00,8.023000,8.306000,7.848000,7.913000,12022505.5700
2022.09.12,04:00:00,7.913000,8.040000,7.882000,8.034000,3733831.3800
2022.09.12,08:00:00,8.035000,8.140000,7.971000,8.076000,4701831.9700
2022.09.12,12:00:00,8.077000,8.080000,7.670000,7.719000,5846414.6700
2022.09.12,16:00:00,7.717000,7.808000,7.600000,7.800000,4328024.9000
2022.09.12,20:00:00,7.799000,7.841000,7.702000,7.751000,2550072.4800
2022.09.13,00:00:00,7.752000,7.765000,7.543000,7.695000,3300768.2500
2022.09.13,04:00:00,7.695000,7.825000,7.660000,7.793000,2306962.8100
2022.09.13,08:00:00,7.794000,7.910000,7.695000,7.891000,3367186.3900
2022.09.13,12:00:00,7.890000,7.954000,7.160000,7.187000,11044643.8100
2022.09.13,16:00:00,7.187000,7.295000,7.034000,7.204000,5524274.9900
2022.09.13,20:00:00,7.203000,7.248000,7.012000,7.017000,3232434.5100
2022.09.14,00:00:00,7.017000,7.273000,6.971000,7.246000,3739519.4100
2022.09.14,04:00:00,7.247000,7.279000,7.088000,7.189000,2782346.4600
2022.09.14,08:00:00,7.189000,7.318000,7.134000,7.274000,3548629.8500
2022.09.14,12:00:00,7.274000,7.451000,7.193000,7.424000,6861166.9900
2022.09.14,16:00:00,7.424000,7.519000,7.244000,7.405000,7668970.1300
2022.09.14,20:00:00,7.405000,7.539000,7.344000,7.451000,3143207.3900
2022.09.15,00:00:00,7.450000,7.467000,7.109000,7.196000,5789247.5600
2022.09.15,04:00:00,7.196000,7.488000,7.115000,7.399000,6514502.9000
2022.09.15,08:00:00,7.399000,7.403000,7.224000,7.317000,3292313.3000
2022.09.15,12:00:00,7.316000,7.349000,7.010000,7.174000,6695568.4300
2022.09.15,16:00:00,7.174000,7.383000,7.110000,7.310000,4381317.0600
2022.09.15,20:00:00,7.311000,7.599000,7.311000,7.560000,8220594.1700
2022.09.16,00:00:00,7.561000,7.654000,7.414000,7.526000,6086845.5900
2022.09.16,04:00:00,7.526000,7.633000,7.477000,7.591000,3638987.2600
2022.09.16,08:00:00,7.591000,7.760000,7.461000,7.741000,8340827.4200
2022.09.16,12:00:00,7.741000,7.800000,7.569000,7.728000,11423025.1300
2022.09.16,16:00:00,7.728000,7.754000,7.522000,7.575000,6157006.3500
2022.09.16,20:00:00,7.575000,7.684000,7.539000,7.653000,2644558.2600
2022.09.17,00:00:00,7.653000,7.829000,7.635000,7.795000,3453834.2000
2022.09.17,04:00:00,7.795000,8.070000,7.793000,7.997000,7503529.6800
2022.09.17,08:00:00,7.997000,8.040000,7.833000,7.838000,5032366.1200
2022.09.17,12:00:00,7.839000,7.974000,7.820000,7.902000,3913061.8000
2022.09.17,16:00:00,7.902000,8.081000,7.899000,8.015000,4068939.8400
2022.09.17,20:00:00,8.016000,8.139000,7.925000,8.085000,4103668.3900
2022.09.18,00:00:00,8.085000,8.134000,7.905000,7.953000,3882860.1100
2022.09.18,04:00:00,7.953000,8.097000,7.941000,8.003000,4623029.9400
2022.09.18,08:00:00,8.003000,8.027000,7.807000,7.925000,4375507.8400
2022.09.18,12:00:00,7.926000,7.996000,7.819000,7.874000,6175175.9000
2022.09.18,16:00:00,7.875000,7.898000,7.711000,7.833000,6141604.8100
2022.09.18,20:00:00,7.832000,7.840000,7.384000,7.518000,7088865.2400
2022.09.19,00:00:00,7.519000,7.675000,7.153000,7.195000,9572254.7800
2022.09.19,04:00:00,7.195000,7.244000,7.031000,7.165000,6611061.1200
2022.09.19,08:00:00,7.164000,7.170000,7.002000,7.136000,5036214.0600
2022.09.19,12:00:00,7.137000,7.385000,7.104000,7.266000,6875980.4700
2022.09.19,16:00:00,7.267000,7.349000,7.133000,7.332000,4345549.1400
2022.09.19,20:00:00,7.332000,7.374000,7.266000,7.296000,3301689.1700
2022.09.20,00:00:00,7.295000,7.333000,7.130000,7.193000,4390805.1400
2022.09.20,04:00:00,7.193000,7.290000,7.149000,7.204000,2864545.3700
2022.09.20,08:00:00,7.203000,7.248000,7.086000,7.132000,3347981.3600
2022.09.20,12:00:00,7.132000,7.218000,7.000000,7.201000,6776937.1600
2022.09.20,16:00:00,7.201000,7.230000,6.850000,6.951000,7902707.2600
2022.09.20,20:00:00,6.951000,7.004000,6.800000,6.882000,4308347.6900
2022.09.21,00:00:00,6.881000,6.997000,6.822000,6.927000,3465047.0300
2022.09.21,04:00:00,6.928000,6.988000,6.759000,6.854000,4045293.3400
2022.09.21,08:00:00,6.854000,7.040000,6.817000,7.015000,3956446.1300
2022.09.21,12:00:00,7.016000,7.066000,6.912000,6.951000,4399681.0800
2022.09.21,16:00:00,6.950000,7.314000,6.850000,6.962000,13573786.0800
2022.09.21,20:00:00,6.961000,6.981000,6.512000,6.673000,8448109.4900
2022.09.22,00:00:00,6.672000,6.780000,6.631000,6.735000,3054664.5800
2022.09.22,04:00:00,6.735000,6.883000,6.730000,6.875000,2591285.9200
2022.09.22,08:00:00,6.876000,7.081000,6.868000,7.066000,3933248.4800
2022.09.22,12:00:00,7.067000,7.077000,6.864000,6.939000,4721761.9800
2022.09.22,16:00:00,6.938000,7.174000,6.857000,7.100000,4118663.8800
2022.09.22,20:00:00,7.100000,7.174000,7.031000,7.118000,2678136.8000
2022.09.23,00:00:00,7.118000,7.240000,7.005000,7.227000,3747982.1900
2022.09.23,04:00:00,7.227000,7.277000,7.090000,7.109000,3880157.6100
2022.09.23,08:00:00,7.108000,7.302000,6.989000,7.211000,9628428.4800
2022.09.23,12:00:00,7.211000,7.298000,6.971000,7.090000,9504385.6500
2022.09.23,16:00:00,7.090000,7.112000,6.955000,7.089000,4988749.1600
2022.09.23,20:00:00,7.089000,7.490000,7.088000,7.445000,6186323.8600
2022.09.24,00:00:00,7.444000,7.506000,7.363000,7.414000,4597360.7400
2022.09.24,04:00:00,7.414000,7.622000,7.412000,7.546000,6784543.0400
2022.09.24,08:00:00,7.546000,7.740000,7.514000,7.605000,9873546.6600
2022.09.24,12:00:00,7.605000,7.690000,7.580000,7.676000,5640838.4600
2022.09.24,16:00:00,7.676000,7.870000,7.655000,7.789000,10675342.2100
2022.09.24,20:00:00,7.788000,7.844000,7.573000,7.625000,6797591.9600
2022.09.25,00:00:00,7.624000,7.777000,7.621000,7.749000,5573806.3200
2022.09.25,04:00:00,7.748000,8.068000,7.723000,8.017000,12052834.7000
2022.09.25,08:00:00,8.017000,8.076000,7.925000,8.007000,10732720.1300
2022.09.25,12:00:00,8.006000,8.047000,7.750000,7.897000,15464923.2300
2022.09.25,16:00:00,7.897000,7.974000,7.731000,7.828000,7679730.2700
2022.09.25,20:00:00,7.827000,7.947000,7.560000,7.860000,10692413.6100
2022.09.26,00:00:00,7.861000,7.955000,7.702000,7.745000,8338185.9000
2022.09.26,04:00:00,7.744000,7.752000,7.458000,7.619000,11330929.8200
2022.09.26,08:00:00,7.619000,7.823000,7.514000,7.596000,10028196.3000
2022.09.26,12:00:00,7.597000,7.888000,7.545000,7.863000,10915662.0500
2022.09.26,16:00:00,7.862000,7.924000,7.737000,7.844000,6273185.2300
2022.09.26,20:00:00,7.843000,7.945000,7.757000,7.936000,3364311.5200
2022.09.27,00:00:00,7.936000,8.250000,7.901000,8.192000,11560001.4700
2022.09.27,04:00:00,8.191000,8.397000,8.175000,8.220000,8438580.7600
2022.09.27,08:00:00,8.221000,8.333000,8.168000,8.225000,6601600.4400
2022.09.27,12:00:00,8.225000,8.384000,8.108000,8.125000,9526664.5100
2022.09.27,16:00:00,8.125000,8.167000,7.650000,7.775000,17837314.3300
2022.09.27,20:00:00,7.775000,8.150000,7.700000,8.053000,9999036.9900
2022.09.28,00:00:00,8.053000,8.427000,7.880000,8.060000,26287113.8000
2022.09.28,04:00:00,8.060000,8.093000,7.800000,7.969000,12732678.5500
2022.09.28,08:00:00,7.967000,8.178000,7.802000,8.100000,12782129.9200
2022.09.28,12:00:00,8.100000,8.537000,8.035000,8.202000,33526105.0200
2022.09.28,16:00:00,8.201000,8.210000,7.847000,7.894000,18432571.5200
2022.09.28,20:00:00,7.898000,7.976000,7.720000,7.787000,9757661.4600
2022.09.29,00:00:00,7.788000,7.834000,7.633000,7.765000,11763302.0600
2022.09.29,04:00:00,7.764000,7.815000,7.634000,7.684000,8136836.7900
2022.09.29,08:00:00,7.683000,7.823000,7.660000,7.772000,7338176.8200
2022.09.29,12:00:00,7.773000,7.880000,7.567000,7.763000,17581093.1900
2022.09.29,16:00:00,7.762000,7.878000,7.729000,7.837000,7526731.5200
2022.09.29,20:00:00,7.837000,7.938000,7.810000,7.895000,6379480.5000
2022.09.30,00:00:00,7.896000,7.913000,7.766000,7.800000,5160600.2300
2022.09.30,04:00:00,7.799000,7.897000,7.775000,7.866000,3312564.0000
2022.09.30,08:00:00,7.865000,7.879000,7.664000,7.677000,4766367.8200
2022.09.30,12:00:00,7.677000,7.855000,7.621000,7.685000,11939310.2800
2022.09.30,16:00:00,7.684000,7.733000,7.500000,7.518000,7519939.1200
2022.09.30,20:00:00,7.517000,7.606000,7.511000,7.581000,4555346.0300
2022.10.01,00:00:00,7.581000,7.645000,7.535000,7.632000,3742204.9000
2022.10.01,04:00:00,7.631000,7.636000,7.532000,7.603000,3191280.1500
2022.10.01,08:00:00,7.602000,7.634000,7.550000,7.587000,2996156.5800
2022.10.01,12:00:00,7.586000,7.592000,7.505000,7.551000,4116303.5100
2022.10.01,16:00:00,7.552000,7.553000,7.322000,7.382000,7605192.6200
2022.10.01,20:00:00,7.382000,7.402000,7.307000,7.389000,2768626.8300
2022.10.02,00:00:00,7.389000,7.487000,7.367000,7.469000,3765303.8400
2022.10.02,04:00:00,7.469000,7.540000,7.441000,7.461000,3095884.3800
2022.10.02,08:00:00,7.461000,7.530000,7.200000,7.325000,8099024.8400
2022.10.02,12:00:00,7.325000,7.364000,7.260000,7.292000,3771438.7900
2022.10.02,16:00:00,7.293000,7.366000,7.269000,7.342000,3365134.7500
2022.10.02,20:00:00,7.342000,7.353000,7.080000,7.106000,6758134.1000
2022.10.03,00:00:00,7.106000,7.221000,7.043000,7.174000,5934206.0200
2022.10.03,04:00:00,7.173000,7.180000,7.009000,7.122000,7665682.3900
2022.10.03,08:00:00,7.122000,7.176000,7.087000,7.176000,3112248.3200
2022.10.03,12:00:00,7.175000,7.292000,7.142000,7.231000,6700601.0200
2022.10.03,16:00:00,7.232000,7.308000,7.153000,7.221000,4899409.1400
2022.10.03,20:00:00,7.222000,7.349000,7.195000,7.322000,4398607.4800
2022.10.04,00:00:00,7.323000,7.528000,7.315000,7.522000,7529900.1000
2022.10.04,04:00:00,7.523000,7.695000,7.501000,7.649000,8827002.3100
2022.10.04,08:00:00,7.649000,7.711000,7.591000,7.672000,7509774.9900
2022.10.04,12:00:00,7.673000,7.829000,7.652000,7.728000,11585531.0000
2022.10.04,16:00:00,7.728000,7.789000,7.637000,7.744000,7414356.5200
2022.10.04,20:00:00,7.745000,7.795000,7.690000,7.716000,5795780.6200
2022.10.05,00:00:00,7.717000,7.845000,7.709000,7.721000,5958328.6900
2022.10.05,04:00:00,7.720000,7.795000,7.670000,7.734000,4022457.0600
2022.10.05,08:00:00,7.734000,7.741000,7.582000,7.620000,6932342.2700
2022.10.05,12:00:00,7.620000,7.876000,7.592000,7.812000,15107511.8700
2022.10.05,16:00:00,7.813000,7.938000,7.758000,7.882000,8951484.1000
2022.10.05,20:00:00,7.882000,7.908000,7.788000,7.870000,4966270.7600
2022.10.06,00:00:00,7.869000,7.934000,7.852000,7.902000,4795485.9600
2022.10.06,04:00:00,7.903000,7.934000,7.760000,7.814000,4786375.7600
2022.10.06,08:00:00,7.814000,7.884000,7.753000,7.864000,4257847.3200
2022.10.06,12:00:00,7.865000,7.898000,7.680000,7.747000,9504971.0900
2022.10.06,16:00:00,7.747000,7.771000,7.662000,7.677000,3702356.0000
2022.10.06,20:00:00,7.676000,7.711000,7.587000,7.627000,4500786.8600
2022.10.07,00:00:00,7.628000,7.731000,7.615000,7.681000,3088510.7800
2022.10.07,04:00:00,7.681000,7.795000,7.655000,7.705000,3951573.1800
2022.10.07,08:00:00,7.705000,7.741000,7.601000,7.645000,3834337.6800
2022.10.07,12:00:00,7.646000,7.654000,7.465000,7.544000,9228578.5000
2022.10.07,16:00:00,7.544000,7.653000,7.478000,7.589000,5763625.2800
2022.10.07,20:00:00,7.589000,7.614000,7.543000,7.600000,1731893.1100
2022.10.08,00:00:00,7.600000,7.654000,7.571000,7.585000,1831609.1800
2022.10.08,04:00:00,7.585000,7.618000,7.544000,7.615000,1843299.9000
2022.10.08,08:00:00,7.614000,7.617000,7.554000,7.568000,1596643.2000
2022.10.08,12:00:00,7.567000,7.571000,7.484000,7.489000,3186415.8500
2022.10.08,16:00:00,7.488000,7.514000,7.450000,7.460000,2254324.2300
2022.10.08,20:00:00,7.460000,7.460000,7.332000,7.452000,4304726.0200
2022.10.09,00:00:00,7.452000,7.474000,7.411000,7.440000,2070767.6800
2022.10.09,04:00:00,7.439000,7.543000,7.415000,7.522000,2258227.7300
2022.10.09,08:00:00,7.521000,7.595000,7.482000,7.544000,2771749.8900
2022.10.09,12:00:00,7.545000,7.589000,7.501000,7.530000,2876528.7700
2022.10.09,16:00:00,7.529000,7.653000,7.507000,7.619000,5205549.8200
2022.10.09,20:00:00,7.619000,7.636000,7.548000,7.624000,2720993.4600
2022.10.10,00:00:00,7.624000,7.702000,7.602000,7.624000,3306478.0300
2022.10.10,04:00:00,7.624000,7.653000,7.552000,7.566000,3290520.2700
2022.10.10,08:00:00,7.567000,7.575000,7.379000,7.477000,6405158.5700
2022.10.10,12:00:00,7.477000,7.570000,7.441000,7.498000,5170786.5700
2022.10.10,16:00:00,7.497000,7.624000,7.472000,7.596000,5133022.4000
2022.10.10,20:00:00,7.595000,7.732000,7.317000,7.328000,9743503.2900
2022.10.11,00:00:00,7.328000,7.382000,7.129000,7.184000,9194864.8000
2022.10.11,04:00:00,7.184000,7.258000,7.164000,7.220000,3613214.7800
2022.10.11,08:00:00,7.220000,7.248000,7.151000,7.233000,3742649.1800
2022.10.11,12:00:00,7.233000,7.305000,7.128000,7.287000,7092556.5700
2022.10.11,16:00:00,7.287000,7.336000,7.135000,7.179000,6625673.6200
2022.10.11,20:00:00,7.178000,7.201000,7.061000,7.129000,4451967.4700
2022.10.12,00:00:00,7.129000,7.197000,7.098000,7.134000,3071229.8900
2022.10.12,04:00:00,7.134000,7.270000,7.129000,7.224000,4549858.3500
2022.10.12,08:00:00,7.225000,7.260000,7.176000,7.191000,2859214.0200
2022.10.12,12:00:00,7.192000,7.209000,7.100000,7.173000,5669638.3100
2022.10.12,16:00:00,7.172000,7.190000,7.081000,7.160000,4002882.0800
2022.10.12,20:00:00,7.159000,7.195000,7.117000,7.142000,1734383.2100
2022.10.13,00:00:00,7.141000,7.155000,6.880000,6.965000,6050073.5700
2022.10.13,04:00:00,6.965000,6.971000,6.600000,6.712000,8796015.6400
2022.10.13,08:00:00,6.713000,6.767000,6.422000,6.624000,12092010.2000
2022.10.13,12:00:00,6.623000,6.864000,6.288000,6.826000,14714167.3100
2022.10.13,16:00:00,6.826000,7.057000,6.813000,6.997000,7271548.6400
2022.10.13,20:00:00,6.997000,7.099000,6.987000,7.021000,3871215.0900
2022.10.14,00:00:00,7.019000,7.247000,6.977000,7.169000,5028355.9300
2022.10.14,04:00:00,7.168000,7.198000,7.102000,7.121000,3219457.2600
2022.10.14,08:00:00,7.122000,7.175000,7.062000,7.102000,3709474.6700
2022.10.14,12:00:00,7.102000,7.248000,7.008000,7.034000,8459392.2500
2022.10.14,16:00:00,7.034000,7.053000,6.841000,6.884000,6505495.5600
2022.10.14,20:00:00,6.885000,6.905000,6.790000,6.883000,2853747.7500
2022.10.15,00:00:00,6.882000,6.916000,6.835000,6.891000,2567405.5700
2022.10.15,04:00:00,6.892000,6.928000,6.874000,6.907000,1970807.0800
2022.10.15,08:00:00,6.908000,6.972000,6.812000,6.967000,3434377.1000
2022.10.15,12:00:00,6.967000,6.983000,6.893000,6.932000,3227268.4500
2022.10.15,16:00:00,6.932000,6.968000,6.889000,6.959000,2246785.6800
2022.10.15,20:00:00,6.959000,6.976000,6.828000,6.879000,2791243.2700
2022.10.16,00:00:00,6.879000,7.093000,6.869000,7.074000,5973645.8800
2022.10.16,04:00:00,7.075000,7.144000,7.023000,7.048000,3548940.4600
2022.10.16,08:00:00,7.047000,7.116000,7.011000,7.063000,2877854.7400
2022.10.16,12:00:00,7.063000,7.096000,7.000000,7.089000,2968083.8800
2022.10.16,16:00:00,7.090000,7.215000,7.025000,7.198000,5081451.1000
2022.10.16,20:00:00,7.199000,7.235000,7.083000,7.164000,4555660.7700
2022.10.17,00:00:00,7.164000,7.188000,7.062000,7.106000,2789539.7000
2022.10.17,04:00:00,7.106000,7.213000,7.087000,7.209000,3064189.1500
2022.10.17,08:00:00,7.208000,7.284000,7.158000,7.222000,5114116.0100
2022.10.17,12:00:00,7.221000,7.335000,7.190000,7.253000,10689460.1300
2022.10.17,16:00:00,7.253000,7.324000,7.194000,7.225000,3559834.8200
2022.10.17,20:00:00,7.225000,7.371000,7.216000,7.325000,3365187.6000
2022.10.18,00:00:00,7.325000,7.368000,7.226000,7.293000,3873613.9000
2022.10.18,04:00:00,7.293000,7.317000,7.229000,7.255000,3138120.8200
2022.10.18,08:00:00,7.254000,7.259000,7.103000,7.170000,4896295.4200
2022.10.18,12:00:00,7.169000,7.214000,7.056000,7.110000,5840007.7800
2022.10.18,16:00:00,7.109000,7.141000,6.956000,7.046000,6520354.6100
2022.10.18,20:00:00,7.046000,7.143000,7.034000,7.123000,3684075.7200
2022.10.19,00:00:00,7.122000,7.132000,6.994000,7.032000,3292868.4600
2022.10.19,04:00:00,7.031000,7.059000,6.939000,7.015000,3017337.3700
2022.10.19,08:00:00,7.014000,7.061000,6.902000,6.956000,3936410.3700
2022.10.19,12:00:00,6.955000,7.011000,6.905000,6.998000,4374708.0500
2022.10.19,16:00:00,6.999000,7.001000,6.882000,6.938000,3590296.9900
2022.10.19,20:00:00,6.939000,6.961000,6.700000,6.768000,6940763.7700
2022.10.20,00:00:00,6.769000,6.810000,6.676000,6.757000,4966082.8800
2022.10.20,04:00:00,6.757000,6.855000,6.754000,6.835000,3263855.8200
2022.10.20,08:00:00,6.835000,6.883000,6.786000,6.836000,3371697.4300
2022.10.20,12:00:00,6.836000,6.909000,6.772000,6.861000,5381917.2200
2022.10.20,16:00:00,6.861000,6.861000,6.613000,6.695000,7313934.7900
2022.10.20,20:00:00,6.692000,6.704000,6.596000,6.655000,3818358.0500
2022.10.21,00:00:00,6.655000,6.686000,6.536000,6.645000,4305969.6000
2022.10.21,04:00:00,6.645000,6.663000,6.571000,6.589000,2685654.4000
2022.10.21,08:00:00,6.589000,6.602000,6.455000,6.515000,5940033.6700
2022.10.21,12:00:00,6.515000,6.730000,6.435000,6.729000,9967217.8100
2022.10.21,16:00:00,6.730000,6.837000,6.693000,6.782000,5688597.7600
2022.10.21,20:00:00,6.782000,6.845000,6.766000,6.806000,3069727.2300
2022.10.22,00:00:00,6.805000,6.828000,6.727000,6.756000,1969755.9700
2022.10.22,04:00:00,6.756000,6.825000,6.719000,6.810000,1891806.3900
2022.10.22,08:00:00,6.811000,6.886000,6.800000,6.863000,2903842.7200
2022.10.22,12:00:00,6.864000,6.927000,6.823000,6.870000,3983601.0200
2022.10.22,16:00:00,6.870000,6.891000,6.803000,6.867000,2227367.5500
2022.10.22,20:00:00,6.866000,6.914000,6.846000,6.866000,1387217.2700
2022.10.23,00:00:00,6.866000,6.974000,6.814000,6.936000,3038786.9900
2022.10.23,04:00:00,6.936000,6.984000,6.909000,6.916000,2055776.9400
2022.10.23,08:00:00,6.916000,6.964000,6.831000,6.846000,2488074.4200
2022.10.23,12:00:00,6.847000,6.869000,6.801000,6.818000,3351984.8200
2022.10.23,16:00:00,6.818000,7.032000,6.807000,6.989000,5034599.5100
2022.10.23,20:00:00,6.988000,7.086000,6.957000,7.064000,4082800.1200
2022.10.24,00:00:00,7.064000,7.084000,6.903000,6.912000,3904501.4500
2022.10.24,04:00:00,6.912000,6.957000,6.875000,6.910000,2958665.9100
2022.10.24,08:00:00,6.910000,6.976000,6.855000,6.969000,3633903.0400
2022.10.24,12:00:00,6.969000,6.972000,6.784000,6.887000,6105272.0800
2022.10.24,16:00:00,6.886000,6.960000,6.848000,6.921000,3001919.4200
2022.10.24,20:00:00,6.921000,6.951000,6.890000,6.902000,2086552.8300
2022.10.25,00:00:00,6.903000,6.962000,6.831000,6.936000,3174932.6500
2022.10.25,04:00:00,6.937000,6.965000,6.860000,6.881000,2436674.7300
2022.10.25,08:00:00,6.881000,6.889000,6.809000,6.856000,3424921.9900
2022.10.25,12:00:00,6.855000,7.055000,6.815000,7.007000,7442308.3700
2022.10.25,16:00:00,7.007000,7.279000,7.007000,7.129000,12601568.1100
2022.10.25,20:00:00,7.128000,7.145000,6.992000,7.057000,4880552.0300
2022.10.26,00:00:00,7.058000,7.176000,7.024000,7.146000,3412349.1000
2022.10.26,04:00:00,7.147000,7.222000,7.125000,7.168000,3288848.5800
2022.10.26,08:00:00,7.168000,7.291000,7.135000,7.154000,4886724.6500
2022.10.26,12:00:00,7.153000,7.287000,7.034000,7.211000,9476602.5600
2022.10.26,16:00:00,7.210000,7.236000,7.082000,7.163000,5057704.0900
2022.10.26,20:00:00,7.162000,7.195000,7.089000,7.153000,3933951.7800
2022.10.27,00:00:00,7.153000,7.239000,7.111000,7.232000,3597717.1600
2022.10.27,04:00:00,7.232000,7.364000,7.162000,7.234000,5061131.5500
2022.10.27,08:00:00,7.234000,7.254000,7.110000,7.153000,4084894.0000
2022.10.27,12:00:00,7.153000,7.228000,7.038000,7.065000,7764378.9900
2022.10.27,16:00:00,7.066000,7.139000,7.033000,7.116000,2807172.8100
2022.10.27,20:00:00,7.117000,7.121000,6.850000,6.888000,7753338.1700
2022.10.28,00:00:00,6.888000,6.943000,6.820000,6.893000,4690247.7400
2022.10.28,04:00:00,6.893000,6.947000,6.851000,6.930000,3794508.6700
2022.10.28,08:00:00,6.930000,6.977000,6.885000,6.923000,3288957.4100
2022.10.28,12:00:00,6.922000,7.054000,6.860000,7.043000,6341388.4900
2022.10.28,16:00:00,7.043000,7.170000,7.026000,7.163000,5050385.8700
2022.10.28,20:00:00,7.163000,7.199000,7.085000,7.105000,2360211.1200
2022.10.29,00:00:00,7.105000,7.210000,7.099000,7.197000,3124173.2100
2022.10.29,04:00:00,7.197000,7.222000,7.126000,7.179000,2269203.8600
2022.10.29,08:00:00,7.180000,7.285000,7.138000,7.154000,5603855.8000
2022.10.29,12:00:00,7.153000,7.195000,7.076000,7.177000,5044731.0900
2022.10.29,16:00:00,7.177000,7.593000,7.164000,7.540000,15401631.4700
2022.10.29,20:00:00,7.540000,7.655000,7.480000,7.633000,6714448.9000
2022.10.30,00:00:00,7.632000,7.829000,7.550000,7.819000,9184906.5200
2022.10.30,04:00:00,7.819000,7.853000,7.685000,7.799000,5471043.2700
2022.10.30,08:00:00,7.799000,7.814000,7.521000,7.578000,5862927.2300
2022.10.30,12:00:00,7.578000,7.617000,7.487000,7.538000,7582008.8600
2022.10.30,16:00:00,7.538000,7.782000,7.516000,7.738000,6865243.1500
2022.10.30,20:00:00,7.737000,7.925000,7.701000,7.777000,8147946.1600
2022.10.31,00:00:00,7.776000,7.988000,7.657000,7.950000,10086477.6200
2022.10.31,04:00:00,7.950000,8.034000,7.841000,7.965000,10041435.6700
2022.10.31,08:00:00,7.965000,8.197000,7.832000,8.084000,14189596.7200
2022.10.31,12:00:00,8.083000,8.325000,7.904000,8.004000,21552281.8200
2022.10.31,16:00:00,8.005000,8.060000,7.773000,7.785000,9997258.8500
2022.10.31,20:00:00,7.786000,7.880000,7.715000,7.848000,5731270.0400
2022.11.01,00:00:00,7.848000,7.919000,7.783000,7.819000,4602809.2000
2022.11.01,04:00:00,7.820000,7.855000,7.728000,7.822000,4304800.9600
2022.11.01,08:00:00,7.822000,7.885000,7.690000,7.743000,5423138.4100
2022.11.01,12:00:00,7.742000,7.794000,7.633000,7.734000,6853859.3700
2022.11.01,16:00:00,7.734000,7.758000,7.636000,7.646000,3480229.0100
2022.11.01,20:00:00,7.645000,7.707000,7.622000,7.680000,2467909.7600
2022.11.02,00:00:00,7.679000,7.867000,7.558000,7.836000,6184997.7300
2022.11.02,04:00:00,7.836000,7.866000,7.614000,7.687000,4693585.5000
2022.11.02,08:00:00,7.687000,7.886000,7.607000,7.804000,10422544.5800
2022.11.02,12:00:00,7.803000,7.855000,7.681000,7.685000,6611086.6400
2022.11.02,16:00:00,7.686000,7.993000,7.514000,7.558000,21158512.3100
2022.11.02,20:00:00,7.557000,7.599000,7.332000,7.428000,8332082.2900
2022.11.03,00:00:00,7.428000,7.753000,7.382000,7.732000,6302201.3800
2022.11.03,04:00:00,7.733000,7.959000,7.733000,7.802000,9870000.5900
2022.11.03,08:00:00,7.803000,8.029000,7.778000,7.870000,8875934.2300
2022.11.03,12:00:00,7.870000,7.969000,7.650000,7.838000,11647809.3500
2022.11.03,16:00:00,7.838000,8.005000,7.764000,7.794000,7179164.3700
2022.11.03,20:00:00,7.795000,7.837000,7.651000,7.716000,4341540.4300
2022.11.04,00:00:00,7.717000,8.274000,7.654000,8.221000,12300271.0200
2022.11.04,04:00:00,8.222000,8.372000,8.135000,8.211000,9960012.3800
2022.11.04,08:00:00,8.210000,8.297000,8.100000,8.121000,7013686.5700
2022.11.04,12:00:00,8.121000,8.468000,8.025000,8.226000,17441743.3400
2022.11.04,16:00:00,8.225000,8.594000,8.175000,8.588000,9771316.9600
2022.11.04,20:00:00,8.588000,8.895000,8.555000,8.712000,11755894.1700
2022.11.05,00:00:00,8.712000,8.950000,8.629000,8.701000,7971406.9100
2022.11.05,04:00:00,8.702000,8.807000,8.628000,8.774000,4677267.7500
2022.11.05,08:00:00,8.773000,8.786000,8.564000,8.712000,5391955.5700
2022.11.05,12:00:00,8.711000,8.918000,8.567000,8.840000,7039977.3600
2022.11.05,16:00:00,8.840000,9.000000,8.803000,8.890000,7675000.6600
2022.11.05,20:00:00,8.890000,8.911000,8.594000,8.661000,4676710.6500
2022.11.06,00:00:00,8.661000,8.749000,8.530000,8.746000,5061426.0100
2022.11.06,04:00:00,8.745000,8.768000,8.590000,8.674000,3376455.8000
2022.11.06,08:00:00,8.675000,8.747000,8.601000,8.641000,3150035.6300
2022.11.06,12:00:00,8.641000,8.665000,8.339000,8.539000,8249071.5900
2022.11.06,16:00:00,8.539000,8.594000,8.308000,8.373000,5439774.6300
2022.11.06,20:00:00,8.372000,8.386000,8.085000,8.096000,6296382.8100
2022.11.07,00:00:00,8.096000,8.350000,8.060000,8.255000,6728958.9200
2022.11.07,04:00:00,8.254000,8.269000,7.890000,7.901000,6592351.4400
2022.11.07,08:00:00,7.901000,8.269000,7.890000,8.234000,5973719.7600
2022.11.07,12:00:00,8.233000,8.537000,8.211000,8.534000,11519336.5700
2022.11.07,16:00:00,8.535000,8.963000,8.388000,8.933000,12107235.1900
2022.11.07,20:00:00,8.933000,9.244000,8.660000,8.948000,26620917.1000
2022.11.08,00:00:00,8.950000,9.197000,8.431000,8.480000,35033574.4100
2022.11.08,04:00:00,8.481000,8.656000,8.031000,8.552000,40337313.3300
2022.11.08,08:00:00,8.552000,8.882000,8.426000,8.749000,25925464.5400
2022.11.08,12:00:00,8.751000,8.846000,8.330000,8.553000,29409641.6900
2022.11.08,16:00:00,8.555000,9.480000,6.470000,7.395000,68310642.9100
2022.11.08,20:00:00,7.394000,7.812000,7.086000,7.702000,25364366.0000
2022.11.09,00:00:00,7.702000,7.890000,7.100000,7.316000,21216072.7500
2022.11.09,04:00:00,7.317000,7.324000,7.025000,7.067000,14994660.0700
2022.11.09,08:00:00,7.068000,7.082000,6.319000,6.810000,29191221.1800
2022.11.09,12:00:00,6.810000,6.967000,6.366000,6.446000,26590919.3900
2022.11.09,16:00:00,6.445000,6.608000,6.204000,6.497000,22652096.3500
2022.11.09,20:00:00,6.495000,6.612000,5.753000,6.228000,27582144.0600
2022.11.10,00:00:00,6.227000,6.797000,6.083000,6.638000,16735146.5400
2022.11.10,04:00:00,6.638000,6.892000,6.570000,6.731000,14970887.8300
2022.11.10,08:00:00,6.731000,6.817000,6.461000,6.524000,11198186.3000
2022.11.10,12:00:00,6.522000,7.396000,6.511000,7.300000,22301785.6200
2022.11.10,16:00:00,7.300000,7.514000,6.969000,7.190000,13686667.6500
2022.11.10,20:00:00,7.190000,7.369000,7.108000,7.204000,7871861.8200
2022.11.11,00:00:00,7.204000,7.334000,6.747000,6.843000,9663639.8000
2022.11.11,04:00:00,6.843000,7.096000,6.803000,7.051000,6467235.4200
2022.11.11,08:00:00,7.051000,7.194000,6.981000,7.106000,6464932.6700
2022.11.11,12:00:00,7.106000,7.220000,6.505000,6.784000,14989077.2000
2022.11.11,16:00:00,6.784000,6.965000,6.652000,6.910000,6904595.0300
2022.11.11,20:00:00,6.910000,7.056000,6.739000,7.039000,4536080.7300
2022.11.12,00:00:00,7.041000,7.055000,6.646000,6.739000,7298879.6000
2022.11.12,04:00:00,6.738000,6.785000,6.201000,6.485000,28670951.2100
2022.11.12,08:00:00,6.483000,6.503000,6.341000,6.413000,8186626.9000
2022.11.12,12:00:00,6.413000,6.459000,6.286000,6.412000,7269109.8500
2022.11.12,16:00:00,6.412000,6.448000,6.266000,6.309000,4520691.9400
2022.11.12,20:00:00,6.310000,6.314000,6.171000,6.278000,4697389.9600
2022.11.13,00:00:00,6.278000,6.469000,6.209000,6.453000,5795453.4100
2022.11.13,04:00:00,6.452000,6.541000,6.246000,6.345000,7316627.6600
2022.11.13,08:00:00,6.345000,6.356000,6.104000,6.202000,7092870.6100
2022.11.13,12:00:00,6.202000,6.298000,6.135000,6.189000,6279951.2900
2022.11.13,16:00:00,6.191000,6.218000,6.051000,6.148000,4980924.2500
2022.11.13,20:00:00,6.149000,6.158000,5.930000,6.073000,6582850.6300
2022.11.14,00:00:00,6.074000,6.119000,5.712000,5.820000,13789401.0100
2022.11.14,04:00:00,5.821000,6.231000,5.683000,6.228000,13716182.8500
2022.11.14,08:00:00,6.229000,6.353000,6.190000,6.264000,9750576.4600
2022.11.14,12:00:00,6.265000,6.433000,6.123000,6.201000,13003532.3600
2022.11.14,16:00:00,6.200000,6.228000,6.021000,6.046000,7911440.1900
2022.11.14,20:00:00,6.046000,6.300000,6.033000,6.285000,5205507.9400
2022.11.15,00:00:00,6.285000,6.368000,6.202000,6.296000,6277809.9300
2022.11.15,04:00:00,6.295000,6.479000,6.266000,6.447000,6090622.4000
2022.11.15,08:00:00,6.446000,6.554000,6.377000,6.414000,7227919.7000
2022.11.15,12:00:00,6.415000,6.666000,6.384000,6.583000,11970100.0900
2022.11.15,16:00:00,6.583000,6.636000,6.289000,6.359000,12548643.8100
2022.11.15,20:00:00,6.359000,6.443000,6.358000,6.417000,5028697.5000
2022.11.16,00:00:00,6.418000,6.560000,6.364000,6.539000,5456234.4800
2022.11.16,04:00:00,6.540000,6.551000,6.442000,6.452000,4219583.6000
2022.11.16,08:00:00,6.451000,6.467000,6.271000,6.303000,6873964.9000
2022.11.16,12:00:00,6.304000,6.315000,6.100000,6.134000,11497148.7600
2022.11.16,16:00:00,6.134000,6.233000,6.075000,6.187000,5934046.5900
2022.11.16,20:00:00,6.186000,6.213000,6.071000,6.174000,4289072.5700
2022.11.17,00:00:00,6.174000,6.258000,6.097000,6.113000,4809506.8200
2022.11.17,04:00:00,6.113000,6.217000,6.024000,6.212000,5763568.6300
2022.11.17,08:00:00,6.213000,6.233000,6.090000,6.206000,5479128.9000
2022.11.17,12:00:00,6.206000,6.254000,6.064000,6.130000,8981065.1300
2022.11.17,16:00:00,6.129000,6.310000,6.108000,6.271000,6064810.0600
2022.11.17,20:00:00,6.270000,6.340000,6.203000,6.223000,4720053.8700
2022.11.18,00:00:00,6.222000,6.412000,6.211000,6.334000,8865581.5900
2022.11.18,04:00:00,6.334000,6.346000,6.228000,6.252000,4262404.4400
2022.11.18,08:00:00,6.252000,6.270000,6.141000,6.214000,5462746.9100
2022.11.18,12:00:00,6.215000,6.247000,6.120000,6.156000,6665746.1100
2022.11.18,16:00:00,6.157000,6.170000,6.064000,6.119000,5330871.3400
2022.11.18,20:00:00,6.120000,6.197000,6.112000,6.178000,3040849.2600
2022.11.19,00:00:00,6.179000,6.195000,6.064000,6.105000,3448151.7800
2022.11.19,04:00:00,6.104000,6.127000,5.979000,6.070000,4818045.5500
2022.11.19,08:00:00,6.070000,6.116000,6.051000,6.109000,2676176.2400
2022.11.19,12:00:00,6.110000,6.160000,6.075000,6.147000,3887516.8000
2022.11.19,16:00:00,6.148000,6.173000,6.125000,6.157000,3049854.2500
2022.11.19,20:00:00,6.157000,6.219000,6.124000,6.141000,3513096.9900
2022.11.20,00:00:00,6.142000,6.228000,6.140000,6.201000,3668506.7700
2022.11.20,04:00:00,6.202000,6.247000,6.173000,6.225000,2620883.8100
2022.11.20,08:00:00,6.226000,6.235000,5.922000,5.964000,8726652.8500
2022.11.20,12:00:00,5.963000,6.045000,5.906000,6.014000,5670455.6400
2022.11.20,16:00:00,6.014000,6.024000,5.911000,5.985000,3813196.7800
2022.11.20,20:00:00,5.986000,5.996000,5.700000,5.760000,10622432.3200
2022.11.21,00:00:00,5.760000,5.805000,5.593000,5.700000,10659100.2300
2022.11.21,04:00:00,5.699000,5.807000,5.688000,5.751000,7994300.0100
2022.11.21,08:00:00,5.753000,5.766000,5.672000,5.725000,6073069.6500
2022.11.21,12:00:00,5.725000,5.855000,5.712000,5.801000,7132582.6700
2022.11.21,16:00:00,5.802000,5.817000,5.522000,5.605000,12192220.5500
2022.11.21,20:00:00,5.605000,5.894000,5.600000,5.870000,12697493.8000
2022.11.22,00:00:00,5.871000,6.065000,5.853000,6.060000,11435907.1600
2022.11.22,04:00:00,6.060000,6.138000,5.836000,5.950000,17923935.4400
2022.11.22,08:00:00,5.951000,6.006000,5.833000,5.961000,12959676.1000
2022.11.22,12:00:00,5.960000,6.442000,5.924000,6.396000,30162826.7400
2022.11.22,16:00:00,6.396000,6.433000,6.273000,6.381000,12743286.3900
2022.11.22,20:00:00,6.380000,6.481000,6.297000,6.419000,9072777.2800
2022.11.23,00:00:00,6.419000,6.551000,6.337000,6.530000,14399864.6700
2022.11.23,04:00:00,6.530000,6.620000,6.438000,6.548000,8372204.4500
2022.11.23,08:00:00,6.548000,6.579000,6.443000,6.472000,7511521.6900
2022.11.23,12:00:00,6.472000,6.484000,6.339000,6.435000,8958692.7600
2022.11.23,16:00:00,6.435000,6.793000,6.358000,6.746000,15585276.1300
2022.11.23,20:00:00,6.747000,6.810000,6.658000,6.701000,10759617.8500
2022.11.24,00:00:00,6.701000,6.878000,6.631000,6.782000,9965067.5100
2022.11.24,04:00:00,6.782000,6.789000,6.678000,6.696000,5125153.8800
2022.11.24,08:00:00,6.696000,6.735000,6.581000,6.671000,7945743.0300
2022.11.24,12:00:00,6.671000,6.900000,6.622000,6.860000,14829739.0100
2022.11.24,16:00:00,6.861000,6.978000,6.792000,6.821000,10240662.7600
2022.11.24,20:00:00,6.821000,6.876000,6.762000,6.825000,5548897.8000
2022.11.25,00:00:00,6.824000,6.836000,6.670000,6.824000,7046804.6700
2022.11.25,04:00:00,6.823000,6.847000,6.654000,6.812000,8561436.9800
2022.11.25,08:00:00,6.811000,6.975000,6.690000,6.892000,10687044.7600
2022.11.25,12:00:00,6.891000,6.994000,6.736000,6.758000,10584413.0200
2022.11.25,16:00:00,6.757000,6.912000,6.711000,6.900000,5775745.0400
2022.11.25,20:00:00,6.900000,6.916000,6.803000,6.843000,4165723.0500
2022.11.26,00:00:00,6.844000,6.996000,6.829000,6.866000,6596434.8900
2022.11.26,04:00:00,6.867000,6.930000,6.818000,6.859000,4340828.7900
2022.11.26,08:00:00,6.860000,6.945000,6.838000,6.933000,5227439.9300
2022.11.26,12:00:00,6.933000,7.262000,6.900000,7.171000,23287828.4500
2022.11.26,16:00:00,7.171000,7.293000,7.125000,7.142000,12401349.1600
2022.11.26,20:00:00,7.141000,7.205000,7.050000,7.152000,8516488.4400
2022.11.27,00:00:00,7.152000,7.273000,7.121000,7.204000,6940230.6400
2022.11.27,04:00:00,7.203000,7.219000,7.068000,7.104000,5537529.1600
2022.11.27,08:00:00,7.104000,7.181000,7.059000,7.115000,7208556.0200
2022.11.27,12:00:00,7.116000,7.143000,7.010000,7.099000,6514048.3700
2022.11.27,16:00:00,7.099000,7.135000,7.035000,7.076000,4594269.1800
2022.11.27,20:00:00,7.075000,7.120000,6.856000,6.900000,8778904.8800
2022.11.28,00:00:00,6.899000,6.944000,6.524000,6.736000,23634903.4300
2022.11.28,04:00:00,6.736000,6.781000,6.647000,6.726000,8021081.0000
2022.11.28,08:00:00,6.727000,6.849000,6.685000,6.788000,8376483.0400
2022.11.28,12:00:00,6.788000,6.890000,6.682000,6.708000,11816268.1900
2022.11.28,16:00:00,6.709000,7.072000,6.622000,7.047000,20097082.9400
2022.11.28,20:00:00,7.048000,7.347000,7.044000,7.190000,17832017.4100
2022.11.29,00:00:00,7.190000,7.382000,7.121000,7.330000,13842697.7400
2022.11.29,04:00:00,7.330000,7.510000,7.290000,7.391000,15914400.3000
2022.11.29,08:00:00,7.390000,7.470000,7.352000,7.373000,9509491.9200
2022.11.29,12:00:00,7.374000,7.399000,7.272000,7.317000,12092134.1800
2022.11.29,16:00:00,7.317000,7.396000,7.234000,7.282000,10602825.3200
2022.11.29,20:00:00,7.282000,7.394000,7.263000,7.313000,6023143.8400
2022.11.30,00:00:00,7.313000,7.674000,7.306000,7.403000,19126717.3900
2022.11.30,04:00:00,7.403000,7.514000,7.401000,7.478000,5843149.3300
2022.11.30,08:00:00,7.478000,7.510000,7.340000,7.448000,7247568.8000
2022.11.30,12:00:00,7.448000,7.455000,7.348000,7.450000,8247853.9200
2022.11.30,16:00:00,7.451000,7.577000,7.263000,7.463000,16070115.0400
2022.11.30,20:00:00,7.463000,7.754000,7.435000,7.666000,12888642.8000
2022.12.01,00:00:00,7.666000,7.714000,7.513000,7.576000,7394620.4600
2022.12.01,04:00:00,7.575000,7.615000,7.469000,7.510000,6367732.6500
2022.12.01,08:00:00,7.510000,7.560000,7.479000,7.546000,4252643.7300
2022.12.01,12:00:00,7.545000,7.770000,7.429000,7.695000,21559617.8900
2022.12.01,16:00:00,7.696000,7.743000,7.532000,7.629000,10467691.3600
2022.12.01,20:00:00,7.629000,7.809000,7.561000,7.678000,10031992.1600
2022.12.02,00:00:00,7.679000,7.724000,7.563000,7.590000,11784153.2200
2022.12.02,04:00:00,7.591000,7.633000,7.506000,7.575000,5257103.9700
2022.12.02,08:00:00,7.575000,7.646000,7.538000,7.622000,5055814.5400
2022.12.02,12:00:00,7.623000,7.685000,7.450000,7.561000,12201992.1200
2022.12.02,16:00:00,7.560000,7.607000,7.516000,7.588000,4822084.9500
2022.12.02,20:00:00,7.587000,7.641000,7.548000,7.604000,4500027.4800
2022.12.03,00:00:00,7.604000,7.630000,7.426000,7.486000,6282945.4100
2022.12.03,04:00:00,7.486000,7.514000,7.363000,7.447000,5548413.2900
2022.12.03,08:00:00,7.447000,7.456000,7.365000,7.426000,3929280.8200
2022.12.03,12:00:00,7.426000,7.463000,7.380000,7.413000,3996132.9100
2022.12.03,16:00:00,7.412000,7.420000,7.298000,7.318000,5053911.0300
2022.12.03,20:00:00,7.317000,7.354000,7.201000,7.233000,6696317.9900
2022.12.04,00:00:00,7.233000,7.340000,7.173000,7.306000,8201680.3100
2022.12.04,04:00:00,7.306000,7.387000,7.298000,7.342000,4529561.1100
2022.12.04,08:00:00,7.343000,7.380000,7.269000,7.289000,4169952.8000
2022.12.04,12:00:00,7.289000,7.365000,7.251000,7.347000,4573519.7900
2022.12.04,16:00:00,7.346000,7.399000,7.278000,7.365000,5153742.6900
2022.12.04,20:00:00,7.364000,7.466000,7.324000,7.439000,5097907.8500
2022.12.05,00:00:00,7.437000,7.550000,7.410000,7.517000,7618151.9800
2022.12.05,04:00:00,7.517000,7.580000,7.471000,7.519000,5823435.2300
2022.12.05,08:00:00,7.520000,7.593000,7.494000,7.525000,6239460.4800
2022.12.05,12:00:00,7.525000,7.537000,7.305000,7.348000,7375330.5000
2022.12.05,16:00:00,7.349000,7.363000,7.155000,7.195000,9337830.8400
2022.12.05,20:00:00,7.194000,7.282000,7.173000,7.270000,4483280.8100
2022.12.06,00:00:00,7.270000,7.331000,7.229000,7.243000,4258349.8800
2022.12.06,04:00:00,7.244000,7.301000,7.197000,7.273000,3708399.3300
2022.12.06,08:00:00,7.274000,7.302000,7.161000,7.206000,6038523.9800
2022.12.06,12:00:00,7.205000,7.281000,7.180000,7.249000,7307602.0300
2022.12.06,16:00:00,7.249000,7.314000,7.020000,7.056000,12339271.9000
2022.12.06,20:00:00,7.056000,7.145000,6.951000,7.126000,7556687.2600
2022.12.07,00:00:00,7.127000,7.156000,7.034000,7.037000,5784724.5600
2022.12.07,04:00:00,7.036000,7.073000,6.730000,6.799000,11304722.7000
2022.12.07,08:00:00,6.799000,6.896000,6.764000,6.863000,7182718.3600
2022.12.07,12:00:00,6.863000,6.895000,6.817000,6.845000,6897209.3400
2022.12.07,16:00:00,6.845000,6.858000,6.781000,6.831000,4682770.2000
2022.12.07,20:00:00,6.832000,6.929000,6.792000,6.877000,5778076.1300
2022.12.08,00:00:00,6.877000,6.910000,6.770000,6.845000,5392904.4500
2022.12.08,04:00:00,6.845000,6.902000,6.801000,6.880000,4185654.7600
2022.12.08,08:00:00,6.880000,6.928000,6.788000,6.916000,5093383.7900
2022.12.08,12:00:00,6.917000,6.954000,6.869000,6.921000,7255615.8600
2022.12.08,16:00:00,6.921000,7.063000,6.889000,7.027000,7397243.6500
2022.12.08,20:00:00,7.028000,7.046000,6.973000,6.997000,3479630.6300
2022.12.09,00:00:00,6.997000,7.030000,6.932000,6.974000,4411844.0600
2022.12.09,04:00:00,6.974000,7.043000,6.967000,7.016000,2811096.9100
2022.12.09,08:00:00,7.017000,7.048000,6.981000,7.024000,3453629.9300
2022.12.09,12:00:00,7.024000,7.048000,6.879000,6.941000,8502485.0100
2022.12.09,16:00:00,6.941000,6.945000,6.818000,6.835000,4032608.9300
2022.12.09,20:00:00,6.835000,6.872000,6.791000,6.859000,3634600.6900
2022.12.10,00:00:00,6.859000,6.871000,6.818000,6.825000,2203070.4900
2022.12.10,04:00:00,6.824000,6.849000,6.796000,6.835000,2187762.5200
2022.12.10,08:00:00,6.835000,6.905000,6.687000,6.848000,7386353.5100
2022.12.10,12:00:00,6.848000,6.917000,6.826000,6.895000,4130889.3400
2022.12.10,16:00:00,6.896000,6.914000,6.851000,6.875000,3273763.0000
2022.12.10,20:00:00,6.875000,6.896000,6.820000,6.852000,2638261.9500
2022.12.11,00:00:00,6.852000,6.917000,6.841000,6.913000,2142821.4400
2022.12.11,04:00:00,6.912000,6.957000,6.892000,6.932000,3226213.3600
2022.12.11,08:00:00,6.933000,6.938000,6.872000,6.890000,2289365.1000
2022.12.11,12:00:00,6.889000,6.914000,6.844000,6.868000,2508151.3800
2022.12.11,16:00:00,6.868000,6.917000,6.831000,6.859000,2998550.2700
2022.12.11,20:00:00,6.860000,6.860000,6.627000,6.694000,8834619.5200
2022.12.12,00:00:00,6.694000,6.712000,6.433000,6.565000,10542615.1300
2022.12.12,04:00:00,6.564000,6.606000,6.534000,6.587000,3357518.9500
2022.12.12,08:00:00,6.587000,6.675000,6.552000,6.639000,3982963.5000
2022.12.12,12:00:00,6.639000,6.660000,6.560000,6.587000,5428804.7700
2022.12.12,16:00:00,6.586000,6.617000,6.565000,6.614000,2750628.5500
2022.12.12,20:00:00,6.614000,6.724000,6.606000,6.696000,5050195.5300
2022.12.13,00:00:00,6.696000,6.710000,6.593000,6.599000,3641282.4000
2022.12.13,04:00:00,6.598000,6.639000,6.461000,6.538000,7048366.5500
2022.12.13,08:00:00,6.538000,6.749000,6.520000,6.728000,9308747.8900
2022.12.13,12:00:00,6.727000,7.044000,6.685000,6.919000,20677954.4300
2022.12.13,16:00:00,6.920000,6.972000,6.778000,6.873000,7035242.3200
2022.12.13,20:00:00,6.874000,6.930000,6.851000,6.924000,2938463.7600
2022.12.14,00:00:00,6.925000,6.964000,6.855000,6.879000,3737264.5700
2022.12.14,04:00:00,6.879000,6.914000,6.832000,6.880000,2813636.8000
2022.12.14,08:00:00,6.880000,6.902000,6.842000,6.856000,2997681.0800
2022.12.14,12:00:00,6.855000,6.904000,6.813000,6.878000,4902824.4000
2022.12.14,16:00:00,6.879000,6.929000,6.684000,6.752000,12069465.4700
2022.12.14,20:00:00,6.751000,6.783000,6.681000,6.716000,4873528.3900
2022.12.15,00:00:00,6.716000,6.730000,6.561000,6.655000,6457905.4500
2022.12.15,04:00:00,6.656000,6.660000,6.600000,6.608000,2603705.4600
2022.12.15,08:00:00,6.609000,6.643000,6.568000,6.616000,3611210.1900
2022.12.15,12:00:00,6.615000,6.621000,6.503000,6.572000,6601263.3100
2022.12.15,16:00:00,6.573000,6.576000,6.414000,6.532000,6145709.0000
2022.12.15,20:00:00,6.532000,6.539000,6.378000,6.451000,5186417.4700
2022.12.16,00:00:00,6.451000,6.526000,6.421000,6.513000,2857065.6000
2022.12.16,04:00:00,6.513000,6.538000,6.452000,6.520000,3122450.4900
2022.12.16,08:00:00,6.521000,6.526000,6.133000,6.248000,12470138.7700
2022.12.16,12:00:00,6.248000,6.267000,6.120000,6.156000,8436698.0000
2022.12.16,16:00:00,6.156000,6.170000,6.050000,6.160000,8480781.0700
2022.12.16,20:00:00,6.161000,6.209000,5.771000,5.889000,14518700.1900
2022.12.17,00:00:00,5.889000,5.944000,5.783000,5.896000,8899874.3900
2022.12.17,04:00:00,5.896000,6.028000,5.890000,6.019000,5683029.7400
2022.12.17,08:00:00,6.019000,6.062000,5.969000,5.994000,4999981.4600
2022.12.17,12:00:00,5.993000,6.044000,5.953000,6.017000,4194875.2900
2022.12.17,16:00:00,6.017000,6.024000,5.900000,5.953000,5420521.0200
2022.12.17,20:00:00,5.953000,6.040000,5.944000,6.025000,3681149.8900
2022.12.18,00:00:00,6.027000,6.061000,5.963000,6.029000,3048768.1200
2022.12.18,04:00:00,6.028000,6.060000,5.980000,5.997000,4009710.2100
2022.12.18,08:00:00,5.997000,6.006000,5.910000,5.985000,3780181.4700
2022.12.18,12:00:00,5.985000,6.008000,5.937000,5.939000,2570865.0300
2022.12.18,16:00:00,5.939000,6.039000,5.935000,6.007000,3174797.2400
2022.12.18,20:00:00,6.006000,6.037000,5.924000,5.948000,5605839.7000
2022.12.19,00:00:00,5.948000,6.021000,5.825000,5.881000,7471221.6900
2022.12.19,04:00:00,5.880000,5.939000,5.868000,5.933000,3850548.4600
2022.12.19,08:00:00,5.932000,6.034000,5.930000,6.012000,5547527.9400
2022.12.19,12:00:00,6.012000,6.066000,5.960000,5.967000,8780459.1100
2022.12.19,16:00:00,5.967000,5.988000,5.834000,5.872000,10151034.3800
2022.12.19,20:00:00,5.871000,5.914000,5.658000,5.786000,8778066.7000
2022.12.20,00:00:00,5.785000,6.054000,5.748000,5.990000,9493745.4100
2022.12.20,04:00:00,5.990000,6.078000,5.966000,6.033000,6217747.1100
2022.12.20,08:00:00,6.033000,6.118000,6.019000,6.073000,5387711.7400
2022.12.20,12:00:00,6.072000,6.119000,6.026000,6.040000,8194247.9400
2022.12.20,16:00:00,6.041000,6.054000,5.940000,5.997000,5881115.1000
2022.12.20,20:00:00,5.997000,6.036000,5.962000,6.010000,3515809.6700
2022.12.21,00:00:00,6.011000,6.042000,5.904000,5.960000,5418285.5000
2022.12.21,04:00:00,5.960000,5.961000,5.885000,5.941000,4079824.8500
2022.12.21,08:00:00,5.942000,6.011000,5.903000,5.993000,3919322.8700
2022.12.21,12:00:00,5.993000,6.004000,5.919000,5.945000,4950475.2300
2022.12.21,16:00:00,5.945000,5.951000,5.882000,5.917000,3963256.2500
2022.12.21,20:00:00,5.916000,5.989000,5.879000,5.984000,4870170.6200
2022.12.22,00:00:00,5.984000,5.998000,5.953000,5.982000,3066037.9400
2022.12.22,04:00:00,5.981000,5.993000,5.946000,5.968000,2612863.9200
2022.12.22,08:00:00,5.967000,6.039000,5.955000,5.986000,4066907.1400
2022.12.22,12:00:00,5.987000,6.009000,5.880000,5.890000,7439592.3800
2022.12.22,16:00:00,5.890000,5.919000,5.852000,5.913000,4441539.7500
2022.12.22,20:00:00,5.914000,6.021000,5.899000,6.003000,6902561.3200
2022.12.23,00:00:00,6.003000,6.052000,5.969000,6.020000,4304215.1500
2022.12.23,04:00:00,6.021000,6.032000,5.981000,6.020000,2811400.6200
2022.12.23,08:00:00,6.019000,6.039000,5.986000,6.015000,2900707.3400
2022.12.23,12:00:00,6.014000,6.044000,5.956000,5.986000,7801933.2300
2022.12.23,16:00:00,5.987000,5.998000,5.956000,5.969000,2629015.9400
2022.12.23,20:00:00,5.968000,5.982000,5.918000,5.936000,2903691.3500
2022.12.24,00:00:00,5.936000,5.960000,5.934000,5.957000,1467100.3200
2022.12.24,04:00:00,5.958000,5.959000,5.892000,5.930000,2660145.0100
2022.12.24,08:00:00,5.930000,5.931000,5.875000,5.909000,2472475.4400
2022.12.24,12:00:00,5.909000,5.913000,5.895000,5.908000,1479932.6000
2022.12.24,16:00:00,5.908000,5.936000,5.900000,5.929000,1661483.9700
2022.12.24,20:00:00,5.929000,5.934000,5.890000,5.913000,1517764.2300
2022.12.25,00:00:00,5.913000,5.931000,5.895000,5.908000,1306578.5800
2022.12.25,04:00:00,5.909000,5.958000,5.896000,5.946000,2270261.7600
2022.12.25,08:00:00,5.946000,5.950000,5.930000,5.939000,1756552.0100
2022.12.25,12:00:00,5.940000,5.970000,5.880000,5.930000,5163599.5600
2022.12.25,16:00:00,5.930000,5.947000,5.890000,5.942000,3742234.9100
2022.12.25,20:00:00,5.943000,5.994000,5.926000,5.984000,3142656.2700
2022.12.26,00:00:00,5.985000,6.030000,5.967000,5.980000,3376968.1800
2022.12.26,04:00:00,5.980000,5.988000,5.952000,5.962000,2216162.8300
2022.12.26,08:00:00,5.961000,6.008000,5.934000,5.998000,3038926.2900
2022.12.26,12:00:00,5.999000,6.009000,5.950000,5.968000,2487927.1600
2022.12.26,16:00:00,5.968000,6.003000,5.954000,5.994000,2515567.7200
2022.12.26,20:00:00,5.995000,6.045000,5.992000,6.045000,4320306.2400
2022.12.27,00:00:00,6.044000,6.067000,5.978000,5.988000,3676046.3500
2022.12.27,04:00:00,5.988000,6.003000,5.972000,5.989000,1816587.9500
2022.12.27,08:00:00,5.989000,6.029000,5.970000,5.991000,2659606.4200
2022.12.27,12:00:00,5.991000,5.994000,5.894000,5.921000,5776311.4900
2022.12.27,16:00:00,5.921000,5.932000,5.843000,5.891000,5916819.3900
2022.12.27,20:00:00,5.891000,5.902000,5.860000,5.900000,2728434.6400
2022.12.28,00:00:00,5.899000,5.911000,5.735000,5.788000,8042630.2900
2022.12.28,04:00:00,5.787000,5.800000,5.671000,5.759000,6813061.3300
2022.12.28,08:00:00,5.760000,5.772000,5.716000,5.741000,3781134.9000
2022.12.28,12:00:00,5.740000,5.818000,5.712000,5.722000,8739381.6400
2022.12.28,16:00:00,5.721000,5.759000,5.675000,5.703000,5621857.4100
2022.12.28,20:00:00,5.703000,5.730000,5.620000,5.673000,6837814.4400
2022.12.29,00:00:00,5.672000,5.692000,5.540000,5.681000,8290812.0500
2022.12.29,04:00:00,5.682000,5.710000,5.667000,5.706000,3991616.5500
2022.12.29,08:00:00,5.705000,5.732000,5.672000,5.683000,5001936.8900
2022.12.29,12:00:00,5.684000,5.711000,5.669000,5.684000,4946968.8600
2022.12.29,16:00:00,5.685000,5.694000,5.598000,5.607000,4581562.3800
2022.12.29,20:00:00,5.607000,5.614000,5.490000,5.597000,10522472.2900
2022.12.30,00:00:00,5.596000,5.640000,5.531000,5.573000,5932378.2000
2022.12.30,04:00:00,5.573000,5.585000,5.408000,5.446000,8766544.7800
2022.12.30,08:00:00,5.446000,5.503000,5.435000,5.478000,4452799.4700
2022.12.30,12:00:00,5.478000,5.514000,5.408000,5.491000,7806240.6800
2022.12.30,16:00:00,5.491000,5.510000,5.467000,5.481000,3537928.9900
2022.12.30,20:00:00,5.481000,5.494000,5.421000,5.474000,4433083.6400
2022.12.31,00:00:00,5.473000,5.476000,5.380000,5.418000,4947221.6900
2022.12.31,04:00:00,5.419000,5.469000,5.409000,5.458000,2878597.7600
2022.12.31,08:00:00,5.457000,5.586000,5.448000,5.572000,6697997.0100
2022.12.31,12:00:00,5.572000,5.627000,5.551000,5.586000,5721471.8300
2022.12.31,16:00:00,5.586000,5.597000,5.538000,5.585000,3476827.0800
2022.12.31,20:00:00,5.584000,5.601000,5.535000,5.573000,2844024.5100
2023.01.01,00:00:00,5.574000,5.580000,5.511000,5.550000,3496194.9300
2023.01.01,04:00:00,5.550000,5.553000,5.501000,5.529000,3093314.4600
2023.01.01,08:00:00,5.528000,5.591000,5.508000,5.574000,3221004.8900
2023.01.01,12:00:00,5.574000,5.597000,5.548000,5.592000,2807850.3600
2023.01.01,16:00:00,5.593000,5.633000,5.580000,5.602000,3580463.9800
2023.01.01,20:00:00,5.602000,5.638000,5.602000,5.626000,2291613.8400
2023.01.02,00:00:00,5.627000,5.662000,5.546000,5.623000,6148873.4600
2023.01.02,04:00:00,5.624000,5.737000,5.597000,5.680000,7338696.1400
2023.01.02,08:00:00,5.680000,5.725000,5.655000,5.690000,5379570.3000
2023.01.02,12:00:00,5.690000,5.715000,5.650000,5.699000,5241821.2400
2023.01.02,16:00:00,5.698000,5.739000,5.680000,5.727000,3885350.8100
2023.01.02,20:00:00,5.726000,5.761000,5.670000,5.689000,3749764.0000
2023.01.03,00:00:00,5.688000,5.715000,5.635000,5.677000,3434005.2900
2023.01.03,04:00:00,5.677000,5.721000,5.646000,5.683000,4016409.8700
2023.01.03,08:00:00,5.683000,5.690000,5.630000,5.659000,3736751.7000
2023.01.03,12:00:00,5.659000,5.709000,5.580000,5.630000,8778641.8200
2023.01.03,16:00:00,5.629000,5.645000,5.563000,5.593000,5278581.4800
2023.01.03,20:00:00,5.594000,5.628000,5.571000,5.618000,2842933.1500
2023.01.04,00:00:00,5.619000,5.818000,5.607000,5.787000,10008351.4400
2023.01.04,04:00:00,5.788000,5.838000,5.757000,5.796000,5697649.6800
2023.01.04,08:00:00,5.796000,5.822000,5.754000,5.763000,4571744.9300
2023.01.04,12:00:00,5.763000,5.840000,5.718000,5.809000,8183551.6600
2023.01.04,16:00:00,5.810000,5.861000,5.740000,5.767000,8695412.4400
2023.01.04,20:00:00,5.767000,5.813000,5.701000,5.805000,3632615.1300
2023.01.05,00:00:00,5.806000,5.817000,5.739000,5.761000,4249453.4200
2023.01.05,04:00:00,5.761000,5.800000,5.726000,5.761000,3851259.4100
2023.01.05,08:00:00,5.762000,5.763000,5.680000,5.718000,4270666.9800
2023.01.05,12:00:00,5.718000,5.737000,5.658000,5.715000,6503541.9200
2023.01.05,16:00:00,5.715000,5.762000,5.701000,5.752000,4105964.1800
2023.01.05,20:00:00,5.751000,5.755000,5.602000,5.657000,7937480.1500
2023.01.06,00:00:00,5.657000,5.679000,5.615000,5.630000,4369837.3600
2023.01.06,04:00:00,5.630000,5.637000,5.570000,5.617000,5103276.0800
2023.01.06,08:00:00,5.616000,5.629000,5.571000,5.603000,4170528.8800
2023.01.06,12:00:00,5.603000,5.657000,5.500000,5.650000,12213928.9800
2023.01.06,16:00:00,5.650000,5.724000,5.629000,5.711000,6364082.9700
2023.01.06,20:00:00,5.711000,5.728000,5.667000,5.710000,4473402.9000
2023.01.07,00:00:00,5.710000,5.803000,5.687000,5.765000,7313824.2300
2023.01.07,04:00:00,5.765000,5.787000,5.734000,5.774000,2584842.6000
2023.01.07,08:00:00,5.775000,5.779000,5.742000,5.762000,2805513.5300
2023.01.07,12:00:00,5.762000,5.823000,5.752000,5.814000,4154669.3200
2023.01.07,16:00:00,5.815000,5.832000,5.777000,5.799000,2844621.0100
2023.01.07,20:00:00,5.800000,5.845000,5.771000,5.827000,2941452.8200
2023.01.08,00:00:00,5.827000,5.845000,5.751000,5.819000,4834704.9000
2023.01.08,04:00:00,5.819000,5.882000,5.810000,5.828000,3476914.9400
2023.01.08,08:00:00,5.829000,5.875000,5.781000,5.783000,5338002.4200
2023.01.08,12:00:00,5.783000,5.863000,5.774000,5.849000,4836309.0800
2023.01.08,16:00:00,5.849000,5.860000,5.782000,5.824000,4127414.3700
2023.01.08,20:00:00,5.823000,5.981000,5.818000,5.962000,9430865.5200
2023.01.09,00:00:00,5.962000,6.137000,5.929000,6.090000,15585115.7800
2023.01.09,04:00:00,6.090000,6.142000,6.072000,6.123000,5235457.6300
2023.01.09,08:00:00,6.123000,6.227000,6.109000,6.154000,8560904.5700
2023.01.09,12:00:00,6.154000,6.228000,6.074000,6.203000,11366149.7600
2023.01.09,16:00:00,6.203000,6.254000,6.100000,6.101000,10646477.6400
2023.01.09,20:00:00,6.100000,6.122000,6.009000,6.063000,9991198.2800
2023.01.10,00:00:00,6.063000,6.134000,5.964000,6.078000,6088402.4500
2023.01.10,04:00:00,6.078000,6.109000,6.056000,6.074000,3091519.9400
2023.01.10,08:00:00,6.074000,6.169000,6.051000,6.107000,5143979.1500
2023.01.10,12:00:00,6.107000,6.164000,6.061000,6.139000,8034429.8300
2023.01.10,16:00:00,6.140000,6.304000,6.111000,6.240000,8305688.1500
2023.01.10,20:00:00,6.240000,6.247000,6.104000,6.165000,6559684.8200
2023.01.11,00:00:00,6.164000,6.207000,6.053000,6.101000,6212406.4500
2023.01.11,04:00:00,6.100000,6.139000,6.067000,6.137000,4167039.1200
2023.01.11,08:00:00,6.136000,6.139000,6.087000,6.109000,3412279.9500
2023.01.11,12:00:00,6.109000,6.128000,6.010000,6.038000,7563011.1000
2023.01.11,16:00:00,6.039000,6.179000,6.011000,6.170000,7353095.3600
2023.01.11,20:00:00,6.171000,6.301000,6.128000,6.281000,8371985.7400
2023.01.12,00:00:00,6.281000,6.396000,6.275000,6.340000,11158009.9300
2023.01.12,04:00:00,6.340000,6.382000,6.258000,6.314000,6253555.5800
2023.01.12,08:00:00,6.315000,6.318000,6.230000,6.253000,4869694.1900
2023.01.12,12:00:00,6.253000,6.346000,6.000000,6.196000,17785612.5400
2023.01.12,16:00:00,6.196000,6.411000,6.175000,6.366000,13507556.5200
2023.01.12,20:00:00,6.365000,6.413000,6.334000,6.384000,6455518.8400
2023.01.13,00:00:00,6.384000,6.411000,6.286000,6.388000,5036833.0700
2023.01.13,04:00:00,6.387000,6.402000,6.319000,6.344000,4289892.6600
2023.01.13,08:00:00,6.344000,6.418000,6.316000,6.327000,5950354.4600
2023.01.13,12:00:00,6.329000,6.354000,6.256000,6.347000,7118170.1800
2023.01.13,16:00:00,6.347000,6.404000,6.278000,6.392000,7800080.2200
2023.01.13,20:00:00,6.392000,6.620000,6.381000,6.606000,13916925.5600
2023.01.14,00:00:00,6.605000,6.941000,6.586000,6.827000,19165180.5300
2023.01.14,04:00:00,6.827000,7.074000,6.772000,7.003000,10992771.8600
2023.01.14,08:00:00,7.002000,7.120000,6.421000,6.730000,21312155.5700
2023.01.14,12:00:00,6.730000,6.912000,6.650000,6.806000,13811844.4400
2023.01.14,16:00:00,6.805000,6.846000,6.719000,6.791000,7243670.8600
2023.01.14,20:00:00,6.791000,6.886000,6.763000,6.860000,4964319.5200
2023.01.15,00:00:00,6.859000,6.894000,6.672000,6.729000,8991291.2800
2023.01.15,04:00:00,6.729000,6.805000,6.693000,6.748000,3661394.5900
2023.01.15,08:00:00,6.749000,6.754000,6.596000,6.706000,5747858.9700
2023.01.15,12:00:00,6.705000,6.892000,6.665000,6.890000,6085040.3300
2023.01.15,16:00:00,6.889000,6.937000,6.733000,6.736000,8760420.8300
2023.01.15,20:00:00,6.736000,6.741000,6.641000,6.701000,5601055.9700
2023.01.16,00:00:00,6.701000,6.886000,6.635000,6.775000,9345115.3900
2023.01.16,04:00:00,6.775000,6.958000,6.767000,6.851000,7826978.1900
2023.01.16,08:00:00,6.851000,6.852000,6.500000,6.622000,10892173.7500
2023.01.16,12:00:00,6.622000,6.648000,6.404000,6.566000,12668737.7500
2023.01.16,16:00:00,6.565000,6.840000,6.525000,6.747000,9652585.2400
2023.01.16,20:00:00,6.747000,6.783000,6.637000,6.672000,6562399.4600
2023.01.17,00:00:00,6.673000,6.737000,6.540000,6.678000,7704688.5800
2023.01.17,04:00:00,6.678000,6.780000,6.653000,6.726000,4766693.6300
2023.01.17,08:00:00,6.723000,6.762000,6.664000,6.731000,3889100.8500
2023.01.17,12:00:00,6.731000,6.848000,6.653000,6.722000,12109877.9100
2023.01.17,16:00:00,6.720000,6.910000,6.630000,6.868000,9294340.8300
2023.01.17,20:00:00,6.868000,7.000000,6.787000,6.811000,13312273.5800
2023.01.18,00:00:00,6.811000,6.990000,6.774000,6.926000,7667255.0800
2023.01.18,04:00:00,6.926000,6.949000,6.819000,6.861000,4693791.7100
2023.01.18,08:00:00,6.860000,6.865000,6.694000,6.751000,5854471.9800
2023.01.18,12:00:00,6.751000,6.942000,6.326000,6.546000,16593678.8000
2023.01.18,16:00:00,6.544000,6.628000,6.224000,6.483000,19296645.7400
2023.01.18,20:00:00,6.484000,6.499000,6.314000,6.331000,7922957.5400
2023.01.19,00:00:00,6.332000,6.440000,6.324000,6.414000,4443940.6400
2023.01.19,04:00:00,6.414000,6.464000,6.407000,6.437000,2774437.9900
2023.01.19,08:00:00,6.438000,6.459000,6.355000,6.376000,4560874.7000
2023.01.19,12:00:00,6.376000,6.446000,6.312000,6.404000,7584419.8700
2023.01.19,16:00:00,6.403000,6.505000,6.343000,6.493000,5369462.6200
2023.01.19,20:00:00,6.493000,6.545000,6.469000,6.508000,4106097.9600
2023.01.20,00:00:00,6.507000,6.548000,6.462000,6.486000,3500345.3100
2023.01.20,04:00:00,6.487000,6.520000,6.415000,6.454000,2930796.9900
2023.01.20,08:00:00,6.454000,6.497000,6.426000,6.463000,2070804.7100
2023.01.20,12:00:00,6.464000,6.562000,6.453000,6.531000,4714505.6000
2023.01.20,16:00:00,6.531000,6.697000,6.518000,6.690000,7020292.1000
2023.01.20,20:00:00,6.689000,6.978000,6.688000,6.947000,12360904.4600
2023.01.21,00:00:00,6.947000,7.058000,6.868000,7.044000,8128133.8800
2023.01.21,04:00:00,7.044000,7.107000,6.995000,7.004000,4450472.1900
2023.01.21,08:00:00,7.003000,7.122000,6.798000,6.952000,10534613.5500
2023.01.21,12:00:00,6.952000,7.000000,6.885000,6.914000,5346045.4500
2023.01.21,16:00:00,6.914000,7.034000,6.907000,7.020000,5731312.2900
2023.01.21,20:00:00,7.020000,7.106000,6.824000,6.858000,6906843.6800
2023.01.22,00:00:00,6.858000,6.917000,6.772000,6.875000,4168499.9000
2023.01.22,04:00:00,6.875000,6.941000,6.864000,6.896000,2757992.3000
2023.01.22,08:00:00,6.897000,6.933000,6.864000,6.878000,3297931.7300
2023.01.22,12:00:00,6.879000,7.247000,6.830000,7.044000,11872112.5000
2023.01.22,16:00:00,7.044000,7.283000,6.970000,7.067000,12260050.3300
2023.01.22,20:00:00,7.068000,7.099000,6.820000,6.986000,9646136.2100
2023.01.23,00:00:00,6.986000,7.243000,6.974000,7.089000,9244929.2500
2023.01.23,04:00:00,7.090000,7.136000,6.983000,7.041000,4044371.4600
2023.01.23,08:00:00,7.041000,7.156000,7.005000,7.143000,4960818.3000
2023.01.23,12:00:00,7.144000,7.173000,6.810000,7.019000,13754318.1300
2023.01.23,16:00:00,7.019000,7.125000,6.926000,6.970000,8446811.3300
2023.01.23,20:00:00,6.969000,7.103000,6.928000,7.019000,4594463.9600
2023.01.24,00:00:00,7.018000,7.187000,6.957000,7.182000,6101196.0300
2023.01.24,04:00:00,7.181000,7.185000,7.095000,7.173000,3141984.1800
2023.01.24,08:00:00,7.173000,7.206000,7.061000,7.128000,6299585.2200
2023.01.24,12:00:00,7.129000,7.153000,6.963000,7.052000,7077424.9200
2023.01.24,16:00:00,7.053000,7.064000,6.864000,6.995000,6243770.0500
2023.01.24,20:00:00,6.994000,7.006000,6.508000,6.658000,12149575.3800
2023.01.25,00:00:00,6.658000,6.691000,6.506000,6.690000,7628545.6300
2023.01.25,04:00:00,6.690000,6.800000,6.673000,6.788000,3472212.6900
2023.01.25,08:00:00,6.789000,6.817000,6.650000,6.697000,3949050.2300
2023.01.25,12:00:00,6.697000,6.787000,6.610000,6.692000,7505354.2600
2023.01.25,16:00:00,6.691000,6.834000,6.656000,6.825000,4343348.9600
2023.01.25,20:00:00,6.825000,7.100000,6.806000,6.957000,11477996.2200
2023.01.26,00:00:00,6.958000,7.037000,6.927000,6.934000,4656051.3700
2023.01.26,04:00:00,6.935000,7.020000,6.879000,6.902000,4413578.2800
2023.01.26,08:00:00,6.903000,6.934000,6.822000,6.887000,4118161.1200
2023.01.26,12:00:00,6.887000,7.135000,6.829000,6.964000,12344886.6200
2023.01.26,16:00:00,6.963000,7.137000,6.892000,7.133000,8081571.5200
2023.01.26,20:00:00,7.132000,7.321000,7.122000,7.173000,11165657.3900
2023.01.27,00:00:00,7.175000,7.314000,6.918000,7.031000,10216283.3000
2023.01.27,04:00:00,7.031000,7.281000,7.030000,7.276000,5067764.2400
2023.01.27,08:00:00,7.276000,7.381000,7.172000,7.221000,8807890.2200
2023.01.27,12:00:00,7.221000,7.287000,7.100000,7.196000,9745081.6800
2023.01.27,16:00:00,7.196000,7.460000,7.187000,7.409000,8623012.5100
2023.01.27,20:00:00,7.409000,7.505000,7.310000,7.386000,8863875.4100
2023.01.28,00:00:00,7.386000,7.521000,7.354000,7.422000,5145892.1300
2023.01.28,04:00:00,7.423000,7.453000,7.280000,7.334000,4021907.4500
2023.01.28,08:00:00,7.334000,7.396000,7.287000,7.305000,3701471.6900
2023.01.28,12:00:00,7.305000,7.310000,7.152000,7.247000,6781504.4600
2023.01.28,16:00:00,7.248000,7.277000,7.187000,7.248000,3538151.4100
2023.01.28,20:00:00,7.247000,7.248000,7.115000,7.213000,3464200.9800
2023.01.29,00:00:00,7.212000,7.419000,7.146000,7.310000,6666207.6200
2023.01.29,04:00:00,7.311000,7.376000,7.292000,7.323000,2721706.3700
2023.01.29,08:00:00,7.322000,7.438000,7.320000,7.393000,4355282.5100
2023.01.29,12:00:00,7.392000,7.407000,7.324000,7.355000,4445957.5200
2023.01.29,16:00:00,7.355000,7.538000,7.260000,7.453000,9908321.2800
2023.01.29,20:00:00,7.453000,7.454000,7.353000,7.375000,3398992.8300
2023.01.30,00:00:00,7.376000,7.446000,7.257000,7.333000,4531007.0500
2023.01.30,04:00:00,7.334000,7.375000,7.204000,7.223000,4200279.1100
2023.01.30,08:00:00,7.222000,7.251000,6.951000,6.995000,11753198.8300
2023.01.30,12:00:00,6.996000,7.094000,6.965000,7.026000,5071579.6500
2023.01.30,16:00:00,7.026000,7.105000,6.689000,6.898000,9259596.2100
2023.01.30,20:00:00,6.897000,6.918000,6.784000,6.916000,5281017.0500
2023.01.31,00:00:00,6.915000,7.007000,6.892000,6.964000,3959002.2700
2023.01.31,04:00:00,6.964000,7.045000,6.904000,7.036000,3370772.6800
2023.01.31,08:00:00,7.036000,7.045000,6.884000,6.934000,3719180.4200
2023.01.31,12:00:00,6.934000,7.016000,6.899000,6.995000,3804856.7200
2023.01.31,16:00:00,6.996000,7.075000,6.988000,7.059000,3594803.4200
2023.01.31,20:00:00,7.058000,7.063000,6.840000,6.950000,5404760.0600
2023.02.01,00:00:00,6.949000,6.985000,6.916000,6.945000,2947206.5700
2023.02.01,04:00:00,6.945000,6.961000,6.790000,6.859000,3311441.8100
2023.02.01,08:00:00,6.859000,6.863000,6.750000,6.844000,3912240.8400
2023.02.01,12:00:00,6.843000,6.908000,6.714000,6.760000,5973952.0000
2023.02.01,16:00:00,6.760000,7.075000,6.662000,7.004000,12243260.1700
2023.02.01,20:00:00,7.003000,7.283000,7.003000,7.221000,12567234.1300
2023.02.02,00:00:00,7.221000,7.348000,7.204000,7.312000,6752056.2400
2023.02.02,04:00:00,7.314000,7.361000,7.224000,7.241000,3982167.8900
2023.02.02,08:00:00,7.242000,7.311000,7.232000,7.298000,2642505.1500
2023.02.02,12:00:00,7.298000,7.336000,7.164000,7.298000,6840928.2400
2023.02.02,16:00:00,7.298000,7.495000,7.266000,7.305000,9811189.3900
2023.02.02,20:00:00,7.306000,7.375000,7.033000,7.106000,7689810.0600
2023.02.03,00:00:00,7.107000,7.174000,7.014000,7.093000,6654264.7200
2023.02.03,04:00:00,7.093000,7.151000,7.077000,7.116000,2533049.6900
2023.02.03,08:00:00,7.116000,7.231000,7.075000,7.219000,3803734.1200
2023.02.03,12:00:00,7.220000,7.345000,7.070000,7.294000,9618479.0000
2023.02.03,16:00:00,7.293000,7.335000,7.212000,7.219000,4910360.9000
2023.02.03,20:00:00,7.220000,7.312000,7.180000,7.298000,2599128.9200
2023.02.04,00:00:00,7.299000,7.327000,7.166000,7.176000,3392866.4300
2023.02.04,04:00:00,7.176000,7.220000,7.130000,7.209000,2558872.4900
2023.02.04,08:00:00,7.208000,7.240000,7.190000,7.214000,1755049.1300
2023.02.04,12:00:00,7.215000,7.318000,7.200000,7.268000,3857936.7900
2023.02.04,16:00:00,7.267000,7.369000,7.221000,7.322000,5550636.5900
2023.02.04,20:00:00,7.321000,7.348000,7.180000,7.242000,3135385.1000
2023.02.05,00:00:00,7.243000,7.257000,7.150000,7.212000,3091841.1800
2023.02.05,04:00:00,7.211000,7.242000,7.197000,7.213000,1451632.6900
2023.02.05,08:00:00,7.213000,7.250000,7.163000,7.181000,1726698.4700
2023.02.05,12:00:00,7.181000,7.203000,6.822000,7.001000,8545992.8900
2023.02.05,16:00:00,7.001000,7.022000,6.912000,6.968000,6084839.6100
2023.02.05,20:00:00,6.967000,6.997000,6.855000,6.984000,3751711.0400
2023.02.06,00:00:00,6.984000,7.043000,6.906000,6.958000,3087112.1500
2023.02.06,04:00:00,6.957000,7.016000,6.852000,7.014000,3478782.4100
2023.02.06,08:00:00,7.014000,7.029000,6.905000,6.966000,3346249.4900
2023.02.06,12:00:00,6.966000,7.044000,6.920000,7.040000,4673689.4500
2023.02.06,16:00:00,7.041000,7.064000,6.946000,7.004000,4782586.6900
2023.02.06,20:00:00,7.003000,7.005000,6.761000,6.831000,5401708.7800
2023.02.07,00:00:00,6.831000,6.949000,6.811000,6.933000,3009557.8000
2023.02.07,04:00:00,6.933000,6.978000,6.920000,6.933000,2001504.8500
2023.02.07,08:00:00,6.933000,7.051000,6.907000,7.030000,4039106.8400
2023.02.07,12:00:00,7.031000,7.062000,6.947000,6.976000,4927063.4700
2023.02.07,16:00:00,6.975000,7.151000,6.907000,7.077000,10973195.1500
2023.02.07,20:00:00,7.077000,7.217000,7.053000,7.199000,5407028.6100
2023.02.08,00:00:00,7.200000,7.295000,7.183000,7.209000,4175234.4600
2023.02.08,04:00:00,7.209000,7.290000,7.172000,7.255000,3391557.3700
2023.02.08,08:00:00,7.254000,7.260000,7.157000,7.231000,3296227.9700
2023.02.08,12:00:00,7.231000,7.308000,7.087000,7.095000,10559356.9900
2023.02.08,16:00:00,7.094000,7.179000,6.950000,7.087000,9993699.9600
2023.02.08,20:00:00,7.088000,7.144000,7.004000,7.137000,3778228.3000
2023.02.09,00:00:00,7.137000,7.277000,6.850000,6.940000,13124915.1000
2023.02.09,04:00:00,6.941000,7.470000,6.864000,7.446000,14419737.8600
2023.02.09,08:00:00,7.446000,7.823000,7.410000,7.534000,39682321.6800
2023.02.09,12:00:00,7.535000,7.789000,7.502000,7.605000,28228660.5300
2023.02.09,16:00:00,7.606000,7.717000,7.230000,7.327000,34062126.9500
2023.02.09,20:00:00,7.328000,7.389000,6.812000,6.982000,30165028.2400
2023.02.10,00:00:00,6.981000,7.120000,6.910000,6.949000,13025599.3300
2023.02.10,04:00:00,6.949000,6.986000,6.754000,6.961000,12134367.3500
2023.02.10,08:00:00,6.962000,7.007000,6.878000,6.943000,8790666.3000
2023.02.10,12:00:00,6.943000,7.033000,6.806000,6.888000,13222921.7000
2023.02.10,16:00:00,6.888000,7.033000,6.817000,7.003000,10248610.4900
2023.02.10,20:00:00,7.003000,7.025000,6.823000,6.886000,7721580.7500
2023.02.11,00:00:00,6.886000,6.955000,6.860000,6.911000,4466100.8000
2023.02.11,04:00:00,6.912000,6.926000,6.851000,6.911000,2687076.2400
2023.02.11,08:00:00,6.911000,6.927000,6.872000,6.912000,2664294.9400
2023.02.11,12:00:00,6.913000,7.004000,6.880000,6.977000,5424705.4000
2023.02.11,16:00:00,6.976000,6.982000,6.877000,6.918000,3497249.3100
2023.02.11,20:00:00,6.919000,7.032000,6.901000,6.997000,3499886.8100
2023.02.12,00:00:00,6.997000,7.013000,6.930000,6.942000,2381754.5000
2023.02.12,04:00:00,6.942000,6.963000,6.911000,6.938000,2124035.6200
2023.02.12,08:00:00,6.938000,7.017000,6.922000,6.968000,3236638.0400
2023.02.12,12:00:00,6.967000,6.994000,6.900000,6.975000,4527432.5100
2023.02.12,16:00:00,6.976000,7.085000,6.961000,6.984000,5430703.7300
2023.02.12,20:00:00,6.983000,7.008000,6.675000,6.806000,7897047.4300
2023.02.13,00:00:00,6.805000,6.843000,6.591000,6.719000,7715312.6800
2023.02.13,04:00:00,6.720000,6.790000,6.705000,6.768000,3998903.0100
2023.02.13,08:00:00,6.767000,6.770000,6.411000,6.555000,14696308.4300
2023.02.13,12:00:00,6.556000,6.612000,6.531000,6.559000,5551088.1400
2023.02.13,16:00:00,6.560000,6.610000,6.421000,6.589000,9175927.7900
2023.02.13,20:00:00,6.590000,6.677000,6.557000,6.665000,4847807.8600
2023.02.14,00:00:00,6.664000,6.677000,6.606000,6.615000,2971052.5900
2023.02.14,04:00:00,6.615000,6.652000,6.602000,6.644000,2201675.9200
2023.02.14,08:00:00,6.645000,6.688000,6.597000,6.621000,3650267.6500
2023.02.14,12:00:00,6.621000,6.816000,6.508000,6.744000,15688099.2200
2023.02.14,16:00:00,6.744000,6.810000,6.652000,6.798000,6494977.7500
2023.02.14,20:00:00,6.798000,6.827000,6.757000,6.805000,3468849.8100
2023.02.15,00:00:00,6.804000,6.821000,6.722000,6.777000,3250805.4100
2023.02.15,04:00:00,6.777000,6.797000,6.752000,6.768000,2078101.4200
2023.02.15,08:00:00,6.767000,6.850000,6.743000,6.846000,4056953.9700
2023.02.15,12:00:00,6.846000,6.933000,6.846000,6.912000,8177447.6500
2023.02.15,16:00:00,6.911000,7.071000,6.882000,7.069000,6621812.9800
2023.02.15,20:00:00,7.070000,7.308000,7.060000,7.281000,11455665.1500
2023.02.16,00:00:00,7.281000,7.389000,7.235000,7.340000,10454547.6500
2023.02.16,04:00:00,7.340000,7.348000,7.237000,7.285000,5199784.8600
2023.02.16,08:00:00,7.285000,7.330000,7.229000,7.256000,3488064.5800
2023.02.16,12:00:00,7.257000,7.393000,7.138000,7.383000,11398034.9200
2023.02.16,16:00:00,7.383000,7.491000,7.204000,7.319000,11695434.4100
2023.02.16,20:00:00,7.319000,7.323000,6.996000,7.013000,14782035.2600
2023.02.17,00:00:00,7.013000,7.221000,6.969000,7.191000,5933739.9300
2023.02.17,04:00:00,7.191000,7.275000,7.151000,7.206000,5110447.2100
2023.02.17,08:00:00,7.205000,7.303000,7.180000,7.288000,5945815.1800
2023.02.17,12:00:00,7.289000,7.378000,7.232000,7.329000,10560728.5000
2023.02.17,16:00:00,7.328000,7.589000,7.281000,7.484000,12994100.6700
2023.02.17,20:00:00,7.483000,7.717000,7.392000,7.652000,12216178.8000
2023.02.18,00:00:00,7.651000,7.745000,7.581000,7.616000,7460346.0900
2023.02.18,04:00:00,7.617000,7.697000,7.558000,7.600000,4025192.0100
2023.02.18,08:00:00,7.599000,7.651000,7.501000,7.641000,5771676.2500
2023.02.18,12:00:00,7.641000,8.259000,7.636000,8.186000,35581907.8500
2023.02.18,16:00:00,8.185000,8.259000,7.944000,8.049000,13681574.6000
2023.02.18,20:00:00,8.049000,8.094000,7.980000,7.995000,5315841.8900
2023.02.19,00:00:00,7.996000,8.086000,7.947000,8.021000,6622203.5100
2023.02.19,04:00:00,8.022000,8.290000,7.962000,8.124000,14270843.0900
2023.02.19,08:00:00,8.124000,8.260000,8.041000,8.169000,9104322.8700
2023.02.19,12:00:00,8.169000,8.296000,8.063000,8.149000,13497752.5900
2023.02.19,16:00:00,8.149000,8.226000,7.855000,7.892000,14930040.5100
2023.02.19,20:00:00,7.891000,8.054000,7.823000,8.017000,7348760.2100
2023.02.20,00:00:00,8.017000,8.089000,7.716000,8.013000,9350333.4900
2023.02.20,04:00:00,8.014000,8.387000,8.010000,8.375000,10542854.6400
2023.02.20,08:00:00,8.375000,8.408000,8.069000,8.141000,14035767.7900
2023.02.20,12:00:00,8.140000,8.200000,8.075000,8.131000,7952897.9100
2023.02.20,16:00:00,8.130000,8.135000,7.944000,8.032000,7661332.0000
2023.02.20,20:00:00,8.032000,8.044000,7.915000,8.018000,4520423.5200
2023.02.21,00:00:00,8.019000,8.080000,7.951000,7.967000,5678290.6000
2023.02.21,04:00:00,7.967000,8.017000,7.902000,7.980000,3168739.2900
2023.02.21,08:00:00,7.980000,8.018000,7.730000,7.763000,10702790.5400
2023.02.21,12:00:00,7.763000,7.817000,7.650000,7.744000,9022008.2600
2023.02.21,16:00:00,7.743000,7.780000,7.632000,7.695000,7990552.4300
2023.02.21,20:00:00,7.696000,7.706000,7.500000,7.642000,8191115.9700
2023.02.22,00:00:00,7.642000,7.738000,7.359000,7.547000,11617873.6400
2023.02.22,04:00:00,7.547000,7.561000,7.381000,7.488000,6185210.4200
2023.02.22,08:00:00,7.487000,7.490000,7.316000,7.472000,7581349.4900
2023.02.22,12:00:00,7.472000,7.557000,7.314000,7.365000,9033313.5100
2023.02.22,16:00:00,7.365000,7.606000,7.291000,7.569000,9369792.5500
2023.02.22,20:00:00,7.569000,7.722000,7.529000,7.716000,4690659.0900
2023.02.23,00:00:00,7.716000,7.974000,7.672000,7.893000,8661420.4000
2023.02.23,04:00:00,7.893000,7.978000,7.863000,7.918000,7910778.8300
2023.02.23,08:00:00,7.917000,8.073000,7.784000,7.858000,14956148.4500
2023.02.23,12:00:00,7.857000,8.213000,7.759000,7.974000,21468261.9200
2023.02.23,16:00:00,7.973000,8.031000,7.710000,7.895000,12161253.0700
2023.02.23,20:00:00,7.895000,7.972000,7.789000,7.940000,5267642.7100
2023.02.24,00:00:00,7.939000,8.031000,7.875000,8.023000,6691875.1200
2023.02.24,04:00:00,8.022000,8.149000,7.934000,8.103000,9750746.3800
2023.02.24,08:00:00,8.102000,8.133000,7.870000,7.886000,7902775.6600
2023.02.24,12:00:00,7.886000,7.922000,7.540000,7.589000,14467774.5400
2023.02.24,16:00:00,7.589000,7.692000,7.405000,7.674000,12147463.3600
2023.02.24,20:00:00,7.673000,7.717000,7.100000,7.462000,14178181.8700
2023.02.25,00:00:00,7.462000,7.489000,7.357000,7.381000,5377745.8000
2023.02.25,04:00:00,7.381000,7.421000,7.312000,7.404000,3313986.7100
2023.02.25,08:00:00,7.403000,7.435000,7.333000,7.368000,3811607.5100
2023.02.25,12:00:00,7.368000,7.370000,7.246000,7.343000,5518377.7900
2023.02.25,16:00:00,7.345000,7.399000,7.200000,7.316000,7032927.2800
2023.02.25,20:00:00,7.317000,7.391000,7.162000,7.368000,7204322.9900
2023.02.26,00:00:00,7.369000,7.418000,7.288000,7.413000,2997924.5500
2023.02.26,04:00:00,7.412000,7.425000,7.348000,7.399000,2201446.6400
2023.02.26,08:00:00,7.400000,7.438000,7.363000,7.436000,2421638.2300
2023.02.26,12:00:00,7.436000,7.442000,7.358000,7.381000,2731163.5900
2023.02.26,16:00:00,7.381000,7.489000,7.300000,7.478000,4367966.7400
2023.02.26,20:00:00,7.478000,7.540000,7.397000,7.489000,4017790.6600
2023.02.27,00:00:00,7.488000,7.504000,7.418000,7.430000,2860267.3200
2023.02.27,04:00:00,7.429000,7.436000,7.320000,7.330000,3490747.8600
2023.02.27,08:00:00,7.330000,7.347000,7.214000,7.286000,4792298.1000
2023.02.27,12:00:00,7.285000,7.464000,7.235000,7.368000,7859316.0700
2023.02.27,16:00:00,7.367000,7.387000,7.119000,7.189000,8273188.7500
2023.02.27,20:00:00,7.189000,7.293000,7.142000,7.270000,3753829.9800
2023.02.28,00:00:00,7.271000,7.305000,7.213000,7.290000,3149583.5400
2023.02.28,04:00:00,7.291000,7.354000,7.220000,7.256000,5004805.7200
2023.02.28,08:00:00,7.256000,7.333000,7.222000,7.324000,4288698.3900
2023.02.28,12:00:00,7.324000,7.419000,7.323000,7.404000,6930092.3300
2023.02.28,16:00:00,7.404000,7.419000,7.239000,7.256000,4700093.3500
2023.02.28,20:00:00,7.256000,7.297000,7.086000,7.192000,8275477.2300
2023.03.01,00:00:00,7.193000,7.356000,7.142000,7.352000,4888565.7000
2023.03.01,04:00:00,7.353000,7.428000,7.324000,7.395000,4313775.6300
2023.03.01,08:00:00,7.395000,7.499000,7.381000,7.470000,4700753.9100
2023.03.01,12:00:00,7.470000,7.506000,7.391000,7.429000,5467761.5800
2023.03.01,16:00:00,7.428000,7.444000,7.332000,7.355000,3784524.2700
2023.03.01,20:00:00,7.355000,7.545000,7.335000,7.533000,3683033.7800
2023.03.02,00:00:00,7.533000,7.583000,7.345000,7.391000,6562506.6300
2023.03.02,04:00:00,7.390000,7.448000,7.309000,7.354000,3210642.8300
2023.03.02,08:00:00,7.353000,7.365000,7.258000,7.320000,3358286.1300
2023.03.02,12:00:00,7.319000,7.328000,7.158000,7.226000,6055981.9200
2023.03.02,16:00:00,7.226000,7.296000,7.163000,7.273000,4128135.3900
2023.03.02,20:00:00,7.273000,7.281000,7.225000,7.272000,2494143.5900
2023.03.03,00:00:00,7.272000,7.273000,6.595000,6.810000,17022885.7600
2023.03.03,04:00:00,6.809000,6.880000,6.788000,6.864000,3711533.8100
2023.03.03,08:00:00,6.863000,6.908000,6.846000,6.889000,2829751.0100
2023.03.03,12:00:00,6.888000,6.948000,6.840000,6.894000,4260707.6000
2023.03.03,16:00:00,6.894000,6.943000,6.860000,6.919000,2800101.4600
2023.03.03,20:00:00,6.919000,6.960000,6.850000,6.954000,2664972.5200
2023.03.04,00:00:00,6.954000,7.006000,6.902000,6.912000,3926134.2300
2023.03.04,04:00:00,6.911000,6.931000,6.854000,6.909000,2136637.8200
2023.03.04,08:00:00,6.908000,6.969000,6.890000,6.966000,2165962.6700
2023.03.04,12:00:00,6.966000,6.967000,6.900000,6.921000,2583265.5600
2023.03.04,16:00:00,6.920000,6.944000,6.812000,6.835000,3248321.5000
2023.03.04,20:00:00,6.835000,6.858000,6.702000,6.855000,5924752.0500
2023.03.05,00:00:00,6.854000,6.995000,6.803000,6.938000,5270800.1300
2023.03.05,04:00:00,6.939000,6.972000,6.900000,6.915000,1704952.4200
2023.03.05,08:00:00,6.915000,6.963000,6.886000,6.929000,2040319.8100
2023.03.05,12:00:00,6.929000,6.974000,6.927000,6.947000,2204145.1700
2023.03.05,16:00:00,6.947000,6.964000,6.911000,6.956000,1652856.5900
2023.03.05,20:00:00,6.956000,7.013000,6.897000,6.943000,3245738.9600
2023.03.06,00:00:00,6.942000,6.973000,6.815000,6.868000,5657912.1800
2023.03.06,04:00:00,6.867000,6.899000,6.818000,6.881000,2291141.6200
2023.03.06,08:00:00,6.881000,6.911000,6.842000,6.873000,2023133.2800
2023.03.06,12:00:00,6.872000,6.965000,6.842000,6.960000,3240582.9000
2023.03.06,16:00:00,6.960000,6.978000,6.872000,6.889000,3039526.3800
2023.03.06,20:00:00,6.889000,6.921000,6.844000,6.853000,4576615.8300
2023.03.07,00:00:00,6.852000,6.973000,6.829000,6.942000,3173255.7700
2023.03.07,04:00:00,6.943000,6.961000,6.894000,6.896000,1911674.8700
2023.03.07,08:00:00,6.897000,6.900000,6.766000,6.804000,4016617.5800
2023.03.07,12:00:00,6.803000,6.861000,6.676000,6.806000,8446611.1900
2023.03.07,16:00:00,6.806000,6.824000,6.691000,6.700000,4471017.9700
2023.03.07,20:00:00,6.700000,6.891000,6.663000,6.881000,5098647.0600
2023.03.08,00:00:00,6.881000,6.948000,6.846000,6.876000,5240330.4700
2023.03.08,04:00:00,6.876000,6.914000,6.768000,6.787000,4407833.6700
2023.03.08,08:00:00,6.787000,6.845000,6.751000,6.796000,3632100.6800
2023.03.08,12:00:00,6.796000,6.817000,6.580000,6.711000,8994084.6200
2023.03.08,16:00:00,6.712000,6.734000,6.558000,6.606000,4375937.8500
2023.03.08,20:00:00,6.606000,6.708000,6.480000,6.574000,7961438.0700
2023.03.09,00:00:00,6.573000,6.631000,6.529000,6.607000,3318137.5100
2023.03.09,04:00:00,6.608000,6.647000,6.581000,6.598000,2606661.6900
2023.03.09,08:00:00,6.597000,6.608000,6.532000,6.600000,4391945.6800
2023.03.09,12:00:00,6.600000,6.689000,6.571000,6.602000,4954785.7000
2023.03.09,16:00:00,6.601000,6.626000,6.255000,6.295000,13029004.7800
2023.03.09,20:00:00,6.295000,6.297000,6.000000,6.155000,14912702.8300
2023.03.10,00:00:00,6.155000,6.185000,6.040000,6.163000,7016634.6500
2023.03.10,04:00:00,6.164000,6.200000,6.100000,6.167000,5229054.7400
2023.03.10,08:00:00,6.167000,6.177000,5.887000,6.058000,10966886.4500
2023.03.10,12:00:00,6.057000,6.254000,6.035000,6.209000,11874763.9500
2023.03.10,16:00:00,6.210000,6.261000,6.137000,6.227000,5367008.6200
2023.03.10,20:00:00,6.226000,6.256000,6.141000,6.209000,4566439.5800
2023.03.11,00:00:00,6.209000,6.383000,6.191000,6.229000,7081036.6400
2023.03.11,04:00:00,6.230000,6.231000,5.947000,5.992000,6607644.3700
2023.03.11,08:00:00,5.991000,6.116000,5.934000,6.007000,6925569.5200
2023.03.11,12:00:00,6.007000,6.039000,5.915000,5.950000,4297025.2100
2023.03.11,16:00:00,5.951000,6.096000,5.913000,6.087000,4766350.9500
2023.03.11,20:00:00,6.088000,6.168000,6.081000,6.158000,3568116.3800
2023.03.12,00:00:00,6.158000,6.175000,6.105000,6.149000,2764831.2500
2023.03.12,04:00:00,6.149000,6.176000,6.114000,6.144000,2001349.7600
2023.03.12,08:00:00,6.143000,6.156000,6.083000,6.122000,2766732.7800
2023.03.12,12:00:00,6.123000,6.136000,6.064000,6.096000,3511706.8800
2023.03.12,16:00:00,6.096000,6.347000,6.085000,6.247000,9206457.6800
2023.03.12,20:00:00,6.246000,6.573000,6.241000,6.552000,10711561.3500
2023.03.13,00:00:00,6.552000,6.719000,6.528000,6.577000,8633121.1300
2023.03.13,04:00:00,6.577000,6.663000,6.572000,6.633000,3245490.1200
2023.03.13,08:00:00,6.634000,6.641000,6.428000,6.465000,5849026.8000
2023.03.13,12:00:00,6.465000,6.882000,6.393000,6.761000,16073140.7700
2023.03.13,16:00:00,6.761000,6.805000,6.676000,6.733000,5921455.1700
2023.03.13,20:00:00,6.733000,6.799000,6.688000,6.760000,3341834.4600
2023.03.14,00:00:00,6.761000,6.775000,6.682000,6.753000,4331623.8200
2023.03.14,04:00:00,6.754000,6.798000,6.651000,6.683000,4464779.3700
2023.03.14,08:00:00,6.684000,6.742000,6.605000,6.673000,5796625.4100
2023.03.14,12:00:00,6.674000,7.202000,6.632000,7.147000,21596034.2500
2023.03.14,16:00:00,7.146000,7.160000,6.811000,6.998000,13214334.3100
2023.03.14,20:00:00,6.999000,7.023000,6.746000,6.962000,7351411.5300
2023.03.15,00:00:00,6.962000,7.065000,6.883000,7.047000,5681345.3400
2023.03.15,04:00:00,7.048000,7.116000,7.009000,7.086000,3790448.5500
2023.03.15,08:00:00,7.085000,7.086000,6.690000,6.814000,8419988.4900
2023.03.15,12:00:00,6.813000,6.903000,6.550000,6.582000,15010338.5900
2023.03.15,16:00:00,6.583000,6.598000,6.374000,6.545000,12425057.9900
2023.03.15,20:00:00,6.546000,6.625000,6.481000,6.543000,7898138.3000
2023.03.16,00:00:00,6.543000,6.605000,6.440000,6.565000,4657920.4200
2023.03.16,04:00:00,6.566000,6.637000,6.491000,6.614000,4104671.6200
2023.03.16,08:00:00,6.614000,6.663000,6.536000,6.631000,4904744.9400
2023.03.16,12:00:00,6.632000,6.636000,6.460000,6.618000,6093422.6300
2023.03.16,16:00:00,6.618000,6.676000,6.544000,6.638000,4201132.6600
2023.03.16,20:00:00,6.639000,6.674000,6.515000,6.652000,3771785.8000
2023.03.17,00:00:00,6.652000,6.919000,6.594000,6.916000,7545699.6500
2023.03.17,04:00:00,6.917000,6.955000,6.815000,6.913000,5029519.2100
2023.03.17,08:00:00,6.913000,7.129000,6.878000,7.124000,5157915.0800
2023.03.17,12:00:00,7.125000,7.203000,6.954000,6.997000,10717381.2100
2023.03.17,16:00:00,6.998000,7.114000,6.972000,7.075000,6278578.1200
2023.03.17,20:00:00,7.076000,7.256000,7.024000,7.206000,6384764.8800
2023.03.18,00:00:00,7.205000,7.299000,7.078000,7.246000,8133484.1900
2023.03.18,04:00:00,7.247000,7.273000,7.170000,7.246000,3666217.3400
2023.03.18,08:00:00,7.245000,7.270000,7.141000,7.221000,4308964.0200
2023.03.18,12:00:00,7.222000,7.255000,6.960000,7.026000,8409449.0400
2023.03.18,16:00:00,7.026000,7.091000,6.840000,7.032000,8236197.8900
2023.03.18,20:00:00,7.031000,7.102000,6.884000,6.922000,4114496.9500
2023.03.19,00:00:00,6.921000,7.101000,6.916000,7.091000,4131567.2000
2023.03.19,04:00:00,7.092000,7.111000,6.968000,7.047000,2785417.9600
2023.03.19,08:00:00,7.048000,7.125000,7.003000,7.103000,4382920.7600
2023.03.19,12:00:00,7.104000,7.197000,7.045000,7.148000,5691153.9300
2023.03.19,16:00:00,7.147000,7.284000,7.139000,7.210000,7028556.9400
2023.03.19,20:00:00,7.209000,7.228000,7.044000,7.081000,5945565.1400
2023.03.20,00:00:00,7.082000,7.202000,6.960000,6.983000,8562670.6400
2023.03.20,04:00:00,6.982000,7.178000,6.907000,7.168000,4918384.7500
2023.03.20,08:00:00,7.169000,7.397000,7.113000,7.288000,12697804.4700
2023.03.20,12:00:00,7.287000,7.428000,7.211000,7.344000,11800860.9700
2023.03.20,16:00:00,7.344000,7.438000,7.039000,7.103000,14759256.8800
2023.03.20,20:00:00,7.104000,7.218000,6.990000,7.047000,6435794.2600
2023.03.21,00:00:00,7.046000,7.193000,7.004000,7.113000,6158445.6200
2023.03.21,04:00:00,7.112000,7.153000,6.856000,6.880000,5628708.0500
2023.03.21,08:00:00,6.880000,7.120000,6.833000,7.099000,6681413.1700
2023.03.21,12:00:00,7.099000,7.365000,7.081000,7.262000,10831378.6800
2023.03.21,16:00:00,7.262000,7.346000,7.162000,7.277000,7268804.9600
2023.03.21,20:00:00,7.278000,7.472000,7.265000,7.373000,9502698.7000
2023.03.22,00:00:00,7.372000,7.500000,7.271000,7.457000,7447600.6600
2023.03.22,04:00:00,7.457000,7.568000,7.399000,7.476000,7815731.0500
2023.03.22,08:00:00,7.477000,7.575000,7.388000,7.479000,8809884.3000
2023.03.22,12:00:00,7.479000,7.716000,7.459000,7.598000,17260103.5500
2023.03.22,16:00:00,7.598000,7.615000,7.000000,7.034000,19244787.6900
2023.03.22,20:00:00,7.033000,7.184000,6.992000,7.170000,10048688.6600
2023.03.23,00:00:00,7.169000,7.199000,7.083000,7.131000,4345735.3800
2023.03.23,04:00:00,7.130000,7.281000,7.115000,7.270000,3268847.3400
2023.03.23,08:00:00,7.269000,7.449000,7.269000,7.339000,6384629.8100
2023.03.23,12:00:00,7.339000,7.627000,7.303000,7.576000,9974963.5600
2023.03.23,16:00:00,7.576000,7.630000,7.410000,7.517000,7514933.9200
2023.03.23,20:00:00,7.516000,7.630000,7.473000,7.603000,5774399.7900
2023.03.24,00:00:00,7.604000,7.653000,7.502000,7.516000,4451044.0000
2023.03.24,04:00:00,7.517000,7.534000,7.446000,7.473000,2752369.6700
2023.03.24,08:00:00,7.473000,7.475000,7.194000,7.238000,7049317.7900
2023.03.24,12:00:00,7.238000,7.417000,7.228000,7.325000,7349021.1200
2023.03.24,16:00:00,7.324000,7.348000,7.133000,7.280000,6316594.5200
2023.03.24,20:00:00,7.281000,7.288000,7.107000,7.189000,3516714.5200
2023.03.25,00:00:00,7.188000,7.252000,7.149000,7.214000,2655066.6600
2023.03.25,04:00:00,7.213000,7.233000,7.134000,7.141000,2561402.3800
2023.03.25,08:00:00,7.141000,7.149000,7.057000,7.109000,3754093.3500
2023.03.25,12:00:00,7.110000,7.145000,7.036000,7.126000,4029802.5500
2023.03.25,16:00:00,7.126000,7.145000,6.966000,6.987000,4991384.8300
2023.03.25,20:00:00,6.986000,7.085000,6.964000,7.072000,2719891.1800
2023.03.26,00:00:00,7.071000,7.167000,7.044000,7.125000,2790984.1200
2023.03.26,04:00:00,7.124000,7.186000,7.110000,7.135000,1762331.0500
2023.03.26,08:00:00,7.135000,7.247000,7.127000,7.215000,3441192.5500
2023.03.26,12:00:00,7.215000,7.286000,7.153000,7.182000,4030950.7900
2023.03.26,16:00:00,7.183000,7.249000,7.129000,7.230000,2341930.9800
2023.03.26,20:00:00,7.230000,7.284000,7.171000,7.256000,2118567.2200
2023.03.27,00:00:00,7.256000,7.272000,7.132000,7.172000,2543316.0400
2023.03.27,04:00:00,7.172000,7.189000,7.100000,7.127000,2450843.2200
2023.03.27,08:00:00,7.126000,7.203000,7.103000,7.170000,2511092.0300
2023.03.27,12:00:00,7.171000,7.196000,6.731000,6.876000,11162258.5200
2023.03.27,16:00:00,6.877000,6.928000,6.802000,6.814000,4511282.6400
2023.03.27,20:00:00,6.815000,6.880000,6.774000,6.864000,3466873.5600
2023.03.28,00:00:00,6.864000,6.881000,6.755000,6.814000,5352016.6600
2023.03.28,04:00:00,6.815000,6.910000,6.808000,6.856000,2301715.6600
2023.03.28,08:00:00,6.856000,6.872000,6.745000,6.850000,4285088.3000
2023.03.28,12:00:00,6.851000,6.889000,6.801000,6.857000,4056220.7400
2023.03.28,16:00:00,6.857000,7.040000,6.764000,7.007000,6155440.4900
2023.03.28,20:00:00,7.008000,7.025000,6.887000,6.945000,3438691.6400
2023.03.29,00:00:00,6.944000,6.996000,6.922000,6.985000,2516799.0700
2023.03.29,04:00:00,6.984000,7.177000,6.974000,7.166000,5758830.5200
2023.03.29,08:00:00,7.167000,7.336000,7.155000,7.289000,6948633.0800
2023.03.29,12:00:00,7.289000,7.378000,7.226000,7.354000,7454406.7700
2023.03.29,16:00:00,7.354000,7.383000,7.276000,7.363000,4025185.2200
2023.03.29,20:00:00,7.363000,7.497000,7.332000,7.381000,6534704.7900
2023.03.30,00:00:00,7.381000,7.556000,7.263000,7.393000,10473381.8100
2023.03.30,04:00:00,7.393000,7.526000,7.367000,7.376000,5742658.7500
2023.03.30,08:00:00,7.376000,7.410000,7.279000,7.379000,3631748.4300
2023.03.30,12:00:00,7.380000,7.388000,7.237000,7.263000,5592209.1100
2023.03.30,16:00:00,7.262000,7.265000,7.125000,7.222000,5464683.7600
2023.03.30,20:00:00,7.223000,7.277000,7.181000,7.225000,3503514.4900
2023.03.31,00:00:00,7.226000,7.384000,7.219000,7.379000,5625940.9100
2023.03.31,04:00:00,7.379000,7.528000,7.292000,7.508000,6654027.5900
2023.03.31,08:00:00,7.508000,7.585000,7.391000,7.478000,7052709.4700
2023.03.31,12:00:00,7.477000,7.674000,7.462000,7.578000,10168667.5900
2023.03.31,16:00:00,7.579000,7.641000,7.511000,7.609000,5552366.8600
2023.03.31,20:00:00,7.609000,7.663000,7.577000,7.584000,3496635.9100
2023.04.01,00:00:00,7.585000,7.633000,7.541000,7.573000,3268425.0500
2023.04.01,04:00:00,7.573000,7.600000,7.473000,7.561000,2797358.3400
2023.04.01,08:00:00,7.562000,7.600000,7.507000,7.519000,2905582.0100
2023.04.01,12:00:00,7.518000,7.546000,7.445000,7.486000,3137789.7000
2023.04.01,16:00:00,7.487000,7.522000,7.418000,7.494000,2958090.6400
2023.04.01,20:00:00,7.495000,7.555000,7.493000,7.545000,2238008.8300
2023.04.02,00:00:00,7.545000,7.545000,7.437000,7.501000,2106390.5800
2023.04.02,04:00:00,7.501000,7.525000,7.473000,7.504000,1510834.7100
2023.04.02,08:00:00,7.505000,7.514000,7.430000,7.435000,2266345.1900
2023.04.02,12:00:00,7.436000,7.441000,7.260000,7.318000,6299874.5400
2023.04.02,16:00:00,7.316000,7.374000,7.192000,7.229000,4229066.3400
2023.04.02,20:00:00,7.230000,7.285000,7.185000,7.248000,4888853.0500
2023.04.03,00:00:00,7.249000,7.265000,7.062000,7.141000,4323708.1300
2023.04.03,04:00:00,7.141000,7.248000,7.113000,7.248000,2063442.2000
2023.04.03,08:00:00,7.248000,7.380000,7.244000,7.293000,4930249.1400
2023.04.03,12:00:00,7.294000,7.368000,7.210000,7.276000,4728460.0100
2023.04.03,16:00:00,7.276000,7.437000,7.202000,7.360000,6530615.9200
2023.04.03,20:00:00,7.360000,7.372000,7.015000,7.239000,9523661.0100
2023.04.04,00:00:00,7.239000,7.307000,7.193000,7.249000,3921279.3900
2023.04.04,04:00:00,7.250000,7.313000,7.224000,7.253000,2732082.6700
2023.04.04,08:00:00,7.254000,7.430000,7.233000,7.395000,5180353.3900
2023.04.04,12:00:00,7.396000,7.418000,7.310000,7.360000,4301298.9000
2023.04.04,16:00:00,7.360000,7.434000,7.331000,7.414000,3137490.3100
2023.04.04,20:00:00,7.414000,7.479000,7.342000,7.367000,3207821.5500
2023.04.05,00:00:00,7.368000,7.600000,7.328000,7.592000,6533929.9900
2023.04.05,04:00:00,7.592000,7.604000,7.527000,7.548000,2764969.5400
2023.04.05,08:00:00,7.547000,7.563000,7.448000,7.469000,3101059.1900
2023.04.05,12:00:00,7.469000,7.497000,7.212000,7.292000,9871668.3800
2023.04.05,16:00:00,7.292000,7.340000,7.239000,7.318000,4348491.8600
2023.04.05,20:00:00,7.317000,7.359000,7.287000,7.316000,2410589.6100
2023.04.06,00:00:00,7.316000,7.330000,7.200000,7.309000,3591925.7900
2023.04.06,04:00:00,7.309000,7.309000,7.237000,7.242000,2396488.1000
2023.04.06,08:00:00,7.243000,7.291000,7.150000,7.236000,4092207.1800
2023.04.06,12:00:00,7.236000,7.288000,7.161000,7.269000,3832107.5100
2023.04.06,16:00:00,7.270000,7.282000,7.139000,7.194000,2818226.5700
2023.04.06,20:00:00,7.194000,7.205000,7.106000,7.195000,3376395.3800
2023.04.07,00:00:00,7.195000,7.228000,7.150000,7.178000,2331884.8900
2023.04.07,04:00:00,7.178000,7.213000,7.100000,7.125000,2567002.5400
2023.04.07,08:00:00,7.124000,7.183000,7.100000,7.138000,2212531.5000
2023.04.07,12:00:00,7.138000,7.230000,7.125000,7.227000,3312280.7900
2023.04.07,16:00:00,7.226000,7.240000,7.200000,7.229000,1900371.0500
2023.04.07,20:00:00,7.229000,7.306000,7.196000,7.262000,2908293.2400
2023.04.08,00:00:00,7.263000,7.291000,7.207000,7.263000,2320393.7000
2023.04.08,04:00:00,7.264000,7.294000,7.238000,7.246000,1539509.0200
2023.04.08,08:00:00,7.246000,7.259000,7.202000,7.207000,1295862.9100
2023.04.08,12:00:00,7.207000,7.240000,7.175000,7.216000,1552094.9900
2023.04.08,16:00:00,7.216000,7.221000,7.101000,7.115000,2989998.7000
2023.04.08,20:00:00,7.114000,7.150000,7.070000,7.124000,2170176.2100
2023.04.09,00:00:00,7.125000,7.184000,7.116000,7.155000,1254431.3100
2023.04.09,04:00:00,7.156000,7.173000,7.060000,7.120000,2133415.4300
2023.04.09,08:00:00,7.120000,7.126000,7.072000,7.106000,1486659.3800
2023.04.09,12:00:00,7.105000,7.126000,7.042000,7.105000,2151026.0900
2023.04.09,16:00:00,7.105000,7.210000,7.085000,7.196000,2465676.9800
2023.04.09,20:00:00,7.197000,7.251000,7.179000,7.198000,2475051.6100
2023.04.10,00:00:00,7.198000,7.223000,7.126000,7.173000,2073734.2400
2023.04.10,04:00:00,7.174000,7.230000,7.160000,7.228000,1225930.6100
2023.04.10,08:00:00,7.228000,7.245000,7.204000,7.206000,2025499.7500
2023.04.10,12:00:00,7.207000,7.232000,7.146000,7.207000,2733637.0000
2023.04.10,16:00:00,7.208000,7.356000,7.174000,7.285000,5603039.9800
2023.04.10,20:00:00,7.285000,7.363000,7.232000,7.340000,4408359.6700
2023.04.11,00:00:00,7.340000,7.415000,7.315000,7.339000,4206473.9500
2023.04.11,04:00:00,7.339000,7.429000,7.324000,7.417000,2983487.4700
2023.04.11,08:00:00,7.417000,7.450000,7.371000,7.383000,2606852.0200
2023.04.11,12:00:00,7.383000,7.421000,7.338000,7.381000,3634711.8600
2023.04.11,16:00:00,7.381000,7.398000,7.301000,7.321000,3112812.7200
2023.04.11,20:00:00,7.321000,7.338000,7.270000,7.297000,2202810.8300
2023.04.12,00:00:00,7.297000,7.325000,7.086000,7.129000,5552143.5000
2023.04.12,04:00:00,7.129000,7.212000,7.115000,7.183000,2483852.1500
2023.04.12,08:00:00,7.184000,7.189000,7.151000,7.175000,1630385.5600
2023.04.12,12:00:00,7.175000,7.369000,7.137000,7.286000,8968509.3100
2023.04.12,16:00:00,7.286000,7.302000,7.131000,7.179000,4083770.6600
2023.04.12,20:00:00,7.179000,7.260000,7.170000,7.229000,2526554.7400
2023.04.13,00:00:00,7.228000,7.244000,7.167000,7.213000,2550859.3200
2023.04.13,04:00:00,7.213000,7.256000,7.208000,7.251000,1597966.7700
2023.04.13,08:00:00,7.250000,7.418000,7.250000,7.363000,5386667.6400
2023.04.13,12:00:00,7.363000,7.474000,7.362000,7.407000,4834912.4100
2023.04.13,16:00:00,7.407000,7.550000,7.406000,7.458000,4922698.4200
2023.04.13,20:00:00,7.458000,7.469000,7.415000,7.457000,2220955.0600
2023.04.14,00:00:00,7.458000,7.767000,7.455000,7.708000,9407007.3000
2023.04.14,04:00:00,7.709000,7.907000,7.702000,7.767000,7479570.7400
2023.04.14,08:00:00,7.768000,7.845000,7.763000,7.813000,3461934.8900
2023.04.14,12:00:00,7.814000,7.827000,7.540000,7.549000,11078346.5700
2023.04.14,16:00:00,7.549000,7.762000,7.530000,7.759000,5356685.2300
2023.04.14,20:00:00,7.759000,7.818000,7.723000,7.745000,3154478.1900
2023.04.15,00:00:00,7.745000,7.756000,7.611000,7.648000,3046724.9400
2023.04.15,04:00:00,7.647000,7.718000,7.620000,7.706000,2225803.5300
2023.04.15,08:00:00,7.705000,7.878000,7.683000,7.825000,5283990.7600
2023.04.15,12:00:00,7.826000,8.008000,7.774000,7.969000,6898073.6300
2023.04.15,16:00:00,7.970000,8.099000,7.927000,7.984000,7732300.8000
2023.04.15,20:00:00,7.983000,8.049000,7.936000,8.013000,2893927.4000
2023.04.16,00:00:00,8.013000,8.172000,7.960000,8.007000,7795449.0600
2023.04.16,04:00:00,8.007000,8.114000,7.992000,8.086000,3147547.1700
2023.04.16,08:00:00,8.086000,8.108000,7.949000,7.964000,3264168.3200
2023.04.16,12:00:00,7.964000,8.009000,7.900000,7.959000,3728174.6700
2023.04.16,16:00:00,7.959000,8.138000,7.936000,8.045000,3936678.8900
2023.04.16,20:00:00,8.046000,8.198000,7.981000,8.142000,4880590.8100
2023.04.17,00:00:00,8.141000,8.282000,7.856000,8.217000,10989024.1000
2023.04.17,04:00:00,8.217000,8.307000,8.104000,8.112000,7282758.1300
2023.04.17,08:00:00,8.113000,8.182000,7.927000,7.982000,7176161.8200
2023.04.17,12:00:00,7.981000,8.192000,7.979000,8.061000,9783253.1700
2023.04.17,16:00:00,8.060000,8.260000,8.050000,8.241000,5686096.2200
2023.04.17,20:00:00,8.242000,8.281000,8.132000,8.166000,5397095.1600
2023.04.18,00:00:00,8.167000,8.175000,8.024000,8.083000,4496956.1400
2023.04.18,04:00:00,8.083000,8.465000,8.068000,8.433000,8631158.5100
2023.04.18,08:00:00,8.434000,8.778000,8.413000,8.718000,14270098.7500
2023.04.18,12:00:00,8.717000,8.804000,8.567000,8.732000,12691315.2400
2023.04.18,16:00:00,8.732000,8.738000,8.527000,8.557000,8276839.8000
2023.04.18,20:00:00,8.556000,8.637000,8.529000,8.584000,4666589.6700
2023.04.19,00:00:00,8.584000,8.607000,8.480000,8.572000,5046381.9700
2023.04.19,04:00:00,8.573000,8.596000,8.380000,8.402000,6357979.4300
2023.04.19,08:00:00,8.401000,8.407000,7.782000,8.052000,20670609.7700
2023.04.19,12:00:00,8.052000,8.120000,7.953000,8.026000,7326325.1500
2023.04.19,16:00:00,8.026000,8.089000,7.902000,7.956000,6315085.3800
2023.04.19,20:00:00,7.955000,7.985000,7.612000,7.749000,8767379.6000
2023.04.20,00:00:00,7.749000,7.886000,7.669000,7.820000,5527088.3100
2023.04.20,04:00:00,7.821000,7.885000,7.768000,7.774000,3814236.2400
2023.04.20,08:00:00,7.774000,7.876000,7.723000,7.745000,4434092.1600
2023.04.20,12:00:00,7.745000,7.969000,7.687000,7.725000,9381862.8100
2023.04.20,16:00:00,7.725000,7.731000,7.451000,7.520000,13509110.8300
2023.04.20,20:00:00,7.520000,7.615000,7.461000,7.510000,3866794.6200
2023.04.21,00:00:00,7.509000,7.606000,7.465000,7.558000,3933541.3400
2023.04.21,04:00:00,7.559000,7.571000,7.364000,7.537000,5207423.1200
2023.04.21,08:00:00,7.538000,7.572000,7.392000,7.420000,4491110.4700
2023.04.21,12:00:00,7.419000,7.473000,7.321000,7.378000,7136909.7800
2023.04.21,16:00:00,7.378000,7.392000,7.021000,7.068000,11077282.8700
2023.04.21,20:00:00,7.069000,7.125000,7.004000,7.108000,5687480.7000
2023.04.22,00:00:00,7.108000,7.179000,7.076000,7.169000,3045282.5700
2023.04.22,04:00:00,7.169000,7.169000,7.075000,7.084000,2205558.0000
2023.04.22,08:00:00,7.085000,7.166000,7.080000,7.150000,2397087.2800
2023.04.22,12:00:00,7.149000,7.215000,7.103000,7.167000,3616908.2700
2023.04.22,16:00:00,7.168000,7.236000,7.122000,7.145000,3555696.6000
2023.04.22,20:00:00,7.145000,7.197000,7.093000,7.169000,2788443.8700
2023.04.23,00:00:00,7.169000,7.169000,6.989000,7.108000,4918396.3700
2023.04.23,04:00:00,7.108000,7.131000,7.075000,7.123000,1917019.0700
2023.04.23,08:00:00,7.124000,7.137000,7.056000,7.114000,2479174.9600
2023.04.23,12:00:00,7.115000,7.129000,6.916000,6.986000,5605164.6400
2023.04.23,16:00:00,6.985000,7.070000,6.850000,6.947000,6724415.7500
2023.04.23,20:00:00,6.947000,7.090000,6.927000,7.080000,3411368.1100
2023.04.24,00:00:00,7.080000,7.221000,7.039000,7.154000,5564911.2800
2023.04.24,04:00:00,7.153000,7.154000,7.016000,7.099000,3473845.3700
2023.04.24,08:00:00,7.099000,7.219000,7.041000,7.215000,5967666.7100
2023.04.24,12:00:00,7.216000,7.267000,7.077000,7.088000,6581521.8700
2023.04.24,16:00:00,7.088000,7.163000,6.985000,7.075000,5495224.4800
2023.04.24,20:00:00,7.074000,7.112000,7.045000,7.065000,2286469.6400
2023.04.25,00:00:00,7.065000,7.099000,6.962000,6.983000,3352009.1800
2023.04.25,04:00:00,6.984000,7.067000,6.970000,6.986000,2954314.4300
2023.04.25,08:00:00,6.985000,7.069000,6.942000,7.045000,3303595.3900
2023.04.25,12:00:00,7.046000,7.107000,6.990000,7.008000,4497397.0000
2023.04.25,16:00:00,7.009000,7.143000,6.991000,7.082000,4165918.0400
2023.04.25,20:00:00,7.082000,7.298000,7.072000,7.271000,5775190.9000
2023.04.26,00:00:00,7.272000,7.332000,7.189000,7.212000,2717450.4200
2023.04.26,04:00:00,7.213000,7.291000,7.210000,7.245000,2038419.8400
2023.04.26,08:00:00,7.246000,7.417000,7.235000,7.381000,5425969.5900
2023.04.26,12:00:00,7.381000,7.500000,7.350000,7.436000,6879941.5500
2023.04.26,16:00:00,7.436000,7.451000,6.803000,6.882000,9789750.3600
2023.04.26,20:00:00,6.881000,7.034000,6.691000,6.998000,10412681.9600
2023.04.27,00:00:00,6.999000,7.223000,6.978000,7.046000,8220831.7900
2023.04.27,04:00:00,7.046000,7.127000,6.978000,7.051000,3935542.1700
2023.04.27,08:00:00,7.051000,7.092000,7.009000,7.049000,3278723.2800
2023.04.27,12:00:00,7.050000,7.170000,6.974000,7.119000,6004627.4500
2023.04.27,16:00:00,7.120000,7.229000,7.083000,7.196000,4766028.3900
2023.04.27,20:00:00,7.195000,7.229000,7.100000,7.166000,3042785.5200
2023.04.28,00:00:00,7.167000,7.176000,7.090000,7.109000,2185442.7600
2023.04.28,04:00:00,7.109000,7.185000,7.104000,7.181000,1996588.5400
2023.04.28,08:00:00,7.181000,7.181000,7.031000,7.033000,2970980.3800
2023.04.28,12:00:00,7.034000,7.089000,6.927000,7.020000,5786334.0500
2023.04.28,16:00:00,7.020000,7.066000,6.989000,7.040000,2952637.9500
2023.04.28,20:00:00,7.040000,7.066000,7.021000,7.036000,1256119.2100
2023.04.29,00:00:00,7.036000,7.065000,6.987000,7.047000,1655202.5300
2023.04.29,04:00:00,7.048000,7.095000,7.046000,7.088000,1623977.5500
2023.04.29,08:00:00,7.088000,7.148000,7.050000,7.140000,2828680.5300
2023.04.29,12:00:00,7.140000,7.217000,7.122000,7.185000,3818282.5400
2023.04.29,16:00:00,7.186000,7.198000,7.060000,7.194000,2619716.3800
2023.04.29,20:00:00,7.194000,7.209000,7.144000,7.181000,1869836.5900
2023.04.30,00:00:00,7.182000,7.202000,7.111000,7.140000,2152599.6300
2023.04.30,04:00:00,7.141000,7.210000,7.132000,7.173000,1897998.1100
2023.04.30,08:00:00,7.174000,7.264000,7.149000,7.212000,4034373.9700
2023.04.30,12:00:00,7.212000,7.303000,7.174000,7.239000,4732907.4700
2023.04.30,16:00:00,7.239000,7.288000,7.085000,7.125000,4403359.3100
2023.04.30,20:00:00,7.125000,7.125000,7.008000,7.019000,4577924.3900
2023.05.01,00:00:00,7.019000,7.078000,6.831000,7.005000,6626214.3600
2023.05.01,04:00:00,7.004000,7.028000,6.944000,6.989000,2317463.8000
2023.05.01,08:00:00,6.990000,7.015000,6.957000,6.959000,1671802.0300
2023.05.01,12:00:00,6.959000,6.977000,6.866000,6.907000,4802534.5700
2023.05.01,16:00:00,6.908000,6.950000,6.784000,6.813000,5278022.4300
2023.05.01,20:00:00,6.813000,6.905000,6.797000,6.891000,2458988.8200
2023.05.02,00:00:00,6.891000,6.905000,6.844000,6.890000,1644645.7600
2023.05.02,04:00:00,6.891000,6.933000,6.870000,6.919000,1732653.5800
2023.05.02,08:00:00,6.920000,6.931000,6.855000,6.884000,1834793.9900
2023.05.02,12:00:00,6.884000,6.954000,6.794000,6.905000,5954578.2500
2023.05.02,16:00:00,6.904000,7.011000,6.873000,6.993000,4065702.4600
2023.05.02,20:00:00,6.993000,7.005000,6.962000,6.983000,2270982.3400
2023.05.03,00:00:00,6.983000,6.986000,6.885000,6.971000,2785434.4500
2023.05.03,04:00:00,6.972000,7.000000,6.938000,6.971000,2528388.6800
2023.05.03,08:00:00,6.972000,6.987000,6.900000,6.906000,2054269.1300
2023.05.03,12:00:00,6.905000,6.916000,6.813000,6.864000,6170891.7900
2023.05.03,16:00:00,6.864000,7.086000,6.846000,6.992000,10529935.2700
2023.05.03,20:00:00,6.992000,7.148000,6.976000,7.128000,4287139.4300
2023.05.04,00:00:00,7.127000,7.160000,7.091000,7.109000,2361834.7700
2023.05.04,04:00:00,7.109000,7.137000,7.063000,7.065000,1964644.5400
2023.05.04,08:00:00,7.066000,7.121000,7.046000,7.063000,2012755.0400
2023.05.04,12:00:00,7.062000,7.080000,6.982000,7.026000,3652977.9100
2023.05.04,16:00:00,7.025000,7.039000,6.953000,6.982000,2788700.9500
2023.05.04,20:00:00,6.982000,6.998000,6.956000,6.993000,1500118.6600
2023.05.05,00:00:00,6.993000,7.111000,6.984000,7.060000,2980629.8900
2023.05.05,04:00:00,7.060000,7.088000,7.037000,7.042000,1612996.3300
2023.05.05,08:00:00,7.043000,7.061000,7.015000,7.045000,1588525.8100
2023.05.05,12:00:00,7.045000,7.149000,6.855000,7.138000,7322057.4800
2023.05.05,16:00:00,7.139000,7.258000,7.137000,7.247000,5820924.8500
2023.05.05,20:00:00,7.248000,7.276000,7.215000,7.223000,2169974.1900
2023.05.06,00:00:00,7.224000,7.278000,7.143000,7.157000,2801245.8400
2023.05.06,04:00:00,7.157000,7.185000,7.095000,7.106000,2051156.0000
2023.05.06,08:00:00,7.106000,7.106000,7.026000,7.085000,3810636.4700
2023.05.06,12:00:00,7.085000,7.086000,6.850000,6.902000,6711705.3100
2023.05.06,16:00:00,6.903000,6.996000,6.886000,6.960000,2936775.4500
2023.05.06,20:00:00,6.961000,6.977000,6.903000,6.916000,1544770.3000
2023.05.07,00:00:00,6.917000,6.976000,6.870000,6.883000,2888013.2700
2023.05.07,04:00:00,6.883000,6.925000,6.882000,6.914000,1422722.2000
2023.05.07,08:00:00,6.915000,6.947000,6.897000,6.926000,1826985.5100
2023.05.07,12:00:00,6.926000,6.988000,6.925000,6.934000,2107810.2100
2023.05.07,16:00:00,6.934000,6.958000,6.894000,6.915000,2001824.6900
2023.05.07,20:00:00,6.914000,6.972000,6.857000,6.907000,3473731.3600
2023.05.08,00:00:00,6.906000,6.910000,6.524000,6.725000,9196829.7100
2023.05.08,04:00:00,6.725000,6.737000,6.580000,6.626000,3761252.7800
2023.05.08,08:00:00,6.626000,6.736000,6.609000,6.719000,3412142.7100
2023.05.08,12:00:00,6.720000,6.758000,6.662000,6.716000,3290481.9500
2023.05.08,16:00:00,6.716000,6.724000,6.350000,6.533000,9711405.6700
2023.05.08,20:00:00,6.533000,6.606000,6.526000,6.579000,2627164.9900
2023.05.09,00:00:00,6.580000,6.629000,6.541000,6.542000,2470982.9400
2023.05.09,04:00:00,6.543000,6.596000,6.517000,6.592000,2305539.1300
2023.05.09,08:00:00,6.593000,6.594000,6.529000,6.569000,2196812.6600
2023.05.09,12:00:00,6.570000,6.598000,6.450000,6.473000,3592061.3000
2023.05.09,16:00:00,6.473000,6.557000,6.447000,6.518000,2977245.6800
2023.05.09,20:00:00,6.517000,6.543000,6.476000,6.518000,1523860.3500
2023.05.10,00:00:00,6.518000,6.556000,6.493000,6.504000,1819017.7200
2023.05.10,04:00:00,6.503000,6.536000,6.483000,6.498000,1439782.0000
2023.05.10,08:00:00,6.498000,6.550000,6.457000,6.533000,2676370.0000
2023.05.10,12:00:00,6.534000,6.693000,6.504000,6.610000,6605231.8500
2023.05.10,16:00:00,6.609000,6.635000,6.264000,6.571000,9306300.9400
2023.05.10,20:00:00,6.572000,6.643000,6.548000,6.584000,3582129.2100
2023.05.11,00:00:00,6.584000,6.588000,6.492000,6.504000,2762188.5800
2023.05.11,04:00:00,6.504000,6.545000,6.476000,6.499000,3067318.4300
2023.05.11,08:00:00,6.498000,6.499000,6.418000,6.451000,2926802.0800
2023.05.11,12:00:00,6.453000,6.520000,6.250000,6.369000,7824424.8700
2023.05.11,16:00:00,6.369000,6.383000,6.205000,6.308000,6315555.7100
2023.05.11,20:00:00,6.307000,6.381000,6.301000,6.354000,2384124.7500
2023.05.12,00:00:00,6.355000,6.394000,6.243000,6.258000,2847843.9900
2023.05.12,04:00:00,6.257000,6.384000,6.217000,6.374000,4394001.1600
2023.05.12,08:00:00,6.375000,6.456000,6.362000,6.406000,3182573.6700
2023.05.12,12:00:00,6.405000,6.477000,6.385000,6.398000,3414552.4400
2023.05.12,16:00:00,6.397000,6.499000,6.318000,6.477000,4426325.7600
2023.05.12,20:00:00,6.477000,6.637000,6.454000,6.620000,5025684.1000
2023.05.13,00:00:00,6.621000,6.632000,6.554000,6.589000,2284561.3400
2023.05.13,04:00:00,6.590000,6.607000,6.565000,6.599000,1463011.1100
2023.05.13,08:00:00,6.600000,6.609000,6.545000,6.548000,1470392.7000
2023.05.13,12:00:00,6.548000,6.587000,6.492000,6.530000,2145487.8800
2023.05.13,16:00:00,6.530000,6.549000,6.468000,6.500000,2477725.0200
2023.05.13,20:00:00,6.500000,6.523000,6.481000,6.488000,1658281.4100
2023.05.14,00:00:00,6.489000,6.527000,6.433000,6.508000,2181068.7400
2023.05.14,04:00:00,6.508000,6.544000,6.498000,6.524000,1572297.8000
2023.05.14,08:00:00,6.523000,6.540000,6.510000,6.531000,1244346.9300
2023.05.14,12:00:00,6.532000,6.611000,6.505000,6.586000,2527479.9300
2023.05.14,16:00:00,6.586000,6.602000,6.486000,6.501000,2240329.4000
2023.05.14,20:00:00,6.500000,6.546000,6.482000,6.543000,1590509.6700
2023.05.15,00:00:00,6.543000,6.644000,6.448000,6.623000,5024280.7300
2023.05.15,04:00:00,6.623000,6.708000,6.607000,6.671000,4620219.3500
2023.05.15,08:00:00,6.672000,6.701000,6.628000,6.630000,2192562.8000
2023.05.15,12:00:00,6.630000,6.670000,6.588000,6.654000,2762062.0100
2023.05.15,16:00:00,6.653000,6.699000,6.617000,6.677000,2807323.0400
2023.05.15,20:00:00,6.678000,6.678000,6.606000,6.630000,1823508.2600
2023.05.16,00:00:00,6.630000,6.668000,6.545000,6.620000,4134842.0700
2023.05.16,04:00:00,6.620000,6.706000,6.606000,6.688000,3107026.6600
2023.05.16,08:00:00,6.689000,6.725000,6.644000,6.648000,3291939.1000
2023.05.16,12:00:00,6.647000,6.674000,6.556000,6.647000,4156435.8300
2023.05.16,16:00:00,6.648000,6.688000,6.611000,6.612000,2742380.4400
2023.05.16,20:00:00,6.613000,6.669000,6.593000,6.656000,1805156.9300
2023.05.17,00:00:00,6.657000,6.734000,6.618000,6.691000,3168450.3700
2023.05.17,04:00:00,6.690000,6.728000,6.572000,6.586000,3645187.6900
2023.05.17,08:00:00,6.585000,6.609000,6.546000,6.556000,3369614.6000
2023.05.17,12:00:00,6.556000,6.637000,6.551000,6.596000,4026358.0800
2023.05.17,16:00:00,6.596000,6.800000,6.573000,6.774000,6217911.7700
2023.05.17,20:00:00,6.774000,6.803000,6.710000,6.754000,3853510.2400
2023.05.18,00:00:00,6.754000,6.764000,6.717000,6.753000,1951526.9600
2023.05.18,04:00:00,6.753000,6.756000,6.676000,6.724000,2350708.3700
2023.05.18,08:00:00,6.725000,6.736000,6.671000,6.689000,2205485.7500
2023.05.18,12:00:00,6.688000,6.695000,6.603000,6.636000,4684340.6900
2023.05.18,16:00:00,6.636000,6.654000,6.423000,6.488000,8914571.3700
2023.05.18,20:00:00,6.489000,6.561000,6.456000,6.527000,2906906.9400
2023.05.19,00:00:00,6.528000,6.530000,6.478000,6.497000,2267498.3500
2023.05.19,04:00:00,6.498000,6.530000,6.470000,6.527000,2094477.9300
2023.05.19,08:00:00,6.526000,6.527000,6.488000,6.505000,1974382.4900
2023.05.19,12:00:00,6.504000,6.555000,6.450000,6.510000,4184314.2500
2023.05.19,16:00:00,6.510000,6.528000,6.455000,6.490000,2547584.6600
2023.05.19,20:00:00,6.490000,6.518000,6.479000,6.508000,1515868.5400
2023.05.20,00:00:00,6.508000,6.516000,6.464000,6.498000,1693128.4900
2023.05.20,04:00:00,6.498000,6.499000,6.466000,6.482000,1332481.8800
2023.05.20,08:00:00,6.483000,6.499000,6.480000,6.491000,1145825.3800
2023.05.20,12:00:00,6.492000,6.507000,6.481000,6.497000,1133820.8000
2023.05.20,16:00:00,6.496000,6.541000,6.482000,6.498000,1553326.4800
2023.05.20,20:00:00,6.498000,6.509000,6.473000,6.499000,976890.5000
2023.05.21,00:00:00,6.500000,6.542000,6.494000,6.505000,1338525.0200
2023.05.21,04:00:00,6.505000,6.521000,6.500000,6.502000,809136.7400
2023.05.21,08:00:00,6.503000,6.505000,6.432000,6.457000,2188963.8300
2023.05.21,12:00:00,6.456000,6.495000,6.344000,6.415000,2945665.4900
2023.05.21,16:00:00,6.415000,6.436000,6.381000,6.420000,2025503.0100
2023.05.21,20:00:00,6.421000,6.437000,6.355000,6.425000,1974665.3800
2023.05.22,00:00:00,6.426000,6.481000,6.328000,6.466000,4894458.0800
2023.05.22,04:00:00,6.466000,6.479000,6.431000,6.469000,2550153.1700
2023.05.22,08:00:00,6.470000,6.606000,6.466000,6.527000,6094354.0500
2023.05.22,12:00:00,6.527000,6.586000,6.492000,6.505000,4431528.4300
2023.05.22,16:00:00,6.505000,6.539000,6.487000,6.510000,2582917.0400
2023.05.22,20:00:00,6.510000,6.537000,6.500000,6.529000,1232233.8000
2023.05.23,00:00:00,6.530000,6.632000,6.499000,6.623000,3922210.6300
2023.05.23,04:00:00,6.623000,6.632000,6.534000,6.547000,3091178.1200
2023.05.23,08:00:00,6.546000,6.561000,6.515000,6.536000,1986934.8200
2023.05.23,12:00:00,6.536000,6.560000,6.509000,6.545000,2425853.6600
2023.05.23,16:00:00,6.546000,6.547000,6.468000,6.508000,2702648.6300
2023.05.23,20:00:00,6.507000,6.528000,6.490000,6.502000,1411378.5300
2023.05.24,00:00:00,6.503000,6.509000,6.352000,6.390000,4219821.7300
2023.05.24,04:00:00,6.390000,6.390000,6.313000,6.334000,5615749.7300
2023.05.24,08:00:00,6.333000,6.374000,6.324000,6.339000,2430120.9600
2023.05.24,12:00:00,6.339000,6.348000,6.189000,6.265000,6977947.6700
2023.05.24,16:00:00,6.266000,6.337000,6.240000,6.319000,2871898.8600
2023.05.24,20:00:00,6.320000,6.360000,6.306000,6.317000,2187635.5900
2023.05.25,00:00:00,6.317000,6.334000,6.150000,6.272000,4184147.1100
2023.05.25,04:00:00,6.272000,6.305000,6.262000,6.291000,1920780.9500
2023.05.25,08:00:00,6.291000,6.314000,6.275000,6.303000,1517158.6700
2023.05.25,12:00:00,6.303000,6.345000,6.239000,6.244000,3478707.2400
2023.05.25,16:00:00,6.244000,6.329000,6.234000,6.307000,3195457.2600
2023.05.25,20:00:00,6.307000,6.312000,6.261000,6.275000,1546553.0700
2023.05.26,00:00:00,6.276000,6.290000,6.230000,6.285000,2010106.0600
2023.05.26,04:00:00,6.285000,6.316000,6.259000,6.307000,1565899.3800
2023.05.26,08:00:00,6.307000,6.336000,6.289000,6.309000,1939205.9300
2023.05.26,12:00:00,6.309000,6.381000,6.270000,6.348000,4760323.4800
2023.05.26,16:00:00,6.348000,6.379000,6.312000,6.370000,2339760.8000
2023.05.26,20:00:00,6.369000,6.381000,6.341000,6.342000,1177726.6000
2023.05.27,00:00:00,6.342000,6.369000,6.335000,6.354000,1118924.7500
2023.05.27,04:00:00,6.355000,6.377000,6.337000,6.354000,1588722.9500
2023.05.27,08:00:00,6.353000,6.373000,6.338000,6.368000,1375029.5500
2023.05.27,12:00:00,6.369000,6.398000,6.319000,6.397000,2215463.3600
2023.05.27,16:00:00,6.397000,6.421000,6.374000,6.420000,1689867.8500
2023.05.27,20:00:00,6.420000,6.440000,6.409000,6.436000,1559494.8300
2023.05.28,00:00:00,6.435000,6.597000,6.415000,6.522000,5602316.8600
2023.05.28,04:00:00,6.522000,6.539000,6.487000,6.493000,1646187.2800
2023.05.28,08:00:00,6.493000,6.518000,6.456000,6.473000,1941642.8000
2023.05.28,12:00:00,6.474000,6.511000,6.466000,6.505000,1556455.0000
2023.05.28,16:00:00,6.505000,6.558000,6.487000,6.541000,2146404.0700
2023.05.28,20:00:00,6.541000,6.661000,6.520000,6.634000,3892314.6100
2023.05.29,00:00:00,6.633000,6.674000,6.583000,6.592000,3048198.8200
2023.05.29,04:00:00,6.593000,6.620000,6.562000,6.602000,2014484.8400
2023.05.29,08:00:00,6.602000,6.628000,6.570000,6.621000,1611531.5300
2023.05.29,12:00:00,6.621000,6.629000,6.546000,6.560000,2818271.9500
2023.05.29,16:00:00,6.559000,6.616000,6.522000,6.588000,2596913.3700
2023.05.29,20:00:00,6.587000,6.678000,6.582000,6.637000,2155062.4600
2023.05.30,00:00:00,6.637000,6.673000,6.612000,6.614000,2369209.2800
2023.05.30,04:00:00,6.613000,6.620000,6.534000,6.539000,2202603.7400
2023.05.30,08:00:00,6.540000,6.636000,6.535000,6.627000,2411908.2300
2023.05.30,12:00:00,6.627000,6.633000,6.532000,6.577000,3033225.0100
2023.05.30,16:00:00,6.577000,6.630000,6.536000,6.629000,2427701.3600
2023.05.30,20:00:00,6.628000,6.655000,6.603000,6.612000,1803049.1400
2023.05.31,00:00:00,6.611000,6.636000,6.548000,6.606000,2232042.2300
2023.05.31,04:00:00,6.606000,6.610000,6.421000,6.483000,4902745.4400
2023.05.31,08:00:00,6.483000,6.511000,6.454000,6.456000,2230148.6500
2023.05.31,12:00:00,6.457000,6.494000,6.380000,6.442000,4209379.4600
2023.05.31,16:00:00,6.441000,6.478000,6.429000,6.451000,2046567.0900
2023.05.31,20:00:00,6.452000,6.486000,6.431000,6.475000,1331463.1500
2023.06.01,00:00:00,6.475000,6.517000,6.364000,6.432000,3822773.8800
2023.06.01,04:00:00,6.431000,6.460000,6.403000,6.409000,2052308.1600
2023.06.01,08:00:00,6.408000,6.440000,6.393000,6.400000,1639011.7400
2023.06.01,12:00:00,6.400000,6.424000,6.381000,6.409000,2145815.3700
2023.06.01,16:00:00,6.409000,6.455000,6.320000,6.383000,3451379.9500
2023.06.01,20:00:00,6.382000,6.400000,6.310000,6.342000,1853642.5200
2023.06.02,00:00:00,6.342000,6.447000,6.299000,6.444000,2612566.8600
2023.06.02,04:00:00,6.445000,6.479000,6.415000,6.418000,2380405.3400
2023.06.02,08:00:00,6.419000,6.442000,6.388000,6.417000,1895501.6300
2023.06.02,12:00:00,6.416000,6.420000,6.343000,6.390000,3574054.3700
2023.06.02,16:00:00,6.390000,6.455000,6.367000,6.452000,2263578.6300
2023.06.02,20:00:00,6.453000,6.464000,6.415000,6.446000,1324886.4300
2023.06.03,00:00:00,6.446000,6.457000,6.394000,6.414000,1392653.7300
2023.06.03,04:00:00,6.413000,6.443000,6.407000,6.433000,1075436.8500
2023.06.03,08:00:00,6.433000,6.442000,6.409000,6.437000,901072.0700
2023.06.03,12:00:00,6.437000,6.449000,6.403000,6.436000,1224181.8500
2023.06.03,16:00:00,6.436000,6.446000,6.355000,6.383000,2081912.8300
2023.06.03,20:00:00,6.383000,6.420000,6.363000,6.418000,765990.7000
2023.06.04,00:00:00,6.419000,6.467000,6.390000,6.452000,1281409.1100
2023.06.04,04:00:00,6.452000,6.497000,6.430000,6.482000,1440618.2500
2023.06.04,08:00:00,6.481000,6.512000,6.481000,6.494000,1623688.8400
2023.06.04,12:00:00,6.493000,6.527000,6.464000,6.496000,2178017.3800
2023.06.04,16:00:00,6.496000,6.520000,6.472000,6.518000,1095647.1500
2023.06.04,20:00:00,6.518000,6.530000,6.439000,6.446000,2203391.8600
2023.06.05,00:00:00,6.446000,6.491000,6.346000,6.357000,4285686.8400
2023.06.05,04:00:00,6.357000,6.397000,6.344000,6.397000,1791127.0900
2023.06.05,08:00:00,6.397000,6.406000,6.359000,6.374000,1735732.4400
2023.06.05,12:00:00,6.373000,6.379000,6.051000,6.078000,7755813.1300
2023.06.05,16:00:00,6.082000,6.160000,5.924000,6.049000,10061015.8600
2023.06.05,20:00:00,6.050000,6.064000,6.005000,6.050000,1999234.0300
2023.06.06,00:00:00,6.050000,6.075000,5.999000,6.044000,1893762.8800
2023.06.06,04:00:00,6.044000,6.092000,6.041000,6.082000,1277285.3200
2023.06.06,08:00:00,6.082000,6.130000,6.078000,6.107000,1726019.2300
2023.06.06,12:00:00,6.107000,6.228000,6.016000,6.227000,7989931.7400
2023.06.06,16:00:00,6.226000,6.309000,6.202000,6.288000,4337988.6100
2023.06.06,20:00:00,6.288000,6.312000,6.210000,6.259000,2822943.3700
2023.06.07,00:00:00,6.259000,6.268000,6.162000,6.181000,2299886.9300
2023.06.07,04:00:00,6.180000,6.224000,6.169000,6.174000,1577071.3000
2023.06.07,08:00:00,6.175000,6.186000,6.057000,6.101000,4716788.8800
2023.06.07,12:00:00,6.101000,6.105000,5.936000,5.982000,7212986.9400
2023.06.07,16:00:00,5.982000,5.992000,5.905000,5.934000,4171706.5700
2023.06.07,20:00:00,5.934000,5.941000,5.822000,5.914000,3981794.7800
2023.06.08,00:00:00,5.913000,5.967000,5.878000,5.906000,2837291.8000
2023.06.08,04:00:00,5.907000,5.981000,5.901000,5.967000,2125469.8100
2023.06.08,08:00:00,5.967000,6.013000,5.958000,5.988000,2535776.6600
2023.06.08,12:00:00,5.989000,6.030000,5.961000,6.015000,3365128.4000
2023.06.08,16:00:00,6.015000,6.018000,5.941000,6.017000,2115559.2300
2023.06.08,20:00:00,6.016000,6.034000,5.977000,5.991000,1529658.3600
2023.06.09,00:00:00,5.992000,6.002000,5.916000,5.971000,2541634.9400
2023.06.09,04:00:00,5.971000,5.981000,5.925000,5.939000,1799294.9900
2023.06.09,08:00:00,5.939000,6.012000,5.923000,6.001000,1779527.6800
2023.06.09,12:00:00,6.002000,6.080000,5.981000,5.988000,3549293.9200
2023.06.09,16:00:00,5.987000,6.022000,5.929000,5.932000,2998907.5500
2023.06.09,20:00:00,5.931000,5.998000,5.922000,5.989000,1873613.3200
2023.06.10,00:00:00,5.989000,6.006000,5.746000,5.770000,7158319.9800
2023.06.10,04:00:00,5.771000,5.791000,4.689000,5.102000,26273994.4300
2023.06.10,08:00:00,5.102000,5.144000,4.960000,5.064000,7739041.3200
2023.06.10,12:00:00,5.063000,5.084000,4.950000,5.014000,8437763.7300
2023.06.10,16:00:00,5.013000,5.166000,4.901000,5.150000,9336826.9800
2023.06.10,20:00:00,5.149000,5.283000,5.130000,5.229000,5184531.4100
2023.06.11,00:00:00,5.230000,5.236000,5.164000,5.187000,3265518.7500
2023.06.11,04:00:00,5.187000,5.208000,5.142000,5.157000,2564625.9000
2023.06.11,08:00:00,5.156000,5.202000,5.134000,5.175000,2956685.0900
2023.06.11,12:00:00,5.175000,5.192000,5.086000,5.098000,3748936.8000
2023.06.11,16:00:00,5.099000,5.228000,5.095000,5.193000,4496912.4200
2023.06.11,20:00:00,5.193000,5.249000,5.100000,5.171000,4024615.9400
2023.06.12,00:00:00,5.171000,5.188000,4.994000,5.065000,5732935.3400
2023.06.12,04:00:00,5.065000,5.125000,5.059000,5.072000,3068756.2800
2023.06.12,08:00:00,5.072000,5.189000,5.058000,5.132000,3823414.4700
2023.06.12,12:00:00,5.133000,5.170000,5.098000,5.102000,3594206.4000
2023.06.12,16:00:00,5.102000,5.194000,5.073000,5.144000,5080559.3900
2023.06.12,20:00:00,5.144000,5.192000,5.135000,5.156000,2210757.4000
2023.06.13,00:00:00,5.157000,5.233000,5.106000,5.208000,4030700.0100
2023.06.13,04:00:00,5.208000,5.260000,5.157000,5.239000,3270614.2900
2023.06.13,08:00:00,5.238000,5.330000,5.213000,5.312000,4746205.5100
2023.06.13,12:00:00,5.312000,5.416000,5.174000,5.185000,10246929.5900
2023.06.13,16:00:00,5.184000,5.269000,5.178000,5.253000,2990499.6600
2023.06.13,20:00:00,5.252000,5.302000,5.235000,5.295000,2647693.8800
2023.06.14,00:00:00,5.295000,5.390000,5.281000,5.389000,3751183.0800
2023.06.14,04:00:00,5.388000,5.407000,5.352000,5.368000,4082485.6200
2023.06.14,08:00:00,5.368000,5.417000,5.357000,5.390000,3941323.5500
2023.06.14,12:00:00,5.390000,5.415000,5.343000,5.389000,4059631.0300
2023.06.14,16:00:00,5.389000,5.505000,5.328000,5.444000,11004709.0900
2023.06.14,20:00:00,5.444000,5.447000,5.136000,5.247000,15439656.2000
2023.06.15,00:00:00,5.246000,5.338000,5.236000,5.304000,4534724.4600
2023.06.15,04:00:00,5.305000,5.322000,5.225000,5.257000,5342393.4100
2023.06.15,08:00:00,5.257000,5.310000,5.177000,5.275000,6250812.4200
2023.06.15,12:00:00,5.275000,5.293000,5.219000,5.226000,4538329.0000
2023.06.15,16:00:00,5.226000,5.352000,5.156000,5.347000,8545274.9300
2023.06.15,20:00:00,5.347000,5.417000,5.285000,5.307000,4473022.6200
2023.06.16,00:00:00,5.307000,5.308000,5.247000,5.293000,2711384.9500
2023.06.16,04:00:00,5.294000,5.303000,5.256000,5.260000,2199916.7500
2023.06.16,08:00:00,5.260000,5.292000,5.175000,5.187000,3969946.8000
2023.06.16,12:00:00,5.187000,5.272000,5.118000,5.268000,6439018.3000
2023.06.16,16:00:00,5.267000,5.396000,5.224000,5.373000,7258539.7500
2023.06.16,20:00:00,5.373000,5.375000,5.306000,5.321000,2566132.0100
2023.06.17,00:00:00,5.322000,5.327000,5.257000,5.263000,3247888.1200
2023.06.17,04:00:00,5.263000,5.393000,5.217000,5.347000,6631457.7800
2023.06.17,08:00:00,5.348000,5.386000,5.331000,5.354000,2933204.1900
2023.06.17,12:00:00,5.355000,5.368000,5.298000,5.310000,3829227.4600
2023.06.17,16:00:00,5.310000,5.328000,5.275000,5.281000,2096767.1800
2023.06.17,20:00:00,5.281000,5.298000,5.252000,5.277000,2361620.9200
2023.06.18,00:00:00,5.277000,5.277000,5.209000,5.250000,3314569.5300
2023.06.18,04:00:00,5.249000,5.281000,5.210000,5.241000,3635568.4800
2023.06.18,08:00:00,5.240000,5.279000,5.216000,5.246000,2193341.8800
2023.06.18,12:00:00,5.246000,5.263000,5.216000,5.256000,3108272.7300
2023.06.18,16:00:00,5.257000,5.299000,5.243000,5.294000,2461627.5400
2023.06.18,20:00:00,5.293000,5.298000,5.062000,5.152000,7126107.8300
2023.06.19,00:00:00,5.153000,5.177000,5.087000,5.152000,2685330.4000
2023.06.19,04:00:00,5.152000,5.177000,5.134000,5.142000,2051176.1800
2023.06.19,08:00:00,5.142000,5.144000,5.061000,5.099000,4180931.4600
2023.06.19,12:00:00,5.098000,5.126000,5.021000,5.066000,5152080.5400
2023.06.19,16:00:00,5.066000,5.191000,4.970000,5.092000,10981405.7300
2023.06.19,20:00:00,5.092000,5.132000,5.083000,5.129000,3745928.2600
2023.06.20,00:00:00,5.130000,5.176000,5.101000,5.126000,5306871.7700
2023.06.20,04:00:00,5.125000,5.126000,5.055000,5.097000,3345052.8000
2023.06.20,08:00:00,5.096000,5.097000,5.036000,5.085000,3252937.9100
2023.06.20,12:00:00,5.085000,5.096000,4.993000,5.076000,6900458.8600
2023.06.20,16:00:00,5.077000,5.218000,5.063000,5.215000,11369226.1000
2023.06.20,20:00:00,5.216000,5.279000,5.198000,5.265000,6228056.9300
2023.06.21,00:00:00,5.265000,5.399000,5.241000,5.324000,6855390.8600
2023.06.21,04:00:00,5.324000,5.389000,5.307000,5.354000,4253947.2200
2023.06.21,08:00:00,5.355000,5.379000,5.323000,5.367000,4042023.7300
2023.06.21,12:00:00,5.367000,5.471000,5.331000,5.434000,7278448.4900
2023.06.21,16:00:00,5.435000,5.569000,5.426000,5.516000,9199449.5800
2023.06.21,20:00:00,5.516000,5.586000,5.483000,5.552000,4972261.5300
2023.06.22,00:00:00,5.551000,5.820000,5.531000,5.777000,7534977.6200
2023.06.22,04:00:00,5.777000,5.782000,5.670000,5.757000,6262516.6500
2023.06.22,08:00:00,5.757000,5.778000,5.570000,5.620000,7471176.6500
2023.06.22,12:00:00,5.620000,5.718000,5.497000,5.555000,8904100.0100
2023.06.22,16:00:00,5.556000,5.634000,5.544000,5.628000,5067012.7000
2023.06.22,20:00:00,5.628000,5.639000,5.531000,5.554000,3699826.3400
2023.06.23,00:00:00,5.554000,5.640000,5.549000,5.639000,3681267.6600
2023.06.23,04:00:00,5.639000,5.833000,5.633000,5.831000,6691935.4400
2023.06.23,08:00:00,5.832000,5.914000,5.813000,5.853000,10937072.1100
2023.06.23,12:00:00,5.852000,6.030000,5.763000,6.004000,15450155.3600
2023.06.23,16:00:00,6.004000,6.153000,5.924000,6.074000,16814609.6100
2023.06.23,20:00:00,6.073000,6.139000,6.000000,6.068000,5430180.0200
2023.06.24,00:00:00,6.069000,6.108000,5.981000,6.076000,5687542.4600
2023.06.24,04:00:00,6.076000,6.100000,6.006000,6.019000,3445329.6400
2023.06.24,08:00:00,6.019000,6.196000,6.010000,6.132000,5517164.7700
2023.06.24,12:00:00,6.132000,6.168000,5.895000,6.016000,8349828.5700
2023.06.24,16:00:00,6.016000,6.088000,5.951000,6.086000,5255014.2100
2023.06.24,20:00:00,6.085000,6.150000,6.000000,6.129000,4980930.4400
2023.06.25,00:00:00,6.129000,6.231000,6.103000,6.221000,4999159.2600
2023.06.25,04:00:00,6.222000,6.337000,6.162000,6.286000,5591454.8700
2023.06.25,08:00:00,6.287000,6.376000,6.265000,6.314000,5300575.3600
2023.06.25,12:00:00,6.314000,6.316000,6.160000,6.192000,5295636.1900
2023.06.25,16:00:00,6.191000,6.227000,6.076000,6.114000,4427751.7900
2023.06.25,20:00:00,6.115000,6.157000,6.055000,6.153000,3432596.4600
2023.06.26,00:00:00,6.153000,6.159000,6.020000,6.128000,6026690.7100
2023.06.26,04:00:00,6.128000,6.252000,6.070000,6.179000,5284904.2800
2023.06.26,08:00:00,6.178000,6.217000,6.136000,6.148000,4083538.5200
2023.06.26,12:00:00,6.148000,6.261000,6.128000,6.227000,5829466.0900
2023.06.26,16:00:00,6.227000,6.234000,6.014000,6.092000,7549516.2300
2023.06.26,20:00:00,6.093000,6.106000,6.000000,6.054000,3960236.3400
2023.06.27,00:00:00,6.055000,6.205000,6.041000,6.187000,4783850.0100
2023.06.27,04:00:00,6.186000,6.250000,6.114000,6.245000,4752604.2200
2023.06.27,08:00:00,6.245000,6.256000,6.161000,6.229000,4689902.1100
2023.06.27,12:00:00,6.229000,6.248000,6.066000,6.120000,6661134.3900
2023.06.27,16:00:00,6.121000,6.250000,6.107000,6.226000,4758272.8800
2023.06.27,20:00:00,6.226000,6.246000,6.164000,6.197000,2793758.0900
2023.06.28,00:00:00,6.196000,6.205000,6.052000,6.101000,4421678.4300
2023.06.28,04:00:00,6.101000,6.131000,5.938000,5.967000,6535823.2400
2023.06.28,08:00:00,5.967000,6.061000,5.940000,5.990000,4429356.7500
2023.06.28,12:00:00,5.990000,6.055000,5.941000,6.014000,5868224.3300
2023.06.28,16:00:00,6.015000,6.030000,5.689000,5.817000,9282112.5400
2023.06.28,20:00:00,5.816000,5.876000,5.776000,5.810000,3672213.1600
2023.06.29,00:00:00,5.810000,5.878000,5.783000,5.825000,2840718.8800
2023.06.29,04:00:00,5.826000,5.890000,5.817000,5.874000,2183391.9500
2023.06.29,08:00:00,5.875000,6.152000,5.854000,6.132000,7077008.2600
2023.06.29,12:00:00,6.132000,6.181000,5.937000,5.959000,9603494.4900
2023.06.29,16:00:00,5.959000,6.005000,5.894000,5.940000,5517318.3300
2023.06.29,20:00:00,5.939000,5.943000,5.859000,5.888000,3526202.3700
2023.06.30,00:00:00,5.889000,6.118000,5.834000,6.096000,6727125.7500
2023.06.30,04:00:00,6.097000,6.215000,6.053000,6.147000,7146516.5500
2023.06.30,08:00:00,6.146000,6.247000,6.126000,6.228000,8654643.5600
2023.06.30,12:00:00,6.229000,6.295000,5.699000,6.078000,21232272.4500
2023.06.30,16:00:00,6.078000,6.449000,6.032000,6.307000,15155448.3800
2023.06.30,20:00:00,6.308000,6.339000,6.233000,6.311000,4232641.3600
2023.07.01,00:00:00,6.310000,6.358000,6.186000,6.214000,5942428.4700
2023.07.01,04:00:00,6.214000,6.274000,6.117000,6.246000,5957356.0500
2023.07.01,08:00:00,6.247000,6.259000,6.169000,6.220000,8037816.5400
2023.07.01,12:00:00,6.220000,6.347000,6.206000,6.338000,4390193.9700
2023.07.01,16:00:00,6.337000,6.465000,6.278000,6.422000,5021822.9800
2023.07.01,20:00:00,6.421000,6.525000,6.411000,6.502000,4238743.5400
2023.07.02,00:00:00,6.503000,6.507000,6.360000,6.383000,7911964.7800
2023.07.02,04:00:00,6.382000,6.484000,6.355000,6.408000,4003405.4500
2023.07.02,08:00:00,6.409000,6.508000,6.373000,6.482000,4259454.5000
2023.07.02,12:00:00,6.483000,6.551000,6.366000,6.465000,8168830.2600
2023.07.02,16:00:00,6.465000,6.468000,6.330000,6.450000,6083710.5000
2023.07.02,20:00:00,6.449000,6.560000,6.403000,6.538000,4990011.2600
2023.07.03,00:00:00,6.539000,6.631000,6.465000,6.585000,5284211.5000
2023.07.03,04:00:00,6.585000,6.633000,6.538000,6.633000,4808999.3100
2023.07.03,08:00:00,6.633000,6.659000,6.574000,6.649000,4450709.4200
2023.07.03,12:00:00,6.648000,6.664000,6.567000,6.629000,6049782.4200
2023.07.03,16:00:00,6.629000,6.691000,6.557000,6.658000,5623275.9200
2023.07.03,20:00:00,6.658000,6.666000,6.559000,6.626000,3195671.7300
2023.07.04,00:00:00,6.627000,6.628000,6.540000,6.611000,3603989.7200
2023.07.04,04:00:00,6.610000,6.611000,6.464000,6.465000,4156488.8600
2023.07.04,08:00:00,6.464000,6.530000,6.430000,6.526000,3323378.7200
2023.07.04,12:00:00,6.526000,6.539000,6.452000,6.500000,3876001.8200
2023.07.04,16:00:00,6.499000,6.554000,6.381000,6.451000,5741247.9600
2023.07.04,20:00:00,6.451000,6.581000,6.443000,6.521000,3161264.9300
2023.07.05,00:00:00,6.521000,6.571000,6.480000,6.552000,2840531.1100
2023.07.05,04:00:00,6.552000,6.554000,6.514000,6.540000,2126604.7600
2023.07.05,08:00:00,6.540000,6.543000,6.230000,6.291000,9346704.2200
2023.07.05,12:00:00,6.291000,6.338000,6.207000,6.270000,7046310.1300
2023.07.05,16:00:00,6.270000,6.341000,6.253000,6.260000,3641134.7800
2023.07.05,20:00:00,6.261000,6.324000,6.238000,6.297000,2311660.6800
2023.07.06,00:00:00,6.297000,6.318000,6.200000,6.314000,3551280.2800
2023.07.06,04:00:00,6.314000,6.398000,6.277000,6.362000,3804563.8500
2023.07.06,08:00:00,6.362000,6.508000,6.305000,6.342000,6146736.9500
2023.07.06,12:00:00,6.341000,6.348000,6.078000,6.200000,10718545.7800
2023.07.06,16:00:00,6.199000,6.228000,6.123000,6.173000,4653181.7400
2023.07.06,20:00:00,6.172000,6.201000,6.071000,6.074000,4074881.4700
2023.07.07,00:00:00,6.074000,6.152000,6.007000,6.147000,4369812.7500
2023.07.07,04:00:00,6.148000,6.163000,6.082000,6.102000,2976113.4400
2023.07.07,08:00:00,6.102000,6.153000,6.084000,6.131000,2827954.9100
2023.07.07,12:00:00,6.131000,6.221000,6.101000,6.209000,4817619.0800
2023.07.07,16:00:00,6.209000,6.217000,6.108000,6.143000,3031950.2400
2023.07.07,20:00:00,6.143000,6.176000,6.125000,6.153000,1661441.7800
2023.07.08,00:00:00,6.154000,6.188000,6.123000,6.141000,2031714.0900
2023.07.08,04:00:00,6.142000,6.170000,6.104000,6.154000,2039888.3400
2023.07.08,08:00:00,6.153000,6.219000,6.143000,6.167000,2770447.1700
2023.07.08,12:00:00,6.167000,6.208000,6.136000,6.176000,2171122.7500
2023.07.08,16:00:00,6.176000,6.196000,6.090000,6.104000,2906397.1600
2023.07.08,20:00:00,6.104000,6.204000,6.087000,6.194000,2334849.2000
2023.07.09,00:00:00,6.194000,6.237000,6.175000,6.207000,2261028.8800
2023.07.09,04:00:00,6.208000,6.226000,6.172000,6.200000,1694885.9000
2023.07.09,08:00:00,6.200000,6.225000,6.187000,6.198000,1914321.5100
2023.07.09,12:00:00,6.197000,6.227000,6.153000,6.162000,2822305.8300
2023.07.09,16:00:00,6.161000,6.168000,6.129000,6.154000,2050370.4300
2023.07.09,20:00:00,6.155000,6.165000,6.118000,6.146000,2050725.2800
2023.07.10,00:00:00,6.147000,6.150000,6.012000,6.091000,5668155.3600
2023.07.10,04:00:00,6.091000,6.107000,6.059000,6.093000,2312033.9400
2023.07.10,08:00:00,6.093000,6.126000,6.016000,6.119000,3804509.1300
2023.07.10,12:00:00,6.119000,6.160000,6.092000,6.151000,3304322.3200
2023.07.10,16:00:00,6.151000,6.279000,6.124000,6.260000,4327095.3900
2023.07.10,20:00:00,6.261000,6.302000,6.122000,6.164000,4999215.7300
2023.07.11,00:00:00,6.164000,6.192000,6.116000,6.173000,2696463.1100
2023.07.11,04:00:00,6.174000,6.237000,6.164000,6.196000,2491023.8300
2023.07.11,08:00:00,6.197000,6.208000,6.136000,6.165000,2132058.2300
2023.07.11,12:00:00,6.164000,6.221000,6.129000,6.191000,3621901.4000
2023.07.11,16:00:00,6.190000,6.200000,6.139000,6.169000,2471505.7700
2023.07.11,20:00:00,6.169000,6.215000,6.151000,6.201000,1807986.5500
2023.07.12,00:00:00,6.202000,6.277000,6.198000,6.221000,2612141.8700
2023.07.12,04:00:00,6.220000,6.276000,6.214000,6.257000,2076778.6200
2023.07.12,08:00:00,6.256000,6.274000,6.228000,6.259000,1739032.7500
2023.07.12,12:00:00,6.258000,6.305000,6.212000,6.242000,5912343.3100
2023.07.12,16:00:00,6.242000,6.342000,6.189000,6.209000,6773530.1800
2023.07.12,20:00:00,6.209000,6.254000,6.195000,6.248000,2527435.3400
2023.07.13,00:00:00,6.248000,6.277000,6.206000,6.238000,2894545.4500
2023.07.13,04:00:00,6.238000,6.349000,6.220000,6.302000,3406244.5300
2023.07.13,08:00:00,6.301000,6.474000,6.300000,6.450000,5400370.5100
2023.07.13,12:00:00,6.450000,6.682000,6.394000,6.611000,12149800.5800
2023.07.13,16:00:00,6.611000,6.970000,6.588000,6.960000,21718207.7000
2023.07.13,20:00:00,6.959000,7.176000,6.867000,7.128000,10412106.5100
2023.07.14,00:00:00,7.128000,7.348000,7.075000,7.215000,17313019.3300
2023.07.14,04:00:00,7.216000,7.244000,7.100000,7.113000,5752357.9600
2023.07.14,08:00:00,7.114000,7.179000,7.025000,7.069000,5438637.8400
2023.07.14,12:00:00,7.070000,7.170000,7.006000,7.145000,6620798.3100
2023.07.14,16:00:00,7.144000,7.180000,6.660000,6.784000,18719126.7600
2023.07.14,20:00:00,6.783000,6.956000,6.716000,6.954000,4594130.0300
2023.07.15,00:00:00,6.954000,6.956000,6.830000,6.857000,3245928.6100
2023.07.15,04:00:00,6.858000,6.982000,6.840000,6.980000,2900261.7200
2023.07.15,08:00:00,6.979000,7.020000,6.933000,6.954000,2917887.3400
2023.07.15,12:00:00,6.954000,7.007000,6.904000,6.969000,3594516.9100
2023.07.15,16:00:00,6.970000,7.007000,6.937000,6.944000,3121381.9800
2023.07.15,20:00:00,6.944000,6.945000,6.876000,6.914000,2296756.2000
2023.07.16,00:00:00,6.914000,6.917000,6.730000,6.779000,4466427.1500
2023.07.16,04:00:00,6.780000,6.857000,6.766000,6.821000,2395142.6700
2023.07.16,08:00:00,6.821000,6.848000,6.798000,6.834000,2278333.3900
2023.07.16,12:00:00,6.835000,6.880000,6.790000,6.807000,3178143.6300
2023.07.16,16:00:00,6.807000,6.808000,6.606000,6.613000,5040996.3300
2023.07.16,20:00:00,6.614000,6.691000,6.557000,6.603000,3866739.5400
2023.07.17,00:00:00,6.602000,6.725000,6.554000,6.702000,3899965.1100
2023.07.17,04:00:00,6.701000,6.729000,6.640000,6.675000,3485391.9800
2023.07.17,08:00:00,6.675000,6.677000,6.430000,6.636000,7675578.4100
2023.07.17,12:00:00,6.637000,6.694000,6.540000,6.665000,7232505.7200
2023.07.17,16:00:00,6.665000,7.062000,6.628000,6.894000,28906259.0700
2023.07.17,20:00:00,6.893000,7.265000,6.877000,7.185000,15400587.6500
2023.07.18,00:00:00,7.185000,7.300000,7.084000,7.092000,14058528.4600
2023.07.18,04:00:00,7.093000,7.160000,7.005000,7.056000,13051131.9300
2023.07.18,08:00:00,7.055000,7.154000,6.905000,6.920000,17119937.7700
2023.07.18,12:00:00,6.920000,7.023000,6.846000,6.950000,14139007.4200
2023.07.18,16:00:00,6.951000,7.020000,6.774000,6.878000,12223253.0400
2023.07.18,20:00:00,6.877000,6.955000,6.851000,6.911000,5953950.6200
2023.07.19,00:00:00,6.912000,7.030000,6.879000,6.968000,6334580.9500
2023.07.19,04:00:00,6.969000,7.018000,6.870000,6.878000,4856647.7900
2023.07.19,08:00:00,6.877000,6.879000,6.800000,6.848000,4294253.4700
2023.07.19,12:00:00,6.849000,6.930000,6.771000,6.898000,9539867.6900
2023.07.19,16:00:00,6.899000,7.046000,6.861000,7.026000,7202211.1800
2023.07.19,20:00:00,7.026000,7.030000,6.853000,6.911000,4450376.1900
2023.07.20,00:00:00,6.911000,7.020000,6.879000,6.951000,4001995.0300
2023.07.20,04:00:00,6.950000,7.448000,6.914000,7.428000,12004479.3600
2023.07.20,08:00:00,7.428000,8.384000,7.410000,8.330000,94920706.2700
2023.07.20,12:00:00,8.328000,8.400000,7.945000,8.062000,76218724.9400
2023.07.20,16:00:00,8.063000,8.300000,8.001000,8.136000,44127163.5000
2023.07.20,20:00:00,8.136000,8.480000,8.040000,8.355000,46549930.2000
2023.07.21,00:00:00,8.354000,8.448000,8.142000,8.288000,43299738.3100
2023.07.21,04:00:00,8.289000,8.355000,8.032000,8.070000,33505263.1800
2023.07.21,08:00:00,8.069000,8.239000,8.041000,8.136000,25935331.7800
2023.07.21,12:00:00,8.136000,8.199000,8.054000,8.134000,20842052.2300
2023.07.21,16:00:00,8.133000,8.230000,8.073000,8.133000,15639542.0400
2023.07.21,20:00:00,8.133000,8.185000,8.071000,8.127000,8412439.7900
2023.07.22,00:00:00,8.127000,8.199000,8.060000,8.153000,12930455.8900
2023.07.22,04:00:00,8.153000,8.183000,8.107000,8.161000,7179544.0000
2023.07.22,08:00:00,8.161000,8.388000,7.852000,7.967000,34962673.2700
2023.07.22,12:00:00,7.966000,8.096000,7.930000,8.053000,12860441.5800
2023.07.22,16:00:00,8.053000,8.069000,7.935000,7.983000,8153352.2000
2023.07.22,20:00:00,7.984000,8.028000,7.700000,7.878000,10735083.0200
2023.07.23,00:00:00,7.877000,7.955000,7.811000,7.897000,6716578.1700
2023.07.23,04:00:00,7.898000,8.060000,7.896000,7.999000,7915958.4800
2023.07.23,08:00:00,8.000000,8.060000,7.959000,8.005000,6649327.1400
2023.07.23,12:00:00,8.004000,8.028000,7.974000,7.986000,5008033.8700
2023.07.23,16:00:00,7.986000,8.099000,7.924000,7.947000,9646093.9500
2023.07.23,20:00:00,7.947000,7.959000,7.845000,7.884000,6037515.9600
2023.07.24,00:00:00,7.884000,7.885000,7.673000,7.704000,10864942.8200
2023.07.24,04:00:00,7.703000,7.774000,7.653000,7.729000,7247259.1400
2023.07.24,08:00:00,7.729000,7.735000,7.372000,7.597000,13910560.6900
2023.07.24,12:00:00,7.598000,7.648000,7.492000,7.605000,10295659.9400
2023.07.24,16:00:00,7.604000,7.621000,7.504000,7.531000,5406903.8800
2023.07.24,20:00:00,7.530000,7.619000,7.518000,7.581000,3843172.2400
2023.07.25,00:00:00,7.581000,7.639000,7.533000,7.623000,3476291.6200
2023.07.25,04:00:00,7.624000,7.626000,7.367000,7.430000,7509450.9700
2023.07.25,08:00:00,7.430000,7.488000,7.385000,7.483000,5854572.0100
2023.07.25,12:00:00,7.482000,7.528000,7.388000,7.422000,7874155.9200
2023.07.25,16:00:00,7.422000,7.495000,7.335000,7.421000,7826302.2100
2023.07.25,20:00:00,7.420000,7.454000,7.381000,7.386000,3140483.5600
2023.07.26,00:00:00,7.387000,7.462000,7.270000,7.449000,8136567.4000
2023.07.26,04:00:00,7.450000,7.543000,7.409000,7.462000,6184453.2900
2023.07.26,08:00:00,7.461000,7.529000,7.461000,7.497000,6078695.7000
2023.07.26,12:00:00,7.498000,7.625000,7.481000,7.592000,10151791.4300
2023.07.26,16:00:00,7.591000,7.823000,7.452000,7.807000,17428096.3500
2023.07.26,20:00:00,7.807000,7.831000,7.685000,7.737000,10490178.0800
2023.07.27,00:00:00,7.736000,8.020000,7.678000,7.981000,16031388.4200
2023.07.27,04:00:00,7.981000,8.058000,7.929000,7.941000,9539864.5100
2023.07.27,08:00:00,7.941000,8.057000,7.916000,8.031000,7740657.6300
2023.07.27,12:00:00,8.032000,8.132000,7.953000,7.971000,19036242.3200
2023.07.27,16:00:00,7.969000,8.047000,7.867000,7.933000,11477559.2900
2023.07.27,20:00:00,7.932000,8.017000,7.907000,7.983000,6554352.4300
2023.07.28,00:00:00,7.983000,8.089000,7.905000,7.923000,8626540.0800
2023.07.28,04:00:00,7.923000,7.926000,7.803000,7.837000,6948575.0400
2023.07.28,08:00:00,7.837000,7.888000,7.802000,7.835000,4580905.3500
2023.07.28,12:00:00,7.836000,7.976000,7.828000,7.890000,8416929.6600
2023.07.28,16:00:00,7.891000,7.895000,7.777000,7.801000,5359414.4000
2023.07.28,20:00:00,7.800000,7.841000,7.756000,7.767000,2824583.7900
2023.07.29,00:00:00,7.767000,7.839000,7.738000,7.773000,3717951.2400
2023.07.29,04:00:00,7.772000,7.804000,7.738000,7.772000,2368519.7200
2023.07.29,08:00:00,7.772000,7.785000,7.721000,7.730000,3274142.0200
2023.07.29,12:00:00,7.731000,7.761000,7.723000,7.736000,2518696.4400
2023.07.29,16:00:00,7.736000,7.812000,7.722000,7.800000,3975540.6300
2023.07.29,20:00:00,7.799000,7.895000,7.783000,7.839000,3723771.3500
2023.07.30,00:00:00,7.839000,7.861000,7.793000,7.807000,3810500.6300
2023.07.30,04:00:00,7.806000,7.837000,7.737000,7.764000,2606982.1700
2023.07.30,08:00:00,7.764000,7.778000,7.730000,7.748000,2915091.3100
2023.07.30,12:00:00,7.749000,7.796000,7.692000,7.716000,5879549.2700
2023.07.30,16:00:00,7.716000,7.736000,7.449000,7.517000,8447322.9500
2023.07.30,20:00:00,7.516000,7.567000,7.341000,7.550000,7720441.3300
2023.07.31,00:00:00,7.551000,7.712000,7.533000,7.611000,5657198.7400
2023.07.31,04:00:00,7.611000,7.634000,7.552000,7.599000,2854689.3400
2023.07.31,08:00:00,7.599000,7.668000,7.595000,7.630000,3054318.8400
2023.07.31,12:00:00,7.630000,7.660000,7.510000,7.523000,6620408.2600
2023.07.31,16:00:00,7.523000,7.668000,7.424000,7.481000,7186960.0000
2023.07.31,20:00:00,7.481000,7.554000,7.428000,7.546000,4885602.9600
2023.08.01,00:00:00,7.545000,7.593000,7.241000,7.382000,10398785.5400
2023.08.01,04:00:00,7.382000,7.471000,7.338000,7.438000,5672101.7000
2023.08.01,08:00:00,7.438000,7.496000,7.435000,7.455000,4189876.3200
2023.08.01,12:00:00,7.456000,7.507000,7.342000,7.461000,7375591.7900
2023.08.01,16:00:00,7.462000,7.546000,7.431000,7.541000,6486207.9700
2023.08.01,20:00:00,7.541000,7.646000,7.502000,7.638000,4380951.7000
2023.08.02,00:00:00,7.638000,7.714000,7.600000,7.628000,5498065.2900
2023.08.02,04:00:00,7.629000,7.648000,7.575000,7.585000,3268328.8900
2023.08.02,08:00:00,7.584000,7.699000,7.572000,7.652000,5843866.2900
2023.08.02,12:00:00,7.652000,7.712000,7.418000,7.486000,14229143.6700
2023.08.02,16:00:00,7.486000,7.516000,7.328000,7.419000,8734123.4400
2023.08.02,20:00:00,7.418000,7.431000,7.330000,7.348000,3136759.9700
2023.08.03,00:00:00,7.348000,7.407000,7.313000,7.351000,4705250.1200
2023.08.03,04:00:00,7.351000,7.375000,7.283000,7.297000,4247280.3400
2023.08.03,08:00:00,7.296000,7.321000,7.202000,7.311000,6166554.9200
2023.08.03,12:00:00,7.312000,7.330000,7.200000,7.211000,6581344.8400
2023.08.03,16:00:00,7.210000,7.293000,7.163000,7.195000,7337215.0200
2023.08.03,20:00:00,7.196000,7.244000,7.058000,7.121000,6120592.8500
2023.08.04,00:00:00,7.122000,7.200000,7.103000,7.157000,4553856.1300
2023.08.04,04:00:00,7.157000,7.181000,7.108000,7.142000,3346426.2200
2023.08.04,08:00:00,7.143000,7.156000,7.054000,7.112000,5166915.1300
2023.08.04,12:00:00,7.111000,7.237000,7.101000,7.164000,7437475.8000
2023.08.04,16:00:00,7.165000,7.261000,7.060000,7.092000,7366612.8200
2023.08.04,20:00:00,7.092000,7.166000,7.000000,7.140000,5820949.6700
2023.08.05,00:00:00,7.139000,7.198000,7.098000,7.181000,3526023.0800
2023.08.05,04:00:00,7.182000,7.220000,7.146000,7.176000,2746143.5500
2023.08.05,08:00:00,7.177000,7.243000,7.172000,7.188000,3547085.6900
2023.08.05,12:00:00,7.188000,7.242000,7.149000,7.162000,3925905.8100
2023.08.05,16:00:00,7.163000,7.210000,7.124000,7.193000,2305283.9600
2023.08.05,20:00:00,7.193000,7.235000,7.177000,7.226000,1542543.1000
2023.08.06,00:00:00,7.226000,7.271000,7.182000,7.224000,3111127.4700
2023.08.06,04:00:00,7.223000,7.228000,7.163000,7.175000,2168136.0200
2023.08.06,08:00:00,7.175000,7.200000,7.122000,7.147000,2464845.6200
2023.08.06,12:00:00,7.147000,7.157000,7.073000,7.108000,3649351.8700
2023.08.06,16:00:00,7.109000,7.147000,7.079000,7.091000,2035924.9300
2023.08.06,20:00:00,7.092000,7.176000,7.083000,7.098000,3074374.2800
2023.08.07,00:00:00,7.097000,7.209000,7.082000,7.163000,3737595.4000
2023.08.07,04:00:00,7.163000,7.204000,7.122000,7.185000,3202485.8000
2023.08.07,08:00:00,7.186000,7.234000,7.146000,7.214000,4641525.4600
2023.08.07,12:00:00,7.213000,7.232000,7.057000,7.071000,7158378.6500
2023.08.07,16:00:00,7.070000,7.189000,6.926000,7.120000,10980026.0800
2023.08.07,20:00:00,7.120000,7.396000,7.099000,7.326000,8454108.7600
2023.08.08,00:00:00,7.325000,7.377000,7.285000,7.342000,8399254.8900
2023.08.08,04:00:00,7.342000,7.440000,7.311000,7.343000,8562035.8000
2023.08.08,08:00:00,7.343000,7.435000,7.328000,7.428000,5256522.5200
2023.08.08,12:00:00,7.429000,7.466000,7.317000,7.360000,9896443.1500
2023.08.08,16:00:00,7.359000,7.436000,7.330000,7.343000,8356241.9400
2023.08.08,20:00:00,7.343000,7.538000,7.337000,7.453000,7806003.7200
2023.08.09,00:00:00,7.454000,7.485000,7.376000,7.388000,4283538.0900
2023.08.09,04:00:00,7.388000,7.566000,7.379000,7.520000,5040024.5500
2023.08.09,08:00:00,7.520000,7.679000,7.486000,7.639000,7688697.9200
2023.08.09,12:00:00,7.639000,7.916000,7.635000,7.713000,21963586.4100
2023.08.09,16:00:00,7.714000,7.748000,7.626000,7.671000,9745177.8400
2023.08.09,20:00:00,7.671000,7.753000,7.603000,7.677000,7225094.8600
2023.08.10,00:00:00,7.677000,7.710000,7.613000,7.617000,4869724.1400
2023.08.10,04:00:00,7.618000,7.659000,7.570000,7.599000,4572951.3000
2023.08.10,08:00:00,7.599000,7.668000,7.555000,7.619000,4723012.8100
2023.08.10,12:00:00,7.618000,7.735000,7.612000,7.670000,9481751.8500
2023.08.10,16:00:00,7.669000,7.685000,7.575000,7.580000,4078574.0200
2023.08.10,20:00:00,7.580000,7.647000,7.561000,7.614000,2496175.5200
2023.08.11,00:00:00,7.614000,7.641000,7.525000,7.555000,3120656.0900
2023.08.11,04:00:00,7.554000,7.604000,7.548000,7.560000,2315017.5000
2023.08.11,08:00:00,7.559000,7.580000,7.522000,7.579000,2390860.2200
2023.08.11,12:00:00,7.579000,7.590000,7.466000,7.489000,5522412.2500
2023.08.11,16:00:00,7.490000,7.499000,7.403000,7.428000,4234224.5300
2023.08.11,20:00:00,7.427000,7.505000,7.426000,7.488000,2086672.0800
2023.08.12,00:00:00,7.488000,7.537000,7.457000,7.468000,2640349.2900
2023.08.12,04:00:00,7.469000,7.476000,7.403000,7.460000,2913758.8200
2023.08.12,08:00:00,7.460000,7.475000,7.431000,7.454000,1446741.6600
2023.08.12,12:00:00,7.454000,7.459000,7.420000,7.431000,1792823.7500
2023.08.12,16:00:00,7.430000,7.466000,7.379000,7.389000,2309882.0300
2023.08.12,20:00:00,7.388000,7.468000,7.383000,7.441000,1881512.2400
2023.08.13,00:00:00,7.442000,7.498000,7.428000,7.460000,2195544.9700
2023.08.13,04:00:00,7.459000,7.525000,7.441000,7.510000,2729699.2200
2023.08.13,08:00:00,7.510000,7.526000,7.462000,7.505000,2356994.8700
2023.08.13,12:00:00,7.505000,7.517000,7.405000,7.414000,3101799.4300
2023.08.13,16:00:00,7.415000,7.554000,7.402000,7.538000,3724965.2200
2023.08.13,20:00:00,7.538000,7.556000,7.311000,7.363000,6190789.2300
2023.08.14,00:00:00,7.363000,7.463000,7.302000,7.438000,5796604.8000
2023.08.14,04:00:00,7.439000,7.503000,7.424000,7.466000,3431715.2100
2023.08.14,08:00:00,7.467000,7.539000,7.461000,7.527000,4349526.5700
2023.08.14,12:00:00,7.527000,7.632000,7.490000,7.585000,8144524.2800
2023.08.14,16:00:00,7.585000,7.600000,7.399000,7.412000,6538354.3200
2023.08.14,20:00:00,7.413000,7.459000,7.384000,7.409000,2861504.4100
2023.08.15,00:00:00,7.409000,7.430000,7.361000,7.374000,2802471.9100
2023.08.15,04:00:00,7.373000,7.398000,7.320000,7.383000,3683595.2400
2023.08.15,08:00:00,7.382000,7.386000,7.262000,7.280000,6941919.6200
2023.08.15,12:00:00,7.280000,7.332000,7.253000,7.284000,3671353.7900
2023.08.15,16:00:00,7.285000,7.300000,6.737000,7.032000,15691989.7000
2023.08.15,20:00:00,7.033000,7.059000,6.973000,7.037000,4746875.5600
2023.08.16,00:00:00,7.037000,7.068000,6.988000,7.012000,4389096.6300
2023.08.16,04:00:00,7.013000,7.035000,6.940000,6.994000,4065572.3600
2023.08.16,08:00:00,6.993000,7.014000,6.934000,6.971000,2785306.3200
2023.08.16,12:00:00,6.971000,6.971000,6.784000,6.802000,9841346.4100
2023.08.16,16:00:00,6.802000,6.921000,6.760000,6.801000,6376311.4200
2023.08.16,20:00:00,6.800000,6.819000,6.590000,6.761000,10536705.3400
2023.08.17,00:00:00,6.762000,6.864000,6.626000,6.842000,5584148.3600
2023.08.17,04:00:00,6.842000,6.867000,6.790000,6.810000,2439892.1000
2023.08.17,08:00:00,6.809000,6.823000,6.767000,6.797000,2884426.7800
2023.08.17,12:00:00,6.797000,6.845000,6.545000,6.605000,9176782.9100
2023.08.17,16:00:00,6.605000,6.679000,6.530000,6.622000,8335286.0500
2023.08.17,20:00:00,6.623000,6.632000,5.551000,6.183000,23684045.1300
2023.08.18,00:00:00,6.183000,6.257000,6.089000,6.135000,7534012.9900
2023.08.18,04:00:00,6.134000,6.281000,6.084000,6.253000,5122457.1200
2023.08.18,08:00:00,6.253000,6.275000,6.194000,6.251000,3562971.7300
2023.08.18,12:00:00,6.251000,6.263000,6.149000,6.161000,5158422.3400
2023.08.18,16:00:00,6.160000,6.222000,6.058000,6.131000,7440668.4700
2023.08.18,20:00:00,6.130000,6.241000,6.121000,6.172000,3130050.4900
2023.08.19,00:00:00,6.172000,6.234000,6.147000,6.178000,3481820.4400
2023.08.19,04:00:00,6.178000,6.197000,6.133000,6.177000,1678017.4400
2023.08.19,08:00:00,6.178000,6.224000,6.140000,6.148000,2132814.2600
2023.08.19,12:00:00,6.147000,6.226000,6.142000,6.215000,2264832.9500
2023.08.19,16:00:00,6.214000,6.261000,6.160000,6.166000,3050023.6000
2023.08.19,20:00:00,6.165000,6.179000,6.108000,6.176000,1925179.8700
2023.08.20,00:00:00,6.175000,6.192000,6.127000,6.161000,1667694.7700
2023.08.20,04:00:00,6.161000,6.168000,6.112000,6.142000,1467225.1300
2023.08.20,08:00:00,6.142000,6.212000,6.136000,6.203000,1906840.0000
2023.08.20,12:00:00,6.203000,6.221000,6.120000,6.169000,2447317.7500
2023.08.20,16:00:00,6.169000,6.212000,6.149000,6.192000,1505428.1400
2023.08.20,20:00:00,6.192000,6.233000,6.182000,6.216000,1474894.7700
2023.08.21,00:00:00,6.216000,6.254000,6.195000,6.204000,2514787.0900
2023.08.21,04:00:00,6.204000,6.241000,6.166000,6.187000,2599305.0900
2023.08.21,08:00:00,6.186000,6.219000,6.121000,6.210000,3918266.7700
2023.08.21,12:00:00,6.210000,6.233000,6.000000,6.101000,9062225.2200
2023.08.21,16:00:00,6.100000,6.199000,6.079000,6.183000,4218157.8600
2023.08.21,20:00:00,6.184000,6.209000,6.144000,6.172000,1966790.4900
2023.08.22,00:00:00,6.172000,6.181000,6.136000,6.138000,1666633.4500
2023.08.22,04:00:00,6.139000,6.199000,6.119000,6.196000,2482761.1100
2023.08.22,08:00:00,6.196000,6.238000,6.181000,6.195000,2880619.2000
2023.08.22,12:00:00,6.195000,6.253000,6.097000,6.119000,6759424.0100
2023.08.22,16:00:00,6.119000,6.134000,5.956000,6.017000,11524075.6900
2023.08.22,20:00:00,6.016000,6.141000,5.837000,6.111000,6846025.7800
2023.08.23,00:00:00,6.112000,6.164000,6.099000,6.117000,2767368.8100
2023.08.23,04:00:00,6.118000,6.233000,6.115000,6.211000,3582585.8700
2023.08.23,08:00:00,6.211000,6.309000,6.208000,6.242000,4601761.8700
2023.08.23,12:00:00,6.242000,6.372000,6.195000,6.353000,8015059.2900
2023.08.23,16:00:00,6.353000,6.438000,6.334000,6.397000,6713031.8000
2023.08.23,20:00:00,6.396000,6.411000,6.264000,6.348000,3372266.9600
2023.08.24,00:00:00,6.347000,6.364000,6.312000,6.337000,1767889.7600
2023.08.24,04:00:00,6.337000,6.339000,6.280000,6.309000,2310205.3700
2023.08.24,08:00:00,6.309000,6.320000,6.263000,6.289000,2383334.0500
2023.08.24,12:00:00,6.289000,6.291000,6.114000,6.117000,7077477.3800
2023.08.24,16:00:00,6.117000,6.135000,6.024000,6.061000,6974376.3400
2023.08.24,20:00:00,6.062000,6.091000,5.979000,6.080000,4227902.8300
2023.08.25,00:00:00,6.080000,6.082000,5.921000,6.019000,4741032.3400
2023.08.25,04:00:00,6.019000,6.034000,5.956000,5.966000,4048865.0300
2023.08.25,08:00:00,5.967000,6.009000,5.948000,5.978000,2986325.5100
2023.08.25,12:00:00,5.979000,6.052000,5.907000,5.951000,9079491.6300
2023.08.25,16:00:00,5.951000,6.008000,5.924000,5.973000,2898447.9400
2023.08.25,20:00:00,5.973000,6.020000,5.945000,6.010000,2448357.0700
2023.08.26,00:00:00,6.009000,6.039000,5.981000,6.017000,2120452.1200
2023.08.26,04:00:00,6.016000,6.039000,5.977000,6.014000,2088683.3200
2023.08.26,08:00:00,6.013000,6.031000,5.992000,6.007000,2004518.2700
2023.08.26,12:00:00,6.008000,6.022000,5.979000,5.999000,2291858.3600
2023.08.26,16:00:00,5.999000,6.000000,5.952000,5.988000,1545304.1200
2023.08.26,20:00:00,5.988000,6.010000,5.981000,6.002000,1017701.0900
2023.08.27,00:00:00,6.001000,6.020000,5.951000,5.956000,1649090.9600
2023.08.27,04:00:00,5.957000,5.990000,5.957000,5.982000,1375762.5500
2023.08.27,08:00:00,5.983000,5.998000,5.965000,5.968000,1533213.8200
2023.08.27,12:00:00,5.967000,6.033000,5.953000,6.012000,2662624.1600
2023.08.27,16:00:00,6.012000,6.043000,5.968000,6.008000,2038703.2100
2023.08.27,20:00:00,6.007000,6.036000,5.980000,6.025000,1289946.5700
2023.08.28,00:00:00,6.025000,6.025000,5.884000,5.929000,5836695.4900
2023.08.28,04:00:00,5.929000,5.944000,5.854000,5.910000,3210193.2500
2023.08.28,08:00:00,5.910000,5.934000,5.846000,5.924000,2837398.8100
2023.08.28,12:00:00,5.925000,6.050000,5.924000,6.001000,5861558.2800
2023.08.28,16:00:00,6.000000,6.021000,5.912000,5.954000,3544485.7500
2023.08.28,20:00:00,5.953000,5.994000,5.921000,5.980000,1953076.2100
2023.08.29,00:00:00,5.980000,6.007000,5.926000,5.937000,2399286.3700
2023.08.29,04:00:00,5.936000,5.947000,5.874000,5.887000,3439857.8000
2023.08.29,08:00:00,5.886000,5.901000,5.834000,5.882000,3757324.6500
2023.08.29,12:00:00,5.881000,6.319000,5.875000,6.183000,17284075.0400
2023.08.29,16:00:00,6.184000,6.290000,6.170000,6.223000,7887072.7200
2023.08.29,20:00:00,6.222000,6.240000,6.163000,6.190000,2405991.6800
2023.08.30,00:00:00,6.189000,6.197000,6.045000,6.084000,3559181.0400
2023.08.30,04:00:00,6.084000,6.091000,6.051000,6.068000,2054244.6400
2023.08.30,08:00:00,6.068000,6.077000,6.015000,6.018000,2881233.8200
2023.08.30,12:00:00,6.017000,6.033000,5.864000,5.935000,9460523.1500
2023.08.30,16:00:00,5.936000,5.963000,5.905000,5.935000,2695039.6900
2023.08.30,20:00:00,5.935000,5.961000,5.917000,5.920000,1591274.0100
2023.08.31,00:00:00,5.920000,5.952000,5.893000,5.946000,1953054.8000
2023.08.31,04:00:00,5.945000,6.000000,5.943000,5.977000,3204127.3300
2023.08.31,08:00:00,5.978000,6.063000,5.963000,6.029000,3544797.1100
2023.08.31,12:00:00,6.029000,6.032000,5.890000,5.943000,7136679.0500
2023.08.31,16:00:00,5.943000,5.953000,5.716000,5.843000,10149468.1500
2023.08.31,20:00:00,5.842000,5.880000,5.757000,5.873000,3522113.0800
2023.09.01,00:00:00,5.874000,5.967000,5.866000,5.965000,4421281.2300
2023.09.01,04:00:00,5.965000,6.029000,5.936000,5.957000,5225696.3500
2023.09.01,08:00:00,5.957000,6.029000,5.957000,5.999000,4648906.6500
2023.09.01,12:00:00,5.999000,6.022000,5.917000,5.932000,6649656.6700
2023.09.01,16:00:00,5.933000,5.954000,5.811000,5.878000,7132849.1600
2023.09.01,20:00:00,5.878000,5.939000,5.862000,5.937000,2449101.9300
2023.09.02,00:00:00,5.937000,5.985000,5.926000,5.940000,2131313.7400
2023.09.02,04:00:00,5.941000,5.965000,5.924000,5.943000,1310574.4400
2023.09.02,08:00:00,5.943000,5.967000,5.894000,5.939000,2222484.3600
2023.09.02,12:00:00,5.940000,5.996000,5.918000,5.961000,2478131.5300
2023.09.02,16:00:00,5.962000,5.973000,5.883000,5.931000,2403101.2400
2023.09.02,20:00:00,5.931000,5.973000,5.921000,5.967000,1076199.6300
2023.09.03,00:00:00,5.967000,6.025000,5.944000,6.008000,2380055.9300
2023.09.03,04:00:00,6.008000,6.044000,6.002000,6.010000,2892786.2300
2023.09.03,08:00:00,6.009000,6.037000,5.984000,6.025000,1729825.5600
2023.09.03,12:00:00,6.026000,6.061000,5.967000,5.989000,3398075.9500
2023.09.03,16:00:00,5.989000,6.056000,5.957000,6.024000,3095963.1700
2023.09.03,20:00:00,6.023000,6.042000,5.996000,6.025000,1495036.2600
2023.09.04,00:00:00,6.025000,6.135000,6.019000,6.103000,3701446.1300
2023.09.04,04:00:00,6.103000,6.112000,6.047000,6.097000,2721472.5300
2023.09.04,08:00:00,6.098000,6.164000,6.050000,6.067000,3718474.6500
2023.09.04,12:00:00,6.067000,6.081000,5.964000,6.013000,5575112.4800
2023.09.04,16:00:00,6.014000,6.053000,5.991000,6.012000,2193894.6000
2023.09.04,20:00:00,6.013000,6.022000,5.939000,6.009000,2355730.0700
2023.09.05,00:00:00,6.008000,6.015000,5.901000,5.950000,3079984.2500
2023.09.05,04:00:00,5.949000,5.991000,5.948000,5.985000,1950308.5800
2023.09.05,08:00:00,5.985000,6.127000,5.958000,6.082000,4231072.5300
2023.09.05,12:00:00,6.083000,6.132000,6.052000,6.097000,4524255.5700
2023.09.05,16:00:00,6.097000,6.146000,6.075000,6.111000,3153527.7900
2023.09.05,20:00:00,6.111000,6.150000,6.100000,6.133000,1864864.5600
2023.09.06,00:00:00,6.133000,6.273000,6.110000,6.203000,7056293.3100
2023.09.06,04:00:00,6.203000,6.214000,6.125000,6.137000,5684005.6300
2023.09.06,08:00:00,6.138000,6.157000,6.105000,6.117000,2896476.0500
2023.09.06,12:00:00,6.117000,6.206000,6.100000,6.171000,5830325.2600
2023.09.06,16:00:00,6.170000,6.368000,6.088000,6.245000,7734895.3800
2023.09.06,20:00:00,6.246000,6.302000,6.240000,6.297000,2345781.3600
2023.09.07,00:00:00,6.298000,6.392000,6.271000,6.364000,5373666.4200
2023.09.07,04:00:00,6.364000,6.385000,6.271000,6.274000,3412360.8900
2023.09.07,08:00:00,6.274000,6.312000,6.232000,6.235000,2892203.8300
2023.09.07,12:00:00,6.234000,6.282000,6.196000,6.254000,3684322.4300
2023.09.07,16:00:00,6.254000,6.332000,6.249000,6.322000,3117416.6100
2023.09.07,20:00:00,6.321000,6.468000,6.314000,6.382000,5574171.9700
2023.09.08,00:00:00,6.382000,6.402000,6.322000,6.338000,2371900.7300
2023.09.08,04:00:00,6.338000,6.362000,6.292000,6.301000,2594567.8500
2023.09.08,08:00:00,6.300000,6.305000,6.136000,6.209000,5082418.7700
2023.09.08,12:00:00,6.208000,6.273000,6.203000,6.220000,2251202.0900
2023.09.08,16:00:00,6.219000,6.267000,6.193000,6.247000,2191258.7800
2023.09.08,20:00:00,6.246000,6.287000,6.233000,6.275000,1454250.4900
2023.09.09,00:00:00,6.275000,6.290000,6.230000,6.267000,1740767.5800
2023.09.09,04:00:00,6.267000,6.278000,6.234000,6.245000,1065776.8500
2023.09.09,08:00:00,6.244000,6.250000,6.203000,6.217000,1292448.9700
2023.09.09,12:00:00,6.216000,6.219000,6.175000,6.189000,1982348.9000
2023.09.09,16:00:00,6.189000,6.214000,6.152000,6.177000,1675064.5700
2023.09.09,20:00:00,6.177000,6.180000,6.152000,6.161000,988540.3900
2023.09.10,00:00:00,6.161000,6.161000,6.077000,6.109000,3049894.2600
2023.09.10,04:00:00,6.109000,6.124000,5.931000,6.110000,5475481.4000
2023.09.10,08:00:00,6.110000,6.117000,6.063000,6.084000,2143530.6700
2023.09.10,12:00:00,6.083000,6.103000,5.973000,6.041000,3876807.7500
2023.09.10,16:00:00,6.041000,6.058000,5.949000,6.037000,3907922.2500
2023.09.10,20:00:00,6.037000,6.073000,6.000000,6.012000,2436752.6200
2023.09.11,00:00:00,6.011000,6.028000,5.935000,5.997000,4055636.7300
2023.09.11,04:00:00,5.997000,6.033000,5.972000,5.985000,2100947.7400
2023.09.11,08:00:00,5.985000,5.995000,5.758000,5.882000,7892862.2600
2023.09.11,12:00:00,5.882000,5.941000,5.795000,5.857000,7993643.9600
2023.09.11,16:00:00,5.857000,5.880000,5.731000,5.766000,4694317.3300
2023.09.11,20:00:00,5.766000,5.826000,5.738000,5.824000,2381043.9200
2023.09.12,00:00:00,5.823000,5.991000,5.803000,5.934000,5213710.6100
2023.09.12,04:00:00,5.935000,5.962000,5.873000,5.917000,4034392.0900
2023.09.12,08:00:00,5.916000,6.080000,5.884000,6.019000,5026541.8500
2023.09.12,12:00:00,6.019000,6.037000,5.954000,5.989000,3721993.1800
2023.09.12,16:00:00,5.990000,6.074000,5.898000,5.967000,5156544.2800
2023.09.12,20:00:00,5.967000,5.989000,5.946000,5.954000,1346354.4200
2023.09.13,00:00:00,5.955000,6.005000,5.932000,5.968000,2870946.3600
2023.09.13,04:00:00,5.969000,6.094000,5.923000,5.955000,4552133.7000
2023.09.13,08:00:00,5.954000,6.042000,5.947000,6.015000,2569043.3100
2023.09.13,12:00:00,6.016000,6.036000,5.927000,6.014000,4133114.3500
2023.09.13,16:00:00,6.014000,6.030000,5.949000,5.974000,2661243.7200
2023.09.13,20:00:00,5.974000,6.034000,5.972000,6.014000,1357510.8800
2023.09.14,00:00:00,6.015000,6.123000,6.001000,6.040000,4462116.9100
2023.09.14,04:00:00,6.040000,6.051000,6.003000,6.027000,2322768.1900
2023.09.14,08:00:00,6.027000,6.060000,6.012000,6.050000,1484978.0000
2023.09.14,12:00:00,6.051000,6.125000,6.020000,6.089000,3893719.7000
2023.09.14,16:00:00,6.089000,6.168000,6.069000,6.163000,3412039.0400
2023.09.14,20:00:00,6.164000,6.210000,6.132000,6.149000,2491062.3100
2023.09.15,00:00:00,6.149000,6.236000,6.132000,6.189000,2542429.4400
2023.09.15,04:00:00,6.188000,6.213000,6.141000,6.146000,1924696.1700
2023.09.15,08:00:00,6.146000,6.174000,6.096000,6.105000,2233470.3100
2023.09.15,12:00:00,6.105000,6.211000,6.100000,6.202000,2867305.2700
2023.09.15,16:00:00,6.202000,6.246000,6.188000,6.220000,2759462.0600
2023.09.15,20:00:00,6.220000,6.373000,6.215000,6.360000,3649099.0200
2023.09.16,00:00:00,6.361000,6.420000,6.300000,6.304000,4135789.3200
2023.09.16,04:00:00,6.305000,6.325000,6.265000,6.297000,2160341.4900
2023.09.16,08:00:00,6.297000,6.302000,6.242000,6.244000,2396489.9300
2023.09.16,12:00:00,6.244000,6.249000,6.184000,6.220000,2496214.1600
2023.09.16,16:00:00,6.221000,6.243000,6.181000,6.197000,1531076.9300
2023.09.16,20:00:00,6.196000,6.289000,6.193000,6.275000,1599462.6700
2023.09.17,00:00:00,6.275000,6.277000,6.164000,6.232000,3273793.8600
2023.09.17,04:00:00,6.233000,6.254000,6.182000,6.185000,1308387.1400
2023.09.17,08:00:00,6.185000,6.223000,6.180000,6.201000,1519412.6800
2023.09.17,12:00:00,6.202000,6.217000,6.153000,6.182000,1701269.9800
2023.09.17,16:00:00,6.182000,6.188000,6.101000,6.127000,2630535.6200
2023.09.17,20:00:00,6.127000,6.148000,6.042000,6.142000,3085057.6100
2023.09.18,00:00:00,6.143000,6.623000,6.091000,6.619000,13471330.9100
2023.09.18,04:00:00,6.620000,6.663000,6.534000,6.547000,15858972.0200
2023.09.18,08:00:00,6.547000,6.823000,6.503000,6.728000,19516156.6100
2023.09.18,12:00:00,6.727000,6.839000,6.670000,6.722000,15475524.7500
2023.09.18,16:00:00,6.722000,6.727000,6.576000,6.611000,13013349.5100
2023.09.18,20:00:00,6.612000,6.657000,6.533000,6.560000,5543113.1100
2023.09.19,00:00:00,6.560000,6.776000,6.512000,6.760000,10085302.4000
2023.09.19,04:00:00,6.760000,6.929000,6.675000,6.689000,12561093.0600
2023.09.19,08:00:00,6.689000,6.809000,6.680000,6.738000,7708104.0500
2023.09.19,12:00:00,6.737000,6.888000,6.707000,6.868000,11243656.3300
2023.09.19,16:00:00,6.867000,6.908000,6.785000,6.832000,5221724.7200
2023.09.19,20:00:00,6.832000,6.967000,6.778000,6.841000,4947925.4000
2023.09.20,00:00:00,6.840000,6.993000,6.807000,6.925000,8230915.8300
2023.09.20,04:00:00,6.924000,6.954000,6.773000,6.800000,7050342.8900
2023.09.20,08:00:00,6.801000,6.876000,6.752000,6.826000,7281451.9800
2023.09.20,12:00:00,6.827000,6.930000,6.738000,6.913000,9420800.1300
2023.09.20,16:00:00,6.913000,7.043000,6.789000,6.872000,11251616.4100
2023.09.20,20:00:00,6.872000,6.968000,6.832000,6.902000,3861459.0800
2023.09.21,00:00:00,6.903000,6.945000,6.809000,6.872000,4929736.4900
2023.09.21,04:00:00,6.873000,6.875000,6.778000,6.794000,3741552.2700
2023.09.21,08:00:00,6.793000,6.824000,6.675000,6.704000,8174181.4500
2023.09.21,12:00:00,6.704000,6.783000,6.603000,6.744000,8404379.1300
2023.09.21,16:00:00,6.743000,6.764000,6.704000,6.716000,3274997.6300
2023.09.21,20:00:00,6.717000,6.730000,6.658000,6.662000,2503918.1500
2023.09.22,00:00:00,6.663000,6.720000,6.585000,6.694000,4806485.8100
2023.09.22,04:00:00,6.695000,6.715000,6.637000,6.691000,2945309.7900
2023.09.22,08:00:00,6.691000,6.786000,6.687000,6.781000,3926907.5700
2023.09.22,12:00:00,6.781000,6.795000,6.708000,6.764000,3823009.0700
2023.09.22,16:00:00,6.763000,6.970000,6.725000,6.873000,7480923.4500
2023.09.22,20:00:00,6.873000,6.965000,6.859000,6.953000,4070202.8200
2023.09.23,00:00:00,6.954000,7.194000,6.939000,6.990000,10005154.8900
2023.09.23,04:00:00,6.990000,7.067000,6.939000,7.034000,5125654.7800
2023.09.23,08:00:00,7.034000,7.045000,6.959000,6.996000,4353116.9000
2023.09.23,12:00:00,6.997000,7.056000,6.921000,6.931000,6481535.4300
2023.09.23,16:00:00,6.932000,7.229000,6.912000,7.178000,15878739.9900
2023.09.23,20:00:00,7.177000,7.223000,7.126000,7.183000,6889047.4000
2023.09.24,00:00:00,7.183000,7.249000,7.126000,7.161000,8610556.5800
2023.09.24,04:00:00,7.160000,7.211000,7.102000,7.157000,5068948.1600
2023.09.24,08:00:00,7.158000,7.174000,7.070000,7.090000,4648940.8800
2023.09.24,12:00:00,7.091000,7.190000,7.075000,7.096000,5787301.5500
2023.09.24,16:00:00,7.095000,7.177000,7.030000,7.075000,6614163.3600
2023.09.24,20:00:00,7.074000,7.093000,6.941000,6.969000,4595615.9900
2023.09.25,00:00:00,6.968000,7.268000,6.903000,7.159000,12668913.9800
2023.09.25,04:00:00,7.159000,7.301000,7.150000,7.272000,8370457.0500
2023.09.25,08:00:00,7.273000,7.320000,7.201000,7.252000,7809909.6400
2023.09.25,12:00:00,7.252000,7.399000,7.219000,7.387000,13382327.2900
2023.09.25,16:00:00,7.387000,7.512000,7.370000,7.453000,14295711.0100
2023.09.25,20:00:00,7.452000,7.500000,7.420000,7.486000,6119589.2700
2023.09.26,00:00:00,7.486000,7.574000,7.403000,7.520000,11569605.2600
2023.09.26,04:00:00,7.519000,7.528000,7.432000,7.434000,5715598.3300
2023.09.26,08:00:00,7.434000,7.480000,7.362000,7.424000,8054339.3800
2023.09.26,12:00:00,7.424000,7.426000,7.294000,7.329000,8672109.3500
2023.09.26,16:00:00,7.328000,7.414000,7.243000,7.391000,7944234.1900
2023.09.26,20:00:00,7.390000,7.475000,7.273000,7.353000,9481738.3500
2023.09.27,00:00:00,7.354000,7.414000,7.266000,7.359000,5366127.8300
2023.09.27,04:00:00,7.358000,7.389000,7.316000,7.367000,4052916.2900
2023.09.27,08:00:00,7.367000,7.686000,7.346000,7.630000,13739660.6500
2023.09.27,12:00:00,7.629000,7.876000,7.480000,7.585000,28296112.0800
2023.09.27,16:00:00,7.585000,7.692000,7.482000,7.654000,11443619.0100
2023.09.27,20:00:00,7.655000,7.685000,7.565000,7.638000,5899264.7600
2023.09.28,00:00:00,7.637000,7.759000,7.565000,7.653000,8958490.2300
2023.09.28,04:00:00,7.654000,7.826000,7.569000,7.745000,8545993.2300
2023.09.28,08:00:00,7.744000,7.866000,7.725000,7.771000,12198774.0700
2023.09.28,12:00:00,7.771000,7.919000,7.679000,7.878000,14369640.4600
2023.09.28,16:00:00,7.878000,8.068000,7.766000,7.951000,14937257.9800
2023.09.28,20:00:00,7.950000,7.954000,7.766000,7.805000,6181342.3300
2023.09.29,00:00:00,7.804000,7.839000,7.677000,7.743000,5609711.1600
2023.09.29,04:00:00,7.743000,7.822000,7.712000,7.779000,4936616.9700
2023.09.29,08:00:00,7.779000,7.784000,7.686000,7.695000,4556126.5700
2023.09.29,12:00:00,7.695000,7.906000,7.667000,7.814000,11211261.2900
2023.09.29,16:00:00,7.814000,8.048000,7.751000,8.041000,11976064.7200
2023.09.29,20:00:00,8.042000,8.078000,7.926000,7.941000,6652383.7200
2023.09.30,00:00:00,7.941000,8.046000,7.931000,8.018000,6044409.1300
2023.09.30,04:00:00,8.018000,8.154000,8.000000,8.075000,9356864.2400
2023.09.30,08:00:00,8.076000,8.267000,8.006000,8.192000,16627764.6000
2023.09.30,12:00:00,8.191000,8.235000,8.121000,8.218000,11245465.0100
2023.09.30,16:00:00,8.218000,8.239000,8.081000,8.177000,7736767.8200
2023.09.30,20:00:00,8.177000,8.206000,8.101000,8.185000,4092313.4400
2023.10.01,00:00:00,8.184000,8.256000,8.107000,8.159000,5998515.1300
2023.10.01,04:00:00,8.159000,8.167000,8.033000,8.057000,5276962.0800
2023.10.01,08:00:00,8.058000,8.223000,8.035000,8.120000,8032051.8400
2023.10.01,12:00:00,8.121000,8.130000,7.952000,8.010000,9798425.6600
2023.10.01,16:00:00,8.011000,8.013000,7.772000,7.837000,12588480.4400
2023.10.01,20:00:00,7.838000,8.146000,7.779000,8.049000,18301584.8300
2023.10.02,00:00:00,8.049000,8.096000,7.852000,7.877000,9724499.6600
2023.10.02,04:00:00,7.876000,8.099000,7.840000,8.031000,12237434.5600
2023.10.02,08:00:00,8.032000,8.077000,7.802000,7.886000,12910686.4600
2023.10.02,12:00:00,7.885000,7.951000,7.607000,7.666000,19411050.3400
2023.10.02,16:00:00,7.667000,7.725000,7.410000,7.603000,17034906.8900
2023.10.02,20:00:00,7.603000,7.607000,7.345000,7.464000,9393600.4400
2023.10.03,00:00:00,7.465000,7.586000,7.408000,7.550000,6748658.8900
2023.10.03,04:00:00,7.551000,7.741000,7.495000,7.626000,10450485.0100
2023.10.03,08:00:00,7.626000,7.733000,7.507000,7.537000,10355125.5300
2023.10.03,12:00:00,7.538000,7.724000,7.390000,7.427000,16206682.3300
2023.10.03,16:00:00,7.426000,7.540000,7.380000,7.403000,9172585.8600
2023.10.03,20:00:00,7.403000,7.503000,7.355000,7.404000,7203620.9000
2023.10.04,00:00:00,7.403000,7.543000,7.158000,7.478000,14986205.7900
2023.10.04,04:00:00,7.479000,7.635000,7.450000,7.591000,9759028.7300
2023.10.04,08:00:00,7.590000,7.611000,7.516000,7.539000,6573456.7200
2023.10.04,12:00:00,7.540000,7.663000,7.459000,7.632000,13026132.8800
2023.10.04,16:00:00,7.632000,7.779000,7.566000,7.609000,16296964.7700
2023.10.04,20:00:00,7.609000,7.739000,7.582000,7.667000,4942244.6600
2023.10.05,00:00:00,7.667000,7.692000,7.587000,7.611000,6291155.5300
2023.10.05,04:00:00,7.611000,7.760000,7.597000,7.711000,6550711.6900
2023.10.05,08:00:00,7.711000,7.788000,7.664000,7.674000,7582977.1500
2023.10.05,12:00:00,7.674000,7.700000,7.481000,7.530000,12676806.9800
2023.10.05,16:00:00,7.530000,7.560000,7.471000,7.504000,5903845.0200
2023.10.05,20:00:00,7.505000,7.566000,7.448000,7.463000,3951690.0200
2023.10.06,00:00:00,7.464000,7.582000,7.454000,7.525000,3881856.5000
2023.10.06,04:00:00,7.525000,7.578000,7.493000,7.571000,3258010.3800
2023.10.06,08:00:00,7.571000,7.611000,7.538000,7.556000,4365858.8700
2023.10.06,12:00:00,7.556000,7.701000,7.426000,7.654000,11312065.0200
2023.10.06,16:00:00,7.654000,7.719000,7.617000,7.663000,5547191.5700
2023.10.06,20:00:00,7.663000,7.760000,7.633000,7.635000,3816961.0400
2023.10.07,00:00:00,7.635000,7.679000,7.590000,7.598000,3649081.3300
2023.10.07,04:00:00,7.598000,7.641000,7.556000,7.596000,3691743.8600
2023.10.07,08:00:00,7.596000,7.642000,7.563000,7.580000,3264049.9100
2023.10.07,12:00:00,7.579000,7.615000,7.551000,7.558000,2402707.6900
2023.10.07,16:00:00,7.558000,7.563000,7.466000,7.490000,3664529.8800
2023.10.07,20:00:00,7.489000,7.552000,7.483000,7.521000,1869679.6300
2023.10.08,00:00:00,7.522000,7.616000,7.497000,7.615000,3410264.5200
2023.10.08,04:00:00,7.616000,7.668000,7.587000,7.648000,5196446.5000
2023.10.08,08:00:00,7.647000,7.707000,7.533000,7.564000,6667544.8000
2023.10.08,12:00:00,7.563000,7.693000,7.554000,7.662000,4910334.9600
2023.10.08,16:00:00,7.662000,7.735000,7.635000,7.723000,3694194.8400
2023.10.08,20:00:00,7.723000,7.946000,7.658000,7.669000,14064378.2100
2023.10.09,00:00:00,7.668000,7.694000,7.560000,7.637000,7200418.3900
2023.10.09,04:00:00,7.637000,7.646000,7.545000,7.554000,3983315.2700
2023.10.09,08:00:00,7.554000,7.577000,7.290000,7.353000,13603990.1100
2023.10.09,12:00:00,7.352000,7.407000,7.306000,7.329000,7773405.3100
2023.10.09,16:00:00,7.329000,7.362000,7.123000,7.294000,13183239.2200
2023.10.09,20:00:00,7.293000,7.327000,7.234000,7.274000,3557032.2300
2023.10.10,00:00:00,7.274000,7.349000,7.249000,7.308000,5496263.5300
2023.10.10,04:00:00,7.308000,7.371000,7.265000,7.338000,3288973.2500
2023.10.10,08:00:00,7.338000,7.389000,7.259000,7.269000,6062025.9400
2023.10.10,12:00:00,7.269000,7.362000,7.208000,7.219000,9316572.3000
2023.10.10,16:00:00,7.219000,7.280000,7.187000,7.256000,5662780.9400
2023.10.10,20:00:00,7.256000,7.300000,7.168000,7.257000,3118398.5100
2023.10.11,00:00:00,7.258000,7.329000,7.100000,7.162000,6600902.3500
2023.10.11,04:00:00,7.162000,7.228000,7.159000,7.199000,3487917.6100
2023.10.11,08:00:00,7.199000,7.356000,7.183000,7.315000,5355154.9500
2023.10.11,12:00:00,7.315000,7.395000,7.242000,7.301000,8798037.9100
2023.10.11,16:00:00,7.303000,7.355000,7.225000,7.328000,7333374.2900
2023.10.11,20:00:00,7.328000,7.430000,7.305000,7.387000,4770334.7600
2023.10.12,00:00:00,7.387000,7.412000,7.276000,7.346000,5057835.4300
2023.10.12,04:00:00,7.346000,7.396000,7.308000,7.339000,3143507.3500
2023.10.12,08:00:00,7.338000,7.344000,7.171000,7.258000,6705525.6900
2023.10.12,12:00:00,7.259000,7.275000,7.168000,7.211000,4967960.2900
2023.10.12,16:00:00,7.212000,7.237000,7.108000,7.187000,7070779.1500
2023.10.12,20:00:00,7.188000,7.245000,7.171000,7.194000,2197924.3600
2023.10.13,00:00:00,7.194000,7.251000,7.105000,7.119000,4455703.4100
2023.10.13,04:00:00,7.120000,7.229000,7.115000,7.203000,3111291.6500
2023.10.13,08:00:00,7.203000,7.241000,7.174000,7.222000,3183055.7100
2023.10.13,12:00:00,7.222000,7.287000,7.155000,7.157000,4988412.9500
2023.10.13,16:00:00,7.157000,7.199000,7.140000,7.175000,2896677.9500
2023.10.13,20:00:00,7.175000,7.402000,7.162000,7.252000,9409677.5500
2023.10.14,00:00:00,7.253000,7.318000,7.238000,7.298000,2053727.3100
2023.10.14,04:00:00,7.299000,7.312000,7.213000,7.220000,1972968.0400
2023.10.14,08:00:00,7.221000,7.258000,7.212000,7.244000,1560102.1400
2023.10.14,12:00:00,7.244000,7.315000,7.237000,7.310000,2543317.2900
2023.10.14,16:00:00,7.310000,7.369000,7.295000,7.337000,2579069.4200
2023.10.14,20:00:00,7.336000,7.340000,7.283000,7.325000,2044853.7900
2023.10.15,00:00:00,7.325000,7.379000,7.294000,7.323000,2686180.2500
2023.10.15,04:00:00,7.323000,7.361000,7.312000,7.348000,1202191.1700
2023.10.15,08:00:00,7.348000,7.399000,7.330000,7.343000,2998904.9800
2023.10.15,12:00:00,7.343000,7.376000,7.281000,7.307000,4034144.6200
2023.10.15,16:00:00,7.307000,7.482000,7.293000,7.450000,4949714.7700
2023.10.15,20:00:00,7.450000,7.570000,7.373000,7.420000,5875390.6200
2023.10.16,00:00:00,7.419000,7.491000,7.406000,7.429000,2534036.6800
2023.10.16,04:00:00,7.429000,7.645000,7.416000,7.559000,7805488.3600
2023.10.16,08:00:00,7.558000,7.591000,7.485000,7.561000,4704002.3300
2023.10.16,12:00:00,7.562000,7.830000,7.416000,7.433000,18282141.9700
2023.10.16,16:00:00,7.433000,7.581000,7.425000,7.512000,5508172.3500
2023.10.16,20:00:00,7.512000,7.574000,7.440000,7.519000,3427310.7500
2023.10.17,00:00:00,7.520000,7.556000,7.447000,7.453000,3024856.7900
2023.10.17,04:00:00,7.452000,7.494000,7.424000,7.480000,2766383.9400
2023.10.17,08:00:00,7.479000,7.507000,7.440000,7.487000,3463449.5000
2023.10.17,12:00:00,7.487000,7.493000,7.244000,7.394000,8326936.9700
2023.10.17,16:00:00,7.393000,7.420000,7.266000,7.320000,3735976.1600
2023.10.17,20:00:00,7.319000,7.352000,7.282000,7.318000,1800646.2400
2023.10.18,00:00:00,7.317000,7.347000,7.274000,7.341000,2727843.6500
2023.10.18,04:00:00,7.341000,7.418000,7.321000,7.354000,4725349.3700
2023.10.18,08:00:00,7.354000,7.454000,7.341000,7.434000,3823420.2200
2023.10.18,12:00:00,7.435000,7.477000,7.365000,7.385000,5999695.2200
2023.10.18,16:00:00,7.386000,7.439000,7.332000,7.359000,3016210.2200
2023.10.18,20:00:00,7.360000,7.383000,7.309000,7.354000,2376567.7100
2023.10.19,00:00:00,7.354000,7.361000,7.206000,7.289000,5383590.9900
2023.10.19,04:00:00,7.289000,7.355000,7.276000,7.347000,2247550.1100
2023.10.19,08:00:00,7.347000,7.368000,7.285000,7.341000,2873068.1300
2023.10.19,12:00:00,7.340000,7.433000,7.340000,7.358000,5435522.2300
2023.10.19,16:00:00,7.358000,7.413000,7.322000,7.357000,4078017.5100
2023.10.19,20:00:00,7.356000,7.385000,7.283000,7.301000,2450125.9200
2023.10.20,00:00:00,7.301000,7.491000,7.256000,7.426000,7172409.6600
2023.10.20,04:00:00,7.426000,7.511000,7.416000,7.462000,4555288.4100
2023.10.20,08:00:00,7.462000,7.710000,7.458000,7.606000,9413535.7800
2023.10.20,12:00:00,7.606000,7.662000,7.552000,7.630000,4869747.4000
2023.10.20,16:00:00,7.630000,7.687000,7.598000,7.623000,3318151.5600
2023.10.20,20:00:00,7.622000,7.626000,7.563000,7.567000,2102033.7100
2023.10.21,00:00:00,7.567000,7.621000,7.516000,7.600000,3219788.8300
2023.10.21,04:00:00,7.599000,7.845000,7.587000,7.834000,6479800.2300
2023.10.21,08:00:00,7.835000,8.096000,7.800000,8.054000,13355439.5700
2023.10.21,12:00:00,8.053000,8.976000,8.039000,8.948000,48160184.6200
2023.10.21,16:00:00,8.947000,9.175000,8.815000,8.895000,37175025.6800
2023.10.21,20:00:00,8.896000,8.968000,8.772000,8.910000,11099269.9000
2023.10.22,00:00:00,8.911000,9.396000,8.835000,9.283000,31590562.7900
2023.10.22,04:00:00,9.282000,9.750000,9.125000,9.305000,48044200.4200
2023.10.22,08:00:00,9.304000,9.426000,9.025000,9.097000,27310728.8300
2023.10.22,12:00:00,9.098000,9.379000,9.080000,9.224000,19658199.4500
2023.10.22,16:00:00,9.225000,9.752000,9.219000,9.392000,28041469.3200
2023.10.22,20:00:00,9.391000,10.236000,9.348000,10.182000,40731392.7700
2023.10.23,00:00:00,10.183000,10.999000,10.016000,10.794000,56939320.5500
2023.10.23,04:00:00,10.794000,11.080000,10.320000,10.445000,36879176.9000
2023.10.23,08:00:00,10.444000,10.596000,9.933000,10.266000,33733358.8200
2023.10.23,12:00:00,10.267000,10.275000,9.783000,10.002000,35244287.4400
2023.10.23,16:00:00,10.002000,10.490000,9.972000,10.275000,29906327.4700
2023.10.23,20:00:00,10.275000,10.989000,10.105000,10.577000,28819015.2400
2023.10.24,00:00:00,10.578000,11.156000,10.153000,10.245000,37120946.7400
2023.10.24,04:00:00,10.244000,10.384000,10.006000,10.101000,16509218.1800
2023.10.24,08:00:00,10.101000,10.545000,10.083000,10.528000,16666088.7600
2023.10.24,12:00:00,10.528000,10.529000,9.616000,9.896000,26911218.1100
2023.10.24,16:00:00,9.895000,10.111000,9.770000,10.017000,16576034.3700
2023.10.24,20:00:00,10.018000,10.481000,9.885000,10.372000,15462107.8800
2023.10.25,00:00:00,10.371000,11.640000,10.333000,11.334000,39026156.9000
2023.10.25,04:00:00,11.335000,11.598000,10.884000,10.918000,29985634.1900
2023.10.25,08:00:00,10.919000,11.288000,10.727000,11.181000,20075307.6200
2023.10.25,12:00:00,11.182000,11.794000,10.905000,11.342000,25115708.8400
2023.10.25,16:00:00,11.342000,11.392000,10.926000,11.164000,15989981.0900
2023.10.25,20:00:00,11.165000,11.181000,10.751000,11.057000,9920147.8500
2023.10.26,00:00:00,11.057000,11.395000,10.872000,11.116000,11447413.4100
2023.10.26,04:00:00,11.116000,11.311000,10.901000,11.219000,9476542.0300
2023.10.26,08:00:00,11.219000,11.342000,10.618000,10.864000,19426556.6100
2023.10.26,12:00:00,10.865000,11.203000,10.350000,10.508000,23009171.8400
2023.10.26,16:00:00,10.508000,10.714000,10.400000,10.705000,10866556.7600
2023.10.26,20:00:00,10.705000,11.149000,10.654000,10.930000,11214680.4700
2023.10.27,00:00:00,10.930000,11.050000,10.608000,11.049000,12292501.6900
2023.10.27,04:00:00,11.049000,11.375000,10.703000,10.728000,15677587.9900
2023.10.27,08:00:00,10.728000,11.128000,10.716000,10.935000,10426926.3500
2023.10.27,12:00:00,10.935000,11.449000,10.800000,11.058000,21920649.5500
2023.10.27,16:00:00,11.058000,11.400000,10.680000,11.111000,23932021.2800
2023.10.27,20:00:00,11.111000,11.304000,11.080000,11.185000,8161029.7800
2023.10.28,00:00:00,11.186000,11.592000,11.028000,11.400000,10935336.3900
2023.10.28,04:00:00,11.399000,11.675000,11.280000,11.299000,11287993.2200
2023.10.28,08:00:00,11.299000,11.600000,11.255000,11.345000,12932380.3800
2023.10.28,12:00:00,11.345000,11.385000,11.066000,11.168000,10502373.0700
2023.10.28,16:00:00,11.167000,11.168000,10.915000,10.951000,7504071.4700
2023.10.28,20:00:00,10.951000,11.087000,10.815000,10.922000,5686162.8400
2023.10.29,00:00:00,10.922000,10.956000,10.745000,10.855000,6999531.7100
2023.10.29,04:00:00,10.854000,11.027000,10.810000,11.017000,6130560.3200
2023.10.29,08:00:00,11.016000,11.220000,10.920000,10.982000,9833018.1300
2023.10.29,12:00:00,10.981000,11.153000,10.889000,11.059000,9350215.5000
2023.10.29,16:00:00,11.058000,11.246000,11.003000,11.064000,6889184.4600
2023.10.29,20:00:00,11.064000,11.300000,11.030000,11.088000,5579317.6000
2023.10.30,00:00:00,11.089000,11.322000,11.041000,11.173000,8494098.1700
2023.10.30,04:00:00,11.174000,11.215000,10.887000,10.953000,7771759.9100
2023.10.30,08:00:00,10.953000,11.518000,10.911000,11.388000,16518545.1500
2023.10.30,12:00:00,11.388000,11.877000,11.210000,11.392000,18877433.5900
2023.10.30,16:00:00,11.392000,11.448000,11.047000,11.219000,8991983.1600
2023.10.30,20:00:00,11.218000,11.260000,11.103000,11.223000,3770767.8800
2023.10.31,00:00:00,11.224000,11.700000,11.207000,11.485000,15082995.8900
2023.10.31,04:00:00,11.485000,12.033000,11.390000,11.435000,20952661.4400
2023.10.31,08:00:00,11.435000,11.638000,11.252000,11.519000,10991788.8200
2023.10.31,12:00:00,11.520000,11.584000,10.910000,11.120000,18034359.6000
2023.10.31,16:00:00,11.121000,11.410000,11.054000,11.293000,8690366.0800
2023.10.31,20:00:00,11.294000,11.437000,11.236000,11.359000,5823616.6300
2023.11.01,00:00:00,11.358000,11.469000,11.159000,11.222000,5434579.2900
2023.11.01,04:00:00,11.222000,11.254000,10.935000,11.110000,6483406.3400
2023.11.01,08:00:00,11.109000,11.194000,10.768000,10.885000,10343325.9200
2023.11.01,12:00:00,10.885000,11.186000,10.646000,10.831000,16609918.2300
2023.11.01,16:00:00,10.830000,11.422000,10.809000,11.246000,12908913.7200
2023.11.01,20:00:00,11.246000,11.789000,11.244000,11.652000,15081710.8700
2023.11.02,00:00:00,11.653000,11.756000,11.405000,11.629000,9254462.5600
2023.11.02,04:00:00,11.629000,11.762000,11.171000,11.192000,9497345.4200
2023.11.02,08:00:00,11.191000,11.323000,11.066000,11.305000,7950572.3500
2023.11.02,12:00:00,11.304000,11.460000,10.871000,10.896000,15387467.4300
2023.11.02,16:00:00,10.896000,11.095000,10.805000,11.084000,8222752.7600
2023.11.02,20:00:00,11.085000,11.130000,10.875000,11.013000,4275292.2200
2023.11.03,00:00:00,11.013000,11.015000,10.498000,10.816000,8318356.8900
2023.11.03,04:00:00,10.815000,11.222000,10.680000,11.178000,7759016.0700
2023.11.03,08:00:00,11.177000,11.340000,10.923000,11.010000,10047583.2200
2023.11.03,12:00:00,11.011000,11.321000,10.943000,11.282000,10004013.6100
2023.11.03,16:00:00,11.282000,11.342000,11.088000,11.224000,6394518.1900
2023.11.03,20:00:00,11.224000,11.611000,11.192000,11.472000,7629592.3300
2023.11.04,00:00:00,11.473000,11.485000,11.277000,11.361000,5941002.5500
2023.11.04,04:00:00,11.361000,11.516000,11.227000,11.244000,6959499.1400
2023.11.04,08:00:00,11.244000,11.405000,11.154000,11.299000,5519181.0100
2023.11.04,12:00:00,11.299000,11.370000,11.185000,11.238000,4364599.6900
2023.11.04,16:00:00,11.239000,11.393000,11.225000,11.368000,3035499.4600
2023.11.04,20:00:00,11.367000,11.637000,11.330000,11.508000,4622277.0200
2023.11.05,00:00:00,11.508000,12.450000,11.374000,12.411000,19806154.1500
2023.11.05,04:00:00,12.411000,12.580000,12.166000,12.231000,13054451.3900
2023.11.05,08:00:00,12.232000,12.343000,12.103000,12.187000,7151695.4400
2023.11.05,12:00:00,12.187000,12.229000,11.678000,11.761000,12580094.7700
2023.11.05,16:00:00,11.762000,12.065000,11.752000,11.952000,7578271.6900
2023.11.05,20:00:00,11.952000,12.269000,11.796000,12.238000,7401840.6500
2023.11.06,00:00:00,12.236000,12.420000,12.125000,12.303000,8882158.9300
2023.11.06,04:00:00,12.303000,12.782000,12.165000,12.459000,16067633.4500
2023.11.06,08:00:00,12.458000,12.680000,12.331000,12.529000,8895169.9100
2023.11.06,12:00:00,12.529000,12.891000,12.371000,12.659000,11526207.9300
2023.11.06,16:00:00,12.658000,12.800000,12.440000,12.797000,7790324.2800
2023.11.06,20:00:00,12.798000,13.275000,12.708000,12.997000,11299901.2900
2023.11.07,00:00:00,12.997000,13.199000,12.710000,13.006000,11321555.7300
2023.11.07,04:00:00,13.007000,13.352000,12.864000,13.088000,10955961.7400
2023.11.07,08:00:00,13.086000,13.154000,12.632000,12.806000,12101943.5200
2023.11.07,12:00:00,12.804000,12.984000,12.529000,12.718000,11319692.1100
2023.11.07,16:00:00,12.719000,13.251000,12.538000,13.069000,13884668.8000
2023.11.07,20:00:00,13.069000,13.261000,12.965000,13.053000,6959048.0400
2023.11.08,00:00:00,13.053000,13.450000,12.817000,13.256000,10079680.0000
2023.11.08,04:00:00,13.256000,13.636000,13.236000,13.446000,9322304.6700
2023.11.08,08:00:00,13.447000,13.717000,13.408000,13.563000,7121892.8600
2023.11.08,12:00:00,13.564000,14.000000,13.531000,13.732000,12827521.7700
2023.11.08,16:00:00,13.731000,14.799000,13.718000,14.477000,17354851.7800
2023.11.08,20:00:00,14.479000,14.993000,14.472000,14.918000,14391178.2300
2023.11.09,00:00:00,14.920000,15.017000,14.309000,14.508000,12523648.0700
2023.11.09,04:00:00,14.508000,14.772000,14.386000,14.506000,8154456.7800
2023.11.09,08:00:00,14.505000,14.877000,14.412000,14.821000,7744945.2700
2023.11.09,12:00:00,14.822000,15.999000,14.800000,15.132000,27838367.4600
2023.11.09,16:00:00,15.126000,15.217000,13.170000,14.333000,27354942.7600
2023.11.09,20:00:00,14.332000,14.732000,14.000000,14.609000,9902624.4200
2023.11.10,00:00:00,14.610000,14.960000,14.303000,14.336000,9024298.5400
2023.11.10,04:00:00,14.336000,14.537000,14.181000,14.480000,5933978.6600
2023.11.10,08:00:00,14.480000,14.930000,14.124000,14.732000,9286132.2300
2023.11.10,12:00:00,14.732000,15.338000,14.421000,15.175000,14435382.4500
2023.11.10,16:00:00,15.065000,15.520000,14.957000,15.064000,9171392.3400
2023.11.10,20:00:00,15.064000,15.653000,14.902000,15.512000,8738233.4100
2023.11.11,00:00:00,15.513000,15.766000,14.905000,14.955000,9815312.1300
2023.11.11,04:00:00,14.955000,15.239000,14.700000,15.023000,6296420.8000
2023.11.11,08:00:00,15.023000,15.119000,14.783000,14.997000,4845949.4400
2023.11.11,12:00:00,14.998000,16.680000,14.910000,16.299000,17480720.1900
2023.11.11,16:00:00,16.298000,16.660000,15.822000,16.339000,11654541.0600
2023.11.11,20:00:00,16.340000,16.612000,15.933000,16.484000,9159242.0000
2023.11.12,00:00:00,16.484000,16.556000,15.360000,15.824000,10210078.6000
2023.11.12,04:00:00,15.824000,16.383000,15.577000,16.260000,5624278.9400
2023.11.12,08:00:00,16.261000,16.320000,15.876000,16.090000,5485497.2800
2023.11.12,12:00:00,16.090000,16.101000,15.609000,15.954000,7007908.5200
2023.11.12,16:00:00,15.954000,16.352000,15.682000,16.297000,7412286.4400
2023.11.12,20:00:00,16.297000,16.388000,15.850000,16.031000,5151057.6600
2023.11.13,00:00:00,16.031000,16.325000,15.456000,15.519000,7619756.8500
2023.11.13,04:00:00,15.520000,15.617000,15.100000,15.303000,7100237.5300
2023.11.13,08:00:00,15.304000,15.586000,14.951000,15.149000,6109513.4000
2023.11.13,12:00:00,15.149000,15.310000,14.381000,15.154000,11969193.3400
2023.11.13,16:00:00,15.153000,15.407000,14.716000,15.164000,6888465.0700
2023.11.13,20:00:00,15.163000,15.164000,14.311000,14.370000,9882090.4800
2023.11.14,00:00:00,14.371000,14.774000,14.048000,14.652000,8749431.3200
2023.11.14,04:00:00,14.652000,14.882000,14.587000,14.809000,3666236.1100
2023.11.14,08:00:00,14.808000,14.923000,14.220000,14.315000,6508268.2600
2023.11.14,12:00:00,14.316000,14.753000,13.806000,14.073000,15551529.8800
2023.11.14,16:00:00,14.074000,14.532000,13.322000,14.063000,14787215.2600
2023.11.14,20:00:00,14.062000,14.332000,13.914000,13.960000,6940241.5600
2023.11.15,00:00:00,13.959000,14.299000,13.940000,14.166000,5331106.6700
2023.11.15,04:00:00,14.167000,14.734000,14.152000,14.606000,5960421.3700
2023.11.15,08:00:00,14.607000,15.193000,14.582000,15.142000,6623999.7700
2023.11.15,12:00:00,15.142000,15.159000,14.604000,14.888000,7484895.9500
2023.11.15,16:00:00,14.888000,15.150000,14.714000,15.149000,9045812.3000
2023.11.15,20:00:00,15.148000,15.412000,14.904000,15.034000,7666531.9300
2023.11.16,00:00:00,15.034000,15.141000,14.763000,14.940000,7685150.3500
2023.11.16,04:00:00,14.939000,15.236000,14.678000,14.995000,6486205.3600
2023.11.16,08:00:00,14.994000,15.072000,14.584000,14.690000,7223027.2700
2023.11.16,12:00:00,14.691000,14.698000,13.909000,14.137000,13919919.0100
2023.11.16,16:00:00,14.138000,14.251000,13.545000,14.037000,10418697.8400
2023.11.16,20:00:00,14.037000,14.144000,13.677000,13.871000,7683326.8100
2023.11.17,00:00:00,13.870000,14.270000,13.842000,13.991000,6125088.5400
2023.11.17,04:00:00,13.991000,14.072000,13.736000,13.792000,4631690.2400
2023.11.17,08:00:00,13.793000,13.890000,13.234000,13.429000,8660552.5300
2023.11.17,12:00:00,13.428000,13.644000,12.850000,12.957000,13026891.8300
2023.11.17,16:00:00,12.958000,13.649000,12.863000,13.535000,9521697.2000
2023.11.17,20:00:00,13.536000,13.833000,13.427000,13.704000,5204950.6700
2023.11.18,00:00:00,13.704000,13.707000,13.362000,13.401000,3861165.4200
2023.11.18,04:00:00,13.402000,13.520000,12.920000,13.349000,5127256.4100
2023.11.18,08:00:00,13.349000,13.500000,13.239000,13.315000,4276759.5500
2023.11.18,12:00:00,13.315000,13.578000,13.100000,13.542000,6446436.9400
2023.11.18,16:00:00,13.543000,13.813000,13.526000,13.715000,6554881.0900
2023.11.18,20:00:00,13.715000,13.768000,13.544000,13.751000,2811092.4600
2023.11.19,00:00:00,13.750000,14.126000,13.371000,14.107000,5999349.7100
2023.11.19,04:00:00,14.107000,14.368000,13.933000,14.285000,7899000.7100
2023.11.19,08:00:00,14.285000,14.364000,14.059000,14.194000,5474408.1300
2023.11.19,12:00:00,14.193000,14.276000,13.967000,14.202000,5149596.0000
2023.11.19,16:00:00,14.203000,14.857000,14.152000,14.855000,6324441.6100
2023.11.19,20:00:00,14.855000,15.058000,14.760000,14.911000,8990099.1900
2023.11.20,00:00:00,14.912000,15.175000,14.745000,14.867000,6109669.5100
2023.11.20,04:00:00,14.867000,15.300000,14.832000,15.214000,5298387.5600
2023.11.20,08:00:00,15.214000,15.402000,14.979000,15.103000,7017435.0400
2023.11.20,12:00:00,15.104000,15.391000,14.620000,15.132000,10454363.2200
2023.11.20,16:00:00,15.131000,15.258000,14.675000,14.805000,8928038.8500
2023.11.20,20:00:00,14.805000,14.854000,14.371000,14.488000,5742811.7600
2023.11.21,00:00:00,14.488000,14.677000,14.222000,14.406000,5285170.4600
2023.11.21,04:00:00,14.405000,14.407000,14.049000,14.119000,4713185.6300
2023.11.21,08:00:00,14.119000,14.339000,14.108000,14.179000,3985369.3300
2023.11.21,12:00:00,14.181000,14.416000,13.718000,14.254000,11461552.8900
2023.11.21,16:00:00,14.254000,14.328000,13.500000,13.988000,12198279.0300
2023.11.21,20:00:00,13.988000,14.222000,13.280000,13.361000,9537294.5100
2023.11.22,00:00:00,13.360000,13.965000,13.220000,13.960000,5554053.7400
2023.11.22,04:00:00,13.961000,14.318000,13.932000,14.128000,6064330.2800
2023.11.22,08:00:00,14.128000,14.279000,14.050000,14.121000,3870234.2200
2023.11.22,12:00:00,14.122000,14.400000,14.062000,14.227000,7015734.9000
2023.11.22,16:00:00,14.227000,14.571000,14.149000,14.474000,6470515.4900
2023.11.22,20:00:00,14.473000,14.628000,14.189000,14.213000,5573515.3200
2023.11.23,00:00:00,14.212000,14.577000,14.155000,14.409000,4292683.2400
2023.11.23,04:00:00,14.408000,14.659000,14.371000,14.533000,3531358.5000
2023.11.23,08:00:00,14.533000,14.664000,14.258000,14.346000,3998380.1500
2023.11.23,12:00:00,14.347000,14.409000,14.124000,14.145000,4973892.4600
2023.11.23,16:00:00,14.146000,14.915000,14.128000,14.525000,9457340.1600
2023.11.23,20:00:00,14.525000,14.664000,14.366000,14.402000,3593572.2800
2023.11.24,00:00:00,14.402000,14.513000,14.328000,14.366000,2646299.1300
2023.11.24,04:00:00,14.366000,14.438000,14.215000,14.378000,2415445.2400
2023.11.24,08:00:00,14.379000,14.657000,14.341000,14.416000,4186537.4200
2023.11.24,12:00:00,14.416000,14.660000,14.307000,14.579000,4162496.0200
2023.11.24,16:00:00,14.578000,14.859000,14.342000,14.394000,4846608.6100
2023.11.24,20:00:00,14.395000,14.485000,14.250000,14.479000,2445199.5000
2023.11.25,00:00:00,14.480000,14.772000,14.372000,14.760000,3349641.0100
2023.11.25,04:00:00,14.760000,14.784000,14.635000,14.749000,2324780.2900
2023.11.25,08:00:00,14.749000,14.978000,14.645000,14.762000,5970904.5800
2023.11.25,12:00:00,14.762000,14.886000,14.653000,14.789000,2986388.1900
2023.11.25,16:00:00,14.789000,14.874000,14.704000,14.707000,2249151.9800
2023.11.25,20:00:00,14.707000,14.788000,14.669000,14.766000,1445584.3100
2023.11.26,00:00:00,14.766000,14.868000,14.618000,14.778000,2799089.3800
2023.11.26,04:00:00,14.778000,15.187000,14.767000,15.106000,4079558.6200
2023.11.26,08:00:00,15.106000,15.333000,15.067000,15.198000,5033940.0400
2023.11.26,12:00:00,15.199000,15.225000,14.705000,14.808000,7930011.5700
2023.11.26,16:00:00,14.807000,14.899000,14.333000,14.669000,6896528.3900
2023.11.26,20:00:00,14.670000,14.869000,14.569000,14.763000,3609816.3100
2023.11.27,00:00:00,14.764000,15.305000,14.563000,14.682000,8620098.4300
2023.11.27,04:00:00,14.682000,14.833000,14.325000,14.507000,6325682.0900
2023.11.27,08:00:00,14.506000,14.554000,14.183000,14.250000,5412962.6300
2023.11.27,12:00:00,14.249000,14.340000,14.052000,14.086000,4832048.5400
2023.11.27,16:00:00,14.086000,14.302000,13.867000,13.961000,4416544.4900
2023.11.27,20:00:00,13.962000,14.249000,13.885000,14.181000,2998500.6400
2023.11.28,00:00:00,14.181000,14.310000,14.129000,14.148000,2578394.2200
2023.11.28,04:00:00,14.148000,14.178000,13.762000,13.980000,4746935.0500
2023.11.28,08:00:00,13.979000,14.322000,13.906000,14.298000,4099319.1900
2023.11.28,12:00:00,14.299000,14.449000,14.168000,14.386000,4621383.7200
2023.11.28,16:00:00,14.386000,14.718000,14.324000,14.589000,6943965.2700
2023.11.28,20:00:00,14.588000,14.680000,14.450000,14.525000,2940965.7700
2023.11.29,00:00:00,14.525000,14.670000,14.433000,14.647000,2849796.9800
2023.11.29,04:00:00,14.646000,14.799000,14.532000,14.696000,3359547.0900
2023.11.29,08:00:00,14.697000,14.996000,14.617000,14.745000,6156024.0700
2023.11.29,12:00:00,14.744000,14.867000,14.392000,14.585000,6613374.5300
2023.11.29,16:00:00,14.585000,14.689000,14.410000,14.643000,3290642.3300
2023.11.29,20:00:00,14.643000,14.665000,14.457000,14.513000,2343155.0300
2023.11.30,00:00:00,14.513000,14.645000,14.336000,14.642000,3831985.1100
2023.11.30,04:00:00,14.643000,14.702000,14.400000,14.436000,3223890.4300
2023.11.30,08:00:00,14.436000,14.800000,14.282000,14.767000,5421131.5800
2023.11.30,12:00:00,14.767000,14.839000,14.326000,14.393000,5962273.0100
2023.11.30,16:00:00,14.393000,14.450000,14.313000,14.331000,2171223.0200
2023.11.30,20:00:00,14.331000,14.410000,14.257000,14.407000,1999987.8500
2023.12.01,00:00:00,14.407000,14.644000,14.268000,14.615000,4007942.1900
2023.12.01,04:00:00,14.616000,14.776000,14.546000,14.730000,3229295.1000
2023.12.01,08:00:00,14.730000,14.850000,14.704000,14.801000,3470271.1900
2023.12.01,12:00:00,14.802000,14.999000,14.687000,14.936000,5475680.3300
2023.12.01,16:00:00,14.935000,15.050000,14.858000,14.956000,4891668.7900
2023.12.01,20:00:00,14.956000,15.012000,14.893000,14.991000,1687597.6800
2023.12.02,00:00:00,14.990000,15.462000,14.917000,15.343000,5742317.5700
2023.12.02,04:00:00,15.342000,15.893000,15.248000,15.750000,7059126.6200
2023.12.02,08:00:00,15.750000,15.900000,15.610000,15.653000,5380138.9500
2023.12.02,12:00:00,15.653000,15.884000,15.608000,15.847000,4652769.6200
2023.12.02,16:00:00,15.848000,16.174000,15.690000,16.115000,7610930.2800
2023.12.02,20:00:00,16.115000,16.210000,15.918000,15.999000,4392473.5800
2023.12.03,00:00:00,15.998000,16.140000,15.815000,15.963000,4034958.1000
2023.12.03,04:00:00,15.964000,16.306000,15.881000,16.285000,3434493.1600
2023.12.03,08:00:00,16.285000,16.300000,15.898000,16.009000,3972854.0500
2023.12.03,12:00:00,16.010000,16.075000,15.751000,15.847000,5336209.5900
2023.12.03,16:00:00,15.846000,15.927000,15.741000,15.872000,2505578.9800
2023.12.03,20:00:00,15.872000,16.161000,15.669000,15.721000,4170881.8900
2023.12.04,00:00:00,15.721000,16.029000,15.633000,15.915000,5077108.5000
2023.12.04,04:00:00,15.916000,16.421000,15.914000,16.089000,8091162.7800
2023.12.04,08:00:00,16.089000,16.257000,15.070000,15.636000,10425195.4800
2023.12.04,12:00:00,15.636000,16.120000,15.394000,15.469000,9890609.3900
2023.12.04,16:00:00,15.470000,15.746000,15.440000,15.658000,3243972.4900
2023.12.04,20:00:00,15.658000,15.834000,15.535000,15.825000,3151411.2800
2023.12.05,00:00:00,15.825000,16.049000,15.559000,15.664000,5161706.4400
2023.12.05,04:00:00,15.664000,15.670000,15.216000,15.334000,5634260.6900
2023.12.05,08:00:00,15.335000,15.483000,15.180000,15.330000,4473825.4700
2023.12.05,12:00:00,15.331000,15.627000,15.256000,15.546000,4671778.0600
2023.12.05,16:00:00,15.545000,16.100000,15.401000,15.724000,9482475.4000
2023.12.05,20:00:00,15.725000,15.853000,15.461000,15.730000,5374595.8400
2023.12.06,00:00:00,15.730000,16.183000,15.614000,15.720000,8274393.7700
2023.12.06,04:00:00,15.719000,15.823000,15.336000,15.638000,5723631.3200
2023.12.06,08:00:00,15.637000,16.133000,15.307000,15.558000,10574327.8000
2023.12.06,12:00:00,15.557000,15.781000,15.458000,15.552000,6245109.8300
2023.12.06,16:00:00,15.552000,15.801000,15.500000,15.777000,3820942.6700
2023.12.06,20:00:00,15.777000,15.820000,15.232000,15.274000,4586087.1000
2023.12.07,00:00:00,15.272000,15.489000,15.251000,15.475000,3335494.9200
2023.12.07,04:00:00,15.475000,15.739000,15.449000,15.578000,3205662.6500
2023.12.07,08:00:00,15.578000,15.635000,15.036000,15.112000,8376139.8800
2023.12.07,12:00:00,15.113000,15.365000,14.660000,15.249000,12262573.4000
2023.12.07,16:00:00,15.249000,15.633000,15.162000,15.241000,6552288.7800
2023.12.07,20:00:00,15.241000,15.824000,15.178000,15.710000,6787791.0100
2023.12.08,00:00:00,15.709000,16.010000,15.561000,15.834000,5854710.7400
2023.12.08,04:00:00,15.833000,16.124000,15.751000,15.918000,6626709.1900
2023.12.08,08:00:00,15.919000,16.539000,15.900000,16.457000,9756184.5100
2023.12.08,12:00:00,16.456000,17.360000,16.338000,16.708000,18485398.1300
2023.12.08,16:00:00,16.709000,16.911000,16.552000,16.793000,6328240.4600
2023.12.08,20:00:00,16.794000,17.028000,16.742000,16.945000,3783935.4200
2023.12.09,00:00:00,16.944000,17.217000,16.656000,16.882000,5908717.5500
2023.12.09,04:00:00,16.882000,17.299000,16.868000,17.206000,4548349.8200
2023.12.09,08:00:00,17.205000,17.333000,16.560000,16.995000,8564164.9300
2023.12.09,12:00:00,16.996000,17.116000,16.351000,16.634000,9356897.4700
2023.12.09,16:00:00,16.634000,16.689000,16.278000,16.573000,4775243.8500
2023.12.09,20:00:00,16.575000,16.601000,16.030000,16.209000,3848879.2900
2023.12.10,00:00:00,16.209000,16.468000,16.209000,16.381000,2828068.7800
2023.12.10,04:00:00,16.380000,16.440000,16.193000,16.324000,2104916.5100
2023.12.10,08:00:00,16.324000,16.370000,15.798000,15.942000,5642539.4500
2023.12.10,12:00:00,15.942000,16.200000,15.912000,16.142000,3423804.0000
2023.12.10,16:00:00,16.141000,16.229000,15.961000,16.224000,2834683.8200
2023.12.10,20:00:00,16.224000,16.468000,16.202000,16.380000,3741629.7000
2023.12.11,00:00:00,16.380000,16.477000,13.666000,15.097000,24581347.1500
2023.12.11,04:00:00,15.098000,15.230000,14.758000,14.862000,9326218.5200
2023.12.11,08:00:00,14.862000,15.187000,14.721000,15.048000,5694050.2900
2023.12.11,12:00:00,15.047000,15.084000,14.606000,14.790000,7061707.1500
2023.12.11,16:00:00,14.790000,14.900000,14.211000,14.581000,10323534.4700
2023.12.11,20:00:00,14.582000,14.834000,14.501000,14.769000,3307763.0800
2023.12.12,00:00:00,14.769000,15.146000,14.760000,14.984000,5065462.0300
2023.12.12,04:00:00,14.984000,15.072000,14.687000,15.040000,3982634.3500
2023.12.12,08:00:00,15.040000,15.058000,14.780000,14.803000,3818219.8500
2023.12.12,12:00:00,14.803000,15.091000,14.568000,14.657000,7914253.5300
2023.12.12,16:00:00,14.656000,14.658000,14.180000,14.414000,7484745.6800
2023.12.12,20:00:00,14.415000,14.576000,14.165000,14.533000,3879554.1000
2023.12.13,00:00:00,14.532000,14.594000,13.902000,14.086000,8591729.2500
2023.12.13,04:00:00,14.087000,14.280000,13.856000,14.215000,6319596.9900
2023.12.13,08:00:00,14.216000,14.381000,14.081000,14.116000,4248030.6500
2023.12.13,12:00:00,14.116000,14.660000,14.097000,14.570000,6182736.4900
2023.12.13,16:00:00,14.572000,14.812000,14.362000,14.790000,5302592.4800
2023.12.13,20:00:00,14.790000,14.959000,14.657000,14.775000,4733490.6500
2023.12.14,00:00:00,14.775000,14.900000,14.672000,14.748000,3182545.8500
2023.12.14,04:00:00,14.749000,14.968000,14.623000,14.851000,3736208.1900
2023.12.14,08:00:00,14.850000,15.322000,14.775000,15.282000,5478265.9300
2023.12.14,12:00:00,15.281000,15.360000,14.034000,14.874000,14378175.3400
2023.12.14,16:00:00,14.874000,15.590000,14.850000,15.280000,9128947.8300
2023.12.14,20:00:00,15.280000,15.516000,15.141000,15.381000,3715607.2700
2023.12.15,00:00:00,15.381000,15.403000,14.937000,15.016000,4180359.6400
2023.12.15,04:00:00,15.016000,15.062000,14.865000,14.898000,3352854.6200
2023.12.15,08:00:00,14.898000,15.222000,14.880000,15.067000,4265832.7000
2023.12.15,12:00:00,15.067000,15.106000,14.647000,14.785000,6367245.1700
2023.12.15,16:00:00,14.785000,14.889000,14.684000,14.782000,2813362.2800
2023.12.15,20:00:00,14.781000,14.843000,14.260000,14.288000,4384666.5600
2023.12.16,00:00:00,14.289000,14.530000,14.087000,14.510000,4458547.2200
2023.12.16,04:00:00,14.509000,14.596000,14.415000,14.446000,2308953.6300
2023.12.16,08:00:00,14.446000,14.568000,14.401000,14.562000,2998762.8000
2023.12.16,12:00:00,14.561000,14.663000,14.480000,14.652000,3090668.3400
2023.12.16,16:00:00,14.651000,14.808000,14.320000,14.398000,4315579.5800
2023.12.16,20:00:00,14.399000,14.484000,14.284000,14.330000,2364500.0200
2023.12.17,00:00:00,14.330000,14.365000,14.130000,14.199000,3106827.0900
2023.12.17,04:00:00,14.200000,14.296000,14.013000,14.042000,3926339.9300
2023.12.17,08:00:00,14.042000,14.292000,14.019000,14.214000,2929136.9800
2023.12.17,12:00:00,14.215000,14.267000,14.016000,14.249000,3608279.1700
2023.12.17,16:00:00,14.249000,14.386000,14.141000,14.291000,3270810.5800
2023.12.17,20:00:00,14.291000,14.364000,13.910000,14.031000,3206984.9400
2023.12.18,00:00:00,14.030000,14.170000,13.640000,13.879000,5822083.2900
2023.12.18,04:00:00,13.879000,14.011000,13.816000,13.885000,3099060.2900
2023.12.18,08:00:00,13.886000,14.449000,13.775000,14.183000,16617027.8800
2023.12.18,12:00:00,14.184000,14.370000,13.965000,13.998000,7643638.2300
2023.12.18,16:00:00,13.998000,14.397000,13.854000,14.313000,5307084.6700
2023.12.18,20:00:00,14.314000,14.688000,14.261000,14.672000,5075736.0000
2023.12.19,00:00:00,14.672000,14.815000,14.531000,14.650000,3889107.4600
2023.12.19,04:00:00,14.649000,14.703000,14.536000,14.598000,2202955.4400
2023.12.19,08:00:00,14.598000,14.669000,14.451000,14.557000,3372238.6800
2023.12.19,12:00:00,14.557000,14.583000,14.114000,14.245000,5626576.3600
2023.12.19,16:00:00,14.244000,14.330000,13.921000,14.084000,4649364.4600
2023.12.19,20:00:00,14.084000,14.163000,13.978000,14.104000,2580371.2600
2023.12.20,00:00:00,14.105000,14.221000,13.978000,14.149000,3134035.1700
2023.12.20,04:00:00,14.148000,14.453000,14.124000,14.434000,2623227.2000
2023.12.20,08:00:00,14.433000,14.524000,14.327000,14.411000,2595170.1600
2023.12.20,12:00:00,14.411000,14.819000,14.332000,14.723000,5142836.2000
2023.12.20,16:00:00,14.723000,14.745000,14.335000,14.344000,4355640.6800
2023.12.20,20:00:00,14.344000,14.375000,14.028000,14.262000,4535459.5000
2023.12.21,00:00:00,14.263000,14.362000,14.188000,14.306000,2858102.5000
2023.12.21,04:00:00,14.306000,14.488000,14.227000,14.448000,2647401.3600
2023.12.21,08:00:00,14.448000,15.096000,14.448000,15.096000,6537857.2700
2023.12.21,12:00:00,15.097000,15.182000,14.615000,14.985000,8211590.8500
2023.12.21,16:00:00,14.986000,15.205000,14.910000,14.983000,5337015.4000
2023.12.21,20:00:00,14.983000,15.328000,14.936000,15.318000,3633430.2900
2023.12.22,00:00:00,15.319000,15.553000,15.192000,15.310000,5591949.7600
2023.12.22,04:00:00,15.310000,15.751000,15.116000,15.190000,7211922.1900
2023.12.22,08:00:00,15.190000,15.427000,15.076000,15.341000,4714049.0900
2023.12.22,12:00:00,15.342000,15.694000,15.117000,15.491000,5236244.1300
2023.12.22,16:00:00,15.491000,15.712000,15.315000,15.331000,3526820.9600
2023.12.22,20:00:00,15.331000,15.521000,15.326000,15.496000,1651757.9700
2023.12.23,00:00:00,15.495000,15.552000,14.930000,14.996000,4717752.3500
2023.12.23,04:00:00,14.995000,15.159000,14.911000,15.039000,2354215.8200
2023.12.23,08:00:00,15.038000,15.350000,14.983000,15.283000,3043498.5400
2023.12.23,12:00:00,15.283000,15.885000,15.240000,15.835000,7353862.6500
2023.12.23,16:00:00,15.835000,15.923000,15.566000,15.634000,5171845.9900
2023.12.23,20:00:00,15.637000,15.798000,15.441000,15.695000,3633137.8600
2023.12.24,00:00:00,15.695000,15.944000,15.556000,15.662000,4288348.6400
2023.12.24,04:00:00,15.662000,15.815000,15.310000,15.548000,4178115.0400
2023.12.24,08:00:00,15.548000,15.832000,15.452000,15.692000,4390366.0500
2023.12.24,12:00:00,15.694000,15.936000,15.591000,15.804000,3352590.8200
2023.12.24,16:00:00,15.805000,15.989000,15.681000,15.876000,3382337.4200
2023.12.24,20:00:00,15.877000,15.947000,15.100000,15.279000,5960678.1900
2023.12.25,00:00:00,15.279000,15.454000,15.134000,15.444000,2534364.4500
2023.12.25,04:00:00,15.443000,15.578000,15.368000,15.407000,2203494.1800
2023.12.25,08:00:00,15.407000,15.525000,15.148000,15.252000,3272797.2400
2023.12.25,12:00:00,15.252000,15.673000,15.181000,15.559000,4919253.8600
2023.12.25,16:00:00,15.559000,15.577000,15.310000,15.404000,3431925.0000
2023.12.25,20:00:00,15.404000,15.752000,15.200000,15.601000,5051821.9600
2023.12.26,00:00:00,15.601000,15.929000,15.507000,15.781000,3244430.5800
2023.12.26,04:00:00,15.782000,15.859000,15.075000,15.317000,6055810.9300
2023.12.26,08:00:00,15.316000,15.449000,15.045000,15.418000,3577308.0300
2023.12.26,12:00:00,15.419000,15.514000,15.065000,15.086000,4160348.6200
2023.12.26,16:00:00,15.086000,15.206000,14.210000,14.851000,8310146.3300
2023.12.26,20:00:00,14.852000,15.122000,14.840000,15.108000,3134234.8700
2023.12.27,00:00:00,15.108000,15.121000,14.657000,14.752000,3457264.4600
2023.12.27,04:00:00,14.751000,15.003000,14.740000,14.903000,2128397.6800
2023.12.27,08:00:00,14.903000,15.524000,14.888000,15.473000,4408890.9000
2023.12.27,12:00:00,15.472000,16.388000,15.395000,16.159000,12821515.7800
2023.12.27,16:00:00,16.159000,16.708000,16.139000,16.331000,10060513.5400
2023.12.27,20:00:00,16.330000,16.759000,16.292000,16.728000,4867044.5200
2023.12.28,00:00:00,16.728000,17.687000,16.662000,17.452000,13591089.2100
2023.12.28,04:00:00,17.453000,17.599000,16.716000,16.961000,8605194.9300
2023.12.28,08:00:00,16.961000,17.344000,16.895000,17.332000,6538520.3100
2023.12.28,12:00:00,17.332000,17.348000,16.101000,16.180000,12259717.7800
2023.12.28,16:00:00,16.179000,16.541000,16.129000,16.487000,4045120.1900
2023.12.28,20:00:00,16.487000,16.535000,15.995000,16.022000,3954070.5500
2023.12.29,00:00:00,16.023000,16.141000,15.541000,15.954000,7042085.1900
2023.12.29,04:00:00,15.953000,16.045000,15.684000,15.741000,2661256.0500
2023.12.29,08:00:00,15.744000,16.246000,15.735000,16.187000,3484239.4700
2023.12.29,12:00:00,16.187000,16.234000,15.459000,15.612000,7464944.0200
2023.12.29,16:00:00,15.613000,15.683000,15.204000,15.596000,5280026.9800
2023.12.29,20:00:00,15.597000,15.635000,15.124000,15.552000,2823873.0900
2023.12.30,00:00:00,15.552000,15.640000,15.220000,15.298000,3064346.4700
2023.12.30,04:00:00,15.298000,15.499000,15.288000,15.318000,1419507.5500
2023.12.30,08:00:00,15.318000,15.340000,15.026000,15.159000,2439767.0200
2023.12.30,12:00:00,15.160000,15.420000,15.110000,15.392000,2145094.5300
2023.12.30,16:00:00,15.392000,15.500000,15.241000,15.271000,1848543.1300
2023.12.30,20:00:00,15.272000,15.335000,15.073000,15.180000,1491281.5400
2023.12.31,00:00:00,15.181000,15.346000,14.934000,15.041000,2212561.4300
2023.12.31,04:00:00,15.040000,15.311000,15.006000,15.218000,1943115.1800
2023.12.31,08:00:00,15.218000,15.460000,15.191000,15.348000,2397696.9000
2023.12.31,12:00:00,15.349000,15.538000,15.263000,15.305000,2610909.7400
2023.12.31,16:00:00,15.305000,15.442000,15.227000,15.309000,1942369.9000
2023.12.31,20:00:00,15.310000,15.314000,14.750000,14.952000,3186732.2400
2024.01.01,00:00:00,14.951000,15.220000,14.871000,14.941000,1872505.5100
2024.01.01,04:00:00,14.940000,15.237000,14.812000,15.231000,1766535.0100
2024.01.01,08:00:00,15.231000,15.357000,15.139000,15.310000,1560556.6400
2024.01.01,12:00:00,15.310000,15.336000,15.155000,15.316000,1945719.9500
2024.01.01,16:00:00,15.318000,15.532000,15.198000,15.468000,2526912.4900
2024.01.01,20:00:00,15.468000,15.594000,15.383000,15.563000,2254602.8000
2024.01.02,00:00:00,15.563000,15.869000,15.508000,15.718000,3440499.6600
2024.01.02,04:00:00,15.718000,15.961000,15.712000,15.905000,2263926.3000
2024.01.02,08:00:00,15.905000,16.087000,15.824000,15.884000,3948845.1600
2024.01.02,12:00:00,15.884000,15.983000,15.276000,15.375000,4839735.8200
2024.01.02,16:00:00,15.376000,15.440000,15.100000,15.238000,3548604.2400
2024.01.02,20:00:00,15.237000,15.319000,15.059000,15.180000,2721762.1100
2024.01.03,00:00:00,15.180000,15.407000,15.125000,15.312000,1847570.0200
2024.01.03,04:00:00,15.312000,15.593000,15.272000,15.323000,2591746.1800
2024.01.03,08:00:00,15.324000,15.572000,14.800000,14.943000,5026883.4900
2024.01.03,12:00:00,14.944000,14.984000,12.066000,14.192000,20108323.0500
2024.01.03,16:00:00,14.193000,14.254000,13.692000,14.045000,4842874.8800
2024.01.03,20:00:00,14.045000,14.308000,14.029000,14.147000,2492416.0600
2024.01.04,00:00:00,14.146000,14.388000,13.972000,14.304000,3449844.1700
2024.01.04,04:00:00,14.306000,14.499000,14.253000,14.294000,2271353.6500
2024.01.04,08:00:00,14.296000,14.395000,14.105000,14.340000,2647370.4300
2024.01.04,12:00:00,14.339000,14.690000,14.240000,14.670000,4016683.6000
2024.01.04,16:00:00,14.670000,14.694000,14.424000,14.604000,3031763.4600
2024.01.04,20:00:00,14.604000,14.780000,14.455000,14.526000,2329342.5400
2024.01.05,00:00:00,14.527000,14.659000,13.770000,14.133000,5469786.2800
2024.01.05,04:00:00,14.132000,14.510000,14.011000,14.449000,4310453.4200
2024.01.05,08:00:00,14.449000,14.652000,14.171000,14.193000,5594604.3900
2024.01.05,12:00:00,14.193000,14.248000,13.800000,14.035000,5575710.0600
2024.01.05,16:00:00,14.034000,14.116000,13.675000,13.813000,4179446.4100
2024.01.05,20:00:00,13.812000,14.092000,13.801000,14.091000,2418010.3400
2024.01.06,00:00:00,14.091000,14.100000,13.769000,13.831000,1924334.9100
2024.01.06,04:00:00,13.830000,13.877000,13.161000,13.342000,6206255.9800
2024.01.06,08:00:00,13.341000,13.613000,13.226000,13.570000,2538759.4400
2024.01.06,12:00:00,13.571000,13.650000,13.393000,13.618000,2076232.6400
2024.01.06,16:00:00,13.618000,13.690000,13.471000,13.521000,1906143.6000
2024.01.06,20:00:00,13.521000,13.562000,13.254000,13.432000,1529183.8100
2024.01.07,00:00:00,13.432000,13.667000,13.384000,13.560000,2254826.9600
2024.01.07,04:00:00,13.561000,13.740000,13.559000,13.645000,2568237.1600
2024.01.07,08:00:00,13.645000,13.707000,13.388000,13.495000,2690507.1800
2024.01.07,12:00:00,13.495000,13.678000,13.403000,13.470000,2073603.4600
2024.01.07,16:00:00,13.470000,13.604000,13.287000,13.573000,2295037.1500
2024.01.07,20:00:00,13.573000,13.612000,12.959000,13.150000,3767091.1500
2024.01.08,00:00:00,13.149000,13.376000,12.517000,12.834000,9313455.5400
2024.01.08,04:00:00,12.835000,13.566000,12.767000,13.486000,4752760.1100
2024.01.08,08:00:00,13.486000,13.570000,13.205000,13.495000,3342038.5200
2024.01.08,12:00:00,13.495000,13.847000,13.484000,13.578000,5163052.6500
2024.01.08,16:00:00,13.578000,14.396000,13.505000,14.382000,4720483.2000
2024.01.08,20:00:00,14.381000,14.398000,14.091000,14.140000,2257900.8500
2024.01.09,00:00:00,14.140000,14.250000,13.847000,13.984000,3099066.2200
2024.01.09,04:00:00,13.983000,14.178000,13.910000,14.050000,2502577.0100
2024.01.09,08:00:00,14.050000,14.154000,13.681000,13.805000,3822579.9400
2024.01.09,12:00:00,13.805000,13.879000,13.152000,13.560000,6561498.5400
2024.01.09,16:00:00,13.560000,13.727000,13.404000,13.645000,2970897.6900
2024.01.09,20:00:00,13.646000,13.871000,13.355000,13.712000,8104956.6600
2024.01.10,00:00:00,13.711000,13.963000,13.562000,13.640000,2455111.5200
2024.01.10,04:00:00,13.638000,13.798000,13.597000,13.674000,1406371.5300
2024.01.10,08:00:00,13.675000,14.470000,13.565000,14.218000,5371549.8000
2024.01.10,12:00:00,14.218000,14.381000,13.596000,14.254000,6022734.7400
2024.01.10,16:00:00,14.253000,14.327000,14.004000,14.319000,3210843.2500
2024.01.10,20:00:00,14.319000,15.364000,13.916000,15.077000,8369189.9500
2024.01.11,00:00:00,15.077000,15.108000,14.772000,14.985000,3308144.2200
2024.01.11,04:00:00,14.984000,14.997000,14.593000,14.833000,2537677.4000
2024.01.11,08:00:00,14.832000,15.350000,14.780000,15.335000,3515139.1600
2024.01.11,12:00:00,15.332000,15.696000,14.881000,15.035000,8090002.2200
2024.01.11,16:00:00,15.036000,15.154000,14.693000,15.125000,4203136.3000
2024.01.11,20:00:00,15.126000,15.186000,14.815000,15.020000,2364587.9100
2024.01.12,00:00:00,15.020000,15.072000,14.741000,14.783000,2109257.4200
2024.01.12,04:00:00,14.783000,14.997000,14.695000,14.766000,1773555.8700
2024.01.12,08:00:00,14.766000,15.008000,14.639000,14.980000,2359200.4500
2024.01.12,12:00:00,14.979000,15.306000,14.725000,14.786000,5681554.0300
2024.01.12,16:00:00,14.786000,14.946000,14.000000,14.338000,6862134.8800
2024.01.12,20:00:00,14.339000,14.453000,13.563000,14.157000,4617152.5600
2024.01.13,00:00:00,14.156000,14.216000,13.784000,14.034000,2402593.2400
2024.01.13,04:00:00,14.034000,14.244000,14.019000,14.173000,1282646.1600
2024.01.13,08:00:00,14.174000,14.276000,14.000000,14.224000,2010829.7300
2024.01.13,12:00:00,14.224000,14.355000,14.121000,14.246000,1884368.3900
2024.01.13,16:00:00,14.246000,14.325000,14.123000,14.275000,1217349.4500
2024.01.13,20:00:00,14.274000,14.435000,14.263000,14.350000,1495174.0800
2024.01.14,00:00:00,14.345000,14.612000,14.266000,14.443000,2406183.9000
2024.01.14,04:00:00,14.442000,15.252000,14.410000,14.887000,7500861.3100
2024.01.14,08:00:00,14.886000,15.297000,14.843000,15.094000,4903768.8100
2024.01.14,12:00:00,15.093000,15.340000,14.954000,15.220000,3991348.6600
2024.01.14,16:00:00,15.220000,15.443000,14.905000,14.926000,5046676.9300
2024.01.14,20:00:00,14.927000,15.317000,14.752000,14.765000,5736191.4600
2024.01.15,00:00:00,14.765000,15.874000,14.756000,15.589000,8363464.5400
2024.01.15,04:00:00,15.588000,15.689000,15.427000,15.446000,4156744.0600
2024.01.15,08:00:00,15.447000,15.845000,15.444000,15.643000,4280567.5500
2024.01.15,12:00:00,15.643000,16.027000,15.220000,15.320000,8797138.1700
2024.01.15,16:00:00,15.318000,15.697000,15.243000,15.338000,3910057.3900
2024.01.15,20:00:00,15.338000,15.426000,14.984000,15.185000,3124517.7000
2024.01.16,00:00:00,15.185000,15.365000,15.057000,15.327000,2605783.5300
2024.01.16,04:00:00,15.328000,15.330000,15.014000,15.103000,2160055.5900
2024.01.16,08:00:00,15.104000,15.249000,14.964000,15.069000,2334096.9300
2024.01.16,12:00:00,15.069000,15.185000,14.733000,15.066000,4823496.6900
2024.01.16,16:00:00,15.065000,15.168000,14.961000,15.098000,2452347.2100
2024.01.16,20:00:00,15.099000,15.349000,15.098000,15.269000,2427339.5200
2024.01.17,00:00:00,15.269000,15.883000,15.269000,15.846000,6215588.9700
2024.01.17,04:00:00,15.846000,16.006000,15.732000,15.771000,6873658.2400
2024.01.17,08:00:00,15.771000,16.143000,15.613000,15.828000,7157997.3100
2024.01.17,12:00:00,15.827000,16.396000,15.728000,16.112000,9330394.3500
2024.01.17,16:00:00,16.112000,16.170000,15.605000,15.896000,7518035.9600
2024.01.17,20:00:00,15.896000,15.993000,15.498000,15.761000,3644552.0100
2024.01.18,00:00:00,15.761000,15.777000,15.250000,15.297000,3797150.6700
2024.01.18,04:00:00,15.297000,15.515000,15.217000,15.457000,2769773.5600
2024.01.18,08:00:00,15.457000,15.459000,15.174000,15.440000,3724013.9700
2024.01.18,12:00:00,15.439000,15.533000,15.070000,15.170000,5658833.2200
2024.01.18,16:00:00,15.170000,15.174000,14.183000,14.323000,9123181.7700
2024.01.18,20:00:00,14.324000,14.705000,14.243000,14.653000,4130710.9900
2024.01.19,00:00:00,14.654000,14.850000,14.455000,14.800000,3902760.8600
2024.01.19,04:00:00,14.799000,15.054000,14.717000,15.045000,4302012.4000
2024.01.19,08:00:00,15.045000,15.669000,14.887000,15.515000,8174387.0500
2024.01.19,12:00:00,15.515000,15.637000,15.025000,15.160000,8599911.4500
2024.01.19,16:00:00,15.159000,15.555000,14.630000,15.530000,9460594.9800
2024.01.19,20:00:00,15.529000,16.425000,15.385000,16.121000,7571667.2500
2024.01.20,00:00:00,16.122000,16.451000,15.767000,16.009000,8580296.8700
2024.01.20,04:00:00,16.008000,16.534000,16.007000,16.410000,6489624.1700
2024.01.20,08:00:00,16.411000,16.567000,15.817000,16.015000,8051262.0900
2024.01.20,12:00:00,16.015000,16.078000,15.726000,15.739000,4929085.0800
2024.01.20,16:00:00,15.740000,15.930000,15.628000,15.824000,3597165.4400
2024.01.20,20:00:00,15.824000,15.904000,15.705000,15.782000,2885534.3300
2024.01.21,00:00:00,15.781000,15.781000,15.494000,15.681000,3033261.0400
2024.01.21,04:00:00,15.683000,15.683000,15.481000,15.634000,1925352.1100
2024.01.21,08:00:00,15.635000,15.915000,15.559000,15.756000,3500070.2600
2024.01.21,12:00:00,15.756000,15.817000,15.438000,15.490000,3186567.4700
2024.01.21,16:00:00,15.490000,15.614000,15.373000,15.509000,2346462.0700
2024.01.21,20:00:00,15.510000,15.577000,15.379000,15.396000,1572923.6400
2024.01.22,00:00:00,15.397000,15.734000,15.220000,15.577000,6464311.1600
2024.01.22,04:00:00,15.578000,15.979000,15.482000,15.680000,6273208.1900
2024.01.22,08:00:00,15.681000,15.742000,14.950000,15.168000,8307008.0200
2024.01.22,12:00:00,15.168000,15.440000,14.790000,15.087000,6784316.2600
2024.01.22,16:00:00,15.088000,15.169000,14.551000,14.721000,6327941.1300
2024.01.22,20:00:00,14.721000,14.959000,14.500000,14.593000,3751480.7200
2024.01.23,00:00:00,14.593000,14.886000,14.572000,14.704000,2882982.1300
2024.01.23,04:00:00,14.704000,14.880000,14.483000,14.561000,2686007.9500
2024.01.23,08:00:00,14.561000,14.623000,13.851000,13.987000,9583385.3500
2024.01.23,12:00:00,13.987000,14.209000,13.554000,14.117000,7225348.1700
2024.01.23,16:00:00,14.117000,14.236000,13.852000,13.867000,4249913.5500
2024.01.23,20:00:00,13.867000,14.323000,13.788000,14.292000,3140118.7300
2024.01.24,00:00:00,14.292000,14.370000,14.041000,14.121000,3219670.7000
2024.01.24,04:00:00,14.120000,14.309000,14.030000,14.150000,2653089.9700
2024.01.24,08:00:00,14.151000,14.437000,14.106000,14.264000,3392769.0600
2024.01.24,12:00:00,14.264000,14.347000,13.984000,14.146000,4649606.2900
2024.01.24,16:00:00,14.147000,14.326000,13.936000,14.040000,4935169.5300
2024.01.24,20:00:00,14.040000,14.263000,13.905000,14.237000,2421125.2500
2024.01.25,00:00:00,14.238000,14.262000,13.941000,14.008000,2097521.7700
2024.01.25,04:00:00,14.008000,14.039000,13.843000,14.023000,1964705.2900
2024.01.25,08:00:00,14.023000,14.061000,13.757000,13.843000,2877829.8300
2024.01.25,12:00:00,13.844000,13.902000,13.500000,13.594000,4188254.2500
2024.01.25,16:00:00,13.594000,13.846000,13.501000,13.782000,2484333.0400
2024.01.25,20:00:00,13.783000,13.886000,13.717000,13.741000,1696683.8700
2024.01.26,00:00:00,13.742000,13.913000,13.633000,13.854000,2390640.1400
2024.01.26,04:00:00,13.855000,13.914000,13.708000,13.721000,2090975.6400
2024.01.26,08:00:00,13.722000,14.188000,13.719000,14.172000,4183801.4200
2024.01.26,12:00:00,14.171000,14.216000,13.946000,14.200000,3037785.7900
2024.01.26,16:00:00,14.200000,14.306000,14.104000,14.146000,2816233.6900
2024.01.26,20:00:00,14.147000,14.209000,14.038000,14.184000,1834428.4500
2024.01.27,00:00:00,14.182000,14.305000,14.165000,14.283000,1784174.1100
2024.01.27,04:00:00,14.283000,14.347000,14.093000,14.127000,1609183.7600
2024.01.27,08:00:00,14.127000,14.268000,14.083000,14.238000,1679696.0600
2024.01.27,12:00:00,14.239000,14.339000,14.206000,14.288000,1393951.8900
2024.01.27,16:00:00,14.288000,14.398000,14.222000,14.360000,1661827.3900
2024.01.27,20:00:00,14.359000,14.390000,14.297000,14.338000,1201667.0300
2024.01.28,00:00:00,14.337000,14.573000,14.259000,14.561000,2522741.6400
2024.01.28,04:00:00,14.560000,14.640000,14.431000,14.472000,2306828.8500
2024.01.28,08:00:00,14.473000,14.695000,14.427000,14.511000,2540452.9600
2024.01.28,12:00:00,14.511000,14.582000,14.302000,14.402000,2873815.3200
2024.01.28,16:00:00,14.401000,14.488000,14.190000,14.277000,2901971.6700
2024.01.28,20:00:00,14.277000,14.536000,14.199000,14.475000,2325491.1800
2024.01.29,00:00:00,14.476000,14.860000,14.403000,14.712000,4407565.0300
2024.01.29,04:00:00,14.711000,14.821000,14.572000,14.587000,2443565.9600
2024.01.29,08:00:00,14.587000,14.712000,14.493000,14.551000,2424249.0600
2024.01.29,12:00:00,14.550000,14.720000,14.257000,14.702000,4486658.1400
2024.01.29,16:00:00,14.701000,15.080000,14.578000,14.984000,5176536.7900
2024.01.29,20:00:00,14.985000,15.081000,14.933000,15.001000,2070947.9800
2024.01.30,00:00:00,15.001000,15.136000,14.892000,14.960000,2304809.1900
2024.01.30,04:00:00,14.960000,15.057000,14.938000,15.001000,1652437.7100
2024.01.30,08:00:00,15.001000,15.253000,14.944000,15.229000,2783165.9100
2024.01.30,12:00:00,15.230000,15.606000,14.962000,15.596000,6638661.0400
2024.01.30,16:00:00,15.597000,15.805000,15.560000,15.634000,5392181.8600
2024.01.30,20:00:00,15.633000,15.707000,15.370000,15.476000,3238805.6800
2024.01.31,00:00:00,15.476000,15.940000,15.360000,15.853000,7664970.5800
2024.01.31,04:00:00,15.852000,16.061000,15.791000,15.826000,4716430.9400
2024.01.31,08:00:00,15.825000,15.949000,15.428000,15.784000,6024384.8800
2024.01.31,12:00:00,15.785000,15.856000,15.274000,15.710000,6396350.2600
2024.01.31,16:00:00,15.709000,15.865000,15.513000,15.733000,4525607.8100
2024.01.31,20:00:00,15.731000,15.745000,15.080000,15.424000,5696623.2500
2024.02.01,00:00:00,15.423000,15.626000,15.146000,15.189000,6195358.6300
2024.02.01,04:00:00,15.188000,15.837000,15.173000,15.777000,6257793.7500
2024.02.01,08:00:00,15.776000,15.828000,15.466000,15.569000,5144246.9700
2024.02.01,12:00:00,15.568000,16.961000,15.567000,16.694000,16887436.4100
2024.02.01,16:00:00,16.696000,17.046000,16.469000,16.937000,13513940.6100
2024.02.01,20:00:00,16.937000,17.388000,16.880000,17.191000,12474796.0500
2024.02.02,00:00:00,17.191000,18.053000,17.129000,17.862000,17241759.6200
2024.02.02,04:00:00,17.863000,18.267000,17.705000,18.116000,13905630.8900
2024.02.02,08:00:00,18.116000,18.203000,17.800000,17.831000,10616217.8700
2024.02.02,12:00:00,17.831000,18.887000,17.676000,18.730000,21944475.7600
2024.02.02,16:00:00,18.729000,18.879000,18.017000,18.223000,13307059.5900
2024.02.02,20:00:00,18.223000,18.227000,17.552000,17.822000,9464480.1300
2024.02.03,00:00:00,17.825000,17.956000,17.505000,17.524000,7163416.1200
2024.02.03,04:00:00,17.524000,17.845000,17.520000,17.716000,4162245.6400
2024.02.03,08:00:00,17.718000,18.150000,17.711000,17.966000,7481713.3100
2024.02.03,12:00:00,17.967000,18.094000,17.772000,18.085000,5140066.6700
2024.02.03,16:00:00,18.085000,18.094000,17.664000,17.749000,5050234.7200
2024.02.03,20:00:00,17.749000,17.775000,17.544000,17.660000,3042672.6500
2024.02.04,00:00:00,17.661000,17.992000,17.644000,17.892000,4144643.7500
2024.02.04,04:00:00,17.893000,17.899000,17.526000,17.627000,4445275.6300
2024.02.04,08:00:00,17.627000,18.301000,17.587000,18.153000,6074618.9300
2024.02.04,12:00:00,18.153000,18.394000,18.034000,18.205000,5807198.7700
2024.02.04,16:00:00,18.205000,18.720000,18.145000,18.303000,7747343.1000
2024.02.04,20:00:00,18.304000,18.670000,18.100000,18.150000,7025692.2200
2024.02.05,00:00:00,18.151000,18.512000,17.800000,18.457000,7549793.3700
2024.02.05,04:00:00,18.457000,18.888000,18.393000,18.705000,9176173.3700
2024.02.05,08:00:00,18.705000,19.750000,18.541000,19.664000,14992446.0900
2024.02.05,12:00:00,19.664000,19.800000,19.121000,19.279000,14262640.6400
2024.02.05,16:00:00,19.281000,19.377000,19.105000,19.156000,6676388.6400
2024.02.05,20:00:00,19.156000,19.190000,18.752000,19.156000,6743757.7900
2024.02.06,00:00:00,19.154000,19.330000,18.827000,18.896000,5935491.2700
2024.02.06,04:00:00,18.895000,19.111000,18.802000,19.064000,4013264.3000
2024.02.06,08:00:00,19.064000,19.315000,18.583000,18.761000,7916970.3300
2024.02.06,12:00:00,18.762000,18.873000,18.399000,18.639000,6720492.2500
2024.02.06,16:00:00,18.638000,18.780000,18.354000,18.552000,6247312.2300
2024.02.06,20:00:00,18.551000,18.605000,18.215000,18.289000,3870809.0600
2024.02.07,00:00:00,18.289000,18.396000,18.052000,18.291000,3913859.3100
2024.02.07,04:00:00,18.292000,18.559000,18.164000,18.385000,4628189.3600
2024.02.07,08:00:00,18.386000,18.632000,18.178000,18.282000,5090005.8600
2024.02.07,12:00:00,18.281000,18.431000,18.160000,18.418000,4170439.0100
2024.02.07,16:00:00,18.418000,18.689000,18.348000,18.455000,4358309.7700
2024.02.07,20:00:00,18.459000,19.073000,18.449000,18.809000,5125062.4000
2024.02.08,00:00:00,18.810000,18.976000,18.656000,18.820000,3366829.0400
2024.02.08,04:00:00,18.820000,19.261000,18.728000,19.150000,5145288.0300
2024.02.08,08:00:00,19.150000,19.154000,18.664000,18.687000,5243082.6500
2024.02.08,12:00:00,18.688000,18.748000,18.315000,18.650000,8217247.6400
2024.02.08,16:00:00,18.651000,18.693000,18.065000,18.154000,6200469.8900
2024.02.08,20:00:00,18.153000,18.299000,17.956000,18.200000,2784664.5800
2024.02.09,00:00:00,18.200000,18.500000,18.000000,18.241000,4236157.3500
2024.02.09,04:00:00,18.242000,18.410000,18.114000,18.334000,2505401.8100
2024.02.09,08:00:00,18.335000,18.492000,18.162000,18.405000,3711920.1800
2024.02.09,12:00:00,18.409000,18.613000,18.131000,18.362000,7291178.4600
2024.02.09,16:00:00,18.362000,18.497000,18.184000,18.231000,3818997.9100
2024.02.09,20:00:00,18.230000,18.620000,18.228000,18.469000,3251970.8600
2024.02.10,00:00:00,18.470000,18.771000,18.249000,18.669000,3322115.0800
2024.02.10,04:00:00,18.671000,18.689000,18.307000,18.332000,2386962.5100
2024.02.10,08:00:00,18.332000,18.445000,17.974000,18.163000,3905786.0400
2024.02.10,12:00:00,18.163000,18.447000,18.136000,18.357000,2916461.0900
2024.02.10,16:00:00,18.358000,18.700000,18.303000,18.631000,3075819.8200
2024.02.10,20:00:00,18.630000,19.130000,18.594000,19.080000,4111135.8100
2024.02.11,00:00:00,19.079000,19.793000,18.850000,19.624000,8518085.7000
2024.02.11,04:00:00,19.623000,20.493000,19.612000,20.347000,9831984.5500
2024.02.11,08:00:00,20.347000,20.690000,20.303000,20.555000,7767118.8400
2024.02.11,12:00:00,20.554000,20.617000,19.932000,20.288000,8058140.2400
2024.02.11,16:00:00,20.287000,20.388000,20.028000,20.264000,4246927.7900
2024.02.11,20:00:00,20.265000,20.373000,20.042000,20.153000,2961538.9600
2024.02.12,00:00:00,20.153000,20.640000,19.756000,20.020000,7124846.4800
2024.02.12,04:00:00,20.021000,20.431000,19.951000,20.227000,4493697.7200
2024.02.12,08:00:00,20.227000,20.520000,19.951000,20.468000,4462929.0300
2024.02.12,12:00:00,20.468000,20.817000,19.879000,20.266000,9399877.1400
2024.02.12,16:00:00,20.266000,20.860000,20.130000,20.624000,7976082.5500
2024.02.12,20:00:00,20.624000,20.817000,20.436000,20.472000,3361292.9800
2024.02.13,00:00:00,20.474000,20.600000,20.077000,20.110000,3921830.8900
2024.02.13,04:00:00,20.110000,20.281000,20.056000,20.117000,2933943.8700
2024.02.13,08:00:00,20.117000,20.270000,19.993000,20.104000,3435811.4900
2024.02.13,12:00:00,20.104000,20.194000,19.365000,19.886000,9316125.0500
2024.02.13,16:00:00,19.886000,19.926000,19.618000,19.656000,3782611.0500
2024.02.13,20:00:00,19.657000,19.929000,19.646000,19.879000,1867140.3300
2024.02.14,00:00:00,19.880000,20.202000,19.713000,20.093000,3533801.4600
2024.02.14,04:00:00,20.093000,20.129000,19.903000,20.099000,2169044.9400
2024.02.14,08:00:00,20.099000,20.450000,19.963000,20.293000,5755139.7500
2024.02.14,12:00:00,20.294000,20.371000,19.835000,20.115000,5044752.2500
2024.02.14,16:00:00,20.115000,20.270000,19.960000,20.200000,3544684.6400
2024.02.14,20:00:00,20.200000,20.411000,20.150000,20.260000,2317547.2200
2024.02.15,00:00:00,20.261000,20.550000,20.008000,20.176000,4232660.0700
2024.02.15,04:00:00,20.175000,20.210000,19.801000,19.977000,2967387.5400
2024.02.15,08:00:00,19.977000,20.261000,19.935000,20.041000,2757090.6800
2024.02.15,12:00:00,20.039000,20.248000,19.775000,19.890000,5256692.3100
2024.02.15,16:00:00,19.888000,20.330000,19.656000,20.077000,4802505.8500
2024.02.15,20:00:00,20.078000,20.142000,19.742000,19.952000,2436365.7300
2024.02.16,00:00:00,19.952000,20.096000,19.814000,20.050000,2004910.0500
2024.02.16,04:00:00,20.051000,20.337000,19.850000,19.867000,3320614.0300
2024.02.16,08:00:00,19.868000,20.019000,19.630000,19.900000,3266404.8100
2024.02.16,12:00:00,19.901000,20.211000,19.115000,19.511000,7713174.7400
2024.02.16,16:00:00,19.510000,19.701000,19.234000,19.318000,3543318.0300
2024.02.16,20:00:00,19.319000,19.600000,19.283000,19.566000,1548778.8700
2024.02.17,00:00:00,19.567000,19.584000,19.268000,19.552000,1416392.5100
2024.02.17,04:00:00,19.552000,19.610000,19.423000,19.594000,1083022.0700
2024.02.17,08:00:00,19.594000,19.639000,19.312000,19.540000,2005625.7200
2024.02.17,12:00:00,19.538000,19.883000,19.226000,19.629000,7338384.2300
2024.02.17,16:00:00,19.629000,20.119000,19.583000,20.108000,3924285.2000
2024.02.17,20:00:00,20.108000,20.297000,20.030000,20.046000,2455153.3900
2024.02.18,00:00:00,20.049000,20.072000,19.761000,19.925000,2178670.9500
2024.02.18,04:00:00,19.924000,20.150000,19.850000,20.005000,1963753.8700
2024.02.18,08:00:00,20.004000,20.139000,19.905000,20.040000,1742746.5800
2024.02.18,12:00:00,20.040000,20.112000,19.873000,19.928000,1729470.0700
2024.02.18,16:00:00,19.927000,20.200000,19.843000,20.014000,2557679.9500
2024.02.18,20:00:00,20.014000,20.401000,19.866000,20.137000,4227736.0300
2024.02.19,00:00:00,20.135000,20.269000,20.009000,20.065000,2302647.3200
2024.02.19,04:00:00,20.064000,20.247000,19.914000,20.231000,2675723.1500
2024.02.19,08:00:00,20.231000,20.242000,19.775000,19.924000,3498305.7600
2024.02.19,12:00:00,19.924000,19.933000,19.656000,19.802000,2997591.0700
2024.02.19,16:00:00,19.802000,20.192000,19.792000,20.062000,5083981.0500
2024.02.19,20:00:00,20.063000,20.215000,19.812000,19.848000,3038077.8800
2024.02.20,00:00:00,19.848000,19.904000,19.500000,19.613000,3144593.3300
2024.02.20,04:00:00,19.613000,19.849000,19.500000,19.607000,2320445.5100
2024.02.20,08:00:00,19.607000,19.690000,19.230000,19.609000,4300461.0500
2024.02.20,12:00:00,19.610000,19.736000,18.264000,18.988000,9194431.4000
2024.02.20,16:00:00,18.988000,19.224000,18.608000,19.210000,4096074.3100
2024.02.20,20:00:00,19.210000,19.509000,19.130000,19.296000,2352256.7900
2024.02.21,00:00:00,19.297000,19.307000,18.953000,19.011000,1743747.4800
2024.02.21,04:00:00,19.012000,19.061000,18.664000,18.758000,2320991.6000
2024.02.21,08:00:00,18.758000,18.871000,18.233000,18.293000,4527696.7800
2024.02.21,12:00:00,18.293000,18.585000,18.116000,18.407000,4539192.1300
2024.02.21,16:00:00,18.408000,18.533000,18.005000,18.288000,3447917.1900
2024.02.21,20:00:00,18.288000,18.625000,18.186000,18.598000,2111394.3000
2024.02.22,00:00:00,18.599000,18.649000,18.143000,18.370000,2259284.5900
2024.02.22,04:00:00,18.370000,18.828000,18.301000,18.823000,2116356.4600
2024.02.22,08:00:00,18.823000,19.034000,18.651000,18.679000,3407916.9400
2024.02.22,12:00:00,18.679000,18.741000,18.181000,18.517000,3772909.5800
2024.02.22,16:00:00,18.517000,18.551000,18.282000,18.404000,2119981.2500
2024.02.22,20:00:00,18.403000,18.649000,18.088000,18.140000,3041011.8900
2024.02.23,00:00:00,18.140000,18.306000,17.850000,17.936000,2810605.7500
2024.02.23,04:00:00,17.936000,18.134000,17.835000,17.959000,1867253.2800
2024.02.23,08:00:00,17.959000,18.076000,17.711000,17.982000,3248105.4100
2024.02.23,12:00:00,17.982000,18.081000,17.760000,17.882000,4902665.9900
2024.02.23,16:00:00,17.883000,18.193000,17.597000,18.158000,4487218.5500
2024.02.23,20:00:00,18.158000,18.263000,17.756000,17.954000,2320408.0200
2024.02.24,00:00:00,17.954000,18.214000,17.770000,18.183000,2101314.7100
2024.02.24,04:00:00,18.182000,18.481000,18.144000,18.464000,2248607.1300
2024.02.24,08:00:00,18.463000,18.505000,18.340000,18.401000,1763174.5400
2024.02.24,12:00:00,18.402000,18.402000,18.223000,18.248000,1670043.8700
2024.02.24,16:00:00,18.249000,18.530000,18.242000,18.492000,1930517.6900
2024.02.24,20:00:00,18.493000,18.585000,18.415000,18.549000,1306463.1900
2024.02.25,00:00:00,18.549000,18.699000,18.417000,18.546000,1897873.9500
2024.02.25,04:00:00,18.547000,18.669000,18.455000,18.577000,996682.6300
2024.02.25,08:00:00,18.577000,18.586000,18.384000,18.580000,1215335.9900
2024.02.25,12:00:00,18.579000,18.858000,18.550000,18.636000,2323800.6200
2024.02.25,16:00:00,18.637000,18.813000,18.522000,18.756000,1741883.2500
2024.02.25,20:00:00,18.756000,18.889000,18.669000,18.741000,1244635.9200
2024.02.26,00:00:00,18.741000,18.876000,18.575000,18.691000,1352011.1600
2024.02.26,04:00:00,18.689000,18.695000,18.455000,18.479000,1446886.3300
2024.02.26,08:00:00,18.481000,18.579000,18.150000,18.259000,2470402.1400
2024.02.26,12:00:00,18.259000,18.930000,18.160000,18.885000,4660308.9000
2024.02.26,16:00:00,18.886000,19.231000,18.812000,19.231000,4318766.0100
2024.02.26,20:00:00,19.231000,19.288000,19.024000,19.106000,2427480.9300
2024.02.27,00:00:00,19.106000,19.367000,18.952000,19.043000,3484845.6400
2024.02.27,04:00:00,19.044000,19.171000,18.976000,19.014000,1684631.5700
2024.02.27,08:00:00,19.014000,19.388000,19.008000,19.293000,2200218.5200
2024.02.27,12:00:00,19.294000,19.371000,18.772000,18.861000,4332221.6800
2024.02.27,16:00:00,18.861000,19.208000,18.682000,19.133000,3352898.5500
2024.02.27,20:00:00,19.132000,19.258000,19.027000,19.047000,1722542.6400
2024.02.28,00:00:00,19.050000,19.129000,18.826000,18.913000,1853396.2100
2024.02.28,04:00:00,18.913000,19.179000,18.905000,19.159000,1422457.9700
2024.02.28,08:00:00,19.159000,19.662000,19.040000,19.262000,6111513.3700
2024.02.28,12:00:00,19.263000,20.931000,19.154000,19.775000,17532827.3800
2024.02.28,16:00:00,19.775000,20.333000,17.911000,18.898000,12714228.8600
2024.02.28,20:00:00,18.898000,19.471000,18.765000,19.454000,3494456.6100
2024.02.29,00:00:00,19.454000,19.800000,19.258000,19.503000,3726206.0800
2024.02.29,04:00:00,19.504000,20.175000,19.430000,20.098000,4608770.5800
2024.02.29,08:00:00,20.097000,20.491000,19.956000,20.135000,4547735.8900
2024.02.29,12:00:00,20.134000,20.461000,19.895000,20.166000,4652675.2700
2024.02.29,16:00:00,20.166000,20.198000,19.463000,19.782000,5933047.3300
2024.02.29,20:00:00,19.781000,19.839000,18.809000,19.297000,5192433.3500
2024.03.01,00:00:00,19.296000,19.813000,19.293000,19.560000,2877656.3800
2024.03.01,04:00:00,19.559000,19.866000,19.556000,19.736000,1799265.0800
2024.03.01,08:00:00,19.737000,20.084000,19.691000,19.904000,2337764.6800
2024.03.01,12:00:00,19.904000,20.050000,19.606000,19.713000,3231296.7100
2024.03.01,16:00:00,19.715000,20.031000,19.668000,19.884000,2400485.9500
2024.03.01,20:00:00,19.885000,20.128000,19.766000,20.081000,1915152.1200
2024.03.02,00:00:00,20.081000,20.707000,19.986000,20.671000,4132950.8300
2024.03.02,04:00:00,20.671000,21.480000,20.631000,21.249000,6786553.1400
2024.03.02,08:00:00,21.249000,21.310000,20.664000,20.772000,4143241.7200
2024.03.02,12:00:00,20.772000,21.335000,20.751000,21.139000,4815519.5500
2024.03.02,16:00:00,21.139000,21.724000,21.134000,21.395000,4170676.6300
2024.03.02,20:00:00,21.395000,21.492000,21.155000,21.427000,1695567.0500
2024.03.03,00:00:00,21.426000,21.576000,21.068000,21.299000,2524000.0100
2024.03.03,04:00:00,21.296000,21.384000,19.265000,20.244000,5867170.7900
2024.03.03,08:00:00,20.245000,20.541000,20.021000,20.532000,4285608.1900
2024.03.03,12:00:00,20.530000,20.731000,20.370000,20.563000,2701944.5900
2024.03.03,16:00:00,20.565000,20.694000,20.440000,20.585000,2290802.1300
2024.03.03,20:00:00,20.584000,20.718000,20.431000,20.530000,1528330.4900
2024.03.04,00:00:00,20.530000,20.933000,20.173000,20.271000,4052246.9000
2024.03.04,04:00:00,20.271000,20.466000,20.162000,20.387000,1748223.0400
2024.03.04,08:00:00,20.388000,20.843000,20.300000,20.509000,4045974.7200
2024.03.04,12:00:00,20.510000,20.785000,20.110000,20.516000,4000409.3300
2024.03.04,16:00:00,20.515000,20.569000,19.832000,20.368000,5362886.1200
2024.03.04,20:00:00,20.368000,20.634000,20.244000,20.440000,2493516.8100
2024.03.05,00:00:00,20.440000,20.465000,19.955000,20.152000,2701062.2800
2024.03.05,04:00:00,20.151000,21.101000,20.006000,20.438000,8060511.9600
2024.03.05,08:00:00,20.438000,20.942000,20.250000,20.749000,3018077.3500
2024.03.05,12:00:00,20.749000,20.846000,20.245000,20.508000,6005494.9100
2024.03.05,16:00:00,20.508000,20.644000,16.351000,17.747000,14200154.3700
2024.03.05,20:00:00,17.748000,19.054000,17.598000,18.978000,9865588.1400
2024.03.06,00:00:00,18.978000,19.128000,18.400000,18.627000,3208933.6100
2024.03.06,04:00:00,18.627000,19.552000,18.593000,19.530000,3508546.8800
2024.03.06,08:00:00,19.528000,19.820000,19.391000,19.603000,3784542.4800
2024.03.06,12:00:00,19.603000,19.714000,19.003000,19.396000,5347888.9400
2024.03.06,16:00:00,19.396000,20.114000,19.370000,19.959000,3286840.3500
2024.03.06,20:00:00,19.958000,20.176000,19.869000,20.107000,2120248.7600
2024.03.07,00:00:00,20.107000,20.431000,19.916000,19.999000,3567649.8900
2024.03.07,04:00:00,19.997000,20.091000,19.608000,19.961000,2805410.2200
2024.03.07,08:00:00,19.961000,20.060000,19.817000,19.945000,1690433.5700
2024.03.07,12:00:00,19.945000,20.222000,19.690000,20.107000,3395238.7600
2024.03.07,16:00:00,20.106000,20.234000,20.002000,20.125000,2238062.5100
2024.03.07,20:00:00,20.125000,20.230000,19.976000,20.117000,1475108.2000
2024.03.08,00:00:00,20.117000,20.418000,19.920000,20.003000,2217411.8800
2024.03.08,04:00:00,20.004000,20.040000,19.729000,19.828000,2010888.1200
2024.03.08,08:00:00,19.828000,20.050000,19.762000,20.017000,1678392.2500
2024.03.08,12:00:00,20.018000,20.215000,19.110000,19.703000,6096508.7100
2024.03.08,16:00:00,19.704000,20.002000,19.225000,19.768000,5239527.0100
2024.03.08,20:00:00,19.769000,19.869000,19.547000,19.721000,1582809.2000
2024.03.09,00:00:00,19.721000,20.158000,19.680000,20.069000,1510126.1700
2024.03.09,04:00:00,20.069000,20.203000,19.977000,19.988000,1424152.8700
2024.03.09,08:00:00,19.990000,20.070000,19.679000,19.959000,1694304.1600
2024.03.09,12:00:00,19.961000,20.303000,19.954000,20.221000,2921914.7400
2024.03.09,16:00:00,20.221000,20.360000,19.820000,19.918000,3149925.9300
2024.03.09,20:00:00,19.919000,20.106000,19.919000,19.997000,1037101.1300
2024.03.10,00:00:00,19.999000,20.098000,19.853000,19.923000,1501656.5700
2024.03.10,04:00:00,19.923000,20.071000,19.855000,20.066000,1149861.4100
2024.03.10,08:00:00,20.065000,20.130000,19.633000,19.884000,3508103.3200
2024.03.10,12:00:00,19.885000,20.028000,19.383000,19.597000,3881485.5900
2024.03.10,16:00:00,19.597000,19.874000,19.556000,19.866000,1673994.3300
2024.03.10,20:00:00,19.866000,21.988000,19.704000,21.703000,9979944.6200
2024.03.11,00:00:00,21.703000,22.900000,20.634000,21.251000,15197096.4400
2024.03.11,04:00:00,21.252000,21.544000,21.010000,21.371000,4611935.5200
2024.03.11,08:00:00,21.372000,21.634000,21.105000,21.385000,4726625.3100
2024.03.11,12:00:00,21.384000,21.645000,21.009000,21.192000,4327626.6400
2024.03.11,16:00:00,21.193000,21.461000,20.912000,21.165000,3650016.5100
2024.03.11,20:00:00,21.165000,21.490000,21.151000,21.316000,1883150.7400
2024.03.12,00:00:00,21.317000,21.380000,20.730000,20.848000,3231408.4300
2024.03.12,04:00:00,20.848000,20.900000,20.428000,20.600000,4833824.2100
2024.03.12,08:00:00,20.599000,20.748000,20.085000,20.518000,4223976.2400
2024.03.12,12:00:00,20.517000,20.838000,20.166000,20.554000,5569879.5700
2024.03.12,16:00:00,20.555000,20.740000,19.502000,20.728000,8253808.5700
2024.03.12,20:00:00,20.727000,20.754000,20.452000,20.724000,1815879.9000
2024.03.13,00:00:00,20.724000,20.944000,20.511000,20.725000,2424081.5600
2024.03.13,04:00:00,20.724000,20.980000,20.531000,20.817000,2478906.7200
2024.03.13,08:00:00,20.817000,20.994000,20.704000,20.749000,2250711.4100
2024.03.13,12:00:00,20.750000,20.773000,20.222000,20.416000,4421792.2300
2024.03.13,16:00:00,20.416000,20.513000,20.298000,20.441000,2137308.3500
2024.03.13,20:00:00,20.441000,20.831000,20.274000,20.770000,2265409.1200
2024.03.14,00:00:00,20.771000,20.850000,20.559000,20.648000,2103504.0700
2024.03.14,04:00:00,20.648000,20.669000,20.332000,20.473000,1997703.6100
2024.03.14,08:00:00,20.474000,21.671000,20.465000,21.642000,7586930.6600
2024.03.14,12:00:00,21.641000,21.980000,20.442000,20.585000,11431664.1300
2024.03.14,16:00:00,20.586000,21.500000,19.880000,20.280000,10248136.3000
2024.03.14,20:00:00,20.279000,21.326000,20.243000,20.909000,4875544.1600
2024.03.15,00:00:00,20.910000,21.037000,18.677000,19.588000,9940270.2500
2024.03.15,04:00:00,19.588000,19.736000,19.128000,19.596000,5443934.3900
2024.03.15,08:00:00,19.597000,19.604000,18.438000,19.270000,8149893.2200
2024.03.15,12:00:00,19.269000,19.629000,19.158000,19.417000,3776672.3500
2024.03.15,16:00:00,19.417000,19.881000,19.208000,19.394000,4158483.7100
2024.03.15,20:00:00,19.391000,19.675000,18.985000,19.648000,2973573.9700
2024.03.16,00:00:00,19.649000,19.851000,19.360000,19.422000,3567878.6800
2024.03.16,04:00:00,19.425000,19.636000,19.136000,19.634000,2283792.1200
2024.03.16,08:00:00,19.633000,19.668000,19.131000,19.322000,2863063.0300
2024.03.16,12:00:00,19.322000,19.385000,18.667000,19.028000,3818622.4900
2024.03.16,16:00:00,19.028000,19.029000,18.031000,18.209000,5988798.1700
2024.03.16,20:00:00,18.209000,18.500000,17.815000,18.130000,4440353.9600
2024.03.17,00:00:00,18.132000,18.416000,17.891000,18.416000,2760842.5200
2024.03.17,04:00:00,18.415000,18.434000,17.382000,17.683000,4405084.9500
2024.03.17,08:00:00,17.683000,18.511000,17.564000,18.355000,4304802.3900
2024.03.17,12:00:00,18.355000,18.620000,17.942000,18.543000,3432926.8500
2024.03.17,16:00:00,18.541000,18.716000,18.456000,18.695000,2079809.5100
2024.03.17,20:00:00,18.695000,18.841000,18.529000,18.680000,1870323.5800
2024.03.18,00:00:00,18.680000,19.204000,18.212000,18.929000,6017777.5500
2024.03.18,04:00:00,18.929000,19.508000,18.791000,19.481000,3358791.8400
2024.03.18,08:00:00,19.485000,19.509000,18.732000,19.251000,4454439.3700
2024.03.18,12:00:00,19.249000,19.310000,18.269000,18.618000,5758315.6800
2024.03.18,16:00:00,18.615000,18.875000,18.062000,18.214000,4754274.0400
2024.03.18,20:00:00,18.215000,18.655000,18.215000,18.319000,2197917.5100
2024.03.19,00:00:00,18.318000,18.483000,17.382000,17.714000,7105364.9700
2024.03.19,04:00:00,17.713000,17.800000,16.709000,17.350000,6429496.5700
2024.03.19,08:00:00,17.350000,17.370000,16.504000,17.332000,8213955.5200
2024.03.19,12:00:00,17.333000,17.861000,17.265000,17.787000,7170440.2500
2024.03.19,16:00:00,17.786000,17.980000,17.501000,17.632000,4334018.8500
2024.03.19,20:00:00,17.633000,17.667000,16.525000,16.816000,5245017.0900
2024.03.20,00:00:00,16.816000,17.286000,16.775000,16.872000,4358838.7700
2024.03.20,04:00:00,16.875000,17.440000,16.267000,17.342000,6562208.7700
2024.03.20,08:00:00,17.341000,17.486000,17.082000,17.428000,3533863.0600
2024.03.20,12:00:00,17.426000,17.710000,17.264000,17.333000,5558524.8300
2024.03.20,16:00:00,17.333000,18.156000,16.606000,18.093000,8626376.5200
2024.03.20,20:00:00,18.093000,18.510000,18.016000,18.425000,3361233.0300
2024.03.21,00:00:00,18.424000,18.561000,18.231000,18.328000,2388940.3100
2024.03.21,04:00:00,18.328000,18.418000,17.895000,18.155000,2896821.7300
2024.03.21,08:00:00,18.154000,18.368000,18.100000,18.251000,2246718.0700
2024.03.21,12:00:00,18.251000,18.787000,18.203000,18.502000,4650211.4000
2024.03.21,16:00:00,18.504000,18.930000,18.085000,18.563000,5193376.2200
2024.03.21,20:00:00,18.563000,18.851000,18.294000,18.468000,3530241.9300
2024.03.22,00:00:00,18.467000,18.599000,17.924000,18.499000,2988861.8000
2024.03.22,04:00:00,18.498000,18.527000,18.334000,18.405000,1848633.9400
2024.03.22,08:00:00,18.404000,18.480000,17.873000,17.904000,2727790.0400
2024.03.22,12:00:00,17.905000,18.128000,17.334000,17.747000,6186129.6800
2024.03.22,16:00:00,17.748000,18.361000,17.537000,18.281000,3872238.5500
2024.03.22,20:00:00,18.281000,18.389000,17.627000,18.380000,3965114.5900
2024.03.23,00:00:00,18.380000,18.489000,17.904000,18.126000,3660043.0100
2024.03.23,04:00:00,18.127000,18.487000,18.117000,18.387000,1829917.9200
2024.03.23,08:00:00,18.387000,18.483000,18.234000,18.431000,2105294.0800
2024.03.23,12:00:00,18.431000,18.469000,18.241000,18.343000,2281378.2200
2024.03.23,16:00:00,18.343000,18.481000,18.275000,18.355000,1666167.1000
2024.03.23,20:00:00,18.355000,18.383000,18.039000,18.078000,1439253.4600
2024.03.24,00:00:00,18.078000,18.365000,18.022000,18.032000,1863696.2000
2024.03.24,04:00:00,18.034000,18.192000,17.984000,18.162000,1230710.4200
2024.03.24,08:00:00,18.162000,18.393000,18.135000,18.381000,1379753.0800
2024.03.24,12:00:00,18.380000,18.465000,18.277000,18.300000,1538770.7400
2024.03.24,16:00:00,18.300000,18.349000,18.023000,18.216000,1822041.2000
2024.03.24,20:00:00,18.216000,18.644000,18.166000,18.538000,1949813.0400
2024.03.25,00:00:00,18.538000,18.775000,18.389000,18.712000,1814727.8100
2024.03.25,04:00:00,18.712000,19.030000,18.605000,18.634000,2093738.2000
2024.03.25,08:00:00,18.634000,19.055000,18.626000,18.910000,2090926.8200
2024.03.25,12:00:00,18.909000,19.395000,18.851000,19.320000,4369086.1400
2024.03.25,16:00:00,19.323000,19.511000,19.280000,19.472000,2542304.8400
2024.03.25,20:00:00,19.471000,19.502000,19.205000,19.396000,1781373.2900
2024.03.26,00:00:00,19.396000,19.799000,19.351000,19.788000,2537437.7900
2024.03.26,04:00:00,19.788000,20.116000,19.735000,19.889000,2229445.1700
2024.03.26,08:00:00,19.889000,20.630000,19.804000,20.444000,3591866.4600
2024.03.26,12:00:00,20.444000,20.765000,19.824000,20.204000,6157456.3200
2024.03.26,16:00:00,20.204000,20.305000,19.659000,19.670000,3557990.4000
2024.03.26,20:00:00,19.671000,20.098000,19.665000,20.023000,1928607.8300
2024.03.27,00:00:00,20.024000,20.207000,19.822000,19.840000,2037692.0800
2024.03.27,04:00:00,19.840000,19.879000,19.524000,19.605000,1761973.8000
2024.03.27,08:00:00,19.606000,19.760000,19.309000,19.742000,2653127.2600
2024.03.27,12:00:00,19.742000,19.984000,19.055000,19.165000,6561826.8900
2024.03.27,16:00:00,19.164000,19.410000,19.026000,19.281000,3093991.5300
2024.03.27,20:00:00,19.282000,19.559000,19.276000,19.315000,2021669.2700
2024.03.28,00:00:00,19.315000,19.436000,19.062000,19.213000,1874861.2700
2024.03.28,04:00:00,19.213000,19.570000,19.196000,19.555000,1455750.8300
2024.03.28,08:00:00,19.555000,19.833000,19.461000,19.614000,2566137.2900
2024.03.28,12:00:00,19.614000,19.687000,19.184000,19.359000,2978854.3500
2024.03.28,16:00:00,19.360000,19.408000,19.155000,19.231000,1395799.2200
2024.03.28,20:00:00,19.231000,19.294000,19.076000,19.172000,1321655.1900
2024.03.29,00:00:00,19.172000,19.239000,18.906000,19.027000,1868767.2300
2024.03.29,04:00:00,19.027000,19.124000,18.718000,18.807000,1914491.3400
2024.03.29,08:00:00,18.808000,19.034000,18.783000,18.982000,1604693.9200
2024.03.29,12:00:00,18.981000,19.312000,18.793000,18.996000,3132873.3100
2024.03.29,16:00:00,18.997000,19.072000,18.766000,18.962000,1597789.5100
2024.03.29,20:00:00,18.961000,19.084000,18.795000,18.989000,1130597.3500
2024.03.30,00:00:00,18.989000,19.054000,18.803000,18.841000,1300256.1000
2024.03.30,04:00:00,18.841000,19.177000,18.820000,19.072000,1374051.8000
2024.03.30,08:00:00,19.072000,19.240000,18.901000,19.217000,1279862.8800
2024.03.30,12:00:00,19.217000,19.317000,19.130000,19.142000,1453521.9700
2024.03.30,16:00:00,19.143000,19.231000,18.912000,19.099000,1482191.1900
2024.03.30,20:00:00,19.099000,19.303000,18.856000,18.953000,1585804.2100
2024.03.31,00:00:00,18.953000,19.092000,18.891000,18.986000,988449.0800
2024.03.31,04:00:00,18.987000,19.376000,18.950000,19.272000,1623456.6400
2024.03.31,08:00:00,19.272000,19.300000,19.038000,19.046000,860974.7700
2024.03.31,12:00:00,19.047000,19.136000,19.020000,19.093000,968196.7900
2024.03.31,16:00:00,19.094000,19.180000,18.985000,19.125000,1118350.6800
2024.03.31,20:00:00,19.124000,19.197000,18.997000,19.193000,1167422.9000
2024.04.01,00:00:00,19.193000,19.300000,19.076000,19.197000,1784403.4900
2024.04.01,04:00:00,19.196000,19.233000,18.200000,18.659000,4810543.7100
2024.04.01,08:00:00,18.659000,18.659000,18.348000,18.370000,2081239.8000
2024.04.01,12:00:00,18.370000,18.579000,17.930000,17.959000,3942488.3100
2024.04.01,16:00:00,17.961000,18.252000,17.868000,18.236000,2415165.7000
2024.04.01,20:00:00,18.237000,18.450000,18.174000,18.377000,1311988.4700
2024.04.02,00:00:00,18.378000,18.383000,17.337000,17.715000,5387182.5100
2024.04.02,04:00:00,17.715000,18.496000,17.602000,18.310000,5113033.3300
2024.04.02,08:00:00,18.310000,18.380000,17.718000,18.046000,6152805.8400
2024.04.02,12:00:00,18.045000,18.247000,17.596000,17.627000,5218889.9700
2024.04.02,16:00:00,17.633000,17.986000,17.539000,17.955000,2767390.1800
2024.04.02,20:00:00,17.951000,18.166000,17.882000,17.970000,2373689.1200
2024.04.03,00:00:00,17.970000,18.355000,17.454000,18.138000,4175738.6300
2024.04.03,04:00:00,18.138000,18.189000,17.967000,18.035000,1424913.1900
2024.04.03,08:00:00,18.035000,18.271000,17.903000,18.009000,2418160.9800
2024.04.03,12:00:00,18.010000,18.134000,17.779000,17.908000,2214308.3600
2024.04.03,16:00:00,17.906000,18.038000,17.600000,17.648000,1855190.7600
2024.04.03,20:00:00,17.648000,17.760000,17.384000,17.699000,1704417.2500
2024.04.04,00:00:00,17.697000,18.028000,17.579000,17.594000,2278754.8400
2024.04.04,04:00:00,17.593000,17.989000,17.404000,17.907000,2595631.5300
2024.04.04,08:00:00,17.907000,17.975000,17.837000,17.871000,1523749.0100
2024.04.04,12:00:00,17.871000,18.156000,17.865000,18.033000,2192784.0100
2024.04.04,16:00:00,18.034000,18.276000,17.839000,17.869000,2109722.0900
2024.04.04,20:00:00,17.870000,17.906000,17.513000,17.799000,2689181.6800
2024.04.05,00:00:00,17.800000,17.801000,17.247000,17.524000,2432540.7500
2024.04.05,04:00:00,17.524000,17.545000,17.093000,17.281000,2056667.0900
2024.04.05,08:00:00,17.281000,17.454000,16.979000,16.991000,2374249.7500
2024.04.05,12:00:00,16.991000,17.508000,16.868000,17.502000,3177695.5100
2024.04.05,16:00:00,17.503000,17.564000,17.300000,17.360000,1514107.3700
2024.04.05,20:00:00,17.359000,17.455000,17.273000,17.340000,881806.0800
2024.04.06,00:00:00,17.341000,17.454000,17.270000,17.382000,918575.2200
2024.04.06,04:00:00,17.382000,17.510000,17.331000,17.478000,834506.5400
2024.04.06,08:00:00,17.479000,17.677000,17.466000,17.629000,1428503.1900
2024.04.06,12:00:00,17.627000,17.647000,17.407000,17.528000,1407974.2800
2024.04.06,16:00:00,17.529000,17.574000,17.412000,17.432000,885798.5100
2024.04.06,20:00:00,17.432000,17.692000,17.425000,17.572000,852639.8000
2024.04.07,00:00:00,17.573000,17.819000,17.510000,17.785000,1266412.9700
2024.04.07,04:00:00,17.785000,17.812000,17.586000,17.618000,1122622.6500
2024.04.07,08:00:00,17.618000,17.774000,17.610000,17.756000,698060.5200
2024.04.07,12:00:00,17.756000,17.851000,17.680000,17.687000,1449077.1700
2024.04.07,16:00:00,17.688000,17.986000,17.562000,17.629000,2117337.4200
2024.04.07,20:00:00,17.630000,17.958000,17.612000,17.922000,924737.1200
2024.04.08,00:00:00,17.923000,17.938000,17.598000,17.647000,1332524.7500
2024.04.08,04:00:00,17.647000,18.009000,17.551000,17.984000,1484757.9100
2024.04.08,08:00:00,17.984000,18.693000,17.963000,18.612000,4064234.6400
2024.04.08,12:00:00,18.613000,18.692000,18.216000,18.305000,2896755.6300
2024.04.08,16:00:00,18.305000,18.373000,18.020000,18.109000,2312116.0000
2024.04.08,20:00:00,18.113000,18.262000,18.056000,18.116000,1142577.8700
2024.04.09,00:00:00,18.117000,18.196000,17.878000,17.927000,1679167.4800
2024.04.09,04:00:00,17.927000,18.029000,17.674000,17.723000,2344831.5900
2024.04.09,08:00:00,17.724000,17.850000,17.451000,17.848000,2686924.9200
2024.04.09,12:00:00,17.847000,17.888000,17.245000,17.531000,4152073.6400
2024.04.09,16:00:00,17.531000,17.666000,17.351000,17.602000,2023993.6900
2024.04.09,20:00:00,17.602000,17.666000,17.280000,17.372000,1559761.0900
2024.04.10,00:00:00,17.373000,17.479000,17.087000,17.407000,2351312.3700
2024.04.10,04:00:00,17.407000,17.595000,17.379000,17.458000,1537987.3300
2024.04.10,08:00:00,17.459000,17.586000,17.265000,17.396000,2182632.6700
2024.04.10,12:00:00,17.397000,17.451000,16.784000,17.170000,4677016.5500
2024.04.10,16:00:00,17.169000,17.394000,17.062000,17.323000,2129192.0600
2024.04.10,20:00:00,17.324000,17.567000,17.263000,17.431000,1432920.8700
2024.04.11,00:00:00,17.432000,17.464000,17.358000,17.456000,1231691.2000
2024.04.11,04:00:00,17.455000,17.599000,17.332000,17.523000,1100297.4100
2024.04.11,08:00:00,17.523000,17.622000,17.142000,17.186000,1546000.4000
2024.04.11,12:00:00,17.186000,17.419000,17.016000,17.254000,3911497.8700
2024.04.11,16:00:00,17.255000,17.441000,17.056000,17.432000,1472846.6300
2024.04.11,20:00:00,17.431000,17.633000,17.426000,17.566000,1637127.2600
2024.04.12,00:00:00,17.566000,17.878000,17.551000,17.777000,1908846.1300
2024.04.12,04:00:00,17.776000,17.885000,17.668000,17.711000,1309914.6500
2024.04.12,08:00:00,17.711000,17.845000,17.625000,17.658000,1277585.5800
2024.04.12,12:00:00,17.657000,17.660000,17.086000,17.109000,3050863.9100
2024.04.12,16:00:00,17.109000,17.186000,12.736000,14.475000,22930667.2700
2024.04.12,20:00:00,14.475000,15.186000,14.422000,15.151000,5754179.0600
2024.04.13,00:00:00,15.151000,15.248000,14.678000,15.101000,4765551.3100
2024.04.13,04:00:00,15.100000,15.396000,15.049000,15.152000,2559136.9200
2024.04.13,08:00:00,15.151000,15.280000,15.001000,15.061000,2345081.5600
2024.04.13,12:00:00,15.061000,15.298000,14.875000,14.887000,3046968.2400
2024.04.13,16:00:00,14.888000,14.944000,12.748000,13.434000,12984367.2200
2024.04.13,20:00:00,13.433000,13.595000,11.711000,13.280000,22443064.6000
2024.04.14,00:00:00,13.279000,13.363000,12.710000,13.097000,6789110.1700
2024.04.14,04:00:00,13.096000,13.911000,13.028000,13.904000,4479276.1200
2024.04.14,08:00:00,13.903000,13.993000,13.400000,13.446000,4269369.1200
2024.04.14,12:00:00,13.445000,13.747000,13.311000,13.560000,5103792.4800
2024.04.14,16:00:00,13.562000,13.814000,13.122000,13.593000,6324481.0200
2024.04.14,20:00:00,13.593000,14.242000,13.368000,14.084000,4264128.7100
2024.04.15,00:00:00,14.085000,14.090000,13.703000,13.854000,2848751.4900
2024.04.15,04:00:00,13.854000,14.595000,13.691000,14.404000,3996752.7000
2024.04.15,08:00:00,14.405000,14.645000,14.310000,14.424000,2691525.5100
2024.04.15,12:00:00,14.425000,14.660000,13.779000,14.109000,5430106.1500
2024.04.15,16:00:00,14.111000,14.192000,13.217000,13.696000,6378723.2500
2024.04.15,20:00:00,13.696000,13.764000,13.332000,13.573000,2216234.4800
2024.04.16,00:00:00,13.573000,13.648000,13.232000,13.344000,3162693.6900
2024.04.16,04:00:00,13.343000,13.805000,12.961000,13.680000,3586215.2200
2024.04.16,08:00:00,13.680000,13.696000,13.076000,13.466000,3589422.1500
2024.04.16,12:00:00,13.467000,13.467000,12.887000,12.928000,4147867.6400
2024.04.16,16:00:00,12.927000,13.380000,12.812000,13.215000,3340854.0400
2024.04.16,20:00:00,13.215000,13.599000,13.198000,13.456000,1508864.5200
2024.04.17,00:00:00,13.456000,13.523000,13.291000,13.411000,1689407.2100
2024.04.17,04:00:00,13.412000,13.566000,13.332000,13.457000,1914358.7100
2024.04.17,08:00:00,13.457000,13.599000,13.202000,13.226000,2407418.3500
2024.04.17,12:00:00,13.226000,13.376000,12.803000,12.869000,5584318.7400
2024.04.17,16:00:00,12.870000,13.465000,12.704000,13.239000,4439056.8000
2024.04.17,20:00:00,13.239000,13.380000,13.083000,13.124000,1775155.0300
2024.04.18,00:00:00,13.123000,13.370000,12.864000,13.270000,2616262.8300
2024.04.18,04:00:00,13.270000,13.364000,12.858000,12.958000,2377193.9500
2024.04.18,08:00:00,12.959000,13.465000,12.805000,13.336000,2668022.5600
2024.04.18,12:00:00,13.335000,13.634000,13.080000,13.579000,3456128.4100
2024.04.18,16:00:00,13.579000,13.704000,13.389000,13.674000,2280956.7800
2024.04.18,20:00:00,13.674000,13.973000,13.611000,13.879000,2028571.6300
2024.04.19,00:00:00,13.879000,13.881000,12.732000,13.291000,7082339.1100
2024.04.19,04:00:00,13.291000,13.993000,13.176000,13.633000,4685385.4200
2024.04.19,08:00:00,13.632000,13.943000,13.614000,13.793000,2783638.7300
2024.04.19,12:00:00,13.792000,14.115000,13.672000,13.989000,3416401.3600
2024.04.19,16:00:00,13.988000,14.031000,13.799000,14.018000,1955876.6800
2024.04.19,20:00:00,14.018000,14.096000,13.689000,13.936000,1859339.8000
2024.04.20,00:00:00,13.935000,14.150000,13.736000,13.952000,2092353.2200
2024.04.20,04:00:00,13.951000,14.080000,13.888000,14.037000,1327045.5000
2024.04.20,08:00:00,14.037000,14.190000,13.917000,14.160000,1693661.8800
2024.04.20,12:00:00,14.159000,14.594000,14.105000,14.592000,2330787.8900
2024.04.20,16:00:00,14.592000,14.954000,14.484000,14.910000,2789647.4200
2024.04.20,20:00:00,14.910000,15.025000,14.866000,14.947000,1389185.3400
2024.04.21,00:00:00,14.947000,15.067000,14.689000,14.917000,1715894.5100
2024.04.21,04:00:00,14.917000,14.984000,14.789000,14.889000,928013.2100
2024.04.21,08:00:00,14.889000,14.949000,14.739000,14.882000,1090995.1900
2024.04.21,12:00:00,14.883000,14.927000,14.683000,14.809000,1491160.5100
2024.04.21,16:00:00,14.809000,14.846000,14.521000,14.758000,2245694.0400
2024.04.21,20:00:00,14.758000,15.162000,14.719000,15.091000,2313838.2800
2024.04.22,00:00:00,15.091000,15.911000,14.995000,15.824000,5207374.8100
2024.04.22,04:00:00,15.824000,16.030000,15.554000,15.585000,4508626.2400
2024.04.22,08:00:00,15.585000,15.623000,15.264000,15.311000,2284957.2100
2024.04.22,12:00:00,15.310000,15.396000,15.131000,15.329000,2726533.0500
2024.04.22,16:00:00,15.328000,15.445000,15.177000,15.384000,1929194.2600
2024.04.22,20:00:00,15.385000,15.632000,15.362000,15.434000,1678493.6300
2024.04.23,00:00:00,15.434000,15.527000,15.281000,15.392000,1601620.2000
2024.04.23,04:00:00,15.392000,15.564000,15.221000,15.352000,2003690.3700
2024.04.23,08:00:00,15.352000,15.435000,15.201000,15.280000,1205852.8000
2024.04.23,12:00:00,15.280000,15.463000,15.212000,15.237000,1918286.3300
2024.04.23,16:00:00,15.237000,15.361000,15.088000,15.342000,1555065.5500
2024.04.23,20:00:00,15.343000,15.354000,15.106000,15.169000,1287504.5200
2024.04.24,00:00:00,15.169000,15.346000,15.081000,15.282000,1214352.4800
2024.04.24,04:00:00,15.283000,15.503000,15.273000,15.381000,1335248.0300
2024.04.24,08:00:00,15.380000,15.623000,15.358000,15.586000,1372135.0400
2024.04.24,12:00:00,15.586000,15.626000,14.677000,14.714000,4948981.6200
2024.04.24,16:00:00,14.713000,15.015000,14.615000,14.727000,3161803.3900
2024.04.24,20:00:00,14.727000,14.783000,14.348000,14.526000,2609431.7600
2024.04.25,00:00:00,14.525000,14.672000,14.353000,14.534000,1729439.4600
2024.04.25,04:00:00,14.535000,14.891000,14.370000,14.767000,2351777.0500
2024.04.25,08:00:00,14.767000,14.859000,14.412000,14.628000,2814331.8800
2024.04.25,12:00:00,14.628000,14.742000,14.350000,14.722000,3022738.9800
2024.04.25,16:00:00,14.721000,14.799000,14.635000,14.716000,1759732.1600
2024.04.25,20:00:00,14.716000,14.849000,14.533000,14.580000,1192004.4500
2024.04.26,00:00:00,14.580000,14.735000,14.335000,14.610000,2224803.6100
2024.04.26,04:00:00,14.611000,14.919000,14.535000,14.807000,1756024.4900
2024.04.26,08:00:00,14.807000,14.926000,14.492000,14.579000,1692960.3500
2024.04.26,12:00:00,14.580000,14.775000,14.366000,14.668000,2708047.6500
2024.04.26,16:00:00,14.669000,14.797000,14.618000,14.647000,1237849.3300
2024.04.26,20:00:00,14.648000,14.752000,14.421000,14.483000,1125901.2900
2024.04.27,00:00:00,14.483000,14.519000,13.936000,14.168000,3710842.0000
2024.04.27,04:00:00,14.166000,14.292000,14.108000,14.109000,1496339.2800
2024.04.27,08:00:00,14.109000,14.152000,13.934000,14.032000,1458875.6700
2024.04.27,12:00:00,14.031000,14.214000,13.911000,13.947000,1614600.3800
2024.04.27,16:00:00,13.947000,14.393000,13.857000,14.163000,3416501.7600
2024.04.27,20:00:00,14.164000,14.284000,14.088000,14.258000,1049772.7300
2024.04.28,00:00:00,14.256000,14.434000,14.207000,14.322000,1283573.0600
2024.04.28,04:00:00,14.322000,14.383000,14.248000,14.322000,953782.0100
2024.04.28,08:00:00,14.322000,14.345000,13.996000,14.024000,1221610.3900
2024.04.28,12:00:00,14.024000,14.232000,14.014000,14.099000,1210092.5900
2024.04.28,16:00:00,14.100000,14.220000,14.053000,14.105000,1107053.2500
2024.04.28,20:00:00,14.105000,14.111000,13.718000,13.797000,1928932.8700
2024.04.29,00:00:00,13.798000,13.999000,13.737000,13.818000,2162531.5800
2024.04.29,04:00:00,13.820000,14.077000,13.769000,13.862000,2607887.8500
2024.04.29,08:00:00,13.861000,13.952000,13.710000,13.929000,1727752.2800
2024.04.29,12:00:00,13.930000,14.022000,13.700000,13.972000,2724628.6200
2024.04.29,16:00:00,13.972000,14.036000,13.821000,14.035000,1545026.1500
2024.04.29,20:00:00,14.035000,14.177000,13.906000,14.066000,1866172.9700
2024.04.30,00:00:00,14.067000,14.206000,13.765000,13.977000,2207926.6000
2024.04.30,04:00:00,13.977000,14.019000,13.863000,13.899000,1188495.8200
2024.04.30,08:00:00,13.899000,13.935000,13.163000,13.189000,4497097.3400
2024.04.30,12:00:00,13.190000,13.289000,12.964000,13.083000,3794828.4600
2024.04.30,16:00:00,13.083000,13.084000,12.765000,12.882000,3516647.7700
2024.04.30,20:00:00,12.881000,13.266000,12.880000,13.123000,1899483.9600
2024.05.01,00:00:00,13.123000,13.167000,12.954000,13.140000,1958513.1200
2024.05.01,04:00:00,13.140000,13.258000,12.576000,12.708000,4195361.5000
2024.05.01,08:00:00,12.709000,12.950000,12.393000,12.936000,4558312.6600
2024.05.01,12:00:00,12.937000,13.052000,12.724000,12.776000,2966337.9900
2024.05.01,16:00:00,12.776000,13.511000,12.661000,12.992000,4922083.2200
2024.05.01,20:00:00,12.991000,13.397000,12.948000,13.340000,1847838.3500
2024.05.02,00:00:00,13.340000,13.358000,12.918000,13.154000,1705076.6300
2024.05.02,04:00:00,13.155000,13.368000,13.131000,13.268000,1216259.5500
2024.05.02,08:00:00,13.268000,13.696000,13.244000,13.654000,1931114.8500
2024.05.02,12:00:00,13.654000,13.672000,13.372000,13.616000,2432597.9300
2024.05.02,16:00:00,13.617000,13.728000,13.482000,13.682000,1534813.6100
2024.05.02,20:00:00,13.683000,13.771000,13.513000,13.584000,1929460.1200
2024.05.03,00:00:00,13.584000,13.788000,13.514000,13.686000,1448099.8400
2024.05.03,04:00:00,13.685000,13.716000,13.470000,13.495000,1405248.8800
2024.05.03,08:00:00,13.495000,13.714000,13.452000,13.665000,1342733.2500
2024.05.03,12:00:00,13.664000,13.975000,13.611000,13.934000,3147608.4600
2024.05.03,16:00:00,13.935000,14.049000,13.860000,14.046000,1042975.4900
2024.05.03,20:00:00,14.046000,14.191000,14.010000,14.084000,1331416.6500
2024.05.04,00:00:00,14.083000,14.157000,13.962000,14.079000,982382.2800
2024.05.04,04:00:00,14.078000,14.182000,14.032000,14.127000,1385875.6900
2024.05.04,08:00:00,14.126000,14.426000,14.107000,14.187000,2063507.4000
2024.05.04,12:00:00,14.188000,14.303000,14.125000,14.260000,1493249.5500
2024.05.04,16:00:00,14.261000,14.476000,14.239000,14.379000,1654358.0400
2024.05.04,20:00:00,14.377000,14.427000,14.266000,14.307000,896397.6200
2024.05.05,00:00:00,14.307000,14.363000,14.099000,14.200000,1989798.9300
2024.05.05,04:00:00,14.200000,14.269000,14.129000,14.224000,882915.7200
2024.05.05,08:00:00,14.224000,14.346000,14.214000,14.291000,905565.2800
2024.05.05,12:00:00,14.291000,14.530000,14.205000,14.506000,1332781.2100
2024.05.05,16:00:00,14.505000,14.655000,14.305000,14.364000,1633456.6800
2024.05.05,20:00:00,14.363000,14.389000,14.290000,14.362000,763282.9500
2024.05.06,00:00:00,14.362000,14.483000,14.262000,14.368000,1009434.3900
2024.05.06,04:00:00,14.367000,14.744000,14.354000,14.734000,1674998.2900
2024.05.06,08:00:00,14.734000,15.162000,14.732000,15.027000,3898146.8500
2024.05.06,12:00:00,15.026000,15.068000,14.458000,14.681000,4284914.5800
2024.05.06,16:00:00,14.680000,14.761000,14.506000,14.663000,1944198.3800
2024.05.06,20:00:00,14.664000,14.758000,14.473000,14.478000,1193916.9300
2024.05.07,00:00:00,14.478000,14.658000,14.159000,14.321000,2298695.1300
2024.05.07,04:00:00,14.322000,14.381000,14.179000,14.264000,1362665.4200
2024.05.07,08:00:00,14.264000,14.625000,14.243000,14.331000,2013392.7000
2024.05.07,12:00:00,14.331000,14.720000,14.327000,14.490000,2071314.7900
2024.05.07,16:00:00,14.489000,14.543000,14.150000,14.248000,1549336.3100
2024.05.07,20:00:00,14.247000,14.351000,13.955000,13.992000,1833821.4700
2024.05.08,00:00:00,13.992000,14.098000,13.818000,14.031000,1552679.3200
2024.05.08,04:00:00,14.031000,14.061000,13.762000,13.803000,1663571.8500
2024.05.08,08:00:00,13.803000,13.906000,13.739000,13.771000,1601487.3000
2024.05.08,12:00:00,13.773000,14.100000,13.677000,13.998000,2802984.1200
2024.05.08,16:00:00,13.998000,14.118000,13.855000,13.963000,2455566.0500
2024.05.08,20:00:00,13.963000,14.017000,13.658000,13.892000,2267127.9000
2024.05.09,00:00:00,13.892000,14.076000,13.880000,13.992000,1246969.7100
2024.05.09,04:00:00,13.991000,14.129000,13.882000,14.052000,1771338.6500
2024.05.09,08:00:00,14.052000,14.203000,13.898000,13.994000,3105095.4300
2024.05.09,12:00:00,13.995000,14.125000,13.834000,14.046000,1862015.7700
2024.05.09,16:00:00,14.045000,14.259000,13.999000,14.248000,1511153.7000
2024.05.09,20:00:00,14.247000,14.358000,14.140000,14.226000,946377.3500
2024.05.10,00:00:00,14.227000,14.330000,14.158000,14.307000,977727.7600
2024.05.10,04:00:00,14.308000,14.366000,14.214000,14.324000,1038302.1000
2024.05.10,08:00:00,14.324000,14.337000,14.222000,14.329000,877260.6500
2024.05.10,12:00:00,14.329000,14.356000,13.709000,13.817000,3800617.4800
2024.05.10,16:00:00,13.817000,13.834000,13.508000,13.624000,3288426.6700
2024.05.10,20:00:00,13.625000,13.665000,13.479000,13.552000,1259599.9000
2024.05.11,00:00:00,13.552000,13.805000,13.539000,13.611000,1279914.8000
2024.05.11,04:00:00,13.611000,13.646000,13.572000,13.621000,721268.4700
2024.05.11,08:00:00,13.622000,13.630000,13.403000,13.487000,1085060.2800
2024.05.11,12:00:00,13.486000,13.629000,13.450000,13.484000,1057504.1600
2024.05.11,16:00:00,13.484000,13.547000,13.424000,13.469000,1028666.7000
2024.05.11,20:00:00,13.469000,13.469000,13.270000,13.299000,1214526.6500
2024.05.12,00:00:00,13.299000,13.428000,13.278000,13.359000,922584.1200
2024.05.12,04:00:00,13.360000,13.439000,13.270000,13.302000,835418.2200
2024.05.12,08:00:00,13.302000,13.508000,13.277000,13.459000,1119749.1600
2024.05.12,12:00:00,13.458000,13.557000,13.425000,13.519000,994289.4400
2024.05.12,16:00:00,13.519000,13.586000,13.423000,13.499000,1042888.2700
2024.05.12,20:00:00,13.499000,13.584000,13.430000,13.551000,1528719.4400
2024.05.13,00:00:00,13.551000,13.628000,13.111000,13.315000,3527875.8500
2024.05.13,04:00:00,13.314000,13.525000,13.064000,13.481000,2429922.0100
2024.05.13,08:00:00,13.478000,13.669000,13.374000,13.440000,2307139.6000
2024.05.13,12:00:00,13.439000,13.616000,13.346000,13.491000,1834201.1500
2024.05.13,16:00:00,13.490000,13.667000,13.268000,13.478000,1903576.8300
2024.05.13,20:00:00,13.477000,13.534000,13.349000,13.383000,758360.6300
2024.05.14,00:00:00,13.383000,13.486000,13.306000,13.428000,1591319.6400
2024.05.14,04:00:00,13.428000,13.556000,13.087000,13.524000,2516183.3200
2024.05.14,08:00:00,13.523000,13.593000,13.330000,13.336000,1516567.6500
2024.05.14,12:00:00,13.336000,13.393000,13.098000,13.260000,2679019.9400
2024.05.14,16:00:00,13.260000,13.263000,12.964000,13.073000,1834175.5400
2024.05.14,20:00:00,13.073000,13.089000,12.920000,12.975000,941461.8300
2024.05.15,00:00:00,12.975000,13.059000,12.888000,12.950000,1044732.7200
2024.05.15,04:00:00,12.951000,13.108000,12.834000,13.090000,1482235.4200
2024.05.15,08:00:00,13.090000,13.204000,12.962000,13.043000,1866767.6100
2024.05.15,12:00:00,13.043000,13.689000,13.014000,13.608000,4285600.5100
2024.05.15,16:00:00,13.608000,13.882000,13.569000,13.866000,1942243.1700
2024.05.15,20:00:00,13.866000,13.935000,13.730000,13.861000,1413242.5100
2024.05.16,00:00:00,13.861000,14.000000,13.792000,13.967000,1414806.8600
2024.05.16,04:00:00,13.968000,14.059000,13.915000,13.961000,1262067.4300
2024.05.16,08:00:00,13.960000,14.012000,13.767000,13.866000,1475649.2300
2024.05.16,12:00:00,13.865000,13.874000,13.528000,13.767000,2940642.9800
2024.05.16,16:00:00,13.767000,15.090000,13.716000,14.986000,10624570.7600
2024.05.16,20:00:00,14.985000,15.861000,14.654000,15.503000,17414169.9300
2024.05.17,00:00:00,15.504000,16.150000,15.460000,15.914000,11945844.1500
2024.05.17,04:00:00,15.913000,16.361000,15.609000,16.303000,10274912.3900
2024.05.17,08:00:00,16.303000,16.694000,16.177000,16.512000,11962375.9900
2024.05.17,12:00:00,16.513000,16.760000,15.928000,16.084000,13418992.1900
2024.05.17,16:00:00,16.084000,16.491000,15.972000,16.182000,8544392.2900
2024.05.17,20:00:00,16.182000,16.299000,16.056000,16.222000,2421808.6300
2024.05.18,00:00:00,16.222000,16.395000,16.106000,16.159000,3676883.7500
2024.05.18,04:00:00,16.160000,16.352000,16.033000,16.274000,3515776.9100
2024.05.18,08:00:00,16.274000,16.393000,16.116000,16.184000,3251620.7900
2024.05.18,12:00:00,16.185000,16.565000,16.063000,16.449000,6096755.7700
2024.05.18,16:00:00,16.450000,16.459000,16.221000,16.273000,2683964.9300
2024.05.18,20:00:00,16.272000,16.350000,16.152000,16.320000,1493155.8400
2024.05.19,00:00:00,16.321000,16.527000,16.296000,16.454000,2470940.2400
2024.05.19,04:00:00,16.453000,16.735000,16.312000,16.660000,4302057.5900
2024.05.19,08:00:00,16.660000,16.845000,16.418000,16.636000,5617169.3700
2024.05.19,12:00:00,16.634000,16.990000,16.280000,16.959000,8576152.9900
2024.05.19,16:00:00,16.956000,17.112000,16.626000,16.686000,8223737.3700
2024.05.19,20:00:00,16.685000,16.718000,16.310000,16.551000,4305934.3700
2024.05.20,00:00:00,16.551000,17.037000,16.393000,16.920000,7000218.3500
2024.05.20,04:00:00,16.920000,17.216000,16.624000,16.684000,7095498.2700
2024.05.20,08:00:00,16.684000,16.823000,16.571000,16.698000,3769983.1700
2024.05.20,12:00:00,16.699000,16.699000,16.350000,16.479000,4878998.5200
2024.05.20,16:00:00,16.479000,17.145000,16.347000,17.062000,7776298.2300
2024.05.20,20:00:00,17.060000,17.460000,16.663000,17.259000,7152805.0300
2024.05.21,00:00:00,17.259000,17.443000,16.824000,16.941000,4536181.5900
2024.05.21,04:00:00,16.941000,17.145000,16.811000,16.956000,2766961.1600
2024.05.21,08:00:00,16.956000,17.036000,16.856000,16.933000,2537026.4800
2024.05.21,12:00:00,16.934000,17.112000,16.545000,16.610000,5775216.3300
2024.05.21,16:00:00,16.609000,16.875000,16.510000,16.674000,3623811.2000
2024.05.21,20:00:00,16.674000,16.800000,16.588000,16.748000,1909549.0300
2024.05.22,00:00:00,16.749000,16.939000,16.726000,16.890000,1941711.9100
2024.05.22,04:00:00,16.890000,16.890000,16.466000,16.709000,2706751.2500
2024.05.22,08:00:00,16.709000,16.931000,16.572000,16.579000,2089216.7200
2024.05.22,12:00:00,16.578000,16.659000,16.176000,16.557000,6603451.5300
2024.05.22,16:00:00,16.557000,16.750000,16.161000,16.351000,3638978.3000
2024.05.22,20:00:00,16.351000,16.555000,16.201000,16.362000,1893104.3500
2024.05.23,00:00:00,16.362000,16.528000,16.296000,16.450000,2072710.1700
2024.05.23,04:00:00,16.451000,16.700000,16.300000,16.677000,2228614.8200
2024.05.23,08:00:00,16.677000,16.786000,16.510000,16.709000,2774458.3700
2024.05.23,12:00:00,16.709000,17.100000,15.530000,16.127000,7240906.9300
2024.05.23,16:00:00,16.127000,16.334000,15.868000,15.954000,2850859.6900
2024.05.23,20:00:00,15.955000,16.692000,15.400000,16.606000,5993778.8600
2024.05.24,00:00:00,16.606000,17.575000,16.572000,17.498000,4746520.8000
2024.05.24,04:00:00,17.498000,17.613000,16.722000,16.897000,7207801.0000
2024.05.24,08:00:00,16.897000,17.753000,16.748000,17.573000,6943904.2100
2024.05.24,12:00:00,17.572000,17.790000,17.157000,17.216000,5292590.7500
2024.05.24,16:00:00,17.217000,17.543000,17.004000,17.314000,3397392.7500
2024.05.24,20:00:00,17.314000,17.552000,17.183000,17.259000,1818858.4000
2024.05.25,00:00:00,17.260000,17.261000,17.027000,17.140000,1650136.7000
2024.05.25,04:00:00,17.140000,17.266000,17.051000,17.104000,1392541.4500
2024.05.25,08:00:00,17.104000,17.230000,17.040000,17.094000,1907494.2400
2024.05.25,12:00:00,17.094000,17.258000,16.913000,17.189000,2623059.1300
2024.05.25,16:00:00,17.189000,17.476000,17.188000,17.357000,1666891.2300
2024.05.25,20:00:00,17.357000,17.473000,17.298000,17.445000,1071568.8700
2024.05.26,00:00:00,17.446000,17.853000,17.359000,17.768000,3363735.0100
2024.05.26,04:00:00,17.768000,17.926000,17.592000,17.622000,2662335.3300
2024.05.26,08:00:00,17.622000,17.641000,17.260000,17.353000,2706339.3500
2024.05.26,12:00:00,17.352000,17.355000,17.066000,17.137000,2212772.1300
2024.05.26,16:00:00,17.137000,17.218000,17.044000,17.094000,1243877.7900
2024.05.26,20:00:00,17.094000,17.183000,17.003000,17.046000,1343315.4800
2024.05.27,00:00:00,17.046000,17.247000,16.950000,17.136000,1735224.2100
2024.05.27,04:00:00,17.135000,17.158000,16.877000,17.090000,1550344.3700
2024.05.27,08:00:00,17.090000,17.366000,17.051000,17.341000,2216277.0400
2024.05.27,12:00:00,17.341000,18.055000,17.303000,18.033000,3599457.0700
2024.05.27,16:00:00,18.033000,18.880000,18.030000,18.600000,8913848.9900
2024.05.27,20:00:00,18.599000,18.884000,18.561000,18.801000,3042214.7900
2024.05.28,00:00:00,18.801000,18.854000,18.044000,18.125000,5162332.8100
2024.05.28,04:00:00,18.125000,18.320000,17.985000,18.054000,3683853.3900
2024.05.28,08:00:00,18.054000,18.344000,18.020000,18.241000,3158950.3100
2024.05.28,12:00:00,18.241000,18.289000,17.867000,18.187000,3232306.0600
2024.05.28,16:00:00,18.186000,18.581000,17.988000,18.515000,3371830.7500
2024.05.28,20:00:00,18.514000,18.612000,18.427000,18.545000,1463075.6900
2024.05.29,00:00:00,18.546000,18.602000,18.263000,18.326000,1687426.5200
2024.05.29,04:00:00,18.326000,18.569000,18.290000,18.293000,1618124.7600
2024.05.29,08:00:00,18.297000,18.799000,18.046000,18.719000,3867482.6900
2024.05.29,12:00:00,18.719000,19.241000,18.679000,18.893000,6604626.8600
2024.05.29,16:00:00,18.894000,19.025000,18.511000,18.515000,2539016.8400
2024.05.29,20:00:00,18.519000,18.742000,18.463000,18.464000,1469541.1600
2024.05.30,00:00:00,18.464000,19.224000,18.445000,18.736000,3302954.8000
2024.05.30,04:00:00,18.736000,18.814000,18.200000,18.351000,3197254.5300
2024.05.30,08:00:00,18.350000,18.435000,18.071000,18.087000,2890587.4500
2024.05.30,12:00:00,18.087000,18.496000,18.061000,18.300000,3139437.3100
2024.05.30,16:00:00,18.301000,18.429000,18.009000,18.081000,2183966.8500
2024.05.30,20:00:00,18.082000,18.084000,17.780000,17.948000,1850723.5500
2024.05.31,00:00:00,17.949000,18.089000,17.790000,17.918000,1375893.2000
2024.05.31,04:00:00,17.919000,18.032000,17.714000,17.885000,1346807.9200
2024.05.31,08:00:00,17.885000,18.066000,17.793000,18.052000,1235075.6300
2024.05.31,12:00:00,18.052000,18.244000,17.539000,17.574000,3332586.3500
2024.05.31,16:00:00,17.575000,18.277000,17.464000,18.242000,2585086.1500
2024.05.31,20:00:00,18.243000,18.758000,18.215000,18.422000,3096137.7800
2024.06.01,00:00:00,18.421000,18.458000,18.274000,18.344000,1249522.0800
2024.06.01,04:00:00,18.345000,18.650000,18.319000,18.527000,1494669.9600
2024.06.01,08:00:00,18.528000,18.665000,18.390000,18.556000,1140512.9700
2024.06.01,12:00:00,18.556000,18.695000,18.505000,18.610000,1331108.6300
2024.06.01,16:00:00,18.610000,18.679000,18.477000,18.479000,1057039.3400
2024.06.01,20:00:00,18.478000,18.553000,18.385000,18.455000,793853.1300
2024.06.02,00:00:00,18.455000,18.578000,18.367000,18.475000,881242.6300
2024.06.02,04:00:00,18.475000,18.565000,18.368000,18.421000,948801.6800
2024.06.02,08:00:00,18.421000,18.451000,18.211000,18.419000,1435289.7600
2024.06.02,12:00:00,18.419000,18.549000,18.193000,18.358000,1619241.1300
2024.06.02,16:00:00,18.359000,18.381000,18.117000,18.172000,1494249.2800
2024.06.02,20:00:00,18.172000,18.218000,18.078000,18.153000,685823.3900
2024.06.03,00:00:00,18.153000,18.247000,17.925000,18.081000,1667551.5100
2024.06.03,04:00:00,18.081000,18.372000,17.967000,18.145000,1663161.9400
2024.06.03,08:00:00,18.144000,18.242000,17.907000,17.966000,1649695.1000
2024.06.03,12:00:00,17.966000,18.276000,17.808000,17.953000,3406227.1500
2024.06.03,16:00:00,17.953000,17.969000,17.634000,17.732000,2102466.5900
2024.06.03,20:00:00,17.733000,17.775000,17.546000,17.635000,1111144.4600
2024.06.04,00:00:00,17.636000,17.675000,17.510000,17.672000,1200841.4800
2024.06.04,04:00:00,17.672000,17.688000,17.535000,17.669000,951742.9300
2024.06.04,08:00:00,17.669000,17.724000,17.475000,17.645000,1290800.7400
2024.06.04,12:00:00,17.645000,17.858000,17.636000,17.799000,1947162.2500
2024.06.04,16:00:00,17.799000,17.865000,17.564000,17.674000,1567295.8300
2024.06.04,20:00:00,17.673000,17.754000,17.606000,17.730000,783446.8400
2024.06.05,00:00:00,17.728000,17.948000,17.669000,17.733000,1448778.7200
2024.06.05,04:00:00,17.732000,18.093000,17.715000,17.972000,1687990.6500
2024.06.05,08:00:00,17.972000,17.975000,17.788000,17.907000,1312719.8300
2024.06.05,12:00:00,17.907000,17.919000,17.631000,17.754000,1830538.4200
2024.06.05,16:00:00,17.754000,17.975000,17.706000,17.886000,1172021.8700
2024.06.05,20:00:00,17.885000,17.921000,17.678000,17.762000,731354.1500
2024.06.06,00:00:00,17.761000,17.801000,17.622000,17.629000,1235460.7500
2024.06.06,04:00:00,17.628000,17.644000,17.317000,17.489000,2737193.2900
2024.06.06,08:00:00,17.489000,17.491000,17.330000,17.377000,1404800.2200
2024.06.06,12:00:00,17.377000,17.563000,17.266000,17.478000,1930255.4900
2024.06.06,16:00:00,17.478000,17.524000,17.164000,17.264000,1738366.2700
2024.06.06,20:00:00,17.265000,17.447000,17.111000,17.267000,1262147.7100
2024.06.07,00:00:00,17.267000,17.418000,17.250000,17.385000,879780.2800
2024.06.07,04:00:00,17.385000,17.591000,17.370000,17.514000,1558209.2300
2024.06.07,08:00:00,17.514000,17.695000,17.429000,17.626000,1437035.4700
2024.06.07,12:00:00,17.626000,17.741000,17.270000,17.608000,3433437.2200
2024.06.07,16:00:00,17.608000,17.637000,15.198000,16.287000,10895234.2400
2024.06.07,20:00:00,16.287000,16.392000,16.220000,16.320000,1360098.5800
2024.06.08,00:00:00,16.321000,16.347000,16.204000,16.304000,1050400.8500
2024.06.08,04:00:00,16.304000,16.428000,16.286000,16.327000,967283.0300
2024.06.08,08:00:00,16.328000,16.328000,15.856000,15.873000,1677915.3900
2024.06.08,12:00:00,15.872000,16.021000,15.697000,15.929000,2107372.2100
2024.06.08,16:00:00,15.929000,15.970000,15.679000,15.807000,1085480.8600
2024.06.08,20:00:00,15.806000,15.978000,15.716000,15.926000,858709.7500
2024.06.09,00:00:00,15.926000,16.080000,15.904000,16.036000,1074246.8100
2024.06.09,04:00:00,16.036000,16.076000,15.904000,16.019000,802522.5000
2024.06.09,08:00:00,16.019000,16.104000,15.967000,16.004000,772406.3600
2024.06.09,12:00:00,16.004000,16.106000,15.942000,15.994000,1265309.7400
2024.06.09,16:00:00,15.994000,16.178000,15.986000,16.172000,814240.2400
2024.06.09,20:00:00,16.172000,16.379000,16.113000,16.368000,1082911.8400
2024.06.10,00:00:00,16.368000,16.385000,16.096000,16.127000,1434742.5900
2024.06.10,04:00:00,16.126000,16.196000,15.795000,15.815000,1558078.0600
2024.06.10,08:00:00,15.816000,16.088000,15.808000,15.986000,1148435.5200
2024.06.10,12:00:00,15.986000,16.251000,15.763000,16.178000,1865901.8500
2024.06.10,16:00:00,16.177000,16.204000,15.838000,15.888000,1587835.3800
2024.06.10,20:00:00,15.888000,15.932000,15.777000,15.907000,976474.5400
2024.06.11,00:00:00,15.908000,15.915000,15.251000,15.712000,3286140.2900
2024.06.11,04:00:00,15.711000,15.753000,15.354000,15.504000,2246849.9100
2024.06.11,08:00:00,15.506000,15.619000,15.390000,15.429000,1664594.3300
2024.06.11,12:00:00,15.430000,15.500000,14.755000,14.879000,4278867.5100
2024.06.11,16:00:00,14.879000,15.073000,14.664000,15.032000,2657035.4700
2024.06.11,20:00:00,15.032000,15.096000,14.936000,14.982000,1003484.2100
2024.06.12,00:00:00,14.982000,15.196000,14.723000,15.170000,1878039.7300
2024.06.12,04:00:00,15.169000,15.296000,15.153000,15.275000,1237862.4100
2024.06.12,08:00:00,15.275000,15.551000,15.172000,15.198000,2886064.3900
2024.06.12,12:00:00,15.196000,16.136000,15.187000,16.068000,3724900.8000
2024.06.12,16:00:00,16.068000,16.233000,15.601000,15.699000,3931239.9000
2024.06.12,20:00:00,15.696000,16.064000,15.639000,16.009000,1226574.6000
2024.06.13,00:00:00,16.009000,16.052000,15.342000,15.519000,2158654.0300
2024.06.13,04:00:00,15.519000,15.648000,15.488000,15.522000,987757.9400
2024.06.13,08:00:00,15.522000,15.540000,15.253000,15.305000,1722482.7300
2024.06.13,12:00:00,15.304000,15.602000,15.075000,15.100000,3302653.4100
2024.06.13,16:00:00,15.100000,15.478000,15.050000,15.344000,1515907.5600
2024.06.13,20:00:00,15.343000,15.399000,15.065000,15.139000,928797.0600
2024.06.14,00:00:00,15.139000,15.460000,15.102000,15.275000,1672366.5700
2024.06.14,04:00:00,15.275000,15.441000,15.275000,15.335000,1030219.1000
2024.06.14,08:00:00,15.335000,15.443000,15.271000,15.423000,1249586.2500
2024.06.14,12:00:00,15.423000,15.455000,15.144000,15.195000,2101345.8500
2024.06.14,16:00:00,15.193000,15.210000,14.475000,14.505000,4598201.3700
2024.06.14,20:00:00,14.506000,14.926000,14.460000,14.736000,1855804.5800
2024.06.15,00:00:00,14.735000,14.896000,14.694000,14.863000,1084867.6700
2024.06.15,04:00:00,14.863000,15.106000,14.793000,15.009000,1216727.5200
2024.06.15,08:00:00,15.009000,15.062000,14.883000,14.894000,1184092.8100
2024.06.15,12:00:00,14.893000,15.040000,14.850000,14.982000,1142415.5200
2024.06.15,16:00:00,14.983000,15.020000,14.833000,14.905000,915963.6700
2024.06.15,20:00:00,14.906000,14.920000,14.781000,14.852000,924649.9300
2024.06.16,00:00:00,14.852000,14.863000,14.630000,14.655000,1089592.2500
2024.06.16,04:00:00,14.654000,14.869000,14.561000,14.842000,940672.3600
2024.06.16,08:00:00,14.842000,14.960000,14.769000,14.914000,953901.7400
2024.06.16,12:00:00,14.914000,15.192000,14.895000,15.142000,2211213.8200
2024.06.16,16:00:00,15.143000,15.160000,15.031000,15.106000,916925.5500
2024.06.16,20:00:00,15.105000,15.217000,15.082000,15.134000,934031.0200
2024.06.17,00:00:00,15.133000,15.209000,14.779000,14.789000,1720368.3900
2024.06.17,04:00:00,14.790000,14.923000,14.586000,14.766000,1889974.7400
2024.06.17,08:00:00,14.766000,14.810000,14.185000,14.324000,3040821.0700
2024.06.17,12:00:00,14.325000,14.426000,14.123000,14.283000,2478508.5100
2024.06.17,16:00:00,14.284000,14.831000,14.000000,14.689000,3650180.3000
2024.06.17,20:00:00,14.689000,14.698000,14.502000,14.512000,1730229.7100
2024.06.18,00:00:00,14.513000,14.612000,12.875000,13.727000,7924871.3200
2024.06.18,04:00:00,13.727000,13.817000,13.604000,13.722000,1595182.9500
2024.06.18,08:00:00,13.723000,13.819000,13.432000,13.631000,2309644.5800
2024.06.18,12:00:00,13.632000,13.710000,13.120000,13.563000,5812148.4600
2024.06.18,16:00:00,13.563000,13.606000,13.258000,13.592000,3245254.9300
2024.06.18,20:00:00,13.591000,13.985000,13.488000,13.972000,2392003.8600
2024.06.19,00:00:00,13.971000,14.331000,13.900000,14.199000,2884896.0600
2024.06.19,04:00:00,14.199000,14.393000,14.184000,14.391000,1227483.0500
2024.06.19,08:00:00,14.391000,14.417000,14.161000,14.269000,1655804.9000
2024.06.19,12:00:00,14.269000,14.336000,14.069000,14.185000,1594953.0900
2024.06.19,16:00:00,14.185000,14.490000,14.152000,14.369000,1542420.3800
2024.06.19,20:00:00,14.370000,14.495000,14.222000,14.336000,1138217.0800
2024.06.20,00:00:00,14.336000,14.503000,14.270000,14.351000,1913691.6900
2024.06.20,04:00:00,14.350000,14.742000,14.302000,14.724000,1581991.2800
2024.06.20,08:00:00,14.723000,14.848000,14.563000,14.643000,1617640.3800
2024.06.20,12:00:00,14.643000,14.686000,14.264000,14.325000,2246147.3100
2024.06.20,16:00:00,14.325000,14.507000,14.181000,14.505000,1667670.4400
2024.06.20,20:00:00,14.501000,14.538000,14.242000,14.250000,710299.1700
2024.06.21,00:00:00,14.251000,14.348000,14.095000,14.208000,1724054.6100
2024.06.21,04:00:00,14.209000,14.446000,14.147000,14.297000,1875545.0900
2024.06.21,08:00:00,14.297000,14.555000,14.040000,14.512000,2604866.3500
2024.06.21,12:00:00,14.511000,14.587000,14.161000,14.302000,3395873.6500
2024.06.21,16:00:00,14.305000,14.349000,13.943000,14.119000,2410809.2400
2024.06.21,20:00:00,14.119000,14.199000,13.837000,13.841000,1475313.3600
2024.06.22,00:00:00,13.842000,13.903000,13.727000,13.821000,1316640.8500
2024.06.22,04:00:00,13.822000,13.886000,13.727000,13.749000,1000096.6200
2024.06.22,08:00:00,13.749000,13.756000,13.566000,13.620000,1380528.5600
2024.06.22,12:00:00,13.620000,13.850000,13.578000,13.738000,1546340.6400
2024.06.22,16:00:00,13.737000,13.765000,13.585000,13.616000,1227458.3400
2024.06.22,20:00:00,13.617000,13.622000,13.457000,13.472000,1050818.1000
2024.06.23,00:00:00,13.472000,13.659000,13.471000,13.637000,1090423.6000
2024.06.23,04:00:00,13.637000,13.676000,13.524000,13.644000,832639.7300
2024.06.23,08:00:00,13.643000,13.663000,13.473000,13.564000,948595.5200
2024.06.23,12:00:00,13.565000,13.580000,13.370000,13.451000,1600610.1400
2024.06.23,16:00:00,13.451000,13.457000,13.304000,13.395000,1342959.3900
2024.06.23,20:00:00,13.396000,13.397000,13.116000,13.187000,1914676.4900
2024.06.24,00:00:00,13.188000,13.272000,13.020000,13.208000,1838576.7900
2024.06.24,04:00:00,13.208000,13.230000,12.925000,13.023000,2140419.4600
2024.06.24,08:00:00,13.023000,13.238000,12.577000,13.132000,3854243.1700
2024.06.24,12:00:00,13.131000,13.678000,13.090000,13.174000,4424157.7500
2024.06.24,16:00:00,13.173000,13.360000,13.078000,13.136000,2692810.2800
2024.06.24,20:00:00,13.136000,13.633000,13.000000,13.609000,2387787.2800
2024.06.25,00:00:00,13.608000,14.096000,13.565000,13.988000,2487186.0700
2024.06.25,04:00:00,13.988000,14.127000,13.854000,13.878000,1569050.0800
2024.06.25,08:00:00,13.878000,14.116000,13.816000,13.912000,1308198.0800
2024.06.25,12:00:00,13.911000,14.147000,13.826000,14.083000,1596363.1500
2024.06.25,16:00:00,14.084000,14.228000,14.013000,14.177000,1245885.0500
2024.06.25,20:00:00,14.177000,14.280000,14.101000,14.186000,992788.5500
2024.06.26,00:00:00,14.186000,14.279000,14.082000,14.200000,1166203.3900
2024.06.26,04:00:00,14.201000,14.287000,14.101000,14.225000,972556.5600
2024.06.26,08:00:00,14.225000,14.251000,13.972000,14.014000,1225189.4300
2024.06.26,12:00:00,14.015000,14.047000,13.851000,13.944000,1903227.8100
2024.06.26,16:00:00,13.944000,14.086000,13.850000,14.073000,1382307.8700
2024.06.26,20:00:00,14.073000,14.112000,13.896000,13.911000,895434.1200
2024.06.27,00:00:00,13.911000,13.927000,13.760000,13.825000,1106454.3000
2024.06.27,04:00:00,13.826000,13.878000,13.580000,13.663000,1313874.3400
2024.06.27,08:00:00,13.663000,13.930000,13.662000,13.860000,1433253.1700
2024.06.27,12:00:00,13.859000,14.237000,13.850000,14.083000,3083627.1400
2024.06.27,16:00:00,14.083000,14.551000,14.022000,14.363000,2625831.1200
2024.06.27,20:00:00,14.361000,14.431000,14.280000,14.426000,835034.4700
2024.06.28,00:00:00,14.426000,14.514000,14.262000,14.385000,1206871.3200
2024.06.28,04:00:00,14.386000,14.407000,14.132000,14.200000,1151199.4600
2024.06.28,08:00:00,14.200000,14.390000,14.141000,14.340000,932431.5700
2024.06.28,12:00:00,14.341000,14.596000,14.260000,14.366000,2893529.2800
2024.06.28,16:00:00,14.365000,14.420000,13.931000,14.087000,2713520.8800
2024.06.28,20:00:00,14.088000,14.119000,13.755000,13.771000,1340881.2900
2024.06.29,00:00:00,13.772000,14.161000,13.742000,14.085000,1612422.0300
2024.06.29,04:00:00,14.085000,14.120000,13.942000,13.961000,950362.4200
2024.06.29,08:00:00,13.961000,13.970000,13.792000,13.857000,910523.4200
2024.06.29,12:00:00,13.856000,13.870000,13.572000,13.674000,1585842.8200
2024.06.29,16:00:00,13.674000,13.711000,13.533000,13.646000,1366083.6300
2024.06.29,20:00:00,13.646000,13.694000,13.476000,13.536000,1075783.5800
2024.06.30,00:00:00,13.537000,13.606000,13.440000,13.522000,1136161.2600
2024.06.30,04:00:00,13.522000,13.710000,13.440000,13.669000,1272587.1200
2024.06.30,08:00:00,13.669000,13.741000,13.539000,13.541000,1298364.0100
2024.06.30,12:00:00,13.542000,13.695000,13.510000,13.691000,1282663.7100
2024.06.30,16:00:00,13.692000,14.014000,13.621000,13.996000,1663385.5300
2024.06.30,20:00:00,13.997000,14.348000,13.957000,14.278000,2240940.9300
2024.07.01,00:00:00,14.276000,14.430000,14.233000,14.288000,1958729.0100
2024.07.01,04:00:00,14.288000,14.416000,14.270000,14.382000,1007233.5900
2024.07.01,08:00:00,14.382000,14.472000,14.277000,14.408000,1713307.5000
2024.07.01,12:00:00,14.407000,14.481000,14.212000,14.381000,2001643.3300
2024.07.01,16:00:00,14.383000,14.535000,14.347000,14.463000,1293186.2700
2024.07.01,20:00:00,14.464000,14.581000,14.300000,14.332000,1308013.2800
2024.07.02,00:00:00,14.333000,14.473000,14.243000,14.446000,1093535.6800
2024.07.02,04:00:00,14.447000,14.692000,14.388000,14.549000,2269413.6900
2024.07.02,08:00:00,14.548000,14.750000,14.500000,14.634000,1677525.2200
2024.07.02,12:00:00,14.634000,14.684000,14.344000,14.491000,1913230.4500
2024.07.02,16:00:00,14.489000,14.594000,14.374000,14.532000,1243246.8700
2024.07.02,20:00:00,14.532000,14.587000,14.402000,14.412000,857233.3500
2024.07.03,00:00:00,14.411000,14.512000,14.069000,14.186000,2107407.3100
2024.07.03,04:00:00,14.187000,14.594000,14.100000,14.395000,2467772.5400
2024.07.03,08:00:00,14.394000,14.571000,14.138000,14.358000,3028766.3400
2024.07.03,12:00:00,14.357000,14.581000,14.056000,14.383000,3552424.1000
2024.07.03,16:00:00,14.384000,14.480000,13.686000,13.733000,4345794.1500
2024.07.03,20:00:00,13.733000,13.806000,13.549000,13.584000,2415729.7600
2024.07.04,00:00:00,13.584000,13.729000,12.950000,13.260000,5244648.8400
2024.07.04,04:00:00,13.259000,13.403000,13.086000,13.144000,2528297.4800
2024.07.04,08:00:00,13.145000,13.283000,13.004000,13.055000,3048032.5100
2024.07.04,12:00:00,13.054000,13.084000,12.600000,13.068000,5087416.1800
2024.07.04,16:00:00,13.069000,13.137000,12.925000,12.937000,2411312.3400
2024.07.04,20:00:00,12.938000,13.142000,12.502000,12.529000,3106067.1000
2024.07.05,00:00:00,12.528000,12.539000,11.015000,11.320000,13024505.2300
2024.07.05,04:00:00,11.320000,11.709000,11.007000,11.498000,6183186.0200
2024.07.05,08:00:00,11.497000,12.012000,11.127000,11.979000,5178513.5900
2024.07.05,12:00:00,11.978000,12.396000,11.782000,12.309000,5279307.8100
2024.07.05,16:00:00,12.312000,12.450000,12.157000,12.364000,2765881.1800
2024.07.05,20:00:00,12.363000,12.380000,12.241000,12.303000,1570074.1700
2024.07.06,00:00:00,12.303000,12.605000,12.178000,12.304000,2611287.2400
2024.07.06,04:00:00,12.304000,12.560000,12.220000,12.483000,1558851.3900
2024.07.06,08:00:00,12.482000,12.572000,12.320000,12.541000,1456589.4500
2024.07.06,12:00:00,12.540000,12.755000,12.422000,12.680000,1588977.0800
2024.07.06,16:00:00,12.681000,13.119000,12.656000,13.068000,2387515.8200
2024.07.06,20:00:00,13.068000,13.276000,13.028000,13.173000,1472789.2900
2024.07.07,00:00:00,13.173000,13.185000,12.963000,13.042000,1597661.6200
2024.07.07,04:00:00,13.042000,13.054000,12.650000,12.769000,1774372.2900
2024.07.07,08:00:00,12.770000,12.958000,12.751000,12.830000,1164842.6400
2024.07.07,12:00:00,12.830000,12.928000,12.412000,12.518000,2419305.6200
2024.07.07,16:00:00,12.519000,12.764000,12.476000,12.602000,1231339.5500
2024.07.07,20:00:00,12.602000,12.672000,12.276000,12.348000,1910329.4800
2024.07.08,00:00:00,12.348000,12.413000,11.769000,12.260000,4227942.2200
2024.07.08,04:00:00,12.260000,12.738000,12.216000,12.586000,2044503.4800
2024.07.08,08:00:00,12.586000,13.520000,12.560000,13.474000,5603789.8000
2024.07.08,12:00:00,13.473000,13.523000,12.653000,12.816000,5399604.9000
2024.07.08,16:00:00,12.815000,12.992000,12.705000,12.911000,2116208.3800
2024.07.08,20:00:00,12.913000,13.242000,12.803000,13.111000,2121529.1200
2024.07.09,00:00:00,13.110000,13.311000,12.908000,13.032000,2671676.3700
2024.07.09,04:00:00,13.031000,13.110000,12.918000,12.934000,1678040.7100
2024.07.09,08:00:00,12.934000,13.245000,12.883000,13.165000,2109214.7100
2024.07.09,12:00:00,13.164000,13.211000,12.733000,12.867000,4006282.9800
2024.07.09,16:00:00,12.866000,12.976000,12.719000,12.840000,2047384.4500
2024.07.09,20:00:00,12.839000,12.941000,12.737000,12.831000,1270765.3700
2024.07.10,00:00:00,12.831000,12.903000,12.682000,12.862000,1496260.9000
2024.07.10,04:00:00,12.860000,13.162000,12.855000,12.967000,2820916.6000
2024.07.10,08:00:00,12.968000,12.980000,12.825000,12.891000,1495108.5100
2024.07.10,12:00:00,12.891000,12.932000,12.721000,12.891000,2600012.9600
2024.07.10,16:00:00,12.891000,13.019000,12.753000,12.778000,1419986.4500
2024.07.10,20:00:00,12.777000,12.824000,12.703000,12.782000,972600.5300
2024.07.11,00:00:00,12.782000,12.924000,12.527000,12.617000,2083005.9600
2024.07.11,04:00:00,12.616000,12.831000,12.591000,12.816000,1224762.2100
2024.07.11,08:00:00,12.816000,12.966000,12.754000,12.918000,1329116.4200
2024.07.11,12:00:00,12.917000,13.160000,12.640000,12.710000,4485310.6500
2024.07.11,16:00:00,12.711000,12.854000,12.551000,12.558000,1816578.8200
2024.07.11,20:00:00,12.554000,12.557000,12.278000,12.336000,2150370.4600
2024.07.12,00:00:00,12.337000,12.566000,12.222000,12.469000,2029483.1200
2024.07.12,04:00:00,12.469000,12.517000,12.352000,12.437000,1212388.3100
2024.07.12,08:00:00,12.437000,12.471000,12.271000,12.397000,1533804.0400
2024.07.12,12:00:00,12.398000,12.721000,12.367000,12.670000,2162056.1200
2024.07.12,16:00:00,12.670000,12.823000,12.578000,12.684000,1466919.2000
2024.07.12,20:00:00,12.684000,12.737000,12.541000,12.735000,1430319.6700
2024.07.13,00:00:00,12.736000,12.864000,12.696000,12.810000,1220223.2900
2024.07.13,04:00:00,12.809000,13.020000,12.747000,13.019000,1355140.9100
2024.07.13,08:00:00,13.019000,13.092000,12.901000,13.014000,1392791.9500
2024.07.13,12:00:00,13.014000,13.059000,12.917000,13.040000,1080053.5300
2024.07.13,16:00:00,13.040000,13.108000,12.930000,13.050000,1738235.7400
2024.07.13,20:00:00,13.050000,13.130000,12.869000,13.011000,2003500.6800
2024.07.14,00:00:00,13.009000,13.128000,12.882000,12.954000,1514729.5000
2024.07.14,04:00:00,12.953000,13.151000,12.950000,13.089000,2685024.7900
2024.07.14,08:00:00,13.089000,13.258000,13.066000,13.098000,2630820.0900
2024.07.14,12:00:00,13.099000,13.273000,12.976000,13.259000,1406697.7100
2024.07.14,16:00:00,13.258000,13.339000,13.192000,13.241000,887768.5100
2024.07.14,20:00:00,13.240000,13.518000,13.219000,13.442000,1562516.5800
2024.07.15,00:00:00,13.441000,13.826000,13.395000,13.794000,2225010.3700
2024.07.15,04:00:00,13.794000,13.889000,13.631000,13.821000,1809199.7200
2024.07.15,08:00:00,13.820000,13.893000,13.720000,13.768000,1612699.2300
2024.07.15,12:00:00,13.768000,13.967000,13.759000,13.867000,2103081.4000
2024.07.15,16:00:00,13.866000,14.169000,13.820000,14.109000,2407952.5900
2024.07.15,20:00:00,14.109000,14.502000,14.108000,14.382000,2703437.7700
2024.07.16,00:00:00,14.381000,14.502000,14.255000,14.415000,1589893.2500
2024.07.16,04:00:00,14.415000,14.460000,13.906000,13.949000,2853001.0800
2024.07.16,08:00:00,13.950000,14.134000,13.805000,14.075000,2186079.8000
2024.07.16,12:00:00,14.075000,14.486000,13.920000,14.424000,2952905.5500
2024.07.16,16:00:00,14.424000,14.617000,14.231000,14.334000,2805311.3200
2024.07.16,20:00:00,14.333000,14.339000,14.085000,14.199000,1662718.5300
2024.07.17,00:00:00,14.201000,14.494000,14.180000,14.297000,1400009.2900
2024.07.17,04:00:00,14.298000,14.406000,14.244000,14.362000,935551.4900
2024.07.17,08:00:00,14.362000,14.475000,14.197000,14.315000,1856495.5600
2024.07.17,12:00:00,14.315000,14.464000,14.112000,14.120000,2100104.7800
2024.07.17,16:00:00,14.119000,14.146000,13.768000,13.967000,2618026.3700
2024.07.17,20:00:00,13.966000,13.988000,13.721000,13.730000,1105598.7600
2024.07.18,00:00:00,13.730000,13.999000,13.729000,13.868000,1184824.5000
2024.07.18,04:00:00,13.870000,13.964000,13.702000,13.829000,1352383.1900
2024.07.18,08:00:00,13.830000,13.893000,13.622000,13.798000,1761171.7200
2024.07.18,12:00:00,13.798000,13.955000,13.515000,13.526000,2586831.5200
2024.07.18,16:00:00,13.526000,13.685000,13.406000,13.551000,1806601.1900
2024.07.18,20:00:00,13.550000,13.666000,13.501000,13.589000,848164.9200
2024.07.19,00:00:00,13.589000,13.661000,13.334000,13.641000,1419088.3100
2024.07.19,04:00:00,13.640000,13.736000,13.482000,13.560000,1528402.3400
2024.07.19,08:00:00,13.558000,13.643000,13.362000,13.423000,1488081.7800
2024.07.19,12:00:00,13.423000,13.892000,13.395000,13.871000,2205127.1500
2024.07.19,16:00:00,13.872000,14.131000,13.870000,14.122000,2117443.0100
2024.07.19,20:00:00,14.123000,14.135000,13.989000,14.071000,805509.4900
2024.07.20,00:00:00,14.070000,14.100000,13.852000,14.030000,1014213.6400
2024.07.20,04:00:00,14.029000,14.220000,14.001000,14.099000,1000758.6200
2024.07.20,08:00:00,14.099000,14.139000,13.896000,13.905000,977252.8700
2024.07.20,12:00:00,13.905000,14.095000,13.838000,14.085000,1228730.6000
2024.07.20,16:00:00,14.084000,14.286000,14.026000,14.210000,1613804.7000
2024.07.20,20:00:00,14.210000,14.326000,14.178000,14.240000,940219.5500
2024.07.21,00:00:00,14.241000,14.331000,14.140000,14.166000,793393.9300
2024.07.21,04:00:00,14.165000,14.192000,13.932000,13.967000,987060.6200
2024.07.21,08:00:00,13.967000,14.356000,13.964000,14.200000,1646584.7200
2024.07.21,12:00:00,14.201000,14.712000,14.165000,14.442000,3436515.7800
2024.07.21,16:00:00,14.441000,14.771000,13.966000,14.522000,4953835.6400
2024.07.21,20:00:00,14.522000,15.006000,14.492000,14.810000,3243288.6800
2024.07.22,00:00:00,14.810000,14.873000,14.442000,14.474000,1706498.6500
2024.07.22,04:00:00,14.474000,14.545000,14.200000,14.277000,2085491.4100
2024.07.22,08:00:00,14.278000,14.375000,14.169000,14.356000,2011178.8000
2024.07.22,12:00:00,14.355000,14.387000,14.035000,14.144000,2800569.1500
2024.07.22,16:00:00,14.144000,14.219000,14.043000,14.196000,1531401.0800
2024.07.22,20:00:00,14.197000,14.206000,13.768000,13.926000,2454530.7300
2024.07.23,00:00:00,13.926000,14.157000,13.905000,14.037000,1661374.8700
2024.07.23,04:00:00,14.036000,14.046000,13.672000,13.865000,2207119.4700
2024.07.23,08:00:00,13.863000,14.122000,13.850000,13.976000,1947310.3300
2024.07.23,12:00:00,13.975000,13.980000,13.631000,13.800000,3584217.9700
2024.07.23,16:00:00,13.799000,13.930000,13.479000,13.889000,2464548.9700
2024.07.23,20:00:00,13.889000,14.003000,13.784000,13.899000,1329237.6300
2024.07.24,00:00:00,13.900000,13.918000,13.771000,13.856000,1093195.0100
2024.07.24,04:00:00,13.855000,13.864000,13.685000,13.851000,1163736.8900
2024.07.24,08:00:00,13.851000,13.882000,13.735000,13.859000,1304113.1400
2024.07.24,12:00:00,13.859000,13.955000,13.717000,13.728000,1951435.1800
2024.07.24,16:00:00,13.729000,13.872000,13.562000,13.571000,1588942.4200
2024.07.24,20:00:00,13.573000,13.625000,13.242000,13.394000,2478082.3700
2024.07.25,00:00:00,13.394000,13.441000,12.820000,12.963000,4329796.8000
2024.07.25,04:00:00,12.962000,13.142000,12.896000,13.018000,1618606.8900
2024.07.25,08:00:00,13.018000,13.060000,12.873000,12.942000,1385521.2400
2024.07.25,12:00:00,12.942000,13.018000,12.709000,12.829000,2608744.7400
2024.07.25,16:00:00,12.828000,12.906000,12.500000,12.623000,2329081.6500
2024.07.25,20:00:00,12.622000,12.971000,12.462000,12.932000,2135574.9300
2024.07.26,00:00:00,12.932000,13.302000,12.912000,13.229000,2014365.8200
2024.07.26,04:00:00,13.229000,13.504000,13.217000,13.395000,1393995.9000
2024.07.26,08:00:00,13.394000,13.466000,13.266000,13.324000,1191207.7500
2024.07.26,12:00:00,13.324000,13.565000,13.263000,13.506000,1973458.7300
2024.07.26,16:00:00,13.505000,13.636000,13.478000,13.566000,1129507.3200
2024.07.26,20:00:00,13.566000,13.580000,13.472000,13.520000,647388.2900
2024.07.27,00:00:00,13.521000,13.593000,13.420000,13.533000,1078697.5500
2024.07.27,04:00:00,13.532000,13.680000,13.532000,13.640000,849769.6900
2024.07.27,08:00:00,13.640000,13.693000,13.564000,13.638000,995308.7400
2024.07.27,12:00:00,13.639000,13.870000,13.518000,13.619000,1562687.7200
2024.07.27,16:00:00,13.618000,13.655000,13.359000,13.519000,1694055.4000
2024.07.27,20:00:00,13.519000,13.726000,13.254000,13.541000,2241147.9500
2024.07.28,00:00:00,13.541000,13.585000,13.417000,13.437000,999173.7700
2024.07.28,04:00:00,13.435000,13.489000,13.293000,13.441000,982713.5200
2024.07.28,08:00:00,13.441000,13.632000,13.387000,13.580000,759989.6800
2024.07.28,12:00:00,13.581000,13.639000,13.388000,13.419000,843822.8600
2024.07.28,16:00:00,13.420000,13.496000,13.336000,13.337000,924604.4100
2024.07.28,20:00:00,13.338000,13.353000,13.186000,13.300000,894805.1700
2024.07.29,00:00:00,13.299000,13.793000,13.294000,13.705000,2146258.1100
2024.07.29,04:00:00,13.705000,13.887000,13.659000,13.880000,1268420.2800
2024.07.29,08:00:00,13.881000,13.894000,13.763000,13.819000,1179794.2300
2024.07.29,12:00:00,13.818000,13.841000,13.464000,13.546000,2778528.8400
2024.07.29,16:00:00,13.546000,13.644000,13.361000,13.590000,2579304.0100
2024.07.29,20:00:00,13.590000,13.676000,13.486000,13.527000,946876.1400
2024.07.30,00:00:00,13.527000,13.770000,13.398000,13.752000,1900787.7000
2024.07.30,04:00:00,13.752000,13.790000,13.606000,13.691000,1145474.0900
2024.07.30,08:00:00,13.691000,13.717000,13.483000,13.524000,1206760.5600
2024.07.30,12:00:00,13.523000,13.673000,13.425000,13.544000,1645298.0000
2024.07.30,16:00:00,13.542000,13.561000,13.069000,13.140000,2122197.5900
2024.07.30,20:00:00,13.140000,13.225000,12.972000,13.129000,2046461.2900
2024.07.31,00:00:00,13.129000,13.311000,13.069000,13.250000,1200053.6400
2024.07.31,04:00:00,13.249000,13.409000,13.087000,13.298000,1665265.7800
2024.07.31,08:00:00,13.298000,13.309000,13.092000,13.139000,1455074.4800
2024.07.31,12:00:00,13.139000,13.260000,13.045000,13.074000,1739323.1100
2024.07.31,16:00:00,13.074000,13.146000,12.803000,12.909000,2729405.1500
2024.07.31,20:00:00,12.908000,12.979000,12.762000,12.824000,2023444.5200
2024.08.01,00:00:00,12.822000,12.936000,12.769000,12.805000,1837429.3100
2024.08.01,04:00:00,12.806000,12.890000,12.626000,12.821000,1977691.7100
2024.08.01,08:00:00,12.821000,13.048000,12.812000,13.026000,1323028.1000
2024.08.01,12:00:00,13.025000,13.093000,12.492000,12.505000,3682461.5900
2024.08.01,16:00:00,12.505000,12.524000,12.113000,12.416000,4652660.6800
2024.08.01,20:00:00,12.414000,12.963000,12.320000,12.877000,2527573.5700
2024.08.02,00:00:00,12.877000,12.948000,12.571000,12.773000,1798776.1100
2024.08.02,04:00:00,12.774000,12.811000,12.395000,12.482000,2478037.3700
2024.08.02,08:00:00,12.481000,12.595000,12.391000,12.512000,1746209.1200
2024.08.02,12:00:00,12.511000,12.673000,11.786000,12.092000,6154469.9300
2024.08.02,16:00:00,12.092000,12.100000,11.765000,11.905000,3021417.8400
2024.08.02,20:00:00,11.906000,12.053000,11.783000,11.914000,2720028.9500
2024.08.03,00:00:00,11.914000,11.966000,11.598000,11.957000,2695725.0900
2024.08.03,04:00:00,11.958000,12.088000,11.927000,12.049000,1035856.6200
2024.08.03,08:00:00,12.048000,12.101000,11.950000,12.033000,1021069.8500
2024.08.03,12:00:00,12.033000,12.127000,11.778000,11.808000,1873243.6300
2024.08.03,16:00:00,11.807000,11.846000,11.369000,11.383000,5330693.0200
2024.08.03,20:00:00,11.384000,11.769000,11.335000,11.681000,2238092.9000
2024.08.04,00:00:00,11.681000,11.781000,11.575000,11.731000,1291951.6200
2024.08.04,04:00:00,11.730000,11.780000,11.555000,11.572000,1047582.7800
2024.08.04,08:00:00,11.572000,11.659000,11.500000,11.562000,1283874.8200
2024.08.04,12:00:00,11.562000,11.632000,10.997000,11.023000,3970487.5100
2024.08.04,16:00:00,11.024000,11.130000,10.478000,11.073000,7810853.5100
2024.08.04,20:00:00,11.072000,11.208000,10.781000,10.881000,3330508.3700
2024.08.05,00:00:00,10.881000,10.973000,9.010000,9.306000,23902089.1000
2024.08.05,04:00:00,9.307000,9.424000,7.864000,9.046000,25755360.1700
2024.08.05,08:00:00,9.048000,9.080000,8.115000,8.466000,13533401.2700
2024.08.05,12:00:00,8.465000,9.526000,8.102000,9.435000,16083212.5800
2024.08.05,16:00:00,9.433000,9.772000,9.165000,9.309000,7390090.7600
2024.08.05,20:00:00,9.307000,9.690000,9.307000,9.477000,3725009.3100
2024.08.06,00:00:00,9.478000,10.163000,9.464000,9.934000,4899438.6100
2024.08.06,04:00:00,9.934000,10.155000,9.879000,10.104000,3009433.7600
2024.08.06,08:00:00,10.104000,10.106000,9.808000,9.975000,3614986.5200
2024.08.06,12:00:00,9.976000,10.434000,9.758000,10.369000,6691959.9600
2024.08.06,16:00:00,10.368000,10.448000,10.082000,10.106000,3330965.2000
2024.08.06,20:00:00,10.107000,10.267000,10.006000,10.058000,3267584.4600
2024.08.07,00:00:00,10.058000,10.410000,9.951000,10.313000,3605289.8700
2024.08.07,04:00:00,10.312000,10.476000,10.251000,10.338000,2378592.2600
2024.08.07,08:00:00,10.337000,10.447000,10.117000,10.128000,2117653.1200
2024.08.07,12:00:00,10.128000,10.218000,9.641000,9.810000,5642419.5500
2024.08.07,16:00:00,9.810000,9.831000,9.504000,9.599000,3966867.4200
2024.08.07,20:00:00,9.600000,9.695000,9.415000,9.488000,3896327.3400
2024.08.08,00:00:00,9.487000,10.050000,9.338000,9.955000,4812299.9300
2024.08.08,04:00:00,9.955000,10.055000,9.899000,9.911000,1807861.1900
2024.08.08,08:00:00,9.911000,10.073000,9.884000,10.020000,1622719.4900
2024.08.08,12:00:00,10.020000,10.308000,9.912000,10.196000,4667020.1800
2024.08.08,16:00:00,10.197000,10.450000,10.179000,10.318000,2941408.2700
2024.08.08,20:00:00,10.319000,10.829000,10.297000,10.745000,3374229.0500
2024.08.09,00:00:00,10.746000,10.746000,10.540000,10.599000,2285734.3200
2024.08.09,04:00:00,10.598000,10.614000,10.417000,10.551000,1488276.0900
2024.08.09,08:00:00,10.551000,10.604000,10.366000,10.430000,1740230.1400
2024.08.09,12:00:00,10.431000,10.520000,10.160000,10.171000,3794521.2100
2024.08.09,16:00:00,10.172000,10.458000,10.150000,10.431000,1786158.4200
2024.08.09,20:00:00,10.431000,10.547000,10.347000,10.528000,1807666.9500
2024.08.10,00:00:00,10.529000,10.669000,10.471000,10.541000,1990319.5300
2024.08.10,04:00:00,10.541000,10.676000,10.461000,10.627000,1038174.9800
2024.08.10,08:00:00,10.627000,10.697000,10.562000,10.668000,1015903.9800
2024.08.10,12:00:00,10.668000,10.682000,10.536000,10.573000,1482637.6400
2024.08.10,16:00:00,10.572000,10.616000,10.524000,10.579000,1074978.5700
2024.08.10,20:00:00,10.579000,10.608000,10.501000,10.548000,689798.3600
2024.08.11,00:00:00,10.548000,10.740000,10.524000,10.658000,1144871.8300
2024.08.11,04:00:00,10.659000,10.733000,10.590000,10.730000,900337.5500
2024.08.11,08:00:00,10.730000,10.836000,10.529000,10.572000,1816703.7000
2024.08.11,12:00:00,10.571000,10.593000,10.314000,10.394000,2417436.8200
2024.08.11,16:00:00,10.394000,10.460000,10.194000,10.205000,1671681.2100
2024.08.11,20:00:00,10.205000,10.207000,9.936000,9.995000,2675401.0900
2024.08.12,00:00:00,9.995000,10.118000,9.937000,10.068000,1846996.3100
2024.08.12,04:00:00,10.067000,10.261000,9.939000,10.230000,1900866.4700
2024.08.12,08:00:00,10.230000,10.674000,10.202000,10.640000,3163781.3700
2024.08.12,12:00:00,10.639000,10.748000,10.138000,10.585000,6552510.5900
2024.08.12,16:00:00,10.585000,10.642000,10.255000,10.366000,2520372.1400
2024.08.12,20:00:00,10.367000,10.614000,10.318000,10.548000,1709220.6400
2024.08.13,00:00:00,10.547000,10.583000,10.287000,10.309000,1899190.8300
2024.08.13,04:00:00,10.310000,10.388000,10.251000,10.270000,1260750.4600
2024.08.13,08:00:00,10.270000,10.307000,10.086000,10.225000,1806633.1200
2024.08.13,12:00:00,10.225000,10.470000,10.190000,10.300000,3254960.1300
2024.08.13,16:00:00,10.299000,10.664000,10.297000,10.591000,3000193.6100
2024.08.13,20:00:00,10.592000,10.687000,10.536000,10.567000,1312242.4300
2024.08.14,00:00:00,10.566000,10.650000,10.505000,10.581000,1315283.6700
2024.08.14,04:00:00,10.582000,10.696000,10.552000,10.613000,1263837.6000
2024.08.14,08:00:00,10.612000,10.701000,10.527000,10.596000,1611689.5300
2024.08.14,12:00:00,10.597000,10.736000,10.196000,10.463000,4674748.7600
2024.08.14,16:00:00,10.463000,10.480000,10.308000,10.376000,1655002.1800
2024.08.14,20:00:00,10.375000,10.430000,10.272000,10.388000,1152611.8500
2024.08.15,00:00:00,10.387000,10.468000,10.346000,10.462000,1397727.9400
2024.08.15,04:00:00,10.462000,10.497000,10.263000,10.342000,1704713.6200
2024.08.15,08:00:00,10.342000,10.470000,10.310000,10.441000,1429009.4100
2024.08.15,12:00:00,10.440000,10.692000,10.407000,10.630000,2800989.0800
2024.08.15,16:00:00,10.629000,10.681000,10.002000,10.072000,4674236.9800
2024.08.15,20:00:00,10.071000,10.202000,9.975000,10.166000,2248164.9100
2024.08.16,00:00:00,10.166000,10.304000,10.079000,10.172000,1635136.7600
2024.08.16,04:00:00,10.172000,10.397000,10.149000,10.313000,1277963.8200
2024.08.16,08:00:00,10.314000,10.343000,10.155000,10.180000,1284352.1400
2024.08.16,12:00:00,10.180000,10.269000,9.904000,10.018000,4844869.1600
2024.08.16,16:00:00,10.017000,10.239000,9.955000,10.206000,3193163.6100
2024.08.16,20:00:00,10.207000,10.256000,10.118000,10.121000,1032434.9500
2024.08.17,00:00:00,10.122000,10.162000,10.038000,10.096000,1128199.7800
2024.08.17,04:00:00,10.096000,10.104000,10.034000,10.081000,643373.8200
2024.08.17,08:00:00,10.081000,10.134000,10.019000,10.058000,1004297.4000
2024.08.17,12:00:00,10.058000,10.172000,10.044000,10.088000,1347954.0500
2024.08.17,16:00:00,10.088000,10.171000,10.068000,10.123000,1123219.9200
2024.08.17,20:00:00,10.124000,10.164000,10.084000,10.152000,752605.1900
2024.08.18,00:00:00,10.152000,10.219000,10.065000,10.075000,1309294.3200
2024.08.18,04:00:00,10.075000,10.105000,10.049000,10.071000,763413.4900
2024.08.18,08:00:00,10.070000,10.247000,10.057000,10.227000,1339076.7900
2024.08.18,12:00:00,10.227000,10.437000,10.194000,10.383000,2313180.5300
2024.08.18,16:00:00,10.383000,10.468000,10.281000,10.351000,1792503.2700
2024.08.18,20:00:00,10.352000,10.375000,10.060000,10.078000,1304271.6600
2024.08.19,00:00:00,10.079000,10.194000,10.009000,10.164000,1576231.8000
2024.08.19,04:00:00,10.164000,10.171000,10.069000,10.095000,859667.4200
2024.08.19,08:00:00,10.095000,10.157000,9.941000,10.041000,2016166.0400
2024.08.19,12:00:00,10.040000,10.120000,9.934000,10.026000,2356602.5700
2024.08.19,16:00:00,10.026000,10.180000,9.941000,10.081000,2239796.5400
2024.08.19,20:00:00,10.081000,10.191000,10.061000,10.177000,1128544.7600
2024.08.20,00:00:00,10.177000,10.415000,10.154000,10.415000,2426784.0400
2024.08.20,04:00:00,10.415000,10.544000,10.381000,10.503000,1697685.9500
2024.08.20,08:00:00,10.503000,10.517000,10.372000,10.400000,1253605.7500
2024.08.20,12:00:00,10.400000,10.464000,10.030000,10.109000,3407447.4800
2024.08.20,16:00:00,10.108000,10.283000,10.078000,10.256000,1413835.9200
2024.08.20,20:00:00,10.257000,10.310000,10.175000,10.231000,1166201.5200
2024.08.21,00:00:00,10.231000,10.403000,10.198000,10.369000,1399392.1600
2024.08.21,04:00:00,10.370000,10.453000,10.328000,10.411000,1020168.4000
2024.08.21,08:00:00,10.411000,10.447000,10.256000,10.291000,1390816.9500
2024.08.21,12:00:00,10.290000,10.455000,10.134000,10.409000,3624230.2300
2024.08.21,16:00:00,10.409000,11.137000,10.370000,11.116000,4735114.6000
2024.08.21,20:00:00,11.116000,11.403000,11.073000,11.209000,4539130.5200
2024.08.22,00:00:00,11.209000,11.388000,11.126000,11.386000,3490339.5000
2024.08.22,04:00:00,11.386000,11.422000,11.258000,11.324000,2042909.2600
2024.08.22,08:00:00,11.325000,11.388000,11.255000,11.311000,1850278.2000
2024.08.22,12:00:00,11.311000,11.556000,11.269000,11.453000,3627532.1300
2024.08.22,16:00:00,11.452000,11.610000,11.311000,11.314000,3023241.3600
2024.08.22,20:00:00,11.314000,11.471000,11.311000,11.467000,1234144.6900
2024.08.23,00:00:00,11.468000,11.593000,11.450000,11.548000,1643652.0400
2024.08.23,04:00:00,11.548000,11.680000,11.517000,11.639000,2367466.1200
2024.08.23,08:00:00,11.640000,11.729000,11.503000,11.511000,1860425.2700
2024.08.23,12:00:00,11.511000,11.806000,11.448000,11.669000,4551348.7000
2024.08.23,16:00:00,11.669000,11.990000,11.624000,11.944000,3303500.0300
2024.08.23,20:00:00,11.944000,12.206000,11.933000,12.047000,2480815.1500
2024.08.24,00:00:00,12.046000,12.077000,11.947000,11.959000,1430740.7200
2024.08.24,04:00:00,11.958000,12.020000,11.895000,11.952000,1032093.9100
2024.08.24,08:00:00,11.952000,12.155000,11.925000,12.048000,1607706.1400
2024.08.24,12:00:00,12.047000,12.238000,12.020000,12.223000,1472213.4100
2024.08.24,16:00:00,12.223000,12.553000,12.172000,12.409000,2964723.9000
2024.08.24,20:00:00,12.409000,12.518000,12.173000,12.335000,2067406.6800
2024.08.25,00:00:00,12.335000,12.375000,11.987000,12.133000,2402399.6600
2024.08.25,04:00:00,12.133000,12.187000,11.935000,12.044000,1838046.6500
2024.08.25,08:00:00,12.043000,12.170000,11.981000,12.087000,1393873.9700
2024.08.25,12:00:00,12.087000,12.307000,12.078000,12.194000,1689192.2000
2024.08.25,16:00:00,12.193000,12.286000,12.073000,12.114000,1351582.6000
2024.08.25,20:00:00,12.114000,12.306000,12.075000,12.097000,1304717.8700
2024.08.26,00:00:00,12.095000,12.180000,11.939000,12.111000,1646531.5400
2024.08.26,04:00:00,12.111000,12.437000,12.096000,12.364000,2874342.2200
2024.08.26,08:00:00,12.365000,12.685000,12.263000,12.335000,5198848.5200
2024.08.26,12:00:00,12.335000,12.367000,12.076000,12.186000,3275344.4100
2024.08.26,16:00:00,12.185000,12.242000,11.931000,11.980000,2745238.0100
2024.08.26,20:00:00,11.980000,12.069000,11.831000,11.833000,1809567.9100
2024.08.27,00:00:00,11.831000,11.956000,11.803000,11.870000,1550932.7200
2024.08.27,04:00:00,11.870000,12.047000,11.753000,11.824000,2056940.6700
2024.08.27,08:00:00,11.824000,11.852000,11.601000,11.619000,2443914.5400
2024.08.27,12:00:00,11.619000,11.689000,11.479000,11.516000,2514511.6700
2024.08.27,16:00:00,11.515000,11.689000,11.460000,11.617000,1898679.0800
2024.08.27,20:00:00,11.616000,11.618000,10.880000,11.147000,5422138.1200
2024.08.28,00:00:00,11.146000,11.191000,10.981000,11.182000,2069707.9400
2024.08.28,04:00:00,11.182000,11.207000,10.962000,10.974000,1467107.5700
2024.08.28,08:00:00,10.975000,11.544000,10.931000,11.496000,3608618.7500
2024.08.28,12:00:00,11.496000,11.699000,11.200000,11.300000,3558842.8100
2024.08.28,16:00:00,11.300000,11.477000,11.026000,11.212000,3441035.6800
2024.08.28,20:00:00,11.213000,11.420000,11.100000,11.170000,1772032.1000
2024.08.29,00:00:00,11.169000,11.235000,11.117000,11.211000,1032151.1800
2024.08.29,04:00:00,11.210000,11.303000,11.143000,11.224000,1015183.9000
2024.08.29,08:00:00,11.225000,11.321000,11.146000,11.245000,1309528.9300
2024.08.29,12:00:00,11.243000,11.461000,11.223000,11.332000,1856395.1700
2024.08.29,16:00:00,11.333000,11.367000,10.837000,10.946000,2967370.4100
2024.08.29,20:00:00,10.947000,11.003000,10.803000,10.937000,1231054.2900
2024.08.30,00:00:00,10.936000,11.025000,10.892000,11.006000,1145719.0200
2024.08.30,04:00:00,11.006000,11.137000,10.951000,11.101000,1118062.2600
2024.08.30,08:00:00,11.102000,11.195000,11.014000,11.029000,1071122.7700
2024.08.30,12:00:00,11.028000,11.164000,10.504000,10.537000,4114147.4100
2024.08.30,16:00:00,10.538000,11.101000,10.497000,10.991000,2967988.0200
2024.08.30,20:00:00,10.991000,11.136000,10.956000,11.114000,939456.7400
2024.08.31,00:00:00,11.113000,11.175000,11.067000,11.113000,881386.6500
2024.08.31,04:00:00,11.114000,11.171000,11.089000,11.113000,668557.9300
2024.08.31,08:00:00,11.114000,11.191000,11.025000,11.139000,940269.3600
2024.08.31,12:00:00,11.139000,11.202000,11.025000,11.084000,1014684.5700
2024.08.31,16:00:00,11.085000,11.104000,10.927000,11.019000,1247154.9800
2024.08.31,20:00:00,11.018000,11.100000,10.988000,11.009000,540312.8200
2024.09.01,00:00:00,11.009000,11.016000,10.830000,10.939000,1025489.4500
2024.09.01,04:00:00,10.940000,10.967000,10.772000,10.877000,1143703.3600
2024.09.01,08:00:00,10.878000,10.898000,10.703000,10.796000,1098839.7500
2024.09.01,12:00:00,10.795000,10.812000,10.522000,10.696000,2186873.3400
2024.09.01,16:00:00,10.696000,10.766000,10.512000,10.695000,1849534.8900
2024.09.01,20:00:00,10.696000,10.768000,10.222000,10.359000,2521426.5500
2024.09.02,00:00:00,10.358000,10.504000,10.316000,10.469000,1512020.3900
2024.09.02,04:00:00,10.469000,10.520000,10.328000,10.377000,1473289.9700
2024.09.02,08:00:00,10.377000,10.790000,10.368000,10.737000,2137810.3100
2024.09.02,12:00:00,10.737000,10.793000,10.587000,10.645000,1824048.4300
2024.09.02,16:00:00,10.646000,10.708000,10.552000,10.663000,1189495.8300
2024.09.02,20:00:00,10.663000,10.828000,10.633000,10.756000,1208726.9800
2024.09.03,00:00:00,10.755000,10.875000,10.689000,10.696000,1131922.6100
2024.09.03,04:00:00,10.696000,10.723000,10.606000,10.693000,975314.7600
2024.09.03,08:00:00,10.692000,10.699000,10.537000,10.657000,1299068.3800
2024.09.03,12:00:00,10.657000,10.735000,10.269000,10.289000,3153038.5400
2024.09.03,16:00:00,10.290000,10.501000,10.209000,10.483000,2487795.6400
2024.09.03,20:00:00,10.484000,10.508000,10.285000,10.311000,1724906.5800
2024.09.04,00:00:00,10.311000,10.388000,9.812000,10.245000,4195513.8500
2024.09.04,04:00:00,10.245000,10.407000,10.168000,10.257000,1750197.8200
2024.09.04,08:00:00,10.257000,10.291000,10.085000,10.114000,1617834.2500
2024.09.04,12:00:00,10.114000,10.398000,10.052000,10.385000,3194026.3200
2024.09.04,16:00:00,10.384000,10.494000,10.265000,10.319000,1869309.6200
2024.09.04,20:00:00,10.318000,10.428000,10.275000,10.331000,808765.5700
2024.09.05,00:00:00,10.331000,10.394000,10.143000,10.159000,1340154.2400
2024.09.05,04:00:00,10.159000,10.300000,10.108000,10.269000,1054605.0000
2024.09.05,08:00:00,10.269000,10.284000,10.142000,10.169000,787533.4800
2024.09.05,12:00:00,10.170000,10.242000,9.935000,9.997000,2644770.2900
2024.09.05,16:00:00,9.996000,10.106000,9.904000,9.952000,1501871.9900
2024.09.05,20:00:00,9.952000,10.032000,9.934000,10.021000,954593.9400
2024.09.06,00:00:00,10.021000,10.175000,9.948000,10.099000,1402746.1300
2024.09.06,04:00:00,10.098000,10.113000,9.804000,9.912000,1798353.7900
2024.09.06,08:00:00,9.912000,9.981000,9.881000,9.902000,1263190.9700
2024.09.06,12:00:00,9.901000,10.106000,9.578000,9.680000,6487219.6000
2024.09.06,16:00:00,9.682000,9.685000,9.453000,9.511000,3774061.8200
2024.09.06,20:00:00,9.510000,9.587000,9.276000,9.568000,3613724.9800
2024.09.07,00:00:00,9.568000,9.685000,9.554000,9.648000,956946.2200
2024.09.07,04:00:00,9.649000,10.028000,9.649000,9.940000,3016253.4900
2024.09.07,08:00:00,9.939000,10.014000,9.866000,9.989000,1214260.0800
2024.09.07,12:00:00,9.989000,10.156000,9.985000,10.125000,1527574.4600
2024.09.07,16:00:00,10.124000,10.132000,9.984000,10.045000,1554910.7100
2024.09.07,20:00:00,10.046000,10.053000,9.930000,10.023000,992134.5100
2024.09.08,00:00:00,10.024000,10.142000,9.962000,10.140000,885862.7200
2024.09.08,04:00:00,10.140000,10.308000,10.140000,10.278000,1697814.9000
2024.09.08,08:00:00,10.278000,10.370000,10.242000,10.269000,1379920.5400
2024.09.08,12:00:00,10.269000,10.302000,10.159000,10.169000,1924460.5400
2024.09.08,16:00:00,10.169000,10.289000,10.116000,10.218000,1208453.2100
2024.09.08,20:00:00,10.219000,10.449000,10.201000,10.346000,1526603.4400
2024.09.09,00:00:00,10.346000,10.444000,10.267000,10.353000,1241500.4300
2024.09.09,04:00:00,10.353000,10.686000,10.278000,10.617000,2521435.7600
2024.09.09,08:00:00,10.616000,10.820000,10.485000,10.511000,3714332.1600
2024.09.09,12:00:00,10.512000,10.526000,10.287000,10.383000,2527174.9300
2024.09.09,16:00:00,10.383000,10.618000,10.374000,10.615000,2787454.0700
2024.09.09,20:00:00,10.615000,10.738000,10.517000,10.532000,1886264.0600
2024.09.10,00:00:00,10.533000,10.541000,10.341000,10.349000,1255555.2100
2024.09.10,04:00:00,10.350000,10.553000,10.323000,10.522000,1903142.8700
2024.09.10,08:00:00,10.522000,10.569000,10.417000,10.534000,1491740.5500
2024.09.10,12:00:00,10.534000,10.580000,10.401000,10.458000,2190892.5000
2024.09.10,16:00:00,10.458000,10.737000,10.442000,10.646000,2247866.9400
2024.09.10,20:00:00,10.646000,10.672000,10.554000,10.584000,978504.8000
2024.09.11,00:00:00,10.585000,10.593000,10.343000,10.435000,1705743.8700
2024.09.11,04:00:00,10.433000,10.480000,10.300000,10.479000,1510586.9600
2024.09.11,08:00:00,10.478000,10.488000,10.287000,10.356000,1736401.1000
2024.09.11,12:00:00,10.355000,10.500000,10.159000,10.340000,4201377.6600
2024.09.11,16:00:00,10.340000,10.493000,10.325000,10.438000,1912039.7800
2024.09.11,20:00:00,10.439000,10.457000,10.382000,10.393000,813219.5200
2024.09.12,00:00:00,10.393000,10.611000,10.384000,10.518000,1630018.6100
2024.09.12,04:00:00,10.519000,10.609000,10.499000,10.571000,1038431.6700
2024.09.12,08:00:00,10.570000,10.656000,10.554000,10.634000,1170003.7100
2024.09.12,12:00:00,10.634000,10.708000,10.524000,10.538000,2716425.7900
2024.09.12,16:00:00,10.538000,10.765000,10.532000,10.731000,1522233.5100
2024.09.12,20:00:00,10.731000,10.801000,10.654000,10.780000,1318149.4600
2024.09.13,00:00:00,10.780000,10.863000,10.727000,10.729000,1233030.7500
2024.09.13,04:00:00,10.728000,10.758000,10.637000,10.694000,1031526.1800
2024.09.13,08:00:00,10.694000,11.006000,10.680000,10.927000,2802968.2600
2024.09.13,12:00:00,10.927000,11.346000,10.921000,11.298000,6356610.9300
2024.09.13,16:00:00,11.297000,11.396000,11.249000,11.352000,2634212.6300
2024.09.13,20:00:00,11.353000,11.553000,11.339000,11.441000,1949536.5800
2024.09.14,00:00:00,11.441000,11.467000,11.385000,11.398000,1010584.2000
2024.09.14,04:00:00,11.399000,11.404000,11.312000,11.387000,1037033.7800
2024.09.14,08:00:00,11.388000,11.426000,11.227000,11.257000,1717477.7900
2024.09.14,12:00:00,11.258000,11.371000,11.240000,11.366000,919789.9800
2024.09.14,16:00:00,11.366000,11.412000,11.201000,11.290000,1482497.8700
2024.09.14,20:00:00,11.290000,11.343000,11.257000,11.290000,610161.8500
2024.09.15,00:00:00,11.290000,11.355000,11.271000,11.310000,759621.1000
2024.09.15,04:00:00,11.309000,11.330000,11.246000,11.260000,668654.9800
2024.09.15,08:00:00,11.259000,11.259000,11.135000,11.159000,1167979.0200
2024.09.15,12:00:00,11.159000,11.272000,11.120000,11.220000,1195314.3400
2024.09.15,16:00:00,11.220000,11.220000,11.063000,11.084000,1425918.2300
2024.09.15,20:00:00,11.084000,11.094000,10.781000,10.799000,2058405.1800
2024.09.16,00:00:00,10.799000,10.801000,10.477000,10.646000,2891206.7600
2024.09.16,04:00:00,10.647000,10.737000,10.588000,10.717000,1495947.3500
2024.09.16,08:00:00,10.716000,10.827000,10.582000,10.666000,1686018.1700
2024.09.16,12:00:00,10.665000,10.679000,10.440000,10.548000,2191075.1300
2024.09.16,16:00:00,10.547000,10.565000,10.408000,10.527000,2114061.2800
2024.09.16,20:00:00,10.527000,10.584000,10.425000,10.537000,1060550.6600
2024.09.17,00:00:00,10.536000,10.572000,10.432000,10.508000,1142958.4500
2024.09.17,04:00:00,10.508000,10.647000,10.507000,10.606000,1016360.2100
2024.09.17,08:00:00,10.606000,10.689000,10.575000,10.595000,1287650.0100
2024.09.17,12:00:00,10.594000,10.912000,10.506000,10.850000,3476600.8500
2024.09.17,16:00:00,10.850000,10.871000,10.578000,10.665000,1771474.2500
2024.09.17,20:00:00,10.664000,10.729000,10.557000,10.616000,1230964.8400
2024.09.18,00:00:00,10.616000,10.671000,10.504000,10.642000,1176015.3800
2024.09.18,04:00:00,10.642000,10.655000,10.540000,10.592000,1067622.0400
2024.09.18,08:00:00,10.592000,10.594000,10.330000,10.440000,1976410.9400
2024.09.18,12:00:00,10.441000,10.503000,10.279000,10.318000,1704097.1800
2024.09.18,16:00:00,10.318000,10.739000,10.288000,10.558000,4016373.2200
2024.09.18,20:00:00,10.557000,10.894000,10.436000,10.891000,1931154.5100
2024.09.19,00:00:00,10.892000,11.140000,10.892000,11.002000,2548393.7400
2024.09.19,04:00:00,11.003000,11.151000,10.960000,11.150000,1513207.4400
2024.09.19,08:00:00,11.150000,11.270000,11.106000,11.258000,1719172.6600
2024.09.19,12:00:00,11.258000,11.345000,11.173000,11.218000,2275593.0600
2024.09.19,16:00:00,11.218000,11.394000,11.209000,11.222000,2153098.6500
2024.09.19,20:00:00,11.221000,11.265000,11.171000,11.199000,1459009.4400
2024.09.20,00:00:00,11.198000,11.428000,11.117000,11.425000,1701200.0400
2024.09.20,04:00:00,11.424000,11.722000,11.411000,11.692000,3149044.7200
2024.09.20,08:00:00,11.692000,11.734000,11.546000,11.600000,1781550.6200
2024.09.20,12:00:00,11.600000,11.686000,11.437000,11.526000,2555858.0500
2024.09.20,16:00:00,11.527000,11.548000,11.360000,11.428000,1567641.1400
2024.09.20,20:00:00,11.428000,11.495000,11.388000,11.430000,956290.4300
2024.09.21,00:00:00,11.429000,11.486000,11.255000,11.271000,1411227.3200
2024.09.21,04:00:00,11.270000,11.361000,11.203000,11.352000,979922.4500
2024.09.21,08:00:00,11.353000,11.384000,11.298000,11.340000,845151.6600
2024.09.21,12:00:00,11.340000,11.478000,11.319000,11.382000,1273139.7200
2024.09.21,16:00:00,11.382000,11.429000,11.316000,11.353000,915638.2200
2024.09.21,20:00:00,11.352000,11.541000,11.322000,11.486000,973667.3800
2024.09.22,00:00:00,11.485000,11.542000,11.306000,11.370000,1366770.5600
2024.09.22,04:00:00,11.370000,11.421000,11.271000,11.299000,907669.8100
2024.09.22,08:00:00,11.299000,11.323000,11.125000,11.218000,1428444.4200
2024.09.22,12:00:00,11.219000,11.248000,11.014000,11.025000,1734757.9800
2024.09.22,16:00:00,11.025000,11.159000,10.940000,11.060000,1787965.7400
2024.09.22,20:00:00,11.060000,11.200000,10.839000,11.122000,2349602.8100
2024.09.23,00:00:00,11.121000,11.485000,10.901000,11.419000,2770750.6200
2024.09.23,04:00:00,11.421000,11.472000,11.274000,11.309000,1860651.6500
2024.09.23,08:00:00,11.308000,11.469000,11.272000,11.432000,1799369.8900
2024.09.23,12:00:00,11.431000,11.581000,11.326000,11.499000,2967733.1700
2024.09.23,16:00:00,11.498000,11.604000,11.370000,11.425000,1680696.1800
2024.09.23,20:00:00,11.427000,11.472000,11.351000,11.389000,1185626.4200
2024.09.24,00:00:00,11.388000,11.421000,11.194000,11.292000,2059160.0600
2024.09.24,04:00:00,11.293000,11.485000,11.204000,11.467000,1297361.5300
2024.09.24,08:00:00,11.468000,11.549000,11.430000,11.503000,1941217.6400
2024.09.24,12:00:00,11.504000,11.624000,11.317000,11.513000,3239131.2500
2024.09.24,16:00:00,11.512000,11.866000,11.465000,11.847000,2554065.3500
2024.09.24,20:00:00,11.846000,12.227000,11.821000,12.149000,3416774.2100
2024.09.25,00:00:00,12.149000,12.286000,12.096000,12.283000,1985529.2100
2024.09.25,04:00:00,12.283000,12.288000,12.071000,12.187000,1751459.0600
2024.09.25,08:00:00,12.187000,12.370000,12.184000,12.314000,2135302.3600
2024.09.25,12:00:00,12.313000,12.497000,12.263000,12.361000,2781101.4200
2024.09.25,16:00:00,12.362000,12.554000,12.124000,12.134000,3176990.0300
2024.09.25,20:00:00,12.135000,12.252000,12.062000,12.107000,1550878.2700
2024.09.26,00:00:00,12.109000,12.148000,11.874000,12.069000,2546713.3200
2024.09.26,04:00:00,12.068000,12.275000,11.999000,12.251000,2096915.6300
2024.09.26,08:00:00,12.250000,12.344000,12.123000,12.290000,2023091.2700
2024.09.26,12:00:00,12.291000,12.644000,12.201000,12.592000,4430071.7600
2024.09.26,16:00:00,12.592000,12.744000,12.509000,12.614000,2243794.4400
2024.09.26,20:00:00,12.615000,12.664000,12.424000,12.557000,1529324.9300
2024.09.27,00:00:00,12.557000,12.644000,12.447000,12.624000,1695896.0900
2024.09.27,04:00:00,12.624000,12.872000,12.618000,12.741000,2690921.1600
2024.09.27,08:00:00,12.742000,12.841000,12.575000,12.724000,1748840.1300
2024.09.27,12:00:00,12.723000,12.822000,12.612000,12.708000,2117447.5200
2024.09.27,16:00:00,12.708000,12.880000,12.619000,12.683000,1815719.6500
2024.09.27,20:00:00,12.682000,12.755000,12.602000,12.667000,889998.1000
2024.09.28,00:00:00,12.668000,12.874000,12.654000,12.754000,1823907.1300
2024.09.28,04:00:00,12.754000,12.803000,12.556000,12.571000,1365640.7700
2024.09.28,08:00:00,12.571000,12.703000,12.358000,12.690000,2120414.2000
2024.09.28,12:00:00,12.691000,12.936000,12.581000,12.834000,2136618.9100
2024.09.28,16:00:00,12.834000,12.972000,12.730000,12.911000,1301408.3600
2024.09.28,20:00:00,12.911000,12.974000,12.720000,12.942000,1291671.5400
2024.09.29,00:00:00,12.942000,12.976000,12.675000,12.744000,1415617.1900
2024.09.29,04:00:00,12.744000,12.761000,12.515000,12.531000,1131724.7200
2024.09.29,08:00:00,12.530000,12.640000,12.488000,12.601000,946845.9700
2024.09.29,12:00:00,12.602000,12.626000,12.465000,12.591000,1386577.3100
2024.09.29,16:00:00,12.590000,12.682000,12.502000,12.666000,1055795.5200
2024.09.29,20:00:00,12.665000,12.723000,12.430000,12.458000,1517234.4500
2024.09.30,00:00:00,12.459000,12.474000,12.126000,12.262000,3163075.6400
2024.09.30,04:00:00,12.262000,12.341000,12.179000,12.269000,1252188.7000
2024.09.30,08:00:00,12.268000,12.282000,11.988000,12.079000,2210830.3600
2024.09.30,12:00:00,12.079000,12.188000,11.910000,11.924000,2163128.4700
2024.09.30,16:00:00,11.923000,12.009000,11.874000,11.965000,1635192.7300
2024.09.30,20:00:00,11.966000,12.045000,11.743000,11.843000,1894326.5700
2024.10.01,00:00:00,11.843000,12.129000,11.781000,12.101000,1662145.9900
2024.10.01,04:00:00,12.102000,12.248000,12.083000,12.210000,1379534.1300
2024.10.01,08:00:00,12.210000,12.236000,12.126000,12.151000,1081000.7900
2024.10.01,12:00:00,12.152000,12.170000,11.161000,11.424000,5955592.7600
2024.10.01,16:00:00,11.425000,11.471000,10.833000,11.045000,6818167.2800
2024.10.01,20:00:00,11.047000,11.097000,10.882000,11.008000,2751587.1200
2024.10.02,00:00:00,11.008000,11.245000,10.962000,11.209000,1649597.2500
2024.10.02,04:00:00,11.209000,11.309000,11.127000,11.238000,1205791.6100
2024.10.02,08:00:00,11.237000,11.258000,10.978000,11.060000,2198610.8500
2024.10.02,12:00:00,11.060000,11.077000,10.776000,10.923000,3871268.1700
2024.10.02,16:00:00,10.923000,11.044000,10.446000,10.596000,4426827.1300
2024.10.02,20:00:00,10.595000,10.679000,10.451000,10.647000,2103128.6600
2024.10.03,00:00:00,10.646000,10.837000,10.582000,10.835000,1791947.5500
2024.10.03,04:00:00,10.835000,10.862000,10.605000,10.629000,1456065.6300
2024.10.03,08:00:00,10.629000,10.679000,10.332000,10.527000,3140932.7800
2024.10.03,12:00:00,10.528000,10.640000,10.337000,10.528000,4282944.1000
2024.10.03,16:00:00,10.529000,10.651000,10.375000,10.647000,2719692.0200
2024.10.03,20:00:00,10.646000,10.686000,10.538000,10.651000,1341702.8900
2024.10.04,00:00:00,10.651000,10.798000,10.589000,10.740000,1613504.6500
2024.10.04,04:00:00,10.739000,10.986000,10.730000,10.966000,1263091.4500
2024.10.04,08:00:00,10.966000,11.063000,10.918000,10.981000,1301453.5600
2024.10.04,12:00:00,10.980000,11.161000,10.880000,11.160000,2919977.8800
2024.10.04,16:00:00,11.161000,11.246000,11.066000,11.131000,1707878.1400
2024.10.04,20:00:00,11.133000,11.138000,11.031000,11.069000,852144.0200
2024.10.05,00:00:00,11.070000,11.147000,10.979000,11.041000,955785.0900
2024.10.05,04:00:00,11.041000,11.240000,11.031000,11.207000,1071951.9400
2024.10.05,08:00:00,11.208000,11.376000,11.208000,11.301000,1212022.1600
2024.10.05,12:00:00,11.302000,11.371000,11.231000,11.349000,1147042.7000
2024.10.05,16:00:00,11.350000,11.358000,11.149000,11.152000,1249586.9000
2024.10.05,20:00:00,11.152000,11.276000,11.073000,11.260000,1005112.4800
2024.10.06,00:00:00,11.261000,11.314000,11.184000,11.256000,856297.6700
2024.10.06,04:00:00,11.255000,11.399000,11.224000,11.323000,1158594.4000
2024.10.06,08:00:00,11.322000,11.343000,11.216000,11.253000,809862.6900
2024.10.06,12:00:00,11.253000,11.372000,11.183000,11.296000,1806866.9600
2024.10.06,16:00:00,11.296000,11.358000,11.191000,11.198000,1389121.9100
2024.10.06,20:00:00,11.197000,11.312000,11.152000,11.274000,1115576.0900
2024.10.07,00:00:00,11.273000,11.610000,11.214000,11.602000,2398539.9800
2024.10.07,04:00:00,11.601000,11.670000,11.523000,11.544000,1296021.8100
2024.10.07,08:00:00,11.544000,11.600000,11.240000,11.427000,2198812.5500
2024.10.07,12:00:00,11.428000,11.759000,11.328000,11.518000,2882670.4200
2024.10.07,16:00:00,11.518000,11.594000,11.203000,11.348000,2297952.7500
2024.10.07,20:00:00,11.349000,11.375000,11.114000,11.152000,1634931.5000
2024.10.08,00:00:00,11.152000,11.289000,11.143000,11.212000,1221394.9100
2024.10.08,04:00:00,11.212000,11.247000,10.958000,11.019000,1704016.1200
2024.10.08,08:00:00,11.019000,11.173000,10.976000,11.168000,1365820.6500
2024.10.08,12:00:00,11.169000,11.192000,10.859000,10.931000,2873681.8400
2024.10.08,16:00:00,10.932000,11.046000,10.818000,10.897000,1646754.5900
2024.10.08,20:00:00,10.897000,10.978000,10.785000,10.828000,891816.2800
2024.10.09,00:00:00,10.828000,10.970000,10.755000,10.862000,1472730.7000
2024.10.09,04:00:00,10.862000,10.915000,10.755000,10.781000,1331800.1800
2024.10.09,08:00:00,10.781000,10.808000,10.659000,10.669000,1342735.3300
2024.10.09,12:00:00,10.669000,10.744000,10.550000,10.707000,2614511.6600
2024.10.09,16:00:00,10.708000,10.718000,10.542000,10.597000,1798052.0200
2024.10.09,20:00:00,10.596000,10.596000,10.406000,10.530000,1728277.2900
2024.10.10,00:00:00,10.530000,10.638000,10.497000,10.622000,951668.5200
2024.10.10,04:00:00,10.623000,10.735000,10.619000,10.624000,1428603.0000
2024.10.10,08:00:00,10.625000,10.664000,10.500000,10.651000,1354672.7200
2024.10.10,12:00:00,10.650000,10.666000,10.389000,10.628000,2741919.3800
2024.10.10,16:00:00,10.628000,10.666000,10.243000,10.459000,3367362.5400
2024.10.10,20:00:00,10.459000,10.563000,10.411000,10.553000,1211968.9600
2024.10.11,00:00:00,10.552000,10.653000,10.492000,10.618000,1078222.8900
2024.10.11,04:00:00,10.618000,10.685000,10.585000,10.650000,1032025.9600
2024.10.11,08:00:00,10.650000,10.739000,10.646000,10.680000,1042110.3800
2024.10.11,12:00:00,10.680000,10.896000,10.613000,10.855000,2952253.8900
2024.10.11,16:00:00,10.855000,10.994000,10.833000,10.953000,1624511.8300
2024.10.11,20:00:00,10.952000,11.023000,10.878000,10.901000,1023174.0900
2024.10.12,00:00:00,10.902000,11.013000,10.829000,10.866000,1031005.9800
2024.10.12,04:00:00,10.867000,10.983000,10.866000,10.979000,813089.2400
2024.10.12,08:00:00,10.980000,11.129000,10.965000,11.054000,1482921.7900
2024.10.12,12:00:00,11.054000,11.144000,11.025000,11.082000,1425904.7800
2024.10.12,16:00:00,11.082000,11.144000,10.988000,11.019000,967375.8300
2024.10.12,20:00:00,11.018000,11.094000,10.994000,10.999000,779564.2500
2024.10.13,00:00:00,10.998000,11.042000,10.929000,10.940000,1094917.6900
2024.10.13,04:00:00,10.940000,11.079000,10.935000,10.973000,706736.9600
2024.10.13,08:00:00,10.974000,11.038000,10.876000,10.882000,1119723.6200
2024.10.13,12:00:00,10.881000,10.959000,10.632000,10.682000,1889203.8900
2024.10.13,16:00:00,10.681000,10.768000,10.621000,10.711000,1415262.1600
2024.10.13,20:00:00,10.711000,10.835000,10.682000,10.746000,1205912.6600
2024.10.14,00:00:00,10.746000,11.039000,10.600000,11.011000,2384421.5300
2024.10.14,04:00:00,11.012000,11.045000,10.845000,11.018000,2219988.8100
2024.10.14,08:00:00,11.018000,11.056000,10.892000,11.006000,1673284.2200
2024.10.14,12:00:00,11.006000,11.282000,10.974000,11.258000,3258797.8400
2024.10.14,16:00:00,11.258000,11.333000,11.175000,11.228000,1667579.3700
2024.10.14,20:00:00,11.227000,11.345000,11.183000,11.280000,1131767.2800
2024.10.15,00:00:00,11.281000,11.534000,11.252000,11.462000,2436182.9500
2024.10.15,04:00:00,11.462000,11.590000,11.351000,11.494000,2669962.9200
2024.10.15,08:00:00,11.495000,11.599000,11.327000,11.371000,3153342.5700
2024.10.15,12:00:00,11.371000,11.699000,10.933000,11.136000,7934841.6500
2024.10.15,16:00:00,11.137000,11.430000,11.112000,11.294000,2642544.7400
2024.10.15,20:00:00,11.294000,11.461000,11.113000,11.458000,1846065.9100
2024.10.16,00:00:00,11.459000,11.474000,11.256000,11.291000,1755488.6400
2024.10.16,04:00:00,11.291000,11.348000,11.146000,11.177000,1414771.4300
2024.10.16,08:00:00,11.177000,11.535000,11.163000,11.451000,2267622.6900
2024.10.16,12:00:00,11.452000,11.527000,11.101000,11.161000,3399773.0800
2024.10.16,16:00:00,11.160000,11.238000,11.066000,11.147000,1651254.9000
2024.10.16,20:00:00,11.147000,11.363000,11.137000,11.242000,1249404.2000
2024.10.17,00:00:00,11.242000,11.350000,11.180000,11.334000,1097564.2400
2024.10.17,04:00:00,11.333000,11.350000,11.079000,11.156000,1388180.7200
2024.10.17,08:00:00,11.156000,11.174000,10.922000,10.941000,2162625.8900
2024.10.17,12:00:00,10.941000,11.140000,10.913000,11.109000,2276624.1500
2024.10.17,16:00:00,11.109000,11.111000,10.844000,11.000000,2162162.5100
2024.10.17,20:00:00,11.001000,11.076000,10.991000,11.027000,934486.4600
2024.10.18,00:00:00,11.027000,11.280000,10.978000,11.164000,1978342.9100
2024.10.18,04:00:00,11.164000,11.429000,11.150000,11.421000,1478548.8900
2024.10.18,08:00:00,11.421000,11.494000,11.348000,11.373000,1724603.5100
2024.10.18,12:00:00,11.373000,11.484000,11.309000,11.457000,2234742.0100
2024.10.18,16:00:00,11.458000,11.508000,11.333000,11.418000,1498835.9700
2024.10.18,20:00:00,11.419000,11.488000,11.369000,11.482000,823899.8900
2024.10.19,00:00:00,11.481000,11.605000,11.472000,11.489000,1320949.8100
2024.10.19,04:00:00,11.488000,11.516000,11.381000,11.392000,993226.7400
2024.10.19,08:00:00,11.391000,11.406000,11.293000,11.303000,939210.2400
2024.10.19,12:00:00,11.303000,11.413000,11.300000,11.380000,877826.7000
2024.10.19,16:00:00,11.379000,11.412000,11.300000,11.357000,654774.2300
2024.10.19,20:00:00,11.357000,11.453000,11.337000,11.418000,642045.7000
2024.10.20,00:00:00,11.417000,11.452000,11.277000,11.329000,860483.4000
2024.10.20,04:00:00,11.329000,11.399000,11.293000,11.375000,684969.4900
2024.10.20,08:00:00,11.374000,11.688000,11.372000,11.674000,1691400.8400
2024.10.20,12:00:00,11.674000,11.925000,11.595000,11.889000,3597428.7100
2024.10.20,16:00:00,11.889000,12.017000,11.825000,11.833000,1949530.7500
2024.10.20,20:00:00,11.832000,12.042000,11.812000,11.977000,1544042.6100
2024.10.21,00:00:00,11.976000,12.036000,11.786000,11.892000,1667112.7800
2024.10.21,04:00:00,11.892000,12.023000,11.842000,11.911000,1433093.5400
2024.10.21,08:00:00,11.912000,11.975000,11.725000,11.740000,2015234.1600
2024.10.21,12:00:00,11.741000,11.765000,11.545000,11.671000,2550014.7100
2024.10.21,16:00:00,11.671000,11.807000,11.570000,11.784000,1320425.8600
2024.10.21,20:00:00,11.785000,11.832000,11.692000,11.711000,827244.4700
2024.10.22,00:00:00,11.710000,11.925000,11.589000,11.880000,2086730.0000
2024.10.22,04:00:00,11.882000,12.200000,11.833000,12.110000,2504552.4100
2024.10.22,08:00:00,12.110000,12.279000,11.875000,12.183000,5540924.5200
2024.10.22,12:00:00,12.183000,12.341000,12.034000,12.143000,4691197.7200
2024.10.22,16:00:00,12.143000,12.147000,11.930000,12.009000,2412421.8900
2024.10.22,20:00:00,12.009000,12.132000,11.948000,11.976000,1296047.4100
2024.10.23,00:00:00,11.976000,12.004000,11.723000,11.782000,1906444.0800
2024.10.23,04:00:00,11.781000,11.817000,11.605000,11.608000,1675418.3000
2024.10.23,08:00:00,11.607000,11.659000,11.362000,11.388000,2716673.3000
2024.10.23,12:00:00,11.388000,11.462000,11.239000,11.316000,2951161.8800
2024.10.23,16:00:00,11.317000,11.332000,10.995000,11.232000,3620969.8600
2024.10.23,20:00:00,11.233000,11.346000,11.196000,11.321000,1493402.7400
2024.10.24,00:00:00,11.321000,11.539000,11.280000,11.378000,1688688.3000
2024.10.24,04:00:00,11.378000,11.484000,11.268000,11.284000,1512301.5500
2024.10.24,08:00:00,11.284000,11.414000,11.218000,11.394000,1956687.9900
2024.10.24,12:00:00,11.394000,11.514000,11.381000,11.432000,2007902.3800
2024.10.24,16:00:00,11.432000,11.518000,11.359000,11.514000,1004880.6600
2024.10.24,20:00:00,11.514000,11.642000,11.483000,11.615000,1146270.1500
2024.10.25,00:00:00,11.616000,12.093000,11.609000,11.894000,3918751.1300
2024.10.25,04:00:00,11.893000,11.931000,11.656000,11.691000,3167347.7300
2024.10.25,08:00:00,11.691000,11.881000,11.571000,11.819000,2467924.3000
2024.10.25,12:00:00,11.819000,12.004000,11.738000,11.822000,3333919.6100
2024.10.25,16:00:00,11.821000,11.928000,11.342000,11.601000,5199231.5700
2024.10.25,20:00:00,11.600000,11.777000,10.793000,11.128000,6196575.0100
2024.10.26,00:00:00,11.127000,11.392000,10.953000,11.332000,4312544.8600
2024.10.26,04:00:00,11.329000,11.384000,11.080000,11.089000,2231555.9400
2024.10.26,08:00:00,11.089000,11.220000,11.064000,11.089000,1880329.9500
2024.10.26,12:00:00,11.088000,11.124000,10.812000,10.849000,3632442.6600
2024.10.26,16:00:00,10.849000,11.031000,10.817000,10.971000,1804951.6100
2024.10.26,20:00:00,10.971000,11.098000,10.960000,11.002000,1172107.1000
2024.10.27,00:00:00,11.001000,11.054000,10.893000,11.039000,1218725.5700
2024.10.27,04:00:00,11.040000,11.050000,10.916000,10.934000,828771.6800
2024.10.27,08:00:00,10.933000,10.980000,10.837000,10.886000,1434602.3800
2024.10.27,12:00:00,10.885000,11.119000,10.866000,11.104000,1806652.3100
2024.10.27,16:00:00,11.104000,11.175000,10.885000,10.963000,2026936.5600
2024.10.27,20:00:00,10.963000,11.115000,10.928000,10.977000,1373272.2200
2024.10.28,00:00:00,10.976000,11.018000,10.755000,10.776000,1961417.7700
2024.10.28,04:00:00,10.776000,11.027000,10.701000,10.967000,2456137.9100
2024.10.28,08:00:00,10.968000,11.159000,10.947000,11.107000,1770480.5700
2024.10.28,12:00:00,11.107000,11.187000,10.808000,10.812000,3517642.8300
2024.10.28,16:00:00,10.811000,11.071000,10.731000,10.988000,2959429.9100
2024.10.28,20:00:00,11.039000,11.258000,11.014000,11.179000,1412301.4500
2024.10.29,00:00:00,11.178000,11.482000,11.143000,11.418000,2558124.7300
2024.10.29,04:00:00,11.417000,11.535000,11.406000,11.484000,1550271.7100
2024.10.29,08:00:00,11.485000,11.579000,11.457000,11.487000,1405724.6700
2024.10.29,12:00:00,11.486000,11.558000,11.402000,11.550000,1878860.8300
2024.10.29,16:00:00,11.550000,11.736000,11.477000,11.542000,2777432.3800
2024.10.29,20:00:00,11.543000,11.810000,11.462000,11.798000,2174757.9000
2024.10.30,00:00:00,11.798000,12.019000,11.651000,11.999000,2464260.3400
2024.10.30,04:00:00,11.999000,12.158000,11.934000,11.967000,2193792.9400
2024.10.30,08:00:00,11.967000,12.125000,11.869000,11.963000,2682576.1500
2024.10.30,12:00:00,11.963000,12.388000,11.920000,12.220000,5439542.7100
2024.10.30,16:00:00,12.220000,12.314000,12.151000,12.248000,2252738.8900
2024.10.30,20:00:00,12.248000,12.459000,12.096000,12.396000,2994316.0700
2024.10.31,00:00:00,12.396000,12.468000,12.209000,12.412000,2435153.2300
2024.10.31,04:00:00,12.412000,12.413000,12.107000,12.197000,2082793.1900
2024.10.31,08:00:00,12.197000,12.204000,12.012000,12.137000,2140476.3200
2024.10.31,12:00:00,12.137000,12.175000,11.723000,11.788000,5010422.7700
2024.10.31,16:00:00,11.787000,11.793000,11.384000,11.408000,3198557.8400
2024.10.31,20:00:00,11.404000,11.545000,11.319000,11.419000,2388314.6000
2024.11.01,00:00:00,11.419000,11.499000,11.210000,11.392000,3038173.4000
2024.11.01,04:00:00,11.392000,11.507000,11.250000,11.314000,1865894.0400
2024.11.01,08:00:00,11.314000,11.399000,11.256000,11.324000,2223685.4600
2024.11.01,12:00:00,11.324000,11.722000,11.182000,11.321000,6471574.7000
2024.11.01,16:00:00,11.321000,11.575000,11.276000,11.342000,3470060.1200
2024.11.01,20:00:00,11.343000,11.392000,11.133000,11.248000,1708332.1800
2024.11.02,00:00:00,11.248000,11.398000,11.240000,11.290000,1067827.7400
2024.11.02,04:00:00,11.289000,11.318000,11.180000,11.253000,1161761.3400
2024.11.02,08:00:00,11.253000,11.269000,11.140000,11.179000,1311431.1200
2024.11.02,12:00:00,11.179000,11.218000,11.067000,11.173000,2793151.2600
2024.11.02,16:00:00,11.174000,11.238000,11.068000,11.184000,1813804.4900
2024.11.02,20:00:00,11.184000,11.268000,11.124000,11.185000,891837.0200
2024.11.03,00:00:00,11.184000,11.227000,10.817000,10.942000,3340382.8100
2024.11.03,04:00:00,10.941000,11.053000,10.913000,10.982000,1134828.5700
2024.11.03,08:00:00,10.982000,11.042000,10.893000,10.913000,1377862.7100
2024.11.03,12:00:00,10.913000,10.950000,10.523000,10.698000,3928432.0900
2024.11.03,16:00:00,10.697000,10.772000,10.502000,10.719000,2226234.8400
2024.11.03,20:00:00,10.718000,10.836000,10.655000,10.752000,1568939.8200
2024.11.04,00:00:00,10.752000,10.904000,10.593000,10.788000,1895061.5500
2024.11.04,04:00:00,10.788000,10.862000,10.616000,10.621000,1323598.3800
2024.11.04,08:00:00,10.621000,10.712000,10.517000,10.639000,2103384.3700
2024.11.04,12:00:00,10.638000,10.714000,10.358000,10.388000,3298941.5500
2024.11.04,16:00:00,10.388000,10.434000,10.224000,10.353000,3798960.6600
2024.11.04,20:00:00,10.352000,10.372000,10.060000,10.248000,3370801.9500
2024.11.05,00:00:00,10.249000,10.416000,10.172000,10.414000,1779080.0200
2024.11.05,04:00:00,10.414000,10.514000,10.406000,10.501000,1285434.2000
2024.11.05,08:00:00,10.502000,10.622000,10.484000,10.595000,1301439.9300
2024.11.05,12:00:00,10.595000,10.894000,10.555000,10.776000,3549052.5300
2024.11.05,16:00:00,10.776000,10.936000,10.606000,10.649000,2875099.3300
2024.11.05,20:00:00,10.650000,10.906000,10.612000,10.829000,2045897.0900
2024.11.06,00:00:00,10.829000,11.772000,10.792000,11.692000,5467612.6800
2024.11.06,04:00:00,11.692000,11.961000,11.573000,11.753000,5251127.3100
2024.11.06,08:00:00,11.753000,11.902000,11.548000,11.834000,4160502.7900
2024.11.06,12:00:00,11.834000,11.899000,11.663000,11.808000,3015542.0700
2024.11.06,16:00:00,11.808000,11.974000,11.798000,11.969000,2350956.6800
2024.11.06,20:00:00,11.968000,12.319000,11.929000,12.175000,2797580.8200
2024.11.07,00:00:00,12.174000,12.716000,12.070000,12.559000,3976844.2200
2024.11.07,04:00:00,12.559000,12.575000,12.204000,12.308000,3914993.2500
2024.11.07,08:00:00,12.308000,12.408000,12.222000,12.231000,1598259.0800
2024.11.07,12:00:00,12.232000,12.460000,12.127000,12.456000,2312139.2900
2024.11.07,16:00:00,12.455000,12.588000,12.316000,12.569000,2947766.8500
2024.11.07,20:00:00,12.568000,12.685000,12.457000,12.595000,1967426.7500
2024.11.08,00:00:00,12.595000,12.829000,12.527000,12.633000,2046090.8400
2024.11.08,04:00:00,12.633000,12.872000,12.633000,12.827000,2162845.4200
2024.11.08,08:00:00,12.827000,13.022000,12.677000,13.001000,2833845.3900
2024.11.08,12:00:00,13.001000,13.416000,12.997000,13.279000,7093736.2900
2024.11.08,16:00:00,13.278000,13.590000,12.982000,13.516000,5308007.0200
2024.11.08,20:00:00,13.517000,13.757000,13.345000,13.696000,3768432.4600
2024.11.09,00:00:00,13.696000,13.697000,13.281000,13.352000,2738934.4200
2024.11.09,04:00:00,13.352000,13.741000,13.343000,13.504000,2684428.0900
2024.11.09,08:00:00,13.504000,13.650000,13.444000,13.615000,1884528.2100
2024.11.09,12:00:00,13.614000,13.643000,13.293000,13.528000,3905402.4800
2024.11.09,16:00:00,13.529000,13.705000,13.300000,13.551000,2068385.7300
2024.11.09,20:00:00,13.551000,13.855000,13.464000,13.782000,2423844.0400
2024.11.10,00:00:00,13.781000,14.073000,13.689000,13.934000,3718159.7100
2024.11.10,04:00:00,13.933000,14.619000,13.910000,14.498000,6987114.3000
2024.11.10,08:00:00,14.499000,14.648000,14.392000,14.576000,2992975.8700
2024.11.10,12:00:00,14.576000,14.769000,14.436000,14.598000,4719983.0500
2024.11.10,16:00:00,14.597000,14.877000,14.264000,14.420000,5008595.7700
2024.11.10,20:00:00,14.420000,14.517000,13.657000,14.271000,5921907.5500
2024.11.11,00:00:00,14.271000,14.566000,14.226000,14.434000,2686677.1300
2024.11.11,04:00:00,14.434000,14.442000,13.618000,13.804000,4941367.2400
2024.11.11,08:00:00,13.805000,14.193000,13.783000,14.134000,2881167.1200
2024.11.11,12:00:00,14.134000,14.475000,13.816000,14.321000,5195872.4000
2024.11.11,16:00:00,14.321000,14.780000,14.307000,14.576000,5355946.7500
2024.11.11,20:00:00,14.575000,14.953000,14.299000,14.930000,4764676.0000
2024.11.12,00:00:00,14.930000,14.944000,14.310000,14.796000,4358445.1400
2024.11.12,04:00:00,14.794000,14.925000,14.563000,14.848000,3421403.6000
2024.11.12,08:00:00,14.848000,15.366000,13.808000,14.209000,11947616.9900
2024.11.12,12:00:00,14.208000,14.352000,13.680000,13.956000,6780353.9300
2024.11.12,16:00:00,13.956000,14.247000,13.694000,14.146000,3571739.7900
2024.11.12,20:00:00,14.146000,14.302000,13.916000,13.960000,2891733.9200
2024.11.13,00:00:00,13.960000,14.124000,13.380000,13.414000,4415693.5300
2024.11.13,04:00:00,13.415000,13.649000,13.070000,13.389000,4774749.4800
2024.11.13,08:00:00,13.390000,13.596000,13.244000,13.496000,2863898.7600
2024.11.13,12:00:00,13.494000,14.391000,13.330000,14.237000,7243837.1800
2024.11.13,16:00:00,14.237000,14.361000,13.280000,13.305000,6456380.1200
2024.11.13,20:00:00,13.305000,13.552000,13.058000,13.491000,4568944.0600
2024.11.14,00:00:00,13.491000,13.533000,13.194000,13.492000,2210145.1000
2024.11.14,04:00:00,13.492000,13.838000,13.381000,13.632000,3191458.8500
2024.11.14,08:00:00,13.632000,13.665000,13.144000,13.291000,3152264.3800
2024.11.14,12:00:00,13.291000,13.556000,12.875000,12.963000,7045525.1300
2024.11.14,16:00:00,12.963000,13.381000,12.887000,13.303000,2873793.6900
2024.11.14,20:00:00,13.302000,13.366000,12.802000,13.005000,3867456.6300
2024.11.15,00:00:00,13.005000,13.182000,12.835000,13.108000,2806725.9100
2024.11.15,04:00:00,13.107000,13.302000,12.710000,13.133000,3291581.9900
2024.11.15,08:00:00,13.134000,13.561000,13.035000,13.497000,2898055.4700
2024.11.15,12:00:00,13.497000,13.662000,13.130000,13.190000,4232368.1200
2024.11.15,16:00:00,13.190000,13.559000,13.157000,13.480000,2616833.4700
2024.11.15,20:00:00,13.480000,13.908000,13.476000,13.849000,2601304.7800
2024.11.16,00:00:00,13.850000,14.274000,13.740000,14.264000,2649423.6000
2024.11.16,04:00:00,14.265000,14.315000,14.017000,14.032000,2116722.7300
2024.11.16,08:00:00,14.032000,14.473000,14.031000,14.472000,2366257.6700
2024.11.16,12:00:00,14.471000,14.556000,14.056000,14.173000,4329178.8600
2024.11.16,16:00:00,14.172000,14.805000,14.079000,14.744000,3772318.9700
2024.11.16,20:00:00,14.745000,14.807000,14.456000,14.539000,2778679.9900
2024.11.17,00:00:00,14.540000,14.906000,13.787000,14.145000,5930767.1800
2024.11.17,04:00:00,14.145000,14.550000,14.041000,14.443000,3511838.8500
2024.11.17,08:00:00,14.444000,14.564000,14.030000,14.032000,2526204.2900
2024.11.17,12:00:00,14.033000,14.222000,13.886000,13.938000,2344016.5900
2024.11.17,16:00:00,13.939000,14.120000,13.734000,13.863000,2296046.4500
2024.11.17,20:00:00,13.863000,13.939000,13.564000,13.792000,2249814.8800
2024.11.18,00:00:00,13.793000,14.386000,13.756000,14.386000,2890668.1600
2024.11.18,04:00:00,14.386000,14.892000,14.211000,14.872000,3397948.2600
2024.11.18,08:00:00,14.873000,14.957000,14.279000,14.345000,3415088.9200
2024.11.18,12:00:00,14.346000,15.219000,14.236000,15.171000,4908810.2000
2024.11.18,16:00:00,15.172000,16.023000,14.787000,14.948000,10475559.3200
2024.11.18,20:00:00,14.949000,15.439000,14.830000,15.281000,4088249.5500
2024.11.19,00:00:00,15.281000,15.439000,14.910000,15.091000,2602742.5500
2024.11.19,04:00:00,15.091000,15.128000,14.831000,14.859000,2156533.4700
2024.11.19,08:00:00,14.860000,15.021000,14.659000,15.021000,2647978.8800
2024.11.19,12:00:00,15.022000,15.165000,14.577000,14.768000,5178818.5800
2024.11.19,16:00:00,14.769000,15.050000,14.660000,14.891000,3149682.5000
2024.11.19,20:00:00,14.892000,14.990000,14.330000,14.631000,3897085.3300
2024.11.20,00:00:00,14.631000,14.706000,14.182000,14.423000,2755309.7700
2024.11.20,04:00:00,14.420000,14.648000,14.265000,14.475000,1997985.6300
2024.11.20,08:00:00,14.474000,14.946000,14.430000,14.686000,3198169.7100
2024.11.20,12:00:00,14.687000,15.338000,14.607000,15.007000,5951112.2400
2024.11.20,16:00:00,15.009000,15.014000,14.036000,14.172000,5338943.6100
2024.11.20,20:00:00,14.172000,14.554000,14.087000,14.241000,2259716.6800
2024.11.21,00:00:00,14.242000,14.460000,13.838000,14.153000,3096559.0400
2024.11.21,04:00:00,14.153000,14.684000,14.150000,14.671000,3835492.2400
2024.11.21,08:00:00,14.670000,14.744000,14.350000,14.630000,2534789.0500
2024.11.21,12:00:00,14.630000,15.387000,14.618000,14.823000,7159471.5500
2024.11.21,16:00:00,14.824000,15.183000,14.793000,14.916000,3516268.4400
2024.11.21,20:00:00,14.916000,15.035000,14.686000,14.909000,2468037.2700
2024.11.22,00:00:00,14.909000,15.181000,14.729000,15.092000,3995892.3500
2024.11.22,04:00:00,15.093000,15.452000,15.052000,15.230000,3840581.3100
2024.11.22,08:00:00,15.230000,15.385000,14.949000,15.369000,2892604.3700
2024.11.22,12:00:00,15.368000,15.573000,14.863000,15.426000,7581129.6500
2024.11.22,16:00:00,15.424000,15.816000,15.164000,15.268000,6641893.0000
2024.11.22,20:00:00,15.267000,16.610000,15.190000,16.582000,6613669.8700
2024.11.23,00:00:00,16.582000,17.102000,16.323000,16.783000,8125983.3100
2024.11.23,04:00:00,16.783000,17.060000,16.466000,17.018000,4130975.2400
2024.11.23,08:00:00,17.019000,17.253000,16.677000,17.039000,3919016.2400
2024.11.23,12:00:00,17.039000,17.944000,16.944000,17.939000,7748471.1600
2024.11.23,16:00:00,17.938000,18.411000,17.200000,17.564000,9971298.9300
2024.11.23,20:00:00,17.564000,17.808000,17.056000,17.400000,3887526.3200
2024.11.24,00:00:00,17.400000,18.359000,17.316000,18.092000,5537351.6700
2024.11.24,04:00:00,18.092000,18.183000,17.571000,17.808000,3374119.8300
2024.11.24,08:00:00,17.808000,17.883000,16.712000,16.714000,5291114.0300
2024.11.24,12:00:00,16.714000,16.904000,16.113000,16.350000,7595864.4500
2024.11.24,16:00:00,16.349000,17.148000,16.273000,17.015000,4081411.4500
2024.11.24,20:00:00,17.015000,18.114000,16.950000,17.921000,4732204.7400
2024.11.25,00:00:00,17.922000,18.242000,17.337000,17.811000,4697149.9600
2024.11.25,04:00:00,17.810000,18.429000,17.793000,18.317000,4548093.1200
2024.11.25,08:00:00,18.316000,19.069000,18.211000,18.672000,6527757.1200
2024.11.25,12:00:00,18.672000,18.862000,17.526000,18.509000,7708631.3300
2024.11.25,16:00:00,18.512000,18.775000,17.628000,17.878000,5635939.7900
2024.11.25,20:00:00,17.877000,18.209000,17.154000,17.355000,4455410.2700
2024.11.26,00:00:00,17.352000,17.852000,17.262000,17.573000,3106035.6200
2024.11.26,04:00:00,17.573000,17.689000,17.100000,17.238000,2863737.9600
2024.11.26,08:00:00,17.238000,17.250000,16.185000,16.557000,7222965.0800
2024.11.26,12:00:00,16.555000,17.504000,16.482000,16.926000,6498146.3600
2024.11.26,16:00:00,16.926000,17.429000,16.698000,17.089000,4539549.1100
2024.11.26,20:00:00,17.088000,17.508000,16.950000,17.349000,3335808.7200
2024.11.27,00:00:00,17.349000,17.603000,16.974000,17.399000,3101795.2900
2024.11.27,04:00:00,17.398000,18.273000,17.369000,18.156000,4018678.1800
2024.11.27,08:00:00,18.155000,18.532000,17.875000,18.129000,3551390.3300
2024.11.27,12:00:00,18.129000,18.305000,17.724000,18.073000,5869256.8800
2024.11.27,16:00:00,18.075000,18.296000,17.734000,18.064000,3981940.2800
2024.11.27,20:00:00,18.063000,19.013000,18.053000,18.672000,4468771.0600
2024.11.28,00:00:00,18.671000,18.714000,17.870000,18.058000,3453758.3600
2024.11.28,04:00:00,18.057000,18.267000,17.831000,17.909000,2058344.0400
2024.11.28,08:00:00,17.908000,18.105000,17.771000,18.026000,2258764.3300
2024.11.28,12:00:00,18.025000,18.104000,17.502000,17.522000,3454379.6100
2024.11.28,16:00:00,17.522000,17.991000,17.501000,17.835000,2008248.1400
2024.11.28,20:00:00,17.836000,18.087000,17.656000,17.948000,1618911.8500
2024.11.29,00:00:00,17.949000,18.128000,17.780000,17.815000,1947695.4500
2024.11.29,04:00:00,17.814000,17.857000,17.531000,17.548000,2008671.1900
2024.11.29,08:00:00,17.549000,18.197000,17.548000,18.133000,2025815.0700
2024.11.29,12:00:00,18.136000,18.410000,17.911000,18.057000,3396100.7400
2024.11.29,16:00:00,18.059000,18.168000,17.841000,18.115000,2443570.4200
2024.11.29,20:00:00,18.115000,18.420000,18.020000,18.260000,1928834.2100
2024.11.30,00:00:00,18.261000,18.549000,17.948000,18.512000,2988639.0700
2024.11.30,04:00:00,18.513000,18.726000,18.271000,18.649000,2175843.6200
2024.11.30,08:00:00,18.649000,18.755000,18.101000,18.248000,2428644.8900
2024.11.30,12:00:00,18.247000,18.985000,18.219000,18.897000,3501388.0000
2024.11.30,16:00:00,18.898000,19.379000,18.630000,19.330000,4387048.6000
2024.11.30,20:00:00,19.331000,19.471000,18.992000,19.016000,2358399.2300
2024.12.01,00:00:00,19.017000,19.132000,18.453000,18.735000,3848385.9400
2024.12.01,04:00:00,18.736000,18.969000,18.550000,18.676000,1675156.5800
2024.12.01,08:00:00,18.675000,18.830000,18.519000,18.753000,1892417.2300
2024.12.01,12:00:00,18.753000,19.027000,18.600000,18.842000,2603526.1700
2024.12.01,16:00:00,18.841000,18.967000,18.600000,18.743000,3091758.5800
2024.12.01,20:00:00,18.742000,19.068000,18.443000,18.935000,3458103.6900
2024.12.02,00:00:00,18.938000,19.739000,18.792000,18.886000,6290717.5300
2024.12.02,04:00:00,18.885000,20.053000,18.591000,19.810000,8912343.1600
2024.12.02,08:00:00,19.810000,20.966000,18.851000,19.782000,18349334.0400
2024.12.02,12:00:00,19.781000,21.865000,19.488000,21.810000,17113551.7000
2024.12.02,16:00:00,21.809000,24.066000,21.099000,23.849000,19041800.4700
2024.12.02,20:00:00,23.849000,26.918000,23.663000,25.241000,24102800.1800
2024.12.03,00:00:00,25.242000,25.485000,23.812000,24.230000,11133623.7500
2024.12.03,04:00:00,24.231000,25.510000,24.038000,25.134000,10422516.3800
2024.12.03,08:00:00,25.136000,26.277000,24.550000,24.611000,13611993.2100
2024.12.03,12:00:00,24.613000,24.964000,22.569000,23.995000,18071169.6100
2024.12.03,16:00:00,23.997000,24.583000,23.442000,24.325000,7109394.6400
2024.12.03,20:00:00,24.325000,25.237000,24.107000,24.127000,5993715.0100
2024.12.04,00:00:00,24.127000,24.638000,23.625000,24.035000,6018443.7300
2024.12.04,04:00:00,24.034000,24.630000,23.927000,24.479000,3357182.0500
2024.12.04,08:00:00,24.480000,25.095000,24.027000,24.651000,5151769.5800
2024.12.04,12:00:00,24.651000,26.534000,24.045000,25.379000,12685998.1800
2024.12.04,16:00:00,25.379000,25.499000,24.043000,24.955000,7974214.2500
2024.12.04,20:00:00,24.952000,25.108000,23.735000,24.092000,5663394.4000
2024.12.05,00:00:00,24.090000,24.246000,23.004000,23.620000,7129667.7000
2024.12.05,04:00:00,23.619000,24.403000,23.496000,23.937000,3572746.4800
2024.12.05,08:00:00,23.939000,24.292000,23.734000,24.249000,3395815.4300
2024.12.05,12:00:00,24.249000,24.832000,23.916000,24.294000,6925737.5100
2024.12.05,16:00:00,24.295000,24.626000,23.612000,23.718000,4079946.6700
2024.12.05,20:00:00,23.718000,24.010000,22.275000,23.172000,6789998.9700
2024.12.06,00:00:00,23.173000,24.146000,23.074000,24.037000,3652865.4700
2024.12.06,04:00:00,24.038000,24.290000,23.790000,23.817000,2552637.0900
2024.12.06,08:00:00,23.817000,24.100000,23.133000,23.305000,3458531.6900
2024.12.06,12:00:00,23.305000,24.147000,22.759000,23.788000,5603582.5400
2024.12.06,16:00:00,23.790000,25.111000,23.742000,24.925000,3848179.0600
2024.12.06,20:00:00,24.924000,25.961000,24.834000,25.893000,6605497.5600
2024.12.07,00:00:00,25.893000,26.884000,25.161000,26.639000,6216556.7200
2024.12.07,04:00:00,26.639000,26.780000,25.308000,25.392000,4979109.3800
2024.12.07,08:00:00,25.393000,25.480000,24.728000,24.959000,3188401.2800
2024.12.07,12:00:00,24.959000,25.193000,24.866000,25.003000,2394074.3400
2024.12.07,16:00:00,25.002000,25.032000,24.460000,24.796000,3295992.5300
2024.12.07,20:00:00,24.795000,24.947000,24.614000,24.808000,1373057.4200
2024.12.08,00:00:00,24.808000,25.030000,24.718000,24.833000,1507051.8900
2024.12.08,04:00:00,24.833000,25.597000,24.706000,25.374000,2808329.1800
2024.12.08,08:00:00,25.374000,26.920000,25.090000,26.651000,9479848.4200
2024.12.08,12:00:00,26.650000,27.425000,26.069000,26.261000,10293503.2200
2024.12.08,16:00:00,26.262000,26.297000,25.537000,25.953000,3834008.9200
2024.12.08,20:00:00,25.952000,26.654000,25.635000,26.120000,3356507.6600
2024.12.09,00:00:00,26.121000,27.379000,25.907000,26.652000,10077237.4900
2024.12.09,04:00:00,26.652000,27.320000,25.597000,26.229000,9315583.7400
2024.12.09,08:00:00,26.228000,26.251000,24.520000,24.647000,8719285.7700
2024.12.09,12:00:00,24.646000,25.876000,24.301000,24.413000,8827888.6800
2024.12.09,16:00:00,24.413000,24.666000,23.640000,23.694000,6126115.3600
2024.12.09,20:00:00,23.694000,23.736000,19.279000,22.241000,21513514.7200
2024.12.10,00:00:00,22.243000,22.717000,20.700000,21.629000,9235327.6600
2024.12.10,04:00:00,21.629000,23.416000,21.082000,23.067000,9038286.0600
2024.12.10,08:00:00,23.068000,23.774000,22.698000,23.183000,5377429.4900
2024.12.10,12:00:00,23.186000,23.296000,21.285000,21.330000,11085875.4300
2024.12.10,16:00:00,21.331000,21.683000,20.267000,21.414000,10680770.6200
2024.12.10,20:00:00,21.413000,22.449000,21.300000,22.115000,4947470.9100
2024.12.11,00:00:00,22.116000,22.499000,21.140000,22.425000,5469331.8700
2024.12.11,04:00:00,22.426000,22.670000,22.200000,22.224000,3711903.9600
2024.12.11,08:00:00,22.223000,23.022000,22.218000,22.844000,3449944.3400
2024.12.11,12:00:00,22.842000,24.215000,22.817000,23.898000,6987755.9300
2024.12.11,16:00:00,23.898000,24.188000,23.379000,23.789000,3385331.0300
2024.12.11,20:00:00,23.789000,24.316000,23.685000,24.064000,2617846.6700
2024.12.12,00:00:00,24.064000,27.143000,23.866000,27.028000,10742816.8600
2024.12.12,04:00:00,27.027000,29.454000,26.960000,28.840000,17219159.5500
2024.12.12,08:00:00,28.839000,29.214000,27.552000,27.854000,9602553.9100
2024.12.12,12:00:00,27.854000,28.509000,27.340000,28.217000,10423664.0400
2024.12.12,16:00:00,28.215000,28.584000,26.728000,26.954000,7191754.0400
2024.12.12,20:00:00,26.955000,29.372000,26.740000,29.128000,13910770.2000
2024.12.13,00:00:00,29.130000,30.947000,28.257000,30.162000,18753015.5200
2024.12.13,04:00:00,30.162000,30.302000,28.660000,28.917000,9841791.9600
2024.12.13,08:00:00,28.918000,29.041000,28.137000,28.379000,6137365.3700
2024.12.13,12:00:00,28.379000,28.591000,27.526000,27.624000,7642432.2100
2024.12.13,16:00:00,27.621000,28.343000,27.576000,28.088000,5221379.8500
2024.12.13,20:00:00,28.088000,29.109000,27.753000,28.983000,4366415.7900
2024.12.14,00:00:00,28.983000,30.697000,28.751000,29.451000,10946455.4100
2024.12.14,04:00:00,29.451000,29.825000,29.172000,29.512000,3594671.2100
2024.12.14,08:00:00,29.511000,30.381000,29.295000,29.786000,6161990.0200
2024.12.14,12:00:00,29.786000,30.774000,28.720000,30.361000,13708980.7400
2024.12.14,16:00:00,30.360000,30.482000,28.917000,29.202000,9909590.0200
2024.12.14,20:00:00,29.200000,29.664000,28.841000,29.117000,6339736.2900
2024.12.15,00:00:00,29.118000,29.545000,28.548000,29.292000,6366450.7600
2024.12.15,04:00:00,29.291000,29.880000,28.561000,28.741000,6762448.7200
2024.12.15,08:00:00,28.742000,29.109000,28.538000,28.784000,4712223.0000
2024.12.15,12:00:00,28.784000,29.321000,28.274000,29.128000,5529323.2700
2024.12.15,16:00:00,29.126000,29.601000,28.771000,28.968000,3691905.5200
2024.12.15,20:00:00,28.967000,29.624000,28.014000,29.257000,6738071.3000
2024.12.16,00:00:00,29.257000,29.759000,28.404000,28.644000,6305077.8800
2024.12.16,04:00:00,28.643000,29.500000,28.422000,29.285000,4600117.4400
2024.12.16,08:00:00,29.284000,30.845000,28.889000,29.828000,12147683.4100
2024.12.16,12:00:00,29.829000,30.631000,29.228000,30.284000,10475526.7000
2024.12.16,16:00:00,30.287000,30.435000,29.295000,29.511000,8785096.5000
2024.12.16,20:00:00,29.511000,29.777000,28.695000,28.730000,5390034.9400
2024.12.17,00:00:00,28.729000,29.049000,28.324000,28.742000,5217213.1100
2024.12.17,04:00:00,28.743000,28.743000,28.031000,28.119000,3673047.8100
2024.12.17,08:00:00,28.119000,28.849000,27.842000,28.384000,5395584.0100
2024.12.17,12:00:00,28.383000,28.621000,27.471000,27.614000,6109659.2000
2024.12.17,16:00:00,27.612000,28.263000,27.344000,27.728000,4340909.3500
2024.12.17,20:00:00,27.729000,28.278000,27.461000,27.858000,4678873.3900
2024.12.18,00:00:00,27.860000,28.409000,27.437000,27.671000,5060225.0800
2024.12.18,04:00:00,27.670000,27.743000,26.797000,27.171000,6238526.7900
2024.12.18,08:00:00,27.172000,27.930000,26.924000,27.915000,3449753.3200
2024.12.18,12:00:00,27.914000,27.915000,26.527000,27.085000,6797675.9400
2024.12.18,16:00:00,27.086000,27.968000,26.370000,26.405000,7085116.6400
2024.12.18,20:00:00,26.405000,26.597000,24.595000,24.855000,12931228.3300
2024.12.19,00:00:00,24.855000,25.302000,23.335000,24.863000,13150866.9900
2024.12.19,04:00:00,24.862000,24.954000,24.421000,24.890000,3885554.9000
2024.12.19,08:00:00,24.890000,25.592000,24.483000,25.392000,4406347.4300
2024.12.19,12:00:00,25.391000,25.392000,23.738000,24.174000,7491944.5500
2024.12.19,16:00:00,24.173000,24.378000,21.905000,22.302000,13403203.2000
2024.12.19,20:00:00,22.303000,23.267000,21.706000,22.806000,7245296.2900
2024.12.20,00:00:00,22.803000,23.711000,22.620000,23.173000,5455608.3900
2024.12.20,04:00:00,23.174000,23.328000,22.150000,22.635000,4540960.7600
2024.12.20,08:00:00,22.635000,22.642000,20.011000,20.025000,14486223.3400
2024.12.20,12:00:00,20.029000,22.930000,20.028000,22.694000,11550869.4200
2024.12.20,16:00:00,22.692000,23.670000,22.410000,23.283000,6176652.4700
2024.12.20,20:00:00,23.283000,23.642000,22.665000,23.380000,4309543.9600
2024.12.21,00:00:00,23.380000,23.716000,23.031000,23.147000,3497610.1900
2024.12.21,04:00:00,23.148000,24.920000,23.125000,24.539000,6054185.7900
2024.12.21,08:00:00,24.539000,24.753000,23.592000,23.821000,5999228.7600
2024.12.21,12:00:00,23.820000,23.830000,22.252000,22.863000,8087062.8600
2024.12.21,16:00:00,22.865000,22.923000,21.924000,22.319000,5437213.6900
2024.12.21,20:00:00,22.319000,22.554000,21.774000,22.123000,3178629.2900
2024.12.22,00:00:00,22.124000,22.435000,21.841000,22.181000,3201701.4200
2024.12.22,04:00:00,22.179000,22.264000,21.524000,21.968000,3007629.3500
2024.12.22,08:00:00,21.968000,22.775000,21.948000,22.448000,3777556.0900
2024.12.22,12:00:00,22.449000,22.681000,21.564000,21.801000,4394622.3000
2024.12.22,16:00:00,21.802000,22.517000,21.562000,21.644000,3249622.1900
2024.12.22,20:00:00,21.644000,22.420000,21.296000,22.084000,3530739.9800
2024.12.23,00:00:00,22.083000,23.309000,21.485000,23.070000,5638959.8100
2024.12.23,04:00:00,23.071000,23.429000,22.255000,22.625000,4866728.4300
2024.12.23,08:00:00,22.623000,23.356000,22.505000,23.093000,4032714.9000
2024.12.23,12:00:00,23.095000,23.375000,22.088000,22.143000,5941580.4800
2024.12.23,16:00:00,22.142000,23.103000,22.059000,22.929000,5564816.7200
2024.12.23,20:00:00,22.928000,24.950000,22.910000,24.539000,8004681.1400
2024.12.24,00:00:00,24.540000,24.678000,23.546000,24.138000,4530184.6500
2024.12.24,04:00:00,24.138000,24.318000,23.769000,23.874000,2384243.0600
2024.12.24,08:00:00,23.875000,24.392000,23.805000,24.215000,2921338.6300
2024.12.24,12:00:00,24.215000,24.910000,23.793000,24.638000,5676861.2100
2024.12.24,16:00:00,24.638000,25.435000,24.370000,25.038000,4991016.7100
2024.12.24,20:00:00,25.039000,25.980000,24.581000,25.418000,5636355.9100
2024.12.25,00:00:00,25.417000,25.499000,24.561000,24.649000,3077194.8600
2024.12.25,04:00:00,24.650000,25.120000,24.556000,24.756000,2507462.8300
2024.12.25,08:00:00,24.753000,25.574000,24.432000,24.504000,4197463.6800
2024.12.25,12:00:00,24.506000,24.858000,24.412000,24.669000,2363133.8900
2024.12.25,16:00:00,24.669000,24.748000,24.235000,24.722000,2073882.3200
2024.12.25,20:00:00,24.722000,24.770000,24.133000,24.428000,2279078.3900
2024.12.26,00:00:00,24.431000,24.697000,23.838000,23.934000,3266204.5300
2024.12.26,04:00:00,23.933000,23.933000,23.366000,23.419000,2631521.7300
2024.12.26,08:00:00,23.420000,23.461000,22.782000,23.043000,3994459.3900
2024.12.26,12:00:00,23.042000,23.154000,22.670000,22.746000,3338461.9000
2024.12.26,16:00:00,22.747000,23.090000,22.567000,22.804000,3195546.3400
2024.12.26,20:00:00,22.803000,22.896000,22.414000,22.665000,2190752.8100
2024.12.27,00:00:00,22.665000,23.253000,22.508000,22.979000,3449905.4800
2024.12.27,04:00:00,22.978000,23.174000,22.357000,22.592000,2817860.1100
2024.12.27,08:00:00,22.591000,23.664000,22.591000,23.432000,4190690.4900
2024.12.27,12:00:00,23.432000,23.483000,22.220000,22.294000,4083292.5700
2024.12.27,16:00:00,22.294000,22.758000,22.006000,22.229000,3681882.2000
2024.12.27,20:00:00,22.228000,22.270000,21.352000,21.558000,4126446.8000
2024.12.28,00:00:00,21.558000,21.643000,21.206000,21.379000,2637423.9400
2024.12.28,04:00:00,21.379000,21.442000,21.054000,21.068000,2183058.9200
2024.12.28,08:00:00,21.068000,21.445000,21.058000,21.311000,2334065.6200
2024.12.28,12:00:00,21.312000,21.853000,21.151000,21.473000,4175307.5800
2024.12.28,16:00:00,21.474000,22.175000,21.344000,21.811000,3445551.9800
2024.12.28,20:00:00,21.810000,22.370000,21.730000,21.974000,2396979.5400
2024.12.29,00:00:00,21.974000,22.006000,21.628000,21.826000,1448174.7500
2024.12.29,04:00:00,21.827000,21.938000,21.523000,21.928000,1625063.7800
2024.12.29,08:00:00,21.928000,21.957000,21.484000,21.493000,1607794.6500
2024.12.29,12:00:00,21.495000,21.755000,21.270000,21.440000,2546185.7300
2024.12.29,16:00:00,21.441000,21.462000,21.200000,21.264000,1794894.8800
2024.12.29,20:00:00,21.265000,21.265000,20.768000,20.946000,2916183.6600
2024.12.30,00:00:00,20.946000,21.821000,20.844000,21.088000,3308499.0000
2024.12.30,04:00:00,21.087000,21.415000,20.937000,21.180000,2194425.8300
2024.12.30,08:00:00,21.180000,21.440000,20.990000,21.233000,2255068.9500
2024.12.30,12:00:00,21.232000,21.441000,20.083000,20.298000,6785141.4900
2024.12.30,16:00:00,20.298000,21.175000,20.110000,21.073000,4494040.8500
2024.12.30,20:00:00,21.074000,21.340000,20.348000,20.569000,3337484.7800
2024.12.31,00:00:00,20.568000,20.660000,20.250000,20.267000,1958921.3400
2024.12.31,04:00:00,20.266000,20.478000,20.180000,20.312000,1859336.1600
2024.12.31,08:00:00,20.312000,20.937000,20.310000,20.530000,2819655.8200
2024.12.31,12:00:00,20.532000,21.184000,20.462000,20.805000,4180136.8200
2024.12.31,16:00:00,20.804000,20.832000,19.940000,20.095000,4173037.2500
2024.12.31,20:00:00,20.092000,20.187000,19.809000,20.003000,2175839.1900
2025.01.01,00:00:00,20.002000,20.239000,19.952000,20.055000,2109506.8200
2025.01.01,04:00:00,20.056000,20.095000,19.892000,19.976000,1499297.6700
2025.01.01,08:00:00,19.976000,20.137000,19.687000,20.031000,3027328.3800
2025.01.01,12:00:00,20.031000,20.577000,19.994000,20.557000,2886121.0100
2025.01.01,16:00:00,20.558000,21.549000,20.345000,21.470000,5318885.8400
2025.01.01,20:00:00,21.471000,21.846000,21.451000,21.721000,3612602.4200
2025.01.02,00:00:00,21.722000,22.381000,21.711000,21.882000,4308071.0000
2025.01.02,04:00:00,21.883000,22.371000,21.842000,22.327000,2772730.2200
2025.01.02,08:00:00,22.328000,22.788000,22.051000,22.565000,3816983.3300
2025.01.02,12:00:00,22.566000,22.894000,22.104000,22.206000,4491990.2400
2025.01.02,16:00:00,22.205000,22.572000,22.045000,22.118000,2754580.8900
2025.01.02,20:00:00,22.119000,22.241000,21.788000,22.064000,1780079.5700
2025.01.03,00:00:00,22.066000,22.417000,21.902000,22.232000,2167595.0000
2025.01.03,04:00:00,22.235000,22.253000,21.786000,21.804000,2073944.9200
2025.01.03,08:00:00,21.803000,22.672000,21.641000,22.657000,3616658.0500
2025.01.03,12:00:00,22.657000,23.482000,22.450000,23.453000,5077176.6700
2025.01.03,16:00:00,23.454000,23.903000,23.350000,23.782000,4433414.4000
2025.01.03,20:00:00,23.782000,23.812000,23.349000,23.480000,2108097.5900
2025.01.04,00:00:00,23.480000,23.535000,23.131000,23.201000,2211808.4600
2025.01.04,04:00:00,23.202000,23.353000,23.026000,23.296000,1429826.6800
2025.01.04,08:00:00,23.296000,23.314000,22.872000,23.065000,2044633.5900
2025.01.04,12:00:00,23.066000,23.927000,23.058000,23.157000,4679693.8600
2025.01.04,16:00:00,23.159000,23.764000,23.152000,23.625000,2337160.9600
2025.01.04,20:00:00,23.626000,24.045000,23.564000,23.591000,1721152.8800
2025.01.05,00:00:00,23.592000,23.794000,23.216000,23.340000,1563023.9500
2025.01.05,04:00:00,23.340000,23.834000,23.333000,23.503000,1661541.2400
2025.01.05,08:00:00,23.504000,23.559000,23.012000,23.081000,2665743.3700
2025.01.05,12:00:00,23.080000,23.392000,22.851000,23.287000,2543019.5600
2025.01.05,16:00:00,23.288000,23.496000,23.101000,23.357000,1913669.9500
2025.01.05,20:00:00,23.356000,23.730000,23.233000,23.574000,1293992.2400
2025.01.06,00:00:00,23.575000,24.073000,23.004000,24.054000,3877918.4400
2025.01.06,04:00:00,24.055000,24.188000,23.489000,23.511000,2985322.7400
2025.01.06,08:00:00,23.511000,23.821000,23.317000,23.820000,1985716.2800
2025.01.06,12:00:00,23.820000,24.466000,23.501000,24.375000,6404382.0500
2025.01.06,16:00:00,24.375000,24.793000,23.775000,23.895000,4703955.4000
2025.01.06,20:00:00,23.894000,24.053000,23.645000,23.816000,1734410.8300
2025.01.07,00:00:00,23.817000,23.835000,23.426000,23.507000,2350404.2600
2025.01.07,04:00:00,23.507000,23.659000,23.333000,23.384000,1389991.8500
2025.01.07,08:00:00,23.384000,23.649000,23.065000,23.184000,2260189.9500
2025.01.07,12:00:00,23.185000,23.366000,21.666000,22.043000,7990726.4700
2025.01.07,16:00:00,22.043000,22.191000,21.366000,21.468000,5033789.6800
2025.01.07,20:00:00,21.469000,21.694000,21.157000,21.377000,3189537.1500
2025.01.08,00:00:00,21.377000,21.716000,20.855000,21.150000,3937717.9800
2025.01.08,04:00:00,21.150000,21.228000,20.510000,20.870000,3852400.6600
2025.01.08,08:00:00,20.871000,21.124000,20.572000,20.718000,2690946.2300
2025.01.08,12:00:00,20.719000,20.972000,20.470000,20.662000,3902548.6700
2025.01.08,16:00:00,20.662000,20.714000,19.557000,20.186000,8197869.0800
2025.01.08,20:00:00,20.186000,20.622000,19.950000,20.426000,2558180.1300
2025.01.09,00:00:00,20.425000,20.715000,20.196000,20.271000,2727056.3400
2025.01.09,04:00:00,20.269000,20.365000,19.736000,19.800000,2490164.6100
2025.01.09,08:00:00,19.801000,20.127000,19.669000,19.927000,2541484.6600
2025.01.09,12:00:00,19.927000,20.314000,19.297000,20.186000,5486662.8000
2025.01.09,16:00:00,20.185000,20.303000,19.375000,19.417000,3468762.1900
2025.01.09,20:00:00,19.417000,19.866000,19.124000,19.635000,3087624.8500
2025.01.10,00:00:00,19.635000,20.018000,19.631000,19.937000,1978086.0800
2025.01.10,04:00:00,19.938000,20.526000,19.823000,20.333000,2579792.1000
2025.01.10,08:00:00,20.333000,20.486000,20.230000,20.352000,2341282.8800
2025.01.10,12:00:00,20.352000,20.430000,19.530000,19.975000,7115386.5700
2025.01.10,16:00:00,19.975000,20.489000,19.769000,20.369000,3396024.8500
2025.01.10,20:00:00,20.368000,20.405000,20.163000,20.234000,1267177.0200
2025.01.11,00:00:00,20.235000,20.294000,19.907000,19.931000,1402527.2600
2025.01.11,04:00:00,19.931000,20.096000,19.841000,19.937000,1032876.7800
2025.01.11,08:00:00,19.937000,20.250000,19.800000,20.160000,1405698.0400
2025.01.11,12:00:00,20.160000,20.189000,19.902000,19.975000,1403576.5200
2025.01.11,16:00:00,19.976000,20.036000,19.824000,19.995000,1400958.8500
2025.01.11,20:00:00,19.995000,20.679000,19.951000,20.204000,2474762.2200
2025.01.12,00:00:00,20.204000,20.323000,20.039000,20.244000,1341555.9300
2025.01.12,04:00:00,20.245000,20.314000,19.964000,20.082000,1162631.5300
2025.01.12,08:00:00,20.083000,20.122000,19.781000,19.956000,1501378.9200
2025.01.12,12:00:00,19.956000,20.249000,19.852000,20.145000,1987435.4000
2025.01.12,16:00:00,20.145000,20.195000,19.959000,20.029000,1569384.0400
2025.01.12,20:00:00,20.029000,20.099000,19.575000,19.833000,1621069.6100
2025.01.13,00:00:00,19.833000,20.439000,19.313000,19.379000,5396404.1300
2025.01.13,04:00:00,19.378000,19.733000,19.001000,19.101000,3424455.7400
2025.01.13,08:00:00,19.101000,19.129000,18.048000,18.097000,6418271.4700
2025.01.13,12:00:00,18.097000,19.098000,17.737000,18.917000,8741197.8500
2025.01.13,16:00:00,18.917000,19.047000,18.219000,18.470000,4768357.0600
2025.01.13,20:00:00,18.469000,19.549000,18.369000,19.349000,3828067.3900
2025.01.14,00:00:00,19.348000,19.583000,19.241000,19.486000,2024760.9900
2025.01.14,04:00:00,19.486000,19.756000,19.418000,19.435000,1574791.6800
2025.01.14,08:00:00,19.436000,20.289000,19.435000,19.935000,3010754.7100
2025.01.14,12:00:00,19.934000,20.382000,19.763000,20.140000,3582689.4000
2025.01.14,16:00:00,20.139000,20.475000,19.965000,20.296000,2466614.5200
2025.01.14,20:00:00,20.295000,20.486000,20.171000,20.323000,1444569.3700
2025.01.15,00:00:00,20.323000,20.686000,20.202000,20.446000,2741224.3900
2025.01.15,04:00:00,20.446000,20.825000,20.239000,20.715000,2058768.3800
2025.01.15,08:00:00,20.715000,20.976000,20.089000,20.318000,3383358.1600
2025.01.15,12:00:00,20.317000,21.743000,20.141000,21.592000,7870521.5000
2025.01.15,16:00:00,21.593000,21.840000,21.235000,21.597000,3563410.7700
2025.01.15,20:00:00,21.596000,22.138000,21.551000,22.075000,2903285.2000
2025.01.16,00:00:00,22.074000,22.158000,21.454000,21.598000,3272370.8700
2025.01.16,04:00:00,21.599000,21.846000,21.560000,21.747000,1516019.3800
2025.01.16,08:00:00,21.748000,22.489000,21.284000,22.463000,5301797.0600
2025.01.16,12:00:00,22.464000,23.335000,22.218000,23.300000,10877590.8300
2025.01.16,16:00:00,23.300000,23.744000,23.145000,23.705000,4907442.4700
2025.01.16,20:00:00,23.703000,23.783000,22.782000,23.015000,3228152.7700
2025.01.17,00:00:00,23.017000,23.977000,23.016000,23.533000,4472633.9500
2025.01.17,04:00:00,23.534000,24.280000,23.476000,24.118000,3945956.6300
2025.01.17,08:00:00,24.118000,24.438000,23.811000,24.130000,3522452.9700
2025.01.17,12:00:00,24.130000,24.492000,23.832000,24.417000,3747990.8700
2025.01.17,16:00:00,24.417000,24.689000,24.186000,24.506000,2929488.2500
2025.01.17,20:00:00,24.509000,25.220000,24.457000,25.089000,2955886.9200
2025.01.18,00:00:00,25.087000,25.656000,24.446000,24.551000,4530279.3700
2025.01.18,04:00:00,24.548000,24.719000,23.420000,23.831000,6157470.3700
2025.01.18,08:00:00,23.832000,24.610000,23.501000,24.420000,5439739.5400
2025.01.18,12:00:00,24.420000,24.830000,23.934000,24.065000,4603411.8300
2025.01.18,16:00:00,24.066000,24.127000,23.368000,23.968000,4843991.9000
2025.01.18,20:00:00,23.969000,24.203000,23.527000,24.098000,2076794.9200
2025.01.19,00:00:00,24.098000,24.591000,23.794000,23.855000,3368450.9600
2025.01.19,04:00:00,23.854000,23.877000,23.134000,23.368000,3694806.0600
2025.01.19,08:00:00,23.368000,23.373000,22.185000,22.399000,7853786.9700
2025.01.19,12:00:00,22.400000,25.940000,22.359000,25.410000,11112140.9100
2025.01.19,16:00:00,25.409000,26.696000,25.305000,26.036000,7414879.2800
2025.01.19,20:00:00,26.037000,26.499000,23.531000,24.339000,16474919.5600
2025.01.20,00:00:00,24.338000,24.806000,23.391000,24.322000,11804294.9300
2025.01.20,04:00:00,24.321000,26.460000,23.986000,26.306000,9889664.0900
2025.01.20,08:00:00,26.306000,26.952000,25.279000,25.735000,7731582.3500
2025.01.20,12:00:00,25.736000,26.790000,24.525000,25.859000,19406153.4100
2025.01.20,16:00:00,25.860000,26.383000,24.000000,25.700000,12423140.3600
2025.01.20,20:00:00,25.699000,25.852000,24.939000,25.069000,4451066.8600
2025.01.21,00:00:00,25.071000,25.183000,24.040000,24.448000,6291044.9200
2025.01.21,04:00:00,24.448000,24.455000,23.679000,24.078000,4298223.0700
2025.01.21,08:00:00,24.078000,26.236000,23.881000,25.660000,8726398.4600
2025.01.21,12:00:00,25.661000,26.481000,25.405000,25.853000,6684924.4400
2025.01.21,16:00:00,25.849000,27.089000,25.791000,26.628000,6001017.5400
2025.01.21,20:00:00,26.629000,26.898000,26.146000,26.651000,4071093.3800
2025.01.22,00:00:00,26.653000,27.200000,26.230000,26.313000,4115307.1800
2025.01.22,04:00:00,26.314000,26.353000,25.684000,25.789000,2629184.0200
2025.01.22,08:00:00,25.790000,25.998000,25.574000,25.851000,2715149.0800
2025.01.22,12:00:00,25.851000,25.945000,25.320000,25.405000,3638670.2500
2025.01.22,16:00:00,25.406000,25.662000,25.170000,25.404000,2423172.5100
2025.01.22,20:00:00,25.404000,25.611000,25.110000,25.293000,1975911.0200
2025.01.23,00:00:00,25.290000,25.337000,24.475000,24.815000,3420483.3000
2025.01.23,04:00:00,24.817000,24.838000,24.310000,24.565000,2482033.2400
2025.01.23,08:00:00,24.564000,24.624000,23.976000,24.461000,2577134.7200
2025.01.23,12:00:00,24.461000,25.926000,24.044000,25.460000,7737603.1100
2025.01.23,16:00:00,25.460000,26.232000,24.683000,24.758000,5334734.1600
2025.01.23,20:00:00,24.757000,25.826000,24.565000,25.650000,5121575.0700
2025.01.24,00:00:00,25.649000,25.833000,24.851000,25.216000,2872373.5100
2025.01.24,04:00:00,25.216000,26.317000,25.001000,25.932000,3489252.8700
2025.01.24,08:00:00,25.932000,26.421000,25.835000,26.161000,2850856.6300
2025.01.24,12:00:00,26.162000,26.320000,25.661000,26.126000,3073057.8100
2025.01.24,16:00:00,26.125000,26.245000,25.679000,25.790000,1921866.9500
2025.01.24,20:00:00,25.790000,25.874000,25.081000,25.170000,2361688.6000
2025.01.25,00:00:00,25.171000,25.321000,24.806000,25.265000,2400193.1100
2025.01.25,04:00:00,25.266000,25.298000,24.900000,24.982000,1282682.5000
2025.01.25,08:00:00,24.982000,25.082000,24.677000,24.957000,1757377.2900
2025.01.25,12:00:00,24.958000,25.266000,24.701000,25.121000,2498888.2700
2025.01.25,16:00:00,25.120000,25.353000,24.776000,25.234000,2483241.6700
2025.01.25,20:00:00,25.235000,25.431000,24.875000,24.911000,1168615.5200
2025.01.26,00:00:00,24.911000,25.621000,24.848000,25.567000,1886396.0700
2025.01.26,04:00:00,25.567000,25.873000,25.425000,25.668000,1707965.0800
2025.01.26,08:00:00,25.668000,25.817000,25.130000,25.294000,1877269.2700
2025.01.26,12:00:00,25.297000,25.471000,25.100000,25.436000,1500939.2400
2025.01.26,16:00:00,25.437000,26.268000,25.258000,26.194000,2965706.7800
2025.01.26,20:00:00,26.194000,26.389000,24.839000,24.867000,4217292.6200
2025.01.27,00:00:00,24.867000,25.112000,23.728000,23.966000,5863632.1000
2025.01.27,04:00:00,23.965000,23.965000,22.234000,22.833000,6536057.2800
2025.01.27,08:00:00,22.833000,22.894000,22.164000,22.407000,4501638.7800
2025.01.27,12:00:00,22.406000,24.086000,22.303000,23.671000,8561194.7100
2025.01.27,16:00:00,23.672000,23.895000,22.769000,23.108000,3842913.7800
2025.01.27,20:00:00,23.110000,24.415000,23.108000,24.196000,3943559.7200
2025.01.28,00:00:00,24.197000,24.544000,23.768000,24.267000,2812869.9900
2025.01.28,04:00:00,24.268000,24.643000,24.060000,24.110000,1794503.1700
2025.01.28,08:00:00,24.110000,24.199000,23.821000,23.952000,1830538.0000
2025.01.28,12:00:00,23.952000,24.256000,23.509000,23.920000,3318047.6800
2025.01.28,16:00:00,23.921000,23.955000,23.128000,23.283000,2642808.5800
2025.01.28,20:00:00,23.283000,23.377000,22.335000,22.599000,3163842.5200
2025.01.29,00:00:00,22.598000,23.392000,22.563000,23.232000,2594857.3600
2025.01.29,04:00:00,23.232000,23.555000,23.100000,23.519000,1400261.2000
2025.01.29,08:00:00,23.519000,23.600000,23.027000,23.448000,1730742.2300
2025.01.29,12:00:00,23.448000,23.538000,22.457000,22.748000,4695229.3800
2025.01.29,16:00:00,22.747000,23.763000,22.310000,23.507000,5558072.4600
2025.01.29,20:00:00,23.508000,24.438000,23.121000,23.649000,5358192.5300
2025.01.30,00:00:00,23.649000,24.320000,23.393000,24.270000,2404273.4300
2025.01.30,04:00:00,24.269000,24.581000,24.157000,24.282000,1977285.4200
2025.01.30,08:00:00,24.285000,24.725000,24.160000,24.465000,1845509.3000
2025.01.30,12:00:00,24.465000,25.192000,24.205000,24.845000,4614324.9900
2025.01.30,16:00:00,24.844000,25.075000,24.604000,24.758000,2393370.4000
2025.01.30,20:00:00,24.757000,24.799000,24.389000,24.449000,1886239.2400
2025.01.31,00:00:00,24.449000,24.872000,24.241000,24.337000,2041640.3000
2025.01.31,04:00:00,24.337000,25.383000,24.121000,24.890000,2686177.6200
2025.01.31,08:00:00,24.890000,25.687000,24.687000,25.661000,2929101.0600
2025.01.31,12:00:00,25.662000,26.085000,25.351000,25.896000,4539823.8400
2025.01.31,16:00:00,25.895000,26.433000,24.826000,24.906000,4944223.8100
2025.01.31,20:00:00,24.906000,25.218000,24.487000,25.150000,3023433.0600
2025.02.01,00:00:00,25.150000,25.952000,25.055000,25.635000,3034601.4900
2025.02.01,04:00:00,25.635000,25.856000,25.207000,25.241000,1856726.2900
2025.02.01,08:00:00,25.242000,25.331000,24.527000,24.774000,3200853.8800
2025.02.01,12:00:00,24.775000,24.922000,24.241000,24.455000,2572910.0000
2025.02.01,16:00:00,24.456000,24.625000,23.512000,23.543000,3046563.5400
2025.02.01,20:00:00,23.543000,23.562000,22.750000,22.961000,4651454.0900
2025.02.02,00:00:00,22.957000,23.311000,22.199000,22.313000,4263147.6800
2025.02.02,04:00:00,22.314000,22.890000,22.249000,22.645000,3076962.8800
2025.02.02,08:00:00,22.646000,23.171000,22.067000,22.119000,4130712.6700
2025.02.02,12:00:00,22.119000,22.449000,21.849000,22.176000,4411295.9100
2025.02.02,16:00:00,22.175000,22.187000,20.069000,20.762000,12546691.2300
2025.02.02,20:00:00,20.762000,21.026000,19.258000,20.450000,8597503.0700
2025.02.03,00:00:00,20.450000,20.458000,15.429000,17.703000,25533710.7100
2025.02.03,04:00:00,17.704000,19.454000,17.040000,19.405000,10442670.8100
2025.02.03,08:00:00,19.405000,19.408000,18.412000,18.892000,8083421.9700
2025.02.03,12:00:00,18.892000,20.646000,18.111000,20.399000,12820046.9800
2025.02.03,16:00:00,20.399000,22.013000,20.099000,21.872000,10313682.6900
2025.02.03,20:00:00,21.872000,22.016000,20.952000,21.636000,6716304.2400
2025.02.04,00:00:00,21.636000,21.702000,20.722000,20.879000,3646339.7100
2025.02.04,04:00:00,20.879000,21.115000,19.537000,19.619000,7438646.7000
2025.02.04,08:00:00,19.622000,20.775000,19.432000,20.322000,5687965.9700
2025.02.04,12:00:00,20.323000,20.974000,20.171000,20.520000,6899196.2300
2025.02.04,16:00:00,20.521000,21.259000,20.298000,20.301000,4758936.9500
2025.02.04,20:00:00,20.301000,20.506000,19.323000,19.965000,8340569.5500
2025.02.05,00:00:00,19.966000,20.264000,19.732000,19.977000,3268297.7700
2025.02.05,04:00:00,19.976000,20.083000,19.422000,19.625000,3469311.1300
2025.02.05,08:00:00,19.624000,20.089000,19.387000,19.992000,3420488.8000
2025.02.05,12:00:00,19.991000,20.087000,19.452000,19.631000,4704078.8100
2025.02.05,16:00:00,19.631000,19.703000,18.955000,19.454000,5401676.7500
2025.02.05,20:00:00,19.455000,19.569000,18.950000,19.181000,2912539.0100
2025.02.06,00:00:00,19.181000,19.574000,19.036000,19.490000,2387082.4200
2025.02.06,04:00:00,19.490000,19.921000,19.437000,19.685000,2269508.7200
2025.02.06,08:00:00,19.685000,19.904000,19.467000,19.701000,2817238.1700
2025.02.06,12:00:00,19.701000,19.742000,18.553000,18.691000,5605718.7800
2025.02.06,16:00:00,18.691000,18.865000,18.394000,18.504000,4729839.3100
2025.02.06,20:00:00,18.504000,18.945000,18.404000,18.574000,3100569.7500
2025.02.07,00:00:00,18.574000,19.045000,18.550000,18.802000,2534588.7700
2025.02.07,04:00:00,18.803000,18.983000,18.414000,18.773000,2584088.0700
2025.02.07,08:00:00,18.774000,19.377000,18.686000,19.279000,2989380.0900
2025.02.07,12:00:00,19.279000,19.828000,18.957000,19.355000,6697044.7500
2025.02.07,16:00:00,19.356000,19.375000,18.588000,18.718000,4196574.8000
2025.02.07,20:00:00,18.719000,18.741000,17.786000,18.368000,4894316.3900
2025.02.08,00:00:00,18.368000,18.614000,18.185000,18.219000,2137801.8600
2025.02.08,04:00:00,18.219000,18.299000,17.914000,18.168000,1704741.0500
2025.02.08,08:00:00,18.168000,18.222000,17.900000,18.055000,1640765.1200
2025.02.08,12:00:00,18.054000,18.238000,17.863000,18.045000,2504097.8900
2025.02.08,16:00:00,18.045000,18.439000,17.874000,18.324000,2355968.0600
2025.02.08,20:00:00,18.324000,18.530000,18.169000,18.428000,1433888.7500
2025.02.09,00:00:00,18.428000,18.998000,18.245000,18.903000,2452909.5000
2025.02.09,04:00:00,18.902000,18.907000,18.506000,18.747000,1676251.3400
2025.02.09,08:00:00,18.747000,18.885000,18.535000,18.543000,1532550.9500
2025.02.09,12:00:00,18.542000,18.785000,18.092000,18.717000,3102379.0100
2025.02.09,16:00:00,18.716000,18.935000,18.345000,18.363000,2226032.5800
2025.02.09,20:00:00,18.364000,18.719000,17.424000,18.255000,5843730.2200
2025.02.10,00:00:00,18.254000,18.638000,17.652000,18.357000,5827834.9000
2025.02.10,04:00:00,18.357000,18.786000,18.233000,18.642000,3011116.5500
2025.02.10,08:00:00,18.642000,18.974000,18.616000,18.739000,2840561.7700
2025.02.10,12:00:00,18.739000,19.115000,18.458000,18.574000,3894210.2300
2025.02.10,16:00:00,18.574000,18.936000,18.479000,18.829000,2388094.3500
2025.02.10,20:00:00,18.829000,18.941000,18.603000,18.791000,1401483.8400
2025.02.11,00:00:00,18.792000,19.362000,18.756000,19.320000,2953974.8700
2025.02.11,04:00:00,19.320000,19.787000,19.278000,19.619000,3185695.2200
2025.02.11,08:00:00,19.619000,19.735000,19.324000,19.548000,2240863.7600
2025.02.11,12:00:00,19.549000,19.571000,18.823000,19.085000,3812334.2900
2025.02.11,16:00:00,19.085000,19.168000,18.209000,18.432000,4076674.6700
2025.02.11,20:00:00,18.433000,18.975000,18.402000,18.635000,2736431.2200
2025.02.12,00:00:00,18.635000,18.877000,18.399000,18.462000,2284323.9300
2025.02.12,04:00:00,18.462000,18.708000,18.334000,18.582000,1775738.5600
2025.02.12,08:00:00,18.581000,18.765000,18.384000,18.535000,1904952.7100
2025.02.12,12:00:00,18.535000,18.809000,17.629000,18.108000,9199457.5600
2025.02.12,16:00:00,18.109000,18.882000,17.935000,18.832000,4515154.5400
2025.02.12,20:00:00,18.832000,19.500000,18.722000,19.190000,3195748.8600
2025.02.13,00:00:00,19.192000,19.324000,18.972000,19.222000,1876689.6100
2025.02.13,04:00:00,19.222000,19.247000,18.713000,18.806000,2498439.8500
2025.02.13,08:00:00,18.808000,18.879000,18.545000,18.674000,2169752.7300
2025.02.13,12:00:00,18.675000,18.696000,18.165000,18.486000,4670649.1200
2025.02.13,16:00:00,18.485000,18.612000,18.185000,18.339000,2753554.3300
2025.02.13,20:00:00,18.339000,18.626000,18.328000,18.540000,1639760.5300
2025.02.14,00:00:00,18.541000,18.956000,18.434000,18.934000,1623350.4900
2025.02.14,04:00:00,18.935000,18.982000,18.617000,18.754000,1489391.0900
2025.02.14,08:00:00,18.754000,19.342000,18.664000,19.026000,3648645.5500
2025.02.14,12:00:00,19.025000,19.614000,18.868000,19.496000,3807777.3100
2025.02.14,16:00:00,19.496000,19.840000,19.178000,19.508000,3899660.9100
2025.02.14,20:00:00,19.508000,19.654000,19.107000,19.371000,2556473.1500
2025.02.15,00:00:00,19.373000,19.598000,19.179000,19.408000,1614702.4200
2025.02.15,04:00:00,19.409000,19.650000,19.251000,19.262000,1985355.9900
2025.02.15,08:00:00,19.263000,19.387000,19.012000,19.108000,2019214.3600
2025.02.15,12:00:00,19.108000,19.284000,18.826000,18.944000,2281236.3300
2025.02.15,16:00:00,18.943000,19.036000,18.780000,18.868000,1521880.3600
2025.02.15,20:00:00,18.868000,19.000000,18.717000,18.987000,1299614.1800
2025.02.16,00:00:00,18.988000,19.108000,18.685000,18.840000,1677864.2300
2025.02.16,04:00:00,18.841000,19.253000,18.816000,18.891000,1964886.3600
2025.02.16,08:00:00,18.891000,19.150000,18.823000,19.148000,1310856.3200
2025.02.16,12:00:00,19.148000,19.184000,18.697000,18.887000,2096555.1800
2025.02.16,16:00:00,18.887000,19.116000,18.533000,18.818000,2279009.3400
2025.02.16,20:00:00,18.817000,19.027000,18.636000,18.690000,1768617.4500
2025.02.17,00:00:00,18.690000,19.001000,18.614000,18.808000,1771199.5600
2025.02.17,04:00:00,18.807000,19.152000,18.351000,18.797000,3571259.4000
2025.02.17,08:00:00,18.797000,19.494000,18.708000,19.349000,3225493.6800
2025.02.17,12:00:00,19.350000,19.783000,19.204000,19.238000,3445336.5200
2025.02.17,16:00:00,19.236000,19.380000,18.698000,19.062000,4045968.1800
2025.02.17,20:00:00,19.062000,19.497000,18.960000,19.097000,2515635.6100
2025.02.18,00:00:00,19.097000,19.188000,18.762000,18.855000,2042467.3000
2025.02.18,04:00:00,18.855000,18.867000,18.071000,18.074000,3967599.6900
2025.02.18,08:00:00,18.075000,18.290000,17.843000,17.985000,3297536.4000
2025.02.18,12:00:00,17.986000,18.379000,17.550000,17.667000,4554437.1700
2025.02.18,16:00:00,17.668000,17.802000,17.273000,17.600000,4956054.0800
2025.02.18,20:00:00,17.601000,17.903000,17.421000,17.856000,2632403.6000
2025.02.19,00:00:00,17.855000,17.990000,17.516000,17.830000,2110848.0100
2025.02.19,04:00:00,17.830000,18.121000,17.422000,18.027000,2600871.5100
2025.02.19,08:00:00,18.026000,18.124000,17.872000,18.110000,2498174.0500
2025.02.19,12:00:00,18.111000,18.198000,17.735000,17.798000,3538064.1500
2025.02.19,16:00:00,17.799000,18.060000,17.713000,17.902000,2188338.8700
2025.02.19,20:00:00,17.901000,18.076000,17.744000,17.963000,1793664.5200
2025.02.20,00:00:00,17.964000,18.358000,17.882000,18.313000,2523549.9900
2025.02.20,04:00:00,18.312000,18.465000,18.052000,18.096000,2346876.8300
2025.02.20,08:00:00,18.097000,18.188000,17.820000,18.128000,2949495.8000
2025.02.20,12:00:00,18.127000,18.365000,17.848000,17.875000,3531163.7100
2025.02.20,16:00:00,17.874000,18.423000,17.848000,18.325000,2628953.6800
2025.02.20,20:00:00,18.325000,18.424000,18.126000,18.278000,1558100.1700
2025.02.21,00:00:00,18.278000,18.317000,18.040000,18.083000,1395376.0000
2025.02.21,04:00:00,18.083000,18.390000,18.080000,18.253000,1331193.7600
2025.02.21,08:00:00,18.253000,18.740000,18.208000,18.562000,3080071.5700
2025.02.21,12:00:00,18.562000,19.052000,18.062000,18.378000,6274616.9600
2025.02.21,16:00:00,18.377000,18.541000,17.118000,17.272000,7677738.4900
2025.02.21,20:00:00,17.272000,17.453000,17.119000,17.412000,3201539.8900
2025.02.22,00:00:00,17.412000,17.664000,17.295000,17.452000,1992965.0200
2025.02.22,04:00:00,17.451000,17.632000,17.421000,17.475000,1530770.2200
2025.02.22,08:00:00,17.476000,17.709000,17.412000,17.601000,1503359.5600
2025.02.22,12:00:00,17.601000,17.821000,17.505000,17.774000,1896823.3100
2025.02.22,16:00:00,17.773000,18.019000,17.742000,17.859000,1966488.7000
2025.02.22,20:00:00,17.858000,17.868000,17.705000,17.745000,936819.4300
2025.02.23,00:00:00,17.745000,17.900000,17.634000,17.792000,1657868.1300
2025.02.23,04:00:00,17.792000,18.115000,17.736000,18.109000,1379417.4300
2025.02.23,08:00:00,18.108000,18.125000,17.710000,17.759000,1564427.9300
2025.02.23,12:00:00,17.759000,17.839000,17.429000,17.461000,2339946.9700
2025.02.23,16:00:00,17.462000,17.664000,17.448000,17.529000,1364702.8000
2025.02.23,20:00:00,17.529000,17.733000,17.417000,17.604000,1332562.9400
2025.02.24,00:00:00,17.603000,17.736000,16.764000,16.812000,3774166.0200
2025.02.24,04:00:00,16.812000,16.969000,16.461000,16.856000,3443671.9500
2025.02.24,08:00:00,16.856000,16.865000,16.433000,16.662000,3449204.8400
2025.02.24,12:00:00,16.661000,16.764000,16.041000,16.211000,4923067.0500
2025.02.24,16:00:00,16.211000,16.495000,15.912000,16.097000,3582326.5500
2025.02.24,20:00:00,16.098000,16.282000,14.940000,15.249000,7926706.9800
2025.02.25,00:00:00,15.248000,15.410000,14.833000,15.115000,6231381.9900
2025.02.25,04:00:00,15.116000,15.265000,14.019000,14.518000,11705091.8300
2025.02.25,08:00:00,14.519000,14.900000,14.240000,14.836000,8333373.5300
2025.02.25,12:00:00,14.837000,14.993000,14.395000,14.739000,7102142.2100
2025.02.25,16:00:00,14.740000,15.125000,14.503000,15.104000,4753828.2600
2025.02.25,20:00:00,15.104000,15.573000,14.975000,15.306000,3802338.7100
2025.02.26,00:00:00,15.306000,15.548000,15.088000,15.381000,2729236.8300
2025.02.26,04:00:00,15.380000,15.514000,15.148000,15.293000,2624386.9800
2025.02.26,08:00:00,15.292000,15.632000,15.137000,15.514000,3915218.5300
2025.02.26,12:00:00,15.515000,15.770000,14.966000,15.530000,5883680.0300
2025.02.26,16:00:00,15.531000,15.603000,14.682000,14.880000,6825711.9600
2025.02.26,20:00:00,14.880000,15.705000,14.662000,15.249000,5100802.7800
2025.02.27,00:00:00,15.249000,15.462000,15.050000,15.290000,2576901.8000
2025.02.27,04:00:00,15.292000,15.687000,15.121000,15.603000,2620169.3800
2025.02.27,08:00:00,15.604000,15.767000,15.438000,15.609000,2656704.2900
2025.02.27,12:00:00,15.610000,15.744000,15.180000,15.380000,4979655.6100
2025.02.27,16:00:00,15.380000,15.494000,15.009000,15.085000,2308715.7400
2025.02.27,20:00:00,15.086000,15.211000,14.767000,15.103000,3003629.9600
2025.02.28,00:00:00,15.103000,15.186000,13.816000,13.872000,8931991.9900
2025.02.28,04:00:00,13.874000,13.984000,13.466000,13.662000,6920049.7700
2025.02.28,08:00:00,13.661000,14.049000,13.449000,13.761000,5056431.3700
2025.02.28,12:00:00,13.760000,14.716000,13.663000,14.606000,6108874.8800
2025.02.28,16:00:00,14.605000,14.848000,14.480000,14.758000,3315873.1600
2025.02.28,20:00:00,14.759000,14.865000,14.583000,14.810000,2247116.6600
2025.03.01,00:00:00,14.810000,14.946000,14.562000,14.800000,2318799.7700
2025.03.01,04:00:00,14.799000,15.000000,14.512000,14.538000,2707859.1300
2025.03.01,08:00:00,14.538000,14.856000,14.397000,14.445000,2673198.2900
2025.03.01,12:00:00,14.445000,14.556000,14.217000,14.476000,2654960.2300
2025.03.01,16:00:00,14.477000,14.905000,14.415000,14.880000,2503200.3900
2025.03.01,20:00:00,14.879000,15.135000,14.740000,14.751000,2676388.7800
2025.03.02,00:00:00,14.751000,14.909000,14.648000,14.851000,2159708.4000
2025.03.02,04:00:00,14.850000,14.921000,14.721000,14.747000,1355726.3900
2025.03.02,08:00:00,14.746000,14.907000,14.672000,14.765000,1494598.0200
2025.03.02,12:00:00,14.764000,15.521000,14.402000,15.260000,7194724.3300
2025.03.02,16:00:00,15.260000,17.356000,15.238000,16.949000,14476525.0500
2025.03.02,20:00:00,16.948000,17.532000,16.888000,17.407000,4089461.5400
2025.03.03,00:00:00,17.407000,17.483000,16.548000,16.795000,3990465.3500
2025.03.03,04:00:00,16.794000,16.965000,16.082000,16.476000,3387234.5600
2025.03.03,08:00:00,16.476000,16.500000,15.935000,16.303000,3616768.0300
2025.03.03,12:00:00,16.303000,16.873000,16.066000,16.252000,7191382.8000
2025.03.03,16:00:00,16.252000,16.435000,14.673000,14.742000,10122367.9900
2025.03.03,20:00:00,14.742000,14.922000,14.361000,14.445000,6405992.2000
2025.03.04,00:00:00,14.445000,14.588000,13.404000,13.758000,11139593.9500
2025.03.04,04:00:00,13.759000,14.105000,13.714000,13.795000,4111329.3200
2025.03.04,08:00:00,13.796000,13.967000,13.663000,13.785000,3489304.4100
2025.03.04,12:00:00,13.785000,14.230000,13.329000,13.823000,10818276.3300
2025.03.04,16:00:00,13.824000,14.521000,13.063000,14.503000,9095465.1700
2025.03.04,20:00:00,14.503000,15.345000,14.302000,14.855000,8832266.2900
2025.03.05,00:00:00,14.855000,15.090000,14.624000,14.815000,3640184.1000
2025.03.05,04:00:00,14.816000,15.450000,14.812000,15.440000,3621300.4200
2025.03.05,08:00:00,15.440000,16.492000,15.356000,16.064000,8967550.8600
2025.03.05,12:00:00,16.063000,16.172000,15.551000,15.684000,6380932.8500
2025.03.05,16:00:00,15.684000,16.426000,15.565000,16.333000,6159135.0700
2025.03.05,20:00:00,16.338000,16.581000,16.264000,16.411000,3341035.4300
2025.03.06,00:00:00,16.413000,17.336000,16.369000,17.214000,6007331.0700
2025.03.06,04:00:00,17.215000,17.383000,16.864000,16.899000,4407509.3200
2025.03.06,08:00:00,16.899000,17.660000,16.847000,17.482000,6384360.5300
2025.03.06,12:00:00,17.483000,17.541000,16.602000,17.233000,9211789.0300
2025.03.06,16:00:00,17.234000,17.338000,16.527000,16.802000,5509733.8200
2025.03.06,20:00:00,16.802000,17.284000,16.758000,17.046000,4087211.4800
2025.03.07,00:00:00,17.045000,17.224000,15.862000,16.163000,10106116.2100
2025.03.07,04:00:00,16.164000,17.175000,16.151000,17.174000,4938539.1500
2025.03.07,08:00:00,17.175000,17.369000,16.783000,17.136000,4969078.9200
2025.03.07,12:00:00,17.135000,17.528000,16.758000,16.914000,8625208.2000
2025.03.07,16:00:00,16.913000,16.993000,16.124000,16.627000,8347953.4900
2025.03.07,20:00:00,16.627000,16.762000,15.722000,15.928000,6860759.1300
2025.03.08,00:00:00,15.929000,16.024000,15.417000,15.683000,3785492.9200
2025.03.08,04:00:00,15.683000,15.853000,15.518000,15.540000,2040954.6500
2025.03.08,08:00:00,15.539000,15.561000,15.239000,15.321000,3851622.7900
2025.03.08,12:00:00,15.322000,15.576000,15.177000,15.294000,3078413.2600
2025.03.08,16:00:00,15.294000,15.566000,15.106000,15.530000,2963353.5200
2025.03.08,20:00:00,15.530000,15.543000,15.181000,15.253000,1572874.6200
2025.03.09,00:00:00,15.253000,15.356000,15.009000,15.255000,2597392.4000
2025.03.09,04:00:00,15.255000,15.350000,15.078000,15.119000,1545550.2100
2025.03.09,08:00:00,15.120000,15.121000,14.622000,14.687000,3279383.3500
2025.03.09,12:00:00,14.686000,14.699000,14.242000,14.298000,4673321.4500
2025.03.09,16:00:00,14.297000,14.363000,13.634000,13.978000,7267159.8200
2025.03.09,20:00:00,13.978000,14.119000,13.587000,13.795000,3910934.3600
2025.03.10,00:00:00,13.795000,14.220000,13.646000,14.122000,4929300.8800
2025.03.10,04:00:00,14.121000,14.324000,13.972000,14.081000,2977630.6300
2025.03.10,08:00:00,14.082000,14.560000,13.812000,14.253000,5334812.3600
2025.03.10,12:00:00,14.253000,14.350000,13.238000,13.475000,8788330.4100
2025.03.10,16:00:00,13.475000,13.538000,12.409000,12.807000,9206769.7300
2025.03.10,20:00:00,12.807000,13.000000,12.582000,12.653000,4534203.6200
2025.03.11,00:00:00,12.652000,12.829000,11.839000,12.430000,9957277.1600
2025.03.11,04:00:00,12.431000,12.947000,12.397000,12.722000,4878074.7200
2025.03.11,08:00:00,12.721000,13.184000,12.648000,13.041000,4947176.6900
2025.03.11,12:00:00,13.041000,13.202000,12.360000,12.988000,10085223.3400
2025.03.11,16:00:00,12.986000,13.644000,12.787000,13.593000,6725551.0000
2025.03.11,20:00:00,13.591000,13.644000,13.079000,13.132000,2981740.3400
2025.03.12,00:00:00,13.131000,13.482000,12.816000,12.832000,4477772.0300
2025.03.12,04:00:00,12.831000,13.117000,12.641000,13.076000,4516921.9200
2025.03.12,08:00:00,13.076000,13.406000,12.989000,13.359000,4649826.0400
2025.03.12,12:00:00,13.358000,13.804000,12.766000,13.063000,7834521.4000
2025.03.12,16:00:00,13.063000,13.364000,13.017000,13.265000,4552001.6000
2025.03.12,20:00:00,13.265000,13.510000,13.198000,13.479000,2509385.0400
2025.03.13,00:00:00,13.478000,13.533000,13.219000,13.279000,3268261.5900
2025.03.13,04:00:00,13.279000,13.329000,13.041000,13.122000,2879594.3700
2025.03.13,08:00:00,13.124000,13.490000,12.974000,13.438000,3888883.6700
2025.03.13,12:00:00,13.437000,13.594000,12.961000,13.020000,5801537.8300
2025.03.13,16:00:00,13.018000,13.052000,12.710000,12.823000,4007888.5800
2025.03.13,20:00:00,12.822000,13.205000,12.726000,13.035000,2491009.0500
2025.03.14,00:00:00,13.034000,13.353000,12.983000,13.263000,2179580.5600
2025.03.14,04:00:00,13.263000,13.438000,13.238000,13.340000,2080853.3000
2025.03.14,08:00:00,13.340000,14.440000,13.305000,14.090000,27284393.8600
2025.03.14,12:00:00,14.091000,14.673000,13.943000,14.364000,10045093.1200
2025.03.14,16:00:00,14.365000,14.682000,13.885000,13.923000,8732645.5800
2025.03.14,20:00:00,13.922000,13.952000,13.600000,13.656000,7051906.7100
2025.03.15,00:00:00,13.655000,14.077000,13.624000,14.006000,3868640.6200
2025.03.15,04:00:00,14.006000,14.242000,13.712000,13.790000,4318792.8000
2025.03.15,08:00:00,13.790000,14.082000,13.741000,14.034000,2833417.7900
2025.03.15,12:00:00,14.034000,14.129000,13.900000,14.033000,3008146.7900
2025.03.15,16:00:00,14.034000,14.147000,13.944000,14.044000,2197084.8400
2025.03.15,20:00:00,14.043000,14.159000,13.993000,14.006000,1736052.3500
2025.03.16,00:00:00,14.007000,14.030000,13.764000,13.970000,2443585.0800
2025.03.16,04:00:00,13.970000,14.173000,13.966000,14.148000,2041570.6000
2025.03.16,08:00:00,14.148000,14.183000,13.473000,13.511000,4211987.9300
2025.03.16,12:00:00,13.512000,13.647000,13.321000,13.470000,3642946.8200
2025.03.16,16:00:00,13.468000,13.787000,13.351000,13.405000,3817502.0700
2025.03.16,20:00:00,13.405000,13.508000,13.201000,13.358000,2208467.7300
2025.03.17,00:00:00,13.358000,13.749000,13.329000,13.680000,2386293.5100
2025.03.17,04:00:00,13.680000,13.829000,13.470000,13.765000,3009719.4100
2025.03.17,08:00:00,13.766000,13.881000,13.651000,13.790000,2551517.2400
2025.03.17,12:00:00,13.790000,13.933000,13.536000,13.752000,4224466.2800
2025.03.17,16:00:00,13.752000,14.202000,13.644000,14.112000,3354895.1300
2025.03.17,20:00:00,14.112000,14.235000,13.956000,14.021000,2101305.9000
2025.03.18,00:00:00,14.021000,14.093000,13.731000,13.817000,2545697.8800
2025.03.18,04:00:00,13.818000,14.208000,13.789000,14.130000,3627776.4300
2025.03.18,08:00:00,14.129000,14.268000,13.678000,13.706000,3468379.5900
2025.03.18,12:00:00,13.707000,13.843000,13.527000,13.586000,3612939.7800
2025.03.18,16:00:00,13.587000,13.745000,13.445000,13.702000,2736754.5000
2025.03.18,20:00:00,13.702000,13.947000,13.573000,13.909000,2070760.6700
2025.03.19,00:00:00,13.909000,14.077000,13.763000,13.990000,2329990.3800
2025.03.19,04:00:00,13.991000,14.010000,13.834000,13.847000,1620837.6900
2025.03.19,08:00:00,13.846000,14.494000,13.841000,14.458000,3819146.7500
2025.03.19,12:00:00,14.457000,14.679000,14.281000,14.608000,5182325.7800
2025.03.19,16:00:00,14.608000,14.661000,14.191000,14.469000,5091520.4100
2025.03.19,20:00:00,14.470000,15.036000,14.450000,15.013000,3620484.1600
2025.03.20,00:00:00,15.013000,15.164000,14.696000,14.712000,2780074.3200
2025.03.20,04:00:00,14.712000,14.778000,14.577000,14.622000,1696766.4300
2025.03.20,08:00:00,14.623000,14.802000,14.361000,14.491000,2618687.5600
2025.03.20,12:00:00,14.490000,14.743000,14.310000,14.343000,3615072.0900
2025.03.20,16:00:00,14.343000,14.420000,14.072000,14.164000,3464429.0300
2025.03.20,20:00:00,14.165000,14.275000,14.099000,14.211000,1304454.5300
2025.03.21,00:00:00,14.210000,14.377000,14.121000,14.126000,1875355.6400
2025.03.21,04:00:00,14.125000,14.261000,14.039000,14.188000,1709742.5900
2025.03.21,08:00:00,14.189000,14.272000,13.941000,14.058000,2366711.4400
2025.03.21,12:00:00,14.058000,14.128000,13.830000,13.869000,2905286.6200
2025.03.21,16:00:00,13.868000,14.104000,13.810000,13.985000,1920097.8900
2025.03.21,20:00:00,13.983000,14.171000,13.916000,13.949000,1391402.8200
2025.03.22,00:00:00,13.949000,14.125000,13.921000,14.061000,1226906.8500
2025.03.22,04:00:00,14.061000,14.149000,14.043000,14.065000,1031117.3700
2025.03.22,08:00:00,14.065000,14.290000,14.030000,14.193000,1799113.2500
2025.03.22,12:00:00,14.193000,14.333000,14.116000,14.217000,1631181.3300
2025.03.22,16:00:00,14.217000,14.488000,14.195000,14.457000,1699299.7000
2025.03.22,20:00:00,14.457000,14.492000,14.145000,14.242000,1560759.3300
2025.03.23,00:00:00,14.242000,14.459000,14.199000,14.458000,1674964.7800
2025.03.23,04:00:00,14.458000,14.466000,14.263000,14.281000,1306884.6100
2025.03.23,08:00:00,14.280000,14.473000,14.234000,14.372000,2259990.5600
2025.03.23,12:00:00,14.372000,14.485000,14.273000,14.422000,1914089.8700
2025.03.23,16:00:00,14.421000,14.436000,14.225000,14.350000,1812354.3200
2025.03.23,20:00:00,14.349000,14.464000,14.223000,14.461000,1346306.6800
2025.03.24,00:00:00,14.461000,14.696000,14.139000,14.656000,4185521.4600
2025.03.24,04:00:00,14.657000,15.152000,14.657000,15.019000,3696404.0900
2025.03.24,08:00:00,15.018000,15.306000,15.015000,15.189000,2737357.3600
2025.03.24,12:00:00,15.190000,15.406000,15.042000,15.202000,4668339.8800
2025.03.24,16:00:00,15.203000,15.239000,14.982000,15.153000,2422315.4200
2025.03.24,20:00:00,15.152000,15.250000,14.988000,15.121000,1360445.8900
2025.03.25,00:00:00,15.122000,15.238000,14.862000,14.896000,2481009.1000
2025.03.25,04:00:00,14.896000,15.246000,14.861000,15.195000,1879661.7000
2025.03.25,08:00:00,15.195000,15.488000,15.188000,15.437000,2483322.7600
2025.03.25,12:00:00,15.437000,15.584000,15.271000,15.320000,2919847.4600
2025.03.25,16:00:00,15.321000,15.511000,15.277000,15.459000,1871515.9700
2025.03.25,20:00:00,15.459000,15.608000,15.320000,15.428000,1791812.3500
2025.03.26,00:00:00,15.428000,15.615000,15.230000,15.304000,2133866.7500
2025.03.26,04:00:00,15.303000,15.942000,15.293000,15.907000,2596765.2600
2025.03.26,08:00:00,15.906000,15.994000,15.780000,15.861000,2018436.2400
2025.03.26,12:00:00,15.861000,15.875000,15.213000,15.288000,4066096.2800
2025.03.26,16:00:00,15.288000,15.464000,14.936000,15.150000,2955531.3100
2025.03.26,20:00:00,15.149000,15.300000,15.023000,15.241000,1793170.8900
2025.03.27,00:00:00,15.240000,15.776000,15.160000,15.716000,2334265.6100
2025.03.27,04:00:00,15.718000,15.736000,15.505000,15.627000,1764255.7100
2025.03.27,08:00:00,15.626000,15.730000,15.482000,15.500000,2099157.5400
2025.03.27,12:00:00,15.499000,15.793000,15.249000,15.554000,4557948.1600
2025.03.27,16:00:00,15.554000,15.623000,15.291000,15.473000,2220003.5300
2025.03.27,20:00:00,15.473000,15.676000,15.392000,15.513000,1258082.3400
2025.03.28,00:00:00,15.513000,15.582000,15.246000,15.334000,2486227.3500
2025.03.28,04:00:00,15.334000,15.387000,14.416000,14.472000,5281619.2000
2025.03.28,08:00:00,14.472000,14.516000,14.181000,14.374000,3671426.0000
2025.03.28,12:00:00,14.374000,14.459000,14.140000,14.155000,3857668.9700
2025.03.28,16:00:00,14.155000,14.215000,13.991000,14.062000,2527466.7100
2025.03.28,20:00:00,14.063000,14.321000,14.016000,14.244000,1933841.9000
2025.03.29,00:00:00,14.245000,14.403000,14.042000,14.240000,1858711.7300
2025.03.29,04:00:00,14.241000,14.287000,13.839000,13.898000,2216686.1700
2025.03.29,08:00:00,13.898000,14.025000,13.536000,13.648000,3447776.4900
2025.03.29,12:00:00,13.649000,13.832000,13.590000,13.633000,2162299.5200
2025.03.29,16:00:00,13.634000,13.692000,13.370000,13.577000,3087721.2800
2025.03.29,20:00:00,13.578000,13.578000,13.364000,13.544000,1440686.1900
2025.03.30,00:00:00,13.545000,13.785000,13.387000,13.663000,2354046.7300
2025.03.30,04:00:00,13.662000,13.771000,13.584000,13.659000,1611974.5000
2025.03.30,08:00:00,13.660000,13.856000,13.634000,13.718000,2009813.6300
2025.03.30,12:00:00,13.718000,13.781000,13.455000,13.595000,2455611.6900
2025.03.30,16:00:00,13.595000,13.713000,13.369000,13.596000,2283802.9100
2025.03.30,20:00:00,13.597000,13.619000,13.183000,13.408000,3052963.2200
2025.03.31,00:00:00,13.409000,13.528000,13.111000,13.244000,2849223.2200
2025.03.31,04:00:00,13.247000,13.444000,13.120000,13.207000,2744334.4000
2025.03.31,08:00:00,13.206000,13.303000,12.949000,13.221000,3648006.7600
2025.03.31,12:00:00,13.221000,13.687000,13.127000,13.545000,4608990.6400
2025.03.31,16:00:00,13.545000,13.703000,13.405000,13.522000,2546375.7900
2025.03.31,20:00:00,13.522000,13.640000,13.430000,13.501000,1664962.1200
2025.04.01,00:00:00,13.501000,13.760000,13.482000,13.633000,1940990.4100
2025.04.01,04:00:00,13.634000,13.785000,13.569000,13.726000,1618693.9500
2025.04.01,08:00:00,13.727000,14.084000,13.724000,13.944000,3408379.0300
2025.04.01,12:00:00,13.943000,14.384000,13.678000,14.304000,4727770.6600
2025.04.01,16:00:00,14.303000,14.391000,14.107000,14.177000,2591438.1700
2025.04.01,20:00:00,14.176000,14.265000,14.019000,14.038000,1520298.8100
2025.04.02,00:00:00,14.037000,14.042000,13.639000,13.737000,3037285.3300
2025.04.02,04:00:00,13.737000,13.867000,13.332000,13.385000,4292819.7600
2025.04.02,08:00:00,13.384000,13.691000,13.315000,13.489000,3059225.8200
2025.04.02,12:00:00,13.490000,14.190000,13.354000,14.050000,9495312.4300
2025.04.02,16:00:00,14.050000,14.157000,13.717000,13.989000,4120041.6800
2025.04.02,20:00:00,13.989000,14.398000,12.800000,12.894000,9563704.7300
2025.04.03,00:00:00,12.893000,13.296000,12.831000,13.190000,3720168.3700
2025.04.03,04:00:00,13.191000,13.273000,12.866000,12.946000,2550302.9900
2025.04.03,08:00:00,12.945000,13.063000,12.683000,12.812000,3507271.6000
2025.04.03,12:00:00,12.812000,12.824000,12.293000,12.550000,7607014.6500
2025.04.03,16:00:00,12.551000,12.709000,12.409000,12.639000,2881305.5700
2025.04.03,20:00:00,12.640000,12.900000,12.596000,12.891000,2207008.1200
2025.04.04,00:00:00,12.892000,12.948000,12.649000,12.706000,2433689.9000
2025.04.04,04:00:00,12.705000,13.100000,12.594000,13.065000,3136903.5400
2025.04.04,08:00:00,13.065000,13.183000,12.345000,12.553000,6080775.6700
2025.04.04,12:00:00,12.552000,12.921000,12.432000,12.729000,7419740.8700
2025.04.04,16:00:00,12.729000,13.069000,12.659000,12.919000,4557206.3800
2025.04.04,20:00:00,12.918000,13.084000,12.858000,12.938000,1747501.5500
2025.04.05,00:00:00,12.938000,13.032000,12.836000,12.846000,1530448.9000
2025.04.05,04:00:00,12.846000,12.918000,12.775000,12.872000,1231696.0600
2025.04.05,08:00:00,12.873000,13.047000,12.820000,12.880000,1976386.8500
2025.04.05,12:00:00,12.881000,12.919000,12.566000,12.622000,2689373.4800
2025.04.05,16:00:00,12.623000,12.713000,12.592000,12.608000,1315301.8100
2025.04.05,20:00:00,12.608000,12.869000,12.570000,12.838000,1261281.4300
2025.04.06,00:00:00,12.838000,12.946000,12.709000,12.780000,1473239.6200
2025.04.06,04:00:00,12.780000,12.825000,12.621000,12.646000,1213532.4600
2025.04.06,08:00:00,12.647000,12.699000,12.534000,12.602000,1634491.9500
2025.04.06,12:00:00,12.602000,12.643000,12.056000,12.309000,5406202.3100
2025.04.06,16:00:00,12.308000,12.332000,11.431000,11.572000,9823292.9500
2025.04.06,20:00:00,11.571000,11.631000,10.998000,11.279000,9174571.7700
2025.04.07,00:00:00,11.279000,11.510000,10.794000,10.927000,7196903.5700
2025.04.07,04:00:00,10.926000,11.151000,10.100000,10.346000,12873877.1400
2025.04.07,08:00:00,10.345000,10.945000,10.295000,10.698000,8544328.8100
2025.04.07,12:00:00,10.699000,11.871000,10.657000,11.280000,18937619.5900
2025.04.07,16:00:00,11.280000,11.497000,11.078000,11.324000,9373798.7300
2025.04.07,20:00:00,11.324000,11.658000,11.319000,11.448000,3126152.1300
2025.04.08,00:00:00,11.447000,11.863000,11.352000,11.637000,4224177.0500
2025.04.08,04:00:00,11.638000,11.857000,11.506000,11.601000,4147336.0900
2025.04.08,08:00:00,11.601000,11.801000,11.418000,11.776000,4866028.0400
2025.04.08,12:00:00,11.776000,11.884000,11.366000,11.418000,6931288.2400
2025.04.08,16:00:00,11.417000,11.440000,10.836000,10.906000,9055785.3200
2025.04.08,20:00:00,10.907000,11.084000,10.774000,10.918000,4666615.2900
2025.04.09,00:00:00,10.917000,11.005000,10.437000,10.684000,7291011.3200
2025.04.09,04:00:00,10.682000,11.496000,10.661000,11.374000,9921931.0400
2025.04.09,08:00:00,11.373000,11.483000,11.095000,11.176000,4764093.6700
2025.04.09,12:00:00,11.175000,11.488000,11.045000,11.367000,5626391.1700
2025.04.09,16:00:00,11.368000,12.749000,11.338000,12.600000,12055585.6500
2025.04.09,20:00:00,12.601000,12.819000,12.597000,12.652000,3347808.6700
2025.04.10,00:00:00,12.651000,12.664000,12.158000,12.313000,3718357.9100
2025.04.10,04:00:00,12.312000,12.492000,12.226000,12.318000,3065158.8100
2025.04.10,08:00:00,12.318000,12.442000,12.260000,12.396000,2229633.5700
2025.04.10,12:00:00,12.395000,12.600000,11.770000,11.822000,7473102.9000
2025.04.10,16:00:00,11.822000,12.093000,11.667000,11.991000,5214226.9600
2025.04.10,20:00:00,11.990000,12.118000,11.975000,12.067000,1857325.2300
2025.04.11,00:00:00,12.066000,12.475000,12.020000,12.389000,3633127.4600
2025.04.11,04:00:00,12.390000,12.527000,12.317000,12.389000,2255623.5300
2025.04.11,08:00:00,12.389000,12.695000,12.321000,12.465000,3610995.2300
2025.04.11,12:00:00,12.466000,12.665000,12.361000,12.545000,3759738.1100
2025.04.11,16:00:00,12.546000,12.803000,12.451000,12.703000,2607504.3600
2025.04.11,20:00:00,12.702000,12.899000,12.583000,12.639000,1905100.8100
2025.04.12,00:00:00,12.639000,12.692000,12.464000,12.540000,1573999.0400
2025.04.12,04:00:00,12.539000,12.784000,12.496000,12.764000,1662184.6500
2025.04.12,08:00:00,12.764000,12.941000,12.660000,12.734000,2080632.8300
2025.04.12,12:00:00,12.734000,13.259000,12.707000,13.118000,4674224.7800
2025.04.12,16:00:00,13.116000,13.172000,12.960000,13.078000,2407291.5000
2025.04.12,20:00:00,13.079000,13.279000,13.071000,13.142000,2332202.7300
2025.04.13,00:00:00,13.142000,13.223000,12.976000,13.037000,2077501.3000
2025.04.13,04:00:00,13.037000,13.046000,12.865000,12.918000,1689403.2400
2025.04.13,08:00:00,12.918000,13.157000,12.778000,12.784000,2837086.2200
2025.04.13,12:00:00,12.783000,12.902000,12.593000,12.672000,3396584.8600
2025.04.13,16:00:00,12.671000,13.224000,12.468000,12.665000,5276836.3200
2025.04.13,20:00:00,12.666000,12.807000,12.417000,12.616000,3638399.1300
2025.04.14,00:00:00,12.617000,13.152000,12.573000,12.773000,4437915.1200
2025.04.14,04:00:00,12.774000,12.906000,12.562000,12.724000,2476992.7700
2025.04.14,08:00:00,12.725000,13.238000,12.686000,13.146000,3426860.6200
2025.04.14,12:00:00,13.147000,13.228000,12.655000,12.708000,5143801.9700
2025.04.14,16:00:00,12.706000,13.010000,12.635000,12.861000,3608325.9400
2025.04.14,20:00:00,12.862000,12.877000,12.569000,12.632000,2132269.5800
2025.04.15,00:00:00,12.631000,12.748000,12.515000,12.724000,2925776.4600
2025.04.15,04:00:00,12.725000,12.791000,12.603000,12.722000,2851391.1100
2025.04.15,08:00:00,12.722000,12.786000,12.502000,12.585000,2788068.2600
2025.04.15,12:00:00,12.584000,12.823000,12.281000,12.365000,5695541.2900
2025.04.15,16:00:00,12.365000,12.441000,12.248000,12.357000,2795972.1700
2025.04.15,20:00:00,12.357000,12.435000,12.205000,12.229000,2184411.9400
2025.04.16,00:00:00,12.230000,12.418000,12.167000,12.389000,2569344.1800
2025.04.16,04:00:00,12.390000,12.434000,12.124000,12.153000,2685783.7800
2025.04.16,08:00:00,12.153000,12.304000,12.039000,12.172000,2662389.6300
2025.04.16,12:00:00,12.172000,12.520000,12.029000,12.315000,3897601.4100
2025.04.16,16:00:00,12.315000,12.484000,11.892000,12.380000,6203944.8700
2025.04.16,20:00:00,12.380000,12.510000,12.260000,12.349000,2676589.3500
2025.04.17,00:00:00,12.349000,12.502000,12.294000,12.380000,1764973.7000
2025.04.17,04:00:00,12.379000,12.687000,12.343000,12.598000,2400244.8600
2025.04.17,08:00:00,12.598000,12.620000,12.384000,12.436000,2789444.9200
2025.04.17,12:00:00,12.437000,12.535000,12.193000,12.435000,3521885.8000
2025.04.17,16:00:00,12.435000,12.697000,12.374000,12.484000,3806855.2400
2025.04.17,20:00:00,12.485000,12.620000,12.477000,12.530000,1327662.5000
2025.04.18,00:00:00,12.530000,12.576000,12.395000,12.558000,1755510.8200
2025.04.18,04:00:00,12.558000,12.686000,12.516000,12.635000,1521556.0500
2025.04.18,08:00:00,12.635000,12.717000,12.585000,12.621000,1805507.9100
2025.04.18,12:00:00,12.622000,12.645000,12.453000,12.506000,2721716.3200
2025.04.18,16:00:00,12.506000,12.644000,12.492000,12.626000,1297544.2700
2025.04.18,20:00:00,12.625000,12.652000,12.505000,12.555000,1065772.6200
2025.04.19,00:00:00,12.555000,12.766000,12.529000,12.713000,1529121.6500
2025.04.19,04:00:00,12.713000,12.884000,12.708000,12.855000,2296894.3100
2025.04.19,08:00:00,12.856000,12.924000,12.744000,12.752000,1566554.6100
2025.04.19,12:00:00,12.752000,12.830000,12.704000,12.746000,1560214.9400
2025.04.19,16:00:00,12.746000,13.006000,12.690000,12.930000,2279232.1600
2025.04.19,20:00:00,12.929000,13.050000,12.899000,12.931000,1017040.8000
2025.04.20,00:00:00,12.930000,13.038000,12.903000,13.029000,1317563.4800
2025.04.20,04:00:00,13.030000,13.096000,12.869000,12.973000,1788253.3300
2025.04.20,08:00:00,12.972000,13.136000,12.871000,12.904000,3276908.7500
2025.04.20,12:00:00,12.904000,13.205000,12.899000,13.104000,2750370.3600
2025.04.20,16:00:00,13.103000,13.446000,13.047000,13.400000,2871491.9200
2025.04.20,20:00:00,13.400000,13.595000,13.239000,13.277000,2525939.7400
2025.04.21,00:00:00,13.278000,13.649000,13.255000,13.526000,3336962.4800
2025.04.21,04:00:00,13.526000,13.642000,13.455000,13.635000,2051481.7300
2025.04.21,08:00:00,13.636000,13.687000,13.379000,13.439000,2616333.3200
2025.04.21,12:00:00,13.440000,13.576000,13.317000,13.355000,3094562.2400
2025.04.21,16:00:00,13.355000,13.378000,12.956000,13.124000,4082696.5300
2025.04.21,20:00:00,13.124000,13.144000,13.006000,13.093000,1508942.5200
2025.04.22,00:00:00,13.092000,13.304000,12.851000,13.115000,2859348.3700
2025.04.22,04:00:00,13.115000,13.331000,13.002000,13.279000,2411378.9500
2025.04.22,08:00:00,13.277000,13.515000,13.237000,13.439000,2897858.9000
2025.04.22,12:00:00,13.439000,14.076000,13.393000,13.849000,5959704.7800
2025.04.22,16:00:00,13.849000,13.920000,13.713000,13.845000,2537604.5800
2025.04.22,20:00:00,13.845000,14.185000,13.768000,14.129000,3300131.9300
2025.04.23,00:00:00,14.129000,14.418000,14.013000,14.417000,3236300.6900
2025.04.23,04:00:00,14.417000,14.756000,14.344000,14.733000,3455996.5300
2025.04.23,08:00:00,14.733000,15.146000,14.689000,15.004000,4514156.7300
2025.04.23,12:00:00,15.004000,15.275000,14.586000,14.843000,7367233.0900
2025.04.23,16:00:00,14.843000,15.038000,14.712000,14.855000,3272665.7400
2025.04.23,20:00:00,14.854000,15.149000,14.844000,15.010000,1856751.5900
2025.04.24,00:00:00,15.011000,15.110000,14.559000,14.564000,3068045.8200
2025.04.24,04:00:00,14.564000,14.625000,14.266000,14.313000,3664939.3000
2025.04.24,08:00:00,14.314000,14.449000,14.153000,14.428000,3267206.6600
2025.04.24,12:00:00,14.427000,15.146000,14.356000,14.866000,4865328.1900
2025.04.24,16:00:00,14.867000,15.068000,14.713000,14.944000,3730892.1400
2025.04.24,20:00:00,14.943000,15.098000,14.838000,15.053000,1945211.1700
2025.04.25,00:00:00,15.053000,15.195000,14.701000,14.971000,3175416.6800
2025.04.25,04:00:00,14.970000,15.284000,14.840000,15.104000,3056042.0900
2025.04.25,08:00:00,15.104000,15.295000,14.976000,15.144000,4159092.2600
2025.04.25,12:00:00,15.144000,15.349000,14.810000,15.188000,6266711.6800
2025.04.25,16:00:00,15.187000,15.239000,14.925000,15.051000,2753277.1800
2025.04.25,20:00:00,15.052000,15.075000,14.871000,14.912000,1425416.5800
2025.04.26,00:00:00,14.913000,15.277000,14.913000,15.087000,2040088.0400
2025.04.26,04:00:00,15.086000,15.212000,14.950000,15.081000,1758584.4500
2025.04.26,08:00:00,15.080000,15.254000,14.727000,14.762000,3205574.0700
2025.04.26,12:00:00,14.763000,14.925000,14.664000,14.908000,2610061.1400
2025.04.26,16:00:00,14.908000,14.947000,14.777000,14.879000,1533397.5200
2025.04.26,20:00:00,14.878000,14.962000,14.779000,14.858000,1285146.2200
2025.04.27,00:00:00,14.858000,15.086000,14.588000,14.740000,3481845.7500
2025.04.27,04:00:00,14.740000,14.829000,14.424000,14.546000,2505542.2100
2025.04.27,08:00:00,14.547000,14.653000,14.489000,14.514000,1284140.9300
2025.04.27,12:00:00,14.513000,14.640000,14.346000,14.466000,2744803.5200
2025.04.27,16:00:00,14.466000,14.811000,14.377000,14.804000,2081233.5600
2025.04.27,20:00:00,14.805000,14.812000,14.545000,14.548000,1489648.0400
2025.04.28,00:00:00,14.548000,14.858000,14.232000,14.831000,4141757.3500
2025.04.28,04:00:00,14.832000,15.027000,14.732000,15.009000,2916621.7600
2025.04.28,08:00:00,15.010000,15.100000,14.790000,14.960000,3084704.6000
2025.04.28,12:00:00,14.959000,14.967000,14.433000,14.537000,3648542.7700
2025.04.28,16:00:00,14.537000,15.007000,14.403000,14.947000,3262313.2900
2025.04.28,20:00:00,14.946000,15.102000,14.790000,15.018000,1888611.3900
2025.04.29,00:00:00,15.018000,15.233000,14.925000,15.058000,3018147.7100
2025.04.29,04:00:00,15.057000,15.195000,14.835000,15.159000,2246254.8500
2025.04.29,08:00:00,15.159000,15.218000,14.987000,15.018000,2570314.2600
2025.04.29,12:00:00,15.019000,15.034000,14.828000,14.893000,2899296.1200
2025.04.29,16:00:00,14.892000,15.004000,14.767000,14.856000,2020966.4500
2025.04.29,20:00:00,14.855000,14.886000,14.466000,14.589000,2489480.2100
2025.04.30,00:00:00,14.588000,14.746000,14.488000,14.709000,1529635.9600
2025.04.30,04:00:00,14.709000,14.727000,14.451000,14.518000,1175667.1000
2025.04.30,08:00:00,14.518000,14.661000,14.450000,14.620000,1399516.0100
2025.04.30,12:00:00,14.620000,14.622000,13.813000,14.115000,5908313.7200
2025.04.30,16:00:00,14.114000,14.367000,13.984000,14.202000,2360002.2700
2025.04.30,20:00:00,14.204000,14.423000,14.191000,14.284000,1488764.3900
2025.05.01,00:00:00,14.284000,14.671000,14.283000,14.528000,1953906.0300
2025.05.01,04:00:00,14.528000,14.743000,14.474000,14.715000,1473565.3300
2025.05.01,08:00:00,14.716000,15.018000,14.694000,14.976000,2725769.3000
2025.05.01,12:00:00,14.975000,15.034000,14.700000,14.858000,3256448.6200
2025.05.01,16:00:00,14.857000,15.008000,14.822000,14.839000,1854538.9300
2025.05.01,20:00:00,14.837000,14.948000,14.724000,14.739000,1543395.2600
2025.05.02,00:00:00,14.739000,15.025000,14.688000,14.866000,2638144.2900
2025.05.02,04:00:00,14.867000,14.897000,14.545000,14.556000,1893822.0800
2025.05.02,08:00:00,14.557000,14.759000,14.546000,14.586000,1693117.5500
2025.05.02,12:00:00,14.585000,14.863000,14.482000,14.773000,3350054.9200
2025.05.02,16:00:00,14.773000,15.012000,14.602000,14.632000,2189867.8600
2025.05.02,20:00:00,14.632000,14.796000,14.565000,14.650000,1234576.2300
2025.05.03,00:00:00,14.650000,14.662000,14.484000,14.519000,1207763.6200
2025.05.03,04:00:00,14.518000,14.539000,14.353000,14.385000,1355458.0500
2025.05.03,08:00:00,14.385000,14.417000,14.270000,14.295000,1556547.6800
2025.05.03,12:00:00,14.294000,14.520000,14.292000,14.411000,1660658.4900
2025.05.03,16:00:00,14.411000,14.417000,14.144000,14.365000,2089262.8300
2025.05.03,20:00:00,14.365000,14.438000,14.222000,14.241000,1472793.9700
2025.05.04,00:00:00,14.240000,14.360000,14.145000,14.170000,1649173.9000
2025.05.04,04:00:00,14.170000,14.256000,14.058000,14.118000,1603840.5400
2025.05.04,08:00:00,14.119000,14.125000,13.965000,14.040000,1801510.1900
2025.05.04,12:00:00,14.039000,14.172000,13.981000,14.095000,1647944.5500
2025.05.04,16:00:00,14.095000,14.125000,13.955000,14.014000,1520087.7600
2025.05.04,20:00:00,14.014000,14.184000,13.800000,13.848000,2225054.0000
2025.05.05,00:00:00,13.849000,14.015000,13.754000,13.875000,2406149.6500
2025.05.05,04:00:00,13.876000,14.193000,13.842000,14.107000,1930658.7000
2025.05.05,08:00:00,14.108000,14.145000,13.651000,13.728000,3428258.0700
2025.05.05,12:00:00,13.728000,13.815000,13.516000,13.558000,3990960.1400
2025.05.05,16:00:00,13.557000,13.807000,13.541000,13.625000,2269857.5700
2025.05.05,20:00:00,13.626000,13.756000,13.470000,13.632000,1901326.1300
2025.05.06,00:00:00,13.633000,13.672000,13.393000,13.586000,2025489.1500
2025.05.06,04:00:00,13.587000,13.621000,13.486000,13.515000,1428162.9300
2025.05.06,08:00:00,13.515000,13.517000,13.218000,13.281000,2810171.9600
2025.05.06,12:00:00,13.281000,13.496000,13.198000,13.375000,2942639.5300
2025.05.06,16:00:00,13.376000,13.686000,13.311000,13.606000,2619151.1600
2025.05.06,20:00:00,13.606000,13.881000,13.319000,13.816000,3865154.0600
2025.05.07,00:00:00,13.816000,14.077000,13.775000,13.916000,3471294.8600
2025.05.07,04:00:00,13.917000,13.995000,13.652000,13.917000,2499945.2900
2025.05.07,08:00:00,13.917000,13.977000,13.807000,13.855000,2432744.3200
2025.05.07,12:00:00,13.856000,13.869000,13.568000,13.585000,2546551.2000
2025.05.07,16:00:00,13.585000,13.700000,13.454000,13.549000,4129126.2500
2025.05.07,20:00:00,13.550000,13.908000,13.524000,13.810000,1887279.2800
2025.05.08,00:00:00,13.810000,14.497000,13.800000,14.485000,4363816.9200
2025.05.08,04:00:00,14.484000,14.726000,14.459000,14.678000,3607003.2200
2025.05.08,08:00:00,14.678000,14.960000,14.665000,14.884000,3563877.1800
2025.05.08,12:00:00,14.885000,15.415000,14.794000,15.220000,6412831.6900
2025.05.08,16:00:00,15.219000,15.599000,15.164000,15.535000,5717528.5400
2025.05.08,20:00:00,15.536000,15.990000,15.469000,15.883000,5934996.3300
2025.05.09,00:00:00,15.882000,15.953000,15.642000,15.681000,3911548.6700
2025.05.09,04:00:00,15.680000,16.275000,15.581000,16.096000,4994960.0500
2025.05.09,08:00:00,16.096000,16.777000,15.832000,16.217000,9890666.6400
2025.05.09,12:00:00,16.216000,16.381000,15.748000,15.957000,6524642.9700
2025.05.09,16:00:00,15.958000,16.188000,15.735000,15.998000,3761661.7300
2025.05.09,20:00:00,15.998000,16.082000,15.908000,16.009000,1772607.5500
2025.05.10,00:00:00,16.010000,16.292000,15.853000,16.051000,3810196.6100
2025.05.10,04:00:00,16.050000,16.410000,15.891000,16.349000,3503045.5400
2025.05.10,08:00:00,16.350000,16.492000,16.022000,16.082000,4487695.2700
2025.05.10,12:00:00,16.083000,16.509000,16.083000,16.415000,3478478.5000
2025.05.10,16:00:00,16.415000,16.994000,16.394000,16.769000,5103686.1000
2025.05.10,20:00:00,16.769000,17.465000,16.628000,17.332000,5092712.3000
2025.05.11,00:00:00,17.332000,17.434000,16.790000,16.939000,5796279.6500
2025.05.11,04:00:00,16.938000,17.027000,16.292000,16.446000,4452549.6600
2025.05.11,08:00:00,16.444000,16.679000,16.371000,16.657000,2857362.6900
2025.05.11,12:00:00,16.657000,16.832000,16.400000,16.608000,3948170.2800
2025.05.11,16:00:00,16.607000,17.067000,16.415000,16.934000,3535526.1000
2025.05.11,20:00:00,16.933000,17.150000,16.838000,17.104000,2534408.6300
2025.05.12,00:00:00,17.104000,17.343000,16.781000,17.152000,3982403.3900
2025.05.12,04:00:00,17.152000,17.976000,16.930000,17.501000,5085778.7400
2025.05.12,08:00:00,17.502000,17.628000,17.099000,17.127000,4642431.1200
2025.05.12,12:00:00,17.125000,17.575000,16.662000,16.829000,8690332.6400
2025.05.12,16:00:00,16.829000,17.020000,16.004000,16.522000,6991381.2900
2025.05.12,20:00:00,16.521000,16.829000,16.391000,16.722000,2498190.1300
2025.05.13,00:00:00,16.723000,16.730000,16.042000,16.062000,5002407.2700
2025.05.13,04:00:00,16.062000,16.559000,16.022000,16.406000,2864820.8200
2025.05.13,08:00:00,16.407000,16.765000,16.353000,16.656000,3022263.2600
2025.05.13,12:00:00,16.656000,16.885000,16.508000,16.863000,5804044.7100
2025.05.13,16:00:00,16.864000,17.805000,16.827000,17.613000,5688551.5400
2025.05.13,20:00:00,17.612000,17.746000,17.329000,17.385000,3614302.0000
2025.05.14,00:00:00,17.385000,17.528000,17.058000,17.223000,3939615.6500
2025.05.14,04:00:00,17.223000,17.449000,17.108000,17.188000,2546032.1900
2025.05.14,08:00:00,17.188000,17.247000,16.796000,17.112000,3832187.4100
2025.05.14,12:00:00,17.113000,17.263000,16.749000,16.998000,6774874.1100
2025.05.14,16:00:00,16.999000,17.094000,16.666000,17.012000,3167482.8700
2025.05.14,20:00:00,17.013000,17.109000,16.782000,17.005000,1902376.2200
2025.05.15,00:00:00,17.005000,17.200000,16.675000,16.707000,2726039.4500
2025.05.15,04:00:00,16.707000,16.825000,16.170000,16.190000,3928924.3100
2025.05.15,08:00:00,16.189000,16.542000,16.070000,16.302000,3746984.5100
2025.05.15,12:00:00,16.301000,16.468000,15.830000,16.439000,5433553.8600
2025.05.15,16:00:00,16.437000,16.702000,15.979000,16.168000,4521472.7600
2025.05.15,20:00:00,16.169000,16.300000,15.678000,16.033000,4141211.5300
2025.05.16,00:00:00,16.033000,16.332000,15.912000,16.291000,3114604.8000
2025.05.16,04:00:00,16.292000,16.487000,16.143000,16.340000,2456692.8600
2025.05.16,08:00:00,16.340000,16.535000,16.019000,16.348000,3227710.9500
2025.05.16,12:00:00,16.347000,16.381000,16.072000,16.247000,3107758.8400
2025.05.16,16:00:00,16.246000,16.324000,15.968000,16.051000,2528138.8100
2025.05.16,20:00:00,16.050000,16.085000,15.599000,15.748000,2796531.8300
2025.05.17,00:00:00,15.749000,15.789000,15.230000,15.507000,4208300.8200
2025.05.17,04:00:00,15.507000,15.620000,15.318000,15.398000,1867432.5300
2025.05.17,08:00:00,15.398000,15.471000,15.241000,15.303000,2202693.9100
2025.05.17,12:00:00,15.303000,15.410000,15.112000,15.300000,2604878.6400
2025.05.17,16:00:00,15.300000,15.425000,15.063000,15.234000,3031965.9400
2025.05.17,20:00:00,15.233000,15.487000,15.130000,15.316000,2305812.7600
2025.05.18,00:00:00,15.316000,15.437000,15.252000,15.353000,1938480.0600
2025.05.18,04:00:00,15.354000,15.736000,15.350000,15.726000,1960119.2500
2025.05.18,08:00:00,15.726000,15.868000,15.621000,15.625000,2184832.2000
2025.05.18,12:00:00,15.626000,16.352000,15.545000,16.340000,4751092.1700
2025.05.18,16:00:00,16.341000,16.393000,15.151000,15.170000,7150632.6200
2025.05.18,20:00:00,15.169000,15.953000,14.864000,15.863000,5226583.9300
2025.05.19,00:00:00,15.864000,15.996000,15.112000,15.133000,4082420.7900
2025.05.19,04:00:00,15.133000,15.280000,14.832000,15.176000,3815314.8800
2025.05.19,08:00:00,15.175000,15.290000,15.084000,15.197000,2322984.5000
2025.05.19,12:00:00,15.197000,15.504000,15.000000,15.460000,3894631.8000
2025.05.19,16:00:00,15.460000,15.913000,15.345000,15.774000,5782862.1200
2025.05.19,20:00:00,15.773000,15.841000,15.644000,15.779000,2075211.2500
2025.05.20,00:00:00,15.779000,16.413000,15.657000,16.122000,5044397.7500
2025.05.20,04:00:00,16.122000,16.283000,15.888000,15.938000,2876321.0800
2025.05.20,08:00:00,15.936000,16.030000,15.527000,15.663000,3079566.8300
2025.05.20,12:00:00,15.663000,15.670000,15.410000,15.524000,3740613.8000
2025.05.20,16:00:00,15.524000,15.668000,15.228000,15.590000,3387244.2800
2025.05.20,20:00:00,15.594000,15.809000,15.496000,15.695000,2836892.4600
2025.05.21,00:00:00,15.695000,15.928000,15.500000,15.857000,2863477.3200
2025.05.21,04:00:00,15.858000,16.083000,15.783000,15.836000,4625132.0600
2025.05.21,08:00:00,15.835000,16.238000,15.566000,15.868000,5141112.3500
2025.05.21,12:00:00,15.867000,16.166000,15.612000,16.104000,5950990.5200
2025.05.21,16:00:00,16.106000,16.481000,15.533000,15.954000,8756168.1300
2025.05.21,20:00:00,15.952000,16.327000,15.754000,16.094000,3384380.4300
2025.05.22,00:00:00,16.095000,16.518000,16.023000,16.404000,3631006.0400
2025.05.22,04:00:00,16.405000,16.483000,16.204000,16.412000,2804068.9400
2025.05.22,08:00:00,16.412000,16.747000,16.388000,16.608000,3876560.6700
2025.05.22,12:00:00,16.607000,16.888000,16.373000,16.798000,4771546.9800
2025.05.22,16:00:00,16.798000,16.906000,16.616000,16.655000,2586694.3400
2025.05.22,20:00:00,16.656000,16.777000,16.524000,16.733000,2398366.0000
2025.05.23,00:00:00,16.734000,17.154000,16.584000,17.122000,3855932.9600
2025.05.23,04:00:00,17.122000,17.145000,16.551000,16.665000,3245958.0500
2025.05.23,08:00:00,16.665000,17.122000,16.208000,16.300000,5888636.8400
2025.05.23,12:00:00,16.302000,16.474000,15.770000,16.195000,10931953.4400
2025.05.23,16:00:00,16.196000,16.369000,16.019000,16.040000,2877631.1200
2025.05.23,20:00:00,16.039000,16.041000,15.410000,15.528000,3712021.3700
2025.05.24,00:00:00,15.528000,15.799000,15.440000,15.733000,2599524.6100
2025.05.24,04:00:00,15.732000,15.877000,15.634000,15.672000,1787481.2000
2025.05.24,08:00:00,15.672000,15.896000,15.616000,15.749000,1816150.2900
2025.05.24,12:00:00,15.750000,15.796000,15.577000,15.629000,1690637.4100
2025.05.24,16:00:00,15.628000,15.686000,15.415000,15.493000,1643873.5600
2025.05.24,20:00:00,15.493000,15.508000,15.236000,15.329000,1845185.0900
2025.05.25,00:00:00,15.329000,15.494000,15.100000,15.452000,2803182.7700
2025.05.25,04:00:00,15.452000,15.466000,15.253000,15.285000,1220245.0700
2025.05.25,08:00:00,15.286000,15.286000,15.053000,15.137000,2134313.9600
2025.05.25,12:00:00,15.138000,15.306000,14.853000,15.018000,3203866.4100
2025.05.25,16:00:00,15.019000,15.175000,14.869000,15.118000,1634038.1200
2025.05.25,20:00:00,15.119000,15.548000,14.994000,15.523000,2491215.3300
2025.05.26,00:00:00,15.524000,15.793000,15.477000,15.685000,2672332.3600
2025.05.26,04:00:00,15.684000,15.923000,15.576000,15.922000,2011906.3100
2025.05.26,08:00:00,15.923000,15.950000,15.682000,15.730000,1795987.6800
2025.05.26,12:00:00,15.730000,15.800000,15.411000,15.752000,2881699.5000
2025.05.26,16:00:00,15.753000,15.815000,15.373000,15.475000,2168603.7500
2025.05.26,20:00:00,15.475000,15.668000,15.402000,15.524000,1794472.0500
2025.05.27,00:00:00,15.524000,15.593000,15.144000,15.445000,2654237.4300
2025.05.27,04:00:00,15.445000,15.894000,15.426000,15.834000,2664964.5000
2025.05.27,08:00:00,15.835000,15.972000,15.822000,15.943000,2405328.6500
2025.05.27,12:00:00,15.943000,16.097000,15.710000,15.987000,3710063.3000
2025.05.27,16:00:00,15.987000,16.122000,15.862000,15.923000,2269999.2000
2025.05.27,20:00:00,15.923000,16.013000,15.774000,15.901000,1680353.7300
2025.05.28,00:00:00,15.901000,16.050000,15.702000,16.022000,2144800.0500
2025.05.28,04:00:00,16.022000,16.144000,15.773000,15.868000,2153433.0900
2025.05.28,08:00:00,15.869000,15.998000,15.727000,15.969000,2087934.4700
2025.05.28,12:00:00,15.970000,16.092000,15.421000,15.437000,4198492.6300
2025.05.28,16:00:00,15.438000,15.666000,15.299000,15.309000,2515942.3200
2025.05.28,20:00:00,15.309000,15.756000,15.301000,15.682000,2035716.6500
2025.05.29,00:00:00,15.682000,16.186000,15.582000,16.018000,4087399.1000
2025.05.29,04:00:00,16.017000,16.059000,15.651000,15.782000,2926257.8500
2025.05.29,08:00:00,15.783000,15.919000,15.700000,15.849000,2270259.3500
2025.05.29,12:00:00,15.848000,15.848000,15.297000,15.342000,4567313.6700
2025.05.29,16:00:00,15.343000,15.490000,15.128000,15.188000,3994005.1000
2025.05.29,20:00:00,15.187000,15.289000,14.962000,15.034000,2443617.3800
2025.05.30,00:00:00,15.034000,15.110000,14.134000,14.694000,7283565.3500
2025.05.30,04:00:00,14.694000,14.754000,14.423000,14.489000,2612697.1400
2025.05.30,08:00:00,14.489000,14.578000,14.281000,14.526000,3062940.0300
2025.05.30,12:00:00,14.526000,14.590000,14.225000,14.235000,3722857.2500
2025.05.30,16:00:00,14.236000,14.339000,13.800000,14.258000,5377459.1000
2025.05.30,20:00:00,14.257000,14.269000,13.750000,13.878000,3435531.1200
2025.05.31,00:00:00,13.879000,13.925000,13.387000,13.551000,5713828.5900
2025.05.31,04:00:00,13.551000,13.741000,13.418000,13.692000,2316735.6000
2025.05.31,08:00:00,13.693000,13.885000,13.611000,13.660000,2361445.0100
2025.05.31,12:00:00,13.660000,14.014000,13.645000,13.869000,2721363.0200
2025.05.31,16:00:00,13.869000,14.171000,13.828000,14.113000,2233165.4400
2025.05.31,20:00:00,14.114000,14.180000,13.946000,13.960000,1817364.7300
2025.06.01,00:00:00,13.960000,13.974000,13.737000,13.831000,2342832.9500
2025.06.01,04:00:00,13.832000,13.986000,13.792000,13.856000,1533364.2300
2025.06.01,08:00:00,13.856000,13.879000,13.571000,13.801000,2724078.7100
2025.06.01,12:00:00,13.801000,13.956000,13.691000,13.932000,1925775.6100
2025.06.01,16:00:00,13.931000,14.090000,13.776000,13.999000,2688346.2500
2025.06.01,20:00:00,13.999000,14.115000,13.932000,14.054000,1486057.7700
2025.06.02,00:00:00,14.054000,14.078000,13.795000,13.858000,1567458.3800
2025.06.02,04:00:00,13.858000,13.982000,13.775000,13.878000,1316864.5800
2025.06.02,08:00:00,13.877000,13.959000,13.637000,13.674000,2496409.8400
2025.06.02,12:00:00,13.673000,13.822000,13.620000,13.701000,3334528.2000
2025.06.02,16:00:00,13.702000,13.836000,13.580000,13.667000,2331696.1900
2025.06.02,20:00:00,13.667000,14.114000,13.666000,14.071000,2835162.6500
2025.06.03,00:00:00,14.072000,14.437000,14.027000,14.139000,3507729.4600
2025.06.03,04:00:00,14.139000,14.216000,14.038000,14.122000,1693394.9100
2025.06.03,08:00:00,14.121000,14.159000,13.994000,14.074000,1880501.3200
2025.06.03,12:00:00,14.074000,14.429000,14.032000,14.321000,3782123.9500
2025.06.03,16:00:00,14.321000,14.397000,14.209000,14.347000,2048140.1800
2025.06.03,20:00:00,14.347000,14.353000,13.952000,14.103000,2320163.2000
2025.06.04,00:00:00,14.103000,14.391000,14.048000,14.329000,2176965.0700
2025.06.04,04:00:00,14.329000,14.406000,14.218000,14.281000,1695162.8400
2025.06.04,08:00:00,14.282000,14.469000,14.181000,14.188000,2418435.2000
2025.06.04,12:00:00,14.189000,14.224000,13.953000,14.167000,3804468.6700
2025.06.04,16:00:00,14.166000,14.174000,13.880000,13.889000,2205540.1600
2025.06.04,20:00:00,13.888000,13.942000,13.707000,13.826000,2301440.1700
2025.06.05,00:00:00,13.826000,13.955000,13.727000,13.878000,1767755.5800
2025.06.05,04:00:00,13.878000,13.937000,13.701000,13.742000,2064954.4300
2025.06.05,08:00:00,13.743000,13.832000,13.620000,13.755000,2018444.3900
2025.06.05,12:00:00,13.756000,14.030000,13.518000,13.704000,5019924.4500
2025.06.05,16:00:00,13.705000,13.718000,13.071000,13.188000,5858996.6500
2025.06.05,20:00:00,13.187000,13.234000,12.633000,12.876000,7929686.5700
2025.06.06,00:00:00,12.876000,13.185000,12.812000,13.181000,2265978.3300
2025.06.06,04:00:00,13.180000,13.261000,13.086000,13.166000,1712908.4100
2025.06.06,08:00:00,13.166000,13.268000,13.145000,13.207000,2154887.9500
2025.06.06,12:00:00,13.207000,13.670000,13.191000,13.530000,5311867.3700
2025.06.06,16:00:00,13.530000,13.607000,13.409000,13.470000,2380701.5100
2025.06.06,20:00:00,13.470000,13.606000,13.437000,13.562000,1500258.3400
2025.06.07,00:00:00,13.562000,13.829000,13.470000,13.794000,2195669.4200
2025.06.07,04:00:00,13.795000,14.058000,13.737000,14.020000,2467139.2700
2025.06.07,08:00:00,14.020000,14.068000,13.904000,13.981000,2284389.4900
2025.06.07,12:00:00,13.980000,14.075000,13.889000,13.930000,2143620.1800
2025.06.07,16:00:00,13.930000,13.953000,13.754000,13.804000,1752746.9700
2025.06.07,20:00:00,13.803000,13.902000,13.757000,13.814000,1246732.9200
2025.06.08,00:00:00,13.814000,13.852000,13.738000,13.779000,1096551.0600
2025.06.08,04:00:00,13.780000,13.823000,13.715000,13.728000,1016530.7000
2025.06.08,08:00:00,13.729000,13.772000,13.531000,13.752000,2317460.9500
2025.06.08,12:00:00,13.752000,13.877000,13.671000,13.745000,1825572.6200
2025.06.08,16:00:00,13.745000,13.901000,13.745000,13.899000,1358510.0200
2025.06.08,20:00:00,13.900000,13.969000,13.658000,13.712000,2209695.0300
2025.06.09,00:00:00,13.713000,13.785000,13.615000,13.701000,1864619.0700
2025.06.09,04:00:00,13.700000,13.721000,13.530000,13.655000,1325721.6000
2025.06.09,08:00:00,13.654000,13.947000,13.560000,13.896000,3224431.8300
2025.06.09,12:00:00,13.897000,14.003000,13.752000,13.925000,2623805.1700
2025.06.09,16:00:00,13.924000,14.088000,13.924000,14.005000,2374196.8400
2025.06.09,20:00:00,14.005000,14.403000,14.005000,14.346000,3710968.0500
2025.06.10,00:00:00,14.346000,14.621000,14.324000,14.468000,4146277.2500
2025.06.10,04:00:00,14.469000,14.562000,14.318000,14.474000,2775069.7200
2025.06.10,08:00:00,14.474000,15.227000,14.416000,15.159000,6118331.0300
2025.06.10,12:00:00,15.159000,15.373000,14.800000,15.091000,7421013.5200
2025.06.10,16:00:00,15.090000,15.529000,15.034000,15.269000,9434602.0900
2025.06.10,20:00:00,15.270000,15.459000,15.121000,15.445000,2834778.4500
2025.06.11,00:00:00,15.445000,15.508000,15.125000,15.288000,2996299.7500
2025.06.11,04:00:00,15.288000,15.453000,15.187000,15.391000,2354833.3500
2025.06.11,08:00:00,15.391000,15.504000,15.059000,15.168000,6016459.0300
2025.06.11,12:00:00,15.167000,15.651000,15.073000,15.611000,6242713.6700
2025.06.11,16:00:00,15.611000,15.634000,15.080000,15.138000,4290793.0900
2025.06.11,20:00:00,15.138000,15.245000,14.764000,14.886000,3380234.5900
2025.06.12,00:00:00,14.886000,14.919000,14.578000,14.645000,3032705.5600
2025.06.12,04:00:00,14.646000,14.666000,14.406000,14.418000,3098110.3700
2025.06.12,08:00:00,14.418000,14.475000,14.037000,14.113000,7577438.3700
2025.06.12,12:00:00,14.114000,14.503000,14.076000,14.245000,4922901.7300
2025.06.12,16:00:00,14.245000,14.568000,14.079000,14.125000,3964552.5800
2025.06.12,20:00:00,14.124000,14.179000,13.825000,13.965000,4777907.5300
2025.06.13,00:00:00,13.965000,13.979000,12.754000,13.238000,13048501.1700
2025.06.13,04:00:00,13.238000,13.284000,13.018000,13.227000,3327036.9900
2025.06.13,08:00:00,13.227000,13.394000,13.115000,13.311000,2868262.8600
2025.06.13,12:00:00,13.312000,13.476000,13.097000,13.400000,4300563.3700
2025.06.13,16:00:00,13.401000,13.593000,13.022000,13.122000,4763581.6800
2025.06.13,20:00:00,13.124000,13.446000,13.080000,13.432000,1859665.5900
2025.06.14,00:00:00,13.433000,13.453000,13.232000,13.251000,1947165.6800
2025.06.14,04:00:00,13.252000,13.327000,13.119000,13.202000,1562432.3100
2025.06.14,08:00:00,13.201000,13.208000,13.078000,13.147000,1538916.2000
2025.06.14,12:00:00,13.146000,13.184000,12.938000,12.989000,2260383.0200
2025.06.14,16:00:00,12.990000,13.075000,12.823000,12.982000,3743769.2100
2025.06.14,20:00:00,12.983000,13.198000,12.907000,13.141000,1675301.4300
2025.06.15,00:00:00,13.142000,13.264000,13.131000,13.216000,1250769.0600
2025.06.15,04:00:00,13.215000,13.318000,13.106000,13.146000,1880161.0400
2025.06.15,08:00:00,13.146000,13.156000,13.016000,13.072000,1496139.6500
2025.06.15,12:00:00,13.072000,13.300000,13.048000,13.167000,2649617.4000
2025.06.15,16:00:00,13.168000,13.234000,13.090000,13.131000,1992973.2900
2025.06.15,20:00:00,13.131000,13.310000,12.982000,13.289000,2768625.0500
2025.06.16,00:00:00,13.289000,13.477000,13.163000,13.374000,2418869.5500
2025.06.16,04:00:00,13.374000,13.731000,13.365000,13.681000,2550988.1200
2025.06.16,08:00:00,13.681000,13.745000,13.549000,13.675000,2191158.8900
2025.06.16,12:00:00,13.674000,13.884000,13.618000,13.793000,3641837.6800
2025.06.16,16:00:00,13.793000,14.084000,13.780000,14.052000,2755979.7400
2025.06.16,20:00:00,14.053000,14.156000,13.517000,13.558000,5261270.5400
2025.06.17,00:00:00,13.559000,13.776000,13.301000,13.664000,5455942.7400
2025.06.17,04:00:00,13.665000,13.725000,13.458000,13.488000,2103544.0900
2025.06.17,08:00:00,13.488000,13.505000,13.193000,13.251000,2799279.4100
2025.06.17,12:00:00,13.251000,13.354000,12.925000,13.044000,4504298.0300
2025.06.17,16:00:00,13.044000,13.240000,12.796000,13.152000,4982465.3100
2025.06.17,20:00:00,13.152000,13.191000,12.848000,12.980000,2533880.9100
2025.06.18,00:00:00,12.981000,13.147000,12.953000,13.068000,2013998.2300
2025.06.18,04:00:00,13.067000,13.217000,13.018000,13.089000,1797545.1700
2025.06.18,08:00:00,13.088000,13.126000,12.677000,12.850000,3241025.2600
2025.06.18,12:00:00,12.850000,12.997000,12.623000,12.888000,4783916.2400
2025.06.18,16:00:00,12.887000,12.933000,12.680000,12.765000,4176566.1300
2025.06.18,20:00:00,12.765000,13.145000,12.731000,13.106000,2602674.0400
2025.06.19,00:00:00,13.107000,13.243000,13.013000,13.195000,2204882.9600
2025.06.19,04:00:00,13.195000,13.277000,13.116000,13.120000,2307531.7900
2025.06.19,08:00:00,13.120000,13.369000,13.119000,13.165000,2437013.5100
2025.06.19,12:00:00,13.166000,13.214000,12.928000,12.948000,3545254.3300
2025.06.19,16:00:00,12.948000,13.162000,12.904000,13.015000,2453294.6800
2025.06.19,20:00:00,13.016000,13.147000,12.987000,13.063000,1474417.1200
2025.06.20,00:00:00,13.064000,13.112000,12.987000,12.990000,1298728.9900
2025.06.20,04:00:00,12.991000,13.184000,12.875000,13.170000,1973226.1700
2025.06.20,08:00:00,13.171000,13.274000,13.068000,13.128000,2538485.3300
2025.06.20,12:00:00,13.128000,13.241000,12.817000,12.895000,3875769.9600
2025.06.20,16:00:00,12.896000,12.905000,12.289000,12.566000,7248470.7500
2025.06.20,20:00:00,12.565000,12.720000,12.359000,12.499000,2648785.1000
2025.06.21,00:00:00,12.499000,12.726000,12.483000,12.677000,1565124.0300
2025.06.21,04:00:00,12.677000,12.705000,12.572000,12.634000,1542026.4600
2025.06.21,08:00:00,12.633000,12.739000,12.622000,12.668000,1456924.9900
2025.06.21,12:00:00,12.667000,12.693000,12.391000,12.488000,2467798.4200
2025.06.21,16:00:00,12.489000,12.551000,12.177000,12.190000,3455444.3000
2025.06.21,20:00:00,12.189000,12.328000,11.645000,12.014000,7425560.9700
2025.06.22,00:00:00,12.017000,12.190000,11.822000,11.898000,4718722.0700
2025.06.22,04:00:00,11.898000,12.092000,11.864000,11.961000,2497084.0200
2025.06.22,08:00:00,11.962000,12.003000,11.768000,11.887000,3204385.2200
2025.06.22,12:00:00,11.886000,11.967000,11.285000,11.433000,11767938.2200
2025.06.22,16:00:00,11.433000,11.578000,11.201000,11.221000,4989478.2700
2025.06.22,20:00:00,11.221000,11.664000,10.923000,11.648000,6631658.7900
2025.06.23,00:00:00,11.648000,11.762000,11.548000,11.631000,2695747.3400
2025.06.23,04:00:00,11.633000,11.913000,11.621000,11.847000,2468872.4900
2025.06.23,08:00:00,11.847000,11.904000,11.745000,11.839000,2274977.1800
2025.06.23,12:00:00,11.839000,12.094000,11.686000,11.749000,6141772.8100
2025.06.23,16:00:00,11.749000,12.182000,11.395000,12.138000,9626932.1900
2025.06.23,20:00:00,12.140000,12.936000,12.106000,12.818000,7277237.6100
2025.06.24,00:00:00,12.819000,13.062000,12.774000,12.944000,4428255.7500
2025.06.24,04:00:00,12.943000,13.314000,12.910000,13.024000,4530668.0500
2025.06.24,08:00:00,13.024000,13.279000,12.932000,13.149000,4195520.4500
2025.06.24,12:00:00,13.149000,13.440000,13.060000,13.347000,8245628.4500
2025.06.24,16:00:00,13.347000,13.726000,13.253000,13.334000,6075310.1000
2025.06.24,20:00:00,13.334000,13.412000,13.272000,13.405000,2147824.2800
2025.06.25,00:00:00,13.405000,13.503000,13.280000,13.349000,2862945.0600
2025.06.25,04:00:00,13.350000,13.463000,13.246000,13.448000,2546662.4800
2025.06.25,08:00:00,13.447000,13.472000,13.186000,13.274000,3097857.2800
2025.06.25,12:00:00,13.274000,13.320000,13.015000,13.052000,5932914.8600
2025.06.25,16:00:00,13.051000,13.241000,12.983000,13.223000,2607080.7000
2025.06.25,20:00:00,13.222000,13.299000,13.030000,13.133000,1479386.5900
2025.06.26,00:00:00,13.134000,13.554000,13.060000,13.334000,3374332.6500
2025.06.26,04:00:00,13.335000,13.425000,13.191000,13.366000,1757504.2500
2025.06.26,08:00:00,13.366000,13.447000,13.134000,13.188000,2343777.7500
2025.06.26,12:00:00,13.188000,13.194000,12.931000,13.108000,4392925.7300
2025.06.26,16:00:00,13.107000,13.159000,12.983000,13.107000,2496159.9500
2025.06.26,20:00:00,13.107000,13.274000,12.869000,12.930000,2589270.9600
2025.06.27,00:00:00,12.930000,13.159000,12.758000,13.121000,2353552.7100
2025.06.27,04:00:00,13.121000,13.228000,12.995000,13.017000,1907136.0000
2025.06.27,08:00:00,13.018000,13.198000,13.005000,13.036000,2650991.1500
2025.06.27,12:00:00,13.037000,13.114000,12.858000,13.037000,3224091.7600
2025.06.27,16:00:00,13.038000,13.179000,12.719000,12.872000,3712828.8200
2025.06.27,20:00:00,12.871000,13.064000,12.850000,13.044000,1608777.1700
2025.06.28,00:00:00,13.045000,13.176000,12.991000,13.149000,1496577.4800
2025.06.28,04:00:00,13.150000,13.172000,13.079000,13.162000,1074360.3900
2025.06.28,08:00:00,13.162000,13.188000,13.088000,13.092000,1093666.1300
2025.06.28,12:00:00,13.092000,13.283000,13.041000,13.270000,1422309.8100
2025.06.28,16:00:00,13.269000,13.400000,13.215000,13.300000,2422977.0800
2025.06.28,20:00:00,13.299000,13.440000,13.280000,13.390000,1106712.4900
2025.06.29,00:00:00,13.390000,13.439000,13.268000,13.274000,1316835.4100
2025.06.29,04:00:00,13.275000,13.436000,13.254000,13.436000,1159852.1400
2025.06.29,08:00:00,13.436000,13.473000,13.373000,13.441000,1562981.7500
2025.06.29,12:00:00,13.441000,13.450000,13.257000,13.274000,1657809.5700
2025.06.29,16:00:00,13.273000,13.412000,13.236000,13.339000,1519503.5000
2025.06.29,20:00:00,13.339000,13.870000,13.248000,13.701000,4302581.4500
2025.06.30,00:00:00,13.702000,13.772000,13.470000,13.482000,2502884.7400
2025.06.30,04:00:00,13.482000,13.496000,13.184000,13.330000,2930564.7200
2025.06.30,08:00:00,13.330000,13.359000,13.163000,13.193000,2229701.2300
2025.06.30,12:00:00,13.193000,13.455000,13.116000,13.369000,5294362.8800
2025.06.30,16:00:00,13.370000,13.634000,13.250000,13.613000,3133226.1100
2025.06.30,20:00:00,13.614000,13.666000,13.362000,13.367000,2140124.2400
2025.07.01,00:00:00,13.367000,13.426000,13.220000,13.303000,2044517.0800
2025.07.01,04:00:00,13.304000,13.311000,13.074000,13.218000,2095119.5200
2025.07.01,08:00:00,13.218000,13.255000,13.100000,13.128000,1745674.5100
2025.07.01,12:00:00,13.128000,13.167000,12.935000,13.002000,3227204.7700
2025.07.01,16:00:00,13.003000,13.059000,12.809000,12.810000,2549633.6700
2025.07.01,20:00:00,12.809000,12.925000,12.777000,12.887000,1571070.6300
2025.07.02,00:00:00,12.888000,12.954000,12.716000,12.900000,1728232.1600
2025.07.02,04:00:00,12.901000,13.085000,12.878000,13.030000,1922299.9400
2025.07.02,08:00:00,13.031000,13.178000,13.031000,13.076000,1835019.3700
2025.07.02,12:00:00,13.077000,13.372000,12.990000,13.359000,3146568.5000
2025.07.02,16:00:00,13.359000,13.787000,13.359000,13.768000,6863902.5500
2025.07.02,20:00:00,13.768000,13.852000,13.546000,13.552000,2859157.8900
2025.07.03,00:00:00,13.552000,13.610000,13.437000,13.467000,2204420.2500
2025.07.03,04:00:00,13.467000,13.907000,13.453000,13.877000,3302918.7000
2025.07.03,08:00:00,13.877000,13.964000,13.710000,13.809000,3570996.7400
2025.07.03,12:00:00,13.809000,14.073000,13.563000,13.610000,7143445.2700
2025.07.03,16:00:00,13.610000,13.773000,13.602000,13.697000,2093094.6600
2025.07.03,20:00:00,13.696000,13.789000,13.637000,13.660000,1353120.4200
2025.07.04,00:00:00,13.660000,13.779000,13.555000,13.591000,1820638.4600
2025.07.04,04:00:00,13.591000,13.613000,13.354000,13.365000,2412630.7900
2025.07.04,08:00:00,13.364000,13.463000,13.211000,13.335000,5016550.9400
2025.07.04,12:00:00,13.336000,13.393000,13.047000,13.066000,4004250.2800
2025.07.04,16:00:00,13.065000,13.095000,12.927000,13.008000,2808149.6100
2025.07.04,20:00:00,13.008000,13.237000,12.990000,13.160000,1411856.8200
2025.07.05,00:00:00,13.159000,13.215000,13.060000,13.188000,1279099.4500
2025.07.05,04:00:00,13.188000,13.254000,13.145000,13.182000,1252170.8100
2025.07.05,08:00:00,13.182000,13.252000,13.097000,13.227000,1252326.8500
2025.07.05,12:00:00,13.227000,13.236000,13.106000,13.118000,1298004.5900
2025.07.05,16:00:00,13.118000,13.153000,12.987000,13.106000,1402786.9100
2025.07.05,20:00:00,13.106000,13.264000,13.092000,13.222000,1128236.0700
2025.07.06,00:00:00,13.223000,13.231000,13.145000,13.195000,729247.9100
2025.07.06,04:00:00,13.196000,13.249000,13.142000,13.150000,905122.5300
2025.07.06,08:00:00,13.149000,13.200000,13.090000,13.199000,1031590.1300
2025.07.06,12:00:00,13.200000,13.496000,13.162000,13.426000,3151402.7700
2025.07.06,16:00:00,13.426000,13.487000,13.280000,13.380000,1857265.0800
2025.07.06,20:00:00,13.380000,13.694000,13.374000,13.477000,2337251.5600
2025.07.07,00:00:00,13.478000,13.667000,13.404000,13.547000,1826581.0300
2025.07.07,04:00:00,13.548000,13.723000,13.487000,13.619000,4971636.5300
2025.07.07,08:00:00,13.618000,13.661000,13.519000,13.569000,2146720.3500
2025.07.07,12:00:00,13.568000,13.677000,13.445000,13.527000,3756618.1600
2025.07.07,16:00:00,13.526000,13.578000,13.304000,13.429000,3655861.9100
2025.07.07,20:00:00,13.429000,13.430000,13.240000,13.426000,1955723.7500
2025.07.08,00:00:00,13.426000,13.465000,13.192000,13.239000,2305567.8600
2025.07.08,04:00:00,13.238000,13.351000,13.191000,13.350000,1200250.8600
2025.07.08,08:00:00,13.350000,13.526000,13.244000,13.496000,1786578.3400
2025.07.08,12:00:00,13.496000,13.667000,13.410000,13.484000,3716736.0600
2025.07.08,16:00:00,13.485000,13.935000,13.446000,13.910000,4464066.9800
2025.07.08,20:00:00,13.910000,13.991000,13.781000,13.964000,2303461.0500
2025.07.09,00:00:00,13.964000,13.981000,13.822000,13.838000,2211878.5300
2025.07.09,04:00:00,13.839000,14.211000,13.806000,14.143000,4870858.4200
2025.07.09,08:00:00,14.144000,14.183000,13.971000,14.027000,3100018.4100
2025.07.09,12:00:00,14.027000,14.178000,13.897000,14.008000,4831161.6500
2025.07.09,16:00:00,14.008000,14.356000,13.922000,14.289000,5213289.5700
2025.07.09,20:00:00,14.288000,14.374000,14.093000,14.243000,4122936.9800
2025.07.10,00:00:00,14.243000,14.378000,14.145000,14.309000,2240381.8900
2025.07.10,04:00:00,14.309000,14.477000,14.222000,14.392000,4925887.3200
2025.07.10,08:00:00,14.391000,14.474000,14.294000,14.321000,2032541.5100
2025.07.10,12:00:00,14.321000,14.396000,14.208000,14.334000,3303810.8500
2025.07.10,16:00:00,14.335000,14.736000,14.318000,14.653000,5856803.3100
2025.07.10,20:00:00,14.652000,15.339000,14.639000,15.240000,6742124.6400
2025.07.11,00:00:00,15.241000,15.432000,15.019000,15.358000,3677530.3700
2025.07.11,04:00:00,15.358000,15.602000,15.225000,15.266000,4409824.3400
2025.07.11,08:00:00,15.267000,15.610000,15.240000,15.443000,3813265.4500
2025.07.11,12:00:00,15.442000,15.878000,15.419000,15.484000,7235224.3400
2025.07.11,16:00:00,15.484000,15.849000,15.415000,15.809000,4186209.3100
2025.07.11,20:00:00,15.809000,15.824000,15.020000,15.287000,4510638.1000
2025.07.12,00:00:00,15.286000,15.480000,15.032000,15.378000,2695117.3500
2025.07.12,04:00:00,15.379000,15.395000,15.106000,15.248000,2356774.1500
2025.07.12,08:00:00,15.247000,15.413000,15.189000,15.262000,1790753.9400
2025.07.12,12:00:00,15.262000,15.301000,14.700000,14.829000,5118058.6700
2025.07.12,16:00:00,14.829000,15.080000,14.758000,15.053000,1984875.3600
2025.07.12,20:00:00,15.054000,15.134000,14.854000,15.101000,1213736.7300
2025.07.13,00:00:00,15.101000,15.205000,15.041000,15.131000,1618801.0100
2025.07.13,04:00:00,15.131000,15.371000,15.092000,15.354000,1897219.3800
2025.07.13,08:00:00,15.355000,15.416000,15.255000,15.410000,1450236.3300
2025.07.13,12:00:00,15.410000,15.950000,15.362000,15.696000,6036895.0900
2025.07.13,16:00:00,15.697000,15.920000,15.542000,15.786000,2801988.6800
2025.07.13,20:00:00,15.785000,15.903000,15.466000,15.649000,2760880.9000
2025.07.14,00:00:00,15.649000,16.276000,15.615000,16.152000,3735470.1800
2025.07.14,04:00:00,16.152000,16.300000,15.924000,16.155000,3934682.6400
2025.07.14,08:00:00,16.155000,16.312000,15.928000,16.239000,3942625.0300
2025.07.14,12:00:00,16.238000,16.470000,15.808000,15.969000,6144602.1100
2025.07.14,16:00:00,15.968000,16.159000,15.685000,15.758000,3317660.3100
2025.07.14,20:00:00,15.758000,15.873000,15.568000,15.753000,5112940.7000
2025.07.15,00:00:00,15.754000,15.887000,15.171000,15.273000,5287965.3200
2025.07.15,04:00:00,15.274000,15.510000,15.141000,15.405000,2705564.1200
2025.07.15,08:00:00,15.406000,15.529000,15.266000,15.368000,2185020.4600
2025.07.15,12:00:00,15.370000,15.719000,15.170000,15.570000,5670967.5300
2025.07.15,16:00:00,15.569000,16.195000,15.563000,15.620000,6763476.6200
2025.07.15,20:00:00,15.618000,16.171000,15.569000,16.106000,3126902.3300
2025.07.16,00:00:00,16.105000,16.221000,15.852000,15.929000,2894521.4500
2025.07.16,04:00:00,15.930000,16.394000,15.824000,16.316000,2703460.6500
2025.07.16,08:00:00,16.315000,16.623000,16.305000,16.401000,4727974.2900
2025.07.16,12:00:00,16.402000,16.842000,16.389000,16.605000,5511140.1600
2025.07.16,16:00:00,16.605000,17.034000,16.572000,16.868000,5229958.6300
2025.07.16,20:00:00,16.869000,17.039000,16.604000,16.671000,3927333.9600
2025.07.17,00:00:00,16.671000,16.856000,16.327000,16.424000,4099705.6300
2025.07.17,04:00:00,16.423000,17.014000,16.364000,16.986000,4157622.7200
2025.07.17,08:00:00,16.988000,17.284000,16.878000,17.087000,4956375.6300
2025.07.17,12:00:00,17.086000,17.316000,16.787000,17.142000,5317486.1500
2025.07.17,16:00:00,17.141000,17.331000,16.768000,17.069000,5089924.0700
2025.07.17,20:00:00,17.068000,18.125000,16.831000,17.997000,9336690.5500
2025.07.18,00:00:00,17.998000,18.768000,17.862000,18.755000,9792630.1300
2025.07.18,04:00:00,18.755000,19.294000,18.510000,18.524000,6851452.4900
2025.07.18,08:00:00,18.524000,18.818000,18.257000,18.361000,6049063.7100
2025.07.18,12:00:00,18.361000,18.720000,17.737000,17.925000,8103955.5900
2025.07.18,16:00:00,17.925000,18.160000,17.650000,17.737000,4745032.5400
2025.07.18,20:00:00,17.737000,17.916000,17.319000,17.828000,5143010.6700
2025.07.19,00:00:00,17.827000,18.234000,17.536000,18.194000,3269854.3500
2025.07.19,04:00:00,18.195000,18.344000,17.927000,17.964000,2054996.5000
2025.07.19,08:00:00,17.964000,18.014000,17.695000,17.719000,2238202.4800
2025.07.19,12:00:00,17.719000,17.960000,17.588000,17.918000,2857543.9900
2025.07.19,16:00:00,17.918000,18.514000,17.853000,18.364000,4301469.7500
2025.07.19,20:00:00,18.364000,18.548000,18.118000,18.391000,3083122.9400
2025.07.20,00:00:00,18.391000,18.829000,18.319000,18.672000,3435187.1600
2025.07.20,04:00:00,18.671000,18.967000,18.505000,18.811000,3766355.2700
2025.07.20,08:00:00,18.812000,19.660000,18.811000,19.398000,6765676.6300
2025.07.20,12:00:00,19.397000,19.975000,19.185000,19.712000,5375939.0900
2025.07.20,16:00:00,19.713000,19.799000,19.203000,19.450000,5117936.4200
2025.07.20,20:00:00,19.450000,19.514000,18.864000,19.284000,4620176.1800
2025.07.21,00:00:00,19.285000,19.593000,18.991000,19.578000,4089549.9500
2025.07.21,04:00:00,19.577000,19.948000,19.389000,19.751000,4605144.3100
2025.07.21,08:00:00,19.750000,20.287000,19.596000,20.060000,6310648.4400
2025.07.21,12:00:00,20.061000,20.253000,19.692000,19.799000,7032457.0500
2025.07.21,16:00:00,19.799000,19.845000,19.183000,19.267000,5726209.0800
2025.07.21,20:00:00,19.264000,19.618000,19.185000,19.502000,2689873.8900
2025.07.22,00:00:00,19.502000,19.998000,19.015000,19.556000,5801668.2300
2025.07.22,04:00:00,19.556000,19.573000,18.846000,19.068000,6076673.9000
2025.07.22,08:00:00,19.068000,19.338000,18.628000,19.225000,5626687.0500
2025.07.22,12:00:00,19.227000,19.483000,18.738000,19.348000,7945676.8400
2025.07.22,16:00:00,19.348000,19.568000,18.968000,19.051000,4711083.9900
2025.07.22,20:00:00,19.053000,19.694000,19.007000,19.669000,3048479.8900
2025.07.23,00:00:00,19.670000,19.775000,19.425000,19.473000,2931979.2800
2025.07.23,04:00:00,19.474000,19.723000,18.991000,19.148000,3065426.3200
2025.07.23,08:00:00,19.149000,19.264000,18.779000,18.917000,3158551.9800
2025.07.23,12:00:00,18.916000,18.945000,17.845000,18.496000,9835466.4500
2025.07.23,16:00:00,18.496000,18.496000,17.680000,17.985000,5992060.4900
2025.07.23,20:00:00,17.984000,18.284000,17.531000,18.173000,5896750.6200
2025.07.24,00:00:00,18.174000,18.457000,18.051000,18.222000,3556500.7100
2025.07.24,04:00:00,18.224000,18.298000,17.149000,17.736000,7805150.7800
2025.07.24,08:00:00,17.735000,18.147000,17.581000,18.070000,4906225.8100
2025.07.24,12:00:00,18.069000,18.679000,17.777000,18.464000,7093302.6300
2025.07.24,16:00:00,18.464000,18.589000,18.088000,18.329000,4571495.1200
2025.07.24,20:00:00,18.330000,18.420000,17.838000,17.904000,2909401.2100
2025.07.25,00:00:00,17.903000,17.908000,17.250000,17.484000,5393443.3400
2025.07.25,04:00:00,17.483000,17.702000,17.287000,17.485000,4528089.9200
2025.07.25,08:00:00,17.485000,18.413000,17.454000,18.309000,4844098.1800
2025.07.25,12:00:00,18.309000,18.488000,17.401000,17.605000,6096395.9900
2025.07.25,16:00:00,17.605000,17.865000,17.444000,17.711000,3426937.2900
2025.07.25,20:00:00,17.712000,18.423000,17.681000,18.284000,3287871.6000
2025.07.26,00:00:00,18.283000,18.461000,18.183000,18.364000,1906292.0800
2025.07.26,04:00:00,18.365000,18.412000,18.204000,18.223000,1425016.0900
2025.07.26,08:00:00,18.224000,18.491000,18.223000,18.257000,2287839.8100
2025.07.26,12:00:00,18.258000,18.454000,18.165000,18.399000,2672691.3500
2025.07.26,16:00:00,18.399000,18.583000,18.214000,18.551000,2449971.5800
2025.07.26,20:00:00,18.550000,18.636000,18.334000,18.402000,2769562.6400
2025.07.27,00:00:00,18.402000,18.769000,18.347000,18.689000,2782543.5800
2025.07.27,04:00:00,18.688000,19.063000,18.655000,18.772000,2742695.9600
2025.07.27,08:00:00,18.772000,18.988000,18.545000,18.746000,2975495.0800
2025.07.27,12:00:00,18.745000,18.944000,18.637000,18.844000,2511159.4900
2025.07.27,16:00:00,18.844000,19.107000,18.834000,18.996000,3397335.8200
2025.07.27,20:00:00,18.995000,19.287000,18.891000,19.228000,3069554.3100
2025.07.28,00:00:00,19.229000,19.424000,18.918000,19.124000,4105328.1800
2025.07.28,04:00:00,19.123000,19.555000,19.032000,19.293000,3649733.9900
2025.07.28,08:00:00,19.293000,19.345000,18.936000,19.081000,2911459.1100
2025.07.28,12:00:00,19.081000,19.120000,18.277000,18.390000,8397671.1600
2025.07.28,16:00:00,18.389000,18.505000,18.086000,18.233000,6052041.7000
2025.07.28,20:00:00,18.232000,18.269000,17.960000,18.115000,3566640.8700
2025.07.29,00:00:00,18.115000,18.304000,17.878000,18.265000,3977174.0300
2025.07.29,04:00:00,18.265000,18.593000,18.104000,18.589000,3289117.0500
2025.07.29,08:00:00,18.589000,18.633000,18.000000,18.134000,2878533.9100
2025.07.29,12:00:00,18.134000,18.342000,17.601000,17.683000,5347120.6900
2025.07.29,16:00:00,17.684000,17.919000,17.468000,17.700000,4896708.1900
2025.07.29,20:00:00,17.699000,17.888000,17.544000,17.823000,2417172.9500
2025.07.30,00:00:00,17.824000,17.950000,17.607000,17.828000,2137548.3700
2025.07.30,04:00:00,17.829000,17.885000,17.612000,17.697000,1753119.6800
2025.07.30,08:00:00,17.698000,17.814000,17.214000,17.301000,3705393.2600
2025.07.30,12:00:00,17.301000,17.709000,17.191000,17.586000,4351316.1900
2025.07.30,16:00:00,17.587000,17.782000,16.749000,17.456000,5818468.0800
2025.07.30,20:00:00,17.456000,17.764000,17.344000,17.698000,2885128.1700
2025.07.31,00:00:00,17.699000,18.079000,17.632000,18.051000,2411870.6000
2025.07.31,04:00:00,18.051000,18.106000,17.925000,18.020000,1621947.9100
2025.07.31,08:00:00,18.020000,18.222000,17.914000,17.969000,2167763.8600
2025.07.31,12:00:00,17.970000,17.998000,17.322000,17.515000,4567114.6800
2025.07.31,16:00:00,17.514000,17.855000,17.190000,17.217000,3676522.4500
2025.07.31,20:00:00,17.218000,17.280000,16.839000,16.921000,3424664.2100
2025.08.01,00:00:00,16.922000,17.024000,16.437000,16.860000,6245095.6600
2025.08.01,04:00:00,16.859000,16.859000,16.487000,16.624000,3850905.5300
2025.08.01,08:00:00,16.623000,16.623000,16.279000,16.602000,4388074.9700
2025.08.01,12:00:00,16.601000,16.794000,16.150000,16.625000,6909345.2700
2025.08.01,16:00:00,16.625000,16.746000,16.145000,16.376000,5304373.4500
2025.08.01,20:00:00,16.375000,16.432000,15.656000,16.060000,6074011.8000
2025.08.02,00:00:00,16.061000,16.243000,16.026000,16.195000,2485773.8700
2025.08.02,04:00:00,16.195000,16.245000,15.771000,16.131000,2346260.8900
2025.08.02,08:00:00,16.132000,16.166000,15.825000,16.018000,2115761.2600
2025.08.02,12:00:00,16.018000,16.091000,15.723000,15.777000,2337896.0800
2025.08.02,16:00:00,15.777000,15.918000,15.428000,15.578000,4739228.2500
2025.08.02,20:00:00,15.579000,15.798000,15.508000,15.635000,2119912.6200
2025.08.03,00:00:00,15.635000,15.921000,15.432000,15.889000,2194208.9600
2025.08.03,04:00:00,15.889000,16.020000,15.814000,16.006000,1522223.0500
2025.08.03,08:00:00,16.005000,16.231000,15.990000,16.151000,1854866.4800
2025.08.03,12:00:00,16.151000,16.231000,16.075000,16.230000,2060611.9600
2025.08.03,16:00:00,16.230000,16.333000,16.177000,16.261000,1773833.3700
2025.08.03,20:00:00,16.262000,16.392000,16.192000,16.288000,1516567.1400
2025.08.04,00:00:00,16.288000,16.648000,16.262000,16.571000,2333974.4600
2025.08.04,04:00:00,16.572000,16.658000,16.427000,16.620000,1780989.0600
2025.08.04,08:00:00,16.620000,16.730000,16.544000,16.581000,1831702.7300
2025.08.04,12:00:00,16.580000,16.946000,16.532000,16.913000,4902087.0800
2025.08.04,16:00:00,16.912000,17.192000,16.805000,16.841000,3087051.5300
2025.08.04,20:00:00,16.842000,17.165000,16.817000,17.107000,1783342.9000
2025.08.05,00:00:00,17.106000,17.116000,16.763000,16.782000,1827342.2200
2025.08.05,04:00:00,16.782000,16.899000,16.435000,16.495000,2779715.5800
2025.08.05,08:00:00,16.494000,16.970000,16.448000,16.864000,2726380.3100
2025.08.05,12:00:00,16.865000,16.895000,16.191000,16.255000,5650613.7400
2025.08.05,16:00:00,16.255000,16.434000,16.204000,16.261000,2054625.5200
2025.08.05,20:00:00,16.262000,16.422000,16.069000,16.374000,1545134.7100
2025.08.06,00:00:00,16.375000,16.380000,16.045000,16.091000,1777487.0400
2025.08.06,04:00:00,16.091000,16.520000,16.023000,16.507000,2311031.2000
2025.08.06,08:00:00,16.507000,16.526000,16.316000,16.390000,2006525.4500
2025.08.06,12:00:00,16.389000,16.798000,16.233000,16.766000,3647311.2400
2025.08.06,16:00:00,16.768000,16.898000,16.602000,16.784000,2005906.1000
2025.08.06,20:00:00,16.784000,16.791000,16.661000,16.666000,1240678.3300
2025.08.07,00:00:00,16.666000,16.807000,16.575000,16.597000,1734802.6000
2025.08.07,04:00:00,16.596000,16.833000,16.587000,16.823000,1956428.7600
2025.08.07,08:00:00,16.823000,17.410000,16.803000,17.340000,5448022.0000
2025.08.07,12:00:00,17.340000,18.086000,17.299000,17.831000,11399686.7100
2025.08.07,16:00:00,17.832000,18.288000,17.603000,18.286000,7469623.0100
2025.08.07,20:00:00,18.285000,18.495000,18.165000,18.460000,4303007.2200
2025.08.08,00:00:00,18.461000,19.203000,18.082000,19.197000,13513471.8400
2025.08.08,04:00:00,19.196000,19.416000,18.762000,19.323000,6107968.9200
2025.08.08,08:00:00,19.323000,19.514000,19.150000,19.487000,4767229.6100
2025.08.08,12:00:00,19.487000,19.925000,19.069000,19.202000,9732466.1100
2025.08.08,16:00:00,19.203000,19.743000,19.076000,19.743000,6093078.0000
2025.08.08,20:00:00,19.743000,19.968000,19.527000,19.887000,3555357.8900
2025.08.09,00:00:00,19.887000,20.938000,19.782000,20.866000,9376455.9400
2025.08.09,04:00:00,20.866000,21.466000,20.672000,20.800000,9743111.8500
2025.08.09,08:00:00,20.799000,21.176000,20.701000,20.883000,5378740.7600
2025.08.09,12:00:00,20.882000,21.426000,20.833000,21.066000,7870580.4200
2025.08.09,16:00:00,21.065000,21.451000,21.063000,21.221000,3732062.0800
2025.08.09,20:00:00,21.220000,21.991000,21.129000,21.939000,6778308.9800
2025.08.10,00:00:00,21.939000,22.204000,21.240000,21.486000,7457016.7600
2025.08.10,04:00:00,21.486000,22.699000,21.381000,21.891000,11188641.1400
2025.08.10,08:00:00,21.889000,22.296000,21.525000,21.568000,6756871.7800
2025.08.10,12:00:00,21.568000,22.535000,21.155000,22.483000,9008859.0900
2025.08.10,16:00:00,22.484000,22.678000,22.023000,22.128000,5512707.1600
2025.08.10,20:00:00,22.128000,22.220000,21.781000,22.059000,4470290.8500
2025.08.11,00:00:00,22.060000,22.426000,21.800000,22.313000,6151392.9200
2025.08.11,04:00:00,22.314000,22.598000,21.879000,21.942000,5229058.0900
2025.08.11,08:00:00,21.942000,22.066000,21.200000,21.280000,6719967.2000
2025.08.11,12:00:00,21.280000,22.076000,21.183000,21.959000,9068684.2300
2025.08.11,16:00:00,21.960000,22.255000,21.236000,21.377000,5817634.3500
2025.08.11,20:00:00,21.377000,21.429000,20.835000,21.062000,4887869.8900
2025.08.12,00:00:00,21.062000,21.724000,21.038000,21.449000,4361253.3600
2025.08.12,04:00:00,21.450000,21.732000,21.326000,21.480000,3536759.1000
2025.08.12,08:00:00,21.481000,21.655000,20.995000,21.290000,5033192.8300
2025.08.12,12:00:00,21.289000,24.097000,21.278000,24.007000,21638350.3600
2025.08.12,16:00:00,24.007000,24.191000,23.154000,23.408000,9193406.7500
2025.08.12,20:00:00,23.408000,23.685000,23.110000,23.592000,6780619.8400
2025.08.13,00:00:00,23.591000,24.565000,23.290000,24.523000,10208023.7800
2025.08.13,04:00:00,24.522000,24.719000,23.228000,23.402000,9615679.6800
2025.08.13,08:00:00,23.402000,24.365000,23.325000,24.171000,9825364.2000
2025.08.13,12:00:00,24.170000,24.212000,23.350000,23.608000,9661357.0200
2025.08.13,16:00:00,23.610000,23.931000,23.485000,23.760000,5487003.3500
2025.08.13,20:00:00,23.760000,24.162000,23.595000,23.966000,4442802.2900
2025.08.14,00:00:00,23.966000,24.320000,23.771000,24.255000,6426025.2900
2025.08.14,04:00:00,24.255000,24.282000,23.413000,23.535000,6921717.8500
2025.08.14,08:00:00,23.535000,23.813000,23.209000,23.348000,5767997.8600
2025.08.14,12:00:00,23.349000,23.570000,21.442000,22.758000,19415607.4300
2025.08.14,16:00:00,22.758000,22.787000,22.088000,22.394000,5892287.4500
2025.08.14,20:00:00,22.395000,22.558000,21.838000,22.447000,4523640.1200
2025.08.15,00:00:00,22.447000,22.850000,22.164000,22.788000,3690716.8900
2025.08.15,04:00:00,22.789000,23.034000,22.427000,22.571000,3815941.0700
2025.08.15,08:00:00,22.572000,22.663000,22.134000,22.182000,3544453.3000
2025.08.15,12:00:00,22.181000,22.626000,21.411000,21.584000,10119588.5400
2025.08.15,16:00:00,21.584000,21.878000,21.358000,21.448000,4703198.6600
2025.08.15,20:00:00,21.448000,22.017000,21.356000,21.737000,2964164.5100
2025.08.16,00:00:00,21.736000,22.129000,21.670000,21.799000,2198782.2800
2025.08.16,04:00:00,21.799000,22.141000,21.501000,22.048000,2793758.5100
2025.08.16,08:00:00,22.049000,22.165000,21.426000,21.442000,3493574.6900
2025.08.16,12:00:00,21.443000,22.124000,21.390000,21.999000,4269024.1100
2025.08.16,16:00:00,21.998000,22.877000,21.931000,22.680000,4761572.3800
2025.08.16,20:00:00,22.680000,22.958000,22.542000,22.627000,2866176.9400
2025.08.17,00:00:00,22.628000,23.408000,22.358000,23.376000,4396508.1000
2025.08.17,04:00:00,23.376000,24.554000,23.355000,24.286000,11502802.9400
2025.08.17,08:00:00,24.286000,24.830000,24.172000,24.687000,7920020.1200
2025.08.17,12:00:00,24.687000,26.302000,24.429000,26.290000,15156012.4000
2025.08.17,16:00:00,26.290000,26.338000,25.122000,25.458000,14039359.0900
2025.08.17,20:00:00,25.458000,25.932000,25.410000,25.639000,6163677.2400
2025.08.18,00:00:00,25.638000,26.201000,24.508000,25.082000,23124709.6300
2025.08.18,04:00:00,25.081000,25.109000,24.277000,24.691000,11280360.4800
2025.08.18,08:00:00,24.691000,25.288000,24.368000,24.533000,10247611.4200
2025.08.18,12:00:00,24.532000,25.927000,24.462000,25.357000,18492118.5300
2025.08.18,16:00:00,25.360000,25.933000,24.785000,25.510000,10152994.7400
2025.08.18,20:00:00,25.509000,26.720000,25.109000,25.765000,11585436.2700
2025.08.19,00:00:00,25.766000,25.802000,24.075000,24.190000,12395706.0600
2025.08.19,04:00:00,24.189000,24.632000,23.888000,24.284000,11065725.0700
2025.08.19,08:00:00,24.284000,24.900000,24.063000,24.680000,9153673.1300
2025.08.19,12:00:00,24.680000,24.938000,23.854000,24.274000,14049177.5100
2025.08.19,16:00:00,24.272000,24.513000,23.432000,23.861000,11185736.0400
2025.08.19,20:00:00,23.860000,24.052000,23.459000,23.553000,5377398.0100
2025.08.20,00:00:00,23.553000,24.404000,23.362000,23.990000,8620192.7400
2025.08.20,04:00:00,23.989000,24.836000,23.974000,24.416000,7646437.5100
2025.08.20,08:00:00,24.417000,25.230000,24.336000,24.949000,11278860.4800
2025.08.20,12:00:00,24.949000,26.459000,24.574000,25.942000,23308323.5800
2025.08.20,16:00:00,25.942000,26.359000,25.441000,26.145000,12292416.8500
2025.08.20,20:00:00,26.143000,26.885000,26.021000,26.446000,9563312.3200
2025.08.21,00:00:00,26.446000,26.591000,25.768000,25.794000,9604221.3600
2025.08.21,04:00:00,25.795000,25.860000,25.472000,25.697000,6883088.4000
2025.08.21,08:00:00,25.698000,26.365000,25.602000,26.095000,9837610.3100
2025.08.21,12:00:00,26.095000,26.222000,24.956000,25.072000,15015980.1500
2025.08.21,16:00:00,25.072000,25.242000,24.690000,24.921000,8874312.2900
2025.08.21,20:00:00,24.921000,25.136000,24.628000,24.804000,3986260.8400
2025.08.22,00:00:00,24.803000,25.216000,24.511000,24.664000,6268239.9500
2025.08.22,04:00:00,24.662000,25.191000,24.615000,25.026000,5234867.5200
2025.08.22,08:00:00,25.027000,25.279000,24.217000,24.295000,7471233.4000
2025.08.22,12:00:00,24.295000,26.759000,24.113000,26.451000,25823147.6800
2025.08.22,16:00:00,26.451000,27.863000,26.439000,27.174000,16691379.2800
2025.08.22,20:00:00,27.174000,27.335000,26.628000,26.800000,5704302.0600
2025.08.23,00:00:00,26.799000,26.834000,25.860000,25.957000,7360695.5700
2025.08.23,04:00:00,25.958000,26.234000,25.722000,25.870000,5890998.7000
2025.08.23,08:00:00,25.869000,26.011000,25.574000,25.646000,5167036.2800
2025.08.23,12:00:00,25.647000,26.190000,25.517000,25.989000,7656231.6000
2025.08.23,16:00:00,25.989000,26.196000,25.820000,26.116000,3341226.4800
2025.08.23,20:00:00,26.116000,26.362000,25.978000,26.276000,3167780.0600
2025.08.24,00:00:00,26.276000,26.324000,25.700000,25.914000,4728969.6700
2025.08.24,04:00:00,25.913000,25.962000,25.553000,25.599000,4066877.6800
2025.08.24,08:00:00,25.600000,25.757000,25.270000,25.473000,4932177.6700
2025.08.24,12:00:00,25.473000,25.866000,25.452000,25.555000,5248285.5400
2025.08.24,16:00:00,25.555000,26.609000,25.223000,26.080000,14240105.5800
2025.08.24,20:00:00,26.079000,26.249000,25.394000,25.817000,7188631.5200
2025.08.25,00:00:00,25.817000,26.471000,25.320000,25.937000,6905766.8800
2025.08.25,04:00:00,25.937000,26.420000,24.801000,24.974000,9117814.4800
2025.08.25,08:00:00,24.973000,25.167000,24.320000,24.584000,8444522.9600
2025.08.25,12:00:00,24.580000,24.677000,24.217000,24.399000,6827441.0500
2025.08.25,16:00:00,24.400000,24.793000,23.628000,23.657000,8399022.9600
2025.08.25,20:00:00,23.658000,23.836000,23.074000,23.373000,10468085.9400
2025.08.26,00:00:00,23.374000,23.619000,23.056000,23.151000,5785041.6200
2025.08.26,04:00:00,23.151000,23.479000,22.865000,23.133000,4908806.8500
2025.08.26,08:00:00,23.133000,23.742000,22.885000,23.534000,7436074.2800
2025.08.26,12:00:00,23.535000,24.513000,23.377000,24.155000,12026404.8600
2025.08.26,16:00:00,24.155000,24.449000,23.935000,24.338000,4473431.8000
2025.08.26,20:00:00,24.336000,24.738000,24.193000,24.369000,4917459.4200
2025.08.27,00:00:00,24.369000,24.529000,24.000000,24.332000,4021359.9100
2025.08.27,04:00:00,24.331000,24.680000,23.989000,24.150000,4436637.2500
2025.08.27,08:00:00,24.150000,24.653000,23.958000,24.350000,5009734.5900
2025.08.27,12:00:00,24.349000,24.661000,24.056000,24.284000,6701411.1300
2025.08.27,16:00:00,24.284000,24.582000,24.022000,24.171000,4110988.6700
2025.08.27,20:00:00,24.171000,24.485000,23.571000,23.773000,8732743.5400
2025.08.28,00:00:00,23.773000,23.943000,23.558000,23.905000,3602555.6400
2025.08.28,04:00:00,23.905000,24.366000,23.805000,24.213000,3960599.9400
2025.08.28,08:00:00,24.213000,24.460000,23.586000,23.878000,5203809.8800
2025.08.28,12:00:00,23.877000,26.032000,23.781000,24.775000,32887633.1500
2025.08.28,16:00:00,24.775000,25.262000,24.460000,24.479000,8484928.3200
2025.08.28,20:00:00,24.479000,25.398000,24.404000,25.171000,5312630.6800
2025.08.29,00:00:00,25.170000,25.220000,24.104000,24.211000,7399472.7300
2025.08.29,04:00:00,24.211000,24.267000,23.294000,23.529000,8173009.1400
2025.08.29,08:00:00,23.529000,23.573000,23.221000,23.423000,6115432.8700
2025.08.29,12:00:00,23.423000,24.110000,23.101000,23.433000,11073220.2500
2025.08.29,16:00:00,23.434000,23.592000,23.106000,23.340000,4314714.2300
2025.08.29,20:00:00,23.339000,23.495000,23.114000,23.413000,3071172.8800
2025.08.30,00:00:00,23.414000,23.505000,22.814000,23.233000,4961444.6200
2025.08.30,04:00:00,23.233000,23.513000,23.161000,23.355000,2919768.1400
2025.08.30,08:00:00,23.355000,23.490000,23.190000,23.380000,2502982.3300
2025.08.30,12:00:00,23.381000,23.435000,22.947000,23.400000,3558831.7800
2025.08.30,16:00:00,23.399000,23.445000,23.264000,23.350000,1591922.9100
2025.08.30,20:00:00,23.350000,23.497000,23.255000,23.493000,1158125.7600
2025.08.31,00:00:00,23.494000,23.890000,23.403000,23.867000,3346492.7000
2025.08.31,04:00:00,23.867000,23.940000,23.637000,23.712000,2414613.1200
2025.08.31,08:00:00,23.711000,23.881000,23.546000,23.799000,2260621.3600
2025.08.31,12:00:00,23.799000,24.057000,23.588000,23.770000,3972168.2800
2025.08.31,16:00:00,23.771000,23.860000,23.590000,23.640000,1744236.3100
2025.08.31,20:00:00,23.639000,23.727000,23.175000,23.195000,3984102.9300
2025.09.01,00:00:00,23.194000,23.359000,22.918000,23.041000,5280245.4200
2025.09.01,04:00:00,23.041000,23.632000,22.704000,23.589000,6185761.3300
2025.09.01,08:00:00,23.589000,23.854000,23.152000,23.215000,5634488.3100
2025.09.01,12:00:00,23.215000,23.348000,22.718000,22.782000,4748777.4700
2025.09.01,16:00:00,22.782000,22.838000,22.531000,22.820000,3674325.5500
2025.09.01,20:00:00,22.821000,22.826000,22.074000,22.505000,6386323.2100
2025.09.02,00:00:00,22.506000,23.220000,22.336000,23.130000,5049839.0200
2025.09.02,04:00:00,23.129000,23.509000,23.081000,23.225000,3704813.6800
2025.09.02,08:00:00,23.226000,23.445000,23.068000,23.100000,2947984.3000
2025.09.02,12:00:00,23.101000,23.544000,22.640000,22.844000,9826156.2500
2025.09.02,16:00:00,22.842000,23.154000,22.791000,23.059000,3645671.9000
2025.09.02,20:00:00,23.058000,23.595000,23.009000,23.490000,3142991.5700
2025.09.03,00:00:00,23.490000,23.613000,23.215000,23.411000,2980574.6100
2025.09.03,04:00:00,23.412000,23.494000,23.209000,23.279000,2227337.8500
2025.09.03,08:00:00,23.278000,23.608000,23.220000,23.484000,2857787.4600
2025.09.03,12:00:00,23.485000,23.825000,23.364000,23.803000,4988526.3100
2025.09.03,16:00:00,23.803000,23.900000,23.601000,23.836000,2850499.5500
2025.09.03,20:00:00,23.836000,23.844000,23.657000,23.686000,1379361.8400
2025.09.04,00:00:00,23.687000,23.955000,23.484000,23.527000,3078567.8900
2025.09.04,04:00:00,23.528000,23.562000,23.125000,23.262000,3370187.9100
2025.09.04,08:00:00,23.261000,23.419000,23.172000,23.274000,2339689.1300
2025.09.04,12:00:00,23.275000,23.384000,22.450000,22.466000,6359164.1800
2025.09.04,16:00:00,22.467000,22.544000,22.177000,22.249000,3960466.9700
2025.09.04,20:00:00,22.250000,22.617000,22.219000,22.301000,3245158.3200
2025.09.05,00:00:00,22.300000,22.490000,22.248000,22.481000,2665318.7900
2025.09.05,04:00:00,22.481000,23.093000,22.385000,23.061000,4244842.7400
2025.09.05,08:00:00,23.062000,23.068000,22.659000,22.819000,4084534.7100
2025.09.05,12:00:00,22.820000,23.235000,22.083000,22.222000,13907802.5700
2025.09.05,16:00:00,22.221000,22.471000,22.030000,22.467000,4094685.2200
2025.09.05,20:00:00,22.466000,22.546000,22.209000,22.284000,3098512.3800
2025.09.06,00:00:00,22.284000,22.510000,22.247000,22.401000,1589456.2600
2025.09.06,04:00:00,22.401000,22.404000,22.128000,22.209000,1712132.2600
2025.09.06,08:00:00,22.210000,22.280000,22.064000,22.268000,1896718.0600
2025.09.06,12:00:00,22.269000,22.327000,22.034000,22.057000,2188067.5900
2025.09.06,16:00:00,22.057000,22.290000,21.855000,21.893000,2939748.1500
2025.09.06,20:00:00,21.892000,22.292000,21.877000,22.191000,2274555.6500
2025.09.07,00:00:00,22.192000,22.439000,22.175000,22.369000,2214557.7100
2025.09.07,04:00:00,22.369000,22.466000,22.244000,22.294000,1771920.7100
2025.09.07,08:00:00,22.294000,22.459000,22.124000,22.363000,3196330.2300
2025.09.07,12:00:00,22.363000,22.464000,22.214000,22.398000,2561474.8900
2025.09.07,16:00:00,22.398000,22.400000,22.108000,22.201000,1672323.4100
2025.09.07,20:00:00,22.201000,22.607000,22.157000,22.452000,2262619.5400
2025.09.08,00:00:00,22.452000,22.791000,22.224000,22.590000,3380885.1600
2025.09.08,04:00:00,22.590000,22.620000,22.322000,22.394000,2550790.7700
2025.09.08,08:00:00,22.395000,23.192000,22.351000,22.984000,7720627.2000
2025.09.08,12:00:00,22.983000,23.290000,22.888000,23.205000,5053118.6500
2025.09.08,16:00:00,23.204000,23.295000,22.898000,22.986000,3036521.7800
2025.09.08,20:00:00,22.986000,23.186000,22.838000,23.035000,2375512.6200
2025.09.09,00:00:00,23.034000,23.299000,22.846000,23.177000,4602518.3500
2025.09.09,04:00:00,23.177000,23.773000,23.075000,23.673000,6205119.9900
2025.09.09,08:00:00,23.674000,23.822000,23.512000,23.526000,3606447.0100
2025.09.09,12:00:00,23.526000,23.754000,22.822000,22.922000,9027289.1300
2025.09.09,16:00:00,22.923000,23.095000,22.841000,23.059000,2646555.7300
2025.09.09,20:00:00,23.058000,23.187000,22.943000,23.041000,2133656.2900
2025.09.10,00:00:00,23.040000,23.410000,22.873000,23.379000,3536878.7100
2025.09.10,04:00:00,23.381000,23.656000,23.134000,23.439000,3908066.0800
2025.09.10,08:00:00,23.440000,23.519000,23.275000,23.349000,2290586.9400
2025.09.10,12:00:00,23.350000,23.929000,23.336000,23.666000,6772475.4500
2025.09.10,16:00:00,23.665000,23.687000,23.190000,23.309000,3676550.7000
2025.09.10,20:00:00,23.308000,23.610000,23.291000,23.566000,1692750.9800
2025.09.11,00:00:00,23.566000,23.836000,23.425000,23.798000,2083198.9500
2025.09.11,04:00:00,23.797000,23.890000,23.642000,23.817000,2485716.9100
2025.09.11,08:00:00,23.818000,23.840000,23.680000,23.756000,1896059.1600
2025.09.11,12:00:00,23.755000,24.261000,23.280000,23.508000,10193919.7200
2025.09.11,16:00:00,23.507000,23.980000,23.502000,23.932000,2853262.0600
2025.09.11,20:00:00,23.933000,24.486000,23.878000,24.452000,4724533.3100
2025.09.12,00:00:00,24.452000,24.745000,24.349000,24.673000,4656157.2400
2025.09.12,04:00:00,24.673000,24.820000,24.509000,24.526000,3157126.8500
2025.09.12,08:00:00,24.528000,24.543000,24.271000,24.310000,3204104.3800
2025.09.12,12:00:00,24.310000,24.666000,24.156000,24.473000,5902475.0300
2025.09.12,16:00:00,24.471000,25.139000,24.415000,25.109000,4539656.0400
2025.09.12,20:00:00,25.109000,25.327000,24.907000,25.122000,3756322.5000
2025.09.13,00:00:00,25.122000,25.300000,24.920000,25.228000,2821242.8700
2025.09.13,04:00:00,25.228000,25.232000,25.009000,25.164000,2229125.4500
2025.09.13,08:00:00,25.165000,25.638000,25.109000,25.282000,4997838.6200
2025.09.13,12:00:00,25.282000,25.401000,24.690000,24.830000,5652421.3900
2025.09.13,16:00:00,24.830000,24.914000,24.433000,24.750000,3924280.9900
2025.09.13,20:00:00,24.750000,24.970000,24.745000,24.876000,1724293.2500
2025.09.14,00:00:00,24.876000,25.011000,24.616000,24.661000,2128127.6800
2025.09.14,04:00:00,24.661000,24.885000,24.470000,24.606000,2147898.3900
2025.09.14,08:00:00,24.605000,24.759000,24.310000,24.350000,2322340.5400
2025.09.14,12:00:00,24.351000,24.480000,23.825000,24.029000,4691675.0200
2025.09.14,16:00:00,24.028000,24.249000,23.985000,24.146000,1946939.3000
2025.09.14,20:00:00,24.147000,24.389000,24.033000,24.083000,1799254.1400
2025.09.15,00:00:00,24.083000,24.303000,23.889000,24.253000,2513102.7000
2025.09.15,04:00:00,24.253000,24.418000,23.736000,23.837000,3990687.8200
2025.09.15,08:00:00,23.837000,23.843000,23.176000,23.408000,6329924.2400
2025.09.15,12:00:00,23.408000,23.433000,22.983000,23.154000,4552179.4100
2025.09.15,16:00:00,23.154000,23.394000,22.965000,23.336000,2752555.5900
2025.09.15,20:00:00,23.336000,23.856000,23.307000,23.550000,2151832.8000
2025.09.16,00:00:00,23.549000,23.620000,23.345000,23.347000,2022334.9800
2025.09.16,04:00:00,23.348000,23.573000,23.145000,23.478000,2403631.5500
2025.09.16,08:00:00,23.478000,23.743000,23.477000,23.605000,2454748.8000
2025.09.16,12:00:00,23.604000,23.687000,23.082000,23.450000,3842165.2000
2025.09.16,16:00:00,23.451000,23.726000,23.240000,23.566000,3265988.6400
2025.09.16,20:00:00,23.567000,23.737000,23.441000,23.472000,1823150.5500
2025.09.17,00:00:00,23.473000,23.625000,23.274000,23.289000,2094653.1900
2025.09.17,04:00:00,23.289000,23.600000,23.182000,23.543000,2457284.1600
2025.09.17,08:00:00,23.545000,23.550000,23.026000,23.069000,3087159.9600
2025.09.17,12:00:00,23.069000,23.106000,22.755000,22.951000,4463545.4500
2025.09.17,16:00:00,22.950000,23.489000,22.727000,23.436000,8694482.1300
2025.09.17,20:00:00,23.435000,24.239000,23.231000,23.988000,5441269.1200
2025.09.18,00:00:00,23.989000,24.179000,23.830000,24.122000,3176400.3800
2025.09.18,04:00:00,24.122000,24.160000,23.681000,23.959000,3033060.2600
2025.09.18,08:00:00,23.960000,24.420000,23.911000,24.202000,3768123.7300
2025.09.18,12:00:00,24.202000,24.493000,24.050000,24.460000,4102592.7900
2025.09.18,16:00:00,24.460000,24.599000,24.333000,24.485000,3003624.9100
2025.09.18,20:00:00,24.485000,24.745000,24.448000,24.624000,3019614.8700
2025.09.19,00:00:00,24.624000,24.889000,24.415000,24.472000,3799533.4400
2025.09.19,04:00:00,24.471000,24.842000,24.227000,24.730000,5238571.5100
2025.09.19,08:00:00,24.730000,24.849000,23.794000,23.848000,5738624.3300
2025.09.19,12:00:00,23.848000,23.975000,23.315000,23.589000,6506963.1200
2025.09.19,16:00:00,23.589000,23.701000,23.251000,23.368000,2959985.7900
2025.09.19,20:00:00,23.368000,23.664000,23.355000,23.462000,2148679.2700
2025.09.20,00:00:00,23.461000,23.638000,23.326000,23.404000,1747125.0600
2025.09.20,04:00:00,23.404000,23.574000,23.350000,23.494000,1589791.9100
2025.09.20,08:00:00,23.493000,23.493000,23.124000,23.283000,2413315.3300
2025.09.20,12:00:00,23.283000,23.570000,23.073000,23.410000,2610505.8300
2025.09.20,16:00:00,23.409000,23.479000,23.216000,23.283000,1489056.9100
2025.09.20,20:00:00,23.283000,23.447000,23.257000,23.318000,1035011.9500
2025.09.21,00:00:00,23.318000,23.411000,23.225000,23.369000,1109625.2100
2025.09.21,04:00:00,23.368000,23.479000,23.263000,23.343000,1247067.1000
2025.09.21,08:00:00,23.343000,23.388000,23.011000,23.101000,2508695.1200
2025.09.21,12:00:00,23.102000,23.253000,23.029000,23.072000,1432202.4700
2025.09.21,16:00:00,23.073000,23.186000,22.881000,23.158000,2083060.8300
2025.09.21,20:00:00,23.158000,23.179000,22.904000,22.941000,1354992.6900
2025.09.22,00:00:00,22.940000,23.038000,21.891000,22.162000,9365646.3700
2025.09.22,04:00:00,22.163000,22.226000,20.032000,21.265000,12188265.6400
2025.09.22,08:00:00,21.266000,21.387000,21.037000,21.190000,4239008.1000
2025.09.22,12:00:00,21.190000,21.597000,21.149000,21.190000,4173655.4600
2025.09.22,16:00:00,21.190000,21.339000,21.103000,21.164000,3258424.4100
2025.09.22,20:00:00,21.164000,21.665000,21.132000,21.642000,2104674.3200
2025.09.23,00:00:00,21.642000,21.756000,21.172000,21.562000,4483720.6500
2025.09.23,04:00:00,21.561000,21.871000,21.347000,21.781000,3814914.7700
2025.09.23,08:00:00,21.782000,21.864000,21.671000,21.771000,2465517.3400
2025.09.23,12:00:00,21.770000,22.036000,21.704000,21.847000,3925686.1700
2025.09.23,16:00:00,21.847000,21.981000,21.525000,21.567000,3718278.4300
2025.09.23,20:00:00,21.566000,21.811000,21.470000,21.508000,2010980.2700
2025.09.24,00:00:00,21.509000,21.678000,21.113000,21.277000,3077609.0400
2025.09.24,04:00:00,21.274000,21.781000,20.942000,21.713000,6686645.7400
2025.09.24,08:00:00,21.714000,21.873000,21.622000,21.767000,1785101.3200
2025.09.24,12:00:00,21.767000,21.954000,21.540000,21.753000,3234347.1200
2025.09.24,16:00:00,21.755000,21.950000,21.705000,21.813000,2028200.5100
2025.09.24,20:00:00,21.814000,21.843000,21.543000,21.594000,1489434.4900
2025.09.25,00:00:00,21.595000,21.648000,21.120000,21.288000,4508308.2700
2025.09.25,04:00:00,21.287000,21.350000,20.885000,20.956000,4526498.2800
2025.09.25,08:00:00,20.955000,21.147000,20.706000,20.745000,4351208.6900
2025.09.25,12:00:00,20.744000,21.141000,20.355000,20.877000,7806501.1400
2025.09.25,16:00:00,20.878000,20.898000,19.820000,20.395000,9130631.6800
2025.09.25,20:00:00,20.397000,20.538000,19.974000,20.139000,4246042.8600
2025.09.26,00:00:00,20.138000,20.597000,20.090000,20.536000,3223895.2400
2025.09.26,04:00:00,20.537000,20.629000,20.217000,20.355000,3313240.2900
2025.09.26,08:00:00,20.355000,20.530000,19.924000,20.171000,3992223.9000
2025.09.26,12:00:00,20.171000,20.654000,19.991000,20.585000,5785000.5500
2025.09.26,16:00:00,20.585000,21.230000,20.564000,20.953000,4570678.8700
2025.09.26,20:00:00,20.954000,21.117000,20.880000,21.060000,1497966.8900
2025.09.27,00:00:00,21.060000,21.116000,20.956000,21.077000,1390321.5700
2025.09.27,04:00:00,21.077000,21.143000,20.905000,20.946000,1117464.7000
2025.09.27,08:00:00,20.946000,21.100000,20.816000,20.988000,2033980.2000
2025.09.27,12:00:00,20.987000,21.049000,20.842000,20.941000,1523401.1100
2025.09.27,16:00:00,20.942000,20.947000,20.721000,20.833000,1581936.5000
2025.09.27,20:00:00,20.833000,21.082000,20.806000,20.906000,1078463.8800
2025.09.28,00:00:00,20.907000,20.937000,20.629000,20.707000,1699393.0200
2025.09.28,04:00:00,20.706000,20.816000,20.623000,20.722000,1181368.5900
2025.09.28,08:00:00,20.723000,20.774000,20.492000,20.557000,2409901.7500
2025.09.28,12:00:00,20.557000,20.984000,20.419000,20.971000,2683379.1800
2025.09.28,16:00:00,20.972000,21.320000,20.972000,21.203000,2974128.8200
2025.09.28,20:00:00,21.203000,21.714000,21.173000,21.668000,2982164.8600
2025.09.29,00:00:00,21.668000,21.679000,21.375000,21.478000,2137319.4700
2025.09.29,04:00:00,21.478000,21.482000,21.138000,21.245000,2199531.1500
2025.09.29,08:00:00,21.245000,21.393000,21.050000,21.182000,2563619.2900
2025.09.29,12:00:00,21.182000,21.680000,20.891000,21.380000,5392460.1200
2025.09.29,16:00:00,21.380000,21.746000,21.187000,21.712000,2787911.7200
2025.09.29,20:00:00,21.712000,21.889000,21.665000,21.720000,2838571.8500
2025.09.30,00:00:00,21.721000,21.867000,21.433000,21.464000,3415798.1900
2025.09.30,04:00:00,21.465000,21.688000,21.337000,21.409000,2716065.4200
2025.09.30,08:00:00,21.409000,21.500000,21.231000,21.397000,3214657.7400
2025.09.30,12:00:00,21.397000,21.496000,20.950000,21.091000,4481706.4800
2025.09.30,16:00:00,21.090000,21.544000,20.986000,21.525000,3424493.2900
2025.09.30,20:00:00,21.526000,21.684000,21.282000,21.304000,2438316.3000
2025.10.01,00:00:00,21.304000,21.576000,21.053000,21.165000,3280078.7300
2025.10.01,04:00:00,21.166000,21.389000,21.120000,21.323000,2290661.8400
2025.10.01,08:00:00,21.323000,22.287000,21.302000,22.222000,6367702.4000
2025.10.01,12:00:00,22.221000,22.480000,22.111000,22.391000,3680760.4200
2025.10.01,16:00:00,22.392000,22.624000,22.288000,22.529000,2858159.3200
2025.10.01,20:00:00,22.530000,22.600000,22.248000,22.568000,2358005.1500
2025.10.02,00:00:00,22.568000,22.789000,22.411000,22.689000,3039047.8700
2025.10.02,04:00:00,22.690000,22.848000,22.550000,22.563000,2560752.5700
2025.10.02,08:00:00,22.563000,22.616000,22.350000,22.385000,2499734.5900
2025.10.02,12:00:00,22.385000,22.553000,21.926000,22.411000,6205941.0000
2025.10.02,16:00:00,22.412000,23.115000,22.375000,22.916000,5054496.4200
2025.10.02,20:00:00,22.916000,22.960000,22.641000,22.764000,2382900.5100
2025.10.03,00:00:00,22.764000,22.860000,22.530000,22.587000,2470279.7700
2025.10.03,04:00:00,22.588000,22.691000,22.289000,22.376000,2149335.0100
2025.10.03,08:00:00,22.376000,22.416000,22.223000,22.255000,2031878.1500
2025.10.03,12:00:00,22.256000,22.734000,22.079000,22.710000,5071681.0700
2025.10.03,16:00:00,22.711000,23.082000,22.110000,22.617000,8083131.4100
2025.10.03,20:00:00,22.617000,22.708000,22.476000,22.499000,1743411.2300
2025.10.04,00:00:00,22.499000,22.612000,22.146000,22.215000,2124131.0000
2025.10.04,04:00:00,22.215000,22.272000,22.036000,22.062000,2006887.4400
2025.10.04,08:00:00,22.062000,22.063000,21.754000,21.835000,3399320.7600
2025.10.04,12:00:00,21.835000,22.158000,21.766000,21.834000,3887136.9300
2025.10.04,16:00:00,21.834000,22.019000,21.809000,21.988000,1771840.3500
2025.10.04,20:00:00,21.989000,22.126000,21.984000,22.009000,1087911.7200
2025.10.05,00:00:00,22.010000,22.597000,21.922000,22.341000,3348039.1200
2025.10.05,04:00:00,22.340000,22.840000,22.322000,22.811000,3311905.2300
2025.10.05,08:00:00,22.810000,22.939000,22.482000,22.749000,5192431.4200
2025.10.05,12:00:00,22.749000,22.760000,22.396000,22.465000,2408819.5600
2025.10.05,16:00:00,22.465000,22.630000,21.861000,21.936000,4379730.1100
2025.10.05,20:00:00,21.937000,22.133000,21.870000,21.984000,1936904.7200
2025.10.06,00:00:00,21.984000,22.197000,21.469000,21.883000,5749422.9700
2025.10.06,04:00:00,21.883000,22.149000,21.734000,21.916000,2884564.1200
2025.10.06,08:00:00,21.916000,22.234000,21.916000,22.105000,2876901.6600
2025.10.06,12:00:00,22.106000,22.979000,22.106000,22.830000,7108081.5300
2025.10.06,16:00:00,22.830000,23.527000,22.782000,23.436000,6652306.1800
2025.10.06,20:00:00,23.435000,23.598000,23.250000,23.368000,3560388.5300
2025.10.07,00:00:00,23.369000,23.735000,23.337000,23.348000,3450065.5600
2025.10.07,04:00:00,23.349000,23.650000,22.808000,22.850000,5370847.1700
2025.10.07,08:00:00,22.850000,22.884000,22.559000,22.847000,5024659.0500
2025.10.07,12:00:00,22.846000,23.068000,21.830000,21.983000,12390852.5400
2025.10.07,16:00:00,21.982000,22.189000,21.784000,21.861000,5170590.8600
2025.10.07,20:00:00,21.862000,22.171000,21.750000,21.791000,3178684.7800
2025.10.08,00:00:00,21.791000,22.137000,21.642000,21.740000,3132402.8900
2025.10.08,04:00:00,21.739000,21.960000,21.614000,21.899000,3304946.0600
2025.10.08,08:00:00,21.900000,22.149000,21.848000,22.052000,2636039.6900
2025.10.08,12:00:00,22.051000,22.341000,21.829000,21.986000,3947560.3500
2025.10.08,16:00:00,21.985000,22.562000,21.938000,22.479000,4301695.4600
2025.10.08,20:00:00,22.479000,22.661000,22.386000,22.625000,1741420.1000
2025.10.09,00:00:00,22.625000,22.672000,21.947000,22.261000,3228862.6300
2025.10.09,04:00:00,22.261000,22.491000,21.928000,21.962000,2442197.2900
2025.10.09,08:00:00,21.961000,21.967000,21.581000,21.715000,3972569.5300
2025.10.09,12:00:00,21.715000,22.024000,21.314000,21.483000,5885682.4500
2025.10.09,16:00:00,21.482000,21.901000,21.316000,21.721000,3556830.5700
2025.10.09,20:00:00,21.721000,22.125000,21.688000,21.986000,1959436.4900
2025.10.10,00:00:00,21.986000,22.597000,21.971000,22.399000,3446938.9500
2025.10.10,04:00:00,22.399000,22.621000,22.250000,22.296000,2764763.5200
2025.10.10,08:00:00,22.296000,22.776000,22.263000,22.404000,3394187.1800
2025.10.10,12:00:00,22.404000,22.777000,21.201000,21.365000,10152160.7200
2025.10.10,16:00:00,21.364000,21.531000,20.384000,20.479000,10143432.0200
2025.10.10,20:00:00,20.479000,20.683000,8.164000,17.275000,50939576.9200
2025.10.11,00:00:00,17.279000,18.139000,16.836000,17.476000,12983907.1600
2025.10.11,04:00:00,17.475000,17.846000,17.300000,17.721000,6747072.2400
2025.10.11,08:00:00,17.720000,18.510000,17.626000,18.040000,6268393.7500
2025.10.11,12:00:00,18.039000,18.116000,17.400000,17.970000,4785387.0200
2025.10.11,16:00:00,17.970000,18.138000,17.103000,17.274000,4630458.3900
2025.10.11,20:00:00,17.273000,17.317000,16.598000,17.190000,6819123.0900
2025.10.12,00:00:00,17.190000,17.243000,16.669000,17.071000,4388608.5800
2025.10.12,04:00:00,17.072000,17.508000,17.024000,17.393000,3066075.1900
2025.10.12,08:00:00,17.393000,17.560000,17.164000,17.391000,2850692.9000
2025.10.12,12:00:00,17.390000,18.799000,17.217000,18.764000,10055539.0600
2025.10.12,16:00:00,18.762000,19.362000,18.762000,19.350000,7630787.3900
2025.10.12,20:00:00,19.349000,19.417000,18.803000,18.983000,3832256.6100
2025.10.13,00:00:00,18.983000,19.251000,18.720000,19.018000,3789072.1400
2025.10.13,04:00:00,19.018000,19.666000,18.913000,19.526000,3710485.7300
2025.10.13,08:00:00,19.525000,19.770000,18.938000,19.188000,5959987.2500
2025.10.13,12:00:00,19.189000,19.836000,19.056000,19.731000,10198893.9000
2025.10.13,16:00:00,19.731000,20.117000,19.461000,20.043000,6115417.6800
2025.10.13,20:00:00,20.043000,20.189000,19.818000,19.838000,2227473.1300
2025.10.14,00:00:00,19.839000,20.058000,19.304000,19.458000,3787569.0200
2025.10.14,04:00:00,19.458000,19.526000,18.240000,18.548000,8353307.8200
2025.10.14,08:00:00,18.547000,18.747000,18.058000,18.573000,5940171.2500
2025.10.14,12:00:00,18.573000,19.043000,18.133000,19.033000,8712451.2700
2025.10.14,16:00:00,19.034000,19.353000,18.618000,18.871000,7263150.3000
2025.10.14,20:00:00,18.873000,19.161000,18.795000,19.093000,1964399.4500
2025.10.15,00:00:00,19.093000,19.244000,18.824000,18.906000,2527065.6800
2025.10.15,04:00:00,18.906000,19.143000,18.822000,18.856000,2490163.0600
2025.10.15,08:00:00,18.856000,19.237000,18.556000,18.673000,4760561.1400
2025.10.15,12:00:00,18.673000,18.724000,18.024000,18.116000,6018605.7000
2025.10.15,16:00:00,18.117000,18.247000,17.834000,18.031000,4324865.1900
2025.10.15,20:00:00,18.032000,18.118000,17.709000,18.044000,3151230.5000
2025.10.16,00:00:00,18.043000,18.192000,17.906000,18.025000,1820446.6500
2025.10.16,04:00:00,18.026000,18.204000,17.906000,18.039000,1891597.2000
2025.10.16,08:00:00,18.039000,18.484000,17.483000,18.483000,5213274.7300
2025.10.16,12:00:00,18.482000,18.616000,17.586000,17.653000,6659175.1500
2025.10.16,16:00:00,17.652000,18.073000,17.247000,17.384000,7663282.4100
2025.10.16,20:00:00,17.385000,17.461000,17.093000,17.417000,2936130.1400
2025.10.17,00:00:00,17.418000,17.689000,17.346000,17.506000,2229327.2900
2025.10.17,04:00:00,17.506000,17.521000,16.171000,16.198000,7393647.9700
2025.10.17,08:00:00,16.200000,16.583000,15.683000,16.522000,11036216.3500
2025.10.17,12:00:00,16.522000,16.692000,16.137000,16.619000,6587840.8600
2025.10.17,16:00:00,16.619000,16.858000,16.238000,16.377000,4207369.2500
2025.10.17,20:00:00,16.375000,16.758000,16.322000,16.594000,2841285.6300
2025.10.18,00:00:00,16.594000,16.890000,16.570000,16.786000,1953587.4800
2025.10.18,04:00:00,16.786000,16.997000,16.563000,16.697000,2615542.3300
2025.10.18,08:00:00,16.697000,16.930000,16.681000,16.864000,2134365.4100
2025.10.18,12:00:00,16.864000,16.963000,16.607000,16.778000,2070245.3400
2025.10.18,16:00:00,16.779000,16.890000,16.622000,16.836000,1488604.4200
2025.10.18,20:00:00,16.835000,16.949000,16.742000,16.804000,1323948.8200
2025.10.19,00:00:00,16.804000,16.887000,16.634000,16.853000,1513729.6800
2025.10.19,04:00:00,16.853000,16.907000,16.647000,16.789000,1649608.3000
2025.10.19,08:00:00,16.789000,17.294000,16.519000,17.136000,5721214.4500
2025.10.19,12:00:00,17.137000,17.536000,17.018000,17.393000,3270417.7500
2025.10.19,16:00:00,17.394000,17.651000,17.305000,17.448000,2331967.8000
2025.10.19,20:00:00,17.447000,17.539000,17.230000,17.274000,1568776.1700
2025.10.20,00:00:00,17.274000,17.677000,16.921000,17.607000,3069240.5600
2025.10.20,04:00:00,17.606000,18.949000,17.568000,18.616000,8599437.5900
2025.10.20,08:00:00,18.616000,19.031000,18.557000,18.994000,5637517.3600
2025.10.20,12:00:00,18.993000,19.180000,18.745000,18.759000,5767329.8800
2025.10.20,16:00:00,18.759000,18.920000,18.419000,18.839000,6032550.6100
2025.10.20,20:00:00,18.840000,18.947000,18.600000,18.647000,2522587.8600
2025.10.21,00:00:00,18.646000,18.949000,18.121000,18.145000,4881151.1600
2025.10.21,04:00:00,18.146000,18.166000,17.657000,18.052000,6199305.8300
2025.10.21,08:00:00,18.051000,18.099000,17.784000,18.053000,3644379.7600
2025.10.21,12:00:00,18.053000,18.959000,17.815000,18.792000,10515332.6600
2025.10.21,16:00:00,18.792000,18.889000,18.059000,18.172000,7271602.1400
2025.10.21,20:00:00,18.172000,18.210000,17.528000,17.597000,5180477.6600
2025.10.22,00:00:00,17.598000,17.724000,17.409000,17.618000,3443155.3100
2025.10.22,04:00:00,17.619000,17.825000,17.421000,17.607000,4027308.2000
2025.10.22,08:00:00,17.606000,17.606000,17.132000,17.404000,4165770.7500
2025.10.22,12:00:00,17.404000,17.591000,17.130000,17.468000,6071776.4000
2025.10.22,16:00:00,17.469000,17.501000,17.085000,17.242000,3864572.5400
2025.10.22,20:00:00,17.243000,17.274000,16.691000,17.195000,5446340.6300
2025.10.23,00:00:00,17.196000,17.360000,17.162000,17.257000,2040062.8500
2025.10.23,04:00:00,17.257000,17.667000,17.239000,17.569000,2714125.9400
2025.10.23,08:00:00,17.570000,17.695000,17.255000,17.293000,3374783.9600
2025.10.23,12:00:00,17.292000,17.539000,17.088000,17.399000,4371623.7100
2025.10.23,16:00:00,17.400000,17.785000,17.345000,17.464000,3469877.0900
2025.10.23,20:00:00,17.464000,17.467000,17.170000,17.423000,1781711.1700
2025.10.24,00:00:00,17.423000,17.475000,17.281000,17.336000,1950154.9000
2025.10.24,04:00:00,17.336000,17.732000,17.294000,17.634000,2880051.2100
2025.10.24,08:00:00,17.634000,17.795000,17.526000,17.726000,2379537.4200
2025.10.24,12:00:00,17.727000,18.100000,17.443000,17.551000,4782901.9900
2025.10.24,16:00:00,17.550000,17.843000,17.465000,17.769000,2362813.8200
2025.10.24,20:00:00,17.770000,17.986000,17.760000,17.888000,1494194.9400
2025.10.25,00:00:00,17.888000,17.969000,17.781000,17.794000,1004075.3700
2025.10.25,04:00:00,17.794000,18.025000,17.794000,17.869000,1414923.6200
2025.10.25,08:00:00,17.868000,18.028000,17.854000,17.984000,1456965.8600
2025.10.25,12:00:00,17.984000,18.078000,17.932000,17.982000,1526150.1700
2025.10.25,16:00:00,17.982000,18.185000,17.941000,18.181000,1141345.2300
2025.10.25,20:00:00,18.182000,18.244000,17.969000,18.007000,1380794.5400
2025.10.26,00:00:00,18.007000,18.016000,17.682000,17.732000,1927772.4400
2025.10.26,04:00:00,17.732000,17.860000,17.714000,17.847000,1243249.0000
2025.10.26,08:00:00,17.847000,18.337000,17.842000,18.309000,3222897.3900
2025.10.26,12:00:00,18.309000,18.483000,18.220000,18.324000,3182501.8700
2025.10.26,16:00:00,18.325000,18.334000,18.089000,18.172000,1909230.6500
2025.10.26,20:00:00,18.172000,18.679000,18.035000,18.535000,3569372.4600
2025.10.27,00:00:00,18.535000,19.038000,18.489000,18.946000,3803632.5400
2025.10.27,04:00:00,18.946000,19.056000,18.686000,18.826000,3084062.0900
2025.10.27,08:00:00,18.826000,18.912000,18.359000,18.484000,3656037.7100
2025.10.27,12:00:00,18.484000,18.503000,18.162000,18.399000,3812060.6800
2025.10.27,16:00:00,18.399000,18.904000,18.398000,18.483000,3608120.3600
2025.10.27,20:00:00,18.481000,18.484000,18.078000,18.205000,2948324.0200
2025.10.28,00:00:00,18.206000,18.398000,18.058000,18.222000,2478142.6600
2025.10.28,04:00:00,18.223000,18.508000,18.000000,18.316000,2835671.1000
2025.10.28,08:00:00,18.316000,18.539000,18.284000,18.384000,2273423.7000
2025.10.28,12:00:00,18.383000,18.814000,18.073000,18.373000,5900498.9300
2025.10.28,16:00:00,18.374000,18.651000,17.848000,17.987000,4173020.7600
2025.10.28,20:00:00,17.986000,17.986000,17.408000,17.814000,6012704.4300
2025.10.29,00:00:00,17.815000,17.995000,17.731000,17.794000,2074011.3600
2025.10.29,04:00:00,17.794000,17.974000,17.763000,17.913000,1522789.0400
2025.10.29,08:00:00,17.914000,18.150000,17.726000,18.100000,2695862.3300
2025.10.29,12:00:00,18.101000,18.309000,17.880000,18.013000,4870130.2800
2025.10.29,16:00:00,18.013000,18.530000,17.522000,18.265000,10613289.1800
2025.10.29,20:00:00,18.265000,18.667000,17.966000,18.128000,3801025.5100
2025.10.30,00:00:00,18.129000,18.306000,18.004000,18.156000,2501017.6200
2025.10.30,04:00:00,18.155000,18.424000,17.459000,18.354000,6800819.7800
2025.10.30,08:00:00,18.355000,18.374000,17.634000,17.651000,4136472.5000
2025.10.30,12:00:00,17.651000,17.714000,16.839000,16.891000,8031796.3500
2025.10.30,16:00:00,16.891000,17.000000,16.336000,16.385000,5426683.8200
2025.10.30,20:00:00,16.385000,16.807000,16.311000,16.787000,3906335.6400
2025.10.31,00:00:00,16.788000,17.082000,16.724000,16.935000,4740226.6300
2025.10.31,04:00:00,16.934000,17.304000,16.918000,17.215000,3353922.3200
2025.10.31,08:00:00,17.215000,17.346000,17.132000,17.326000,2845731.7700
2025.10.31,12:00:00,17.325000,17.451000,17.071000,17.279000,4393852.2800
2025.10.31,16:00:00,17.280000,17.364000,16.762000,17.299000,4745019.5400
2025.10.31,20:00:00,17.298000,17.355000,17.117000,17.233000,1695360.7300
2025.11.01,00:00:00,17.233000,17.323000,17.047000,17.313000,1535491.3800
2025.11.01,04:00:00,17.313000,17.332000,17.122000,17.319000,1478562.4600
2025.11.01,08:00:00,17.318000,17.435000,17.240000,17.341000,1888586.7800
2025.11.01,12:00:00,17.342000,17.413000,17.127000,17.248000,2179745.1100
2025.11.01,16:00:00,17.248000,17.332000,17.026000,17.231000,2111596.3700
2025.11.01,20:00:00,17.231000,17.308000,17.045000,17.135000,1060881.7600
2025.11.02,00:00:00,17.136000,17.206000,17.037000,17.146000,1118235.6300
2025.11.02,04:00:00,17.147000,17.589000,17.101000,17.524000,2873545.1800
2025.11.02,08:00:00,17.524000,17.636000,17.240000,17.572000,2609089.5600
2025.11.02,12:00:00,17.572000,17.584000,17.049000,17.127000,3078224.0400
2025.11.02,16:00:00,17.127000,17.287000,16.980000,17.049000,2240403.3400
2025.11.02,20:00:00,17.050000,17.629000,16.982000,17.581000,2511375.1600
2025.11.03,00:00:00,17.581000,17.659000,16.325000,16.354000,6745889.4100
2025.11.03,04:00:00,16.354000,16.509000,15.857000,16.112000,6057024.6800
2025.11.03,08:00:00,16.112000,16.237000,15.800000,16.055000,4292729.0100
2025.11.03,12:00:00,16.055000,16.338000,14.427000,15.294000,12713046.6600
2025.11.03,16:00:00,15.294000,15.850000,15.236000,15.337000,7282894.3000
2025.11.03,20:00:00,15.338000,15.418000,15.039000,15.237000,4562005.6900
2025.11.04,00:00:00,15.239000,15.500000,15.101000,15.417000,3338905.3500
2025.11.04,04:00:00,15.418000,15.500000,14.556000,14.626000,7811765.3600
2025.11.04,08:00:00,14.625000,15.255000,14.516000,15.048000,5595036.0400
2025.11.04,12:00:00,15.049000,15.425000,14.666000,15.113000,7926351.6400
2025.11.04,16:00:00,15.112000,15.229000,14.127000,14.289000,10815842.7500
2025.11.04,20:00:00,14.289000,14.865000,13.686000,14.674000,12279430.5600
2025.11.05,00:00:00,14.675000,14.899000,13.979000,14.845000,6860377.6200
2025.11.05,04:00:00,14.844000,15.011000,14.746000,14.901000,2822359.4600
2025.11.05,08:00:00,14.901000,14.903000,14.530000,14.822000,3653984.3200
2025.11.05,12:00:00,14.823000,15.104000,14.736000,15.086000,4450160.0300
2025.11.05,16:00:00,15.086000,15.393000,14.898000,15.245000,3998430.1500
2025.11.05,20:00:00,15.244000,15.355000,15.048000,15.083000,3698484.6900
2025.11.06,00:00:00,15.084000,15.205000,14.837000,15.122000,3474971.6800
2025.11.06,04:00:00,15.123000,15.229000,14.810000,14.894000,2756474.0600
2025.11.06,08:00:00,14.893000,14.966000,14.744000,14.925000,2348099.7800
2025.11.06,12:00:00,14.925000,15.099000,14.360000,14.459000,5897490.7800
2025.11.06,16:00:00,14.459000,14.777000,14.234000,14.728000,4899150.2900
2025.11.06,20:00:00,14.729000,14.792000,14.486000,14.733000,2743322.6800
2025.11.07,00:00:00,14.734000,15.026000,14.566000,14.944000,3905300.5600
2025.11.07,04:00:00,14.945000,15.165000,14.826000,15.156000,2575208.5300
2025.11.07,08:00:00,15.157000,15.181000,14.489000,14.675000,3727705.9400
2025.11.07,12:00:00,14.675000,15.102000,14.300000,15.022000,5556681.6600
2025.11.07,16:00:00,15.023000,16.213000,14.943000,16.061000,7655833.4600
2025.11.07,20:00:00,16.061000,16.178000,15.738000,15.790000,2975208.0500
2025.11.08,00:00:00,15.791000,16.028000,15.610000,15.755000,3622701.9200
2025.11.08,04:00:00,15.755000,15.926000,15.523000,15.709000,2694186.8600
2025.11.08,08:00:00,15.710000,15.925000,15.595000,15.676000,3239968.8100
2025.11.08,12:00:00,15.676000,15.717000,15.165000,15.203000,3746142.3500
2025.11.08,16:00:00,15.203000,15.439000,15.109000,15.360000,2276814.4700
2025.11.08,20:00:00,15.359000,15.541000,15.268000,15.508000,1040321.2700
2025.11.09,00:00:00,15.509000,15.515000,15.012000,15.095000,2515929.9600
2025.11.09,04:00:00,15.094000,15.425000,15.040000,15.359000,1962508.5400
2025.11.09,08:00:00,15.359000,15.488000,15.068000,15.421000,2470387.9300
2025.11.09,12:00:00,15.425000,15.937000,15.386000,15.813000,3997587.4700
2025.11.09,16:00:00,15.813000,16.086000,15.711000,16.082000,2258096.1900
2025.11.09,20:00:00,16.081000,16.123000,15.823000,15.919000,1832813.8300
2025.11.10,00:00:00,15.920000,16.303000,15.776000,16.228000,2964282.2500
2025.11.10,04:00:00,16.229000,16.428000,16.146000,16.349000,2212624.6800
2025.11.10,08:00:00,16.349000,16.645000,16.179000,16.510000,2796033.7000
2025.11.10,12:00:00,16.510000,16.662000,15.967000,16.083000,5204805.0100
2025.11.10,16:00:00,16.082000,16.276000,15.922000,16.149000,3026863.3300
2025.11.10,20:00:00,16.148000,16.451000,15.952000,16.358000,2389900.9200
2025.11.11,00:00:00,16.359000,16.789000,16.166000,16.626000,3869145.4600
2025.11.11,04:00:00,16.625000,16.676000,15.975000,15.980000,3257564.0600
2025.11.11,08:00:00,15.981000,16.218000,15.949000,16.189000,2218109.8500
2025.11.11,12:00:00,16.190000,16.288000,15.700000,15.791000,4401368.8100
2025.11.11,16:00:00,15.791000,15.886000,15.583000,15.629000,2806623.6400
2025.11.11,20:00:00,15.629000,15.645000,15.230000,15.275000,3335292.5800
2025.11.12,00:00:00,15.276000,15.458000,15.174000,15.386000,2815547.7100
2025.11.12,04:00:00,15.386000,15.545000,15.298000,15.326000,2482135.5100
2025.11.12,08:00:00,15.326000,16.187000,15.326000,16.106000,4622627.2700
2025.11.12,12:00:00,16.107000,16.244000,15.322000,15.366000,6367533.3600
2025.11.12,16:00:00,15.366000,15.413000,14.907000,15.070000,6032887.4100
2025.11.12,20:00:00,15.070000,15.307000,15.015000,15.142000,2389301.8200
2025.11.13,00:00:00,15.142000,15.653000,15.049000,15.528000,3329387.7000
2025.11.13,04:00:00,15.529000,16.014000,15.428000,15.873000,3985776.3700
2025.11.13,08:00:00,15.873000,15.947000,15.640000,15.733000,2488466.1700
2025.11.13,12:00:00,15.734000,15.789000,15.234000,15.311000,5516549.2300
2025.11.13,16:00:00,15.310000,15.363000,14.186000,14.272000,8353581.5300
2025.11.13,20:00:00,14.272000,14.721000,14.138000,14.537000,5100639.2700
2025.11.14,00:00:00,14.537000,14.599000,14.342000,14.426000,3240480.7600
2025.11.14,04:00:00,14.426000,14.560000,13.901000,14.440000,7685648.5400
2025.11.14,08:00:00,14.440000,14.447000,14.104000,14.179000,4150083.1400
2025.11.14,12:00:00,14.180000,14.454000,13.816000,14.286000,8477763.1600
2025.11.14,16:00:00,14.286000,14.489000,14.055000,14.293000,4145355.1300
2025.11.14,20:00:00,14.294000,14.304000,13.571000,13.802000,4023550.9300
2025.11.15,00:00:00,13.801000,14.279000,13.787000,14.192000,2756995.8800
2025.11.15,04:00:00,14.193000,14.281000,14.054000,14.076000,2217151.3400
2025.11.15,08:00:00,14.077000,14.099000,13.824000,14.008000,2777178.9400
2025.11.15,12:00:00,14.009000,14.291000,13.962000,14.165000,2372305.4700
2025.11.15,16:00:00,14.165000,14.330000,14.055000,14.211000,2181017.6600
2025.11.15,20:00:00,14.211000,14.213000,13.984000,14.128000,1979888.2300
2025.11.16,00:00:00,14.127000,14.251000,13.842000,14.184000,2597197.8900
2025.11.16,04:00:00,14.184000,14.335000,14.096000,14.328000,1265763.8300
2025.11.16,08:00:00,14.329000,14.518000,14.018000,14.055000,4035869.1800
2025.11.16,12:00:00,14.054000,14.189000,13.749000,13.777000,3753405.0900
2025.11.16,16:00:00,13.776000,13.880000,13.385000,13.623000,6185520.6400
2025.11.16,20:00:00,13.623000,13.848000,13.392000,13.727000,4061724.8500
2025.11.17,00:00:00,13.727000,13.991000,13.571000,13.976000,2912043.9800
2025.11.17,04:00:00,13.976000,14.157000,13.910000,14.114000,1930833.5600
2025.11.17,08:00:00,14.115000,14.204000,14.017000,14.159000,1766355.1700
2025.11.17,12:00:00,14.158000,14.280000,13.587000,13.706000,7713026.3700
2025.11.17,16:00:00,13.706000,13.789000,13.083000,13.210000,7476627.0600
2025.11.17,20:00:00,13.210000,13.349000,13.074000,13.323000,3840970.3600
2025.11.18,00:00:00,13.322000,13.516000,13.050000,13.452000,5490902.5200
2025.11.18,04:00:00,13.452000,13.585000,13.231000,13.381000,4488327.8400
2025.11.18,08:00:00,13.381000,13.592000,13.368000,13.486000,2804963.2600
2025.11.18,12:00:00,13.487000,13.826000,13.282000,13.707000,5333964.5400
2025.11.18,16:00:00,13.707000,13.990000,13.677000,13.902000,3307358.4500
2025.11.18,20:00:00,13.903000,13.951000,13.699000,13.797000,1912814.8400
2025.11.19,00:00:00,13.796000,13.835000,13.459000,13.495000,3397313.0300
2025.11.19,04:00:00,13.495000,13.538000,13.107000,13.474000,4316243.3500
2025.11.19,08:00:00,13.474000,13.551000,13.322000,13.388000,3045859.2200
2025.11.19,12:00:00,13.388000,13.503000,12.972000,13.010000,5903103.4100
2025.11.19,16:00:00,13.009000,13.127000,12.757000,12.878000,7148788.9900
2025.11.19,20:00:00,12.879000,13.591000,12.844000,13.520000,4776948.7200
2025.11.20,00:00:00,13.521000,13.706000,13.455000,13.650000,2285252.4200
2025.11.20,04:00:00,13.649000,13.947000,13.582000,13.942000,3528589.9600
2025.11.20,08:00:00,13.942000,14.000000,13.564000,13.706000,3889986.5900
2025.11.20,12:00:00,13.707000,13.915000,13.400000,13.417000,5109341.0800
2025.11.20,16:00:00,13.416000,13.441000,12.759000,12.990000,9928225.4100
2025.11.20,20:00:00,12.989000,13.336000,12.832000,12.932000,3588576.6800
2025.11.21,00:00:00,12.931000,13.206000,12.787000,12.860000,4131289.2000
2025.11.21,04:00:00,12.859000,12.922000,11.675000,12.264000,9244318.1700
2025.11.21,08:00:00,12.265000,12.419000,11.847000,11.886000,7502941.2100
2025.11.21,12:00:00,11.887000,12.313000,11.602000,11.907000,12544664.4300
2025.11.21,16:00:00,11.906000,12.358000,11.723000,12.114000,10103819.0400
2025.11.21,20:00:00,12.113000,12.242000,11.786000,12.110000,5666224.8900
2025.11.22,00:00:00,12.110000,12.240000,12.024000,12.105000,3166395.5500
2025.11.22,04:00:00,12.105000,12.111000,11.831000,11.991000,3702593.4300
2025.11.22,08:00:00,11.991000,12.019000,11.746000,11.960000,3703507.1900
2025.11.22,12:00:00,11.959000,12.005000,11.731000,11.915000,3469613.5300
2025.11.22,16:00:00,11.914000,12.095000,11.905000,11.994000,1982810.7600
2025.11.22,20:00:00,11.993000,12.299000,11.933000,12.166000,1865265.2600
2025.11.23,00:00:00,12.166000,12.464000,12.105000,12.455000,2264350.6100
2025.11.23,04:00:00,12.455000,12.596000,12.292000,12.356000,2488103.9200
2025.11.23,08:00:00,12.356000,12.602000,12.356000,12.512000,3729528.1100
2025.11.23,12:00:00,12.511000,12.724000,12.485000,12.674000,3153194.8600
2025.11.23,16:00:00,12.674000,12.742000,12.444000,12.628000,2708144.7500
2025.11.23,20:00:00,12.627000,12.741000,12.481000,12.511000,1747340.1100
2025.11.24,00:00:00,12.512000,12.836000,12.347000,12.678000,3680293.3200
2025.11.24,04:00:00,12.678000,12.852000,12.466000,12.572000,3130623.9900
2025.11.24,08:00:00,12.572000,12.643000,12.350000,12.491000,2922792.6900
2025.11.24,12:00:00,12.491000,12.690000,12.295000,12.616000,4230427.9200
2025.11.24,16:00:00,12.616000,13.198000,12.599000,12.992000,5321977.4000
2025.11.24,20:00:00,12.992000,13.154000,12.942000,12.962000,2249446.6700
2025.11.25,00:00:00,12.962000,13.031000,12.858000,12.896000,2225858.3900
2025.11.25,04:00:00,12.896000,13.038000,12.802000,12.811000,1886063.7300
2025.11.25,08:00:00,12.810000,12.873000,12.651000,12.767000,2787915.6600
2025.11.25,12:00:00,12.768000,12.943000,12.541000,12.729000,4745410.5300
2025.11.25,16:00:00,12.729000,13.140000,12.718000,12.971000,3858627.1200
2025.11.25,20:00:00,12.971000,13.216000,12.858000,13.077000,3358139.2200
2025.11.26,00:00:00,13.078000,13.164000,12.924000,12.944000,2018400.1700
2025.11.26,04:00:00,12.945000,13.072000,12.911000,13.066000,1446304.9500
2025.11.26,08:00:00,13.067000,13.080000,12.793000,12.836000,2206447.2200
2025.11.26,12:00:00,12.836000,13.001000,12.740000,12.869000,2671463.1000
2025.11.26,16:00:00,12.870000,13.503000,12.865000,13.450000,4677020.0000
2025.11.26,20:00:00,13.449000,13.494000,13.354000,13.449000,1608251.1400
2025.11.27,00:00:00,13.448000,13.568000,13.352000,13.365000,2096005.0900
2025.11.27,04:00:00,13.366000,13.451000,13.273000,13.348000,1493887.6100
2025.11.27,08:00:00,13.348000,13.432000,13.260000,13.336000,1346652.0100
2025.11.27,12:00:00,13.336000,13.470000,13.221000,13.458000,1902177.5800
2025.11.27,16:00:00,13.458000,13.533000,13.393000,13.462000,1618443.4000
2025.11.27,20:00:00,13.462000,13.510000,13.297000,13.329000,1165869.3500
2025.11.28,00:00:00,13.329000,13.385000,13.135000,13.283000,2127016.4100
2025.11.28,04:00:00,13.283000,13.329000,13.183000,13.216000,1441413.2400
2025.11.28,08:00:00,13.217000,13.543000,13.211000,13.295000,2909357.3000
2025.11.28,12:00:00,13.295000,13.520000,13.246000,13.415000,2740149.2600
2025.11.28,16:00:00,13.415000,13.417000,13.034000,13.198000,3440811.0000
2025.11.28,20:00:00,13.199000,13.214000,13.063000,13.114000,1363157.1000
2025.11.29,00:00:00,13.115000,13.205000,13.047000,13.069000,1124004.1200
2025.11.29,04:00:00,13.069000,13.154000,12.976000,13.091000,1790267.5400
2025.11.29,08:00:00,13.091000,13.162000,13.017000,13.149000,1352387.1200
2025.11.29,12:00:00,13.150000,13.214000,13.037000,13.165000,1294828.4700
2025.11.29,16:00:00,13.166000,13.168000,12.904000,13.014000,2133613.4100
2025.11.29,20:00:00,13.014000,13.046000,12.941000,12.976000,1153316.7800
2025.11.30,00:00:00,12.976000,13.119000,12.935000,13.103000,1237388.3300
2025.11.30,04:00:00,13.104000,13.109000,12.971000,13.046000,894204.5200
2025.11.30,08:00:00,13.047000,13.109000,12.988000,12.994000,1515869.0100
2025.11.30,12:00:00,12.995000,13.326000,12.964000,13.240000,2854878.2800
2025.11.30,16:00:00,13.240000,13.413000,13.235000,13.303000,1720909.3600
2025.11.30,20:00:00,13.303000,13.355000,12.928000,12.945000,2021441.6900
2025.12.01,00:00:00,12.944000,12.973000,12.094000,12.135000,9288994.6600
2025.12.01,04:00:00,12.134000,12.274000,12.031000,12.183000,3505202.9800
2025.12.01,08:00:00,12.183000,12.207000,12.103000,12.112000,2054989.7400
2025.12.01,12:00:00,12.112000,12.207000,11.813000,11.996000,5837888.1500
2025.12.01,16:00:00,11.997000,12.002000,11.739000,11.832000,4112356.9600
2025.12.01,20:00:00,11.832000,12.159000,11.830000,12.067000,2649029.3100
2025.12.02,00:00:00,12.067000,12.223000,11.968000,12.094000,1862868.1000
2025.12.02,04:00:00,12.094000,12.183000,12.071000,12.124000,1335366.9900
2025.12.02,08:00:00,12.123000,12.278000,11.989000,12.250000,2458027.0000
2025.12.02,12:00:00,12.251000,13.412000,12.182000,13.292000,7600528.7400
2025.12.02,16:00:00,13.293000,13.498000,13.225000,13.407000,5359626.0300
2025.12.02,20:00:00,13.408000,13.586000,13.267000,13.462000,3265992.8100
2025.12.03,00:00:00,13.462000,13.991000,13.431000,13.934000,4644294.7900
2025.12.03,04:00:00,13.935000,14.415000,13.903000,14.378000,5599898.3000
2025.12.03,08:00:00,14.377000,14.589000,14.272000,14.430000,4877833.1700
2025.12.03,12:00:00,14.430000,14.671000,14.193000,14.387000,7421489.0400
2025.12.03,16:00:00,14.388000,14.556000,14.277000,14.417000,3460790.1800
2025.12.03,20:00:00,14.416000,14.738000,14.342000,14.631000,3792765.2900
2025.12.04,00:00:00,14.631000,14.921000,14.510000,14.610000,4462038.4000
2025.12.04,04:00:00,14.610000,14.631000,14.342000,14.535000,3112303.3300
2025.12.04,08:00:00,14.536000,14.785000,14.432000,14.474000,3320371.5600
2025.12.04,12:00:00,14.474000,14.588000,14.212000,14.470000,3666284.0600
2025.12.04,16:00:00,14.470000,14.541000,13.957000,14.200000,4104730.3800
2025.12.04,20:00:00,14.199000,14.378000,14.148000,14.248000,2007425.0800
2025.12.05,00:00:00,14.248000,14.393000,14.185000,14.246000,2247621.1000
2025.12.05,04:00:00,14.247000,14.304000,14.134000,14.242000,1743925.8200
2025.12.05,08:00:00,14.242000,14.324000,13.958000,14.043000,3157934.2000
2025.12.05,12:00:00,14.043000,14.162000,13.732000,13.935000,4927012.7700
2025.12.05,16:00:00,13.934000,13.943000,13.355000,13.555000,6263077.0500
2025.12.05,20:00:00,13.555000,13.644000,13.465000,13.581000,1493805.5300
2025.12.06,00:00:00,13.581000,13.765000,13.486000,13.664000,1581008.1600
2025.12.06,04:00:00,13.665000,13.671000,13.518000,13.593000,1503845.4200
2025.12.06,08:00:00,13.593000,13.770000,13.492000,13.742000,2033613.5300
2025.12.06,12:00:00,13.742000,13.929000,13.626000,13.810000,2955987.0200
2025.12.06,16:00:00,13.810000,14.071000,13.795000,13.871000,2473224.6600
2025.12.06,20:00:00,13.872000,14.021000,13.841000,13.912000,1364062.8700
2025.12.07,00:00:00,13.912000,14.007000,13.881000,14.003000,1123407.2400
2025.12.07,04:00:00,14.003000,14.029000,13.853000,13.921000,1210685.1700
2025.12.07,08:00:00,13.921000,13.927000,13.731000,13.776000,1532635.8000
2025.12.07,12:00:00,13.777000,13.944000,13.168000,13.600000,6848355.0900
2025.12.07,16:00:00,13.599000,14.168000,13.459000,14.054000,4066091.7600
2025.12.07,20:00:00,14.054000,14.114000,13.412000,13.641000,3351036.5900
2025.12.08,00:00:00,13.642000,14.039000,13.570000,13.884000,2421102.4400
2025.12.08,04:00:00,13.883000,14.060000,13.865000,14.001000,1700762.2000
2025.12.08,08:00:00,14.001000,14.285000,13.903000,13.933000,2703636.3100
2025.12.08,12:00:00,13.933000,14.091000,13.669000,13.731000,4480647.9800
2025.12.08,16:00:00,13.730000,13.897000,13.551000,13.695000,3125763.3000
2025.12.08,20:00:00,13.696000,13.916000,13.694000,13.754000,1696573.2900
2025.12.09,00:00:00,13.754000,13.852000,13.532000,13.703000,2622611.4100
2025.12.09,04:00:00,13.704000,13.842000,13.564000,13.829000,1763635.3700
2025.12.09,08:00:00,13.829000,13.859000,13.598000,13.729000,1781574.1400
2025.12.09,12:00:00,13.729000,14.432000,13.634000,14.403000,4887412.0000
2025.12.09,16:00:00,14.402000,15.006000,14.402000,14.642000,6853870.5100
2025.12.09,20:00:00,14.642000,14.645000,14.216000,14.399000,2732904.6600
2025.12.10,00:00:00,14.399000,14.447000,14.201000,14.203000,2122354.0400
2025.12.10,04:00:00,14.204000,14.269000,14.100000,14.169000,1854890.9100
2025.12.10,08:00:00,14.170000,14.427000,14.042000,14.167000,3203245.5500
2025.12.10,12:00:00,14.167000,14.177000,13.931000,14.011000,2374768.0100
2025.12.10,16:00:00,14.012000,14.646000,13.970000,14.493000,6450678.7400
2025.12.10,20:00:00,14.493000,14.884000,14.048000,14.088000,6518127.4000
2025.12.11,00:00:00,14.088000,14.126000,13.437000,13.518000,4076404.3800
2025.12.11,04:00:00,13.518000,13.675000,13.454000,13.531000,2394778.4300
2025.12.11,08:00:00,13.530000,13.623000,13.420000,13.593000,1791710.4600
2025.12.11,12:00:00,13.594000,13.717000,13.424000,13.510000,3588575.7600
2025.12.11,16:00:00,13.510000,13.850000,13.382000,13.697000,3190255.4700
2025.12.11,20:00:00,13.696000,14.207000,13.692000,14.060000,4349733.2500
2025.12.12,00:00:00,14.059000,14.177000,13.818000,14.000000,2385658.0900
2025.12.12,04:00:00,13.999000,14.196000,13.940000,14.050000,1490626.6100
2025.12.12,08:00:00,14.050000,14.123000,13.920000,14.111000,1685599.0100
2025.12.12,12:00:00,14.111000,14.339000,13.417000,13.523000,5199546.1200
2025.12.12,16:00:00,13.522000,13.660000,13.266000,13.576000,4879889.0300
2025.12.12,20:00:00,13.577000,13.690000,13.531000,13.627000,1356244.2800
2025.12.13,00:00:00,13.627000,13.734000,13.591000,13.704000,1009252.3800
2025.12.13,04:00:00,13.704000,13.795000,13.684000,13.783000,1186482.6800
2025.12.13,08:00:00,13.783000,13.965000,13.782000,13.806000,1667769.7800
2025.12.13,12:00:00,13.806000,13.842000,13.642000,13.813000,1741907.2200
2025.12.13,16:00:00,13.812000,13.859000,13.681000,13.740000,961069.5200
2025.12.13,20:00:00,13.741000,13.752000,13.606000,13.725000,703950.6600
2025.12.14,00:00:00,13.725000,13.787000,13.691000,13.701000,867581.8500
2025.12.14,04:00:00,13.702000,13.730000,13.609000,13.711000,879971.8300
2025.12.14,08:00:00,13.710000,13.751000,13.420000,13.561000,2023125.8300
2025.12.14,12:00:00,13.562000,13.661000,13.404000,13.465000,1757297.2500
2025.12.14,16:00:00,13.464000,13.562000,13.331000,13.389000,1762789.8900
2025.12.14,20:00:00,13.388000,13.437000,13.084000,13.267000,1968005.9600
2025.12.15,00:00:00,13.267000,13.707000,13.251000,13.525000,2204952.8700
2025.12.15,04:00:00,13.526000,13.694000,13.468000,13.566000,1314117.8200
2025.12.15,08:00:00,13.567000,13.731000,13.543000,13.610000,1245763.0400
2025.12.15,12:00:00,13.610000,13.691000,12.718000,12.773000,6346036.1100
2025.12.15,16:00:00,12.773000,12.831000,12.460000,12.737000,4614472.9600
2025.12.15,20:00:00,12.737000,12.892000,12.601000,12.851000,2430075.8000
2025.12.16,00:00:00,12.850000,12.884000,12.663000,12.738000,2148564.0900
2025.12.16,04:00:00,12.739000,12.878000,12.539000,12.688000,1747717.4800
2025.12.16,08:00:00,12.688000,12.976000,12.677000,12.953000,2543020.5700
2025.12.16,12:00:00,12.952000,13.128000,12.680000,13.038000,4769349.9500
2025.12.16,16:00:00,13.037000,13.051000,12.769000,12.933000,2247736.7900
2025.12.16,20:00:00,12.932000,12.996000,12.863000,12.920000,924909.4300
2025.12.17,00:00:00,12.921000,12.987000,12.753000,12.818000,1759671.4200
2025.12.17,04:00:00,12.819000,12.829000,12.637000,12.767000,1819577.4400
2025.12.17,08:00:00,12.767000,12.767000,12.581000,12.691000,1419535.2200
2025.12.17,12:00:00,12.691000,13.176000,12.463000,12.561000,7681615.3400
2025.12.17,16:00:00,12.561000,12.645000,12.113000,12.277000,6564801.3300
2025.12.17,20:00:00,12.277000,12.369000,12.154000,12.261000,1936123.7700
2025.12.18,00:00:00,12.261000,12.290000,12.132000,12.187000,2428353.2200
2025.12.18,04:00:00,12.186000,12.240000,12.054000,12.169000,1763935.5700
2025.12.18,08:00:00,12.170000,12.298000,12.153000,12.283000,1690774.3200
2025.12.18,12:00:00,12.284000,12.872000,12.229000,12.628000,6244442.1700
2025.12.18,16:00:00,12.627000,12.658000,11.728000,11.750000,7946175.4300
2025.12.18,20:00:00,11.750000,12.060000,11.734000,11.929000,2958885.9700
2025.12.19,00:00:00,11.930000,12.340000,11.835000,12.219000,3513778.2700
2025.12.19,04:00:00,12.219000,12.501000,12.187000,12.370000,2470046.8900
2025.12.19,08:00:00,12.370000,12.453000,12.334000,12.438000,1586994.8000
2025.12.19,12:00:00,12.439000,12.752000,12.370000,12.465000,3718752.2600
2025.12.19,16:00:00,12.464000,12.700000,12.370000,12.625000,2934604.4900
2025.12.19,20:00:00,12.625000,12.672000,12.516000,12.533000,1386419.9200
2025.12.20,00:00:00,12.534000,12.575000,12.472000,12.543000,944640.5700
2025.12.20,04:00:00,12.543000,12.623000,12.474000,12.609000,1132591.7600
2025.12.20,08:00:00,12.608000,12.712000,12.590000,12.677000,1570898.6600
2025.12.20,12:00:00,12.678000,12.689000,12.544000,12.614000,1246535.1300
2025.12.20,16:00:00,12.615000,12.641000,12.553000,12.578000,855022.1700
2025.12.20,20:00:00,12.578000,12.639000,12.523000,12.547000,698363.7100
2025.12.21,00:00:00,12.547000,12.595000,12.376000,12.481000,1825167.2000
2025.12.21,04:00:00,12.482000,12.554000,12.481000,12.508000,678213.7800
2025.12.21,08:00:00,12.508000,12.706000,12.478000,12.569000,1572860.6000
2025.12.21,12:00:00,12.570000,12.632000,12.214000,12.324000,3530310.3900
2025.12.21,16:00:00,12.324000,12.430000,12.263000,12.398000,1465630.0000
2025.12.21,20:00:00,12.398000,12.481000,12.271000,12.430000,1257892.7700
2025.12.22,00:00:00,12.430000,12.714000,12.313000,12.540000,3100878.2200
2025.12.22,04:00:00,12.540000,12.643000,12.489000,12.573000,1566140.5300
2025.12.22,08:00:00,12.573000,12.738000,12.549000,12.685000,2181738.0600
2025.12.22,12:00:00,12.686000,12.955000,12.627000,12.801000,3838666.2300
2025.12.22,16:00:00,12.802000,12.857000,12.417000,12.441000,2524198.9300
2025.12.22,20:00:00,12.441000,12.679000,12.348000,12.580000,2545157.7100
2025.12.23,00:00:00,12.579000,12.694000,12.429000,12.490000,1567661.0300
2025.12.23,04:00:00,12.490000,12.522000,12.216000,12.327000,2342075.1200
2025.12.23,08:00:00,12.327000,12.403000,12.262000,12.361000,1457622.0500
2025.12.23,12:00:00,12.361000,12.361000,12.064000,12.275000,3587865.5400
2025.12.23,16:00:00,12.275000,12.439000,12.232000,12.354000,2501288.8600
2025.12.23,20:00:00,12.354000,12.517000,12.315000,12.389000,1335951.9000
2025.12.24,00:00:00,12.390000,12.431000,12.163000,12.260000,1763566.6400
2025.12.24,04:00:00,12.259000,12.313000,12.108000,12.182000,1540797.2700
2025.12.24,08:00:00,12.182000,12.246000,12.121000,12.220000,1231613.4600
2025.12.24,12:00:00,12.220000,12.268000,11.991000,12.173000,2930670.3300
2025.12.24,16:00:00,12.173000,12.276000,12.114000,12.243000,1768616.6200
2025.12.24,20:00:00,12.244000,12.372000,12.218000,12.269000,1589280.8700
2025.12.25,00:00:00,12.269000,12.360000,12.223000,12.326000,996252.6300
2025.12.25,04:00:00,12.327000,12.349000,12.274000,12.302000,790018.3700
2025.12.25,08:00:00,12.302000,12.358000,12.104000,12.185000,1692310.0100
2025.12.25,12:00:00,12.185000,12.421000,12.170000,12.369000,1579476.9400
2025.12.25,16:00:00,12.369000,12.415000,12.263000,12.378000,1355864.6100
2025.12.25,20:00:00,12.378000,12.388000,11.976000,12.055000,2141660.6300
2025.12.26,00:00:00,12.054000,12.539000,12.014000,12.385000,3850262.8400
2025.12.26,04:00:00,12.386000,12.478000,12.313000,12.342000,1836942.5700
2025.12.26,08:00:00,12.343000,12.458000,12.336000,12.410000,1187010.8100
2025.12.26,12:00:00,12.410000,12.494000,12.037000,12.166000,4100576.8200
2025.12.26,16:00:00,12.167000,12.252000,12.109000,12.190000,1493251.2200
2025.12.26,20:00:00,12.190000,12.251000,12.148000,12.179000,812658.5900
2025.12.27,00:00:00,12.179000,12.267000,12.155000,12.243000,915202.3400
2025.12.27,04:00:00,12.244000,12.273000,12.171000,12.252000,983523.0500
2025.12.27,08:00:00,12.252000,12.291000,12.162000,12.262000,1141421.8500
2025.12.27,12:00:00,12.263000,12.342000,12.228000,12.314000,1466259.5700
2025.12.27,16:00:00,12.315000,12.343000,12.257000,12.337000,795459.3800
2025.12.27,20:00:00,12.336000,12.549000,12.305000,12.515000,1917911.5700
2025.12.28,00:00:00,12.516000,12.549000,12.436000,12.498000,1469420.4000
2025.12.28,04:00:00,12.498000,12.519000,12.414000,12.426000,1134807.3000
2025.12.28,08:00:00,12.427000,12.505000,12.367000,12.443000,1405970.2200
2025.12.28,12:00:00,12.443000,12.563000,12.429000,12.518000,1586126.5400
2025.12.28,16:00:00,12.519000,12.595000,12.327000,12.348000,1887367.0900
2025.12.28,20:00:00,12.348000,12.496000,12.313000,12.490000,1135675.7200
2025.12.29,00:00:00,12.490000,12.995000,12.458000,12.935000,4764022.4300
2025.12.29,04:00:00,12.936000,13.035000,12.729000,12.795000,3118577.1000
2025.12.29,08:00:00,12.795000,12.839000,12.467000,12.500000,3187928.8300
2025.12.29,12:00:00,12.500000,12.501000,12.237000,12.392000,4882741.8000
2025.12.29,16:00:00,12.392000,12.454000,12.269000,12.297000,1712771.3400
2025.12.29,20:00:00,12.297000,12.357000,12.254000,12.297000,1105750.5600
2025.12.30,00:00:00,12.296000,12.411000,12.254000,12.381000,1426239.0300
2025.12.30,04:00:00,12.381000,12.411000,12.295000,12.363000,1285781.9600
2025.12.30,08:00:00,12.363000,12.549000,12.360000,12.482000,2474918.4000
2025.12.30,12:00:00,12.482000,12.598000,12.370000,12.523000,3129496.6600
2025.12.30,16:00:00,12.523000,12.584000,12.335000,12.418000,1990140.6200
2025.12.30,20:00:00,12.417000,12.425000,12.335000,12.409000,1009954.4400
2025.12.31,00:00:00,12.409000,12.464000,12.350000,12.388000,1590442.9300
2025.12.31,04:00:00,12.389000,12.426000,12.316000,12.412000,1604535.6200
2025.12.31,08:00:00,12.412000,12.478000,12.369000,12.467000,1528852.4700
2025.12.31,12:00:00,12.467000,12.550000,12.320000,12.388000,2301811.7200
2025.12.31,16:00:00,12.389000,12.410000,12.180000,12.233000,3033836.9300
2025.12.31,20:00:00,12.233000,12.323000,12.193000,12.202000,1855914.3900
2026.01.01,00:00:00,12.201000,12.269000,12.197000,12.215000,925353.2700
2026.01.01,04:00:00,12.214000,12.280000,12.142000,12.174000,1677237.4400
2026.01.01,08:00:00,12.174000,12.303000,12.171000,12.287000,1167344.1500
2026.01.01,12:00:00,12.287000,12.447000,12.235000,12.391000,2336643.8900
2026.01.01,16:00:00,12.391000,12.526000,12.326000,12.524000,2244129.5100
2026.01.01,20:00:00,12.524000,12.638000,12.473000,12.605000,2167824.9100
2026.01.02,00:00:00,12.606000,12.951000,12.584000,12.924000,4363188.2800
2026.01.02,04:00:00,12.924000,12.997000,12.837000,12.844000,3653849.5500
2026.01.02,08:00:00,12.844000,13.158000,12.844000,12.945000,4243844.8000
2026.01.02,12:00:00,12.945000,13.189000,12.821000,13.074000,4628670.6500
2026.01.02,16:00:00,13.074000,13.351000,13.053000,13.277000,4139472.0100
2026.01.02,20:00:00,13.278000,13.440000,13.211000,13.273000,2603253.2600
2026.01.03,00:00:00,13.273000,13.370000,13.219000,13.314000,1992198.8500
2026.01.03,04:00:00,13.315000,13.325000,12.962000,13.013000,2775829.4000
2026.01.03,08:00:00,13.012000,13.141000,12.990000,13.065000,1869814.0500
2026.01.03,12:00:00,13.066000,13.174000,13.045000,13.064000,2081354.0400
2026.01.03,16:00:00,13.064000,13.220000,13.057000,13.170000,1340162.2600
2026.01.03,20:00:00,13.169000,13.257000,13.111000,13.225000,1147347.3400
2026.01.04,00:00:00,13.226000,13.385000,13.202000,13.360000,2407828.3400
2026.01.04,04:00:00,13.359000,13.456000,13.265000,13.340000,1956518.8000
2026.01.04,08:00:00,13.339000,13.442000,13.256000,13.432000,2081251.3700
2026.01.04,12:00:00,13.433000,13.560000,13.361000,13.486000,2734249.5800
2026.01.04,16:00:00,13.486000,13.575000,13.309000,13.383000,2134164.2800
2026.01.04,20:00:00,13.382000,13.497000,13.351000,13.415000,1231908.5400
2026.01.05,00:00:00,13.416000,13.874000,13.409000,13.663000,4233635.9800
2026.01.05,04:00:00,13.662000,13.687000,13.393000,13.572000,2775520.8800
2026.01.05,08:00:00,13.571000,13.616000,13.427000,13.579000,2003076.5900
2026.01.05,12:00:00,13.580000,13.741000,13.385000,13.713000,3710667.2300
2026.01.05,16:00:00,13.714000,13.880000,13.541000,13.765000,3456830.2300
2026.01.05,20:00:00,13.766000,14.128000,13.751000,13.907000,5056452.0700
2026.01.06,00:00:00,13.907000,13.959000,13.569000,13.788000,4985884.8200
2026.01.06,04:00:00,13.789000,13.977000,13.672000,13.714000,2744098.3800
2026.01.06,08:00:00,13.714000,13.904000,13.694000,13.890000,1807326.9300
2026.01.06,12:00:00,13.891000,14.231000,13.814000,13.989000,5800217.8200
2026.01.06,16:00:00,13.988000,14.023000,13.460000,13.624000,6005630.7300
2026.01.06,20:00:00,13.624000,14.066000,13.624000,14.029000,2732600.0900
2026.01.07,00:00:00,14.030000,14.037000,13.680000,13.809000,2203941.0100
2026.01.07,04:00:00,13.809000,13.880000,13.693000,13.870000,1524137.3000
2026.01.07,08:00:00,13.870000,13.941000,13.574000,13.680000,2779169.3500
2026.01.07,12:00:00,13.681000,13.725000,13.277000,13.365000,4475288.3700
2026.01.07,16:00:00,13.365000,13.499000,13.295000,13.392000,2483083.8400
2026.01.07,20:00:00,13.392000,13.468000,13.294000,13.440000,1615444.6500
2026.01.08,00:00:00,13.441000,13.554000,13.315000,13.335000,1496271.4800
2026.01.08,04:00:00,13.336000,13.474000,13.057000,13.310000,2834739.2100
2026.01.08,08:00:00,13.310000,13.363000,13.081000,13.219000,2265612.7400
2026.01.08,12:00:00,13.219000,13.300000,13.018000,13.296000,3464632.2300
2026.01.08,16:00:00,13.297000,13.346000,13.150000,13.189000,2440660.9300
2026.01.08,20:00:00,13.189000,13.332000,13.091000,13.209000,1248426.6500
2026.01.09,00:00:00,13.209000,13.367000,13.155000,13.311000,1682179.1700
2026.01.09,04:00:00,13.311000,13.318000,13.182000,13.261000,1266763.3300
2026.01.09,08:00:00,13.262000,13.288000,13.055000,13.170000,2352741.4400
2026.01.09,12:00:00,13.171000,13.430000,13.026000,13.285000,4560795.7600
2026.01.09,16:00:00,13.285000,13.443000,13.052000,13.088000,2986546.5500
2026.01.09,20:00:00,13.087000,13.182000,13.067000,13.135000,1380646.8600
2026.01.10,00:00:00,13.136000,13.163000,13.056000,13.120000,957019.8600
2026.01.10,04:00:00,13.120000,13.170000,13.061000,13.158000,895790.7400
2026.01.10,08:00:00,13.158000,13.221000,13.100000,13.172000,1014785.7900
2026.01.10,12:00:00,13.172000,13.245000,13.134000,13.159000,954872.0700
2026.01.10,16:00:00,13.158000,13.216000,13.121000,13.210000,874712.3200
2026.01.10,20:00:00,13.211000,13.229000,13.080000,13.132000,1081309.0500
2026.01.11,00:00:00,13.132000,13.245000,13.103000,13.227000,827588.6100
2026.01.11,04:00:00,13.228000,13.278000,13.171000,13.233000,1494383.2500
2026.01.11,08:00:00,13.234000,13.240000,13.178000,13.202000,918332.1300
2026.01.11,12:00:00,13.203000,13.285000,13.140000,13.200000,1408964.6400
2026.01.11,16:00:00,13.201000,13.372000,13.192000,13.250000,2061392.9500
2026.01.11,20:00:00,13.249000,13.249000,13.039000,13.201000,2015296.0200
2026.01.12,00:00:00,13.200000,13.517000,13.106000,13.358000,3486593.8000
2026.01.12,04:00:00,13.359000,13.455000,13.238000,13.261000,1986005.4800
2026.01.12,08:00:00,13.261000,13.325000,13.091000,13.161000,2446397.6600
2026.01.12,12:00:00,13.160000,13.264000,12.900000,13.241000,3824366.8700
2026.01.12,16:00:00,13.240000,13.328000,13.094000,13.180000,2474682.3000
2026.01.12,20:00:00,13.180000,13.237000,12.988000,13.068000,1525681.6900
2026.01.13,00:00:00,13.068000,13.155000,13.046000,13.108000,1484527.6300
2026.01.13,04:00:00,13.109000,13.290000,13.106000,13.184000,1878017.9000
2026.01.13,08:00:00,13.184000,13.315000,13.181000,13.260000,1651216.2500
2026.01.13,12:00:00,13.261000,13.578000,13.223000,13.574000,4511729.3300
2026.01.13,16:00:00,13.573000,13.708000,13.528000,13.691000,3471361.5800
2026.01.13,20:00:00,13.692000,14.187000,13.676000,14.058000,4615554.3300
2026.01.14,00:00:00,14.058000,14.195000,14.017000,14.132000,1975455.9200
2026.01.14,04:00:00,14.131000,14.162000,13.936000,14.055000,1981687.3500
2026.01.14,08:00:00,14.054000,14.119000,13.850000,13.874000,1987866.9200
2026.01.14,12:00:00,13.873000,14.279000,13.861000,14.236000,3808627.3200
2026.01.14,16:00:00,14.237000,14.404000,14.039000,14.221000,4463623.1200
2026.01.14,20:00:00,14.222000,14.315000,14.074000,14.106000,1527726.2800
2026.01.15,00:00:00,14.106000,14.112000,13.727000,13.753000,2081088.4700
2026.01.15,04:00:00,13.753000,13.955000,13.739000,13.924000,1437839.0100
2026.01.15,08:00:00,13.923000,14.082000,13.854000,13.946000,1595710.6200
2026.01.15,12:00:00,13.946000,14.207000,13.716000,13.951000,4210553.9300
2026.01.15,16:00:00,13.950000,13.995000,13.576000,13.675000,3566333.4900
2026.01.15,20:00:00,13.675000,13.788000,13.550000,13.782000,1446130.4600
2026.01.16,00:00:00,13.783000,13.862000,13.662000,13.676000,1330973.4200
2026.01.16,04:00:00,13.676000,13.813000,13.589000,13.787000,1417528.4400
2026.01.16,08:00:00,13.788000,13.853000,13.683000,13.731000,1736872.9900
2026.01.16,12:00:00,13.731000,13.780000,13.418000,13.480000,2537973.0200
2026.01.16,16:00:00,13.479000,13.658000,13.444000,13.592000,1930774.2200
2026.01.16,20:00:00,13.593000,13.746000,13.519000,13.722000,1574732.0100
2026.01.17,00:00:00,13.721000,13.745000,13.625000,13.670000,831478.6500
2026.01.17,04:00:00,13.671000,13.731000,13.648000,13.698000,742317.9500
2026.01.17,08:00:00,13.698000,13.780000,13.665000,13.699000,1428919.2000
2026.01.17,12:00:00,13.699000,13.885000,13.688000,13.880000,1647477.6500
2026.01.17,16:00:00,13.880000,13.890000,13.756000,13.783000,1246883.4000
2026.01.17,20:00:00,13.784000,13.813000,13.655000,13.733000,872433.8200
2026.01.18,00:00:00,13.734000,13.776000,13.615000,13.698000,1224408.2500
2026.01.18,04:00:00,13.698000,13.756000,13.663000,13.729000,936071.6100
2026.01.18,08:00:00,13.729000,13.816000,13.707000,13.722000,1075699.1900
2026.01.18,12:00:00,13.723000,13.827000,13.687000,13.770000,1680644.9300
2026.01.18,16:00:00,13.770000,13.874000,13.736000,13.766000,1225330.4000
2026.01.18,20:00:00,13.767000,13.858000,13.284000,13.300000,3105355.1300
2026.01.19,00:00:00,13.301000,13.301000,12.300000,12.856000,7530219.9000
2026.01.19,04:00:00,12.856000,12.857000,12.716000,12.763000,1841952.5100
2026.01.19,08:00:00,12.763000,12.857000,12.741000,12.772000,1592961.8600
2026.01.19,12:00:00,12.772000,12.867000,12.725000,12.762000,1881513.4400
2026.01.19,16:00:00,12.762000,12.964000,12.753000,12.932000,1397975.8400
2026.01.19,20:00:00,12.932000,12.995000,12.771000,12.877000,1456016.7800
2026.01.20,00:00:00,12.878000,12.900000,12.790000,12.855000,1211901.7000
2026.01.20,04:00:00,12.855000,12.873000,12.605000,12.609000,2344146.5200
2026.01.20,08:00:00,12.609000,12.622000,12.473000,12.505000,2951980.8700
2026.01.20,12:00:00,12.505000,12.610000,12.340000,12.431000,4426338.1600
2026.01.20,16:00:00,12.432000,12.473000,12.170000,12.271000,3017847.9700
2026.01.20,20:00:00,12.271000,12.348000,12.020000,12.120000,2784808.3800
2026.01.21,00:00:00,12.121000,12.349000,12.096000,12.305000,2091318.2300
2026.01.21,04:00:00,12.305000,12.464000,12.279000,12.311000,1563452.2400
2026.01.21,08:00:00,12.311000,12.333000,12.161000,12.172000,1457723.3800
2026.01.21,12:00:00,12.172000,12.542000,12.059000,12.433000,4412361.0300
2026.01.21,16:00:00,12.433000,12.614000,11.884000,12.600000,6883335.4800
2026.01.21,20:00:00,12.601000,12.667000,12.362000,12.395000,2557700.7000
2026.01.22,00:00:00,12.395000,12.575000,12.395000,12.443000,1595294.5800
2026.01.22,04:00:00,12.442000,12.525000,12.402000,12.422000,1068257.3300
2026.01.22,08:00:00,12.421000,12.482000,12.360000,12.378000,1113190.1400
2026.01.22,12:00:00,12.378000,12.470000,12.115000,12.222000,2827697.4500
2026.01.22,16:00:00,12.223000,12.327000,12.186000,12.278000,1807617.5200
2026.01.22,20:00:00,12.277000,12.299000,12.191000,12.252000,1041079.7100
2026.01.23,00:00:00,12.251000,12.349000,12.215000,12.327000,945406.8800
2026.01.23,04:00:00,12.327000,12.402000,12.245000,12.272000,1286255.4800
2026.01.23,08:00:00,12.271000,12.289000,12.162000,12.251000,1320059.4500
2026.01.23,12:00:00,12.253000,12.276000,12.034000,12.247000,2756605.9000
2026.01.23,16:00:00,12.247000,12.495000,12.193000,12.243000,3328790.4800
2026.01.23,20:00:00,12.243000,12.269000,12.114000,12.210000,1174717.2700
2026.01.24,00:00:00,12.210000,12.273000,12.182000,12.248000,1356938.3200
2026.01.24,04:00:00,12.248000,12.278000,12.199000,12.200000,550401.6900
2026.01.24,08:00:00,12.201000,12.234000,12.182000,12.206000,511617.4300
2026.01.24,12:00:00,12.206000,12.227000,12.143000,12.146000,764346.4400
2026.01.24,16:00:00,12.146000,12.229000,12.125000,12.178000,1075069.8800
2026.01.24,20:00:00,12.179000,12.250000,12.178000,12.197000,633045.2800
2026.01.25,00:00:00,12.198000,12.216000,12.062000,12.083000,990140.8700
2026.01.25,04:00:00,12.082000,12.120000,12.043000,12.084000,842508.1500
2026.01.25,08:00:00,12.083000,12.123000,12.000000,12.075000,1384911.4900
2026.01.25,12:00:00,12.074000,12.110000,11.933000,11.957000,1931899.2500
2026.01.25,16:00:00,11.958000,11.958000,11.379000,11.428000,7270401.2500
2026.01.25,20:00:00,11.428000,11.534000,11.355000,11.517000,3116297.1100
2026.01.26,00:00:00,11.517000,11.860000,11.501000,11.699000,2365614.1200
2026.01.26,04:00:00,11.699000,11.880000,11.699000,11.857000,1523483.2900
2026.01.26,08:00:00,11.857000,11.956000,11.760000,11.800000,1654364.9000
2026.01.26,12:00:00,11.801000,12.126000,11.797000,11.914000,3332585.0100
2026.01.26,16:00:00,11.914000,12.022000,11.816000,11.924000,2415351.9100
2026.01.26,20:00:00,11.923000,12.030000,11.857000,11.941000,1625577.2300
2026.01.27,00:00:00,11.942000,12.055000,11.920000,11.990000,1025661.6800
2026.01.27,04:00:00,11.991000,12.058000,11.936000,11.977000,957335.5200
2026.01.27,08:00:00,11.977000,12.009000,11.871000,11.896000,1093746.3900
2026.01.27,12:00:00,11.896000,12.001000,11.831000,11.989000,2162753.9000
2026.01.27,16:00:00,11.989000,12.185000,11.850000,11.972000,3782695.7400
2026.01.27,20:00:00,11.972000,12.156000,11.967000,12.036000,2481688.9400
2026.01.28,00:00:00,12.036000,12.060000,11.952000,11.974000,1132183.7400
2026.01.28,04:00:00,11.974000,11.993000,11.886000,11.938000,1080967.2900
2026.01.28,08:00:00,11.938000,12.048000,11.858000,12.032000,1746480.9600
2026.01.28,12:00:00,12.032000,12.035000,11.694000,11.756000,4038424.2600
2026.01.28,16:00:00,11.756000,11.899000,11.686000,11.837000,2572742.9200
2026.01.28,20:00:00,11.838000,11.939000,11.746000,11.835000,1657109.7400
2026.01.29,00:00:00,11.836000,11.864000,11.599000,11.637000,2447244.6100
2026.01.29,04:00:00,11.637000,11.650000,11.537000,11.623000,1279212.8500
2026.01.29,08:00:00,11.623000,11.656000,11.506000,11.538000,1576178.9300
2026.01.29,12:00:00,11.539000,11.605000,10.856000,11.025000,6994090.2100
2026.01.29,16:00:00,11.024000,11.197000,10.822000,10.944000,6338753.1000
2026.01.29,20:00:00,10.945000,11.138000,10.922000,11.115000,1913293.2100
2026.01.30,00:00:00,11.116000,11.158000,10.590000,10.859000,6032196.5300
2026.01.30,04:00:00,10.860000,10.987000,10.653000,10.835000,2548978.8500
2026.01.30,08:00:00,10.836000,10.899000,10.724000,10.861000,2189967.4700
2026.01.30,12:00:00,10.860000,10.870000,10.582000,10.765000,4059571.1100
2026.01.30,16:00:00,10.764000,10.992000,10.499000,10.899000,5029480.3300
2026.01.30,20:00:00,10.900000,10.900000,10.690000,10.784000,2730115.2200
2026.01.31,00:00:00,10.785000,10.832000,10.723000,10.737000,1075538.2300
2026.01.31,04:00:00,10.738000,10.782000,10.545000,10.614000,1634365.9500
2026.01.31,08:00:00,10.613000,10.630000,10.359000,10.491000,3052071.9600
2026.01.31,12:00:00,10.490000,10.506000,9.875000,10.041000,8105311.6600
2026.01.31,16:00:00,10.042000,10.172000,8.957000,9.660000,17668327.9000
2026.01.31,20:00:00,9.661000,10.035000,9.554000,9.983000,4314181.9900
2026.02.01,00:00:00,9.982000,10.074000,9.908000,10.039000,2383347.3300
2026.02.01,04:00:00,10.039000,10.075000,9.858000,9.936000,2142814.8100
2026.02.01,08:00:00,9.937000,10.014000,9.762000,9.868000,2461280.8400
2026.02.01,12:00:00,9.870000,9.904000,9.407000,9.531000,5213059.3300
2026.02.01,16:00:00,9.531000,9.718000,9.395000,9.525000,5102245.8400
2026.02.01,20:00:00,9.524000,9.656000,9.208000,9.401000,5758080.2100
2026.02.02,00:00:00,9.401000,9.639000,9.013000,9.370000,7708257.9800
2026.02.02,04:00:00,9.371000,9.489000,9.064000,9.389000,7268463.7600
2026.02.02,08:00:00,9.389000,9.645000,9.374000,9.529000,3868601.2000
2026.02.02,12:00:00,9.529000,10.024000,9.529000,9.925000,6699735.2400
2026.02.02,16:00:00,9.926000,9.994000,9.765000,9.788000,2814534.3200
2026.02.02,20:00:00,9.789000,9.859000,9.701000,9.801000,2152982.2600
2026.02.03,00:00:00,9.801000,9.840000,9.577000,9.771000,2828971.9900
2026.02.03,04:00:00,9.770000,9.852000,9.646000,9.732000,1892298.2500
2026.02.03,08:00:00,9.733000,9.753000,9.518000,9.579000,2746887.1200
2026.02.03,12:00:00,9.579000,9.766000,9.485000,9.744000,4196020.4300
2026.02.03,16:00:00,9.744000,9.748000,9.083000,9.474000,10564099.3100
2026.02.03,20:00:00,9.473000,9.889000,9.389000,9.484000,5912858.1900
2026.02.04,00:00:00,9.484000,9.768000,9.446000,9.723000,2527590.7200
2026.02.04,04:00:00,9.723000,9.746000,9.577000,9.674000,1857039.7700
2026.02.04,08:00:00,9.674000,9.728000,9.480000,9.577000,2364467.7600
2026.02.04,12:00:00,9.577000,9.607000,9.129000,9.212000,6398939.1700
2026.02.04,16:00:00,9.213000,9.459000,9.016000,9.436000,9708943.8100
2026.02.04,20:00:00,9.436000,9.461000,9.045000,9.247000,3840643.6500
2026.02.05,00:00:00,9.247000,9.348000,9.071000,9.090000,4622749.5200
2026.02.05,04:00:00,9.091000,9.220000,8.966000,9.051000,6057902.6500
2026.02.05,08:00:00,9.052000,9.260000,8.796000,8.936000,5476000.8600
2026.02.05,12:00:00,8.937000,9.064000,8.300000,8.458000,12401278.0000
2026.02.05,16:00:00,8.458000,8.665000,8.212000,8.252000,10567324.4300
2026.02.05,20:00:00,8.252000,8.320000,7.845000,7.906000,14665596.5300
2026.02.06,00:00:00,7.907000,8.234000,7.117000,8.028000,18327216.7600
2026.02.06,04:00:00,8.028000,8.367000,7.993000,8.078000,5887222.7200
2026.02.06,08:00:00,8.078000,8.350000,7.981000,8.320000,5846154.9300
2026.02.06,12:00:00,8.320000,8.627000,8.260000,8.578000,6013278.1300
2026.02.06,16:00:00,8.577000,8.998000,8.545000,8.839000,7393091.9200
2026.02.06,20:00:00,8.839000,9.000000,8.756000,8.879000,3467052.9700
2026.02.07,00:00:00,8.878000,8.950000,8.784000,8.927000,2741556.1500
2026.02.07,04:00:00,8.927000,9.040000,8.594000,8.684000,4767354.8300
2026.02.07,08:00:00,8.684000,8.740000,8.575000,8.650000,2511458.5500
2026.02.07,12:00:00,8.649000,8.941000,8.642000,8.819000,3697621.8000
2026.02.07,16:00:00,8.819000,9.030000,8.778000,8.939000,6851534.0600
2026.02.07,20:00:00,8.939000,9.020000,8.845000,8.903000,1724110.2400
2026.02.08,00:00:00,8.904000,8.964000,8.816000,8.824000,1757072.6900
2026.02.08,04:00:00,8.823000,8.870000,8.776000,8.827000,1291043.7100
2026.02.08,08:00:00,8.827000,9.013000,8.792000,8.997000,3045841.4100
2026.02.08,12:00:00,8.998000,9.047000,8.843000,8.884000,2864680.8700
2026.02.08,16:00:00,8.884000,8.969000,8.715000,8.953000,2471882.1800
2026.02.08,20:00:00,8.953000,9.021000,8.746000,8.818000,2210416.3600
2026.02.09,00:00:00,8.818000,8.892000,8.725000,8.878000,2427112.1700
2026.02.09,04:00:00,8.878000,8.880000,8.714000,8.727000,1352540.5300
2026.02.09,08:00:00,8.727000,8.755000,8.458000,8.558000,3012105.2800
2026.02.09,12:00:00,8.559000,8.755000,8.519000,8.750000,3717235.7100
2026.02.09,16:00:00,8.749000,8.990000,8.655000,8.964000,3996895.5800
2026.02.09,20:00:00,8.963000,9.014000,8.787000,8.832000,1979975.0000
2026.02.10,00:00:00,8.833000,8.882000,8.632000,8.683000,1888429.1700
2026.02.10,04:00:00,8.683000,8.727000,8.474000,8.538000,2950920.0100
2026.02.10,08:00:00,8.539000,8.622000,8.493000,8.498000,2003577.9400
2026.02.10,12:00:00,8.498000,8.669000,8.468000,8.570000,3549962.0300
2026.02.10,16:00:00,8.570000,8.654000,8.467000,8.543000,2299639.3000
2026.02.10,20:00:00,8.543000,8.579000,8.475000,8.570000,1250239.6200
2026.02.11,00:00:00,8.569000,8.608000,8.452000,8.534000,1651849.7100
2026.02.11,04:00:00,8.534000,8.546000,8.272000,8.315000,3549455.7200
2026.02.11,08:00:00,8.315000,8.320000,8.188000,8.270000,2430261.5400
2026.02.11,12:00:00,8.270000,8.562000,8.122000,8.235000,7000211.8200
2026.02.11,16:00:00,8.234000,8.372000,8.137000,8.312000,5187153.2200
2026.02.11,20:00:00,8.311000,8.454000,8.247000,8.319000,2810514.4900
2026.02.12,00:00:00,8.319000,8.462000,8.317000,8.424000,1553035.2700
2026.02.12,04:00:00,8.425000,8.512000,8.348000,8.454000,1926479.4100
2026.02.12,08:00:00,8.454000,8.593000,8.396000,8.553000,2243775.4900
2026.02.12,12:00:00,8.552000,8.575000,8.343000,8.350000,3740389.8100
2026.02.12,16:00:00,8.351000,8.420000,8.168000,8.304000,4940077.5100
2026.02.12,20:00:00,8.304000,8.426000,8.216000,8.410000,1970194.4600
2026.02.13,00:00:00,8.411000,8.449000,8.342000,8.426000,1831912.6700
2026.02.13,04:00:00,8.425000,8.425000,8.296000,8.375000,1528952.9800
2026.02.13,08:00:00,8.375000,8.472000,8.359000,8.433000,1559452.6900
2026.02.13,12:00:00,8.433000,8.821000,8.395000,8.703000,4825262.4600
2026.02.13,16:00:00,8.703000,8.911000,8.683000,8.797000,3354908.7800
2026.02.13,20:00:00,8.798000,8.864000,8.757000,8.764000,1465764.6800
2026.02.14,00:00:00,8.763000,8.886000,8.752000,8.845000,1956727.1500
2026.02.14,04:00:00,8.845000,8.897000,8.797000,8.882000,949833.9900
2026.02.14,08:00:00,8.883000,9.041000,8.881000,9.033000,2281338.2800
2026.02.14,12:00:00,9.032000,9.044000,8.901000,9.033000,2478785.3500
2026.02.14,16:00:00,9.034000,9.183000,8.965000,9.163000,2804200.4200
2026.02.14,20:00:00,9.163000,9.212000,9.070000,9.085000,2276715.3900
2026.02.15,00:00:00,9.085000,9.115000,8.925000,9.065000,2794347.3600
2026.02.15,04:00:00,9.065000,9.239000,9.060000,9.198000,2781498.9600
2026.02.15,08:00:00,9.198000,9.237000,9.030000,9.049000,2294955.2700
2026.02.15,12:00:00,9.050000,9.059000,8.754000,8.865000,4526973.2400
2026.02.15,16:00:00,8.864000,8.882000,8.595000,8.640000,4013889.7200
2026.02.15,20:00:00,8.639000,8.788000,8.607000,8.779000,1727907.3300
2026.02.16,00:00:00,8.779000,8.853000,8.693000,8.748000,1862181.4200
2026.02.16,04:00:00,8.747000,8.821000,8.661000,8.759000,1578564.0500
2026.02.16,08:00:00,8.760000,8.886000,8.692000,8.784000,1722393.8100
2026.02.16,12:00:00,8.785000,8.987000,8.641000,8.704000,4731720.9700
2026.02.16,16:00:00,8.705000,8.830000,8.701000,8.780000,1670342.3800
2026.02.16,20:00:00,8.780000,8.964000,8.755000,8.929000,1891580.0800
2026.02.17,00:00:00,8.930000,8.990000,8.856000,8.919000,1619336.0000
2026.02.17,04:00:00,8.919000,8.957000,8.791000,8.865000,1413990.8500
2026.02.17,08:00:00,8.865000,8.889000,8.724000,8.765000,1399899.7900
2026.02.17,12:00:00,8.765000,8.910000,8.658000,8.772000,3265245.0600
2026.02.17,16:00:00,8.772000,8.949000,8.687000,8.875000,3643964.5800
2026.02.17,20:00:00,8.875000,8.895000,8.812000,8.825000,1127322.0500
2026.02.18,00:00:00,8.825000,8.902000,8.740000,8.881000,1302444.5100
2026.02.18,04:00:00,8.881000,8.932000,8.825000,8.913000,1078114.0300
2026.02.18,08:00:00,8.913000,8.995000,8.753000,8.762000,2509717.1000
2026.02.18,12:00:00,8.761000,8.895000,8.657000,8.797000,2922810.1200
2026.02.18,16:00:00,8.796000,8.799000,8.511000,8.568000,2947405.9000
2026.02.18,20:00:00,8.569000,8.610000,8.518000,8.598000,1512929.4200
2026.02.19,00:00:00,8.599000,8.683000,8.566000,8.666000,1397001.4100
2026.02.19,04:00:00,8.666000,8.748000,8.617000,8.695000,1190380.0800
2026.02.19,08:00:00,8.695000,8.697000,8.556000,8.565000,1582187.4900
2026.02.19,12:00:00,8.565000,8.602000,8.358000,8.436000,3813299.7700
2026.02.19,16:00:00,8.435000,8.543000,8.338000,8.509000,2418743.9600
2026.02.19,20:00:00,8.509000,8.574000,8.473000,8.572000,1096902.8600
2026.02.20,00:00:00,8.572000,8.645000,8.557000,8.602000,1332180.0800
2026.02.20,04:00:00,8.602000,8.674000,8.518000,8.649000,1739189.1800
2026.02.20,08:00:00,8.650000,8.725000,8.600000,8.618000,2046923.4600
2026.02.20,12:00:00,8.619000,8.839000,8.450000,8.825000,5443828.5800
2026.02.20,16:00:00,8.825000,8.971000,8.689000,8.899000,4912387.0600
2026.02.20,20:00:00,8.898000,9.011000,8.879000,8.937000,1879433.4800
2026.02.21,00:00:00,8.938000,8.980000,8.851000,8.886000,1522880.6400
2026.02.21,04:00:00,8.887000,8.917000,8.852000,8.861000,985615.4600
2026.02.21,08:00:00,8.862000,8.979000,8.856000,8.936000,1399877.1800
2026.02.21,12:00:00,8.936000,9.057000,8.894000,8.932000,2086312.6000
2026.02.21,16:00:00,8.932000,8.992000,8.841000,8.930000,2478589.8100
2026.02.21,20:00:00,8.930000,8.948000,8.860000,8.868000,957181.6500
2026.02.22,00:00:00,8.867000,8.896000,8.792000,8.837000,1237873.6000
2026.02.22,04:00:00,8.836000,8.871000,8.800000,8.850000,975915.6900
2026.02.22,08:00:00,8.849000,8.865000,8.787000,8.831000,1321600.2400
2026.02.22,12:00:00,8.830000,8.838000,8.679000,8.706000,2843177.9400
2026.02.22,16:00:00,8.705000,8.709000,8.599000,8.639000,1575686.9400
2026.02.22,20:00:00,8.638000,8.704000,8.600000,8.677000,1163170.6800
2026.02.23,00:00:00,8.677000,8.692000,8.165000,8.249000,6470631.6600
2026.02.23,04:00:00,8.249000,8.374000,8.171000,8.350000,2239577.8200
2026.02.23,08:00:00,8.350000,8.557000,8.306000,8.470000,2264224.2800
2026.02.23,12:00:00,8.470000,8.577000,8.392000,8.414000,2931166.7700
2026.02.23,16:00:00,8.413000,8.452000,8.177000,8.228000,3747792.2800
2026.02.23,20:00:00,8.227000,8.341000,8.202000,8.262000,1882382.8300
2026.02.24,00:00:00,8.262000,8.335000,8.113000,8.205000,2762375.2200
2026.02.24,04:00:00,8.204000,8.230000,8.120000,8.147000,2240952.2400
2026.02.24,08:00:00,8.147000,8.198000,8.102000,8.172000,1784539.8500
2026.02.24,12:00:00,8.172000,8.227000,8.050000,8.210000,3156477.8900
2026.02.24,16:00:00,8.211000,8.276000,8.171000,8.226000,2136429.8100
2026.02.24,20:00:00,8.226000,8.258000,8.161000,8.191000,1328231.6900
2026.02.25,00:00:00,8.192000,8.627000,8.177000,8.500000,5126170.8600
2026.02.25,04:00:00,8.501000,8.552000,8.352000,8.474000,2163975.7500
2026.02.25,08:00:00,8.474000,8.663000,8.433000,8.654000,2248115.9700
2026.02.25,12:00:00,8.654000,9.332000,8.636000,9.279000,8477683.0100
2026.02.25,16:00:00,9.279000,9.506000,9.278000,9.473000,4799497.8000
2026.02.25,20:00:00,9.474000,9.589000,9.179000,9.266000,3770955.4300
2026.02.26,00:00:00,9.266000,9.334000,9.145000,9.218000,2807945.0200
2026.02.26,04:00:00,9.218000,9.338000,9.188000,9.203000,2425447.4600
2026.02.26,08:00:00,9.204000,9.317000,9.156000,9.206000,2602506.6400
2026.02.26,12:00:00,9.207000,9.310000,9.022000,9.116000,4024114.1200
2026.02.26,16:00:00,9.117000,9.139000,8.853000,9.092000,3700567.2200
2026.02.26,20:00:00,9.092000,9.141000,9.037000,9.093000,1108573.0900
2026.02.27,00:00:00,9.093000,9.197000,8.998000,9.180000,2034920.6000
2026.02.27,04:00:00,9.181000,9.293000,9.116000,9.172000,1988988.6300
2026.02.27,08:00:00,9.172000,9.232000,8.801000,8.841000,3153427.6000
2026.02.27,12:00:00,8.841000,8.865000,8.726000,8.811000,3730269.1000
2026.02.27,16:00:00,8.810000,8.813000,8.638000,8.667000,2786269.0100
2026.02.27,20:00:00,8.667000,8.729000,8.543000,8.705000,1810624.0100
2026.02.28,00:00:00,8.705000,8.744000,8.661000,8.674000,1214879.8000
2026.02.28,04:00:00,8.674000,8.692000,8.211000,8.345000,5400724.9500
2026.02.28,08:00:00,8.345000,8.347000,8.203000,8.270000,3185509.4600
2026.02.28,12:00:00,8.271000,8.539000,8.269000,8.432000,3847668.8300
2026.02.28,16:00:00,8.431000,8.730000,8.398000,8.682000,3167771.7800
2026.02.28,20:00:00,8.682000,8.940000,8.659000,8.840000,3157092.5200
2026.03.01,00:00:00,8.839000,9.206000,8.739000,9.051000,3523023.6900
2026.03.01,04:00:00,9.051000,9.093000,8.922000,8.974000,1894805.5700
2026.03.01,08:00:00,8.974000,8.992000,8.835000,8.870000,1965181.0300
2026.03.01,12:00:00,8.869000,9.053000,8.780000,8.912000,3231747.7700
2026.03.01,16:00:00,8.912000,8.971000,8.671000,8.688000,3700701.4800
2026.03.01,20:00:00,8.688000,8.782000,8.532000,8.669000,3130730.7000
2026.03.02,00:00:00,8.669000,8.884000,8.655000,8.822000,2568474.9900
2026.03.02,04:00:00,8.823000,8.850000,8.602000,8.668000,1641030.8300
2026.03.02,08:00:00,8.669000,8.766000,8.582000,8.689000,1976493.7400
2026.03.02,12:00:00,8.690000,9.177000,8.581000,9.101000,4921642.6600
2026.03.02,16:00:00,9.102000,9.268000,8.943000,9.034000,4095159.0700
2026.03.02,20:00:00,9.033000,9.106000,8.917000,8.945000,1980105.0200
2026.03.03,00:00:00,8.946000,9.007000,8.840000,8.880000,1776283.4800
2026.03.03,04:00:00,8.881000,8.932000,8.766000,8.790000,1620865.1600
2026.03.03,08:00:00,8.789000,8.803000,8.591000,8.667000,2866825.2300
2026.03.03,12:00:00,8.668000,8.784000,8.552000,8.741000,3671992.0900
2026.03.03,16:00:00,8.741000,8.925000,8.701000,8.802000,3455653.3200
2026.03.03,20:00:00,8.803000,8.883000,8.674000,8.805000,2182275.9200
2026.03.04,00:00:00,8.804000,8.894000,8.681000,8.754000,2066665.8400
2026.03.04,04:00:00,8.753000,8.922000,8.682000,8.896000,1763541.7800
2026.03.04,08:00:00,8.896000,9.296000,8.882000,9.126000,4676704.9400
2026.03.04,12:00:00,9.125000,9.509000,9.023000,9.497000,4280009.9000
2026.03.04,16:00:00,9.496000,9.628000,9.357000,9.525000,3474918.0400
2026.03.04,20:00:00,9.525000,9.560000,9.290000,9.343000,2352518.6000
2026.03.05,00:00:00,9.344000,9.389000,9.230000,9.259000,2354377.5500
2026.03.05,04:00:00,9.260000,9.354000,9.174000,9.213000,1798771.7600
2026.03.05,08:00:00,9.214000,9.459000,9.192000,9.391000,2302166.4600
2026.03.05,12:00:00,9.392000,9.482000,9.166000,9.230000,4223066.3000
2026.03.05,16:00:00,9.230000,9.269000,9.063000,9.179000,2693830.3500
2026.03.05,20:00:00,9.179000,9.318000,9.165000,9.199000,1727270.8400
2026.03.06,00:00:00,9.199000,9.295000,9.163000,9.259000,1397641.3800
2026.03.06,04:00:00,9.259000,9.288000,9.147000,9.271000,1426323.9500
2026.03.06,08:00:00,9.272000,9.273000,9.051000,9.068000,1985353.0400
2026.03.06,12:00:00,9.068000,9.134000,8.740000,8.784000,4888436.7500
2026.03.06,16:00:00,8.783000,8.828000,8.663000,8.783000,2670965.6500
2026.03.06,20:00:00,8.783000,8.822000,8.730000,8.791000,978382.1600
2026.03.07,00:00:00,8.792000,8.852000,8.755000,8.784000,996690.6000
2026.03.07,04:00:00,8.785000,8.814000,8.726000,8.803000,1157659.2300
2026.03.07,08:00:00,8.802000,8.820000,8.743000,8.795000,1032310.0700
2026.03.07,12:00:00,8.795000,8.816000,8.723000,8.747000,1102887.3600
2026.03.07,16:00:00,8.747000,8.805000,8.635000,8.655000,1694314.1400
2026.03.07,20:00:00,8.655000,8.711000,8.636000,8.692000,982653.9100
2026.03.08,00:00:00,8.693000,8.711000,8.574000,8.597000,1377744.7000
2026.03.08,04:00:00,8.597000,8.664000,8.522000,8.628000,1266135.5800
2026.03.08,08:00:00,8.628000,8.773000,8.585000,8.648000,1665188.9300
2026.03.08,12:00:00,8.648000,8.672000,8.533000,8.563000,2010124.6400
2026.03.08,16:00:00,8.562000,8.661000,8.496000,8.639000,1708235.2800
2026.03.08,20:00:00,8.638000,8.698000,8.386000,8.507000,2415833.0200
2026.03.09,00:00:00,8.508000,8.800000,8.500000,8.679000,2757135.2900
2026.03.09,04:00:00,8.679000,8.874000,8.642000,8.735000,2052073.1900
2026.03.09,08:00:00,8.736000,8.849000,8.707000,8.770000,1844797.8300
2026.03.09,12:00:00,8.770000,8.968000,8.770000,8.923000,3295864.0100
2026.03.09,16:00:00,8.923000,9.099000,8.863000,9.004000,2701864.0100
2026.03.09,20:00:00,9.004000,9.036000,8.840000,8.863000,1743739.7800
2026.03.10,00:00:00,8.862000,9.079000,8.846000,8.933000,1785680.8300
2026.03.10,04:00:00,8.933000,9.077000,8.932000,9.075000,1465297.4800
2026.03.10,08:00:00,9.076000,9.160000,9.058000,9.064000,2722054.0400
2026.03.10,12:00:00,9.065000,9.180000,8.853000,9.129000,4213047.5300
2026.03.10,16:00:00,9.129000,9.176000,8.914000,8.967000,2565163.3900
2026.03.10,20:00:00,8.966000,9.008000,8.904000,8.979000,1418534.2600
2026.03.11,00:00:00,8.980000,9.003000,8.907000,8.923000,1809943.0800
2026.03.11,04:00:00,8.922000,9.033000,8.862000,8.884000,1763617.8500
2026.03.11,08:00:00,8.884000,8.964000,8.877000,8.905000,1272077.3000
2026.03.11,12:00:00,8.906000,9.168000,8.878000,8.992000,4888196.3600
2026.03.11,16:00:00,8.993000,9.149000,8.965000,9.082000,2236369.9400
2026.03.11,20:00:00,9.081000,9.109000,8.974000,8.993000,1138062.1500
2026.03.12,00:00:00,8.993000,9.015000,8.826000,8.860000,1963000.9700
2026.03.12,04:00:00,8.859000,8.956000,8.836000,8.943000,1242777.3000
2026.03.12,08:00:00,8.943000,9.103000,8.917000,9.023000,2419429.2000
2026.03.12,12:00:00,9.024000,9.095000,8.891000,9.030000,3619033.1900
2026.03.12,16:00:00,9.029000,9.078000,8.955000,9.030000,2137977.8500
2026.03.12,20:00:00,9.030000,9.086000,8.960000,9.052000,1367417.9000
2026.03.13,00:00:00,9.052000,9.401000,9.031000,9.281000,4530066.7800
2026.03.13,04:00:00,9.281000,9.297000,9.168000,9.192000,1555912.7400
2026.03.13,08:00:00,9.191000,9.326000,9.155000,9.268000,1693597.4300
2026.03.13,12:00:00,9.268000,9.594000,9.233000,9.260000,5450960.7700
2026.03.13,16:00:00,9.260000,9.327000,9.095000,9.140000,3424638.6900
2026.03.13,20:00:00,9.141000,9.198000,9.014000,9.081000,2186628.6500
2026.03.14,00:00:00,9.080000,9.128000,9.017000,9.113000,1503971.4200
2026.03.14,04:00:00,9.114000,9.138000,8.955000,8.974000,2069710.6300
2026.03.14,08:00:00,8.974000,9.004000,8.912000,8.987000,1570746.7100
2026.03.14,12:00:00,8.986000,9.011000,8.955000,8.998000,1665678.8500
2026.03.14,16:00:00,8.997000,9.049000,8.976000,9.021000,1159367.1900
2026.03.14,20:00:00,9.021000,9.168000,9.011000,9.162000,1623212.2200
2026.03.15,00:00:00,9.162000,9.254000,9.108000,9.203000,1909662.8600
2026.03.15,04:00:00,9.203000,9.263000,9.181000,9.214000,1322099.2800
2026.03.15,08:00:00,9.214000,9.318000,9.214000,9.270000,1506440.8800
2026.03.15,12:00:00,9.271000,9.274000,9.133000,9.152000,2015494.7400
2026.03.15,16:00:00,9.152000,9.235000,9.114000,9.193000,1485380.8500
2026.03.15,20:00:00,9.192000,9.557000,9.171000,9.489000,4130593.0200
2026.03.16,00:00:00,9.490000,9.808000,9.405000,9.694000,4429062.8400
2026.03.16,04:00:00,9.693000,9.834000,9.668000,9.681000,4325019.6100
2026.03.16,08:00:00,9.682000,9.729000,9.554000,9.657000,2455139.9400
2026.03.16,12:00:00,9.656000,9.815000,9.588000,9.714000,3995100.7600
2026.03.16,16:00:00,9.714000,9.965000,9.701000,9.926000,3100022.7400
2026.03.16,20:00:00,9.927000,10.077000,9.857000,9.918000,3015694.1200
2026.03.17,00:00:00,9.918000,10.017000,9.773000,9.823000,3488832.8000
2026.03.17,04:00:00,9.823000,9.853000,9.677000,9.793000,2066524.3900
2026.03.17,08:00:00,9.792000,9.829000,9.722000,9.757000,1648553.4300
2026.03.17,12:00:00,9.757000,9.931000,9.710000,9.794000,2551253.6500
2026.03.17,16:00:00,9.795000,9.911000,9.784000,9.799000,1527494.4400
2026.03.17,20:00:00,9.800000,9.907000,9.769000,9.786000,1330935.3600
2026.03.18,00:00:00,9.787000,9.922000,9.748000,9.884000,1356923.8600
2026.03.18,04:00:00,9.885000,9.892000,9.774000,9.808000,1369113.6500
2026.03.18,08:00:00,9.809000,9.879000,9.520000,9.551000,3469020.4100
2026.03.18,12:00:00,9.550000,9.550000,9.118000,9.200000,5915171.6500
2026.03.18,16:00:00,9.199000,9.305000,9.087000,9.165000,2911607.0600
2026.03.18,20:00:00,9.165000,9.257000,9.076000,9.222000,1886402.3700
2026.03.19,00:00:00,9.223000,9.335000,9.157000,9.248000,1531823.5000
2026.03.19,04:00:00,9.247000,9.256000,9.030000,9.090000,2355046.1900
2026.03.19,08:00:00,9.089000,9.168000,9.061000,9.090000,1613939.6300
2026.03.19,12:00:00,9.090000,9.091000,8.887000,8.958000,4418029.2600
2026.03.19,16:00:00,8.957000,9.090000,8.893000,9.026000,2691051.0200
2026.03.19,20:00:00,9.026000,9.094000,9.006000,9.041000,1406441.2600
2026.03.20,00:00:00,9.041000,9.157000,9.033000,9.115000,1428160.7400
2026.03.20,04:00:00,9.115000,9.148000,9.026000,9.109000,1349962.9700
2026.03.20,08:00:00,9.109000,9.209000,9.051000,9.082000,2102330.1200
2026.03.20,12:00:00,9.083000,9.122000,8.965000,9.021000,2477485.2400
2026.03.20,16:00:00,9.021000,9.061000,8.952000,9.036000,1665895.2100
2026.03.20,20:00:00,9.037000,9.161000,8.975000,9.107000,1233013.3300
2026.03.21,00:00:00,9.108000,9.173000,9.104000,9.124000,974198.7400
2026.03.21,04:00:00,9.124000,9.149000,9.100000,9.122000,846397.1300
2026.03.21,08:00:00,9.123000,9.161000,9.086000,9.102000,869706.7300
2026.03.21,12:00:00,9.101000,9.140000,9.048000,9.101000,1386239.2200
2026.03.21,16:00:00,9.101000,9.105000,9.038000,9.065000,1241295.6700
2026.03.21,20:00:00,9.065000,9.104000,8.758000,8.819000,2641773.7800
2026.03.22,00:00:00,8.819000,8.968000,8.664000,8.901000,3021362.0600
2026.03.22,04:00:00,8.902000,8.943000,8.832000,8.837000,1168590.7300
2026.03.22,08:00:00,8.837000,8.860000,8.741000,8.750000,1539379.1000
2026.03.22,12:00:00,8.750000,8.833000,8.750000,8.792000,1112298.6300
2026.03.22,16:00:00,8.792000,8.803000,8.682000,8.703000,1710032.7600
2026.03.22,20:00:00,8.704000,8.757000,8.569000,8.685000,2168913.2000
2026.03.23,00:00:00,8.684000,8.776000,8.627000,8.700000,1484245.0900
2026.03.23,04:00:00,8.701000,8.778000,8.571000,8.643000,1888484.8700
2026.03.23,08:00:00,8.644000,9.249000,8.573000,8.972000,9091718.0300
2026.03.23,12:00:00,8.972000,9.286000,8.902000,9.044000,6658986.3900
2026.03.23,16:00:00,9.043000,9.217000,8.989000,9.122000,2828978.6700
2026.03.23,20:00:00,9.121000,9.174000,9.064000,9.103000,1405505.7300
2026.03.24,00:00:00,9.103000,9.138000,9.004000,9.083000,1877423.7100
2026.03.24,04:00:00,9.084000,9.258000,8.989000,9.240000,2852005.0000
2026.03.24,08:00:00,9.240000,9.256000,9.161000,9.241000,2285952.9500
2026.03.24,12:00:00,9.241000,9.247000,9.036000,9.111000,3604568.6800
2026.03.24,16:00:00,9.111000,9.160000,9.007000,9.057000,1752223.1500
2026.03.24,20:00:00,9.056000,9.267000,9.053000,9.246000,2053043.2400
2026.03.25,00:00:00,9.247000,9.312000,9.172000,9.240000,1868408.0000
2026.03.25,04:00:00,9.239000,9.358000,9.226000,9.284000,1886117.1600
2026.03.25,08:00:00,9.284000,9.461000,9.284000,9.413000,1941537.5900
2026.03.25,12:00:00,9.413000,9.493000,9.287000,9.363000,3012088.8300
2026.03.25,16:00:00,9.362000,9.470000,9.296000,9.346000,1991368.4000
2026.03.25,20:00:00,9.347000,9.405000,9.276000,9.372000,1346994.0900
2026.03.26,00:00:00,9.373000,9.387000,9.215000,9.248000,1383485.8000
2026.03.26,04:00:00,9.248000,9.249000,9.059000,9.099000,2304162.5000
2026.03.26,08:00:00,9.100000,9.105000,8.915000,8.939000,2733689.0000
2026.03.26,12:00:00,8.940000,9.025000,8.849000,8.927000,2561306.5300
2026.03.26,16:00:00,8.928000,8.947000,8.805000,8.828000,1987041.7600
2026.03.26,20:00:00,8.828000,8.979000,8.816000,8.906000,2164305.0700
2026.03.27,00:00:00,8.907000,8.978000,8.881000,8.910000,1122887.3900
2026.03.27,04:00:00,8.910000,8.942000,8.839000,8.903000,1455703.4800
2026.03.27,08:00:00,8.904000,8.921000,8.542000,8.589000,4035640.6400
2026.03.27,12:00:00,8.589000,8.679000,8.518000,8.605000,3343166.0700
2026.03.27,16:00:00,8.605000,8.634000,8.477000,8.538000,2145913.1000
2026.03.27,20:00:00,8.538000,8.573000,8.486000,8.564000,1093490.4700
2026.03.28,00:00:00,8.564000,8.567000,8.494000,8.514000,894172.9700
2026.03.28,04:00:00,8.514000,8.601000,8.496000,8.597000,971509.6000
2026.03.28,08:00:00,8.598000,8.610000,8.474000,8.535000,1529346.8100
2026.03.28,12:00:00,8.535000,8.693000,8.509000,8.636000,2890739.2500
2026.03.28,16:00:00,8.637000,8.650000,8.577000,8.599000,980870.1900
2026.03.28,20:00:00,8.599000,8.620000,8.364000,8.428000,3295590.3300
2026.03.29,00:00:00,8.429000,8.594000,8.407000,8.537000,1886461.2300
2026.03.29,04:00:00,8.537000,8.539000,8.488000,8.511000,1353019.4000
2026.03.29,08:00:00,8.511000,8.543000,8.449000,8.503000,1650065.4000
2026.03.29,12:00:00,8.503000,8.509000,8.381000,8.422000,2035197.3700
2026.03.29,16:00:00,8.423000,8.462000,8.389000,8.414000,879088.6500
2026.03.29,20:00:00,8.413000,8.486000,8.184000,8.409000,3600533.2200
2026.03.30,00:00:00,8.410000,8.669000,8.394000,8.632000,2749008.0100
2026.03.30,04:00:00,8.632000,8.749000,8.631000,8.739000,2225670.7100
2026.03.30,08:00:00,8.740000,8.906000,8.723000,8.865000,2945602.4100
2026.03.30,12:00:00,8.865000,8.927000,8.772000,8.826000,3384000.6300
2026.03.30,16:00:00,8.826000,8.838000,8.565000,8.622000,3188383.4800
2026.03.30,20:00:00,8.622000,8.723000,8.580000,8.622000,1531165.4300
2026.03.31,00:00:00,8.621000,8.855000,8.593000,8.745000,2097541.1800
2026.03.31,04:00:00,8.745000,8.775000,8.665000,8.707000,1420406.3900
2026.03.31,08:00:00,8.706000,8.715000,8.498000,8.611000,2761014.0800
2026.03.31,12:00:00,8.611000,8.806000,8.585000,8.622000,2834083.5700
2026.03.31,16:00:00,8.623000,8.888000,8.619000,8.772000,2883704.4900
2026.03.31,20:00:00,8.771000,8.814000,8.706000,8.777000,1163266.6900
2026.04.01,00:00:00,8.778000,8.830000,8.735000,8.816000,1546562.6700
2026.04.01,04:00:00,8.816000,9.193000,8.790000,9.056000,3558992.1600
2026.04.01,08:00:00,9.056000,9.101000,8.982000,9.017000,2245117.8900
2026.04.01,12:00:00,9.017000,9.089000,8.913000,9.002000,2593922.3400
2026.04.01,16:00:00,9.001000,9.136000,8.949000,9.014000,2122553.6400
2026.04.01,20:00:00,9.015000,9.037000,8.921000,8.939000,1289595.7800
2026.04.02,00:00:00,8.939000,9.006000,8.516000,8.560000,5586588.7000
2026.04.02,04:00:00,8.560000,8.565000,8.495000,8.560000,2171129.9000
2026.04.02,08:00:00,8.559000,8.560000,8.446000,8.479000,1929462.4800
2026.04.02,12:00:00,8.479000,8.640000,8.416000,8.561000,3655059.9900
2026.04.02,16:00:00,8.561000,8.654000,8.518000,8.608000,1828930.2900
2026.04.02,20:00:00,8.609000,8.651000,8.584000,8.627000,1206158.7100
2026.04.03,00:00:00,8.628000,8.673000,8.585000,8.645000,1679565.0400
2026.04.03,04:00:00,8.646000,8.763000,8.637000,8.709000,1433387.2300
2026.04.03,08:00:00,8.710000,8.740000,8.657000,8.721000,1165942.2500
2026.04.03,12:00:00,8.721000,8.807000,8.647000,8.693000,2237373.1000
2026.04.03,16:00:00,8.693000,8.727000,8.641000,8.673000,1097881.8100
2026.04.03,20:00:00,8.673000,8.712000,8.636000,8.654000,1053950.0900
2026.04.04,00:00:00,8.654000,8.654000,8.613000,8.640000,920464.2400
2026.04.04,04:00:00,8.639000,8.676000,8.627000,8.654000,609703.3800
2026.04.04,08:00:00,8.655000,8.673000,8.622000,8.657000,732886.2300
2026.04.04,12:00:00,8.658000,8.708000,8.605000,8.683000,1249549.1700
2026.04.04,16:00:00,8.684000,8.778000,8.660000,8.721000,1360077.3700
2026.04.04,20:00:00,8.720000,8.723000,8.674000,8.689000,502454.0200
2026.04.05,00:00:00,8.690000,8.694000,8.633000,8.646000,838311.9000
2026.04.05,04:00:00,8.646000,8.656000,8.495000,8.527000,1850687.4300
2026.04.05,08:00:00,8.526000,8.576000,8.520000,8.542000,965008.5000
2026.04.05,12:00:00,8.542000,8.678000,8.471000,8.595000,1946670.8700
2026.04.05,16:00:00,8.596000,8.643000,8.569000,8.620000,773894.0200
2026.04.05,20:00:00,8.620000,8.872000,8.559000,8.820000,2688371.1700
2026.04.06,00:00:00,8.820000,9.026000,8.820000,8.927000,3458039.2000
2026.04.06,04:00:00,8.927000,8.998000,8.899000,8.959000,2170808.3000
2026.04.06,08:00:00,8.960000,9.153000,8.953000,9.043000,3266865.1000
2026.04.06,12:00:00,9.044000,9.086000,8.993000,9.082000,2333442.6200
2026.04.06,16:00:00,9.083000,9.101000,8.935000,8.984000,2234975.1500
2026.04.06,20:00:00,8.985000,9.019000,8.718000,8.794000,2382556.4500
2026.04.07,00:00:00,8.794000,8.844000,8.722000,8.787000,1523068.9400
2026.04.07,04:00:00,8.786000,8.826000,8.724000,8.760000,1066756.3100
2026.04.07,08:00:00,8.761000,8.895000,8.666000,8.676000,2534388.6200
2026.04.07,12:00:00,8.676000,8.718000,8.566000,8.613000,4078036.8700
2026.04.07,16:00:00,8.613000,8.752000,8.588000,8.738000,2418147.0900
2026.04.07,20:00:00,8.739000,9.417000,8.709000,9.285000,6409874.4100
2026.04.08,00:00:00,9.284000,9.337000,9.171000,9.176000,2368444.7800
2026.04.08,04:00:00,9.177000,9.269000,9.177000,9.251000,1668094.2800
2026.04.08,08:00:00,9.252000,9.271000,9.143000,9.182000,1558070.1500
2026.04.08,12:00:00,9.183000,9.265000,8.962000,9.026000,4145508.4900
2026.04.08,16:00:00,9.026000,9.114000,8.931000,8.984000,1659712.9400
2026.04.08,20:00:00,8.983000,9.035000,8.830000,8.851000,1843498.4200
2026.04.09,00:00:00,8.852000,8.853000,8.683000,8.755000,3030998.0100
2026.04.09,04:00:00,8.755000,8.797000,8.742000,8.751000,1386680.8600
2026.04.09,08:00:00,8.752000,8.801000,8.733000,8.758000,1515102.0200
2026.04.09,12:00:00,8.758000,8.972000,8.685000,8.940000,2811245.0800
2026.04.09,16:00:00,8.940000,9.035000,8.860000,9.002000,2655608.0700
2026.04.09,20:00:00,9.003000,9.183000,8.925000,8.943000,2329769.9500
2026.04.10,00:00:00,8.942000,9.003000,8.882000,8.910000,1519040.6500
2026.04.10,04:00:00,8.911000,8.992000,8.883000,8.895000,1081935.9700
2026.04.10,08:00:00,8.896000,9.016000,8.875000,8.982000,1600270.7400
2026.04.10,12:00:00,8.982000,9.163000,8.960000,9.054000,3520477.7900
2026.04.10,16:00:00,9.055000,9.159000,9.019000,9.153000,1635867.9400
2026.04.10,20:00:00,9.153000,9.173000,9.062000,9.080000,1093890.2200
2026.04.11,00:00:00,9.081000,9.110000,9.024000,9.045000,959128.6400
2026.04.11,04:00:00,9.046000,9.074000,8.968000,9.006000,1275534.7000
2026.04.11,08:00:00,9.006000,9.047000,8.984000,9.008000,784706.8100
2026.04.11,12:00:00,9.008000,9.043000,8.944000,9.021000,1163637.5100
2026.04.11,16:00:00,9.021000,9.286000,9.016000,9.260000,2340851.0100
2026.04.11,20:00:00,9.261000,9.270000,9.037000,9.065000,1648975.0700
2026.04.12,00:00:00,9.066000,9.077000,8.739000,8.788000,3676498.9100
2026.04.12,04:00:00,8.787000,8.809000,8.752000,8.791000,1289410.3300
2026.04.12,08:00:00,8.791000,8.810000,8.742000,8.781000,975833.6000
2026.04.12,12:00:00,8.780000,8.822000,8.679000,8.710000,2264759.6200
2026.04.12,16:00:00,8.710000,8.799000,8.695000,8.758000,1015659.1300
2026.04.12,20:00:00,8.758000,8.839000,8.706000,8.729000,1677509.2500
2026.04.13,00:00:00,8.730000,8.833000,8.716000,8.776000,1422230.7600
2026.04.13,04:00:00,8.775000,8.808000,8.706000,8.725000,1592778.9700
2026.04.13,08:00:00,8.724000,8.752000,8.690000,8.725000,1409244.2600
2026.04.13,12:00:00,8.724000,8.913000,8.678000,8.819000,3952412.5400
2026.04.13,16:00:00,8.819000,9.035000,8.772000,9.017000,2848502.9900
2026.04.13,20:00:00,9.018000,9.435000,8.950000,9.359000,4961914.3700
2026.04.14,00:00:00,9.359000,9.386000,9.175000,9.214000,2851983.2600
2026.04.14,04:00:00,9.215000,9.244000,9.130000,9.213000,1938290.9800
2026.04.14,08:00:00,9.214000,9.252000,9.158000,9.171000,1233035.3200
2026.04.14,12:00:00,9.171000,9.293000,9.060000,9.126000,3911120.8700
2026.04.14,16:00:00,9.125000,9.175000,8.922000,8.983000,2455953.6500
2026.04.14,20:00:00,8.983000,9.052000,8.963000,9.014000,1193663.2800
2026.04.15,00:00:00,9.014000,9.106000,9.011000,9.066000,1191076.4800
2026.04.15,04:00:00,9.067000,9.109000,8.988000,9.010000,1186993.1000
2026.04.15,08:00:00,9.011000,9.153000,8.999000,9.134000,1281304.7900
2026.04.15,12:00:00,9.133000,9.246000,9.100000,9.158000,2291483.4300
2026.04.15,16:00:00,9.158000,9.370000,9.148000,9.323000,2457304.3000
2026.04.15,20:00:00,9.323000,9.353000,9.217000,9.258000,1540165.0600
2026.04.16,00:00:00,9.259000,9.331000,9.201000,9.277000,1197420.3500
2026.04.16,04:00:00,9.277000,9.359000,9.251000,9.291000,1874089.2700
2026.04.16,08:00:00,9.291000,9.327000,9.207000,9.283000,1541127.5000
2026.04.16,12:00:00,9.282000,9.464000,9.122000,9.453000,5476349.1000
2026.04.16,16:00:00,9.452000,9.652000,9.300000,9.642000,3880191.9600
2026.04.16,20:00:00,9.643000,9.677000,9.461000,9.596000,2493688.2700
2026.04.17,00:00:00,9.595000,9.612000,9.389000,9.411000,1671375.5600
2026.04.17,04:00:00,9.412000,9.467000,9.334000,9.467000,1662839.1700
2026.04.17,08:00:00,9.468000,9.604000,9.450000,9.516000,2211974.6200
2026.04.17,12:00:00,9.517000,9.865000,9.455000,9.747000,4751692.9200
2026.04.17,16:00:00,9.747000,9.829000,9.625000,9.665000,2162252.5300
2026.04.17,20:00:00,9.666000,9.706000,9.576000,9.607000,1404469.0400
2026.04.18,00:00:00,9.607000,9.647000,9.539000,9.557000,1032413.8800
2026.04.18,04:00:00,9.557000,9.626000,9.542000,9.598000,892365.8800
2026.04.18,08:00:00,9.599000,9.600000,9.332000,9.397000,3550116.0100
2026.04.18,12:00:00,9.397000,9.445000,9.306000,9.379000,2376035.6600
2026.04.18,16:00:00,9.378000,9.413000,9.250000,9.276000,1913030.2400
2026.04.18,20:00:00,9.276000,9.342000,9.258000,9.277000,922626.0500
2026.04.19,00:00:00,9.277000,9.291000,9.157000,9.220000,2143922.4700
2026.04.19,04:00:00,9.221000,9.283000,9.095000,9.170000,1988601.2500
2026.04.19,08:00:00,9.170000,9.220000,9.103000,9.212000,1178271.3700
2026.04.19,12:00:00,9.213000,9.370000,9.194000,9.281000,2097415.1100
2026.04.19,16:00:00,9.282000,9.292000,9.104000,9.177000,1919596.7200
2026.04.19,20:00:00,9.177000,9.177000,8.993000,9.058000,2151299.1500
2026.04.20,00:00:00,9.059000,9.202000,9.045000,9.188000,1482874.2300
2026.04.20,04:00:00,9.188000,9.359000,9.093000,9.242000,2213516.4700
2026.04.20,08:00:00,9.243000,9.314000,9.147000,9.208000,3037114.6900
2026.04.20,12:00:00,9.208000,9.293000,9.131000,9.261000,2146818.4100
2026.04.20,16:00:00,9.262000,9.358000,9.202000,9.318000,1852272.7300
2026.04.20,20:00:00,9.318000,9.402000,9.257000,9.282000,1539266.8600
2026.04.21,00:00:00,9.281000,9.352000,9.232000,9.283000,1096091.0600
2026.04.21,04:00:00,9.283000,9.390000,9.268000,9.360000,1205766.8400
2026.04.21,08:00:00,9.359000,9.487000,9.343000,9.409000,1912954.1600
2026.04.21,12:00:00,9.409000,9.475000,9.327000,9.413000,2798001.7800
2026.04.21,16:00:00,9.414000,9.438000,9.233000,9.263000,2360978.2000
2026.04.21,20:00:00,9.264000,9.412000,9.257000,9.392000,1638373.5000
2026.04.22,00:00:00,9.392000,9.525000,9.372000,9.503000,1953759.4800
2026.04.22,04:00:00,9.503000,9.556000,9.469000,9.496000,2277211.5000
2026.04.22,08:00:00,9.496000,9.545000,9.469000,9.521000,1111361.6000
2026.04.22,12:00:00,9.522000,9.548000,9.455000,9.484000,2185582.0400
2026.04.22,16:00:00,9.485000,9.504000,9.372000,9.411000,1734141.9800
2026.04.22,20:00:00,9.411000,9.415000,9.268000,9.284000,1562077.2500
2026.04.23,00:00:00,9.285000,9.310000,9.139000,9.172000,2380761.8400
2026.04.23,04:00:00,9.173000,9.261000,9.159000,9.232000,1338001.2700
2026.04.23,08:00:00,9.231000,9.273000,9.158000,9.258000,2264049.7500
2026.04.23,12:00:00,9.257000,9.385000,9.237000,9.345000,2000137.1500
2026.04.23,16:00:00,9.346000,9.356000,9.145000,9.267000,2087100.3100
2026.04.23,20:00:00,9.267000,9.356000,9.265000,9.344000,1214624.6000
2026.04.24,00:00:00,9.345000,9.391000,9.250000,9.289000,1518118.3800
2026.04.24,04:00:00,9.289000,9.312000,9.240000,9.286000,1252378.4100
2026.04.24,08:00:00,9.287000,9.379000,9.244000,9.351000,1543519.2200
2026.04.24,12:00:00,9.350000,9.390000,9.288000,9.366000,1737522.8800
2026.04.24,16:00:00,9.365000,9.432000,9.322000,9.403000,1509528.5300
2026.04.24,20:00:00,9.402000,9.442000,9.351000,9.371000,1019459.2400
2026.04.25,00:00:00,9.370000,9.427000,9.339000,9.420000,800495.6800
2026.04.25,04:00:00,9.420000,9.443000,9.389000,9.397000,679000.2400
2026.04.25,08:00:00,9.396000,9.435000,9.366000,9.386000,809199.2900
2026.04.25,12:00:00,9.386000,9.415000,9.325000,9.341000,986389.9600
2026.04.25,16:00:00,9.340000,9.359000,9.282000,9.300000,1381709.1300
2026.04.25,20:00:00,9.301000,9.357000,9.286000,9.342000,670827.3300
2026.04.26,00:00:00,9.342000,9.342000,9.294000,9.316000,727988.3100
2026.04.26,04:00:00,9.316000,9.419000,9.308000,9.417000,1062108.0700
2026.04.26,08:00:00,9.418000,9.485000,9.400000,9.464000,1238018.8000
2026.04.26,12:00:00,9.463000,9.498000,9.413000,9.487000,1425506.1400
2026.04.26,16:00:00,9.488000,9.535000,9.425000,9.477000,1190039.1300
2026.04.26,20:00:00,9.478000,9.518000,9.405000,9.479000,1159231.8500
2026.04.27,00:00:00,9.480000,9.588000,9.434000,9.540000,1816249.0900
2026.04.27,04:00:00,9.540000,9.559000,9.292000,9.302000,2649965.6600
2026.04.27,08:00:00,9.302000,9.352000,9.296000,9.329000,977880.9800
2026.04.27,12:00:00,9.329000,9.369000,9.146000,9.178000,3016285.7800
2026.04.27,16:00:00,9.178000,9.246000,9.155000,9.216000,1371506.8100
2026.04.27,20:00:00,9.215000,9.329000,9.205000,9.316000,905934.6800
2026.04.28,00:00:00,9.317000,9.325000,9.241000,9.281000,1026762.6600
2026.04.28,04:00:00,9.280000,9.313000,9.202000,9.252000,1148254.3000
2026.04.28,08:00:00,9.251000,9.274000,9.177000,9.196000,886726.4000
2026.04.28,12:00:00,9.197000,9.243000,9.140000,9.219000,2045860.1700
2026.04.28,16:00:00,9.219000,9.279000,9.186000,9.275000,1051768.2600
2026.04.28,20:00:00,9.275000,9.287000,9.218000,9.237000,630625.4600
2026.04.29,00:00:00,9.237000,9.317000,9.207000,9.304000,1064233.6300
2026.04.29,04:00:00,9.304000,9.397000,9.296000,9.314000,1494627.7900
2026.04.29,08:00:00,9.313000,9.414000,9.258000,9.355000,1625542.3200
2026.04.29,12:00:00,9.354000,9.358000,9.071000,9.091000,3377247.9000
2026.04.29,16:00:00,9.090000,9.158000,8.904000,9.009000,4249950.2900
2026.04.29,20:00:00,9.009000,9.133000,9.004000,9.107000,1349220.3700
2026.04.30,00:00:00,9.107000,9.185000,9.053000,9.102000,1374095.6200
2026.04.30,04:00:00,9.102000,9.126000,9.014000,9.124000,972645.8400
2026.04.30,08:00:00,9.123000,9.163000,9.089000,9.122000,1138810.0700
2026.04.30,12:00:00,9.122000,9.172000,9.078000,9.133000,1493498.7600
2026.04.30,16:00:00,9.133000,9.151000,9.083000,9.128000,902863.0100
2026.04.30,20:00:00,9.128000,9.145000,9.079000,9.100000,592706.3100
2026.05.01,00:00:00,9.101000,9.207000,9.098000,9.163000,1200223.4500
2026.05.01,04:00:00,9.164000,9.178000,9.125000,9.148000,854360.2000
2026.05.01,08:00:00,9.148000,9.187000,9.110000,9.143000,1001069.7900
2026.05.01,12:00:00,9.143000,9.276000,9.134000,9.223000,2613508.2300
2026.05.01,16:00:00,9.224000,9.250000,9.160000,9.170000,1156235.4200
2026.05.01,20:00:00,9.170000,9.175000,9.061000,9.090000,1383639.8000
2026.05.02,00:00:00,9.090000,9.131000,9.077000,9.112000,827126.3200
2026.05.02,04:00:00,9.112000,9.114000,9.060000,9.080000,769994.4800
2026.05.02,08:00:00,9.079000,9.098000,9.067000,9.071000,581751.8100
2026.05.02,12:00:00,9.071000,9.200000,9.069000,9.158000,1883064.7900
2026.05.02,16:00:00,9.158000,9.174000,9.113000,9.164000,807992.1200
2026.05.02,20:00:00,9.163000,9.254000,9.158000,9.174000,989536.6200
2026.05.03,00:00:00,9.174000,9.182000,9.072000,9.087000,1253321.5400
2026.05.03,04:00:00,9.088000,9.129000,9.063000,9.112000,1332749.4100
2026.05.03,08:00:00,9.111000,9.198000,9.102000,9.171000,1156763.3400
2026.05.03,12:00:00,9.171000,9.207000,9.118000,9.150000,1920840.1500
2026.05.03,16:00:00,9.150000,9.172000,9.128000,9.155000,624576.1300
2026.05.03,20:00:00,9.155000,9.222000,9.105000,9.122000,1707723.0000
2026.05.04,00:00:00,9.122000,9.354000,9.083000,9.346000,3445581.3700
2026.05.04,04:00:00,9.346000,9.401000,9.253000,9.316000,1826838.2400
2026.05.04,08:00:00,9.317000,9.653000,9.283000,9.422000,8246441.5000
2026.05.04,12:00:00,9.421000,9.540000,9.339000,9.412000,2793008.5500
2026.05.04,16:00:00,9.413000,9.509000,9.337000,9.391000,1851681.0000
2026.05.04,20:00:00,9.391000,9.418000,9.314000,9.355000,1029663.6700
2026.05.05,00:00:00,9.354000,9.544000,9.349000,9.503000,1651770.5700
2026.05.05,04:00:00,9.502000,9.628000,9.491000,9.599000,1701172.0300
2026.05.05,08:00:00,9.599000,9.734000,9.506000,9.731000,3428470.3400
2026.05.05,12:00:00,9.731000,9.808000,9.632000,9.720000,3170415.0200
2026.05.05,16:00:00,9.720000,9.739000,9.663000,9.724000,1042948.5500
2026.05.05,20:00:00,9.723000,9.844000,9.720000,9.763000,1945509.8100
2026.05.06,00:00:00,9.763000,9.869000,9.755000,9.854000,1919873.9000
2026.05.06,04:00:00,9.854000,9.918000,9.783000,9.870000,2094846.1000
2026.05.06,08:00:00,9.870000,10.247000,9.861000,10.179000,5312531.0800
2026.05.06,12:00:00,10.178000,10.206000,9.874000,10.030000,3971121.8500
2026.05.06,16:00:00,10.029000,10.075000,9.938000,10.014000,1417802.1200
2026.05.06,20:00:00,10.014000,10.058000,9.936000,9.993000,1125260.1300
2026.05.07,00:00:00,9.994000,10.007000,9.845000,9.863000,1743881.7000
2026.05.07,04:00:00,9.863000,10.129000,9.855000,10.112000,1908304.4000
2026.05.07,08:00:00,10.113000,10.118000,9.946000,10.020000,1855078.9000
2026.05.07,12:00:00,10.020000,10.073000,9.794000,9.862000,2931476.4600
2026.05.07,16:00:00,9.863000,9.947000,9.802000,9.890000,1661301.3200
2026.05.07,20:00:00,9.891000,9.946000,9.804000,9.846000,998506.8500
2026.05.08,00:00:00,9.845000,9.883000,9.761000,9.855000,1649939.8500
2026.05.08,04:00:00,9.855000,9.890000,9.789000,9.887000,1231276.6000
2026.05.08,08:00:00,9.888000,9.942000,9.833000,9.930000,2358629.4200
2026.05.08,12:00:00,9.931000,10.093000,9.879000,10.090000,2483934.6800
2026.05.08,16:00:00,10.091000,10.491000,10.029000,10.369000,5591475.0800
2026.05.08,20:00:00,10.370000,10.389000,10.269000,10.340000,1590507.9800
2026.05.09,00:00:00,10.340000,10.599000,10.309000,10.536000,2840837.7800
2026.05.09,04:00:00,10.537000,10.606000,10.447000,10.456000,1719253.0900
2026.05.09,08:00:00,10.456000,10.505000,10.388000,10.456000,1501387.3000
2026.05.09,12:00:00,10.456000,10.479000,10.274000,10.330000,2065978.6300
2026.05.09,16:00:00,10.330000,10.453000,10.292000,10.440000,1563461.0800
2026.05.09,20:00:00,10.440000,10.444000,10.347000,10.368000,703192.6000
2026.05.10,00:00:00,10.369000,10.391000,10.277000,10.346000,1306459.6100
2026.05.10,04:00:00,10.346000,10.452000,10.333000,10.416000,1073461.1800
2026.05.10,08:00:00,10.416000,10.547000,10.409000,10.473000,1766665.2600
2026.05.10,12:00:00,10.474000,10.625000,10.437000,10.620000,2304462.2000
2026.05.10,16:00:00,10.620000,10.863000,10.589000,10.837000,3419040.4800
2026.05.10,20:00:00,10.837000,10.870000,10.430000,10.716000,4397462.3100
2026.05.11,00:00:00,10.716000,10.755000,10.430000,10.523000,2830526.6100
2026.05.11,04:00:00,10.522000,10.610000,10.458000,10.521000,1441689.2200
2026.05.11,08:00:00,10.520000,10.646000,10.506000,10.571000,1438357.7200
2026.05.11,12:00:00,10.572000,10.594000,10.386000,10.577000,2429006.9000
2026.05.11,16:00:00,10.576000,10.695000,10.531000,10.676000,2476965.3700
2026.05.11,20:00:00,10.676000,10.705000,10.537000,10.591000,1092275.0100
2026.05.12,00:00:00,10.591000,10.591000,10.389000,10.461000,1612061.3300
2026.05.12,04:00:00,10.462000,10.521000,10.376000,10.432000,1263604.6400
2026.05.12,08:00:00,10.433000,10.445000,10.221000,10.261000,2873994.2200
2026.05.12,12:00:00,10.261000,10.365000,10.088000,10.151000,4957081.2700
2026.05.12,16:00:00,10.151000,10.324000,10.117000,10.315000,1779223.8600
2026.05.12,20:00:00,10.316000,10.353000,10.278000,10.284000,755205.5100
2026.05.13,00:00:00,10.283000,10.478000,10.265000,10.466000,1643640.5300
2026.05.13,04:00:00,10.467000,10.578000,10.391000,10.571000,1994158.4300
2026.05.13,08:00:00,10.572000,10.802000,10.467000,10.482000,3712043.4900
2026.05.13,12:00:00,10.481000,10.512000,10.031000,10.063000,5709483.3400
2026.05.13,16:00:00,10.063000,10.244000,10.055000,10.164000,1735129.3500
2026.05.13,20:00:00,10.164000,10.226000,10.112000,10.213000,925283.9700
2026.05.14,00:00:00,10.213000,10.268000,10.089000,10.107000,1568593.1800
2026.05.14,04:00:00,10.108000,10.323000,10.087000,10.221000,1611615.1600
2026.05.14,08:00:00,10.221000,10.291000,10.176000,10.232000,1428307.9300
2026.05.14,12:00:00,10.232000,10.660000,10.202000,10.635000,3990011.2400
2026.05.14,16:00:00,10.635000,10.769000,10.560000,10.625000,4248741.9100
2026.05.14,20:00:00,10.626000,10.645000,10.461000,10.480000,1456145.2100
2026.05.15,00:00:00,10.481000,10.559000,10.351000,10.413000,2114477.1000
2026.05.15,04:00:00,10.413000,10.418000,10.199000,10.367000,2428420.7200
2026.05.15,08:00:00,10.368000,10.371000,10.244000,10.301000,1656898.6800
2026.05.15,12:00:00,10.301000,10.311000,9.954000,10.022000,5183142.1000
2026.05.15,16:00:00,10.022000,10.131000,9.996000,10.057000,1476795.4600
2026.05.15,20:00:00,10.057000,10.081000,10.016000,10.064000,848892.6800
2026.05.16,00:00:00,10.065000,10.092000,10.035000,10.060000,757936.4900
2026.05.16,04:00:00,10.059000,10.061000,9.724000,9.815000,3413043.1500
2026.05.16,08:00:00,9.815000,9.832000,9.609000,9.645000,2974107.9600
2026.05.16,12:00:00,9.646000,9.710000,9.618000,9.702000,1513165.1000
2026.05.16,16:00:00,9.702000,9.774000,9.693000,9.743000,1472704.0600
2026.05.16,20:00:00,9.743000,9.771000,9.703000,9.713000,691506.2500
2026.05.17,00:00:00,9.712000,9.731000,9.622000,9.717000,1406317.9200
2026.05.17,04:00:00,9.717000,9.826000,9.712000,9.773000,1071333.1200
2026.05.17,08:00:00,9.773000,9.848000,9.744000,9.786000,1005301.3600
2026.05.17,12:00:00,9.786000,9.834000,9.649000,9.709000,3047155.3400
2026.05.17,16:00:00,9.710000,9.760000,9.644000,9.746000,1064740.0600
2026.05.17,20:00:00,9.747000,9.771000,9.319000,9.561000,3479678.8000
2026.05.18,00:00:00,9.560000,9.580000,9.447000,9.508000,2221292.0500
2026.05.18,04:00:00,9.508000,9.570000,9.420000,9.469000,1741760.9100
2026.05.18,08:00:00,9.470000,9.565000,9.398000,9.510000,1541708.9500
2026.05.18,12:00:00,9.510000,9.602000,9.337000,9.417000,3218502.7600
2026.05.18,16:00:00,9.417000,9.530000,9.298000,9.506000,2961528.0400
2026.05.18,20:00:00,9.507000,9.615000,9.466000,9.602000,1645985.3600
2026.05.19,00:00:00,9.603000,9.726000,9.578000,9.698000,2363823.0000
2026.05.19,04:00:00,9.699000,9.821000,9.657000,9.793000,2020268.7800
2026.05.19,08:00:00,9.794000,9.795000,9.526000,9.537000,2583549.6900
2026.05.19,12:00:00,9.538000,9.617000,9.430000,9.483000,2597460.0500
2026.05.19,16:00:00,9.484000,9.559000,9.447000,9.464000,1640338.2000
2026.05.19,20:00:00,9.465000,9.492000,9.428000,9.443000,962314.1300
2026.05.20,00:00:00,9.444000,9.509000,9.372000,9.486000,2148002.3100
2026.05.20,04:00:00,9.486000,9.627000,9.459000,9.574000,1418333.1900
2026.05.20,08:00:00,9.575000,9.640000,9.524000,9.541000,1143051.1200
2026.05.20,12:00:00,9.541000,9.649000,9.476000,9.625000,2627866.6700
2026.05.20,16:00:00,9.626000,9.685000,9.557000,9.651000,1929337.3600
2026.05.20,20:00:00,9.651000,9.663000,9.560000,9.631000,1068795.1200
2026.05.21,00:00:00,9.631000,9.764000,9.623000,9.756000,2181916.6000
2026.05.21,04:00:00,9.756000,9.771000,9.620000,9.689000,1465999.9900
2026.05.21,08:00:00,9.689000,9.759000,9.512000,9.545000,2519118.4300
2026.05.21,12:00:00,9.545000,9.683000,9.517000,9.643000,2358459.0800
2026.05.21,16:00:00,9.644000,9.853000,9.606000,9.797000,3004384.6300
2026.05.21,20:00:00,9.797000,9.810000,9.694000,9.750000,1590019.5100
2026.05.22,00:00:00,9.751000,9.833000,9.706000,9.821000,1174208.8800
2026.05.22,04:00:00,9.822000,9.861000,9.746000,9.818000,1407465.9600
2026.05.22,08:00:00,9.818000,9.892000,9.757000,9.887000,1496510.9800
2026.05.22,12:00:00,9.887000,10.031000,9.731000,9.803000,4676829.0100
2026.05.22,16:00:00,9.802000,9.855000,9.366000,9.461000,5231060.6400
2026.05.22,20:00:00,9.462000,9.570000,9.352000,9.414000,2379916.7600
2026.05.23,00:00:00,9.414000,9.435000,9.334000,9.402000,1455225.3700
2026.05.23,04:00:00,9.402000,9.407000,9.034000,9.122000,4192032.3600
2026.05.23,08:00:00,9.122000,9.216000,9.091000,9.179000,2383918.2700
2026.05.23,12:00:00,9.179000,9.364000,9.155000,9.313000,2971783.7100
2026.05.23,16:00:00,9.314000,9.425000,9.278000,9.400000,1611142.6500
2026.05.23,20:00:00,9.400000,9.780000,9.384000,9.559000,3658036.6000
2026.05.24,00:00:00,9.559000,9.617000,9.519000,9.535000,1289520.0500
2026.05.24,04:00:00,9.536000,9.626000,9.488000,9.554000,2564645.1100
2026.05.24,08:00:00,9.555000,9.646000,9.535000,9.592000,1246607.6700
2026.05.24,12:00:00,9.592000,9.595000,9.335000,9.428000,1806373.2300
2026.05.24,16:00:00,9.428000,9.483000,9.406000,9.427000,1005370.3400
2026.05.24,20:00:00,9.427000,9.456000,9.242000,9.426000,1594304.7200
2026.05.25,00:00:00,9.427000,9.489000,9.362000,9.387000,1084511.0700
2026.05.25,04:00:00,9.388000,9.542000,9.379000,9.517000,1194750.4900
2026.05.25,08:00:00,9.518000,9.605000,9.490000,9.528000,2075020.3900
2026.05.25,12:00:00,9.528000,9.659000,9.513000,9.596000,1727375.2300
2026.05.25,16:00:00,9.596000,9.668000,9.520000,9.548000,1020747.1900
2026.05.25,20:00:00,9.547000,9.569000,9.442000,9.499000,1045881.8200
2026.05.26,00:00:00,9.499000,9.504000,9.354000,9.408000,1562968.2500
2026.05.26,04:00:00,9.408000,9.560000,9.400000,9.477000,1531497.7300
2026.05.26,08:00:00,9.478000,9.640000,9.454000,9.569000,2378971.3400
2026.05.26,12:00:00,9.568000,9.682000,9.400000,9.469000,3574124.1200
2026.05.26,16:00:00,9.469000,9.476000,9.335000,9.398000,3653727.2600
2026.05.26,20:00:00,9.399000,9.427000,9.339000,9.380000,973027.3200
2026.05.27,00:00:00,9.381000,9.470000,9.378000,9.391000,1309474.0000
2026.05.27,04:00:00,9.390000,9.450000,9.279000,9.436000,1978499.9700
2026.05.27,08:00:00,9.435000,9.445000,9.329000,9.355000,1788656.3100
2026.05.27,12:00:00,9.356000,9.480000,9.264000,9.429000,3535409.7800
2026.05.27,16:00:00,9.430000,9.453000,9.214000,9.318000,2123779.2800
2026.05.27,20:00:00,9.319000,9.351000,9.100000,9.130000,2395029.7400
2026.05.28,00:00:00,9.130000,9.151000,8.878000,8.884000,4811818.9800
2026.05.28,04:00:00,8.885000,8.914000,8.745000,8.898000,4090283.6800
2026.05.28,08:00:00,8.898000,8.930000,8.838000,8.861000,1324441.5600
2026.05.28,12:00:00,8.861000,8.963000,8.786000,8.894000,3356051.8300
2026.05.28,16:00:00,8.893000,9.088000,8.860000,8.987000,2063052.1700
2026.05.28,20:00:00,8.988000,9.063000,8.957000,8.998000,1102761.0900
2026.05.29,00:00:00,8.997000,9.047000,8.933000,8.938000,1219334.1700
2026.05.29,04:00:00,8.939000,9.039000,8.903000,8.998000,1296988.4600
2026.05.29,08:00:00,8.997000,9.051000,8.911000,8.940000,1363440.6600
2026.05.29,12:00:00,8.941000,9.133000,8.785000,9.064000,4178957.0300
2026.05.29,16:00:00,9.065000,9.130000,8.914000,8.996000,2306656.7800
2026.05.29,20:00:00,8.996000,9.042000,8.946000,9.017000,1216062.3700
2026.05.30,00:00:00,9.017000,9.310000,9.013000,9.240000,3118879.5400
2026.05.30,04:00:00,9.240000,9.275000,9.081000,9.157000,2711326.3100
2026.05.30,08:00:00,9.157000,9.176000,9.106000,9.133000,950851.9500
2026.05.30,12:00:00,9.134000,9.235000,9.123000,9.197000,1242535.3000
2026.05.30,16:00:00,9.198000,9.263000,9.183000,9.258000,1090174.4900
2026.05.30,20:00:00,9.258000,9.284000,9.156000,9.187000,1063106.2100
2026.05.31,00:00:00,9.187000,9.298000,9.177000,9.256000,1188324.3700
2026.05.31,04:00:00,9.256000,9.260000,9.165000,9.197000,1265333.5200
2026.05.31,08:00:00,9.196000,9.272000,9.154000,9.223000,1272392.1400
2026.05.31,12:00:00,9.224000,9.262000,9.029000,9.092000,2185298.9500
2026.05.31,16:00:00,9.091000,9.108000,8.984000,9.034000,1553865.7900
2026.05.31,20:00:00,9.035000,9.218000,9.035000,9.143000,1193819.9300
2026.06.01,00:00:00,9.142000,9.212000,9.022000,9.174000,1741999.6100
2026.06.01,04:00:00,9.174000,9.194000,8.951000,8.961000,2128368.6200
2026.06.01,08:00:00,8.962000,9.046000,8.927000,8.996000,1374998.7300
2026.06.01,12:00:00,8.997000,9.033000,8.841000,8.907000,3377307.8800
2026.06.01,16:00:00,8.908000,9.108000,8.858000,9.079000,2059240.5600
2026.06.01,20:00:00,9.079000,9.084000,8.938000,9.053000,1169259.0900
2026.06.02,00:00:00,9.053000,9.069000,8.801000,9.014000,2643742.8300
2026.06.02,04:00:00,9.015000,9.027000,8.781000,8.841000,2633378.4400
2026.06.02,08:00:00,8.842000,8.867000,8.769000,8.812000,1969179.8000
2026.06.02,12:00:00,8.813000,8.871000,8.475000,8.562000,5952829.3300
2026.06.02,16:00:00,8.562000,8.738000,8.370000,8.521000,3925481.9800
2026.06.02,20:00:00,8.521000,8.585000,8.238000,8.370000,4218767.3700
2026.06.03,00:00:00,8.370000,8.433000,8.165000,8.223000,3090001.8800
2026.06.03,04:00:00,8.223000,8.566000,8.220000,8.542000,3470821.7900
2026.06.03,08:00:00,8.542000,8.616000,8.463000,8.532000,2626240.1300
2026.06.03,12:00:00,8.533000,8.558000,8.368000,8.376000,3633200.5300
2026.06.03,16:00:00,8.377000,8.389000,8.181000,8.207000,4350824.7600
2026.06.03,20:00:00,8.207000,8.463000,8.100000,8.329000,3964930.4900
2026.06.04,00:00:00,8.329000,8.395000,7.790000,8.293000,6802043.1200
2026.06.04,04:00:00,8.293000,8.332000,8.057000,8.064000,2629013.5700
2026.06.04,08:00:00,8.063000,8.090000,7.801000,7.934000,4314724.8800
2026.06.04,12:00:00,7.934000,8.130000,7.898000,8.044000,3707507.9000
2026.06.04,16:00:00,8.044000,8.128000,7.952000,8.054000,2387576.5200
2026.06.04,20:00:00,8.054000,8.073000,7.881000,8.012000,2740567.0400
2026.06.05,00:00:00,8.012000,8.038000,7.762000,7.786000,3556679.4500
2026.06.05,04:00:00,7.786000,7.892000,7.331000,7.624000,8108438.2700
2026.06.05,08:00:00,7.624000,7.676000,7.498000,7.555000,3268499.7500
2026.06.05,12:00:00,7.555000,7.658000,7.237000,7.290000,7400042.4500
2026.06.05,16:00:00,7.289000,7.512000,7.112000,7.299000,7148321.0800
2026.06.05,20:00:00,7.299000,7.542000,7.212000,7.360000,3897550.7500
2026.06.06,00:00:00,7.361000,7.450000,7.243000,7.270000,2279623.2900
2026.06.06,04:00:00,7.270000,7.399000,6.987000,7.392000,5139727.7100
2026.06.06,08:00:00,7.393000,7.468000,7.191000,7.314000,3031701.5700
2026.06.06,12:00:00,7.314000,7.435000,7.272000,7.376000,2814640.9500
2026.06.06,16:00:00,7.376000,7.412000,7.288000,7.297000,1658501.0800
2026.06.06,20:00:00,7.297000,7.403000,7.281000,7.390000,1403639.2400
2026.06.07,00:00:00,7.389000,7.602000,7.369000,7.576000,2889644.2300
2026.06.07,04:00:00,7.575000,7.723000,7.526000,7.711000,2292682.3500
2026.06.07,08:00:00,7.711000,7.846000,7.662000,7.757000,2414748.3900
2026.06.07,12:00:00,7.757000,7.796000,7.609000,7.724000,2614497.4700
2026.06.07,16:00:00,7.724000,7.775000,7.550000,7.591000,1991955.2300
2026.06.07,20:00:00,7.591000,8.040000,7.566000,7.913000,3412493.9800
2026.06.08,00:00:00,7.913000,8.013000,7.815000,7.852000,2652998.4300
2026.06.08,04:00:00,7.853000,7.931000,7.716000,7.903000,2380000.6300
2026.06.08,08:00:00,7.903000,8.002000,7.838000,7.963000,1970364.6600
2026.06.08,12:00:00,7.964000,8.109000,7.876000,8.022000,3047810.7800
2026.06.08,16:00:00,8.023000,8.073000,7.960000,8.057000,1684542.9600
2026.06.08,20:00:00,8.058000,8.123000,7.970000,7.995000,1586030.4400
2026.06.09,00:00:00,7.994000,8.011000,7.790000,7.877000,2254764.9800
2026.06.09,04:00:00,7.877000,8.022000,7.847000,7.929000,1994253.6600
2026.06.09,08:00:00,7.929000,7.934000,7.831000,7.880000,1637547.4500
2026.06.09,12:00:00,7.879000,7.949000,7.707000,7.717000,3614465.1300
2026.06.09,16:00:00,7.716000,7.896000,7.645000,7.869000,2616052.3200
2026.06.09,20:00:00,7.869000,7.926000,7.796000,7.835000,1053083.9100
2026.06.10,00:00:00,7.836000,7.871000,7.711000,7.744000,1215956.8600
2026.06.10,04:00:00,7.745000,7.804000,7.652000,7.776000,1220169.9400
2026.06.10,08:00:00,7.777000,7.778000,7.607000,7.642000,2400638.3100
2026.06.10,12:00:00,7.643000,7.898000,7.623000,7.802000,3581899.0500
2026.06.10,16:00:00,7.803000,7.820000,7.592000,7.614000,2187118.3100
2026.06.10,20:00:00,7.613000,7.632000,7.476000,7.556000,2538026.6900
2026.06.11,00:00:00,7.557000,7.828000,7.556000,7.797000,2186536.2900
2026.06.11,04:00:00,7.798000,7.818000,7.739000,7.768000,1349462.4100
2026.06.11,08:00:00,7.768000,7.878000,7.768000,7.851000,1319935.1100
2026.06.11,12:00:00,7.852000,7.855000,7.703000,7.754000,2410520.6500
2026.06.11,16:00:00,7.754000,7.980000,7.681000,7.938000,2833209.9500
2026.06.11,20:00:00,7.938000,7.952000,7.865000,7.882000,1163709.8600
2026.06.12,00:00:00,7.882000,7.930000,7.843000,7.901000,878932.9500
2026.06.12,04:00:00,7.902000,7.930000,7.746000,7.807000,1104928.1400
2026.06.12,08:00:00,7.808000,7.936000,7.807000,7.895000,961345.9400
2026.06.12,12:00:00,7.894000,8.009000,7.777000,7.810000,2424761.7600
2026.06.12,16:00:00,7.811000,7.918000,7.795000,7.834000,1201415.2800
2026.06.12,20:00:00,7.835000,7.871000,7.811000,7.863000,584429.0300
2026.06.13,00:00:00,7.862000,7.946000,7.853000,7.887000,845444.1900
2026.06.13,04:00:00,7.887000,7.967000,7.851000,7.958000,933940.8700
2026.06.13,08:00:00,7.960000,7.989000,7.939000,7.986000,733900.7100
2026.06.13,12:00:00,7.987000,8.039000,7.971000,8.021000,1046964.4000
2026.06.13,16:00:00,8.022000,8.026000,7.934000,7.987000,1595392.0400
2026.06.13,20:00:00,7.986000,8.057000,7.952000,7.981000,737389.9100
2026.06.14,00:00:00,7.980000,8.006000,7.946000,7.959000,928227.5900
2026.06.14,04:00:00,7.959000,7.963000,7.879000,7.900000,832264.0400
2026.06.14,08:00:00,7.901000,7.947000,7.877000,7.922000,676368.6800
2026.06.14,12:00:00,7.923000,7.927000,7.787000,7.835000,1087903.0700
2026.06.14,16:00:00,7.836000,7.872000,7.779000,7.816000,997688.1100
2026.06.14,20:00:00,7.817000,8.181000,7.802000,8.177000,2759137.7900
2026.06.15,00:00:00,8.177000,8.216000,8.099000,8.193000,1865052.2700
2026.06.15,04:00:00,8.191000,8.226000,8.147000,8.177000,991295.5100
2026.06.15,08:00:00,8.178000,8.450000,8.159000,8.304000,3689668.6700
2026.06.15,12:00:00,8.303000,8.618000,8.274000,8.557000,3959998.5000
2026.06.15,16:00:00,8.557000,8.582000,8.370000,8.406000,2240921.6000
2026.06.15,20:00:00,8.405000,8.421000,8.243000,8.294000,1645503.2300
2026.06.16,00:00:00,8.294000,8.334000,8.144000,8.247000,1772919.7600
2026.06.16,04:00:00,8.248000,8.290000,8.174000,8.281000,1294420.3700
2026.06.16,08:00:00,8.281000,8.429000,8.272000,8.328000,1521895.7700
2026.06.16,12:00:00,8.329000,8.476000,8.086000,8.191000,3801558.6700
2026.06.16,16:00:00,8.191000,8.325000,8.157000,8.253000,1441080.4100
2026.06.16,20:00:00,8.252000,8.349000,8.236000,8.272000,1146927.2100
2026.06.17,00:00:00,8.271000,8.413000,8.249000,8.348000,1397460.9900
2026.06.17,04:00:00,8.349000,8.394000,8.257000,8.288000,1043658.4000
2026.06.17,08:00:00,8.287000,8.295000,8.105000,8.150000,2082504.9500
2026.06.17,12:00:00,8.150000,8.297000,8.075000,8.289000,2544572.3100
2026.06.17,16:00:00,8.289000,8.367000,7.998000,8.031000,5310019.7100
2026.06.17,20:00:00,8.032000,8.103000,7.931000,8.087000,2182433.3500
2026.06.18,00:00:00,8.087000,8.132000,8.009000,8.024000,1151284.9300
2026.06.18,04:00:00,8.024000,8.041000,7.884000,8.025000,1699873.4300
2026.06.18,08:00:00,8.026000,8.063000,7.966000,7.984000,1276396.3400
2026.06.18,12:00:00,7.985000,8.125000,7.763000,7.783000,4290892.9900
2026.06.18,16:00:00,7.783000,7.935000,7.775000,7.914000,2112953.2500
2026.06.18,20:00:00,7.914000,8.016000,7.914000,8.013000,1273091.1700
2026.06.19,00:00:00,8.013000,8.040000,7.816000,7.877000,2450177.0700
2026.06.19,04:00:00,7.877000,7.915000,7.805000,7.843000,1167201.4300
2026.06.19,08:00:00,7.843000,7.875000,7.796000,7.810000,1069294.0100
2026.06.19,12:00:00,7.811000,7.949000,7.761000,7.903000,2235067.9000
2026.06.19,16:00:00,7.903000,7.934000,7.843000,7.874000,1168080.5200
2026.06.19,20:00:00,7.875000,7.964000,7.846000,7.946000,1061592.4200
2026.06.20,00:00:00,7.945000,7.957000,7.858000,7.890000,1226294.3500
2026.06.20,04:00:00,7.891000,8.011000,7.879000,7.959000,1020735.3300
2026.06.20,08:00:00,7.959000,7.981000,7.921000,7.933000,898075.3000
2026.06.20,12:00:00,7.933000,8.007000,7.818000,7.963000,2044248.5600
2026.06.20,16:00:00,7.964000,7.964000,7.860000,7.896000,1010034.1000
2026.06.20,20:00:00,7.897000,8.013000,7.884000,7.983000,740705.2400
2026.06.21,00:00:00,7.984000,7.990000,7.932000,7.967000,529502.6900
2026.06.21,04:00:00,7.967000,7.982000,7.913000,7.945000,536866.2500
2026.06.21,08:00:00,7.946000,8.009000,7.891000,7.931000,1091831.8100
2026.06.21,12:00:00,7.931000,7.987000,7.897000,7.984000,1074870.8200
2026.06.21,16:00:00,7.983000,7.987000,7.903000,7.949000,918213.2300
2026.06.21,20:00:00,7.950000,7.955000,7.762000,7.778000,1789939.3600
2026.06.22,00:00:00,7.777000,8.018000,7.775000,7.863000,2333996.3200
2026.06.22,04:00:00,7.863000,7.990000,7.850000,7.961000,1324300.2300
2026.06.22,08:00:00,7.961000,8.094000,7.942000,8.084000,1683220.9600
2026.06.22,12:00:00,8.084000,8.153000,7.969000,7.983000,2490209.7700
2026.06.22,16:00:00,7.983000,7.995000,7.879000,7.909000,1629449.8600
2026.06.22,20:00:00,7.909000,7.935000,7.815000,7.868000,1027447.0400
2026.06.23,00:00:00,7.867000,7.912000,7.822000,7.898000,1514613.5400
2026.06.23,04:00:00,7.899000,7.903000,7.630000,7.657000,2876136.6800
2026.06.23,08:00:00,7.657000,7.665000,7.474000,7.610000,3175525.9500
2026.06.23,12:00:00,7.611000,7.690000,7.540000,7.619000,4099603.7200
2026.06.23,16:00:00,7.618000,7.664000,7.541000,7.574000,2134160.3100
2026.06.23,20:00:00,7.574000,7.644000,7.567000,7.629000,838491.3500
2026.06.24,00:00:00,7.630000,7.662000,7.545000,7.582000,1439841.5500
2026.06.24,04:00:00,7.582000,7.668000,7.525000,7.602000,975718.5900
2026.06.24,08:00:00,7.603000,7.698000,7.533000,7.630000,1407104.2300
2026.06.24,12:00:00,7.630000,7.637000,7.359000,7.363000,4084287.8800
2026.06.24,16:00:00,7.362000,7.449000,7.116000,7.238000,5330173.5600
2026.06.24,20:00:00,7.238000,7.479000,7.228000,7.422000,1880924.6200
2026.06.25,00:00:00,7.422000,7.440000,7.379000,7.400000,795417.4800
2026.06.25,04:00:00,7.400000,7.548000,7.377000,7.532000,1512317.7900
2026.06.25,08:00:00,7.532000,7.533000,7.419000,7.436000,1017122.8000
2026.06.25,12:00:00,7.436000,7.503000,7.001000,7.211000,7299371.5500
2026.06.25,16:00:00,7.212000,7.283000,7.131000,7.177000,2198655.4900
2026.06.25,20:00:00,7.177000,7.296000,7.174000,7.244000,1170335.1500
2026.06.26,00:00:00,7.245000,7.262000,7.009000,7.201000,2627799.6500
2026.06.26,04:00:00,7.201000,7.338000,7.152000,7.322000,1654296.0900
2026.06.26,08:00:00,7.322000,7.332000,7.120000,7.145000,1635474.4000
2026.06.26,12:00:00,7.145000,7.356000,7.051000,7.333000,4319364.1000
2026.06.26,16:00:00,7.333000,7.399000,7.284000,7.323000,1784725.3100
2026.06.26,20:00:00,7.323000,7.385000,7.285000,7.349000,1301341.6600
2026.06.27,00:00:00,7.349000,7.411000,7.319000,7.361000,891033.4600
2026.06.27,04:00:00,7.362000,7.402000,7.340000,7.381000,641713.7500
2026.06.27,08:00:00,7.382000,7.383000,7.327000,7.353000,719049.3900
2026.06.27,12:00:00,7.353000,7.473000,7.336000,7.451000,1265785.6800
2026.06.27,16:00:00,7.451000,7.465000,7.300000,7.321000,1529055.6200
2026.06.27,20:00:00,7.322000,7.344000,7.242000,7.291000,1148747.4600
2026.06.28,00:00:00,7.291000,7.314000,7.265000,7.303000,685475.6200
2026.06.28,04:00:00,7.303000,7.307000,7.214000,7.300000,1002099.3900
2026.06.28,08:00:00,7.300000,7.355000,7.228000,7.286000,1642327.4500
2026.06.28,12:00:00,7.286000,7.327000,7.237000,7.313000,1128467.1600
2026.06.28,16:00:00,7.314000,7.317000,7.191000,7.225000,1282551.5200
2026.06.28,20:00:00,7.224000,7.291000,7.152000,7.266000,1513614.2400
2026.06.29,00:00:00,7.265000,7.364000,7.172000,7.327000,1651414.4200
2026.06.29,04:00:00,7.328000,7.349000,7.216000,7.317000,1265110.7000
2026.06.29,08:00:00,7.318000,7.361000,7.273000,7.302000,1340990.4700
2026.06.29,12:00:00,7.303000,7.407000,7.194000,7.323000,3726965.5200
2026.06.29,16:00:00,7.324000,7.499000,7.276000,7.468000,2604581.7500
2026.06.29,20:00:00,7.469000,7.473000,7.367000,7.377000,1060543.0200
2026.06.30,00:00:00,7.376000,7.393000,7.267000,7.287000,1504505.1000
2026.06.30,04:00:00,7.287000,7.322000,7.264000,7.297000,956962.0400
2026.06.30,08:00:00,7.297000,7.302000,7.239000,7.253000,1225231.1300
2026.06.30,12:00:00,7.253000,7.268000,7.116000,7.153000,3636007.5800
2026.06.30,16:00:00,7.154000,7.232000,7.119000,7.208000,1400838.9300
2026.06.30,20:00:00,7.207000,7.213000,7.147000,7.196000,774827.4800
2026.07.01,00:00:00,7.197000,7.305000,7.070000,7.287000,2540196.8300
2026.07.01,04:00:00,7.288000,7.340000,7.174000,7.202000,1711649.6000
2026.07.01,08:00:00,7.201000,7.262000,7.170000,7.217000,1446187.9600
2026.07.01,12:00:00,7.218000,7.461000,7.186000,7.411000,3256014.3500
2026.07.01,16:00:00,7.411000,7.445000,7.346000,7.375000,1572822.1900
2026.07.01,20:00:00,7.376000,7.533000,7.342000,7.355000,2943291.1600
2026.07.02,00:00:00,7.355000,7.544000,7.301000,7.534000,2589702.3900
2026.07.02,04:00:00,7.535000,7.539000,7.423000,7.450000,1129364.5600
2026.07.02,08:00:00,7.449000,7.663000,7.444000,7.655000,2930303.1600
2026.07.02,12:00:00,7.654000,7.942000,7.638000,7.784000,5709609.7200
2026.07.02,16:00:00,7.784000,7.818000,7.720000,7.742000,2122520.2900
2026.07.02,20:00:00,7.742000,7.756000,7.691000,7.745000,1291407.9200
2026.07.03,00:00:00,7.744000,7.829000,7.717000,7.762000,1660103.2500
2026.07.03,04:00:00,7.762000,7.807000,7.725000,7.765000,1224619.7200
2026.07.03,08:00:00,7.765000,7.880000,7.758000,7.873000,1737434.9300
2026.07.03,12:00:00,7.872000,7.893000,7.805000,7.842000,1730246.5000
2026.07.03,16:00:00,7.842000,7.973000,7.810000,7.944000,1441413.0300
2026.07.03,20:00:00,7.944000,8.037000,7.923000,7.971000,1664515.1000
2026.07.04,00:00:00,7.970000,7.988000,7.892000,7.918000,1234453.3000
2026.07.04,04:00:00,7.919000,7.975000,7.887000,7.921000,1066921.7900
2026.07.04,08:00:00,7.921000,7.944000,7.874000,7.908000,912853.0700
2026.07.04,12:00:00,7.908000,8.101000,7.908000,8.084000,2315007.1200
2026.07.04,16:00:00,8.084000,8.174000,8.052000,8.073000,1881502.1200
2026.07.04,20:00:00,8.073000,8.087000,7.968000,8.001000,1066957.5100
2026.07.05,00:00:00,8.001000,8.006000,7.870000,7.888000,1627616.8900
2026.07.05,04:00:00,7.888000,7.927000,7.840000,7.921000,1116520.4300
2026.07.05,08:00:00,7.921000,7.940000,7.834000,7.885000,1157514.4500
2026.07.05,12:00:00,7.884000,8.008000,7.867000,7.962000,1277355.3700
2026.07.05,16:00:00,7.961000,8.035000,7.937000,8.016000,988910.6100
2026.07.05,20:00:00,8.015000,8.149000,7.972000,8.060000,1412850.5300
2026.07.06,00:00:00,8.060000,8.132000,7.967000,7.994000,2047582.9300
2026.07.06,04:00:00,7.993000,8.002000,7.899000,7.947000,1265977.1100
2026.07.06,08:00:00,7.947000,7.985000,7.880000,7.920000,1445238.9500
2026.07.06,12:00:00,7.920000,8.023000,7.756000,8.017000,4442526.9600
2026.07.06,16:00:00,8.016000,8.082000,7.981000,7.999000,1886580.6500
2026.07.06,20:00:00,8.000000,8.172000,7.968000,8.018000,1859027.6000
2026.07.07,00:00:00,8.018000,8.065000,7.872000,7.882000,1199276.7800
2026.07.07,04:00:00,7.881000,7.943000,7.807000,7.904000,1294856.6000
2026.07.07,08:00:00,7.904000,7.956000,7.881000,7.924000,1079881.5900
2026.07.07,12:00:00,7.923000,8.021000,7.793000,7.996000,2434130.6800
2026.07.07,16:00:00,7.996000,8.046000,7.856000,7.926000,1795111.4000
2026.07.07,20:00:00,7.926000,7.938000,7.794000,7.857000,1073128.1400
2026.07.08,00:00:00,7.858000,7.893000,7.660000,7.692000,2485266.9300
2026.07.08,04:00:00,7.693000,7.725000,7.645000,7.698000,1053860.9300
2026.07.08,08:00:00,7.698000,7.719000,7.541000,7.633000,2914249.5300
2026.07.08,12:00:00,7.633000,7.638000,7.517000,7.548000,2231474.3700
2026.07.08,16:00:00,7.547000,7.658000,7.538000,7.638000,1453730.7300
2026.07.08,20:00:00,7.639000,7.660000,7.588000,7.637000,730722.1300
2026.07.09,00:00:00,7.636000,7.708000,7.566000,7.619000,1473583.7400
2026.07.09,04:00:00,7.619000,7.782000,7.610000,7.725000,1313878.0800
2026.07.09,08:00:00,7.725000,7.769000,7.701000,7.733000,1115193.3200
2026.07.09,12:00:00,7.733000,7.773000,7.672000,7.697000,1865808.1600
2026.07.09,16:00:00,7.697000,7.809000,7.668000,7.768000,1476672.6000
2026.07.09,20:00:00,7.768000,7.782000,7.719000,7.728000,607063.9800
2026.07.10,00:00:00,7.729000,7.935000,7.703000,7.904000,2024598.3500
2026.07.10,04:00:00,7.903000,7.922000,7.873000,7.895000,856241.4600
2026.07.10,08:00:00,7.896000,8.014000,7.892000,7.989000,1350739.4700
2026.07.10,12:00:00,7.989000,8.016000,7.847000,7.921000,2153071.7100
2026.07.10,16:00:00,7.921000,7.968000,7.883000,7.913000,936857.0300
2026.07.10,20:00:00,7.914000,7.967000,7.892000,7.966000,539686.8900
2026.07.11,00:00:00,7.966000,8.004000,7.935000,7.993000,772657.5900
2026.07.11,04:00:00,7.993000,8.017000,7.966000,7.988000,788370.3900
2026.07.11,08:00:00,7.988000,8.012000,7.968000,8.000000,697200.0800
2026.07.11,12:00:00,8.000000,8.089000,7.993000,8.058000,1509566.1700
2026.07.11,16:00:00,8.057000,8.117000,8.033000,8.077000,912477.8200
2026.07.11,20:00:00,8.076000,8.080000,7.902000,7.908000,1269827.2000
2026.07.12,00:00:00,7.908000,8.043000,7.854000,8.037000,1623212.1200
2026.07.12,04:00:00,8.038000,8.044000,7.923000,7.970000,1034831.2300
2026.07.12,08:00:00,7.969000,8.034000,7.965000,8.025000,1063966.7800
2026.07.12,12:00:00,8.024000,8.101000,8.010000,8.067000,1417845.8200
2026.07.12,16:00:00,8.067000,8.081000,8.016000,8.074000,855378.8000
2026.07.12,20:00:00,8.074000,8.099000,7.941000,7.992000,1090572.4000
2026.07.13,00:00:00,7.991000,8.134000,7.862000,7.917000,3217919.0200
2026.07.13,04:00:00,7.917000,7.991000,7.880000,7.974000,1184307.4300
2026.07.13,08:00:00,7.975000,8.012000,7.926000,7.931000,1112100.5000
2026.07.13,12:00:00,7.931000,7.989000,7.845000,7.932000,2348129.9000
2026.07.13,16:00:00,7.932000,7.951000,7.788000,7.900000,2253491.7200
2026.07.13,20:00:00,7.900000,7.909000,7.791000,7.886000,963561.7000
2026.07.14,00:00:00,7.886000,7.957000,7.860000,7.917000,1283380.3600
2026.07.14,04:00:00,7.917000,7.990000,7.910000,7.919000,829185.7500
2026.07.14,08:00:00,7.918000,7.994000,7.892000,7.988000,895824.3100
2026.07.14,12:00:00,7.988000,8.408000,7.945000,8.295000,5337891.8700
2026.07.14,16:00:00,8.296000,8.315000,8.197000,8.288000,1676425.2600
2026.07.14,20:00:00,8.289000,8.349000,8.246000,8.342000,906017.9900
2026.07.15,00:00:00,8.343000,8.355000,8.264000,8.317000,1138476.6400
2026.07.15,04:00:00,8.317000,8.407000,8.306000,8.329000,1232293.8300
2026.07.15,08:00:00,8.330000,8.435000,8.325000,8.420000,1905608.7200
2026.07.15,12:00:00,8.420000,8.632000,8.397000,8.549000,3598113.9800
2026.07.15,16:00:00,8.550000,8.565000,8.420000,8.499000,1885378.7300
2026.07.15,20:00:00,8.500000,8.580000,8.484000,8.535000,957136.9500
2026.07.16,00:00:00,8.535000,8.561000,8.447000,8.526000,1340378.6900
2026.07.16,04:00:00,8.526000,8.564000,8.457000,8.513000,1472465.2700
2026.07.16,08:00:00,8.512000,8.517000,8.393000,8.442000,2029616.4100
2026.07.16,12:00:00,8.443000,8.492000,8.368000,8.440000,2255529.5000
2026.07.16,16:00:00,8.440000,8.450000,8.351000,8.401000,1878305.8900
2026.07.16,20:00:00,8.401000,8.456000,8.305000,8.338000,1132458.8400
2026.07.17,00:00:00,8.337000,8.364000,8.251000,8.276000,1661176.5700
2026.07.17,04:00:00,8.275000,8.300000,8.147000,8.165000,1882023.7300
2026.07.17,08:00:00,8.166000,8.220000,8.128000,8.201000,1413521.7500
2026.07.17,12:00:00,8.201000,8.205000,8.001000,8.163000,3227803.0200
2026.07.17,16:00:00,8.164000,8.285000,8.138000,8.244000,1385601.5800
2026.07.17,20:00:00,8.243000,8.280000,8.212000,8.250000,719391.4500
2026.07.18,00:00:00,8.251000,8.296000,8.232000,8.280000,641629.9200
2026.07.18,04:00:00,8.280000,8.284000,8.232000,8.246000,461097.3100
2026.07.18,08:00:00,8.246000,8.291000,8.206000,8.283000,775207.0500
2026.07.18,12:00:00,8.282000,8.336000,8.246000,8.270000,1475986.5300
2026.07.18,16:00:00,8.270000,8.362000,8.255000,8.331000,935434.6300
2026.07.18,20:00:00,8.332000,8.374000,8.321000,8.343000,616269.5500
2026.07.19,00:00:00,8.343000,8.390000,8.325000,8.343000,727777.9500
2026.07.19,04:00:00,8.344000,8.378000,8.326000,8.365000,415792.5900
2026.07.19,08:00:00,8.366000,8.381000,8.317000,8.354000,597129.7400
2026.07.19,12:00:00,8.353000,8.388000,8.316000,8.353000,705739.6000
2026.07.19,16:00:00,8.353000,8.376000,8.279000,8.333000,873737.7700
2026.07.19,20:00:00,8.333000,8.408000,8.313000,8.381000,964897.8500
2026.07.20,00:00:00,8.381000,8.531000,8.359000,8.453000,1804246.5800
2026.07.20,04:00:00,8.453000,8.468000,8.283000,8.356000,1773362.4400
2026.07.20,08:00:00,8.355000,8.516000,8.297000,8.507000,1662189.7000
2026.07.20,12:00:00,8.507000,8.566000,8.303000,8.552000,3043218.4200
2026.07.20,16:00:00,8.552000,8.644000,8.504000,8.554000,1941529.6700
2026.07.20,20:00:00,8.555000,8.612000,8.517000,8.587000,949832.6300
2026.07.21,00:00:00,8.588000,8.652000,8.562000,8.635000,1425016.3000
2026.07.21,04:00:00,8.634000,8.755000,8.620000,8.735000,2507333.6200
2026.07.21,08:00:00,8.735000,8.756000,8.681000,8.702000,1294213.8600
2026.07.21,12:00:00,8.702000,8.737000,8.643000,8.687000,1567713.9400
2026.07.21,16:00:00,8.687000,8.700000,8.589000,8.621000,1150759.8900
2026.07.21,20:00:00,8.621000,8.661000,8.594000,8.655000,671864.1800
2026.07.22,00:00:00,8.655000,8.722000,8.648000,8.681000,1031589.9400
2026.07.22,04:00:00,8.680000,8.744000,8.568000,8.580000,1330943.4800
2026.07.22,08:00:00,8.580000,8.680000,8.574000,8.636000,1179126.6400
2026.07.22,12:00:00,8.636000,8.760000,8.563000,8.685000,2282901.1300
2026.07.22,16:00:00,8.685000,8.733000,8.578000,8.622000,1843089.6400
2026.07.22,20:00:00,8.623000,8.658000,8.581000,8.628000,1021379.2600
2026.07.23,00:00:00,8.628000,8.680000,8.581000,8.585000,999359.6300
2026.07.23,04:00:00,8.584000,8.617000,8.520000,8.530000,1139943.4200
2026.07.23,08:00:00,8.530000,8.657000,8.518000,8.635000,1329627.4800
2026.07.23,12:00:00,8.635000,8.639000,8.410000,8.493000,3013240.2700
2026.07.23,16:00:00,8.493000,8.508000,8.428000,8.456000,1122146.7000
2026.07.23,20:00:00,8.455000,8.525000,8.442000,8.466000,728624.7700
2026.07.24,00:00:00,8.465000,8.469000,8.389000,8.451000,1065473.5000
2026.07.24,04:00:00,8.451000,8.579000,8.414000,8.558000,1228796.7100
2026.07.24,08:00:00,8.558000,8.559000,8.425000,8.460000,997809.1900
2026.07.24,12:00:00,8.459000,8.485000,8.286000,8.365000,2409165.0200
2026.07.24,16:00:00,8.365000,8.370000,8.306000,8.357000,797462.2400
2026.07.24,20:00:00,8.357000,8.364000,8.290000,8.336000,617536.9300
2026.07.25,00:00:00,8.337000,8.359000,8.311000,8.338000,628992.6600
2026.07.25,04:00:00,8.338000,8.354000,8.286000,8.294000,502725.0300
2026.07.25,08:00:00,8.293000,8.315000,8.262000,8.314000,635466.7300
2026.07.25,12:00:00,8.313000,8.396000,8.306000,8.383000,1319058.0300
2026.07.25,16:00:00,8.383000,8.434000,8.370000,8.399000,923705.3600
2026.07.25,20:00:00,8.400000,8.402000,8.352000,8.379000,481126.7300
2026.07.26,00:00:00,8.380000,8.425000,8.374000,8.423000,539671.7600
2026.07.26,04:00:00,8.423000,8.473000,8.398000,8.419000,1044472.4500
2026.07.26,08:00:00,8.419000,8.438000,8.400000,8.430000,536888.8500
2026.07.26,12:00:00,8.431000,8.598000,8.418000,8.594000,1776560.2200
2026.07.26,16:00:00,8.593000,8.665000,8.555000,8.580000,1940957.7100
2026.07.26,20:00:00,8.579000,8.841000,8.565000,8.823000,3139000.8100
2026.07.27,00:00:00,8.823000,8.829000,8.718000,8.774000,1709009.8900
2026.07.27,04:00:00,8.775000,8.920000,8.758000,8.809000,1580877.2700
2026.07.27,08:00:00,8.808000,8.822000,8.747000,8.752000,1169294.6100
2026.07.27,12:00:00,8.752000,8.818000,8.530000,8.570000,3627983.0200
2026.07.27,16:00:00,8.571000,8.658000,8.549000,8.632000,1447300.4300
2026.07.27,20:00:00,8.632000,8.643000,8.341000,8.377000,2898467.1000
2026.07.28,00:00:00,8.376000,8.382000,8.273000,8.330000,1644371.4100
2026.07.28,04:00:00,8.331000,8.377000,8.298000,8.314000,1079886.6200
2026.07.28,08:00:00,8.315000,8.330000,8.263000,8.284000,1139947.5800
2026.07.28,12:00:00,8.284000,8.398000,8.188000,8.379000,3118565.7700
2026.07.28,16:00:00,8.379000,8.415000,8.304000,8.381000,1161521.8800
2026.07.28,20:00:00,8.381000,8.451000,8.353000,8.442000,1258924.7200
2026.07.29,00:00:00,8.442000,8.512000,8.325000,8.332000,1661398.1100
2026.07.29,04:00:00,8.332000,8.439000,8.283000,8.438000,1264455.4400
2026.07.29,08:00:00,8.438000,8.479000,8.373000,8.402000,1016844.1600
2026.07.29,12:00:00,8.401000,8.403000,8.237000,8.273000,1801785.3100
2026.07.29,16:00:00,8.273000,8.441000,8.222000,8.230000,3098768.5800
2026.07.29,20:00:00,8.230000,8.338000,8.158000,8.330000,1581990.2100
2026.07.30,00:00:00,8.330000,8.395000,8.273000,8.333000,1020277.9300
2026.07.30,04:00:00,8.334000,8.338000,8.257000,8.285000,729109.5000
2026.07.30,08:00:00,8.286000,8.468000,8.271000,8.459000,1902667.5200
2026.07.30,12:00:00,8.460000,8.538000,8.415000,8.479000,2205494.0400
2026.07.30,16:00:00,8.479000,8.517000,8.448000,8.488000,829954.7100
2026.07.30,20:00:00,8.488000,8.524000,8.446000,8.447000,969189.3200
2026.07.31,00:00:00,8.448000,8.513000,8.316000,8.362000,1736162.9900
2026.07.31,04:00:00,8.361000,8.384000,8.242000,8.294000,1450932.1800
2026.07.31,08:00:00,8.294000,8.330000,8.210000,8.261000,1482677.5300
2026.07.31,12:00:00,8.262000,8.273000,8.015000,8.107000,4393679.4000
2026.07.31,16:00:00,8.107000,8.200000,8.095000,8.168000,1160953.1600
2026.07.31,20:00:00,8.168000,8.179000,8.124000,8.167000,756627.0600
2026.08.01,00:00:00,8.167000,8.244000,8.167000,8.207000,1051403.1600
2026.08.01,04:00:00,8.207000,8.240000,8.128000,8.135000,994441.7200
2026.08.01,08:00:00,8.134000,8.140000,8.076000,8.085000,1004867.2700
2026.08.01,12:00:00,8.086000,8.115000,8.081000,8.097000,782043.9000
2026.08.01,16:00:00,8.097000,8.110000,7.882000,7.999000,3326136.0200
2026.08.01,20:00:00,7.999000,8.082000,7.989000,8.064000,843431.2600
2026.08.02,00:00:00,8.064000,8.309000,8.051000,8.289000,2619394.4600
2026.08.02,04:00:00,8.289000,8.416000,8.277000,8.376000,1934914.1100
2026.08.02,08:00:00,8.376000,8.389000,8.262000,8.275000,1392404.8900
2026.08.02,12:00:00,8.274000,8.309000,8.264000,8.273000,930542.9000
2026.08.02,16:00:00,8.273000,8.371000,8.244000,8.328000,1079492.1400
2026.08.02,20:00:00,8.328000,8.453000,8.315000,8.379000,1343921.6100
2026.08.03,00:00:00,8.380000,8.388000,8.224000,8.249000,1513726.9900
2026.08.03,04:00:00,8.248000,8.282000,8.208000,8.215000,928670.3000
2026.08.03,08:00:00,8.215000,8.264000,8.157000,8.185000,1179598.6900
2026.08.03,12:00:00,8.185000,8.316000,8.158000,8.245000,2025820.8100
2026.08.03,16:00:00,8.245000,8.283000,8.221000,8.230000,976925.8100
2026.08.03,20:00:00,8.230000,8.262000,8.163000,8.184000,705989.2000
2026.08.04,00:00:00,8.185000,8.231000,8.112000,8.191000,1566850.8700
2026.08.04,04:00:00,8.192000,8.262000,8.117000,8.169000,1270693.1700
2026.08.04,08:00:00,8.170000,8.221000,8.121000,8.212000,1671424.0200
2026.08.04,12:00:00,8.211000,8.262000,8.135000,8.191000,2527250.5300
2026.08.04,16:00:00,8.191000,8.250000,8.158000,8.213000,1170945.7800
2026.08.04,20:00:00,8.212000,8.220000,8.138000,8.144000,1017953.3300
2026.08.05,00:00:00,8.144000,8.196000,8.087000,8.121000,1535939.0200
2026.08.05,04:00:00,8.121000,8.201000,8.118000,8.183000,926558.4700
2026.08.05,08:00:00,8.183000,8.200000,8.141000,8.147000,781029.8700
2026.08.05,12:00:00,8.147000,8.226000,8.062000,8.107000,2511286.6000
2026.08.05,16:00:00,8.107000,8.253000,8.102000,8.184000,1541458.4600
2026.08.05,20:00:00,8.184000,8.223000,8.125000,8.156000,832755.1700
2026.08.06,00:00:00,8.155000,8.194000,8.093000,8.112000,1127790.8400
2026.08.06,04:00:00,8.113000,8.225000,8.100000,8.185000,1143068.9200
2026.08.06,08:00:00,8.185000,8.207000,8.062000,8.158000,2616157.4900
2026.08.06,12:00:00,8.158000,8.271000,8.098000,8.222000,2421040.4900
2026.08.06,16:00:00,8.222000,8.339000,8.175000,8.193000,3092316.6500
2026.08.06,20:00:00,8.192000,8.235000,8.156000,8.192000,1114222.1100
2026.08.07,00:00:00,8.192000,8.245000,8.134000,8.135000,1346807.7900
2026.08.07,04:00:00,8.134000,8.208000,8.101000,8.184000,1592273.5400
2026.08.07,08:00:00,8.184000,8.244000,8.182000,8.214000,1237009.5300
2026.08.07,12:00:00,8.214000,8.308000,8.213000,8.277000,2703852.3800
2026.08.07,16:00:00,8.277000,8.315000,8.160000,8.211000,1609870.6300
2026.08.07,20:00:00,8.211000,8.219000,8.151000,8.185000,514666.9000
2026.08.08,00:00:00,8.184000,8.272000,8.162000,8.259000,829128.4100
2026.08.08,04:00:00,8.258000,8.312000,8.235000,8.259000,1008245.3400
2026.08.08,08:00:00,8.259000,8.357000,8.251000,8.326000,1568408.0800
2026.08.08,12:00:00,8.325000,8.397000,8.300000,8.340000,1309760.2900
2026.08.08,16:00:00,8.339000,8.364000,8.318000,8.327000,541637.7800
2026.08.08,20:00:00,8.326000,8.346000,8.289000,8.301000,605003.4600
2026.08.09,00:00:00,8.301000,8.333000,8.262000,8.282000,781464.1400
2026.08.09,04:00:00,8.281000,8.350000,8.256000,8.338000,905954.4400
2026.08.09,08:00:00,8.338000,8.356000,8.288000,8.294000,599830.0200
2026.08.09,12:00:00,8.294000,8.364000,8.274000,8.350000,1387854.2100
2026.08.09,16:00:00,8.350000,8.355000,8.305000,8.316000,751020.2100
2026.08.09,20:00:00,8.315000,8.388000,8.168000,8.181000,1777709.9500
2026.08.10,00:00:00,8.182000,8.258000,8.160000,8.182000,2141700.7100
2026.08.10,04:00:00,8.182000,8.244000,8.174000,8.219000,859771.7700
2026.08.10,08:00:00,8.219000,8.322000,8.195000,8.306000,2165541.2200
2026.08.10,12:00:00,8.306000,8.370000,8.241000,8.300000,2864018.5300
2026.08.10,16:00:00,8.299000,8.313000,8.203000,8.271000,2000384.6200
2026.08.10,20:00:00,8.270000,8.319000,8.251000,8.297000,849477.1700
2026.08.11,00:00:00,8.296000,8.463000,8.287000,8.389000,2671089.6500
2026.08.11,04:00:00,8.389000,8.476000,8.362000,8.473000,2011544.8700
2026.08.11,08:00:00,8.473000,8.714000,8.440000,8.678000,5859807.5800
2026.08.11,12:00:00,8.678000,8.699000,8.492000,8.562000,4542716.5000
2026.08.11,16:00:00,8.562000,8.624000,8.529000,8.612000,2307372.2500
2026.08.11,20:00:00,8.613000,8.809000,8.613000,8.777000,3256137.6600
2026.08.12,00:00:00,8.777000,8.823000,8.707000,8.722000,2508241.2400
2026.08.12,04:00:00,8.723000,8.764000,8.675000,8.752000,1597813.0700
2026.08.12,08:00:00,8.751000,8.880000,8.735000,8.875000,2821107.7000
2026.08.12,12:00:00,8.875000,8.895000,8.688000,8.778000,4427424.5400
2026.08.12,16:00:00,8.778000,8.789000,8.713000,8.740000,1521005.3400
2026.08.12,20:00:00,8.740000,8.778000,8.593000,8.670000,2182038.2800
2026.08.13,00:00:00,8.670000,8.733000,8.615000,8.722000,1965175.5000
2026.08.13,04:00:00,8.723000,8.813000,8.723000,8.751000,1687349.6200
2026.08.13,08:00:00,8.752000,8.763000,8.671000,8.687000,1683362.5800
2026.08.13,12:00:00,8.688000,8.865000,8.675000,8.742000,3531824.2400
2026.08.13,16:00:00,8.742000,8.829000,8.676000,8.821000,2377904.7400
2026.08.13,20:00:00,8.822000,8.904000,8.814000,8.884000,2317487.4300
2026.08.14,00:00:00,8.884000,8.887000,8.812000,8.817000,1229317.4000
2026.08.14,04:00:00,8.816000,8.835000,8.743000,8.766000,1233447.7900
2026.08.14,08:00:00,8.765000,8.880000,8.721000,8.828000,2715260.8600
2026.08.14,12:00:00,8.829000,8.882000,8.757000,8.853000,2325651.2300
2026.08.14,16:00:00,8.853000,9.017000,8.826000,8.984000,3627584.7400
2026.08.14,20:00:00,8.984000,9.007000,8.921000,8.966000,1680746.5600
2026.08.15,00:00:00,8.967000,9.759000,8.964000,9.578000,11408975.3500
2026.08.15,04:00:00,9.579000,9.606000,9.313000,9.337000,4518334.9800
2026.08.15,08:00:00,9.336000,9.385000,9.221000,9.307000,4135129.0000
2026.08.15,12:00:00,9.307000,9.531000,9.301000,9.509000,4037028.9200
2026.08.15,16:00:00,9.509000,9.630000,9.486000,9.579000,3557921.5500
2026.08.15,20:00:00,9.579000,9.593000,9.460000,9.465000,1807979.7400
2026.08.16,00:00:00,9.466000,9.507000,9.379000,9.397000,2454688.9300
2026.08.16,04:00:00,9.397000,9.406000,9.305000,9.372000,2172383.8400
2026.08.16,08:00:00,9.371000,9.454000,9.366000,9.409000,2007746.4200
2026.08.16,12:00:00,9.410000,9.415000,9.289000,9.388000,2802750.8600
2026.08.16,16:00:00,9.388000,9.483000,9.364000,9.459000,2666620.8400
2026.08.16,20:00:00,9.460000,9.489000,9.334000,9.385000,1812533.7100
2026.08.17,00:00:00,9.385000,9.565000,9.354000,9.486000,2414739.4100
2026.08.17,04:00:00,9.486000,9.503000,9.402000,9.404000,1690650.0800
2026.08.17,08:00:00,9.403000,9.559000,9.364000,9.510000,2204214.3900
2026.08.17,12:00:00,9.510000,9.570000,9.436000,9.516000,2757733.0200
2026.08.17,16:00:00,9.516000,9.568000,9.456000,9.491000,2068234.9500
2026.08.17,20:00:00,9.491000,9.553000,9.465000,9.538000,921684.1800
2026.08.18,00:00:00,9.538000,9.546000,9.318000,9.416000,2602346.6800
2026.08.18,04:00:00,9.416000,9.526000,9.385000,9.426000,1619194.6700
2026.08.18,08:00:00,9.426000,9.492000,9.375000,9.439000,1842854.9300
2026.08.18,12:00:00,9.438000,9.558000,9.393000,9.475000,2815435.7400
2026.08.18,16:00:00,9.475000,9.542000,9.446000,9.499000,1358102.7400
2026.08.18,20:00:00,9.499000,9.559000,9.460000,9.502000,537305.8100
