<TICKER>,<DTYYYYMMDD>,<TIME>,<OPEN>,<HIGH>,<LOW>,<CLOSE>,<VOL>
SI,2026.06.08,04:00:00,68.010002,68.135002,67.855003,68.044998,95.0000
SI,2026.06.08,04:15:00,68.089996,68.129997,67.910004,68.010002,121.0000
SI,2026.06.08,04:30:00,67.985001,68.014999,67.735001,67.735001,132.0000
SI,2026.06.08,04:45:00,67.830002,67.955002,67.779999,67.900002,79.0000
SI,2026.06.08,05:00:00,67.900002,67.989998,67.684998,67.684998,144.0000
SI,2026.06.08,05:15:00,67.724998,67.900002,67.625000,67.625000,204.0000
SI,2026.06.08,05:30:00,67.680000,67.705002,66.305000,66.559998,1931.0000
SI,2026.06.08,05:45:00,66.544998,66.870003,66.440002,66.760002,728.0000
SI,2026.06.08,06:00:00,66.769997,67.309998,66.745003,67.175003,636.0000
SI,2026.06.08,06:15:00,67.135002,67.514999,67.089996,67.379997,361.0000
SI,2026.06.08,06:30:00,67.389999,67.389999,67.040001,67.205002,364.0000
SI,2026.06.08,06:45:00,67.209999,67.290001,67.099998,67.254997,315.0000
SI,2026.06.08,07:00:00,67.260002,67.360001,67.014999,67.254997,314.0000
SI,2026.06.08,07:15:00,67.245003,67.720001,67.065002,67.519997,411.0000
SI,2026.06.08,07:30:00,67.514999,67.714996,67.269997,67.269997,421.0000
SI,2026.06.08,07:45:00,67.285004,67.300003,67.080002,67.080002,287.0000
SI,2026.06.08,08:00:00,67.125000,67.260002,66.934998,67.095001,349.0000
SI,2026.06.08,08:15:00,67.070000,67.199997,67.029999,67.125000,376.0000
SI,2026.06.08,08:30:00,67.139999,67.224998,66.940002,67.154999,299.0000
SI,2026.06.08,08:45:00,67.160004,67.235001,66.970001,67.175003,258.0000
SI,2026.06.08,09:00:00,67.199997,67.305000,67.059998,67.150002,165.0000
SI,2026.06.08,09:15:00,67.184998,67.330002,66.959999,66.959999,209.0000
SI,2026.06.08,09:30:00,66.959999,67.385002,66.724998,67.300003,580.0000
SI,2026.06.08,09:45:00,67.279999,67.485001,67.165001,67.205002,307.0000
SI,2026.06.08,10:00:00,67.239998,67.355003,66.940002,67.309998,253.0000
SI,2026.06.08,10:15:00,67.309998,67.309998,67.029999,67.224998,184.0000
SI,2026.06.08,10:30:00,67.165001,67.629997,67.165001,67.535004,458.0000
SI,2026.06.08,10:45:00,67.514999,67.540001,67.245003,67.305000,336.0000
SI,2026.06.08,11:00:00,67.294998,67.915001,67.230003,67.894997,904.0000
SI,2026.06.08,11:15:00,67.904999,68.440002,67.699997,68.230003,1324.0000
SI,2026.06.08,11:30:00,68.245003,68.430000,68.224998,68.349998,546.0000
SI,2026.06.08,11:45:00,68.330002,68.714996,68.239998,68.599998,1154.0000
SI,2026.06.08,12:00:00,68.589996,68.779999,68.360001,68.364998,955.0000
SI,2026.06.08,12:15:00,68.360001,68.769997,68.239998,68.709999,749.0000
SI,2026.06.08,12:30:00,68.720001,69.084999,68.675003,68.919998,1530.0000
SI,2026.06.08,12:45:00,68.934998,69.059998,68.750000,69.014999,670.0000
SI,2026.06.08,13:00:00,69.019997,69.095001,68.440002,68.514999,1973.0000
SI,2026.06.08,13:15:00,68.485001,68.845001,68.379997,68.669998,831.0000
SI,2026.06.08,13:30:00,68.680000,69.004997,68.644997,68.654999,1048.0000
SI,2026.06.08,13:45:00,68.690002,68.690002,68.050003,68.084999,1486.0000
SI,2026.06.08,14:00:00,68.099998,68.230003,67.849998,67.964996,1291.0000
SI,2026.06.08,14:15:00,67.955002,68.224998,67.919998,68.144997,969.0000
SI,2026.06.08,14:30:00,68.150002,68.334999,67.974998,68.334999,929.0000
SI,2026.06.08,14:45:00,68.320000,68.595001,68.065002,68.565002,964.0000
SI,2026.06.08,15:00:00,68.580002,68.665001,68.385002,68.440002,728.0000
SI,2026.06.08,15:15:00,68.419998,68.809998,68.360001,68.644997,994.0000
SI,2026.06.08,15:30:00,68.660004,68.955002,68.610001,68.955002,1190.0000
SI,2026.06.08,15:45:00,68.934998,69.019997,68.805000,68.815002,766.0000
SI,2026.06.08,16:00:00,68.830002,68.860001,68.714996,68.830002,760.0000
SI,2026.06.08,16:15:00,68.824997,68.930000,68.754997,68.760002,731.0000
SI,2026.06.08,16:30:00,68.794998,68.904999,68.724998,68.779999,717.0000
SI,2026.06.08,16:45:00,68.800003,68.940002,68.705002,68.760002,719.0000
SI,2026.06.08,17:00:00,68.760002,68.805000,68.595001,68.745003,738.0000
SI,2026.06.08,17:15:00,68.760002,68.800003,68.510002,68.639999,3020.0000
SI,2026.06.08,17:30:00,68.635002,68.644997,68.360001,68.410004,724.0000
SI,2026.06.08,17:45:00,68.410004,68.589996,68.394997,68.574997,620.0000
SI,2026.06.08,18:00:00,68.589996,68.735001,68.565002,68.625000,481.0000
SI,2026.06.08,18:15:00,68.650002,68.785004,68.650002,68.705002,379.0000
SI,2026.06.08,18:30:00,68.699997,68.745003,68.455002,68.495003,344.0000
SI,2026.06.08,18:45:00,68.485001,68.510002,68.394997,68.440002,146.0000
SI,2026.06.08,19:00:00,68.425003,68.565002,68.275002,68.279999,447.0000
SI,2026.06.08,19:15:00,68.275002,68.379997,68.209999,68.379997,321.0000
SI,2026.06.08,19:30:00,68.370003,68.430000,68.224998,68.254997,244.0000
SI,2026.06.08,19:45:00,68.254997,68.385002,68.190002,68.239998,413.0000
SI,2026.06.08,20:00:00,68.254997,68.364998,68.235001,68.364998,424.0000
SI,2026.06.08,20:15:00,68.355003,68.360001,68.120003,68.214996,544.0000
SI,2026.06.08,20:30:00,68.239998,68.309998,68.230003,68.245003,83.0000
SI,2026.06.08,20:45:00,68.254997,68.360001,68.230003,68.324997,120.0000
SI,2026.06.08,22:00:00,68.320000,68.355003,68.224998,68.254997,41.0000
SI,2026.06.08,22:15:00,68.239998,68.584999,68.175003,68.214996,38.0000
SI,2026.06.08,22:30:00,68.209999,68.300003,68.209999,68.279999,27.0000
SI,2026.06.08,22:45:00,68.264999,68.300003,68.250000,68.300003,46.0000
SI,2026.06.08,23:00:00,68.275002,68.300003,68.230003,68.260002,32.0000
SI,2026.06.08,23:15:00,68.275002,68.279999,68.129997,68.129997,23.0000
SI,2026.06.08,23:30:00,68.099998,68.175003,67.985001,68.125000,88.0000
SI,2026.06.08,23:45:00,68.095001,68.095001,67.940002,67.995003,82.0000
SI,2026.06.09,00:00:00,68.010002,68.105003,67.910004,67.970001,147.0000
SI,2026.06.09,00:15:00,67.970001,68.014999,67.735001,67.760002,144.0000
SI,2026.06.09,00:30:00,67.730003,67.820000,67.535004,67.714996,233.0000
SI,2026.06.09,00:45:00,67.730003,67.955002,67.639999,67.855003,156.0000
SI,2026.06.09,01:00:00,67.855003,68.114998,67.815002,67.900002,421.0000
SI,2026.06.09,01:15:00,67.904999,68.345001,67.644997,68.245003,609.0000
SI,2026.06.09,01:30:00,68.230003,68.415001,68.139999,68.195000,204.0000
SI,2026.06.09,01:45:00,68.279999,68.330002,68.029999,68.180000,128.0000
SI,2026.06.09,02:00:00,68.105003,68.139999,67.769997,67.995003,237.0000
SI,2026.06.09,02:15:00,67.945000,68.035004,67.839996,68.019997,62.0000
SI,2026.06.09,02:30:00,68.019997,68.120003,67.775002,67.980003,109.0000
SI,2026.06.09,02:45:00,68.004997,68.080002,67.760002,67.760002,132.0000
SI,2026.06.09,03:00:00,67.769997,67.915001,67.629997,67.875000,248.0000
SI,2026.06.09,03:15:00,67.934998,68.095001,67.750000,67.864998,120.0000
SI,2026.06.09,03:30:00,67.875000,68.125000,67.830002,68.110001,105.0000
SI,2026.06.09,03:45:00,68.135002,68.254997,68.055000,68.084999,134.0000
SI,2026.06.09,04:00:00,68.099998,68.150002,68.004997,68.035004,69.0000
SI,2026.06.09,04:15:00,67.980003,68.050003,67.940002,68.035004,37.0000
SI,2026.06.09,04:30:00,68.029999,68.044998,67.885002,68.019997,67.0000
SI,2026.06.09,04:45:00,68.044998,68.120003,67.995003,67.995003,54.0000
SI,2026.06.09,05:00:00,68.089996,68.199997,68.044998,68.044998,50.0000
SI,2026.06.09,05:15:00,68.070000,68.120003,68.044998,68.044998,36.0000
SI,2026.06.09,05:30:00,68.025002,68.750000,67.934998,68.660004,419.0000
SI,2026.06.09,05:45:00,68.669998,68.684998,68.480003,68.489998,133.0000
SI,2026.06.09,06:00:00,68.489998,68.785004,68.489998,68.620003,268.0000
SI,2026.06.09,06:15:00,68.625000,68.730003,68.510002,68.529999,238.0000
SI,2026.06.09,06:30:00,68.535004,68.595001,68.425003,68.555000,176.0000
SI,2026.06.09,06:45:00,68.570000,68.660004,68.410004,68.464996,367.0000
SI,2026.06.09,07:00:00,68.440002,68.570000,68.315002,68.315002,242.0000
SI,2026.06.09,07:15:00,68.309998,68.570000,68.239998,68.485001,371.0000
SI,2026.06.09,07:30:00,68.514999,68.514999,68.290001,68.474998,230.0000
SI,2026.06.09,07:45:00,68.485001,68.639999,68.440002,68.480003,194.0000
SI,2026.06.09,08:00:00,68.455002,68.900002,68.290001,68.705002,402.0000
SI,2026.06.09,08:15:00,68.745003,68.985001,68.745003,68.955002,363.0000
SI,2026.06.09,08:30:00,68.964996,68.980003,68.775002,68.820000,230.0000
SI,2026.06.09,08:45:00,68.830002,68.830002,68.529999,68.535004,239.0000
SI,2026.06.09,09:00:00,68.544998,68.680000,68.500000,68.540001,199.0000
SI,2026.06.09,09:15:00,68.550003,68.629997,68.330002,68.364998,166.0000
SI,2026.06.09,09:30:00,68.364998,68.474998,68.330002,68.415001,127.0000
SI,2026.06.09,09:45:00,68.415001,68.529999,68.394997,68.504997,75.0000
SI,2026.06.09,10:00:00,68.489998,68.675003,68.294998,68.675003,377.0000
SI,2026.06.09,10:15:00,68.665001,68.750000,68.574997,68.684998,94.0000
SI,2026.06.09,10:30:00,68.684998,68.709999,68.529999,68.580002,121.0000
SI,2026.06.09,10:45:00,68.570000,68.750000,68.434998,68.724998,424.0000
SI,2026.06.09,11:00:00,68.720001,68.834999,68.589996,68.695000,383.0000
SI,2026.06.09,11:15:00,68.720001,68.760002,68.605003,68.654999,141.0000
SI,2026.06.09,11:30:00,68.654999,68.775002,68.589996,68.730003,134.0000
SI,2026.06.09,11:45:00,68.745003,68.800003,68.665001,68.690002,246.0000
SI,2026.06.09,12:00:00,68.709999,68.800003,68.605003,68.605003,284.0000
SI,2026.06.09,12:15:00,68.625000,68.669998,68.480003,68.510002,404.0000
SI,2026.06.09,12:30:00,68.504997,68.785004,68.489998,68.540001,630.0000
SI,2026.06.09,12:45:00,68.510002,68.779999,68.430000,68.779999,690.0000
SI,2026.06.09,13:00:00,68.785004,68.949997,68.690002,68.875000,1149.0000
SI,2026.06.09,13:15:00,68.875000,68.904999,68.419998,68.480003,784.0000
SI,2026.06.09,13:30:00,68.464996,68.495003,67.985001,68.089996,1090.0000
SI,2026.06.09,13:45:00,68.089996,69.180000,68.059998,68.144997,2774.0000
SI,2026.06.09,14:00:00,68.129997,68.250000,67.675003,67.730003,1436.0000
SI,2026.06.09,14:15:00,67.724998,67.820000,67.025002,67.095001,2625.0000
SI,2026.06.09,14:30:00,67.065002,67.190002,65.589996,65.595001,4507.0000
SI,2026.06.09,14:45:00,65.584999,66.205002,65.349998,66.175003,3986.0000
SI,2026.06.09,15:00:00,66.195000,66.415001,66.065002,66.345001,1746.0000
SI,2026.06.09,15:15:00,66.330002,66.364998,65.724998,65.790001,1663.0000
SI,2026.06.09,15:30:00,65.794998,65.900002,65.245003,65.550003,2404.0000
SI,2026.06.09,15:45:00,65.574997,65.790001,65.355003,65.389999,1167.0000
SI,2026.06.09,16:00:00,65.379997,65.690002,65.220001,65.264999,1364.0000
SI,2026.06.09,16:15:00,65.305000,65.489998,65.080002,65.334999,1571.0000
SI,2026.06.09,16:30:00,65.305000,65.595001,64.459999,64.864998,3075.0000
SI,2026.06.09,16:45:00,64.855003,65.025002,64.684998,65.004997,1412.0000
SI,2026.06.09,17:00:00,65.019997,65.375000,64.985001,65.235001,1312.0000
SI,2026.06.09,17:15:00,65.209999,65.455002,65.135002,65.260002,2925.0000
SI,2026.06.09,17:30:00,65.254997,65.474998,65.169998,65.324997,997.0000
SI,2026.06.09,17:45:00,65.324997,65.379997,65.074997,65.224998,892.0000
SI,2026.06.09,18:00:00,65.254997,65.474998,65.165001,65.400002,621.0000
SI,2026.06.09,18:15:00,65.379997,65.764999,65.309998,65.660004,634.0000
SI,2026.06.09,18:30:00,65.654999,65.794998,65.510002,65.550003,511.0000
SI,2026.06.09,18:45:00,65.559998,65.864998,65.519997,65.809998,272.0000
SI,2026.06.09,19:00:00,65.815002,65.930000,65.410004,65.419998,487.0000
SI,2026.06.09,19:15:00,65.425003,65.434998,65.250000,65.360001,354.0000
SI,2026.06.09,19:30:00,65.320000,65.449997,65.154999,65.160004,390.0000
SI,2026.06.09,19:45:00,65.160004,65.415001,65.114998,65.355003,613.0000
SI,2026.06.09,20:00:00,65.360001,65.514999,65.309998,65.410004,165.0000
SI,2026.06.09,20:15:00,65.440002,65.470001,65.410004,65.425003,102.0000
SI,2026.06.09,20:30:00,65.404999,65.555000,65.375000,65.535004,92.0000
SI,2026.06.09,20:45:00,65.519997,65.544998,65.440002,65.459999,78.0000
SI,2026.06.09,22:00:00,65.199997,65.480003,65.195000,65.379997,60.0000
SI,2026.06.09,22:15:00,65.389999,65.394997,65.285004,65.379997,61.0000
SI,2026.06.09,22:30:00,65.379997,65.389999,65.105003,65.125000,108.0000
SI,2026.06.09,22:45:00,65.095001,65.105003,64.925003,65.040001,185.0000
SI,2026.06.09,23:00:00,65.050003,65.275002,65.004997,65.004997,124.0000
SI,2026.06.09,23:15:00,65.000000,65.025002,64.845001,64.870003,172.0000
SI,2026.06.09,23:30:00,64.820000,64.974998,64.790001,64.855003,91.0000
SI,2026.06.09,23:45:00,64.839996,65.080002,64.775002,65.029999,183.0000
SI,2026.06.10,00:00:00,65.010002,65.180000,64.919998,65.169998,184.0000
SI,2026.06.10,00:15:00,65.160004,65.239998,64.930000,64.930000,112.0000
SI,2026.06.10,00:30:00,64.894997,64.894997,64.375000,64.480003,365.0000
SI,2026.06.10,00:45:00,64.529999,65.080002,64.489998,64.760002,354.0000
SI,2026.06.10,01:00:00,64.790001,64.790001,63.900002,64.485001,981.0000
SI,2026.06.10,01:15:00,64.464996,64.930000,64.404999,64.779999,792.0000
SI,2026.06.10,01:30:00,64.739998,65.165001,64.629997,64.695000,310.0000
SI,2026.06.10,01:45:00,64.705002,64.955002,64.610001,64.750000,229.0000
SI,2026.06.10,02:00:00,64.794998,64.870003,64.334999,64.510002,360.0000
SI,2026.06.10,02:15:00,64.495003,64.574997,64.264999,64.525002,211.0000
SI,2026.06.10,02:30:00,64.555000,64.699997,64.074997,64.339996,384.0000
SI,2026.06.10,02:45:00,64.349998,64.540001,63.814999,63.915001,712.0000
SI,2026.06.10,03:00:00,63.900002,64.050003,63.759998,63.974998,349.0000
SI,2026.06.10,03:15:00,63.915001,64.160004,63.880001,64.080002,204.0000
SI,2026.06.10,03:30:00,64.044998,64.205002,64.044998,64.120003,124.0000
SI,2026.06.10,03:45:00,64.129997,64.345001,64.120003,64.239998,179.0000
SI,2026.06.10,04:00:00,64.285004,64.324997,64.110001,64.114998,149.0000
SI,2026.06.10,04:15:00,64.139999,64.205002,63.834999,63.849998,189.0000
SI,2026.06.10,04:30:00,63.869999,63.869999,63.630001,63.630001,215.0000
SI,2026.06.10,04:45:00,63.625000,63.764999,63.575001,63.650002,245.0000
SI,2026.06.10,05:00:00,63.625000,64.000000,63.544998,63.945000,315.0000
SI,2026.06.10,05:15:00,63.970001,64.250000,63.799999,64.250000,252.0000
SI,2026.06.10,05:30:00,64.264999,64.449997,63.889999,64.349998,517.0000
SI,2026.06.10,05:45:00,64.370003,64.820000,64.324997,64.665001,350.0000
SI,2026.06.10,06:00:00,64.690002,65.385002,64.660004,64.945000,928.0000
SI,2026.06.10,06:15:00,64.945000,65.250000,64.934998,65.080002,437.0000
SI,2026.06.10,06:30:00,65.089996,65.235001,64.980003,65.214996,360.0000
SI,2026.06.10,06:45:00,65.184998,65.199997,64.885002,65.055000,396.0000
SI,2026.06.10,07:00:00,65.044998,65.070000,64.625000,64.730003,342.0000
SI,2026.06.10,07:15:00,64.760002,64.820000,64.519997,64.555000,314.0000
SI,2026.06.10,07:30:00,64.584999,64.699997,64.500000,64.635002,268.0000
SI,2026.06.10,07:45:00,64.665001,64.735001,64.459999,64.480003,229.0000
SI,2026.06.10,08:00:00,64.495003,64.495003,63.810001,63.955002,1347.0000
SI,2026.06.10,08:15:00,63.965000,64.250000,63.884998,64.025002,522.0000
SI,2026.06.10,08:30:00,64.035004,64.220001,63.665001,63.705002,645.0000
SI,2026.06.10,08:45:00,63.705002,64.055000,63.669998,63.915001,383.0000
SI,2026.06.10,09:00:00,63.930000,64.154999,63.830002,63.919998,433.0000
SI,2026.06.10,09:15:00,63.880001,64.099998,63.834999,64.025002,274.0000
SI,2026.06.10,09:30:00,64.050003,64.370003,64.044998,64.184998,302.0000
SI,2026.06.10,09:45:00,64.190002,64.239998,63.935001,64.095001,460.0000
SI,2026.06.10,10:00:00,64.095001,64.300003,63.974998,64.205002,540.0000
SI,2026.06.10,10:15:00,64.199997,64.370003,64.175003,64.290001,291.0000
SI,2026.06.10,10:30:00,64.269997,64.415001,64.199997,64.370003,110.0000
SI,2026.06.10,10:45:00,64.379997,64.629997,64.375000,64.535004,314.0000
SI,2026.06.10,11:00:00,64.550003,64.610001,63.875000,64.309998,929.0000
SI,2026.06.10,11:15:00,64.300003,64.495003,63.935001,64.269997,572.0000
SI,2026.06.10,11:30:00,64.290001,64.449997,64.135002,64.154999,485.0000
SI,2026.06.10,11:45:00,64.114998,64.355003,63.849998,63.895000,519.0000
SI,2026.06.10,12:00:00,63.895000,63.980000,63.480000,63.709999,1412.0000
SI,2026.06.10,12:15:00,63.674999,63.845001,63.465000,63.840000,1108.0000
SI,2026.06.10,12:30:00,63.910000,65.205002,63.904999,64.629997,3611.0000
SI,2026.06.10,12:45:00,64.635002,64.949997,64.199997,64.400002,1166.0000
SI,2026.06.10,13:00:00,64.379997,64.910004,64.285004,64.584999,1585.0000
SI,2026.06.10,13:15:00,64.584999,64.709999,64.165001,64.489998,1100.0000
SI,2026.06.10,13:30:00,64.485001,65.675003,64.425003,65.675003,2429.0000
SI,2026.06.10,13:45:00,65.669998,65.889999,65.559998,65.735001,2108.0000
SI,2026.06.10,14:00:00,65.745003,65.805000,65.360001,65.550003,1534.0000
SI,2026.06.10,14:15:00,65.550003,65.635002,65.190002,65.245003,1289.0000
SI,2026.06.10,14:30:00,65.230003,65.445000,65.089996,65.154999,950.0000
SI,2026.06.10,14:45:00,65.135002,65.190002,64.459999,64.644997,1942.0000
SI,2026.06.10,15:00:00,64.639999,64.940002,64.434998,64.519997,1156.0000
SI,2026.06.10,15:15:00,64.504997,64.970001,64.349998,64.775002,980.0000
SI,2026.06.10,15:30:00,64.805000,65.055000,64.739998,65.025002,916.0000
SI,2026.06.10,15:45:00,65.025002,65.230003,64.510002,65.035004,2177.0000
SI,2026.06.10,16:00:00,65.050003,65.150002,64.915001,65.074997,981.0000
SI,2026.06.10,16:15:00,65.084999,65.315002,65.044998,65.089996,692.0000
SI,2026.06.10,16:30:00,65.089996,65.184998,64.919998,64.970001,606.0000
SI,2026.06.10,16:45:00,64.964996,65.070000,64.834999,65.059998,398.0000
SI,2026.06.10,17:00:00,65.080002,65.330002,64.824997,64.889999,1096.0000
SI,2026.06.10,17:15:00,64.889999,64.970001,64.680000,64.750000,4201.0000
SI,2026.06.10,17:30:00,64.764999,64.839996,64.584999,64.589996,651.0000
SI,2026.06.10,17:45:00,64.589996,65.055000,64.570000,64.980003,1307.0000
SI,2026.06.10,18:00:00,65.014999,65.305000,64.989998,65.095001,507.0000
SI,2026.06.10,18:15:00,65.105003,65.165001,64.904999,64.995003,279.0000
SI,2026.06.10,18:30:00,65.000000,65.010002,64.845001,64.845001,284.0000
SI,2026.06.10,18:45:00,64.864998,64.900002,64.610001,64.750000,220.0000
SI,2026.06.10,19:00:00,64.739998,64.739998,64.230003,64.279999,563.0000
SI,2026.06.10,19:15:00,64.279999,64.330002,63.825001,64.035004,629.0000
SI,2026.06.10,19:30:00,64.055000,64.180000,63.935001,64.154999,461.0000
SI,2026.06.10,19:45:00,64.160004,64.285004,63.855000,63.884998,515.0000
SI,2026.06.10,20:00:00,63.884998,63.884998,63.424999,63.544998,555.0000
SI,2026.06.10,20:15:00,63.549999,63.764999,63.485001,63.735001,165.0000
SI,2026.06.10,20:30:00,63.720001,63.744999,63.605000,63.680000,150.0000
SI,2026.06.10,20:45:00,63.680000,63.680000,63.424999,63.500000,213.0000
SI,2026.06.10,22:00:00,63.525002,63.590000,62.785000,62.980000,258.0000
SI,2026.06.10,22:15:00,63.009998,63.029999,62.525002,62.849998,425.0000
SI,2026.06.10,22:30:00,62.869999,63.509998,62.869999,63.355000,362.0000
SI,2026.06.10,22:45:00,63.349998,63.430000,62.744999,62.764999,297.0000
SI,2026.06.10,23:00:00,62.805000,62.950001,61.595001,61.889999,935.0000
SI,2026.06.10,23:15:00,61.875000,62.950001,61.759998,62.910000,886.0000
SI,2026.06.10,23:30:00,62.880001,62.950001,62.660000,62.689999,268.0000
SI,2026.06.10,23:45:00,62.580002,62.889999,62.130001,62.490002,445.0000
SI,2026.06.11,00:00:00,62.355000,62.810001,62.145000,62.709999,306.0000
SI,2026.06.11,00:15:00,62.764999,63.349998,62.700001,63.139999,710.0000
SI,2026.06.11,00:30:00,63.174999,63.465000,63.070000,63.240002,286.0000
SI,2026.06.11,00:45:00,63.244999,63.845001,63.244999,63.720001,388.0000
SI,2026.06.11,01:00:00,63.689999,64.195000,63.369999,64.074997,1328.0000
SI,2026.06.11,01:15:00,64.089996,64.629997,64.050003,64.525002,950.0000
SI,2026.06.11,01:30:00,64.489998,64.650002,64.385002,64.540001,502.0000
SI,2026.06.11,01:45:00,64.570000,64.570000,64.000000,64.199997,487.0000
SI,2026.06.11,02:00:00,64.135002,64.220001,63.994999,64.025002,352.0000
SI,2026.06.11,02:15:00,63.994999,64.105003,63.750000,63.779999,202.0000
SI,2026.06.11,02:30:00,63.805000,63.910000,63.044998,63.240002,950.0000
SI,2026.06.11,02:45:00,63.169998,63.639999,63.040001,63.410000,599.0000
SI,2026.06.11,03:00:00,63.415001,63.639999,63.264999,63.264999,430.0000
SI,2026.06.11,03:15:00,63.294998,63.474998,63.084999,63.259998,521.0000
SI,2026.06.11,03:30:00,63.250000,63.740002,63.250000,63.615002,206.0000
SI,2026.06.11,03:45:00,63.625000,63.759998,63.514999,63.705002,109.0000
SI,2026.06.11,04:00:00,63.724998,63.869999,63.540001,63.865002,129.0000
SI,2026.06.11,04:15:00,63.860001,63.924999,63.680000,63.764999,137.0000
SI,2026.06.11,04:30:00,63.884998,64.199997,63.785000,64.129997,161.0000
SI,2026.06.11,04:45:00,64.190002,64.279999,63.970001,64.084999,233.0000
SI,2026.06.11,05:00:00,64.120003,64.125000,63.860001,63.895000,85.0000
SI,2026.06.11,05:15:00,63.845001,64.019997,63.724998,63.770000,145.0000
SI,2026.06.11,05:30:00,63.750000,64.364998,63.685001,64.264999,532.0000
SI,2026.06.11,05:45:00,64.290001,64.485001,63.990002,64.055000,280.0000
SI,2026.06.11,06:00:00,64.055000,64.070000,63.660000,63.959999,444.0000
SI,2026.06.11,06:15:00,63.935001,64.110001,63.875000,63.875000,200.0000
SI,2026.06.11,06:30:00,63.889999,64.165001,63.834999,64.165001,208.0000
SI,2026.06.11,06:45:00,64.205002,64.260002,64.055000,64.205002,146.0000
SI,2026.06.11,07:00:00,64.199997,64.315002,64.010002,64.250000,247.0000
SI,2026.06.11,07:15:00,64.209999,64.680000,64.184998,64.559998,691.0000
SI,2026.06.11,07:30:00,64.589996,64.650002,64.504997,64.599998,255.0000
SI,2026.06.11,07:45:00,64.595001,64.595001,64.415001,64.544998,158.0000
SI,2026.06.11,08:00:00,64.535004,64.824997,64.510002,64.620003,620.0000
SI,2026.06.11,08:15:00,64.629997,64.644997,64.415001,64.595001,299.0000
SI,2026.06.11,08:30:00,64.605003,64.680000,64.525002,64.550003,140.0000
SI,2026.06.11,08:45:00,64.525002,64.555000,64.330002,64.425003,174.0000
SI,2026.06.11,09:00:00,64.400002,64.445000,64.144997,64.264999,212.0000
SI,2026.06.11,09:15:00,64.239998,64.279999,64.125000,64.190002,108.0000
SI,2026.06.11,09:30:00,64.165001,64.285004,64.084999,64.275002,138.0000
SI,2026.06.11,09:45:00,64.294998,64.364998,64.160004,64.160004,167.0000
SI,2026.06.11,10:00:00,64.205002,64.320000,64.059998,64.165001,167.0000
SI,2026.06.11,10:15:00,64.129997,64.199997,64.000000,64.055000,138.0000
SI,2026.06.11,10:30:00,64.044998,64.184998,64.044998,64.110001,119.0000
SI,2026.06.11,10:45:00,64.129997,64.254997,63.990002,64.050003,359.0000
SI,2026.06.11,11:00:00,64.035004,64.110001,63.830002,63.955002,505.0000
SI,2026.06.11,11:15:00,63.939999,64.000000,63.755001,63.959999,443.0000
SI,2026.06.11,11:30:00,63.959999,64.184998,63.615002,63.700001,500.0000
SI,2026.06.11,11:45:00,63.700001,64.014999,63.674999,63.895000,371.0000
SI,2026.06.11,12:00:00,63.895000,64.014999,63.645000,63.770000,384.0000
SI,2026.06.11,12:15:00,63.740002,63.855000,62.985001,63.049999,1455.0000
SI,2026.06.11,12:30:00,63.005001,63.555000,62.895000,63.380001,1643.0000
SI,2026.06.11,12:45:00,63.375000,63.689999,63.259998,63.540001,961.0000
SI,2026.06.11,13:00:00,63.564999,64.065002,63.474998,63.514999,1313.0000
SI,2026.06.11,13:15:00,63.525002,63.830002,63.500000,63.665001,776.0000
SI,2026.06.11,13:30:00,63.639999,63.985001,63.470001,63.840000,1206.0000
SI,2026.06.11,13:45:00,63.845001,64.400002,63.785000,64.160004,1764.0000
SI,2026.06.11,14:00:00,64.169998,64.375000,63.584999,63.724998,1519.0000
SI,2026.06.11,14:15:00,63.730000,64.349998,63.639999,64.165001,1464.0000
SI,2026.06.11,14:30:00,64.154999,64.345001,64.059998,64.114998,1198.0000
SI,2026.06.11,14:45:00,64.139999,64.290001,64.004997,64.065002,721.0000
SI,2026.06.11,15:00:00,64.029999,64.394997,63.834999,64.154999,1522.0000
SI,2026.06.11,15:15:00,64.139999,64.294998,63.994999,64.105003,730.0000
SI,2026.06.11,15:30:00,64.105003,64.275002,64.000000,64.160004,956.0000
SI,2026.06.11,15:45:00,64.169998,64.294998,64.050003,64.125000,776.0000
SI,2026.06.11,16:00:00,64.125000,64.695000,64.095001,64.669998,857.0000
SI,2026.06.11,16:15:00,64.665001,64.739998,63.900002,63.935001,1168.0000
SI,2026.06.11,16:30:00,63.900002,64.184998,63.895000,63.950001,748.0000
SI,2026.06.11,16:45:00,63.980000,64.044998,63.865002,63.950001,427.0000
SI,2026.06.11,17:00:00,63.950001,64.000000,63.740002,63.904999,952.0000
SI,2026.06.11,17:15:00,63.889999,64.830002,63.865002,64.824997,4132.0000
SI,2026.06.11,17:30:00,64.815002,66.724998,64.815002,66.610001,6090.0000
SI,2026.06.11,17:45:00,66.614998,66.629997,65.904999,66.000000,2195.0000
SI,2026.06.11,18:00:00,66.010002,66.195000,65.419998,65.800003,1683.0000
SI,2026.06.11,18:15:00,65.805000,66.205002,65.779999,66.065002,1565.0000
SI,2026.06.11,18:30:00,66.074997,66.364998,66.004997,66.355003,932.0000
SI,2026.06.11,18:45:00,66.339996,66.480003,66.184998,66.230003,689.0000
SI,2026.06.11,19:00:00,66.275002,66.955002,66.275002,66.870003,1358.0000
SI,2026.06.11,19:15:00,66.889999,67.099998,66.790001,67.035004,992.0000
SI,2026.06.11,19:30:00,67.065002,67.695000,67.040001,67.495003,1714.0000
SI,2026.06.11,19:45:00,67.529999,67.644997,67.345001,67.375000,730.0000
SI,2026.06.11,20:00:00,67.404999,67.514999,67.309998,67.440002,369.0000
SI,2026.06.11,20:15:00,67.449997,67.544998,67.364998,67.459999,248.0000
SI,2026.06.11,20:30:00,67.500000,67.525002,67.279999,67.279999,267.0000
SI,2026.06.11,20:45:00,67.285004,67.489998,67.205002,67.489998,310.0000
SI,2026.06.11,22:00:00,67.495003,67.714996,67.334999,67.485001,72.0000
SI,2026.06.11,22:15:00,67.445000,67.595001,67.410004,67.589996,94.0000
SI,2026.06.11,22:30:00,67.584999,67.855003,67.449997,67.839996,444.0000
SI,2026.06.11,22:45:00,67.809998,68.080002,67.709999,67.949997,426.0000
SI,2026.06.11,23:00:00,67.985001,68.000000,67.610001,67.684998,257.0000
SI,2026.06.11,23:15:00,67.680000,67.910004,67.525002,67.595001,233.0000
SI,2026.06.11,23:30:00,67.595001,67.690002,67.455002,67.595001,310.0000
SI,2026.06.11,23:45:00,67.635002,67.675003,67.464996,67.565002,162.0000
SI,2026.06.12,00:00:00,67.629997,67.724998,67.404999,67.514999,162.0000
SI,2026.06.12,00:15:00,67.489998,67.860001,67.305000,67.764999,156.0000
SI,2026.06.12,00:30:00,67.745003,67.889999,67.425003,67.434998,136.0000
SI,2026.06.12,00:45:00,67.464996,67.529999,67.269997,67.445000,209.0000
SI,2026.06.12,01:00:00,67.480003,67.529999,66.820000,66.925003,1185.0000
SI,2026.06.12,01:15:00,66.925003,67.059998,66.650002,66.720001,412.0000
SI,2026.06.12,01:30:00,66.720001,67.059998,66.580002,66.849998,356.0000
SI,2026.06.12,01:45:00,66.889999,67.120003,66.889999,67.004997,268.0000
SI,2026.06.12,02:00:00,66.964996,67.260002,66.945000,67.114998,295.0000
SI,2026.06.12,02:15:00,67.125000,67.160004,67.019997,67.019997,90.0000
SI,2026.06.12,02:30:00,67.040001,67.209999,66.815002,67.125000,196.0000
SI,2026.06.12,02:45:00,67.125000,67.279999,67.014999,67.199997,154.0000
SI,2026.06.12,03:00:00,67.199997,67.349998,67.150002,67.300003,230.0000
SI,2026.06.12,03:15:00,67.294998,67.650002,67.260002,67.440002,400.0000
SI,2026.06.12,03:30:00,67.404999,67.455002,67.300003,67.379997,133.0000
SI,2026.06.12,03:45:00,67.339996,67.375000,67.220001,67.279999,56.0000
SI,2026.06.12,04:00:00,67.199997,67.264999,67.110001,67.154999,82.0000
SI,2026.06.12,04:15:00,67.160004,67.160004,67.010002,67.080002,73.0000
SI,2026.06.12,04:30:00,67.070000,67.184998,67.065002,67.125000,29.0000
SI,2026.06.12,04:45:00,67.135002,67.135002,67.000000,67.014999,88.0000
SI,2026.06.12,05:00:00,67.050003,67.095001,66.790001,66.985001,143.0000
SI,2026.06.12,05:15:00,66.959999,67.010002,66.889999,66.985001,56.0000
SI,2026.06.12,05:30:00,66.989998,67.080002,66.660004,66.910004,379.0000
SI,2026.06.12,05:45:00,66.885002,66.894997,66.570000,66.644997,185.0000
SI,2026.06.12,06:00:00,66.660004,67.000000,66.654999,66.934998,218.0000
SI,2026.06.12,06:15:00,66.904999,66.934998,66.809998,66.830002,91.0000
SI,2026.06.12,06:30:00,66.824997,66.824997,66.470001,66.559998,250.0000
SI,2026.06.12,06:45:00,66.555000,66.754997,66.504997,66.750000,359.0000
SI,2026.06.12,07:00:00,66.754997,66.764999,66.309998,66.320000,290.0000
SI,2026.06.12,07:15:00,66.315002,66.345001,66.050003,66.055000,453.0000
SI,2026.06.12,07:30:00,66.070000,66.290001,65.964996,66.269997,304.0000
SI,2026.06.12,07:45:00,66.239998,66.459999,66.014999,66.459999,550.0000
SI,2026.06.12,08:00:00,66.470001,66.839996,66.400002,66.830002,475.0000
SI,2026.06.12,08:15:00,66.834999,67.300003,66.690002,67.254997,725.0000
SI,2026.06.12,08:30:00,67.264999,67.434998,66.974998,67.080002,334.0000
SI,2026.06.12,08:45:00,67.080002,67.099998,66.945000,67.014999,153.0000
SI,2026.06.12,09:00:00,67.014999,67.264999,67.014999,67.230003,151.0000
SI,2026.06.12,09:15:00,67.239998,67.550003,67.154999,67.455002,403.0000
SI,2026.06.12,09:30:00,67.480003,67.614998,67.389999,67.565002,335.0000
SI,2026.06.12,09:45:00,67.540001,67.660004,67.324997,67.339996,377.0000
SI,2026.06.12,10:00:00,67.315002,67.440002,67.245003,67.309998,201.0000
SI,2026.06.12,10:15:00,67.364998,67.364998,66.824997,66.964996,472.0000
SI,2026.06.12,10:30:00,66.974998,67.285004,66.930000,67.169998,194.0000
SI,2026.06.12,10:45:00,67.125000,67.300003,67.084999,67.114998,187.0000
SI,2026.06.12,11:00:00,67.160004,67.214996,66.964996,67.144997,298.0000
SI,2026.06.12,11:15:00,67.175003,67.315002,67.040001,67.099998,231.0000
SI,2026.06.12,11:30:00,67.070000,67.290001,66.940002,67.264999,156.0000
SI,2026.06.12,11:45:00,67.285004,67.535004,67.235001,67.275002,186.0000
SI,2026.06.12,12:00:00,67.275002,67.300003,67.059998,67.165001,265.0000
SI,2026.06.12,12:15:00,67.214996,67.315002,66.605003,66.620003,682.0000
SI,2026.06.12,12:30:00,66.639999,66.879997,66.529999,66.720001,622.0000
SI,2026.06.12,12:45:00,66.705002,66.915001,66.565002,66.570000,442.0000
SI,2026.06.12,13:00:00,66.580002,66.949997,66.404999,66.739998,720.0000
SI,2026.06.12,13:15:00,66.750000,67.055000,66.714996,67.029999,359.0000
SI,2026.06.12,13:30:00,67.040001,67.144997,66.370003,66.605003,2093.0000
SI,2026.06.12,13:45:00,66.570000,66.665001,66.285004,66.349998,1123.0000
SI,2026.06.12,14:00:00,66.385002,66.834999,66.345001,66.680000,1107.0000
SI,2026.06.12,14:15:00,66.665001,66.885002,66.510002,66.625000,580.0000
SI,2026.06.12,14:30:00,66.660004,66.925003,66.504997,66.614998,960.0000
SI,2026.06.12,14:45:00,66.629997,67.220001,66.315002,67.160004,2004.0000
SI,2026.06.12,15:00:00,67.139999,67.379997,66.964996,67.345001,876.0000
SI,2026.06.12,15:15:00,67.370003,68.180000,67.345001,67.885002,2145.0000
SI,2026.06.12,15:30:00,67.870003,67.940002,67.620003,67.695000,1443.0000
SI,2026.06.12,15:45:00,67.695000,67.785004,67.489998,67.595001,718.0000
SI,2026.06.12,16:00:00,67.574997,67.885002,67.430000,67.790001,1244.0000
SI,2026.06.12,16:15:00,67.809998,68.169998,67.785004,67.860001,1122.0000
SI,2026.06.12,16:30:00,67.875000,68.120003,67.720001,67.894997,996.0000
SI,2026.06.12,16:45:00,67.894997,67.970001,67.794998,67.839996,721.0000
SI,2026.06.12,17:00:00,67.839996,68.150002,67.760002,67.894997,1717.0000
SI,2026.06.12,17:15:00,67.915001,68.040001,67.739998,67.955002,2164.0000
SI,2026.06.12,17:30:00,67.964996,68.230003,67.845001,68.154999,528.0000
SI,2026.06.12,17:45:00,68.175003,68.275002,68.050003,68.135002,370.0000
SI,2026.06.12,18:00:00,68.139999,68.324997,68.074997,68.254997,446.0000
SI,2026.06.12,18:15:00,68.239998,68.370003,68.199997,68.355003,441.0000
SI,2026.06.12,18:30:00,68.345001,68.445000,68.260002,68.410004,191.0000
SI,2026.06.12,18:45:00,68.394997,68.400002,67.980003,68.004997,346.0000
SI,2026.06.12,19:00:00,68.010002,68.160004,67.980003,68.080002,223.0000
SI,2026.06.12,19:15:00,68.055000,68.055000,67.879997,67.889999,241.0000
SI,2026.06.12,19:30:00,67.919998,67.945000,67.680000,67.764999,373.0000
SI,2026.06.12,19:45:00,67.754997,67.904999,67.705002,67.875000,430.0000
SI,2026.06.12,20:00:00,67.894997,68.084999,67.870003,68.044998,147.0000
SI,2026.06.12,20:15:00,68.059998,68.150002,68.040001,68.070000,108.0000
SI,2026.06.12,20:30:00,68.089996,68.114998,68.055000,68.110001,53.0000
SI,2026.06.12,20:45:00,68.099998,68.169998,67.973999,67.973999,185.0000
SI,2026.06.14,22:00:00,69.904999,70.050003,69.815002,69.915001,150.0000
SI,2026.06.14,22:15:00,69.930000,70.385002,69.820000,69.945000,705.0000
SI,2026.06.14,22:30:00,69.934998,70.184998,69.775002,70.019997,449.0000
SI,2026.06.14,22:45:00,70.004997,70.300003,70.004997,70.160004,172.0000
SI,2026.06.14,23:00:00,70.135002,70.209999,69.955002,69.970001,301.0000
SI,2026.06.14,23:15:00,69.974998,70.050003,69.875000,69.955002,204.0000
SI,2026.06.14,23:30:00,69.985001,70.105003,69.940002,70.065002,142.0000
SI,2026.06.14,23:45:00,70.074997,70.449997,70.029999,70.394997,322.0000
SI,2026.06.15,00:00:00,70.400002,70.595001,70.205002,70.504997,318.0000
SI,2026.06.15,00:15:00,70.570000,70.614998,70.470001,70.480003,237.0000
SI,2026.06.15,00:30:00,70.500000,70.650002,70.379997,70.379997,320.0000
SI,2026.06.15,00:45:00,70.404999,70.449997,70.025002,70.139999,291.0000
SI,2026.06.15,01:00:00,70.150002,70.514999,69.949997,70.224998,902.0000
SI,2026.06.15,01:15:00,70.199997,70.404999,70.029999,70.315002,284.0000
SI,2026.06.15,01:30:00,70.264999,70.605003,70.230003,70.464996,287.0000
SI,2026.06.15,01:45:00,70.464996,70.489998,70.239998,70.320000,175.0000
SI,2026.06.15,02:00:00,70.305000,70.639999,70.305000,70.599998,352.0000
SI,2026.06.15,02:15:00,70.595001,70.730003,70.550003,70.684998,171.0000
SI,2026.06.15,02:30:00,70.690002,70.904999,70.675003,70.775002,302.0000
SI,2026.06.15,02:45:00,70.764999,70.845001,70.519997,70.680000,251.0000
SI,2026.06.15,03:00:00,70.639999,70.690002,70.434998,70.535004,240.0000
SI,2026.06.15,03:15:00,70.529999,70.599998,70.320000,70.394997,145.0000
SI,2026.06.15,03:30:00,70.385002,70.519997,70.379997,70.474998,140.0000
SI,2026.06.15,03:45:00,70.459999,70.510002,70.394997,70.419998,51.0000
SI,2026.06.15,04:00:00,70.459999,70.500000,70.334999,70.500000,77.0000
SI,2026.06.15,04:15:00,70.504997,70.559998,70.370003,70.559998,98.0000
SI,2026.06.15,04:30:00,70.500000,70.589996,70.480003,70.525002,56.0000
SI,2026.06.15,04:45:00,70.525002,70.584999,70.495003,70.565002,41.0000
SI,2026.06.15,05:00:00,70.574997,70.605003,70.455002,70.574997,112.0000
SI,2026.06.15,05:15:00,70.559998,70.584999,70.449997,70.485001,127.0000
SI,2026.06.15,05:30:00,70.495003,70.625000,70.110001,70.110001,581.0000
SI,2026.06.15,05:45:00,70.110001,70.214996,69.955002,70.070000,453.0000
SI,2026.06.15,06:00:00,70.099998,70.165001,69.980003,70.139999,299.0000
SI,2026.06.15,06:15:00,70.144997,70.305000,70.120003,70.175003,225.0000
SI,2026.06.15,06:30:00,70.144997,70.235001,70.070000,70.199997,159.0000
SI,2026.06.15,06:45:00,70.220001,70.245003,70.125000,70.175003,206.0000
SI,2026.06.15,07:00:00,70.184998,70.205002,70.019997,70.169998,368.0000
SI,2026.06.15,07:15:00,70.169998,70.419998,70.154999,70.324997,322.0000
SI,2026.06.15,07:30:00,70.324997,70.430000,70.180000,70.389999,248.0000
SI,2026.06.15,07:45:00,70.415001,70.459999,70.230003,70.305000,720.0000
SI,2026.06.15,08:00:00,70.294998,70.489998,70.260002,70.400002,405.0000
SI,2026.06.15,08:15:00,70.419998,70.544998,70.389999,70.455002,290.0000
SI,2026.06.15,08:30:00,70.445000,70.779999,70.430000,70.629997,535.0000
SI,2026.06.15,08:45:00,70.635002,70.720001,70.544998,70.550003,217.0000
SI,2026.06.15,09:00:00,70.580002,70.769997,70.580002,70.750000,204.0000
SI,2026.06.15,09:15:00,70.750000,70.860001,70.695000,70.739998,276.0000
SI,2026.06.15,09:30:00,70.754997,70.809998,70.695000,70.695000,138.0000
SI,2026.06.15,09:45:00,70.695000,70.870003,70.695000,70.779999,165.0000
SI,2026.06.15,10:00:00,70.779999,70.790001,70.695000,70.735001,474.0000
SI,2026.06.15,10:15:00,70.745003,70.830002,70.699997,70.809998,224.0000
SI,2026.06.15,10:30:00,70.809998,70.900002,70.779999,70.860001,334.0000
SI,2026.06.15,10:45:00,70.870003,70.934998,70.739998,70.775002,290.0000
SI,2026.06.15,11:00:00,70.779999,70.834999,70.695000,70.769997,368.0000
SI,2026.06.15,11:15:00,70.785004,70.839996,70.695000,70.809998,449.0000
SI,2026.06.15,11:30:00,70.809998,71.110001,70.809998,70.834999,975.0000
SI,2026.06.15,11:45:00,70.845001,70.919998,70.650002,70.834999,491.0000
SI,2026.06.15,12:00:00,70.834999,71.040001,70.815002,70.889999,286.0000
SI,2026.06.15,12:15:00,70.915001,70.915001,70.695000,70.885002,702.0000
SI,2026.06.15,12:30:00,70.894997,71.279999,70.805000,71.074997,1183.0000
SI,2026.06.15,12:45:00,71.070000,71.294998,71.004997,71.260002,820.0000
SI,2026.06.15,13:00:00,71.254997,71.264999,70.839996,71.059998,1034.0000
SI,2026.06.15,13:15:00,71.080002,71.339996,71.074997,71.175003,885.0000
SI,2026.06.15,13:30:00,71.190002,71.400002,70.980003,71.105003,1148.0000
SI,2026.06.15,13:45:00,71.099998,71.300003,70.964996,71.105003,1208.0000
SI,2026.06.15,14:00:00,71.105003,71.360001,70.849998,70.919998,1243.0000
SI,2026.06.15,14:15:00,70.904999,71.214996,70.875000,71.184998,1161.0000
SI,2026.06.15,14:30:00,71.190002,71.224998,70.830002,70.834999,927.0000
SI,2026.06.15,14:45:00,70.834999,71.014999,70.739998,70.779999,915.0000
SI,2026.06.15,15:00:00,70.794998,70.864998,70.464996,70.570000,1009.0000
SI,2026.06.15,15:15:00,70.559998,70.809998,70.525002,70.714996,955.0000
SI,2026.06.15,15:30:00,70.709999,70.919998,70.589996,70.824997,887.0000
SI,2026.06.15,15:45:00,70.839996,70.910004,70.720001,70.745003,531.0000
SI,2026.06.15,16:00:00,70.724998,70.785004,70.540001,70.610001,928.0000
SI,2026.06.15,16:15:00,70.599998,70.654999,70.184998,70.419998,1093.0000
SI,2026.06.15,16:30:00,70.404999,70.464996,70.235001,70.320000,641.0000
SI,2026.06.15,16:45:00,70.330002,70.440002,70.315002,70.385002,524.0000
SI,2026.06.15,17:00:00,70.379997,70.379997,70.125000,70.245003,875.0000
SI,2026.06.15,17:15:00,70.230003,70.279999,70.095001,70.205002,1565.0000
SI,2026.06.15,17:30:00,70.195000,70.224998,70.025002,70.044998,586.0000
SI,2026.06.15,17:45:00,70.074997,70.199997,70.019997,70.180000,322.0000
SI,2026.06.15,18:00:00,70.160004,70.214996,69.934998,70.205002,400.0000
SI,2026.06.15,18:15:00,70.220001,70.330002,70.139999,70.205002,377.0000
SI,2026.06.15,18:30:00,70.190002,70.230003,70.099998,70.165001,148.0000
SI,2026.06.15,18:45:00,70.169998,70.275002,70.160004,70.235001,166.0000
SI,2026.06.15,19:00:00,70.260002,70.269997,70.044998,70.139999,184.0000
SI,2026.06.15,19:15:00,70.139999,70.224998,70.120003,70.120003,122.0000
SI,2026.06.15,19:30:00,70.139999,70.195000,70.099998,70.135002,133.0000
SI,2026.06.15,19:45:00,70.150002,70.285004,70.095001,70.264999,371.0000
SI,2026.06.15,20:00:00,70.260002,70.305000,70.105003,70.125000,128.0000
SI,2026.06.15,20:15:00,70.125000,70.150002,69.995003,70.025002,113.0000
SI,2026.06.15,20:30:00,70.019997,70.084999,69.980003,70.025002,108.0000
SI,2026.06.15,20:45:00,70.004997,70.059998,69.980003,70.059998,33.0000
SI,2026.06.15,22:00:00,69.949997,70.190002,69.940002,70.019997,153.0000
SI,2026.06.15,22:15:00,70.004997,70.035004,69.875000,69.940002,123.0000
SI,2026.06.15,22:30:00,69.945000,70.035004,69.910004,69.934998,116.0000
SI,2026.06.15,22:45:00,69.959999,70.084999,69.934998,69.995003,229.0000
SI,2026.06.15,23:00:00,70.035004,70.050003,69.970001,70.000000,44.0000
SI,2026.06.15,23:15:00,69.970001,70.055000,69.870003,70.014999,55.0000
SI,2026.06.15,23:30:00,70.044998,70.070000,69.934998,70.004997,31.0000
SI,2026.06.15,23:45:00,70.019997,70.065002,69.919998,69.989998,65.0000
SI,2026.06.16,00:00:00,69.974998,70.010002,69.885002,69.919998,111.0000
SI,2026.06.16,00:15:00,69.889999,69.964996,69.699997,69.790001,185.0000
SI,2026.06.16,00:30:00,69.820000,69.964996,69.800003,69.815002,76.0000
SI,2026.06.16,00:45:00,69.800003,70.010002,69.800003,69.945000,111.0000
SI,2026.06.16,01:00:00,69.910004,70.040001,69.309998,69.660004,677.0000
SI,2026.06.16,01:15:00,69.690002,69.839996,69.584999,69.610001,195.0000
SI,2026.06.16,01:30:00,69.589996,69.639999,69.364998,69.470001,280.0000
SI,2026.06.16,01:45:00,69.495003,69.644997,69.315002,69.394997,174.0000
SI,2026.06.16,02:00:00,69.404999,69.440002,69.099998,69.220001,454.0000
SI,2026.06.16,02:15:00,69.224998,69.364998,69.224998,69.355003,126.0000
SI,2026.06.16,02:30:00,69.355003,69.550003,69.309998,69.379997,183.0000
SI,2026.06.16,02:45:00,69.440002,69.660004,69.440002,69.589996,131.0000
SI,2026.06.16,03:00:00,69.580002,69.720001,69.565002,69.599998,81.0000
SI,2026.06.16,03:15:00,69.565002,69.735001,69.510002,69.724998,161.0000
SI,2026.06.16,03:30:00,69.724998,69.945000,69.724998,69.930000,199.0000
SI,2026.06.16,03:45:00,69.949997,69.949997,69.849998,69.894997,86.0000
SI,2026.06.16,04:00:00,69.889999,69.910004,69.739998,69.870003,156.0000
SI,2026.06.16,04:15:00,69.849998,69.879997,69.750000,69.775002,72.0000
SI,2026.06.16,04:30:00,69.785004,69.860001,69.764999,69.824997,38.0000
SI,2026.06.16,04:45:00,69.820000,69.834999,69.735001,69.764999,84.0000
SI,2026.06.16,05:00:00,69.790001,69.964996,69.769997,69.930000,79.0000
SI,2026.06.16,05:15:00,69.930000,69.949997,69.790001,69.855003,71.0000
SI,2026.06.16,05:30:00,69.849998,70.000000,69.320000,69.419998,603.0000
SI,2026.06.16,05:45:00,69.449997,69.529999,69.294998,69.345001,253.0000
SI,2026.06.16,06:00:00,69.385002,69.574997,69.305000,69.555000,275.0000
SI,2026.06.16,06:15:00,69.544998,69.629997,69.510002,69.570000,258.0000
SI,2026.06.16,06:30:00,69.559998,69.629997,69.419998,69.519997,161.0000
SI,2026.06.16,06:45:00,69.514999,69.824997,69.504997,69.794998,328.0000
SI,2026.06.16,07:00:00,69.800003,70.025002,69.769997,69.945000,289.0000
SI,2026.06.16,07:15:00,69.930000,70.004997,69.864998,69.894997,164.0000
SI,2026.06.16,07:30:00,69.904999,70.095001,69.830002,69.885002,279.0000
SI,2026.06.16,07:45:00,69.904999,70.220001,69.864998,70.205002,227.0000
SI,2026.06.16,08:00:00,70.209999,70.425003,70.084999,70.305000,428.0000
SI,2026.06.16,08:15:00,70.309998,70.455002,70.309998,70.430000,167.0000
SI,2026.06.16,08:30:00,70.425003,70.485001,70.349998,70.480003,340.0000
SI,2026.06.16,08:45:00,70.485001,70.675003,70.419998,70.639999,300.0000
SI,2026.06.16,09:00:00,70.625000,70.750000,70.584999,70.690002,216.0000
SI,2026.06.16,09:15:00,70.675003,70.680000,70.504997,70.504997,264.0000
SI,2026.06.16,09:30:00,70.540001,70.669998,70.525002,70.535004,75.0000
SI,2026.06.16,09:45:00,70.544998,70.639999,70.510002,70.510002,160.0000
SI,2026.06.16,10:00:00,70.510002,70.570000,70.474998,70.555000,150.0000
SI,2026.06.16,10:15:00,70.555000,70.690002,70.504997,70.519997,210.0000
SI,2026.06.16,10:30:00,70.519997,70.599998,70.470001,70.544998,69.0000
SI,2026.06.16,10:45:00,70.535004,70.629997,70.519997,70.625000,69.0000
SI,2026.06.16,11:00:00,70.614998,70.639999,70.410004,70.529999,415.0000
SI,2026.06.16,11:15:00,70.514999,70.544998,70.394997,70.455002,179.0000
SI,2026.06.16,11:30:00,70.455002,70.474998,70.345001,70.470001,172.0000
SI,2026.06.16,11:45:00,70.500000,70.665001,70.449997,70.665001,259.0000
SI,2026.06.16,12:00:00,70.644997,70.824997,70.595001,70.745003,515.0000
SI,2026.06.16,12:15:00,70.745003,70.809998,70.459999,70.650002,420.0000
SI,2026.06.16,12:30:00,70.675003,71.035004,70.635002,70.989998,823.0000
SI,2026.06.16,12:45:00,71.010002,71.285004,70.949997,71.250000,807.0000
SI,2026.06.16,13:00:00,71.269997,71.309998,70.555000,70.654999,1655.0000
SI,2026.06.16,13:15:00,70.650002,70.690002,70.440002,70.504997,577.0000
SI,2026.06.16,13:30:00,70.500000,70.665001,70.495003,70.580002,1018.0000
SI,2026.06.16,13:45:00,70.595001,70.610001,70.230003,70.290001,880.0000
SI,2026.06.16,14:00:00,70.290001,70.500000,70.279999,70.370003,844.0000
SI,2026.06.16,14:15:00,70.345001,70.355003,69.614998,69.699997,2174.0000
SI,2026.06.16,14:30:00,69.724998,70.084999,69.500000,69.945000,2291.0000
SI,2026.06.16,14:45:00,69.949997,69.980003,69.785004,69.870003,688.0000
SI,2026.06.16,15:00:00,69.875000,69.930000,69.754997,69.860001,411.0000
SI,2026.06.16,15:15:00,69.879997,70.000000,69.830002,69.945000,676.0000
SI,2026.06.16,15:30:00,69.970001,70.114998,69.900002,69.974998,508.0000
SI,2026.06.16,15:45:00,69.959999,70.379997,69.690002,70.135002,1347.0000
SI,2026.06.16,16:00:00,70.139999,70.379997,70.125000,70.375000,737.0000
SI,2026.06.16,16:15:00,70.375000,70.419998,70.254997,70.389999,456.0000
SI,2026.06.16,16:30:00,70.415001,70.419998,70.220001,70.339996,306.0000
SI,2026.06.16,16:45:00,70.324997,70.394997,70.160004,70.160004,242.0000
SI,2026.06.16,17:00:00,70.180000,70.230003,70.065002,70.084999,391.0000
SI,2026.06.16,17:15:00,70.065002,70.105003,69.820000,70.084999,1585.0000
SI,2026.06.16,17:30:00,70.084999,70.269997,70.059998,70.224998,378.0000
SI,2026.06.16,17:45:00,70.235001,70.339996,70.114998,70.339996,259.0000
SI,2026.06.16,18:00:00,70.330002,70.500000,70.285004,70.480003,332.0000
SI,2026.06.16,18:15:00,70.470001,70.544998,70.370003,70.464996,205.0000
SI,2026.06.16,18:30:00,70.445000,70.525002,70.324997,70.349998,123.0000
SI,2026.06.16,18:45:00,70.355003,70.419998,70.294998,70.415001,159.0000
SI,2026.06.16,19:00:00,70.394997,70.495003,70.349998,70.364998,114.0000
SI,2026.06.16,19:15:00,70.339996,70.455002,70.269997,70.410004,236.0000
SI,2026.06.16,19:30:00,70.400002,70.434998,70.290001,70.330002,136.0000
SI,2026.06.16,19:45:00,70.345001,70.364998,70.125000,70.205002,353.0000
SI,2026.06.16,20:00:00,70.205002,70.205002,70.084999,70.120003,110.0000
SI,2026.06.16,20:15:00,70.105003,70.184998,70.080002,70.139999,80.0000
SI,2026.06.16,20:30:00,70.165001,70.220001,70.105003,70.144997,45.0000
SI,2026.06.16,20:45:00,70.144997,70.160004,70.080002,70.125000,80.0000
SI,2026.06.16,22:00:00,70.135002,70.220001,70.019997,70.165001,62.0000
SI,2026.06.16,22:15:00,70.144997,70.144997,70.044998,70.059998,18.0000
SI,2026.06.16,22:30:00,70.044998,70.190002,70.044998,70.139999,60.0000
SI,2026.06.16,22:45:00,70.165001,70.220001,70.139999,70.220001,28.0000
SI,2026.06.16,23:00:00,70.214996,70.264999,70.190002,70.224998,14.0000
SI,2026.06.16,23:15:00,70.224998,70.224998,70.150002,70.150002,42.0000
SI,2026.06.16,23:30:00,70.154999,70.154999,70.055000,70.059998,38.0000
SI,2026.06.16,23:45:00,70.029999,70.074997,69.860001,69.945000,153.0000
SI,2026.06.17,00:00:00,69.970001,70.375000,69.955002,70.254997,169.0000
SI,2026.06.17,00:15:00,70.254997,70.394997,70.220001,70.250000,59.0000
SI,2026.06.17,00:30:00,70.239998,70.279999,70.165001,70.175003,47.0000
SI,2026.06.17,00:45:00,70.150002,70.275002,70.010002,70.275002,108.0000
SI,2026.06.17,01:00:00,70.264999,70.610001,70.099998,70.455002,554.0000
SI,2026.06.17,01:15:00,70.455002,70.519997,70.214996,70.370003,256.0000
SI,2026.06.17,01:30:00,70.355003,70.400002,70.150002,70.349998,140.0000
SI,2026.06.17,01:45:00,70.370003,70.614998,70.290001,70.550003,129.0000
SI,2026.06.17,02:00:00,70.550003,70.620003,70.410004,70.540001,113.0000
SI,2026.06.17,02:15:00,70.550003,70.550003,70.410004,70.410004,114.0000
SI,2026.06.17,02:30:00,70.459999,70.614998,70.320000,70.375000,192.0000
SI,2026.06.17,02:45:00,70.320000,70.364998,70.199997,70.264999,171.0000
SI,2026.06.17,03:00:00,70.275002,70.375000,70.154999,70.154999,69.0000
SI,2026.06.17,03:15:00,70.150002,70.320000,70.120003,70.260002,93.0000
SI,2026.06.17,03:30:00,70.245003,70.330002,70.199997,70.309998,138.0000
SI,2026.06.17,03:45:00,70.315002,70.349998,70.205002,70.220001,95.0000
SI,2026.06.17,04:00:00,70.220001,70.220001,70.135002,70.154999,51.0000
SI,2026.06.17,04:15:00,70.144997,70.175003,70.010002,70.010002,86.0000
SI,2026.06.17,04:30:00,70.029999,70.165001,69.959999,70.089996,107.0000
SI,2026.06.17,04:45:00,70.050003,70.175003,70.050003,70.175003,40.0000
SI,2026.06.17,05:00:00,70.199997,70.209999,70.004997,70.014999,92.0000
SI,2026.06.17,05:15:00,70.029999,70.175003,69.980003,70.175003,127.0000
SI,2026.06.17,05:30:00,70.190002,70.464996,70.180000,70.324997,352.0000
SI,2026.06.17,05:45:00,70.330002,70.555000,70.300003,70.445000,131.0000
SI,2026.06.17,06:00:00,70.445000,70.504997,70.360001,70.400002,213.0000
SI,2026.06.17,06:15:00,70.419998,70.430000,70.239998,70.305000,100.0000
SI,2026.06.17,06:30:00,70.279999,70.385002,70.245003,70.294998,364.0000
SI,2026.06.17,06:45:00,70.305000,70.425003,70.305000,70.419998,169.0000
SI,2026.06.17,07:00:00,70.404999,70.474998,70.300003,70.300003,142.0000
SI,2026.06.17,07:15:00,70.334999,70.425003,70.205002,70.269997,173.0000
SI,2026.06.17,07:30:00,70.269997,70.320000,70.199997,70.220001,332.0000
SI,2026.06.17,07:45:00,70.220001,70.239998,70.040001,70.044998,142.0000
SI,2026.06.17,08:00:00,70.035004,70.150002,69.900002,69.900002,167.0000
SI,2026.06.17,08:15:00,69.915001,69.925003,69.750000,69.849998,384.0000
SI,2026.06.17,08:30:00,69.824997,69.870003,69.684998,69.684998,220.0000
SI,2026.06.17,08:45:00,69.684998,69.845001,69.570000,69.815002,507.0000
SI,2026.06.17,09:00:00,69.815002,69.900002,69.709999,69.830002,246.0000
SI,2026.06.17,09:15:00,69.845001,70.139999,69.845001,70.074997,338.0000
SI,2026.06.17,09:30:00,70.120003,70.190002,70.025002,70.055000,133.0000
SI,2026.06.17,09:45:00,70.050003,70.125000,69.945000,70.010002,297.0000
SI,2026.06.17,10:00:00,70.019997,70.080002,69.959999,70.065002,82.0000
SI,2026.06.17,10:15:00,70.059998,70.059998,69.930000,69.985001,108.0000
SI,2026.06.17,10:30:00,70.000000,70.050003,69.919998,70.025002,119.0000
SI,2026.06.17,10:45:00,70.070000,70.169998,70.029999,70.040001,216.0000
SI,2026.06.17,11:00:00,70.055000,70.070000,69.824997,69.930000,430.0000
SI,2026.06.17,11:15:00,69.915001,70.059998,69.915001,69.940002,159.0000
SI,2026.06.17,11:30:00,69.959999,69.959999,69.800003,69.839996,182.0000
SI,2026.06.17,11:45:00,69.830002,69.904999,69.699997,69.824997,180.0000
SI,2026.06.17,12:00:00,69.849998,69.995003,69.815002,69.925003,384.0000
SI,2026.06.17,12:15:00,69.964996,69.964996,69.730003,69.760002,329.0000
SI,2026.06.17,12:30:00,69.750000,70.059998,69.730003,69.930000,1181.0000
SI,2026.06.17,12:45:00,69.919998,70.050003,69.915001,70.035004,234.0000
SI,2026.06.17,13:00:00,70.029999,70.084999,69.610001,69.934998,1098.0000
SI,2026.06.17,13:15:00,69.930000,70.410004,69.904999,70.345001,745.0000
SI,2026.06.17,13:30:00,70.370003,70.464996,70.224998,70.459999,678.0000
SI,2026.06.17,13:45:00,70.440002,70.544998,70.224998,70.224998,684.0000
SI,2026.06.17,14:00:00,70.220001,70.550003,70.190002,70.415001,698.0000
SI,2026.06.17,14:15:00,70.419998,70.930000,70.360001,70.845001,959.0000
SI,2026.06.17,14:30:00,70.864998,70.989998,70.610001,70.695000,1080.0000
SI,2026.06.17,14:45:00,70.684998,70.750000,70.035004,70.379997,1832.0000
SI,2026.06.17,15:00:00,70.375000,70.525002,70.285004,70.500000,499.0000
SI,2026.06.17,15:15:00,70.489998,70.785004,70.455002,70.750000,497.0000
SI,2026.06.17,15:30:00,70.739998,70.809998,70.620003,70.690002,388.0000
SI,2026.06.17,15:45:00,70.724998,70.864998,70.709999,70.794998,385.0000
SI,2026.06.17,16:00:00,70.805000,70.889999,70.735001,70.794998,257.0000
SI,2026.06.17,16:15:00,70.809998,70.870003,70.709999,70.824997,422.0000
SI,2026.06.17,16:30:00,70.824997,70.824997,70.519997,70.684998,429.0000
SI,2026.06.17,16:45:00,70.669998,70.695000,70.589996,70.680000,241.0000
SI,2026.06.17,17:00:00,70.690002,70.800003,70.589996,70.754997,1115.0000
SI,2026.06.17,17:15:00,70.739998,70.919998,70.584999,70.885002,1099.0000
SI,2026.06.17,17:30:00,70.870003,71.650002,70.870003,71.485001,2298.0000
SI,2026.06.17,17:45:00,71.500000,71.635002,71.345001,71.404999,707.0000
SI,2026.06.17,18:00:00,71.379997,71.379997,68.654999,68.779999,6021.0000
SI,2026.06.17,18:15:00,68.779999,69.555000,68.760002,69.175003,2484.0000
SI,2026.06.17,18:30:00,69.180000,70.139999,68.750000,70.055000,2766.0000
SI,2026.06.17,18:45:00,70.035004,70.360001,68.919998,69.199997,1799.0000
SI,2026.06.17,19:00:00,69.199997,69.389999,68.320000,68.639999,2157.0000
SI,2026.06.17,19:15:00,68.639999,68.639999,67.595001,67.614998,2059.0000
SI,2026.06.17,19:30:00,67.599998,67.625000,66.849998,66.970001,2694.0000
SI,2026.06.17,19:45:00,67.010002,67.470001,66.985001,67.099998,1905.0000
SI,2026.06.17,20:00:00,67.120003,67.864998,67.099998,67.805000,1127.0000
SI,2026.06.17,20:15:00,67.805000,68.154999,67.705002,67.834999,691.0000
SI,2026.06.17,20:30:00,67.845001,68.220001,67.830002,68.074997,341.0000
SI,2026.06.17,20:45:00,68.105003,68.129997,67.864998,67.959999,308.0000
SI,2026.06.17,22:00:00,68.040001,68.175003,67.934998,67.985001,188.0000
SI,2026.06.17,22:15:00,68.014999,68.099998,67.974998,68.025002,263.0000
SI,2026.06.17,22:30:00,68.019997,68.105003,67.970001,67.980003,95.0000
SI,2026.06.17,22:45:00,67.989998,68.135002,67.919998,68.040001,150.0000
SI,2026.06.17,23:00:00,68.040001,68.459999,68.000000,68.410004,189.0000
SI,2026.06.17,23:15:00,68.404999,68.425003,68.214996,68.360001,115.0000
SI,2026.06.17,23:30:00,68.320000,68.419998,68.180000,68.324997,121.0000
SI,2026.06.17,23:45:00,68.349998,68.485001,68.315002,68.449997,40.0000
SI,2026.06.18,00:00:00,68.474998,68.964996,68.470001,68.769997,400.0000
SI,2026.06.18,00:15:00,68.800003,69.010002,68.739998,69.004997,242.0000
SI,2026.06.18,00:30:00,69.000000,69.434998,69.000000,69.434998,344.0000
SI,2026.06.18,00:45:00,69.415001,69.449997,69.180000,69.235001,441.0000
SI,2026.06.18,01:00:00,69.175003,69.919998,69.110001,69.735001,1094.0000
SI,2026.06.18,01:15:00,69.745003,69.769997,69.459999,69.559998,352.0000
SI,2026.06.18,01:30:00,69.584999,69.584999,69.360001,69.464996,311.0000
SI,2026.06.18,01:45:00,69.459999,69.605003,69.355003,69.459999,126.0000
SI,2026.06.18,02:00:00,69.419998,69.730003,69.375000,69.665001,116.0000
SI,2026.06.18,02:15:00,69.650002,69.730003,69.519997,69.714996,141.0000
SI,2026.06.18,02:30:00,69.735001,69.745003,69.195000,69.254997,393.0000
SI,2026.06.18,02:45:00,69.254997,69.349998,68.870003,68.910004,414.0000
SI,2026.06.18,03:00:00,68.900002,69.010002,68.794998,68.900002,212.0000
SI,2026.06.18,03:15:00,68.885002,69.065002,68.845001,68.974998,207.0000
SI,2026.06.18,03:30:00,69.000000,69.254997,68.970001,69.195000,164.0000
SI,2026.06.18,03:45:00,69.199997,69.320000,69.180000,69.279999,64.0000
SI,2026.06.18,04:00:00,69.279999,69.360001,69.154999,69.275002,68.0000
SI,2026.06.18,04:15:00,69.269997,69.300003,69.070000,69.165001,188.0000
SI,2026.06.18,04:30:00,69.160004,69.264999,68.860001,68.919998,186.0000
SI,2026.06.18,04:45:00,68.915001,69.110001,68.839996,69.055000,124.0000
SI,2026.06.18,05:00:00,69.065002,69.139999,68.945000,69.050003,65.0000
SI,2026.06.18,05:15:00,69.065002,69.245003,69.065002,69.245003,79.0000
SI,2026.06.18,05:30:00,69.254997,69.330002,68.870003,68.894997,236.0000
SI,2026.06.18,05:45:00,68.894997,68.919998,68.529999,68.875000,592.0000
SI,2026.06.18,06:00:00,68.959999,69.040001,68.605003,68.794998,329.0000
SI,2026.06.18,06:15:00,68.785004,68.879997,68.699997,68.860001,263.0000
SI,2026.06.18,06:30:00,68.849998,68.910004,68.675003,68.745003,231.0000
SI,2026.06.18,06:45:00,68.750000,68.940002,68.750000,68.934998,309.0000
SI,2026.06.18,07:00:00,68.930000,69.040001,68.775002,68.974998,429.0000
SI,2026.06.18,07:15:00,68.949997,69.084999,68.949997,68.974998,330.0000
SI,2026.06.18,07:30:00,68.964996,68.964996,68.690002,68.769997,429.0000
SI,2026.06.18,07:45:00,68.775002,68.779999,68.525002,68.525002,259.0000
SI,2026.06.18,08:00:00,68.574997,68.639999,68.389999,68.430000,356.0000
SI,2026.06.18,08:15:00,68.425003,68.474998,68.290001,68.290001,132.0000
SI,2026.06.18,08:30:00,68.290001,68.559998,68.264999,68.440002,331.0000
SI,2026.06.18,08:45:00,68.400002,68.430000,68.120003,68.120003,246.0000
SI,2026.06.18,09:00:00,68.135002,68.300003,68.019997,68.279999,378.0000
SI,2026.06.18,09:15:00,68.294998,68.440002,68.239998,68.264999,263.0000
SI,2026.06.18,09:30:00,68.254997,68.480003,68.235001,68.480003,240.0000
SI,2026.06.18,09:45:00,68.470001,68.555000,68.425003,68.489998,177.0000
SI,2026.06.18,10:00:00,68.514999,68.574997,68.375000,68.430000,239.0000
SI,2026.06.18,10:15:00,68.470001,68.485001,68.160004,68.269997,269.0000
SI,2026.06.18,10:30:00,68.360001,68.385002,68.120003,68.160004,188.0000
SI,2026.06.18,10:45:00,68.160004,68.250000,67.764999,67.834999,577.0000
SI,2026.06.18,11:00:00,67.815002,67.839996,67.160004,67.445000,880.0000
SI,2026.06.18,11:15:00,67.425003,67.555000,67.245003,67.349998,522.0000
SI,2026.06.18,11:30:00,67.385002,67.419998,66.665001,66.870003,1313.0000
SI,2026.06.18,11:45:00,66.864998,66.995003,66.635002,66.875000,613.0000
SI,2026.06.18,12:00:00,66.900002,67.195000,66.690002,67.050003,1021.0000
SI,2026.06.18,12:15:00,67.065002,67.419998,67.029999,67.070000,1032.0000
SI,2026.06.18,12:30:00,67.000000,67.135002,66.514999,66.555000,1299.0000
SI,2026.06.18,12:45:00,66.574997,66.695000,66.400002,66.555000,903.0000
SI,2026.06.18,13:00:00,66.540001,67.029999,66.519997,67.029999,1014.0000
SI,2026.06.18,13:15:00,67.025002,67.290001,66.870003,67.250000,1029.0000
SI,2026.06.18,13:30:00,67.245003,67.650002,67.245003,67.389999,1537.0000
SI,2026.06.18,13:45:00,67.400002,67.464996,66.809998,67.019997,1335.0000
SI,2026.06.18,14:00:00,67.010002,67.074997,66.684998,66.794998,988.0000
SI,2026.06.18,14:15:00,66.730003,66.974998,66.529999,66.610001,986.0000
SI,2026.06.18,14:30:00,66.584999,66.809998,66.224998,66.330002,1250.0000
SI,2026.06.18,14:45:00,66.324997,66.625000,66.129997,66.580002,905.0000
SI,2026.06.18,15:00:00,66.574997,66.639999,66.199997,66.235001,585.0000
SI,2026.06.18,15:15:00,66.245003,66.400002,66.044998,66.070000,685.0000
SI,2026.06.18,15:30:00,66.059998,66.349998,66.000000,66.239998,937.0000
SI,2026.06.18,15:45:00,66.245003,66.254997,66.070000,66.175003,496.0000
SI,2026.06.18,16:00:00,66.180000,66.364998,66.120003,66.139999,490.0000
SI,2026.06.18,16:15:00,66.135002,66.230003,66.010002,66.199997,554.0000
SI,2026.06.18,16:30:00,66.209999,66.339996,65.930000,66.160004,701.0000
SI,2026.06.18,16:45:00,66.175003,66.205002,66.004997,66.205002,644.0000
SI,2026.06.18,17:00:00,66.214996,66.345001,66.144997,66.300003,774.0000
SI,2026.06.18,17:15:00,66.290001,66.470001,66.095001,66.110001,2320.0000
SI,2026.06.18,17:30:00,66.099998,66.135002,65.845001,66.070000,1528.0000
SI,2026.06.18,17:45:00,66.065002,66.269997,66.040001,66.224998,462.0000
SI,2026.06.18,18:00:00,66.220001,66.285004,66.114998,66.154999,252.0000
SI,2026.06.18,18:15:00,66.135002,66.239998,66.070000,66.150002,210.0000
SI,2026.06.18,18:30:00,66.150002,66.150002,65.919998,66.070000,195.0000
SI,2026.06.18,18:45:00,66.070000,66.095001,65.925003,65.955002,217.0000
SI,2026.06.18,19:00:00,65.959999,65.959999,65.330002,65.510002,871.0000
SI,2026.06.18,19:15:00,65.495003,65.525002,65.290001,65.300003,313.0000
SI,2026.06.18,19:30:00,65.309998,65.769997,65.184998,65.754997,616.0000
SI,2026.06.18,19:45:00,65.750000,65.970001,65.699997,65.864998,472.0000
SI,2026.06.18,20:00:00,65.870003,65.989998,65.834999,65.959999,141.0000
SI,2026.06.18,20:15:00,65.964996,66.044998,65.870003,66.010002,127.0000
SI,2026.06.18,20:30:00,66.025002,66.029999,65.855003,65.855003,102.0000
SI,2026.06.18,20:45:00,65.839996,65.849998,65.745003,65.775002,111.0000
SI,2026.06.18,22:00:00,65.785004,65.940002,65.739998,65.769997,81.0000
SI,2026.06.18,22:15:00,65.760002,65.760002,65.644997,65.669998,34.0000
SI,2026.06.18,22:30:00,65.690002,65.709999,65.605003,65.644997,48.0000
SI,2026.06.18,22:45:00,65.654999,65.824997,65.629997,65.745003,66.0000
SI,2026.06.18,23:00:00,65.739998,65.739998,65.370003,65.379997,70.0000
SI,2026.06.18,23:15:00,65.514999,65.605003,65.449997,65.570000,33.0000
SI,2026.06.18,23:30:00,65.654999,65.680000,65.514999,65.525002,21.0000
SI,2026.06.18,23:45:00,65.529999,65.529999,65.315002,65.339996,60.0000
SI,2026.06.19,00:00:00,65.400002,65.589996,65.169998,65.224998,139.0000
SI,2026.06.19,00:15:00,65.275002,65.305000,65.105003,65.250000,103.0000
SI,2026.06.19,00:30:00,65.239998,65.445000,65.239998,65.389999,49.0000
SI,2026.06.19,00:45:00,65.404999,65.489998,65.349998,65.415001,51.0000
SI,2026.06.19,01:00:00,65.410004,65.480003,65.110001,65.199997,109.0000
SI,2026.06.19,01:15:00,65.230003,65.400002,65.120003,65.394997,82.0000
SI,2026.06.19,01:30:00,65.305000,65.305000,65.139999,65.184998,55.0000
SI,2026.06.19,01:45:00,65.169998,65.175003,65.014999,65.080002,86.0000
SI,2026.06.19,02:00:00,65.084999,65.120003,64.654999,64.764999,463.0000
SI,2026.06.19,02:15:00,64.779999,64.779999,64.529999,64.745003,183.0000
SI,2026.06.19,02:30:00,64.775002,64.849998,64.629997,64.805000,100.0000
SI,2026.06.19,02:45:00,64.800003,64.800003,64.510002,64.660004,96.0000
SI,2026.06.19,03:00:00,64.650002,64.654999,64.389999,64.500000,168.0000
SI,2026.06.19,03:15:00,64.474998,64.565002,64.324997,64.504997,180.0000
SI,2026.06.19,03:30:00,64.485001,64.510002,64.239998,64.290001,137.0000
SI,2026.06.19,03:45:00,64.305000,64.339996,64.074997,64.089996,221.0000
SI,2026.06.21,22:00:00,63.849998,64.910004,63.630001,64.464996,679.0000
SI,2026.06.21,22:15:00,64.464996,64.910004,64.375000,64.639999,235.0000
SI,2026.06.21,22:30:00,64.620003,64.724998,64.589996,64.709999,89.0000
SI,2026.06.21,22:45:00,64.705002,64.930000,64.665001,64.864998,98.0000
SI,2026.06.21,23:00:00,64.875000,65.125000,64.845001,64.970001,120.0000
SI,2026.06.21,23:15:00,64.919998,64.925003,64.820000,64.919998,38.0000
SI,2026.06.21,23:30:00,64.855003,64.910004,64.495003,64.595001,114.0000
SI,2026.06.21,23:45:00,64.599998,64.910004,64.305000,64.485001,223.0000
SI,2026.06.22,00:00:00,64.489998,65.065002,64.459999,65.014999,258.0000
SI,2026.06.22,00:15:00,65.084999,65.264999,64.910004,65.195000,231.0000
SI,2026.06.22,00:30:00,65.250000,65.589996,65.209999,65.580002,404.0000
SI,2026.06.22,00:45:00,65.605003,66.400002,64.910004,66.385002,597.0000
SI,2026.06.22,01:00:00,66.394997,67.230003,64.910004,66.934998,1936.0000
SI,2026.06.22,01:15:00,66.889999,67.000000,64.910004,66.625000,737.0000
SI,2026.06.22,01:30:00,66.580002,66.580002,64.910004,66.129997,648.0000
SI,2026.06.22,01:45:00,66.169998,66.209999,65.870003,65.970001,318.0000
SI,2026.06.22,02:00:00,65.955002,66.230003,64.910004,65.964996,237.0000
SI,2026.06.22,02:15:00,65.940002,66.044998,64.910004,65.945000,127.0000
SI,2026.06.22,02:30:00,65.955002,66.269997,64.910004,65.925003,407.0000
SI,2026.06.22,02:45:00,65.885002,65.885002,64.910004,65.769997,557.0000
SI,2026.06.22,03:00:00,65.824997,65.849998,65.555000,65.665001,235.0000
SI,2026.06.22,03:15:00,65.654999,65.860001,64.910004,65.790001,110.0000
SI,2026.06.22,03:30:00,65.790001,65.809998,64.910004,65.639999,73.0000
SI,2026.06.22,03:45:00,65.680000,65.690002,64.910004,65.599998,105.0000
SI,2026.06.22,04:00:00,65.599998,65.790001,65.565002,65.605003,148.0000
SI,2026.06.22,04:15:00,65.610001,65.680000,64.910004,65.570000,70.0000
SI,2026.06.22,04:30:00,65.559998,65.675003,64.910004,65.595001,45.0000
SI,2026.06.22,04:45:00,65.614998,65.750000,64.910004,65.614998,118.0000
SI,2026.06.22,05:00:00,65.614998,65.724998,64.910004,65.720001,142.0000
SI,2026.06.22,05:15:00,65.730003,65.955002,65.654999,65.945000,208.0000
SI,2026.06.22,05:30:00,65.934998,66.635002,64.910004,66.445000,845.0000
SI,2026.06.22,05:45:00,66.440002,66.620003,64.910004,66.449997,282.0000
SI,2026.06.22,06:00:00,66.459999,66.660004,64.910004,66.555000,330.0000
SI,2026.06.22,06:15:00,66.565002,66.785004,64.910004,66.574997,407.0000
SI,2026.06.22,06:30:00,66.559998,66.695000,66.489998,66.680000,211.0000
SI,2026.06.22,06:45:00,66.709999,66.870003,64.910004,66.660004,486.0000
SI,2026.06.22,07:00:00,66.684998,66.690002,64.910004,66.629997,289.0000
SI,2026.06.22,07:15:00,66.675003,66.775002,66.559998,66.639999,128.0000
SI,2026.06.22,07:30:00,66.629997,66.650002,64.910004,66.425003,293.0000
SI,2026.06.22,07:45:00,66.425003,66.440002,66.239998,66.275002,228.0000
SI,2026.06.22,08:00:00,66.264999,66.309998,64.910004,66.055000,327.0000
SI,2026.06.22,08:15:00,66.055000,66.129997,64.910004,65.985001,340.0000
SI,2026.06.22,08:30:00,65.974998,66.114998,65.894997,66.105003,226.0000
SI,2026.06.22,08:45:00,66.099998,66.285004,64.910004,66.285004,233.0000
SI,2026.06.22,09:00:00,66.300003,66.519997,66.230003,66.434998,216.0000
SI,2026.06.22,09:15:00,66.434998,66.514999,64.910004,66.504997,164.0000
SI,2026.06.22,09:30:00,66.445000,66.650002,64.910004,64.910004,194.0000
SI,2026.06.22,09:45:00,66.510002,66.580002,66.455002,66.474998,81.0000
SI,2026.06.22,10:00:00,66.489998,66.705002,64.910004,66.620003,209.0000
SI,2026.06.22,10:15:00,66.610001,66.635002,64.910004,64.910004,196.0000
SI,2026.06.22,10:30:00,66.555000,66.555000,64.910004,66.500000,77.0000
SI,2026.06.22,10:45:00,66.500000,66.599998,64.910004,66.474998,95.0000
SI,2026.06.22,11:00:00,66.470001,66.855003,66.419998,66.644997,502.0000
SI,2026.06.22,11:15:00,66.639999,66.639999,64.910004,66.485001,123.0000
SI,2026.06.22,11:30:00,66.489998,66.525002,64.910004,66.419998,215.0000
SI,2026.06.22,11:45:00,66.415001,66.570000,64.910004,66.555000,290.0000
SI,2026.06.22,12:00:00,66.584999,66.690002,64.910004,66.449997,244.0000
SI,2026.06.22,12:15:00,66.410004,66.675003,66.400002,66.514999,552.0000
SI,2026.06.22,12:30:00,66.529999,66.550003,64.910004,66.404999,587.0000
SI,2026.06.22,12:45:00,66.455002,66.464996,64.910004,66.320000,399.0000
SI,2026.06.22,13:00:00,66.324997,66.919998,64.910004,66.919998,1697.0000
SI,2026.06.22,13:15:00,66.915001,66.949997,64.910004,66.529999,1093.0000
SI,2026.06.22,13:30:00,66.540001,66.779999,66.415001,66.584999,1151.0000
SI,2026.06.22,13:45:00,66.570000,66.794998,64.910004,66.605003,1080.0000
SI,2026.06.22,14:00:00,66.599998,66.809998,64.910004,66.519997,1658.0000
SI,2026.06.22,14:15:00,66.510002,66.525002,64.910004,66.070000,1065.0000
SI,2026.06.22,14:30:00,66.055000,66.129997,64.910004,66.010002,773.0000
SI,2026.06.22,14:45:00,66.035004,66.285004,65.970001,66.139999,1149.0000
SI,2026.06.22,15:00:00,66.129997,66.224998,64.910004,66.125000,947.0000
SI,2026.06.22,15:15:00,66.160004,66.165001,64.910004,65.885002,1009.0000
SI,2026.06.22,15:30:00,65.855003,65.964996,64.910004,65.669998,1116.0000
SI,2026.06.22,15:45:00,65.669998,65.680000,64.910004,65.550003,1337.0000
SI,2026.06.22,16:00:00,65.540001,65.599998,65.334999,65.430000,630.0000
SI,2026.06.22,16:15:00,65.404999,65.605003,64.910004,65.555000,413.0000
SI,2026.06.22,16:30:00,65.529999,65.635002,64.910004,65.500000,1235.0000
SI,2026.06.22,16:45:00,65.489998,65.830002,64.910004,65.705002,862.0000
SI,2026.06.22,17:00:00,65.714996,65.714996,64.910004,65.565002,552.0000
SI,2026.06.22,17:15:00,65.580002,65.684998,65.400002,65.440002,1298.0000
SI,2026.06.22,17:30:00,65.440002,65.474998,64.910004,65.245003,994.0000
SI,2026.06.22,17:45:00,65.239998,65.389999,64.910004,65.339996,193.0000
SI,2026.06.22,18:00:00,65.360001,65.529999,64.910004,65.415001,253.0000
SI,2026.06.22,18:15:00,65.415001,65.535004,64.910004,65.485001,349.0000
SI,2026.06.22,18:30:00,65.480003,65.514999,65.385002,65.500000,237.0000
SI,2026.06.22,18:45:00,65.510002,65.584999,64.910004,65.525002,291.0000
SI,2026.06.22,19:00:00,65.544998,65.584999,64.910004,65.495003,285.0000
SI,2026.06.22,19:15:00,65.510002,65.525002,64.910004,65.309998,236.0000
SI,2026.06.22,19:30:00,65.305000,65.309998,64.910004,65.135002,226.0000
SI,2026.06.22,19:45:00,65.114998,65.300003,65.105003,65.260002,323.0000
SI,2026.06.22,20:00:00,65.269997,65.324997,64.910004,65.294998,71.0000
SI,2026.06.22,20:15:00,65.300003,65.320000,64.910004,64.910004,32.0000
SI,2026.06.22,20:30:00,65.269997,65.315002,65.250000,65.269997,97.0000
SI,2026.06.22,20:45:00,65.260002,65.269997,64.910004,64.910004,94.0000
SI,2026.06.22,22:00:00,65.214996,65.315002,65.099998,65.214996,101.0000
SI,2026.06.22,22:15:00,65.195000,65.235001,65.160004,65.175003,77.0000
SI,2026.06.22,22:30:00,65.190002,65.224998,64.894997,65.004997,251.0000
SI,2026.06.22,22:45:00,64.980003,65.144997,64.970001,65.120003,124.0000
SI,2026.06.22,23:00:00,65.110001,65.220001,65.110001,65.120003,76.0000
SI,2026.06.22,23:15:00,65.105003,65.144997,65.089996,65.120003,41.0000
SI,2026.06.22,23:30:00,65.099998,65.209999,65.099998,65.199997,100.0000
SI,2026.06.22,23:45:00,65.165001,65.165001,64.970001,65.010002,178.0000
SI,2026.06.23,00:00:00,65.000000,65.089996,64.669998,64.669998,233.0000
SI,2026.06.23,00:15:00,64.735001,64.800003,64.445000,64.699997,623.0000
SI,2026.06.23,00:30:00,64.705002,65.059998,64.675003,65.059998,146.0000
SI,2026.06.23,00:45:00,65.044998,65.099998,64.949997,65.019997,219.0000
SI,2026.06.23,01:00:00,65.025002,65.264999,64.629997,64.794998,690.0000
SI,2026.06.23,01:15:00,64.809998,64.849998,64.410004,64.724998,520.0000
SI,2026.06.23,01:30:00,64.714996,64.720001,63.910000,64.010002,883.0000
SI,2026.06.23,01:45:00,64.044998,64.175003,63.875000,64.165001,613.0000
SI,2026.06.23,02:00:00,64.169998,64.209999,63.695000,63.845001,637.0000
SI,2026.06.23,02:15:00,63.845001,64.139999,63.845001,64.065002,396.0000
SI,2026.06.23,02:30:00,64.035004,64.135002,63.669998,63.705002,374.0000
SI,2026.06.23,02:45:00,63.709999,63.764999,63.279999,63.355000,776.0000
SI,2026.06.23,03:00:00,63.360001,63.445000,63.130001,63.230000,668.0000
SI,2026.06.23,03:15:00,63.209999,63.285000,62.720001,63.064999,1433.0000
SI,2026.06.23,03:30:00,63.044998,63.189999,62.939999,63.189999,353.0000
SI,2026.06.23,03:45:00,63.195000,63.279999,63.084999,63.240002,314.0000
SI,2026.06.23,04:00:00,63.224998,63.270000,63.040001,63.099998,237.0000
SI,2026.06.23,04:15:00,63.075001,63.110001,63.000000,63.090000,152.0000
SI,2026.06.23,04:30:00,63.084999,63.084999,62.930000,63.005001,156.0000
SI,2026.06.23,04:45:00,63.040001,63.049999,62.549999,62.599998,399.0000
SI,2026.06.23,05:00:00,62.619999,62.939999,62.544998,62.869999,580.0000
SI,2026.06.23,05:15:00,62.849998,62.875000,62.715000,62.764999,274.0000
SI,2026.06.23,05:30:00,62.779999,63.080002,62.400002,62.990002,1211.0000
SI,2026.06.23,05:45:00,62.974998,62.974998,62.480000,62.595001,515.0000
SI,2026.06.23,06:00:00,62.605000,62.790001,62.369999,62.709999,1009.0000
SI,2026.06.23,06:15:00,62.695000,62.855000,62.235001,62.279999,1060.0000
SI,2026.06.23,06:30:00,62.259998,62.415001,62.220001,62.330002,626.0000
SI,2026.06.23,06:45:00,62.340000,62.619999,62.250000,62.264999,642.0000
SI,2026.06.23,07:00:00,62.275002,62.584999,62.134998,62.500000,922.0000
SI,2026.06.23,07:15:00,62.494999,62.700001,62.470001,62.584999,410.0000
SI,2026.06.23,07:30:00,62.544998,62.570000,62.014999,62.080002,660.0000
SI,2026.06.23,07:45:00,62.070000,62.200001,61.855000,61.945000,646.0000
SI,2026.06.23,08:00:00,61.945000,62.075001,61.849998,61.955002,778.0000
SI,2026.06.23,08:15:00,61.939999,62.139999,61.919998,62.055000,326.0000
SI,2026.06.23,08:30:00,62.049999,62.215000,61.965000,62.150002,502.0000
SI,2026.06.23,08:45:00,62.174999,62.185001,62.035000,62.125000,250.0000
SI,2026.06.23,09:00:00,62.125000,62.285000,62.099998,62.215000,536.0000
SI,2026.06.23,09:15:00,62.250000,62.445000,62.189999,62.404999,610.0000
SI,2026.06.23,09:30:00,62.415001,62.490002,62.355000,62.439999,226.0000
SI,2026.06.23,09:45:00,62.450001,62.570000,62.415001,62.560001,245.0000
SI,2026.06.23,10:00:00,62.564999,62.700001,62.564999,62.654999,336.0000
SI,2026.06.23,10:15:00,62.645000,62.724998,62.575001,62.610001,206.0000
SI,2026.06.23,10:30:00,62.610001,62.619999,62.294998,62.404999,655.0000
SI,2026.06.23,10:45:00,62.400002,62.404999,62.255001,62.294998,243.0000
SI,2026.06.23,11:00:00,62.279999,62.340000,62.084999,62.285000,759.0000
SI,2026.06.23,11:15:00,62.279999,62.400002,62.134998,62.209999,756.0000
SI,2026.06.23,11:30:00,62.205002,62.250000,62.055000,62.189999,374.0000
SI,2026.06.23,11:45:00,62.165001,62.195000,61.860001,62.130001,620.0000
SI,2026.06.23,12:00:00,62.125000,62.325001,61.900002,61.935001,752.0000
SI,2026.06.23,12:15:00,61.910000,61.959999,61.744999,61.930000,895.0000
SI,2026.06.23,12:30:00,61.904999,62.145000,61.865002,62.070000,570.0000
SI,2026.06.23,12:45:00,62.070000,62.160000,61.860001,61.965000,551.0000
SI,2026.06.23,13:00:00,61.970001,62.285000,61.705002,62.090000,1463.0000
SI,2026.06.23,13:15:00,62.080002,62.215000,61.895000,62.145000,1005.0000
SI,2026.06.23,13:30:00,62.160000,62.485001,61.950001,62.325001,1785.0000
SI,2026.06.23,13:45:00,62.325001,62.535000,62.244999,62.439999,1545.0000
SI,2026.06.23,14:00:00,62.439999,62.535000,62.259998,62.455002,1484.0000
SI,2026.06.23,14:15:00,62.459999,62.500000,61.985001,62.099998,1327.0000
SI,2026.06.23,14:30:00,62.099998,62.105000,61.535000,61.915001,2543.0000
SI,2026.06.23,14:45:00,61.945000,62.165001,61.915001,62.090000,1405.0000
SI,2026.06.23,15:00:00,62.110001,62.240002,61.865002,61.990002,1153.0000
SI,2026.06.23,15:15:00,62.044998,62.049999,61.869999,61.945000,562.0000
SI,2026.06.23,15:30:00,61.945000,62.294998,61.935001,62.165001,1018.0000
SI,2026.06.23,15:45:00,62.205002,62.369999,62.095001,62.325001,562.0000
SI,2026.06.23,16:00:00,62.330002,62.389999,62.200001,62.310001,478.0000
SI,2026.06.23,16:15:00,62.279999,62.334999,62.119999,62.154999,777.0000
SI,2026.06.23,16:30:00,62.145000,62.259998,62.075001,62.209999,851.0000
SI,2026.06.23,16:45:00,62.230000,62.230000,62.025002,62.105000,831.0000
SI,2026.06.23,17:00:00,62.084999,62.205002,61.980000,62.189999,997.0000
SI,2026.06.23,17:15:00,62.189999,62.264999,61.985001,62.014999,2603.0000
SI,2026.06.23,17:30:00,62.020000,62.090000,61.950001,62.040001,776.0000
SI,2026.06.23,17:45:00,62.044998,62.125000,61.834999,61.855000,1254.0000
SI,2026.06.23,18:00:00,61.875000,61.939999,61.634998,61.735001,828.0000
SI,2026.06.23,18:15:00,61.735001,61.840000,61.730000,61.735001,288.0000
SI,2026.06.23,18:30:00,61.730000,61.770000,61.555000,61.560001,416.0000
SI,2026.06.23,18:45:00,61.575001,61.575001,61.369999,61.509998,580.0000
SI,2026.06.23,19:00:00,61.520000,61.759998,61.500000,61.740002,438.0000
SI,2026.06.23,19:15:00,61.715000,61.750000,61.590000,61.744999,273.0000
SI,2026.06.23,19:30:00,61.735001,61.834999,61.689999,61.750000,377.0000
SI,2026.06.23,19:45:00,61.730000,61.770000,61.599998,61.639999,378.0000
SI,2026.06.23,20:00:00,61.645000,61.705002,61.605000,61.654999,195.0000
SI,2026.06.23,20:15:00,61.645000,61.654999,61.544998,61.650002,152.0000
SI,2026.06.23,20:30:00,61.625000,61.625000,61.544998,61.575001,96.0000
SI,2026.06.23,20:45:00,61.570000,61.630001,61.474998,61.630001,184.0000
SI,2026.06.23,22:00:00,61.630001,61.775002,61.580002,61.744999,67.0000
SI,2026.06.23,22:15:00,61.775002,61.805000,61.529999,61.599998,143.0000
SI,2026.06.23,22:30:00,61.595001,61.654999,61.415001,61.485001,159.0000
SI,2026.06.23,22:45:00,61.509998,61.634998,61.505001,61.505001,85.0000
SI,2026.06.23,23:00:00,61.500000,61.500000,61.130001,61.445000,470.0000
SI,2026.06.23,23:15:00,61.455002,61.494999,61.279999,61.279999,95.0000
SI,2026.06.23,23:30:00,61.270000,61.279999,60.830002,61.009998,423.0000
SI,2026.06.23,23:45:00,61.020000,61.700001,61.009998,61.680000,575.0000
SI,2026.06.24,00:00:00,61.715000,61.955002,61.619999,61.705002,342.0000
SI,2026.06.24,00:15:00,61.759998,61.764999,61.325001,61.555000,417.0000
SI,2026.06.24,00:30:00,61.549999,61.654999,61.494999,61.654999,145.0000
SI,2026.06.24,00:45:00,61.590000,61.770000,61.505001,61.544998,144.0000
SI,2026.06.24,01:00:00,61.590000,61.590000,60.750000,61.485001,1756.0000
SI,2026.06.24,01:15:00,61.485001,62.075001,61.285000,61.860001,1523.0000
SI,2026.06.24,01:30:00,61.820000,62.090000,61.660000,61.810001,1151.0000
SI,2026.06.24,01:45:00,61.785000,61.805000,61.575001,61.770000,319.0000
SI,2026.06.24,02:00:00,61.709999,61.880001,61.540001,61.619999,231.0000
SI,2026.06.24,02:15:00,61.570000,61.570000,61.415001,61.494999,158.0000
SI,2026.06.24,02:30:00,61.494999,61.580002,61.090000,61.185001,530.0000
SI,2026.06.24,02:45:00,61.200001,61.400002,61.090000,61.200001,230.0000
SI,2026.06.24,03:00:00,61.220001,61.404999,61.105000,61.215000,268.0000
SI,2026.06.24,03:15:00,61.240002,61.320000,61.095001,61.305000,387.0000
SI,2026.06.24,03:30:00,61.305000,61.689999,61.305000,61.630001,355.0000
SI,2026.06.24,03:45:00,61.639999,61.665001,61.400002,61.404999,178.0000
SI,2026.06.24,04:00:00,61.410000,61.435001,60.974998,61.064999,274.0000
SI,2026.06.24,04:15:00,61.070000,61.130001,60.930000,61.080002,190.0000
SI,2026.06.24,04:30:00,61.084999,61.189999,61.055000,61.145000,77.0000
SI,2026.06.24,04:45:00,61.125000,61.220001,61.090000,61.180000,79.0000
SI,2026.06.24,05:00:00,61.205002,61.275002,61.049999,61.220001,116.0000
SI,2026.06.24,05:15:00,61.174999,61.544998,61.174999,61.480000,318.0000
SI,2026.06.24,05:30:00,61.474998,61.900002,61.465000,61.669998,1008.0000
SI,2026.06.24,05:45:00,61.615002,61.700001,61.474998,61.700001,299.0000
SI,2026.06.24,06:00:00,61.715000,62.435001,61.689999,62.224998,1609.0000
SI,2026.06.24,06:15:00,62.235001,62.250000,61.985001,62.090000,708.0000
SI,2026.06.24,06:30:00,62.075001,62.235001,61.980000,62.020000,386.0000
SI,2026.06.24,06:45:00,62.005001,62.070000,61.849998,61.919998,493.0000
SI,2026.06.24,07:00:00,61.910000,61.985001,61.794998,61.910000,364.0000
SI,2026.06.24,07:15:00,61.900002,61.970001,61.805000,61.865002,265.0000
SI,2026.06.24,07:30:00,61.860001,61.935001,61.695000,61.924999,473.0000
SI,2026.06.24,07:45:00,61.900002,61.980000,61.520000,61.564999,614.0000
SI,2026.06.24,08:00:00,61.570000,61.700001,61.465000,61.625000,608.0000
SI,2026.06.24,08:15:00,61.639999,61.645000,61.480000,61.494999,301.0000
SI,2026.06.24,08:30:00,61.494999,61.674999,61.410000,61.455002,242.0000
SI,2026.06.24,08:45:00,61.404999,61.415001,61.285000,61.310001,353.0000
SI,2026.06.24,09:00:00,61.330002,61.349998,61.115002,61.345001,365.0000
SI,2026.06.24,09:15:00,61.369999,61.415001,61.150002,61.180000,351.0000
SI,2026.06.24,09:30:00,61.235001,61.270000,61.125000,61.220001,312.0000
SI,2026.06.24,09:45:00,61.189999,61.279999,61.084999,61.125000,316.0000
SI,2026.06.24,10:00:00,61.125000,61.154999,60.875000,60.994999,603.0000
SI,2026.06.24,10:15:00,60.970001,60.980000,60.715000,60.955002,761.0000
SI,2026.06.24,10:30:00,60.990002,61.150002,60.869999,61.070000,684.0000
SI,2026.06.24,10:45:00,61.025002,61.049999,60.605000,60.674999,701.0000
SI,2026.06.24,11:00:00,60.669998,60.770000,60.240002,60.294998,1607.0000
SI,2026.06.24,11:15:00,60.290001,60.330002,59.770000,59.904999,2202.0000
SI,2026.06.24,11:30:00,59.904999,60.165001,59.904999,60.044998,1432.0000
SI,2026.06.24,11:45:00,60.025002,60.150002,59.445000,59.505001,2418.0000
SI,2026.06.24,12:00:00,59.494999,59.610001,59.305000,59.400002,1408.0000
SI,2026.06.24,12:15:00,59.389999,59.465000,58.875000,58.990002,2435.0000
SI,2026.06.24,12:30:00,59.009998,59.230000,58.805000,59.095001,2014.0000
SI,2026.06.24,12:45:00,59.095001,59.244999,58.185001,58.224998,2404.0000
SI,2026.06.24,13:00:00,58.230000,58.939999,58.090000,58.485001,4365.0000
SI,2026.06.24,13:15:00,58.480000,58.744999,58.299999,58.610001,1837.0000
SI,2026.06.24,13:30:00,58.575001,59.095001,58.564999,59.044998,2611.0000
SI,2026.06.24,13:45:00,59.040001,59.674999,58.955002,59.575001,2787.0000
SI,2026.06.24,14:00:00,59.575001,59.625000,59.064999,59.105000,1615.0000
SI,2026.06.24,14:15:00,59.095001,59.430000,58.900002,59.279999,1329.0000
SI,2026.06.24,14:30:00,59.264999,59.430000,58.869999,59.000000,1331.0000
SI,2026.06.24,14:45:00,58.990002,59.189999,58.820000,58.980000,1064.0000
SI,2026.06.24,15:00:00,58.955002,58.994999,58.715000,58.759998,939.0000
SI,2026.06.24,15:15:00,58.779999,59.180000,58.730000,59.110001,1228.0000
SI,2026.06.24,15:30:00,59.154999,59.160000,58.849998,58.980000,1404.0000
SI,2026.06.24,15:45:00,58.970001,59.195000,58.740002,58.759998,1043.0000
SI,2026.06.24,16:00:00,58.764999,58.830002,58.549999,58.705002,908.0000
SI,2026.06.24,16:15:00,58.705002,58.840000,58.639999,58.830002,833.0000
SI,2026.06.24,16:30:00,58.825001,58.974998,58.689999,58.720001,1121.0000
SI,2026.06.24,16:45:00,58.720001,58.730000,58.605000,58.639999,782.0000
SI,2026.06.24,17:00:00,58.660000,58.715000,58.450001,58.540001,1384.0000
SI,2026.06.24,17:15:00,58.544998,58.549999,57.730000,57.755001,4281.0000
SI,2026.06.24,17:30:00,57.755001,57.869999,57.435001,57.544998,1596.0000
SI,2026.06.24,17:45:00,57.540001,57.584999,56.610001,56.625000,2980.0000
SI,2026.06.24,18:00:00,56.650002,56.935001,55.750000,56.825001,6554.0000
SI,2026.06.24,18:15:00,56.849998,57.259998,56.759998,57.169998,1466.0000
SI,2026.06.24,18:30:00,57.174999,57.299999,56.875000,56.955002,976.0000
SI,2026.06.24,18:45:00,56.939999,56.939999,56.590000,56.794998,1013.0000
SI,2026.06.24,19:00:00,56.810001,56.959999,56.605000,56.715000,582.0000
SI,2026.06.24,19:15:00,56.680000,56.919998,56.660000,56.910000,342.0000
SI,2026.06.24,19:30:00,56.919998,57.029999,56.695000,56.814999,520.0000
SI,2026.06.24,19:45:00,56.779999,57.430000,56.775002,57.314999,884.0000
SI,2026.06.24,20:00:00,57.310001,57.775002,57.165001,57.500000,947.0000
SI,2026.06.24,20:15:00,57.514999,57.685001,57.380001,57.685001,209.0000
SI,2026.06.24,20:30:00,57.674999,57.689999,57.380001,57.535000,356.0000
SI,2026.06.24,20:45:00,57.555000,57.580002,57.459999,57.485001,124.0000
SI,2026.06.24,22:00:00,57.595001,57.779999,57.570000,57.599998,146.0000
SI,2026.06.24,22:15:00,57.595001,57.669998,57.535000,57.669998,232.0000
SI,2026.06.24,22:30:00,57.674999,57.865002,57.650002,57.775002,693.0000
SI,2026.06.24,22:45:00,57.730000,57.735001,57.540001,57.555000,89.0000
SI,2026.06.24,23:00:00,57.584999,57.590000,57.400002,57.525002,361.0000
SI,2026.06.24,23:15:00,57.549999,57.654999,57.549999,57.570000,53.0000
SI,2026.06.24,23:30:00,57.599998,57.945000,57.584999,57.889999,296.0000
SI,2026.06.24,23:45:00,57.904999,57.959999,57.700001,57.730000,100.0000
SI,2026.06.25,00:00:00,57.779999,57.904999,57.584999,57.605000,208.0000
SI,2026.06.25,00:15:00,57.630001,57.724998,57.455002,57.485001,212.0000
SI,2026.06.25,00:30:00,57.485001,57.540001,57.264999,57.389999,168.0000
SI,2026.06.25,00:45:00,57.415001,57.674999,57.110001,57.320000,367.0000
SI,2026.06.25,01:00:00,57.330002,57.865002,57.130001,57.279999,608.0000
SI,2026.06.25,01:15:00,57.244999,57.605000,57.200001,57.310001,361.0000
SI,2026.06.25,01:30:00,57.290001,57.389999,56.810001,57.005001,759.0000
SI,2026.06.25,01:45:00,56.990002,57.250000,56.764999,56.919998,469.0000
SI,2026.06.25,02:00:00,56.935001,57.064999,56.400002,56.509998,742.0000
SI,2026.06.25,02:15:00,56.544998,57.154999,56.544998,57.070000,629.0000
SI,2026.06.25,02:30:00,57.055000,57.095001,56.665001,56.750000,855.0000
SI,2026.06.25,02:45:00,56.709999,57.025002,56.665001,57.014999,552.0000
SI,2026.06.25,03:00:00,56.924999,57.125000,56.590000,56.735001,480.0000
SI,2026.06.25,03:15:00,56.740002,57.029999,56.654999,56.990002,588.0000
SI,2026.06.25,03:30:00,56.974998,56.980000,56.735001,56.775002,302.0000
SI,2026.06.25,03:45:00,56.895000,57.540001,56.895000,57.520000,657.0000
SI,2026.06.25,04:00:00,57.540001,57.605000,57.375000,57.435001,256.0000
SI,2026.06.25,04:15:00,57.389999,57.459999,57.240002,57.439999,239.0000
SI,2026.06.25,04:30:00,57.435001,57.514999,57.345001,57.430000,214.0000
SI,2026.06.25,04:45:00,57.544998,57.630001,57.494999,57.630001,233.0000
SI,2026.06.25,05:00:00,57.615002,57.709999,57.509998,57.605000,222.0000
SI,2026.06.25,05:15:00,57.619999,57.619999,57.314999,57.540001,412.0000
SI,2026.06.25,05:30:00,57.525002,57.544998,57.105000,57.139999,962.0000
SI,2026.06.25,05:45:00,57.119999,57.375000,57.049999,57.189999,317.0000
SI,2026.06.25,06:00:00,57.165001,57.310001,57.080002,57.174999,371.0000
SI,2026.06.25,06:15:00,57.169998,57.244999,57.080002,57.169998,363.0000
SI,2026.06.25,06:30:00,57.139999,57.189999,56.730000,56.860001,756.0000
SI,2026.06.25,06:45:00,56.840000,56.990002,56.810001,56.825001,381.0000
SI,2026.06.25,07:00:00,56.830002,57.294998,56.654999,57.005001,1026.0000
SI,2026.06.25,07:15:00,57.025002,57.200001,56.955002,57.110001,367.0000
SI,2026.06.25,07:30:00,57.090000,57.189999,56.580002,56.669998,642.0000
SI,2026.06.25,07:45:00,56.669998,57.345001,56.575001,57.330002,1062.0000
SI,2026.06.25,08:00:00,57.325001,57.540001,57.320000,57.384998,675.0000
SI,2026.06.25,08:15:00,57.365002,57.715000,57.349998,57.564999,604.0000
SI,2026.06.25,08:30:00,57.570000,57.744999,57.570000,57.645000,458.0000
SI,2026.06.25,08:45:00,57.610001,57.619999,57.415001,57.470001,307.0000
SI,2026.06.25,09:00:00,57.505001,57.630001,57.480000,57.535000,239.0000
SI,2026.06.25,09:15:00,57.535000,57.669998,57.435001,57.619999,281.0000
SI,2026.06.25,09:30:00,57.634998,57.689999,57.404999,57.404999,391.0000
SI,2026.06.25,09:45:00,57.400002,57.584999,57.400002,57.500000,188.0000
SI,2026.06.25,10:00:00,57.455002,57.514999,57.299999,57.334999,487.0000
SI,2026.06.25,10:15:00,57.389999,57.490002,57.365002,57.480000,273.0000
SI,2026.06.25,10:30:00,57.474998,57.549999,57.395000,57.439999,262.0000
SI,2026.06.25,10:45:00,57.419998,57.430000,57.240002,57.340000,428.0000
SI,2026.06.25,11:00:00,57.345001,57.419998,57.180000,57.205002,597.0000
SI,2026.06.25,11:15:00,57.174999,57.215000,56.985001,57.080002,556.0000
SI,2026.06.25,11:30:00,57.090000,57.270000,56.974998,57.230000,388.0000
SI,2026.06.25,11:45:00,57.264999,57.389999,57.150002,57.165001,313.0000
SI,2026.06.25,12:00:00,57.180000,57.365002,57.115002,57.174999,556.0000
SI,2026.06.25,12:15:00,57.165001,57.349998,57.000000,57.325001,538.0000
SI,2026.06.25,12:30:00,56.935001,58.060001,56.700001,57.955002,3198.0000
SI,2026.06.25,12:45:00,57.945000,58.430000,57.869999,58.209999,2505.0000
SI,2026.06.25,13:00:00,58.215000,59.049999,58.134998,58.720001,3063.0000
SI,2026.06.25,13:15:00,58.700001,58.724998,58.160000,58.285000,1264.0000
SI,2026.06.25,13:30:00,58.285000,58.439999,57.570000,57.595001,1703.0000
SI,2026.06.25,13:45:00,57.599998,57.674999,57.014999,57.044998,1924.0000
SI,2026.06.25,14:00:00,57.055000,57.794998,57.055000,57.720001,2373.0000
SI,2026.06.25,14:15:00,57.705002,58.154999,57.584999,58.095001,1508.0000
SI,2026.06.25,14:30:00,58.075001,58.174999,57.770000,57.990002,1217.0000
SI,2026.06.25,14:45:00,57.985001,58.075001,57.770000,57.950001,1170.0000
SI,2026.06.25,15:00:00,57.955002,58.115002,57.634998,57.689999,1220.0000
SI,2026.06.25,15:15:00,57.650002,58.560001,57.619999,58.320000,1820.0000
SI,2026.06.25,15:30:00,58.334999,58.490002,58.220001,58.459999,892.0000
SI,2026.06.25,15:45:00,58.450001,58.845001,58.369999,58.810001,1627.0000
SI,2026.06.25,16:00:00,58.794998,58.849998,58.595001,58.619999,1196.0000
SI,2026.06.25,16:15:00,58.639999,58.820000,58.639999,58.654999,657.0000
SI,2026.06.25,16:30:00,58.654999,58.665001,58.325001,58.349998,962.0000
SI,2026.06.25,16:45:00,58.325001,58.430000,58.180000,58.325001,752.0000
SI,2026.06.25,17:00:00,58.330002,58.465000,58.299999,58.330002,612.0000
SI,2026.06.25,17:15:00,58.334999,58.544998,58.285000,58.445000,1943.0000
SI,2026.06.25,17:30:00,58.430000,58.485001,58.255001,58.264999,616.0000
SI,2026.06.25,17:45:00,58.244999,58.349998,58.080002,58.334999,852.0000
SI,2026.06.25,18:00:00,58.355000,58.369999,58.000000,58.125000,907.0000
SI,2026.06.25,18:15:00,58.130001,58.505001,58.115002,58.494999,751.0000
SI,2026.06.25,18:30:00,58.455002,58.455002,58.090000,58.119999,523.0000
SI,2026.06.25,18:45:00,58.110001,58.264999,58.009998,58.215000,384.0000
SI,2026.06.25,19:00:00,58.235001,58.259998,58.119999,58.189999,338.0000
SI,2026.06.25,19:15:00,58.189999,58.275002,58.080002,58.105000,166.0000
SI,2026.06.25,19:30:00,58.115002,58.134998,57.970001,58.029999,518.0000
SI,2026.06.25,19:45:00,58.009998,58.009998,57.700001,57.915001,770.0000
SI,2026.06.25,20:00:00,57.900002,58.080002,57.884998,57.919998,250.0000
SI,2026.06.25,20:15:00,57.939999,58.014999,57.915001,57.950001,213.0000
SI,2026.06.25,20:30:00,57.970001,57.970001,57.855000,57.895000,154.0000
SI,2026.06.25,20:45:00,57.884998,57.945000,57.805000,57.889999,288.0000
SI,2026.06.25,22:00:00,58.025002,58.060001,57.605000,57.660000,180.0000
SI,2026.06.25,22:15:00,57.639999,57.730000,57.610001,57.705002,135.0000
SI,2026.06.25,22:30:00,57.715000,57.950001,57.695000,57.830002,211.0000
SI,2026.06.25,22:45:00,57.775002,57.840000,57.709999,57.840000,120.0000
SI,2026.06.25,23:00:00,57.814999,57.834999,57.750000,57.755001,44.0000
SI,2026.06.25,23:15:00,57.814999,58.075001,57.814999,58.060001,53.0000
SI,2026.06.25,23:30:00,58.040001,58.040001,57.884998,57.884998,17.0000
SI,2026.06.25,23:45:00,57.794998,57.794998,57.605000,57.650002,61.0000
SI,2026.06.26,00:00:00,57.599998,57.660000,57.310001,57.610001,190.0000
SI,2026.06.26,00:15:00,57.599998,57.770000,57.419998,57.419998,47.0000
SI,2026.06.26,00:30:00,57.470001,57.584999,57.470001,57.584999,46.0000
SI,2026.06.26,00:45:00,57.794998,57.880001,57.650002,57.650002,101.0000
SI,2026.06.26,01:00:00,57.674999,57.994999,57.334999,57.360001,343.0000
SI,2026.06.26,01:15:00,57.470001,57.584999,57.235001,57.389999,58.0000
SI,2026.06.26,01:30:00,57.360001,57.490002,57.230000,57.325001,141.0000
SI,2026.06.26,01:45:00,57.299999,57.299999,56.895000,57.139999,449.0000
SI,2026.06.26,02:00:00,57.200001,57.270000,56.720001,56.770000,306.0000
SI,2026.06.26,02:15:00,56.834999,57.000000,56.660000,56.855000,88.0000
SI,2026.06.26,02:30:00,56.590000,56.724998,56.060001,56.110001,571.0000
SI,2026.06.26,02:45:00,56.115002,56.200001,55.695000,55.990002,405.0000
SI,2026.06.26,03:00:00,55.990002,56.525002,55.970001,56.490002,389.0000
SI,2026.06.26,03:15:00,56.485001,56.700001,56.279999,56.450001,197.0000
SI,2026.06.26,03:30:00,56.424999,56.500000,56.375000,56.450001,56.0000
SI,2026.06.26,03:45:00,56.465000,56.630001,56.465000,56.630001,39.0000
SI,2026.06.26,04:00:00,56.605000,56.645000,56.494999,56.595001,84.0000
SI,2026.06.26,04:15:00,56.669998,56.709999,56.500000,56.535000,108.0000
SI,2026.06.26,04:30:00,56.509998,56.509998,56.314999,56.490002,273.0000
SI,2026.06.26,04:45:00,56.400002,56.480000,56.395000,56.480000,43.0000
SI,2026.06.26,05:00:00,56.360001,56.529999,56.275002,56.505001,98.0000
SI,2026.06.26,05:15:00,56.584999,56.665001,56.404999,56.645000,123.0000
SI,2026.06.26,05:30:00,56.645000,56.895000,56.580002,56.669998,278.0000
SI,2026.06.26,05:45:00,56.680000,56.825001,56.599998,56.599998,134.0000
SI,2026.06.26,06:00:00,56.645000,56.645000,56.439999,56.465000,110.0000
SI,2026.06.26,06:15:00,56.535000,57.430000,56.529999,57.305000,484.0000
SI,2026.06.26,06:30:00,57.275002,57.805000,57.200001,57.799999,318.0000
SI,2026.06.26,06:45:00,57.705002,58.334999,57.705002,58.290001,517.0000
SI,2026.06.26,07:00:00,58.165001,58.215000,57.900002,57.900002,408.0000
SI,2026.06.26,07:15:00,57.865002,58.049999,57.865002,57.955002,427.0000
SI,2026.06.26,07:30:00,57.974998,58.560001,57.965000,58.384998,10798.0000
SI,2026.06.26,07:45:00,58.375000,58.400002,58.224998,58.290001,141.0000
SI,2026.06.26,08:00:00,58.285000,58.365002,58.084999,58.200001,523.0000
SI,2026.06.26,08:15:00,58.240002,58.410000,58.215000,58.404999,406.0000
SI,2026.06.26,08:30:00,58.330002,58.419998,58.220001,58.279999,585.0000
SI,2026.06.26,08:45:00,58.279999,58.400002,58.110001,58.134998,305.0000
SI,2026.06.26,09:00:00,58.134998,58.360001,58.080002,58.360001,927.0000
SI,2026.06.26,09:15:00,58.299999,58.759998,58.154999,58.669998,759.0000
SI,2026.06.26,09:30:00,58.665001,58.875000,58.570000,58.669998,836.0000
SI,2026.06.26,09:45:00,58.665001,58.820000,58.619999,58.639999,747.0000
SI,2026.06.26,10:00:00,58.645000,58.830002,58.465000,58.755001,694.0000
SI,2026.06.26,10:15:00,58.744999,58.779999,58.529999,58.584999,454.0000
SI,2026.06.26,10:30:00,58.634998,58.755001,58.605000,58.639999,198.0000
SI,2026.06.26,10:45:00,58.660000,58.924999,58.650002,58.900002,369.0000
SI,2026.06.26,11:00:00,58.915001,58.930000,58.705002,58.705002,655.0000
SI,2026.06.26,11:15:00,58.700001,58.834999,58.615002,58.759998,432.0000
SI,2026.06.26,11:30:00,58.785000,58.840000,58.564999,58.564999,719.0000
SI,2026.06.26,11:45:00,58.560001,58.665001,58.500000,58.599998,369.0000
SI,2026.06.26,12:00:00,58.590000,58.680000,58.500000,58.645000,924.0000
SI,2026.06.26,12:15:00,58.650002,58.730000,58.450001,58.645000,804.0000
SI,2026.06.26,12:30:00,58.619999,58.805000,58.439999,58.535000,800.0000
SI,2026.06.26,12:45:00,58.544998,59.400002,58.525002,59.330002,1084.0000
SI,2026.06.26,13:00:00,59.349998,59.584999,58.595001,58.669998,2376.0000
SI,2026.06.26,13:15:00,58.654999,58.930000,58.400002,58.915001,1584.0000
SI,2026.06.26,13:30:00,58.880001,58.939999,58.395000,58.939999,1923.0000
SI,2026.06.26,13:45:00,58.950001,59.380001,58.799999,59.360001,1430.0000
SI,2026.06.26,14:00:00,59.360001,59.834999,59.165001,59.665001,2555.0000
SI,2026.06.26,14:15:00,59.639999,59.860001,59.564999,59.575001,982.0000
SI,2026.06.26,14:30:00,59.570000,59.834999,59.424999,59.680000,1106.0000
SI,2026.06.26,14:45:00,59.685001,59.950001,59.580002,59.580002,914.0000
SI,2026.06.26,15:00:00,59.615002,59.674999,59.375000,59.424999,758.0000
SI,2026.06.26,15:15:00,59.435001,59.705002,59.389999,59.705002,542.0000
SI,2026.06.26,15:30:00,59.730000,59.994999,59.549999,59.965000,1118.0000
SI,2026.06.26,15:45:00,59.974998,60.000000,59.590000,59.799999,1476.0000
SI,2026.06.26,16:00:00,59.810001,59.875000,59.680000,59.750000,390.0000
SI,2026.06.26,16:15:00,59.770000,59.840000,59.610001,59.669998,673.0000
SI,2026.06.26,16:30:00,59.669998,59.855000,59.570000,59.689999,528.0000
SI,2026.06.26,16:45:00,59.695000,59.770000,59.625000,59.735001,460.0000
SI,2026.06.26,17:00:00,59.740002,59.759998,59.575001,59.580002,574.0000
SI,2026.06.26,17:15:00,59.595001,59.775002,59.455002,59.660000,1673.0000
SI,2026.06.26,17:30:00,59.695000,59.700001,59.450001,59.535000,408.0000
SI,2026.06.26,17:45:00,59.525002,59.555000,59.404999,59.424999,440.0000
SI,2026.06.26,18:00:00,59.430000,59.575001,59.380001,59.575001,338.0000
SI,2026.06.26,18:15:00,59.564999,59.564999,59.415001,59.549999,366.0000
SI,2026.06.26,18:30:00,59.549999,59.595001,59.389999,59.459999,319.0000
SI,2026.06.26,18:45:00,59.415001,59.424999,59.270000,59.325001,418.0000
SI,2026.06.26,19:00:00,59.314999,59.439999,59.264999,59.435001,200.0000
SI,2026.06.26,19:15:00,59.445000,59.455002,59.255001,59.299999,280.0000
SI,2026.06.26,19:30:00,59.290001,59.455002,59.279999,59.445000,715.0000
SI,2026.06.26,19:45:00,59.445000,59.494999,59.340000,59.360001,476.0000
SI,2026.06.26,20:00:00,59.360001,59.384998,59.025002,59.119999,614.0000
SI,2026.06.26,20:15:00,59.119999,59.205002,58.985001,59.139999,323.0000
SI,2026.06.26,20:30:00,59.090000,59.090000,58.955002,59.049999,142.0000
SI,2026.06.26,20:45:00,59.070000,59.689999,59.029999,59.674000,689.0000
SI,2026.06.28,22:00:00,59.540001,59.564999,59.435001,59.564999,38.0000
SI,2026.06.28,22:15:00,59.455002,59.485001,58.919998,58.990002,403.0000
SI,2026.06.28,22:30:00,59.025002,59.145000,58.924999,59.134998,107.0000
SI,2026.06.28,22:45:00,59.130001,59.270000,59.084999,59.205002,76.0000
SI,2026.06.28,23:00:00,59.215000,59.404999,59.215000,59.255001,101.0000
SI,2026.06.28,23:15:00,59.230000,59.230000,59.040001,59.044998,71.0000
SI,2026.06.28,23:30:00,59.099998,59.224998,59.014999,59.185001,31.0000
SI,2026.06.28,23:45:00,59.240002,59.285000,59.099998,59.110001,51.0000
SI,2026.06.29,00:00:00,59.105000,59.130001,58.900002,58.970001,108.0000
SI,2026.06.29,00:15:00,58.959999,59.035000,58.485001,58.485001,391.0000
SI,2026.06.29,00:30:00,58.490002,59.025002,58.490002,59.025002,159.0000
SI,2026.06.29,00:45:00,59.020000,59.205002,58.840000,59.090000,208.0000
SI,2026.06.29,01:00:00,59.080002,59.270000,58.700001,58.799999,467.0000
SI,2026.06.29,01:15:00,58.799999,59.134998,58.755001,58.794998,165.0000
SI,2026.06.29,01:30:00,58.775002,59.174999,58.595001,59.070000,225.0000
SI,2026.06.29,01:45:00,59.075001,59.075001,58.674999,58.735001,177.0000
SI,2026.06.29,02:00:00,58.750000,58.990002,58.660000,58.814999,194.0000
SI,2026.06.29,02:15:00,58.790001,59.215000,58.735001,59.185001,166.0000
SI,2026.06.29,02:30:00,59.205002,59.310001,58.845001,58.900002,284.0000
SI,2026.06.29,02:45:00,58.990002,59.189999,58.945000,59.119999,151.0000
SI,2026.06.29,03:00:00,59.099998,59.349998,59.090000,59.285000,156.0000
SI,2026.06.29,03:15:00,59.240002,59.584999,59.220001,59.365002,260.0000
SI,2026.06.29,03:30:00,59.330002,59.330002,59.000000,59.020000,141.0000
SI,2026.06.29,03:45:00,58.990002,59.145000,58.974998,59.049999,100.0000
SI,2026.06.29,04:00:00,59.064999,59.080002,58.900002,58.924999,96.0000
SI,2026.06.29,04:15:00,58.904999,58.950001,58.849998,58.900002,92.0000
SI,2026.06.29,04:30:00,58.875000,58.884998,58.634998,58.744999,145.0000
SI,2026.06.29,04:45:00,58.744999,58.759998,58.584999,58.619999,95.0000
SI,2026.06.29,05:00:00,58.634998,58.779999,58.564999,58.750000,151.0000
SI,2026.06.29,05:15:00,58.750000,58.755001,58.549999,58.564999,101.0000
SI,2026.06.29,05:30:00,58.590000,58.665001,58.160000,58.654999,1006.0000
SI,2026.06.29,05:45:00,58.630001,59.080002,58.529999,59.009998,403.0000
SI,2026.06.29,06:00:00,59.014999,59.314999,59.000000,59.064999,331.0000
SI,2026.06.29,06:15:00,59.095001,59.369999,59.080002,59.240002,196.0000
SI,2026.06.29,06:30:00,59.200001,59.259998,59.110001,59.235001,222.0000
SI,2026.06.29,06:45:00,59.205002,59.279999,59.044998,59.080002,361.0000
SI,2026.06.29,07:00:00,59.090000,59.090000,58.855000,58.930000,246.0000
SI,2026.06.29,07:15:00,58.939999,59.055000,58.924999,59.020000,124.0000
SI,2026.06.29,07:30:00,59.000000,59.000000,58.775002,58.825001,323.0000
SI,2026.06.29,07:45:00,58.805000,58.980000,58.755001,58.764999,124.0000
SI,2026.06.29,08:00:00,58.779999,58.959999,58.755001,58.849998,521.0000
SI,2026.06.29,08:15:00,58.895000,58.970001,58.735001,58.779999,146.0000
SI,2026.06.29,08:30:00,58.794998,58.915001,58.685001,58.705002,225.0000
SI,2026.06.29,08:45:00,58.700001,58.779999,58.334999,58.470001,269.0000
SI,2026.06.29,09:00:00,58.459999,58.590000,58.355000,58.514999,275.0000
SI,2026.06.29,09:15:00,58.500000,58.630001,58.500000,58.555000,478.0000
SI,2026.06.29,09:30:00,58.599998,58.634998,58.410000,58.430000,272.0000
SI,2026.06.29,09:45:00,58.439999,58.445000,57.840000,58.139999,933.0000
SI,2026.06.29,10:00:00,58.169998,58.314999,58.000000,58.270000,677.0000
SI,2026.06.29,10:15:00,58.235001,58.244999,58.075001,58.169998,217.0000
SI,2026.06.29,10:30:00,58.185001,58.209999,57.974998,58.099998,164.0000
SI,2026.06.29,10:45:00,58.105000,58.305000,58.035000,58.290001,163.0000
SI,2026.06.29,11:00:00,58.279999,58.345001,58.099998,58.105000,439.0000
SI,2026.06.29,11:15:00,58.145000,58.215000,58.115002,58.215000,245.0000
SI,2026.06.29,11:30:00,58.224998,58.400002,58.174999,58.365002,339.0000
SI,2026.06.29,11:45:00,58.365002,58.700001,58.334999,58.654999,452.0000
SI,2026.06.29,12:00:00,58.665001,58.884998,58.599998,58.680000,728.0000
SI,2026.06.29,12:15:00,58.695000,58.750000,58.465000,58.494999,680.0000
SI,2026.06.29,12:30:00,58.509998,58.880001,58.490002,58.840000,432.0000
SI,2026.06.29,12:45:00,58.855000,59.005001,58.799999,58.834999,417.0000
SI,2026.06.29,13:00:00,58.840000,59.154999,58.830002,59.139999,706.0000
SI,2026.06.29,13:15:00,59.134998,59.215000,58.814999,58.820000,464.0000
SI,2026.06.29,13:30:00,58.814999,58.990002,58.695000,58.755001,657.0000
SI,2026.06.29,13:45:00,58.775002,58.779999,58.520000,58.610001,752.0000
SI,2026.06.29,14:00:00,58.584999,58.660000,58.060001,58.070000,1316.0000
SI,2026.06.29,14:15:00,58.055000,58.674999,57.865002,58.555000,1251.0000
SI,2026.06.29,14:30:00,58.549999,58.715000,58.395000,58.400002,582.0000
SI,2026.06.29,14:45:00,58.415001,58.610001,58.240002,58.459999,576.0000
SI,2026.06.29,15:00:00,58.455002,58.455002,58.160000,58.264999,431.0000
SI,2026.06.29,15:15:00,58.255001,58.455002,58.134998,58.369999,513.0000
SI,2026.06.29,15:30:00,58.375000,58.459999,58.259998,58.439999,500.0000
SI,2026.06.29,15:45:00,58.435001,58.634998,58.419998,58.535000,537.0000
SI,2026.06.29,16:00:00,58.540001,58.610001,58.480000,58.505001,302.0000
SI,2026.06.29,16:15:00,58.514999,58.564999,58.430000,58.480000,352.0000
SI,2026.06.29,16:30:00,58.505001,58.509998,58.360001,58.445000,296.0000
SI,2026.06.29,16:45:00,58.455002,58.700001,58.450001,58.580002,524.0000
SI,2026.06.29,17:00:00,58.590000,58.865002,58.564999,58.730000,614.0000
SI,2026.06.29,17:15:00,58.740002,58.764999,58.584999,58.619999,856.0000
SI,2026.06.29,17:30:00,58.619999,58.660000,58.500000,58.509998,278.0000
SI,2026.06.29,17:45:00,58.525002,58.680000,58.485001,58.674999,235.0000
SI,2026.06.29,18:00:00,58.685001,58.759998,58.660000,58.740002,242.0000
SI,2026.06.29,18:15:00,58.735001,58.840000,58.700001,58.735001,144.0000
SI,2026.06.29,18:30:00,58.750000,58.825001,58.720001,58.805000,125.0000
SI,2026.06.29,18:45:00,58.840000,58.840000,58.570000,58.634998,184.0000
SI,2026.06.29,19:00:00,58.625000,58.654999,58.395000,58.404999,262.0000
SI,2026.06.29,19:15:00,58.384998,58.755001,58.384998,58.755001,259.0000
SI,2026.06.29,19:30:00,58.770000,58.799999,58.665001,58.720001,100.0000
SI,2026.06.29,19:45:00,58.744999,58.744999,58.595001,58.689999,205.0000
SI,2026.06.29,20:00:00,58.674999,58.700001,58.650002,58.700001,34.0000
SI,2026.06.29,20:15:00,58.705002,58.810001,58.705002,58.810001,53.0000
SI,2026.06.29,20:30:00,58.820000,58.820000,58.689999,58.700001,16.0000
SI,2026.06.29,20:45:00,58.705002,58.775002,58.680000,58.755001,71.0000
SI,2026.06.29,22:00:00,58.770000,58.915001,58.724998,58.740002,90.0000
SI,2026.06.29,22:15:00,58.770000,58.814999,58.730000,58.740002,30.0000
SI,2026.06.29,22:30:00,58.730000,58.755001,58.680000,58.705002,35.0000
SI,2026.06.29,22:45:00,58.700001,58.740002,58.695000,58.740002,8.0000
SI,2026.06.29,23:00:00,58.750000,59.009998,58.724998,58.990002,179.0000
SI,2026.06.29,23:15:00,58.990002,59.025002,58.910000,58.930000,48.0000
SI,2026.06.29,23:30:00,58.930000,59.029999,58.900002,58.965000,42.0000
SI,2026.06.29,23:45:00,58.950001,58.990002,58.884998,58.919998,19.0000
SI,2026.06.30,00:00:00,58.875000,58.895000,58.590000,58.755001,178.0000
SI,2026.06.30,00:15:00,58.730000,58.785000,58.535000,58.564999,100.0000
SI,2026.06.30,00:30:00,58.549999,58.555000,58.029999,58.040001,291.0000
SI,2026.06.30,00:45:00,58.040001,58.195000,57.650002,57.980000,600.0000
SI,2026.06.30,01:00:00,57.955002,57.965000,57.064999,57.299999,2085.0000
SI,2026.06.30,01:15:00,57.290001,58.220001,57.070000,58.189999,875.0000
SI,2026.06.30,01:30:00,58.169998,58.209999,57.724998,57.825001,690.0000
SI,2026.06.30,01:45:00,57.830002,57.994999,57.764999,57.825001,226.0000
SI,2026.06.30,02:00:00,57.880001,58.150002,57.605000,57.785000,617.0000
SI,2026.06.30,02:15:00,57.820000,57.855000,57.615002,57.759998,223.0000
SI,2026.06.30,02:30:00,57.735001,57.744999,57.509998,57.544998,351.0000
SI,2026.06.30,02:45:00,57.584999,57.970001,57.549999,57.755001,336.0000
SI,2026.06.30,03:00:00,57.834999,58.064999,57.810001,57.955002,187.0000
SI,2026.06.30,03:15:00,57.955002,58.185001,57.849998,57.900002,255.0000
SI,2026.06.30,03:30:00,57.915001,57.915001,57.630001,57.665001,148.0000
SI,2026.06.30,03:45:00,57.650002,57.759998,57.580002,57.695000,58.0000
SI,2026.06.30,04:00:00,57.700001,57.939999,57.700001,57.830002,161.0000
SI,2026.06.30,04:15:00,57.825001,57.980000,57.805000,57.974998,55.0000
SI,2026.06.30,04:30:00,57.974998,58.470001,57.974998,58.275002,324.0000
SI,2026.06.30,04:45:00,58.244999,58.290001,58.130001,58.154999,74.0000
SI,2026.06.30,05:00:00,58.125000,58.150002,57.860001,57.930000,171.0000
SI,2026.06.30,05:15:00,57.930000,57.930000,57.709999,57.779999,161.0000
SI,2026.06.30,05:30:00,57.770000,58.009998,57.529999,57.834999,425.0000
SI,2026.06.30,05:45:00,57.869999,57.924999,57.680000,57.705002,111.0000
SI,2026.06.30,06:00:00,57.770000,58.060001,57.770000,58.060001,264.0000
SI,2026.06.30,06:15:00,58.055000,59.380001,57.950001,59.255001,1618.0000
SI,2026.06.30,06:30:00,59.290001,60.084999,59.230000,59.470001,1975.0000
SI,2026.06.30,06:45:00,59.419998,59.665001,59.384998,59.474998,646.0000
SI,2026.06.30,07:00:00,59.480000,59.494999,59.174999,59.264999,468.0000
SI,2026.06.30,07:15:00,59.299999,59.584999,59.299999,59.419998,509.0000
SI,2026.06.30,07:30:00,59.410000,59.485001,59.294998,59.375000,360.0000
SI,2026.06.30,07:45:00,59.369999,59.500000,59.259998,59.450001,194.0000
SI,2026.06.30,08:00:00,59.474998,59.599998,59.090000,59.195000,446.0000
SI,2026.06.30,08:15:00,59.185001,59.200001,59.055000,59.200001,160.0000
SI,2026.06.30,08:30:00,59.215000,59.244999,58.865002,58.900002,313.0000
SI,2026.06.30,08:45:00,58.959999,59.014999,58.840000,58.939999,269.0000
SI,2026.06.30,09:00:00,58.924999,59.090000,58.895000,59.025002,149.0000
SI,2026.06.30,09:15:00,59.020000,59.160000,58.985001,58.990002,126.0000
SI,2026.06.30,09:30:00,59.009998,59.125000,58.889999,59.099998,123.0000
SI,2026.06.30,09:45:00,59.134998,59.259998,59.119999,59.215000,171.0000
SI,2026.06.30,10:00:00,59.270000,59.384998,59.189999,59.299999,222.0000
SI,2026.06.30,10:15:00,59.330002,59.349998,59.195000,59.345001,80.0000
SI,2026.06.30,10:30:00,59.360001,59.439999,59.279999,59.395000,381.0000
SI,2026.06.30,10:45:00,59.395000,59.529999,59.340000,59.465000,183.0000
SI,2026.06.30,11:00:00,59.465000,59.505001,59.220001,59.430000,697.0000
SI,2026.06.30,11:15:00,59.445000,59.535000,59.369999,59.490002,239.0000
SI,2026.06.30,11:30:00,59.520000,59.639999,59.404999,59.584999,225.0000
SI,2026.06.30,11:45:00,59.580002,59.584999,59.380001,59.500000,388.0000
SI,2026.06.30,12:00:00,59.520000,59.529999,59.320000,59.404999,401.0000
SI,2026.06.30,12:15:00,59.395000,59.410000,58.764999,58.794998,1109.0000
SI,2026.06.30,12:30:00,58.805000,59.029999,58.750000,58.945000,566.0000
SI,2026.06.30,12:45:00,58.915001,58.980000,58.665001,58.770000,616.0000
SI,2026.06.30,13:00:00,58.775002,59.595001,58.775002,59.445000,1686.0000
SI,2026.06.30,13:15:00,59.424999,59.830002,59.330002,59.430000,938.0000
SI,2026.06.30,13:30:00,59.439999,59.645000,59.259998,59.525002,1602.0000
SI,2026.06.30,13:45:00,59.560001,59.790001,59.404999,59.715000,691.0000
SI,2026.06.30,14:00:00,59.689999,60.474998,59.500000,60.255001,2247.0000
SI,2026.06.30,14:15:00,60.270000,60.794998,60.174999,60.544998,2093.0000
SI,2026.06.30,14:30:00,60.540001,60.910000,60.520000,60.715000,1234.0000
SI,2026.06.30,14:45:00,60.709999,60.709999,60.259998,60.325001,977.0000
SI,2026.06.30,15:00:00,60.330002,60.474998,60.154999,60.334999,805.0000
SI,2026.06.30,15:15:00,60.325001,60.345001,59.994999,60.215000,656.0000
SI,2026.06.30,15:30:00,60.205002,60.279999,60.005001,60.099998,449.0000
SI,2026.06.30,15:45:00,60.169998,60.255001,60.020000,60.044998,607.0000
SI,2026.06.30,16:00:00,60.035000,60.150002,59.985001,60.145000,489.0000
SI,2026.06.30,16:15:00,60.145000,60.290001,60.139999,60.205002,553.0000
SI,2026.06.30,16:30:00,60.189999,60.244999,60.115002,60.205002,355.0000
SI,2026.06.30,16:45:00,60.205002,60.294998,59.889999,59.910000,415.0000
SI,2026.06.30,17:00:00,59.910000,60.005001,59.810001,59.959999,451.0000
SI,2026.06.30,17:15:00,59.970001,60.055000,59.865002,59.970001,1237.0000
SI,2026.06.30,17:30:00,59.965000,60.009998,59.904999,59.994999,159.0000
SI,2026.06.30,17:45:00,59.985001,60.165001,59.985001,60.099998,165.0000
SI,2026.06.30,18:00:00,60.095001,60.205002,60.080002,60.145000,180.0000
SI,2026.06.30,18:15:00,60.134998,60.174999,60.064999,60.130001,108.0000
SI,2026.06.30,18:30:00,60.110001,60.215000,60.044998,60.215000,259.0000
SI,2026.06.30,18:45:00,60.209999,60.345001,60.200001,60.230000,240.0000
SI,2026.06.30,19:00:00,60.224998,60.244999,60.099998,60.110001,250.0000
SI,2026.06.30,19:15:00,60.125000,60.154999,59.930000,59.965000,283.0000
SI,2026.06.30,19:30:00,59.950001,60.000000,59.840000,59.875000,268.0000
SI,2026.06.30,19:45:00,59.860001,59.884998,59.584999,59.630001,541.0000
SI,2026.06.30,20:00:00,59.630001,59.764999,59.549999,59.730000,208.0000
SI,2026.06.30,20:15:00,59.735001,59.755001,59.349998,59.365002,711.0000
SI,2026.06.30,20:30:00,59.369999,59.375000,59.220001,59.250000,244.0000
SI,2026.06.30,20:45:00,59.255001,59.264999,59.029999,59.044998,326.0000
SI,2026.06.30,22:00:00,59.250000,59.340000,59.090000,59.224998,64.0000
SI,2026.06.30,22:15:00,59.209999,59.285000,59.160000,59.285000,39.0000
SI,2026.06.30,22:30:00,59.270000,59.330002,59.235001,59.259998,56.0000
SI,2026.06.30,22:45:00,59.250000,59.250000,59.130001,59.165001,41.0000
SI,2026.06.30,23:00:00,59.174999,59.294998,59.125000,59.224998,52.0000
SI,2026.06.30,23:15:00,59.224998,59.240002,59.049999,59.080002,82.0000
SI,2026.06.30,23:30:00,59.064999,59.084999,58.974998,58.990002,86.0000
SI,2026.06.30,23:45:00,58.980000,59.009998,58.794998,58.865002,334.0000
SI,2026.07.01,00:00:00,58.855000,59.029999,58.770000,58.985001,201.0000
SI,2026.07.01,00:15:00,58.980000,59.005001,58.689999,58.790001,148.0000
SI,2026.07.01,00:30:00,58.799999,58.950001,58.799999,58.869999,381.0000
SI,2026.07.01,00:45:00,58.840000,59.040001,58.759998,58.930000,263.0000
SI,2026.07.01,01:00:00,58.935001,59.154999,58.450001,58.555000,1061.0000
SI,2026.07.01,01:15:00,58.560001,58.645000,58.275002,58.419998,521.0000
SI,2026.07.01,01:30:00,58.395000,58.490002,58.090000,58.355000,506.0000
SI,2026.07.01,01:45:00,58.334999,58.334999,57.950001,58.145000,369.0000
SI,2026.07.01,02:00:00,58.169998,58.224998,57.919998,58.174999,356.0000
SI,2026.07.01,02:15:00,58.169998,58.264999,58.105000,58.200001,172.0000
SI,2026.07.01,02:30:00,58.209999,58.369999,58.145000,58.299999,286.0000
SI,2026.07.01,02:45:00,58.299999,58.375000,58.145000,58.180000,113.0000
SI,2026.07.01,03:00:00,58.189999,58.424999,58.189999,58.404999,104.0000
SI,2026.07.01,03:15:00,58.404999,58.485001,58.259998,58.294998,179.0000
SI,2026.07.01,03:30:00,58.290001,58.375000,58.180000,58.185001,157.0000
SI,2026.07.01,03:45:00,58.169998,58.250000,58.145000,58.250000,85.0000
SI,2026.07.01,04:00:00,58.279999,58.299999,58.084999,58.105000,82.0000
SI,2026.07.01,04:15:00,58.070000,58.180000,58.040001,58.180000,54.0000
SI,2026.07.01,04:30:00,58.185001,58.264999,58.020000,58.119999,91.0000
SI,2026.07.01,04:45:00,58.119999,58.320000,58.105000,58.115002,116.0000
SI,2026.07.01,05:00:00,58.119999,58.130001,57.919998,58.005001,200.0000
SI,2026.07.01,05:15:00,57.994999,58.115002,57.884998,58.014999,130.0000
SI,2026.07.01,05:30:00,58.009998,58.180000,57.855000,58.040001,407.0000
SI,2026.07.01,05:45:00,58.035000,58.165001,57.955002,57.990002,182.0000
SI,2026.07.01,06:00:00,58.000000,58.099998,57.750000,57.825001,534.0000
SI,2026.07.01,06:15:00,57.805000,57.939999,57.555000,57.900002,602.0000
SI,2026.07.01,06:30:00,57.900002,58.014999,57.700001,58.000000,490.0000
SI,2026.07.01,06:45:00,57.959999,58.014999,57.840000,57.865002,227.0000
SI,2026.07.01,07:00:00,57.880001,58.020000,57.695000,57.794998,504.0000
SI,2026.07.01,07:15:00,57.794998,57.994999,57.785000,57.814999,222.0000
SI,2026.07.01,07:30:00,57.820000,58.009998,57.660000,57.950001,272.0000
SI,2026.07.01,07:45:00,57.959999,58.150002,57.959999,58.130001,291.0000
SI,2026.07.01,08:00:00,58.134998,58.180000,57.959999,58.160000,180.0000
SI,2026.07.01,08:15:00,58.174999,58.334999,58.160000,58.250000,295.0000
SI,2026.07.01,08:30:00,58.259998,58.270000,58.064999,58.215000,203.0000
SI,2026.07.01,08:45:00,58.224998,58.294998,58.080002,58.160000,211.0000
SI,2026.07.01,09:00:00,58.134998,58.349998,58.060001,58.294998,175.0000
SI,2026.07.01,09:15:00,58.294998,58.400002,58.279999,58.380001,297.0000
SI,2026.07.01,09:30:00,58.375000,58.509998,58.349998,58.465000,343.0000
SI,2026.07.01,09:45:00,58.470001,58.525002,58.430000,58.480000,248.0000
SI,2026.07.01,10:00:00,58.474998,58.580002,58.400002,58.415001,157.0000
SI,2026.07.01,10:15:00,58.419998,58.430000,58.340000,58.430000,94.0000
SI,2026.07.01,10:30:00,58.450001,58.580002,58.435001,58.439999,217.0000
SI,2026.07.01,10:45:00,58.450001,58.730000,58.450001,58.709999,191.0000
SI,2026.07.01,11:00:00,58.705002,58.955002,58.674999,58.919998,511.0000
SI,2026.07.01,11:15:00,58.924999,59.419998,58.910000,59.340000,692.0000
SI,2026.07.01,11:30:00,59.349998,59.455002,59.259998,59.424999,308.0000
SI,2026.07.01,11:45:00,59.419998,59.610001,59.365002,59.404999,417.0000
SI,2026.07.01,12:00:00,59.384998,59.424999,59.099998,59.145000,448.0000
SI,2026.07.01,12:15:00,59.165001,59.360001,59.165001,59.189999,460.0000
SI,2026.07.01,12:30:00,59.174999,59.395000,59.110001,59.259998,1938.0000
SI,2026.07.01,12:45:00,59.270000,59.494999,59.259998,59.279999,651.0000
SI,2026.07.01,13:00:00,59.285000,59.290001,58.794998,58.895000,1437.0000
SI,2026.07.01,13:15:00,58.900002,59.500000,58.785000,59.485001,1201.0000
SI,2026.07.01,13:30:00,59.480000,60.900002,59.355000,60.900002,3045.0000
SI,2026.07.01,13:45:00,60.900002,61.200001,60.599998,60.775002,2591.0000
SI,2026.07.01,14:00:00,60.810001,61.075001,60.619999,60.904999,1561.0000
SI,2026.07.01,14:15:00,60.889999,61.544998,60.785000,61.160000,1980.0000
SI,2026.07.01,14:30:00,61.165001,61.450001,60.895000,60.910000,1078.0000
SI,2026.07.01,14:45:00,60.910000,60.955002,60.740002,60.849998,902.0000
SI,2026.07.01,15:00:00,60.860001,60.880001,60.605000,60.715000,625.0000
SI,2026.07.01,15:15:00,60.750000,60.825001,60.544998,60.735001,606.0000
SI,2026.07.01,15:30:00,60.744999,60.764999,60.625000,60.689999,502.0000
SI,2026.07.01,15:45:00,60.685001,60.869999,60.630001,60.695000,385.0000
SI,2026.07.01,16:00:00,60.705002,60.895000,60.695000,60.825001,347.0000
SI,2026.07.01,16:15:00,60.820000,60.915001,60.794998,60.849998,353.0000
SI,2026.07.01,16:30:00,60.855000,60.884998,60.625000,60.654999,405.0000
SI,2026.07.01,16:45:00,60.660000,60.689999,60.549999,60.570000,358.0000
SI,2026.07.01,17:00:00,60.575001,60.669998,60.450001,60.520000,402.0000
SI,2026.07.01,17:15:00,60.520000,60.535000,60.410000,60.500000,985.0000
SI,2026.07.01,17:30:00,60.494999,60.625000,60.494999,60.520000,218.0000
SI,2026.07.01,17:45:00,60.509998,60.540001,60.349998,60.365002,183.0000
SI,2026.07.01,18:00:00,60.365002,60.505001,60.330002,60.360001,125.0000
SI,2026.07.01,18:15:00,60.365002,60.404999,60.165001,60.174999,327.0000
SI,2026.07.01,18:30:00,60.180000,60.345001,60.174999,60.240002,122.0000
SI,2026.07.01,18:45:00,60.230000,60.259998,60.115002,60.250000,155.0000
SI,2026.07.01,19:00:00,60.240002,60.430000,60.235001,60.325001,2008.0000
SI,2026.07.01,19:15:00,60.305000,60.310001,60.185001,60.235001,204.0000
SI,2026.07.01,19:30:00,60.230000,60.250000,60.014999,60.035000,273.0000
SI,2026.07.01,19:45:00,60.040001,60.075001,59.724998,59.785000,766.0000
SI,2026.07.01,20:00:00,59.770000,59.770000,59.570000,59.735001,403.0000
SI,2026.07.01,20:15:00,59.735001,59.744999,59.674999,59.709999,104.0000
SI,2026.07.01,20:30:00,59.715000,59.715000,59.564999,59.645000,137.0000
SI,2026.07.01,20:45:00,59.630001,59.665001,59.564999,59.605000,100.0000
SI,2026.07.01,22:00:00,59.750000,59.919998,59.720001,59.785000,118.0000
SI,2026.07.01,22:15:00,59.799999,59.834999,59.750000,59.825001,58.0000
SI,2026.07.01,22:30:00,59.779999,59.869999,59.775002,59.825001,59.0000
SI,2026.07.01,22:45:00,59.834999,59.904999,59.834999,59.865002,55.0000
SI,2026.07.01,23:00:00,59.895000,59.895000,59.700001,59.700001,49.0000
SI,2026.07.01,23:15:00,59.700001,59.740002,59.660000,59.740002,40.0000
SI,2026.07.01,23:30:00,59.764999,59.799999,59.750000,59.750000,20.0000
SI,2026.07.01,23:45:00,59.764999,59.764999,59.575001,59.599998,106.0000
SI,2026.07.02,00:00:00,59.595001,59.895000,59.415001,59.895000,308.0000
SI,2026.07.02,00:15:00,59.895000,59.915001,59.770000,59.820000,69.0000
SI,2026.07.02,00:30:00,59.834999,59.834999,59.595001,59.610001,223.0000
SI,2026.07.02,00:45:00,59.610001,59.994999,59.610001,59.955002,311.0000
SI,2026.07.02,01:00:00,59.935001,60.625000,59.900002,60.520000,1001.0000
SI,2026.07.02,01:15:00,60.474998,60.505001,60.115002,60.160000,241.0000
SI,2026.07.02,01:30:00,60.180000,60.320000,60.014999,60.095001,320.0000
SI,2026.07.02,01:45:00,60.080002,60.445000,60.005001,60.209999,135.0000
SI,2026.07.02,02:00:00,60.244999,60.270000,60.090000,60.270000,105.0000
SI,2026.07.02,02:15:00,60.305000,60.430000,60.294998,60.355000,101.0000
SI,2026.07.02,02:30:00,60.330002,60.590000,60.189999,60.505001,181.0000
SI,2026.07.02,02:45:00,60.500000,60.599998,60.445000,60.514999,83.0000
SI,2026.07.02,03:00:00,60.505001,60.560001,60.404999,60.465000,54.0000
SI,2026.07.02,03:15:00,60.509998,60.615002,60.419998,60.560001,128.0000
SI,2026.07.02,03:30:00,60.544998,60.740002,60.500000,60.665001,254.0000
SI,2026.07.02,03:45:00,60.660000,60.855000,60.599998,60.775002,126.0000
SI,2026.07.02,04:00:00,60.750000,60.865002,60.695000,60.755001,156.0000
SI,2026.07.02,04:15:00,60.764999,60.764999,60.590000,60.590000,123.0000
SI,2026.07.02,04:30:00,60.619999,60.619999,60.439999,60.500000,134.0000
SI,2026.07.02,04:45:00,60.494999,60.584999,60.455002,60.535000,66.0000
SI,2026.07.02,05:00:00,60.540001,60.540001,60.285000,60.290001,76.0000
SI,2026.07.02,05:15:00,60.294998,60.380001,60.200001,60.209999,115.0000
SI,2026.07.02,05:30:00,60.215000,60.305000,59.860001,60.160000,596.0000
SI,2026.07.02,05:45:00,60.180000,60.355000,60.070000,60.275002,315.0000
SI,2026.07.02,06:00:00,60.275002,60.700001,60.264999,60.435001,477.0000
SI,2026.07.02,06:15:00,60.435001,60.689999,60.375000,60.505001,234.0000
SI,2026.07.02,06:30:00,60.514999,60.575001,60.279999,60.305000,188.0000
SI,2026.07.02,06:45:00,60.305000,60.490002,60.235001,60.424999,209.0000
SI,2026.07.02,07:00:00,60.395000,60.424999,60.174999,60.189999,238.0000
SI,2026.07.02,07:15:00,60.174999,60.200001,60.009998,60.075001,213.0000
SI,2026.07.02,07:30:00,60.075001,60.215000,60.014999,60.154999,249.0000
SI,2026.07.02,07:45:00,60.169998,60.180000,59.814999,59.834999,375.0000
SI,2026.07.02,08:00:00,59.840000,60.139999,59.740002,60.099998,205.0000
SI,2026.07.02,08:15:00,60.075001,60.439999,60.064999,60.380001,307.0000
SI,2026.07.02,08:30:00,60.404999,60.680000,60.380001,60.625000,295.0000
SI,2026.07.02,08:45:00,60.630001,60.770000,60.575001,60.584999,277.0000
SI,2026.07.02,09:00:00,60.595001,60.669998,60.435001,60.505001,216.0000
SI,2026.07.02,09:15:00,60.494999,60.494999,60.305000,60.395000,144.0000
SI,2026.07.02,09:30:00,60.384998,60.490002,60.330002,60.455002,129.0000
SI,2026.07.02,09:45:00,60.439999,60.485001,60.264999,60.270000,139.0000
SI,2026.07.02,10:00:00,60.279999,60.380001,60.255001,60.294998,119.0000
SI,2026.07.02,10:15:00,60.275002,60.384998,60.209999,60.360001,69.0000
SI,2026.07.02,10:30:00,60.330002,60.395000,60.244999,60.290001,103.0000
SI,2026.07.02,10:45:00,60.285000,60.325001,60.195000,60.259998,106.0000
SI,2026.07.02,11:00:00,60.270000,60.294998,59.910000,60.275002,582.0000
SI,2026.07.02,11:15:00,60.255001,60.375000,60.255001,60.330002,220.0000
SI,2026.07.02,11:30:00,60.320000,60.535000,60.314999,60.514999,115.0000
SI,2026.07.02,11:45:00,60.525002,60.525002,60.259998,60.259998,203.0000
SI,2026.07.02,12:00:00,60.250000,60.400002,60.139999,60.209999,183.0000
SI,2026.07.02,12:15:00,60.200001,60.340000,60.119999,60.264999,429.0000
SI,2026.07.02,12:30:00,60.290001,62.200001,60.285000,61.930000,4420.0000
SI,2026.07.02,12:45:00,61.924999,61.939999,61.330002,61.625000,1607.0000
SI,2026.07.02,13:00:00,61.654999,62.195000,61.560001,61.770000,1989.0000
SI,2026.07.02,13:15:00,61.770000,61.785000,61.400002,61.415001,659.0000
SI,2026.07.02,13:30:00,61.410000,62.500000,61.330002,62.275002,2044.0000
SI,2026.07.02,13:45:00,62.294998,62.580002,62.235001,62.355000,1388.0000
SI,2026.07.02,14:00:00,62.395000,62.395000,61.970001,62.160000,963.0000
SI,2026.07.02,14:15:00,62.150002,62.264999,61.590000,61.669998,841.0000
SI,2026.07.02,14:30:00,61.680000,61.910000,61.595001,61.755001,798.0000
SI,2026.07.02,14:45:00,61.750000,61.860001,61.560001,61.860001,575.0000
SI,2026.07.02,15:00:00,61.830002,61.889999,61.259998,61.619999,1223.0000
SI,2026.07.02,15:15:00,61.625000,61.709999,61.400002,61.509998,373.0000
SI,2026.07.02,15:30:00,61.529999,61.814999,61.514999,61.610001,342.0000
SI,2026.07.02,15:45:00,61.650002,61.685001,61.514999,61.599998,417.0000
SI,2026.07.02,16:00:00,61.615002,61.630001,61.355000,61.485001,401.0000
SI,2026.07.02,16:15:00,61.494999,61.529999,61.230000,61.270000,389.0000
SI,2026.07.02,16:30:00,61.230000,61.355000,60.945000,61.305000,862.0000
SI,2026.07.02,16:45:00,61.314999,61.424999,61.279999,61.345001,417.0000
SI,2026.07.02,17:00:00,61.345001,61.395000,61.169998,61.259998,629.0000
SI,2026.07.02,17:15:00,61.270000,61.294998,60.970001,61.095001,1710.0000
SI,2026.07.02,17:30:00,61.099998,61.160000,60.915001,60.950001,262.0000
SI,2026.07.02,17:45:00,60.970001,61.080002,60.919998,60.955002,267.0000
SI,2026.07.02,18:00:00,60.959999,61.320000,60.935001,61.180000,436.0000
SI,2026.07.02,18:15:00,61.215000,61.270000,61.060001,61.264999,328.0000
SI,2026.07.02,18:30:00,61.275002,61.424999,61.259998,61.259998,256.0000
SI,2026.07.02,18:45:00,61.259998,61.305000,61.160000,61.264999,148.0000
SI,2026.07.02,19:00:00,61.279999,61.320000,61.020000,61.055000,226.0000
SI,2026.07.02,19:15:00,61.035000,61.064999,60.855000,61.040001,218.0000
SI,2026.07.02,19:30:00,61.029999,61.134998,61.029999,61.084999,113.0000
SI,2026.07.02,19:45:00,61.095001,61.410000,61.080002,61.340000,290.0000
SI,2026.07.02,20:00:00,61.334999,61.349998,61.259998,61.310001,176.0000
SI,2026.07.02,20:15:00,61.310001,61.439999,61.310001,61.389999,101.0000
SI,2026.07.02,20:30:00,61.389999,61.419998,61.320000,61.340000,41.0000
SI,2026.07.02,20:45:00,61.330002,61.480000,61.314999,61.439999,53.0000
SI,2026.07.02,22:00:00,61.500000,61.580002,61.430000,61.445000,120.0000
SI,2026.07.02,22:15:00,61.455002,61.470001,61.384998,61.445000,41.0000
SI,2026.07.02,22:30:00,61.459999,61.525002,61.455002,61.465000,33.0000
SI,2026.07.02,22:45:00,61.500000,61.535000,61.485001,61.494999,17.0000
SI,2026.07.02,23:00:00,61.514999,61.555000,61.485001,61.540001,8.0000
SI,2026.07.02,23:15:00,61.525002,61.605000,61.485001,61.590000,45.0000
SI,2026.07.02,23:30:00,61.584999,61.645000,61.435001,61.500000,68.0000
SI,2026.07.02,23:45:00,61.494999,61.615002,61.494999,61.555000,40.0000
SI,2026.07.03,00:00:00,61.580002,61.770000,61.494999,61.715000,171.0000
SI,2026.07.03,00:15:00,61.695000,61.759998,61.599998,61.665001,136.0000
SI,2026.07.03,00:30:00,61.674999,61.744999,61.570000,61.595001,65.0000
SI,2026.07.03,00:45:00,61.610001,61.994999,61.605000,61.919998,293.0000
SI,2026.07.03,01:00:00,61.930000,62.560001,61.790001,62.474998,867.0000
SI,2026.07.03,01:15:00,62.439999,62.775002,62.415001,62.605000,613.0000
SI,2026.07.03,01:30:00,62.605000,62.950001,62.544998,62.669998,896.0000
SI,2026.07.03,01:45:00,62.650002,62.740002,62.509998,62.695000,326.0000
SI,2026.07.03,02:00:00,62.665001,62.834999,62.625000,62.785000,163.0000
SI,2026.07.03,02:15:00,62.770000,62.820000,62.700001,62.814999,52.0000
SI,2026.07.03,02:30:00,62.785000,63.095001,62.764999,63.005001,559.0000
SI,2026.07.03,02:45:00,63.014999,63.014999,62.825001,62.869999,258.0000
SI,2026.07.03,03:00:00,62.865002,62.930000,62.744999,62.814999,129.0000
SI,2026.07.03,03:15:00,62.805000,62.825001,62.689999,62.790001,119.0000
SI,2026.07.03,03:30:00,62.775002,62.814999,62.660000,62.669998,149.0000
SI,2026.07.03,03:45:00,62.674999,62.735001,62.660000,62.720001,64.0000
SI,2026.07.05,22:00:00,62.924999,63.439999,62.814999,63.380001,773.0000
SI,2026.07.05,22:15:00,63.389999,63.490002,62.814999,63.439999,335.0000
SI,2026.07.05,22:30:00,63.439999,63.570000,62.814999,63.525002,233.0000
SI,2026.07.05,22:45:00,63.540001,63.639999,62.814999,63.580002,165.0000
SI,2026.07.05,23:00:00,63.560001,63.674999,62.814999,63.480000,135.0000
SI,2026.07.05,23:15:00,63.509998,63.730000,63.509998,63.689999,106.0000
SI,2026.07.05,23:30:00,63.660000,63.709999,62.814999,63.430000,275.0000
SI,2026.07.05,23:45:00,63.415001,63.445000,62.814999,63.250000,313.0000
SI,2026.07.06,00:00:00,63.275002,63.275002,62.814999,63.060001,227.0000
SI,2026.07.06,00:15:00,63.080002,63.154999,62.814999,62.945000,116.0000
SI,2026.07.06,00:30:00,62.950001,63.340000,62.950001,63.310001,213.0000
SI,2026.07.06,00:45:00,63.314999,63.349998,62.814999,63.165001,251.0000
SI,2026.07.06,01:00:00,63.145000,63.570000,62.814999,63.169998,611.0000
SI,2026.07.06,01:15:00,63.169998,63.230000,62.805000,62.845001,250.0000
SI,2026.07.06,01:30:00,62.910000,63.200001,62.814999,63.119999,236.0000
SI,2026.07.06,01:45:00,63.080002,63.250000,62.820000,62.865002,145.0000
SI,2026.07.06,02:00:00,62.875000,62.889999,62.610001,62.669998,183.0000
SI,2026.07.06,02:15:00,62.669998,62.814999,62.610001,62.650002,95.0000
SI,2026.07.06,02:30:00,62.645000,62.814999,62.369999,62.380001,443.0000
SI,2026.07.06,02:45:00,62.365002,62.814999,62.355000,62.459999,160.0000
SI,2026.07.06,03:00:00,62.474998,62.490002,62.250000,62.325001,378.0000
SI,2026.07.06,03:15:00,62.299999,62.814999,62.264999,62.380001,142.0000
SI,2026.07.06,03:30:00,62.430000,62.814999,62.200001,62.235001,177.0000
SI,2026.07.06,03:45:00,62.279999,62.330002,62.195000,62.299999,85.0000
SI,2026.07.06,04:00:00,62.279999,62.305000,62.154999,62.279999,101.0000
SI,2026.07.06,04:15:00,62.259998,62.814999,62.215000,62.310001,51.0000
SI,2026.07.06,04:30:00,62.305000,62.814999,62.220001,62.814999,34.0000
SI,2026.07.06,04:45:00,62.270000,62.325001,62.220001,62.320000,48.0000
SI,2026.07.06,05:00:00,62.294998,62.814999,62.165001,62.200001,71.0000
SI,2026.07.06,05:15:00,62.230000,62.299999,62.180000,62.250000,64.0000
SI,2026.07.06,05:30:00,62.275002,62.814999,62.049999,62.255001,407.0000
SI,2026.07.06,05:45:00,62.189999,62.814999,62.020000,62.084999,122.0000
SI,2026.07.06,06:00:00,62.125000,62.320000,62.040001,62.320000,262.0000
SI,2026.07.06,06:15:00,62.299999,62.814999,62.154999,62.340000,230.0000
SI,2026.07.06,06:30:00,62.325001,62.814999,62.180000,62.814999,213.0000
SI,2026.07.06,06:45:00,62.244999,62.814999,62.080002,62.145000,152.0000
SI,2026.07.06,07:00:00,62.145000,62.814999,62.064999,62.230000,136.0000
SI,2026.07.06,07:15:00,62.255001,62.360001,62.220001,62.330002,144.0000
SI,2026.07.06,07:30:00,62.314999,62.814999,62.310001,62.665001,225.0000
SI,2026.07.06,07:45:00,62.669998,62.814999,62.619999,62.779999,166.0000
SI,2026.07.06,08:00:00,62.805000,62.814999,62.525002,62.540001,197.0000
SI,2026.07.06,08:15:00,62.560001,62.814999,62.465000,62.529999,141.0000
SI,2026.07.06,08:30:00,62.525002,62.560001,62.404999,62.435001,127.0000
SI,2026.07.06,08:45:00,62.404999,62.814999,62.305000,62.430000,167.0000
SI,2026.07.06,09:00:00,62.415001,62.814999,62.395000,62.814999,64.0000
SI,2026.07.06,09:15:00,62.549999,62.814999,62.415001,62.430000,149.0000
SI,2026.07.06,09:30:00,62.445000,62.814999,62.264999,62.290001,201.0000
SI,2026.07.06,09:45:00,62.305000,62.424999,62.305000,62.410000,54.0000
SI,2026.07.06,10:00:00,62.400002,62.814999,62.285000,62.445000,51.0000
SI,2026.07.06,10:15:00,62.410000,62.814999,62.410000,62.465000,87.0000
SI,2026.07.06,10:30:00,62.500000,62.814999,62.490002,62.639999,129.0000
SI,2026.07.06,10:45:00,62.634998,62.814999,62.514999,62.525002,114.0000
SI,2026.07.06,11:00:00,62.535000,62.555000,62.435001,62.520000,273.0000
SI,2026.07.06,11:15:00,62.529999,62.814999,62.490002,62.584999,136.0000
SI,2026.07.06,11:30:00,62.584999,62.814999,62.540001,62.560001,103.0000
SI,2026.07.06,11:45:00,62.590000,62.814999,62.514999,62.630001,122.0000
SI,2026.07.06,12:00:00,62.630001,62.814999,62.560001,62.605000,217.0000
SI,2026.07.06,12:15:00,62.605000,62.705002,62.360001,62.474998,401.0000
SI,2026.07.06,12:30:00,62.474998,62.814999,61.915001,61.945000,953.0000
SI,2026.07.06,12:45:00,61.950001,62.814999,61.884998,62.040001,685.0000
SI,2026.07.06,13:00:00,62.049999,62.814999,61.865002,61.919998,594.0000
SI,2026.07.06,13:15:00,61.924999,62.814999,61.770000,62.070000,850.0000
SI,2026.07.06,13:30:00,62.055000,62.400002,62.055000,62.400002,630.0000
SI,2026.07.06,13:45:00,62.395000,62.814999,62.174999,62.294998,541.0000
SI,2026.07.06,14:00:00,62.270000,62.814999,62.070000,62.259998,604.0000
SI,2026.07.06,14:15:00,62.270000,62.270000,61.980000,62.145000,430.0000
SI,2026.07.06,14:30:00,62.165001,62.814999,61.959999,61.994999,550.0000
SI,2026.07.06,14:45:00,61.959999,62.200001,61.950001,62.154999,310.0000
SI,2026.07.06,15:00:00,62.180000,62.814999,62.090000,62.130001,436.0000
SI,2026.07.06,15:15:00,62.130001,62.814999,62.080002,62.250000,331.0000
SI,2026.07.06,15:30:00,62.230000,62.360001,62.209999,62.345001,290.0000
SI,2026.07.06,15:45:00,62.360001,62.814999,62.174999,62.240002,230.0000
SI,2026.07.06,16:00:00,62.220001,62.224998,62.005001,62.014999,371.0000
SI,2026.07.06,16:15:00,62.000000,62.814999,61.950001,61.985001,379.0000
SI,2026.07.06,16:30:00,61.970001,62.814999,61.970001,62.154999,260.0000
SI,2026.07.06,16:45:00,62.130001,62.325001,62.110001,62.244999,433.0000
SI,2026.07.06,17:00:00,62.240002,62.814999,62.230000,62.279999,516.0000
SI,2026.07.06,17:15:00,62.290001,62.395000,62.125000,62.330002,1447.0000
SI,2026.07.06,17:30:00,62.320000,62.814999,62.299999,62.345001,189.0000
SI,2026.07.06,17:45:00,62.320000,62.814999,62.314999,62.419998,341.0000
SI,2026.07.06,18:00:00,62.445000,62.455002,62.299999,62.424999,100.0000
SI,2026.07.06,18:15:00,62.450001,62.814999,62.450001,62.525002,178.0000
SI,2026.07.06,18:30:00,62.520000,62.814999,62.509998,62.814999,188.0000
SI,2026.07.06,18:45:00,62.625000,62.814999,62.555000,62.619999,132.0000
SI,2026.07.06,19:00:00,62.630001,62.814999,62.465000,62.485001,117.0000
SI,2026.07.06,19:15:00,62.480000,62.599998,62.439999,62.590000,107.0000
SI,2026.07.06,19:30:00,62.580002,62.814999,62.445000,62.470001,171.0000
SI,2026.07.06,19:45:00,62.474998,62.814999,62.459999,62.509998,119.0000
SI,2026.07.06,20:00:00,62.505001,62.814999,62.419998,62.430000,68.0000
SI,2026.07.06,20:15:00,62.430000,62.814999,62.419998,62.439999,32.0000
SI,2026.07.06,20:30:00,62.439999,62.500000,62.439999,62.465000,35.0000
SI,2026.07.06,20:45:00,62.465000,62.814999,62.435001,62.814999,55.0000
SI,2026.07.06,22:00:00,62.520000,62.590000,62.459999,62.555000,20.0000
SI,2026.07.06,22:15:00,62.555000,62.555000,62.514999,62.525002,19.0000
SI,2026.07.06,22:30:00,62.535000,62.580002,62.535000,62.560001,41.0000
SI,2026.07.06,22:45:00,62.544998,62.560001,62.415001,62.459999,46.0000
SI,2026.07.06,23:00:00,62.455002,62.509998,62.450001,62.474998,24.0000
SI,2026.07.06,23:15:00,62.490002,62.490002,62.419998,62.455002,91.0000
SI,2026.07.06,23:30:00,62.430000,62.455002,62.389999,62.424999,60.0000
SI,2026.07.06,23:45:00,62.360001,62.389999,62.185001,62.200001,149.0000
SI,2026.07.07,00:00:00,62.154999,62.410000,62.115002,62.320000,98.0000
SI,2026.07.07,00:15:00,62.325001,62.430000,62.240002,62.395000,41.0000
SI,2026.07.07,00:30:00,62.400002,62.450001,62.009998,62.064999,66.0000
SI,2026.07.07,00:45:00,62.064999,62.154999,61.869999,61.919998,172.0000
SI,2026.07.07,01:00:00,61.889999,61.994999,61.514999,61.695000,935.0000
SI,2026.07.07,01:15:00,61.695000,61.750000,61.259998,61.450001,517.0000
SI,2026.07.07,01:30:00,61.455002,61.825001,61.439999,61.825001,242.0000
SI,2026.07.07,01:45:00,61.849998,62.020000,61.820000,61.950001,144.0000
SI,2026.07.07,02:00:00,61.974998,62.099998,61.840000,62.070000,189.0000
SI,2026.07.07,02:15:00,62.064999,62.115002,61.884998,61.919998,154.0000
SI,2026.07.07,02:30:00,61.919998,62.084999,61.840000,61.959999,162.0000
SI,2026.07.07,02:45:00,61.930000,61.930000,61.615002,61.695000,228.0000
SI,2026.07.07,03:00:00,61.669998,61.805000,61.660000,61.669998,81.0000
SI,2026.07.07,03:15:00,61.654999,61.654999,61.305000,61.430000,221.0000
SI,2026.07.07,03:30:00,61.404999,61.549999,61.349998,61.455002,170.0000
SI,2026.07.07,03:45:00,61.450001,61.540001,61.320000,61.500000,101.0000
SI,2026.07.07,04:00:00,61.509998,61.709999,61.494999,61.634998,100.0000
SI,2026.07.07,04:15:00,61.590000,61.590000,61.384998,61.415001,83.0000
SI,2026.07.07,04:30:00,61.384998,61.455002,61.369999,61.400002,43.0000
SI,2026.07.07,04:45:00,61.430000,61.450001,61.235001,61.270000,166.0000
SI,2026.07.07,05:00:00,61.230000,61.360001,61.014999,61.040001,276.0000
SI,2026.07.07,05:15:00,61.020000,61.145000,60.955002,61.105000,351.0000
SI,2026.07.07,05:30:00,61.110001,61.110001,60.709999,60.889999,734.0000
SI,2026.07.07,05:45:00,60.889999,61.049999,60.880001,60.965000,284.0000
SI,2026.07.07,06:00:00,60.965000,61.334999,60.965000,61.165001,506.0000
SI,2026.07.07,06:15:00,61.169998,61.465000,61.160000,61.395000,253.0000
SI,2026.07.07,06:30:00,61.389999,61.695000,61.355000,61.630001,345.0000
SI,2026.07.07,06:45:00,61.639999,61.705002,61.520000,61.564999,353.0000
SI,2026.07.07,07:00:00,61.560001,61.580002,61.395000,61.450001,159.0000
SI,2026.07.07,07:15:00,61.439999,61.500000,61.360001,61.450001,101.0000
SI,2026.07.07,07:30:00,61.430000,61.529999,61.389999,61.389999,61.0000
SI,2026.07.07,07:45:00,61.404999,61.445000,61.240002,61.244999,119.0000
SI,2026.07.07,08:00:00,61.264999,61.700001,61.250000,61.695000,264.0000
SI,2026.07.07,08:15:00,61.669998,61.689999,61.570000,61.639999,137.0000
SI,2026.07.07,08:30:00,61.654999,61.654999,61.404999,61.459999,213.0000
SI,2026.07.07,08:45:00,61.450001,61.450001,61.230000,61.360001,157.0000
SI,2026.07.07,09:00:00,61.384998,61.415001,61.270000,61.334999,118.0000
SI,2026.07.07,09:15:00,61.349998,61.400002,61.180000,61.215000,77.0000
SI,2026.07.07,09:30:00,61.255001,61.455002,61.255001,61.435001,67.0000
SI,2026.07.07,09:45:00,61.410000,61.410000,61.189999,61.334999,115.0000
SI,2026.07.07,10:00:00,61.310001,61.450001,61.299999,61.404999,144.0000
SI,2026.07.07,10:15:00,61.435001,61.549999,61.419998,61.494999,125.0000
SI,2026.07.07,10:30:00,61.480000,61.494999,61.375000,61.375000,59.0000
SI,2026.07.07,10:45:00,61.369999,61.369999,61.189999,61.230000,174.0000
SI,2026.07.07,11:00:00,61.224998,61.224998,61.084999,61.160000,403.0000
SI,2026.07.07,11:15:00,61.160000,61.459999,61.154999,61.439999,261.0000
SI,2026.07.07,11:30:00,61.419998,61.570000,61.310001,61.560001,200.0000
SI,2026.07.07,11:45:00,61.555000,61.840000,61.535000,61.810001,374.0000
SI,2026.07.07,12:00:00,61.825001,62.119999,61.799999,62.110001,531.0000
SI,2026.07.07,12:15:00,62.110001,62.185001,61.950001,62.125000,557.0000
SI,2026.07.07,12:30:00,62.119999,62.189999,61.820000,61.825001,501.0000
SI,2026.07.07,12:45:00,61.830002,62.115002,61.775002,62.084999,554.0000
SI,2026.07.07,13:00:00,62.099998,62.174999,61.669998,61.855000,782.0000
SI,2026.07.07,13:15:00,61.845001,61.855000,61.650002,61.730000,328.0000
SI,2026.07.07,13:30:00,61.720001,62.314999,61.549999,62.255001,1017.0000
SI,2026.07.07,13:45:00,62.264999,62.314999,61.660000,61.764999,911.0000
SI,2026.07.07,14:00:00,61.770000,61.860001,61.549999,61.599998,587.0000
SI,2026.07.07,14:15:00,61.595001,61.735001,61.349998,61.485001,625.0000
SI,2026.07.07,14:30:00,61.529999,61.564999,61.090000,61.369999,1039.0000
SI,2026.07.07,14:45:00,61.360001,61.485001,61.314999,61.355000,442.0000
SI,2026.07.07,15:00:00,61.345001,61.435001,61.200001,61.200001,263.0000
SI,2026.07.07,15:15:00,61.224998,61.235001,61.070000,61.169998,379.0000
SI,2026.07.07,15:30:00,61.180000,61.279999,61.150002,61.250000,309.0000
SI,2026.07.07,15:45:00,61.255001,61.264999,60.900002,61.060001,477.0000
SI,2026.07.07,16:00:00,61.080002,61.290001,61.049999,61.275002,322.0000
SI,2026.07.07,16:15:00,61.270000,61.435001,61.264999,61.404999,408.0000
SI,2026.07.07,16:30:00,61.395000,61.410000,61.240002,61.285000,249.0000
SI,2026.07.07,16:45:00,61.275002,61.360001,61.220001,61.355000,207.0000
SI,2026.07.07,17:00:00,61.355000,61.419998,61.209999,61.230000,350.0000
SI,2026.07.07,17:15:00,61.244999,61.450001,61.169998,61.430000,1054.0000
SI,2026.07.07,17:30:00,61.439999,61.505001,61.430000,61.430000,408.0000
SI,2026.07.07,17:45:00,61.450001,61.450001,61.375000,61.435001,122.0000
SI,2026.07.07,18:00:00,61.445000,61.455002,61.320000,61.395000,116.0000
SI,2026.07.07,18:15:00,61.365002,61.450001,61.345001,61.349998,72.0000
SI,2026.07.07,18:30:00,61.334999,61.375000,61.174999,61.299999,193.0000
SI,2026.07.07,18:45:00,61.325001,61.330002,60.834999,60.860001,501.0000
SI,2026.07.07,19:00:00,60.865002,60.900002,60.200001,60.224998,1055.0000
SI,2026.07.07,19:15:00,60.220001,60.279999,59.849998,60.180000,875.0000
SI,2026.07.07,19:30:00,60.195000,60.540001,60.185001,60.419998,534.0000
SI,2026.07.07,19:45:00,60.435001,60.740002,60.419998,60.685001,488.0000
SI,2026.07.07,20:00:00,60.660000,60.764999,60.610001,60.630001,225.0000
SI,2026.07.07,20:15:00,60.625000,60.639999,60.480000,60.549999,334.0000
SI,2026.07.07,20:30:00,60.570000,60.570000,60.320000,60.400002,215.0000
SI,2026.07.07,20:45:00,60.375000,60.435001,60.360001,60.404999,107.0000
SI,2026.07.07,22:00:00,60.310001,60.419998,60.154999,60.244999,144.0000
SI,2026.07.07,22:15:00,60.255001,60.264999,60.099998,60.099998,121.0000
SI,2026.07.07,22:30:00,60.115002,60.174999,60.029999,60.125000,183.0000
SI,2026.07.07,22:45:00,60.075001,60.220001,60.075001,60.195000,86.0000
SI,2026.07.07,23:00:00,60.200001,60.340000,60.165001,60.285000,183.0000
SI,2026.07.07,23:15:00,60.294998,60.400002,60.255001,60.384998,99.0000
SI,2026.07.07,23:30:00,60.384998,60.384998,60.070000,60.115002,78.0000
SI,2026.07.07,23:45:00,60.095001,60.195000,60.009998,60.095001,222.0000
SI,2026.07.08,00:00:00,60.080002,60.349998,60.055000,60.150002,141.0000
SI,2026.07.08,00:15:00,60.139999,60.410000,60.049999,60.270000,106.0000
SI,2026.07.08,00:30:00,60.255001,60.720001,60.255001,60.654999,188.0000
SI,2026.07.08,00:45:00,60.705002,60.705002,60.494999,60.525002,329.0000
SI,2026.07.08,01:00:00,60.525002,60.720001,60.130001,60.450001,919.0000
SI,2026.07.08,01:15:00,60.439999,60.549999,60.235001,60.400002,217.0000
SI,2026.07.08,01:30:00,60.395000,60.500000,60.020000,60.139999,245.0000
SI,2026.07.08,01:45:00,60.165001,60.455002,60.165001,60.419998,215.0000
SI,2026.07.08,02:00:00,60.439999,60.525002,60.310001,60.314999,130.0000
SI,2026.07.08,02:15:00,60.310001,60.549999,60.310001,60.470001,159.0000
SI,2026.07.08,02:30:00,60.455002,60.555000,60.360001,60.555000,100.0000
SI,2026.07.08,02:45:00,60.549999,60.564999,60.334999,60.404999,93.0000
SI,2026.07.08,03:00:00,60.450001,61.099998,60.450001,60.980000,538.0000
SI,2026.07.08,03:15:00,60.990002,61.115002,60.935001,61.099998,377.0000
SI,2026.07.08,03:30:00,61.125000,61.169998,60.994999,61.009998,83.0000
SI,2026.07.08,03:45:00,61.025002,61.025002,60.764999,60.770000,175.0000
SI,2026.07.08,04:00:00,60.770000,60.855000,60.669998,60.755001,207.0000
SI,2026.07.08,04:15:00,60.740002,60.794998,60.669998,60.755001,47.0000
SI,2026.07.08,04:30:00,60.785000,60.880001,60.720001,60.720001,37.0000
SI,2026.07.08,04:45:00,60.775002,60.825001,60.709999,60.755001,30.0000
SI,2026.07.08,05:00:00,60.750000,61.090000,60.750000,60.900002,186.0000
SI,2026.07.08,05:15:00,60.904999,61.029999,60.775002,60.794998,106.0000
SI,2026.07.08,05:30:00,60.779999,61.395000,60.705002,61.215000,730.0000
SI,2026.07.08,05:45:00,61.224998,61.325001,61.055000,61.270000,307.0000
SI,2026.07.08,06:00:00,61.285000,61.340000,60.970001,61.195000,566.0000
SI,2026.07.08,06:15:00,61.205002,61.455002,61.150002,61.375000,388.0000
SI,2026.07.08,06:30:00,61.375000,61.389999,61.240002,61.244999,455.0000
SI,2026.07.08,06:45:00,61.244999,61.255001,61.084999,61.095001,231.0000
SI,2026.07.08,07:00:00,61.084999,61.139999,60.904999,60.919998,410.0000
SI,2026.07.08,07:15:00,60.924999,61.044998,60.849998,60.974998,285.0000
SI,2026.07.08,07:30:00,60.990002,61.215000,60.924999,61.195000,268.0000
SI,2026.07.08,07:45:00,61.205002,61.224998,61.029999,61.044998,81.0000
SI,2026.07.08,08:00:00,61.055000,61.084999,60.889999,61.005001,208.0000
SI,2026.07.08,08:15:00,61.014999,61.099998,59.919998,60.110001,1848.0000
SI,2026.07.08,08:30:00,60.125000,60.220001,59.110001,59.250000,1671.0000
SI,2026.07.08,08:45:00,59.240002,59.400002,58.580002,58.810001,1537.0000
SI,2026.07.08,09:00:00,58.794998,58.915001,58.639999,58.849998,893.0000
SI,2026.07.08,09:15:00,58.900002,59.154999,58.779999,58.959999,700.0000
SI,2026.07.08,09:30:00,58.970001,59.174999,58.814999,58.945000,777.0000
SI,2026.07.08,09:45:00,58.939999,59.044998,58.619999,58.685001,461.0000
SI,2026.07.08,10:00:00,58.700001,58.939999,58.689999,58.900002,285.0000
SI,2026.07.08,10:15:00,58.900002,59.174999,58.855000,58.910000,582.0000
SI,2026.07.08,10:30:00,58.875000,59.090000,58.860001,58.980000,309.0000
SI,2026.07.08,10:45:00,59.000000,59.070000,58.790001,58.799999,231.0000
SI,2026.07.08,11:00:00,58.805000,59.005001,58.615002,58.775002,492.0000
SI,2026.07.08,11:15:00,58.790001,58.939999,58.720001,58.775002,424.0000
SI,2026.07.08,11:30:00,58.764999,59.275002,58.424999,59.255001,1623.0000
SI,2026.07.08,11:45:00,59.189999,59.445000,58.965000,59.134998,1238.0000
SI,2026.07.08,12:00:00,59.134998,59.369999,59.055000,59.200001,641.0000
SI,2026.07.08,12:15:00,59.215000,59.294998,58.860001,58.904999,543.0000
SI,2026.07.08,12:30:00,58.915001,59.035000,58.705002,58.889999,782.0000
SI,2026.07.08,12:45:00,58.930000,59.375000,58.880001,58.955002,1393.0000
SI,2026.07.08,13:00:00,58.950001,59.384998,58.880001,58.994999,1615.0000
SI,2026.07.08,13:15:00,59.000000,59.084999,58.685001,58.730000,675.0000
SI,2026.07.08,13:30:00,58.740002,59.095001,58.709999,58.915001,1013.0000
SI,2026.07.08,13:45:00,58.915001,59.070000,58.735001,58.814999,630.0000
SI,2026.07.08,14:00:00,58.820000,58.865002,58.654999,58.685001,871.0000
SI,2026.07.08,14:15:00,58.650002,58.869999,58.445000,58.689999,1231.0000
SI,2026.07.08,14:30:00,58.685001,58.715000,58.029999,58.070000,1415.0000
SI,2026.07.08,14:45:00,58.060001,58.305000,58.005001,58.209999,837.0000
SI,2026.07.08,15:00:00,58.220001,58.314999,57.865002,57.950001,799.0000
SI,2026.07.08,15:15:00,57.970001,58.014999,57.730000,57.825001,1442.0000
SI,2026.07.08,15:30:00,57.820000,57.865002,57.605000,57.770000,1080.0000
SI,2026.07.08,15:45:00,57.755001,57.825001,57.650002,57.790001,612.0000
SI,2026.07.08,16:00:00,57.794998,58.049999,57.740002,57.924999,1056.0000
SI,2026.07.08,16:15:00,57.924999,58.009998,57.845001,57.939999,418.0000
SI,2026.07.08,16:30:00,57.924999,58.294998,57.845001,58.275002,961.0000
SI,2026.07.08,16:45:00,58.264999,58.410000,58.189999,58.310001,729.0000
SI,2026.07.08,17:00:00,58.310001,58.430000,58.185001,58.345001,683.0000
SI,2026.07.08,17:15:00,58.345001,58.724998,58.345001,58.720001,1273.0000
SI,2026.07.08,17:30:00,58.724998,58.895000,58.564999,58.599998,656.0000
SI,2026.07.08,17:45:00,58.595001,58.654999,58.465000,58.540001,373.0000
SI,2026.07.08,18:00:00,58.535000,58.900002,58.500000,58.875000,482.0000
SI,2026.07.08,18:15:00,58.889999,58.889999,58.660000,58.669998,197.0000
SI,2026.07.08,18:30:00,58.715000,58.900002,58.619999,58.889999,188.0000
SI,2026.07.08,18:45:00,58.904999,59.064999,58.869999,58.939999,321.0000
SI,2026.07.08,19:00:00,58.939999,59.105000,58.884998,58.930000,233.0000
SI,2026.07.08,19:15:00,58.924999,59.025002,58.875000,59.025002,134.0000
SI,2026.07.08,19:30:00,59.029999,59.060001,58.884998,58.930000,154.0000
SI,2026.07.08,19:45:00,58.935001,58.935001,58.724998,58.810001,465.0000
SI,2026.07.08,20:00:00,58.814999,58.845001,58.700001,58.755001,178.0000
SI,2026.07.08,20:15:00,58.755001,58.764999,58.625000,58.674999,193.0000
SI,2026.07.08,20:30:00,58.689999,58.705002,58.520000,58.570000,196.0000
SI,2026.07.08,20:45:00,58.560001,58.740002,58.540001,58.689999,165.0000
SI,2026.07.08,22:00:00,58.884998,58.889999,58.695000,58.820000,31.0000
SI,2026.07.08,22:15:00,58.875000,58.875000,58.705002,58.715000,83.0000
SI,2026.07.08,22:30:00,58.770000,58.814999,58.705002,58.759998,49.0000
SI,2026.07.08,22:45:00,58.779999,58.830002,58.779999,58.790001,13.0000
SI,2026.07.08,23:00:00,58.755001,58.775002,58.720001,58.770000,50.0000
SI,2026.07.08,23:15:00,58.759998,58.779999,58.705002,58.779999,10.0000
SI,2026.07.08,23:30:00,58.779999,58.865002,58.740002,58.805000,29.0000
SI,2026.07.08,23:45:00,58.810001,58.880001,58.685001,58.794998,92.0000
SI,2026.07.09,00:00:00,58.830002,58.965000,58.750000,58.935001,156.0000
SI,2026.07.09,00:15:00,58.950001,58.974998,58.674999,58.730000,143.0000
SI,2026.07.09,00:30:00,58.805000,58.860001,58.695000,58.695000,79.0000
SI,2026.07.09,00:45:00,58.695000,58.759998,58.630001,58.680000,94.0000
SI,2026.07.09,01:00:00,58.685001,58.770000,58.380001,58.564999,631.0000
SI,2026.07.09,01:15:00,58.570000,58.584999,58.215000,58.355000,453.0000
SI,2026.07.09,01:30:00,58.334999,58.555000,58.185001,58.480000,261.0000
SI,2026.07.09,01:45:00,58.505001,58.634998,58.439999,58.564999,171.0000
SI,2026.07.09,02:00:00,58.580002,58.709999,58.529999,58.689999,198.0000
SI,2026.07.09,02:15:00,58.689999,58.825001,58.665001,58.750000,134.0000
SI,2026.07.09,02:30:00,58.764999,58.790001,58.485001,58.494999,164.0000
SI,2026.07.09,02:45:00,58.505001,58.525002,58.205002,58.275002,221.0000
SI,2026.07.09,03:00:00,58.230000,58.310001,57.955002,58.060001,426.0000
SI,2026.07.09,03:15:00,58.070000,58.165001,57.955002,58.105000,248.0000
SI,2026.07.09,03:30:00,58.115002,58.250000,58.055000,58.209999,104.0000
SI,2026.07.09,03:45:00,58.205002,58.270000,58.200001,58.240002,33.0000
SI,2026.07.09,04:00:00,58.259998,58.279999,58.174999,58.244999,52.0000
SI,2026.07.09,04:15:00,58.200001,58.200001,58.080002,58.125000,89.0000
SI,2026.07.09,04:30:00,58.165001,58.310001,58.165001,58.230000,62.0000
SI,2026.07.09,04:45:00,58.224998,58.384998,58.209999,58.365002,67.0000
SI,2026.07.09,05:00:00,58.360001,58.634998,58.355000,58.590000,169.0000
SI,2026.07.09,05:15:00,58.595001,58.595001,58.360001,58.490002,115.0000
SI,2026.07.09,05:30:00,58.529999,58.685001,58.264999,58.660000,442.0000
SI,2026.07.09,05:45:00,58.680000,58.895000,58.619999,58.820000,332.0000
SI,2026.07.09,06:00:00,58.814999,59.160000,58.810001,58.950001,447.0000
SI,2026.07.09,06:15:00,58.974998,59.345001,58.950001,59.270000,589.0000
SI,2026.07.09,06:30:00,59.294998,59.404999,59.240002,59.349998,547.0000
SI,2026.07.09,06:45:00,59.349998,59.459999,59.310001,59.410000,336.0000
SI,2026.07.09,07:00:00,59.419998,59.535000,59.375000,59.380001,327.0000
SI,2026.07.09,07:15:00,59.395000,59.584999,59.345001,59.570000,282.0000
SI,2026.07.09,07:30:00,59.575001,59.599998,59.455002,59.584999,156.0000
SI,2026.07.09,07:45:00,59.570000,59.680000,59.494999,59.610001,255.0000
SI,2026.07.09,08:00:00,59.619999,59.689999,59.525002,59.584999,331.0000
SI,2026.07.09,08:15:00,59.615002,59.820000,59.605000,59.820000,311.0000
SI,2026.07.09,08:30:00,59.810001,59.855000,59.674999,59.705002,243.0000
SI,2026.07.09,08:45:00,59.654999,59.654999,59.514999,59.584999,296.0000
SI,2026.07.09,09:00:00,59.580002,59.605000,59.520000,59.555000,132.0000
SI,2026.07.09,09:15:00,59.540001,59.634998,59.525002,59.599998,144.0000
SI,2026.07.09,09:30:00,59.605000,59.634998,59.450001,59.470001,112.0000
SI,2026.07.09,09:45:00,59.490002,59.570000,59.474998,59.570000,56.0000
SI,2026.07.09,10:00:00,59.555000,59.584999,59.430000,59.430000,101.0000
SI,2026.07.09,10:15:00,59.430000,59.465000,59.325001,59.334999,362.0000
SI,2026.07.09,10:30:00,59.340000,59.375000,59.305000,59.320000,98.0000
SI,2026.07.09,10:45:00,59.310001,59.310001,59.115002,59.224998,274.0000
SI,2026.07.09,11:00:00,59.240002,59.330002,59.174999,59.314999,308.0000
SI,2026.07.09,11:15:00,59.320000,59.349998,59.174999,59.215000,93.0000
SI,2026.07.09,11:30:00,59.224998,59.404999,59.200001,59.360001,182.0000
SI,2026.07.09,11:45:00,59.349998,59.514999,59.320000,59.415001,372.0000
SI,2026.07.09,12:00:00,59.419998,59.669998,59.314999,59.525002,317.0000
SI,2026.07.09,12:15:00,59.514999,59.584999,59.380001,59.514999,388.0000
SI,2026.07.09,12:30:00,59.500000,60.064999,59.500000,59.860001,1190.0000
SI,2026.07.09,12:45:00,59.860001,59.970001,59.709999,59.715000,662.0000
SI,2026.07.09,13:00:00,59.715000,60.150002,59.610001,60.099998,1129.0000
SI,2026.07.09,13:15:00,60.115002,60.305000,59.985001,60.275002,710.0000
SI,2026.07.09,13:30:00,60.285000,60.709999,60.154999,60.689999,1698.0000
SI,2026.07.09,13:45:00,60.685001,60.744999,60.470001,60.669998,912.0000
SI,2026.07.09,14:00:00,60.665001,60.904999,60.485001,60.535000,1160.0000
SI,2026.07.09,14:15:00,60.520000,60.590000,60.279999,60.555000,812.0000
SI,2026.07.09,14:30:00,60.564999,60.584999,60.395000,60.525002,494.0000
SI,2026.07.09,14:45:00,60.535000,60.715000,60.389999,60.695000,386.0000
SI,2026.07.09,15:00:00,60.689999,60.805000,60.630001,60.730000,443.0000
SI,2026.07.09,15:15:00,60.735001,60.834999,60.660000,60.750000,362.0000
SI,2026.07.09,15:30:00,60.740002,60.855000,60.705002,60.814999,301.0000
SI,2026.07.09,15:45:00,60.805000,60.945000,60.735001,60.755001,388.0000
SI,2026.07.09,16:00:00,60.764999,60.875000,60.724998,60.855000,498.0000
SI,2026.07.09,16:15:00,60.865002,61.020000,60.834999,60.910000,770.0000
SI,2026.07.09,16:30:00,60.904999,61.029999,60.860001,60.930000,565.0000
SI,2026.07.09,16:45:00,60.945000,60.945000,60.799999,60.805000,336.0000
SI,2026.07.09,17:00:00,60.799999,60.840000,60.660000,60.695000,406.0000
SI,2026.07.09,17:15:00,60.705002,60.799999,60.599998,60.775002,1291.0000
SI,2026.07.09,17:30:00,60.775002,60.820000,60.724998,60.730000,158.0000
SI,2026.07.09,17:45:00,60.724998,60.884998,60.715000,60.830002,266.0000
SI,2026.07.09,18:00:00,60.825001,60.834999,60.560001,60.595001,291.0000
SI,2026.07.09,18:15:00,60.590000,60.619999,60.525002,60.540001,259.0000
SI,2026.07.09,18:30:00,60.520000,60.520000,60.410000,60.485001,203.0000
SI,2026.07.09,18:45:00,60.470001,60.474998,60.400002,60.450001,120.0000
SI,2026.07.09,19:00:00,60.450001,60.470001,60.310001,60.325001,171.0000
SI,2026.07.09,19:15:00,60.334999,60.400002,60.305000,60.340000,157.0000
SI,2026.07.09,19:30:00,60.325001,60.384998,60.290001,60.310001,168.0000
SI,2026.07.09,19:45:00,60.299999,60.404999,60.285000,60.330002,220.0000
SI,2026.07.09,20:00:00,60.320000,60.375000,60.310001,60.340000,64.0000
SI,2026.07.09,20:15:00,60.355000,60.369999,60.290001,60.310001,51.0000
SI,2026.07.09,20:30:00,60.305000,60.380001,60.285000,60.380001,48.0000
SI,2026.07.09,20:45:00,60.360001,60.430000,60.355000,60.355000,112.0000
SI,2026.07.09,22:00:00,60.415001,60.445000,60.345001,60.375000,35.0000
SI,2026.07.09,22:15:00,60.360001,60.369999,60.320000,60.360001,62.0000
SI,2026.07.09,22:30:00,60.325001,60.395000,60.320000,60.360001,15.0000
SI,2026.07.09,22:45:00,60.365002,60.369999,60.334999,60.334999,8.0000
SI,2026.07.09,23:00:00,60.330002,60.445000,60.320000,60.439999,39.0000
SI,2026.07.09,23:15:00,60.430000,60.450001,60.380001,60.439999,35.0000
SI,2026.07.09,23:30:00,60.419998,60.439999,60.395000,60.430000,11.0000
SI,2026.07.09,23:45:00,60.419998,60.455002,60.410000,60.410000,13.0000
SI,2026.07.10,00:00:00,60.459999,60.459999,60.290001,60.325001,169.0000
SI,2026.07.10,00:15:00,60.345001,60.369999,60.154999,60.264999,127.0000
SI,2026.07.10,00:30:00,60.279999,60.474998,60.150002,60.439999,86.0000
SI,2026.07.10,00:45:00,60.439999,60.700001,60.355000,60.595001,198.0000
SI,2026.07.10,01:00:00,60.605000,60.785000,60.424999,60.514999,534.0000
SI,2026.07.10,01:15:00,60.549999,60.715000,60.455002,60.455002,141.0000
SI,2026.07.10,01:30:00,60.465000,60.540001,60.154999,60.259998,449.0000
SI,2026.07.10,01:45:00,60.224998,60.660000,60.189999,60.544998,233.0000
SI,2026.07.10,02:00:00,60.549999,60.744999,60.470001,60.630001,160.0000
SI,2026.07.10,02:15:00,60.639999,60.730000,60.580002,60.634998,87.0000
SI,2026.07.10,02:30:00,60.660000,60.770000,60.610001,60.720001,312.0000
SI,2026.07.10,02:45:00,60.724998,60.924999,60.674999,60.849998,234.0000
SI,2026.07.10,03:00:00,60.845001,61.195000,60.830002,61.035000,405.0000
SI,2026.07.10,03:15:00,61.025002,61.029999,60.779999,60.794998,190.0000
SI,2026.07.10,03:30:00,60.770000,60.915001,60.744999,60.779999,85.0000
SI,2026.07.10,03:45:00,60.805000,60.825001,60.740002,60.775002,30.0000
SI,2026.07.10,04:00:00,60.779999,60.924999,60.730000,60.895000,76.0000
SI,2026.07.10,04:15:00,60.895000,60.935001,60.695000,60.810001,128.0000
SI,2026.07.10,04:30:00,60.794998,60.875000,60.794998,60.875000,25.0000
SI,2026.07.10,04:45:00,60.805000,60.805000,60.709999,60.724998,21.0000
SI,2026.07.10,05:00:00,60.764999,60.775002,60.645000,60.720001,122.0000
SI,2026.07.10,05:15:00,60.720001,60.759998,60.625000,60.630001,94.0000
SI,2026.07.10,05:30:00,60.615002,60.619999,60.355000,60.494999,427.0000
SI,2026.07.10,05:45:00,60.435001,60.634998,60.310001,60.610001,228.0000
SI,2026.07.10,06:00:00,60.610001,60.730000,60.564999,60.584999,187.0000
SI,2026.07.10,06:15:00,60.560001,60.790001,60.509998,60.509998,154.0000
SI,2026.07.10,06:30:00,60.500000,60.590000,60.424999,60.470001,174.0000
SI,2026.07.10,06:45:00,60.509998,60.549999,60.439999,60.474998,53.0000
SI,2026.07.10,07:00:00,60.465000,60.570000,60.380001,60.490002,173.0000
SI,2026.07.10,07:15:00,60.465000,60.610001,60.404999,60.494999,158.0000
SI,2026.07.10,07:30:00,60.549999,60.549999,60.285000,60.299999,175.0000
SI,2026.07.10,07:45:00,60.299999,60.325001,60.180000,60.320000,300.0000
SI,2026.07.10,08:00:00,60.325001,60.365002,60.169998,60.310001,146.0000
SI,2026.07.10,08:15:00,60.299999,60.330002,60.020000,60.044998,219.0000
SI,2026.07.10,08:30:00,60.040001,60.060001,59.860001,59.985001,410.0000
SI,2026.07.10,08:45:00,59.990002,59.990002,59.750000,59.919998,568.0000
SI,2026.07.10,09:00:00,59.915001,60.009998,59.820000,59.950001,346.0000
SI,2026.07.10,09:15:00,59.939999,59.980000,59.849998,59.965000,167.0000
SI,2026.07.10,09:30:00,59.939999,59.970001,59.830002,59.939999,126.0000
SI,2026.07.10,09:45:00,59.945000,59.955002,59.794998,59.895000,214.0000
SI,2026.07.10,10:00:00,59.900002,60.025002,59.880001,59.950001,102.0000
SI,2026.07.10,10:15:00,59.924999,60.055000,59.855000,60.049999,183.0000
SI,2026.07.10,10:30:00,60.070000,60.110001,59.889999,59.930000,240.0000
SI,2026.07.10,10:45:00,59.910000,59.919998,59.654999,59.685001,202.0000
SI,2026.07.10,11:00:00,59.680000,59.884998,59.665001,59.860001,331.0000
SI,2026.07.10,11:15:00,59.880001,59.970001,59.724998,59.724998,147.0000
SI,2026.07.10,11:30:00,59.709999,59.924999,59.680000,59.924999,181.0000
SI,2026.07.10,11:45:00,59.900002,59.945000,59.799999,59.810001,106.0000
SI,2026.07.10,12:00:00,59.820000,60.264999,59.750000,60.185001,775.0000
SI,2026.07.10,12:15:00,60.165001,60.240002,59.959999,60.130001,384.0000
SI,2026.07.10,12:30:00,60.134998,60.169998,59.915001,59.915001,423.0000
SI,2026.07.10,12:45:00,59.910000,60.060001,59.904999,60.009998,224.0000
SI,2026.07.10,13:00:00,60.020000,60.275002,59.950001,60.189999,703.0000
SI,2026.07.10,13:15:00,60.180000,60.294998,59.730000,59.759998,541.0000
SI,2026.07.10,13:30:00,59.764999,60.169998,59.755001,60.090000,661.0000
SI,2026.07.10,13:45:00,60.064999,60.279999,60.025002,60.110001,366.0000
SI,2026.07.10,14:00:00,60.119999,60.224998,60.070000,60.099998,356.0000
SI,2026.07.10,14:15:00,60.084999,60.450001,60.060001,60.299999,580.0000
SI,2026.07.10,14:30:00,60.325001,60.325001,59.244999,59.985001,2073.0000
SI,2026.07.10,14:45:00,60.005001,60.240002,59.830002,59.834999,553.0000
SI,2026.07.10,15:00:00,59.845001,60.075001,59.810001,59.939999,412.0000
SI,2026.07.10,15:15:00,59.950001,60.270000,59.950001,60.205002,547.0000
SI,2026.07.10,15:30:00,60.220001,60.250000,60.139999,60.195000,272.0000
SI,2026.07.10,15:45:00,60.185001,60.415001,60.185001,60.380001,287.0000
SI,2026.07.10,16:00:00,60.380001,60.439999,60.244999,60.275002,356.0000
SI,2026.07.10,16:15:00,60.290001,60.349998,60.200001,60.290001,381.0000
SI,2026.07.10,16:30:00,60.290001,60.349998,60.270000,60.270000,206.0000
SI,2026.07.10,16:45:00,60.285000,60.285000,60.134998,60.139999,325.0000
SI,2026.07.10,17:00:00,60.134998,60.189999,60.020000,60.064999,383.0000
SI,2026.07.10,17:15:00,60.055000,60.215000,60.055000,60.125000,674.0000
SI,2026.07.10,17:30:00,60.119999,60.145000,60.005001,60.020000,158.0000
SI,2026.07.10,17:45:00,60.009998,60.110001,59.939999,59.955002,330.0000
SI,2026.07.10,18:00:00,59.970001,60.049999,59.939999,60.029999,221.0000
SI,2026.07.10,18:15:00,59.990002,60.125000,59.955002,60.055000,227.0000
SI,2026.07.10,18:30:00,60.064999,60.110001,59.945000,59.959999,108.0000
SI,2026.07.10,18:45:00,59.945000,60.020000,59.945000,59.990002,53.0000
SI,2026.07.10,19:00:00,59.959999,60.075001,59.919998,60.060001,116.0000
SI,2026.07.10,19:15:00,60.070000,60.090000,60.025002,60.055000,181.0000
SI,2026.07.10,19:30:00,60.025002,60.095001,60.020000,60.049999,151.0000
SI,2026.07.10,19:45:00,60.070000,60.119999,60.049999,60.119999,222.0000
SI,2026.07.10,20:00:00,60.110001,60.250000,60.095001,60.160000,150.0000
SI,2026.07.10,20:15:00,60.165001,60.205002,60.130001,60.174999,40.0000
SI,2026.07.10,20:30:00,60.174999,60.205002,60.150002,60.195000,49.0000
SI,2026.07.10,20:45:00,60.185001,60.424999,60.165001,60.165001,173.0000
SI,2026.07.12,22:00:00,59.255001,59.290001,59.049999,59.165001,86.0000
SI,2026.07.12,22:15:00,59.134998,59.250000,59.095001,59.130001,98.0000
SI,2026.07.12,22:30:00,59.150002,59.275002,59.060001,59.064999,97.0000
SI,2026.07.12,22:45:00,59.049999,59.224998,58.889999,59.169998,145.0000
SI,2026.07.12,23:00:00,59.060001,59.110001,59.029999,59.044998,56.0000
SI,2026.07.12,23:15:00,59.035000,59.180000,59.025002,59.165001,96.0000
SI,2026.07.12,23:30:00,59.150002,59.240002,59.110001,59.180000,37.0000
SI,2026.07.12,23:45:00,59.165001,59.375000,59.049999,59.334999,422.0000
SI,2026.07.13,00:00:00,59.365002,59.775002,59.279999,59.665001,312.0000
SI,2026.07.13,00:15:00,59.700001,59.720001,59.404999,59.404999,73.0000
SI,2026.07.13,00:30:00,59.389999,59.400002,59.070000,59.325001,169.0000
SI,2026.07.13,00:45:00,59.334999,59.445000,59.150002,59.195000,265.0000
SI,2026.07.13,01:00:00,59.205002,59.349998,58.950001,59.314999,657.0000
SI,2026.07.13,01:15:00,59.349998,59.375000,58.939999,59.160000,172.0000
SI,2026.07.13,01:30:00,59.115002,59.500000,59.115002,59.389999,240.0000
SI,2026.07.13,01:45:00,59.415001,59.529999,58.830002,58.924999,621.0000
SI,2026.07.13,02:00:00,58.900002,58.955002,58.779999,58.799999,412.0000
SI,2026.07.13,02:15:00,58.849998,58.919998,58.720001,58.735001,130.0000
SI,2026.07.13,02:30:00,58.720001,59.009998,58.654999,58.785000,346.0000
SI,2026.07.13,02:45:00,58.770000,58.840000,58.700001,58.790001,168.0000
SI,2026.07.13,03:00:00,58.790001,58.799999,58.400002,58.485001,412.0000
SI,2026.07.13,03:15:00,58.494999,58.630001,58.490002,58.605000,201.0000
SI,2026.07.13,03:30:00,58.605000,58.605000,58.439999,58.459999,126.0000
SI,2026.07.13,03:45:00,58.470001,58.570000,58.470001,58.560001,57.0000
SI,2026.07.13,04:00:00,58.544998,58.544998,58.419998,58.445000,76.0000
SI,2026.07.13,04:15:00,58.450001,58.564999,58.375000,58.500000,127.0000
SI,2026.07.13,04:30:00,58.540001,58.560001,58.455002,58.494999,197.0000
SI,2026.07.13,04:45:00,58.485001,58.630001,58.480000,58.625000,84.0000
SI,2026.07.13,05:00:00,58.599998,58.910000,58.505001,58.869999,315.0000
SI,2026.07.13,05:15:00,58.884998,58.904999,58.465000,58.490002,169.0000
SI,2026.07.13,05:30:00,58.470001,58.775002,58.320000,58.715000,664.0000
SI,2026.07.13,05:45:00,58.669998,58.685001,58.375000,58.380001,487.0000
SI,2026.07.13,06:00:00,58.435001,58.525002,58.075001,58.134998,798.0000
SI,2026.07.13,06:15:00,58.134998,58.380001,58.134998,58.380001,298.0000
SI,2026.07.13,06:30:00,58.400002,58.575001,58.334999,58.500000,331.0000
SI,2026.07.13,06:45:00,58.494999,58.509998,58.279999,58.330002,168.0000
SI,2026.07.13,07:00:00,58.330002,58.705002,58.220001,58.584999,382.0000
SI,2026.07.13,07:15:00,58.610001,58.615002,58.525002,58.584999,105.0000
SI,2026.07.13,07:30:00,58.599998,58.759998,58.549999,58.634998,198.0000
SI,2026.07.13,07:45:00,58.665001,58.895000,58.665001,58.869999,184.0000
SI,2026.07.13,08:00:00,58.875000,59.320000,58.875000,59.279999,548.0000
SI,2026.07.13,08:15:00,59.279999,59.365002,59.230000,59.230000,276.0000
SI,2026.07.13,08:30:00,59.209999,59.299999,59.160000,59.279999,173.0000
SI,2026.07.13,08:45:00,59.279999,59.330002,59.235001,59.240002,134.0000
SI,2026.07.13,09:00:00,59.220001,59.259998,59.070000,59.099998,188.0000
SI,2026.07.13,09:15:00,59.110001,59.130001,58.985001,58.985001,122.0000
SI,2026.07.13,09:30:00,59.009998,59.070000,58.915001,58.994999,151.0000
SI,2026.07.13,09:45:00,58.985001,59.009998,58.805000,58.830002,221.0000
SI,2026.07.13,10:00:00,58.830002,58.939999,58.820000,58.860001,126.0000
SI,2026.07.13,10:15:00,58.860001,58.869999,58.735001,58.759998,106.0000
SI,2026.07.13,10:30:00,58.770000,58.865002,58.645000,58.695000,232.0000
SI,2026.07.13,10:45:00,58.685001,58.884998,58.650002,58.790001,127.0000
SI,2026.07.13,11:00:00,58.799999,58.965000,58.705002,58.834999,322.0000
SI,2026.07.13,11:15:00,58.840000,58.990002,58.770000,58.990002,110.0000
SI,2026.07.13,11:30:00,58.980000,59.139999,58.980000,59.099998,147.0000
SI,2026.07.13,11:45:00,59.119999,59.119999,58.880001,58.919998,203.0000
SI,2026.07.13,12:00:00,58.915001,58.980000,58.759998,58.830002,329.0000
SI,2026.07.13,12:15:00,58.860001,58.959999,58.680000,58.680000,361.0000
SI,2026.07.13,12:30:00,58.700001,58.849998,58.610001,58.830002,304.0000
SI,2026.07.13,12:45:00,58.849998,59.075001,58.810001,59.055000,323.0000
SI,2026.07.13,13:00:00,59.060001,59.075001,58.709999,58.799999,707.0000
SI,2026.07.13,13:15:00,58.799999,59.084999,58.630001,58.939999,456.0000
SI,2026.07.13,13:30:00,58.930000,58.980000,58.575001,58.695000,637.0000
SI,2026.07.13,13:45:00,58.700001,58.740002,58.410000,58.555000,560.0000
SI,2026.07.13,14:00:00,58.540001,58.615002,58.240002,58.509998,1285.0000
SI,2026.07.13,14:15:00,58.500000,58.575001,57.825001,58.365002,2656.0000
SI,2026.07.13,14:30:00,58.360001,58.360001,58.000000,58.160000,876.0000
SI,2026.07.13,14:45:00,58.154999,58.480000,58.099998,58.480000,482.0000
SI,2026.07.13,15:00:00,58.485001,58.529999,58.310001,58.375000,477.0000
SI,2026.07.13,15:15:00,58.384998,58.485001,58.310001,58.465000,396.0000
SI,2026.07.13,15:30:00,58.465000,58.555000,58.340000,58.349998,264.0000
SI,2026.07.13,15:45:00,58.375000,58.380001,58.275002,58.345001,243.0000
SI,2026.07.13,16:00:00,58.345001,58.424999,58.310001,58.345001,309.0000
SI,2026.07.13,16:15:00,58.340000,58.340000,57.955002,58.040001,460.0000
SI,2026.07.13,16:30:00,58.049999,58.075001,57.759998,57.985001,945.0000
SI,2026.07.13,16:45:00,57.985001,58.044998,57.785000,57.945000,547.0000
SI,2026.07.13,17:00:00,57.959999,58.080002,57.915001,58.049999,635.0000
SI,2026.07.13,17:15:00,58.060001,58.110001,57.895000,57.955002,1808.0000
SI,2026.07.13,17:30:00,57.959999,57.965000,57.849998,57.884998,296.0000
SI,2026.07.13,17:45:00,57.895000,57.945000,57.595001,57.645000,767.0000
SI,2026.07.13,18:00:00,57.650002,57.770000,57.619999,57.764999,377.0000
SI,2026.07.13,18:15:00,57.759998,57.884998,57.615002,57.814999,382.0000
SI,2026.07.13,18:30:00,57.790001,57.930000,57.775002,57.910000,268.0000
SI,2026.07.13,18:45:00,57.904999,58.049999,57.860001,57.930000,279.0000
SI,2026.07.13,19:00:00,57.945000,58.009998,57.805000,57.814999,162.0000
SI,2026.07.13,19:15:00,57.820000,57.904999,57.755001,57.790001,541.0000
SI,2026.07.13,19:30:00,57.794998,57.904999,57.735001,57.904999,213.0000
SI,2026.07.13,19:45:00,57.910000,58.049999,57.865002,58.020000,615.0000
SI,2026.07.13,20:00:00,58.025002,58.105000,57.919998,57.945000,194.0000
SI,2026.07.13,20:15:00,57.924999,57.950001,57.830002,57.950001,151.0000
SI,2026.07.13,20:30:00,57.924999,57.930000,57.875000,57.915001,47.0000
SI,2026.07.13,20:45:00,57.919998,58.029999,57.910000,57.980000,58.0000
SI,2026.07.13,22:00:00,57.950001,58.029999,57.915001,58.000000,82.0000
SI,2026.07.13,22:15:00,58.009998,58.049999,58.005001,58.005001,32.0000
SI,2026.07.13,22:30:00,58.000000,58.020000,57.970001,57.985001,28.0000
SI,2026.07.13,22:45:00,58.005001,58.005001,57.924999,57.924999,33.0000
SI,2026.07.13,23:00:00,57.935001,57.935001,57.820000,57.830002,48.0000
SI,2026.07.13,23:15:00,57.814999,57.910000,57.814999,57.855000,39.0000
SI,2026.07.13,23:30:00,57.799999,57.799999,57.709999,57.759998,91.0000
SI,2026.07.13,23:45:00,57.740002,57.919998,57.735001,57.919998,64.0000
SI,2026.07.14,00:00:00,57.945000,57.974998,57.230000,57.645000,652.0000
SI,2026.07.14,00:15:00,57.669998,57.674999,57.395000,57.619999,140.0000
SI,2026.07.14,00:30:00,57.630001,57.849998,57.584999,57.755001,206.0000
SI,2026.07.14,00:45:00,57.790001,57.910000,57.720001,57.799999,311.0000
SI,2026.07.14,01:00:00,57.825001,57.825001,57.165001,57.205002,1366.0000
SI,2026.07.14,01:15:00,57.230000,57.634998,57.215000,57.474998,267.0000
SI,2026.07.14,01:30:00,57.470001,57.625000,57.235001,57.485001,251.0000
SI,2026.07.14,01:45:00,57.485001,57.775002,57.400002,57.740002,133.0000
SI,2026.07.14,02:00:00,57.730000,57.930000,57.630001,57.924999,212.0000
SI,2026.07.14,02:15:00,57.880001,58.040001,57.880001,58.025002,176.0000
SI,2026.07.14,02:30:00,58.044998,58.090000,57.860001,57.895000,356.0000
SI,2026.07.14,02:45:00,57.910000,57.935001,57.779999,57.900002,85.0000
SI,2026.07.14,03:00:00,57.910000,57.990002,57.669998,57.724998,219.0000
SI,2026.07.14,03:15:00,57.744999,57.919998,57.639999,57.915001,158.0000
SI,2026.07.14,03:30:00,57.919998,57.959999,57.840000,57.889999,54.0000
SI,2026.07.14,03:45:00,57.910000,58.020000,57.910000,57.980000,56.0000
SI,2026.07.14,04:00:00,58.049999,58.064999,57.884998,57.884998,73.0000
SI,2026.07.14,04:15:00,57.875000,57.955002,57.845001,57.849998,88.0000
SI,2026.07.14,04:30:00,57.865002,58.055000,57.845001,58.020000,60.0000
SI,2026.07.14,04:45:00,58.020000,58.215000,57.974998,58.145000,189.0000
SI,2026.07.14,05:00:00,58.145000,58.299999,58.134998,58.270000,213.0000
SI,2026.07.14,05:15:00,58.264999,58.345001,58.169998,58.330002,169.0000
SI,2026.07.14,05:30:00,58.334999,58.674999,58.299999,58.619999,711.0000
SI,2026.07.14,05:45:00,58.630001,58.744999,58.525002,58.580002,462.0000
SI,2026.07.14,06:00:00,58.544998,58.595001,58.450001,58.500000,240.0000
SI,2026.07.14,06:15:00,58.474998,58.480000,58.345001,58.349998,127.0000
SI,2026.07.14,06:30:00,58.349998,58.520000,58.349998,58.500000,416.0000
SI,2026.07.14,06:45:00,58.500000,58.605000,58.459999,58.494999,335.0000
SI,2026.07.14,07:00:00,58.490002,58.570000,58.340000,58.419998,327.0000
SI,2026.07.14,07:15:00,58.435001,58.549999,58.435001,58.480000,111.0000
SI,2026.07.14,07:30:00,58.459999,58.480000,58.259998,58.279999,181.0000
SI,2026.07.14,07:45:00,58.279999,58.424999,58.250000,58.305000,112.0000
SI,2026.07.14,08:00:00,58.305000,58.355000,58.150002,58.189999,165.0000
SI,2026.07.14,08:15:00,58.209999,58.400002,58.205002,58.345001,136.0000
SI,2026.07.14,08:30:00,58.325001,58.470001,58.325001,58.419998,129.0000
SI,2026.07.14,08:45:00,58.410000,58.410000,58.290001,58.290001,48.0000
SI,2026.07.14,09:00:00,58.264999,58.500000,58.264999,58.465000,95.0000
SI,2026.07.14,09:15:00,58.435001,58.435001,58.314999,58.320000,75.0000
SI,2026.07.14,09:30:00,58.334999,58.349998,58.285000,58.325001,54.0000
SI,2026.07.14,09:45:00,58.320000,58.500000,58.320000,58.424999,95.0000
SI,2026.07.14,10:00:00,58.424999,58.430000,58.264999,58.264999,79.0000
SI,2026.07.14,10:15:00,58.294998,58.294998,58.165001,58.244999,137.0000
SI,2026.07.14,10:30:00,58.250000,58.275002,58.169998,58.215000,76.0000
SI,2026.07.14,10:45:00,58.195000,58.279999,58.169998,58.169998,116.0000
SI,2026.07.14,11:00:00,58.165001,58.250000,58.055000,58.209999,275.0000
SI,2026.07.14,11:15:00,58.195000,58.415001,58.185001,58.314999,271.0000
SI,2026.07.14,11:30:00,58.340000,58.375000,58.279999,58.340000,120.0000
SI,2026.07.14,11:45:00,58.365002,58.439999,58.310001,58.389999,101.0000
SI,2026.07.14,12:00:00,58.395000,58.430000,58.195000,58.209999,458.0000
SI,2026.07.14,12:15:00,58.215000,58.345001,58.125000,58.305000,469.0000
SI,2026.07.14,12:30:00,58.320000,60.029999,58.314999,59.494999,4598.0000
SI,2026.07.14,12:45:00,59.500000,59.525002,58.935001,59.345001,1339.0000
SI,2026.07.14,13:00:00,59.355000,59.509998,59.205002,59.310001,1943.0000
SI,2026.07.14,13:15:00,59.325001,59.645000,59.299999,59.549999,994.0000
SI,2026.07.14,13:30:00,59.549999,59.910000,59.415001,59.889999,1191.0000
SI,2026.07.14,13:45:00,59.880001,59.884998,59.404999,59.450001,1071.0000
SI,2026.07.14,14:00:00,59.450001,59.560001,59.279999,59.459999,700.0000
SI,2026.07.14,14:15:00,59.455002,59.625000,59.220001,59.445000,760.0000
SI,2026.07.14,14:30:00,59.410000,59.799999,59.340000,59.555000,1122.0000
SI,2026.07.14,14:45:00,59.549999,59.705002,59.459999,59.654999,349.0000
SI,2026.07.14,15:00:00,59.665001,60.040001,59.450001,59.705002,1453.0000
SI,2026.07.14,15:15:00,59.685001,59.720001,59.490002,59.535000,541.0000
SI,2026.07.14,15:30:00,59.544998,59.570000,59.095001,59.270000,887.0000
SI,2026.07.14,15:45:00,59.270000,59.330002,59.099998,59.160000,555.0000
SI,2026.07.14,16:00:00,59.150002,59.195000,58.974998,59.145000,615.0000
SI,2026.07.14,16:15:00,59.145000,59.250000,59.080002,59.180000,443.0000
SI,2026.07.14,16:30:00,59.150002,59.200001,59.044998,59.119999,375.0000
SI,2026.07.14,16:45:00,59.130001,59.145000,58.994999,59.090000,318.0000
SI,2026.07.14,17:00:00,59.095001,59.115002,58.930000,58.990002,585.0000
SI,2026.07.14,17:15:00,58.985001,59.180000,58.939999,59.154999,1155.0000
SI,2026.07.14,17:30:00,59.154999,59.180000,59.090000,59.105000,223.0000
SI,2026.07.14,17:45:00,59.075001,59.165001,59.044998,59.154999,168.0000
SI,2026.07.14,18:00:00,59.139999,59.185001,59.090000,59.174999,136.0000
SI,2026.07.14,18:15:00,59.180000,59.200001,59.060001,59.090000,135.0000
SI,2026.07.14,18:30:00,59.080002,59.110001,58.810001,58.880001,566.0000
SI,2026.07.14,18:45:00,58.865002,58.985001,58.840000,58.970001,168.0000
SI,2026.07.14,19:00:00,58.970001,59.130001,58.935001,59.115002,183.0000
SI,2026.07.14,19:15:00,59.110001,59.130001,59.044998,59.049999,116.0000
SI,2026.07.14,19:30:00,59.055000,59.110001,58.985001,59.095001,285.0000
SI,2026.07.14,19:45:00,59.110001,59.180000,59.070000,59.154999,109.0000
SI,2026.07.14,20:00:00,59.160000,59.165001,59.105000,59.110001,72.0000
SI,2026.07.14,20:15:00,59.099998,59.110001,59.029999,59.035000,51.0000
SI,2026.07.14,20:30:00,59.049999,59.060001,59.000000,59.020000,41.0000
SI,2026.07.14,20:45:00,59.020000,59.060001,58.974998,59.040001,88.0000
SI,2026.07.14,22:00:00,59.044998,59.099998,59.000000,59.025002,49.0000
SI,2026.07.14,22:15:00,59.029999,59.075001,59.020000,59.035000,22.0000
SI,2026.07.14,22:30:00,59.035000,59.070000,58.994999,59.009998,28.0000
SI,2026.07.14,22:45:00,59.000000,59.005001,58.974998,59.000000,11.0000
SI,2026.07.14,23:00:00,58.994999,59.055000,58.985001,59.000000,13.0000
SI,2026.07.14,23:15:00,59.009998,59.139999,58.959999,59.134998,58.0000
SI,2026.07.14,23:30:00,59.134998,59.185001,59.105000,59.180000,36.0000
SI,2026.07.14,23:45:00,59.134998,59.139999,59.084999,59.110001,58.0000
SI,2026.07.15,00:00:00,59.145000,59.154999,59.090000,59.090000,25.0000
SI,2026.07.15,00:15:00,59.110001,59.264999,59.084999,59.264999,106.0000
SI,2026.07.15,00:30:00,59.264999,59.264999,59.060001,59.110001,81.0000
SI,2026.07.15,00:45:00,59.115002,59.349998,59.115002,59.270000,142.0000
SI,2026.07.15,01:00:00,59.285000,59.349998,59.169998,59.275002,297.0000
SI,2026.07.15,01:15:00,59.349998,59.404999,59.264999,59.264999,99.0000
SI,2026.07.15,01:30:00,59.279999,59.279999,58.785000,58.865002,367.0000
SI,2026.07.15,01:45:00,58.869999,58.959999,58.720001,58.750000,245.0000
SI,2026.07.15,02:00:00,58.744999,58.845001,58.580002,58.720001,414.0000
SI,2026.07.15,02:15:00,58.700001,58.724998,58.599998,58.720001,141.0000
SI,2026.07.15,02:30:00,58.705002,59.029999,58.700001,59.000000,319.0000
SI,2026.07.15,02:45:00,59.020000,59.029999,58.834999,58.869999,110.0000
SI,2026.07.15,03:00:00,58.869999,58.915001,58.744999,58.785000,90.0000
SI,2026.07.15,03:15:00,58.775002,58.775002,58.535000,58.575001,247.0000
SI,2026.07.15,03:30:00,58.584999,58.794998,58.584999,58.680000,100.0000
SI,2026.07.15,03:45:00,58.669998,58.775002,58.669998,58.740002,27.0000
SI,2026.07.15,04:00:00,58.755001,58.810001,58.689999,58.730000,79.0000
SI,2026.07.15,04:15:00,58.730000,58.840000,58.700001,58.799999,102.0000
SI,2026.07.15,04:30:00,58.805000,58.814999,58.665001,58.695000,52.0000
SI,2026.07.15,04:45:00,58.724998,58.830002,58.724998,58.785000,18.0000
SI,2026.07.15,05:00:00,58.814999,58.889999,58.555000,58.619999,86.0000
SI,2026.07.15,05:15:00,58.599998,58.665001,58.575001,58.610001,59.0000
SI,2026.07.15,05:30:00,58.599998,58.830002,58.450001,58.759998,357.0000
SI,2026.07.15,05:45:00,58.724998,58.895000,58.674999,58.880001,144.0000
SI,2026.07.15,06:00:00,58.855000,58.884998,58.605000,58.625000,173.0000
SI,2026.07.15,06:15:00,58.575001,58.605000,58.349998,58.505001,423.0000
SI,2026.07.15,06:30:00,58.500000,58.595001,58.400002,58.584999,198.0000
SI,2026.07.15,06:45:00,58.599998,58.750000,58.535000,58.660000,560.0000
SI,2026.07.15,07:00:00,58.680000,58.865002,58.605000,58.660000,374.0000
SI,2026.07.15,07:15:00,58.660000,58.680000,58.305000,58.439999,404.0000
SI,2026.07.15,07:30:00,58.419998,58.485001,58.320000,58.375000,146.0000
SI,2026.07.15,07:45:00,58.410000,58.540001,58.355000,58.480000,111.0000
SI,2026.07.15,08:00:00,58.480000,58.549999,58.384998,58.389999,208.0000
SI,2026.07.15,08:15:00,58.404999,58.595001,58.404999,58.595001,153.0000
SI,2026.07.15,08:30:00,58.605000,58.680000,58.555000,58.645000,143.0000
SI,2026.07.15,08:45:00,58.639999,58.724998,58.639999,58.685001,92.0000
SI,2026.07.15,09:00:00,58.674999,58.779999,58.669998,58.669998,167.0000
SI,2026.07.15,09:15:00,58.669998,58.735001,58.625000,58.669998,68.0000
SI,2026.07.15,09:30:00,58.680000,58.715000,58.625000,58.654999,42.0000
SI,2026.07.15,09:45:00,58.625000,58.639999,58.555000,58.599998,82.0000
SI,2026.07.15,10:00:00,58.580002,58.615002,58.520000,58.549999,64.0000
SI,2026.07.15,10:15:00,58.535000,58.615002,58.240002,58.375000,280.0000
SI,2026.07.15,10:30:00,58.369999,58.480000,58.334999,58.400002,98.0000
SI,2026.07.15,10:45:00,58.369999,58.369999,58.250000,58.314999,189.0000
SI,2026.07.15,11:00:00,58.310001,58.349998,58.180000,58.230000,391.0000
SI,2026.07.15,11:15:00,58.224998,58.330002,58.150002,58.290001,241.0000
SI,2026.07.15,11:30:00,58.310001,58.540001,58.259998,58.474998,223.0000
SI,2026.07.15,11:45:00,58.500000,58.520000,58.384998,58.490002,137.0000
SI,2026.07.15,12:00:00,58.494999,58.529999,58.360001,58.439999,136.0000
SI,2026.07.15,12:15:00,58.445000,58.560001,58.119999,58.255001,539.0000
SI,2026.07.15,12:30:00,58.250000,58.834999,58.230000,58.674999,1307.0000
SI,2026.07.15,12:45:00,58.669998,59.075001,58.639999,58.980000,931.0000
SI,2026.07.15,13:00:00,58.990002,59.195000,58.810001,58.830002,996.0000
SI,2026.07.15,13:15:00,58.855000,58.889999,58.590000,58.654999,486.0000
SI,2026.07.15,13:30:00,58.669998,58.860001,58.660000,58.705002,649.0000
SI,2026.07.15,13:45:00,58.680000,58.799999,58.480000,58.660000,1062.0000
SI,2026.07.15,14:00:00,58.685001,58.775002,58.625000,58.705002,299.0000
SI,2026.07.15,14:15:00,58.705002,58.755001,58.439999,58.509998,463.0000
SI,2026.07.15,14:30:00,58.529999,58.605000,58.375000,58.389999,375.0000
SI,2026.07.15,14:45:00,58.400002,58.465000,58.285000,58.430000,455.0000
SI,2026.07.15,15:00:00,58.435001,58.520000,57.865002,57.915001,1011.0000
SI,2026.07.15,15:15:00,57.919998,58.070000,57.764999,58.009998,906.0000
SI,2026.07.15,15:30:00,58.020000,58.105000,57.919998,58.095001,465.0000
SI,2026.07.15,15:45:00,58.080002,58.134998,57.955002,57.955002,209.0000
SI,2026.07.15,16:00:00,57.974998,58.005001,57.785000,57.785000,466.0000
SI,2026.07.15,16:15:00,57.825001,57.869999,57.275002,57.310001,1958.0000
SI,2026.07.15,16:30:00,57.305000,57.419998,56.919998,57.005001,2280.0000
SI,2026.07.15,16:45:00,57.009998,57.294998,56.985001,57.200001,1760.0000
SI,2026.07.15,17:00:00,57.200001,57.330002,57.165001,57.264999,688.0000
SI,2026.07.15,17:15:00,57.250000,57.615002,57.180000,57.590000,1245.0000
SI,2026.07.15,17:30:00,57.580002,57.965000,57.580002,57.959999,1079.0000
SI,2026.07.15,17:45:00,57.950001,58.060001,57.895000,57.980000,532.0000
SI,2026.07.15,18:00:00,57.980000,58.424999,57.965000,58.419998,1038.0000
SI,2026.07.15,18:15:00,58.424999,58.584999,58.355000,58.544998,695.0000
SI,2026.07.15,18:30:00,58.555000,58.744999,58.345001,58.345001,669.0000
SI,2026.07.15,18:45:00,58.345001,58.384998,58.165001,58.220001,506.0000
SI,2026.07.15,19:00:00,58.220001,58.380001,58.205002,58.310001,173.0000
SI,2026.07.15,19:15:00,58.334999,58.334999,58.130001,58.150002,253.0000
SI,2026.07.15,19:30:00,58.160000,58.195000,57.935001,58.009998,414.0000
SI,2026.07.15,19:45:00,58.014999,58.084999,57.970001,58.075001,304.0000
SI,2026.07.15,20:00:00,58.080002,58.115002,58.029999,58.055000,115.0000
SI,2026.07.15,20:15:00,58.055000,58.139999,58.055000,58.134998,40.0000
SI,2026.07.15,20:30:00,58.125000,58.160000,58.110001,58.119999,106.0000
SI,2026.07.15,20:45:00,58.130001,58.180000,58.090000,58.099998,139.0000
SI,2026.07.15,22:00:00,58.119999,58.230000,58.115002,58.180000,61.0000
SI,2026.07.15,22:15:00,58.160000,58.185001,58.130001,58.185001,63.0000
SI,2026.07.15,22:30:00,58.169998,58.169998,58.090000,58.110001,34.0000
SI,2026.07.15,22:45:00,58.119999,58.125000,58.064999,58.084999,29.0000
SI,2026.07.15,23:00:00,58.099998,58.174999,58.080002,58.165001,25.0000
SI,2026.07.15,23:15:00,58.169998,58.174999,58.099998,58.160000,63.0000
SI,2026.07.15,23:30:00,58.150002,58.174999,58.064999,58.125000,21.0000
SI,2026.07.15,23:45:00,58.139999,58.165001,58.095001,58.095001,330.0000
SI,2026.07.16,00:00:00,58.095001,58.134998,58.014999,58.080002,118.0000
SI,2026.07.16,00:15:00,58.060001,58.150002,58.014999,58.070000,79.0000
SI,2026.07.16,00:30:00,58.049999,58.115002,57.875000,57.880001,129.0000
SI,2026.07.16,00:45:00,57.884998,58.070000,57.750000,57.779999,201.0000
SI,2026.07.16,01:00:00,57.779999,57.919998,57.580002,57.650002,621.0000
SI,2026.07.16,01:15:00,57.650002,57.709999,57.189999,57.250000,752.0000
SI,2026.07.16,01:30:00,57.250000,57.575001,57.250000,57.500000,307.0000
SI,2026.07.16,01:45:00,57.514999,57.570000,57.270000,57.410000,310.0000
SI,2026.07.16,02:00:00,57.415001,57.455002,57.230000,57.279999,136.0000
SI,2026.07.16,02:15:00,57.279999,57.450001,57.205002,57.445000,144.0000
SI,2026.07.16,02:30:00,57.465000,57.480000,57.160000,57.314999,241.0000
SI,2026.07.16,02:45:00,57.325001,57.459999,57.209999,57.445000,135.0000
SI,2026.07.16,03:00:00,57.435001,57.445000,57.244999,57.275002,246.0000
SI,2026.07.16,03:15:00,57.264999,57.455002,57.230000,57.435001,101.0000
SI,2026.07.16,03:30:00,57.419998,57.490002,57.384998,57.450001,54.0000
SI,2026.07.16,03:45:00,57.439999,57.540001,57.410000,57.520000,65.0000
SI,2026.07.16,04:00:00,57.520000,57.525002,57.419998,57.490002,84.0000
SI,2026.07.16,04:15:00,57.494999,57.494999,57.384998,57.389999,56.0000
SI,2026.07.16,04:30:00,57.419998,57.445000,57.325001,57.340000,45.0000
SI,2026.07.16,04:45:00,57.334999,57.419998,57.334999,57.389999,25.0000
SI,2026.07.16,05:00:00,57.369999,57.404999,57.270000,57.285000,85.0000
SI,2026.07.16,05:15:00,57.432999,57.432999,57.299999,57.305000,65.0000
SI,2026.07.16,05:30:00,57.320000,57.580002,57.220001,57.564999,381.0000
SI,2026.07.16,05:45:00,57.580002,57.590000,57.369999,57.459999,143.0000
SI,2026.07.16,06:00:00,57.490002,57.770000,57.490002,57.650002,445.0000
SI,2026.07.16,06:15:00,57.625000,57.625000,57.419998,57.505001,230.0000
SI,2026.07.16,06:30:00,57.450001,57.485001,57.130001,57.299999,349.0000
SI,2026.07.16,06:45:00,57.299999,57.500000,57.290001,57.470001,203.0000
SI,2026.07.16,07:00:00,57.455002,57.500000,57.294998,57.294998,200.0000
SI,2026.07.16,07:15:00,57.299999,57.305000,57.000000,57.105000,543.0000
SI,2026.07.16,07:30:00,57.115002,57.224998,57.044998,57.139999,431.0000
SI,2026.07.16,07:45:00,57.150002,57.215000,57.029999,57.169998,553.0000
SI,2026.07.16,08:00:00,57.150002,57.290001,56.849998,56.900002,656.0000
SI,2026.07.16,08:15:00,56.860001,57.255001,56.855000,57.134998,278.0000
SI,2026.07.16,08:30:00,57.160000,57.244999,57.105000,57.224998,131.0000
SI,2026.07.16,08:45:00,57.235001,57.345001,57.235001,57.345001,151.0000
SI,2026.07.16,09:00:00,57.360001,57.410000,57.294998,57.345001,205.0000
SI,2026.07.16,09:15:00,57.349998,57.400002,57.299999,57.314999,197.0000
SI,2026.07.16,09:30:00,57.320000,57.320000,57.220001,57.250000,98.0000
SI,2026.07.16,09:45:00,57.240002,57.349998,57.180000,57.230000,132.0000
SI,2026.07.16,10:00:00,57.209999,57.209999,57.020000,57.049999,207.0000
SI,2026.07.16,10:15:00,57.060001,57.105000,56.924999,57.025002,148.0000
SI,2026.07.16,10:30:00,57.029999,57.084999,56.889999,56.915001,157.0000
SI,2026.07.16,10:45:00,56.935001,56.959999,56.794998,56.834999,259.0000
SI,2026.07.16,11:00:00,56.849998,56.915001,56.685001,56.845001,651.0000
SI,2026.07.16,11:15:00,56.834999,56.915001,56.735001,56.799999,207.0000
SI,2026.07.16,11:30:00,56.799999,57.000000,56.779999,56.924999,273.0000
SI,2026.07.16,11:45:00,56.919998,57.095001,56.700001,57.025002,1820.0000
SI,2026.07.16,12:00:00,57.040001,57.110001,56.810001,56.849998,442.0000
SI,2026.07.16,12:15:00,56.834999,56.875000,56.525002,56.715000,1510.0000
SI,2026.07.16,12:30:00,56.750000,57.055000,56.279999,56.375000,1494.0000
SI,2026.07.16,12:45:00,56.375000,56.494999,56.005001,56.105000,1648.0000
SI,2026.07.16,13:00:00,56.095001,56.189999,55.654999,56.134998,3374.0000
SI,2026.07.16,13:15:00,56.145000,56.650002,56.134998,56.619999,1181.0000
SI,2026.07.16,13:30:00,56.625000,56.709999,55.955002,55.970001,1678.0000
SI,2026.07.16,13:45:00,55.959999,56.189999,55.904999,55.985001,913.0000
SI,2026.07.16,14:00:00,55.985001,56.220001,55.919998,56.000000,1106.0000
SI,2026.07.16,14:15:00,55.970001,56.395000,55.919998,56.349998,808.0000
SI,2026.07.16,14:30:00,56.334999,56.535000,56.240002,56.535000,452.0000
SI,2026.07.16,14:45:00,56.549999,56.580002,56.255001,56.389999,635.0000
SI,2026.07.16,15:00:00,56.415001,56.459999,56.244999,56.305000,356.0000
SI,2026.07.16,15:15:00,56.305000,56.814999,56.285000,56.669998,993.0000
SI,2026.07.16,15:30:00,56.674999,56.799999,56.570000,56.685001,533.0000
SI,2026.07.16,15:45:00,56.674999,56.755001,56.555000,56.584999,321.0000
SI,2026.07.16,16:00:00,56.595001,56.595001,56.235001,56.235001,473.0000
SI,2026.07.16,16:15:00,56.235001,56.275002,56.080002,56.259998,722.0000
SI,2026.07.16,16:30:00,56.299999,56.365002,56.200001,56.314999,363.0000
SI,2026.07.16,16:45:00,56.305000,56.455002,56.224998,56.334999,363.0000
SI,2026.07.16,17:00:00,56.349998,56.395000,56.134998,56.154999,582.0000
SI,2026.07.16,17:15:00,56.165001,56.279999,56.044998,56.105000,1482.0000
SI,2026.07.16,17:30:00,56.099998,56.110001,55.875000,55.900002,538.0000
SI,2026.07.16,17:45:00,55.930000,56.080002,55.910000,55.985001,376.0000
SI,2026.07.16,18:00:00,55.980000,56.105000,55.939999,56.049999,191.0000
SI,2026.07.16,18:15:00,56.009998,56.145000,55.985001,55.990002,494.0000
SI,2026.07.16,18:30:00,55.994999,55.994999,55.595001,55.834999,1545.0000
SI,2026.07.16,18:45:00,55.820000,55.915001,55.750000,55.805000,603.0000
SI,2026.07.16,19:00:00,55.825001,55.959999,55.794998,55.810001,233.0000
SI,2026.07.16,19:15:00,55.830002,55.959999,55.799999,55.830002,162.0000
SI,2026.07.16,19:30:00,55.814999,55.845001,55.634998,55.750000,332.0000
SI,2026.07.16,19:45:00,55.740002,55.990002,55.685001,55.985001,510.0000
SI,2026.07.16,20:00:00,55.990002,55.990002,55.790001,55.790001,90.0000
SI,2026.07.16,20:15:00,55.785000,55.840000,55.764999,55.794998,117.0000
SI,2026.07.16,20:30:00,55.764999,55.790001,55.735001,55.759998,76.0000
SI,2026.07.16,20:45:00,55.770000,55.825001,55.660000,55.764999,151.0000
SI,2026.07.16,22:00:00,55.834999,55.974998,55.799999,55.810001,27.0000
SI,2026.07.16,22:15:00,55.794998,55.825001,55.755001,55.790001,56.0000
SI,2026.07.16,22:30:00,55.814999,55.814999,55.724998,55.730000,41.0000
SI,2026.07.16,22:45:00,55.720001,55.805000,55.709999,55.794998,45.0000
SI,2026.07.16,23:00:00,55.755001,55.840000,55.755001,55.790001,36.0000
SI,2026.07.16,23:15:00,55.810001,55.820000,55.750000,55.810001,41.0000
SI,2026.07.16,23:30:00,55.790001,55.810001,55.720001,55.779999,79.0000
SI,2026.07.16,23:45:00,55.724998,55.830002,55.650002,55.830002,69.0000
SI,2026.07.17,00:00:00,55.849998,55.869999,55.705002,55.705002,73.0000
SI,2026.07.17,00:15:00,55.740002,55.915001,55.689999,55.705002,92.0000
SI,2026.07.17,00:30:00,55.685001,55.709999,55.564999,55.625000,78.0000
SI,2026.07.17,00:45:00,55.645000,56.029999,55.634998,56.005001,364.0000
SI,2026.07.17,01:00:00,55.985001,56.025002,55.775002,55.900002,386.0000
SI,2026.07.17,01:15:00,55.910000,55.974998,55.685001,55.794998,126.0000
SI,2026.07.17,01:30:00,55.779999,55.799999,55.615002,55.665001,173.0000
SI,2026.07.17,01:45:00,55.685001,55.685001,55.285000,55.465000,1007.0000
SI,2026.07.17,02:00:00,55.459999,55.535000,55.305000,55.490002,233.0000
SI,2026.07.17,02:15:00,55.455002,55.560001,55.430000,55.459999,125.0000
SI,2026.07.17,02:30:00,55.424999,55.439999,55.049999,55.095001,873.0000
SI,2026.07.17,02:45:00,55.090000,55.200001,55.000000,55.150002,525.0000
SI,2026.07.17,03:00:00,55.169998,55.584999,55.160000,55.474998,479.0000
SI,2026.07.17,03:15:00,55.509998,56.000000,55.505001,55.860001,851.0000
SI,2026.07.17,03:30:00,55.845001,55.865002,55.764999,55.845001,180.0000
SI,2026.07.17,03:45:00,55.860001,55.904999,55.615002,55.630001,116.0000
SI,2026.07.17,04:00:00,55.645000,55.650002,55.549999,55.580002,96.0000
SI,2026.07.17,04:15:00,55.570000,55.654999,55.490002,55.509998,76.0000
SI,2026.07.17,04:30:00,55.529999,55.535000,55.325001,55.419998,141.0000
SI,2026.07.17,04:45:00,55.435001,55.500000,55.430000,55.445000,36.0000
SI,2026.07.17,05:00:00,55.435001,55.439999,55.340000,55.404999,93.0000
SI,2026.07.17,05:15:00,55.400002,55.424999,55.209999,55.224998,131.0000
SI,2026.07.17,05:30:00,55.224998,55.630001,55.160000,55.555000,563.0000
SI,2026.07.17,05:45:00,55.505001,55.794998,55.375000,55.689999,353.0000
SI,2026.07.17,06:00:00,55.720001,56.264999,55.680000,56.174999,923.0000
SI,2026.07.17,06:15:00,56.189999,56.189999,56.035000,56.095001,556.0000
SI,2026.07.17,06:30:00,56.064999,56.130001,55.750000,55.750000,551.0000
SI,2026.07.17,06:45:00,55.770000,55.875000,55.730000,55.755001,371.0000
SI,2026.07.17,07:00:00,55.755001,55.834999,55.625000,55.735001,260.0000
SI,2026.07.17,07:15:00,55.740002,55.805000,55.639999,55.715000,145.0000
SI,2026.07.17,07:30:00,55.695000,55.845001,55.695000,55.845001,104.0000
SI,2026.07.17,07:45:00,55.845001,55.845001,55.669998,55.674999,121.0000
SI,2026.07.17,08:00:00,55.680000,55.895000,55.599998,55.660000,186.0000
SI,2026.07.17,08:15:00,55.660000,55.695000,55.485001,55.610001,354.0000
SI,2026.07.17,08:30:00,55.590000,55.674999,55.435001,55.674999,223.0000
SI,2026.07.17,08:45:00,55.685001,55.820000,55.650002,55.705002,338.0000
SI,2026.07.17,09:00:00,55.700001,55.875000,55.689999,55.875000,205.0000
SI,2026.07.17,09:15:00,55.855000,55.970001,55.810001,55.880001,162.0000
SI,2026.07.17,09:30:00,55.869999,55.869999,55.709999,55.755001,215.0000
SI,2026.07.17,09:45:00,55.779999,55.825001,55.759998,55.779999,34.0000
SI,2026.07.17,10:00:00,55.810001,55.810001,55.674999,55.764999,69.0000
SI,2026.07.17,10:15:00,55.750000,55.750000,55.625000,55.715000,87.0000
SI,2026.07.17,10:30:00,55.700001,55.735001,55.645000,55.685001,163.0000
SI,2026.07.17,10:45:00,55.680000,55.740002,55.500000,55.505001,233.0000
SI,2026.07.17,11:00:00,55.505001,55.599998,55.480000,55.544998,337.0000
SI,2026.07.17,11:15:00,55.540001,55.695000,55.490002,55.665001,173.0000
SI,2026.07.17,11:30:00,55.689999,55.689999,55.575001,55.575001,107.0000
SI,2026.07.17,11:45:00,55.584999,55.799999,55.584999,55.639999,95.0000
SI,2026.07.17,12:00:00,55.665001,55.695000,55.424999,55.570000,432.0000
SI,2026.07.17,12:15:00,55.584999,55.584999,55.404999,55.560001,282.0000
SI,2026.07.17,12:30:00,55.564999,55.610001,55.230000,55.360001,629.0000
SI,2026.07.17,12:45:00,55.360001,55.544998,55.209999,55.294998,403.0000
SI,2026.07.17,13:00:00,55.305000,55.535000,55.195000,55.310001,910.0000
SI,2026.07.17,13:15:00,55.294998,55.384998,55.145000,55.174999,806.0000
SI,2026.07.17,13:30:00,55.189999,55.615002,55.099998,55.369999,1303.0000
SI,2026.07.17,13:45:00,55.380001,56.070000,55.279999,56.040001,1557.0000
SI,2026.07.17,14:00:00,56.049999,56.130001,55.889999,55.915001,1038.0000
SI,2026.07.17,14:15:00,55.919998,56.250000,55.910000,56.075001,930.0000
SI,2026.07.17,14:30:00,56.090000,56.090000,55.814999,55.884998,542.0000
SI,2026.07.17,14:45:00,55.860001,55.959999,55.779999,55.950001,364.0000
SI,2026.07.17,15:00:00,55.955002,56.279999,55.884998,56.090000,912.0000
SI,2026.07.17,15:15:00,56.075001,56.209999,55.994999,56.209999,289.0000
SI,2026.07.17,15:30:00,56.215000,56.389999,56.105000,56.299999,994.0000
SI,2026.07.17,15:45:00,56.294998,56.474998,56.255001,56.349998,890.0000
SI,2026.07.17,16:00:00,56.360001,56.360001,56.145000,56.264999,783.0000
SI,2026.07.17,16:15:00,56.285000,56.360001,56.240002,56.310001,271.0000
SI,2026.07.17,16:30:00,56.305000,56.330002,56.169998,56.279999,324.0000
SI,2026.07.17,16:45:00,56.279999,56.349998,56.240002,56.255001,250.0000
SI,2026.07.17,17:00:00,56.270000,56.450001,56.270000,56.334999,318.0000
SI,2026.07.17,17:15:00,56.355000,56.389999,56.294998,56.320000,408.0000
SI,2026.07.17,17:30:00,56.310001,56.330002,56.139999,56.145000,289.0000
SI,2026.07.17,17:45:00,56.139999,56.264999,56.134998,56.185001,129.0000
SI,2026.07.17,18:00:00,56.189999,56.310001,56.134998,56.299999,337.0000
SI,2026.07.17,18:15:00,56.310001,56.450001,56.244999,56.430000,357.0000
SI,2026.07.17,18:30:00,56.430000,56.459999,56.185001,56.195000,289.0000
SI,2026.07.17,18:45:00,56.209999,56.404999,56.195000,56.384998,111.0000
SI,2026.07.17,19:00:00,56.369999,56.369999,56.185001,56.215000,152.0000
SI,2026.07.17,19:15:00,56.205002,56.220001,56.110001,56.150002,403.0000
SI,2026.07.17,19:30:00,56.160000,56.384998,56.160000,56.384998,216.0000
SI,2026.07.17,19:45:00,56.384998,56.459999,56.369999,56.415001,206.0000
SI,2026.07.17,20:00:00,56.404999,56.404999,56.325001,56.340000,150.0000
SI,2026.07.17,20:15:00,56.325001,56.349998,56.174999,56.220001,174.0000
SI,2026.07.17,20:30:00,56.209999,56.215000,56.125000,56.150002,175.0000
SI,2026.07.17,20:45:00,56.160000,56.326000,56.134998,56.326000,298.0000
SI,2026.07.19,22:00:00,55.924999,55.930000,55.884998,55.919998,20.0000
SI,2026.07.19,22:15:00,55.889999,55.939999,55.775002,55.805000,80.0000
SI,2026.07.19,22:30:00,55.759998,56.145000,55.759998,56.084999,274.0000
SI,2026.07.19,22:45:00,56.080002,56.099998,55.965000,55.965000,42.0000
SI,2026.07.19,23:00:00,55.950001,56.075001,55.915001,55.974998,65.0000
SI,2026.07.19,23:15:00,55.990002,56.020000,55.930000,55.985001,25.0000
SI,2026.07.19,23:30:00,55.970001,56.049999,55.924999,56.000000,60.0000
SI,2026.07.19,23:45:00,56.020000,56.150002,55.945000,56.150002,68.0000
SI,2026.07.20,00:00:00,56.169998,56.395000,55.869999,56.369999,593.0000
SI,2026.07.20,00:15:00,56.340000,56.855000,56.340000,56.744999,510.0000
SI,2026.07.20,00:30:00,56.720001,56.720001,56.564999,56.575001,105.0000
SI,2026.07.20,00:45:00,56.590000,56.939999,56.590000,56.840000,304.0000
SI,2026.07.20,01:00:00,56.865002,57.125000,56.650002,56.740002,896.0000
SI,2026.07.20,01:15:00,56.764999,56.764999,56.619999,56.695000,667.0000
SI,2026.07.20,01:30:00,56.724998,56.799999,56.610001,56.619999,286.0000
SI,2026.07.20,01:45:00,56.630001,56.950001,56.630001,56.904999,143.0000
SI,2026.07.20,02:00:00,56.919998,57.185001,56.865002,57.029999,309.0000
SI,2026.07.20,02:15:00,57.049999,57.049999,56.915001,56.985001,60.0000
SI,2026.07.20,02:30:00,56.955002,57.285000,56.869999,57.240002,255.0000
SI,2026.07.20,02:45:00,57.255001,57.599998,57.255001,57.465000,802.0000
SI,2026.07.20,03:00:00,57.465000,57.520000,57.340000,57.470001,131.0000
SI,2026.07.20,03:15:00,57.480000,57.634998,57.395000,57.439999,153.0000
SI,2026.07.20,03:30:00,57.404999,57.480000,57.345001,57.480000,89.0000
SI,2026.07.20,03:45:00,57.485001,57.485001,57.270000,57.294998,189.0000
SI,2026.07.20,04:00:00,57.305000,57.330002,57.169998,57.169998,152.0000
SI,2026.07.20,04:15:00,57.189999,57.240002,57.139999,57.230000,71.0000
SI,2026.07.20,04:30:00,57.224998,57.325001,57.195000,57.314999,148.0000
SI,2026.07.20,04:45:00,57.279999,57.279999,57.134998,57.154999,88.0000
SI,2026.07.20,05:00:00,57.174999,57.209999,56.970001,57.060001,157.0000
SI,2026.07.20,05:15:00,57.049999,57.090000,56.880001,56.915001,123.0000
SI,2026.07.20,05:30:00,56.889999,57.095001,56.799999,56.825001,397.0000
SI,2026.07.20,05:45:00,56.799999,56.880001,56.724998,56.759998,258.0000
SI,2026.07.20,06:00:00,56.775002,56.945000,56.770000,56.799999,233.0000
SI,2026.07.20,06:15:00,56.799999,56.959999,56.799999,56.865002,208.0000
SI,2026.07.20,06:30:00,56.860001,56.889999,56.750000,56.750000,221.0000
SI,2026.07.20,06:45:00,56.764999,56.855000,56.650002,56.689999,152.0000
SI,2026.07.20,07:00:00,56.700001,56.820000,56.634998,56.705002,150.0000
SI,2026.07.20,07:15:00,56.715000,56.910000,56.650002,56.910000,216.0000
SI,2026.07.20,07:30:00,56.965000,57.264999,56.939999,57.230000,395.0000
SI,2026.07.20,07:45:00,57.224998,57.285000,57.134998,57.259998,248.0000
SI,2026.07.20,08:00:00,57.290001,57.439999,57.224998,57.360001,199.0000
SI,2026.07.20,08:15:00,57.360001,57.480000,57.310001,57.320000,150.0000
SI,2026.07.20,08:30:00,57.320000,57.320000,57.209999,57.244999,73.0000
SI,2026.07.20,08:45:00,57.205002,57.240002,57.064999,57.090000,228.0000
SI,2026.07.20,09:00:00,57.084999,57.139999,57.005001,57.064999,160.0000
SI,2026.07.20,09:15:00,57.064999,57.139999,56.974998,56.980000,120.0000
SI,2026.07.20,09:30:00,56.985001,57.180000,56.970001,57.134998,123.0000
SI,2026.07.20,09:45:00,57.134998,57.355000,57.105000,57.230000,361.0000
SI,2026.07.20,10:00:00,57.250000,57.255001,57.115002,57.150002,237.0000
SI,2026.07.20,10:15:00,57.115002,57.200001,57.099998,57.185001,54.0000
SI,2026.07.20,10:30:00,57.165001,57.220001,57.110001,57.150002,53.0000
SI,2026.07.20,10:45:00,57.165001,57.185001,57.075001,57.090000,156.0000
SI,2026.07.20,11:00:00,57.099998,57.275002,57.070000,57.189999,336.0000
SI,2026.07.20,11:15:00,57.189999,57.230000,57.125000,57.200001,85.0000
SI,2026.07.20,11:30:00,57.200001,57.755001,57.200001,57.500000,1457.0000
SI,2026.07.20,11:45:00,57.459999,57.485001,57.285000,57.349998,267.0000
SI,2026.07.20,12:00:00,57.349998,57.349998,56.939999,56.974998,661.0000
SI,2026.07.20,12:15:00,56.980000,57.115002,56.889999,57.115002,424.0000
SI,2026.07.20,12:30:00,57.119999,57.220001,57.000000,57.060001,1060.0000
SI,2026.07.20,12:45:00,57.060001,57.145000,57.005001,57.014999,308.0000
SI,2026.07.20,13:00:00,57.025002,57.195000,56.950001,57.110001,584.0000
SI,2026.07.20,13:15:00,57.095001,57.224998,56.924999,56.924999,408.0000
SI,2026.07.20,13:30:00,56.945000,57.340000,56.935001,57.230000,1076.0000
SI,2026.07.20,13:45:00,57.205002,57.314999,57.020000,57.029999,552.0000
SI,2026.07.20,14:00:00,57.029999,57.075001,56.790001,56.799999,634.0000
SI,2026.07.20,14:15:00,56.799999,57.044998,56.650002,57.029999,618.0000
SI,2026.07.20,14:30:00,57.049999,57.255001,57.005001,57.105000,514.0000
SI,2026.07.20,14:45:00,57.090000,57.294998,56.974998,57.009998,481.0000
SI,2026.07.20,15:00:00,57.029999,57.450001,56.950001,57.275002,867.0000
SI,2026.07.20,15:15:00,57.290001,57.330002,57.154999,57.305000,265.0000
SI,2026.07.20,15:30:00,57.330002,57.355000,57.180000,57.264999,280.0000
SI,2026.07.20,15:45:00,57.259998,57.360001,57.185001,57.205002,362.0000
SI,2026.07.20,16:00:00,57.200001,57.445000,57.200001,57.340000,254.0000
SI,2026.07.20,16:15:00,57.340000,57.375000,57.230000,57.270000,305.0000
SI,2026.07.20,16:30:00,57.250000,57.250000,56.840000,57.049999,1190.0000
SI,2026.07.20,16:45:00,57.060001,57.119999,56.985001,57.075001,363.0000
SI,2026.07.20,17:00:00,57.084999,57.235001,57.084999,57.150002,262.0000
SI,2026.07.20,17:15:00,57.134998,57.174999,57.029999,57.130001,726.0000
SI,2026.07.20,17:30:00,57.119999,57.125000,56.990002,57.035000,187.0000
SI,2026.07.20,17:45:00,57.020000,57.044998,56.900002,57.014999,256.0000
SI,2026.07.20,18:00:00,57.025002,57.095001,57.014999,57.064999,149.0000
SI,2026.07.20,18:15:00,57.070000,57.119999,56.875000,56.955002,436.0000
SI,2026.07.20,18:30:00,56.935001,56.935001,56.785000,56.790001,155.0000
SI,2026.07.20,18:45:00,56.779999,56.860001,56.750000,56.840000,102.0000
SI,2026.07.20,19:00:00,56.840000,56.849998,56.680000,56.680000,167.0000
SI,2026.07.20,19:15:00,56.685001,56.970001,56.665001,56.959999,367.0000
SI,2026.07.20,19:30:00,56.965000,57.049999,56.705002,56.705002,266.0000
SI,2026.07.20,19:45:00,56.720001,56.755001,56.630001,56.665001,211.0000
SI,2026.07.20,20:00:00,56.680000,56.744999,56.615002,56.634998,1064.0000
SI,2026.07.20,20:15:00,56.625000,56.669998,56.625000,56.669998,49.0000
SI,2026.07.20,20:30:00,56.654999,56.724998,56.654999,56.685001,77.0000
SI,2026.07.20,20:45:00,56.685001,56.705002,56.639999,56.665001,45.0000
SI,2026.07.20,22:00:00,56.705002,56.750000,56.590000,56.615002,94.0000
SI,2026.07.20,22:15:00,56.595001,56.610001,56.540001,56.599998,77.0000
SI,2026.07.20,22:30:00,56.605000,56.610001,56.465000,56.500000,83.0000
SI,2026.07.20,22:45:00,56.514999,56.544998,56.380001,56.439999,349.0000
SI,2026.07.20,23:00:00,56.450001,56.610001,56.384998,56.520000,150.0000
SI,2026.07.20,23:15:00,56.540001,56.599998,56.535000,56.570000,51.0000
SI,2026.07.20,23:30:00,56.564999,56.615002,56.535000,56.590000,34.0000
SI,2026.07.20,23:45:00,56.570000,56.650002,56.520000,56.650002,84.0000
SI,2026.07.21,00:00:00,56.619999,56.709999,56.474998,56.680000,121.0000
SI,2026.07.21,00:15:00,56.680000,56.860001,56.580002,56.790001,125.0000
SI,2026.07.21,00:30:00,56.785000,57.035000,56.775002,56.965000,178.0000
SI,2026.07.21,00:45:00,57.000000,57.224998,56.950001,57.165001,220.0000
SI,2026.07.21,01:00:00,57.205002,57.465000,57.090000,57.415001,621.0000
SI,2026.07.21,01:15:00,57.384998,57.494999,57.195000,57.220001,318.0000
SI,2026.07.21,01:30:00,57.240002,57.349998,57.139999,57.160000,248.0000
SI,2026.07.21,01:45:00,57.160000,57.400002,57.134998,57.200001,167.0000
SI,2026.07.21,02:00:00,57.215000,57.255001,57.095001,57.154999,93.0000
SI,2026.07.21,02:15:00,57.150002,57.360001,57.090000,57.330002,86.0000
SI,2026.07.21,02:30:00,57.340000,58.145000,57.270000,57.959999,1367.0000
SI,2026.07.21,02:45:00,57.955002,57.970001,57.674999,57.865002,326.0000
SI,2026.07.21,03:00:00,57.884998,58.055000,57.849998,57.904999,324.0000
SI,2026.07.21,03:15:00,57.924999,58.145000,57.889999,58.029999,250.0000
SI,2026.07.21,03:30:00,58.060001,58.090000,57.950001,57.965000,134.0000
SI,2026.07.21,03:45:00,57.980000,58.139999,57.955002,58.105000,149.0000
SI,2026.07.21,04:00:00,58.125000,58.200001,58.084999,58.145000,210.0000
SI,2026.07.21,04:15:00,58.125000,58.125000,58.020000,58.020000,124.0000
SI,2026.07.21,04:30:00,58.040001,58.160000,58.035000,58.130001,120.0000
SI,2026.07.21,04:45:00,58.115002,58.200001,58.099998,58.169998,106.0000
SI,2026.07.21,05:00:00,58.174999,58.224998,58.119999,58.215000,154.0000
SI,2026.07.21,05:15:00,58.224998,58.314999,58.115002,58.290001,199.0000
SI,2026.07.21,05:30:00,58.299999,58.500000,58.255001,58.455002,779.0000
SI,2026.07.21,05:45:00,58.450001,58.465000,58.334999,58.375000,605.0000
SI,2026.07.21,06:00:00,58.369999,58.849998,58.369999,58.755001,1240.0000
SI,2026.07.21,06:15:00,58.770000,58.955002,58.724998,58.860001,763.0000
SI,2026.07.21,06:30:00,58.860001,59.130001,58.825001,59.040001,984.0000
SI,2026.07.21,06:45:00,59.064999,59.250000,59.044998,59.169998,691.0000
SI,2026.07.21,07:00:00,59.160000,59.235001,59.090000,59.160000,417.0000
SI,2026.07.21,07:15:00,59.154999,59.205002,59.105000,59.195000,297.0000
SI,2026.07.21,07:30:00,59.195000,59.384998,59.150002,59.330002,402.0000
SI,2026.07.21,07:45:00,59.325001,59.430000,59.250000,59.430000,217.0000
SI,2026.07.21,08:00:00,59.419998,59.485001,59.275002,59.330002,443.0000
SI,2026.07.21,08:15:00,59.340000,59.360001,59.224998,59.250000,195.0000
SI,2026.07.21,08:30:00,59.259998,59.330002,59.189999,59.299999,392.0000
SI,2026.07.21,08:45:00,59.320000,59.360001,59.200001,59.264999,338.0000
SI,2026.07.21,09:00:00,59.275002,59.500000,59.275002,59.384998,321.0000
SI,2026.07.21,09:15:00,59.400002,59.549999,59.400002,59.439999,384.0000
SI,2026.07.21,09:30:00,59.450001,59.490002,59.369999,59.389999,170.0000
SI,2026.07.21,09:45:00,59.389999,59.500000,59.355000,59.355000,227.0000
SI,2026.07.21,10:00:00,59.360001,59.450001,59.250000,59.375000,546.0000
SI,2026.07.21,10:15:00,59.360001,59.470001,59.325001,59.345001,183.0000
SI,2026.07.21,10:30:00,59.365002,59.459999,59.340000,59.355000,102.0000
SI,2026.07.21,10:45:00,59.355000,59.360001,59.180000,59.205002,326.0000
SI,2026.07.21,11:00:00,59.200001,59.240002,59.000000,59.205002,844.0000
SI,2026.07.21,11:15:00,59.224998,59.259998,59.110001,59.125000,192.0000
SI,2026.07.21,11:30:00,59.125000,59.205002,59.029999,59.055000,287.0000
SI,2026.07.21,11:45:00,59.075001,59.185001,59.055000,59.150002,162.0000
SI,2026.07.21,12:00:00,59.160000,59.310001,59.160000,59.240002,304.0000
SI,2026.07.21,12:15:00,59.230000,59.480000,59.125000,59.415001,679.0000
SI,2026.07.21,12:30:00,59.424999,59.459999,59.169998,59.244999,667.0000
SI,2026.07.21,12:45:00,59.270000,59.529999,59.205002,59.209999,566.0000
SI,2026.07.21,13:00:00,59.209999,59.369999,59.099998,59.174999,867.0000
SI,2026.07.21,13:15:00,59.174999,59.220001,58.750000,58.759998,929.0000
SI,2026.07.21,13:30:00,58.779999,58.924999,58.560001,58.625000,1501.0000
SI,2026.07.21,13:45:00,58.630001,58.834999,58.555000,58.724998,951.0000
SI,2026.07.21,14:00:00,58.730000,59.189999,58.730000,59.174999,1193.0000
SI,2026.07.21,14:15:00,59.154999,59.345001,59.064999,59.299999,952.0000
SI,2026.07.21,14:30:00,59.310001,59.419998,59.095001,59.279999,652.0000
SI,2026.07.21,14:45:00,59.279999,59.445000,59.180000,59.250000,635.0000
SI,2026.07.21,15:00:00,59.240002,59.419998,59.134998,59.369999,359.0000
SI,2026.07.21,15:15:00,59.395000,59.520000,59.360001,59.415001,969.0000
SI,2026.07.21,15:30:00,59.419998,59.474998,59.200001,59.230000,612.0000
SI,2026.07.21,15:45:00,59.235001,59.320000,59.185001,59.259998,513.0000
SI,2026.07.21,16:00:00,59.244999,59.410000,59.224998,59.384998,490.0000
SI,2026.07.21,16:15:00,59.384998,59.395000,59.294998,59.340000,241.0000
SI,2026.07.21,16:30:00,59.340000,59.349998,59.189999,59.205002,254.0000
SI,2026.07.21,16:45:00,59.205002,59.215000,59.095001,59.145000,376.0000
SI,2026.07.21,17:00:00,59.130001,59.174999,59.064999,59.119999,465.0000
SI,2026.07.21,17:15:00,59.105000,59.180000,58.985001,59.180000,1075.0000
SI,2026.07.21,17:30:00,59.165001,59.200001,59.009998,59.020000,306.0000
SI,2026.07.21,17:45:00,59.025002,59.055000,58.994999,59.044998,148.0000
SI,2026.07.21,18:00:00,59.044998,59.125000,59.025002,59.084999,188.0000
SI,2026.07.21,18:15:00,59.080002,59.330002,59.064999,59.240002,449.0000
SI,2026.07.21,18:30:00,59.235001,59.299999,59.200001,59.240002,116.0000
SI,2026.07.21,18:45:00,59.240002,59.244999,59.139999,59.154999,85.0000
SI,2026.07.21,19:00:00,59.185001,59.230000,59.055000,59.070000,192.0000
SI,2026.07.21,19:15:00,59.070000,59.145000,59.064999,59.090000,81.0000
SI,2026.07.21,19:30:00,59.105000,59.110001,59.014999,59.044998,127.0000
SI,2026.07.21,19:45:00,59.055000,59.080002,59.005001,59.025002,247.0000
SI,2026.07.21,20:00:00,59.044998,59.090000,59.025002,59.025002,88.0000
SI,2026.07.21,20:15:00,59.000000,59.020000,58.965000,59.005001,113.0000
SI,2026.07.21,20:30:00,59.014999,59.189999,59.014999,59.119999,419.0000
SI,2026.07.21,20:45:00,59.125000,59.160000,59.060001,59.070000,131.0000
SI,2026.07.21,22:00:00,59.090000,59.230000,59.080002,59.115002,34.0000
SI,2026.07.21,22:15:00,59.105000,59.230000,59.105000,59.185001,69.0000
SI,2026.07.21,22:30:00,59.189999,59.205002,59.160000,59.165001,36.0000
SI,2026.07.21,22:45:00,59.154999,59.154999,59.055000,59.060001,26.0000
SI,2026.07.21,23:00:00,59.060001,59.090000,59.025002,59.080002,41.0000
SI,2026.07.21,23:15:00,59.090000,59.150002,59.080002,59.134998,11.0000
SI,2026.07.21,23:30:00,59.145000,59.145000,59.099998,59.105000,42.0000
SI,2026.07.21,23:45:00,59.115002,59.174999,59.115002,59.160000,21.0000
SI,2026.07.22,00:00:00,59.165001,59.375000,59.084999,59.314999,215.0000
SI,2026.07.22,00:15:00,59.310001,59.410000,59.270000,59.320000,398.0000
SI,2026.07.22,00:30:00,59.380001,59.384998,59.244999,59.255001,131.0000
SI,2026.07.22,00:45:00,59.290001,59.514999,59.220001,59.490002,405.0000
SI,2026.07.22,01:00:00,59.505001,60.235001,59.470001,60.224998,1645.0000
SI,2026.07.22,01:15:00,60.230000,60.264999,59.980000,60.070000,333.0000
SI,2026.07.22,01:30:00,60.049999,60.259998,60.020000,60.174999,270.0000
SI,2026.07.22,01:45:00,60.189999,60.259998,60.055000,60.230000,229.0000
SI,2026.07.22,02:00:00,60.259998,60.299999,60.060001,60.110001,194.0000
SI,2026.07.22,02:15:00,60.064999,60.209999,60.029999,60.165001,86.0000
SI,2026.07.22,02:30:00,60.174999,60.279999,59.974998,60.009998,315.0000
SI,2026.07.22,02:45:00,60.055000,60.095001,59.825001,59.900002,232.0000
SI,2026.07.22,03:00:00,59.919998,60.240002,59.889999,60.185001,507.0000
SI,2026.07.22,03:15:00,60.180000,60.275002,60.174999,60.240002,151.0000
SI,2026.07.22,03:30:00,60.224998,60.230000,60.040001,60.090000,161.0000
SI,2026.07.22,03:45:00,60.075001,60.110001,60.020000,60.070000,66.0000
SI,2026.07.22,04:00:00,60.090000,60.105000,60.000000,60.005001,56.0000
SI,2026.07.22,04:15:00,60.014999,60.044998,59.974998,60.014999,78.0000
SI,2026.07.22,04:30:00,60.000000,60.000000,59.880001,59.939999,103.0000
SI,2026.07.22,04:45:00,59.959999,59.980000,59.860001,59.945000,77.0000
SI,2026.07.22,05:00:00,59.955002,60.029999,59.945000,59.990002,68.0000
SI,2026.07.22,05:15:00,59.959999,59.959999,59.790001,59.805000,120.0000
SI,2026.07.22,05:30:00,59.770000,60.055000,59.724998,59.974998,415.0000
SI,2026.07.22,05:45:00,59.910000,60.020000,59.834999,59.959999,203.0000
SI,2026.07.22,06:00:00,59.980000,60.090000,59.935001,59.955002,296.0000
SI,2026.07.22,06:15:00,59.930000,59.985001,59.540001,59.605000,547.0000
SI,2026.07.22,06:30:00,59.625000,59.724998,59.564999,59.645000,327.0000
SI,2026.07.22,06:45:00,59.650002,59.669998,59.500000,59.595001,403.0000
SI,2026.07.22,07:00:00,59.580002,59.680000,59.465000,59.630001,262.0000
SI,2026.07.22,07:15:00,59.650002,59.759998,59.645000,59.720001,265.0000
SI,2026.07.22,07:30:00,59.750000,59.805000,59.415001,59.509998,273.0000
SI,2026.07.22,07:45:00,59.520000,59.520000,59.384998,59.415001,324.0000
SI,2026.07.22,08:00:00,59.470001,59.615002,59.459999,59.615002,168.0000
SI,2026.07.22,08:15:00,59.615002,59.724998,59.599998,59.720001,100.0000
SI,2026.07.22,08:30:00,59.750000,59.834999,59.709999,59.759998,225.0000
SI,2026.07.22,08:45:00,59.779999,59.820000,59.689999,59.814999,123.0000
SI,2026.07.22,09:00:00,59.794998,59.939999,59.790001,59.919998,260.0000
SI,2026.07.22,09:15:00,59.924999,59.950001,59.799999,59.799999,141.0000
SI,2026.07.22,09:30:00,59.810001,59.820000,59.650002,59.779999,276.0000
SI,2026.07.22,09:45:00,59.775002,59.814999,59.660000,59.685001,156.0000
SI,2026.07.22,10:00:00,59.680000,59.810001,59.639999,59.639999,91.0000
SI,2026.07.22,10:15:00,59.654999,59.825001,59.625000,59.740002,73.0000
SI,2026.07.22,10:30:00,59.755001,59.770000,59.625000,59.634998,59.0000
SI,2026.07.22,10:45:00,59.650002,59.775002,59.615002,59.639999,119.0000
SI,2026.07.22,11:00:00,59.654999,59.700001,59.595001,59.654999,248.0000
SI,2026.07.22,11:15:00,59.630001,59.744999,59.619999,59.654999,49.0000
SI,2026.07.22,11:30:00,59.654999,59.680000,59.410000,59.560001,316.0000
SI,2026.07.22,11:45:00,59.540001,59.700001,59.540001,59.665001,155.0000
SI,2026.07.22,12:00:00,59.654999,59.755001,59.599998,59.755001,252.0000
SI,2026.07.22,12:15:00,59.759998,59.875000,59.625000,59.759998,501.0000
SI,2026.07.22,12:30:00,59.764999,59.830002,59.590000,59.639999,508.0000
SI,2026.07.22,12:45:00,59.639999,59.654999,59.195000,59.345001,704.0000
SI,2026.07.22,13:00:00,59.355000,59.700001,59.305000,59.689999,603.0000
SI,2026.07.22,13:15:00,59.705002,59.880001,59.660000,59.794998,415.0000
SI,2026.07.22,13:30:00,59.820000,60.400002,59.820000,60.314999,1502.0000
SI,2026.07.22,13:45:00,60.325001,60.895000,60.325001,60.820000,1634.0000
SI,2026.07.22,14:00:00,60.845001,61.270000,60.805000,61.020000,2151.0000
SI,2026.07.22,14:15:00,61.000000,61.005001,60.459999,60.509998,1527.0000
SI,2026.07.22,14:30:00,60.509998,60.724998,60.480000,60.605000,925.0000
SI,2026.07.22,14:45:00,60.625000,60.685001,60.430000,60.570000,416.0000
SI,2026.07.22,15:00:00,60.549999,60.695000,60.549999,60.669998,524.0000
SI,2026.07.22,15:15:00,60.654999,60.759998,60.540001,60.645000,474.0000
SI,2026.07.22,15:30:00,60.645000,60.645000,60.485001,60.605000,439.0000
SI,2026.07.22,15:45:00,60.610001,60.740002,60.525002,60.595001,579.0000
SI,2026.07.22,16:00:00,60.575001,60.615002,60.400002,60.435001,488.0000
SI,2026.07.22,16:15:00,60.450001,60.544998,60.375000,60.450001,1139.0000
SI,2026.07.22,16:30:00,60.459999,60.525002,60.310001,60.395000,596.0000
SI,2026.07.22,16:45:00,60.389999,60.430000,60.224998,60.380001,597.0000
SI,2026.07.22,17:00:00,60.384998,60.395000,60.205002,60.215000,478.0000
SI,2026.07.22,17:15:00,60.224998,60.334999,60.150002,60.244999,972.0000
SI,2026.07.22,17:30:00,60.235001,60.375000,60.090000,60.209999,599.0000
SI,2026.07.22,17:45:00,60.205002,60.369999,60.180000,60.290001,292.0000
SI,2026.07.22,18:00:00,60.299999,60.310001,60.160000,60.235001,279.0000
SI,2026.07.22,18:15:00,60.230000,60.264999,60.154999,60.200001,286.0000
SI,2026.07.22,18:30:00,60.200001,60.209999,60.115002,60.180000,304.0000
SI,2026.07.22,18:45:00,60.169998,60.279999,60.160000,60.235001,116.0000
SI,2026.07.22,19:00:00,60.205002,60.235001,60.134998,60.180000,161.0000
SI,2026.07.22,19:15:00,60.165001,60.209999,60.080002,60.209999,187.0000
SI,2026.07.22,19:30:00,60.195000,60.270000,60.035000,60.064999,319.0000
SI,2026.07.22,19:45:00,60.060001,60.070000,59.865002,59.959999,775.0000
SI,2026.07.22,20:00:00,59.970001,60.075001,59.910000,60.025002,182.0000
SI,2026.07.22,20:15:00,60.014999,60.235001,60.009998,60.195000,158.0000
SI,2026.07.22,20:30:00,60.180000,60.180000,60.029999,60.040001,77.0000
SI,2026.07.22,20:45:00,60.044998,60.060001,59.919998,60.035000,163.0000
SI,2026.07.22,22:00:00,60.009998,60.090000,59.049999,59.855000,117.0000
SI,2026.07.22,22:15:00,59.880001,59.935001,59.805000,59.910000,48.0000
SI,2026.07.22,22:30:00,59.939999,59.959999,59.634998,59.669998,113.0000
SI,2026.07.22,22:45:00,59.630001,59.720001,59.625000,59.680000,50.0000
SI,2026.07.22,23:00:00,59.669998,59.810001,59.630001,59.810001,63.0000
SI,2026.07.22,23:15:00,59.790001,59.794998,59.705002,59.744999,51.0000
SI,2026.07.22,23:30:00,59.744999,59.910000,59.744999,59.869999,87.0000
SI,2026.07.22,23:45:00,59.865002,60.040001,59.865002,60.029999,103.0000
SI,2026.07.23,00:00:00,60.040001,60.040001,59.930000,59.959999,99.0000
SI,2026.07.23,00:15:00,59.990002,60.160000,59.955002,60.049999,152.0000
SI,2026.07.23,00:30:00,60.025002,60.105000,59.994999,60.009998,46.0000
SI,2026.07.23,00:45:00,60.014999,60.205002,59.974998,60.165001,166.0000
SI,2026.07.23,01:00:00,60.165001,60.360001,59.930000,60.154999,381.0000
SI,2026.07.23,01:15:00,60.099998,60.349998,60.095001,60.250000,183.0000
SI,2026.07.23,01:30:00,60.255001,60.285000,59.805000,59.935001,377.0000
SI,2026.07.23,01:45:00,59.840000,59.930000,59.715000,59.825001,359.0000
SI,2026.07.23,02:00:00,59.794998,59.924999,59.759998,59.889999,164.0000
SI,2026.07.23,02:15:00,59.840000,59.840000,59.724998,59.755001,91.0000
SI,2026.07.23,02:30:00,59.770000,59.959999,59.724998,59.959999,164.0000
SI,2026.07.23,02:45:00,59.939999,60.169998,59.939999,60.154999,204.0000
SI,2026.07.23,03:00:00,60.150002,60.165001,59.974998,60.055000,157.0000
SI,2026.07.23,03:15:00,60.099998,60.200001,60.099998,60.150002,129.0000
SI,2026.07.23,03:30:00,60.160000,60.165001,60.095001,60.130001,38.0000
SI,2026.07.23,03:45:00,60.119999,60.119999,60.009998,60.044998,49.0000
SI,2026.07.23,04:00:00,60.040001,60.165001,60.000000,60.165001,39.0000
SI,2026.07.23,04:15:00,60.169998,60.205002,60.115002,60.134998,67.0000
SI,2026.07.23,04:30:00,60.160000,60.160000,60.005001,60.025002,37.0000
SI,2026.07.23,04:45:00,60.005001,60.025002,59.880001,59.935001,114.0000
SI,2026.07.23,05:00:00,59.919998,60.025002,59.875000,60.000000,84.0000
SI,2026.07.23,05:15:00,59.974998,60.025002,59.849998,60.025002,53.0000
SI,2026.07.23,05:30:00,60.035000,60.169998,59.945000,60.040001,239.0000
SI,2026.07.23,05:45:00,60.029999,60.125000,59.840000,59.919998,189.0000
SI,2026.07.23,06:00:00,59.915001,60.005001,59.820000,59.834999,392.0000
SI,2026.07.23,06:15:00,59.855000,59.974998,59.775002,59.775002,244.0000
SI,2026.07.23,06:30:00,59.794998,59.869999,59.724998,59.845001,244.0000
SI,2026.07.23,06:45:00,59.855000,59.904999,59.695000,59.724998,245.0000
SI,2026.07.23,07:00:00,59.735001,59.740002,59.125000,59.310001,673.0000
SI,2026.07.23,07:15:00,59.314999,59.485001,59.299999,59.410000,345.0000
SI,2026.07.23,07:30:00,59.404999,59.404999,58.910000,59.105000,546.0000
SI,2026.07.23,07:45:00,59.119999,59.264999,58.970001,59.220001,477.0000
SI,2026.07.23,08:00:00,59.235001,59.299999,59.064999,59.125000,342.0000
SI,2026.07.23,08:15:00,59.130001,59.185001,59.084999,59.185001,105.0000
SI,2026.07.23,08:30:00,59.185001,59.224998,58.990002,59.060001,213.0000
SI,2026.07.23,08:45:00,59.049999,59.180000,58.974998,59.145000,132.0000
SI,2026.07.23,09:00:00,59.145000,59.305000,59.119999,59.244999,137.0000
SI,2026.07.23,09:15:00,59.185001,59.220001,59.075001,59.105000,77.0000
SI,2026.07.23,09:30:00,59.105000,59.165001,59.084999,59.160000,47.0000
SI,2026.07.23,09:45:00,59.145000,59.174999,59.009998,59.020000,123.0000
SI,2026.07.23,10:00:00,59.029999,59.060001,58.915001,59.020000,144.0000
SI,2026.07.23,10:15:00,59.020000,59.044998,58.869999,59.020000,141.0000
SI,2026.07.23,10:30:00,59.040001,59.119999,58.935001,58.994999,132.0000
SI,2026.07.23,10:45:00,58.985001,59.139999,58.939999,59.044998,173.0000
SI,2026.07.23,11:00:00,59.049999,59.070000,58.834999,58.900002,570.0000
SI,2026.07.23,11:15:00,58.919998,58.919998,58.625000,58.759998,467.0000
SI,2026.07.23,11:30:00,58.764999,58.770000,58.200001,58.549999,936.0000
SI,2026.07.23,11:45:00,58.564999,58.930000,58.549999,58.814999,944.0000
SI,2026.07.23,12:00:00,58.820000,58.830002,58.669998,58.730000,288.0000
SI,2026.07.23,12:15:00,58.744999,58.779999,58.459999,58.500000,588.0000
SI,2026.07.23,12:30:00,58.485001,58.535000,58.220001,58.355000,926.0000
SI,2026.07.23,12:45:00,58.334999,58.389999,57.919998,57.930000,1306.0000
SI,2026.07.23,13:00:00,57.915001,58.095001,57.320000,57.369999,3198.0000
SI,2026.07.23,13:15:00,57.369999,57.915001,57.360001,57.915001,2053.0000
SI,2026.07.23,13:30:00,57.915001,58.314999,57.895000,58.189999,2069.0000
SI,2026.07.23,13:45:00,58.189999,58.205002,57.869999,57.884998,914.0000
SI,2026.07.23,14:00:00,57.930000,58.125000,57.840000,58.040001,965.0000
SI,2026.07.23,14:15:00,58.040001,58.244999,57.889999,58.224998,566.0000
SI,2026.07.23,14:30:00,58.209999,58.259998,57.994999,58.139999,438.0000
SI,2026.07.23,14:45:00,58.139999,58.270000,58.005001,58.064999,326.0000
SI,2026.07.23,15:00:00,58.044998,58.095001,57.605000,57.755001,674.0000
SI,2026.07.23,15:15:00,57.755001,57.880001,57.560001,57.700001,695.0000
SI,2026.07.23,15:30:00,57.695000,57.924999,57.610001,57.799999,668.0000
SI,2026.07.23,15:45:00,57.785000,57.959999,57.779999,57.875000,310.0000
SI,2026.07.23,16:00:00,57.869999,58.035000,57.865002,58.035000,292.0000
SI,2026.07.23,16:15:00,58.044998,58.099998,57.924999,58.064999,406.0000
SI,2026.07.23,16:30:00,58.060001,58.075001,57.924999,57.970001,311.0000
SI,2026.07.23,16:45:00,57.959999,58.115002,57.884998,58.105000,351.0000
SI,2026.07.23,17:00:00,58.110001,58.209999,57.990002,58.009998,565.0000
SI,2026.07.23,17:15:00,58.014999,58.105000,57.959999,58.020000,1152.0000
SI,2026.07.23,17:30:00,58.000000,58.044998,57.799999,57.825001,574.0000
SI,2026.07.23,17:45:00,57.820000,57.869999,57.759998,57.785000,294.0000
SI,2026.07.23,18:00:00,57.779999,57.794998,57.674999,57.720001,398.0000
SI,2026.07.23,18:15:00,57.705002,57.805000,57.680000,57.775002,177.0000
SI,2026.07.23,18:30:00,57.785000,57.860001,57.744999,57.779999,106.0000
SI,2026.07.23,18:45:00,57.790001,57.860001,57.790001,57.845001,87.0000
SI,2026.07.23,19:00:00,57.889999,57.900002,57.720001,57.740002,122.0000
SI,2026.07.23,19:15:00,57.735001,57.924999,57.720001,57.865002,160.0000
SI,2026.07.23,19:30:00,57.880001,57.965000,57.759998,57.759998,108.0000
SI,2026.07.23,19:45:00,57.759998,57.900002,57.720001,57.845001,303.0000
SI,2026.07.23,20:00:00,57.855000,57.915001,57.814999,57.900002,170.0000
SI,2026.07.23,20:15:00,57.889999,57.919998,57.845001,57.904999,87.0000
SI,2026.07.23,20:30:00,57.904999,57.924999,57.884998,57.895000,59.0000
SI,2026.07.23,20:45:00,57.910000,57.935001,57.880001,57.895000,71.0000
SI,2026.07.23,22:00:00,57.919998,57.955002,57.834999,57.834999,8.0000
SI,2026.07.23,22:15:00,57.855000,57.970001,57.855000,57.950001,42.0000
SI,2026.07.23,22:30:00,57.959999,57.980000,57.910000,57.910000,20.0000
SI,2026.07.23,22:45:00,57.910000,57.950001,57.910000,57.915001,14.0000
SI,2026.07.23,23:00:00,57.915001,57.915001,57.834999,57.834999,13.0000
SI,2026.07.23,23:15:00,57.830002,57.880001,57.820000,57.860001,41.0000
SI,2026.07.23,23:30:00,57.869999,57.924999,57.825001,57.865002,24.0000
SI,2026.07.23,23:45:00,57.904999,57.915001,57.820000,57.820000,27.0000
SI,2026.07.24,00:00:00,57.849998,57.880001,57.630001,57.630001,158.0000
SI,2026.07.24,00:15:00,57.680000,57.955002,57.669998,57.869999,131.0000
SI,2026.07.24,00:30:00,57.860001,57.980000,57.860001,57.970001,59.0000
SI,2026.07.24,00:45:00,57.980000,58.134998,57.939999,58.099998,156.0000
SI,2026.07.24,01:00:00,58.125000,58.125000,57.685001,57.740002,469.0000
SI,2026.07.24,01:15:00,57.720001,57.865002,57.634998,57.775002,268.0000
SI,2026.07.24,01:30:00,57.740002,58.049999,57.715000,58.049999,158.0000
SI,2026.07.24,01:45:00,58.040001,58.165001,57.825001,57.915001,359.0000
SI,2026.07.24,02:00:00,57.915001,58.020000,57.799999,57.904999,156.0000
SI,2026.07.24,02:15:00,57.955002,58.040001,57.910000,57.985001,23.0000
SI,2026.07.24,02:30:00,57.974998,58.020000,57.730000,57.785000,98.0000
SI,2026.07.24,02:45:00,57.785000,57.799999,57.360001,57.455002,762.0000
SI,2026.07.24,03:00:00,57.459999,57.660000,57.365002,57.645000,177.0000
SI,2026.07.24,03:15:00,57.669998,57.669998,57.520000,57.544998,290.0000
SI,2026.07.24,03:30:00,57.580002,57.650002,57.570000,57.645000,46.0000
SI,2026.07.24,03:45:00,57.619999,57.674999,57.549999,57.549999,41.0000
SI,2026.07.24,04:00:00,57.500000,57.599998,57.455002,57.520000,120.0000
SI,2026.07.24,04:15:00,57.525002,57.695000,57.525002,57.674999,78.0000
SI,2026.07.24,04:30:00,57.660000,57.660000,57.555000,57.575001,26.0000
SI,2026.07.24,04:45:00,57.575001,57.605000,57.535000,57.584999,47.0000
SI,2026.07.24,05:00:00,57.595001,57.849998,57.535000,57.709999,165.0000
SI,2026.07.24,05:15:00,57.700001,57.830002,57.605000,57.715000,89.0000
SI,2026.07.24,05:30:00,57.715000,57.880001,57.639999,57.650002,225.0000
SI,2026.07.24,05:45:00,57.724998,57.825001,57.570000,57.599998,97.0000
SI,2026.07.24,06:00:00,57.625000,57.735001,57.555000,57.735001,96.0000
SI,2026.07.24,06:15:00,57.744999,58.014999,57.709999,57.935001,359.0000
SI,2026.07.24,06:30:00,57.935001,57.965000,57.855000,57.865002,145.0000
SI,2026.07.24,06:45:00,57.860001,58.084999,57.855000,57.994999,228.0000
SI,2026.07.24,07:00:00,57.985001,58.555000,57.959999,58.485001,859.0000
SI,2026.07.24,07:15:00,58.490002,58.595001,58.445000,58.535000,350.0000
SI,2026.07.24,07:30:00,58.549999,58.720001,58.435001,58.490002,310.0000
SI,2026.07.24,07:45:00,58.480000,58.525002,58.400002,58.470001,141.0000
SI,2026.07.24,08:00:00,58.474998,58.474998,58.334999,58.439999,213.0000
SI,2026.07.24,08:15:00,58.419998,58.570000,58.365002,58.555000,117.0000
SI,2026.07.24,08:30:00,58.555000,58.595001,58.455002,58.575001,149.0000
SI,2026.07.24,08:45:00,58.575001,58.605000,58.500000,58.595001,94.0000
SI,2026.07.24,09:00:00,58.575001,58.744999,58.575001,58.650002,376.0000
SI,2026.07.24,09:15:00,58.665001,58.720001,58.584999,58.584999,80.0000
SI,2026.07.24,09:30:00,58.595001,58.665001,58.529999,58.665001,82.0000
SI,2026.07.24,09:45:00,58.669998,58.720001,58.595001,58.715000,86.0000
SI,2026.07.24,10:00:00,58.720001,58.779999,58.674999,58.730000,141.0000
SI,2026.07.24,10:15:00,58.715000,58.924999,58.689999,58.840000,347.0000
SI,2026.07.24,10:30:00,58.834999,58.910000,58.715000,58.715000,125.0000
SI,2026.07.24,10:45:00,58.735001,58.775002,58.650002,58.669998,219.0000
SI,2026.07.24,11:00:00,58.674999,58.750000,58.599998,58.685001,534.0000
SI,2026.07.24,11:15:00,58.700001,58.740002,58.654999,58.685001,79.0000
SI,2026.07.24,11:30:00,58.689999,58.705002,58.595001,58.605000,149.0000
SI,2026.07.24,11:45:00,58.610001,58.834999,58.500000,58.735001,491.0000
SI,2026.07.24,12:00:00,58.764999,58.945000,58.595001,58.810001,444.0000
SI,2026.07.24,12:15:00,58.799999,58.950001,58.700001,58.889999,336.0000
SI,2026.07.24,12:30:00,58.869999,58.910000,58.615002,58.755001,515.0000
SI,2026.07.24,12:45:00,58.744999,58.805000,58.555000,58.689999,538.0000
SI,2026.07.24,13:00:00,58.700001,58.799999,58.174999,58.235001,1280.0000
SI,2026.07.24,13:15:00,58.215000,58.310001,58.125000,58.180000,598.0000
SI,2026.07.24,13:30:00,58.169998,58.439999,58.139999,58.275002,547.0000
SI,2026.07.24,13:45:00,58.259998,58.660000,58.215000,58.639999,766.0000
SI,2026.07.24,14:00:00,58.654999,58.740002,58.470001,58.615002,801.0000
SI,2026.07.24,14:15:00,58.625000,58.865002,58.470001,58.794998,465.0000
SI,2026.07.24,14:30:00,58.785000,58.980000,58.584999,58.744999,870.0000
SI,2026.07.24,14:45:00,58.750000,58.910000,58.674999,58.779999,316.0000
SI,2026.07.24,15:00:00,58.779999,59.180000,58.654999,59.110001,801.0000
SI,2026.07.24,15:15:00,59.115002,59.290001,58.985001,59.125000,1167.0000
SI,2026.07.24,15:30:00,59.105000,59.250000,59.055000,59.090000,449.0000
SI,2026.07.24,15:45:00,59.035000,59.275002,59.009998,59.174999,331.0000
SI,2026.07.24,16:00:00,59.180000,59.220001,59.070000,59.105000,356.0000
SI,2026.07.24,16:15:00,59.095001,59.165001,59.044998,59.049999,372.0000
SI,2026.07.24,16:30:00,59.044998,59.060001,58.904999,58.930000,691.0000
SI,2026.07.24,16:45:00,58.930000,58.950001,58.834999,58.915001,249.0000
SI,2026.07.24,17:00:00,58.910000,58.959999,58.764999,58.814999,500.0000
SI,2026.07.24,17:15:00,58.814999,58.990002,58.799999,58.980000,816.0000
SI,2026.07.24,17:30:00,58.994999,59.060001,58.945000,58.965000,244.0000
SI,2026.07.24,17:45:00,58.950001,58.980000,58.814999,58.830002,186.0000
SI,2026.07.24,18:00:00,58.860001,58.889999,58.790001,58.834999,173.0000
SI,2026.07.24,18:15:00,58.830002,58.855000,58.619999,58.634998,510.0000
SI,2026.07.24,18:30:00,58.650002,58.689999,58.480000,58.500000,402.0000
SI,2026.07.24,18:45:00,58.490002,58.645000,58.490002,58.575001,88.0000
SI,2026.07.24,19:00:00,58.595001,58.615002,58.505001,58.505001,89.0000
SI,2026.07.24,19:15:00,58.470001,58.490002,58.349998,58.435001,227.0000
SI,2026.07.24,19:30:00,58.404999,58.580002,58.404999,58.570000,283.0000
SI,2026.07.24,19:45:00,58.575001,58.590000,58.459999,58.490002,179.0000
SI,2026.07.24,20:00:00,58.485001,58.505001,58.395000,58.410000,59.0000
SI,2026.07.24,20:15:00,58.424999,58.509998,58.424999,58.485001,62.0000
SI,2026.07.24,20:30:00,58.480000,58.570000,58.419998,58.570000,66.0000
SI,2026.07.24,20:45:00,58.560001,58.905998,58.465000,58.905998,81.0000
SI,2026.07.26,22:00:00,59.810001,59.810001,59.724998,59.805000,92.0000
SI,2026.07.26,22:15:00,59.825001,60.125000,59.750000,59.980000,560.0000
SI,2026.07.26,22:30:00,59.935001,60.169998,59.884998,60.169998,244.0000
SI,2026.07.26,22:45:00,60.160000,60.180000,59.970001,59.970001,286.0000
SI,2026.07.26,23:00:00,60.025002,60.025002,59.764999,59.775002,171.0000
SI,2026.07.26,23:15:00,59.775002,59.845001,59.590000,59.615002,299.0000
SI,2026.07.26,23:30:00,59.634998,59.805000,59.634998,59.805000,44.0000
SI,2026.07.26,23:45:00,59.779999,60.040001,59.770000,59.959999,108.0000
SI,2026.07.27,00:00:00,59.970001,60.395000,59.965000,60.384998,882.0000
SI,2026.07.27,00:15:00,60.375000,60.375000,59.875000,59.935001,252.0000
SI,2026.07.27,00:30:00,59.959999,60.095001,59.924999,59.924999,215.0000
SI,2026.07.27,00:45:00,59.945000,60.139999,59.805000,59.880001,280.0000
SI,2026.07.27,01:00:00,59.875000,60.095001,59.865002,60.060001,480.0000
SI,2026.07.27,01:15:00,60.064999,60.075001,59.779999,59.865002,220.0000
SI,2026.07.27,01:30:00,59.865002,60.060001,59.759998,60.000000,133.0000
SI,2026.07.27,01:45:00,60.040001,60.105000,59.950001,60.105000,86.0000
SI,2026.07.27,02:00:00,60.110001,60.110001,59.895000,59.915001,102.0000
SI,2026.07.27,02:15:00,59.919998,59.980000,59.869999,59.889999,113.0000
SI,2026.07.27,02:30:00,59.884998,59.904999,59.700001,59.700001,214.0000
SI,2026.07.27,02:45:00,59.720001,59.724998,59.605000,59.634998,128.0000
SI,2026.07.27,03:00:00,59.605000,59.674999,59.560001,59.660000,181.0000
SI,2026.07.27,03:15:00,59.660000,59.730000,59.564999,59.564999,148.0000
SI,2026.07.27,03:30:00,59.564999,59.705002,59.555000,59.695000,109.0000
SI,2026.07.27,03:45:00,59.665001,59.665001,59.560001,59.595001,56.0000
SI,2026.07.27,04:00:00,59.599998,59.619999,59.455002,59.500000,240.0000
SI,2026.07.27,04:15:00,59.514999,59.514999,59.430000,59.474998,80.0000
SI,2026.07.27,04:30:00,59.514999,59.610001,59.505001,59.580002,83.0000
SI,2026.07.27,04:45:00,59.544998,59.599998,59.535000,59.590000,34.0000
SI,2026.07.27,05:00:00,59.580002,59.705002,59.564999,59.695000,57.0000
SI,2026.07.27,05:15:00,59.680000,59.700001,59.514999,59.529999,63.0000
SI,2026.07.27,05:30:00,59.520000,59.630001,59.400002,59.610001,452.0000
SI,2026.07.27,05:45:00,59.625000,59.720001,59.500000,59.720001,202.0000
SI,2026.07.27,06:00:00,59.709999,59.805000,59.639999,59.750000,283.0000
SI,2026.07.27,06:15:00,59.720001,59.820000,59.674999,59.820000,227.0000
SI,2026.07.27,06:30:00,59.825001,59.875000,59.735001,59.775002,224.0000
SI,2026.07.27,06:45:00,59.764999,59.764999,59.674999,59.724998,133.0000
SI,2026.07.27,07:00:00,59.724998,59.955002,59.724998,59.935001,340.0000
SI,2026.07.27,07:15:00,59.935001,60.105000,59.880001,60.000000,409.0000
SI,2026.07.27,07:30:00,60.000000,60.005001,59.755001,59.794998,169.0000
SI,2026.07.27,07:45:00,59.799999,59.834999,59.485001,59.485001,162.0000
SI,2026.07.27,08:00:00,59.485001,59.634998,59.355000,59.564999,242.0000
SI,2026.07.27,08:15:00,59.560001,59.575001,59.474998,59.520000,92.0000
SI,2026.07.27,08:30:00,59.514999,59.665001,59.419998,59.630001,183.0000
SI,2026.07.27,08:45:00,59.645000,59.730000,59.619999,59.695000,142.0000
SI,2026.07.27,09:00:00,59.665001,59.740002,59.584999,59.590000,134.0000
SI,2026.07.27,09:15:00,59.595001,59.634998,59.505001,59.509998,138.0000
SI,2026.07.27,09:30:00,59.514999,59.580002,59.435001,59.570000,154.0000
SI,2026.07.27,09:45:00,59.575001,59.680000,59.560001,59.560001,111.0000
SI,2026.07.27,10:00:00,59.564999,59.575001,59.314999,59.435001,201.0000
SI,2026.07.27,10:15:00,59.415001,59.485001,59.410000,59.439999,60.0000
SI,2026.07.27,10:30:00,59.450001,59.619999,59.430000,59.575001,209.0000
SI,2026.07.27,10:45:00,59.570000,59.660000,59.540001,59.540001,67.0000
SI,2026.07.27,11:00:00,59.555000,59.580002,59.330002,59.544998,556.0000
SI,2026.07.27,11:15:00,59.540001,59.555000,59.435001,59.435001,227.0000
SI,2026.07.27,11:30:00,59.439999,59.549999,59.410000,59.480000,195.0000
SI,2026.07.27,11:45:00,59.480000,59.480000,59.305000,59.345001,276.0000
SI,2026.07.27,12:00:00,59.365002,59.445000,58.950001,59.080002,779.0000
SI,2026.07.27,12:15:00,59.105000,59.224998,59.040001,59.139999,356.0000
SI,2026.07.27,12:30:00,59.119999,59.305000,59.055000,59.290001,321.0000
SI,2026.07.27,12:45:00,59.294998,59.330002,59.189999,59.220001,278.0000
SI,2026.07.27,13:00:00,59.224998,59.360001,59.060001,59.200001,603.0000
SI,2026.07.27,13:15:00,59.209999,59.250000,58.935001,58.939999,777.0000
SI,2026.07.27,13:30:00,58.950001,59.259998,58.919998,59.235001,904.0000
SI,2026.07.27,13:45:00,59.250000,59.285000,58.720001,58.825001,949.0000
SI,2026.07.27,14:00:00,58.830002,58.985001,58.750000,58.959999,689.0000
SI,2026.07.27,14:15:00,58.965000,59.009998,58.599998,58.685001,680.0000
SI,2026.07.27,14:30:00,58.689999,58.750000,58.570000,58.709999,796.0000
SI,2026.07.27,14:45:00,58.705002,59.000000,58.669998,58.965000,817.0000
SI,2026.07.27,15:00:00,58.965000,58.985001,58.825001,58.919998,353.0000
SI,2026.07.27,15:15:00,58.935001,59.020000,58.869999,58.915001,417.0000
SI,2026.07.27,15:30:00,58.889999,58.950001,58.785000,58.849998,350.0000
SI,2026.07.27,15:45:00,58.860001,58.950001,58.805000,58.910000,350.0000
SI,2026.07.27,16:00:00,58.910000,59.060001,58.869999,59.020000,304.0000
SI,2026.07.27,16:15:00,59.025002,59.189999,58.959999,59.130001,708.0000
SI,2026.07.27,16:30:00,59.145000,59.270000,59.080002,59.084999,403.0000
SI,2026.07.27,16:45:00,59.125000,59.125000,58.884998,58.935001,415.0000
SI,2026.07.27,17:00:00,58.935001,58.939999,58.685001,58.755001,608.0000
SI,2026.07.27,17:15:00,58.759998,58.799999,58.660000,58.700001,1089.0000
SI,2026.07.27,17:30:00,58.715000,58.759998,58.685001,58.730000,239.0000
SI,2026.07.27,17:45:00,58.730000,58.799999,58.709999,58.770000,279.0000
SI,2026.07.27,18:00:00,58.794998,58.799999,58.634998,58.650002,201.0000
SI,2026.07.27,18:15:00,58.645000,58.654999,58.520000,58.639999,323.0000
SI,2026.07.27,18:30:00,58.615002,58.674999,58.514999,58.570000,689.0000
SI,2026.07.27,18:45:00,58.549999,58.665001,58.430000,58.639999,316.0000
SI,2026.07.27,19:00:00,58.650002,58.759998,58.584999,58.700001,165.0000
SI,2026.07.27,19:15:00,58.715000,58.935001,58.709999,58.880001,470.0000
SI,2026.07.27,19:30:00,58.884998,58.930000,58.834999,58.860001,81.0000
SI,2026.07.27,19:45:00,58.869999,58.924999,58.799999,58.820000,200.0000
SI,2026.07.27,20:00:00,58.810001,58.834999,58.764999,58.820000,104.0000
SI,2026.07.27,20:15:00,58.799999,58.810001,58.665001,58.685001,250.0000
SI,2026.07.27,20:30:00,58.689999,58.740002,58.665001,58.730000,71.0000
SI,2026.07.27,20:45:00,58.724998,58.730000,58.665001,58.695000,80.0000
SI,2026.07.27,22:00:00,58.744999,58.825001,58.685001,58.705002,94.0000
SI,2026.07.27,22:15:00,58.705002,58.709999,58.634998,58.660000,56.0000
SI,2026.07.27,22:30:00,58.645000,58.695000,58.639999,58.669998,12.0000
SI,2026.07.27,22:45:00,58.665001,58.680000,58.610001,58.650002,20.0000
SI,2026.07.27,23:00:00,58.630001,58.639999,58.570000,58.615002,36.0000
SI,2026.07.27,23:15:00,58.639999,58.709999,58.639999,58.685001,27.0000
SI,2026.07.27,23:30:00,58.715000,58.715000,58.619999,58.625000,26.0000
SI,2026.07.27,23:45:00,58.610001,58.654999,58.595001,58.650002,17.0000
SI,2026.07.28,00:00:00,58.650002,58.669998,58.299999,58.439999,230.0000
SI,2026.07.28,00:15:00,58.459999,58.470001,58.299999,58.389999,237.0000
SI,2026.07.28,00:30:00,58.395000,58.455002,58.285000,58.404999,111.0000
SI,2026.07.28,00:45:00,58.395000,58.404999,57.974998,58.020000,397.0000
SI,2026.07.28,01:00:00,58.009998,58.084999,57.570000,57.695000,1175.0000
SI,2026.07.28,01:15:00,57.695000,57.720001,57.264999,57.465000,853.0000
SI,2026.07.28,01:30:00,57.450001,57.669998,57.450001,57.595001,240.0000
SI,2026.07.28,01:45:00,57.590000,57.610001,57.380001,57.490002,123.0000
SI,2026.07.28,02:00:00,57.494999,57.584999,57.415001,57.555000,236.0000
SI,2026.07.28,02:15:00,57.529999,57.680000,57.485001,57.505001,238.0000
SI,2026.07.28,02:30:00,57.485001,57.599998,57.345001,57.389999,173.0000
SI,2026.07.28,02:45:00,57.389999,57.595001,57.369999,57.459999,133.0000
SI,2026.07.28,03:00:00,57.474998,57.555000,57.290001,57.535000,211.0000
SI,2026.07.28,03:15:00,57.564999,57.639999,57.509998,57.535000,217.0000
SI,2026.07.28,03:30:00,57.520000,57.709999,57.509998,57.650002,336.0000
SI,2026.07.28,03:45:00,57.660000,57.724998,57.560001,57.580002,195.0000
SI,2026.07.28,04:00:00,57.590000,57.610001,57.450001,57.450001,142.0000
SI,2026.07.28,04:15:00,57.455002,57.549999,57.424999,57.480000,114.0000
SI,2026.07.28,04:30:00,57.465000,57.520000,57.435001,57.520000,60.0000
SI,2026.07.28,04:45:00,57.525002,57.525002,57.384998,57.400002,157.0000
SI,2026.07.28,05:00:00,57.395000,57.410000,57.325001,57.369999,83.0000
SI,2026.07.28,05:15:00,57.360001,57.384998,57.105000,57.230000,346.0000
SI,2026.07.28,05:30:00,57.224998,57.380001,56.900002,57.180000,1022.0000
SI,2026.07.28,05:45:00,57.195000,57.325001,57.125000,57.325001,279.0000
SI,2026.07.28,06:00:00,57.320000,57.520000,57.320000,57.470001,501.0000
SI,2026.07.28,06:15:00,57.474998,57.645000,57.459999,57.615002,327.0000
SI,2026.07.28,06:30:00,57.595001,57.790001,57.549999,57.685001,267.0000
SI,2026.07.28,06:45:00,57.700001,57.709999,57.625000,57.639999,202.0000
SI,2026.07.28,07:00:00,57.645000,57.715000,57.540001,57.575001,238.0000
SI,2026.07.28,07:15:00,57.590000,57.770000,57.584999,57.720001,164.0000
SI,2026.07.28,07:30:00,57.674999,57.689999,57.584999,57.625000,92.0000
SI,2026.07.28,07:45:00,57.625000,57.779999,57.595001,57.700001,294.0000
SI,2026.07.28,08:00:00,57.695000,57.900002,57.590000,57.590000,300.0000
SI,2026.07.28,08:15:00,57.605000,57.884998,57.605000,57.865002,166.0000
SI,2026.07.28,08:30:00,57.865002,57.875000,57.759998,57.814999,74.0000
SI,2026.07.28,08:45:00,57.805000,57.865002,57.650002,57.770000,128.0000
SI,2026.07.28,09:00:00,57.775002,57.814999,57.705002,57.720001,83.0000
SI,2026.07.28,09:15:00,57.740002,57.820000,57.709999,57.709999,69.0000
SI,2026.07.28,09:30:00,57.705002,57.705002,57.455002,57.535000,306.0000
SI,2026.07.28,09:45:00,57.529999,57.555000,57.360001,57.400002,362.0000
SI,2026.07.28,10:00:00,57.380001,57.525002,57.349998,57.505001,184.0000
SI,2026.07.28,10:15:00,57.490002,57.520000,57.220001,57.334999,426.0000
SI,2026.07.28,10:30:00,57.314999,57.450001,57.299999,57.384998,180.0000
SI,2026.07.28,10:45:00,57.400002,57.509998,57.349998,57.384998,251.0000
SI,2026.07.28,11:00:00,57.395000,57.450001,57.305000,57.334999,356.0000
SI,2026.07.28,11:15:00,57.365002,57.590000,57.365002,57.470001,234.0000
SI,2026.07.28,11:30:00,57.480000,57.630001,57.450001,57.509998,224.0000
SI,2026.07.28,11:45:00,57.525002,57.555000,57.430000,57.549999,277.0000
SI,2026.07.28,12:00:00,57.575001,57.639999,57.480000,57.570000,212.0000
SI,2026.07.28,12:15:00,57.590000,57.674999,57.494999,57.540001,268.0000
SI,2026.07.28,12:30:00,57.555000,57.689999,57.395000,57.634998,814.0000
SI,2026.07.28,12:45:00,57.625000,57.744999,57.465000,57.535000,433.0000
SI,2026.07.28,13:00:00,57.540001,57.650002,57.435001,57.439999,582.0000
SI,2026.07.28,13:15:00,57.435001,57.500000,57.299999,57.325001,662.0000
SI,2026.07.28,13:30:00,57.310001,57.415001,56.985001,57.090000,1175.0000
SI,2026.07.28,13:45:00,57.084999,57.115002,56.935001,57.080002,1032.0000
SI,2026.07.28,14:00:00,57.055000,57.525002,57.055000,57.279999,1352.0000
SI,2026.07.28,14:15:00,57.299999,57.320000,56.865002,57.205002,1132.0000
SI,2026.07.28,14:30:00,57.200001,57.279999,57.084999,57.230000,802.0000
SI,2026.07.28,14:45:00,57.215000,57.389999,57.185001,57.244999,835.0000
SI,2026.07.28,15:00:00,57.250000,57.535000,57.150002,57.470001,947.0000
SI,2026.07.28,15:15:00,57.485001,57.590000,57.415001,57.439999,1046.0000
SI,2026.07.28,15:30:00,57.410000,57.599998,57.384998,57.570000,419.0000
SI,2026.07.28,15:45:00,57.560001,57.665001,57.540001,57.660000,457.0000
SI,2026.07.28,16:00:00,57.665001,57.775002,57.610001,57.735001,649.0000
SI,2026.07.28,16:15:00,57.744999,57.779999,57.660000,57.669998,416.0000
SI,2026.07.28,16:30:00,57.669998,57.705002,57.564999,57.575001,441.0000
SI,2026.07.28,16:45:00,57.570000,57.645000,57.494999,57.560001,455.0000
SI,2026.07.28,17:00:00,57.555000,57.605000,57.480000,57.505001,464.0000
SI,2026.07.28,17:15:00,57.494999,57.705002,57.470001,57.580002,1705.0000
SI,2026.07.28,17:30:00,57.584999,57.599998,57.325001,57.325001,440.0000
SI,2026.07.28,17:45:00,57.325001,57.395000,57.250000,57.349998,470.0000
SI,2026.07.28,18:00:00,57.345001,57.384998,57.314999,57.349998,212.0000
SI,2026.07.28,18:15:00,57.355000,57.419998,57.330002,57.355000,167.0000
SI,2026.07.28,18:30:00,57.349998,57.380001,57.279999,57.355000,97.0000
SI,2026.07.28,18:45:00,57.349998,57.389999,57.299999,57.340000,140.0000
SI,2026.07.28,19:00:00,57.340000,57.485001,57.334999,57.400002,124.0000
SI,2026.07.28,19:15:00,57.419998,57.485001,57.419998,57.435001,75.0000
SI,2026.07.28,19:30:00,57.450001,57.529999,57.415001,57.435001,139.0000
SI,2026.07.28,19:45:00,57.528999,57.528999,57.395000,57.404999,157.0000
SI,2026.07.28,20:00:00,57.400002,57.400002,57.299999,57.320000,64.0000
SI,2026.07.28,20:15:00,57.325001,57.389999,57.325001,57.380001,46.0000
SI,2026.07.28,20:30:00,57.380001,57.389999,57.279999,57.365002,137.0000
SI,2026.07.28,20:45:00,57.349998,57.375000,57.299999,57.334999,68.0000
SI,2026.07.28,22:00:00,57.384998,57.430000,57.310001,57.325001,51.0000
SI,2026.07.28,22:15:00,57.305000,57.314999,57.220001,57.285000,86.0000
SI,2026.07.28,22:30:00,57.294998,57.294998,57.105000,57.200001,219.0000
SI,2026.07.28,22:45:00,57.180000,57.189999,57.090000,57.189999,39.0000
SI,2026.07.28,23:00:00,57.145000,57.195000,57.110001,57.165001,54.0000
SI,2026.07.28,23:15:00,57.130001,57.250000,57.095001,57.235001,158.0000
SI,2026.07.28,23:30:00,57.240002,57.345001,57.205002,57.340000,37.0000
SI,2026.07.28,23:45:00,57.310001,57.474998,57.290001,57.455002,181.0000
SI,2026.07.29,00:00:00,57.480000,57.500000,57.320000,57.424999,106.0000
SI,2026.07.29,00:15:00,57.410000,57.634998,57.380001,57.419998,137.0000
SI,2026.07.29,00:30:00,57.445000,57.525002,57.400002,57.514999,23.0000
SI,2026.07.29,00:45:00,57.520000,57.520000,57.360001,57.384998,62.0000
SI,2026.07.29,01:00:00,57.375000,57.384998,57.165001,57.165001,234.0000
SI,2026.07.29,01:15:00,57.224998,57.529999,57.224998,57.505001,57.0000
SI,2026.07.29,01:30:00,57.474998,57.900002,57.384998,57.735001,400.0000
SI,2026.07.29,01:45:00,57.730000,57.759998,57.485001,57.700001,178.0000
SI,2026.07.29,02:00:00,57.735001,57.820000,57.595001,57.755001,117.0000
SI,2026.07.29,02:15:00,57.820000,57.970001,57.735001,57.924999,202.0000
SI,2026.07.29,02:30:00,57.939999,58.220001,57.889999,58.110001,349.0000
SI,2026.07.29,02:45:00,58.125000,58.125000,57.865002,57.869999,123.0000
SI,2026.07.29,03:00:00,57.884998,57.930000,57.790001,57.794998,119.0000
SI,2026.07.29,03:15:00,57.805000,57.805000,57.650002,57.689999,201.0000
SI,2026.07.29,03:30:00,57.654999,57.680000,57.595001,57.645000,59.0000
SI,2026.07.29,03:45:00,57.654999,57.720001,57.575001,57.584999,95.0000
SI,2026.07.29,04:00:00,57.560001,57.605000,57.540001,57.560001,67.0000
SI,2026.07.29,04:15:00,57.555000,57.660000,57.535000,57.570000,66.0000
SI,2026.07.29,04:30:00,57.590000,57.685001,57.590000,57.665001,28.0000
SI,2026.07.29,04:45:00,57.654999,57.724998,57.610001,57.689999,50.0000
SI,2026.07.29,05:00:00,57.709999,57.985001,57.695000,57.915001,119.0000
SI,2026.07.29,05:15:00,57.895000,57.974998,57.814999,57.974998,73.0000
SI,2026.07.29,05:30:00,57.985001,58.250000,57.935001,58.244999,330.0000
SI,2026.07.29,05:45:00,58.244999,58.259998,57.950001,57.990002,150.0000
SI,2026.07.29,06:00:00,57.980000,58.119999,57.974998,58.105000,180.0000
SI,2026.07.29,06:15:00,58.105000,58.200001,58.040001,58.119999,130.0000
SI,2026.07.29,06:30:00,58.139999,58.310001,58.139999,58.285000,486.0000
SI,2026.07.29,06:45:00,58.285000,58.365002,58.215000,58.360001,291.0000
SI,2026.07.29,07:00:00,58.360001,58.395000,58.294998,58.360001,206.0000
SI,2026.07.29,07:15:00,58.355000,58.450001,58.340000,58.445000,292.0000
SI,2026.07.29,07:30:00,58.445000,58.459999,58.404999,58.419998,130.0000
SI,2026.07.29,07:45:00,58.430000,58.430000,58.290001,58.325001,226.0000
SI,2026.07.29,08:00:00,58.320000,58.334999,58.049999,58.070000,231.0000
SI,2026.07.29,08:15:00,58.110001,58.110001,57.980000,58.049999,98.0000
SI,2026.07.29,08:30:00,58.029999,58.099998,57.985001,58.095001,55.0000
SI,2026.07.29,08:45:00,58.084999,58.185001,58.070000,58.125000,149.0000
SI,2026.07.29,09:00:00,58.125000,58.134998,58.064999,58.080002,59.0000
SI,2026.07.29,09:15:00,58.119999,58.145000,58.060001,58.060001,85.0000
SI,2026.07.29,09:30:00,58.060001,58.105000,58.020000,58.070000,83.0000
SI,2026.07.29,09:45:00,58.075001,58.090000,57.919998,57.955002,137.0000
SI,2026.07.29,10:00:00,57.959999,57.970001,57.799999,57.845001,334.0000
SI,2026.07.29,10:15:00,57.830002,57.845001,57.740002,57.794998,177.0000
SI,2026.07.29,10:30:00,57.799999,57.825001,57.669998,57.685001,157.0000
SI,2026.07.29,10:45:00,57.695000,57.730000,57.599998,57.630001,202.0000
SI,2026.07.29,11:00:00,57.630001,57.825001,57.575001,57.805000,765.0000
SI,2026.07.29,11:15:00,57.814999,57.945000,57.805000,57.930000,142.0000
SI,2026.07.29,11:30:00,57.919998,57.980000,57.875000,57.945000,52.0000
SI,2026.07.29,11:45:00,57.935001,57.985001,57.845001,57.849998,117.0000
SI,2026.07.29,12:00:00,57.900002,57.945000,57.790001,57.814999,241.0000
SI,2026.07.29,12:15:00,57.820000,57.840000,57.165001,57.174999,1206.0000
SI,2026.07.29,12:30:00,57.180000,57.529999,57.070000,57.445000,699.0000
SI,2026.07.29,12:45:00,57.435001,57.564999,57.419998,57.494999,218.0000
SI,2026.07.29,13:00:00,57.520000,57.724998,57.320000,57.320000,732.0000
SI,2026.07.29,13:15:00,57.340000,57.595001,57.305000,57.455002,990.0000
SI,2026.07.29,13:30:00,57.455002,57.500000,57.285000,57.320000,647.0000
SI,2026.07.29,13:45:00,57.305000,57.320000,57.049999,57.185001,718.0000
SI,2026.07.29,14:00:00,57.200001,57.220001,57.064999,57.110001,547.0000
SI,2026.07.29,14:15:00,57.150002,57.459999,57.115002,57.294998,901.0000
SI,2026.07.29,14:30:00,57.264999,57.360001,57.060001,57.075001,515.0000
SI,2026.07.29,14:45:00,57.099998,57.224998,56.924999,57.205002,1304.0000
SI,2026.07.29,15:00:00,57.209999,57.299999,57.125000,57.209999,582.0000
SI,2026.07.29,15:15:00,57.224998,57.290001,57.070000,57.244999,480.0000
SI,2026.07.29,15:30:00,57.244999,57.314999,57.200001,57.259998,430.0000
SI,2026.07.29,15:45:00,57.255001,57.314999,57.130001,57.220001,684.0000
SI,2026.07.29,16:00:00,57.224998,57.264999,57.060001,57.060001,541.0000
SI,2026.07.29,16:15:00,57.044998,57.334999,57.035000,57.290001,500.0000
SI,2026.07.29,16:30:00,57.294998,57.310001,57.240002,57.279999,272.0000
SI,2026.07.29,16:45:00,57.270000,58.240002,57.230000,57.945000,2155.0000
SI,2026.07.29,17:00:00,57.935001,58.325001,57.935001,58.174999,1554.0000
SI,2026.07.29,17:15:00,58.180000,58.355000,57.924999,57.955002,2079.0000
SI,2026.07.29,17:30:00,57.955002,58.125000,57.869999,58.049999,447.0000
SI,2026.07.29,17:45:00,58.060001,58.230000,58.055000,58.154999,330.0000
SI,2026.07.29,18:00:00,58.150002,59.200001,58.150002,58.790001,3383.0000
SI,2026.07.29,18:15:00,58.799999,58.840000,58.375000,58.419998,951.0000
SI,2026.07.29,18:30:00,58.415001,59.055000,58.099998,58.945000,1544.0000
SI,2026.07.29,18:45:00,58.930000,59.389999,58.895000,59.320000,1271.0000
SI,2026.07.29,19:00:00,59.325001,59.540001,58.744999,59.025002,1368.0000
SI,2026.07.29,19:15:00,59.044998,59.200001,58.590000,58.695000,683.0000
SI,2026.07.29,19:30:00,58.705002,58.770000,58.125000,58.139999,879.0000
SI,2026.07.29,19:45:00,58.150002,58.220001,57.500000,57.525002,1116.0000
SI,2026.07.29,20:00:00,57.535000,57.689999,57.389999,57.535000,592.0000
SI,2026.07.29,20:15:00,57.514999,57.605000,57.279999,57.570000,322.0000
SI,2026.07.29,20:30:00,57.544998,57.849998,57.494999,57.830002,207.0000
SI,2026.07.29,20:45:00,57.820000,57.930000,57.799999,57.900002,213.0000
SI,2026.07.29,22:00:00,57.974998,58.490002,57.799999,58.395000,227.0000
SI,2026.07.29,22:15:00,58.400002,58.435001,58.290001,58.345001,81.0000
SI,2026.07.29,22:30:00,58.334999,58.470001,58.285000,58.470001,62.0000
SI,2026.07.29,22:45:00,58.470001,58.555000,58.435001,58.509998,93.0000
SI,2026.07.29,23:00:00,58.544998,58.759998,58.525002,58.525002,140.0000
SI,2026.07.29,23:15:00,58.525002,58.605000,58.500000,58.560001,54.0000
SI,2026.07.29,23:30:00,58.580002,58.639999,58.505001,58.505001,72.0000
SI,2026.07.29,23:45:00,58.535000,58.615002,58.439999,58.439999,60.0000
SI,2026.07.30,00:00:00,58.430000,58.494999,58.259998,58.345001,155.0000
SI,2026.07.30,00:15:00,58.340000,58.404999,58.119999,58.255001,313.0000
SI,2026.07.30,00:30:00,58.235001,58.240002,57.965000,57.994999,138.0000
SI,2026.07.30,00:45:00,58.025002,58.224998,58.000000,58.165001,446.0000
SI,2026.07.30,01:00:00,58.185001,58.880001,58.134998,58.514999,1113.0000
SI,2026.07.30,01:15:00,58.540001,58.849998,58.520000,58.770000,233.0000
SI,2026.07.30,01:30:00,58.799999,58.889999,58.715000,58.775002,176.0000
SI,2026.07.30,01:45:00,58.759998,58.860001,58.619999,58.619999,186.0000
SI,2026.07.30,02:00:00,58.705002,58.764999,58.459999,58.485001,173.0000
SI,2026.07.30,02:15:00,58.500000,58.500000,58.395000,58.424999,110.0000
SI,2026.07.30,02:30:00,58.459999,58.465000,57.980000,58.084999,490.0000
SI,2026.07.30,02:45:00,58.084999,58.189999,57.919998,57.955002,119.0000
SI,2026.07.30,03:00:00,57.935001,58.145000,57.799999,57.880001,249.0000
SI,2026.07.30,03:15:00,57.875000,57.900002,57.570000,57.615002,223.0000
SI,2026.07.30,03:30:00,57.680000,57.794998,57.575001,57.669998,144.0000
SI,2026.07.30,03:45:00,57.700001,57.794998,57.700001,57.730000,88.0000
SI,2026.07.30,04:00:00,57.770000,57.790001,57.634998,57.639999,53.0000
SI,2026.07.30,04:15:00,57.630001,57.685001,57.560001,57.685001,99.0000
SI,2026.07.30,04:30:00,57.660000,57.685001,57.490002,57.555000,105.0000
SI,2026.07.30,04:45:00,57.529999,57.630001,57.320000,57.410000,190.0000
SI,2026.07.30,05:00:00,57.400002,57.419998,57.215000,57.419998,243.0000
SI,2026.07.30,05:15:00,57.424999,57.529999,57.195000,57.525002,196.0000
SI,2026.07.30,05:30:00,57.520000,57.715000,57.160000,57.334999,572.0000
SI,2026.07.30,05:45:00,57.334999,57.494999,57.250000,57.275002,219.0000
SI,2026.07.30,06:00:00,57.290001,57.400002,57.250000,57.279999,271.0000
SI,2026.07.30,06:15:00,57.275002,57.514999,57.275002,57.360001,202.0000
SI,2026.07.30,06:30:00,57.360001,57.514999,57.314999,57.435001,288.0000
SI,2026.07.30,06:45:00,57.419998,57.544998,57.380001,57.384998,182.0000
SI,2026.07.30,07:00:00,57.384998,57.764999,57.365002,57.715000,244.0000
SI,2026.07.30,07:15:00,57.720001,57.750000,57.474998,57.509998,137.0000
SI,2026.07.30,07:30:00,57.450001,57.505001,57.275002,57.500000,119.0000
SI,2026.07.30,07:45:00,57.480000,57.509998,57.145000,57.169998,175.0000
SI,2026.07.30,08:00:00,57.154999,57.615002,57.119999,57.570000,382.0000
SI,2026.07.30,08:15:00,57.560001,58.020000,57.549999,57.945000,381.0000
SI,2026.07.30,08:30:00,57.965000,58.080002,57.799999,57.830002,220.0000
SI,2026.07.30,08:45:00,57.814999,57.889999,57.724998,57.830002,95.0000
SI,2026.07.30,09:00:00,57.845001,58.035000,57.840000,57.965000,197.0000
SI,2026.07.30,09:15:00,57.959999,58.110001,57.915001,57.994999,134.0000
SI,2026.07.30,09:30:00,57.985001,58.205002,57.904999,58.064999,250.0000
SI,2026.07.30,09:45:00,58.075001,58.185001,57.950001,57.980000,140.0000
SI,2026.07.30,10:00:00,57.965000,58.205002,57.935001,58.075001,93.0000
SI,2026.07.30,10:15:00,58.084999,58.365002,58.064999,58.325001,206.0000
SI,2026.07.30,10:30:00,58.325001,58.474998,58.279999,58.415001,326.0000
SI,2026.07.30,10:45:00,58.439999,58.494999,58.259998,58.285000,194.0000
SI,2026.07.30,11:00:00,58.290001,58.349998,58.180000,58.235001,366.0000
SI,2026.07.30,11:15:00,58.240002,58.369999,58.215000,58.275002,111.0000
SI,2026.07.30,11:30:00,58.290001,58.330002,58.235001,58.285000,108.0000
SI,2026.07.30,11:45:00,58.285000,58.375000,58.230000,58.340000,114.0000
SI,2026.07.30,12:00:00,58.334999,58.560001,58.264999,58.529999,419.0000
SI,2026.07.30,12:15:00,58.529999,58.535000,58.230000,58.389999,419.0000
SI,2026.07.30,12:30:00,58.400002,58.540001,58.130001,58.209999,690.0000
SI,2026.07.30,12:45:00,58.205002,58.375000,58.105000,58.235001,449.0000
SI,2026.07.30,13:00:00,58.244999,58.334999,58.025002,58.294998,1046.0000
SI,2026.07.30,13:15:00,58.299999,58.340000,58.044998,58.160000,315.0000
SI,2026.07.30,13:30:00,58.185001,58.529999,58.005001,58.270000,1482.0000
SI,2026.07.30,13:45:00,58.294998,58.790001,58.160000,58.770000,1158.0000
SI,2026.07.30,14:00:00,58.750000,58.865002,58.334999,58.375000,1388.0000
SI,2026.07.30,14:15:00,58.360001,58.470001,58.150002,58.365002,915.0000
SI,2026.07.30,14:30:00,58.355000,58.705002,58.325001,58.660000,797.0000
SI,2026.07.30,14:45:00,58.680000,58.689999,58.419998,58.590000,494.0000
SI,2026.07.30,15:00:00,58.570000,58.619999,58.310001,58.340000,497.0000
SI,2026.07.30,15:15:00,58.340000,58.779999,58.325001,58.645000,635.0000
SI,2026.07.30,15:30:00,58.625000,58.834999,58.560001,58.799999,467.0000
SI,2026.07.30,15:45:00,58.805000,58.900002,58.755001,58.845001,594.0000
SI,2026.07.30,16:00:00,58.845001,59.165001,58.845001,59.075001,1026.0000
SI,2026.07.30,16:15:00,59.075001,59.200001,59.035000,59.095001,553.0000
SI,2026.07.30,16:30:00,59.099998,59.110001,58.880001,58.880001,447.0000
SI,2026.07.30,16:45:00,58.889999,58.959999,58.820000,58.959999,306.0000
SI,2026.07.30,17:00:00,58.955002,58.974998,58.810001,58.825001,549.0000
SI,2026.07.30,17:15:00,58.830002,59.055000,58.775002,58.919998,1549.0000
SI,2026.07.30,17:30:00,58.904999,59.110001,58.880001,59.080002,503.0000
SI,2026.07.30,17:45:00,59.080002,59.099998,58.955002,59.000000,146.0000
SI,2026.07.30,18:00:00,59.009998,59.169998,59.009998,59.154999,313.0000
SI,2026.07.30,18:15:00,59.160000,59.160000,59.040001,59.130001,153.0000
SI,2026.07.30,18:30:00,59.115002,59.230000,59.095001,59.154999,143.0000
SI,2026.07.30,18:45:00,59.160000,59.160000,59.055000,59.084999,119.0000
SI,2026.07.30,19:00:00,59.084999,59.325001,59.070000,59.290001,328.0000
SI,2026.07.30,19:15:00,59.279999,59.494999,59.240002,59.435001,359.0000
SI,2026.07.30,19:30:00,59.424999,59.500000,59.345001,59.415001,274.0000
SI,2026.07.30,19:45:00,59.430000,59.474998,59.410000,59.450001,233.0000
SI,2026.07.30,20:00:00,59.445000,59.570000,59.415001,59.490002,653.0000
SI,2026.07.30,20:15:00,59.490002,59.535000,59.400002,59.415001,206.0000
SI,2026.07.30,20:30:00,59.430000,59.430000,59.250000,59.250000,253.0000
SI,2026.07.30,20:45:00,59.259998,59.285000,59.150002,59.264999,166.0000
SI,2026.07.30,22:00:00,59.259998,59.380001,59.250000,59.310001,26.0000
SI,2026.07.30,22:15:00,59.330002,59.340000,59.270000,59.279999,24.0000
SI,2026.07.30,22:30:00,59.305000,59.325001,59.264999,59.325001,59.0000
SI,2026.07.30,22:45:00,59.334999,59.334999,59.299999,59.299999,9.0000
SI,2026.07.30,23:00:00,59.299999,59.360001,59.235001,59.235001,37.0000
SI,2026.07.30,23:15:00,59.230000,59.294998,59.209999,59.264999,27.0000
SI,2026.07.30,23:30:00,59.290001,59.360001,59.290001,59.330002,16.0000
SI,2026.07.30,23:45:00,59.369999,59.404999,59.320000,59.320000,37.0000
SI,2026.07.31,00:00:00,59.334999,59.384998,59.244999,59.345001,59.0000
SI,2026.07.31,00:15:00,59.360001,59.360001,59.215000,59.220001,44.0000
SI,2026.07.31,00:30:00,59.235001,59.264999,59.080002,59.134998,97.0000
SI,2026.07.31,00:45:00,59.150002,59.150002,59.029999,59.130001,153.0000
SI,2026.07.31,01:00:00,59.095001,59.380001,58.994999,59.000000,313.0000
SI,2026.07.31,01:15:00,59.005001,59.055000,58.924999,59.020000,168.0000
SI,2026.07.31,01:30:00,59.009998,59.025002,58.860001,58.880001,110.0000
SI,2026.07.31,01:45:00,58.869999,59.035000,58.869999,58.930000,118.0000
SI,2026.07.31,02:00:00,58.930000,59.090000,58.869999,58.980000,159.0000
SI,2026.07.31,02:15:00,58.970001,58.970001,58.830002,58.860001,94.0000
SI,2026.07.31,02:30:00,58.840000,58.955002,58.750000,58.770000,259.0000
SI,2026.07.31,02:45:00,58.764999,58.790001,58.669998,58.740002,244.0000
SI,2026.07.31,03:00:00,58.735001,58.740002,58.560001,58.595001,233.0000
SI,2026.07.31,03:15:00,58.625000,58.645000,58.535000,58.625000,86.0000
SI,2026.07.31,03:30:00,58.630001,58.695000,58.619999,58.654999,59.0000
SI,2026.07.31,03:45:00,58.669998,58.689999,58.584999,58.615002,40.0000
SI,2026.07.31,04:00:00,58.599998,58.695000,58.584999,58.685001,59.0000
SI,2026.07.31,04:15:00,58.689999,58.759998,58.669998,58.755001,102.0000
SI,2026.07.31,04:30:00,58.744999,58.840000,58.744999,58.810001,101.0000
SI,2026.07.31,04:45:00,58.810001,58.875000,58.744999,58.875000,74.0000
SI,2026.07.31,05:00:00,58.880001,58.990002,58.865002,58.880001,105.0000
SI,2026.07.31,05:15:00,58.865002,58.910000,58.825001,58.855000,74.0000
SI,2026.07.31,05:30:00,58.869999,58.889999,58.695000,58.705002,195.0000
SI,2026.07.31,05:45:00,58.665001,58.665001,58.480000,58.575001,261.0000
SI,2026.07.31,06:00:00,58.580002,58.764999,58.490002,58.724998,185.0000
SI,2026.07.31,06:15:00,58.705002,58.820000,58.634998,58.785000,121.0000
SI,2026.07.31,06:30:00,58.785000,58.790001,58.555000,58.560001,182.0000
SI,2026.07.31,06:45:00,58.540001,58.615002,58.459999,58.509998,332.0000
SI,2026.07.31,07:00:00,58.490002,58.500000,58.259998,58.355000,358.0000
SI,2026.07.31,07:15:00,58.369999,58.465000,58.325001,58.395000,263.0000
SI,2026.07.31,07:30:00,58.369999,58.560001,58.365002,58.520000,166.0000
SI,2026.07.31,07:45:00,58.549999,58.619999,58.450001,58.450001,311.0000
SI,2026.07.31,08:00:00,58.470001,58.470001,58.330002,58.400002,208.0000
SI,2026.07.31,08:15:00,58.445000,58.529999,58.290001,58.294998,188.0000
SI,2026.07.31,08:30:00,58.279999,58.380001,58.200001,58.340000,233.0000
SI,2026.07.31,08:45:00,58.299999,58.419998,58.285000,58.415001,82.0000
SI,2026.07.31,09:00:00,58.384998,58.430000,58.220001,58.314999,225.0000
SI,2026.07.31,09:15:00,58.310001,58.349998,58.195000,58.250000,347.0000
SI,2026.07.31,09:30:00,58.244999,58.264999,58.115002,58.230000,178.0000
SI,2026.07.31,09:45:00,58.215000,58.275002,58.165001,58.185001,136.0000
SI,2026.07.31,10:00:00,58.185001,58.275002,58.154999,58.224998,99.0000
SI,2026.07.31,10:15:00,58.230000,58.230000,58.150002,58.174999,74.0000
SI,2026.07.31,10:30:00,58.160000,58.270000,58.150002,58.250000,61.0000
SI,2026.07.31,10:45:00,58.255001,58.285000,58.035000,58.095001,161.0000
SI,2026.07.31,11:00:00,58.099998,58.220001,57.955002,58.185001,578.0000
SI,2026.07.31,11:15:00,58.180000,58.290001,58.105000,58.209999,225.0000
SI,2026.07.31,11:30:00,58.205002,58.205002,57.875000,57.924999,320.0000
SI,2026.07.31,11:45:00,57.919998,58.099998,57.915001,58.049999,224.0000
SI,2026.07.31,12:00:00,58.060001,58.139999,57.950001,58.049999,202.0000
SI,2026.07.31,12:15:00,58.035000,58.090000,57.840000,57.840000,625.0000
SI,2026.07.31,12:30:00,57.845001,58.014999,57.665001,57.930000,687.0000
SI,2026.07.31,12:45:00,57.924999,57.994999,57.834999,57.860001,325.0000
SI,2026.07.31,13:00:00,57.849998,57.919998,57.474998,57.525002,1496.0000
SI,2026.07.31,13:15:00,57.529999,57.744999,57.404999,57.730000,786.0000
SI,2026.07.31,13:30:00,57.705002,57.740002,57.275002,57.375000,1274.0000
SI,2026.07.31,13:45:00,57.369999,57.555000,57.314999,57.400002,670.0000
SI,2026.07.31,14:00:00,57.404999,57.564999,57.220001,57.424999,878.0000
SI,2026.07.31,14:15:00,57.419998,57.605000,57.380001,57.544998,615.0000
SI,2026.07.31,14:30:00,57.535000,57.685001,57.505001,57.665001,517.0000
SI,2026.07.31,14:45:00,57.660000,57.884998,57.645000,57.705002,1454.0000
SI,2026.07.31,15:00:00,57.705002,57.785000,57.610001,57.759998,927.0000
SI,2026.07.31,15:15:00,57.740002,57.884998,57.535000,57.555000,613.0000
SI,2026.07.31,15:30:00,57.544998,57.685001,57.459999,57.639999,597.0000
SI,2026.07.31,15:45:00,57.625000,57.720001,57.560001,57.689999,372.0000
SI,2026.07.31,16:00:00,57.669998,57.689999,57.540001,57.619999,306.0000
SI,2026.07.31,16:15:00,57.630001,57.735001,57.564999,57.705002,291.0000
SI,2026.07.31,16:30:00,57.715000,57.840000,57.625000,57.634998,535.0000
SI,2026.07.31,16:45:00,57.625000,57.709999,57.625000,57.665001,226.0000
SI,2026.07.31,17:00:00,57.674999,57.735001,57.584999,57.735001,470.0000
SI,2026.07.31,17:15:00,57.730000,58.014999,57.715000,57.959999,1652.0000
SI,2026.07.31,17:30:00,57.965000,58.099998,57.935001,58.009998,523.0000
SI,2026.07.31,17:45:00,58.035000,58.119999,57.970001,58.080002,266.0000
SI,2026.07.31,18:00:00,58.080002,58.130001,57.985001,58.014999,232.0000
SI,2026.07.31,18:15:00,58.009998,58.105000,57.970001,58.064999,310.0000
SI,2026.07.31,18:30:00,58.070000,58.130001,58.009998,58.105000,180.0000
SI,2026.07.31,18:45:00,58.095001,58.145000,58.044998,58.134998,112.0000
SI,2026.07.31,19:00:00,58.145000,58.195000,58.070000,58.105000,132.0000
SI,2026.07.31,19:15:00,58.110001,58.160000,58.080002,58.145000,123.0000
SI,2026.07.31,19:30:00,58.139999,58.145000,58.025002,58.134998,237.0000
SI,2026.07.31,19:45:00,58.139999,58.195000,58.105000,58.139999,288.0000
SI,2026.07.31,20:00:00,58.125000,58.165001,57.924999,57.985001,144.0000
SI,2026.07.31,20:15:00,57.990002,58.035000,57.970001,58.000000,86.0000
SI,2026.07.31,20:30:00,58.000000,58.125000,57.970001,57.994999,115.0000
SI,2026.07.31,20:45:00,57.980000,58.095001,57.755001,57.785999,263.0000
SI,2026.08.02,22:00:00,58.660000,58.680000,58.605000,58.639999,32.0000
SI,2026.08.02,22:15:00,58.630001,58.630001,58.485001,58.615002,145.0000
SI,2026.08.02,22:30:00,58.599998,58.689999,58.595001,58.654999,86.0000
SI,2026.08.02,22:45:00,58.665001,58.674999,58.555000,58.555000,84.0000
SI,2026.08.02,23:00:00,58.555000,58.560001,58.380001,58.465000,143.0000
SI,2026.08.02,23:15:00,58.485001,58.555000,58.430000,58.529999,54.0000
SI,2026.08.02,23:30:00,58.540001,58.540001,58.410000,58.459999,39.0000
SI,2026.08.02,23:45:00,58.450001,58.520000,58.400002,58.520000,67.0000
SI,2026.08.03,00:00:00,58.505001,58.605000,58.340000,58.375000,127.0000
SI,2026.08.03,00:15:00,58.389999,58.445000,58.130001,58.235001,169.0000
SI,2026.08.03,00:30:00,58.285000,58.360001,58.080002,58.139999,105.0000
SI,2026.08.03,00:45:00,58.119999,58.240002,58.105000,58.165001,128.0000
SI,2026.08.03,01:00:00,58.130001,58.540001,58.014999,58.250000,349.0000
SI,2026.08.03,01:15:00,58.275002,58.424999,58.154999,58.380001,80.0000
SI,2026.08.03,01:30:00,58.400002,58.435001,58.250000,58.365002,161.0000
SI,2026.08.03,01:45:00,58.365002,58.459999,58.255001,58.410000,68.0000
SI,2026.08.03,02:00:00,58.430000,58.485001,58.270000,58.330002,107.0000
SI,2026.08.03,02:15:00,58.310001,58.404999,58.240002,58.345001,38.0000
SI,2026.08.03,02:30:00,58.349998,58.375000,58.139999,58.299999,121.0000
SI,2026.08.03,02:45:00,58.264999,58.400002,58.230000,58.345001,114.0000
SI,2026.08.03,03:00:00,58.325001,58.455002,58.325001,58.384998,91.0000
SI,2026.08.03,03:15:00,58.389999,58.480000,58.290001,58.334999,144.0000
SI,2026.08.03,03:30:00,58.369999,58.419998,58.310001,58.349998,43.0000
SI,2026.08.03,03:45:00,58.330002,58.439999,58.330002,58.404999,33.0000
SI,2026.08.03,04:00:00,58.435001,58.535000,58.415001,58.430000,94.0000
SI,2026.08.03,04:15:00,58.480000,58.590000,58.470001,58.564999,84.0000
SI,2026.08.03,04:30:00,58.580002,58.755001,58.580002,58.755001,163.0000
SI,2026.08.03,04:45:00,58.750000,58.775002,58.480000,58.494999,100.0000
SI,2026.08.03,05:00:00,58.500000,58.525002,58.334999,58.365002,98.0000
SI,2026.08.03,05:15:00,58.355000,58.435001,58.275002,58.334999,101.0000
SI,2026.08.03,05:30:00,58.310001,58.310001,57.965000,58.169998,459.0000
SI,2026.08.03,05:45:00,58.139999,58.365002,58.095001,58.345001,160.0000
SI,2026.08.03,06:00:00,58.349998,58.404999,58.294998,58.349998,163.0000
SI,2026.08.03,06:15:00,58.340000,58.799999,58.340000,58.564999,636.0000
SI,2026.08.03,06:30:00,58.555000,58.580002,58.355000,58.375000,188.0000
SI,2026.08.03,06:45:00,58.389999,58.459999,58.290001,58.310001,156.0000
SI,2026.08.03,07:00:00,58.314999,58.355000,58.145000,58.195000,200.0000
SI,2026.08.03,07:15:00,58.200001,58.244999,57.985001,58.240002,288.0000
SI,2026.08.03,07:30:00,58.220001,58.355000,58.215000,58.314999,108.0000
SI,2026.08.03,07:45:00,58.340000,58.555000,58.325001,58.485001,196.0000
SI,2026.08.03,08:00:00,58.480000,58.480000,58.365002,58.459999,150.0000
SI,2026.08.03,08:15:00,58.455002,58.459999,58.369999,58.389999,123.0000
SI,2026.08.03,08:30:00,58.400002,58.580002,58.369999,58.549999,136.0000
SI,2026.08.03,08:45:00,58.529999,58.570000,58.494999,58.535000,58.0000
SI,2026.08.03,09:00:00,58.560001,58.584999,58.480000,58.584999,86.0000
SI,2026.08.03,09:15:00,58.564999,58.599998,58.380001,58.380001,145.0000
SI,2026.08.03,09:30:00,58.400002,58.410000,58.275002,58.380001,150.0000
SI,2026.08.03,09:45:00,58.389999,58.450001,58.360001,58.410000,102.0000
SI,2026.08.03,10:00:00,58.400002,58.400002,58.299999,58.349998,109.0000
SI,2026.08.03,10:15:00,58.365002,58.365002,58.240002,58.275002,75.0000
SI,2026.08.03,10:30:00,58.250000,58.250000,58.099998,58.134998,123.0000
SI,2026.08.03,10:45:00,58.125000,58.205002,58.075001,58.160000,147.0000
SI,2026.08.03,11:00:00,58.150002,58.189999,58.049999,58.139999,273.0000
SI,2026.08.03,11:15:00,58.150002,58.150002,57.990002,58.080002,182.0000
SI,2026.08.03,11:30:00,58.060001,58.125000,57.935001,58.119999,245.0000
SI,2026.08.03,11:45:00,58.119999,58.250000,58.029999,58.189999,199.0000
SI,2026.08.03,12:00:00,58.174999,58.240002,57.924999,58.029999,255.0000
SI,2026.08.03,12:15:00,58.020000,58.049999,57.820000,57.830002,389.0000
SI,2026.08.03,12:30:00,57.840000,57.900002,57.654999,57.700001,486.0000
SI,2026.08.03,12:45:00,57.709999,57.750000,57.599998,57.645000,440.0000
SI,2026.08.03,13:00:00,57.639999,57.875000,56.889999,56.955002,2860.0000
SI,2026.08.03,13:15:00,56.945000,57.005001,56.770000,56.880001,1546.0000
SI,2026.08.03,13:30:00,56.869999,57.150002,56.705002,57.064999,1814.0000
SI,2026.08.03,13:45:00,57.060001,57.340000,57.000000,57.294998,1106.0000
SI,2026.08.03,14:00:00,57.290001,57.455002,57.205002,57.410000,1148.0000
SI,2026.08.03,14:15:00,57.404999,57.424999,57.264999,57.275002,533.0000
SI,2026.08.03,14:30:00,57.259998,57.445000,57.244999,57.424999,514.0000
SI,2026.08.03,14:45:00,57.410000,57.509998,57.299999,57.480000,765.0000
SI,2026.08.03,15:00:00,57.480000,57.654999,57.375000,57.555000,875.0000
SI,2026.08.03,15:15:00,57.549999,57.625000,57.369999,57.430000,798.0000
SI,2026.08.03,15:30:00,57.419998,57.599998,57.369999,57.549999,382.0000
SI,2026.08.03,15:45:00,57.555000,57.695000,57.555000,57.625000,402.0000
SI,2026.08.03,16:00:00,57.634998,57.669998,57.560001,57.615002,286.0000
SI,2026.08.03,16:15:00,57.610001,57.720001,57.580002,57.654999,381.0000
SI,2026.08.03,16:30:00,57.654999,57.930000,57.639999,57.834999,692.0000
SI,2026.08.03,16:45:00,57.825001,57.955002,57.794998,57.845001,536.0000
SI,2026.08.03,17:00:00,57.865002,57.884998,57.740002,57.820000,864.0000
SI,2026.08.03,17:15:00,57.820000,57.965000,57.805000,57.845001,1690.0000
SI,2026.08.03,17:30:00,57.855000,57.994999,57.845001,57.950001,289.0000
SI,2026.08.03,17:45:00,57.959999,57.970001,57.825001,57.825001,214.0000
SI,2026.08.03,18:00:00,57.830002,58.119999,57.805000,58.009998,504.0000
SI,2026.08.03,18:15:00,58.025002,58.099998,58.009998,58.075001,179.0000
SI,2026.08.03,18:30:00,58.075001,58.139999,58.035000,58.125000,179.0000
SI,2026.08.03,18:45:00,58.105000,58.145000,58.080002,58.110001,150.0000
SI,2026.08.03,19:00:00,58.099998,58.240002,58.099998,58.209999,371.0000
SI,2026.08.03,19:15:00,58.215000,58.389999,58.205002,58.320000,265.0000
SI,2026.08.03,19:30:00,58.330002,58.415001,58.279999,58.305000,322.0000
SI,2026.08.03,19:45:00,58.305000,58.355000,58.230000,58.270000,344.0000
SI,2026.08.03,20:00:00,58.264999,58.264999,58.185001,58.255001,100.0000
SI,2026.08.03,20:15:00,58.250000,58.325001,58.250000,58.314999,86.0000
SI,2026.08.03,20:30:00,58.325001,58.404999,58.325001,58.400002,116.0000
SI,2026.08.03,20:45:00,58.389999,58.415001,58.340000,58.395000,124.0000
SI,2026.08.03,22:00:00,58.380001,58.439999,58.209999,58.270000,92.0000
SI,2026.08.03,22:15:00,58.275002,58.310001,58.264999,58.310001,24.0000
SI,2026.08.03,22:30:00,58.299999,58.360001,58.299999,58.355000,50.0000
SI,2026.08.03,22:45:00,58.340000,58.369999,58.325001,58.349998,20.0000
SI,2026.08.03,23:00:00,58.340000,58.365002,58.310001,58.330002,54.0000
SI,2026.08.03,23:15:00,58.345001,58.360001,58.294998,58.299999,28.0000
SI,2026.08.03,23:30:00,58.294998,58.314999,58.290001,58.305000,21.0000
SI,2026.08.03,23:45:00,58.299999,58.474998,58.299999,58.459999,150.0000
SI,2026.08.04,00:00:00,58.465000,58.785000,58.435001,58.625000,462.0000
SI,2026.08.04,00:15:00,58.605000,58.619999,58.514999,58.540001,94.0000
SI,2026.08.04,00:30:00,58.544998,58.575001,58.459999,58.485001,93.0000
SI,2026.08.04,00:45:00,58.450001,58.459999,58.320000,58.340000,162.0000
SI,2026.08.04,01:00:00,58.345001,58.455002,58.185001,58.330002,437.0000
SI,2026.08.04,01:15:00,58.360001,58.555000,58.299999,58.549999,186.0000
SI,2026.08.04,01:30:00,58.564999,58.970001,58.544998,58.869999,727.0000
SI,2026.08.04,01:45:00,58.875000,59.049999,58.830002,58.889999,569.0000
SI,2026.08.04,02:00:00,58.869999,58.935001,58.770000,58.865002,216.0000
SI,2026.08.04,02:15:00,58.880001,58.965000,58.869999,58.884998,81.0000
SI,2026.08.04,02:30:00,58.904999,59.040001,58.814999,59.009998,276.0000
SI,2026.08.04,02:45:00,59.009998,59.035000,58.855000,58.869999,249.0000
SI,2026.08.04,03:00:00,58.865002,58.965000,58.814999,58.875000,291.0000
SI,2026.08.04,03:15:00,58.869999,59.044998,58.849998,58.980000,357.0000
SI,2026.08.04,03:30:00,58.959999,58.990002,58.849998,58.849998,225.0000
SI,2026.08.04,03:45:00,58.845001,58.945000,58.834999,58.910000,74.0000
SI,2026.08.04,04:00:00,58.884998,59.000000,58.875000,59.000000,106.0000
SI,2026.08.04,04:15:00,59.009998,59.139999,58.985001,59.125000,147.0000
SI,2026.08.04,04:30:00,59.145000,59.180000,59.119999,59.154999,109.0000
SI,2026.08.04,04:45:00,59.150002,59.255001,59.145000,59.189999,366.0000
SI,2026.08.04,05:00:00,59.189999,59.195000,58.959999,58.974998,202.0000
SI,2026.08.04,05:15:00,58.980000,59.189999,58.970001,59.154999,210.0000
SI,2026.08.04,05:30:00,59.154999,59.264999,59.035000,59.130001,314.0000
SI,2026.08.04,05:45:00,59.139999,59.244999,59.125000,59.205002,161.0000
SI,2026.08.04,06:00:00,59.220001,59.395000,59.209999,59.310001,565.0000
SI,2026.08.04,06:15:00,59.270000,59.270000,59.125000,59.145000,321.0000
SI,2026.08.04,06:30:00,59.139999,59.145000,59.020000,59.115002,244.0000
SI,2026.08.04,06:45:00,59.119999,59.160000,59.080002,59.150002,126.0000
SI,2026.08.04,07:00:00,59.154999,59.270000,59.139999,59.160000,240.0000
SI,2026.08.04,07:15:00,59.174999,59.294998,59.169998,59.244999,191.0000
SI,2026.08.04,07:30:00,59.220001,59.334999,59.115002,59.119999,309.0000
SI,2026.08.04,07:45:00,59.134998,59.220001,59.125000,59.205002,105.0000
SI,2026.08.04,08:00:00,59.209999,59.389999,59.189999,59.270000,284.0000
SI,2026.08.04,08:15:00,59.255001,59.290001,59.115002,59.154999,176.0000
SI,2026.08.04,08:30:00,59.169998,59.215000,59.080002,59.119999,403.0000
SI,2026.08.04,08:45:00,59.110001,59.115002,58.955002,58.974998,521.0000
SI,2026.08.04,09:00:00,58.974998,58.980000,58.799999,58.830002,291.0000
SI,2026.08.04,09:15:00,58.825001,59.014999,58.814999,58.939999,342.0000
SI,2026.08.04,09:30:00,58.945000,59.020000,58.900002,59.009998,122.0000
SI,2026.08.04,09:45:00,59.005001,59.009998,58.875000,58.965000,107.0000
SI,2026.08.04,10:00:00,58.959999,58.974998,58.849998,58.860001,99.0000
SI,2026.08.04,10:15:00,58.869999,58.919998,58.834999,58.880001,111.0000
SI,2026.08.04,10:30:00,58.889999,59.040001,58.779999,58.990002,310.0000
SI,2026.08.04,10:45:00,59.000000,59.259998,58.994999,59.005001,821.0000
SI,2026.08.04,11:00:00,59.005001,59.125000,58.959999,59.099998,283.0000
SI,2026.08.04,11:15:00,59.110001,59.290001,59.105000,59.275002,208.0000
SI,2026.08.04,11:30:00,59.299999,59.500000,59.200001,59.470001,688.0000
SI,2026.08.04,11:45:00,59.465000,59.715000,59.404999,59.680000,1460.0000
SI,2026.08.04,12:00:00,59.674999,59.735001,59.355000,59.435001,736.0000
SI,2026.08.04,12:15:00,59.445000,59.799999,59.369999,59.799999,809.0000
SI,2026.08.04,12:30:00,59.805000,60.189999,59.805000,59.939999,1868.0000
SI,2026.08.04,12:45:00,59.910000,60.090000,59.860001,60.090000,932.0000
SI,2026.08.04,13:00:00,60.095001,60.110001,59.650002,59.724998,1263.0000
SI,2026.08.04,13:15:00,59.720001,60.070000,59.560001,59.945000,1245.0000
SI,2026.08.04,13:30:00,59.950001,60.240002,59.810001,59.965000,2023.0000
SI,2026.08.04,13:45:00,59.965000,60.119999,59.900002,59.930000,1032.0000
SI,2026.08.04,14:00:00,59.939999,60.075001,59.810001,60.064999,861.0000
SI,2026.08.04,14:15:00,60.060001,60.095001,59.695000,59.775002,806.0000
SI,2026.08.04,14:30:00,59.750000,59.775002,59.520000,59.630001,1093.0000
SI,2026.08.04,14:45:00,59.610001,59.779999,59.590000,59.755001,873.0000
SI,2026.08.04,15:00:00,59.764999,59.840000,59.709999,59.750000,481.0000
SI,2026.08.04,15:15:00,59.759998,59.779999,59.544998,59.634998,477.0000
SI,2026.08.04,15:30:00,59.625000,59.930000,59.615002,59.915001,869.0000
SI,2026.08.04,15:45:00,59.915001,60.029999,59.869999,59.945000,718.0000
SI,2026.08.04,16:00:00,59.950001,60.000000,59.889999,59.910000,346.0000
SI,2026.08.04,16:15:00,59.919998,60.119999,59.834999,60.044998,531.0000
SI,2026.08.04,16:30:00,60.035000,60.064999,59.959999,60.064999,330.0000
SI,2026.08.04,16:45:00,60.049999,60.115002,60.020000,60.060001,388.0000
SI,2026.08.04,17:00:00,60.049999,60.224998,59.994999,60.185001,1237.0000
SI,2026.08.04,17:15:00,60.169998,60.285000,60.099998,60.115002,2838.0000
SI,2026.08.04,17:30:00,60.105000,60.185001,60.044998,60.165001,554.0000
SI,2026.08.04,17:45:00,60.165001,60.169998,60.020000,60.029999,332.0000
SI,2026.08.04,18:00:00,60.029999,60.055000,59.919998,59.980000,484.0000
SI,2026.08.04,18:15:00,59.980000,60.060001,59.945000,59.970001,298.0000
SI,2026.08.04,18:30:00,59.959999,59.980000,59.764999,59.805000,255.0000
SI,2026.08.04,18:45:00,59.799999,59.924999,59.794998,59.840000,247.0000
SI,2026.08.04,19:00:00,59.820000,59.924999,59.820000,59.840000,137.0000
SI,2026.08.04,19:15:00,59.865002,59.945000,59.805000,59.805000,145.0000
SI,2026.08.04,19:30:00,59.834999,59.935001,59.799999,59.895000,204.0000
SI,2026.08.04,19:45:00,59.889999,59.904999,59.744999,59.790001,433.0000
SI,2026.08.04,20:00:00,59.790001,59.834999,59.779999,59.814999,117.0000
SI,2026.08.04,20:15:00,59.814999,59.814999,59.689999,59.720001,119.0000
SI,2026.08.04,20:30:00,59.720001,59.770000,59.705002,59.750000,99.0000
SI,2026.08.04,20:45:00,59.764999,59.790001,59.724998,59.750000,159.0000
SI,2026.08.04,22:00:00,59.785000,59.830002,59.715000,59.759998,17.0000
SI,2026.08.04,22:15:00,59.764999,59.790001,59.744999,59.770000,21.0000
SI,2026.08.04,22:30:00,59.764999,59.825001,59.764999,59.775002,54.0000
SI,2026.08.04,22:45:00,59.794998,59.794998,59.705002,59.705002,49.0000
SI,2026.08.04,23:00:00,59.724998,59.730000,59.619999,59.680000,122.0000
SI,2026.08.04,23:15:00,59.715000,59.735001,59.645000,59.665001,37.0000
SI,2026.08.04,23:30:00,59.660000,59.680000,59.619999,59.639999,42.0000
SI,2026.08.04,23:45:00,59.654999,59.695000,59.619999,59.669998,35.0000
SI,2026.08.05,00:00:00,59.665001,59.730000,59.639999,59.669998,65.0000
SI,2026.08.05,00:15:00,59.650002,59.849998,59.639999,59.830002,97.0000
SI,2026.08.05,00:30:00,59.834999,59.924999,59.799999,59.814999,106.0000
SI,2026.08.05,00:45:00,59.825001,59.945000,59.799999,59.939999,99.0000
SI,2026.08.05,01:00:00,59.910000,60.020000,59.799999,59.900002,338.0000
SI,2026.08.05,01:15:00,59.884998,59.915001,59.755001,59.779999,79.0000
SI,2026.08.05,01:30:00,59.834999,60.105000,59.750000,60.090000,213.0000
SI,2026.08.05,01:45:00,60.090000,60.150002,60.020000,60.125000,101.0000
SI,2026.08.05,02:00:00,60.119999,60.134998,60.020000,60.060001,101.0000
SI,2026.08.05,02:15:00,60.075001,60.169998,60.035000,60.125000,95.0000
SI,2026.08.05,02:30:00,60.145000,60.875000,60.070000,60.779999,1425.0000
SI,2026.08.05,02:45:00,60.794998,61.099998,60.750000,60.924999,1293.0000
SI,2026.08.05,03:00:00,60.950001,61.209999,60.880001,61.169998,771.0000
SI,2026.08.05,03:15:00,61.165001,61.165001,61.029999,61.049999,218.0000
SI,2026.08.05,03:30:00,61.049999,61.075001,60.965000,60.980000,171.0000
SI,2026.08.05,03:45:00,60.990002,61.040001,60.970001,61.029999,129.0000
SI,2026.08.05,04:00:00,61.009998,61.125000,60.985001,61.055000,268.0000
SI,2026.08.05,04:15:00,61.044998,61.134998,61.040001,61.084999,151.0000
SI,2026.08.05,04:30:00,61.084999,61.130001,60.985001,61.014999,133.0000
SI,2026.08.05,04:45:00,60.994999,61.035000,60.939999,61.035000,73.0000
SI,2026.08.05,05:00:00,61.020000,61.064999,61.000000,61.060001,55.0000
SI,2026.08.05,05:15:00,61.070000,61.220001,61.040001,61.205002,173.0000
SI,2026.08.05,05:30:00,61.220001,61.645000,61.209999,61.610001,1411.0000
SI,2026.08.05,05:45:00,61.615002,61.889999,61.599998,61.695000,1088.0000
SI,2026.08.05,06:00:00,61.695000,61.830002,61.630001,61.790001,469.0000
SI,2026.08.05,06:15:00,61.790001,61.799999,61.660000,61.759998,294.0000
SI,2026.08.05,06:30:00,61.755001,62.180000,61.740002,62.099998,774.0000
SI,2026.08.05,06:45:00,62.110001,62.174999,62.025002,62.095001,378.0000
SI,2026.08.05,07:00:00,62.105000,62.180000,61.895000,61.935001,1006.0000
SI,2026.08.05,07:15:00,61.950001,62.119999,61.849998,61.875000,687.0000
SI,2026.08.05,07:30:00,61.884998,62.070000,61.830002,61.974998,402.0000
SI,2026.08.05,07:45:00,62.000000,62.130001,61.955002,62.119999,154.0000
SI,2026.08.05,08:00:00,62.105000,62.134998,61.880001,61.880001,360.0000
SI,2026.08.05,08:15:00,61.880001,61.904999,61.709999,61.814999,477.0000
SI,2026.08.05,08:30:00,61.785000,61.939999,61.720001,61.825001,398.0000
SI,2026.08.05,08:45:00,61.779999,61.779999,61.660000,61.709999,203.0000
SI,2026.08.05,09:00:00,61.724998,61.915001,61.720001,61.834999,371.0000
SI,2026.08.05,09:15:00,61.834999,61.834999,61.660000,61.674999,175.0000
SI,2026.08.05,09:30:00,61.700001,61.840000,61.650002,61.759998,124.0000
SI,2026.08.05,09:45:00,61.785000,61.785000,61.634998,61.705002,243.0000
SI,2026.08.05,10:00:00,61.685001,61.715000,61.455002,61.480000,271.0000
SI,2026.08.05,10:15:00,61.474998,61.619999,61.450001,61.470001,229.0000
SI,2026.08.05,10:30:00,61.459999,61.500000,61.375000,61.384998,123.0000
SI,2026.08.05,10:45:00,61.395000,61.529999,61.340000,61.514999,179.0000
SI,2026.08.05,11:00:00,61.520000,61.840000,61.485001,61.825001,572.0000
SI,2026.08.05,11:15:00,61.814999,62.060001,61.775002,61.985001,477.0000
SI,2026.08.05,11:30:00,61.985001,62.169998,61.939999,62.110001,405.0000
SI,2026.08.05,11:45:00,62.115002,62.290001,62.055000,62.224998,441.0000
SI,2026.08.05,12:00:00,62.240002,62.474998,62.235001,62.430000,790.0000
SI,2026.08.05,12:15:00,62.430000,62.759998,62.430000,62.490002,1515.0000
SI,2026.08.05,12:30:00,62.514999,62.580002,62.029999,62.060001,1239.0000
SI,2026.08.05,12:45:00,62.060001,62.180000,61.705002,61.735001,1186.0000
SI,2026.08.05,13:00:00,61.724998,62.205002,61.724998,62.005001,1801.0000
SI,2026.08.05,13:15:00,62.020000,62.375000,61.959999,62.340000,674.0000
SI,2026.08.05,13:30:00,62.330002,62.400002,62.090000,62.345001,1359.0000
SI,2026.08.05,13:45:00,62.314999,62.630001,62.105000,62.615002,1182.0000
SI,2026.08.05,14:00:00,62.605000,63.020000,62.549999,62.764999,1956.0000
SI,2026.08.05,14:15:00,62.779999,62.884998,62.645000,62.669998,1330.0000
SI,2026.08.05,14:30:00,62.669998,62.735001,62.439999,62.715000,1339.0000
SI,2026.08.05,14:45:00,62.730000,62.755001,62.360001,62.509998,1195.0000
SI,2026.08.05,15:00:00,62.505001,62.779999,62.474998,62.680000,985.0000
SI,2026.08.05,15:15:00,62.669998,62.840000,62.459999,62.674999,980.0000
SI,2026.08.05,15:30:00,62.669998,62.770000,62.540001,62.590000,713.0000
SI,2026.08.05,15:45:00,62.580002,62.584999,62.000000,62.139999,1675.0000
SI,2026.08.05,16:00:00,62.150002,62.195000,61.970001,62.119999,873.0000
SI,2026.08.05,16:15:00,62.134998,62.389999,62.049999,62.389999,1033.0000
SI,2026.08.05,16:30:00,62.395000,62.500000,62.305000,62.410000,653.0000
SI,2026.08.05,16:45:00,62.410000,62.430000,62.255001,62.314999,453.0000
SI,2026.08.05,17:00:00,62.320000,62.334999,62.174999,62.250000,840.0000
SI,2026.08.05,17:15:00,62.240002,62.349998,62.160000,62.330002,2010.0000
SI,2026.08.05,17:30:00,62.310001,62.465000,62.270000,62.395000,540.0000
SI,2026.08.05,17:45:00,62.380001,62.470001,62.349998,62.410000,331.0000
SI,2026.08.05,18:00:00,62.400002,62.465000,62.325001,62.349998,492.0000
SI,2026.08.05,18:15:00,62.345001,62.610001,62.334999,62.535000,444.0000
SI,2026.08.05,18:30:00,62.535000,62.540001,62.384998,62.435001,205.0000
SI,2026.08.05,18:45:00,62.435001,62.540001,62.419998,62.439999,112.0000
SI,2026.08.05,19:00:00,62.435001,62.535000,62.430000,62.505001,126.0000
SI,2026.08.05,19:15:00,62.485001,62.490002,62.345001,62.349998,390.0000
SI,2026.08.05,19:30:00,62.349998,62.365002,62.224998,62.279999,297.0000
SI,2026.08.05,19:45:00,62.299999,62.334999,62.240002,62.255001,424.0000
SI,2026.08.05,20:00:00,62.255001,62.299999,62.240002,62.285000,159.0000
SI,2026.08.05,20:15:00,62.299999,62.299999,62.174999,62.185001,136.0000
SI,2026.08.05,20:30:00,62.200001,62.285000,62.189999,62.224998,65.0000
SI,2026.08.05,20:45:00,62.224998,62.275002,62.185001,62.255001,44.0000
SI,2026.08.05,22:00:00,62.200001,62.369999,62.200001,62.299999,78.0000
SI,2026.08.05,22:15:00,62.314999,62.365002,62.310001,62.340000,12.0000
SI,2026.08.05,22:30:00,62.360001,62.369999,62.259998,62.264999,198.0000
SI,2026.08.05,22:45:00,62.259998,62.275002,62.220001,62.240002,56.0000
SI,2026.08.05,23:00:00,62.259998,62.330002,62.250000,62.320000,38.0000
SI,2026.08.05,23:15:00,62.310001,62.369999,62.310001,62.345001,147.0000
SI,2026.08.05,23:30:00,62.340000,62.549999,62.299999,62.474998,411.0000
SI,2026.08.05,23:45:00,62.485001,62.490002,62.380001,62.415001,166.0000
SI,2026.08.06,00:00:00,62.404999,62.500000,62.255001,62.389999,146.0000
SI,2026.08.06,00:15:00,62.415001,62.544998,62.330002,62.389999,196.0000
SI,2026.08.06,00:30:00,62.439999,62.599998,62.419998,62.584999,352.0000
SI,2026.08.06,00:45:00,62.590000,62.965000,62.580002,62.884998,779.0000
SI,2026.08.06,01:00:00,62.889999,63.320000,62.560001,62.660000,1774.0000
SI,2026.08.06,01:15:00,62.650002,62.695000,62.230000,62.290001,968.0000
SI,2026.08.06,01:30:00,62.275002,62.525002,62.264999,62.435001,263.0000
SI,2026.08.06,01:45:00,62.415001,62.639999,62.325001,62.465000,240.0000
SI,2026.08.06,02:00:00,62.465000,62.764999,62.430000,62.599998,235.0000
SI,2026.08.06,02:15:00,62.619999,62.730000,62.580002,62.599998,79.0000
SI,2026.08.06,02:30:00,62.580002,62.615002,62.334999,62.610001,226.0000
SI,2026.08.06,02:45:00,62.619999,62.660000,62.439999,62.520000,168.0000
SI,2026.08.06,03:00:00,62.505001,62.584999,62.419998,62.419998,89.0000
SI,2026.08.06,03:15:00,62.389999,62.389999,62.160000,62.230000,474.0000
SI,2026.08.06,03:30:00,62.250000,62.294998,62.165001,62.200001,102.0000
SI,2026.08.06,03:45:00,62.220001,62.310001,62.169998,62.310001,68.0000
SI,2026.08.06,04:00:00,62.330002,62.410000,62.285000,62.294998,91.0000
SI,2026.08.06,04:15:00,62.310001,62.349998,62.230000,62.244999,57.0000
SI,2026.08.06,04:30:00,62.294998,62.375000,62.279999,62.279999,39.0000
SI,2026.08.06,04:45:00,62.290001,62.380001,62.290001,62.355000,42.0000
SI,2026.08.06,05:00:00,62.314999,62.404999,62.264999,62.264999,119.0000
SI,2026.08.06,05:15:00,62.290001,62.290001,62.029999,62.029999,266.0000
SI,2026.08.06,05:30:00,62.025002,62.195000,61.790001,62.185001,677.0000
SI,2026.08.06,05:45:00,62.169998,62.404999,62.150002,62.360001,214.0000
SI,2026.08.06,06:00:00,62.369999,62.369999,62.105000,62.174999,275.0000
SI,2026.08.06,06:15:00,62.185001,62.185001,62.055000,62.134998,235.0000
SI,2026.08.06,06:30:00,62.134998,62.134998,61.720001,61.959999,650.0000
SI,2026.08.06,06:45:00,61.955002,62.000000,61.799999,61.865002,274.0000
SI,2026.08.06,07:00:00,61.865002,62.119999,61.845001,62.060001,512.0000
SI,2026.08.06,07:15:00,62.064999,62.174999,62.025002,62.090000,236.0000
SI,2026.08.06,07:30:00,62.095001,62.119999,61.990002,62.014999,78.0000
SI,2026.08.06,07:45:00,62.000000,62.165001,61.845001,62.145000,186.0000
SI,2026.08.06,08:00:00,62.174999,62.205002,62.000000,62.205002,126.0000
SI,2026.08.06,08:15:00,62.169998,62.215000,62.000000,62.105000,144.0000
SI,2026.08.06,08:30:00,62.125000,62.244999,62.095001,62.115002,175.0000
SI,2026.08.06,08:45:00,62.130001,62.345001,62.060001,62.330002,311.0000
SI,2026.08.06,09:00:00,62.340000,62.485001,62.125000,62.224998,426.0000
SI,2026.08.06,09:15:00,62.240002,62.305000,62.205002,62.285000,87.0000
SI,2026.08.06,09:30:00,62.310001,62.310001,62.040001,62.070000,260.0000
SI,2026.08.06,09:45:00,62.084999,62.154999,62.064999,62.145000,166.0000
SI,2026.08.06,10:00:00,62.145000,62.154999,62.029999,62.055000,116.0000
SI,2026.08.06,10:15:00,62.044998,62.150002,62.000000,62.134998,113.0000
SI,2026.08.06,10:30:00,62.119999,62.130001,61.980000,61.985001,177.0000
SI,2026.08.06,10:45:00,62.009998,62.174999,61.980000,62.000000,120.0000
SI,2026.08.06,11:00:00,62.009998,62.080002,61.880001,61.994999,381.0000
SI,2026.08.06,11:15:00,62.000000,62.060001,61.895000,62.060001,281.0000
SI,2026.08.06,11:30:00,62.060001,62.119999,61.965000,61.965000,172.0000
SI,2026.08.06,11:45:00,61.970001,62.075001,61.869999,62.075001,384.0000
SI,2026.08.06,12:00:00,62.099998,62.099998,61.794998,61.810001,455.0000
SI,2026.08.06,12:15:00,61.805000,61.980000,61.735001,61.900002,441.0000
SI,2026.08.06,12:30:00,61.869999,62.095001,61.799999,61.910000,526.0000
SI,2026.08.06,12:45:00,61.915001,61.915001,61.474998,61.500000,1149.0000
SI,2026.08.06,13:00:00,61.500000,61.810001,61.360001,61.430000,1735.0000
SI,2026.08.06,13:15:00,61.415001,61.650002,61.285000,61.639999,1170.0000
SI,2026.08.06,13:30:00,61.639999,62.049999,61.595001,61.959999,1323.0000
SI,2026.08.06,13:45:00,61.945000,61.945000,61.770000,61.860001,848.0000
SI,2026.08.06,14:00:00,61.865002,61.990002,61.794998,61.830002,671.0000
SI,2026.08.06,14:15:00,61.814999,61.895000,61.695000,61.790001,453.0000
SI,2026.08.06,14:30:00,61.785000,62.009998,61.779999,61.974998,415.0000
SI,2026.08.06,14:45:00,61.970001,62.000000,61.750000,61.919998,373.0000
SI,2026.08.06,15:00:00,61.955002,61.959999,61.779999,61.845001,374.0000
SI,2026.08.06,15:15:00,61.810001,61.810001,61.445000,61.639999,930.0000
SI,2026.08.06,15:30:00,61.650002,61.650002,61.450001,61.540001,476.0000
SI,2026.08.06,15:45:00,61.555000,61.595001,61.215000,61.330002,1096.0000
SI,2026.08.06,16:00:00,61.334999,61.555000,61.314999,61.360001,406.0000
SI,2026.08.06,16:15:00,61.365002,61.369999,61.119999,61.275002,907.0000
SI,2026.08.06,16:30:00,61.275002,61.459999,61.275002,61.415001,471.0000
SI,2026.08.06,16:45:00,61.435001,61.619999,61.400002,61.575001,341.0000
SI,2026.08.06,17:00:00,61.584999,61.674999,61.570000,61.570000,658.0000
SI,2026.08.06,17:15:00,61.575001,61.660000,61.544998,61.570000,1221.0000
SI,2026.08.06,17:30:00,61.564999,61.599998,61.509998,61.575001,168.0000
SI,2026.08.06,17:45:00,61.564999,61.785000,61.549999,61.720001,309.0000
SI,2026.08.06,18:00:00,61.735001,61.775002,61.660000,61.735001,117.0000
SI,2026.08.06,18:15:00,61.730000,61.785000,61.674999,61.744999,195.0000
SI,2026.08.06,18:30:00,61.740002,61.764999,61.680000,61.724998,185.0000
SI,2026.08.06,18:45:00,61.744999,61.805000,61.695000,61.730000,130.0000
SI,2026.08.06,19:00:00,61.750000,62.025002,61.750000,61.955002,364.0000
SI,2026.08.06,19:15:00,61.930000,61.965000,61.720001,61.755001,196.0000
SI,2026.08.06,19:30:00,61.764999,61.845001,61.685001,61.709999,139.0000
SI,2026.08.06,19:45:00,61.724998,62.075001,61.724998,62.029999,553.0000
SI,2026.08.06,20:00:00,62.025002,62.139999,61.900002,61.919998,717.0000
SI,2026.08.06,20:15:00,61.955002,61.959999,61.790001,61.814999,156.0000
SI,2026.08.06,20:30:00,61.834999,61.860001,61.735001,61.764999,126.0000
SI,2026.08.06,20:45:00,61.740002,61.830002,61.740002,61.785000,96.0000
SI,2026.08.06,22:00:00,61.855000,61.884998,61.695000,61.759998,18.0000
SI,2026.08.06,22:15:00,61.790001,61.834999,61.790001,61.799999,183.0000
SI,2026.08.06,22:30:00,61.805000,61.820000,61.775002,61.775002,11.0000
SI,2026.08.06,22:45:00,61.779999,61.820000,61.759998,61.759998,35.0000
SI,2026.08.06,23:00:00,61.755001,61.840000,61.744999,61.825001,52.0000
SI,2026.08.06,23:15:00,61.845001,61.865002,61.799999,61.805000,30.0000
SI,2026.08.06,23:30:00,61.845001,61.900002,61.845001,61.895000,44.0000
SI,2026.08.06,23:45:00,61.919998,61.959999,61.889999,61.930000,123.0000
SI,2026.08.07,00:00:00,61.915001,61.930000,61.750000,61.759998,64.0000
SI,2026.08.07,00:15:00,61.764999,61.790001,61.654999,61.700001,103.0000
SI,2026.08.07,00:30:00,61.685001,61.740002,61.450001,61.514999,265.0000
SI,2026.08.07,00:45:00,61.505001,61.575001,61.419998,61.470001,153.0000
SI,2026.08.07,01:00:00,61.485001,61.910000,61.439999,61.875000,473.0000
SI,2026.08.07,01:15:00,61.884998,62.080002,61.865002,62.044998,468.0000
SI,2026.08.07,01:30:00,62.044998,62.334999,61.955002,62.230000,402.0000
SI,2026.08.07,01:45:00,62.220001,62.389999,62.095001,62.360001,421.0000
SI,2026.08.07,02:00:00,62.369999,62.544998,62.340000,62.419998,555.0000
SI,2026.08.07,02:15:00,62.430000,62.575001,62.395000,62.555000,277.0000
SI,2026.08.07,02:30:00,62.560001,62.575001,62.220001,62.224998,359.0000
SI,2026.08.07,02:45:00,62.215000,62.400002,62.165001,62.279999,96.0000
SI,2026.08.07,03:00:00,62.285000,62.509998,62.285000,62.375000,105.0000
SI,2026.08.07,03:15:00,62.400002,62.470001,62.349998,62.450001,71.0000
SI,2026.08.07,03:30:00,62.459999,62.549999,62.419998,62.505001,128.0000
SI,2026.08.07,03:45:00,62.490002,62.615002,62.465000,62.580002,88.0000
SI,2026.08.07,04:00:00,62.580002,62.650002,62.520000,62.605000,117.0000
SI,2026.08.07,04:15:00,62.595001,62.610001,62.465000,62.500000,77.0000
SI,2026.08.07,04:30:00,62.480000,62.595001,62.459999,62.505001,57.0000
SI,2026.08.07,04:45:00,62.485001,62.535000,62.474998,62.525002,23.0000
SI,2026.08.07,05:00:00,62.525002,62.595001,62.439999,62.564999,127.0000
SI,2026.08.07,05:15:00,62.549999,62.575001,62.494999,62.520000,141.0000
SI,2026.08.07,05:30:00,62.525002,62.799999,62.490002,62.689999,542.0000
SI,2026.08.07,05:45:00,62.700001,63.044998,62.665001,62.950001,900.0000
SI,2026.08.07,06:00:00,62.965000,63.580002,62.865002,63.535000,1836.0000
SI,2026.08.07,06:15:00,63.529999,63.889999,63.439999,63.580002,2551.0000
SI,2026.08.07,06:30:00,63.605000,64.014999,63.514999,63.965000,1560.0000
SI,2026.08.07,06:45:00,63.970001,64.165001,63.884998,64.025002,1138.0000
SI,2026.08.07,07:00:00,64.010002,64.029999,63.764999,63.900002,813.0000
SI,2026.08.07,07:15:00,63.895000,63.985001,63.845001,63.895000,412.0000
SI,2026.08.07,07:30:00,63.900002,64.065002,63.900002,64.059998,524.0000
SI,2026.08.07,07:45:00,64.059998,64.169998,64.000000,64.139999,502.0000
SI,2026.08.07,08:00:00,64.144997,64.559998,64.120003,64.555000,876.0000
SI,2026.08.07,08:15:00,64.555000,64.680000,64.309998,64.375000,794.0000
SI,2026.08.07,08:30:00,64.370003,64.745003,64.355003,64.610001,827.0000
SI,2026.08.07,08:45:00,64.614998,64.639999,64.529999,64.610001,281.0000
SI,2026.08.07,09:00:00,64.625000,64.724998,64.559998,64.614998,417.0000
SI,2026.08.07,09:15:00,64.620003,64.714996,64.574997,64.644997,443.0000
SI,2026.08.07,09:30:00,64.654999,64.879997,64.570000,64.849998,479.0000
SI,2026.08.07,09:45:00,64.849998,64.959999,64.680000,64.750000,961.0000
SI,2026.08.07,10:00:00,64.739998,64.745003,64.635002,64.635002,462.0000
SI,2026.08.07,10:15:00,64.669998,64.699997,64.535004,64.610001,490.0000
SI,2026.08.07,10:30:00,64.614998,64.769997,64.589996,64.650002,302.0000
SI,2026.08.07,10:45:00,64.650002,64.730003,64.614998,64.614998,331.0000
SI,2026.08.07,11:00:00,64.625000,64.735001,64.430000,64.485001,866.0000
SI,2026.08.07,11:15:00,64.480003,64.480003,64.294998,64.449997,703.0000
SI,2026.08.07,11:30:00,64.449997,64.574997,64.285004,64.425003,721.0000
SI,2026.08.07,11:45:00,64.430000,64.550003,64.379997,64.410004,489.0000
SI,2026.08.07,12:00:00,64.425003,64.540001,64.349998,64.404999,630.0000
SI,2026.08.07,12:15:00,64.404999,64.404999,64.129997,64.275002,1107.0000
SI,2026.08.07,12:30:00,64.275002,65.480003,64.275002,65.110001,3788.0000
SI,2026.08.07,12:45:00,65.110001,65.379997,64.940002,65.040001,1971.0000
SI,2026.08.07,13:00:00,65.040001,65.120003,64.349998,64.385002,2460.0000
SI,2026.08.07,13:15:00,64.345001,64.510002,64.089996,64.455002,1351.0000
SI,2026.08.07,13:30:00,64.455002,64.635002,64.199997,64.519997,2002.0000
SI,2026.08.07,13:45:00,64.535004,64.629997,64.004997,64.154999,1518.0000
SI,2026.08.07,14:00:00,64.165001,64.184998,63.560001,63.755001,2142.0000
SI,2026.08.07,14:15:00,63.750000,64.099998,63.555000,63.994999,1342.0000
SI,2026.08.07,14:30:00,63.990002,64.040001,63.810001,63.849998,870.0000
SI,2026.08.07,14:45:00,63.855000,63.930000,63.564999,63.595001,1067.0000
SI,2026.08.07,15:00:00,63.605000,63.990002,63.595001,63.970001,923.0000
SI,2026.08.07,15:15:00,63.965000,63.965000,63.724998,63.724998,666.0000
SI,2026.08.07,15:30:00,63.715000,63.820000,63.595001,63.654999,716.0000
SI,2026.08.07,15:45:00,63.665001,63.750000,63.525002,63.555000,529.0000
SI,2026.08.07,16:00:00,63.570000,63.785000,63.334999,63.735001,855.0000
SI,2026.08.07,16:15:00,63.744999,63.814999,63.459999,63.555000,935.0000
SI,2026.08.07,16:30:00,63.544998,63.580002,63.404999,63.525002,889.0000
SI,2026.08.07,16:45:00,63.535000,63.590000,63.330002,63.380001,1170.0000
SI,2026.08.07,17:00:00,63.365002,63.535000,63.290001,63.419998,1104.0000
SI,2026.08.07,17:15:00,63.415001,63.575001,63.334999,63.535000,3557.0000
SI,2026.08.07,17:30:00,63.549999,63.625000,63.375000,63.575001,563.0000
SI,2026.08.07,17:45:00,63.535000,63.654999,63.520000,63.580002,461.0000
SI,2026.08.07,18:00:00,63.575001,63.634998,63.400002,63.415001,723.0000
SI,2026.08.07,18:15:00,63.439999,63.480000,63.369999,63.415001,587.0000
SI,2026.08.07,18:30:00,63.404999,63.575001,63.400002,63.459999,444.0000
SI,2026.08.07,18:45:00,63.474998,63.610001,63.470001,63.535000,300.0000
SI,2026.08.07,19:00:00,63.549999,63.889999,63.540001,63.764999,489.0000
SI,2026.08.07,19:15:00,63.775002,63.924999,63.735001,63.845001,567.0000
SI,2026.08.07,19:30:00,63.855000,63.915001,63.805000,63.865002,349.0000
SI,2026.08.07,19:45:00,63.884998,63.924999,63.720001,63.834999,378.0000
SI,2026.08.07,20:00:00,63.845001,63.845001,63.674999,63.730000,183.0000
SI,2026.08.07,20:15:00,63.715000,63.715000,63.645000,63.650002,124.0000
SI,2026.08.07,20:30:00,63.650002,63.740002,63.615002,63.685001,260.0000
SI,2026.08.07,20:45:00,63.680000,63.799999,63.499001,63.499001,201.0000
SI,2026.08.09,22:00:00,63.884998,64.055000,63.840000,63.945000,114.0000
SI,2026.08.09,22:15:00,63.930000,63.930000,63.715000,63.889999,130.0000
SI,2026.08.09,22:30:00,63.889999,63.919998,63.810001,63.830002,49.0000
SI,2026.08.09,22:45:00,63.820000,63.919998,63.820000,63.845001,41.0000
SI,2026.08.09,23:00:00,63.799999,64.080002,63.785000,64.050003,122.0000
SI,2026.08.09,23:15:00,64.059998,64.135002,64.000000,64.110001,97.0000
SI,2026.08.09,23:30:00,64.110001,64.135002,63.880001,63.904999,132.0000
SI,2026.08.09,23:45:00,63.939999,63.965000,63.689999,63.735001,95.0000
SI,2026.08.10,00:00:00,63.724998,64.230003,63.689999,64.230003,331.0000
SI,2026.08.10,00:15:00,64.199997,64.239998,63.845001,63.860001,182.0000
SI,2026.08.10,00:30:00,63.834999,63.845001,63.685001,63.705002,210.0000
SI,2026.08.10,00:45:00,63.689999,63.764999,63.520000,63.605000,290.0000
SI,2026.08.10,01:00:00,63.605000,63.919998,63.220001,63.380001,1100.0000
SI,2026.08.10,01:15:00,63.389999,63.639999,63.205002,63.240002,533.0000
SI,2026.08.10,01:30:00,63.215000,63.470001,63.195000,63.470001,218.0000
SI,2026.08.10,01:45:00,63.465000,63.685001,63.450001,63.645000,364.0000
SI,2026.08.10,02:00:00,63.650002,63.825001,63.540001,63.759998,248.0000
SI,2026.08.10,02:15:00,63.759998,63.889999,63.750000,63.884998,135.0000
SI,2026.08.10,02:30:00,63.855000,63.895000,63.615002,63.695000,213.0000
SI,2026.08.10,02:45:00,63.680000,63.685001,63.485001,63.580002,130.0000
SI,2026.08.10,03:00:00,63.584999,63.610001,63.455002,63.564999,60.0000
SI,2026.08.10,03:15:00,63.544998,63.735001,63.529999,63.700001,89.0000
SI,2026.08.10,03:30:00,63.689999,63.889999,63.680000,63.830002,152.0000
SI,2026.08.10,03:45:00,63.805000,63.855000,63.779999,63.814999,50.0000
SI,2026.08.10,04:00:00,63.820000,63.990002,63.755001,63.985001,159.0000
SI,2026.08.10,04:15:00,63.974998,64.114998,63.939999,64.000000,280.0000
SI,2026.08.10,04:30:00,63.985001,64.084999,63.945000,63.990002,109.0000
SI,2026.08.10,04:45:00,64.010002,64.065002,63.965000,64.044998,79.0000
SI,2026.08.10,05:00:00,64.040001,64.055000,63.930000,63.950001,86.0000
SI,2026.08.10,05:15:00,63.955002,63.965000,63.895000,63.930000,52.0000
SI,2026.08.10,05:30:00,63.924999,64.239998,63.814999,64.209999,654.0000
SI,2026.08.10,05:45:00,64.205002,64.525002,64.135002,64.345001,859.0000
SI,2026.08.10,06:00:00,64.339996,64.445000,64.239998,64.389999,314.0000
SI,2026.08.10,06:15:00,64.379997,64.480003,64.235001,64.400002,374.0000
SI,2026.08.10,06:30:00,64.400002,64.404999,64.254997,64.385002,247.0000
SI,2026.08.10,06:45:00,64.404999,64.459999,64.330002,64.440002,239.0000
SI,2026.08.10,07:00:00,64.445000,64.470001,64.269997,64.355003,258.0000
SI,2026.08.10,07:15:00,64.349998,64.610001,64.305000,64.525002,364.0000
SI,2026.08.10,07:30:00,64.519997,64.599998,64.445000,64.574997,196.0000
SI,2026.08.10,07:45:00,64.550003,64.629997,64.459999,64.504997,151.0000
SI,2026.08.10,08:00:00,64.510002,64.525002,64.375000,64.480003,168.0000
SI,2026.08.10,08:15:00,64.449997,64.584999,64.425003,64.555000,166.0000
SI,2026.08.10,08:30:00,64.565002,64.599998,64.279999,64.334999,232.0000
SI,2026.08.10,08:45:00,64.330002,64.385002,64.269997,64.349998,139.0000
SI,2026.08.10,09:00:00,64.385002,64.470001,64.355003,64.464996,105.0000
SI,2026.08.10,09:15:00,64.459999,64.459999,64.370003,64.410004,25.0000
SI,2026.08.10,09:30:00,64.415001,64.415001,64.260002,64.330002,149.0000
SI,2026.08.10,09:45:00,64.339996,64.370003,64.260002,64.264999,468.0000
SI,2026.08.10,10:00:00,64.245003,64.269997,64.184998,64.199997,309.0000
SI,2026.08.10,10:15:00,64.195000,64.254997,64.150002,64.239998,169.0000
SI,2026.08.10,10:30:00,64.245003,64.260002,64.129997,64.160004,161.0000
SI,2026.08.10,10:45:00,64.160004,64.220001,64.084999,64.110001,382.0000
SI,2026.08.10,11:00:00,64.125000,64.169998,64.004997,64.080002,532.0000
SI,2026.08.10,11:15:00,64.089996,64.245003,64.000000,64.220001,290.0000
SI,2026.08.10,11:30:00,64.214996,64.300003,64.195000,64.260002,197.0000
SI,2026.08.10,11:45:00,64.260002,64.300003,64.129997,64.250000,215.0000
SI,2026.08.10,12:00:00,64.250000,64.320000,64.160004,64.199997,314.0000
SI,2026.08.10,12:15:00,64.195000,64.199997,63.955002,64.074997,492.0000
SI,2026.08.10,12:30:00,64.059998,64.160004,63.985001,64.120003,601.0000
SI,2026.08.10,12:45:00,64.084999,64.199997,64.055000,64.055000,403.0000
SI,2026.08.10,13:00:00,64.055000,64.184998,63.785000,64.144997,1095.0000
SI,2026.08.10,13:15:00,64.144997,64.235001,64.074997,64.165001,469.0000
SI,2026.08.10,13:30:00,64.165001,64.349998,64.084999,64.154999,830.0000
SI,2026.08.10,13:45:00,64.190002,64.224998,63.820000,63.845001,1097.0000
SI,2026.08.10,14:00:00,63.849998,64.230003,63.834999,64.220001,933.0000
SI,2026.08.10,14:15:00,64.214996,64.805000,64.110001,64.699997,2141.0000
SI,2026.08.10,14:30:00,64.705002,64.940002,64.669998,64.904999,1316.0000
SI,2026.08.10,14:45:00,64.904999,65.074997,64.769997,64.945000,1369.0000
SI,2026.08.10,15:00:00,64.959999,65.044998,64.860001,64.900002,797.0000
SI,2026.08.10,15:15:00,64.900002,64.949997,64.745003,64.790001,1189.0000
SI,2026.08.10,15:30:00,64.794998,64.925003,64.764999,64.839996,488.0000
SI,2026.08.10,15:45:00,64.845001,65.375000,64.815002,65.264999,1284.0000
SI,2026.08.10,16:00:00,65.254997,65.510002,65.235001,65.334999,1186.0000
SI,2026.08.10,16:15:00,65.339996,65.445000,65.294998,65.389999,570.0000
SI,2026.08.10,16:30:00,65.379997,65.410004,65.029999,65.055000,1505.0000
SI,2026.08.10,16:45:00,65.070000,65.135002,64.964996,65.125000,671.0000
SI,2026.08.10,17:00:00,65.129997,65.245003,65.014999,65.220001,1007.0000
SI,2026.08.10,17:15:00,65.224998,65.370003,65.205002,65.334999,1916.0000
SI,2026.08.10,17:30:00,65.334999,65.425003,65.290001,65.290001,487.0000
SI,2026.08.10,17:45:00,65.294998,65.394997,65.239998,65.305000,699.0000
SI,2026.08.10,18:00:00,65.315002,65.360001,65.250000,65.269997,275.0000
SI,2026.08.10,18:15:00,65.254997,65.305000,65.209999,65.294998,192.0000
SI,2026.08.10,18:30:00,65.300003,65.934998,65.279999,65.779999,1147.0000
SI,2026.08.10,18:45:00,65.769997,65.834999,65.620003,65.800003,487.0000
SI,2026.08.10,19:00:00,65.800003,66.010002,65.800003,65.940002,512.0000
SI,2026.08.10,19:15:00,65.964996,66.250000,65.949997,66.114998,784.0000
SI,2026.08.10,19:30:00,66.120003,66.169998,66.000000,66.029999,562.0000
SI,2026.08.10,19:45:00,66.035004,66.220001,65.870003,65.910004,571.0000
SI,2026.08.10,20:00:00,65.915001,65.970001,65.879997,65.915001,167.0000
SI,2026.08.10,20:15:00,65.925003,66.029999,65.855003,66.019997,174.0000
SI,2026.08.10,20:30:00,66.014999,66.035004,65.949997,65.949997,134.0000
SI,2026.08.10,20:45:00,65.925003,65.949997,65.860001,65.879997,69.0000
SI,2026.08.10,22:00:00,65.945000,65.945000,65.824997,65.930000,81.0000
SI,2026.08.10,22:15:00,65.930000,65.945000,65.910004,65.925003,41.0000
SI,2026.08.10,22:30:00,65.925003,65.985001,65.885002,65.980003,73.0000
SI,2026.08.10,22:45:00,65.985001,66.040001,65.970001,66.004997,67.0000
SI,2026.08.10,23:00:00,66.029999,66.070000,65.915001,65.934998,72.0000
SI,2026.08.10,23:15:00,65.904999,65.934998,65.879997,65.904999,39.0000
SI,2026.08.10,23:30:00,65.919998,65.959999,65.879997,65.959999,21.0000
SI,2026.08.10,23:45:00,65.949997,65.989998,65.910004,65.989998,70.0000
SI,2026.08.11,00:00:00,65.995003,66.230003,65.930000,66.175003,284.0000
SI,2026.08.11,00:15:00,66.150002,66.400002,66.129997,66.364998,295.0000
SI,2026.08.11,00:30:00,66.370003,66.370003,65.980003,66.114998,408.0000
SI,2026.08.11,00:45:00,66.120003,66.190002,65.875000,65.985001,279.0000
SI,2026.08.11,01:00:00,65.985001,66.279999,65.595001,66.205002,1261.0000
SI,2026.08.11,01:15:00,66.205002,66.275002,65.985001,66.205002,468.0000
SI,2026.08.11,01:30:00,66.209999,66.485001,66.014999,66.290001,868.0000
SI,2026.08.11,01:45:00,66.279999,66.684998,66.279999,66.485001,862.0000
SI,2026.08.11,02:00:00,66.504997,66.525002,66.245003,66.500000,705.0000
SI,2026.08.11,02:15:00,66.510002,66.514999,66.404999,66.485001,98.0000
SI,2026.08.11,02:30:00,66.489998,66.500000,65.904999,66.084999,684.0000
SI,2026.08.11,02:45:00,66.055000,66.074997,65.750000,65.885002,294.0000
SI,2026.08.11,03:00:00,65.934998,66.040001,65.885002,65.970001,128.0000
SI,2026.08.11,03:15:00,65.980003,66.070000,65.934998,65.980003,83.0000
SI,2026.08.11,03:30:00,65.995003,66.120003,65.974998,65.974998,91.0000
SI,2026.08.11,03:45:00,65.995003,66.040001,65.940002,65.959999,87.0000
SI,2026.08.11,04:00:00,65.955002,66.035004,65.910004,65.959999,153.0000
SI,2026.08.11,04:15:00,65.959999,65.995003,65.860001,65.910004,115.0000
SI,2026.08.11,04:30:00,65.900002,66.014999,65.650002,65.684998,447.0000
SI,2026.08.11,04:45:00,65.660004,65.760002,65.580002,65.760002,248.0000
SI,2026.08.11,05:00:00,65.735001,65.735001,65.565002,65.595001,224.0000
SI,2026.08.11,05:15:00,65.595001,65.595001,65.275002,65.294998,816.0000
SI,2026.08.11,05:30:00,65.275002,65.300003,64.705002,64.949997,1837.0000
SI,2026.08.11,05:45:00,64.940002,65.025002,64.735001,65.010002,642.0000
SI,2026.08.11,06:00:00,65.000000,65.209999,64.915001,64.934998,828.0000
SI,2026.08.11,06:15:00,64.930000,65.029999,64.565002,64.595001,727.0000
SI,2026.08.11,06:30:00,64.589996,64.754997,64.470001,64.675003,744.0000
SI,2026.08.11,06:45:00,64.669998,64.785004,64.620003,64.709999,295.0000
SI,2026.08.11,07:00:00,64.709999,64.815002,64.660004,64.745003,251.0000
SI,2026.08.11,07:15:00,64.709999,64.764999,64.559998,64.625000,360.0000
SI,2026.08.11,07:30:00,64.635002,64.760002,64.544998,64.589996,235.0000
SI,2026.08.11,07:45:00,64.599998,64.705002,64.565002,64.635002,213.0000
SI,2026.08.11,08:00:00,64.669998,64.940002,64.665001,64.889999,547.0000
SI,2026.08.11,08:15:00,64.875000,64.930000,64.760002,64.900002,234.0000
SI,2026.08.11,08:30:00,64.900002,65.074997,64.864998,65.040001,416.0000
SI,2026.08.11,08:45:00,65.040001,65.105003,64.885002,64.885002,392.0000
SI,2026.08.11,09:00:00,64.860001,65.035004,64.820000,64.970001,439.0000
SI,2026.08.11,09:15:00,64.974998,65.089996,64.959999,65.004997,249.0000
SI,2026.08.11,09:30:00,65.035004,65.099998,64.989998,65.050003,70.0000
SI,2026.08.11,09:45:00,65.050003,65.154999,65.050003,65.084999,118.0000
SI,2026.08.11,10:00:00,65.099998,65.160004,65.004997,65.065002,230.0000
SI,2026.08.11,10:15:00,65.114998,65.334999,65.110001,65.250000,355.0000
SI,2026.08.11,10:30:00,65.250000,65.285004,65.160004,65.180000,258.0000
SI,2026.08.11,10:45:00,65.214996,65.309998,65.205002,65.285004,192.0000
SI,2026.08.11,11:00:00,65.294998,65.514999,65.235001,65.440002,789.0000
SI,2026.08.11,11:15:00,65.445000,65.489998,65.320000,65.430000,225.0000
SI,2026.08.11,11:30:00,65.434998,65.445000,65.309998,65.379997,174.0000
SI,2026.08.11,11:45:00,65.370003,65.474998,65.355003,65.364998,319.0000
SI,2026.08.11,12:00:00,65.355003,65.514999,65.195000,65.500000,673.0000
SI,2026.08.11,12:15:00,65.459999,65.470001,65.055000,65.120003,962.0000
SI,2026.08.11,12:30:00,65.125000,65.250000,65.000000,65.245003,640.0000
SI,2026.08.11,12:45:00,65.264999,65.275002,65.004997,65.014999,412.0000
SI,2026.08.11,13:00:00,65.019997,65.339996,64.970001,65.089996,1106.0000
SI,2026.08.11,13:15:00,65.089996,65.254997,64.974998,65.099998,601.0000
SI,2026.08.11,13:30:00,65.099998,65.379997,64.879997,65.315002,1278.0000
SI,2026.08.11,13:45:00,65.324997,65.449997,64.925003,65.050003,1267.0000
SI,2026.08.11,14:00:00,65.044998,65.135002,64.945000,65.089996,773.0000
SI,2026.08.11,14:15:00,65.105003,65.205002,64.934998,65.010002,754.0000
SI,2026.08.11,14:30:00,65.019997,65.264999,65.000000,65.230003,465.0000
SI,2026.08.11,14:45:00,65.245003,65.290001,65.135002,65.165001,474.0000
SI,2026.08.11,15:00:00,65.190002,65.320000,65.065002,65.180000,625.0000
SI,2026.08.11,15:15:00,65.160004,65.160004,64.904999,65.019997,911.0000
SI,2026.08.11,15:30:00,65.000000,65.019997,64.519997,64.800003,1733.0000
SI,2026.08.11,15:45:00,64.790001,65.125000,64.769997,65.125000,941.0000
SI,2026.08.11,16:00:00,65.110001,65.190002,65.025002,65.139999,609.0000
SI,2026.08.11,16:15:00,65.135002,65.279999,65.099998,65.209999,751.0000
SI,2026.08.11,16:30:00,65.199997,65.245003,65.105003,65.114998,556.0000
SI,2026.08.11,16:45:00,65.125000,65.154999,65.035004,65.080002,669.0000
SI,2026.08.11,17:00:00,65.099998,65.139999,64.974998,64.974998,983.0000
SI,2026.08.11,17:15:00,64.964996,65.059998,64.860001,64.934998,2106.0000
SI,2026.08.11,17:30:00,64.925003,64.955002,64.834999,64.919998,1015.0000
SI,2026.08.11,17:45:00,64.915001,65.010002,64.709999,64.724998,465.0000
SI,2026.08.11,18:00:00,64.720001,64.769997,64.570000,64.625000,536.0000
SI,2026.08.11,18:15:00,64.635002,64.764999,64.610001,64.635002,380.0000
SI,2026.08.11,18:30:00,64.625000,64.925003,64.614998,64.875000,219.0000
SI,2026.08.11,18:45:00,64.849998,64.940002,64.849998,64.885002,168.0000
SI,2026.08.11,19:00:00,64.889999,64.889999,64.720001,64.745003,212.0000
SI,2026.08.11,19:15:00,64.735001,64.915001,64.675003,64.894997,168.0000
SI,2026.08.11,19:30:00,64.910004,64.989998,64.800003,64.824997,373.0000
SI,2026.08.11,19:45:00,64.834999,64.995003,64.769997,64.930000,309.0000
SI,2026.08.11,20:00:00,64.949997,64.949997,64.839996,64.870003,89.0000
SI,2026.08.11,20:15:00,64.870003,64.879997,64.805000,64.864998,195.0000
SI,2026.08.11,20:30:00,64.879997,64.879997,64.805000,64.834999,69.0000
SI,2026.08.11,20:45:00,64.839996,64.870003,64.820000,64.845001,68.0000
SI,2026.08.11,21:00:00,64.860001,64.860001,64.860001,64.860001,1.0000
SI,2026.08.11,22:00:00,64.875000,65.014999,64.809998,65.010002,61.0000
SI,2026.08.11,22:15:00,64.989998,65.050003,64.985001,65.029999,65.0000
SI,2026.08.11,22:30:00,65.040001,65.065002,65.004997,65.029999,51.0000
SI,2026.08.11,22:45:00,65.035004,65.040001,64.919998,64.934998,62.0000
SI,2026.08.11,23:00:00,64.940002,65.010002,64.900002,64.964996,47.0000
SI,2026.08.11,23:15:00,65.000000,65.004997,64.934998,64.974998,43.0000
SI,2026.08.11,23:30:00,64.985001,64.985001,64.879997,64.894997,23.0000
SI,2026.08.11,23:45:00,64.910004,64.949997,64.904999,64.940002,40.0000
SI,2026.08.12,00:00:00,64.940002,65.114998,64.879997,65.084999,69.0000
SI,2026.08.12,00:15:00,65.084999,65.084999,64.955002,65.084999,52.0000
SI,2026.08.12,00:30:00,65.129997,65.199997,65.044998,65.099998,96.0000
SI,2026.08.12,00:45:00,65.105003,65.120003,64.959999,65.070000,125.0000
SI,2026.08.12,01:00:00,65.080002,65.370003,64.955002,65.330002,367.0000
SI,2026.08.12,01:15:00,65.345001,65.355003,65.169998,65.180000,163.0000
SI,2026.08.12,01:30:00,65.184998,65.220001,65.014999,65.190002,129.0000
SI,2026.08.12,01:45:00,65.184998,65.315002,65.120003,65.300003,172.0000
SI,2026.08.12,02:00:00,65.305000,65.309998,65.209999,65.250000,188.0000
SI,2026.08.12,02:15:00,65.239998,65.404999,65.195000,65.294998,189.0000
SI,2026.08.12,02:30:00,65.339996,65.730003,65.199997,65.570000,610.0000
SI,2026.08.12,02:45:00,65.565002,65.714996,65.510002,65.599998,1271.0000
SI,2026.08.12,03:00:00,65.625000,65.955002,65.614998,65.820000,824.0000
SI,2026.08.12,03:15:00,65.809998,65.809998,65.650002,65.690002,243.0000
SI,2026.08.12,03:30:00,65.680000,65.699997,65.614998,65.639999,175.0000
SI,2026.08.12,03:45:00,65.650002,65.660004,65.550003,65.555000,131.0000
SI,2026.08.12,04:00:00,65.555000,65.555000,65.364998,65.379997,129.0000
SI,2026.08.12,04:15:00,65.385002,65.410004,65.279999,65.404999,259.0000
SI,2026.08.12,04:30:00,65.404999,65.480003,65.355003,65.470001,94.0000
SI,2026.08.12,04:45:00,65.455002,65.565002,65.449997,65.519997,80.0000
SI,2026.08.12,05:00:00,65.535004,65.559998,65.394997,65.400002,108.0000
SI,2026.08.12,05:15:00,65.379997,65.379997,65.220001,65.290001,206.0000
SI,2026.08.12,05:30:00,65.279999,65.480003,65.120003,65.290001,601.0000
SI,2026.08.12,05:45:00,65.285004,65.510002,65.239998,65.474998,283.0000
SI,2026.08.12,06:00:00,65.455002,65.485001,65.315002,65.445000,328.0000
SI,2026.08.12,06:15:00,65.430000,65.620003,65.400002,65.555000,179.0000
SI,2026.08.12,06:30:00,65.570000,65.995003,65.540001,65.925003,579.0000
SI,2026.08.12,06:45:00,65.949997,66.214996,65.949997,66.120003,820.0000
SI,2026.08.12,07:00:00,66.135002,66.290001,66.040001,66.180000,502.0000
SI,2026.08.12,07:15:00,66.150002,66.214996,66.025002,66.160004,348.0000
SI,2026.08.12,07:30:00,66.165001,66.264999,66.120003,66.205002,334.0000
SI,2026.08.12,07:45:00,66.214996,66.379997,66.169998,66.230003,340.0000
SI,2026.08.12,08:00:00,66.260002,66.394997,66.250000,66.324997,368.0000
SI,2026.08.12,08:15:00,66.315002,66.480003,66.260002,66.480003,339.0000
SI,2026.08.12,08:30:00,66.480003,66.550003,66.394997,66.404999,528.0000
SI,2026.08.12,08:45:00,66.400002,66.419998,66.305000,66.315002,279.0000
SI,2026.08.12,09:00:00,66.320000,66.720001,66.315002,66.709999,657.0000
SI,2026.08.12,09:15:00,66.720001,66.980003,66.654999,66.675003,904.0000
SI,2026.08.12,09:30:00,66.675003,66.714996,66.610001,66.614998,365.0000
SI,2026.08.12,09:45:00,66.614998,66.660004,66.519997,66.610001,404.0000
SI,2026.08.12,10:00:00,66.605003,66.605003,66.504997,66.555000,218.0000
SI,2026.08.12,10:15:00,66.550003,66.620003,66.529999,66.555000,182.0000
SI,2026.08.12,10:30:00,66.544998,66.555000,66.464996,66.474998,154.0000
SI,2026.08.12,10:45:00,66.470001,66.519997,66.275002,66.449997,541.0000
SI,2026.08.12,11:00:00,66.470001,66.510002,66.339996,66.445000,558.0000
SI,2026.08.12,11:15:00,66.430000,66.580002,66.370003,66.544998,228.0000
SI,2026.08.12,11:30:00,66.544998,66.559998,66.449997,66.485001,188.0000
SI,2026.08.12,11:45:00,66.504997,66.529999,66.449997,66.510002,169.0000
SI,2026.08.12,12:00:00,66.495003,66.495003,66.269997,66.320000,398.0000
SI,2026.08.12,12:15:00,66.330002,66.760002,66.110001,66.660004,927.0000
SI,2026.08.12,12:30:00,66.680000,66.900002,65.800003,66.730003,3001.0000
SI,2026.08.12,12:45:00,66.680000,66.745003,66.349998,66.739998,1163.0000
SI,2026.08.12,13:00:00,66.735001,66.879997,66.245003,66.275002,1647.0000
SI,2026.08.12,13:15:00,66.264999,66.434998,65.949997,66.050003,1505.0000
SI,2026.08.12,13:30:00,66.059998,66.105003,65.790001,65.949997,2104.0000
SI,2026.08.12,13:45:00,65.985001,66.394997,65.959999,66.309998,1807.0000
SI,2026.08.12,14:00:00,66.324997,66.470001,66.065002,66.430000,1089.0000
SI,2026.08.12,14:15:00,66.419998,66.525002,66.230003,66.294998,742.0000
SI,2026.08.12,14:30:00,66.290001,66.430000,66.070000,66.430000,1219.0000
SI,2026.08.12,14:45:00,66.419998,66.464996,66.000000,66.065002,716.0000
SI,2026.08.12,15:00:00,66.055000,66.209999,65.849998,66.129997,867.0000
SI,2026.08.12,15:15:00,66.129997,66.129997,65.919998,66.000000,639.0000
SI,2026.08.12,15:30:00,66.004997,66.089996,65.894997,65.940002,700.0000
SI,2026.08.12,15:45:00,65.949997,66.025002,65.680000,65.964996,1044.0000
SI,2026.08.12,16:00:00,65.955002,66.065002,65.815002,65.945000,1111.0000
SI,2026.08.12,16:15:00,65.974998,66.014999,65.745003,65.785004,746.0000
SI,2026.08.12,16:30:00,65.779999,65.790001,65.504997,65.510002,1518.0000
SI,2026.08.12,16:45:00,65.510002,65.565002,65.269997,65.434998,1910.0000
SI,2026.08.12,17:00:00,65.410004,65.550003,65.370003,65.470001,1128.0000
SI,2026.08.12,17:15:00,65.474998,65.745003,65.459999,65.714996,2711.0000
SI,2026.08.12,17:30:00,65.724998,65.775002,65.574997,65.574997,732.0000
SI,2026.08.12,17:45:00,65.584999,65.699997,65.555000,65.565002,483.0000
SI,2026.08.12,18:00:00,65.555000,65.660004,65.434998,65.610001,431.0000
SI,2026.08.12,18:15:00,65.610001,65.764999,65.580002,65.699997,529.0000
SI,2026.08.12,18:30:00,65.699997,65.754997,65.665001,65.720001,209.0000
SI,2026.08.12,18:45:00,65.730003,65.839996,65.675003,65.690002,221.0000
SI,2026.08.12,19:00:00,65.705002,65.760002,65.680000,65.699997,105.0000
SI,2026.08.12,19:15:00,65.690002,65.764999,65.635002,65.635002,163.0000
SI,2026.08.12,19:30:00,65.639999,65.639999,65.504997,65.540001,352.0000
SI,2026.08.12,19:45:00,65.529999,65.555000,65.455002,65.550003,309.0000
SI,2026.08.12,20:00:00,65.544998,65.574997,65.480003,65.495003,94.0000
SI,2026.08.12,20:15:00,65.480003,65.500000,65.404999,65.445000,73.0000
SI,2026.08.12,20:30:00,65.445000,65.500000,65.419998,65.459999,108.0000
SI,2026.08.12,20:45:00,65.455002,65.529999,65.440002,65.529999,81.0000
SI,2026.08.12,21:00:00,65.529999,65.529999,65.529999,65.529999,1.0000
SI,2026.08.12,22:00:00,65.455002,65.570000,65.349998,65.375000,76.0000
SI,2026.08.12,22:15:00,65.364998,65.364998,65.239998,65.264999,204.0000
SI,2026.08.12,22:30:00,65.264999,65.339996,65.235001,65.235001,105.0000
SI,2026.08.12,22:45:00,65.235001,65.290001,65.220001,65.250000,55.0000
SI,2026.08.12,23:00:00,65.239998,65.360001,65.239998,65.349998,65.0000
SI,2026.08.12,23:15:00,65.355003,65.425003,65.355003,65.394997,143.0000
SI,2026.08.12,23:30:00,65.410004,65.445000,65.394997,65.425003,47.0000
SI,2026.08.12,23:45:00,65.425003,65.459999,65.370003,65.459999,85.0000
SI,2026.08.13,00:00:00,65.474998,65.830002,65.425003,65.800003,636.0000
SI,2026.08.13,00:15:00,65.785004,66.290001,65.785004,66.059998,851.0000
SI,2026.08.13,00:30:00,66.084999,66.449997,66.035004,66.370003,569.0000
SI,2026.08.13,00:45:00,66.324997,66.389999,65.894997,65.945000,774.0000
SI,2026.08.13,01:00:00,65.985001,66.209999,65.839996,65.934998,1016.0000
SI,2026.08.13,01:15:00,65.930000,66.095001,65.739998,65.790001,151.0000
SI,2026.08.13,01:30:00,65.790001,66.089996,65.779999,65.785004,544.0000
SI,2026.08.13,01:45:00,65.754997,65.760002,65.449997,65.584999,734.0000
SI,2026.08.13,02:00:00,65.584999,65.794998,65.540001,65.705002,367.0000
SI,2026.08.13,02:15:00,65.705002,65.764999,65.665001,65.695000,93.0000
SI,2026.08.13,02:30:00,65.684998,65.684998,65.080002,65.519997,1394.0000
SI,2026.08.13,02:45:00,65.514999,65.654999,65.449997,65.574997,183.0000
SI,2026.08.13,03:00:00,65.570000,65.760002,65.459999,65.544998,174.0000
SI,2026.08.13,03:15:00,65.574997,65.660004,65.535004,65.595001,80.0000
SI,2026.08.13,03:30:00,65.625000,65.680000,65.544998,65.544998,49.0000
SI,2026.08.13,03:45:00,65.574997,65.605003,65.445000,65.474998,61.0000
SI,2026.08.13,04:00:00,65.485001,65.485001,65.245003,65.279999,315.0000
SI,2026.08.13,04:15:00,65.294998,65.510002,65.254997,65.455002,141.0000
SI,2026.08.13,04:30:00,65.459999,65.510002,65.430000,65.440002,86.0000
SI,2026.08.13,04:45:00,65.445000,65.559998,65.445000,65.544998,104.0000
SI,2026.08.13,05:00:00,65.544998,65.735001,65.459999,65.730003,121.0000
SI,2026.08.13,05:15:00,65.739998,65.820000,65.599998,65.800003,261.0000
SI,2026.08.13,05:30:00,65.805000,65.820000,65.285004,65.330002,681.0000
SI,2026.08.13,05:45:00,65.294998,65.370003,65.035004,65.180000,1053.0000
SI,2026.08.13,06:00:00,65.175003,65.300003,64.964996,65.050003,737.0000
SI,2026.08.13,06:15:00,65.050003,65.165001,65.010002,65.070000,349.0000
SI,2026.08.13,06:30:00,65.080002,65.125000,64.785004,64.894997,799.0000
SI,2026.08.13,06:45:00,64.889999,65.025002,64.889999,64.974998,368.0000
SI,2026.08.13,07:00:00,64.970001,64.995003,64.779999,64.839996,528.0000
SI,2026.08.13,07:15:00,64.875000,64.889999,64.790001,64.849998,148.0000
SI,2026.08.13,07:30:00,64.805000,64.949997,64.790001,64.949997,427.0000
SI,2026.08.13,07:45:00,64.945000,64.949997,64.625000,64.730003,445.0000
SI,2026.08.13,08:00:00,64.724998,64.779999,64.315002,64.510002,827.0000
SI,2026.08.13,08:15:00,64.514999,64.709999,64.419998,64.684998,345.0000
SI,2026.08.13,08:30:00,64.675003,64.760002,64.550003,64.610001,261.0000
SI,2026.08.13,08:45:00,64.614998,64.745003,64.595001,64.605003,248.0000
SI,2026.08.13,09:00:00,64.635002,64.690002,64.464996,64.625000,230.0000
SI,2026.08.13,09:15:00,64.625000,64.794998,64.625000,64.724998,307.0000
SI,2026.08.13,09:30:00,64.724998,64.860001,64.720001,64.754997,245.0000
SI,2026.08.13,09:45:00,64.739998,64.855003,64.730003,64.820000,155.0000
SI,2026.08.13,10:00:00,64.820000,65.000000,64.805000,64.885002,352.0000
SI,2026.08.13,10:15:00,64.934998,65.059998,64.910004,65.050003,199.0000
SI,2026.08.13,10:30:00,65.065002,65.135002,65.004997,65.129997,196.0000
SI,2026.08.13,10:45:00,65.129997,65.214996,65.095001,65.150002,330.0000
SI,2026.08.13,11:00:00,65.139999,65.199997,65.114998,65.195000,381.0000
SI,2026.08.13,11:15:00,65.195000,65.214996,65.059998,65.059998,443.0000
SI,2026.08.13,11:30:00,65.065002,65.135002,65.025002,65.055000,251.0000
SI,2026.08.13,11:45:00,65.050003,65.230003,65.035004,65.230003,557.0000
SI,2026.08.13,12:00:00,65.224998,65.324997,65.150002,65.195000,462.0000
SI,2026.08.13,12:15:00,65.199997,65.315002,64.995003,65.199997,553.0000
SI,2026.08.13,12:30:00,65.165001,65.500000,64.964996,65.224998,956.0000
SI,2026.08.13,12:45:00,65.220001,65.559998,65.220001,65.559998,839.0000
SI,2026.08.13,13:00:00,65.550003,65.595001,65.285004,65.415001,1172.0000
SI,2026.08.13,13:15:00,65.415001,65.449997,65.235001,65.315002,711.0000
SI,2026.08.13,13:30:00,65.285004,65.349998,65.019997,65.190002,1170.0000
SI,2026.08.13,13:45:00,65.165001,65.275002,64.860001,64.955002,1142.0000
SI,2026.08.13,14:00:00,64.964996,65.074997,64.695000,64.779999,1995.0000
SI,2026.08.13,14:15:00,64.785004,65.044998,64.705002,64.769997,1328.0000
SI,2026.08.13,14:30:00,64.745003,65.165001,64.570000,65.135002,1351.0000
SI,2026.08.13,14:45:00,65.150002,65.279999,65.125000,65.160004,639.0000
SI,2026.08.13,15:00:00,65.175003,65.235001,64.849998,64.894997,763.0000
SI,2026.08.13,15:15:00,64.885002,64.989998,64.709999,64.714996,959.0000
SI,2026.08.13,15:30:00,64.699997,64.955002,64.550003,64.894997,858.0000
SI,2026.08.13,15:45:00,64.900002,64.970001,64.785004,64.830002,544.0000
SI,2026.08.13,16:00:00,64.820000,64.879997,64.665001,64.695000,865.0000
SI,2026.08.13,16:15:00,64.690002,64.824997,64.599998,64.824997,732.0000
SI,2026.08.13,16:30:00,64.830002,65.004997,64.830002,64.959999,943.0000
SI,2026.08.13,16:45:00,64.964996,65.004997,64.900002,64.949997,857.0000
SI,2026.08.13,17:00:00,64.955002,65.144997,64.955002,65.044998,996.0000
SI,2026.08.13,17:15:00,65.044998,65.050003,64.885002,64.915001,2725.0000
SI,2026.08.13,17:30:00,64.919998,64.949997,64.839996,64.875000,754.0000
SI,2026.08.13,17:45:00,64.889999,64.949997,64.830002,64.830002,224.0000
SI,2026.08.13,18:00:00,64.834999,64.955002,64.809998,64.945000,156.0000
SI,2026.08.13,18:15:00,64.964996,65.010002,64.820000,64.839996,239.0000
SI,2026.08.13,18:30:00,64.824997,64.955002,64.800003,64.824997,225.0000
SI,2026.08.13,18:45:00,64.834999,64.849998,64.680000,64.739998,177.0000
SI,2026.08.13,19:00:00,64.735001,64.775002,64.445000,64.455002,418.0000
SI,2026.08.13,19:15:00,64.449997,64.589996,64.379997,64.565002,496.0000
SI,2026.08.13,19:30:00,64.565002,64.639999,64.514999,64.555000,346.0000
SI,2026.08.13,19:45:00,64.540001,64.570000,64.459999,64.540001,195.0000
SI,2026.08.13,20:00:00,64.544998,64.595001,64.474998,64.544998,135.0000
SI,2026.08.13,20:15:00,64.570000,64.644997,64.570000,64.599998,63.0000
SI,2026.08.13,20:30:00,64.610001,64.610001,64.544998,64.580002,44.0000
SI,2026.08.13,20:45:00,64.580002,64.635002,64.555000,64.584999,156.0000
SI,2026.08.13,22:00:00,64.629997,64.635002,64.514999,64.580002,65.0000
SI,2026.08.13,22:15:00,64.580002,64.650002,64.550003,64.629997,55.0000
SI,2026.08.13,22:30:00,64.625000,64.714996,64.610001,64.684998,117.0000
SI,2026.08.13,22:45:00,64.680000,64.699997,64.625000,64.635002,30.0000
SI,2026.08.13,23:00:00,64.650002,64.690002,64.559998,64.690002,99.0000
SI,2026.08.13,23:15:00,64.714996,64.790001,64.654999,64.779999,87.0000
SI,2026.08.13,23:30:00,64.809998,64.820000,64.750000,64.800003,83.0000
SI,2026.08.13,23:45:00,64.805000,64.824997,64.714996,64.714996,49.0000
SI,2026.08.14,00:00:00,64.705002,64.879997,64.605003,64.639999,183.0000
SI,2026.08.14,00:15:00,64.635002,64.720001,64.480003,64.500000,138.0000
SI,2026.08.14,00:30:00,64.500000,64.570000,64.360001,64.434998,167.0000
SI,2026.08.14,00:45:00,64.445000,64.514999,63.845001,64.355003,1042.0000
SI,2026.08.14,01:00:00,64.334999,64.334999,63.880001,64.089996,825.0000
SI,2026.08.14,01:15:00,64.095001,64.220001,63.980000,64.154999,485.0000
SI,2026.08.14,01:30:00,64.144997,64.195000,63.924999,64.095001,146.0000
SI,2026.08.14,01:45:00,64.125000,64.209999,63.919998,63.970001,258.0000
SI,2026.08.14,02:00:00,63.970001,64.114998,63.919998,63.945000,189.0000
SI,2026.08.14,02:15:00,63.990002,64.050003,63.865002,63.884998,493.0000
SI,2026.08.14,02:30:00,63.884998,64.264999,63.845001,64.184998,381.0000
SI,2026.08.14,02:45:00,64.184998,64.230003,63.869999,63.950001,353.0000
SI,2026.08.14,03:00:00,63.945000,64.175003,63.915001,64.099998,281.0000
SI,2026.08.14,03:15:00,64.114998,64.275002,64.099998,64.275002,196.0000
SI,2026.08.14,03:30:00,64.275002,64.355003,64.214996,64.214996,147.0000
SI,2026.08.14,03:45:00,64.214996,64.220001,64.135002,64.180000,47.0000
SI,2026.08.14,04:00:00,64.135002,64.160004,64.080002,64.099998,70.0000
SI,2026.08.14,04:15:00,64.105003,64.180000,64.095001,64.129997,43.0000
SI,2026.08.14,04:30:00,64.125000,64.129997,64.080002,64.095001,46.0000
SI,2026.08.14,04:45:00,64.070000,64.144997,64.050003,64.144997,44.0000
SI,2026.08.14,05:00:00,64.139999,64.139999,63.900002,63.974998,202.0000
SI,2026.08.14,05:15:00,63.950001,64.000000,63.895000,63.959999,146.0000
SI,2026.08.14,05:30:00,63.939999,64.059998,63.645000,63.910000,894.0000
SI,2026.08.14,05:45:00,63.930000,64.445000,63.930000,64.410004,644.0000
SI,2026.08.14,06:00:00,64.419998,64.565002,64.279999,64.504997,500.0000
SI,2026.08.14,06:15:00,64.485001,64.540001,64.355003,64.394997,322.0000
SI,2026.08.14,06:30:00,64.394997,64.470001,64.355003,64.430000,177.0000
SI,2026.08.14,06:45:00,64.434998,64.550003,64.389999,64.525002,195.0000
SI,2026.08.14,07:00:00,64.529999,64.565002,64.440002,64.440002,245.0000
SI,2026.08.14,07:15:00,64.455002,64.529999,64.404999,64.404999,96.0000
SI,2026.08.14,07:30:00,64.415001,64.779999,64.400002,64.739998,349.0000
SI,2026.08.14,07:45:00,64.745003,64.864998,64.730003,64.769997,259.0000
SI,2026.08.14,08:00:00,64.760002,64.834999,64.675003,64.794998,557.0000
SI,2026.08.14,08:15:00,64.794998,64.864998,64.669998,64.709999,191.0000
SI,2026.08.14,08:30:00,64.735001,64.904999,64.660004,64.764999,343.0000
SI,2026.08.14,08:45:00,64.764999,64.904999,64.764999,64.879997,148.0000
SI,2026.08.14,09:00:00,64.864998,64.915001,64.815002,64.839996,204.0000
SI,2026.08.14,09:15:00,64.860001,64.964996,64.830002,64.855003,227.0000
SI,2026.08.14,09:30:00,64.879997,64.934998,64.800003,64.900002,117.0000
SI,2026.08.14,09:45:00,64.910004,65.074997,64.889999,65.055000,360.0000
SI,2026.08.14,10:00:00,65.050003,65.074997,64.930000,64.940002,255.0000
SI,2026.08.14,10:15:00,64.940002,64.940002,64.860001,64.870003,128.0000
SI,2026.08.14,10:30:00,64.889999,64.889999,64.794998,64.800003,156.0000
SI,2026.08.14,10:45:00,64.824997,64.875000,64.769997,64.820000,125.0000
SI,2026.08.14,11:00:00,64.830002,64.875000,64.764999,64.839996,326.0000
SI,2026.08.14,11:15:00,64.839996,65.025002,64.839996,64.919998,252.0000
SI,2026.08.14,11:30:00,64.919998,65.169998,64.894997,65.095001,513.0000
SI,2026.08.14,11:45:00,65.099998,65.190002,65.010002,65.169998,353.0000
SI,2026.08.14,12:00:00,65.160004,65.195000,64.949997,65.070000,509.0000
SI,2026.08.14,12:15:00,65.065002,65.224998,65.000000,65.220001,452.0000
SI,2026.08.14,12:30:00,65.224998,65.285004,65.065002,65.110001,722.0000
SI,2026.08.14,12:45:00,65.099998,65.290001,65.055000,65.245003,272.0000
SI,2026.08.14,13:00:00,65.250000,65.425003,65.095001,65.095001,765.0000
SI,2026.08.14,13:15:00,65.099998,65.330002,65.099998,65.279999,439.0000
SI,2026.08.14,13:30:00,65.300003,65.644997,65.269997,65.614998,1403.0000
SI,2026.08.14,13:45:00,65.589996,65.610001,65.385002,65.550003,804.0000
SI,2026.08.14,14:00:00,65.544998,65.845001,65.540001,65.695000,1242.0000
SI,2026.08.14,14:15:00,65.709999,65.885002,65.599998,65.724998,774.0000
SI,2026.08.14,14:30:00,65.730003,65.754997,65.504997,65.580002,632.0000
SI,2026.08.14,14:45:00,65.565002,65.570000,65.324997,65.400002,826.0000
SI,2026.08.14,15:00:00,65.375000,65.550003,65.360001,65.440002,484.0000
SI,2026.08.14,15:15:00,65.455002,65.529999,65.165001,65.254997,857.0000
SI,2026.08.14,15:30:00,65.250000,65.294998,65.169998,65.224998,467.0000
SI,2026.08.14,15:45:00,65.235001,65.364998,65.195000,65.205002,409.0000
SI,2026.08.14,16:00:00,65.214996,65.294998,65.080002,65.095001,877.0000
SI,2026.08.14,16:15:00,65.089996,65.199997,65.055000,65.099998,417.0000
SI,2026.08.14,16:30:00,65.095001,65.135002,64.900002,65.059998,649.0000
SI,2026.08.14,16:45:00,65.070000,65.150002,65.065002,65.129997,430.0000
SI,2026.08.14,17:00:00,65.129997,65.165001,64.995003,65.105003,482.0000
SI,2026.08.14,17:15:00,65.099998,65.150002,65.059998,65.059998,856.0000
SI,2026.08.14,17:30:00,65.059998,65.114998,64.964996,64.980003,410.0000
SI,2026.08.14,17:45:00,64.959999,64.985001,64.885002,64.985001,232.0000
SI,2026.08.14,18:00:00,64.964996,65.040001,64.904999,64.940002,345.0000
SI,2026.08.14,18:15:00,64.949997,65.004997,64.919998,64.959999,133.0000
SI,2026.08.14,18:30:00,64.955002,65.014999,64.894997,64.934998,200.0000
SI,2026.08.14,18:45:00,64.940002,64.970001,64.849998,64.900002,254.0000
SI,2026.08.14,19:00:00,64.910004,64.934998,64.820000,64.925003,162.0000
SI,2026.08.14,19:15:00,64.925003,64.980003,64.864998,64.940002,80.0000
SI,2026.08.14,19:30:00,64.940002,64.970001,64.864998,64.879997,135.0000
SI,2026.08.14,19:45:00,64.889999,64.949997,64.855003,64.879997,247.0000
SI,2026.08.14,20:00:00,64.875000,64.879997,64.790001,64.815002,224.0000
SI,2026.08.14,20:15:00,64.830002,64.860001,64.785004,64.809998,69.0000
SI,2026.08.14,20:30:00,64.809998,64.879997,64.785004,64.870003,69.0000
SI,2026.08.14,20:45:00,64.855003,65.108002,64.809998,65.108002,103.0000
SI,2026.08.16,22:00:00,64.925003,64.959999,64.900002,64.949997,33.0000
SI,2026.08.16,22:15:00,64.964996,65.055000,64.955002,65.044998,82.0000
SI,2026.08.16,22:30:00,65.059998,65.139999,65.044998,65.089996,120.0000
SI,2026.08.16,22:45:00,65.135002,65.389999,65.105003,65.379997,489.0000
SI,2026.08.16,23:00:00,65.364998,65.379997,65.254997,65.254997,196.0000
SI,2026.08.16,23:15:00,65.260002,65.285004,65.139999,65.169998,90.0000
SI,2026.08.16,23:30:00,65.180000,65.184998,64.910004,64.915001,323.0000
SI,2026.08.16,23:45:00,64.915001,65.035004,64.910004,64.964996,104.0000
SI,2026.08.17,00:00:00,64.989998,65.224998,64.964996,65.169998,111.0000
SI,2026.08.17,00:15:00,65.175003,65.389999,65.169998,65.345001,157.0000
SI,2026.08.17,00:30:00,65.324997,65.519997,65.315002,65.495003,230.0000
SI,2026.08.17,00:45:00,65.500000,65.669998,65.364998,65.669998,493.0000
SI,2026.08.17,01:00:00,65.654999,66.105003,65.610001,66.014999,1124.0000
SI,2026.08.17,01:15:00,65.995003,66.394997,65.964996,66.055000,1044.0000
SI,2026.08.17,01:30:00,66.055000,66.065002,65.800003,66.055000,412.0000
SI,2026.08.17,01:45:00,66.055000,66.059998,65.790001,65.845001,223.0000
SI,2026.08.17,02:00:00,65.875000,65.995003,65.855003,65.915001,202.0000
SI,2026.08.17,02:15:00,65.855003,65.970001,65.824997,65.894997,96.0000
SI,2026.08.17,02:30:00,65.904999,66.019997,65.739998,65.855003,287.0000
SI,2026.08.17,02:45:00,65.750000,65.800003,65.614998,65.800003,223.0000
SI,2026.08.17,03:00:00,65.800003,65.870003,65.629997,65.650002,162.0000
SI,2026.08.17,03:15:00,65.654999,65.769997,65.654999,65.699997,49.0000
SI,2026.08.17,03:30:00,65.754997,65.805000,65.705002,65.760002,134.0000
SI,2026.08.17,03:45:00,65.720001,65.720001,65.629997,65.695000,91.0000
SI,2026.08.17,04:00:00,65.724998,65.745003,65.669998,65.699997,111.0000
SI,2026.08.17,04:15:00,65.690002,65.745003,65.550003,65.595001,158.0000
SI,2026.08.17,04:30:00,65.570000,65.779999,65.559998,65.724998,139.0000
SI,2026.08.17,04:45:00,65.739998,65.790001,65.574997,65.595001,92.0000
SI,2026.08.17,05:00:00,65.599998,65.745003,65.599998,65.639999,68.0000
SI,2026.08.17,05:15:00,65.620003,65.925003,65.620003,65.925003,233.0000
SI,2026.08.17,05:30:00,65.919998,66.029999,65.855003,65.930000,308.0000
SI,2026.08.17,05:45:00,65.930000,65.995003,65.879997,65.930000,146.0000
SI,2026.08.17,06:00:00,65.940002,66.120003,65.940002,65.985001,390.0000
SI,2026.08.17,06:15:00,65.955002,66.000000,65.824997,66.000000,261.0000
SI,2026.08.17,06:30:00,65.964996,65.964996,65.830002,65.915001,250.0000
SI,2026.08.17,06:45:00,65.925003,66.120003,65.925003,66.059998,385.0000
SI,2026.08.17,07:00:00,66.065002,66.070000,65.800003,65.815002,320.0000
SI,2026.08.17,07:15:00,65.834999,65.955002,65.750000,65.955002,321.0000
SI,2026.08.17,07:30:00,65.955002,66.125000,65.949997,66.004997,454.0000
SI,2026.08.17,07:45:00,66.014999,66.040001,65.849998,65.860001,175.0000
SI,2026.08.17,08:00:00,65.830002,65.830002,65.644997,65.779999,305.0000
SI,2026.08.17,08:15:00,65.794998,65.830002,65.714996,65.724998,110.0000
SI,2026.08.17,08:30:00,65.709999,65.775002,65.654999,65.654999,184.0000
SI,2026.08.17,08:45:00,65.644997,65.665001,65.584999,65.620003,250.0000
SI,2026.08.17,09:00:00,65.650002,65.735001,65.589996,65.684998,139.0000
SI,2026.08.17,09:15:00,65.680000,65.714996,65.614998,65.639999,172.0000
SI,2026.08.17,09:30:00,65.639999,65.709999,65.595001,65.669998,136.0000
SI,2026.08.17,09:45:00,65.665001,65.699997,65.599998,65.625000,105.0000
SI,2026.08.17,10:00:00,65.625000,65.690002,65.559998,65.669998,168.0000
SI,2026.08.17,10:15:00,65.669998,65.974998,65.614998,65.964996,640.0000
SI,2026.08.17,10:30:00,65.945000,65.980003,65.695000,65.794998,354.0000
SI,2026.08.17,10:45:00,65.779999,65.805000,65.720001,65.730003,125.0000
SI,2026.08.17,11:00:00,65.735001,65.830002,65.695000,65.794998,405.0000
SI,2026.08.17,11:15:00,65.764999,65.930000,65.730003,65.900002,157.0000
SI,2026.08.17,11:30:00,65.904999,65.980003,65.860001,65.864998,283.0000
SI,2026.08.17,11:45:00,65.879997,65.910004,65.790001,65.809998,139.0000
SI,2026.08.17,12:00:00,65.800003,65.889999,65.739998,65.779999,279.0000
SI,2026.08.17,12:15:00,65.779999,65.879997,65.510002,65.629997,721.0000
SI,2026.08.17,12:30:00,65.635002,65.750000,65.309998,65.320000,1069.0000
SI,2026.08.17,12:45:00,65.300003,65.495003,65.294998,65.385002,689.0000
SI,2026.08.17,13:00:00,65.400002,65.589996,65.224998,65.379997,1246.0000
SI,2026.08.17,13:15:00,65.385002,65.474998,65.269997,65.445000,528.0000
SI,2026.08.17,13:30:00,65.455002,65.580002,65.385002,65.425003,616.0000
SI,2026.08.17,13:45:00,65.415001,65.904999,65.389999,65.820000,1002.0000
SI,2026.08.17,14:00:00,65.834999,65.959999,65.769997,65.949997,941.0000
SI,2026.08.17,14:15:00,65.949997,66.459999,65.934998,66.129997,2353.0000
SI,2026.08.17,14:30:00,66.114998,66.459999,66.114998,66.375000,1590.0000
SI,2026.08.17,14:45:00,66.394997,66.559998,66.285004,66.385002,914.0000
SI,2026.08.17,15:00:00,66.400002,66.550003,66.285004,66.529999,778.0000
SI,2026.08.17,15:15:00,66.529999,66.735001,66.500000,66.720001,1233.0000
SI,2026.08.17,15:30:00,66.714996,66.735001,66.514999,66.519997,623.0000
SI,2026.08.17,15:45:00,66.529999,66.669998,66.425003,66.610001,653.0000
SI,2026.08.17,16:00:00,66.620003,66.639999,66.455002,66.504997,741.0000
SI,2026.08.17,16:15:00,66.510002,66.535004,66.449997,66.474998,802.0000
SI,2026.08.17,16:30:00,66.489998,66.584999,66.434998,66.514999,847.0000
SI,2026.08.17,16:45:00,66.500000,66.565002,66.455002,66.540001,470.0000
SI,2026.08.17,17:00:00,66.544998,66.589996,66.445000,66.445000,984.0000
SI,2026.08.17,17:15:00,66.440002,66.470001,66.135002,66.175003,1653.0000
SI,2026.08.17,17:30:00,66.165001,66.239998,66.040001,66.224998,859.0000
SI,2026.08.17,17:45:00,66.224998,66.285004,66.065002,66.080002,637.0000
SI,2026.08.17,18:00:00,66.084999,66.099998,65.940002,66.059998,770.0000
SI,2026.08.17,18:15:00,66.070000,66.165001,65.995003,66.040001,415.0000
SI,2026.08.17,18:30:00,66.010002,66.010002,65.849998,65.894997,329.0000
SI,2026.08.17,18:45:00,65.894997,66.000000,65.855003,65.955002,256.0000
SI,2026.08.17,19:00:00,65.949997,65.949997,65.815002,65.915001,219.0000
SI,2026.08.17,19:15:00,65.934998,66.120003,65.934998,66.070000,443.0000
SI,2026.08.17,19:30:00,66.074997,66.095001,66.010002,66.089996,183.0000
SI,2026.08.17,19:45:00,66.084999,66.125000,65.970001,66.055000,233.0000
SI,2026.08.17,20:00:00,66.044998,66.074997,65.934998,65.964996,290.0000
SI,2026.08.17,20:15:00,65.955002,65.989998,65.904999,65.915001,116.0000
SI,2026.08.17,20:30:00,65.919998,65.925003,65.870003,65.894997,82.0000
SI,2026.08.17,20:45:00,65.900002,65.945000,65.889999,65.904999,166.0000
SI,2026.08.17,22:00:00,65.894997,65.980003,65.885002,65.915001,56.0000
SI,2026.08.17,22:15:00,65.904999,65.904999,65.760002,65.815002,203.0000
SI,2026.08.17,22:30:00,65.815002,65.900002,65.815002,65.860001,57.0000
SI,2026.08.17,22:45:00,65.860001,65.864998,65.779999,65.800003,47.0000
SI,2026.08.17,23:00:00,65.779999,65.919998,65.764999,65.889999,111.0000
SI,2026.08.17,23:15:00,65.900002,66.014999,65.900002,65.970001,99.0000
SI,2026.08.17,23:30:00,65.955002,66.050003,65.955002,66.035004,148.0000
SI,2026.08.17,23:45:00,66.025002,66.089996,66.004997,66.084999,134.0000
SI,2026.08.18,00:00:00,66.095001,66.144997,65.985001,66.000000,151.0000
SI,2026.08.18,00:15:00,66.074997,66.565002,66.059998,66.500000,407.0000
SI,2026.08.18,00:30:00,66.510002,66.550003,66.370003,66.370003,243.0000
SI,2026.08.18,00:45:00,66.389999,66.595001,66.355003,66.544998,263.0000
SI,2026.08.18,01:00:00,66.555000,66.684998,66.394997,66.580002,704.0000
SI,2026.08.18,01:15:00,66.584999,66.680000,66.355003,66.559998,321.0000
SI,2026.08.18,01:30:00,66.565002,66.565002,66.105003,66.135002,313.0000
SI,2026.08.18,01:45:00,66.120003,66.165001,65.555000,65.764999,1213.0000
SI,2026.08.18,02:00:00,65.750000,65.750000,65.464996,65.540001,394.0000
SI,2026.08.18,02:15:00,65.544998,65.650002,65.535004,65.570000,253.0000
SI,2026.08.18,02:30:00,65.555000,65.565002,65.275002,65.349998,611.0000
SI,2026.08.18,02:45:00,65.349998,65.500000,65.305000,65.474998,368.0000
SI,2026.08.18,03:00:00,65.480003,65.605003,65.415001,65.510002,369.0000
SI,2026.08.18,03:15:00,65.510002,65.529999,65.290001,65.379997,367.0000
SI,2026.08.18,03:30:00,65.375000,65.410004,65.320000,65.334999,311.0000
SI,2026.08.18,03:45:00,65.349998,65.349998,65.279999,65.305000,180.0000
SI,2026.08.18,04:00:00,65.300003,65.349998,65.239998,65.320000,227.0000
SI,2026.08.18,04:15:00,65.330002,65.330002,65.209999,65.279999,224.0000
SI,2026.08.18,04:30:00,65.305000,65.345001,65.195000,65.264999,180.0000
SI,2026.08.18,04:45:00,65.250000,65.339996,65.250000,65.269997,132.0000
SI,2026.08.18,05:00:00,65.254997,65.275002,65.169998,65.195000,212.0000
SI,2026.08.18,05:15:00,65.209999,65.309998,65.139999,65.139999,220.0000
SI,2026.08.18,05:30:00,65.139999,65.199997,64.845001,65.184998,1092.0000
SI,2026.08.18,05:45:00,65.199997,65.360001,65.150002,65.290001,541.0000
SI,2026.08.18,06:00:00,65.260002,65.355003,65.055000,65.345001,589.0000
SI,2026.08.18,06:15:00,65.339996,65.529999,65.260002,65.485001,582.0000
SI,2026.08.18,06:30:00,65.480003,65.485001,65.309998,65.355003,274.0000
SI,2026.08.18,06:45:00,65.349998,65.430000,65.324997,65.370003,282.0000
SI,2026.08.18,07:00:00,65.370003,65.394997,65.275002,65.290001,168.0000
SI,2026.08.18,07:15:00,65.294998,65.404999,65.294998,65.389999,332.0000
SI,2026.08.18,07:30:00,65.400002,65.400002,65.169998,65.279999,249.0000
SI,2026.08.18,07:45:00,65.309998,65.315002,65.110001,65.110001,261.0000
SI,2026.08.18,08:00:00,65.114998,65.129997,64.940002,65.074997,407.0000
SI,2026.08.18,08:15:00,65.070000,65.080002,64.995003,65.040001,229.0000
SI,2026.08.18,08:30:00,65.055000,65.209999,65.004997,65.165001,200.0000
SI,2026.08.18,08:45:00,65.165001,65.175003,65.025002,65.095001,252.0000
SI,2026.08.18,09:00:00,65.099998,65.144997,65.050003,65.074997,264.0000
SI,2026.08.18,09:15:00,65.055000,65.110001,64.985001,65.050003,134.0000
SI,2026.08.18,09:30:00,65.055000,65.160004,64.995003,65.000000,115.0000
SI,2026.08.18,09:45:00,65.004997,65.205002,65.000000,65.195000,77.0000
SI,2026.08.18,10:00:00,65.184998,65.239998,65.150002,65.150002,189.0000
SI,2026.08.18,10:15:00,65.195000,65.214996,65.059998,65.114998,248.0000
SI,2026.08.18,10:30:00,65.129997,65.254997,65.129997,65.220001,143.0000
SI,2026.08.18,10:45:00,65.239998,65.269997,65.209999,65.235001,124.0000
SI,2026.08.18,11:00:00,65.239998,65.275002,65.120003,65.184998,309.0000
SI,2026.08.18,11:15:00,65.154999,65.175003,65.070000,65.070000,390.0000
SI,2026.08.18,11:30:00,65.074997,65.144997,65.025002,65.084999,244.0000
SI,2026.08.18,11:45:00,65.089996,65.275002,65.084999,65.264999,288.0000
SI,2026.08.18,12:00:00,65.260002,65.290001,65.050003,65.129997,439.0000
SI,2026.08.18,12:15:00,65.150002,65.355003,65.089996,65.275002,667.0000
SI,2026.08.18,12:30:00,65.264999,65.305000,65.154999,65.165001,320.0000
SI,2026.08.18,12:45:00,65.169998,65.330002,65.165001,65.239998,319.0000
SI,2026.08.18,13:00:00,65.230003,65.345001,65.014999,65.275002,1077.0000
SI,2026.08.18,13:15:00,65.275002,65.275002,64.945000,64.970001,1124.0000
SI,2026.08.18,13:30:00,64.974998,65.415001,64.629997,65.214996,2340.0000
SI,2026.08.18,13:45:00,65.230003,65.230003,64.769997,65.000000,1330.0000
SI,2026.08.18,14:00:00,64.989998,65.095001,64.629997,64.680000,1320.0000
SI,2026.08.18,14:15:00,64.665001,64.989998,64.644997,64.834999,1162.0000
SI,2026.08.18,14:30:00,64.824997,64.870003,64.370003,64.489998,1747.0000
SI,2026.08.18,14:45:00,64.489998,64.760002,64.220001,64.269997,1894.0000
SI,2026.08.18,15:00:00,64.269997,64.440002,63.840000,63.904999,2866.0000
SI,2026.08.18,15:15:00,63.915001,64.055000,63.599998,63.755001,2482.0000
SI,2026.08.18,15:30:00,63.750000,63.865002,63.665001,63.830002,1197.0000
SI,2026.08.18,15:45:00,63.825001,64.110001,63.825001,64.080002,923.0000
SI,2026.08.18,16:00:00,64.080002,64.224998,64.059998,64.129997,676.0000
SI,2026.08.18,16:15:00,64.129997,64.135002,63.950001,63.965000,839.0000
SI,2026.08.18,16:30:00,63.980000,64.089996,63.974998,64.035004,511.0000
SI,2026.08.18,16:45:00,64.044998,64.059998,63.924999,63.974998,489.0000
SI,2026.08.18,17:00:00,63.959999,64.055000,63.939999,63.994999,717.0000
SI,2026.08.18,17:15:00,64.004997,64.105003,63.985001,64.065002,1793.0000
SI,2026.08.18,17:30:00,64.065002,64.089996,63.930000,63.980000,383.0000
SI,2026.08.18,17:45:00,63.965000,63.985001,63.889999,63.939999,535.0000
SI,2026.08.18,18:00:00,63.924999,63.935001,63.799999,63.915001,370.0000
SI,2026.08.18,18:15:00,63.904999,63.970001,63.845001,63.915001,427.0000
SI,2026.08.18,18:30:00,63.930000,63.985001,63.869999,63.880001,192.0000
SI,2026.08.18,18:45:00,63.889999,63.930000,63.849998,63.865002,104.0000
SI,2026.08.18,19:00:00,63.875000,63.945000,63.830002,63.900002,214.0000
SI,2026.08.18,19:15:00,63.904999,63.959999,63.884998,63.930000,134.0000
SI,2026.08.18,19:30:00,63.904999,63.955002,63.770000,63.770000,238.0000
SI,2026.08.18,19:45:00,63.759998,63.820000,63.424999,63.669998,1315.0000
SI,2026.08.18,20:00:00,63.660000,63.689999,63.599998,63.599998,369.0000
SI,2026.08.18,20:15:00,63.619999,63.625000,63.435001,63.575001,332.0000
SI,2026.08.18,20:30:00,63.584999,63.605000,63.455002,63.455002,188.0000
SI,2026.08.18,20:45:00,63.459999,63.485001,63.270000,63.419998,768.0000
SI,2026.08.18,22:00:00,63.424999,63.520000,63.384998,63.485001,153.0000
