<TICKER>,<DTYYYYMMDD>,<TIME>,<OPEN>,<HIGH>,<LOW>,<CLOSE>,<VOL>
YM,2024.03.26,04:00:00,39720.000000,39761.000000,39717.000000,39718.000000,3609.0000
YM,2024.03.26,08:00:00,39719.000000,39810.000000,39713.000000,39781.000000,7695.0000
YM,2024.03.26,12:00:00,39781.000000,39822.000000,39685.000000,39812.000000,39094.0000
YM,2024.03.26,16:00:00,39810.000000,39810.000000,39657.000000,39689.000000,33898.0000
YM,2024.03.26,20:00:00,39688.000000,39769.000000,39677.000000,39765.000000,4797.0000
YM,2024.03.27,00:00:00,39765.000000,39796.000000,39761.000000,39789.000000,1920.0000
YM,2024.03.27,04:00:00,39787.000000,39843.000000,39782.000000,39783.000000,4192.0000
YM,2024.03.27,08:00:00,39782.000000,39863.000000,39782.000000,39840.000000,7742.0000
YM,2024.03.27,12:00:00,39839.000000,39980.000000,39811.000000,39858.000000,51210.0000
YM,2024.03.27,16:00:00,39858.000000,40153.000000,39825.000000,40150.000000,51792.0000
YM,2024.03.27,20:00:00,40150.000000,40181.000000,40086.000000,40106.000000,7143.0000
YM,2024.03.28,00:00:00,40106.000000,40135.000000,40104.000000,40108.000000,2797.0000
YM,2024.03.28,04:00:00,40108.000000,40129.000000,40095.000000,40102.000000,3082.0000
YM,2024.03.28,08:00:00,40103.000000,40157.000000,40093.000000,40146.000000,7308.0000
YM,2024.03.28,12:00:00,40145.000000,40234.000000,40099.000000,40172.000000,42094.0000
YM,2024.03.28,16:00:00,40172.000000,40240.000000,40117.000000,40157.000000,38558.0000
YM,2024.03.28,20:00:00,40156.000000,40173.000000,40137.000000,40140.000000,4429.0000
YM,2024.03.31,20:00:00,40158.000000,40358.000000,40158.000000,40346.000000,4110.0000
YM,2024.04.01,00:00:00,40345.000000,40347.000000,40284.000000,40314.000000,3142.0000
YM,2024.04.01,04:00:00,40317.000000,40328.000000,40304.000000,40309.000000,2654.0000
YM,2024.04.01,08:00:00,40311.000000,40311.000000,40269.000000,40278.000000,4642.0000
YM,2024.04.01,12:00:00,40276.000000,40278.000000,39842.000000,39842.000000,60736.0000
YM,2024.04.01,16:00:00,39844.000000,39931.000000,39830.000000,39886.000000,33891.0000
YM,2024.04.01,20:00:00,39885.000000,39896.000000,39709.000000,39767.000000,11745.0000
YM,2024.04.02,00:00:00,39767.000000,39790.000000,39756.000000,39763.000000,2654.0000
YM,2024.04.02,04:00:00,39761.000000,39784.000000,39740.000000,39771.000000,5044.0000
YM,2024.04.02,08:00:00,39774.000000,39805.000000,39682.000000,39683.000000,11488.0000
YM,2024.04.02,12:00:00,39683.000000,39693.000000,39368.000000,39409.000000,75965.0000
YM,2024.04.02,16:00:00,39409.000000,39543.000000,39373.000000,39509.000000,38979.0000
YM,2024.04.02,20:00:00,39509.000000,39524.000000,39481.000000,39484.000000,3908.0000
YM,2024.04.03,00:00:00,39483.000000,39483.000000,39441.000000,39460.000000,3161.0000
YM,2024.04.03,04:00:00,39457.000000,39487.000000,39413.000000,39441.000000,5152.0000
YM,2024.04.03,08:00:00,39442.000000,39512.000000,39439.000000,39507.000000,7502.0000
YM,2024.04.03,12:00:00,39507.000000,39634.000000,39440.000000,39541.000000,51275.0000
YM,2024.04.03,16:00:00,39542.000000,39602.000000,39345.000000,39478.000000,56455.0000
YM,2024.04.03,20:00:00,39477.000000,39567.000000,39475.000000,39526.000000,6004.0000
YM,2024.04.04,00:00:00,39526.000000,39535.000000,39503.000000,39534.000000,2660.0000
YM,2024.04.04,04:00:00,39538.000000,39571.000000,39515.000000,39563.000000,4059.0000
YM,2024.04.04,08:00:00,39562.000000,39611.000000,39562.000000,39580.000000,7418.0000
YM,2024.04.04,12:00:00,39580.000000,39759.000000,39566.000000,39656.000000,48232.0000
YM,2024.04.04,16:00:00,39656.000000,39696.000000,38876.000000,38922.000000,111657.0000
YM,2024.04.04,20:00:00,38922.000000,38974.000000,38886.000000,38929.000000,8919.0000
YM,2024.04.05,00:00:00,38928.000000,38950.000000,38864.000000,38945.000000,5724.0000
YM,2024.04.05,04:00:00,38944.000000,38988.000000,38928.000000,38973.000000,8153.0000
YM,2024.04.05,08:00:00,38974.000000,39037.000000,38954.000000,39002.000000,9909.0000
YM,2024.04.05,12:00:00,39002.000000,39315.000000,38895.000000,39290.000000,91236.0000
YM,2024.04.05,16:00:00,39292.000000,39369.000000,39153.000000,39212.000000,74894.0000
YM,2024.04.05,20:00:00,39211.000000,39251.000000,39198.000000,39246.000000,3989.0000
YM,2024.04.07,20:00:00,39280.000000,39344.000000,39273.000000,39281.000000,2602.0000
YM,2024.04.08,00:00:00,39285.000000,39287.000000,39180.000000,39193.000000,4356.0000
YM,2024.04.08,04:00:00,39195.000000,39278.000000,39166.000000,39258.000000,5391.0000
YM,2024.04.08,08:00:00,39258.000000,39271.000000,39117.000000,39237.000000,10319.0000
YM,2024.04.08,12:00:00,39236.000000,39331.000000,39192.000000,39218.000000,52699.0000
YM,2024.04.08,16:00:00,39217.000000,39291.000000,39166.000000,39227.000000,44148.0000
YM,2024.04.08,20:00:00,39228.000000,39256.000000,39223.000000,39227.000000,3052.0000
YM,2024.04.09,00:00:00,39226.000000,39232.000000,39191.000000,39207.000000,1565.0000
YM,2024.04.09,04:00:00,39209.000000,39233.000000,39173.000000,39173.000000,4098.0000
YM,2024.04.09,08:00:00,39174.000000,39246.000000,39156.000000,39243.000000,8430.0000
YM,2024.04.09,12:00:00,39244.000000,39307.000000,38873.000000,39039.000000,85290.0000
YM,2024.04.09,16:00:00,39035.000000,39207.000000,38974.000000,39197.000000,64171.0000
YM,2024.04.09,20:00:00,39197.000000,39285.000000,39189.000000,39217.000000,7564.0000
YM,2024.04.10,00:00:00,39217.000000,39240.000000,39204.000000,39217.000000,1759.0000
YM,2024.04.10,04:00:00,39216.000000,39255.000000,39206.000000,39234.000000,3722.0000
YM,2024.04.10,08:00:00,39234.000000,39270.000000,39212.000000,39266.000000,7793.0000
YM,2024.04.10,12:00:00,39265.000000,39345.000000,38636.000000,38669.000000,103569.0000
YM,2024.04.10,16:00:00,38670.000000,38801.000000,38590.000000,38744.000000,83739.0000
YM,2024.04.10,20:00:00,38744.000000,38757.000000,38649.000000,38673.000000,4708.0000
YM,2024.04.11,00:00:00,38674.000000,38756.000000,38667.000000,38751.000000,3639.0000
YM,2024.04.11,04:00:00,38752.000000,38768.000000,38716.000000,38744.000000,5739.0000
YM,2024.04.11,08:00:00,38744.000000,38761.000000,38555.000000,38581.000000,14785.0000
YM,2024.04.11,12:00:00,38579.000000,38842.000000,38473.000000,38653.000000,87585.0000
YM,2024.04.11,16:00:00,38655.000000,38880.000000,38592.000000,38726.000000,69498.0000
YM,2024.04.11,20:00:00,38726.000000,38783.000000,38719.000000,38769.000000,6121.0000
YM,2024.04.12,00:00:00,38771.000000,38784.000000,38740.000000,38763.000000,2137.0000
YM,2024.04.12,04:00:00,38761.000000,38820.000000,38755.000000,38816.000000,6881.0000
YM,2024.04.12,08:00:00,38815.000000,38835.000000,38578.000000,38668.000000,20243.0000
YM,2024.04.12,12:00:00,38666.000000,38689.000000,38303.000000,38415.000000,79534.0000
YM,2024.04.12,16:00:00,38414.000000,38428.000000,38132.000000,38249.000000,67955.0000
YM,2024.04.12,20:00:00,38247.000000,38262.000000,38229.000000,38231.000000,3658.0000
YM,2024.04.14,20:00:00,38150.000000,38364.000000,38149.000000,38330.000000,4474.0000
YM,2024.04.15,00:00:00,38330.000000,38346.000000,38259.000000,38323.000000,4723.0000
YM,2024.04.15,04:00:00,38320.000000,38428.000000,38317.000000,38419.000000,8450.0000
YM,2024.04.15,08:00:00,38419.000000,38458.000000,38306.000000,38452.000000,15700.0000
YM,2024.04.15,12:00:00,38449.000000,38637.000000,38292.000000,38388.000000,86502.0000
YM,2024.04.15,16:00:00,38391.000000,38415.000000,37911.000000,37993.000000,93794.0000
YM,2024.04.15,20:00:00,37993.000000,38019.000000,37937.000000,37993.000000,7507.0000
YM,2024.04.16,00:00:00,37995.000000,38022.000000,37838.000000,37910.000000,6640.0000
YM,2024.04.16,04:00:00,37914.000000,37972.000000,37884.000000,37961.000000,8920.0000
YM,2024.04.16,08:00:00,37963.000000,38260.000000,37904.000000,38249.000000,26082.0000
YM,2024.04.16,12:00:00,38245.000000,38283.000000,37999.000000,38122.000000,85694.0000
YM,2024.04.16,16:00:00,38120.000000,38241.000000,37947.000000,38043.000000,85305.0000
YM,2024.04.16,20:00:00,38044.000000,38155.000000,38020.000000,38154.000000,4571.0000
YM,2024.04.17,00:00:00,38152.000000,38152.000000,38067.000000,38124.000000,4452.0000
YM,2024.04.17,04:00:00,38127.000000,38131.000000,37975.000000,38118.000000,10420.0000
YM,2024.04.17,08:00:00,38120.000000,38240.000000,38112.000000,38128.000000,13948.0000
YM,2024.04.17,12:00:00,38128.000000,38257.000000,37876.000000,37946.000000,82110.0000
YM,2024.04.17,16:00:00,37942.000000,38200.000000,37842.000000,37979.000000,82679.0000
YM,2024.04.17,20:00:00,37980.000000,38010.000000,37948.000000,38000.000000,4584.0000
YM,2024.04.18,00:00:00,38001.000000,38059.000000,37991.000000,38054.000000,2492.0000
YM,2024.04.18,04:00:00,38056.000000,38100.000000,38031.000000,38067.000000,6769.0000
YM,2024.04.18,08:00:00,38065.000000,38113.000000,37980.000000,38091.000000,12290.0000
YM,2024.04.18,12:00:00,38090.000000,38317.000000,38025.000000,38202.000000,71861.0000
YM,2024.04.18,16:00:00,38202.000000,38236.000000,37900.000000,38001.000000,79679.0000
YM,2024.04.18,20:00:00,38001.000000,38036.000000,37924.000000,37950.000000,7955.0000
YM,2024.04.19,00:00:00,37950.000000,37965.000000,37463.000000,37694.000000,24236.0000
YM,2024.04.19,04:00:00,37702.000000,37884.000000,37684.000000,37870.000000,11524.0000
YM,2024.04.19,08:00:00,37872.000000,37984.000000,37819.000000,37958.000000,18236.0000
YM,2024.04.19,12:00:00,37958.000000,38234.000000,37923.000000,38158.000000,77361.0000
YM,2024.04.19,16:00:00,38152.000000,38344.000000,38060.000000,38210.000000,81536.0000
YM,2024.04.19,20:00:00,38209.000000,38225.000000,38183.000000,38208.000000,4538.0000
YM,2024.04.21,20:00:00,38271.000000,38335.000000,38255.000000,38328.000000,2799.0000
YM,2024.04.22,00:00:00,38327.000000,38356.000000,38253.000000,38280.000000,4610.0000
YM,2024.04.22,04:00:00,38275.000000,38393.000000,38275.000000,38298.000000,5959.0000
YM,2024.04.22,08:00:00,38298.000000,38451.000000,38287.000000,38441.000000,10708.0000
YM,2024.04.22,12:00:00,38442.000000,38449.000000,38208.000000,38323.000000,57484.0000
YM,2024.04.22,16:00:00,38325.000000,38681.000000,38318.000000,38472.000000,60954.0000
YM,2024.04.22,20:00:00,38472.000000,38511.000000,38431.000000,38478.000000,4291.0000
YM,2024.04.23,00:00:00,38478.000000,38505.000000,38442.000000,38481.000000,2917.0000
YM,2024.04.23,04:00:00,38479.000000,38532.000000,38450.000000,38508.000000,4844.0000
YM,2024.04.23,08:00:00,38510.000000,38579.000000,38471.000000,38513.000000,9334.0000
YM,2024.04.23,12:00:00,38512.000000,38737.000000,38480.000000,38645.000000,56535.0000
YM,2024.04.23,16:00:00,38646.000000,38789.000000,38636.000000,38740.000000,38468.0000
YM,2024.04.23,20:00:00,38737.000000,38767.000000,38695.000000,38734.000000,5440.0000
YM,2024.04.24,00:00:00,38733.000000,38793.000000,38719.000000,38779.000000,2823.0000
YM,2024.04.24,04:00:00,38779.000000,38800.000000,38711.000000,38736.000000,5253.0000
YM,2024.04.24,08:00:00,38735.000000,38756.000000,38672.000000,38736.000000,12270.0000
YM,2024.04.24,12:00:00,38734.000000,38753.000000,38520.000000,38564.000000,52826.0000
YM,2024.04.24,16:00:00,38563.000000,38769.000000,38532.000000,38669.000000,50129.0000
YM,2024.04.24,20:00:00,38669.000000,38700.000000,38560.000000,38587.000000,11590.0000
YM,2024.04.25,00:00:00,38587.000000,38637.000000,38587.000000,38602.000000,2731.0000
YM,2024.04.25,04:00:00,38603.000000,38627.000000,38551.000000,38573.000000,5410.0000
YM,2024.04.25,08:00:00,38573.000000,38594.000000,38410.000000,38470.000000,16833.0000
YM,2024.04.25,12:00:00,38467.000000,38487.000000,37944.000000,38100.000000,80902.0000
YM,2024.04.25,16:00:00,38097.000000,38355.000000,38065.000000,38292.000000,57618.0000
YM,2024.04.25,20:00:00,38292.000000,38408.000000,38277.000000,38312.000000,9354.0000
YM,2024.04.26,00:00:00,38314.000000,38347.000000,38288.000000,38334.000000,2622.0000
YM,2024.04.26,04:00:00,38338.000000,38382.000000,38325.000000,38344.000000,4677.0000
YM,2024.04.26,08:00:00,38342.000000,38371.000000,38310.000000,38329.000000,9251.0000
YM,2024.04.26,12:00:00,38329.000000,38496.000000,38242.000000,38437.000000,63967.0000
YM,2024.04.26,16:00:00,38437.000000,38535.000000,38414.000000,38428.000000,36712.0000
YM,2024.04.26,20:00:00,38429.000000,38455.000000,38424.000000,38453.000000,2284.0000
YM,2024.04.28,20:00:00,38490.000000,38528.000000,38474.000000,38528.000000,1372.0000
YM,2024.04.29,00:00:00,38529.000000,38567.000000,38511.000000,38543.000000,2990.0000
YM,2024.04.29,04:00:00,38541.000000,38563.000000,38499.000000,38522.000000,4771.0000
YM,2024.04.29,08:00:00,38523.000000,38524.000000,38459.000000,38495.000000,5844.0000
YM,2024.04.29,12:00:00,38494.000000,38591.000000,38463.000000,38499.000000,35070.0000
YM,2024.04.29,16:00:00,38499.000000,38593.000000,38393.000000,38566.000000,42562.0000
YM,2024.04.29,20:00:00,38565.000000,38592.000000,38532.000000,38540.000000,3137.0000
YM,2024.04.30,00:00:00,38540.000000,38541.000000,38508.000000,38529.000000,1508.0000
YM,2024.04.30,04:00:00,38529.000000,38555.000000,38492.000000,38525.000000,4070.0000
YM,2024.04.30,08:00:00,38524.000000,38571.000000,38499.000000,38523.000000,8922.0000
YM,2024.04.30,12:00:00,38522.000000,38549.000000,38219.000000,38253.000000,65117.0000
YM,2024.04.30,16:00:00,38255.000000,38270.000000,37983.000000,37989.000000,53447.0000
YM,2024.04.30,20:00:00,37987.000000,38041.000000,37923.000000,37974.000000,13509.0000
YM,2024.05.01,00:00:00,37975.000000,38022.000000,37962.000000,38021.000000,2701.0000
YM,2024.05.01,04:00:00,38021.000000,38025.000000,37923.000000,37942.000000,4107.0000
YM,2024.05.01,08:00:00,37943.000000,37962.000000,37866.000000,37908.000000,8061.0000
YM,2024.05.01,12:00:00,37905.000000,38127.000000,37889.000000,38080.000000,42067.0000
YM,2024.05.01,16:00:00,38080.000000,38527.000000,38044.000000,38057.000000,106154.0000
YM,2024.05.01,20:00:00,38057.000000,38189.000000,38046.000000,38182.000000,6900.0000
YM,2024.05.02,00:00:00,38184.000000,38250.000000,38181.000000,38221.000000,3463.0000
YM,2024.05.02,04:00:00,38220.000000,38237.000000,38167.000000,38212.000000,5842.0000
YM,2024.05.02,08:00:00,38211.000000,38267.000000,38178.000000,38231.000000,6515.0000
YM,2024.05.02,12:00:00,38232.000000,38321.000000,38038.000000,38243.000000,64417.0000
YM,2024.05.02,16:00:00,38245.000000,38451.000000,38138.000000,38387.000000,55733.0000
YM,2024.05.02,20:00:00,38387.000000,38691.000000,38323.000000,38612.000000,11255.0000
YM,2024.05.03,00:00:00,38612.000000,38644.000000,38596.000000,38622.000000,2537.0000
YM,2024.05.03,04:00:00,38619.000000,38635.000000,38585.000000,38616.000000,3948.0000
YM,2024.05.03,08:00:00,38616.000000,38706.000000,38611.000000,38657.000000,6898.0000
YM,2024.05.03,12:00:00,38658.000000,38957.000000,38651.000000,38800.000000,90861.0000
YM,2024.05.03,16:00:00,38805.000000,38891.000000,38788.000000,38830.000000,35593.0000
YM,2024.05.03,20:00:00,38828.000000,38889.000000,38828.000000,38869.000000,3442.0000
YM,2024.05.05,20:00:00,38920.000000,38921.000000,38870.000000,38873.000000,1067.0000
YM,2024.05.06,00:00:00,38876.000000,38886.000000,38848.000000,38870.000000,2161.0000
YM,2024.05.06,04:00:00,38871.000000,38897.000000,38850.000000,38872.000000,2765.0000
YM,2024.05.06,08:00:00,38873.000000,38966.000000,38857.000000,38961.000000,5291.0000
YM,2024.05.06,12:00:00,38960.000000,39028.000000,38842.000000,38881.000000,32902.0000
YM,2024.05.06,16:00:00,38880.000000,39013.000000,38834.000000,39000.000000,29485.0000
YM,2024.05.06,20:00:00,38999.000000,39009.000000,38976.000000,38997.000000,3110.0000
YM,2024.05.07,00:00:00,38998.000000,39020.000000,38986.000000,39017.000000,1837.0000
YM,2024.05.07,04:00:00,39018.000000,39047.000000,38998.000000,39004.000000,3479.0000
YM,2024.05.07,08:00:00,39003.000000,39082.000000,38991.000000,39024.000000,7187.0000
YM,2024.05.07,12:00:00,39024.000000,39127.000000,39005.000000,39058.000000,34087.0000
YM,2024.05.07,16:00:00,39056.000000,39094.000000,38978.000000,39020.000000,29904.0000
YM,2024.05.07,20:00:00,39020.000000,39039.000000,38992.000000,39019.000000,2404.0000
YM,2024.05.08,00:00:00,39019.000000,39030.000000,38997.000000,39016.000000,1498.0000
YM,2024.05.08,04:00:00,39015.000000,39055.000000,39000.000000,39032.000000,3019.0000
YM,2024.05.08,08:00:00,39032.000000,39056.000000,38990.000000,39008.000000,6315.0000
YM,2024.05.08,12:00:00,39007.000000,39120.000000,38936.000000,39097.000000,38661.0000
YM,2024.05.08,16:00:00,39099.000000,39236.000000,39060.000000,39187.000000,35420.0000
YM,2024.05.08,20:00:00,39186.000000,39212.000000,39172.000000,39194.000000,3737.0000
YM,2024.05.09,00:00:00,39195.000000,39199.000000,39164.000000,39166.000000,2140.0000
YM,2024.05.09,04:00:00,39167.000000,39170.000000,39126.000000,39139.000000,3429.0000
YM,2024.05.09,08:00:00,39138.000000,39150.000000,39087.000000,39128.000000,6416.0000
YM,2024.05.09,12:00:00,39125.000000,39410.000000,39093.000000,39349.000000,44117.0000
YM,2024.05.09,16:00:00,39350.000000,39558.000000,39335.000000,39537.000000,38653.0000
YM,2024.05.09,20:00:00,39538.000000,39598.000000,39534.000000,39582.000000,5034.0000
YM,2024.05.10,00:00:00,39583.000000,39595.000000,39562.000000,39567.000000,2137.0000
YM,2024.05.10,04:00:00,39568.000000,39630.000000,39568.000000,39625.000000,4698.0000
YM,2024.05.10,08:00:00,39624.000000,39671.000000,39590.000000,39616.000000,6239.0000
YM,2024.05.10,12:00:00,39616.000000,39718.000000,39532.000000,39582.000000,48294.0000
YM,2024.05.10,16:00:00,39584.000000,39675.000000,39559.000000,39636.000000,31465.0000
YM,2024.05.10,20:00:00,39635.000000,39638.000000,39611.000000,39618.000000,2531.0000
YM,2024.05.12,20:00:00,39620.000000,39635.000000,39576.000000,39631.000000,1245.0000
YM,2024.05.13,00:00:00,39632.000000,39653.000000,39617.000000,39639.000000,2312.0000
YM,2024.05.13,04:00:00,39640.000000,39666.000000,39629.000000,39652.000000,3342.0000
YM,2024.05.13,08:00:00,39653.000000,39715.000000,39644.000000,39709.000000,6046.0000
YM,2024.05.13,12:00:00,39707.000000,39780.000000,39605.000000,39626.000000,38777.0000
YM,2024.05.13,16:00:00,39625.000000,39646.000000,39519.000000,39561.000000,31224.0000
YM,2024.05.13,20:00:00,39561.000000,39570.000000,39524.000000,39566.000000,2466.0000
YM,2024.05.14,00:00:00,39567.000000,39571.000000,39543.000000,39549.000000,1786.0000
YM,2024.05.14,04:00:00,39549.000000,39573.000000,39543.000000,39570.000000,3043.0000
YM,2024.05.14,08:00:00,39570.000000,39624.000000,39522.000000,39594.000000,10037.0000
YM,2024.05.14,12:00:00,39592.000000,39670.000000,39405.000000,39541.000000,54930.0000
YM,2024.05.14,16:00:00,39537.000000,39736.000000,39488.000000,39672.000000,35288.0000
YM,2024.05.14,20:00:00,39671.000000,39700.000000,39656.000000,39690.000000,3228.0000
YM,2024.05.15,00:00:00,39690.000000,39727.000000,39683.000000,39715.000000,2452.0000
YM,2024.05.15,04:00:00,39715.000000,39717.000000,39667.000000,39679.000000,3423.0000
YM,2024.05.15,08:00:00,39680.000000,39705.000000,39662.000000,39680.000000,4527.0000
YM,2024.05.15,12:00:00,39679.000000,39966.000000,39652.000000,39923.000000,52519.0000
YM,2024.05.15,16:00:00,39924.000000,40063.000000,39880.000000,40045.000000,33760.0000
YM,2024.05.15,20:00:00,40044.000000,40094.000000,40001.000000,40083.000000,4974.0000
YM,2024.05.16,00:00:00,40084.000000,40128.000000,40084.000000,40119.000000,3074.0000
YM,2024.05.16,04:00:00,40120.000000,40122.000000,40056.000000,40070.000000,3793.0000
YM,2024.05.16,08:00:00,40068.000000,40083.000000,40043.000000,40052.000000,7086.0000
YM,2024.05.16,12:00:00,40049.000000,40190.000000,40015.000000,40154.000000,51014.0000
YM,2024.05.16,16:00:00,40155.000000,40156.000000,40002.000000,40007.000000,48203.0000
YM,2024.05.16,20:00:00,40007.000000,40024.000000,39979.000000,40017.000000,4998.0000
YM,2024.05.17,00:00:00,40017.000000,40028.000000,39984.000000,39984.000000,2703.0000
YM,2024.05.17,04:00:00,39986.000000,40025.000000,39983.000000,39995.000000,3629.0000
YM,2024.05.17,08:00:00,39996.000000,40037.000000,39955.000000,40018.000000,6287.0000
YM,2024.05.17,12:00:00,40018.000000,40068.000000,39974.000000,40030.000000,35067.0000
YM,2024.05.17,16:00:00,40029.000000,40147.000000,39987.000000,40139.000000,35306.0000
YM,2024.05.17,20:00:00,40138.000000,40138.000000,40117.000000,40134.000000,3202.0000
YM,2024.05.19,20:00:00,40133.000000,40185.000000,40133.000000,40180.000000,1294.0000
YM,2024.05.20,00:00:00,40180.000000,40194.000000,40159.000000,40172.000000,2281.0000
YM,2024.05.20,04:00:00,40172.000000,40179.000000,40149.000000,40163.000000,3104.0000
YM,2024.05.20,08:00:00,40162.000000,40168.000000,40133.000000,40166.000000,3761.0000
YM,2024.05.20,12:00:00,40166.000000,40213.000000,40036.000000,40152.000000,40217.0000
YM,2024.05.20,16:00:00,40150.000000,40162.000000,39922.000000,39955.000000,49380.0000
YM,2024.05.20,20:00:00,39954.000000,39972.000000,39915.000000,39925.000000,6548.0000
YM,2024.05.21,00:00:00,39925.000000,39944.000000,39920.000000,39944.000000,2712.0000
YM,2024.05.21,04:00:00,39943.000000,39966.000000,39940.000000,39948.000000,3105.0000
YM,2024.05.21,08:00:00,39949.000000,39960.000000,39923.000000,39952.000000,5502.0000
YM,2024.05.21,12:00:00,39954.000000,40019.000000,39909.000000,39961.000000,40331.0000
YM,2024.05.21,16:00:00,39963.000000,40034.000000,39907.000000,40011.000000,35112.0000
YM,2024.05.21,20:00:00,40009.000000,40020.000000,39988.000000,40017.000000,2453.0000
YM,2024.05.22,00:00:00,40016.000000,40033.000000,40001.000000,40012.000000,2194.0000
YM,2024.05.22,04:00:00,40011.000000,40017.000000,39949.000000,39985.000000,3715.0000
YM,2024.05.22,08:00:00,39985.000000,39991.000000,39903.000000,39909.000000,5995.0000
YM,2024.05.22,12:00:00,39910.000000,40009.000000,39880.000000,39915.000000,38665.0000
YM,2024.05.22,16:00:00,39914.000000,39978.000000,39668.000000,39792.000000,64832.0000
YM,2024.05.22,20:00:00,39794.000000,39836.000000,39694.000000,39738.000000,8701.0000
YM,2024.05.23,00:00:00,39739.000000,39860.000000,39715.000000,39850.000000,4929.0000
YM,2024.05.23,04:00:00,39850.000000,39864.000000,39800.000000,39811.000000,4510.0000
YM,2024.05.23,08:00:00,39811.000000,39858.000000,39774.000000,39844.000000,7220.0000
YM,2024.05.23,12:00:00,39843.000000,39882.000000,39451.000000,39517.000000,74377.0000
YM,2024.05.23,16:00:00,39515.000000,39534.000000,39114.000000,39162.000000,93800.0000
YM,2024.05.23,20:00:00,39162.000000,39166.000000,39129.000000,39142.000000,5638.0000
YM,2024.05.24,00:00:00,39141.000000,39207.000000,39136.000000,39187.000000,3205.0000
YM,2024.05.24,04:00:00,39186.000000,39201.000000,39138.000000,39197.000000,4628.0000
YM,2024.05.24,08:00:00,39199.000000,39223.000000,39182.000000,39207.000000,5672.0000
YM,2024.05.24,12:00:00,39208.000000,39314.000000,39127.000000,39254.000000,55624.0000
YM,2024.05.24,16:00:00,39253.000000,39286.000000,39105.000000,39153.000000,33238.0000
YM,2024.05.24,20:00:00,39152.000000,39171.000000,39144.000000,39149.000000,2306.0000
YM,2024.05.26,20:00:00,39163.000000,39169.000000,39109.000000,39119.000000,941.0000
YM,2024.05.27,00:00:00,39119.000000,39143.000000,39095.000000,39122.000000,3999.0000
YM,2024.05.28,04:00:00,39188.000000,39218.000000,39167.000000,39183.000000,4132.0000
YM,2024.05.28,08:00:00,39181.000000,39196.000000,39096.000000,39123.000000,9410.0000
YM,2024.05.28,12:00:00,39123.000000,39139.000000,38974.000000,39011.000000,44059.0000
YM,2024.05.28,16:00:00,39011.000000,39018.000000,38787.000000,38951.000000,49092.0000
YM,2024.05.28,20:00:00,38950.000000,38977.000000,38870.000000,38877.000000,6154.0000
YM,2024.05.29,00:00:00,38878.000000,38891.000000,38809.000000,38816.000000,4557.0000
YM,2024.05.29,04:00:00,38816.000000,38837.000000,38742.000000,38743.000000,6911.0000
YM,2024.05.29,08:00:00,38744.000000,38794.000000,38683.000000,38712.000000,10741.0000
YM,2024.05.29,12:00:00,38712.000000,38738.000000,38499.000000,38571.000000,56964.0000
YM,2024.05.29,16:00:00,38568.000000,38610.000000,38510.000000,38542.000000,35797.0000
YM,2024.05.29,20:00:00,38543.000000,38556.000000,38221.000000,38272.000000,15141.0000
YM,2024.05.30,00:00:00,38273.000000,38277.000000,38212.000000,38226.000000,4625.0000
YM,2024.05.30,04:00:00,38226.000000,38229.000000,38140.000000,38218.000000,7140.0000
YM,2024.05.30,08:00:00,38218.000000,38231.000000,38164.000000,38177.000000,9500.0000
YM,2024.05.30,12:00:00,38175.000000,38292.000000,38111.000000,38193.000000,61342.0000
YM,2024.05.30,16:00:00,38195.000000,38312.000000,38123.000000,38223.000000,47488.0000
YM,2024.05.30,20:00:00,38223.000000,38231.000000,38163.000000,38176.000000,5751.0000
YM,2024.05.31,00:00:00,38176.000000,38218.000000,38141.000000,38210.000000,4851.0000
YM,2024.05.31,04:00:00,38212.000000,38245.000000,38191.000000,38216.000000,5190.0000
YM,2024.05.31,08:00:00,38216.000000,38253.000000,38140.000000,38210.000000,9117.0000
YM,2024.05.31,12:00:00,38208.000000,38371.000000,38182.000000,38252.000000,61167.0000
YM,2024.05.31,16:00:00,38251.000000,38812.000000,38208.000000,38802.000000,63901.0000
YM,2024.05.31,20:00:00,38798.000000,38858.000000,38770.000000,38825.000000,12193.0000
YM,2024.06.02,20:00:00,38824.000000,38857.000000,38769.000000,38844.000000,3271.0000
YM,2024.06.03,00:00:00,38844.000000,38900.000000,38843.000000,38885.000000,5216.0000
YM,2024.06.03,04:00:00,38883.000000,38919.000000,38773.000000,38774.000000,7059.0000
YM,2024.06.03,08:00:00,38773.000000,38810.000000,38734.000000,38791.000000,9531.0000
YM,2024.06.03,12:00:00,38790.000000,38841.000000,38480.000000,38530.000000,65213.0000
YM,2024.06.03,16:00:00,38529.000000,38669.000000,38333.000000,38668.000000,58944.0000
YM,2024.06.03,20:00:00,38669.000000,38684.000000,38636.000000,38640.000000,4817.0000
YM,2024.06.04,00:00:00,38640.000000,38681.000000,38638.000000,38659.000000,2736.0000
YM,2024.06.04,04:00:00,38657.000000,38669.000000,38555.000000,38590.000000,5373.0000
YM,2024.06.04,08:00:00,38592.000000,38592.000000,38425.000000,38555.000000,10612.0000
YM,2024.06.04,12:00:00,38553.000000,38767.000000,38489.000000,38590.000000,55841.0000
YM,2024.06.04,16:00:00,38592.000000,38878.000000,38564.000000,38787.000000,45947.0000
YM,2024.06.04,20:00:00,38786.000000,38855.000000,38771.000000,38850.000000,3298.0000
YM,2024.06.05,00:00:00,38851.000000,38875.000000,38840.000000,38866.000000,4291.0000
YM,2024.06.05,04:00:00,38867.000000,38889.000000,38844.000000,38846.000000,4988.0000
YM,2024.06.05,08:00:00,38846.000000,38884.000000,38816.000000,38871.000000,6527.0000
YM,2024.06.05,12:00:00,38870.000000,38916.000000,38628.000000,38866.000000,61354.0000
YM,2024.06.05,16:00:00,38866.000000,38936.000000,38775.000000,38888.000000,46462.0000
YM,2024.06.05,20:00:00,38887.000000,38907.000000,38856.000000,38899.000000,3916.0000
YM,2024.06.06,00:00:00,38900.000000,38908.000000,38873.000000,38896.000000,3175.0000
YM,2024.06.06,04:00:00,38893.000000,38894.000000,38840.000000,38853.000000,4526.0000
YM,2024.06.06,08:00:00,38854.000000,38878.000000,38835.000000,38867.000000,5891.0000
YM,2024.06.06,12:00:00,38867.000000,39090.000000,38813.000000,38929.000000,72291.0000
YM,2024.06.06,16:00:00,38928.000000,38989.000000,38808.000000,38964.000000,55369.0000
YM,2024.06.06,20:00:00,38963.000000,38981.000000,38932.000000,38979.000000,1000.0000
YM,2024.06.07,00:00:00,38979.000000,39015.000000,38977.000000,38992.000000,3290.0000
YM,2024.06.07,04:00:00,38997.000000,39043.000000,38979.000000,38988.000000,4230.0000
YM,2024.06.07,08:00:00,38986.000000,38987.000000,38918.000000,38967.000000,7100.0000
YM,2024.06.07,12:00:00,38963.000000,39174.000000,38716.000000,39019.000000,80883.0000
YM,2024.06.07,16:00:00,39020.000000,39080.000000,38843.000000,38856.000000,56297.0000
YM,2024.06.07,20:00:00,38856.000000,38877.000000,38837.000000,38866.000000,4498.0000
YM,2024.06.09,20:00:00,38852.000000,38896.000000,38823.000000,38853.000000,1524.0000
YM,2024.06.10,00:00:00,38853.000000,38874.000000,38838.000000,38849.000000,2338.0000
YM,2024.06.10,04:00:00,38848.000000,38859.000000,38731.000000,38799.000000,6752.0000
YM,2024.06.10,08:00:00,38795.000000,38820.000000,38721.000000,38807.000000,7667.0000
YM,2024.06.10,12:00:00,38806.000000,38915.000000,38719.000000,38846.000000,49635.0000
YM,2024.06.10,16:00:00,38848.000000,38944.000000,38787.000000,38934.000000,36106.0000
YM,2024.06.10,20:00:00,38933.000000,38941.000000,38868.000000,38877.000000,3297.0000
YM,2024.06.11,00:00:00,38875.000000,38879.000000,38854.000000,38872.000000,2457.0000
YM,2024.06.11,04:00:00,38876.000000,38932.000000,38861.000000,38872.000000,4213.0000
YM,2024.06.11,08:00:00,38872.000000,38881.000000,38744.000000,38779.000000,10863.0000
YM,2024.06.11,12:00:00,38781.000000,38810.000000,38481.000000,38691.000000,65031.0000
YM,2024.06.11,16:00:00,38693.000000,38814.000000,38602.000000,38795.000000,44205.0000
YM,2024.06.11,20:00:00,38795.000000,38799.000000,38752.000000,38774.000000,3467.0000
YM,2024.06.12,00:00:00,38774.000000,38799.000000,38760.000000,38794.000000,1700.0000
YM,2024.06.12,04:00:00,38794.000000,38856.000000,38793.000000,38829.000000,4795.0000
YM,2024.06.12,08:00:00,38828.000000,38844.000000,38810.000000,38833.000000,6344.0000
YM,2024.06.12,12:00:00,38834.000000,39193.000000,38802.000000,38896.000000,84932.0000
YM,2024.06.12,16:00:00,38895.000000,38907.000000,38659.000000,38748.000000,86048.0000
YM,2024.06.12,20:00:00,38748.000000,38764.000000,38704.000000,38732.000000,5681.0000
YM,2024.06.13,00:00:00,38731.000000,38742.000000,38715.000000,38733.000000,2490.0000
YM,2024.06.13,04:00:00,38733.000000,38736.000000,38682.000000,38682.000000,5287.0000
YM,2024.06.13,08:00:00,38681.000000,38692.000000,38587.000000,38633.000000,9103.0000
YM,2024.06.13,12:00:00,38634.000000,38770.000000,38437.000000,38489.000000,71158.0000
YM,2024.06.13,16:00:00,38488.000000,38750.000000,38446.000000,38668.000000,50019.0000
YM,2024.06.13,20:00:00,38668.000000,38692.000000,38619.000000,38648.000000,4698.0000
YM,2024.06.14,00:00:00,38647.000000,38669.000000,38639.000000,38667.000000,2522.0000
YM,2024.06.14,04:00:00,38668.000000,38674.000000,38547.000000,38555.000000,6360.0000
YM,2024.06.14,08:00:00,38555.000000,38561.000000,38306.000000,38386.000000,21951.0000
YM,2024.06.14,12:00:00,38385.000000,38578.000000,38323.000000,38572.000000,64159.0000
YM,2024.06.14,16:00:00,38572.000000,38620.000000,38480.000000,38608.000000,40623.0000
YM,2024.06.14,20:00:00,38608.000000,38608.000000,38565.000000,38582.000000,4367.0000
YM,2024.06.16,20:00:00,38587.000000,38609.000000,38578.000000,38590.000000,425.0000
YM,2024.06.17,00:00:00,38593.000000,38599.000000,38550.000000,38581.000000,1243.0000
YM,2024.06.17,04:00:00,38585.000000,38639.000000,38571.000000,38607.000000,3308.0000
YM,2024.06.17,08:00:00,38607.000000,38619.000000,38478.000000,38539.000000,4813.0000
YM,2024.06.17,12:00:00,38536.000000,38691.000000,38448.000000,38623.000000,37939.0000
YM,2024.06.17,16:00:00,38622.000000,38884.000000,38621.000000,38824.000000,41125.0000
YM,2024.06.17,20:00:00,38823.000000,38883.000000,38803.000000,38876.000000,3195.0000
YM,2024.06.18,00:00:00,38875.000000,38887.000000,38828.000000,38849.000000,693.0000
YM,2024.06.18,04:00:00,38848.000000,38872.000000,38794.000000,38794.000000,1248.0000
YM,2024.06.18,08:00:00,38793.000000,38830.000000,38760.000000,38784.000000,2281.0000
YM,2024.06.18,12:00:00,38789.000000,38970.000000,38749.000000,38816.000000,23624.0000
YM,2024.06.18,16:00:00,38818.000000,38875.000000,38770.000000,38866.000000,18325.0000
YM,2024.06.18,20:00:00,38866.000000,38874.000000,38836.000000,38859.000000,2159.0000
YM,2024.06.19,00:00:00,38858.000000,38862.000000,38824.000000,38824.000000,369.0000
YM,2024.06.20,04:00:00,38815.000000,38909.000000,38815.000000,38862.000000,522.0000
YM,2024.06.20,08:00:00,38859.000000,38909.000000,38846.000000,38883.000000,783.0000
YM,2024.06.20,12:00:00,38878.000000,39033.000000,38779.000000,38928.000000,11779.0000
YM,2024.06.20,16:00:00,38925.000000,39257.000000,38925.000000,39148.000000,15589.0000
YM,2024.06.20,20:00:00,39148.000000,39165.000000,39112.000000,39152.000000,912.0000
YM,2024.06.21,00:00:00,39158.000000,39160.000000,39117.000000,39148.000000,51.0000
YM,2024.06.21,04:00:00,39151.000000,39168.000000,39084.000000,39094.000000,206.0000
YM,2024.06.21,08:00:00,39091.000000,39154.000000,39090.000000,39140.000000,425.0000
YM,2024.06.21,12:00:00,39132.000000,39185.000000,39051.000000,39171.000000,192.0000
YM,2024.06.23,20:00:00,39589.000000,39607.000000,39573.000000,39575.000000,1426.0000
YM,2024.06.24,00:00:00,39575.000000,39578.000000,39463.000000,39499.000000,3673.0000
YM,2024.06.24,04:00:00,39498.000000,39615.000000,39490.000000,39614.000000,4896.0000
YM,2024.06.24,08:00:00,39612.000000,39719.000000,39604.000000,39688.000000,10057.0000
YM,2024.06.24,12:00:00,39690.000000,39999.000000,39623.000000,39925.000000,61540.0000
YM,2024.06.24,16:00:00,39922.000000,39946.000000,39781.000000,39831.000000,43651.0000
YM,2024.06.24,20:00:00,39829.000000,39882.000000,39802.000000,39879.000000,4513.0000
YM,2024.06.25,00:00:00,39879.000000,39918.000000,39855.000000,39914.000000,3910.0000
YM,2024.06.25,04:00:00,39915.000000,39928.000000,39855.000000,39864.000000,5248.0000
YM,2024.06.25,08:00:00,39866.000000,39876.000000,39774.000000,39803.000000,12302.0000
YM,2024.06.25,12:00:00,39804.000000,39842.000000,39508.000000,39513.000000,59714.0000
YM,2024.06.25,16:00:00,39515.000000,39569.000000,39393.000000,39518.000000,48397.0000
YM,2024.06.25,20:00:00,39517.000000,39520.000000,39462.000000,39479.000000,4058.0000
YM,2024.06.26,00:00:00,39478.000000,39520.000000,39469.000000,39510.000000,2576.0000
YM,2024.06.26,04:00:00,39511.000000,39555.000000,39505.000000,39555.000000,6445.0000
YM,2024.06.26,08:00:00,39555.000000,39558.000000,39424.000000,39443.000000,8276.0000
YM,2024.06.26,12:00:00,39444.000000,39544.000000,39307.000000,39542.000000,47128.0000
YM,2024.06.26,16:00:00,39541.000000,39586.000000,39506.000000,39531.000000,33593.0000
YM,2024.06.26,20:00:00,39531.000000,39573.000000,39434.000000,39444.000000,8142.0000
YM,2024.06.27,00:00:00,39444.000000,39445.000000,39389.000000,39416.000000,3298.0000
YM,2024.06.27,04:00:00,39419.000000,39495.000000,39414.000000,39481.000000,4836.0000
YM,2024.06.27,08:00:00,39481.000000,39486.000000,39432.000000,39461.000000,6145.0000
YM,2024.06.27,12:00:00,39462.000000,39651.000000,39416.000000,39594.000000,49122.0000
YM,2024.06.27,16:00:00,39591.000000,39645.000000,39411.000000,39556.000000,35903.0000
YM,2024.06.27,20:00:00,39554.000000,39600.000000,39486.000000,39521.000000,6037.0000
YM,2024.06.28,00:00:00,39523.000000,39567.000000,39499.000000,39550.000000,3269.0000
YM,2024.06.28,04:00:00,39549.000000,39595.000000,39531.000000,39554.000000,4057.0000
YM,2024.06.28,08:00:00,39554.000000,39599.000000,39530.000000,39570.000000,6747.0000
YM,2024.06.28,12:00:00,39571.000000,39817.000000,39467.000000,39594.000000,80033.0000
YM,2024.06.28,16:00:00,39593.000000,39596.000000,39285.000000,39484.000000,55736.0000
YM,2024.06.28,20:00:00,39486.000000,39539.000000,39471.000000,39524.000000,6577.0000
YM,2024.06.30,20:00:00,39560.000000,39560.000000,39486.000000,39492.000000,2027.0000
YM,2024.07.01,00:00:00,39493.000000,39533.000000,39481.000000,39518.000000,2902.0000
YM,2024.07.01,04:00:00,39518.000000,39584.000000,39484.000000,39495.000000,6846.0000
YM,2024.07.01,08:00:00,39496.000000,39578.000000,39492.000000,39576.000000,7786.0000
YM,2024.07.01,12:00:00,39577.000000,39805.000000,39386.000000,39515.000000,85707.0000
YM,2024.07.01,16:00:00,39514.000000,39567.000000,39414.000000,39511.000000,38284.0000
YM,2024.07.01,20:00:00,39511.000000,39516.000000,39468.000000,39479.000000,3358.0000
YM,2024.07.02,00:00:00,39479.000000,39487.000000,39442.000000,39447.000000,3718.0000
YM,2024.07.02,04:00:00,39447.000000,39479.000000,39344.000000,39386.000000,6310.0000
YM,2024.07.02,08:00:00,39388.000000,39418.000000,39338.000000,39375.000000,7724.0000
YM,2024.07.02,12:00:00,39377.000000,39561.000000,39365.000000,39487.000000,55745.0000
YM,2024.07.02,16:00:00,39487.000000,39694.000000,39430.000000,39690.000000,33774.0000
YM,2024.07.02,20:00:00,39689.000000,39690.000000,39640.000000,39649.000000,3850.0000
YM,2024.07.03,00:00:00,39649.000000,39679.000000,39637.000000,39641.000000,2466.0000
YM,2024.07.03,12:00:00,39670.000000,39763.000000,39576.000000,39585.000000,49060.0000
YM,2024.07.03,16:00:00,39584.000000,39675.000000,39568.000000,39639.000000,12737.0000
YM,2024.07.05,04:00:00,39675.000000,39705.000000,39667.000000,39686.000000,18622.0000
YM,2024.07.05,08:00:00,39685.000000,39695.000000,39608.000000,39612.000000,6826.0000
YM,2024.07.05,12:00:00,39614.000000,39718.000000,39489.000000,39654.000000,56366.0000
YM,2024.07.05,16:00:00,39655.000000,39730.000000,39546.000000,39697.000000,30452.0000
YM,2024.07.05,20:00:00,39697.000000,39698.000000,39659.000000,39659.000000,2690.0000
YM,2024.07.07,20:00:00,39670.000000,39672.000000,39631.000000,39634.000000,1156.0000
YM,2024.07.08,00:00:00,39633.000000,39646.000000,39612.000000,39637.000000,2439.0000
YM,2024.07.08,04:00:00,39635.000000,39683.000000,39597.000000,39682.000000,4752.0000
YM,2024.07.08,08:00:00,39682.000000,39727.000000,39678.000000,39723.000000,6337.0000
YM,2024.07.08,12:00:00,39724.000000,40006.000000,39636.000000,39643.000000,69979.0000
YM,2024.07.08,16:00:00,39642.000000,39681.000000,39595.000000,39660.000000,35145.0000
YM,2024.07.08,20:00:00,39660.000000,39712.000000,39652.000000,39711.000000,4000.0000
YM,2024.07.09,00:00:00,39711.000000,39726.000000,39689.000000,39724.000000,2441.0000
YM,2024.07.09,04:00:00,39724.000000,39730.000000,39652.000000,39700.000000,4776.0000
YM,2024.07.09,08:00:00,39700.000000,39718.000000,39666.000000,39684.000000,5823.0000
YM,2024.07.09,12:00:00,39685.000000,39697.000000,39450.000000,39619.000000,55349.0000
YM,2024.07.09,16:00:00,39620.000000,39817.000000,39555.000000,39600.000000,49979.0000
YM,2024.07.09,20:00:00,39601.000000,39618.000000,39576.000000,39588.000000,5835.0000
YM,2024.07.10,00:00:00,39588.000000,39602.000000,39572.000000,39582.000000,2005.0000
YM,2024.07.10,04:00:00,39582.000000,39592.000000,39558.000000,39582.000000,4139.0000
YM,2024.07.10,08:00:00,39582.000000,39624.000000,39572.000000,39620.000000,7122.0000
YM,2024.07.10,12:00:00,39620.000000,39720.000000,39566.000000,39713.000000,48010.0000
YM,2024.07.10,16:00:00,39716.000000,40067.000000,39711.000000,40039.000000,52255.0000
YM,2024.07.10,20:00:00,40038.000000,40049.000000,40000.000000,40021.000000,5916.0000
YM,2024.07.11,00:00:00,40021.000000,40040.000000,39992.000000,40035.000000,3533.0000
YM,2024.07.11,04:00:00,40039.000000,40050.000000,39996.000000,40013.000000,5491.0000
YM,2024.07.11,08:00:00,40011.000000,40031.000000,39967.000000,39978.000000,6885.0000
YM,2024.07.11,12:00:00,39972.000000,40200.000000,39937.000000,40120.000000,87619.0000
YM,2024.07.11,16:00:00,40121.000000,40134.000000,40014.000000,40071.000000,46700.0000
YM,2024.07.11,20:00:00,40070.000000,40145.000000,40058.000000,40115.000000,5479.0000
YM,2024.07.12,00:00:00,40114.000000,40147.000000,40091.000000,40111.000000,2679.0000
YM,2024.07.12,04:00:00,40110.000000,40145.000000,40103.000000,40128.000000,4011.0000
YM,2024.07.12,08:00:00,40128.000000,40205.000000,40095.000000,40106.000000,10745.0000
YM,2024.07.12,12:00:00,40104.000000,40412.000000,40024.000000,40370.000000,66953.0000
YM,2024.07.12,16:00:00,40370.000000,40572.000000,40279.000000,40328.000000,57770.0000
YM,2024.07.12,20:00:00,40328.000000,40367.000000,40314.000000,40324.000000,4849.0000
YM,2024.07.14,20:00:00,40390.000000,40418.000000,40338.000000,40363.000000,2479.0000
YM,2024.07.15,00:00:00,40362.000000,40380.000000,40339.000000,40369.000000,2581.0000
YM,2024.07.15,04:00:00,40370.000000,40444.000000,40365.000000,40444.000000,5600.0000
YM,2024.07.15,08:00:00,40443.000000,40582.000000,40423.000000,40506.000000,12534.0000
YM,2024.07.15,12:00:00,40505.000000,40654.000000,40433.000000,40646.000000,65750.0000
YM,2024.07.15,16:00:00,40643.000000,40643.000000,40429.000000,40525.000000,56702.0000
YM,2024.07.15,20:00:00,40524.000000,40584.000000,40514.000000,40577.000000,4018.0000
YM,2024.07.16,00:00:00,40578.000000,40585.000000,40558.000000,40571.000000,1798.0000
YM,2024.07.16,04:00:00,40570.000000,40583.000000,40487.000000,40490.000000,4565.0000
YM,2024.07.16,08:00:00,40490.000000,40626.000000,40458.000000,40545.000000,17291.0000
YM,2024.07.16,12:00:00,40543.000000,41156.000000,40527.000000,41028.000000,84360.0000
YM,2024.07.16,16:00:00,41028.000000,41298.000000,41028.000000,41259.000000,51299.0000
YM,2024.07.16,20:00:00,41260.000000,41293.000000,41229.000000,41266.000000,5500.0000
YM,2024.07.17,00:00:00,41266.000000,41304.000000,41251.000000,41286.000000,3392.0000
YM,2024.07.17,04:00:00,41289.000000,41291.000000,41127.000000,41157.000000,9275.0000
YM,2024.07.17,08:00:00,41157.000000,41207.000000,41104.000000,41168.000000,16310.0000
YM,2024.07.17,12:00:00,41168.000000,41468.000000,41095.000000,41468.000000,81556.0000
YM,2024.07.17,16:00:00,41468.000000,41526.000000,41389.000000,41487.000000,55664.0000
YM,2024.07.17,20:00:00,41487.000000,41563.000000,41465.000000,41556.000000,6288.0000
YM,2024.07.18,00:00:00,41556.000000,41611.000000,41553.000000,41596.000000,4814.0000
YM,2024.07.18,04:00:00,41596.000000,41600.000000,41435.000000,41476.000000,9529.0000
YM,2024.07.18,08:00:00,41476.000000,41500.000000,41415.000000,41464.000000,9762.0000
YM,2024.07.18,12:00:00,41466.000000,41672.000000,41228.000000,41238.000000,96861.0000
YM,2024.07.18,16:00:00,41240.000000,41263.000000,40886.000000,40953.000000,74096.0000
YM,2024.07.18,20:00:00,40953.000000,41000.000000,40944.000000,40991.000000,7353.0000
YM,2024.07.19,00:00:00,40990.000000,41006.000000,40962.000000,40981.000000,3702.0000
YM,2024.07.19,04:00:00,40980.000000,40999.000000,40818.000000,40861.000000,8930.0000
YM,2024.07.19,08:00:00,40864.000000,40926.000000,40818.000000,40901.000000,17215.0000
YM,2024.07.19,12:00:00,40901.000000,40910.000000,40480.000000,40613.000000,89775.0000
YM,2024.07.19,16:00:00,40610.000000,40686.000000,40466.000000,40566.000000,59842.0000
YM,2024.07.19,20:00:00,40566.000000,40593.000000,40497.000000,40550.000000,4063.0000
YM,2024.07.21,20:00:00,40602.000000,40657.000000,40564.000000,40656.000000,2175.0000
YM,2024.07.22,00:00:00,40656.000000,40660.000000,40538.000000,40581.000000,4015.0000
YM,2024.07.22,04:00:00,40583.000000,40623.000000,40560.000000,40597.000000,5315.0000
YM,2024.07.22,08:00:00,40597.000000,40648.000000,40587.000000,40617.000000,7859.0000
YM,2024.07.22,12:00:00,40619.000000,40746.000000,40489.000000,40552.000000,70369.0000
YM,2024.07.22,16:00:00,40549.000000,40726.000000,40521.000000,40673.000000,41440.0000
YM,2024.07.22,20:00:00,40697.000000,40715.000000,40675.000000,40679.000000,6343.0000
YM,2024.07.23,00:00:00,40677.000000,40686.000000,40630.000000,40650.000000,3046.0000
YM,2024.07.23,04:00:00,40651.000000,40670.000000,40597.000000,40608.000000,4312.0000
YM,2024.07.23,08:00:00,40609.000000,40755.000000,40592.000000,40721.000000,6587.0000
YM,2024.07.23,12:00:00,40718.000000,40782.000000,40579.000000,40774.000000,54651.0000
YM,2024.07.23,16:00:00,40773.000000,40794.000000,40586.000000,40618.000000,38018.0000
YM,2024.07.23,20:00:00,40617.000000,40655.000000,40515.000000,40524.000000,7699.0000
YM,2024.07.24,00:00:00,40525.000000,40567.000000,40520.000000,40523.000000,2929.0000
YM,2024.07.24,04:00:00,40523.000000,40525.000000,40418.000000,40424.000000,6786.0000
YM,2024.07.24,08:00:00,40426.000000,40479.000000,40371.000000,40456.000000,8291.0000
YM,2024.07.24,12:00:00,40456.000000,40520.000000,40195.000000,40270.000000,69417.0000
YM,2024.07.24,16:00:00,40272.000000,40342.000000,40053.000000,40108.000000,52849.0000
YM,2024.07.24,20:00:00,40109.000000,40218.000000,40096.000000,40195.000000,8082.0000
YM,2024.07.25,00:00:00,40192.000000,40222.000000,40145.000000,40197.000000,4057.0000
YM,2024.07.25,04:00:00,40194.000000,40201.000000,40079.000000,40123.000000,9639.0000
YM,2024.07.25,08:00:00,40124.000000,40247.000000,40055.000000,40082.000000,15039.0000
YM,2024.07.25,12:00:00,40082.000000,40453.000000,40056.000000,40445.000000,81951.0000
YM,2024.07.25,16:00:00,40440.000000,40685.000000,40180.000000,40192.000000,64891.0000
YM,2024.07.25,20:00:00,40191.000000,40275.000000,40159.000000,40274.000000,5320.0000
YM,2024.07.26,00:00:00,40271.000000,40345.000000,40266.000000,40329.000000,2110.0000
YM,2024.07.26,04:00:00,40331.000000,40375.000000,40290.000000,40371.000000,3912.0000
YM,2024.07.26,08:00:00,40373.000000,40473.000000,40358.000000,40471.000000,7379.0000
YM,2024.07.26,12:00:00,40471.000000,40897.000000,40396.000000,40890.000000,75045.0000
YM,2024.07.26,16:00:00,40891.000000,40995.000000,40742.000000,40832.000000,57771.0000
YM,2024.07.26,20:00:00,40833.000000,40876.000000,40814.000000,40852.000000,4155.0000
YM,2024.07.28,20:00:00,40857.000000,40939.000000,40854.000000,40923.000000,1633.0000
YM,2024.07.29,00:00:00,40924.000000,41029.000000,40914.000000,40983.000000,3745.0000
YM,2024.07.29,04:00:00,40982.000000,40999.000000,40868.000000,40873.000000,4407.0000
YM,2024.07.29,08:00:00,40876.000000,41014.000000,40863.000000,41003.000000,7407.0000
YM,2024.07.29,12:00:00,41003.000000,41051.000000,40607.000000,40815.000000,69210.0000
YM,2024.07.29,16:00:00,40816.000000,40875.000000,40750.000000,40772.000000,39521.0000
YM,2024.07.29,20:00:00,40772.000000,40800.000000,40669.000000,40691.000000,4229.0000
YM,2024.07.30,00:00:00,40689.000000,40720.000000,40647.000000,40710.000000,2693.0000
YM,2024.07.30,04:00:00,40714.000000,40853.000000,40712.000000,40819.000000,4047.0000
YM,2024.07.30,08:00:00,40821.000000,40851.000000,40753.000000,40753.000000,6148.0000
YM,2024.07.30,12:00:00,40751.000000,41002.000000,40721.000000,40785.000000,67300.0000
YM,2024.07.30,16:00:00,40785.000000,41095.000000,40741.000000,40959.000000,56251.0000
YM,2024.07.30,20:00:00,40957.000000,40986.000000,40708.000000,40798.000000,10956.0000
YM,2024.07.31,00:00:00,40796.000000,40886.000000,40768.000000,40882.000000,3301.0000
YM,2024.07.31,04:00:00,40885.000000,41077.000000,40858.000000,41077.000000,7283.0000
YM,2024.07.31,08:00:00,41078.000000,41153.000000,40969.000000,40983.000000,13609.0000
YM,2024.07.31,12:00:00,40984.000000,41223.000000,40863.000000,41187.000000,64638.0000
YM,2024.07.31,16:00:00,41190.000000,41427.000000,41041.000000,41069.000000,67295.0000
YM,2024.07.31,20:00:00,41068.000000,41158.000000,41058.000000,41130.000000,7094.0000
YM,2024.08.01,00:00:00,41130.000000,41162.000000,41092.000000,41147.000000,3519.0000
YM,2024.08.01,04:00:00,41151.000000,41189.000000,40991.000000,40995.000000,6547.0000
YM,2024.08.01,08:00:00,40996.000000,41137.000000,40976.000000,41072.000000,8291.0000
YM,2024.08.01,12:00:00,41074.000000,41304.000000,40477.000000,40505.000000,97197.0000
YM,2024.08.01,16:00:00,40508.000000,40627.000000,40285.000000,40519.000000,83132.0000
YM,2024.08.01,20:00:00,40516.000000,40525.000000,40339.000000,40399.000000,10563.0000
YM,2024.08.02,00:00:00,40397.000000,40423.000000,40245.000000,40341.000000,6937.0000
YM,2024.08.02,04:00:00,40344.000000,40356.000000,40185.000000,40260.000000,9753.0000
YM,2024.08.02,08:00:00,40258.000000,40314.000000,40114.000000,40199.000000,11715.0000
YM,2024.08.02,12:00:00,40199.000000,40309.000000,39518.000000,39670.000000,111200.0000
YM,2024.08.02,16:00:00,39677.000000,39892.000000,39575.000000,39879.000000,61144.0000
YM,2024.08.02,20:00:00,39876.000000,39879.000000,39752.000000,39755.000000,4118.0000
YM,2024.08.04,20:00:00,39623.000000,39750.000000,39555.000000,39646.000000,5532.0000
YM,2024.08.05,00:00:00,39643.000000,39681.000000,39463.000000,39603.000000,13650.0000
YM,2024.08.05,04:00:00,39592.000000,39644.000000,39176.000000,39255.000000,26044.0000
YM,2024.08.05,08:00:00,39258.000000,39394.000000,38953.000000,38972.000000,23241.0000
YM,2024.08.05,12:00:00,38972.000000,39126.000000,38542.000000,39063.000000,102400.0000
YM,2024.08.05,16:00:00,39058.000000,39171.000000,38716.000000,38850.000000,55802.0000
YM,2024.08.05,20:00:00,38850.000000,39114.000000,38822.000000,39100.000000,10671.0000
YM,2024.08.06,00:00:00,39103.000000,39281.000000,39013.000000,39228.000000,8546.0000
YM,2024.08.06,04:00:00,39229.000000,39275.000000,39015.000000,39064.000000,12051.0000
YM,2024.08.06,08:00:00,39065.000000,39191.000000,38900.000000,39094.000000,19217.0000
YM,2024.08.06,12:00:00,39093.000000,39395.000000,38762.000000,39290.000000,64541.0000
YM,2024.08.06,16:00:00,39292.000000,39600.000000,39121.000000,39140.000000,53643.0000
YM,2024.08.06,20:00:00,39140.000000,39163.000000,38982.000000,39049.000000,11161.0000
YM,2024.08.07,00:00:00,39052.000000,39417.000000,39039.000000,39405.000000,6994.0000
YM,2024.08.07,04:00:00,39406.000000,39447.000000,39268.000000,39330.000000,8611.0000
YM,2024.08.07,08:00:00,39333.000000,39512.000000,39314.000000,39454.000000,11800.0000
YM,2024.08.07,12:00:00,39460.000000,39617.000000,39293.000000,39407.000000,51771.0000
YM,2024.08.07,16:00:00,39406.000000,39406.000000,38861.000000,38898.000000,50710.0000
YM,2024.08.07,20:00:00,38908.000000,38967.000000,38689.000000,38803.000000,11137.0000
YM,2024.08.08,00:00:00,38804.000000,38945.000000,38773.000000,38889.000000,6151.0000
YM,2024.08.08,04:00:00,38908.000000,38973.000000,38728.000000,38781.000000,8883.0000
YM,2024.08.08,08:00:00,38782.000000,38894.000000,38730.000000,38868.000000,9102.0000
YM,2024.08.08,12:00:00,38869.000000,39503.000000,38841.000000,39423.000000,69941.0000
YM,2024.08.08,16:00:00,39421.000000,39660.000000,39348.000000,39597.000000,52719.0000
YM,2024.08.08,20:00:00,39597.000000,39673.000000,39594.000000,39634.000000,6380.0000
YM,2024.08.09,00:00:00,39632.000000,39654.000000,39529.000000,39636.000000,4322.0000
YM,2024.08.09,04:00:00,39646.000000,39656.000000,39511.000000,39652.000000,6557.0000
YM,2024.08.09,08:00:00,39650.000000,39717.000000,39571.000000,39596.000000,9978.0000
YM,2024.08.09,12:00:00,39597.000000,39656.000000,39355.000000,39518.000000,50531.0000
YM,2024.08.09,16:00:00,39520.000000,39770.000000,39491.000000,39632.000000,37416.0000
YM,2024.08.09,20:00:00,39632.000000,39654.000000,39592.000000,39609.000000,2330.0000
YM,2024.08.11,20:00:00,39618.000000,39658.000000,39534.000000,39612.000000,2759.0000
YM,2024.08.12,00:00:00,39611.000000,39649.000000,39569.000000,39603.000000,2991.0000
YM,2024.08.12,04:00:00,39608.000000,39679.000000,39597.000000,39667.000000,3375.0000
YM,2024.08.12,08:00:00,39667.000000,39719.000000,39602.000000,39718.000000,4833.0000
YM,2024.08.12,12:00:00,39718.000000,39738.000000,39367.000000,39590.000000,50907.0000
YM,2024.08.12,16:00:00,39588.000000,39615.000000,39387.000000,39489.000000,36825.0000
YM,2024.08.12,20:00:00,39488.000000,39524.000000,39468.000000,39502.000000,4133.0000
YM,2024.08.13,00:00:00,39504.000000,39562.000000,39480.000000,39539.000000,2688.0000
YM,2024.08.13,04:00:00,39537.000000,39640.000000,39527.000000,39613.000000,4427.0000
YM,2024.08.13,08:00:00,39614.000000,39624.000000,39344.000000,39478.000000,11902.0000
YM,2024.08.13,12:00:00,39481.000000,39765.000000,39476.000000,39711.000000,52321.0000
YM,2024.08.13,16:00:00,39713.000000,39922.000000,39697.000000,39883.000000,40640.0000
YM,2024.08.13,20:00:00,39885.000000,39890.000000,39855.000000,39874.000000,4219.0000
YM,2024.08.14,00:00:00,39876.000000,39894.000000,39841.000000,39885.000000,3226.0000
YM,2024.08.14,04:00:00,39886.000000,39936.000000,39881.000000,39901.000000,3999.0000
YM,2024.08.14,08:00:00,39902.000000,39945.000000,39861.000000,39877.000000,5843.0000
YM,2024.08.14,12:00:00,39878.000000,40109.000000,39790.000000,40106.000000,58766.0000
YM,2024.08.14,16:00:00,40104.000000,40191.000000,40012.000000,40107.000000,45344.0000
YM,2024.08.14,20:00:00,40107.000000,40189.000000,40104.000000,40130.000000,4123.0000
YM,2024.08.15,00:00:00,40133.000000,40210.000000,40119.000000,40189.000000,3083.0000
YM,2024.08.15,04:00:00,40189.000000,40232.000000,40163.000000,40225.000000,3677.0000
YM,2024.08.15,08:00:00,40223.000000,40258.000000,40116.000000,40253.000000,8588.0000
YM,2024.08.15,12:00:00,40253.000000,40664.000000,40245.000000,40576.000000,55895.0000
YM,2024.08.15,16:00:00,40574.000000,40715.000000,40564.000000,40689.000000,32352.0000
YM,2024.08.15,20:00:00,40690.000000,40755.000000,40659.000000,40740.000000,4922.0000
YM,2024.08.16,00:00:00,40739.000000,40758.000000,40701.000000,40750.000000,3785.0000
YM,2024.08.16,04:00:00,40749.000000,40781.000000,40723.000000,40745.000000,4259.0000
YM,2024.08.16,08:00:00,40744.000000,40765.000000,40632.000000,40645.000000,9611.0000
YM,2024.08.16,12:00:00,40646.000000,40755.000000,40546.000000,40732.000000,47788.0000
YM,2024.08.16,16:00:00,40729.000000,40856.000000,40724.000000,40789.000000,30239.0000
YM,2024.08.16,20:00:00,40789.000000,40824.000000,40788.000000,40806.000000,2229.0000
YM,2024.08.18,20:00:00,40818.000000,40861.000000,40810.000000,40844.000000,2284.0000
YM,2024.08.19,00:00:00,40847.000000,40865.000000,40808.000000,40814.000000,3737.0000
YM,2024.08.19,04:00:00,40813.000000,40814.000000,40741.000000,40767.000000,3896.0000
YM,2024.08.19,08:00:00,40767.000000,40836.000000,40752.000000,40787.000000,5724.0000
YM,2024.08.19,12:00:00,40789.000000,41023.000000,40775.000000,40946.000000,41635.0000
YM,2024.08.19,16:00:00,40948.000000,41052.000000,40930.000000,41024.000000,31240.0000
YM,2024.08.19,20:00:00,41024.000000,41032.000000,40974.000000,41007.000000,3281.0000
YM,2024.08.20,00:00:00,41010.000000,41036.000000,40985.000000,41006.000000,2327.0000
YM,2024.08.20,04:00:00,41004.000000,41085.000000,41004.000000,41074.000000,3950.0000
YM,2024.08.20,08:00:00,41074.000000,41074.000000,40987.000000,41006.000000,5780.0000
YM,2024.08.20,12:00:00,41007.000000,41027.000000,40876.000000,40983.000000,46618.0000
YM,2024.08.20,16:00:00,40986.000000,41039.000000,40904.000000,40954.000000,30823.0000
YM,2024.08.20,20:00:00,40954.000000,40989.000000,40949.000000,40979.000000,2734.0000
YM,2024.08.21,00:00:00,40979.000000,41015.000000,40979.000000,41005.000000,2022.0000
YM,2024.08.21,04:00:00,41005.000000,41025.000000,40991.000000,41006.000000,2575.0000
YM,2024.08.21,08:00:00,41005.000000,41031.000000,40974.000000,41018.000000,4811.0000
YM,2024.08.21,12:00:00,41018.000000,41097.000000,40850.000000,40901.000000,56662.0000
YM,2024.08.21,16:00:00,40902.000000,41044.000000,40862.000000,40998.000000,37072.0000
YM,2024.08.21,20:00:00,40999.000000,41036.000000,40990.000000,41033.000000,3059.0000
YM,2024.08.22,00:00:00,41032.000000,41046.000000,40963.000000,40969.000000,2053.0000
YM,2024.08.22,04:00:00,40972.000000,41048.000000,40963.000000,41038.000000,3090.0000
YM,2024.08.22,08:00:00,41037.000000,41066.000000,41017.000000,41037.000000,4646.0000
YM,2024.08.22,12:00:00,41036.000000,41157.000000,40798.000000,40826.000000,54173.0000
YM,2024.08.22,16:00:00,40825.000000,40983.000000,40688.000000,40838.000000,57265.0000
YM,2024.08.22,20:00:00,40838.000000,40885.000000,40818.000000,40885.000000,4546.0000
YM,2024.08.23,00:00:00,40886.000000,40916.000000,40867.000000,40903.000000,2191.0000
YM,2024.08.23,04:00:00,40902.000000,40939.000000,40902.000000,40914.000000,3036.0000
YM,2024.08.23,08:00:00,40914.000000,40995.000000,40904.000000,40993.000000,5364.0000
YM,2024.08.23,12:00:00,40990.000000,41306.000000,40935.000000,41131.000000,74176.0000
YM,2024.08.23,16:00:00,41131.000000,41305.000000,40927.000000,41258.000000,47884.0000
YM,2024.08.23,20:00:00,41260.000000,41284.000000,41246.000000,41270.000000,2854.0000
YM,2024.08.25,20:00:00,41274.000000,41326.000000,41231.000000,41249.000000,1626.0000
YM,2024.08.26,00:00:00,41252.000000,41296.000000,41231.000000,41239.000000,2441.0000
YM,2024.08.26,04:00:00,41238.000000,41288.000000,41234.000000,41286.000000,2461.0000
YM,2024.08.26,08:00:00,41285.000000,41327.000000,41275.000000,41315.000000,5214.0000
YM,2024.08.26,12:00:00,41313.000000,41522.000000,41267.000000,41289.000000,53025.0000
YM,2024.08.26,16:00:00,41288.000000,41406.000000,41229.000000,41338.000000,31115.0000
YM,2024.08.26,20:00:00,41338.000000,41347.000000,41266.000000,41314.000000,3169.0000
YM,2024.08.27,00:00:00,41315.000000,41331.000000,41286.000000,41315.000000,2204.0000
YM,2024.08.27,04:00:00,41316.000000,41357.000000,41304.000000,41352.000000,2366.0000
YM,2024.08.27,08:00:00,41354.000000,41390.000000,41267.000000,41309.000000,6201.0000
YM,2024.08.27,12:00:00,41309.000000,41361.000000,41182.000000,41280.000000,53055.0000
YM,2024.08.27,16:00:00,41277.000000,41371.000000,41193.000000,41351.000000,28800.0000
YM,2024.08.27,20:00:00,41351.000000,41371.000000,41298.000000,41326.000000,2774.0000
YM,2024.08.28,00:00:00,41328.000000,41362.000000,41324.000000,41358.000000,1747.0000
YM,2024.08.28,04:00:00,41358.000000,41380.000000,41353.000000,41372.000000,2207.0000
YM,2024.08.28,08:00:00,41373.000000,41374.000000,41322.000000,41328.000000,4335.0000
YM,2024.08.28,12:00:00,41327.000000,41451.000000,41189.000000,41214.000000,50515.0000
YM,2024.08.28,16:00:00,41214.000000,41234.000000,40920.000000,41188.000000,56923.0000
YM,2024.08.28,20:00:00,41188.000000,41275.000000,41116.000000,41179.000000,13157.0000
YM,2024.08.29,00:00:00,41181.000000,41287.000000,41174.000000,41273.000000,2389.0000
YM,2024.08.29,04:00:00,41276.000000,41367.000000,41274.000000,41358.000000,4208.0000
YM,2024.08.29,08:00:00,41360.000000,41450.000000,41319.000000,41441.000000,10704.0000
YM,2024.08.29,12:00:00,41441.000000,41561.000000,41173.000000,41556.000000,69510.0000
YM,2024.08.29,16:00:00,41557.000000,41682.000000,41356.000000,41438.000000,64093.0000
YM,2024.08.29,20:00:00,41438.000000,41498.000000,41433.000000,41436.000000,3565.0000
YM,2024.08.30,00:00:00,41437.000000,41474.000000,41404.000000,41452.000000,2555.0000
YM,2024.08.30,04:00:00,41453.000000,41514.000000,41438.000000,41502.000000,3813.0000
YM,2024.08.30,08:00:00,41503.000000,41548.000000,41484.000000,41529.000000,4673.0000
YM,2024.08.30,12:00:00,41529.000000,41597.000000,41308.000000,41350.000000,47275.0000
YM,2024.08.30,16:00:00,41346.000000,41674.000000,41232.000000,41634.000000,38024.0000
YM,2024.08.30,20:00:00,41634.000000,41654.000000,41594.000000,41640.000000,4937.0000
YM,2024.09.01,20:00:00,41613.000000,41644.000000,41612.000000,41625.000000,871.0000
YM,2024.09.02,00:00:00,41623.000000,41652.000000,41607.000000,41619.000000,1741.0000
YM,2024.09.03,04:00:00,41582.000000,41623.000000,41560.000000,41612.000000,3794.0000
YM,2024.09.03,08:00:00,41615.000000,41617.000000,41419.000000,41445.000000,9652.0000
YM,2024.09.03,12:00:00,41447.000000,41529.000000,41140.000000,41199.000000,67348.0000
YM,2024.09.03,16:00:00,41199.000000,41247.000000,40867.000000,41033.000000,49514.0000
YM,2024.09.03,20:00:00,41034.000000,41045.000000,40965.000000,40998.000000,6100.0000
YM,2024.09.04,00:00:00,40998.000000,41029.000000,40859.000000,40888.000000,6075.0000
YM,2024.09.04,04:00:00,40890.000000,40977.000000,40849.000000,40957.000000,8071.0000
YM,2024.09.04,08:00:00,40959.000000,40996.000000,40905.000000,40941.000000,8660.0000
YM,2024.09.04,12:00:00,40942.000000,41258.000000,40934.000000,41078.000000,58491.0000
YM,2024.09.04,16:00:00,41075.000000,41115.000000,40922.000000,41041.000000,32753.0000
YM,2024.09.04,20:00:00,41042.000000,41054.000000,40963.000000,41009.000000,4689.0000
YM,2024.09.05,00:00:00,41010.000000,41094.000000,41009.000000,41018.000000,2864.0000
YM,2024.09.05,04:00:00,41015.000000,41119.000000,40975.000000,41118.000000,4863.0000
YM,2024.09.05,08:00:00,41115.000000,41122.000000,41050.000000,41062.000000,6395.0000
YM,2024.09.05,12:00:00,41063.000000,41169.000000,40657.000000,40663.000000,70934.0000
YM,2024.09.05,16:00:00,40659.000000,40953.000000,40594.000000,40781.000000,43851.0000
YM,2024.09.05,20:00:00,40865.000000,40887.000000,40839.000000,40873.000000,7553.0000
YM,2024.09.06,00:00:00,40872.000000,40880.000000,40771.000000,40853.000000,4261.0000
YM,2024.09.06,04:00:00,40851.000000,40866.000000,40617.000000,40685.000000,7256.0000
YM,2024.09.06,08:00:00,40687.000000,40735.000000,40647.000000,40696.000000,8804.0000
YM,2024.09.06,12:00:00,40696.000000,41080.000000,40400.000000,40431.000000,113433.0000
YM,2024.09.06,16:00:00,40428.000000,40515.000000,40345.000000,40415.000000,55696.0000
YM,2024.09.06,20:00:00,40414.000000,40421.000000,40264.000000,40321.000000,5623.0000
YM,2024.09.08,20:00:00,40339.000000,40414.000000,40331.000000,40397.000000,2386.0000
YM,2024.09.09,00:00:00,40401.000000,40500.000000,40399.000000,40491.000000,3883.0000
YM,2024.09.09,04:00:00,40496.000000,40618.000000,40492.000000,40616.000000,5187.0000
YM,2024.09.09,08:00:00,40614.000000,40715.000000,40561.000000,40677.000000,9467.0000
YM,2024.09.09,12:00:00,40678.000000,40983.000000,40577.000000,40945.000000,76121.0000
YM,2024.09.09,16:00:00,40963.000000,41065.000000,40783.000000,40878.000000,51421.0000
YM,2024.09.09,20:00:00,40880.000000,40921.000000,40871.000000,40880.000000,5720.0000
YM,2024.09.10,00:00:00,40880.000000,40889.000000,40817.000000,40846.000000,2875.0000
YM,2024.09.10,04:00:00,40846.000000,40915.000000,40788.000000,40910.000000,4464.0000
YM,2024.09.10,08:00:00,40913.000000,40944.000000,40779.000000,40866.000000,9201.0000
YM,2024.09.10,12:00:00,40866.000000,40989.000000,40525.000000,40530.000000,70974.0000
YM,2024.09.10,16:00:00,40530.000000,40802.000000,40472.000000,40789.000000,41756.0000
YM,2024.09.10,20:00:00,40777.000000,40829.000000,40754.000000,40769.000000,960.0000
YM,2024.09.11,00:00:00,40770.000000,40777.000000,40618.000000,40646.000000,5108.0000
YM,2024.09.11,04:00:00,40640.000000,40712.000000,40596.000000,40680.000000,5010.0000
YM,2024.09.11,08:00:00,40679.000000,40701.000000,40584.000000,40688.000000,6748.0000
YM,2024.09.11,12:00:00,40689.000000,40697.000000,40034.000000,40304.000000,102070.0000
YM,2024.09.11,16:00:00,40305.000000,40950.000000,40289.000000,40880.000000,66845.0000
YM,2024.09.11,20:00:00,40879.000000,40909.000000,40855.000000,40880.000000,6090.0000
YM,2024.09.12,00:00:00,40881.000000,40941.000000,40866.000000,40936.000000,3053.0000
YM,2024.09.12,04:00:00,40933.000000,41014.000000,40921.000000,40964.000000,5443.0000
YM,2024.09.12,08:00:00,40962.000000,41000.000000,40929.000000,40977.000000,5644.0000
YM,2024.09.12,12:00:00,40979.000000,41100.000000,40702.000000,40823.000000,66865.0000
YM,2024.09.12,16:00:00,40822.000000,41159.000000,40812.000000,41152.000000,43399.0000
YM,2024.09.12,20:00:00,41152.000000,41189.000000,41115.000000,41172.000000,4761.0000
YM,2024.09.13,00:00:00,41173.000000,41204.000000,41142.000000,41173.000000,2957.0000
YM,2024.09.13,04:00:00,41174.000000,41237.000000,41144.000000,41194.000000,4756.0000
YM,2024.09.13,08:00:00,41191.000000,41232.000000,41142.000000,41200.000000,7523.0000
YM,2024.09.13,12:00:00,41201.000000,41569.000000,41170.000000,41542.000000,100554.0000
YM,2024.09.13,16:00:00,41541.000000,41555.000000,41359.000000,41432.000000,68976.0000
YM,2024.09.13,20:00:00,41431.000000,41453.000000,41401.000000,41425.000000,2970.0000
YM,2024.09.15,20:00:00,41422.000000,41475.000000,41388.000000,41470.000000,850.0000
YM,2024.09.16,00:00:00,41471.000000,41473.000000,41432.000000,41468.000000,983.0000
YM,2024.09.16,04:00:00,41468.000000,41470.000000,41399.000000,41450.000000,2047.0000
YM,2024.09.16,08:00:00,41448.000000,41546.000000,41440.000000,41544.000000,4298.0000
YM,2024.09.16,12:00:00,41545.000000,41785.000000,41494.000000,41562.000000,48329.0000
YM,2024.09.16,16:00:00,41561.000000,41700.000000,41507.000000,41665.000000,30794.0000
YM,2024.09.16,20:00:00,41666.000000,41670.000000,41635.000000,41640.000000,1347.0000
YM,2024.09.17,00:00:00,41639.000000,41649.000000,41614.000000,41625.000000,766.0000
YM,2024.09.17,04:00:00,41630.000000,41726.000000,41626.000000,41700.000000,1387.0000
YM,2024.09.17,08:00:00,41701.000000,41802.000000,41701.000000,41784.000000,4381.0000
YM,2024.09.17,12:00:00,41785.000000,41872.000000,41680.000000,41747.000000,26870.0000
YM,2024.09.17,16:00:00,41756.000000,41766.000000,41503.000000,41635.000000,24916.0000
YM,2024.09.17,20:00:00,41647.000000,41687.000000,41644.000000,41685.000000,72.0000
YM,2024.09.18,00:00:00,41676.000000,41700.000000,41666.000000,41677.000000,595.0000
YM,2024.09.18,04:00:00,41676.000000,41725.000000,41665.000000,41670.000000,1233.0000
YM,2024.09.18,08:00:00,41666.000000,41716.000000,41660.000000,41675.000000,2579.0000
YM,2024.09.18,12:00:00,41671.000000,41709.000000,41507.000000,41554.000000,9891.0000
YM,2024.09.18,16:00:00,41543.000000,42018.000000,41470.000000,41525.000000,15327.0000
YM,2024.09.18,20:00:00,41521.000000,41715.000000,41521.000000,41708.000000,1327.0000
YM,2024.09.19,00:00:00,41725.000000,41790.000000,41598.000000,41788.000000,1142.0000
YM,2024.09.19,04:00:00,41785.000000,41868.000000,41754.000000,41868.000000,864.0000
YM,2024.09.19,08:00:00,41865.000000,42051.000000,41849.000000,42012.000000,1383.0000
YM,2024.09.19,12:00:00,42015.000000,42120.000000,41842.000000,41934.000000,10711.0000
YM,2024.09.19,16:00:00,41941.000000,42190.000000,41940.000000,42053.000000,7807.0000
YM,2024.09.19,20:00:00,42036.000000,42100.000000,42028.000000,42055.000000,309.0000
YM,2024.09.20,00:00:00,42056.000000,42061.000000,42029.000000,42061.000000,226.0000
YM,2024.09.20,04:00:00,42049.000000,42065.000000,42011.000000,42048.000000,150.0000
YM,2024.09.20,08:00:00,42044.000000,42089.000000,42030.000000,42041.000000,479.0000
YM,2024.09.20,12:00:00,42066.000000,42092.000000,41836.000000,41836.000000,124.0000
YM,2024.09.20,20:00:00,42436.000000,42436.000000,42436.000000,42436.000000,112059.0000
YM,2024.09.22,20:00:00,42475.000000,42475.000000,42397.000000,42462.000000,1232.0000
YM,2024.09.23,00:00:00,42465.000000,42525.000000,42450.000000,42507.000000,2958.0000
YM,2024.09.23,04:00:00,42506.000000,42524.000000,42322.000000,42426.000000,5291.0000
YM,2024.09.23,08:00:00,42425.000000,42485.000000,42407.000000,42474.000000,4487.0000
YM,2024.09.23,12:00:00,42471.000000,42561.000000,42381.000000,42460.000000,44967.0000
YM,2024.09.23,16:00:00,42458.000000,42524.000000,42404.000000,42496.000000,29974.0000
YM,2024.09.23,20:00:00,42496.000000,42509.000000,42440.000000,42459.000000,2428.0000
YM,2024.09.24,00:00:00,42458.000000,42480.000000,42409.000000,42423.000000,2986.0000
YM,2024.09.24,04:00:00,42425.000000,42553.000000,42424.000000,42546.000000,4498.0000
YM,2024.09.24,08:00:00,42548.000000,42596.000000,42471.000000,42546.000000,7643.0000
YM,2024.09.24,12:00:00,42546.000000,42655.000000,42448.000000,42527.000000,59426.0000
YM,2024.09.24,16:00:00,42528.000000,42609.000000,42417.000000,42600.000000,31608.0000
YM,2024.09.24,20:00:00,42600.000000,42603.000000,42491.000000,42542.000000,4919.0000
YM,2024.09.25,00:00:00,42543.000000,42547.000000,42488.000000,42506.000000,2120.0000
YM,2024.09.25,04:00:00,42510.000000,42537.000000,42462.000000,42537.000000,3405.0000
YM,2024.09.25,08:00:00,42536.000000,42637.000000,42536.000000,42592.000000,6080.0000
YM,2024.09.25,12:00:00,42592.000000,42678.000000,42333.000000,42350.000000,62235.0000
YM,2024.09.25,16:00:00,42350.000000,42371.000000,42208.000000,42281.000000,45259.0000
YM,2024.09.25,20:00:00,42282.000000,42303.000000,42231.000000,42286.000000,4207.0000
YM,2024.09.26,00:00:00,42284.000000,42379.000000,42283.000000,42372.000000,3137.0000
YM,2024.09.26,04:00:00,42376.000000,42452.000000,42362.000000,42449.000000,5468.0000
YM,2024.09.26,08:00:00,42448.000000,42504.000000,42436.000000,42448.000000,7510.0000
YM,2024.09.26,12:00:00,42447.000000,42571.000000,42400.000000,42553.000000,59500.0000
YM,2024.09.26,16:00:00,42551.000000,42594.000000,42435.000000,42542.000000,32230.0000
YM,2024.09.26,20:00:00,42541.000000,42598.000000,42534.000000,42549.000000,2854.0000
YM,2024.09.27,00:00:00,42551.000000,42558.000000,42511.000000,42537.000000,2736.0000
YM,2024.09.27,04:00:00,42536.000000,42584.000000,42489.000000,42491.000000,5611.0000
YM,2024.09.27,08:00:00,42493.000000,42568.000000,42493.000000,42560.000000,5037.0000
YM,2024.09.27,12:00:00,42560.000000,43004.000000,42556.000000,42915.000000,67258.0000
YM,2024.09.27,16:00:00,42912.000000,42913.000000,42605.000000,42655.000000,46593.0000
YM,2024.09.27,20:00:00,42655.000000,42665.000000,42620.000000,42628.000000,3542.0000
YM,2024.09.29,20:00:00,42648.000000,42707.000000,42585.000000,42690.000000,2404.0000
YM,2024.09.30,00:00:00,42692.000000,42715.000000,42631.000000,42672.000000,3563.0000
YM,2024.09.30,04:00:00,42675.000000,42677.000000,42571.000000,42615.000000,5232.0000
YM,2024.09.30,08:00:00,42615.000000,42657.000000,42573.000000,42603.000000,7271.0000
YM,2024.09.30,12:00:00,42601.000000,42646.000000,42402.000000,42533.000000,52594.0000
YM,2024.09.30,16:00:00,42531.000000,42673.000000,42245.000000,42654.000000,59019.0000
YM,2024.09.30,20:00:00,42652.000000,42653.000000,42569.000000,42598.000000,3777.0000
YM,2024.10.01,00:00:00,42597.000000,42654.000000,42576.000000,42630.000000,2171.0000
YM,2024.10.01,04:00:00,42628.000000,42641.000000,42521.000000,42582.000000,3334.0000
YM,2024.10.01,08:00:00,42584.000000,42587.000000,42484.000000,42540.000000,5974.0000
YM,2024.10.01,12:00:00,42538.000000,42602.000000,42252.000000,42512.000000,82386.0000
YM,2024.10.01,16:00:00,42510.000000,42656.000000,42309.000000,42487.000000,61477.0000
YM,2024.10.01,20:00:00,42486.000000,42519.000000,42343.000000,42383.000000,5664.0000
YM,2024.10.02,00:00:00,42389.000000,42455.000000,42381.000000,42418.000000,3016.0000
YM,2024.10.02,04:00:00,42421.000000,42421.000000,42306.000000,42360.000000,5296.0000
YM,2024.10.02,08:00:00,42363.000000,42401.000000,42286.000000,42374.000000,10069.0000
YM,2024.10.02,12:00:00,42375.000000,42581.000000,42285.000000,42549.000000,64206.0000
YM,2024.10.02,16:00:00,42550.000000,42552.000000,42414.000000,42512.000000,28127.0000
YM,2024.10.02,20:00:00,42511.000000,42575.000000,42495.000000,42542.000000,2303.0000
YM,2024.10.03,00:00:00,42542.000000,42542.000000,42452.000000,42460.000000,2812.0000
YM,2024.10.03,04:00:00,42462.000000,42474.000000,42275.000000,42313.000000,5269.0000
YM,2024.10.03,08:00:00,42312.000000,42438.000000,42300.000000,42437.000000,5584.0000
YM,2024.10.03,12:00:00,42437.000000,42450.000000,42143.000000,42351.000000,73678.0000
YM,2024.10.03,16:00:00,42352.000000,42430.000000,42158.000000,42312.000000,43344.0000
YM,2024.10.03,20:00:00,42312.000000,42326.000000,42260.000000,42298.000000,3584.0000
YM,2024.10.04,00:00:00,42297.000000,42353.000000,42252.000000,42311.000000,2734.0000
YM,2024.10.04,04:00:00,42312.000000,42340.000000,42256.000000,42334.000000,2977.0000
YM,2024.10.04,08:00:00,42336.000000,42396.000000,42268.000000,42391.000000,5204.0000
YM,2024.10.04,12:00:00,42393.000000,42641.000000,42267.000000,42447.000000,68782.0000
YM,2024.10.04,16:00:00,42451.000000,42667.000000,42393.000000,42643.000000,30808.0000
YM,2024.10.04,20:00:00,42644.000000,42663.000000,42622.000000,42633.000000,3479.0000
YM,2024.10.06,20:00:00,42640.000000,42704.000000,42640.000000,42672.000000,1474.0000
YM,2024.10.07,00:00:00,42672.000000,42691.000000,42617.000000,42634.000000,2752.0000
YM,2024.10.07,04:00:00,42632.000000,42647.000000,42480.000000,42502.000000,5067.0000
YM,2024.10.07,08:00:00,42497.000000,42537.000000,42424.000000,42478.000000,6789.0000
YM,2024.10.07,12:00:00,42477.000000,42594.000000,42422.000000,42429.000000,45673.0000
YM,2024.10.07,16:00:00,42431.000000,42442.000000,42117.000000,42246.000000,49132.0000
YM,2024.10.07,20:00:00,42273.000000,42280.000000,42091.000000,42224.000000,6073.0000
YM,2024.10.08,00:00:00,42233.000000,42281.000000,42193.000000,42206.000000,2838.0000
YM,2024.10.08,04:00:00,42215.000000,42264.000000,42164.000000,42231.000000,2968.0000
YM,2024.10.08,08:00:00,42234.000000,42341.000000,42187.000000,42313.000000,6552.0000
YM,2024.10.08,12:00:00,42315.000000,42381.000000,42164.000000,42329.000000,39092.0000
YM,2024.10.08,16:00:00,42326.000000,42427.000000,42222.000000,42376.000000,21978.0000
YM,2024.10.08,20:00:00,42375.000000,42387.000000,42355.000000,42360.000000,1962.0000
YM,2024.10.09,00:00:00,42361.000000,42362.000000,42319.000000,42333.000000,2156.0000
YM,2024.10.09,04:00:00,42335.000000,42351.000000,42263.000000,42308.000000,2843.0000
YM,2024.10.09,08:00:00,42307.000000,42369.000000,42254.000000,42353.000000,3874.0000
YM,2024.10.09,12:00:00,42355.000000,42790.000000,42288.000000,42746.000000,52004.0000
YM,2024.10.09,16:00:00,42746.000000,42864.000000,42686.000000,42804.000000,40586.0000
YM,2024.10.09,20:00:00,42803.000000,42833.000000,42778.000000,42823.000000,4257.0000
YM,2024.10.10,00:00:00,42824.000000,42845.000000,42811.000000,42834.000000,1554.0000
YM,2024.10.10,04:00:00,42831.000000,42834.000000,42740.000000,42743.000000,2789.0000
YM,2024.10.10,08:00:00,42745.000000,42786.000000,42730.000000,42780.000000,4856.0000
YM,2024.10.10,12:00:00,42781.000000,42849.000000,42617.000000,42729.000000,50974.0000
YM,2024.10.10,16:00:00,42729.000000,42794.000000,42587.000000,42748.000000,35744.0000
YM,2024.10.10,20:00:00,42747.000000,42797.000000,42733.000000,42792.000000,3193.0000
YM,2024.10.11,00:00:00,42791.000000,42799.000000,42741.000000,42758.000000,1517.0000
YM,2024.10.11,04:00:00,42759.000000,42759.000000,42683.000000,42718.000000,2401.0000
YM,2024.10.11,08:00:00,42715.000000,42776.000000,42666.000000,42729.000000,7984.0000
YM,2024.10.11,12:00:00,42731.000000,43115.000000,42714.000000,43091.000000,61108.0000
YM,2024.10.11,16:00:00,43089.000000,43179.000000,42976.000000,43143.000000,36563.0000
YM,2024.10.11,20:00:00,43144.000000,43151.000000,43091.000000,43104.000000,4393.0000
YM,2024.10.13,20:00:00,43110.000000,43150.000000,43091.000000,43123.000000,1384.0000
YM,2024.10.14,00:00:00,43122.000000,43153.000000,43107.000000,43144.000000,2345.0000
YM,2024.10.14,04:00:00,43142.000000,43169.000000,43115.000000,43169.000000,2795.0000
YM,2024.10.14,08:00:00,43168.000000,43168.000000,43056.000000,43062.000000,6416.0000
YM,2024.10.14,12:00:00,43062.000000,43313.000000,42987.000000,43309.000000,41883.0000
YM,2024.10.14,16:00:00,43311.000000,43415.000000,43268.000000,43364.000000,24378.0000
YM,2024.10.14,20:00:00,43363.000000,43429.000000,43350.000000,43416.000000,3961.0000
YM,2024.10.15,00:00:00,43418.000000,43437.000000,43390.000000,43422.000000,2126.0000
YM,2024.10.15,04:00:00,43420.000000,43445.000000,43389.000000,43429.000000,2862.0000
YM,2024.10.15,08:00:00,43427.000000,43443.000000,43323.000000,43376.000000,17827.0000
YM,2024.10.15,12:00:00,43375.000000,43384.000000,43023.000000,43170.000000,70708.0000
YM,2024.10.15,16:00:00,43173.000000,43275.000000,42964.000000,43018.000000,38362.0000
YM,2024.10.15,20:00:00,43018.000000,43029.000000,42966.000000,43006.000000,4011.0000
YM,2024.10.16,00:00:00,43006.000000,43025.000000,42990.000000,43019.000000,1553.0000
YM,2024.10.16,04:00:00,43013.000000,43017.000000,42937.000000,42994.000000,3527.0000
YM,2024.10.16,08:00:00,42995.000000,43047.000000,42970.000000,43039.000000,4873.0000
YM,2024.10.16,12:00:00,43039.000000,43243.000000,42948.000000,43214.000000,45843.0000
YM,2024.10.16,16:00:00,43217.000000,43369.000000,43217.000000,43335.000000,29614.0000
YM,2024.10.16,20:00:00,43335.000000,43356.000000,43298.000000,43302.000000,3036.0000
YM,2024.10.17,00:00:00,43302.000000,43321.000000,43265.000000,43281.000000,1921.0000
YM,2024.10.17,04:00:00,43281.000000,43360.000000,43254.000000,43353.000000,4840.0000
YM,2024.10.17,08:00:00,43350.000000,43426.000000,43305.000000,43365.000000,12402.0000
YM,2024.10.17,12:00:00,43366.000000,43542.000000,43357.000000,43488.000000,50919.0000
YM,2024.10.17,16:00:00,43485.000000,43550.000000,43424.000000,43502.000000,31268.0000
YM,2024.10.17,20:00:00,43500.000000,43526.000000,43483.000000,43517.000000,2685.0000
YM,2024.10.18,00:00:00,43516.000000,43517.000000,43453.000000,43478.000000,2286.0000
YM,2024.10.18,04:00:00,43476.000000,43526.000000,43450.000000,43519.000000,3034.0000
YM,2024.10.18,08:00:00,43520.000000,43558.000000,43439.000000,43460.000000,7598.0000
YM,2024.10.18,12:00:00,43462.000000,43504.000000,43286.000000,43436.000000,45521.0000
YM,2024.10.18,16:00:00,43439.000000,43581.000000,43433.000000,43517.000000,25190.0000
YM,2024.10.18,20:00:00,43516.000000,43546.000000,43507.000000,43541.000000,2038.0000
YM,2024.10.20,20:00:00,43541.000000,43574.000000,43532.000000,43567.000000,1290.0000
YM,2024.10.21,00:00:00,43568.000000,43578.000000,43545.000000,43545.000000,1567.0000
YM,2024.10.21,04:00:00,43546.000000,43575.000000,43523.000000,43550.000000,3125.0000
YM,2024.10.21,08:00:00,43548.000000,43566.000000,43404.000000,43420.000000,7533.0000
YM,2024.10.21,12:00:00,43420.000000,43550.000000,43111.000000,43222.000000,59004.0000
YM,2024.10.21,16:00:00,43221.000000,43247.000000,43125.000000,43182.000000,33689.0000
YM,2024.10.21,20:00:00,43182.000000,43200.000000,43150.000000,43152.000000,4393.0000
YM,2024.10.22,00:00:00,43153.000000,43154.000000,43109.000000,43115.000000,3195.0000
YM,2024.10.22,04:00:00,43117.000000,43128.000000,43071.000000,43075.000000,3657.0000
YM,2024.10.22,08:00:00,43075.000000,43098.000000,42952.000000,43002.000000,12187.0000
YM,2024.10.22,12:00:00,43002.000000,43127.000000,42946.000000,43086.000000,49205.0000
YM,2024.10.22,16:00:00,43083.000000,43284.000000,43069.000000,43167.000000,29450.0000
YM,2024.10.22,20:00:00,43165.000000,43168.000000,42972.000000,43057.000000,11394.0000
YM,2024.10.23,00:00:00,43057.000000,43061.000000,43024.000000,43035.000000,1639.0000
YM,2024.10.23,04:00:00,43031.000000,43065.000000,43015.000000,43026.000000,3472.0000
YM,2024.10.23,08:00:00,43028.000000,43052.000000,42919.000000,42965.000000,8841.0000
YM,2024.10.23,12:00:00,42963.000000,43003.000000,42745.000000,42857.000000,55029.0000
YM,2024.10.23,16:00:00,42857.000000,42866.000000,42513.000000,42738.000000,49684.0000
YM,2024.10.23,20:00:00,42740.000000,42745.000000,42594.000000,42671.000000,7777.0000
YM,2024.10.24,00:00:00,42669.000000,42716.000000,42646.000000,42673.000000,3543.0000
YM,2024.10.24,04:00:00,42672.000000,42747.000000,42660.000000,42731.000000,4214.0000
YM,2024.10.24,08:00:00,42729.000000,42739.000000,42632.000000,42692.000000,7526.0000
YM,2024.10.24,12:00:00,42693.000000,42709.000000,42449.000000,42503.000000,51269.0000
YM,2024.10.24,16:00:00,42501.000000,42643.000000,42410.000000,42608.000000,33830.0000
YM,2024.10.24,20:00:00,42607.000000,42641.000000,42590.000000,42616.000000,3463.0000
YM,2024.10.25,00:00:00,42616.000000,42628.000000,42582.000000,42582.000000,2109.0000
YM,2024.10.25,04:00:00,42585.000000,42646.000000,42561.000000,42646.000000,3119.0000
YM,2024.10.25,08:00:00,42647.000000,42714.000000,42612.000000,42691.000000,6350.0000
YM,2024.10.25,12:00:00,42690.000000,42811.000000,42476.000000,42514.000000,44435.0000
YM,2024.10.25,16:00:00,42512.000000,42566.000000,42245.000000,42319.000000,47524.0000
YM,2024.10.25,20:00:00,42319.000000,42327.000000,42283.000000,42285.000000,3964.0000
YM,2024.10.27,20:00:00,42360.000000,42490.000000,42360.000000,42448.000000,2513.0000
YM,2024.10.28,00:00:00,42447.000000,42537.000000,42442.000000,42481.000000,4104.0000
YM,2024.10.28,04:00:00,42480.000000,42544.000000,42456.000000,42501.000000,4179.0000
YM,2024.10.28,08:00:00,42503.000000,42553.000000,42438.000000,42438.000000,9465.0000
YM,2024.10.28,12:00:00,42439.000000,42690.000000,42403.000000,42575.000000,51073.0000
YM,2024.10.28,16:00:00,42553.000000,42673.000000,42537.000000,42608.000000,29938.0000
YM,2024.10.28,20:00:00,42609.000000,42643.000000,42577.000000,42587.000000,3102.0000
YM,2024.10.29,00:00:00,42588.000000,42595.000000,42515.000000,42523.000000,3018.0000
YM,2024.10.29,04:00:00,42521.000000,42623.000000,42517.000000,42581.000000,3075.0000
YM,2024.10.29,08:00:00,42581.000000,42630.000000,42450.000000,42469.000000,11806.0000
YM,2024.10.29,12:00:00,42467.000000,42697.000000,42365.000000,42511.000000,50965.0000
YM,2024.10.29,16:00:00,42511.000000,42590.000000,42430.000000,42450.000000,29194.0000
YM,2024.10.29,20:00:00,42451.000000,42522.000000,42424.000000,42484.000000,5937.0000
YM,2024.10.30,00:00:00,42484.000000,42540.000000,42452.000000,42461.000000,2971.0000
YM,2024.10.30,04:00:00,42461.000000,42498.000000,42427.000000,42465.000000,3241.0000
YM,2024.10.30,08:00:00,42467.000000,42514.000000,42308.000000,42364.000000,15577.0000
YM,2024.10.30,12:00:00,42362.000000,42659.000000,42332.000000,42632.000000,50309.0000
YM,2024.10.30,16:00:00,42632.000000,42645.000000,42333.000000,42367.000000,36827.0000
YM,2024.10.30,20:00:00,42365.000000,42433.000000,42281.000000,42325.000000,9300.0000
YM,2024.10.31,00:00:00,42323.000000,42357.000000,42292.000000,42298.000000,3475.0000
YM,2024.10.31,04:00:00,42302.000000,42303.000000,42164.000000,42181.000000,5687.0000
YM,2024.10.31,08:00:00,42181.000000,42187.000000,42104.000000,42167.000000,11880.0000
YM,2024.10.31,12:00:00,42166.000000,42194.000000,41873.000000,41978.000000,72326.0000
YM,2024.10.31,16:00:00,41999.000000,42157.000000,41926.000000,41941.000000,47628.0000
YM,2024.10.31,20:00:00,41943.000000,42043.000000,41928.000000,41944.000000,9113.0000
YM,2024.11.01,00:00:00,41944.000000,41988.000000,41893.000000,41986.000000,3054.0000
YM,2024.11.01,04:00:00,41987.000000,42014.000000,41938.000000,41983.000000,3325.0000
YM,2024.11.01,08:00:00,41984.000000,42132.000000,41967.000000,42125.000000,7345.0000
YM,2024.11.01,12:00:00,42127.000000,42495.000000,42053.000000,42364.000000,58051.0000
YM,2024.11.01,16:00:00,42363.000000,42428.000000,42156.000000,42195.000000,38157.0000
YM,2024.11.01,20:00:00,42195.000000,42245.000000,42189.000000,42208.000000,2592.0000
YM,2024.11.03,20:00:00,42150.000000,42165.000000,42063.000000,42084.000000,1650.0000
YM,2024.11.04,00:00:00,42085.000000,42168.000000,42043.000000,42161.000000,4283.0000
YM,2024.11.04,04:00:00,42160.000000,42207.000000,42110.000000,42115.000000,3793.0000
YM,2024.11.04,08:00:00,42115.000000,42277.000000,42109.000000,42249.000000,9228.0000
YM,2024.11.04,12:00:00,42248.000000,42260.000000,42008.000000,42068.000000,38159.0000
YM,2024.11.04,16:00:00,42071.000000,42087.000000,41792.000000,41986.000000,40324.0000
YM,2024.11.04,20:00:00,41986.000000,42010.000000,41915.000000,41956.000000,13778.0000
YM,2024.11.05,00:00:00,41954.000000,41998.000000,41918.000000,41965.000000,3095.0000
YM,2024.11.05,04:00:00,41966.000000,42034.000000,41957.000000,42009.000000,2659.0000
YM,2024.11.05,08:00:00,42014.000000,42036.000000,41946.000000,41999.000000,4516.0000
YM,2024.11.05,12:00:00,41998.000000,42333.000000,41917.000000,42242.000000,37318.0000
YM,2024.11.05,16:00:00,42237.000000,42417.000000,42211.000000,42279.000000,30068.0000
YM,2024.11.05,20:00:00,42280.000000,42464.000000,42261.000000,42428.000000,14656.0000
YM,2024.11.06,00:00:00,42428.000000,43019.000000,42424.000000,42913.000000,18693.0000
YM,2024.11.06,04:00:00,42910.000000,43352.000000,42846.000000,43232.000000,15720.0000
YM,2024.11.06,08:00:00,43230.000000,43658.000000,43215.000000,43576.000000,26299.0000
YM,2024.11.06,12:00:00,43578.000000,43791.000000,43523.000000,43673.000000,70620.0000
YM,2024.11.06,16:00:00,43672.000000,43888.000000,43629.000000,43836.000000,31323.0000
YM,2024.11.06,20:00:00,43835.000000,43965.000000,43832.000000,43905.000000,17846.0000
YM,2024.11.07,00:00:00,43906.000000,44004.000000,43873.000000,43989.000000,4720.0000
YM,2024.11.07,04:00:00,43990.000000,44017.000000,43926.000000,43945.000000,4036.0000
YM,2024.11.07,08:00:00,43948.000000,44019.000000,43943.000000,44009.000000,6518.0000
YM,2024.11.07,12:00:00,44006.000000,44014.000000,43807.000000,43919.000000,36814.0000
YM,2024.11.07,16:00:00,43921.000000,43962.000000,43806.000000,43948.000000,29679.0000
YM,2024.11.07,20:00:00,43948.000000,43989.000000,43881.000000,43945.000000,19161.0000
YM,2024.11.08,00:00:00,43945.000000,43949.000000,43889.000000,43902.000000,3312.0000
YM,2024.11.08,04:00:00,43902.000000,43944.000000,43888.000000,43937.000000,3095.0000
YM,2024.11.08,08:00:00,43936.000000,43940.000000,43855.000000,43904.000000,9189.0000
YM,2024.11.08,12:00:00,43905.000000,44169.000000,43878.000000,44147.000000,38841.0000
YM,2024.11.08,16:00:00,44148.000000,44300.000000,44076.000000,44211.000000,38250.0000
YM,2024.11.08,20:00:00,44211.000000,44232.000000,44109.000000,44132.000000,17574.0000
YM,2024.11.10,20:00:00,44152.000000,44194.000000,44142.000000,44193.000000,2100.0000
YM,2024.11.11,00:00:00,44192.000000,44197.000000,44150.000000,44167.000000,4521.0000
YM,2024.11.11,04:00:00,44167.000000,44223.000000,44163.000000,44223.000000,3285.0000
YM,2024.11.11,08:00:00,44221.000000,44343.000000,44212.000000,44336.000000,8506.0000
YM,2024.11.11,12:00:00,44337.000000,44624.000000,44286.000000,44529.000000,44274.0000
YM,2024.11.11,16:00:00,44530.000000,44564.000000,44376.000000,44462.000000,23808.0000
YM,2024.11.11,20:00:00,44459.000000,44459.000000,44385.000000,44408.000000,13114.0000
YM,2024.11.12,00:00:00,44409.000000,44419.000000,44357.000000,44374.000000,4181.0000
YM,2024.11.12,04:00:00,44376.000000,44396.000000,44355.000000,44395.000000,3566.0000
YM,2024.11.12,08:00:00,44394.000000,44445.000000,44345.000000,44403.000000,14631.0000
YM,2024.11.12,12:00:00,44401.000000,44556.000000,44282.000000,44319.000000,44835.0000
YM,2024.11.12,16:00:00,44319.000000,44323.000000,44050.000000,44184.000000,40014.0000
YM,2024.11.12,20:00:00,44183.000000,44205.000000,44014.000000,44056.000000,15792.0000
YM,2024.11.13,00:00:00,44057.000000,44059.000000,44013.000000,44019.000000,2797.0000
YM,2024.11.13,04:00:00,44021.000000,44027.000000,43907.000000,43917.000000,5836.0000
YM,2024.11.13,08:00:00,43918.000000,44032.000000,43897.000000,43927.000000,10161.0000
YM,2024.11.13,12:00:00,43928.000000,44191.000000,43928.000000,44171.000000,46435.0000
YM,2024.11.13,16:00:00,44173.000000,44280.000000,44068.000000,44081.000000,30783.0000
YM,2024.11.13,20:00:00,44080.000000,44180.000000,44062.000000,44144.000000,15611.0000
YM,2024.11.14,00:00:00,44146.000000,44152.000000,44066.000000,44081.000000,2887.0000
YM,2024.11.14,04:00:00,44081.000000,44122.000000,44029.000000,44113.000000,3915.0000
YM,2024.11.14,08:00:00,44113.000000,44225.000000,44106.000000,44218.000000,9997.0000
YM,2024.11.14,12:00:00,44216.000000,44260.000000,43996.000000,44071.000000,43796.0000
YM,2024.11.14,16:00:00,44071.000000,44118.000000,43872.000000,43998.000000,30264.0000
YM,2024.11.14,20:00:00,43999.000000,43999.000000,43816.000000,43857.000000,21476.0000
YM,2024.11.15,00:00:00,43856.000000,43856.000000,43762.000000,43795.000000,4547.0000
YM,2024.11.15,04:00:00,43795.000000,43809.000000,43657.000000,43661.000000,5431.0000
YM,2024.11.15,08:00:00,43661.000000,43738.000000,43619.000000,43725.000000,10338.0000
YM,2024.11.15,12:00:00,43723.000000,43796.000000,43550.000000,43568.000000,50482.0000
YM,2024.11.15,16:00:00,43561.000000,43680.000000,43478.000000,43552.000000,37784.0000
YM,2024.11.15,20:00:00,43551.000000,43646.000000,43513.000000,43586.000000,19890.0000
YM,2024.11.17,20:00:00,43581.000000,43586.000000,43514.000000,43557.000000,2025.0000
YM,2024.11.18,00:00:00,43558.000000,43621.000000,43545.000000,43549.000000,3255.0000
YM,2024.11.18,04:00:00,43550.000000,43608.000000,43493.000000,43505.000000,4800.0000
YM,2024.11.18,08:00:00,43508.000000,43538.000000,43398.000000,43427.000000,12064.0000
YM,2024.11.18,12:00:00,43428.000000,43593.000000,43427.000000,43592.000000,35627.0000
YM,2024.11.18,16:00:00,43592.000000,43653.000000,43455.000000,43524.000000,27908.0000
YM,2024.11.18,20:00:00,43523.000000,43548.000000,43476.000000,43510.000000,11601.0000
YM,2024.11.19,00:00:00,43510.000000,43607.000000,43491.000000,43602.000000,3398.0000
YM,2024.11.19,04:00:00,43603.000000,43622.000000,43543.000000,43572.000000,2971.0000
YM,2024.11.19,08:00:00,43571.000000,43613.000000,43243.000000,43288.000000,21892.0000
YM,2024.11.19,12:00:00,43289.000000,43366.000000,42991.000000,43324.000000,54071.0000
YM,2024.11.19,16:00:00,43325.000000,43528.000000,43296.000000,43368.000000,28328.0000
YM,2024.11.19,20:00:00,43368.000000,43465.000000,43347.000000,43457.000000,12397.0000
YM,2024.11.20,00:00:00,43460.000000,43516.000000,43437.000000,43450.000000,3201.0000
YM,2024.11.20,04:00:00,43452.000000,43551.000000,43451.000000,43527.000000,3684.0000
YM,2024.11.20,08:00:00,43530.000000,43555.000000,43445.000000,43488.000000,9251.0000
YM,2024.11.20,12:00:00,43490.000000,43563.000000,43181.000000,43357.000000,36946.0000
YM,2024.11.20,16:00:00,43356.000000,43409.000000,43207.000000,43344.000000,26335.0000
YM,2024.11.20,20:00:00,43338.000000,43590.000000,43322.000000,43557.000000,18887.0000
YM,2024.11.21,00:00:00,43560.000000,43567.000000,43435.000000,43471.000000,4005.0000
YM,2024.11.21,04:00:00,43470.000000,43577.000000,43421.000000,43499.000000,4920.0000
YM,2024.11.21,08:00:00,43499.000000,43615.000000,43383.000000,43598.000000,15375.0000
YM,2024.11.21,12:00:00,43597.000000,43855.000000,43446.000000,43853.000000,57084.0000
YM,2024.11.21,16:00:00,43853.000000,44146.000000,43823.000000,44077.000000,38433.0000
YM,2024.11.21,20:00:00,44078.000000,44099.000000,43948.000000,43965.000000,12653.0000
YM,2024.11.22,00:00:00,43964.000000,44028.000000,43937.000000,43974.000000,3698.0000
YM,2024.11.22,04:00:00,43974.000000,44052.000000,43951.000000,44003.000000,3788.0000
YM,2024.11.22,08:00:00,44003.000000,44046.000000,43818.000000,43948.000000,13986.0000
YM,2024.11.22,12:00:00,43949.000000,44309.000000,43944.000000,44263.000000,48792.0000
YM,2024.11.22,16:00:00,44264.000000,44380.000000,44144.000000,44352.000000,33382.0000
YM,2024.11.22,20:00:00,44352.000000,44452.000000,44263.000000,44447.000000,20145.0000
YM,2024.11.24,20:00:00,44499.000000,44632.000000,44490.000000,44603.000000,2241.0000
YM,2024.11.25,00:00:00,44600.000000,44660.000000,44599.000000,44649.000000,3104.0000
YM,2024.11.25,04:00:00,44651.000000,44659.000000,44614.000000,44643.000000,3689.0000
YM,2024.11.25,08:00:00,44645.000000,44714.000000,44624.000000,44700.000000,9145.0000
YM,2024.11.25,12:00:00,44700.000000,44915.000000,44639.000000,44800.000000,51033.0000
YM,2024.11.25,16:00:00,44795.000000,44833.000000,44609.000000,44807.000000,32097.0000
YM,2024.11.25,20:00:00,44806.000000,44891.000000,44689.000000,44733.000000,16321.0000
YM,2024.11.26,00:00:00,44731.000000,44834.000000,44653.000000,44829.000000,7738.0000
YM,2024.11.26,04:00:00,44829.000000,44860.000000,44799.000000,44802.000000,3254.0000
YM,2024.11.26,08:00:00,44802.000000,44922.000000,44779.000000,44911.000000,8061.0000
YM,2024.11.26,12:00:00,44910.000000,44913.000000,44533.000000,44610.000000,50219.0000
YM,2024.11.26,16:00:00,44610.000000,44908.000000,44590.000000,44894.000000,28900.0000
YM,2024.11.26,20:00:00,44892.000000,45002.000000,44887.000000,44983.000000,16849.0000
YM,2024.11.27,00:00:00,44987.000000,45029.000000,44962.000000,44997.000000,2771.0000
YM,2024.11.27,04:00:00,44996.000000,45004.000000,44959.000000,44960.000000,3320.0000
YM,2024.11.27,08:00:00,44961.000000,44969.000000,44891.000000,44951.000000,9787.0000
YM,2024.11.27,12:00:00,44949.000000,45121.000000,44943.000000,44989.000000,39385.0000
YM,2024.11.27,16:00:00,44989.000000,45020.000000,44812.000000,44843.000000,29061.0000
YM,2024.11.27,20:00:00,44843.000000,44883.000000,44791.000000,44875.000000,12595.0000
YM,2024.11.28,00:00:00,44876.000000,44912.000000,44867.000000,44891.000000,2618.0000
YM,2024.11.28,04:00:00,44891.000000,44892.000000,44880.000000,44885.000000,310.0000
YM,2024.11.29,12:00:00,44907.000000,45024.000000,44853.000000,45016.000000,21793.0000
YM,2024.11.29,16:00:00,45017.000000,45171.000000,45005.000000,45056.000000,20761.0000
YM,2024.12.01,20:00:00,45048.000000,45065.000000,45000.000000,45011.000000,1069.0000
YM,2024.12.02,00:00:00,45013.000000,45037.000000,44965.000000,44969.000000,2262.0000
YM,2024.12.02,04:00:00,44968.000000,44992.000000,44941.000000,44952.000000,2662.0000
YM,2024.12.02,08:00:00,44954.000000,45047.000000,44944.000000,45016.000000,6113.0000
YM,2024.12.02,12:00:00,45019.000000,45136.000000,44820.000000,44876.000000,38655.0000
YM,2024.12.02,16:00:00,44877.000000,44965.000000,44833.000000,44953.000000,18948.0000
YM,2024.12.02,20:00:00,44952.000000,44973.000000,44866.000000,44884.000000,13772.0000
YM,2024.12.03,00:00:00,44886.000000,44909.000000,44849.000000,44899.000000,1881.0000
YM,2024.12.03,04:00:00,44899.000000,44914.000000,44856.000000,44869.000000,1699.0000
YM,2024.12.03,08:00:00,44869.000000,44927.000000,44845.000000,44887.000000,4708.0000
YM,2024.12.03,12:00:00,44888.000000,44987.000000,44726.000000,44778.000000,28259.0000
YM,2024.12.03,16:00:00,44779.000000,44887.000000,44681.000000,44853.000000,23319.0000
YM,2024.12.03,20:00:00,44852.000000,44986.000000,44729.000000,44921.000000,19886.0000
YM,2024.12.04,00:00:00,44921.000000,44925.000000,44885.000000,44923.000000,1960.0000
YM,2024.12.04,04:00:00,44924.000000,44960.000000,44915.000000,44958.000000,2558.0000
YM,2024.12.04,08:00:00,44958.000000,45036.000000,44934.000000,45014.000000,7117.0000
YM,2024.12.04,12:00:00,45013.000000,45120.000000,44873.000000,44973.000000,44001.0000
YM,2024.12.04,16:00:00,44975.000000,45088.000000,44887.000000,45060.000000,24160.0000
YM,2024.12.04,20:00:00,45058.000000,45176.000000,45053.000000,45092.000000,14632.0000
YM,2024.12.05,00:00:00,45091.000000,45119.000000,45078.000000,45098.000000,1708.0000
YM,2024.12.05,04:00:00,45098.000000,45130.000000,45079.000000,45118.000000,1857.0000
YM,2024.12.05,08:00:00,45120.000000,45154.000000,45060.000000,45081.000000,5046.0000
YM,2024.12.05,12:00:00,45082.000000,45154.000000,44949.000000,45013.000000,33866.0000
YM,2024.12.05,16:00:00,45008.000000,45039.000000,44895.000000,44928.000000,25469.0000
YM,2024.12.05,20:00:00,44926.000000,44929.000000,44812.000000,44851.000000,13230.0000
YM,2024.12.06,00:00:00,44852.000000,44852.000000,44808.000000,44808.000000,1903.0000
YM,2024.12.06,04:00:00,44809.000000,44846.000000,44796.000000,44846.000000,1497.0000
YM,2024.12.06,08:00:00,44846.000000,44868.000000,44805.000000,44836.000000,3988.0000
YM,2024.12.06,12:00:00,44836.000000,44982.000000,44780.000000,44906.000000,30409.0000
YM,2024.12.06,16:00:00,44906.000000,44910.000000,44661.000000,44689.000000,27210.0000
YM,2024.12.06,20:00:00,44689.000000,44718.000000,44675.000000,44694.000000,9675.0000
YM,2024.12.08,20:00:00,44709.000000,44745.000000,44683.000000,44734.000000,1136.0000
YM,2024.12.09,00:00:00,44732.000000,44732.000000,44662.000000,44664.000000,2502.0000
YM,2024.12.09,04:00:00,44663.000000,44711.000000,44646.000000,44702.000000,2995.0000
YM,2024.12.09,08:00:00,44702.000000,44739.000000,44662.000000,44734.000000,8055.0000
YM,2024.12.09,12:00:00,44733.000000,44809.000000,44587.000000,44621.000000,30478.0000
YM,2024.12.09,16:00:00,44619.000000,44728.000000,44551.000000,44584.000000,28877.0000
YM,2024.12.09,20:00:00,44587.000000,44588.000000,44448.000000,44466.000000,15878.0000
YM,2024.12.10,00:00:00,44465.000000,44471.000000,44433.000000,44468.000000,1813.0000
YM,2024.12.10,04:00:00,44467.000000,44522.000000,44458.000000,44491.000000,2281.0000
YM,2024.12.10,08:00:00,44492.000000,44508.000000,44430.000000,44471.000000,5800.0000
YM,2024.12.10,12:00:00,44473.000000,44520.000000,44263.000000,44499.000000,34974.0000
YM,2024.12.10,16:00:00,44500.000000,44552.000000,44415.000000,44491.000000,22184.0000
YM,2024.12.10,20:00:00,44490.000000,44495.000000,44288.000000,44353.000000,14309.0000
YM,2024.12.11,00:00:00,44352.000000,44357.000000,44316.000000,44327.000000,1453.0000
YM,2024.12.11,04:00:00,44327.000000,44343.000000,44293.000000,44301.000000,2025.0000
YM,2024.12.11,08:00:00,44302.000000,44330.000000,44251.000000,44301.000000,5476.0000
YM,2024.12.11,12:00:00,44301.000000,44442.000000,44221.000000,44289.000000,39382.0000
YM,2024.12.11,16:00:00,44294.000000,44407.000000,44250.000000,44301.000000,24526.0000
YM,2024.12.11,20:00:00,44301.000000,44313.000000,44159.000000,44166.000000,11616.0000
YM,2024.12.12,00:00:00,44164.000000,44170.000000,44113.000000,44122.000000,2153.0000
YM,2024.12.12,04:00:00,44121.000000,44152.000000,44098.000000,44104.000000,2673.0000
YM,2024.12.12,08:00:00,44105.000000,44174.000000,44096.000000,44155.000000,6278.0000
YM,2024.12.12,12:00:00,44156.000000,44265.000000,44101.000000,44179.000000,33814.0000
YM,2024.12.12,16:00:00,44180.000000,44235.000000,43961.000000,43987.000000,35002.0000
YM,2024.12.12,20:00:00,43983.000000,44037.000000,43920.000000,43942.000000,17294.0000
YM,2024.12.13,00:00:00,43943.000000,43983.000000,43918.000000,43945.000000,3566.0000
YM,2024.12.13,04:00:00,43944.000000,44021.000000,43941.000000,44008.000000,3497.0000
YM,2024.12.13,08:00:00,44006.000000,44091.000000,44003.000000,44064.000000,6293.0000
YM,2024.12.13,12:00:00,44065.000000,44089.000000,43864.000000,43932.000000,49445.0000
YM,2024.12.13,16:00:00,43932.000000,44000.000000,43822.000000,43894.000000,45836.0000
YM,2024.12.13,20:00:00,43892.000000,43917.000000,43812.000000,43844.000000,19172.0000
YM,2024.12.15,20:00:00,43848.000000,43900.000000,43847.000000,43886.000000,733.0000
YM,2024.12.16,00:00:00,43887.000000,43924.000000,43885.000000,43905.000000,1043.0000
YM,2024.12.16,04:00:00,43909.000000,43918.000000,43881.000000,43888.000000,1106.0000
YM,2024.12.16,08:00:00,43890.000000,43926.000000,43859.000000,43912.000000,3472.0000
YM,2024.12.16,12:00:00,43912.000000,43993.000000,43826.000000,43912.000000,35056.0000
YM,2024.12.16,16:00:00,43917.000000,43917.000000,43799.000000,43872.000000,34584.0000
YM,2024.12.16,20:00:00,43869.000000,43869.000000,43687.000000,43710.000000,11038.0000
YM,2024.12.17,00:00:00,43711.000000,43772.000000,43699.000000,43734.000000,1164.0000
YM,2024.12.17,04:00:00,43741.000000,43755.000000,43624.000000,43628.000000,1632.0000
YM,2024.12.17,08:00:00,43630.000000,43643.000000,43570.000000,43583.000000,4079.0000
YM,2024.12.17,12:00:00,43586.000000,43615.000000,43442.000000,43491.000000,22147.0000
YM,2024.12.17,16:00:00,43490.000000,43566.000000,43380.000000,43399.000000,18828.0000
YM,2024.12.17,20:00:00,43399.000000,43525.000000,43367.000000,43485.000000,9816.0000
YM,2024.12.18,00:00:00,43483.000000,43561.000000,43481.000000,43528.000000,1420.0000
YM,2024.12.18,04:00:00,43527.000000,43574.000000,43522.000000,43549.000000,947.0000
YM,2024.12.18,08:00:00,43549.000000,43603.000000,43522.000000,43592.000000,1734.0000
YM,2024.12.18,12:00:00,43592.000000,43724.000000,43471.000000,43680.000000,13716.0000
YM,2024.12.18,16:00:00,43680.000000,43714.000000,42943.000000,42967.000000,16746.0000
YM,2024.12.18,20:00:00,42971.000000,43017.000000,42191.000000,42365.000000,6928.0000
YM,2024.12.19,00:00:00,42373.000000,42460.000000,42368.000000,42435.000000,1392.0000
YM,2024.12.19,04:00:00,42421.000000,42476.000000,42351.000000,42465.000000,2213.0000
YM,2024.12.19,08:00:00,42451.000000,42509.000000,42407.000000,42479.000000,2467.0000
YM,2024.12.19,12:00:00,42489.000000,42790.000000,42436.000000,42547.000000,10512.0000
YM,2024.12.19,16:00:00,42540.000000,42702.000000,42422.000000,42488.000000,9329.0000
YM,2024.12.19,20:00:00,42495.000000,42583.000000,42342.000000,42342.000000,2274.0000
YM,2024.12.20,00:00:00,42338.000000,42338.000000,42181.000000,42192.000000,1041.0000
YM,2024.12.20,04:00:00,42197.000000,42353.000000,42197.000000,42281.000000,221.0000
YM,2024.12.20,08:00:00,42191.000000,42207.000000,42092.000000,42159.000000,748.0000
YM,2024.12.20,12:00:00,42101.000000,42267.000000,42063.000000,42201.000000,437.0000
YM,2024.12.22,20:00:00,43356.000000,43480.000000,43343.000000,43427.000000,1270.0000
YM,2024.12.23,00:00:00,43430.000000,43442.000000,43380.000000,43414.000000,2750.0000
YM,2024.12.23,04:00:00,43417.000000,43471.000000,43415.000000,43426.000000,2802.0000
YM,2024.12.23,08:00:00,43427.000000,43428.000000,43175.000000,43194.000000,8789.0000
YM,2024.12.23,12:00:00,43196.000000,43258.000000,42929.000000,42959.000000,40897.0000
YM,2024.12.23,16:00:00,42961.000000,43276.000000,42953.000000,43209.000000,24219.0000
YM,2024.12.23,20:00:00,43209.000000,43382.000000,43183.000000,43327.000000,13578.0000
YM,2024.12.24,00:00:00,43328.000000,43335.000000,43293.000000,43306.000000,1751.0000
YM,2024.12.24,04:00:00,43307.000000,43318.000000,43294.000000,43317.000000,223.0000
YM,2024.12.24,12:00:00,43304.000000,43528.000000,43246.000000,43522.000000,19859.0000
YM,2024.12.24,16:00:00,43520.000000,43664.000000,43461.000000,43646.000000,13873.0000
YM,2024.12.26,04:00:00,43619.000000,43649.000000,43613.000000,43643.000000,1270.0000
YM,2024.12.26,08:00:00,43641.000000,43641.000000,43430.000000,43491.000000,4552.0000
YM,2024.12.26,12:00:00,43489.000000,43625.000000,43440.000000,43624.000000,23077.0000
YM,2024.12.26,16:00:00,43629.000000,43745.000000,43608.000000,43691.000000,17836.0000
YM,2024.12.26,20:00:00,43690.000000,43742.000000,43654.000000,43709.000000,8051.0000
YM,2024.12.27,00:00:00,43710.000000,43710.000000,43625.000000,43641.000000,2019.0000
YM,2024.12.27,04:00:00,43642.000000,43652.000000,43585.000000,43595.000000,1938.0000
YM,2024.12.27,08:00:00,43595.000000,43601.000000,43555.000000,43576.000000,4266.0000
YM,2024.12.27,12:00:00,43576.000000,43587.000000,43201.000000,43296.000000,41180.0000
YM,2024.12.27,16:00:00,43286.000000,43413.000000,43076.000000,43393.000000,37881.0000
YM,2024.12.27,20:00:00,43393.000000,43395.000000,43201.000000,43353.000000,17457.0000
YM,2024.12.29,20:00:00,43300.000000,43381.000000,43264.000000,43308.000000,1320.0000
YM,2024.12.30,00:00:00,43305.000000,43317.000000,43253.000000,43263.000000,2167.0000
YM,2024.12.30,04:00:00,43262.000000,43286.000000,43191.000000,43210.000000,2672.0000
YM,2024.12.30,08:00:00,43209.000000,43289.000000,43191.000000,43273.000000,5550.0000
YM,2024.12.30,12:00:00,43274.000000,43274.000000,42583.000000,42776.000000,53974.0000
YM,2024.12.30,16:00:00,42772.000000,43112.000000,42742.000000,43067.000000,38602.0000
YM,2024.12.30,20:00:00,43067.000000,43116.000000,42871.000000,42920.000000,17479.0000
YM,2024.12.31,00:00:00,42920.000000,42986.000000,42873.000000,42931.000000,2772.0000
YM,2024.12.31,04:00:00,42935.000000,42937.000000,42878.000000,42904.000000,2021.0000
YM,2024.12.31,08:00:00,42908.000000,43042.000000,42891.000000,43028.000000,4926.0000
YM,2024.12.31,12:00:00,43025.000000,43100.000000,42937.000000,42950.000000,33186.0000
YM,2024.12.31,16:00:00,42952.000000,42960.000000,42724.000000,42839.000000,33815.0000
YM,2024.12.31,20:00:00,42840.000000,42912.000000,42776.000000,42876.000000,16738.0000
YM,2025.01.02,04:00:00,42983.000000,43073.000000,42976.000000,43018.000000,2675.0000
YM,2025.01.02,08:00:00,43021.000000,43203.000000,42966.000000,43200.000000,8119.0000
YM,2025.01.02,12:00:00,43202.000000,43245.000000,42863.000000,42929.000000,45969.0000
YM,2025.01.02,16:00:00,42925.000000,42969.000000,42463.000000,42562.000000,51508.0000
YM,2025.01.02,20:00:00,42565.000000,42778.000000,42565.000000,42679.000000,16306.0000
YM,2025.01.03,00:00:00,42677.000000,42779.000000,42670.000000,42749.000000,2771.0000
YM,2025.01.03,04:00:00,42754.000000,42781.000000,42716.000000,42755.000000,2837.0000
YM,2025.01.03,08:00:00,42756.000000,42853.000000,42734.000000,42754.000000,6089.0000
YM,2025.01.03,12:00:00,42754.000000,42994.000000,42720.000000,42941.000000,33488.0000
YM,2025.01.03,16:00:00,42941.000000,43077.000000,42842.000000,43019.000000,21735.0000
YM,2025.01.03,20:00:00,43017.000000,43038.000000,42968.000000,42995.000000,12607.0000
YM,2025.01.05,20:00:00,43024.000000,43046.000000,42992.000000,43016.000000,536.0000
YM,2025.01.06,00:00:00,43020.000000,43035.000000,42951.000000,42962.000000,2031.0000
YM,2025.01.06,04:00:00,42962.000000,43050.000000,42961.000000,43031.000000,2077.0000
YM,2025.01.06,08:00:00,43035.000000,43176.000000,42985.000000,43176.000000,10728.0000
YM,2025.01.06,12:00:00,43175.000000,43345.000000,43085.000000,43262.000000,42743.0000
YM,2025.01.06,16:00:00,43265.000000,43409.000000,42968.000000,42978.000000,40369.0000
YM,2025.01.06,20:00:00,42975.000000,43049.000000,42887.000000,43003.000000,17867.0000
YM,2025.01.07,00:00:00,43001.000000,43012.000000,42934.000000,42978.000000,3455.0000
YM,2025.01.07,04:00:00,42979.000000,42980.000000,42924.000000,42979.000000,4390.0000
YM,2025.01.07,08:00:00,42980.000000,43048.000000,42942.000000,43016.000000,11426.0000
YM,2025.01.07,12:00:00,43017.000000,43212.000000,42859.000000,43057.000000,52120.0000
YM,2025.01.07,16:00:00,43060.000000,43094.000000,42817.000000,42858.000000,38388.0000
YM,2025.01.07,20:00:00,42858.000000,42863.000000,42653.000000,42811.000000,19717.0000
YM,2025.01.08,00:00:00,42813.000000,42894.000000,42805.000000,42872.000000,2465.0000
YM,2025.01.08,04:00:00,42876.000000,42908.000000,42833.000000,42865.000000,2034.0000
YM,2025.01.08,08:00:00,42867.000000,42940.000000,42703.000000,42813.000000,12293.0000
YM,2025.01.08,12:00:00,42816.000000,42848.000000,42593.000000,42775.000000,44821.0000
YM,2025.01.08,16:00:00,42778.000000,42925.000000,42614.000000,42801.000000,32095.0000
YM,2025.01.08,20:00:00,42805.000000,42919.000000,42780.000000,42841.000000,12116.0000
YM,2025.01.09,00:00:00,42842.000000,42852.000000,42789.000000,42806.000000,2283.0000
YM,2025.01.09,04:00:00,42807.000000,42837.000000,42744.000000,42754.000000,2473.0000
YM,2025.01.09,08:00:00,42753.000000,42906.000000,42726.000000,42844.000000,5387.0000
YM,2025.01.09,12:00:00,42843.000000,42884.000000,42766.000000,42822.000000,5051.0000
YM,2025.01.09,20:00:00,42821.000000,42827.000000,42703.000000,42738.000000,100.0000
YM,2025.01.10,00:00:00,42736.000000,42801.000000,42684.000000,42788.000000,4105.0000
YM,2025.01.10,04:00:00,42789.000000,42863.000000,42776.000000,42844.000000,3863.0000
YM,2025.01.10,08:00:00,42841.000000,42903.000000,42758.000000,42842.000000,9039.0000
YM,2025.01.10,12:00:00,42844.000000,42864.000000,42223.000000,42267.000000,75797.0000
YM,2025.01.10,16:00:00,42266.000000,42417.000000,42104.000000,42262.000000,42274.0000
YM,2025.01.10,20:00:00,42261.000000,42290.000000,42089.000000,42213.000000,20593.0000
YM,2025.01.12,20:00:00,42206.000000,42247.000000,42108.000000,42173.000000,1652.0000
YM,2025.01.13,00:00:00,42179.000000,42218.000000,42013.000000,42053.000000,4604.0000
YM,2025.01.13,04:00:00,42051.000000,42123.000000,42050.000000,42087.000000,2443.0000
YM,2025.01.13,08:00:00,42083.000000,42118.000000,41967.000000,42041.000000,12213.0000
YM,2025.01.13,12:00:00,42041.000000,42414.000000,42012.000000,42362.000000,43099.0000
YM,2025.01.13,16:00:00,42366.000000,42498.000000,42173.000000,42461.000000,36716.0000
YM,2025.01.13,20:00:00,42459.000000,42656.000000,42421.000000,42612.000000,14062.0000
YM,2025.01.14,00:00:00,42612.000000,42617.000000,42548.000000,42576.000000,2930.0000
YM,2025.01.14,04:00:00,42573.000000,42630.000000,42561.000000,42611.000000,2286.0000
YM,2025.01.14,08:00:00,42612.000000,42700.000000,42602.000000,42640.000000,6328.0000
YM,2025.01.14,12:00:00,42634.000000,42789.000000,42530.000000,42668.000000,40226.0000
YM,2025.01.14,16:00:00,42666.000000,42783.000000,42374.000000,42602.000000,38567.0000
YM,2025.01.14,20:00:00,42602.000000,42837.000000,42512.000000,42799.000000,17534.0000
YM,2025.01.15,00:00:00,42799.000000,42815.000000,42777.000000,42780.000000,1982.0000
YM,2025.01.15,04:00:00,42780.000000,42788.000000,42752.000000,42786.000000,1929.0000
YM,2025.01.15,08:00:00,42787.000000,42985.000000,42763.000000,42973.000000,8442.0000
YM,2025.01.15,12:00:00,42972.000000,43514.000000,42908.000000,43390.000000,62941.0000
YM,2025.01.15,16:00:00,43391.000000,43547.000000,43283.000000,43535.000000,28158.0000
YM,2025.01.15,20:00:00,43538.000000,43568.000000,43453.000000,43505.000000,14990.0000
YM,2025.01.16,00:00:00,43507.000000,43562.000000,43476.000000,43502.000000,2436.0000
YM,2025.01.16,04:00:00,43503.000000,43568.000000,43457.000000,43546.000000,5309.0000
YM,2025.01.16,08:00:00,43546.000000,43572.000000,43336.000000,43412.000000,18547.0000
YM,2025.01.16,12:00:00,43414.000000,43519.000000,43285.000000,43406.000000,38836.0000
YM,2025.01.16,16:00:00,43407.000000,43496.000000,43300.000000,43410.000000,25111.0000
YM,2025.01.16,20:00:00,43411.000000,43462.000000,43298.000000,43366.000000,12355.0000
YM,2025.01.17,00:00:00,43365.000000,43431.000000,43349.000000,43415.000000,1816.0000
YM,2025.01.17,04:00:00,43417.000000,43448.000000,43399.000000,43436.000000,2557.0000
YM,2025.01.17,08:00:00,43436.000000,43551.000000,43432.000000,43520.000000,6274.0000
YM,2025.01.17,12:00:00,43515.000000,43767.000000,43492.000000,43762.000000,42505.0000
YM,2025.01.17,16:00:00,43770.000000,43866.000000,43715.000000,43733.000000,22797.0000
YM,2025.01.17,20:00:00,43731.000000,43773.000000,43665.000000,43681.000000,12957.0000
YM,2025.01.19,20:00:00,43681.000000,43721.000000,43625.000000,43650.000000,905.0000
YM,2025.01.20,00:00:00,43654.000000,43686.000000,43634.000000,43683.000000,2149.0000
YM,2025.01.20,04:00:00,43684.000000,43704.000000,43678.000000,43704.000000,398.0000
YM,2025.01.21,04:00:00,43823.000000,43841.000000,43771.000000,43826.000000,1819.0000
YM,2025.01.21,08:00:00,43825.000000,43927.000000,43788.000000,43850.000000,6392.0000
YM,2025.01.21,12:00:00,43846.000000,44057.000000,43825.000000,44044.000000,30387.0000
YM,2025.01.21,16:00:00,44045.000000,44192.000000,44015.000000,44165.000000,26961.0000
YM,2025.01.21,20:00:00,44163.000000,44276.000000,44151.000000,44250.000000,13746.0000
YM,2025.01.22,00:00:00,44248.000000,44276.000000,44233.000000,44253.000000,2228.0000
YM,2025.01.22,04:00:00,44252.000000,44270.000000,44221.000000,44233.000000,1730.0000
YM,2025.01.22,08:00:00,44233.000000,44339.000000,44229.000000,44338.000000,9281.0000
YM,2025.01.22,12:00:00,44339.000000,44409.000000,44277.000000,44305.000000,32245.0000
YM,2025.01.22,16:00:00,44308.000000,44403.000000,44250.000000,44396.000000,20649.0000
YM,2025.01.22,20:00:00,44396.000000,44417.000000,44324.000000,44340.000000,10411.0000
YM,2025.01.23,00:00:00,44340.000000,44372.000000,44322.000000,44334.000000,2185.0000
YM,2025.01.23,04:00:00,44336.000000,44347.000000,44311.000000,44332.000000,1526.0000
YM,2025.01.23,08:00:00,44333.000000,44404.000000,44310.000000,44392.000000,7156.0000
YM,2025.01.23,12:00:00,44392.000000,44531.000000,44358.000000,44531.000000,29666.0000
YM,2025.01.23,16:00:00,44532.000000,44740.000000,44497.000000,44699.000000,27757.0000
YM,2025.01.23,20:00:00,44700.000000,44757.000000,44658.000000,44734.000000,15253.0000
YM,2025.01.24,00:00:00,44733.000000,44773.000000,44716.000000,44729.000000,3697.0000
YM,2025.01.24,04:00:00,44729.000000,44743.000000,44710.000000,44739.000000,2150.0000
YM,2025.01.24,08:00:00,44737.000000,44761.000000,44665.000000,44710.000000,6104.0000
YM,2025.01.24,12:00:00,44708.000000,44725.000000,44586.000000,44628.000000,29572.0000
YM,2025.01.24,16:00:00,44628.000000,44743.000000,44571.000000,44584.000000,19096.0000
YM,2025.01.24,20:00:00,44586.000000,44615.000000,44523.000000,44589.000000,10922.0000
YM,2025.01.26,20:00:00,44475.000000,44555.000000,44426.000000,44515.000000,2312.0000
YM,2025.01.27,00:00:00,44517.000000,44525.000000,44373.000000,44453.000000,5442.0000
YM,2025.01.27,04:00:00,44456.000000,44456.000000,44151.000000,44153.000000,8799.0000
YM,2025.01.27,08:00:00,44155.000000,44268.000000,44009.000000,44177.000000,27655.0000
YM,2025.01.27,12:00:00,44180.000000,44615.000000,44145.000000,44552.000000,53735.0000
YM,2025.01.27,16:00:00,44553.000000,44913.000000,44512.000000,44813.000000,40278.0000
YM,2025.01.27,20:00:00,44814.000000,44931.000000,44734.000000,44870.000000,18846.0000
YM,2025.01.28,00:00:00,44872.000000,44881.000000,44778.000000,44820.000000,5507.0000
YM,2025.01.28,04:00:00,44818.000000,44848.000000,44743.000000,44804.000000,3733.0000
YM,2025.01.28,08:00:00,44804.000000,44959.000000,44780.000000,44896.000000,8883.0000
YM,2025.01.28,12:00:00,44898.000000,45147.000000,44796.000000,45129.000000,38261.0000
YM,2025.01.28,16:00:00,45132.000000,45159.000000,44893.000000,45048.000000,27099.0000
YM,2025.01.28,20:00:00,45045.000000,45082.000000,44985.000000,44989.000000,10162.0000
YM,2025.01.29,00:00:00,44990.000000,45022.000000,44983.000000,45007.000000,1585.0000
YM,2025.01.29,04:00:00,45009.000000,45074.000000,44986.000000,45004.000000,3146.0000
YM,2025.01.29,08:00:00,45004.000000,45050.000000,44950.000000,45040.000000,3715.0000
YM,2025.01.29,12:00:00,45038.000000,45143.000000,44927.000000,45051.000000,24931.0000
YM,2025.01.29,16:00:00,45053.000000,45076.000000,44748.000000,44949.000000,35786.0000
YM,2025.01.29,20:00:00,44942.000000,45034.000000,44759.000000,44929.000000,23761.0000
YM,2025.01.30,00:00:00,44927.000000,45018.000000,44915.000000,45004.000000,2973.0000
YM,2025.01.30,04:00:00,45006.000000,45022.000000,44961.000000,45020.000000,1913.0000
YM,2025.01.30,08:00:00,45017.000000,45091.000000,44940.000000,44967.000000,11404.0000
YM,2025.01.30,12:00:00,44969.000000,45046.000000,44779.000000,44945.000000,39861.0000
YM,2025.01.30,16:00:00,44942.000000,45173.000000,44876.000000,45159.000000,25591.0000
YM,2025.01.30,20:00:00,45159.000000,45188.000000,44805.000000,45103.000000,24696.0000
YM,2025.01.31,00:00:00,45107.000000,45130.000000,45030.000000,45092.000000,3378.0000
YM,2025.01.31,04:00:00,45097.000000,45170.000000,45086.000000,45150.000000,2568.0000
YM,2025.01.31,08:00:00,45152.000000,45226.000000,45133.000000,45221.000000,5508.0000
YM,2025.01.31,12:00:00,45221.000000,45224.000000,45023.000000,45034.000000,31516.0000
YM,2025.01.31,16:00:00,45037.000000,45114.000000,44673.000000,44791.000000,55744.0000
YM,2025.01.31,20:00:00,44788.000000,44788.000000,44657.000000,44700.000000,29402.0000
YM,2025.02.02,20:00:00,44449.000000,44449.000000,44053.000000,44183.000000,6828.0000
YM,2025.02.03,00:00:00,44186.000000,44249.000000,43993.000000,44055.000000,12889.0000
YM,2025.02.03,04:00:00,44053.000000,44098.000000,43965.000000,44041.000000,6326.0000
YM,2025.02.03,08:00:00,44044.000000,44199.000000,44033.000000,44102.000000,12061.0000
YM,2025.02.03,12:00:00,44108.000000,44608.000000,43989.000000,44560.000000,66438.0000
YM,2025.02.03,16:00:00,44557.000000,44737.000000,44412.000000,44707.000000,42633.0000
YM,2025.02.03,20:00:00,44708.000000,44826.000000,44551.000000,44743.000000,16324.0000
YM,2025.02.04,00:00:00,44739.000000,44742.000000,44566.000000,44598.000000,3435.0000
YM,2025.02.04,04:00:00,44600.000000,44626.000000,44350.000000,44492.000000,7137.0000
YM,2025.02.04,08:00:00,44498.000000,44536.000000,44363.000000,44437.000000,6843.0000
YM,2025.02.04,12:00:00,44443.000000,44609.000000,44439.000000,44544.000000,32899.0000
YM,2025.02.04,16:00:00,44548.000000,44742.000000,44532.000000,44693.000000,28887.0000
YM,2025.02.04,20:00:00,44695.000000,44735.000000,44623.000000,44646.000000,16080.0000
YM,2025.02.05,00:00:00,44648.000000,44701.000000,44588.000000,44596.000000,3157.0000
YM,2025.02.05,04:00:00,44597.000000,44600.000000,44544.000000,44565.000000,2753.0000
YM,2025.02.05,08:00:00,44564.000000,44677.000000,44526.000000,44644.000000,9355.0000
YM,2025.02.05,12:00:00,44646.000000,44731.000000,44595.000000,44713.000000,36596.0000
YM,2025.02.05,16:00:00,44712.000000,44969.000000,44666.000000,44930.000000,23971.0000
YM,2025.02.05,20:00:00,44930.000000,45057.000000,44930.000000,45042.000000,12398.0000
YM,2025.02.06,00:00:00,45040.000000,45078.000000,45040.000000,45072.000000,2019.0000
YM,2025.02.06,04:00:00,45070.000000,45110.000000,45069.000000,45072.000000,1886.0000
YM,2025.02.06,08:00:00,45073.000000,45177.000000,44982.000000,45011.000000,11284.0000
YM,2025.02.06,12:00:00,45012.000000,45117.000000,44857.000000,44870.000000,31192.0000
YM,2025.02.06,16:00:00,44871.000000,44943.000000,44660.000000,44755.000000,31404.0000
YM,2025.02.06,20:00:00,44753.000000,44880.000000,44670.000000,44843.000000,13438.0000
YM,2025.02.07,00:00:00,44842.000000,44879.000000,44830.000000,44831.000000,1733.0000
YM,2025.02.07,04:00:00,44834.000000,44845.000000,44792.000000,44815.000000,1874.0000
YM,2025.02.07,08:00:00,44816.000000,44918.000000,44816.000000,44902.000000,4080.0000
YM,2025.02.07,12:00:00,44903.000000,44964.000000,44503.000000,44618.000000,44794.0000
YM,2025.02.07,16:00:00,44625.000000,44746.000000,44405.000000,44426.000000,45952.0000
YM,2025.02.07,20:00:00,44426.000000,44460.000000,44384.000000,44415.000000,13578.0000
YM,2025.02.09,20:00:00,44177.000000,44482.000000,44100.000000,44465.000000,1849.0000
YM,2025.02.10,00:00:00,44469.000000,44524.000000,44436.000000,44500.000000,3158.0000
YM,2025.02.10,04:00:00,44500.000000,44515.000000,44473.000000,44479.000000,1810.0000
YM,2025.02.10,08:00:00,44478.000000,44595.000000,44472.000000,44594.000000,5211.0000
YM,2025.02.10,12:00:00,44595.000000,44733.000000,44467.000000,44531.000000,33541.0000
YM,2025.02.10,16:00:00,44534.000000,44608.000000,44407.000000,44548.000000,22456.0000
YM,2025.02.10,20:00:00,44550.000000,44602.000000,44488.000000,44519.000000,10426.0000
YM,2025.02.11,00:00:00,44521.000000,44541.000000,44463.000000,44513.000000,2901.0000
YM,2025.02.11,04:00:00,44511.000000,44525.000000,44458.000000,44458.000000,1612.0000
YM,2025.02.11,08:00:00,44460.000000,44521.000000,44447.000000,44509.000000,5267.0000
YM,2025.02.11,12:00:00,44508.000000,44612.000000,44396.000000,44602.000000,27505.0000
YM,2025.02.11,16:00:00,44604.000000,44745.000000,44550.000000,44708.000000,25796.0000
YM,2025.02.11,20:00:00,44711.000000,44749.000000,44669.000000,44708.000000,11548.0000
YM,2025.02.12,00:00:00,44708.000000,44733.000000,44680.000000,44690.000000,2111.0000
YM,2025.02.12,04:00:00,44688.000000,44688.000000,44663.000000,44668.000000,1662.0000
YM,2025.02.12,08:00:00,44669.000000,44699.000000,44588.000000,44642.000000,5140.0000
YM,2025.02.12,12:00:00,44643.000000,44704.000000,44189.000000,44437.000000,56146.0000
YM,2025.02.12,16:00:00,44440.000000,44571.000000,44229.000000,44497.000000,37286.0000
YM,2025.02.12,20:00:00,44496.000000,44544.000000,44400.000000,44534.000000,14107.0000
YM,2025.02.13,00:00:00,44533.000000,44555.000000,44509.000000,44546.000000,1879.0000
YM,2025.02.13,04:00:00,44547.000000,44564.000000,44498.000000,44503.000000,2561.0000
YM,2025.02.13,08:00:00,44503.000000,44519.000000,44358.000000,44477.000000,8670.0000
YM,2025.02.13,12:00:00,44476.000000,44629.000000,44437.000000,44555.000000,35051.0000
YM,2025.02.13,16:00:00,44560.000000,44850.000000,44494.000000,44800.000000,37043.0000
YM,2025.02.13,20:00:00,44798.000000,44877.000000,44794.000000,44830.000000,18312.0000
YM,2025.02.14,00:00:00,44834.000000,44879.000000,44816.000000,44865.000000,2395.0000
YM,2025.02.14,04:00:00,44864.000000,44873.000000,44835.000000,44836.000000,2080.0000
YM,2025.02.14,08:00:00,44837.000000,44838.000000,44643.000000,44688.000000,8055.0000
YM,2025.02.14,12:00:00,44686.000000,44865.000000,44684.000000,44749.000000,28561.0000
YM,2025.02.14,16:00:00,44749.000000,44806.000000,44654.000000,44692.000000,18626.0000
YM,2025.02.14,20:00:00,44695.000000,44695.000000,44590.000000,44636.000000,12597.0000
YM,2025.02.16,20:00:00,44655.000000,44677.000000,44605.000000,44642.000000,628.0000
YM,2025.02.17,00:00:00,44630.000000,44669.000000,44621.000000,44660.000000,1255.0000
YM,2025.02.17,04:00:00,44659.000000,44676.000000,44655.000000,44674.000000,380.0000
YM,2025.02.18,04:00:00,44679.000000,44753.000000,44670.000000,44747.000000,2236.0000
YM,2025.02.18,08:00:00,44745.000000,44747.000000,44623.000000,44687.000000,5435.0000
YM,2025.02.18,12:00:00,44688.000000,44734.000000,44471.000000,44645.000000,35984.0000
YM,2025.02.18,16:00:00,44643.000000,44647.000000,44409.000000,44529.000000,29239.0000
YM,2025.02.18,20:00:00,44530.000000,44678.000000,44507.000000,44654.000000,15807.0000
YM,2025.02.19,00:00:00,44654.000000,44698.000000,44649.000000,44693.000000,1628.0000
YM,2025.02.19,04:00:00,44694.000000,44701.000000,44663.000000,44663.000000,1822.0000
YM,2025.02.19,08:00:00,44664.000000,44688.000000,44524.000000,44557.000000,6272.0000
YM,2025.02.19,12:00:00,44557.000000,44597.000000,44426.000000,44446.000000,33642.0000
YM,2025.02.19,16:00:00,44449.000000,44678.000000,44396.000000,44655.000000,32398.0000
YM,2025.02.19,20:00:00,44653.000000,44723.000000,44606.000000,44666.000000,14584.0000
YM,2025.02.20,00:00:00,44661.000000,44684.000000,44623.000000,44632.000000,2071.0000
YM,2025.02.20,04:00:00,44632.000000,44636.000000,44604.000000,44612.000000,1601.0000
YM,2025.02.20,08:00:00,44611.000000,44676.000000,44566.000000,44569.000000,5357.0000
YM,2025.02.20,12:00:00,44572.000000,44614.000000,44126.000000,44160.000000,44145.0000
YM,2025.02.20,16:00:00,44161.000000,44235.000000,44034.000000,44214.000000,35832.0000
YM,2025.02.20,20:00:00,44214.000000,44300.000000,44184.000000,44286.000000,15444.0000
YM,2025.02.21,00:00:00,44285.000000,44293.000000,44256.000000,44257.000000,1648.0000
YM,2025.02.21,04:00:00,44258.000000,44288.000000,44247.000000,44262.000000,1944.0000
YM,2025.02.21,08:00:00,44264.000000,44331.000000,44249.000000,44312.000000,5645.0000
YM,2025.02.21,12:00:00,44313.000000,44313.000000,43825.000000,43872.000000,65401.0000
YM,2025.02.21,16:00:00,43872.000000,43919.000000,43419.000000,43484.000000,56897.0000
YM,2025.02.21,20:00:00,43482.000000,43541.000000,43457.000000,43480.000000,23696.0000
YM,2025.02.23,20:00:00,43527.000000,43624.000000,43510.000000,43612.000000,1309.0000
YM,2025.02.24,00:00:00,43614.000000,43695.000000,43609.000000,43685.000000,3807.0000
YM,2025.02.24,04:00:00,43687.000000,43732.000000,43656.000000,43688.000000,3605.0000
YM,2025.02.24,08:00:00,43691.000000,43825.000000,43607.000000,43812.000000,10366.0000
YM,2025.02.24,12:00:00,43810.000000,43818.000000,43420.000000,43508.000000,49811.0000
YM,2025.02.24,16:00:00,43511.000000,43777.000000,43499.000000,43678.000000,42132.0000
YM,2025.02.24,20:00:00,43680.000000,43694.000000,43505.000000,43558.000000,21360.0000
YM,2025.02.25,00:00:00,43558.000000,43656.000000,43558.000000,43615.000000,3582.0000
YM,2025.02.25,04:00:00,43617.000000,43638.000000,43428.000000,43428.000000,2782.0000
YM,2025.02.25,08:00:00,43426.000000,43593.000000,43390.000000,43514.000000,12028.0000
YM,2025.02.25,12:00:00,43516.000000,43805.000000,43346.000000,43546.000000,50536.0000
YM,2025.02.25,16:00:00,43553.000000,43777.000000,43376.000000,43721.000000,56424.0000
YM,2025.02.25,20:00:00,43719.000000,43843.000000,43628.000000,43767.000000,23846.0000
YM,2025.02.26,00:00:00,43766.000000,43783.000000,43697.000000,43749.000000,2797.0000
YM,2025.02.26,04:00:00,43748.000000,43791.000000,43743.000000,43757.000000,2046.0000
YM,2025.02.26,08:00:00,43756.000000,43845.000000,43747.000000,43805.000000,6553.0000
YM,2025.02.26,12:00:00,43804.000000,43932.000000,43617.000000,43882.000000,41100.0000
YM,2025.02.26,16:00:00,43886.000000,43913.000000,43369.000000,43444.000000,65693.0000
YM,2025.02.26,20:00:00,43446.000000,43597.000000,43329.000000,43454.000000,29627.0000
YM,2025.02.27,00:00:00,43453.000000,43525.000000,43407.000000,43494.000000,4176.0000
YM,2025.02.27,04:00:00,43495.000000,43629.000000,43484.000000,43589.000000,8322.0000
YM,2025.02.27,08:00:00,43589.000000,43658.000000,43567.000000,43657.000000,12397.0000
YM,2025.02.27,12:00:00,43656.000000,43947.000000,43398.000000,43793.000000,75798.0000
YM,2025.02.27,16:00:00,43794.000000,43948.000000,43382.000000,43444.000000,70997.0000
YM,2025.02.27,20:00:00,43447.000000,43447.000000,43278.000000,43331.000000,31764.0000
YM,2025.02.28,00:00:00,43330.000000,43347.000000,43166.000000,43216.000000,6200.0000
YM,2025.02.28,04:00:00,43221.000000,43356.000000,43207.000000,43347.000000,4111.0000
YM,2025.02.28,08:00:00,43348.000000,43457.000000,43331.000000,43448.000000,7301.0000
YM,2025.02.28,12:00:00,43449.000000,43598.000000,43298.000000,43592.000000,51324.0000
YM,2025.02.28,16:00:00,43592.000000,43605.000000,43155.000000,43513.000000,75201.0000
YM,2025.02.28,20:00:00,43512.000000,43932.000000,43501.000000,43842.000000,31629.0000
YM,2025.03.02,20:00:00,43919.000000,43974.000000,43847.000000,43934.000000,1908.0000
YM,2025.03.03,00:00:00,43934.000000,43951.000000,43795.000000,43869.000000,9502.0000
YM,2025.03.03,04:00:00,43868.000000,43961.000000,43864.000000,43919.000000,4737.0000
YM,2025.03.03,08:00:00,43918.000000,44005.000000,43811.000000,44003.000000,11945.0000
YM,2025.03.03,12:00:00,44002.000000,44119.000000,43830.000000,43857.000000,57194.0000
YM,2025.03.03,16:00:00,43859.000000,43921.000000,43355.000000,43369.000000,69162.0000
YM,2025.03.03,20:00:00,43366.000000,43370.000000,42988.000000,43292.000000,40202.0000
YM,2025.03.04,00:00:00,43294.000000,43343.000000,43219.000000,43300.000000,7210.0000
YM,2025.03.04,04:00:00,43301.000000,43358.000000,43205.000000,43244.000000,7832.0000
YM,2025.03.04,08:00:00,43243.000000,43341.000000,43179.000000,43202.000000,13225.0000
YM,2025.03.04,12:00:00,43200.000000,43203.000000,42470.000000,42532.000000,85203.0000
YM,2025.03.04,16:00:00,42536.000000,43035.000000,42422.000000,43016.000000,61797.0000
YM,2025.03.04,20:00:00,43014.000000,43151.000000,42484.000000,42862.000000,37381.0000
YM,2025.03.05,00:00:00,42860.000000,42874.000000,42703.000000,42829.000000,9574.0000
YM,2025.03.05,04:00:00,42826.000000,42863.000000,42765.000000,42781.000000,4057.0000
YM,2025.03.05,08:00:00,42782.000000,42927.000000,42661.000000,42735.000000,18062.0000
YM,2025.03.05,12:00:00,42737.000000,42849.000000,42519.000000,42701.000000,68899.0000
YM,2025.03.05,16:00:00,42693.000000,43169.000000,42474.000000,43079.000000,68327.0000
YM,2025.03.05,20:00:00,43078.000000,43196.000000,42931.000000,43056.000000,22533.0000
YM,2025.03.06,00:00:00,43050.000000,43074.000000,43003.000000,43047.000000,3782.0000
YM,2025.03.06,04:00:00,43048.000000,43092.000000,42905.000000,42908.000000,4494.0000
YM,2025.03.06,08:00:00,42908.000000,42950.000000,42581.000000,42735.000000,20167.0000
YM,2025.03.06,12:00:00,42735.000000,42971.000000,42440.000000,42926.000000,65464.0000
YM,2025.03.06,16:00:00,42930.000000,43040.000000,42423.000000,42488.000000,66002.0000
YM,2025.03.06,20:00:00,42488.000000,42737.000000,42453.000000,42680.000000,23872.0000
YM,2025.03.07,00:00:00,42680.000000,42752.000000,42647.000000,42669.000000,4374.0000
YM,2025.03.07,04:00:00,42666.000000,42698.000000,42603.000000,42685.000000,4892.0000
YM,2025.03.07,08:00:00,42688.000000,42734.000000,42619.000000,42698.000000,8717.0000
YM,2025.03.07,12:00:00,42697.000000,42884.000000,42366.000000,42527.000000,67164.0000
YM,2025.03.07,16:00:00,42528.000000,42944.000000,42208.000000,42806.000000,73556.0000
YM,2025.03.07,20:00:00,42805.000000,42942.000000,42662.000000,42810.000000,19640.0000
YM,2025.03.09,20:00:00,42722.000000,42722.000000,42436.000000,42603.000000,4511.0000
YM,2025.03.10,00:00:00,42603.000000,42703.000000,42548.000000,42685.000000,5283.0000
YM,2025.03.10,04:00:00,42682.000000,42714.000000,42633.000000,42637.000000,3657.0000
YM,2025.03.10,08:00:00,42640.000000,42680.000000,42366.000000,42393.000000,18863.0000
YM,2025.03.10,12:00:00,42396.000000,42611.000000,42307.000000,42358.000000,70201.0000
YM,2025.03.10,16:00:00,42354.000000,42421.000000,41666.000000,41964.000000,76201.0000
YM,2025.03.10,20:00:00,41964.000000,42036.000000,41845.000000,41965.000000,9984.0000
YM,2025.03.11,00:00:00,41966.000000,42109.000000,41657.000000,42041.000000,14130.0000
YM,2025.03.11,04:00:00,42037.000000,42111.000000,41992.000000,42083.000000,6369.0000
YM,2025.03.11,08:00:00,42083.000000,42128.000000,41998.000000,42122.000000,15085.0000
YM,2025.03.11,12:00:00,42119.000000,42127.000000,41327.000000,41522.000000,88841.0000
YM,2025.03.11,16:00:00,41520.000000,41849.000000,41220.000000,41471.000000,74011.0000
YM,2025.03.11,20:00:00,41470.000000,41566.000000,41448.000000,41561.000000,6086.0000
YM,2025.03.12,00:00:00,41563.000000,41607.000000,41511.000000,41550.000000,3368.0000
YM,2025.03.12,04:00:00,41543.000000,41593.000000,41479.000000,41581.000000,4433.0000
YM,2025.03.12,08:00:00,41582.000000,41746.000000,41510.000000,41714.000000,12117.0000
YM,2025.03.12,12:00:00,41717.000000,42025.000000,41047.000000,41371.000000,76139.0000
YM,2025.03.12,16:00:00,41371.000000,41610.000000,41311.000000,41390.000000,40516.0000
YM,2025.03.12,20:00:00,41388.000000,41488.000000,41341.000000,41481.000000,4209.0000
YM,2025.03.13,00:00:00,41485.000000,41497.000000,41305.000000,41326.000000,8250.0000
YM,2025.03.13,04:00:00,41322.000000,41352.000000,41188.000000,41207.000000,6713.0000
YM,2025.03.13,08:00:00,41204.000000,41440.000000,41151.000000,41336.000000,13440.0000
YM,2025.03.13,12:00:00,41332.000000,41417.000000,40920.000000,40928.000000,57086.0000
YM,2025.03.13,16:00:00,40926.000000,41047.000000,40707.000000,40868.000000,51651.0000
YM,2025.03.13,20:00:00,40865.000000,41025.000000,40862.000000,40998.000000,3165.0000
YM,2025.03.14,00:00:00,40998.000000,41088.000000,40964.000000,41070.000000,5422.0000
YM,2025.03.14,04:00:00,41068.000000,41097.000000,40986.000000,41009.000000,3787.0000
YM,2025.03.14,08:00:00,41010.000000,41130.000000,40982.000000,41097.000000,12109.0000
YM,2025.03.14,12:00:00,41099.000000,41495.000000,40949.000000,41470.000000,66854.0000
YM,2025.03.14,16:00:00,41475.000000,41563.000000,41321.000000,41505.000000,45686.0000
YM,2025.03.14,20:00:00,41504.000000,41504.000000,41408.000000,41457.000000,4679.0000
YM,2025.03.16,20:00:00,41451.000000,41474.000000,41289.000000,41322.000000,868.0000
YM,2025.03.17,00:00:00,41321.000000,41373.000000,41301.000000,41326.000000,1120.0000
YM,2025.03.17,04:00:00,41325.000000,41348.000000,41256.000000,41327.000000,1607.0000
YM,2025.03.17,08:00:00,41330.000000,41424.000000,41251.000000,41332.000000,4020.0000
YM,2025.03.17,12:00:00,41332.000000,41796.000000,41283.000000,41704.000000,53878.0000
YM,2025.03.17,16:00:00,41706.000000,42044.000000,41661.000000,41885.000000,38078.0000
YM,2025.03.17,20:00:00,41884.000000,41920.000000,41843.000000,41891.000000,3281.0000
YM,2025.03.18,00:00:00,41887.000000,41894.000000,41770.000000,41776.000000,1069.0000
YM,2025.03.18,04:00:00,41780.000000,41830.000000,41754.000000,41805.000000,871.0000
YM,2025.03.18,08:00:00,41806.000000,41901.000000,41700.000000,41836.000000,3544.0000
YM,2025.03.18,12:00:00,41825.000000,41840.000000,41478.000000,41503.000000,20808.0000
YM,2025.03.18,16:00:00,41497.000000,41677.000000,41437.000000,41610.000000,17834.0000
YM,2025.03.18,20:00:00,41612.000000,41648.000000,41543.000000,41637.000000,2304.0000
YM,2025.03.19,00:00:00,41630.000000,41716.000000,41630.000000,41650.000000,464.0000
YM,2025.03.19,04:00:00,41637.000000,41656.000000,41536.000000,41559.000000,1045.0000
YM,2025.03.19,08:00:00,41585.000000,41677.000000,41572.000000,41640.000000,1378.0000
YM,2025.03.19,12:00:00,41649.000000,41974.000000,41599.000000,41923.000000,9757.0000
YM,2025.03.19,16:00:00,41925.000000,42205.000000,41580.000000,42000.000000,9522.0000
YM,2025.03.19,20:00:00,42000.000000,42081.000000,41988.000000,42081.000000,620.0000
YM,2025.03.20,00:00:00,42085.000000,42142.000000,42062.000000,42117.000000,242.0000
YM,2025.03.20,04:00:00,42113.000000,42134.000000,42078.000000,42084.000000,326.0000
YM,2025.03.20,08:00:00,42073.000000,42149.000000,41713.000000,41867.000000,1774.0000
YM,2025.03.20,12:00:00,41878.000000,42263.000000,41714.000000,42135.000000,7484.0000
YM,2025.03.20,16:00:00,42136.000000,42220.000000,41855.000000,41967.000000,6639.0000
YM,2025.03.20,20:00:00,41972.000000,42002.000000,41921.000000,41955.000000,572.0000
YM,2025.03.21,00:00:00,41974.000000,42000.000000,41952.000000,41964.000000,113.0000
YM,2025.03.21,04:00:00,41965.000000,41969.000000,41848.000000,41883.000000,143.0000
YM,2025.03.21,08:00:00,41877.000000,41921.000000,41750.000000,41815.000000,282.0000
YM,2025.03.21,12:00:00,41816.000000,41851.000000,41558.000000,41643.000000,338.0000
YM,2025.03.21,20:00:00,42330.000000,42330.000000,42330.000000,42330.000000,97986.0000
YM,2025.03.23,20:00:00,42426.000000,42550.000000,42426.000000,42521.000000,1983.0000
YM,2025.03.24,00:00:00,42523.000000,42553.000000,42506.000000,42538.000000,2797.0000
YM,2025.03.24,04:00:00,42538.000000,42641.000000,42526.000000,42597.000000,3136.0000
YM,2025.03.24,08:00:00,42596.000000,42728.000000,42589.000000,42699.000000,10354.0000
YM,2025.03.24,12:00:00,42701.000000,42895.000000,42616.000000,42883.000000,33311.0000
YM,2025.03.24,16:00:00,42882.000000,42967.000000,42705.000000,42889.000000,30915.0000
YM,2025.03.24,20:00:00,42889.000000,42944.000000,42858.000000,42877.000000,3059.0000
YM,2025.03.25,00:00:00,42878.000000,42891.000000,42833.000000,42836.000000,2126.0000
YM,2025.03.25,04:00:00,42840.000000,42868.000000,42809.000000,42814.000000,2275.0000
YM,2025.03.25,08:00:00,42813.000000,42963.000000,42808.000000,42962.000000,8259.0000
YM,2025.03.25,12:00:00,42962.000000,43023.000000,42817.000000,42873.000000,35117.0000
YM,2025.03.25,16:00:00,42874.000000,42933.000000,42765.000000,42906.000000,27755.0000
YM,2025.03.25,20:00:00,42906.000000,42950.000000,42901.000000,42920.000000,2511.0000
YM,2025.03.26,00:00:00,42919.000000,42962.000000,42890.000000,42910.000000,3211.0000
YM,2025.03.26,04:00:00,42911.000000,42917.000000,42853.000000,42878.000000,2551.0000
YM,2025.03.26,08:00:00,42877.000000,42960.000000,42829.000000,42955.000000,6702.0000
YM,2025.03.26,12:00:00,42953.000000,43147.000000,42810.000000,42856.000000,42252.0000
YM,2025.03.26,16:00:00,42855.000000,42911.000000,42636.000000,42746.000000,37636.0000
YM,2025.03.26,20:00:00,42746.000000,42763.000000,42543.000000,42683.000000,4151.0000
YM,2025.03.27,00:00:00,42681.000000,42806.000000,42663.000000,42806.000000,2789.0000
YM,2025.03.27,04:00:00,42803.000000,42871.000000,42762.000000,42768.000000,4592.0000
YM,2025.03.27,08:00:00,42771.000000,42873.000000,42704.000000,42799.000000,10941.0000
YM,2025.03.27,12:00:00,42796.000000,42837.000000,42459.000000,42618.000000,46201.0000
YM,2025.03.27,16:00:00,42620.000000,42770.000000,42514.000000,42612.000000,33124.0000
YM,2025.03.27,20:00:00,42611.000000,42649.000000,42551.000000,42588.000000,3164.0000
YM,2025.03.28,00:00:00,42589.000000,42654.000000,42542.000000,42654.000000,1889.0000
YM,2025.03.28,04:00:00,42658.000000,42666.000000,42452.000000,42453.000000,3453.0000
YM,2025.03.28,08:00:00,42455.000000,42603.000000,42453.000000,42570.000000,7650.0000
YM,2025.03.28,12:00:00,42573.000000,42588.000000,41987.000000,42035.000000,58526.0000
YM,2025.03.28,16:00:00,42033.000000,42089.000000,41814.000000,41862.000000,39719.0000
YM,2025.03.28,20:00:00,41861.000000,41863.000000,41714.000000,41714.000000,5749.0000
YM,2025.03.30,20:00:00,41600.000000,41714.000000,41561.000000,41714.000000,4186.0000
YM,2025.03.31,00:00:00,41712.000000,41720.000000,41626.000000,41662.000000,5241.0000
YM,2025.03.31,04:00:00,41669.000000,41723.000000,41581.000000,41676.000000,5357.0000
YM,2025.03.31,08:00:00,41675.000000,41722.000000,41516.000000,41572.000000,12609.0000
YM,2025.03.31,12:00:00,41571.000000,42005.000000,41429.000000,41960.000000,51361.0000
YM,2025.03.31,16:00:00,41961.000000,42423.000000,41849.000000,42275.000000,48235.0000
YM,2025.03.31,20:00:00,42274.000000,42280.000000,42118.000000,42189.000000,6028.0000
YM,2025.04.01,00:00:00,42189.000000,42207.000000,42089.000000,42161.000000,3337.0000
YM,2025.04.01,04:00:00,42154.000000,42307.000000,42122.000000,42183.000000,5817.0000
YM,2025.04.01,08:00:00,42182.000000,42256.000000,41971.000000,42011.000000,15126.0000
YM,2025.04.01,12:00:00,42011.000000,42390.000000,41777.000000,42336.000000,64130.0000
YM,2025.04.01,16:00:00,42338.000000,42417.000000,41953.000000,42245.000000,50704.0000
YM,2025.04.01,20:00:00,42244.000000,42369.000000,42188.000000,42306.000000,4665.0000
YM,2025.04.02,00:00:00,42302.000000,42305.000000,42187.000000,42203.000000,3126.0000
YM,2025.04.02,04:00:00,42200.000000,42252.000000,42146.000000,42160.000000,4514.0000
YM,2025.04.02,08:00:00,42165.000000,42198.000000,42013.000000,42031.000000,8492.0000
YM,2025.04.02,12:00:00,42031.000000,42445.000000,41879.000000,42316.000000,56748.0000
YM,2025.04.02,16:00:00,42316.000000,42655.000000,42218.000000,42484.000000,49567.0000
YM,2025.04.02,20:00:00,42483.000000,42836.000000,41300.000000,41482.000000,30748.0000
YM,2025.04.03,00:00:00,41482.000000,41744.000000,41480.000000,41632.000000,9639.0000
YM,2025.04.03,04:00:00,41644.000000,41700.000000,41373.000000,41484.000000,12645.0000
YM,2025.04.03,08:00:00,41480.000000,41523.000000,41198.000000,41284.000000,15282.0000
YM,2025.04.03,12:00:00,41279.000000,41425.000000,40862.000000,41149.000000,79631.0000
YM,2025.04.03,16:00:00,41148.000000,41389.000000,40756.000000,40790.000000,58753.0000
YM,2025.04.03,20:00:00,40792.000000,40808.000000,40599.000000,40675.000000,7927.0000
YM,2025.04.04,00:00:00,40676.000000,40747.000000,40478.000000,40549.000000,5902.0000
YM,2025.04.04,04:00:00,40545.000000,40706.000000,40445.000000,40521.000000,8932.0000
YM,2025.04.04,08:00:00,40519.000000,40527.000000,39188.000000,39650.000000,55525.0000
YM,2025.04.04,12:00:00,39652.000000,39895.000000,39042.000000,39266.000000,104036.0000
YM,2025.04.04,16:00:00,39269.000000,39461.000000,38472.000000,38529.000000,74054.0000
YM,2025.04.04,20:00:00,38525.000000,38562.000000,38303.000000,38437.000000,7638.0000
YM,2025.04.06,20:00:00,37761.000000,37790.000000,36708.000000,37159.000000,10282.0000
YM,2025.04.07,00:00:00,37178.000000,37800.000000,37049.000000,37448.000000,18410.0000
YM,2025.04.07,04:00:00,37489.000000,37703.000000,36823.000000,36986.000000,19156.0000
YM,2025.04.07,08:00:00,36984.000000,37971.000000,36961.000000,37704.000000,34611.0000
YM,2025.04.07,12:00:00,37703.000000,39427.000000,36819.000000,37862.000000,117617.0000
YM,2025.04.07,16:00:00,37872.000000,38557.000000,37494.000000,38172.000000,41218.0000
YM,2025.04.07,20:00:00,38164.000000,38720.000000,38126.000000,38659.000000,7120.0000
YM,2025.04.08,00:00:00,38649.000000,38943.000000,38534.000000,38845.000000,11381.0000
YM,2025.04.08,04:00:00,38859.000000,38969.000000,38667.000000,38916.000000,9444.0000
YM,2025.04.08,08:00:00,38919.000000,39321.000000,38783.000000,39300.000000,21171.0000
YM,2025.04.08,12:00:00,39301.000000,39649.000000,38881.000000,39137.000000,97036.0000
YM,2025.04.08,16:00:00,39132.000000,39193.000000,37296.000000,37848.000000,79115.0000
YM,2025.04.08,20:00:00,37851.000000,37947.000000,37271.000000,37474.000000,8194.0000
YM,2025.04.09,00:00:00,37474.000000,37776.000000,37177.000000,37209.000000,14217.0000
YM,2025.04.09,04:00:00,37217.000000,38132.000000,36882.000000,37926.000000,18960.0000
YM,2025.04.09,08:00:00,37915.000000,38004.000000,36922.000000,37118.000000,25182.0000
YM,2025.04.09,12:00:00,37131.000000,38214.000000,36920.000000,37752.000000,55332.0000
YM,2025.04.09,16:00:00,37750.000000,41009.000000,37662.000000,40814.000000,87155.0000
YM,2025.04.09,20:00:00,40814.000000,41140.000000,40765.000000,41108.000000,10388.0000
YM,2025.04.10,00:00:00,41096.000000,41126.000000,40688.000000,40794.000000,11036.0000
YM,2025.04.10,04:00:00,40795.000000,40909.000000,40258.000000,40315.000000,16134.0000
YM,2025.04.10,08:00:00,40317.000000,40494.000000,40076.000000,40359.000000,20487.0000
YM,2025.04.10,12:00:00,40359.000000,40511.000000,39223.000000,39260.000000,77162.0000
YM,2025.04.10,16:00:00,39262.000000,40047.000000,38633.000000,39785.000000,116959.0000
YM,2025.04.10,20:00:00,39786.000000,39969.000000,39563.000000,39630.000000,8402.0000
YM,2025.04.11,00:00:00,39623.000000,39837.000000,39211.000000,39738.000000,15065.0000
YM,2025.04.11,04:00:00,39751.000000,40260.000000,39742.000000,39811.000000,13425.0000
YM,2025.04.11,08:00:00,39815.000000,40131.000000,39464.000000,39901.000000,27832.0000
YM,2025.04.11,12:00:00,39904.000000,40084.000000,39452.000000,39888.000000,77422.0000
YM,2025.04.11,16:00:00,39891.000000,40613.000000,39825.000000,40394.000000,51153.0000
YM,2025.04.11,20:00:00,40394.000000,40476.000000,40379.000000,40443.000000,3132.0000
YM,2025.04.13,20:00:00,40703.000000,40973.000000,40451.000000,40565.000000,4462.0000
YM,2025.04.14,00:00:00,40567.000000,40621.000000,40034.000000,40505.000000,8150.0000
YM,2025.04.14,04:00:00,40512.000000,40777.000000,40500.000000,40741.000000,4743.0000
YM,2025.04.14,08:00:00,40746.000000,40949.000000,40674.000000,40684.000000,7547.0000
YM,2025.04.14,12:00:00,40685.000000,40993.000000,40455.000000,40474.000000,60116.0000
YM,2025.04.14,16:00:00,40477.000000,40971.000000,40357.000000,40752.000000,53368.0000
YM,2025.04.14,20:00:00,40752.000000,40778.000000,40528.000000,40633.000000,5221.0000
YM,2025.04.15,00:00:00,40630.000000,40738.000000,40630.000000,40726.000000,3624.0000
YM,2025.04.15,04:00:00,40725.000000,40878.000000,40663.000000,40855.000000,5254.0000
YM,2025.04.15,08:00:00,40857.000000,40870.000000,40577.000000,40612.000000,14988.0000
YM,2025.04.15,12:00:00,40613.000000,41010.000000,40535.000000,40841.000000,63346.0000
YM,2025.04.15,16:00:00,40839.000000,40894.000000,40553.000000,40575.000000,41902.0000
YM,2025.04.15,20:00:00,40577.000000,40601.000000,40312.000000,40424.000000,3368.0000
YM,2025.04.16,00:00:00,40424.000000,40485.000000,40329.000000,40435.000000,6081.0000
YM,2025.04.16,04:00:00,40436.000000,40442.000000,40189.000000,40212.000000,8043.0000
YM,2025.04.16,08:00:00,40211.000000,40712.000000,40201.000000,40537.000000,20694.0000
YM,2025.04.16,12:00:00,40531.000000,40621.000000,40215.000000,40389.000000,64106.0000
YM,2025.04.16,16:00:00,40392.000000,40401.000000,39584.000000,39853.000000,65158.0000
YM,2025.04.16,20:00:00,39855.000000,39925.000000,39760.000000,39865.000000,7032.0000
YM,2025.04.17,00:00:00,39860.000000,40110.000000,39816.000000,40109.000000,6108.0000
YM,2025.04.17,04:00:00,40110.000000,40292.000000,40095.000000,40197.000000,7990.0000
YM,2025.04.17,08:00:00,40196.000000,40220.000000,39194.000000,39264.000000,27440.0000
YM,2025.04.17,12:00:00,39265.000000,39473.000000,39130.000000,39338.000000,63338.0000
YM,2025.04.17,16:00:00,39339.000000,39634.000000,39277.000000,39318.000000,51677.0000
YM,2025.04.17,20:00:00,39314.000000,39409.000000,39304.000000,39399.000000,2737.0000
YM,2025.04.20,20:00:00,39212.000000,39250.000000,39053.000000,39169.000000,959.0000
YM,2025.04.21,00:00:00,39163.000000,39218.000000,38944.000000,38997.000000,5424.0000
YM,2025.04.21,04:00:00,38996.000000,39061.000000,38926.000000,38934.000000,2769.0000
YM,2025.04.21,08:00:00,38933.000000,39064.000000,38848.000000,38898.000000,8093.0000
YM,2025.04.21,12:00:00,38897.000000,39054.000000,38194.000000,38211.000000,42323.0000
YM,2025.04.21,16:00:00,38203.000000,38387.000000,37998.000000,38327.000000,38336.0000
YM,2025.04.21,20:00:00,38324.000000,38441.000000,38246.000000,38439.000000,5179.0000
YM,2025.04.22,00:00:00,38438.000000,38568.000000,38419.000000,38446.000000,5892.0000
YM,2025.04.22,04:00:00,38442.000000,38772.000000,38428.000000,38618.000000,5868.0000
YM,2025.04.22,08:00:00,38619.000000,38685.000000,38580.000000,38609.000000,9625.0000
YM,2025.04.22,12:00:00,38609.000000,39289.000000,38598.000000,39255.000000,47449.0000
YM,2025.04.22,16:00:00,39260.000000,39448.000000,38957.000000,39354.000000,51183.0000
YM,2025.04.22,20:00:00,39353.000000,40056.000000,39344.000000,39945.000000,5237.0000
YM,2025.04.23,00:00:00,39945.000000,39959.000000,39719.000000,39802.000000,4238.0000
YM,2025.04.23,04:00:00,39800.000000,39916.000000,39747.000000,39911.000000,4956.0000
YM,2025.04.23,08:00:00,39913.000000,40141.000000,39908.000000,40012.000000,11180.0000
YM,2025.04.23,12:00:00,40012.000000,40556.000000,39839.000000,39957.000000,64524.0000
YM,2025.04.23,16:00:00,39963.000000,40056.000000,39653.000000,39754.000000,39500.0000
YM,2025.04.23,20:00:00,39752.000000,39890.000000,39620.000000,39740.000000,6176.0000
YM,2025.04.24,00:00:00,39738.000000,39795.000000,39625.000000,39662.000000,3760.0000
YM,2025.04.24,04:00:00,39653.000000,39691.000000,39507.000000,39535.000000,6998.0000
YM,2025.04.24,08:00:00,39534.000000,39728.000000,39408.000000,39576.000000,13384.0000
YM,2025.04.24,12:00:00,39575.000000,40090.000000,39540.000000,40020.000000,32001.0000
YM,2025.04.24,16:00:00,40029.000000,40344.000000,39998.000000,40260.000000,24471.0000
YM,2025.04.24,20:00:00,40260.000000,40408.000000,40200.000000,40235.000000,4160.0000
YM,2025.04.25,00:00:00,40234.000000,40325.000000,40189.000000,40305.000000,4184.0000
YM,2025.04.25,04:00:00,40299.000000,40377.000000,40182.000000,40290.000000,6336.0000
YM,2025.04.25,08:00:00,40287.000000,40337.000000,40000.000000,40085.000000,8783.0000
YM,2025.04.25,12:00:00,40083.000000,40239.000000,39861.000000,40081.000000,30718.0000
YM,2025.04.25,16:00:00,40078.000000,40289.000000,40017.000000,40256.000000,25703.0000
YM,2025.04.25,20:00:00,40255.000000,40326.000000,40231.000000,40277.000000,2125.0000
YM,2025.04.27,20:00:00,40231.000000,40235.000000,40115.000000,40133.000000,985.0000
YM,2025.04.28,00:00:00,40131.000000,40147.000000,40067.000000,40078.000000,1982.0000
YM,2025.04.28,04:00:00,40080.000000,40226.000000,40053.000000,40140.000000,3518.0000
YM,2025.04.28,08:00:00,40142.000000,40283.000000,40131.000000,40231.000000,6311.0000
YM,2025.04.28,12:00:00,40229.000000,40565.000000,40165.000000,40202.000000,36567.0000
YM,2025.04.28,16:00:00,40198.000000,40468.000000,40012.000000,40367.000000,24546.0000
YM,2025.04.28,20:00:00,40366.000000,40399.000000,40293.000000,40390.000000,3005.0000
YM,2025.04.29,00:00:00,40394.000000,40470.000000,40342.000000,40418.000000,2838.0000
YM,2025.04.29,04:00:00,40420.000000,40488.000000,40366.000000,40465.000000,3995.0000
YM,2025.04.29,08:00:00,40466.000000,40569.000000,40394.000000,40514.000000,9566.0000
YM,2025.04.29,12:00:00,40519.000000,40663.000000,40326.000000,40556.000000,35958.0000
YM,2025.04.29,16:00:00,40554.000000,40775.000000,40467.000000,40652.000000,25902.0000
YM,2025.04.29,20:00:00,40653.000000,40757.000000,40646.000000,40653.000000,3860.0000
YM,2025.04.30,00:00:00,40651.000000,40677.000000,40518.000000,40562.000000,3039.0000
YM,2025.04.30,04:00:00,40559.000000,40682.000000,40548.000000,40666.000000,3360.0000
YM,2025.04.30,08:00:00,40661.000000,40750.000000,40526.000000,40693.000000,9392.0000
YM,2025.04.30,12:00:00,40693.000000,40710.000000,39867.000000,40432.000000,52506.0000
YM,2025.04.30,16:00:00,40435.000000,40909.000000,40304.000000,40753.000000,37649.0000
YM,2025.04.30,20:00:00,40750.000000,40968.000000,40682.000000,40923.000000,8820.0000
YM,2025.05.01,00:00:00,40923.000000,41016.000000,40915.000000,41014.000000,3262.0000
YM,2025.05.01,04:00:00,41014.000000,41058.000000,40934.000000,40969.000000,3670.0000
YM,2025.05.01,08:00:00,40969.000000,41140.000000,40927.000000,41094.000000,8394.0000
YM,2025.05.01,12:00:00,41090.000000,41222.000000,40879.000000,41000.000000,33758.0000
YM,2025.05.01,16:00:00,40999.000000,41110.000000,40825.000000,40873.000000,22666.0000
YM,2025.05.01,20:00:00,40868.000000,40943.000000,40736.000000,40828.000000,3843.0000
YM,2025.05.02,00:00:00,40830.000000,41256.000000,40806.000000,41211.000000,5977.0000
YM,2025.05.02,04:00:00,41213.000000,41254.000000,41102.000000,41107.000000,4108.0000
YM,2025.05.02,08:00:00,41108.000000,41127.000000,40971.000000,41033.000000,5906.0000
YM,2025.05.02,12:00:00,41032.000000,41378.000000,41022.000000,41356.000000,33380.0000
YM,2025.05.02,16:00:00,41360.000000,41506.000000,41348.000000,41409.000000,26643.0000
YM,2025.05.02,20:00:00,41411.000000,41458.000000,41403.000000,41436.000000,1672.0000
YM,2025.05.04,20:00:00,41405.000000,41405.000000,41185.000000,41232.000000,1909.0000
YM,2025.05.05,00:00:00,41231.000000,41250.000000,41121.000000,41160.000000,3624.0000
YM,2025.05.05,04:00:00,41164.000000,41228.000000,41110.000000,41190.000000,4282.0000
YM,2025.05.05,08:00:00,41186.000000,41222.000000,41103.000000,41157.000000,5720.0000
YM,2025.05.05,12:00:00,41160.000000,41494.000000,41141.000000,41486.000000,29519.0000
YM,2025.05.05,16:00:00,41488.000000,41554.000000,41307.000000,41336.000000,19322.0000
YM,2025.05.05,20:00:00,41337.000000,41349.000000,41294.000000,41310.000000,2247.0000
YM,2025.05.06,00:00:00,41309.000000,41340.000000,41253.000000,41300.000000,2529.0000
YM,2025.05.06,04:00:00,41302.000000,41306.000000,41163.000000,41166.000000,2904.0000
YM,2025.05.06,08:00:00,41164.000000,41164.000000,40988.000000,41038.000000,7028.0000
YM,2025.05.06,12:00:00,41039.000000,41198.000000,40845.000000,41071.000000,32230.0000
YM,2025.05.06,16:00:00,41069.000000,41278.000000,40882.000000,40915.000000,24521.0000
YM,2025.05.06,20:00:00,40915.000000,41334.000000,40764.000000,41194.000000,4542.0000
YM,2025.05.07,00:00:00,41195.000000,41263.000000,41105.000000,41144.000000,4191.0000
YM,2025.05.07,04:00:00,41144.000000,41186.000000,41070.000000,41135.000000,3631.0000
YM,2025.05.07,08:00:00,41133.000000,41234.000000,41096.000000,41184.000000,8519.0000
YM,2025.05.07,12:00:00,41185.000000,41192.000000,41025.000000,41179.000000,24163.0000
YM,2025.05.07,16:00:00,41180.000000,41375.000000,40909.000000,41197.000000,34012.0000
YM,2025.05.07,20:00:00,41198.000000,41259.000000,41113.000000,41166.000000,4853.0000
YM,2025.05.08,00:00:00,41166.000000,41457.000000,41133.000000,41450.000000,5961.0000
YM,2025.05.08,04:00:00,41447.000000,41470.000000,41364.000000,41404.000000,3770.0000
YM,2025.05.08,08:00:00,41407.000000,41615.000000,41402.000000,41515.000000,6862.0000
YM,2025.05.08,12:00:00,41513.000000,41807.000000,41242.000000,41744.000000,42652.0000
YM,2025.05.08,16:00:00,41745.000000,41873.000000,41455.000000,41482.000000,26624.0000
YM,2025.05.08,20:00:00,41480.000000,41531.000000,41397.000000,41411.000000,3595.0000
YM,2025.05.09,00:00:00,41412.000000,41520.000000,41313.000000,41484.000000,3823.0000
YM,2025.05.09,04:00:00,41484.000000,41500.000000,41415.000000,41438.000000,3633.0000
YM,2025.05.09,08:00:00,41437.000000,41622.000000,41358.000000,41519.000000,8640.0000
YM,2025.05.09,12:00:00,41515.000000,41618.000000,41299.000000,41425.000000,28794.0000
YM,2025.05.09,16:00:00,41426.000000,41437.000000,41225.000000,41319.000000,19399.0000
YM,2025.05.09,20:00:00,41319.000000,41377.000000,41305.000000,41376.000000,2080.0000
YM,2025.05.11,20:00:00,41846.000000,41922.000000,41675.000000,41727.000000,3087.0000
YM,2025.05.12,00:00:00,41728.000000,41791.000000,41716.000000,41789.000000,3390.0000
YM,2025.05.12,04:00:00,41785.000000,42340.000000,41747.000000,42116.000000,9081.0000
YM,2025.05.12,08:00:00,42120.000000,42408.000000,42089.000000,42321.000000,13031.0000
YM,2025.05.12,12:00:00,42321.000000,42456.000000,42194.000000,42199.000000,30913.0000
YM,2025.05.12,16:00:00,42199.000000,42504.000000,42182.000000,42493.000000,25077.0000
YM,2025.05.12,20:00:00,42490.000000,42563.000000,42445.000000,42447.000000,3670.0000
YM,2025.05.13,00:00:00,42446.000000,42455.000000,42381.000000,42386.000000,3168.0000
YM,2025.05.13,04:00:00,42383.000000,42431.000000,42344.000000,42375.000000,3417.0000
YM,2025.05.13,08:00:00,42377.000000,42467.000000,42224.000000,42271.000000,13256.0000
YM,2025.05.13,12:00:00,42274.000000,42469.000000,42263.000000,42340.000000,29293.0000
YM,2025.05.13,16:00:00,42338.000000,42419.000000,42225.000000,42249.000000,16569.0000
YM,2025.05.13,20:00:00,42218.000000,42282.000000,42206.000000,42259.000000,4630.0000
YM,2025.05.14,00:00:00,42259.000000,42265.000000,42201.000000,42241.000000,2754.0000
YM,2025.05.14,04:00:00,42241.000000,42288.000000,42212.000000,42263.000000,3261.0000
YM,2025.05.14,08:00:00,42265.000000,42291.000000,42165.000000,42240.000000,6273.0000
YM,2025.05.14,12:00:00,42239.000000,42338.000000,42092.000000,42232.000000,26123.0000
YM,2025.05.14,16:00:00,42227.000000,42260.000000,42027.000000,42123.000000,21576.0000
YM,2025.05.14,20:00:00,42125.000000,42151.000000,41899.000000,41928.000000,5675.0000
YM,2025.05.15,00:00:00,41927.000000,41979.000000,41922.000000,41961.000000,2706.0000
YM,2025.05.15,04:00:00,41960.000000,41967.000000,41842.000000,41848.000000,4257.0000
YM,2025.05.15,08:00:00,41851.000000,42015.000000,41848.000000,41999.000000,9026.0000
YM,2025.05.15,12:00:00,41997.000000,42290.000000,41900.000000,42267.000000,30430.0000
YM,2025.05.15,16:00:00,42272.000000,42437.000000,42225.000000,42418.000000,24894.0000
YM,2025.05.15,20:00:00,42419.000000,42453.000000,42390.000000,42420.000000,3702.0000
YM,2025.05.16,00:00:00,42422.000000,42438.000000,42351.000000,42397.000000,2064.0000
YM,2025.05.16,04:00:00,42392.000000,42483.000000,42384.000000,42481.000000,2696.0000
YM,2025.05.16,08:00:00,42482.000000,42561.000000,42478.000000,42552.000000,5134.0000
YM,2025.05.16,12:00:00,42551.000000,42553.000000,42333.000000,42420.000000,23695.0000
YM,2025.05.16,16:00:00,42416.000000,42763.000000,42409.000000,42738.000000,20605.0000
YM,2025.05.16,20:00:00,42736.000000,42741.000000,42474.000000,42535.000000,2864.0000
YM,2025.05.18,20:00:00,42472.000000,42528.000000,42360.000000,42479.000000,1576.0000
YM,2025.05.19,00:00:00,42482.000000,42546.000000,42400.000000,42405.000000,3303.0000
YM,2025.05.19,04:00:00,42409.000000,42442.000000,42347.000000,42350.000000,4158.0000
YM,2025.05.19,08:00:00,42351.000000,42518.000000,42337.000000,42507.000000,8361.0000
YM,2025.05.19,12:00:00,42507.000000,42782.000000,42409.000000,42740.000000,30951.0000
YM,2025.05.19,16:00:00,42742.000000,42940.000000,42725.000000,42878.000000,23217.0000
YM,2025.05.19,20:00:00,42878.000000,42976.000000,42824.000000,42938.000000,3107.0000
YM,2025.05.20,00:00:00,42936.000000,42957.000000,42800.000000,42835.000000,3380.0000
YM,2025.05.20,04:00:00,42832.000000,42873.000000,42773.000000,42826.000000,3635.0000
YM,2025.05.20,08:00:00,42824.000000,42910.000000,42764.000000,42869.000000,6909.0000
YM,2025.05.20,12:00:00,42868.000000,42904.000000,42719.000000,42776.000000,21196.0000
YM,2025.05.20,16:00:00,42778.000000,42802.000000,42570.000000,42767.000000,15687.0000
YM,2025.05.20,20:00:00,42765.000000,42774.000000,42615.000000,42725.000000,2426.0000
YM,2025.05.21,00:00:00,42727.000000,42742.000000,42640.000000,42658.000000,1784.0000
YM,2025.05.21,04:00:00,42657.000000,42665.000000,42551.000000,42590.000000,3220.0000
YM,2025.05.21,08:00:00,42588.000000,42594.000000,42326.000000,42483.000000,9624.0000
YM,2025.05.21,12:00:00,42484.000000,42523.000000,42306.000000,42427.000000,27438.0000
YM,2025.05.21,16:00:00,42425.000000,42491.000000,41870.000000,41935.000000,42149.0000
YM,2025.05.21,20:00:00,41936.000000,41945.000000,41835.000000,41914.000000,4735.0000
YM,2025.05.22,00:00:00,41915.000000,41993.000000,41902.000000,41952.000000,2397.0000
YM,2025.05.22,04:00:00,41946.000000,41993.000000,41908.000000,41938.000000,2748.0000
YM,2025.05.22,08:00:00,41939.000000,41970.000000,41734.000000,41734.000000,7628.0000
YM,2025.05.22,12:00:00,41732.000000,42020.000000,41694.000000,42009.000000,32796.0000
YM,2025.05.22,16:00:00,42013.000000,42175.000000,41909.000000,41939.000000,22376.0000
YM,2025.05.22,20:00:00,41937.000000,42028.000000,41891.000000,41946.000000,3708.0000
YM,2025.05.23,00:00:00,41947.000000,42019.000000,41941.000000,41964.000000,2127.0000
YM,2025.05.23,04:00:00,41960.000000,42026.000000,41844.000000,41983.000000,3510.0000
YM,2025.05.23,08:00:00,41983.000000,42009.000000,41331.000000,41381.000000,16053.0000
YM,2025.05.23,12:00:00,41381.000000,41741.000000,41236.000000,41604.000000,42127.0000
YM,2025.05.23,16:00:00,41609.000000,41857.000000,41571.000000,41672.000000,22010.0000
YM,2025.05.23,20:00:00,41671.000000,41672.000000,41601.000000,41663.000000,2252.0000
YM,2025.05.25,20:00:00,41687.000000,42027.000000,41651.000000,41959.000000,1387.0000
YM,2025.05.26,00:00:00,41962.000000,42058.000000,41935.000000,42043.000000,1959.0000
YM,2025.05.26,04:00:00,42040.000000,42150.000000,41993.000000,42141.000000,3015.0000
YM,2025.05.26,08:00:00,42146.000000,42171.000000,42087.000000,42126.000000,2164.0000
YM,2025.05.26,12:00:00,42128.000000,42168.000000,42002.000000,42136.000000,6484.0000
YM,2025.05.26,16:00:00,42136.000000,42149.000000,42098.000000,42131.000000,1283.0000
YM,2025.05.26,20:00:00,42106.000000,42149.000000,42045.000000,42062.000000,629.0000
YM,2025.05.27,00:00:00,42062.000000,42092.000000,41987.000000,41997.000000,2126.0000
YM,2025.05.27,04:00:00,41996.000000,42279.000000,41994.000000,42239.000000,4377.0000
YM,2025.05.27,08:00:00,42234.000000,42263.000000,42174.000000,42237.000000,6208.0000
YM,2025.05.27,12:00:00,42230.000000,42280.000000,41947.000000,42273.000000,26056.0000
YM,2025.05.27,16:00:00,42276.000000,42425.000000,42270.000000,42421.000000,21324.0000
YM,2025.05.27,20:00:00,42422.000000,42480.000000,42406.000000,42444.000000,3646.0000
YM,2025.05.28,00:00:00,42443.000000,42443.000000,42383.000000,42387.000000,1870.0000
YM,2025.05.28,04:00:00,42388.000000,42404.000000,42320.000000,42324.000000,2485.0000
YM,2025.05.28,08:00:00,42324.000000,42437.000000,42283.000000,42403.000000,4766.0000
YM,2025.05.28,12:00:00,42402.000000,42515.000000,42225.000000,42242.000000,21944.0000
YM,2025.05.28,16:00:00,42249.000000,42342.000000,42105.000000,42171.000000,19017.0000
YM,2025.05.28,20:00:00,42170.000000,42703.000000,42128.000000,42657.000000,13664.0000
YM,2025.05.29,00:00:00,42658.000000,42772.000000,42565.000000,42702.000000,5423.0000
YM,2025.05.29,04:00:00,42701.000000,42777.000000,42637.000000,42729.000000,5532.0000
YM,2025.05.29,08:00:00,42733.000000,42745.000000,42305.000000,42309.000000,10846.0000
YM,2025.05.29,12:00:00,42302.000000,42349.000000,41911.000000,41951.000000,29988.0000
YM,2025.05.29,16:00:00,41948.000000,42325.000000,41874.000000,42271.000000,24551.0000
YM,2025.05.29,20:00:00,42271.000000,42292.000000,42184.000000,42191.000000,2683.0000
YM,2025.05.30,00:00:00,42191.000000,42241.000000,42094.000000,42217.000000,2699.0000
YM,2025.05.30,04:00:00,42222.000000,42282.000000,42168.000000,42235.000000,3120.0000
YM,2025.05.30,08:00:00,42236.000000,42272.000000,42212.000000,42225.000000,3415.0000
YM,2025.05.30,12:00:00,42236.000000,42336.000000,42019.000000,42212.000000,30281.0000
YM,2025.05.30,16:00:00,42215.000000,42429.000000,41965.000000,42289.000000,37538.0000
YM,2025.05.30,20:00:00,42286.000000,42340.000000,42257.000000,42278.000000,3227.0000
YM,2025.06.01,20:00:00,42214.000000,42238.000000,42148.000000,42184.000000,1660.0000
YM,2025.06.02,00:00:00,42182.000000,42220.000000,42130.000000,42147.000000,2888.0000
YM,2025.06.02,04:00:00,42139.000000,42166.000000,41981.000000,42071.000000,4626.0000
YM,2025.06.02,08:00:00,42069.000000,42219.000000,42045.000000,42181.000000,7277.0000
YM,2025.06.02,12:00:00,42181.000000,42225.000000,41903.000000,42168.000000,32129.0000
YM,2025.06.02,16:00:00,42167.000000,42386.000000,42088.000000,42376.000000,18832.0000
YM,2025.06.02,20:00:00,42374.000000,42412.000000,42274.000000,42287.000000,3676.0000
YM,2025.06.03,00:00:00,42281.000000,42302.000000,42195.000000,42221.000000,1864.0000
YM,2025.06.03,04:00:00,42222.000000,42243.000000,42114.000000,42167.000000,2965.0000
YM,2025.06.03,08:00:00,42166.000000,42280.000000,42124.000000,42276.000000,4612.0000
YM,2025.06.03,12:00:00,42292.000000,42538.000000,42239.000000,42535.000000,24638.0000
YM,2025.06.03,16:00:00,42535.000000,42631.000000,42497.000000,42603.000000,19029.0000
YM,2025.06.03,20:00:00,42584.000000,42637.000000,42565.000000,42618.000000,4159.0000
YM,2025.06.04,00:00:00,42617.000000,42641.000000,42551.000000,42566.000000,1659.0000
YM,2025.06.04,04:00:00,42562.000000,42646.000000,42552.000000,42645.000000,2372.0000
YM,2025.06.04,08:00:00,42651.000000,42690.000000,42635.000000,42661.000000,4494.0000
YM,2025.06.04,12:00:00,42671.000000,42694.000000,42546.000000,42597.000000,24452.0000
YM,2025.06.04,16:00:00,42606.000000,42660.000000,42502.000000,42509.000000,14031.0000
YM,2025.06.04,20:00:00,42485.000000,42502.000000,42455.000000,42463.000000,4087.0000
YM,2025.06.05,00:00:00,42462.000000,42506.000000,42456.000000,42481.000000,1139.0000
YM,2025.06.05,04:00:00,42477.000000,42578.000000,42469.000000,42573.000000,2510.0000
YM,2025.06.05,08:00:00,42570.000000,42608.000000,42499.000000,42522.000000,4277.0000
YM,2025.06.05,12:00:00,42511.000000,42645.000000,42296.000000,42629.000000,40992.0000
YM,2025.06.05,16:00:00,42632.000000,42656.000000,42265.000000,42362.000000,33651.0000
YM,2025.06.05,20:00:00,42392.000000,42450.000000,42360.000000,42428.000000,6002.0000
YM,2025.06.06,00:00:00,42428.000000,42506.000000,42428.000000,42492.000000,1968.0000
YM,2025.06.06,04:00:00,42487.000000,42573.000000,42479.000000,42541.000000,3513.0000
YM,2025.06.06,08:00:00,42534.000000,42549.000000,42459.000000,42502.000000,4361.0000
YM,2025.06.06,12:00:00,42506.000000,42970.000000,42506.000000,42713.000000,42100.0000
YM,2025.06.06,16:00:00,42746.000000,42852.000000,42617.000000,42823.000000,18598.0000
YM,2025.06.06,20:00:00,42813.000000,42840.000000,42802.000000,42834.000000,2728.0000
YM,2025.06.08,20:00:00,42844.000000,42871.000000,42751.000000,42795.000000,1344.0000
YM,2025.06.09,00:00:00,42794.000000,42808.000000,42719.000000,42740.000000,1915.0000
YM,2025.06.09,04:00:00,42737.000000,42839.000000,42728.000000,42839.000000,3038.0000
YM,2025.06.09,08:00:00,42837.000000,42885.000000,42810.000000,42861.000000,4371.0000
YM,2025.06.09,12:00:00,42861.000000,42869.000000,42600.000000,42768.000000,26369.0000
YM,2025.06.09,16:00:00,42763.000000,42929.000000,42740.000000,42823.000000,15951.0000
YM,2025.06.09,20:00:00,42792.000000,42833.000000,42779.000000,42811.000000,682.0000
YM,2025.06.10,00:00:00,42811.000000,42960.000000,42777.000000,42920.000000,3518.0000
YM,2025.06.10,04:00:00,42923.000000,42930.000000,42673.000000,42754.000000,5758.0000
YM,2025.06.10,08:00:00,42756.000000,42808.000000,42681.000000,42808.000000,3640.0000
YM,2025.06.10,12:00:00,42806.000000,42871.000000,42738.000000,42823.000000,19263.0000
YM,2025.06.10,16:00:00,42823.000000,42968.000000,42774.000000,42915.000000,21556.0000
YM,2025.06.10,20:00:00,42915.000000,42943.000000,42821.000000,42888.000000,3942.0000
YM,2025.06.11,00:00:00,42886.000000,42898.000000,42783.000000,42812.000000,2152.0000
YM,2025.06.11,04:00:00,42812.000000,42849.000000,42776.000000,42839.000000,3246.0000
YM,2025.06.11,08:00:00,42837.000000,42883.000000,42754.000000,42827.000000,4533.0000
YM,2025.06.11,12:00:00,42828.000000,43200.000000,42755.000000,43045.000000,35664.0000
YM,2025.06.11,16:00:00,43046.000000,43159.000000,42766.000000,42908.000000,32582.0000
YM,2025.06.11,20:00:00,42908.000000,42922.000000,42820.000000,42842.000000,3667.0000
YM,2025.06.12,00:00:00,42844.000000,42854.000000,42688.000000,42760.000000,3467.0000
YM,2025.06.12,04:00:00,42753.000000,42846.000000,42676.000000,42694.000000,4313.0000
YM,2025.06.12,08:00:00,42690.000000,42715.000000,42586.000000,42603.000000,8915.0000
YM,2025.06.12,12:00:00,42605.000000,42935.000000,42604.000000,42877.000000,29259.0000
YM,2025.06.12,16:00:00,42879.000000,43001.000000,42828.000000,42998.000000,21223.0000
YM,2025.06.12,20:00:00,42990.000000,42998.000000,42770.000000,42774.000000,4661.0000
YM,2025.06.13,00:00:00,42775.000000,42781.000000,42199.000000,42411.000000,20373.0000
YM,2025.06.13,04:00:00,42413.000000,42518.000000,42320.000000,42499.000000,11117.0000
YM,2025.06.13,08:00:00,42499.000000,42588.000000,42422.000000,42575.000000,12739.0000
YM,2025.06.13,12:00:00,42575.000000,42624.000000,42264.000000,42577.000000,45277.0000
YM,2025.06.13,16:00:00,42574.000000,42606.000000,42090.000000,42214.000000,40831.0000
YM,2025.06.13,20:00:00,42218.000000,42235.000000,42172.000000,42175.000000,4640.0000
YM,2025.06.15,20:00:00,42024.000000,42255.000000,41920.000000,42238.000000,997.0000
YM,2025.06.16,00:00:00,42240.000000,42285.000000,42212.000000,42231.000000,980.0000
YM,2025.06.16,04:00:00,42229.000000,42445.000000,42223.000000,42432.000000,2070.0000
YM,2025.06.16,08:00:00,42426.000000,42459.000000,42339.000000,42449.000000,3732.0000
YM,2025.06.16,12:00:00,42449.000000,42746.000000,42415.000000,42594.000000,33075.0000
YM,2025.06.16,16:00:00,42592.000000,42652.000000,42475.000000,42552.000000,26325.0000
YM,2025.06.16,20:00:00,42552.000000,42592.000000,42300.000000,42300.000000,1807.0000
YM,2025.06.17,00:00:00,42301.000000,42448.000000,42292.000000,42406.000000,914.0000
YM,2025.06.17,04:00:00,42399.000000,42424.000000,42210.000000,42266.000000,2486.0000
YM,2025.06.17,08:00:00,42255.000000,42365.000000,42228.000000,42365.000000,2942.0000
YM,2025.06.17,12:00:00,42386.000000,42561.000000,42285.000000,42465.000000,21699.0000
YM,2025.06.17,16:00:00,42461.000000,42520.000000,42152.000000,42228.000000,22242.0000
YM,2025.06.17,20:00:00,42229.000000,42255.000000,42096.000000,42120.000000,755.0000
YM,2025.06.18,00:00:00,42131.000000,42278.000000,42131.000000,42235.000000,1040.0000
YM,2025.06.18,04:00:00,42238.000000,42330.000000,42210.000000,42297.000000,1528.0000
YM,2025.06.18,08:00:00,42280.000000,42345.000000,42174.000000,42270.000000,1741.0000
YM,2025.06.18,12:00:00,42260.000000,42531.000000,42194.000000,42365.000000,12968.0000
YM,2025.06.18,16:00:00,42358.000000,42448.000000,42126.000000,42177.000000,7772.0000
YM,2025.06.18,20:00:00,42226.000000,42235.000000,42124.000000,42174.000000,695.0000
YM,2025.06.19,00:00:00,42170.000000,42176.000000,41989.000000,42141.000000,721.0000
YM,2025.06.19,04:00:00,42148.000000,42148.000000,41958.000000,41958.000000,448.0000
YM,2025.06.19,08:00:00,41968.000000,42063.000000,41964.000000,41987.000000,223.0000
YM,2025.06.19,12:00:00,41985.000000,41995.000000,41777.000000,41784.000000,451.0000
YM,2025.06.19,16:00:00,41807.000000,41862.000000,41795.000000,41795.000000,100.0000
YM,2025.06.19,20:00:00,41890.000000,42062.000000,41835.000000,42036.000000,2291.0000
YM,2025.06.20,00:00:00,42055.000000,42086.000000,41979.000000,42045.000000,123.0000
YM,2025.06.20,04:00:00,42077.000000,42135.000000,42036.000000,42126.000000,87.0000
YM,2025.06.20,08:00:00,42176.000000,42286.000000,42069.000000,42237.000000,366.0000
YM,2025.06.20,12:00:00,42212.000000,42376.000000,42210.000000,42324.000000,121.0000
YM,2025.06.20,20:00:00,42572.000000,42572.000000,42572.000000,42572.000000,108860.0000
YM,2025.06.22,20:00:00,42262.000000,42453.000000,42096.000000,42389.000000,2104.0000
YM,2025.06.23,00:00:00,42387.000000,42394.000000,42324.000000,42380.000000,2941.0000
YM,2025.06.23,04:00:00,42383.000000,42555.000000,42371.000000,42544.000000,5970.0000
YM,2025.06.23,08:00:00,42544.000000,42610.000000,42382.000000,42438.000000,9418.0000
YM,2025.06.23,12:00:00,42447.000000,42745.000000,42428.000000,42536.000000,31398.0000
YM,2025.06.23,16:00:00,42536.000000,42932.000000,42284.000000,42903.000000,51337.0000
YM,2025.06.23,20:00:00,42901.000000,43110.000000,42884.000000,43087.000000,3469.0000
YM,2025.06.24,00:00:00,43085.000000,43144.000000,43037.000000,43123.000000,3446.0000
YM,2025.06.24,04:00:00,43119.000000,43333.000000,43084.000000,43230.000000,7650.0000
YM,2025.06.24,08:00:00,43223.000000,43259.000000,43134.000000,43180.000000,8362.0000
YM,2025.06.24,12:00:00,43179.000000,43365.000000,43119.000000,43345.000000,28978.0000
YM,2025.06.24,16:00:00,43345.000000,43514.000000,43321.000000,43413.000000,22988.0000
YM,2025.06.24,20:00:00,43414.000000,43431.000000,43370.000000,43416.000000,2881.0000
YM,2025.06.25,00:00:00,43417.000000,43447.000000,43400.000000,43424.000000,1435.0000
YM,2025.06.25,04:00:00,43423.000000,43467.000000,43419.000000,43433.000000,2291.0000
YM,2025.06.25,08:00:00,43432.000000,43450.000000,43373.000000,43427.000000,6407.0000
YM,2025.06.25,12:00:00,43428.000000,43438.000000,43276.000000,43310.000000,23894.0000
YM,2025.06.25,16:00:00,43306.000000,43360.000000,43175.000000,43309.000000,22037.0000
YM,2025.06.25,20:00:00,43309.000000,43325.000000,43259.000000,43312.000000,3383.0000
YM,2025.06.26,00:00:00,43313.000000,43349.000000,43286.000000,43339.000000,1144.0000
YM,2025.06.26,04:00:00,43341.000000,43423.000000,43324.000000,43379.000000,2664.0000
YM,2025.06.26,08:00:00,43377.000000,43435.000000,43375.000000,43414.000000,4304.0000
YM,2025.06.26,12:00:00,43415.000000,43616.000000,43351.000000,43578.000000,28063.0000
YM,2025.06.26,16:00:00,43578.000000,43752.000000,43575.000000,43725.000000,21503.0000
YM,2025.06.26,20:00:00,43723.000000,43813.000000,43687.000000,43769.000000,3494.0000
YM,2025.06.27,00:00:00,43768.000000,43810.000000,43754.000000,43795.000000,1361.0000
YM,2025.06.27,04:00:00,43800.000000,43881.000000,43778.000000,43861.000000,3055.0000
YM,2025.06.27,08:00:00,43855.000000,43876.000000,43810.000000,43866.000000,3795.0000
YM,2025.06.27,12:00:00,43889.000000,44203.000000,43825.000000,44192.000000,29523.0000
YM,2025.06.27,16:00:00,44190.000000,44287.000000,43875.000000,44138.000000,35579.0000
YM,2025.06.27,20:00:00,44111.000000,44265.000000,44077.000000,44241.000000,9027.0000
YM,2025.06.29,20:00:00,44258.000000,44360.000000,44250.000000,44325.000000,1813.0000
YM,2025.06.30,00:00:00,44311.000000,44384.000000,44305.000000,44371.000000,2488.0000
YM,2025.06.30,04:00:00,44372.000000,44433.000000,44357.000000,44365.000000,3102.0000
YM,2025.06.30,08:00:00,44363.000000,44387.000000,44306.000000,44363.000000,6097.0000
YM,2025.06.30,12:00:00,44361.000000,44385.000000,44197.000000,44302.000000,26461.0000
YM,2025.06.30,16:00:00,44302.000000,44440.000000,44186.000000,44376.000000,25813.0000
YM,2025.06.30,20:00:00,44375.000000,44397.000000,44324.000000,44378.000000,3946.0000
YM,2025.07.01,00:00:00,44381.000000,44432.000000,44348.000000,44351.000000,2087.0000
YM,2025.07.01,04:00:00,44350.000000,44401.000000,44322.000000,44359.000000,3312.0000
YM,2025.07.01,08:00:00,44363.000000,44375.000000,44319.000000,44346.000000,3931.0000
YM,2025.07.01,12:00:00,44362.000000,44855.000000,44285.000000,44826.000000,38827.0000
YM,2025.07.01,16:00:00,44831.000000,44916.000000,44717.000000,44812.000000,32008.0000
YM,2025.07.01,20:00:00,44813.000000,44835.000000,44788.000000,44823.000000,4031.0000
YM,2025.07.02,00:00:00,44822.000000,44878.000000,44779.000000,44867.000000,2419.0000
YM,2025.07.02,04:00:00,44871.000000,44957.000000,44860.000000,44873.000000,4388.0000
YM,2025.07.02,08:00:00,44863.000000,44921.000000,44838.000000,44863.000000,5865.0000
YM,2025.07.02,12:00:00,44862.000000,44877.000000,44647.000000,44789.000000,33451.0000
YM,2025.07.02,16:00:00,44788.000000,44796.000000,44728.000000,44779.000000,14557.0000
YM,2025.07.02,20:00:00,44781.000000,44811.000000,44755.000000,44807.000000,3682.0000
YM,2025.07.03,00:00:00,44810.000000,44830.000000,44751.000000,44802.000000,1602.0000
YM,2025.07.03,12:00:00,44824.000000,45165.000000,44820.000000,45132.000000,24343.0000
YM,2025.07.03,16:00:00,45130.000000,45169.000000,45085.000000,45123.000000,5283.0000
YM,2025.07.04,04:00:00,44987.000000,45001.000000,44867.000000,44869.000000,4836.0000
YM,2025.07.04,08:00:00,44870.000000,44890.000000,44785.000000,44864.000000,4101.0000
YM,2025.07.04,12:00:00,44864.000000,44920.000000,44841.000000,44858.000000,4651.0000
YM,2025.07.04,16:00:00,44866.000000,44893.000000,44837.000000,44847.000000,1103.0000
YM,2025.07.06,20:00:00,44989.000000,45039.000000,44949.000000,44960.000000,866.0000
YM,2025.07.07,00:00:00,44953.000000,45013.000000,44921.000000,44970.000000,2759.0000
YM,2025.07.07,04:00:00,44973.000000,45000.000000,44935.000000,44971.000000,2276.0000
YM,2025.07.07,08:00:00,44972.000000,45117.000000,44970.000000,45105.000000,5526.0000
YM,2025.07.07,12:00:00,45102.000000,45131.000000,44712.000000,44764.000000,26669.0000
YM,2025.07.07,16:00:00,44767.000000,44801.000000,44428.000000,44679.000000,35854.0000
YM,2025.07.07,20:00:00,44678.000000,44680.000000,44509.000000,44599.000000,4069.0000
YM,2025.07.08,00:00:00,44598.000000,44655.000000,44576.000000,44633.000000,2225.0000
YM,2025.07.08,04:00:00,44628.000000,44713.000000,44628.000000,44704.000000,2173.0000
YM,2025.07.08,08:00:00,44702.000000,44702.000000,44596.000000,44661.000000,5381.0000
YM,2025.07.08,12:00:00,44647.000000,44697.000000,44487.000000,44610.000000,31321.0000
YM,2025.07.08,16:00:00,44611.000000,44654.000000,44472.000000,44512.000000,20707.0000
YM,2025.07.08,20:00:00,44498.000000,44534.000000,44484.000000,44484.000000,4453.0000
YM,2025.07.09,00:00:00,44464.000000,44494.000000,44433.000000,44463.000000,1531.0000
YM,2025.07.09,04:00:00,44463.000000,44542.000000,44439.000000,44534.000000,2463.0000
YM,2025.07.09,08:00:00,44531.000000,44643.000000,44522.000000,44629.000000,4868.0000
YM,2025.07.09,12:00:00,44627.000000,44827.000000,44491.000000,44578.000000,34480.0000
YM,2025.07.09,16:00:00,44574.000000,44744.000000,44525.000000,44716.000000,17445.0000
YM,2025.07.09,20:00:00,44716.000000,44764.000000,44696.000000,44706.000000,2961.0000
YM,2025.07.10,00:00:00,44688.000000,44688.000000,44596.000000,44609.000000,2234.0000
YM,2025.07.10,04:00:00,44608.000000,44629.000000,44577.000000,44595.000000,1922.0000
YM,2025.07.10,08:00:00,44595.000000,44722.000000,44592.000000,44707.000000,3462.0000
YM,2025.07.10,12:00:00,44709.000000,45005.000000,44624.000000,44938.000000,28661.0000
YM,2025.07.10,16:00:00,44927.000000,45043.000000,44882.000000,44907.000000,17703.0000
YM,2025.07.10,20:00:00,44906.000000,44941.000000,44865.000000,44941.000000,3087.0000
YM,2025.07.11,00:00:00,44938.000000,44938.000000,44655.000000,44770.000000,8926.0000
YM,2025.07.11,04:00:00,44770.000000,44805.000000,44637.000000,44637.000000,8344.0000
YM,2025.07.11,08:00:00,44638.000000,44685.000000,44545.000000,44646.000000,7271.0000
YM,2025.07.11,12:00:00,44643.000000,44680.000000,44508.000000,44559.000000,28965.0000
YM,2025.07.11,16:00:00,44560.000000,44653.000000,44510.000000,44596.000000,20683.0000
YM,2025.07.11,20:00:00,44596.000000,44601.000000,44549.000000,44566.000000,2850.0000
YM,2025.07.14,04:00:00,44401.000000,44462.000000,44324.000000,44456.000000,3590.0000
YM,2025.07.14,08:00:00,44453.000000,44495.000000,44393.000000,44477.000000,5372.0000
YM,2025.07.14,12:00:00,44470.000000,44676.000000,44437.000000,44609.000000,28867.0000
YM,2025.07.14,16:00:00,44610.000000,44706.000000,44562.000000,44688.000000,15833.0000
YM,2025.07.14,20:00:00,44689.000000,44693.000000,44620.000000,44649.000000,841.0000
YM,2025.07.15,00:00:00,44630.000000,44827.000000,44625.000000,44658.000000,4837.0000
YM,2025.07.15,04:00:00,44658.000000,44743.000000,44650.000000,44696.000000,3864.0000
YM,2025.07.15,08:00:00,44663.000000,44732.000000,44602.000000,44669.000000,8905.0000
YM,2025.07.15,12:00:00,44650.000000,44743.000000,44360.000000,44416.000000,41041.0000
YM,2025.07.15,16:00:00,44424.000000,44447.000000,44250.000000,44259.000000,26002.0000
YM,2025.07.15,20:00:00,44249.000000,44254.000000,44125.000000,44167.000000,7959.0000
YM,2025.07.16,00:00:00,44171.000000,44206.000000,44128.000000,44171.000000,2001.0000
YM,2025.07.16,04:00:00,44170.000000,44204.000000,44096.000000,44200.000000,3444.0000
YM,2025.07.16,08:00:00,44193.000000,44362.000000,44193.000000,44345.000000,8908.0000
YM,2025.07.16,12:00:00,44346.000000,44454.000000,43980.000000,44286.000000,58716.0000
YM,2025.07.16,16:00:00,44286.000000,44481.000000,44218.000000,44453.000000,21487.0000
YM,2025.07.16,20:00:00,44450.000000,44451.000000,44374.000000,44388.000000,4615.0000
YM,2025.07.17,00:00:00,44387.000000,44416.000000,44356.000000,44383.000000,1751.0000
YM,2025.07.17,04:00:00,44385.000000,44474.000000,44377.000000,44409.000000,3412.0000
YM,2025.07.17,08:00:00,44409.000000,44450.000000,44363.000000,44381.000000,8141.0000
YM,2025.07.17,12:00:00,44377.000000,44700.000000,44356.000000,44667.000000,37998.0000
YM,2025.07.17,16:00:00,44666.000000,44773.000000,44566.000000,44725.000000,23082.0000
YM,2025.07.17,20:00:00,44724.000000,44812.000000,44704.000000,44805.000000,3016.0000
YM,2025.07.18,00:00:00,44804.000000,44822.000000,44763.000000,44799.000000,1693.0000
YM,2025.07.18,04:00:00,44797.000000,44858.000000,44769.000000,44776.000000,2612.0000
YM,2025.07.18,08:00:00,44771.000000,44798.000000,44708.000000,44748.000000,6746.0000
YM,2025.07.18,12:00:00,44748.000000,44818.000000,44475.000000,44546.000000,39570.0000
YM,2025.07.18,16:00:00,44547.000000,44554.000000,44423.000000,44539.000000,24434.0000
YM,2025.07.18,20:00:00,44540.000000,44554.000000,44516.000000,44530.000000,2074.0000
YM,2025.07.20,20:00:00,44513.000000,44600.000000,44510.000000,44600.000000,931.0000
YM,2025.07.21,00:00:00,44604.000000,44612.000000,44568.000000,44578.000000,1588.0000
YM,2025.07.21,04:00:00,44572.000000,44674.000000,44563.000000,44636.000000,2884.0000
YM,2025.07.21,08:00:00,44637.000000,44677.000000,44616.000000,44644.000000,4747.0000
YM,2025.07.21,12:00:00,44645.000000,44808.000000,44563.000000,44801.000000,31506.0000
YM,2025.07.21,16:00:00,44801.000000,44809.000000,44536.000000,44537.000000,22482.0000
YM,2025.07.21,20:00:00,44549.000000,44613.000000,44547.000000,44591.000000,4839.0000
YM,2025.07.22,00:00:00,44591.000000,44626.000000,44582.000000,44591.000000,1552.0000
YM,2025.07.22,04:00:00,44584.000000,44585.000000,44519.000000,44532.000000,2506.0000
YM,2025.07.22,08:00:00,44533.000000,44575.000000,44424.000000,44511.000000,9261.0000
YM,2025.07.22,12:00:00,44507.000000,44671.000000,44480.000000,44561.000000,36483.0000
YM,2025.07.22,16:00:00,44564.000000,44749.000000,44540.000000,44701.000000,26342.0000
YM,2025.07.22,20:00:00,44699.000000,44850.000000,44697.000000,44829.000000,5444.0000
YM,2025.07.23,00:00:00,44828.000000,44846.000000,44749.000000,44826.000000,2596.0000
YM,2025.07.23,04:00:00,44821.000000,44870.000000,44807.000000,44832.000000,4130.0000
YM,2025.07.23,08:00:00,44825.000000,44947.000000,44821.000000,44941.000000,6363.0000
YM,2025.07.23,12:00:00,44940.000000,45073.000000,44833.000000,45061.000000,35939.0000
YM,2025.07.23,16:00:00,45055.000000,45209.000000,45043.000000,45198.000000,35420.0000
YM,2025.07.23,20:00:00,45227.000000,45227.000000,45071.000000,45113.000000,9265.0000
YM,2025.07.24,00:00:00,45106.000000,45129.000000,45081.000000,45081.000000,1774.0000
YM,2025.07.24,04:00:00,45082.000000,45102.000000,45038.000000,45049.000000,2923.0000
YM,2025.07.24,08:00:00,45047.000000,45132.000000,45012.000000,45033.000000,5788.0000
YM,2025.07.24,12:00:00,45031.000000,45101.000000,44865.000000,45049.000000,37791.0000
YM,2025.07.24,16:00:00,45034.000000,45057.000000,44906.000000,44924.000000,24237.0000
YM,2025.07.24,20:00:00,44905.000000,44981.000000,44883.000000,44979.000000,5408.0000
YM,2025.07.25,00:00:00,44975.000000,45035.000000,44969.000000,45028.000000,1352.0000
YM,2025.07.25,04:00:00,45022.000000,45022.000000,44905.000000,44909.000000,2943.0000
YM,2025.07.25,08:00:00,44920.000000,44968.000000,44911.000000,44924.000000,3819.0000
YM,2025.07.25,12:00:00,44932.000000,45002.000000,44819.000000,44925.000000,33237.0000
YM,2025.07.25,16:00:00,44928.000000,45125.000000,44917.000000,45101.000000,20668.0000
YM,2025.07.25,20:00:00,45074.000000,45095.000000,45059.000000,45080.000000,5025.0000
YM,2025.07.28,00:00:00,45238.000000,45261.000000,45228.000000,45257.000000,1129.0000
YM,2025.07.28,04:00:00,45257.000000,45312.000000,45194.000000,45208.000000,3689.0000
YM,2025.07.28,08:00:00,45207.000000,45207.000000,45094.000000,45116.000000,5285.0000
YM,2025.07.28,12:00:00,45114.000000,45131.000000,44959.000000,45099.000000,28806.0000
YM,2025.07.28,16:00:00,45099.000000,45124.000000,44911.000000,45012.000000,18231.0000
YM,2025.07.28,20:00:00,45012.000000,45042.000000,44991.000000,45024.000000,3687.0000
YM,2025.07.29,00:00:00,45022.000000,45054.000000,44985.000000,45049.000000,1402.0000
YM,2025.07.29,04:00:00,45052.000000,45097.000000,45023.000000,45085.000000,3524.0000
YM,2025.07.29,08:00:00,45086.000000,45121.000000,44958.000000,45085.000000,18955.0000
YM,2025.07.29,12:00:00,45087.000000,45094.000000,44765.000000,44808.000000,30988.0000
YM,2025.07.29,16:00:00,44804.000000,44916.000000,44735.000000,44823.000000,23458.0000
YM,2025.07.29,20:00:00,44823.000000,44842.000000,44754.000000,44797.000000,3867.0000
YM,2025.07.30,00:00:00,44797.000000,44858.000000,44791.000000,44848.000000,1446.0000
YM,2025.07.30,04:00:00,44849.000000,44872.000000,44787.000000,44836.000000,2237.0000
YM,2025.07.30,08:00:00,44835.000000,44851.000000,44780.000000,44838.000000,3474.0000
YM,2025.07.30,12:00:00,44834.000000,44902.000000,44715.000000,44804.000000,28872.0000
YM,2025.07.30,16:00:00,44805.000000,44909.000000,44420.000000,44637.000000,38619.0000
YM,2025.07.30,20:00:00,44636.000000,44840.000000,44618.000000,44699.000000,10233.0000
YM,2025.07.31,00:00:00,44701.000000,44758.000000,44672.000000,44753.000000,2211.0000
YM,2025.07.31,04:00:00,44754.000000,44852.000000,44747.000000,44826.000000,3357.0000
YM,2025.07.31,08:00:00,44823.000000,44840.000000,44692.000000,44720.000000,5713.0000
YM,2025.07.31,12:00:00,44721.000000,44780.000000,44450.000000,44625.000000,39866.0000
YM,2025.07.31,16:00:00,44624.000000,44682.000000,44208.000000,44288.000000,46844.0000
YM,2025.07.31,20:00:00,44289.000000,44418.000000,44200.000000,44259.000000,6982.0000
YM,2025.08.01,00:00:00,44260.000000,44307.000000,44146.000000,44243.000000,2848.0000
YM,2025.08.01,04:00:00,44237.000000,44255.000000,43850.000000,43917.000000,5244.0000
YM,2025.08.01,08:00:00,43919.000000,43986.000000,43786.000000,43928.000000,11895.0000
YM,2025.08.01,12:00:00,43926.000000,44037.000000,43464.000000,43794.000000,66685.0000
YM,2025.08.01,16:00:00,43792.000000,43864.000000,43543.000000,43706.000000,42802.0000
YM,2025.08.01,20:00:00,43706.000000,43735.000000,43688.000000,43705.000000,3113.0000
YM,2025.08.03,20:00:00,43686.000000,43752.000000,43638.000000,43727.000000,1434.0000
YM,2025.08.04,00:00:00,43737.000000,43865.000000,43736.000000,43859.000000,2970.0000
YM,2025.08.04,04:00:00,43861.000000,43943.000000,43792.000000,43915.000000,3999.0000
YM,2025.08.04,08:00:00,43915.000000,44020.000000,43887.000000,43888.000000,7256.0000
YM,2025.08.04,12:00:00,43903.000000,44246.000000,43887.000000,44213.000000,37318.0000
YM,2025.08.04,16:00:00,44219.000000,44315.000000,44171.000000,44298.000000,23634.0000
YM,2025.08.04,20:00:00,44314.000000,44400.000000,44305.000000,44344.000000,6348.0000
YM,2025.08.05,00:00:00,44343.000000,44432.000000,44319.000000,44352.000000,1747.0000
YM,2025.08.05,04:00:00,44351.000000,44419.000000,44312.000000,44312.000000,2497.0000
YM,2025.08.05,08:00:00,44322.000000,44405.000000,44272.000000,44349.000000,10775.0000
YM,2025.08.05,12:00:00,44351.000000,44422.000000,44047.000000,44180.000000,40378.0000
YM,2025.08.05,16:00:00,44205.000000,44370.000000,44196.000000,44226.000000,24915.0000
YM,2025.08.05,20:00:00,44240.000000,44282.000000,44196.000000,44236.000000,8585.0000
YM,2025.08.06,00:00:00,44223.000000,44356.000000,44223.000000,44354.000000,2065.0000
YM,2025.08.06,04:00:00,44352.000000,44480.000000,44348.000000,44471.000000,3481.0000
YM,2025.08.06,08:00:00,44474.000000,44474.000000,44335.000000,44378.000000,6968.0000
YM,2025.08.06,12:00:00,44390.000000,44415.000000,44127.000000,44374.000000,35552.0000
YM,2025.08.06,16:00:00,44371.000000,44400.000000,44300.000000,44308.000000,17106.0000
YM,2025.08.06,20:00:00,44319.000000,44384.000000,44249.000000,44336.000000,4986.0000
YM,2025.08.07,00:00:00,44337.000000,44378.000000,44323.000000,44356.000000,2225.0000
YM,2025.08.07,04:00:00,44353.000000,44395.000000,44301.000000,44393.000000,3770.0000
YM,2025.08.07,08:00:00,44400.000000,44598.000000,44398.000000,44516.000000,9864.0000
YM,2025.08.07,12:00:00,44515.000000,44614.000000,43950.000000,44012.000000,45803.0000
YM,2025.08.07,16:00:00,44002.000000,44088.000000,43901.000000,44083.000000,33171.0000
YM,2025.08.07,20:00:00,44082.000000,44180.000000,44078.000000,44148.000000,4470.0000
YM,2025.08.08,00:00:00,44141.000000,44218.000000,44136.000000,44177.000000,2030.0000
YM,2025.08.08,04:00:00,44175.000000,44177.000000,44083.000000,44152.000000,2452.0000
YM,2025.08.08,08:00:00,44151.000000,44217.000000,44120.000000,44212.000000,3745.0000
YM,2025.08.08,12:00:00,44199.000000,44380.000000,44122.000000,44226.000000,30965.0000
YM,2025.08.08,16:00:00,44228.000000,44345.000000,44226.000000,44278.000000,18984.0000
YM,2025.08.08,20:00:00,44283.000000,44357.000000,44280.000000,44349.000000,4334.0000
YM,2025.08.10,20:00:00,44317.000000,44365.000000,44297.000000,44308.000000,883.0000
YM,2025.08.11,00:00:00,44312.000000,44409.000000,44312.000000,44359.000000,2105.0000
YM,2025.08.11,04:00:00,44353.000000,44400.000000,44307.000000,44307.000000,2347.0000
YM,2025.08.11,08:00:00,44313.000000,44411.000000,44311.000000,44409.000000,4659.0000
YM,2025.08.11,12:00:00,44408.000000,44408.000000,44099.000000,44180.000000,31374.0000
YM,2025.08.11,16:00:00,44182.000000,44283.000000,44010.000000,44058.000000,25399.0000
YM,2025.08.11,20:00:00,44094.000000,44094.000000,44033.000000,44068.000000,4473.0000
YM,2025.08.12,00:00:00,44065.000000,44136.000000,44062.000000,44128.000000,6423.0000
YM,2025.08.12,04:00:00,44125.000000,44178.000000,44062.000000,44166.000000,5909.0000
YM,2025.08.12,08:00:00,44166.000000,44168.000000,44043.000000,44086.000000,4109.0000
YM,2025.08.12,12:00:00,44093.000000,44578.000000,44080.000000,44533.000000,51127.0000
YM,2025.08.12,16:00:00,44535.000000,44601.000000,44510.000000,44545.000000,18497.0000
YM,2025.08.12,20:00:00,44556.000000,44580.000000,44535.000000,44576.000000,5449.0000
YM,2025.08.13,00:00:00,44576.000000,44576.000000,44505.000000,44551.000000,1775.0000
YM,2025.08.13,04:00:00,44550.000000,44614.000000,44516.000000,44604.000000,2393.0000
YM,2025.08.13,08:00:00,44601.000000,44711.000000,44600.000000,44684.000000,5320.0000
YM,2025.08.13,12:00:00,44690.000000,44986.000000,44674.000000,44844.000000,41477.0000
YM,2025.08.13,16:00:00,44846.000000,45052.000000,44815.000000,45036.000000,23415.0000
YM,2025.08.13,20:00:00,45041.000000,45070.000000,44980.000000,45029.000000,6178.0000
YM,2025.08.14,00:00:00,45023.000000,45039.000000,45002.000000,45016.000000,1405.0000
YM,2025.08.14,04:00:00,45023.000000,45039.000000,44963.000000,45014.000000,2282.0000
YM,2025.08.14,08:00:00,45028.000000,45062.000000,44991.000000,45046.000000,4761.0000
YM,2025.08.14,12:00:00,45045.000000,45045.000000,44798.000000,44864.000000,40773.0000
YM,2025.08.14,16:00:00,44865.000000,45034.000000,44770.000000,44988.000000,25488.0000
YM,2025.08.14,20:00:00,44988.000000,45181.000000,44961.000000,45153.000000,11015.0000
YM,2025.08.15,00:00:00,45155.000000,45320.000000,45138.000000,45284.000000,6656.0000
YM,2025.08.15,04:00:00,45288.000000,45371.000000,45283.000000,45350.000000,5552.0000
YM,2025.08.15,08:00:00,45345.000000,45355.000000,45245.000000,45267.000000,6719.0000
YM,2025.08.15,12:00:00,45263.000000,45296.000000,44987.000000,45080.000000,40688.0000
YM,2025.08.15,16:00:00,45076.000000,45170.000000,45028.000000,45033.000000,22128.0000
YM,2025.08.15,20:00:00,45042.000000,45043.000000,44991.000000,45040.000000,3874.0000
YM,2025.08.17,20:00:00,45022.000000,45108.000000,45017.000000,45087.000000,766.0000
YM,2025.08.18,00:00:00,45095.000000,45115.000000,45088.000000,45102.000000,1216.0000
YM,2025.08.18,04:00:00,45099.000000,45101.000000,44903.000000,44954.000000,4366.0000
YM,2025.08.18,08:00:00,44954.000000,45028.000000,44904.000000,45018.000000,6460.0000
YM,2025.08.18,12:00:00,45006.000000,45066.000000,44950.000000,45000.000000,28234.0000
YM,2025.08.18,16:00:00,44998.000000,45056.000000,44938.000000,44993.000000,16235.0000
YM,2025.08.18,20:00:00,44987.000000,45046.000000,44971.000000,45015.000000,3606.0000
YM,2025.08.19,00:00:00,44996.000000,45000.000000,44931.000000,44950.000000,1826.0000
YM,2025.08.19,04:00:00,44944.000000,44948.000000,44907.000000,44932.000000,2155.0000
YM,2025.08.19,08:00:00,44934.000000,45050.000000,44919.000000,45050.000000,7471.0000
YM,2025.08.19,12:00:00,45048.000000,45288.000000,44965.000000,44979.000000,39077.0000
YM,2025.08.19,16:00:00,44978.000000,45019.000000,44896.000000,44982.000000,21324.0000
YM,2025.08.19,20:00:00,45002.000000,45038.000000,44991.000000,45000.000000,5733.0000
YM,2025.08.20,00:00:00,45003.000000,45006.000000,44858.000000,44866.000000,5715.0000
YM,2025.08.20,04:00:00,44868.000000,44944.000000,44868.000000,44919.000000,3318.0000
YM,2025.08.20,08:00:00,44922.000000,44982.000000,44869.000000,44979.000000,6547.0000
YM,2025.08.20,12:00:00,44979.000000,45113.000000,44836.000000,44910.000000,46891.0000
YM,2025.08.20,16:00:00,44929.000000,45090.000000,44886.000000,45013.000000,26838.0000
YM,2025.08.20,20:00:00,44991.000000,45026.000000,44948.000000,44968.000000,1186.0000
YM,2025.08.21,00:00:00,44964.000000,45020.000000,44922.000000,44990.000000,1843.0000
YM,2025.08.21,04:00:00,44986.000000,45002.000000,44932.000000,44942.000000,2818.0000
YM,2025.08.21,08:00:00,44941.000000,44965.000000,44796.000000,44847.000000,9569.0000
YM,2025.08.21,12:00:00,44828.000000,44967.000000,44644.000000,44815.000000,39571.0000
YM,2025.08.21,16:00:00,44813.000000,44906.000000,44749.000000,44850.000000,20367.0000
YM,2025.08.21,20:00:00,44852.000000,44929.000000,44850.000000,44926.000000,934.0000
YM,2025.08.22,00:00:00,44919.000000,44933.000000,44853.000000,44869.000000,2122.0000
YM,2025.08.22,04:00:00,44865.000000,44917.000000,44755.000000,44914.000000,3506.0000
YM,2025.08.22,08:00:00,44913.000000,45017.000000,44907.000000,44977.000000,5440.0000
YM,2025.08.22,12:00:00,44978.000000,45816.000000,44976.000000,45789.000000,70951.0000
YM,2025.08.22,16:00:00,45776.000000,45840.000000,45674.000000,45685.000000,30402.0000
YM,2025.08.22,20:00:00,45719.000000,45752.000000,45715.000000,45715.000000,5310.0000
YM,2025.08.24,20:00:00,45722.000000,45736.000000,45698.000000,45715.000000,1061.0000
YM,2025.08.25,00:00:00,45718.000000,45732.000000,45631.000000,45664.000000,2449.0000
YM,2025.08.25,04:00:00,45664.000000,45707.000000,45643.000000,45652.000000,3258.0000
YM,2025.08.25,08:00:00,45652.000000,45654.000000,45598.000000,45611.000000,4907.0000
YM,2025.08.25,12:00:00,45613.000000,45659.000000,45447.000000,45477.000000,34346.0000
YM,2025.08.25,16:00:00,45471.000000,45497.000000,45339.000000,45347.000000,22046.0000
YM,2025.08.25,20:00:00,45346.000000,45416.000000,45341.000000,45394.000000,3149.0000
YM,2025.08.26,00:00:00,45403.000000,45421.000000,45223.000000,45291.000000,5995.0000
YM,2025.08.26,04:00:00,45296.000000,45345.000000,45184.000000,45253.000000,4534.0000
YM,2025.08.26,08:00:00,45251.000000,45311.000000,45232.000000,45302.000000,4402.0000
YM,2025.08.26,12:00:00,45298.000000,45390.000000,45266.000000,45350.000000,23974.0000
YM,2025.08.26,16:00:00,45339.000000,45501.000000,45321.000000,45501.000000,20866.0000
YM,2025.08.26,20:00:00,45475.000000,45529.000000,45474.000000,45506.000000,6019.0000
YM,2025.08.27,00:00:00,45506.000000,45534.000000,45492.000000,45532.000000,1262.0000
YM,2025.08.27,04:00:00,45532.000000,45534.000000,45464.000000,45500.000000,5166.0000
YM,2025.08.27,08:00:00,45524.000000,45533.000000,45468.000000,45503.000000,4148.0000
YM,2025.08.27,12:00:00,45503.000000,45627.000000,45452.000000,45586.000000,29037.0000
YM,2025.08.27,16:00:00,45587.000000,45693.000000,45548.000000,45668.000000,17432.0000
YM,2025.08.27,20:00:00,45638.000000,45667.000000,45540.000000,45617.000000,9190.0000
YM,2025.08.28,00:00:00,45602.000000,45734.000000,45591.000000,45721.000000,1920.0000
YM,2025.08.28,04:00:00,45726.000000,45796.000000,45687.000000,45796.000000,3378.0000
YM,2025.08.28,08:00:00,45791.000000,45791.000000,45676.000000,45706.000000,4416.0000
YM,2025.08.28,12:00:00,45707.000000,45724.000000,45504.000000,45616.000000,32431.0000
YM,2025.08.28,16:00:00,45619.000000,45744.000000,45612.000000,45704.000000,22296.0000
YM,2025.08.28,20:00:00,45705.000000,45729.000000,45625.000000,45654.000000,4309.0000
YM,2025.08.29,00:00:00,45652.000000,45680.000000,45632.000000,45639.000000,1242.0000
YM,2025.08.29,04:00:00,45640.000000,45646.000000,45584.000000,45586.000000,2508.0000
YM,2025.08.29,08:00:00,45586.000000,45593.000000,45521.000000,45558.000000,4754.0000
YM,2025.08.29,12:00:00,45556.000000,45687.000000,45424.000000,45495.000000,38350.0000
YM,2025.08.29,16:00:00,45493.000000,45642.000000,45492.000000,45613.000000,20282.0000
YM,2025.08.29,20:00:00,45613.000000,45639.000000,45606.000000,45633.000000,2156.0000
YM,2025.09.02,04:00:00,45596.000000,45606.000000,45295.000000,45313.000000,20236.0000
YM,2025.09.02,08:00:00,45312.000000,45444.000000,45301.000000,45339.000000,8826.0000
YM,2025.09.02,12:00:00,45337.000000,45346.000000,45001.000000,45060.000000,55693.0000
YM,2025.09.02,16:00:00,45056.000000,45366.000000,45040.000000,45355.000000,27162.0000
YM,2025.09.02,20:00:00,45354.000000,45395.000000,45261.000000,45266.000000,8453.0000
YM,2025.09.03,00:00:00,45265.000000,45270.000000,45190.000000,45210.000000,2143.0000
YM,2025.09.03,04:00:00,45209.000000,45296.000000,45163.000000,45283.000000,4431.0000
YM,2025.09.03,08:00:00,45285.000000,45376.000000,45283.000000,45315.000000,5353.0000
YM,2025.09.03,12:00:00,45319.000000,45364.000000,45130.000000,45192.000000,35771.0000
YM,2025.09.03,16:00:00,45190.000000,45291.000000,45036.000000,45274.000000,24491.0000
YM,2025.09.03,20:00:00,45316.000000,45322.000000,45223.000000,45238.000000,8310.0000
YM,2025.09.04,00:00:00,45231.000000,45322.000000,45227.000000,45266.000000,1606.0000
YM,2025.09.04,04:00:00,45283.000000,45329.000000,45259.000000,45305.000000,2728.0000
YM,2025.09.04,08:00:00,45303.000000,45349.000000,45266.000000,45277.000000,4824.0000
YM,2025.09.04,12:00:00,45280.000000,45563.000000,45238.000000,45547.000000,34588.0000
YM,2025.09.04,16:00:00,45541.000000,45705.000000,45516.000000,45685.000000,26864.0000
YM,2025.09.04,20:00:00,45686.000000,45713.000000,45676.000000,45689.000000,4172.0000
YM,2025.09.05,00:00:00,45689.000000,45714.000000,45683.000000,45699.000000,1225.0000
YM,2025.09.05,04:00:00,45700.000000,45760.000000,45677.000000,45711.000000,3010.0000
YM,2025.09.05,08:00:00,45703.000000,45712.000000,45612.000000,45612.000000,3635.0000
YM,2025.09.05,12:00:00,45611.000000,45809.000000,45259.000000,45399.000000,60093.0000
YM,2025.09.05,16:00:00,45402.000000,45517.000000,45332.000000,45465.000000,26503.0000
YM,2025.09.05,20:00:00,45466.000000,45469.000000,45433.000000,45459.000000,1955.0000
YM,2025.09.07,20:00:00,45456.000000,45558.000000,45407.000000,45545.000000,1658.0000
YM,2025.09.08,00:00:00,45537.000000,45556.000000,45467.000000,45505.000000,1820.0000
YM,2025.09.08,04:00:00,45506.000000,45575.000000,45470.000000,45531.000000,2340.0000
YM,2025.09.08,08:00:00,45528.000000,45554.000000,45509.000000,45516.000000,4362.0000
YM,2025.09.08,12:00:00,45507.000000,45567.000000,45329.000000,45498.000000,35217.0000
YM,2025.09.08,16:00:00,45489.000000,45586.000000,45369.000000,45576.000000,24134.0000
YM,2025.09.08,20:00:00,45576.000000,45636.000000,45560.000000,45616.000000,3222.0000
YM,2025.09.09,00:00:00,45608.000000,45630.000000,45563.000000,45617.000000,1312.0000
YM,2025.09.09,04:00:00,45619.000000,45665.000000,45579.000000,45600.000000,2816.0000
YM,2025.09.09,08:00:00,45597.000000,45632.000000,45546.000000,45625.000000,4815.0000
YM,2025.09.09,12:00:00,45625.000000,45735.000000,45489.000000,45609.000000,44612.0000
YM,2025.09.09,16:00:00,45591.000000,45806.000000,45584.000000,45753.000000,25786.0000
YM,2025.09.09,20:00:00,45755.000000,45759.000000,45645.000000,45652.000000,5830.0000
YM,2025.09.10,00:00:00,45654.000000,45720.000000,45654.000000,45714.000000,1214.0000
YM,2025.09.10,04:00:00,45712.000000,45744.000000,45679.000000,45739.000000,2524.0000
YM,2025.09.10,08:00:00,45727.000000,45745.000000,45624.000000,45689.000000,6378.0000
YM,2025.09.10,12:00:00,45679.000000,45791.000000,45421.000000,45540.000000,46581.0000
YM,2025.09.10,16:00:00,45555.000000,45591.000000,45435.000000,45552.000000,26868.0000
YM,2025.09.10,20:00:00,45534.000000,45588.000000,45503.000000,45559.000000,4768.0000
YM,2025.09.11,00:00:00,45568.000000,45587.000000,45544.000000,45571.000000,1576.0000
YM,2025.09.11,04:00:00,45568.000000,45594.000000,45519.000000,45585.000000,2419.0000
YM,2025.09.11,08:00:00,45583.000000,45638.000000,45560.000000,45611.000000,3390.0000
YM,2025.09.11,12:00:00,45609.000000,46128.000000,45554.000000,46079.000000,54426.0000
YM,2025.09.11,16:00:00,46103.000000,46175.000000,46079.000000,46157.000000,27364.0000
YM,2025.09.11,20:00:00,46127.000000,46165.000000,46127.000000,46145.000000,5467.0000
YM,2025.09.12,00:00:00,46144.000000,46159.000000,46110.000000,46150.000000,1594.0000
YM,2025.09.12,04:00:00,46155.000000,46157.000000,46061.000000,46063.000000,3508.0000
YM,2025.09.12,08:00:00,46067.000000,46070.000000,46011.000000,46039.000000,5096.0000
YM,2025.09.12,12:00:00,46029.000000,46090.000000,45907.000000,45935.000000,40008.0000
YM,2025.09.12,16:00:00,45937.000000,45986.000000,45832.000000,45886.000000,34365.0000
YM,2025.09.12,20:00:00,45852.000000,45873.000000,45844.000000,45852.000000,4555.0000
YM,2025.09.14,20:00:00,45901.000000,45901.000000,45849.000000,45860.000000,382.0000
YM,2025.09.15,00:00:00,45867.000000,45897.000000,45833.000000,45880.000000,937.0000
YM,2025.09.15,04:00:00,45880.000000,45940.000000,45880.000000,45939.000000,936.0000
YM,2025.09.15,08:00:00,45938.000000,45970.000000,45864.000000,45939.000000,3754.0000
YM,2025.09.15,12:00:00,45938.000000,46008.000000,45798.000000,45848.000000,38771.0000
YM,2025.09.15,16:00:00,45837.000000,45930.000000,45821.000000,45922.000000,23685.0000
YM,2025.09.15,20:00:00,45921.000000,45923.000000,45879.000000,45882.000000,1041.0000
YM,2025.09.16,00:00:00,45896.000000,45956.000000,45893.000000,45948.000000,1022.0000
YM,2025.09.16,04:00:00,45948.000000,45968.000000,45917.000000,45917.000000,1766.0000
YM,2025.09.16,08:00:00,45941.000000,45949.000000,45900.000000,45913.000000,3212.0000
YM,2025.09.16,12:00:00,45909.000000,45988.000000,45681.000000,45779.000000,24963.0000
YM,2025.09.16,16:00:00,45785.000000,46165.000000,45742.000000,46127.000000,58686.0000
YM,2025.09.16,20:00:00,46128.000000,46169.000000,45803.000000,46161.000000,954.0000
YM,2025.09.17,00:00:00,46154.000000,46169.000000,46074.000000,46086.000000,2641.0000
YM,2025.09.17,04:00:00,46091.000000,46127.000000,46076.000000,46114.000000,2871.0000
YM,2025.09.17,08:00:00,46121.000000,46149.000000,46074.000000,46142.000000,6041.0000
YM,2025.09.17,12:00:00,46136.000000,46464.000000,45827.000000,46461.000000,33560.0000
YM,2025.09.17,16:00:00,46460.000000,46617.000000,46038.000000,46354.000000,67100.0000
YM,2025.09.17,20:00:00,46378.000000,46511.000000,46357.000000,46496.000000,4626.0000
YM,2025.09.18,00:00:00,46491.000000,46525.000000,46447.000000,46501.000000,2377.0000
YM,2025.09.18,04:00:00,46497.000000,46598.000000,46464.000000,46592.000000,3846.0000
YM,2025.09.18,08:00:00,46598.000000,46719.000000,46566.000000,46615.000000,10525.0000
YM,2025.09.18,12:00:00,46621.000000,46673.000000,46046.000000,46457.000000,55157.0000
YM,2025.09.18,16:00:00,46455.000000,46642.000000,46450.000000,46510.000000,27734.0000
YM,2025.09.18,20:00:00,46509.000000,46608.000000,46502.000000,46586.000000,2995.0000
YM,2025.09.19,00:00:00,46586.000000,46606.000000,46522.000000,46559.000000,2006.0000
YM,2025.09.19,04:00:00,46561.000000,46562.000000,46398.000000,46484.000000,4575.0000
YM,2025.09.19,08:00:00,46474.000000,46537.000000,46474.000000,46534.000000,4661.0000
YM,2025.09.19,12:00:00,46532.000000,46686.000000,46322.000000,46507.000000,37117.0000
YM,2025.09.19,16:00:00,46519.000000,46738.000000,46519.000000,46674.000000,22190.0000
YM,2025.09.19,20:00:00,46648.000000,46652.000000,46611.000000,46651.000000,5999.0000
YM,2025.09.21,20:00:00,46605.000000,46615.000000,46577.000000,46578.000000,791.0000
YM,2025.09.22,00:00:00,46586.000000,46606.000000,46547.000000,46606.000000,2283.0000
YM,2025.09.22,04:00:00,46600.000000,46607.000000,46461.000000,46508.000000,3582.0000
YM,2025.09.22,08:00:00,46507.000000,46553.000000,46466.000000,46490.000000,4944.0000
YM,2025.09.22,12:00:00,46492.000000,46720.000000,46371.000000,46668.000000,32317.0000
YM,2025.09.22,16:00:00,46675.000000,46781.000000,46647.000000,46761.000000,19129.0000
YM,2025.09.22,20:00:00,46718.000000,46735.000000,46683.000000,46720.000000,1410.0000
YM,2025.09.23,00:00:00,46720.000000,46752.000000,46708.000000,46728.000000,1864.0000
YM,2025.09.23,04:00:00,46724.000000,46759.000000,46697.000000,46730.000000,2852.0000
YM,2025.09.23,08:00:00,46727.000000,46795.000000,46710.000000,46771.000000,4872.0000
YM,2025.09.23,12:00:00,46772.000000,47055.000000,46747.000000,46750.000000,45636.0000
YM,2025.09.23,16:00:00,46750.000000,46796.000000,46545.000000,46638.000000,42679.0000
YM,2025.09.23,20:00:00,46640.000000,46679.000000,46636.000000,46656.000000,2282.0000
YM,2025.09.24,00:00:00,46654.000000,46681.000000,46618.000000,46678.000000,3404.0000
YM,2025.09.24,04:00:00,46684.000000,46729.000000,46622.000000,46691.000000,4771.0000
YM,2025.09.24,08:00:00,46692.000000,46692.000000,46614.000000,46666.000000,3958.0000
YM,2025.09.24,12:00:00,46663.000000,46789.000000,46452.000000,46471.000000,38603.0000
YM,2025.09.24,16:00:00,46470.000000,46548.000000,46415.000000,46438.000000,30497.0000
YM,2025.09.24,20:00:00,46437.000000,46500.000000,46436.000000,46486.000000,2726.0000
YM,2025.09.25,00:00:00,46489.000000,46533.000000,46484.000000,46532.000000,1804.0000
YM,2025.09.25,04:00:00,46532.000000,46540.000000,46384.000000,46452.000000,3839.0000
YM,2025.09.25,08:00:00,46453.000000,46493.000000,46352.000000,46363.000000,6788.0000
YM,2025.09.25,12:00:00,46363.000000,46444.000000,46199.000000,46367.000000,44825.0000
YM,2025.09.25,16:00:00,46367.000000,46388.000000,46098.000000,46272.000000,29956.0000
YM,2025.09.25,20:00:00,46273.000000,46318.000000,46245.000000,46265.000000,3079.0000
YM,2025.09.26,00:00:00,46262.000000,46318.000000,46244.000000,46276.000000,2526.0000
YM,2025.09.26,04:00:00,46274.000000,46382.000000,46234.000000,46367.000000,4163.0000
YM,2025.09.26,08:00:00,46364.000000,46391.000000,46299.000000,46335.000000,6356.0000
YM,2025.09.26,12:00:00,46334.000000,46668.000000,46328.000000,46407.000000,42757.0000
YM,2025.09.26,16:00:00,46411.000000,46648.000000,46398.000000,46549.000000,24696.0000
YM,2025.09.26,20:00:00,46549.000000,46606.000000,46547.000000,46555.000000,2341.0000
YM,2025.09.28,20:00:00,46589.000000,46622.000000,46570.000000,46609.000000,454.0000
YM,2025.09.29,00:00:00,46608.000000,46684.000000,46594.000000,46672.000000,2383.0000
YM,2025.09.29,04:00:00,46671.000000,46744.000000,46658.000000,46716.000000,2914.0000
YM,2025.09.29,08:00:00,46717.000000,46787.000000,46687.000000,46722.000000,4644.0000
YM,2025.09.29,12:00:00,46723.000000,46769.000000,46442.000000,46484.000000,33762.0000
YM,2025.09.29,16:00:00,46484.000000,46640.000000,46448.000000,46618.000000,22733.0000
YM,2025.09.29,20:00:00,46617.000000,46634.000000,46569.000000,46604.000000,3457.0000
YM,2025.09.30,00:00:00,46604.000000,46631.000000,46572.000000,46606.000000,2149.0000
YM,2025.09.30,04:00:00,46605.000000,46610.000000,46481.000000,46534.000000,3077.0000
YM,2025.09.30,08:00:00,46535.000000,46537.000000,46456.000000,46514.000000,3998.0000
YM,2025.09.30,12:00:00,46512.000000,46673.000000,46386.000000,46488.000000,36893.0000
YM,2025.09.30,16:00:00,46490.000000,46717.000000,46425.000000,46684.000000,31571.0000
YM,2025.09.30,20:00:00,46684.000000,46693.000000,46585.000000,46627.000000,5833.0000
YM,2025.10.01,00:00:00,46628.000000,46636.000000,46484.000000,46499.000000,3042.0000
YM,2025.10.01,04:00:00,46496.000000,46518.000000,46335.000000,46382.000000,6768.0000
YM,2025.10.01,08:00:00,46383.000000,46559.000000,46357.000000,46556.000000,7566.0000
YM,2025.10.01,12:00:00,46554.000000,46817.000000,46489.000000,46751.000000,39941.0000
YM,2025.10.01,16:00:00,46753.000000,46797.000000,46617.000000,46743.000000,21793.0000
YM,2025.10.01,20:00:00,46706.000000,46725.000000,46684.000000,46712.000000,6140.0000
YM,2025.10.02,00:00:00,46706.000000,46767.000000,46686.000000,46709.000000,2388.0000
YM,2025.10.02,04:00:00,46713.000000,46745.000000,46683.000000,46696.000000,3609.0000
YM,2025.10.02,08:00:00,46698.000000,46730.000000,46668.000000,46686.000000,6033.0000
YM,2025.10.02,12:00:00,46691.000000,46843.000000,46554.000000,46666.000000,41957.0000
YM,2025.10.02,16:00:00,46664.000000,46872.000000,46627.000000,46799.000000,20908.0000
YM,2025.10.02,20:00:00,46813.000000,46817.000000,46762.000000,46809.000000,3932.0000
YM,2025.10.03,00:00:00,46809.000000,46892.000000,46792.000000,46889.000000,1989.0000
YM,2025.10.03,04:00:00,46887.000000,46919.000000,46869.000000,46918.000000,2728.0000
YM,2025.10.03,08:00:00,46926.000000,46951.000000,46862.000000,46879.000000,4089.0000
YM,2025.10.03,12:00:00,46889.000000,47265.000000,46825.000000,47248.000000,47079.0000
YM,2025.10.03,16:00:00,47249.000000,47323.000000,47017.000000,47028.000000,36420.0000
YM,2025.10.03,20:00:00,47037.000000,47044.000000,47014.000000,47031.000000,4925.0000
YM,2025.10.05,20:00:00,47080.000000,47150.000000,47067.000000,47123.000000,1428.0000
YM,2025.10.06,00:00:00,47126.000000,47134.000000,47066.000000,47134.000000,2679.0000
YM,2025.10.06,04:00:00,47106.000000,47162.000000,47048.000000,47084.000000,4575.0000
YM,2025.10.06,08:00:00,47083.000000,47149.000000,47078.000000,47148.000000,6785.0000
YM,2025.10.06,12:00:00,47145.000000,47149.000000,46699.000000,46934.000000,50589.0000
YM,2025.10.06,16:00:00,46940.000000,47006.000000,46869.000000,46976.000000,21698.0000
YM,2025.10.06,20:00:00,46944.000000,46970.000000,46944.000000,46970.000000,3888.0000
YM,2025.10.07,08:00:00,46851.000000,47002.000000,46821.000000,46972.000000,8019.0000
YM,2025.10.07,12:00:00,46974.000000,47123.000000,46766.000000,46770.000000,45982.0000
YM,2025.10.07,16:00:00,46772.000000,46864.000000,46706.000000,46858.000000,28859.0000
YM,2025.10.07,20:00:00,46858.000000,46900.000000,46833.000000,46843.000000,3350.0000
YM,2025.10.08,00:00:00,46842.000000,46913.000000,46824.000000,46906.000000,2143.0000
YM,2025.10.08,04:00:00,46907.000000,46940.000000,46850.000000,46935.000000,3722.0000
YM,2025.10.08,08:00:00,46931.000000,46985.000000,46886.000000,46975.000000,5350.0000
YM,2025.10.08,12:00:00,46973.000000,47080.000000,46753.000000,47054.000000,37568.0000
YM,2025.10.08,16:00:00,47047.000000,47064.000000,46851.000000,46873.000000,19500.0000
YM,2025.10.08,20:00:00,46868.000000,46928.000000,46861.000000,46898.000000,4697.0000
YM,2025.10.09,00:00:00,46893.000000,46908.000000,46795.000000,46816.000000,3575.0000
YM,2025.10.09,04:00:00,46813.000000,46893.000000,46811.000000,46868.000000,2782.0000
YM,2025.10.09,08:00:00,46855.000000,46902.000000,46853.000000,46873.000000,5014.0000
YM,2025.10.09,12:00:00,46862.000000,46930.000000,46616.000000,46704.000000,45053.0000
YM,2025.10.09,16:00:00,46697.000000,46715.000000,46510.000000,46601.000000,29401.0000
YM,2025.10.09,20:00:00,46602.000000,46651.000000,46578.000000,46649.000000,3209.0000
YM,2025.10.10,00:00:00,46658.000000,46672.000000,46628.000000,46647.000000,1904.0000
YM,2025.10.10,04:00:00,46647.000000,46680.000000,46594.000000,46652.000000,4020.0000
YM,2025.10.10,08:00:00,46653.000000,46664.000000,46592.000000,46656.000000,5297.0000
YM,2025.10.10,12:00:00,46662.000000,46864.000000,45994.000000,46096.000000,77208.0000
YM,2025.10.10,16:00:00,46092.000000,46176.000000,45693.000000,45715.000000,53324.0000
YM,2025.10.10,20:00:00,45723.000000,45780.000000,45439.000000,45706.000000,12621.0000
YM,2025.10.12,20:00:00,46045.000000,46125.000000,45979.000000,46061.000000,5992.0000
YM,2025.10.13,00:00:00,46059.000000,46134.000000,46000.000000,46084.000000,7840.0000
YM,2025.10.13,04:00:00,46085.000000,46257.000000,46076.000000,46208.000000,7220.0000
YM,2025.10.13,08:00:00,46207.000000,46256.000000,46015.000000,46058.000000,12540.0000
YM,2025.10.13,12:00:00,46042.000000,46347.000000,46009.000000,46287.000000,52829.0000
YM,2025.10.13,16:00:00,46285.000000,46381.000000,46194.000000,46305.000000,27960.0000
YM,2025.10.13,20:00:00,46293.000000,46343.000000,46272.000000,46307.000000,5025.0000
YM,2025.10.14,00:00:00,46328.000000,46467.000000,46298.000000,46323.000000,6580.0000
YM,2025.10.14,04:00:00,46323.000000,46324.000000,45920.000000,46040.000000,15556.0000
YM,2025.10.14,08:00:00,46047.000000,46129.000000,45907.000000,46011.000000,26127.0000
YM,2025.10.14,12:00:00,46027.000000,46475.000000,45663.000000,46474.000000,67385.0000
YM,2025.10.14,16:00:00,46466.000000,46730.000000,46395.000000,46506.000000,42371.0000
YM,2025.10.14,20:00:00,46496.000000,46565.000000,46422.000000,46532.000000,5899.0000
YM,2025.10.15,00:00:00,46512.000000,46595.000000,46484.000000,46553.000000,2957.0000
YM,2025.10.15,04:00:00,46565.000000,46653.000000,46557.000000,46628.000000,4332.0000
YM,2025.10.15,08:00:00,46635.000000,46733.000000,46619.000000,46724.000000,6485.0000
YM,2025.10.15,12:00:00,46719.000000,46914.000000,46517.000000,46587.000000,48376.0000
YM,2025.10.15,16:00:00,46593.000000,46627.000000,46244.000000,46481.000000,42216.0000
YM,2025.10.15,20:00:00,46501.000000,46579.000000,46454.000000,46525.000000,6893.0000
YM,2025.10.16,00:00:00,46517.000000,46537.000000,46465.000000,46477.000000,3442.0000
YM,2025.10.16,04:00:00,46472.000000,46613.000000,46467.000000,46593.000000,6057.0000
YM,2025.10.16,08:00:00,46583.000000,46681.000000,46554.000000,46591.000000,9183.0000
YM,2025.10.16,12:00:00,46585.000000,46635.000000,46380.000000,46430.000000,53632.0000
YM,2025.10.16,16:00:00,46417.000000,46457.000000,46004.000000,46166.000000,65309.0000
YM,2025.10.16,20:00:00,46165.000000,46168.000000,46027.000000,46093.000000,5471.0000
YM,2025.10.17,00:00:00,46092.000000,46115.000000,46001.000000,46039.000000,5774.0000
YM,2025.10.17,04:00:00,46044.000000,46051.000000,45616.000000,45717.000000,14102.0000
YM,2025.10.17,08:00:00,45720.000000,46156.000000,45652.000000,46115.000000,25121.0000
YM,2025.10.17,12:00:00,46124.000000,46411.000000,46099.000000,46338.000000,67505.0000
YM,2025.10.17,16:00:00,46326.000000,46518.000000,46205.000000,46395.000000,29170.0000
YM,2025.10.17,20:00:00,46392.000000,46440.000000,46376.000000,46381.000000,4408.0000
YM,2025.10.19,20:00:00,46493.000000,46511.000000,46370.000000,46388.000000,907.0000
YM,2025.10.20,00:00:00,46387.000000,46485.000000,46324.000000,46482.000000,4316.0000
YM,2025.10.20,04:00:00,46483.000000,46577.000000,46481.000000,46545.000000,3448.0000
YM,2025.10.20,08:00:00,46533.000000,46535.000000,46424.000000,46486.000000,5481.0000
YM,2025.10.20,12:00:00,46482.000000,46836.000000,46458.000000,46737.000000,37009.0000
YM,2025.10.20,16:00:00,46739.000000,46962.000000,46738.000000,46910.000000,19979.0000
YM,2025.10.20,20:00:00,46910.000000,46963.000000,46887.000000,46920.000000,4173.0000
YM,2025.10.21,00:00:00,46918.000000,46959.000000,46909.000000,46921.000000,2133.0000
YM,2025.10.21,04:00:00,46918.000000,46918.000000,46821.000000,46846.000000,3888.0000
YM,2025.10.21,08:00:00,46847.000000,46944.000000,46813.000000,46932.000000,7920.0000
YM,2025.10.21,12:00:00,46934.000000,47331.000000,46874.000000,47210.000000,45914.0000
YM,2025.10.21,16:00:00,47210.000000,47271.000000,47145.000000,47166.000000,24137.0000
YM,2025.10.21,20:00:00,47135.000000,47164.000000,47115.000000,47120.000000,5489.0000
YM,2025.10.22,00:00:00,47115.000000,47143.000000,47094.000000,47139.000000,3005.0000
YM,2025.10.22,04:00:00,47148.000000,47202.000000,47134.000000,47167.000000,4092.0000
YM,2025.10.22,08:00:00,47165.000000,47165.000000,47087.000000,47098.000000,5357.0000
YM,2025.10.22,12:00:00,47092.000000,47158.000000,46928.000000,47014.000000,43216.0000
YM,2025.10.22,16:00:00,46990.000000,47005.000000,46656.000000,46780.000000,42872.0000
YM,2025.10.22,20:00:00,46780.000000,46806.000000,46668.000000,46677.000000,5653.0000
YM,2025.10.23,00:00:00,46665.000000,46780.000000,46633.000000,46742.000000,3986.0000
YM,2025.10.23,04:00:00,46744.000000,46764.000000,46693.000000,46744.000000,4003.0000
YM,2025.10.23,08:00:00,46749.000000,46756.000000,46659.000000,46685.000000,8574.0000
YM,2025.10.23,12:00:00,46679.000000,46905.000000,46648.000000,46810.000000,34077.0000
YM,2025.10.23,16:00:00,46815.000000,46988.000000,46783.000000,46909.000000,22194.0000
YM,2025.10.23,20:00:00,46915.000000,46920.000000,46866.000000,46914.000000,4141.0000
YM,2025.10.24,00:00:00,46918.000000,46975.000000,46900.000000,46970.000000,1691.0000
YM,2025.10.24,04:00:00,46971.000000,47032.000000,46956.000000,46958.000000,3126.0000
YM,2025.10.24,08:00:00,46960.000000,47017.000000,46898.000000,47004.000000,4462.0000
YM,2025.10.24,12:00:00,47006.000000,47499.000000,46985.000000,47464.000000,47220.0000
YM,2025.10.24,16:00:00,47465.000000,47508.000000,47369.000000,47393.000000,26139.0000
YM,2025.10.24,20:00:00,47400.000000,47417.000000,47383.000000,47396.000000,4213.0000
YM,2025.10.26,20:00:00,47704.000000,47717.000000,47650.000000,47662.000000,1489.0000
YM,2025.10.27,00:00:00,47658.000000,47686.000000,47604.000000,47662.000000,3719.0000
YM,2025.10.27,04:00:00,47666.000000,47736.000000,47658.000000,47709.000000,3311.0000
YM,2025.10.27,08:00:00,47700.000000,47707.000000,47595.000000,47598.000000,5191.0000
YM,2025.10.27,12:00:00,47595.000000,47700.000000,47558.000000,47636.000000,27654.0000
YM,2025.10.27,16:00:00,47637.000000,47729.000000,47559.000000,47715.000000,17320.0000
YM,2025.10.27,20:00:00,47715.000000,47768.000000,47714.000000,47724.000000,5618.0000
YM,2025.10.28,00:00:00,47718.000000,47740.000000,47702.000000,47716.000000,2330.0000
YM,2025.10.28,04:00:00,47716.000000,47725.000000,47689.000000,47697.000000,2342.0000
YM,2025.10.28,08:00:00,47700.000000,47888.000000,47690.000000,47880.000000,10073.0000
YM,2025.10.28,12:00:00,47891.000000,48089.000000,47859.000000,47880.000000,40495.0000
YM,2025.10.28,16:00:00,47887.000000,48118.000000,47860.000000,47922.000000,25293.0000
YM,2025.10.28,20:00:00,47895.000000,47916.000000,47831.000000,47857.000000,6159.0000
YM,2025.10.29,00:00:00,47858.000000,47861.000000,47813.000000,47842.000000,3394.0000
YM,2025.10.29,04:00:00,47834.000000,47879.000000,47830.000000,47871.000000,2379.0000
YM,2025.10.29,08:00:00,47869.000000,47996.000000,47740.000000,47966.000000,13499.0000
YM,2025.10.29,12:00:00,47954.000000,48203.000000,47940.000000,48096.000000,34365.0000
YM,2025.10.29,16:00:00,48096.000000,48173.000000,47629.000000,47792.000000,41264.0000
YM,2025.10.29,20:00:00,47823.000000,47862.000000,47675.000000,47762.000000,2228.0000
YM,2025.10.30,00:00:00,47762.000000,47927.000000,47755.000000,47872.000000,5908.0000
YM,2025.10.30,04:00:00,47878.000000,47892.000000,47650.000000,47784.000000,10974.0000
YM,2025.10.30,08:00:00,47786.000000,47790.000000,47599.000000,47647.000000,8728.0000
YM,2025.10.30,12:00:00,47646.000000,48180.000000,47550.000000,48012.000000,56234.0000
YM,2025.10.30,16:00:00,48010.000000,48062.000000,47655.000000,47666.000000,29855.0000
YM,2025.10.30,20:00:00,47667.000000,47815.000000,47644.000000,47736.000000,12407.0000
YM,2025.10.31,00:00:00,47738.000000,47778.000000,47657.000000,47704.000000,4859.0000
YM,2025.10.31,04:00:00,47704.000000,47739.000000,47670.000000,47734.000000,2749.0000
YM,2025.10.31,08:00:00,47733.000000,47759.000000,47622.000000,47744.000000,6363.0000
YM,2025.10.31,12:00:00,47743.000000,47817.000000,47612.000000,47652.000000,38602.0000
YM,2025.10.31,16:00:00,47651.000000,47862.000000,47488.000000,47712.000000,38053.0000
YM,2025.10.31,20:00:00,47710.000000,47735.000000,47666.000000,47722.000000,3451.0000
YM,2025.11.02,20:00:00,47807.000000,47839.000000,47792.000000,47824.000000,583.0000
YM,2025.11.03,00:00:00,47825.000000,47869.000000,47722.000000,47770.000000,3406.0000
YM,2025.11.03,04:00:00,47769.000000,47788.000000,47694.000000,47704.000000,2435.0000
YM,2025.11.03,08:00:00,47701.000000,47822.000000,47688.000000,47742.000000,4746.0000
YM,2025.11.03,12:00:00,47745.000000,47771.000000,47265.000000,47484.000000,38962.0000
YM,2025.11.03,16:00:00,47485.000000,47571.000000,47453.000000,47477.000000,18374.0000
YM,2025.11.03,20:00:00,47477.000000,47503.000000,47406.000000,47418.000000,10551.0000
YM,2025.11.04,00:00:00,47418.000000,47425.000000,47327.000000,47345.000000,4323.0000
YM,2025.11.04,04:00:00,47344.000000,47354.000000,47126.000000,47161.000000,9241.0000
YM,2025.11.04,08:00:00,47161.000000,47165.000000,46976.000000,47139.000000,11762.0000
YM,2025.11.04,12:00:00,47142.000000,47404.000000,47008.000000,47318.000000,40990.0000
YM,2025.11.04,16:00:00,47318.000000,47356.000000,47106.000000,47146.000000,27005.0000
YM,2025.11.04,20:00:00,47146.000000,47328.000000,47138.000000,47270.000000,17007.0000
YM,2025.11.05,00:00:00,47271.000000,47271.000000,47073.000000,47258.000000,13496.0000
YM,2025.11.05,04:00:00,47254.000000,47295.000000,47211.000000,47238.000000,4292.0000
YM,2025.11.05,08:00:00,47237.000000,47310.000000,47141.000000,47221.000000,7805.0000
YM,2025.11.05,12:00:00,47222.000000,47393.000000,47157.000000,47260.000000,35448.0000
YM,2025.11.05,16:00:00,47262.000000,47583.000000,47164.000000,47492.000000,24731.0000
YM,2025.11.05,20:00:00,47491.000000,47560.000000,47413.000000,47490.000000,14250.0000
YM,2025.11.06,00:00:00,47489.000000,47489.000000,47353.000000,47411.000000,4008.0000
YM,2025.11.06,04:00:00,47410.000000,47437.000000,47342.000000,47351.000000,2848.0000
YM,2025.11.06,08:00:00,47351.000000,47446.000000,47308.000000,47419.000000,3933.0000
YM,2025.11.06,12:00:00,47416.000000,47495.000000,47007.000000,47066.000000,45899.0000
YM,2025.11.06,16:00:00,47065.000000,47200.000000,46894.000000,47164.000000,40106.0000
YM,2025.11.06,20:00:00,47162.000000,47207.000000,47001.000000,47125.000000,16138.0000
YM,2025.11.07,00:00:00,47119.000000,47159.000000,46998.000000,47025.000000,5953.0000
YM,2025.11.07,04:00:00,47026.000000,47143.000000,46974.000000,47130.000000,4325.0000
YM,2025.11.07,08:00:00,47129.000000,47143.000000,46865.000000,46969.000000,8933.0000
YM,2025.11.07,12:00:00,46971.000000,46976.000000,46741.000000,46793.000000,45399.0000
YM,2025.11.07,16:00:00,46791.000000,47068.000000,46574.000000,47061.000000,41963.0000
YM,2025.11.07,20:00:00,47059.000000,47157.000000,46936.000000,47085.000000,17859.0000
YM,2025.11.09,20:00:00,47246.000000,47260.000000,47085.000000,47226.000000,652.0000
YM,2025.11.10,00:00:00,47225.000000,47228.000000,47145.000000,47145.000000,7639.0000
YM,2025.11.10,04:00:00,47145.000000,47215.000000,47143.000000,47170.000000,4913.0000
YM,2025.11.10,08:00:00,47171.000000,47303.000000,47137.000000,47293.000000,6027.0000
YM,2025.11.10,12:00:00,47293.000000,47421.000000,47091.000000,47101.000000,33201.0000
YM,2025.11.10,16:00:00,47100.000000,47504.000000,47031.000000,47468.000000,26417.0000
YM,2025.11.10,20:00:00,47466.000000,47511.000000,47432.000000,47494.000000,13177.0000
YM,2025.11.11,00:00:00,47489.000000,47519.000000,47454.000000,47498.000000,2229.0000
YM,2025.11.11,04:00:00,47495.000000,47495.000000,47437.000000,47441.000000,3499.0000
YM,2025.11.11,08:00:00,47440.000000,47481.000000,47413.000000,47480.000000,3512.0000
YM,2025.11.11,12:00:00,47480.000000,47667.000000,47457.000000,47626.000000,27325.0000
YM,2025.11.11,16:00:00,47633.000000,48050.000000,47610.000000,48034.000000,32031.0000
YM,2025.11.11,20:00:00,48034.000000,48083.000000,47994.000000,48032.000000,16038.0000
YM,2025.11.12,00:00:00,48032.000000,48094.000000,48026.000000,48056.000000,2949.0000
YM,2025.11.12,04:00:00,48055.000000,48117.000000,48038.000000,48091.000000,2350.0000
YM,2025.11.12,08:00:00,48092.000000,48133.000000,48066.000000,48079.000000,5140.0000
YM,2025.11.12,12:00:00,48078.000000,48528.000000,48070.000000,48410.000000,41972.0000
YM,2025.11.12,16:00:00,48409.000000,48478.000000,48316.000000,48376.000000,28036.0000
YM,2025.11.12,20:00:00,48374.000000,48453.000000,48292.000000,48330.000000,14164.0000
YM,2025.11.13,00:00:00,48335.000000,48482.000000,48334.000000,48450.000000,5954.0000
YM,2025.11.13,04:00:00,48448.000000,48503.000000,48439.000000,48456.000000,3026.0000
YM,2025.11.13,08:00:00,48457.000000,48471.000000,48300.000000,48340.000000,7023.0000
YM,2025.11.13,12:00:00,48340.000000,48356.000000,47994.000000,48032.000000,40217.0000
YM,2025.11.13,16:00:00,48032.000000,48046.000000,47531.000000,47603.000000,43863.0000
YM,2025.11.13,20:00:00,47603.000000,47662.000000,47500.000000,47606.000000,19822.0000
YM,2025.11.14,00:00:00,47607.000000,47644.000000,47559.000000,47580.000000,4094.0000
YM,2025.11.14,04:00:00,47583.000000,47591.000000,47440.000000,47484.000000,6189.0000
YM,2025.11.14,08:00:00,47483.000000,47547.000000,47268.000000,47307.000000,12983.0000
YM,2025.11.14,12:00:00,47307.000000,47326.000000,46939.000000,47230.000000,63203.0000
YM,2025.11.14,16:00:00,47232.000000,47460.000000,47159.000000,47385.000000,35370.0000
YM,2025.11.14,20:00:00,47383.000000,47411.000000,47191.000000,47229.000000,16811.0000
YM,2025.11.16,20:00:00,47142.000000,47237.000000,47136.000000,47218.000000,683.0000
YM,2025.11.17,00:00:00,47217.000000,47273.000000,47156.000000,47258.000000,3749.0000
YM,2025.11.17,04:00:00,47262.000000,47327.000000,47246.000000,47311.000000,2351.0000
YM,2025.11.17,08:00:00,47310.000000,47368.000000,47184.000000,47236.000000,6082.0000
YM,2025.11.17,12:00:00,47233.000000,47289.000000,47079.000000,47133.000000,31307.0000
YM,2025.11.17,16:00:00,47131.000000,47245.000000,46540.000000,46549.000000,33894.0000
YM,2025.11.17,20:00:00,46541.000000,46739.000000,46503.000000,46716.000000,18714.0000
YM,2025.11.18,00:00:00,46720.000000,46756.000000,46597.000000,46608.000000,5460.0000
YM,2025.11.18,04:00:00,46604.000000,46604.000000,46380.000000,46487.000000,7910.0000
YM,2025.11.18,08:00:00,46488.000000,46619.000000,46406.000000,46446.000000,9716.0000
YM,2025.11.18,12:00:00,46446.000000,46457.000000,46028.000000,46037.000000,49712.0000
YM,2025.11.18,16:00:00,46038.000000,46449.000000,45988.000000,46408.000000,47525.0000
YM,2025.11.18,20:00:00,46409.000000,46443.000000,46097.000000,46222.000000,19456.0000
YM,2025.11.19,00:00:00,46222.000000,46255.000000,46117.000000,46131.000000,5084.0000
YM,2025.11.19,04:00:00,46130.000000,46219.000000,46058.000000,46197.000000,3682.0000
YM,2025.11.19,08:00:00,46196.000000,46281.000000,46122.000000,46241.000000,6266.0000
YM,2025.11.19,12:00:00,46239.000000,46375.000000,46057.000000,46070.000000,35217.0000
YM,2025.11.19,16:00:00,46067.000000,46243.000000,45974.000000,46084.000000,32938.0000
YM,2025.11.19,20:00:00,46082.000000,46416.000000,46068.000000,46411.000000,16702.0000
YM,2025.11.20,00:00:00,46406.000000,46514.000000,46383.000000,46462.000000,3786.0000
YM,2025.11.20,04:00:00,46463.000000,46554.000000,46452.000000,46456.000000,3028.0000
YM,2025.11.20,08:00:00,46456.000000,46547.000000,46380.000000,46425.000000,6008.0000
YM,2025.11.20,12:00:00,46427.000000,46936.000000,46378.000000,46778.000000,41306.0000
YM,2025.11.20,16:00:00,46778.000000,46780.000000,45804.000000,46108.000000,81280.0000
YM,2025.11.20,20:00:00,46105.000000,46106.000000,45779.000000,45915.000000,20730.0000
YM,2025.11.21,00:00:00,45911.000000,46093.000000,45897.000000,46029.000000,5808.0000
YM,2025.11.21,04:00:00,46030.000000,46054.000000,45839.000000,45855.000000,4716.0000
YM,2025.11.21,08:00:00,45856.000000,46067.000000,45824.000000,45955.000000,14478.0000
YM,2025.11.21,12:00:00,45956.000000,46162.000000,45846.000000,46022.000000,57702.0000
YM,2025.11.21,16:00:00,46018.000000,46656.000000,45912.000000,46496.000000,48571.0000
YM,2025.11.21,20:00:00,46490.000000,46523.000000,46285.000000,46377.000000,16334.0000
YM,2025.11.23,20:00:00,46506.000000,46515.000000,46463.000000,46475.000000,537.0000
YM,2025.11.24,00:00:00,46472.000000,46483.000000,46377.000000,46451.000000,3414.0000
YM,2025.11.24,04:00:00,46449.000000,46487.000000,46388.000000,46467.000000,2218.0000
YM,2025.11.24,08:00:00,46465.000000,46505.000000,46223.000000,46360.000000,8830.0000
YM,2025.11.24,12:00:00,46361.000000,46598.000000,46165.000000,46563.000000,35076.0000
YM,2025.11.24,16:00:00,46560.000000,46655.000000,46472.000000,46509.000000,20645.0000
YM,2025.11.24,20:00:00,46507.000000,46585.000000,46476.000000,46500.000000,11564.0000
YM,2025.11.25,00:00:00,46499.000000,46505.000000,46425.000000,46432.000000,2205.0000
YM,2025.11.25,04:00:00,46433.000000,46509.000000,46431.000000,46480.000000,1628.0000
YM,2025.11.25,08:00:00,46479.000000,46503.000000,46416.000000,46460.000000,4479.0000
YM,2025.11.25,12:00:00,46459.000000,46928.000000,46401.000000,46823.000000,45372.0000
YM,2025.11.25,16:00:00,46822.000000,47147.000000,46794.000000,47128.000000,28014.0000
YM,2025.11.25,20:00:00,47127.000000,47250.000000,47126.000000,47217.000000,13923.0000
YM,2025.11.26,00:00:00,47218.000000,47283.000000,47197.000000,47267.000000,2492.0000
YM,2025.11.26,04:00:00,47264.000000,47326.000000,47247.000000,47303.000000,2035.0000
YM,2025.11.26,08:00:00,47301.000000,47320.000000,47212.000000,47225.000000,5466.0000
YM,2025.11.26,12:00:00,47223.000000,47484.000000,47175.000000,47481.000000,29193.0000
YM,2025.11.26,16:00:00,47483.000000,47632.000000,47469.000000,47556.000000,24171.0000
YM,2025.11.26,20:00:00,47556.000000,47594.000000,47468.000000,47480.000000,9981.0000
YM,2025.11.27,00:00:00,47481.000000,47537.000000,47475.000000,47514.000000,1937.0000
YM,2025.11.27,04:00:00,47513.000000,47518.000000,47501.000000,47512.000000,82.0000
YM,2025.11.28,12:00:00,47535.000000,47768.000000,47505.000000,47751.000000,7856.0000
YM,2025.11.28,16:00:00,47748.000000,47796.000000,47689.000000,47751.000000,7790.0000
YM,2025.11.30,20:00:00,47738.000000,47764.000000,47682.000000,47711.000000,716.0000
YM,2025.12.01,00:00:00,47712.000000,47721.000000,47522.000000,47543.000000,4082.0000
YM,2025.12.01,04:00:00,47542.000000,47542.000000,47462.000000,47505.000000,2193.0000
YM,2025.12.01,08:00:00,47506.000000,47585.000000,47477.000000,47559.000000,4175.0000
YM,2025.12.01,12:00:00,47560.000000,47722.000000,47377.000000,47539.000000,29310.0000
YM,2025.12.01,16:00:00,47539.000000,47619.000000,47380.000000,47403.000000,21432.0000
YM,2025.12.01,20:00:00,47402.000000,47460.000000,47319.000000,47330.000000,12812.0000
YM,2025.12.02,00:00:00,47330.000000,47369.000000,47280.000000,47321.000000,2357.0000
YM,2025.12.02,04:00:00,47322.000000,47340.000000,47270.000000,47315.000000,1576.0000
YM,2025.12.02,08:00:00,47314.000000,47441.000000,47269.000000,47402.000000,4382.0000
YM,2025.12.02,12:00:00,47401.000000,47625.000000,47327.000000,47617.000000,31204.0000
YM,2025.12.02,16:00:00,47620.000000,47668.000000,47374.000000,47571.000000,30791.0000
YM,2025.12.02,20:00:00,47572.000000,47658.000000,47526.000000,47595.000000,10146.0000
YM,2025.12.03,00:00:00,47598.000000,47667.000000,47541.000000,47662.000000,3643.0000
YM,2025.12.03,04:00:00,47662.000000,47672.000000,47608.000000,47632.000000,2449.0000
YM,2025.12.03,08:00:00,47631.000000,47657.000000,47596.000000,47611.000000,3260.0000
YM,2025.12.03,12:00:00,47609.000000,47774.000000,47428.000000,47724.000000,38899.0000
YM,2025.12.03,16:00:00,47722.000000,48013.000000,47709.000000,47986.000000,29469.0000
YM,2025.12.03,20:00:00,47985.000000,48081.000000,47930.000000,48007.000000,17074.0000
YM,2025.12.04,00:00:00,48007.000000,48030.000000,47976.000000,48000.000000,2059.0000
YM,2025.12.04,04:00:00,48002.000000,48034.000000,47994.000000,48021.000000,1408.0000
YM,2025.12.04,08:00:00,48021.000000,48025.000000,47955.000000,48015.000000,3270.0000
YM,2025.12.04,12:00:00,48015.000000,48132.000000,47855.000000,47944.000000,31246.0000
YM,2025.12.04,16:00:00,47943.000000,48007.000000,47756.000000,47870.000000,23988.0000
YM,2025.12.04,20:00:00,47866.000000,47929.000000,47807.000000,47893.000000,10909.0000
YM,2025.12.05,00:00:00,47891.000000,47975.000000,47882.000000,47944.000000,2902.0000
YM,2025.12.05,04:00:00,47940.000000,47966.000000,47916.000000,47940.000000,2781.0000
YM,2025.12.05,08:00:00,47939.000000,47998.000000,47895.000000,47957.000000,5231.0000
YM,2025.12.05,12:00:00,47958.000000,48184.000000,47818.000000,48056.000000,28764.0000
YM,2025.12.05,16:00:00,48054.000000,48108.000000,47914.000000,48070.000000,25229.0000
YM,2025.12.05,20:00:00,48067.000000,48069.000000,47928.000000,48001.000000,10123.0000
YM,2025.12.07,20:00:00,48009.000000,48016.000000,47990.000000,48000.000000,243.0000
YM,2025.12.08,00:00:00,47999.000000,48018.000000,47954.000000,48000.000000,1725.0000
YM,2025.12.08,04:00:00,48003.000000,48042.000000,48001.000000,48018.000000,1498.0000
YM,2025.12.08,08:00:00,48018.000000,48026.000000,47975.000000,48006.000000,3328.0000
YM,2025.12.08,12:00:00,48005.000000,48061.000000,47820.000000,47826.000000,26427.0000
YM,2025.12.08,16:00:00,47825.000000,47891.000000,47663.000000,47725.000000,27865.0000
YM,2025.12.08,20:00:00,47727.000000,47824.000000,47720.000000,47823.000000,11006.0000
YM,2025.12.09,00:00:00,47822.000000,47822.000000,47772.000000,47804.000000,2213.0000
YM,2025.12.09,04:00:00,47803.000000,47825.000000,47774.000000,47816.000000,1616.0000
YM,2025.12.09,08:00:00,47816.000000,47863.000000,47719.000000,47836.000000,5148.0000
YM,2025.12.09,12:00:00,47838.000000,48004.000000,47735.000000,47917.000000,28105.0000
YM,2025.12.09,16:00:00,47914.000000,47981.000000,47598.000000,47663.000000,30278.0000
YM,2025.12.09,20:00:00,47663.000000,47681.000000,47572.000000,47594.000000,9533.0000
YM,2025.12.10,00:00:00,47591.000000,47632.000000,47583.000000,47612.000000,3397.0000
YM,2025.12.10,04:00:00,47614.000000,47653.000000,47608.000000,47622.000000,1582.0000
YM,2025.12.10,08:00:00,47622.000000,47655.000000,47523.000000,47578.000000,4890.0000
YM,2025.12.10,12:00:00,47580.000000,47796.000000,47504.000000,47734.000000,29318.0000
YM,2025.12.10,16:00:00,47736.000000,48160.000000,47680.000000,48149.000000,40155.0000
YM,2025.12.10,20:00:00,48148.000000,48245.000000,48087.000000,48151.000000,18394.0000
YM,2025.12.11,00:00:00,48149.000000,48155.000000,47859.000000,47917.000000,5798.0000
YM,2025.12.11,04:00:00,47916.000000,47949.000000,47865.000000,47932.000000,3226.0000
YM,2025.12.11,08:00:00,47931.000000,48076.000000,47875.000000,48069.000000,5517.0000
YM,2025.12.11,12:00:00,48069.000000,48599.000000,48066.000000,48587.000000,51972.0000
YM,2025.12.11,16:00:00,48589.000000,48786.000000,48538.000000,48775.000000,34517.0000
YM,2025.12.11,20:00:00,48773.000000,48883.000000,48728.000000,48800.000000,16612.0000
YM,2025.12.12,00:00:00,48802.000000,48871.000000,48772.000000,48861.000000,2410.0000
YM,2025.12.12,04:00:00,48860.000000,48879.000000,48835.000000,48858.000000,2166.0000
YM,2025.12.12,08:00:00,48858.000000,48917.000000,48796.000000,48812.000000,5370.0000
YM,2025.12.12,12:00:00,48808.000000,48912.000000,48531.000000,48552.000000,49128.0000
YM,2025.12.12,16:00:00,48548.000000,48630.000000,48355.000000,48513.000000,49419.0000
YM,2025.12.12,20:00:00,48515.000000,48556.000000,48396.000000,48474.000000,16312.0000
YM,2025.12.14,20:00:00,48472.000000,48543.000000,48468.000000,48540.000000,293.0000
YM,2025.12.15,00:00:00,48534.000000,48625.000000,48528.000000,48610.000000,1349.0000
YM,2025.12.15,04:00:00,48606.000000,48647.000000,48589.000000,48607.000000,1460.0000
YM,2025.12.15,08:00:00,48605.000000,49114.000000,48585.000000,49101.000000,6781.0000
YM,2025.12.15,12:00:00,49102.000000,49134.000000,48345.000000,48805.000000,42605.0000
YM,2025.12.15,16:00:00,48435.000000,48893.000000,48303.000000,48477.000000,25292.0000
YM,2025.12.15,20:00:00,48846.000000,48867.000000,48424.000000,48819.000000,8386.0000
YM,2025.12.16,00:00:00,48456.000000,48836.000000,48290.000000,48716.000000,4880.0000
YM,2025.12.16,04:00:00,48713.000000,48733.000000,48277.000000,48688.000000,6730.0000
YM,2025.12.16,08:00:00,48687.000000,48814.000000,48296.000000,48807.000000,11883.0000
YM,2025.12.16,12:00:00,48809.000000,48917.000000,48134.000000,48660.000000,53656.0000
YM,2025.12.16,16:00:00,48663.000000,48676.000000,47964.000000,48424.000000,43641.0000
YM,2025.12.16,20:00:00,48422.000000,48594.000000,48065.000000,48427.000000,16936.0000
YM,2025.12.17,00:00:00,48423.000000,48476.000000,48028.000000,48441.000000,5394.0000
YM,2025.12.17,04:00:00,48440.000000,48520.000000,48059.000000,48484.000000,2983.0000
YM,2025.12.17,08:00:00,48483.000000,48596.000000,48136.000000,48581.000000,5059.0000
YM,2025.12.17,12:00:00,48230.000000,48749.000000,48007.000000,48377.000000,53995.0000
YM,2025.12.17,16:00:00,48371.000000,48453.000000,47969.000000,48327.000000,37302.0000
YM,2025.12.17,20:00:00,48323.000000,48338.000000,48207.000000,48229.000000,13974.0000
YM,2025.12.18,00:00:00,48233.000000,48279.000000,48146.000000,48176.000000,4440.0000
YM,2025.12.18,04:00:00,48182.000000,48220.000000,48169.000000,48213.000000,2652.0000
YM,2025.12.18,08:00:00,48212.000000,48380.000000,48192.000000,48369.000000,4550.0000
YM,2025.12.18,12:00:00,48367.000000,48728.000000,48293.000000,48660.000000,41335.0000
YM,2025.12.18,16:00:00,48659.000000,48725.000000,48196.000000,48284.000000,40996.0000
YM,2025.12.18,20:00:00,48283.000000,48445.000000,48206.000000,48257.000000,12844.0000
YM,2025.12.19,00:00:00,48256.000000,48268.000000,48201.000000,48235.000000,3153.0000
YM,2025.12.19,04:00:00,48237.000000,48254.000000,48127.000000,48254.000000,3041.0000
YM,2025.12.19,08:00:00,48252.000000,48384.000000,48240.000000,48304.000000,4758.0000
YM,2025.12.19,12:00:00,48311.000000,48634.000000,48261.000000,48549.000000,28510.0000
YM,2025.12.19,16:00:00,48546.000000,48624.000000,48526.000000,48549.000000,16601.0000
YM,2025.12.19,20:00:00,48547.000000,48561.000000,48426.000000,48465.000000,12541.0000
YM,2025.12.21,20:00:00,48547.000000,48567.000000,48535.000000,48558.000000,356.0000
YM,2025.12.22,00:00:00,48559.000000,48562.000000,48496.000000,48498.000000,2371.0000
YM,2025.12.22,04:00:00,48501.000000,48537.000000,48481.000000,48529.000000,1609.0000
YM,2025.12.22,08:00:00,48530.000000,48544.000000,48458.000000,48481.000000,11707.0000
YM,2025.12.22,12:00:00,48484.000000,48713.000000,48468.000000,48648.000000,29737.0000
YM,2025.12.22,16:00:00,48650.000000,48787.000000,48645.000000,48719.000000,16548.0000
YM,2025.12.22,20:00:00,48718.000000,48738.000000,48669.000000,48684.000000,8213.0000
YM,2025.12.23,00:00:00,48682.000000,48712.000000,48673.000000,48676.000000,1200.0000
YM,2025.12.23,04:00:00,48676.000000,48677.000000,48637.000000,48661.000000,1476.0000
YM,2025.12.23,08:00:00,48661.000000,48728.000000,48657.000000,48672.000000,2781.0000
YM,2025.12.23,12:00:00,48671.000000,48793.000000,48532.000000,48764.000000,23725.0000
YM,2025.12.23,16:00:00,48765.000000,48854.000000,48730.000000,48763.000000,12274.0000
YM,2025.12.23,20:00:00,48763.000000,48790.000000,48724.000000,48733.000000,7144.0000
YM,2025.12.24,00:00:00,48733.000000,48751.000000,48717.000000,48732.000000,1125.0000
YM,2025.12.24,04:00:00,48731.000000,48738.000000,48723.000000,48727.000000,188.0000
YM,2025.12.24,12:00:00,48753.000000,48956.000000,48681.000000,48949.000000,11851.0000
YM,2025.12.24,16:00:00,48948.000000,49084.000000,48944.000000,49022.000000,8233.0000
YM,2025.12.26,04:00:00,49031.000000,49034.000000,48970.000000,48972.000000,933.0000
YM,2025.12.26,08:00:00,48971.000000,48995.000000,48917.000000,48933.000000,1564.0000
YM,2025.12.26,12:00:00,48934.000000,49069.000000,48934.000000,48989.000000,14630.0000
YM,2025.12.26,16:00:00,48988.000000,49001.000000,48872.000000,48927.000000,9614.0000
YM,2025.12.26,20:00:00,48926.000000,49021.000000,48925.000000,48998.000000,5714.0000
YM,2025.12.28,20:00:00,49025.000000,49035.000000,49004.000000,49021.000000,348.0000
YM,2025.12.29,00:00:00,49018.000000,49052.000000,49000.000000,49016.000000,1736.0000
YM,2025.12.29,04:00:00,49018.000000,49023.000000,48977.000000,49004.000000,1562.0000
YM,2025.12.29,08:00:00,49004.000000,49024.000000,48947.000000,49004.000000,2570.0000
YM,2025.12.29,12:00:00,49001.000000,49002.000000,48731.000000,48762.000000,22025.0000
YM,2025.12.29,16:00:00,48762.000000,48812.000000,48665.000000,48808.000000,14312.0000
YM,2025.12.29,20:00:00,48810.000000,48842.000000,48725.000000,48744.000000,7339.0000
YM,2025.12.30,00:00:00,48745.000000,48767.000000,48732.000000,48747.000000,888.0000
YM,2025.12.30,04:00:00,48746.000000,48768.000000,48685.000000,48692.000000,1118.0000
YM,2025.12.30,08:00:00,48697.000000,48767.000000,48694.000000,48750.000000,2287.0000
YM,2025.12.30,12:00:00,48751.000000,48764.000000,48573.000000,48647.000000,19142.0000
YM,2025.12.30,16:00:00,48647.000000,48718.000000,48591.000000,48666.000000,11504.0000
YM,2025.12.30,20:00:00,48666.000000,48714.000000,48641.000000,48664.000000,7362.0000
YM,2025.12.31,00:00:00,48660.000000,48663.000000,48585.000000,48634.000000,1820.0000
YM,2025.12.31,04:00:00,48634.000000,48644.000000,48583.000000,48602.000000,1341.0000
YM,2025.12.31,08:00:00,48603.000000,48608.000000,48563.000000,48585.000000,1707.0000
YM,2025.12.31,12:00:00,48583.000000,48677.000000,48440.000000,48447.000000,17635.0000
YM,2025.12.31,16:00:00,48444.000000,48573.000000,48430.000000,48435.000000,12121.0000
YM,2025.12.31,20:00:00,48436.000000,48440.000000,48315.000000,48351.000000,11333.0000
YM,2026.01.02,04:00:00,48449.000000,48484.000000,48425.000000,48426.000000,1560.0000
YM,2026.01.02,08:00:00,48427.000000,48556.000000,48418.000000,48548.000000,4664.0000
YM,2026.01.02,12:00:00,48548.000000,48569.000000,48092.000000,48355.000000,44615.0000
YM,2026.01.02,16:00:00,48357.000000,48651.000000,48307.000000,48616.000000,33383.0000
YM,2026.01.02,20:00:00,48614.000000,48652.000000,48522.000000,48598.000000,12535.0000
YM,2026.01.04,20:00:00,48621.000000,48629.000000,48581.000000,48614.000000,743.0000
YM,2026.01.05,00:00:00,48613.000000,48644.000000,48574.000000,48591.000000,3727.0000
YM,2026.01.05,04:00:00,48590.000000,48686.000000,48586.000000,48651.000000,2496.0000
YM,2026.01.05,08:00:00,48650.000000,48687.000000,48608.000000,48648.000000,4046.0000
YM,2026.01.05,12:00:00,48652.000000,49328.000000,48556.000000,49280.000000,47676.0000
YM,2026.01.05,16:00:00,49282.000000,49463.000000,49246.000000,49320.000000,32754.0000
YM,2026.01.05,20:00:00,49319.000000,49359.000000,49210.000000,49214.000000,15219.0000
YM,2026.01.06,00:00:00,49215.000000,49270.000000,49201.000000,49255.000000,3720.0000
YM,2026.01.06,04:00:00,49255.000000,49270.000000,49214.000000,49232.000000,3870.0000
YM,2026.01.06,08:00:00,49232.000000,49232.000000,49096.000000,49133.000000,5861.0000
YM,2026.01.06,12:00:00,49132.000000,49440.000000,49128.000000,49359.000000,39187.0000
YM,2026.01.06,16:00:00,49357.000000,49748.000000,49340.000000,49716.000000,27575.0000
YM,2026.01.06,20:00:00,49733.000000,49763.000000,49707.000000,49732.000000,13769.0000
YM,2026.01.07,00:00:00,49733.000000,49793.000000,49728.000000,49776.000000,6135.0000
YM,2026.01.07,04:00:00,49776.000000,49808.000000,49749.000000,49754.000000,2277.0000
YM,2026.01.07,08:00:00,49755.000000,49788.000000,49718.000000,49748.000000,5047.0000
YM,2026.01.07,12:00:00,49749.000000,49876.000000,49446.000000,49509.000000,42248.0000
YM,2026.01.07,16:00:00,49539.000000,49647.000000,49373.000000,49398.000000,27240.0000
YM,2026.01.07,20:00:00,49399.000000,49403.000000,49182.000000,49259.000000,18746.0000
YM,2026.01.08,00:00:00,49263.000000,49272.000000,49149.000000,49174.000000,4966.0000
YM,2026.01.08,04:00:00,49167.000000,49175.000000,49064.000000,49112.000000,4272.0000
YM,2026.01.08,08:00:00,49111.000000,49149.000000,49050.000000,49068.000000,5575.0000
YM,2026.01.08,12:00:00,49066.000000,49458.000000,49001.000000,49452.000000,46398.0000
YM,2026.01.08,16:00:00,49453.000000,49586.000000,49386.000000,49468.000000,29222.0000
YM,2026.01.08,20:00:00,49468.000000,49603.000000,49453.000000,49531.000000,12768.0000
YM,2026.01.09,00:00:00,49529.000000,49544.000000,49475.000000,49497.000000,2661.0000
YM,2026.01.09,04:00:00,49498.000000,49509.000000,49458.000000,49487.000000,1552.0000
YM,2026.01.09,08:00:00,49488.000000,49520.000000,49451.000000,49491.000000,3865.0000
YM,2026.01.09,12:00:00,49487.000000,49693.000000,49408.000000,49590.000000,42118.0000
YM,2026.01.09,16:00:00,49589.000000,49793.000000,49577.000000,49746.000000,21005.0000
YM,2026.01.09,20:00:00,49744.000000,49775.000000,49706.000000,49732.000000,9976.0000
YM,2026.01.11,20:00:00,49677.000000,49692.000000,49648.000000,49658.000000,1064.0000
YM,2026.01.12,00:00:00,49662.000000,49663.000000,49462.000000,49473.000000,5553.0000
YM,2026.01.12,04:00:00,49472.000000,49523.000000,49461.000000,49493.000000,3120.0000
YM,2026.01.12,08:00:00,49492.000000,49512.000000,49292.000000,49356.000000,12588.0000
YM,2026.01.12,12:00:00,49358.000000,49641.000000,49212.000000,49635.000000,44518.0000
YM,2026.01.12,16:00:00,49636.000000,49801.000000,49593.000000,49784.000000,22800.0000
YM,2026.01.12,20:00:00,49785.000000,49855.000000,49724.000000,49752.000000,11277.0000
YM,2026.01.13,00:00:00,49749.000000,49801.000000,49728.000000,49783.000000,2260.0000
YM,2026.01.13,04:00:00,49784.000000,49801.000000,49759.000000,49770.000000,1491.0000
YM,2026.01.13,08:00:00,49765.000000,49830.000000,49691.000000,49797.000000,8682.0000
YM,2026.01.13,12:00:00,49796.000000,49901.000000,49417.000000,49504.000000,50958.0000
YM,2026.01.13,16:00:00,49500.000000,49556.000000,49383.000000,49414.000000,32120.0000
YM,2026.01.13,20:00:00,49416.000000,49424.000000,49274.000000,49361.000000,14658.0000
YM,2026.01.14,00:00:00,49359.000000,49381.000000,49292.000000,49323.000000,3676.0000
YM,2026.01.14,04:00:00,49322.000000,49329.000000,49257.000000,49288.000000,2907.0000
YM,2026.01.14,08:00:00,49289.000000,49343.000000,49208.000000,49247.000000,6510.0000
YM,2026.01.14,12:00:00,49248.000000,49400.000000,49088.000000,49156.000000,51706.0000
YM,2026.01.14,16:00:00,49157.000000,49349.000000,49057.000000,49242.000000,35097.0000
YM,2026.01.14,20:00:00,49239.000000,49388.000000,49196.000000,49291.000000,21662.0000
YM,2026.01.15,00:00:00,49293.000000,49342.000000,49270.000000,49300.000000,4566.0000
YM,2026.01.15,04:00:00,49302.000000,49385.000000,49295.000000,49325.000000,4131.0000
YM,2026.01.15,08:00:00,49324.000000,49426.000000,49304.000000,49389.000000,5668.0000
YM,2026.01.15,12:00:00,49389.000000,49694.000000,49288.000000,49681.000000,56650.0000
YM,2026.01.15,16:00:00,49679.000000,49792.000000,49665.000000,49682.000000,28848.0000
YM,2026.01.15,20:00:00,49681.000000,49701.000000,49590.000000,49675.000000,12941.0000
YM,2026.01.16,00:00:00,49673.000000,49730.000000,49645.000000,49725.000000,1786.0000
YM,2026.01.16,04:00:00,49725.000000,49750.000000,49709.000000,49712.000000,2926.0000
YM,2026.01.16,08:00:00,49712.000000,49731.000000,49634.000000,49638.000000,4382.0000
YM,2026.01.16,12:00:00,49637.000000,49799.000000,49424.000000,49545.000000,42784.0000
YM,2026.01.16,16:00:00,49544.000000,49715.000000,49533.000000,49608.000000,27486.0000
YM,2026.01.16,20:00:00,49608.000000,49618.000000,49507.000000,49554.000000,13134.0000
YM,2026.01.19,04:00:00,49547.000000,49547.000000,49173.000000,49175.000000,69.0000
YM,2026.01.20,04:00:00,49080.000000,49114.000000,48886.000000,48930.000000,6815.0000
YM,2026.01.20,08:00:00,48932.000000,48935.000000,48689.000000,48914.000000,12896.0000
YM,2026.01.20,12:00:00,48914.000000,49095.000000,48756.000000,49048.000000,58471.0000
YM,2026.01.20,16:00:00,49048.000000,49057.000000,48625.000000,48655.000000,40155.0000
YM,2026.01.20,20:00:00,48655.000000,48751.000000,48611.000000,48688.000000,20825.0000
YM,2026.01.21,00:00:00,48692.000000,48787.000000,48692.000000,48757.000000,3056.0000
YM,2026.01.21,04:00:00,48762.000000,48791.000000,48716.000000,48768.000000,3900.0000
YM,2026.01.21,08:00:00,48766.000000,48792.000000,48554.000000,48556.000000,8516.0000
YM,2026.01.21,12:00:00,48555.000000,49205.000000,48488.000000,49150.000000,57694.0000
YM,2026.01.21,16:00:00,49149.000000,49482.000000,48771.000000,49454.000000,55286.0000
YM,2026.01.21,20:00:00,49454.000000,49479.000000,49223.000000,49319.000000,20172.0000
YM,2026.01.22,00:00:00,49322.000000,49393.000000,49310.000000,49373.000000,2492.0000
YM,2026.01.22,04:00:00,49373.000000,49374.000000,49257.000000,49327.000000,3281.0000
YM,2026.01.22,08:00:00,49328.000000,49474.000000,49324.000000,49399.000000,8376.0000
YM,2026.01.22,12:00:00,49399.000000,49764.000000,49370.000000,49611.000000,47744.0000
YM,2026.01.22,16:00:00,49612.000000,49795.000000,49579.000000,49580.000000,32018.0000
YM,2026.01.22,20:00:00,49578.000000,49644.000000,49486.000000,49527.000000,14608.0000
YM,2026.01.23,00:00:00,49526.000000,49608.000000,49510.000000,49603.000000,2389.0000
YM,2026.01.23,04:00:00,49600.000000,49620.000000,49572.000000,49584.000000,2162.0000
YM,2026.01.23,08:00:00,49581.000000,49587.000000,49422.000000,49443.000000,7294.0000
YM,2026.01.23,12:00:00,49444.000000,49477.000000,49170.000000,49325.000000,39336.0000
YM,2026.01.23,16:00:00,49325.000000,49367.000000,49119.000000,49258.000000,31664.0000
YM,2026.01.23,20:00:00,49258.000000,49292.000000,49167.000000,49180.000000,11850.0000
YM,2026.01.25,20:00:00,48976.000000,49113.000000,48963.000000,49095.000000,1161.0000
YM,2026.01.26,00:00:00,49098.000000,49210.000000,49093.000000,49141.000000,4767.0000
YM,2026.01.26,04:00:00,49142.000000,49250.000000,49123.000000,49242.000000,2262.0000
YM,2026.01.26,08:00:00,49243.000000,49301.000000,49159.000000,49239.000000,6445.0000
YM,2026.01.26,12:00:00,49235.000000,49527.000000,49234.000000,49440.000000,32517.0000
YM,2026.01.26,16:00:00,49438.000000,49619.000000,49355.000000,49578.000000,24393.0000
YM,2026.01.26,20:00:00,49579.000000,49644.000000,49357.000000,49403.000000,17057.0000
YM,2026.01.27,00:00:00,49403.000000,49507.000000,49380.000000,49502.000000,2451.0000
YM,2026.01.27,04:00:00,49500.000000,49554.000000,49500.000000,49535.000000,2073.0000
YM,2026.01.27,08:00:00,49536.000000,49566.000000,49407.000000,49412.000000,7544.0000
YM,2026.01.27,12:00:00,49412.000000,49436.000000,49039.000000,49176.000000,46529.0000
YM,2026.01.27,16:00:00,49177.000000,49318.000000,49007.000000,49135.000000,31792.0000
YM,2026.01.27,20:00:00,49131.000000,49171.000000,49109.000000,49133.000000,12038.0000
YM,2026.01.28,00:00:00,49134.000000,49190.000000,49132.000000,49147.000000,2372.0000
YM,2026.01.28,04:00:00,49146.000000,49226.000000,49131.000000,49201.000000,4340.0000
YM,2026.01.28,08:00:00,49199.000000,49213.000000,49124.000000,49173.000000,4539.0000
YM,2026.01.28,12:00:00,49174.000000,49290.000000,49054.000000,49135.000000,31893.0000
YM,2026.01.28,16:00:00,49135.000000,49277.000000,49039.000000,49087.000000,27533.0000
YM,2026.01.28,20:00:00,49087.000000,49220.000000,48990.000000,49020.000000,18412.0000
YM,2026.01.29,00:00:00,49020.000000,49108.000000,48981.000000,49100.000000,4203.0000
YM,2026.01.29,04:00:00,49100.000000,49218.000000,49089.000000,49207.000000,2550.0000
YM,2026.01.29,08:00:00,49204.000000,49429.000000,49129.000000,49223.000000,16816.0000
YM,2026.01.29,12:00:00,49222.000000,49442.000000,48798.000000,48858.000000,61949.0000
YM,2026.01.29,16:00:00,48860.000000,49204.000000,48724.000000,49041.000000,42917.0000
YM,2026.01.29,20:00:00,49042.000000,49203.000000,48973.000000,49095.000000,16367.0000
YM,2026.01.30,00:00:00,49094.000000,49170.000000,48896.000000,48979.000000,6946.0000
YM,2026.01.30,04:00:00,48976.000000,49003.000000,48764.000000,48771.000000,5483.0000
YM,2026.01.30,08:00:00,48772.000000,49047.000000,48696.000000,49038.000000,10740.0000
YM,2026.01.30,12:00:00,49037.000000,49169.000000,48858.000000,49073.000000,38006.0000
YM,2026.02.02,16:00:00,49534.000000,49594.000000,49497.000000,49530.000000,41670.0000
YM,2026.02.02,20:00:00,49534.000000,49602.000000,49474.000000,49531.000000,15031.0000
YM,2026.02.03,00:00:00,49531.000000,49567.000000,49504.000000,49544.000000,3323.0000
YM,2026.02.03,04:00:00,49544.000000,49580.000000,49529.000000,49562.000000,2403.0000
YM,2026.02.03,08:00:00,49559.000000,49595.000000,49453.000000,49487.000000,4888.0000
YM,2026.02.03,12:00:00,49487.000000,49767.000000,49401.000000,49562.000000,53561.0000
YM,2026.02.03,16:00:00,49562.000000,49590.000000,48934.000000,49158.000000,59442.0000
YM,2026.02.03,20:00:00,49153.000000,49417.000000,49132.000000,49395.000000,23654.0000
YM,2026.02.04,00:00:00,49401.000000,49426.000000,49356.000000,49409.000000,3389.0000
YM,2026.02.04,04:00:00,49409.000000,49486.000000,49389.000000,49473.000000,2753.0000
YM,2026.02.04,08:00:00,49473.000000,49544.000000,49391.000000,49528.000000,8118.0000
YM,2026.02.04,12:00:00,49531.000000,49758.000000,49360.000000,49704.000000,50219.0000
YM,2026.02.04,16:00:00,49705.000000,49749.000000,49215.000000,49679.000000,51623.0000
YM,2026.02.04,20:00:00,49678.000000,49714.000000,49524.000000,49563.000000,14287.0000
YM,2026.02.05,00:00:00,49563.000000,49669.000000,49467.000000,49476.000000,6424.0000
YM,2026.02.05,04:00:00,49485.000000,49577.000000,49481.000000,49534.000000,3859.0000
YM,2026.02.05,08:00:00,49533.000000,49643.000000,49411.000000,49628.000000,8392.0000
YM,2026.02.05,12:00:00,49629.000000,49690.000000,48924.000000,49005.000000,62771.0000
YM,2026.02.05,16:00:00,49006.000000,49357.000000,48918.000000,49117.000000,39946.0000
YM,2026.02.05,20:00:00,49119.000000,49190.000000,48771.000000,48803.000000,18885.0000
YM,2026.02.06,00:00:00,48802.000000,48966.000000,48703.000000,48935.000000,10460.0000
YM,2026.02.06,04:00:00,48930.000000,48984.000000,48841.000000,48975.000000,4702.0000
YM,2026.02.06,08:00:00,48973.000000,49281.000000,48915.000000,49270.000000,11807.0000
YM,2026.02.06,12:00:00,49268.000000,49906.000000,49191.000000,49809.000000,62428.0000
YM,2026.02.06,16:00:00,49891.000000,50118.000000,49836.000000,50094.000000,39866.0000
YM,2026.02.06,20:00:00,50093.000000,50263.000000,50081.000000,50205.000000,21142.0000
YM,2026.02.08,20:00:00,50333.000000,50339.000000,50284.000000,50304.000000,1114.0000
YM,2026.02.09,00:00:00,50300.000000,50325.000000,50245.000000,50251.000000,5404.0000
YM,2026.02.09,04:00:00,50250.000000,50293.000000,50226.000000,50249.000000,4099.0000
YM,2026.02.09,08:00:00,50251.000000,50323.000000,50097.000000,50141.000000,7365.0000
YM,2026.02.09,12:00:00,50143.000000,50300.000000,49908.000000,50256.000000,44304.0000
YM,2026.02.09,16:00:00,50257.000000,50267.000000,50105.000000,50257.000000,24497.0000
YM,2026.02.09,20:00:00,50257.000000,50283.000000,50164.000000,50177.000000,12982.0000
YM,2026.02.10,00:00:00,50177.000000,50231.000000,50165.000000,50225.000000,2973.0000
YM,2026.02.10,04:00:00,50224.000000,50244.000000,50174.000000,50227.000000,2631.0000
YM,2026.02.10,08:00:00,50227.000000,50295.000000,50196.000000,50244.000000,6275.0000
YM,2026.02.10,12:00:00,50243.000000,50611.000000,50107.000000,50455.000000,44696.0000
YM,2026.02.10,16:00:00,50457.000000,50536.000000,50203.000000,50347.000000,32903.0000
YM,2026.02.10,20:00:00,50345.000000,50376.000000,50242.000000,50355.000000,13103.0000
YM,2026.02.11,00:00:00,50355.000000,50406.000000,50353.000000,50399.000000,1997.0000
YM,2026.02.11,04:00:00,50401.000000,50420.000000,50354.000000,50368.000000,1787.0000
YM,2026.02.11,08:00:00,50369.000000,50394.000000,50270.000000,50306.000000,6607.0000
YM,2026.02.11,12:00:00,50304.000000,50585.000000,49977.000000,50063.000000,59359.0000
YM,2026.02.11,16:00:00,50062.000000,50332.000000,50029.000000,50208.000000,29793.0000
YM,2026.02.11,20:00:00,50202.000000,50264.000000,50161.000000,50187.000000,12282.0000
YM,2026.02.12,00:00:00,50184.000000,50333.000000,50168.000000,50331.000000,3332.0000
YM,2026.02.12,04:00:00,50332.000000,50376.000000,50298.000000,50353.000000,2987.0000
YM,2026.02.12,08:00:00,50350.000000,50396.000000,50299.000000,50366.000000,4435.0000
YM,2026.02.12,12:00:00,50364.000000,50521.000000,50154.000000,50161.000000,43184.0000
YM,2026.02.12,16:00:00,50161.000000,50172.000000,49496.000000,49815.000000,62101.0000
YM,2026.02.12,20:00:00,49817.000000,49868.000000,49493.000000,49546.000000,18742.0000
YM,2026.02.13,00:00:00,49544.000000,49586.000000,49471.000000,49497.000000,6567.0000
YM,2026.02.13,04:00:00,49498.000000,49543.000000,49358.000000,49447.000000,5077.0000
YM,2026.02.13,08:00:00,49448.000000,49487.000000,49298.000000,49383.000000,9304.0000
YM,2026.02.13,12:00:00,49382.000000,49685.000000,49155.000000,49562.000000,64585.0000
YM,2026.02.13,16:00:00,49565.000000,49817.000000,49542.000000,49557.000000,34033.0000
YM,2026.02.13,20:00:00,49557.000000,49636.000000,49427.000000,49526.000000,15398.0000
YM,2026.02.15,20:00:00,49569.000000,49596.000000,49538.000000,49594.000000,408.0000
YM,2026.02.16,00:00:00,49588.000000,49681.000000,49569.000000,49636.000000,1746.0000
YM,2026.02.16,04:00:00,49635.000000,49664.000000,49635.000000,49641.000000,189.0000
YM,2026.02.17,04:00:00,49427.000000,49477.000000,49359.000000,49470.000000,3222.0000
YM,2026.02.17,08:00:00,49473.000000,49603.000000,49465.000000,49538.000000,6733.0000
YM,2026.02.17,12:00:00,49536.000000,49794.000000,49240.000000,49406.000000,54614.0000
YM,2026.02.17,16:00:00,49404.000000,49761.000000,49388.000000,49660.000000,37690.0000
YM,2026.02.17,20:00:00,49662.000000,49685.000000,49542.000000,49543.000000,11085.0000
YM,2026.02.18,00:00:00,49543.000000,49634.000000,49542.000000,49629.000000,2500.0000
YM,2026.02.18,04:00:00,49624.000000,49692.000000,49617.000000,49679.000000,1651.0000
YM,2026.02.18,08:00:00,49680.000000,49874.000000,49678.000000,49783.000000,7048.0000
YM,2026.02.18,12:00:00,49785.000000,49967.000000,49489.000000,49923.000000,40261.0000
YM,2026.02.18,16:00:00,49924.000000,49954.000000,49596.000000,49644.000000,25003.0000
YM,2026.02.18,20:00:00,49646.000000,49790.000000,49592.000000,49715.000000,13134.0000
YM,2026.02.19,00:00:00,49717.000000,49751.000000,49675.000000,49723.000000,2619.0000
YM,2026.02.19,04:00:00,49724.000000,49788.000000,49678.000000,49743.000000,2186.0000
YM,2026.02.19,08:00:00,49743.000000,49786.000000,49517.000000,49583.000000,7770.0000
YM,2026.02.19,12:00:00,49582.000000,49673.000000,49403.000000,49591.000000,41626.0000
YM,2026.02.19,16:00:00,49589.000000,49602.000000,49258.000000,49334.000000,29930.0000
YM,2026.02.19,20:00:00,49337.000000,49494.000000,49335.000000,49466.000000,10405.0000
YM,2026.02.20,00:00:00,49467.000000,49528.000000,49442.000000,49506.000000,2689.0000
YM,2026.02.20,04:00:00,49503.000000,49564.000000,49502.000000,49526.000000,2036.0000
YM,2026.02.20,08:00:00,49526.000000,49604.000000,49391.000000,49402.000000,6035.0000
YM,2026.02.20,12:00:00,49405.000000,49775.000000,49204.000000,49576.000000,58559.0000
YM,2026.02.20,16:00:00,49573.000000,49681.000000,49265.000000,49578.000000,46845.0000
YM,2026.02.20,20:00:00,49578.000000,49719.000000,49575.000000,49685.000000,10907.0000
YM,2026.02.22,20:00:00,49639.000000,49647.000000,49538.000000,49579.000000,1373.0000
YM,2026.02.23,00:00:00,49581.000000,49581.000000,49343.000000,49349.000000,6002.0000
YM,2026.02.23,04:00:00,49347.000000,49471.000000,49341.000000,49461.000000,3349.0000
YM,2026.02.23,08:00:00,49460.000000,49586.000000,49424.000000,49505.000000,6185.0000
YM,2026.02.23,12:00:00,49505.000000,49765.000000,48942.000000,48979.000000,56182.0000
YM,2026.02.23,16:00:00,48977.000000,49063.000000,48800.000000,48865.000000,44732.0000
YM,2026.02.23,20:00:00,48862.000000,48921.000000,48775.000000,48889.000000,20097.0000
YM,2026.02.24,00:00:00,48889.000000,48932.000000,48867.000000,48922.000000,3385.0000
YM,2026.02.24,04:00:00,48922.000000,48957.000000,48887.000000,48919.000000,2813.0000
YM,2026.02.24,08:00:00,48921.000000,49015.000000,48823.000000,48980.000000,10832.0000
YM,2026.02.24,12:00:00,48983.000000,49311.000000,48801.000000,49212.000000,58904.0000
YM,2026.02.24,16:00:00,49212.000000,49343.000000,49128.000000,49253.000000,22994.0000
YM,2026.02.24,20:00:00,49252.000000,49297.000000,49187.000000,49225.000000,10681.0000
YM,2026.02.25,00:00:00,49224.000000,49290.000000,49124.000000,49246.000000,3886.0000
YM,2026.02.25,04:00:00,49246.000000,49254.000000,49208.000000,49217.000000,1829.0000
YM,2026.02.25,08:00:00,49218.000000,49370.000000,49218.000000,49369.000000,4487.0000
YM,2026.02.25,12:00:00,49368.000000,49492.000000,49240.000000,49339.000000,38682.0000
YM,2026.02.25,16:00:00,49338.000000,49542.000000,49322.000000,49518.000000,20309.0000
YM,2026.02.25,20:00:00,49518.000000,49583.000000,49428.000000,49430.000000,13551.0000
YM,2026.02.26,00:00:00,49429.000000,49472.000000,49412.000000,49456.000000,2404.0000
YM,2026.02.26,04:00:00,49453.000000,49462.000000,49402.000000,49412.000000,2547.0000
YM,2026.02.26,08:00:00,49412.000000,49516.000000,49399.000000,49514.000000,5976.0000
YM,2026.02.26,12:00:00,49515.000000,49872.000000,49269.000000,49593.000000,60706.0000
YM,2026.02.26,16:00:00,49593.000000,49605.000000,49261.000000,49542.000000,38342.0000
YM,2026.02.26,20:00:00,49542.000000,49599.000000,49216.000000,49259.000000,15477.0000
YM,2026.02.27,00:00:00,49259.000000,49296.000000,49205.000000,49286.000000,4063.0000
YM,2026.02.27,04:00:00,49286.000000,49337.000000,49250.000000,49330.000000,2554.0000
YM,2026.02.27,08:00:00,49326.000000,49396.000000,49156.000000,49185.000000,9246.0000
YM,2026.02.27,12:00:00,49185.000000,49242.000000,48699.000000,48936.000000,54674.0000
YM,2026.02.27,16:00:00,48938.000000,49073.000000,48736.000000,48804.000000,34712.0000
YM,2026.02.27,20:00:00,48802.000000,49024.000000,48802.000000,48907.000000,20064.0000
YM,2026.03.01,20:00:00,48515.000000,48575.000000,48421.000000,48426.000000,2208.0000
YM,2026.03.02,00:00:00,48431.000000,48730.000000,48391.000000,48611.000000,10686.0000
YM,2026.03.02,04:00:00,48612.000000,48660.000000,48244.000000,48260.000000,10132.0000
YM,2026.03.02,08:00:00,48259.000000,48559.000000,48166.000000,48487.000000,14198.0000
YM,2026.03.02,12:00:00,48483.000000,48972.000000,48410.000000,48857.000000,53147.0000
YM,2026.03.02,16:00:00,48855.000000,49121.000000,48725.000000,49059.000000,32370.0000
YM,2026.03.02,20:00:00,49057.000000,49071.000000,48811.000000,48883.000000,19066.0000
YM,2026.03.03,00:00:00,48888.000000,48904.000000,48627.000000,48684.000000,7093.0000
YM,2026.03.03,04:00:00,48681.000000,48701.000000,48416.000000,48438.000000,10296.0000
YM,2026.03.03,08:00:00,48436.000000,48442.000000,47951.000000,48110.000000,35470.0000
YM,2026.03.03,12:00:00,48107.000000,48313.000000,47681.000000,47859.000000,79757.0000
YM,2026.03.03,16:00:00,47860.000000,48755.000000,47821.000000,48673.000000,57287.0000
YM,2026.03.03,20:00:00,48673.000000,48717.000000,48436.000000,48466.000000,15482.0000
YM,2026.03.04,00:00:00,48470.000000,48594.000000,48291.000000,48381.000000,10935.0000
YM,2026.03.04,04:00:00,48380.000000,48474.000000,48266.000000,48443.000000,7068.0000
YM,2026.03.04,08:00:00,48446.000000,48723.000000,48337.000000,48568.000000,21539.0000
YM,2026.03.04,12:00:00,48570.000000,48901.000000,48401.000000,48855.000000,53206.0000
YM,2026.03.04,16:00:00,48852.000000,48916.000000,48761.000000,48861.000000,26606.0000
YM,2026.03.04,20:00:00,48862.000000,48887.000000,48745.000000,48803.000000,13175.0000
YM,2026.03.05,00:00:00,48802.000000,48886.000000,48559.000000,48602.000000,9019.0000
YM,2026.03.05,04:00:00,48600.000000,48681.000000,48516.000000,48629.000000,6646.0000
YM,2026.03.05,08:00:00,48630.000000,48879.000000,48481.000000,48657.000000,16940.0000
YM,2026.03.05,12:00:00,48658.000000,48729.000000,48089.000000,48164.000000,53912.0000
YM,2026.03.05,16:00:00,48164.000000,48191.000000,47613.000000,47718.000000,56237.0000
YM,2026.03.05,20:00:00,47713.000000,48072.000000,47673.000000,48057.000000,24088.0000
YM,2026.03.06,00:00:00,48058.000000,48119.000000,48018.000000,48096.000000,6045.0000
YM,2026.03.06,04:00:00,48093.000000,48123.000000,48031.000000,48075.000000,3905.0000
YM,2026.03.06,08:00:00,48075.000000,48092.000000,47715.000000,47735.000000,18425.0000
YM,2026.03.06,12:00:00,47737.000000,47780.000000,47025.000000,47470.000000,72126.0000
YM,2026.03.06,16:00:00,47474.000000,47582.000000,47252.000000,47542.000000,39289.0000
YM,2026.03.06,20:00:00,47541.000000,47603.000000,47416.000000,47480.000000,17235.0000
YM,2026.03.08,20:00:00,46450.000000,46753.000000,46448.000000,46651.000000,6151.0000
YM,2026.03.09,00:00:00,46653.000000,46759.000000,46333.000000,46498.000000,14020.0000
YM,2026.03.09,04:00:00,46496.000000,46801.000000,46479.000000,46738.000000,10765.0000
YM,2026.03.09,08:00:00,46746.000000,47164.000000,46674.000000,46920.000000,20906.0000
YM,2026.03.09,12:00:00,46921.000000,47205.000000,46641.000000,47123.000000,73691.0000
YM,2026.03.09,16:00:00,47125.000000,47923.000000,47017.000000,47774.000000,60722.0000
YM,2026.03.09,20:00:00,47773.000000,47810.000000,47535.000000,47578.000000,7950.0000
YM,2026.03.10,00:00:00,47577.000000,47737.000000,47504.000000,47550.000000,8720.0000
YM,2026.03.10,04:00:00,47558.000000,47909.000000,47523.000000,47906.000000,8529.0000
YM,2026.03.10,08:00:00,47905.000000,47998.000000,47682.000000,47706.000000,21232.0000
YM,2026.03.10,12:00:00,47711.000000,48089.000000,47475.000000,48038.000000,63410.0000
YM,2026.03.10,16:00:00,48041.000000,48266.000000,47697.000000,47749.000000,64157.0000
YM,2026.03.10,20:00:00,47748.000000,47810.000000,47688.000000,47785.000000,4336.0000
YM,2026.03.11,00:00:00,47785.000000,47970.000000,47779.000000,47962.000000,5639.0000
YM,2026.03.11,04:00:00,47960.000000,47960.000000,47719.000000,47768.000000,4009.0000
YM,2026.03.11,08:00:00,47772.000000,47880.000000,47552.000000,47664.000000,14864.0000
YM,2026.03.11,12:00:00,47662.000000,47768.000000,47248.000000,47257.000000,68424.0000
YM,2026.03.11,16:00:00,47257.000000,47496.000000,47210.000000,47456.000000,35542.0000
YM,2026.03.11,20:00:00,47456.000000,47463.000000,46948.000000,47064.000000,6161.0000
YM,2026.03.12,00:00:00,47064.000000,47075.000000,46842.000000,46897.000000,8213.0000
YM,2026.03.12,04:00:00,46899.000000,47153.000000,46888.000000,47152.000000,6562.0000
YM,2026.03.12,08:00:00,47154.000000,47255.000000,47060.000000,47126.000000,11859.0000
YM,2026.03.12,12:00:00,47126.000000,47136.000000,46718.000000,46903.000000,88525.0000
YM,2026.03.12,16:00:00,46903.000000,47114.000000,46708.000000,46714.000000,47258.0000
YM,2026.03.12,20:00:00,46713.000000,46845.000000,46703.000000,46778.000000,4827.0000
YM,2026.03.13,00:00:00,46772.000000,46998.000000,46729.000000,46930.000000,5861.0000
YM,2026.03.13,04:00:00,46926.000000,46932.000000,46562.000000,46596.000000,7938.0000
YM,2026.03.13,08:00:00,46599.000000,46933.000000,46459.000000,46929.000000,17862.0000
YM,2026.03.13,12:00:00,46929.000000,47162.000000,46667.000000,46685.000000,63677.0000
YM,2026.03.13,16:00:00,46682.000000,46779.000000,46529.000000,46598.000000,36631.0000
YM,2026.03.13,20:00:00,46598.000000,46607.000000,46508.000000,46511.000000,3325.0000
YM,2026.03.15,20:00:00,46505.000000,46758.000000,46456.000000,46684.000000,1492.0000
YM,2026.03.16,00:00:00,46663.000000,46811.000000,46663.000000,46801.000000,2474.0000
YM,2026.03.16,04:00:00,46798.000000,47076.000000,46749.000000,47019.000000,9879.0000
YM,2026.03.16,08:00:00,47019.000000,47171.000000,46903.000000,47164.000000,15179.0000
YM,2026.03.16,12:00:00,47162.000000,47520.000000,47158.000000,47258.000000,73885.0000
YM,2026.03.16,16:00:00,47257.000000,47436.000000,47145.000000,47279.000000,51904.0000
YM,2026.03.16,20:00:00,47280.000000,47311.000000,47214.000000,47261.000000,1636.0000
YM,2026.03.17,00:00:00,47260.000000,47260.000000,47133.000000,47145.000000,5045.0000
YM,2026.03.17,04:00:00,47146.000000,47212.000000,47006.000000,47090.000000,7168.0000
YM,2026.03.17,08:00:00,47089.000000,47295.000000,47066.000000,47234.000000,13399.0000
YM,2026.03.17,12:00:00,47236.000000,47765.000000,47235.000000,47385.000000,61193.0000
YM,2026.03.17,16:00:00,47387.000000,47463.000000,47312.000000,47341.000000,36228.0000
YM,2026.03.17,20:00:00,47340.000000,47369.000000,47273.000000,47282.000000,1982.0000
YM,2026.03.18,00:00:00,47282.000000,47521.000000,47274.000000,47513.000000,3058.0000
YM,2026.03.18,04:00:00,47516.000000,47640.000000,47516.000000,47581.000000,4755.0000
YM,2026.03.18,08:00:00,47579.000000,47630.000000,47435.000000,47487.000000,9821.0000
YM,2026.03.18,12:00:00,47485.000000,47496.000000,46847.000000,46888.000000,65101.0000
YM,2026.03.18,16:00:00,46886.000000,46962.000000,46507.000000,46542.000000,52627.0000
YM,2026.03.18,20:00:00,46541.000000,46549.000000,46374.000000,46474.000000,8184.0000
YM,2026.03.19,00:00:00,46478.000000,46626.000000,46414.000000,46583.000000,6636.0000
YM,2026.03.19,04:00:00,46574.000000,46574.000000,46410.000000,46443.000000,8953.0000
YM,2026.03.19,08:00:00,46443.000000,46590.000000,46323.000000,46430.000000,23530.0000
YM,2026.03.19,12:00:00,46431.000000,46455.000000,46062.000000,46174.000000,70291.0000
YM,2026.03.19,16:00:00,46174.000000,46566.000000,46039.000000,46340.000000,56069.0000
YM,2026.03.19,20:00:00,46339.000000,46487.000000,46300.000000,46436.000000,5594.0000
YM,2026.03.20,00:00:00,46438.000000,46545.000000,46399.000000,46440.000000,3679.0000
YM,2026.03.20,04:00:00,46448.000000,46462.000000,46270.000000,46450.000000,4956.0000
YM,2026.03.20,08:00:00,46451.000000,46481.000000,46012.000000,46210.000000,19572.0000
YM,2026.03.20,12:00:00,46208.000000,46368.000000,45976.000000,46086.000000,66164.0000
YM,2026.03.20,16:00:00,46089.000000,46195.000000,45662.000000,45902.000000,49435.0000
YM,2026.03.20,20:00:00,45903.000000,46145.000000,45887.000000,46085.000000,7774.0000
YM,2026.03.22,20:00:00,45757.000000,45960.000000,45688.000000,45828.000000,3980.0000
YM,2026.03.23,00:00:00,45832.000000,45945.000000,45711.000000,45715.000000,11221.0000
YM,2026.03.23,04:00:00,45720.000000,45807.000000,45453.000000,45530.000000,11128.0000
YM,2026.03.23,08:00:00,45530.000000,47210.000000,45472.000000,46501.000000,47432.0000
YM,2026.03.23,12:00:00,46502.000000,47028.000000,46402.000000,46571.000000,70490.0000
YM,2026.03.23,16:00:00,46572.000000,46822.000000,46405.000000,46513.000000,44638.0000
YM,2026.03.23,20:00:00,46512.000000,46633.000000,46434.000000,46580.000000,3771.0000
YM,2026.03.24,00:00:00,46577.000000,46577.000000,46220.000000,46313.000000,7578.0000
YM,2026.03.24,04:00:00,46319.000000,46649.000000,46173.000000,46587.000000,5832.0000
YM,2026.03.24,08:00:00,46591.000000,46645.000000,46292.000000,46463.000000,10740.0000
YM,2026.03.24,12:00:00,46465.000000,46712.000000,46046.000000,46546.000000,48028.0000
YM,2026.03.24,16:00:00,46542.000000,46681.000000,46382.000000,46422.000000,31562.0000
YM,2026.03.24,20:00:00,46421.000000,46905.000000,46415.000000,46737.000000,10103.0000
YM,2026.03.25,00:00:00,46737.000000,46892.000000,46671.000000,46735.000000,4522.0000
YM,2026.03.25,04:00:00,46736.000000,46828.000000,46695.000000,46802.000000,3156.0000
YM,2026.03.25,08:00:00,46801.000000,46966.000000,46715.000000,46896.000000,12397.0000
YM,2026.03.25,12:00:00,46897.000000,47036.000000,46480.000000,46719.000000,48343.0000
YM,2026.03.25,16:00:00,46716.000000,46879.000000,46635.000000,46722.000000,30140.0000
YM,2026.03.25,20:00:00,46721.000000,46755.000000,46587.000000,46645.000000,2165.0000
YM,2026.03.26,00:00:00,46646.000000,46745.000000,46526.000000,46683.000000,3327.0000
YM,2026.03.26,04:00:00,46684.000000,46690.000000,46434.000000,46535.000000,3954.0000
YM,2026.03.26,08:00:00,46533.000000,46602.000000,46316.000000,46318.000000,9739.0000
YM,2026.03.26,12:00:00,46320.000000,46848.000000,46271.000000,46498.000000,51100.0000
YM,2026.03.26,16:00:00,46498.000000,46525.000000,46177.000000,46219.000000,32051.0000
YM,2026.03.26,20:00:00,46218.000000,46767.000000,46172.000000,46440.000000,11236.0000
YM,2026.03.27,00:00:00,46442.000000,46485.000000,46306.000000,46409.000000,3795.0000
YM,2026.03.27,04:00:00,46401.000000,46502.000000,46319.000000,46354.000000,3910.0000
YM,2026.03.27,08:00:00,46357.000000,46382.000000,45990.000000,46072.000000,12342.0000
YM,2026.03.27,12:00:00,46075.000000,46080.000000,45688.000000,45818.000000,51802.0000
YM,2026.03.27,16:00:00,45820.000000,45830.000000,45313.000000,45398.000000,39992.0000
YM,2026.03.27,20:00:00,45397.000000,45426.000000,45272.000000,45310.000000,4555.0000
YM,2026.03.29,20:00:00,45102.000000,45232.000000,45080.000000,45117.000000,2597.0000
YM,2026.03.30,00:00:00,45120.000000,45400.000000,45063.000000,45379.000000,6216.0000
YM,2026.03.30,04:00:00,45374.000000,45592.000000,45358.000000,45579.000000,5283.0000
YM,2026.03.30,08:00:00,45574.000000,45915.000000,45532.000000,45699.000000,11371.0000
YM,2026.03.30,12:00:00,45699.000000,45881.000000,45527.000000,45815.000000,41969.0000
YM,2026.03.30,16:00:00,45815.000000,45820.000000,45306.000000,45465.000000,27839.0000
YM,2026.03.30,20:00:00,45464.000000,45515.000000,45360.000000,45398.000000,3267.0000
YM,2026.03.31,00:00:00,45393.000000,45980.000000,45287.000000,45873.000000,11760.0000
YM,2026.03.31,04:00:00,45867.000000,45977.000000,45749.000000,45971.000000,6148.0000
YM,2026.03.31,08:00:00,45965.000000,46067.000000,45726.000000,45953.000000,12414.0000
YM,2026.03.31,12:00:00,45955.000000,46135.000000,45723.000000,45882.000000,58091.0000
YM,2026.03.31,16:00:00,45879.000000,46643.000000,45861.000000,46574.000000,64249.0000
YM,2026.03.31,20:00:00,46574.000000,46652.000000,46492.000000,46639.000000,6944.0000
YM,2026.04.01,00:00:00,46637.000000,46693.000000,46585.000000,46608.000000,3900.0000
YM,2026.04.01,04:00:00,46611.000000,46917.000000,46604.000000,46779.000000,7632.0000
YM,2026.04.01,08:00:00,46778.000000,46986.000000,46702.000000,46960.000000,10290.0000
YM,2026.04.01,12:00:00,46958.000000,47090.000000,46707.000000,47024.000000,48483.0000
YM,2026.04.01,16:00:00,47023.000000,47043.000000,46759.000000,46811.000000,33181.0000
YM,2026.04.01,20:00:00,46810.000000,46851.000000,46774.000000,46803.000000,2834.0000
YM,2026.04.02,00:00:00,46797.000000,46926.000000,46313.000000,46320.000000,12007.0000
YM,2026.04.02,04:00:00,46326.000000,46395.000000,46202.000000,46387.000000,6089.0000
YM,2026.04.02,08:00:00,46392.000000,46418.000000,46122.000000,46122.000000,8007.0000
YM,2026.04.02,12:00:00,46123.000000,46987.000000,46076.000000,46649.000000,63781.0000
YM,2026.04.02,16:00:00,46648.000000,46760.000000,46513.000000,46736.000000,24331.0000
YM,2026.04.02,20:00:00,46736.000000,46773.000000,46701.000000,46741.000000,2307.0000
YM,2026.04.03,00:00:00,46744.000000,46781.000000,46650.000000,46678.000000,1722.0000
YM,2026.04.05,20:00:00,46569.000000,46569.000000,46362.000000,46471.000000,1802.0000
YM,2026.04.06,00:00:00,46475.000000,46758.000000,46467.000000,46603.000000,4584.0000
YM,2026.04.06,04:00:00,46600.000000,46773.000000,46592.000000,46744.000000,3279.0000
YM,2026.04.06,08:00:00,46744.000000,46830.000000,46615.000000,46666.000000,5260.0000
YM,2026.04.06,12:00:00,46668.000000,46933.000000,46560.000000,46843.000000,39135.0000
YM,2026.04.06,16:00:00,46843.000000,46913.000000,46681.000000,46911.000000,15551.0000
YM,2026.04.06,20:00:00,46910.000000,47052.000000,46882.000000,46927.000000,4859.0000
YM,2026.04.07,00:00:00,46926.000000,47016.000000,46700.000000,46787.000000,4000.0000
YM,2026.04.07,04:00:00,46786.000000,46829.000000,46737.000000,46809.000000,3192.0000
YM,2026.04.07,08:00:00,46810.000000,47040.000000,46644.000000,46698.000000,18188.0000
YM,2026.04.07,12:00:00,46703.000000,46870.000000,46425.000000,46520.000000,52529.0000
YM,2026.04.07,16:00:00,46530.000000,46854.000000,46473.000000,46815.000000,39173.0000
YM,2026.04.07,20:00:00,46813.000000,47817.000000,46770.000000,47740.000000,9417.0000
YM,2026.04.08,00:00:00,47738.000000,47879.000000,47641.000000,47830.000000,6873.0000
YM,2026.04.08,04:00:00,47832.000000,47977.000000,47832.000000,47854.000000,7318.0000
YM,2026.04.08,08:00:00,47851.000000,48144.000000,47838.000000,48089.000000,9818.0000
YM,2026.04.08,12:00:00,48091.000000,48261.000000,47789.000000,48046.000000,54475.0000
YM,2026.04.08,16:00:00,48047.000000,48165.000000,47910.000000,48141.000000,30386.0000
YM,2026.04.08,20:00:00,48141.000000,48161.000000,48080.000000,48091.000000,3038.0000
YM,2026.04.09,00:00:00,48090.000000,48140.000000,48045.000000,48076.000000,2902.0000
YM,2026.04.09,04:00:00,48082.000000,48105.000000,47946.000000,47982.000000,4668.0000
YM,2026.04.09,08:00:00,47982.000000,47996.000000,47902.000000,47967.000000,5187.0000
YM,2026.04.09,12:00:00,47967.000000,48304.000000,47920.000000,48299.000000,38992.0000
YM,2026.04.09,16:00:00,48298.000000,48555.000000,48298.000000,48411.000000,30850.0000
YM,2026.04.09,20:00:00,48411.000000,48428.000000,48351.000000,48373.000000,2735.0000
YM,2026.04.10,00:00:00,48376.000000,48419.000000,48349.000000,48377.000000,2528.0000
YM,2026.04.10,04:00:00,48375.000000,48391.000000,48322.000000,48378.000000,2096.0000
YM,2026.04.10,08:00:00,48379.000000,48424.000000,48284.000000,48388.000000,4547.0000
YM,2026.04.10,12:00:00,48391.000000,48520.000000,48146.000000,48158.000000,34448.0000
YM,2026.04.10,16:00:00,48158.000000,48182.000000,48073.000000,48130.000000,21892.0000
YM,2026.04.10,20:00:00,48130.000000,48184.000000,48093.000000,48178.000000,2484.0000
YM,2026.04.12,20:00:00,47665.000000,47670.000000,47534.000000,47634.000000,2843.0000
YM,2026.04.13,00:00:00,47635.000000,47772.000000,47600.000000,47739.000000,4443.0000
YM,2026.04.13,04:00:00,47735.000000,47903.000000,47723.000000,47873.000000,3981.0000
YM,2026.04.13,08:00:00,47872.000000,47987.000000,47615.000000,47627.000000,10109.0000
YM,2026.04.13,12:00:00,47634.000000,47991.000000,47617.000000,47887.000000,39696.0000
YM,2026.04.13,16:00:00,47886.000000,48440.000000,47872.000000,48420.000000,29019.0000
YM,2026.04.13,20:00:00,48419.000000,48458.000000,48406.000000,48420.000000,2951.0000
YM,2026.04.14,00:00:00,48421.000000,48455.000000,48392.000000,48425.000000,2900.0000
YM,2026.04.14,04:00:00,48423.000000,48502.000000,48391.000000,48477.000000,3568.0000
YM,2026.04.14,08:00:00,48477.000000,48534.000000,48344.000000,48454.000000,9757.0000
YM,2026.04.14,12:00:00,48455.000000,48774.000000,48389.000000,48744.000000,41563.0000
YM,2026.04.14,16:00:00,48743.000000,48808.000000,48643.000000,48759.000000,22789.0000
YM,2026.04.14,20:00:00,48760.000000,48792.000000,48722.000000,48757.000000,3288.0000
YM,2026.04.15,00:00:00,48756.000000,48784.000000,48724.000000,48767.000000,1926.0000
YM,2026.04.15,04:00:00,48765.000000,48797.000000,48705.000000,48738.000000,5130.0000
YM,2026.04.15,08:00:00,48740.000000,48841.000000,48665.000000,48769.000000,7698.0000
YM,2026.04.15,12:00:00,48767.000000,48911.000000,48502.000000,48509.000000,39771.0000
YM,2026.04.15,16:00:00,48509.000000,48705.000000,48482.000000,48667.000000,23875.0000
YM,2026.04.15,20:00:00,48666.000000,48743.000000,48626.000000,48736.000000,3419.0000
YM,2026.04.16,00:00:00,48737.000000,48775.000000,48711.000000,48713.000000,3349.0000
YM,2026.04.16,04:00:00,48710.000000,48741.000000,48685.000000,48695.000000,2612.0000
YM,2026.04.16,08:00:00,48695.000000,48757.000000,48648.000000,48752.000000,6061.0000
YM,2026.04.16,12:00:00,48753.000000,48871.000000,48529.000000,48757.000000,40348.0000
YM,2026.04.16,16:00:00,48757.000000,48809.000000,48636.000000,48764.000000,20602.0000
YM,2026.04.16,20:00:00,48765.000000,48868.000000,48760.000000,48853.000000,1948.0000
YM,2026.04.17,00:00:00,48851.000000,48851.000000,48817.000000,48826.000000,1471.0000
YM,2026.04.17,04:00:00,48826.000000,48921.000000,48822.000000,48913.000000,3589.0000
YM,2026.04.17,08:00:00,48912.000000,49020.000000,48897.000000,49011.000000,5414.0000
YM,2026.04.17,12:00:00,49011.000000,49874.000000,49000.000000,49860.000000,75065.0000
YM,2026.04.17,16:00:00,49855.000000,49924.000000,49606.000000,49637.000000,36071.0000
YM,2026.04.17,20:00:00,49639.000000,49674.000000,49627.000000,49641.000000,2116.0000
YM,2026.04.19,20:00:00,49226.000000,49262.000000,49146.000000,49168.000000,2532.0000
YM,2026.04.20,00:00:00,49172.000000,49311.000000,49141.000000,49273.000000,4581.0000
YM,2026.04.20,04:00:00,49269.000000,49309.000000,49245.000000,49282.000000,1549.0000
YM,2026.04.20,08:00:00,49641.000000,49641.000000,49318.000000,49403.000000,9318.0000
YM,2026.04.20,12:00:00,49405.000000,49686.000000,49382.000000,49602.000000,38731.0000
YM,2026.04.20,16:00:00,49603.000000,49643.000000,49515.000000,49640.000000,18861.0000
YM,2026.04.20,20:00:00,49641.000000,49740.000000,49622.000000,49707.000000,2966.0000
YM,2026.04.21,00:00:00,49707.000000,49749.000000,49658.000000,49695.000000,2587.0000
YM,2026.04.21,04:00:00,49697.000000,49770.000000,49639.000000,49710.000000,3087.0000
YM,2026.04.21,08:00:00,49704.000000,49982.000000,49682.000000,49922.000000,8585.0000
YM,2026.04.21,12:00:00,49921.000000,50043.000000,49491.000000,49553.000000,40898.0000
YM,2026.04.21,16:00:00,49556.000000,49635.000000,49229.000000,49337.000000,48726.0000
YM,2026.04.21,20:00:00,49340.000000,49607.000000,49293.000000,49542.000000,7045.0000
YM,2026.04.22,00:00:00,49542.000000,49594.000000,49542.000000,49556.000000,2340.0000
YM,2026.04.22,04:00:00,49552.000000,49648.000000,49521.000000,49612.000000,6488.0000
YM,2026.04.22,08:00:00,49610.000000,49648.000000,49500.000000,49642.000000,6050.0000
YM,2026.04.22,12:00:00,49643.000000,49810.000000,49598.000000,49664.000000,38592.0000
YM,2026.04.22,16:00:00,49664.000000,49694.000000,49515.000000,49664.000000,20523.0000
YM,2026.04.22,20:00:00,49663.000000,49671.000000,49420.000000,49493.000000,5153.0000
YM,2026.04.23,00:00:00,49492.000000,49492.000000,49130.000000,49318.000000,9106.0000
YM,2026.04.23,04:00:00,49314.000000,49444.000000,49297.000000,49420.000000,2665.0000
YM,2026.04.23,08:00:00,49417.000000,49454.000000,49252.000000,49444.000000,8553.0000
YM,2026.04.23,12:00:00,49444.000000,49703.000000,49331.000000,49597.000000,35144.0000
YM,2026.04.23,16:00:00,49599.000000,49606.000000,49036.000000,49484.000000,51649.0000
YM,2026.04.23,20:00:00,49483.000000,49485.000000,49357.000000,49464.000000,3190.0000
YM,2026.04.24,00:00:00,49467.000000,49494.000000,49320.000000,49350.000000,3739.0000
YM,2026.04.24,04:00:00,49345.000000,49450.000000,49337.000000,49428.000000,2981.0000
YM,2026.04.24,08:00:00,49424.000000,49598.000000,49257.000000,49474.000000,11883.0000
YM,2026.04.24,12:00:00,49477.000000,49517.000000,49243.000000,49411.000000,42590.0000
YM,2026.04.24,16:00:00,49410.000000,49429.000000,49289.000000,49388.000000,20462.0000
YM,2026.04.24,20:00:00,49389.000000,49432.000000,49360.000000,49392.000000,1886.0000
YM,2026.04.26,20:00:00,49255.000000,49308.000000,49229.000000,49280.000000,1136.0000
YM,2026.04.27,00:00:00,49279.000000,49385.000000,49250.000000,49348.000000,4005.0000
YM,2026.04.27,04:00:00,49346.000000,49356.000000,49269.000000,49308.000000,2553.0000
YM,2026.04.27,08:00:00,49306.000000,49357.000000,49279.000000,49340.000000,3365.0000
YM,2026.04.27,12:00:00,49344.000000,49522.000000,49190.000000,49284.000000,36420.0000
YM,2026.04.27,16:00:00,49281.000000,49389.000000,49269.000000,49346.000000,14667.0000
YM,2026.04.27,20:00:00,49347.000000,49429.000000,49325.000000,49397.000000,1805.0000
YM,2026.04.28,00:00:00,49398.000000,49439.000000,49372.000000,49401.000000,1994.0000
YM,2026.04.28,04:00:00,49401.000000,49411.000000,49320.000000,49390.000000,3453.0000
YM,2026.04.28,08:00:00,49390.000000,49549.000000,49321.000000,49447.000000,11301.0000
YM,2026.04.28,12:00:00,49452.000000,49548.000000,49237.000000,49402.000000,45734.0000
YM,2026.04.28,16:00:00,49402.000000,49445.000000,49231.000000,49297.000000,17281.0000
YM,2026.04.28,20:00:00,49296.000000,49384.000000,49272.000000,49380.000000,2760.0000
YM,2026.04.29,00:00:00,49383.000000,49417.000000,49340.000000,49380.000000,2285.0000
YM,2026.04.29,04:00:00,49380.000000,49404.000000,49320.000000,49345.000000,2296.0000
YM,2026.04.29,08:00:00,49347.000000,49381.000000,49247.000000,49294.000000,4669.0000
YM,2026.04.29,12:00:00,49295.000000,49320.000000,48880.000000,48930.000000,36098.0000
YM,2026.04.29,16:00:00,48931.000000,49033.000000,48846.000000,49020.000000,27847.0000
YM,2026.04.29,20:00:00,49022.000000,49133.000000,48776.000000,48851.000000,11057.0000
YM,2026.04.30,00:00:00,48853.000000,48908.000000,48734.000000,48771.000000,4937.0000
YM,2026.04.30,04:00:00,48764.000000,48780.000000,48608.000000,48749.000000,6513.0000
YM,2026.04.30,08:00:00,48749.000000,49394.000000,48748.000000,49285.000000,17678.0000
YM,2026.04.30,12:00:00,49284.000000,49752.000000,49184.000000,49745.000000,45637.0000
YM,2026.04.30,16:00:00,49745.000000,49916.000000,49663.000000,49816.000000,26965.0000
YM,2026.04.30,20:00:00,49818.000000,49945.000000,49772.000000,49905.000000,4966.0000
YM,2026.05.01,00:00:00,49911.000000,49948.000000,49886.000000,49898.000000,2076.0000
YM,2026.05.01,04:00:00,49896.000000,49916.000000,49868.000000,49871.000000,2206.0000
YM,2026.05.01,08:00:00,49874.000000,49985.000000,49860.000000,49962.000000,3766.0000
YM,2026.05.01,12:00:00,49966.000000,50138.000000,49783.000000,49808.000000,45666.0000
YM,2026.05.01,16:00:00,49809.000000,49845.000000,49631.000000,49641.000000,23368.0000
YM,2026.05.01,20:00:00,49641.000000,49659.000000,49561.000000,49646.000000,2663.0000
YM,2026.05.04,04:00:00,49646.000000,49650.000000,49562.000000,49585.000000,2380.0000
YM,2026.05.04,08:00:00,49582.000000,49584.000000,49225.000000,49447.000000,11316.0000
YM,2026.05.04,12:00:00,49445.000000,49562.000000,49138.000000,49191.000000,43368.0000
YM,2026.05.04,16:00:00,49193.000000,49231.000000,49016.000000,49086.000000,31723.0000
YM,2026.05.04,20:00:00,49085.000000,49123.000000,49028.000000,49093.000000,2279.0000
YM,2026.05.05,00:00:00,49091.000000,49134.000000,49060.000000,49126.000000,2207.0000
YM,2026.05.05,04:00:00,49126.000000,49265.000000,49105.000000,49184.000000,5507.0000
YM,2026.05.05,08:00:00,49188.000000,49260.000000,49143.000000,49241.000000,5649.0000
YM,2026.05.05,12:00:00,49241.000000,49430.000000,49123.000000,49295.000000,38737.0000
YM,2026.05.05,16:00:00,49297.000000,49477.000000,49294.000000,49413.000000,17394.0000
YM,2026.05.05,20:00:00,49415.000000,49554.000000,49350.000000,49493.000000,4294.0000
YM,2026.05.06,00:00:00,49494.000000,49571.000000,49484.000000,49527.000000,3298.0000
YM,2026.05.06,04:00:00,49524.000000,49548.000000,49460.000000,49543.000000,4324.0000
YM,2026.05.06,08:00:00,49542.000000,50063.000000,49506.000000,49921.000000,20757.0000
YM,2026.05.06,12:00:00,49920.000000,50091.000000,49730.000000,49961.000000,49519.0000
YM,2026.05.06,16:00:00,49961.000000,50135.000000,49885.000000,50026.000000,24622.0000
YM,2026.05.06,20:00:00,50024.000000,50056.000000,49984.000000,49995.000000,3316.0000
YM,2026.05.07,00:00:00,49994.000000,50107.000000,49992.000000,50096.000000,2392.0000
YM,2026.05.07,04:00:00,50093.000000,50217.000000,50079.000000,50139.000000,4349.0000
YM,2026.05.07,08:00:00,50143.000000,50171.000000,50018.000000,50091.000000,7108.0000
YM,2026.05.07,12:00:00,50087.000000,50238.000000,49820.000000,49917.000000,42797.0000
YM,2026.05.07,16:00:00,49919.000000,49924.000000,49581.000000,49702.000000,42112.0000
YM,2026.05.07,20:00:00,49701.000000,49830.000000,49582.000000,49715.000000,6173.0000
YM,2026.05.08,00:00:00,49722.000000,49784.000000,49701.000000,49767.000000,3420.0000
YM,2026.05.08,04:00:00,49767.000000,49807.000000,49724.000000,49782.000000,3250.0000
YM,2026.05.08,08:00:00,49784.000000,49874.000000,49746.000000,49854.000000,5047.0000
YM,2026.05.08,12:00:00,49853.000000,49958.000000,49669.000000,49749.000000,40685.0000
YM,2026.05.08,16:00:00,49749.000000,49788.000000,49585.000000,49704.000000,23771.0000
YM,2026.05.08,20:00:00,49703.000000,49751.000000,49683.000000,49691.000000,2298.0000
YM,2026.05.10,20:00:00,49514.000000,49603.000000,49468.000000,49554.000000,1560.0000
YM,2026.05.11,00:00:00,49554.000000,49615.000000,49479.000000,49593.000000,4171.0000
YM,2026.05.11,04:00:00,49589.000000,49652.000000,49572.000000,49626.000000,2404.0000
YM,2026.05.11,08:00:00,49628.000000,49709.000000,49595.000000,49613.000000,3947.0000
YM,2026.05.11,12:00:00,49614.000000,49813.000000,49562.000000,49708.000000,40746.0000
YM,2026.05.11,16:00:00,49707.000000,49871.000000,49660.000000,49805.000000,24288.0000
YM,2026.05.11,20:00:00,49805.000000,49841.000000,49759.000000,49807.000000,3089.0000
YM,2026.05.12,00:00:00,49807.000000,49813.000000,49714.000000,49768.000000,3639.0000
YM,2026.05.12,04:00:00,49771.000000,49794.000000,49644.000000,49770.000000,3635.0000
YM,2026.05.12,08:00:00,49772.000000,49805.000000,49710.000000,49763.000000,4841.0000
YM,2026.05.12,12:00:00,49763.000000,49832.000000,49397.000000,49619.000000,48015.0000
YM,2026.05.12,16:00:00,49619.000000,49924.000000,49579.000000,49874.000000,31526.0000
YM,2026.05.12,20:00:00,49874.000000,49888.000000,49813.000000,49814.000000,2884.0000
YM,2026.05.13,00:00:00,49814.000000,49881.000000,49814.000000,49869.000000,3217.0000
YM,2026.05.13,04:00:00,49868.000000,49894.000000,49828.000000,49856.000000,3002.0000
YM,2026.05.13,08:00:00,49862.000000,49876.000000,49698.000000,49730.000000,5383.0000
YM,2026.05.13,12:00:00,49730.000000,49767.000000,49534.000000,49635.000000,41026.0000
YM,2026.05.13,16:00:00,49635.000000,49841.000000,49603.000000,49793.000000,20692.0000
YM,2026.05.13,20:00:00,49793.000000,49924.000000,49778.000000,49902.000000,3579.0000
YM,2026.05.14,00:00:00,49900.000000,49929.000000,49872.000000,49898.000000,2465.0000
YM,2026.05.14,04:00:00,49904.000000,49991.000000,49895.000000,49910.000000,3765.0000
YM,2026.05.14,08:00:00,49904.000000,50193.000000,49896.000000,50162.000000,9046.0000
YM,2026.05.14,12:00:00,50161.000000,50270.000000,49954.000000,50266.000000,47743.0000
YM,2026.05.14,16:00:00,50266.000000,50292.000000,50051.000000,50156.000000,26879.0000
YM,2026.05.14,20:00:00,50156.000000,50177.000000,50105.000000,50112.000000,2492.0000
YM,2026.05.15,00:00:00,50110.000000,50117.000000,49952.000000,50044.000000,5112.0000
YM,2026.05.15,04:00:00,50040.000000,50045.000000,49924.000000,49930.000000,6198.0000
YM,2026.05.15,08:00:00,49934.000000,49988.000000,49746.000000,49803.000000,11215.0000
YM,2026.05.15,12:00:00,49802.000000,49851.000000,49586.000000,49649.000000,46580.0000
YM,2026.05.15,16:00:00,49656.000000,49793.000000,49597.000000,49618.000000,24546.0000
YM,2026.05.15,20:00:00,49618.000000,49619.000000,49435.000000,49617.000000,4252.0000
YM,2026.05.17,20:00:00,49532.000000,49554.000000,49374.000000,49450.000000,1832.0000
YM,2026.05.18,00:00:00,49446.000000,49446.000000,49161.000000,49194.000000,5672.0000
YM,2026.05.18,04:00:00,49190.000000,49342.000000,49152.000000,49290.000000,6717.0000
YM,2026.05.18,08:00:00,49291.000000,49524.000000,49192.000000,49429.000000,10126.0000
YM,2026.05.18,12:00:00,49430.000000,49845.000000,49419.000000,49589.000000,52696.0000
YM,2026.05.18,16:00:00,49588.000000,49781.000000,49428.000000,49770.000000,35674.0000
YM,2026.05.18,20:00:00,49771.000000,49818.000000,49714.000000,49760.000000,2291.0000
YM,2026.05.19,00:00:00,49758.000000,49818.000000,49694.000000,49728.000000,3366.0000
YM,2026.05.19,04:00:00,49723.000000,49837.000000,49606.000000,49829.000000,4171.0000
YM,2026.05.19,08:00:00,49831.000000,49838.000000,49598.000000,49611.000000,7928.0000
YM,2026.05.19,12:00:00,49611.000000,49708.000000,49324.000000,49530.000000,58906.0000
YM,2026.05.19,16:00:00,49533.000000,49695.000000,49403.000000,49453.000000,28302.0000
YM,2026.05.19,20:00:00,49454.000000,49544.000000,49398.000000,49488.000000,2485.0000
YM,2026.05.20,00:00:00,49482.000000,49482.000000,49294.000000,49353.000000,5944.0000
YM,2026.05.20,04:00:00,49357.000000,49493.000000,49348.000000,49427.000000,3893.0000
YM,2026.05.20,08:00:00,49425.000000,49609.000000,49404.000000,49547.000000,6489.0000
YM,2026.05.20,12:00:00,49546.000000,50022.000000,49301.000000,49934.000000,64876.0000
YM,2026.05.20,16:00:00,49934.000000,50160.000000,49874.000000,50093.000000,33099.0000
YM,2026.05.20,20:00:00,50093.000000,50110.000000,49946.000000,49983.000000,4903.0000
YM,2026.05.21,00:00:00,49981.000000,50048.000000,49913.000000,50022.000000,2892.0000
YM,2026.05.21,04:00:00,50020.000000,50081.000000,49951.000000,50007.000000,3888.0000
YM,2026.05.21,08:00:00,50007.000000,50282.000000,49893.000000,50004.000000,12816.0000
YM,2026.05.21,12:00:00,50006.000000,50160.000000,49774.000000,50008.000000,46416.0000
YM,2026.05.21,16:00:00,50010.000000,50470.000000,49930.000000,50372.000000,48375.0000
YM,2026.05.21,20:00:00,50370.000000,50474.000000,50367.000000,50456.000000,2804.0000
YM,2026.05.22,00:00:00,50456.000000,50543.000000,50434.000000,50542.000000,2459.0000
YM,2026.05.22,04:00:00,50544.000000,50571.000000,50465.000000,50523.000000,3621.0000
YM,2026.05.22,08:00:00,50522.000000,50598.000000,50443.000000,50557.000000,7790.0000
YM,2026.05.22,12:00:00,50556.000000,50865.000000,50549.000000,50771.000000,44955.0000
YM,2026.05.22,16:00:00,50770.000000,50920.000000,50645.000000,50652.000000,30601.0000
YM,2026.05.22,20:00:00,50653.000000,50696.000000,50610.000000,50662.000000,2433.0000
YM,2026.05.26,04:00:00,50976.000000,51028.000000,50916.000000,50948.000000,4116.0000
YM,2026.05.26,08:00:00,50952.000000,50975.000000,50865.000000,50945.000000,6528.0000
YM,2026.05.26,12:00:00,50944.000000,50949.000000,50508.000000,50551.000000,42309.0000
YM,2026.05.26,16:00:00,50549.000000,50581.000000,50425.000000,50560.000000,24335.0000
YM,2026.05.26,20:00:00,50559.000000,50601.000000,50500.000000,50592.000000,2431.0000
YM,2026.05.27,00:00:00,50595.000000,50616.000000,50566.000000,50588.000000,2336.0000
YM,2026.05.27,04:00:00,50588.000000,50680.000000,50568.000000,50664.000000,3213.0000
YM,2026.05.27,08:00:00,50662.000000,50797.000000,50568.000000,50581.000000,5859.0000
YM,2026.05.27,12:00:00,50582.000000,50896.000000,50508.000000,50693.000000,48153.0000
YM,2026.05.27,16:00:00,50695.000000,50790.000000,50659.000000,50717.000000,18179.0000
YM,2026.05.27,20:00:00,50717.000000,50819.000000,50656.000000,50724.000000,4260.0000
YM,2026.05.28,00:00:00,50718.000000,50791.000000,50618.000000,50634.000000,3835.0000
YM,2026.05.28,04:00:00,50623.000000,50735.000000,50594.000000,50705.000000,4066.0000
YM,2026.05.28,08:00:00,50705.000000,50724.000000,50578.000000,50636.000000,5031.0000
YM,2026.05.28,12:00:00,50636.000000,50855.000000,50386.000000,50766.000000,41519.0000
YM,2026.05.28,16:00:00,50767.000000,50791.000000,50637.000000,50744.000000,20598.0000
YM,2026.05.28,20:00:00,50743.000000,50801.000000,50730.000000,50735.000000,2424.0000
YM,2026.05.29,00:00:00,50733.000000,50782.000000,50704.000000,50767.000000,1863.0000
YM,2026.05.29,04:00:00,50770.000000,50811.000000,50747.000000,50787.000000,2330.0000
YM,2026.05.29,08:00:00,50789.000000,50907.000000,50768.000000,50902.000000,5441.0000
YM,2026.05.29,12:00:00,50903.000000,51140.000000,50730.000000,51109.000000,49831.0000
YM,2026.05.29,16:00:00,51109.000000,51139.000000,50968.000000,51083.000000,30182.0000
YM,2026.05.29,20:00:00,51083.000000,51099.000000,51035.000000,51077.000000,3267.0000
YM,2026.05.31,20:00:00,51026.000000,51123.000000,51020.000000,51108.000000,930.0000
YM,2026.06.01,00:00:00,51110.000000,51172.000000,51091.000000,51117.000000,3707.0000
YM,2026.06.01,04:00:00,51120.000000,51139.000000,51085.000000,51121.000000,2876.0000
YM,2026.06.01,08:00:00,51121.000000,51384.000000,51119.000000,51303.000000,8184.0000
YM,2026.06.01,12:00:00,51303.000000,51309.000000,50824.000000,50969.000000,51897.0000
YM,2026.06.01,16:00:00,50971.000000,51176.000000,50867.000000,51134.000000,29561.0000
YM,2026.06.01,20:00:00,51135.000000,51147.000000,50964.000000,50985.000000,3198.0000
YM,2026.06.02,00:00:00,50988.000000,50997.000000,50871.000000,50929.000000,3941.0000
YM,2026.06.02,04:00:00,50927.000000,51082.000000,50915.000000,51077.000000,3976.0000
YM,2026.06.02,08:00:00,51078.000000,51084.000000,50891.000000,50908.000000,6008.0000
YM,2026.06.02,12:00:00,50906.000000,51347.000000,50841.000000,51264.000000,53669.0000
YM,2026.06.02,16:00:00,51262.000000,51443.000000,51212.000000,51397.000000,24019.0000
YM,2026.06.02,20:00:00,51397.000000,51441.000000,51273.000000,51402.000000,4789.0000
YM,2026.06.03,00:00:00,51400.000000,51418.000000,51359.000000,51378.000000,2270.0000
YM,2026.06.03,04:00:00,51378.000000,51385.000000,51267.000000,51284.000000,3738.0000
YM,2026.06.03,08:00:00,51280.000000,51287.000000,51174.000000,51252.000000,6888.0000
YM,2026.06.03,12:00:00,51253.000000,51264.000000,50880.000000,50941.000000,47977.0000
YM,2026.06.03,16:00:00,50943.000000,50975.000000,50787.000000,50808.000000,28267.0000
YM,2026.06.03,20:00:00,50809.000000,50850.000000,50738.000000,50815.000000,6588.0000
YM,2026.06.04,00:00:00,50813.000000,50847.000000,50756.000000,50793.000000,3162.0000
YM,2026.06.04,04:00:00,50799.000000,50935.000000,50775.000000,50912.000000,3716.0000
YM,2026.06.04,08:00:00,50910.000000,51219.000000,50891.000000,51209.000000,11567.0000
YM,2026.06.04,12:00:00,51209.000000,51676.000000,51182.000000,51625.000000,61985.0000
YM,2026.06.04,16:00:00,51624.000000,51752.000000,51560.000000,51661.000000,36544.0000
YM,2026.06.04,20:00:00,51663.000000,51688.000000,51633.000000,51636.000000,3840.0000
YM,2026.06.05,00:00:00,51635.000000,51650.000000,51585.000000,51605.000000,4694.0000
YM,2026.06.05,04:00:00,51607.000000,51705.000000,51596.000000,51662.000000,5249.0000
YM,2026.06.05,08:00:00,51659.000000,51813.000000,51639.000000,51713.000000,8137.0000
YM,2026.06.05,12:00:00,51712.000000,51849.000000,51305.000000,51305.000000,59569.0000
YM,2026.06.05,16:00:00,51304.000000,51338.000000,50837.000000,50932.000000,57619.0000
YM,2026.06.05,20:00:00,50933.000000,50936.000000,50736.000000,50936.000000,6410.0000
YM,2026.06.07,20:00:00,50733.000000,50907.000000,50624.000000,50859.000000,4259.0000
YM,2026.06.08,00:00:00,50857.000000,50913.000000,50674.000000,50853.000000,7990.0000
YM,2026.06.08,04:00:00,50859.000000,50873.000000,50674.000000,50823.000000,7249.0000
YM,2026.06.08,08:00:00,50826.000000,51112.000000,50734.000000,51051.000000,13451.0000
YM,2026.06.08,12:00:00,51051.000000,51331.000000,50935.000000,51007.000000,54169.0000
YM,2026.06.08,16:00:00,51007.000000,51071.000000,50793.000000,50852.000000,32141.0000
YM,2026.06.08,20:00:00,50853.000000,50869.000000,50712.000000,50800.000000,2776.0000
YM,2026.06.09,00:00:00,50798.000000,50908.000000,50685.000000,50896.000000,4186.0000
YM,2026.06.09,04:00:00,50894.000000,50962.000000,50834.000000,50874.000000,5069.0000
YM,2026.06.09,08:00:00,50873.000000,51039.000000,50843.000000,50918.000000,7736.0000
YM,2026.06.09,12:00:00,50918.000000,51315.000000,50488.000000,50507.000000,70942.0000
YM,2026.06.09,16:00:00,50510.000000,50965.000000,50262.000000,50901.000000,73369.0000
YM,2026.06.09,20:00:00,50898.000000,50928.000000,50734.000000,50802.000000,4497.0000
YM,2026.06.10,00:00:00,50806.000000,50906.000000,50746.000000,50818.000000,5559.0000
YM,2026.06.10,04:00:00,50824.000000,50870.000000,50733.000000,50758.000000,4931.0000
YM,2026.06.10,08:00:00,50759.000000,50763.000000,50316.000000,50482.000000,15548.0000
YM,2026.06.10,12:00:00,50480.000000,50825.000000,50193.000000,50371.000000,78807.0000
YM,2026.06.10,16:00:00,50374.000000,50407.000000,49966.000000,49975.000000,47315.0000
YM,2026.06.10,20:00:00,49977.000000,49987.000000,49758.000000,49837.000000,8813.0000
YM,2026.06.11,00:00:00,49837.000000,50111.000000,49827.000000,50101.000000,7627.0000
YM,2026.06.11,04:00:00,50104.000000,50320.000000,50050.000000,50291.000000,6022.0000
YM,2026.06.11,08:00:00,50288.000000,50405.000000,50268.000000,50389.000000,9535.0000
YM,2026.06.11,12:00:00,50388.000000,50449.000000,50098.000000,50285.000000,66507.0000
YM,2026.06.11,16:00:00,50285.000000,51017.000000,50163.000000,50871.000000,50997.0000
YM,2026.06.11,20:00:00,50870.000000,50988.000000,50856.000000,50964.000000,3570.0000
YM,2026.06.12,00:00:00,50958.000000,50965.000000,50836.000000,50919.000000,1925.0000
YM,2026.06.12,04:00:00,50919.000000,51406.000000,50837.000000,51352.000000,4860.0000
YM,2026.06.12,08:00:00,51353.000000,51723.000000,51349.000000,51622.000000,7367.0000
YM,2026.06.12,12:00:00,51620.000000,51821.000000,51230.000000,51509.000000,42375.0000
YM,2026.06.12,16:00:00,51506.000000,51703.000000,51438.000000,51603.000000,23884.0000
YM,2026.06.12,20:00:00,51600.000000,51661.000000,51591.000000,51605.000000,2484.0000
YM,2026.06.14,20:00:00,51950.000000,51962.000000,51846.000000,51941.000000,1202.0000
YM,2026.06.15,00:00:00,51939.000000,52080.000000,51923.000000,52053.000000,3756.0000
YM,2026.06.15,04:00:00,52056.000000,52161.000000,52039.000000,52104.000000,4705.0000
YM,2026.06.15,08:00:00,52100.000000,52154.000000,52012.000000,52096.000000,7407.0000
YM,2026.06.15,12:00:00,52099.000000,52365.000000,52052.000000,52343.000000,60033.0000
YM,2026.06.15,16:00:00,52343.000000,52380.000000,52087.000000,52150.000000,37119.0000
YM,2026.06.15,20:00:00,52151.000000,52167.000000,52080.000000,52107.000000,3215.0000
YM,2026.06.16,00:00:00,52107.000000,52175.000000,52093.000000,52146.000000,1835.0000
YM,2026.06.16,04:00:00,52151.000000,52240.000000,52114.000000,52207.000000,3101.0000
YM,2026.06.16,08:00:00,52210.000000,52238.000000,52135.000000,52169.000000,6639.0000
YM,2026.06.16,12:00:00,52174.000000,52588.000000,52164.000000,52561.000000,53312.0000
YM,2026.06.16,16:00:00,52559.000000,52638.000000,52444.000000,52478.000000,38980.0000
YM,2026.06.16,20:00:00,52476.000000,52527.000000,52408.000000,52513.000000,3793.0000
YM,2026.06.17,00:00:00,52515.000000,52568.000000,52505.000000,52540.000000,2249.0000
YM,2026.06.17,04:00:00,52537.000000,52544.000000,52454.000000,52463.000000,4041.0000
YM,2026.06.17,08:00:00,52463.000000,52492.000000,52397.000000,52433.000000,5955.0000
YM,2026.06.17,12:00:00,52435.000000,52734.000000,52407.000000,52669.000000,44112.0000
YM,2026.06.17,16:00:00,52674.000000,52700.000000,51839.000000,51944.000000,57237.0000
YM,2026.06.17,20:00:00,51944.000000,52177.000000,51929.000000,52175.000000,5298.0000
YM,2026.06.18,00:00:00,52176.000000,52273.000000,52167.000000,52242.000000,3575.0000
YM,2026.06.18,04:00:00,52243.000000,52256.000000,52159.000000,52234.000000,3871.0000
YM,2026.06.18,08:00:00,52237.000000,52283.000000,52006.000000,52048.000000,7113.0000
YM,2026.06.18,12:00:00,52046.000000,52378.000000,52005.000000,52083.000000,42732.0000
YM,2026.06.18,16:00:00,52085.000000,52202.000000,51964.000000,51975.000000,28124.0000
YM,2026.06.18,20:00:00,51975.000000,52088.000000,51967.000000,52006.000000,3125.0000
YM,2026.06.19,00:00:00,52005.000000,52006.000000,51842.000000,51875.000000,1940.0000
YM,2026.06.21,20:00:00,51870.000000,51888.000000,51712.000000,51760.000000,2421.0000
YM,2026.06.22,00:00:00,51762.000000,51964.000000,51743.000000,51841.000000,3541.0000
YM,2026.06.22,04:00:00,51844.000000,52000.000000,51804.000000,51948.000000,3455.0000
YM,2026.06.22,08:00:00,51953.000000,52101.000000,51888.000000,52048.000000,6880.0000
YM,2026.06.22,12:00:00,52047.000000,52305.000000,51888.000000,52168.000000,37237.0000
YM,2026.06.22,16:00:00,52168.000000,52202.000000,51888.000000,52113.000000,20454.0000
YM,2026.06.22,20:00:00,52114.000000,52207.000000,51888.000000,52152.000000,2854.0000
YM,2026.06.23,00:00:00,52150.000000,52260.000000,52046.000000,52090.000000,5278.0000
YM,2026.06.23,04:00:00,52102.000000,52122.000000,51695.000000,51730.000000,7824.0000
YM,2026.06.23,08:00:00,51736.000000,51966.000000,51691.000000,51922.000000,10992.0000
YM,2026.06.23,12:00:00,51922.000000,52206.000000,51693.000000,52142.000000,41001.0000
YM,2026.06.23,16:00:00,52144.000000,52281.000000,52044.000000,52069.000000,25677.0000
YM,2026.06.23,20:00:00,52069.000000,52128.000000,51970.000000,52089.000000,2845.0000
YM,2026.06.24,00:00:00,52087.000000,52125.000000,51982.000000,52073.000000,3822.0000
YM,2026.06.24,04:00:00,52069.000000,52088.000000,51961.000000,51983.000000,3241.0000
YM,2026.06.24,08:00:00,51986.000000,52174.000000,51965.000000,52171.000000,4594.0000
YM,2026.06.24,12:00:00,52171.000000,52676.000000,51933.000000,52577.000000,41424.0000
YM,2026.06.24,16:00:00,52577.000000,52608.000000,52158.000000,52284.000000,32931.0000
YM,2026.06.24,20:00:00,52285.000000,52417.000000,52256.000000,52325.000000,6886.0000
YM,2026.06.25,00:00:00,52330.000000,52334.000000,52230.000000,52297.000000,3162.0000
YM,2026.06.25,04:00:00,52299.000000,52363.000000,52215.000000,52342.000000,2960.0000
YM,2026.06.25,08:00:00,52345.000000,52462.000000,52293.000000,52338.000000,4552.0000
YM,2026.06.25,12:00:00,52338.000000,53097.000000,52307.000000,52667.000000,59234.0000
YM,2026.06.25,16:00:00,52671.000000,52746.000000,52289.000000,52366.000000,34680.0000
YM,2026.06.25,20:00:00,52365.000000,52526.000000,52361.000000,52386.000000,4783.0000
YM,2026.06.26,00:00:00,52392.000000,52472.000000,52188.000000,52262.000000,5719.0000
YM,2026.06.26,04:00:00,52278.000000,52446.000000,52166.000000,52435.000000,5627.0000
YM,2026.06.26,08:00:00,52433.000000,52457.000000,52234.000000,52279.000000,6793.0000
YM,2026.06.26,12:00:00,52278.000000,52542.000000,52008.000000,52501.000000,47160.0000
YM,2026.06.26,16:00:00,52505.000000,52507.000000,52128.000000,52176.000000,29374.0000
YM,2026.06.26,20:00:00,52178.000000,52309.000000,52144.000000,52209.000000,5399.0000
YM,2026.06.28,20:00:00,52324.000000,52450.000000,52294.000000,52404.000000,1025.0000
YM,2026.06.29,00:00:00,52401.000000,52404.000000,52259.000000,52383.000000,4449.0000
YM,2026.06.29,04:00:00,52382.000000,52439.000000,52290.000000,52412.000000,3416.0000
YM,2026.06.29,08:00:00,52413.000000,52499.000000,52336.000000,52465.000000,4358.0000
YM,2026.06.29,12:00:00,52465.000000,52700.000000,52324.000000,52489.000000,48948.0000
YM,2026.06.29,16:00:00,52491.000000,52656.000000,52454.000000,52552.000000,22430.0000
YM,2026.06.29,20:00:00,52551.000000,52580.000000,52494.000000,52520.000000,2712.0000
YM,2026.06.30,00:00:00,52515.000000,52589.000000,52468.000000,52566.000000,2213.0000
YM,2026.06.30,04:00:00,52562.000000,52639.000000,52555.000000,52590.000000,2395.0000
YM,2026.06.30,08:00:00,52590.000000,52714.000000,52543.000000,52614.000000,7113.0000
YM,2026.06.30,12:00:00,52615.000000,52733.000000,52383.000000,52679.000000,36973.0000
YM,2026.06.30,16:00:00,52679.000000,52763.000000,52645.000000,52665.000000,20686.0000
YM,2026.06.30,20:00:00,52666.000000,52706.000000,52546.000000,52573.000000,3527.0000
YM,2026.07.01,00:00:00,52574.000000,52625.000000,52464.000000,52499.000000,2736.0000
YM,2026.07.01,04:00:00,52497.000000,52533.000000,52427.000000,52494.000000,2503.0000
YM,2026.07.01,08:00:00,52497.000000,52586.000000,52478.000000,52518.000000,4507.0000
YM,2026.07.01,12:00:00,52520.000000,52989.000000,52381.000000,52985.000000,44037.0000
YM,2026.07.01,16:00:00,52987.000000,53105.000000,52654.000000,52663.000000,27667.0000
YM,2026.07.01,20:00:00,52663.000000,52666.000000,52569.000000,52604.000000,3430.0000
YM,2026.07.02,00:00:00,52605.000000,52735.000000,52562.000000,52720.000000,3359.0000
YM,2026.07.02,04:00:00,52718.000000,52719.000000,52551.000000,52632.000000,4106.0000
YM,2026.07.02,08:00:00,52634.000000,52781.000000,52616.000000,52730.000000,4797.0000
YM,2026.07.02,12:00:00,52729.000000,53141.000000,52712.000000,53009.000000,49410.0000
YM,2026.07.02,16:00:00,53009.000000,53218.000000,52766.000000,53172.000000,32436.0000
YM,2026.07.02,20:00:00,53172.000000,53226.000000,53134.000000,53220.000000,3824.0000
YM,2026.07.03,00:00:00,53218.000000,53400.000000,53190.000000,53336.000000,3494.0000
YM,2026.07.05,20:00:00,53230.000000,53257.000000,53140.000000,53255.000000,1053.0000
YM,2026.07.06,00:00:00,53257.000000,53296.000000,53153.000000,53162.000000,4364.0000
YM,2026.07.06,04:00:00,53165.000000,53299.000000,53148.000000,53294.000000,2952.0000
YM,2026.07.06,08:00:00,53291.000000,53310.000000,53107.000000,53118.000000,4815.0000
YM,2026.07.06,12:00:00,53117.000000,53382.000000,52962.000000,53181.000000,36708.0000
YM,2026.07.06,16:00:00,53180.000000,53385.000000,53143.000000,53382.000000,19046.0000
YM,2026.07.06,20:00:00,53383.000000,53440.000000,53162.000000,53365.000000,3350.0000
YM,2026.07.07,00:00:00,53363.000000,53471.000000,53355.000000,53419.000000,3174.0000
YM,2026.07.07,04:00:00,53426.000000,53478.000000,53341.000000,53442.000000,3516.0000
YM,2026.07.07,08:00:00,53444.000000,53533.000000,53408.000000,53518.000000,4878.0000
YM,2026.07.07,12:00:00,53517.000000,53656.000000,53076.000000,53179.000000,46654.0000
YM,2026.07.07,16:00:00,53180.000000,53265.000000,53125.000000,53208.000000,25487.0000
YM,2026.07.07,20:00:00,53209.000000,53211.000000,53129.000000,53135.000000,3742.0000
YM,2026.07.08,00:00:00,53135.000000,53207.000000,53095.000000,53139.000000,3509.0000
YM,2026.07.08,04:00:00,53138.000000,53197.000000,52978.000000,52992.000000,3840.0000
YM,2026.07.08,08:00:00,52996.000000,53009.000000,52470.000000,52690.000000,17195.0000
YM,2026.07.08,12:00:00,52687.000000,52816.000000,52343.000000,52387.000000,41970.0000
YM,2026.07.08,16:00:00,52387.000000,52691.000000,52384.000000,52621.000000,23035.0000
YM,2026.07.08,20:00:00,52622.000000,52626.000000,52530.000000,52599.000000,2555.0000
YM,2026.07.09,00:00:00,52597.000000,52701.000000,52576.000000,52691.000000,3279.0000
YM,2026.07.09,04:00:00,52695.000000,52760.000000,52670.000000,52699.000000,3268.0000
YM,2026.07.09,08:00:00,52699.000000,52714.000000,52501.000000,52590.000000,4762.0000
YM,2026.07.09,12:00:00,52587.000000,52853.000000,52549.000000,52774.000000,30507.0000
YM,2026.07.09,16:00:00,52775.000000,52865.000000,52698.000000,52768.000000,19903.0000
YM,2026.07.09,20:00:00,52770.000000,52786.000000,52710.000000,52751.000000,2232.0000
YM,2026.07.10,00:00:00,52750.000000,52762.000000,52714.000000,52738.000000,2119.0000
YM,2026.07.10,04:00:00,52736.000000,52847.000000,52704.000000,52807.000000,2997.0000
YM,2026.07.10,08:00:00,52809.000000,52895.000000,52769.000000,52823.000000,5504.0000
YM,2026.07.10,12:00:00,52824.000000,52952.000000,52506.000000,52867.000000,35641.0000
YM,2026.07.10,16:00:00,52867.000000,52985.000000,52813.000000,52915.000000,16103.0000
YM,2026.07.10,20:00:00,52916.000000,52992.000000,52906.000000,52906.000000,1828.0000
YM,2026.07.12,20:00:00,52800.000000,52821.000000,52751.000000,52805.000000,822.0000
YM,2026.07.13,00:00:00,52806.000000,52843.000000,52689.000000,52692.000000,3681.0000
YM,2026.07.13,04:00:00,52696.000000,52893.000000,52656.000000,52850.000000,4455.0000
YM,2026.07.13,08:00:00,52853.000000,52983.000000,52830.000000,52845.000000,4365.0000
YM,2026.07.13,12:00:00,52843.000000,53113.000000,52744.000000,52752.000000,33999.0000
YM,2026.07.13,16:00:00,52752.000000,52790.000000,52603.000000,52764.000000,22194.0000
YM,2026.07.13,20:00:00,52765.000000,52765.000000,52641.000000,52693.000000,2631.0000
YM,2026.07.14,00:00:00,52695.000000,52719.000000,52559.000000,52597.000000,3810.0000
YM,2026.07.14,04:00:00,52597.000000,52743.000000,52570.000000,52632.000000,4027.0000
YM,2026.07.14,08:00:00,52632.000000,52767.000000,52255.000000,52462.000000,17385.0000
YM,2026.07.14,12:00:00,52461.000000,52981.000000,52413.000000,52664.000000,51535.0000
YM,2026.07.14,16:00:00,52665.000000,52824.000000,52595.000000,52780.000000,19358.0000
YM,2026.07.14,20:00:00,52782.000000,52869.000000,52759.000000,52859.000000,2056.0000
YM,2026.07.15,00:00:00,52864.000000,52869.000000,52775.000000,52845.000000,1869.0000
YM,2026.07.15,04:00:00,52846.000000,52872.000000,52700.000000,52750.000000,3651.0000
YM,2026.07.15,08:00:00,52753.000000,52924.000000,52742.000000,52810.000000,6570.0000
YM,2026.07.15,12:00:00,52810.000000,53088.000000,52763.000000,52888.000000,37214.0000
YM,2026.07.15,16:00:00,52889.000000,52951.000000,52680.000000,52913.000000,22654.0000
YM,2026.07.15,20:00:00,52915.000000,52941.000000,52883.000000,52909.000000,2030.0000
YM,2026.07.16,00:00:00,52907.000000,52969.000000,52854.000000,52959.000000,2277.0000
YM,2026.07.16,04:00:00,52957.000000,52994.000000,52832.000000,52846.000000,3788.0000
YM,2026.07.16,08:00:00,52847.000000,53057.000000,52835.000000,52981.000000,9934.0000
YM,2026.07.16,12:00:00,52980.000000,53108.000000,52850.000000,53009.000000,38296.0000
YM,2026.07.16,16:00:00,53009.000000,53016.000000,52607.000000,52786.000000,27305.0000
YM,2026.07.16,20:00:00,52784.000000,52789.000000,52684.000000,52693.000000,2685.0000
YM,2026.07.17,00:00:00,52694.000000,52705.000000,52448.000000,52452.000000,4326.0000
YM,2026.07.17,04:00:00,52451.000000,52537.000000,52323.000000,52515.000000,6500.0000
YM,2026.07.17,08:00:00,52514.000000,52574.000000,52368.000000,52506.000000,11642.0000
YM,2026.07.17,12:00:00,52504.000000,52835.000000,52174.000000,52744.000000,55279.0000
YM,2026.07.17,16:00:00,52746.000000,52755.000000,52334.000000,52374.000000,30225.0000
YM,2026.07.17,20:00:00,52373.000000,52393.000000,52317.000000,52375.000000,3067.0000
YM,2026.07.19,20:00:00,52287.000000,52365.000000,52269.000000,52352.000000,931.0000
YM,2026.07.20,00:00:00,52357.000000,52402.000000,52282.000000,52342.000000,3087.0000
YM,2026.07.20,04:00:00,52346.000000,52470.000000,52270.000000,52430.000000,3992.0000
YM,2026.07.20,08:00:00,52430.000000,52622.000000,52430.000000,52578.000000,7126.0000
YM,2026.07.20,12:00:00,52578.000000,52633.000000,52138.000000,52231.000000,31668.0000
YM,2026.07.20,16:00:00,52231.000000,52304.000000,51999.000000,52079.000000,22945.0000
YM,2026.07.20,20:00:00,52080.000000,52120.000000,52035.000000,52095.000000,2813.0000
YM,2026.07.21,00:00:00,52092.000000,52195.000000,52035.000000,52195.000000,2547.0000
YM,2026.07.21,04:00:00,52204.000000,52325.000000,52190.000000,52231.000000,4358.0000
YM,2026.07.21,08:00:00,52234.000000,52326.000000,52186.000000,52198.000000,5758.0000
YM,2026.07.21,12:00:00,52202.000000,52456.000000,52089.000000,52430.000000,32150.0000
YM,2026.07.21,16:00:00,52430.000000,52590.000000,52412.000000,52442.000000,18169.0000
YM,2026.07.21,20:00:00,52441.000000,52450.000000,52407.000000,52426.000000,1669.0000
YM,2026.07.22,00:00:00,52423.000000,52449.000000,52375.000000,52384.000000,3019.0000
YM,2026.07.22,04:00:00,52390.000000,52430.000000,52266.000000,52309.000000,6285.0000
YM,2026.07.22,08:00:00,52308.000000,52477.000000,52282.000000,52304.000000,13937.0000
YM,2026.07.22,12:00:00,52303.000000,52721.000000,52262.000000,52619.000000,38074.0000
YM,2026.07.22,16:00:00,52620.000000,52653.000000,52414.000000,52426.000000,18927.0000
YM,2026.07.22,20:00:00,52429.000000,52542.000000,52354.000000,52424.000000,4782.0000
YM,2026.07.23,00:00:00,52426.000000,52515.000000,52376.000000,52392.000000,3542.0000
YM,2026.07.23,04:00:00,52388.000000,52416.000000,52131.000000,52200.000000,4471.0000
YM,2026.07.23,08:00:00,52201.000000,52332.000000,52096.000000,52151.000000,7438.0000
YM,2026.07.23,12:00:00,52149.000000,52149.000000,51720.000000,51892.000000,54941.0000
YM,2026.07.23,16:00:00,51895.000000,52017.000000,51775.000000,51893.000000,26280.0000
YM,2026.07.23,20:00:00,51893.000000,51924.000000,51846.000000,51888.000000,3224.0000
YM,2026.07.24,00:00:00,51886.000000,51975.000000,51875.000000,51897.000000,3517.0000
YM,2026.07.24,04:00:00,51900.000000,52116.000000,51880.000000,52073.000000,4576.0000
YM,2026.07.24,08:00:00,52071.000000,52196.000000,52045.000000,52123.000000,7798.0000
YM,2026.07.24,12:00:00,52125.000000,52305.000000,51876.000000,52271.000000,42977.0000
YM,2026.07.24,16:00:00,52273.000000,52314.000000,52012.000000,52126.000000,27504.0000
YM,2026.07.24,20:00:00,52126.000000,52143.000000,52059.000000,52124.000000,1757.0000
YM,2026.07.26,20:00:00,52381.000000,52460.000000,52334.000000,52452.000000,885.0000
YM,2026.07.27,00:00:00,52451.000000,52480.000000,52337.000000,52427.000000,3234.0000
YM,2026.07.27,04:00:00,52431.000000,52599.000000,52422.000000,52517.000000,4154.0000
YM,2026.07.27,08:00:00,52514.000000,52717.000000,52505.000000,52699.000000,5721.0000
YM,2026.07.27,12:00:00,52700.000000,52790.000000,52187.000000,52223.000000,46168.0000
YM,2026.07.27,16:00:00,52224.000000,52408.000000,52173.000000,52380.000000,26668.0000
YM,2026.07.27,20:00:00,52381.000000,52438.000000,52355.000000,52402.000000,2314.0000
YM,2026.07.28,00:00:00,52406.000000,52422.000000,52290.000000,52417.000000,4252.0000
YM,2026.07.28,04:00:00,52408.000000,52493.000000,52354.000000,52439.000000,4334.0000
YM,2026.07.28,08:00:00,52437.000000,52778.000000,52411.000000,52769.000000,11055.0000
YM,2026.07.28,12:00:00,52768.000000,53076.000000,52616.000000,53064.000000,50577.0000
YM,2026.07.28,16:00:00,53065.000000,53105.000000,52925.000000,52945.000000,27377.0000
YM,2026.07.28,20:00:00,52944.000000,53001.000000,52825.000000,52966.000000,5309.0000
YM,2026.07.29,00:00:00,52967.000000,53033.000000,52817.000000,52825.000000,5300.0000
YM,2026.07.29,04:00:00,52829.000000,53008.000000,52809.000000,52994.000000,5745.0000
YM,2026.07.29,08:00:00,52995.000000,53023.000000,52749.000000,52761.000000,8714.0000
YM,2026.07.29,12:00:00,52761.000000,52762.000000,52018.000000,52056.000000,54411.0000
YM,2026.07.29,16:00:00,52056.000000,52428.000000,51698.000000,51765.000000,57214.0000
YM,2026.07.29,20:00:00,51760.000000,51962.000000,51630.000000,51918.000000,7582.0000
YM,2026.07.30,00:00:00,51918.000000,51951.000000,51804.000000,51829.000000,5174.0000
YM,2026.07.30,04:00:00,51834.000000,51926.000000,51732.000000,51803.000000,5602.0000
YM,2026.07.30,08:00:00,51803.000000,52048.000000,51775.000000,52012.000000,7726.0000
YM,2026.07.30,12:00:00,52013.000000,52133.000000,51800.000000,52081.000000,42887.0000
YM,2026.07.30,16:00:00,52083.000000,52415.000000,52062.000000,52378.000000,25574.0000
YM,2026.07.30,20:00:00,52377.000000,52504.000000,52364.000000,52482.000000,5509.0000
YM,2026.07.31,00:00:00,52482.000000,52594.000000,52461.000000,52575.000000,4090.0000
YM,2026.07.31,04:00:00,52570.000000,52692.000000,52551.000000,52660.000000,4404.0000
YM,2026.07.31,08:00:00,52659.000000,52742.000000,52594.000000,52662.000000,6532.0000
YM,2026.07.31,12:00:00,52662.000000,52664.000000,52124.000000,52537.000000,44728.0000
YM,2026.07.31,16:00:00,52534.000000,52772.000000,52490.000000,52635.000000,23581.0000
YM,2026.07.31,20:00:00,52637.000000,52686.000000,52494.000000,52635.000000,2908.0000
YM,2026.08.02,20:00:00,52835.000000,52859.000000,52785.000000,52816.000000,1360.0000
YM,2026.08.03,00:00:00,52812.000000,52920.000000,52777.000000,52906.000000,3033.0000
YM,2026.08.03,04:00:00,52905.000000,52957.000000,52847.000000,52954.000000,3269.0000
YM,2026.08.03,08:00:00,52953.000000,53204.000000,52919.000000,53171.000000,7321.0000
YM,2026.08.03,12:00:00,53172.000000,53377.000000,53123.000000,53173.000000,44202.0000
YM,2026.08.03,16:00:00,53173.000000,53376.000000,53078.000000,53333.000000,25533.0000
YM,2026.08.03,20:00:00,53335.000000,53445.000000,53332.000000,53405.000000,3168.0000
YM,2026.08.04,00:00:00,53406.000000,53491.000000,53393.000000,53480.000000,3496.0000
YM,2026.08.04,04:00:00,53481.000000,53481.000000,53397.000000,53423.000000,3226.0000
YM,2026.08.04,08:00:00,53423.000000,53947.000000,53267.000000,53910.000000,18403.0000
YM,2026.08.04,12:00:00,53910.000000,54256.000000,53804.000000,54192.000000,50048.0000
YM,2026.08.04,16:00:00,54191.000000,54423.000000,54190.000000,54253.000000,30522.0000
YM,2026.08.04,20:00:00,54253.000000,54388.000000,54248.000000,54350.000000,4623.0000
YM,2026.08.05,00:00:00,54351.000000,54493.000000,54345.000000,54492.000000,3582.0000
YM,2026.08.05,04:00:00,54489.000000,54501.000000,54357.000000,54405.000000,3779.0000
YM,2026.08.05,08:00:00,54406.000000,54524.000000,54363.000000,54508.000000,4643.0000
YM,2026.08.05,12:00:00,54507.000000,54884.000000,54451.000000,54641.000000,38354.0000
YM,2026.08.05,16:00:00,54638.000000,54736.000000,54483.000000,54486.000000,20740.0000
YM,2026.08.05,20:00:00,54486.000000,54601.000000,54480.000000,54582.000000,3349.0000
YM,2026.08.06,00:00:00,54584.000000,54625.000000,54548.000000,54609.000000,2120.0000
YM,2026.08.06,04:00:00,54610.000000,54661.000000,54576.000000,54633.000000,2005.0000
YM,2026.08.06,08:00:00,54633.000000,54678.000000,54544.000000,54582.000000,3604.0000
YM,2026.08.06,12:00:00,54583.000000,54660.000000,54094.000000,54121.000000,32602.0000
YM,2026.08.06,16:00:00,54125.000000,54172.000000,53964.000000,54019.000000,24090.0000
YM,2026.08.06,20:00:00,54019.000000,54041.000000,53952.000000,54000.000000,2551.0000
YM,2026.08.07,00:00:00,53999.000000,54004.000000,53884.000000,53899.000000,2488.0000
YM,2026.08.07,04:00:00,53900.000000,53999.000000,53879.000000,53953.000000,3209.0000
YM,2026.08.07,08:00:00,53956.000000,54096.000000,53936.000000,54053.000000,2872.0000
YM,2026.08.07,12:00:00,54051.000000,54202.000000,53909.000000,54060.000000,27108.0000
YM,2026.08.07,16:00:00,54060.000000,54188.000000,54000.000000,54146.000000,15751.0000
YM,2026.08.07,20:00:00,54145.000000,54162.000000,54107.000000,54152.000000,1570.0000
YM,2026.08.09,20:00:00,54050.000000,54056.000000,54002.000000,54007.000000,472.0000
YM,2026.08.10,00:00:00,54004.000000,54107.000000,54000.000000,54096.000000,1495.0000
YM,2026.08.10,04:00:00,54094.000000,54170.000000,54091.000000,54133.000000,1915.0000
YM,2026.08.10,08:00:00,54133.000000,54152.000000,54050.000000,54080.000000,2289.0000
YM,2026.08.10,12:00:00,54084.000000,54167.000000,53966.000000,54121.000000,24553.0000
YM,2026.08.10,16:00:00,54123.000000,54125.000000,53952.000000,54064.000000,16351.0000
YM,2026.08.10,20:00:00,54064.000000,54074.000000,53998.000000,54028.000000,1882.0000
YM,2026.08.11,00:00:00,54025.000000,54085.000000,54007.000000,54066.000000,1510.0000
YM,2026.08.11,04:00:00,54070.000000,54084.000000,53949.000000,54005.000000,2196.0000
YM,2026.08.11,08:00:00,54008.000000,54131.000000,53970.000000,54109.000000,3346.0000
YM,2026.08.11,12:00:00,54111.000000,54336.000000,54009.000000,54045.000000,25381.0000
YM,2026.08.11,16:00:00,54045.000000,54068.000000,53855.000000,53892.000000,13973.0000
YM,2026.08.11,20:00:00,53892.000000,53926.000000,53882.000000,53901.000000,1235.0000
YM,2026.08.12,00:00:00,53898.000000,53901.000000,53854.000000,53887.000000,1206.0000
YM,2026.08.12,04:00:00,53888.000000,53917.000000,53871.000000,53892.000000,1295.0000
YM,2026.08.12,08:00:00,53891.000000,53995.000000,53861.000000,53978.000000,4088.0000
YM,2026.08.12,12:00:00,53976.000000,54150.000000,53830.000000,53910.000000,24178.0000
YM,2026.08.12,16:00:00,53907.000000,53959.000000,53852.000000,53865.000000,11389.0000
YM,2026.08.12,20:00:00,53866.000000,53943.000000,53835.000000,53876.000000,2072.0000
YM,2026.08.13,00:00:00,53876.000000,53884.000000,53803.000000,53848.000000,2058.0000
YM,2026.08.13,04:00:00,53847.000000,53940.000000,53838.000000,53924.000000,1566.0000
YM,2026.08.13,08:00:00,53924.000000,54044.000000,53905.000000,54007.000000,2953.0000
YM,2026.08.13,12:00:00,54008.000000,54149.000000,53715.000000,53758.000000,29412.0000
YM,2026.08.13,16:00:00,53759.000000,53954.000000,53756.000000,53934.000000,12738.0000
YM,2026.08.13,20:00:00,53936.000000,53978.000000,53919.000000,53951.000000,1606.0000
YM,2026.08.14,00:00:00,53954.000000,53999.000000,53923.000000,53969.000000,1759.0000
YM,2026.08.14,04:00:00,53968.000000,53977.000000,53850.000000,53877.000000,1710.0000
YM,2026.08.14,08:00:00,53877.000000,53887.000000,53798.000000,53849.000000,2539.0000
YM,2026.08.14,12:00:00,53847.000000,53956.000000,53756.000000,53760.000000,21150.0000
YM,2026.08.14,16:00:00,53765.000000,53885.000000,53745.000000,53817.000000,14281.0000
YM,2026.08.14,20:00:00,53814.000000,53817.000000,53769.000000,53807.000000,1204.0000
YM,2026.08.16,20:00:00,53816.000000,53840.000000,53809.000000,53816.000000,431.0000
YM,2026.08.17,00:00:00,53815.000000,53828.000000,53719.000000,53743.000000,1316.0000
YM,2026.08.17,04:00:00,53748.000000,53789.000000,53727.000000,53765.000000,1828.0000
YM,2026.08.17,08:00:00,53768.000000,53807.000000,53680.000000,53692.000000,3471.0000
YM,2026.08.17,12:00:00,53693.000000,53719.000000,53551.000000,53584.000000,23925.0000
YM,2026.08.17,16:00:00,53585.000000,53691.000000,53464.000000,53542.000000,17267.0000
YM,2026.08.17,20:00:00,53541.000000,53550.000000,53488.000000,53533.000000,1515.0000
YM,2026.08.18,00:00:00,53532.000000,53558.000000,53480.000000,53485.000000,2713.0000
YM,2026.08.18,04:00:00,53480.000000,53527.000000,53393.000000,53395.000000,2964.0000
YM,2026.08.18,08:00:00,53398.000000,53594.000000,53382.000000,53494.000000,5985.0000
YM,2026.08.18,12:00:00,53490.000000,53541.000000,53311.000000,53407.000000,29404.0000
YM,2026.08.18,16:00:00,53405.000000,53480.000000,53383.000000,53406.000000,16354.0000
YM,2026.08.18,20:00:00,53407.000000,53420.000000,53388.000000,53404.000000,1478.0000
